registry_id,first_name,last_name,date_of_birth,sex,email,phone,postcode,nhs_number,ethnicity_code,registered_date,status
AN0000001,noah,thompson,1986-11-30,m,noah.thompson1@example.com,+44 7700 900854,m1  9bh,9998386373,Z99,2016-04-12,Deferred
AN0000002,chloe,fenton,1988-03-19,F,chloe.fenton2@example.com,+44 7700 900320,G12BH,9995940787,E08,2017-10-15,Active
AN0000003,sofia,mackenzie,1995-07-23,M,sofia.mackenzie3@example.com,07700900146,B15 5BE,9996475255,E11,2023-01-18,Active
AN0000004,ruth,reid,1995-08-01,m,ruth.reid4@example.com,07700900350,LS1 8HF,9998350301,E06,2023-08-31,Active
AN0000005,liam,whitfield,1992-12-08,M,liam.whitfield5@example.com,07700900505,l1  3fd,9998849691,E10,2022-05-12,Active
AN0000006,wei,wright,2002-06-24,M,wei.wright6@example.com,+44 7700 900263,CF102HH,9997848012,E04,2021-07-14,Deferred
AN0000007,sarah,mackenzie,2000-04-01,m,sarah.mackenzie7@example.com,(0161) 496 5315,NE1 3BF,9998932521,E14,2020-11-15,Suspended
AN0000008,meera,okafor,1993-11-02,M,meera.okafor8@example.com,+44 7700 900999,BS1 2BJ,9998227828,E04,2017-04-03,Suspended
AN0000009,tom,reid,1992-10-13,F,tom.reid9@example.com,+44 7700 900787,g1  8jb,9991509836,E02,2022-01-17,Active
AN0000010,ruth,kaur,1995-07-31,m,ruth.kaur10@example.com,(0161) 496 2160,NE14FJ,9992997370,E09,2016-08-29,Active
AN0000011,sarah,novak,1997-04-03,F,sarah.novak11@example.com,+44 7700 900846,sw1a2ah,9991333878,E13,2020-10-31,Active
AN0000012,george,grant,1999-03-12,M,george.grant12@example.com,+44 7700 900653,SW1A 2ED,9997360265,E14,2018-10-20,Active
AN0000013,kai,fenton,1999-06-02,f,kai.fenton13@example.com,07700900848,ne1  8de,9990980500,E15,2024-10-20,Suspended
AN0000014,ethan,reid,2001-11-20,M,ethan.reid14@example.com,(0161) 496 2122,BS12EH,9999399096,E16,2021-12-15,Active
AN0000015,kai,adeyemi,1989-11-13,M,kai.adeyemi15@example.com,+44 7700 900234,EH1 8GB,9999911838,E04,2018-04-16,Active
AN0000016,erin,byrne,1995-05-10,m,erin.byrne16@example.com,+44 7700 900656,EH1 9AF,9991241183,E13,2018-09-27,Active
AN0000017,grace,whitfield,2000-10-10,F,grace.whitfield17@example.com,07700900357,sw1a  2hf,9995242788,E09,2024-01-18,Suspended
AN0000018,sarah,byrne,2002-12-30,M,sarah.byrne18@example.com,(0161) 496 3426,CF103AF,9990533156,E09,2023-10-01,Suspended
AN0000019,kai,reid,1998-06-02,f,kai.reid19@example.com,+44 7700 900854,G1 7EF,9991607331,E01,2018-08-27,Active
AN0000020,hannah,fenton,1997-07-13,M,hannah.fenton20@example.com,+44 7700 900385,m15gh,9998501423,E04,2018-07-21,Active
AN0000021,grace,haddad,1990-06-15,F,grace.haddad21@example.com,07700900623,m1  7ef,9996088359,E09,2019-11-16,Active
AN0000022,grace,cohen,2004-01-12,f,grace.cohen22@example.com,07700900434,CF105DE,9996299465,E14,2023-06-10,Active
AN0000023,tom,haddad,1997-05-18,F,tom.haddad23@example.com,+44 7700 900791,b159jd,9994895133,E05,2024-10-23,Active
AN0000024,wei,okafor,1994-11-12,M,wei.okafor24@example.com,+44 7700 900744,BS1 4HJ,9992016329,E01,2016-07-08,Active
AN0000025,kai,abara,1992-03-10,f,kai.abara25@example.com,07700900672,bs1  6jh,9993487341,E01,2017-05-12,Active
AN0000026,fatima,adeyemi,1996-01-09,M,fatima.adeyemi26@example.com,+44 7700 900336,CF103EB,9995876035,E09,2019-10-07,Active
AN0000027,yusuf,lawson,1997-01-25,F,yusuf.lawson27@example.com,+44 7700 900460,EH1 7HE,9994670654,E10,2024-08-01,Withdrawn
AN0000028,hannah,grant,1989-09-12,m,hannah.grant28@example.com,(0161) 496 1444,M1 7DJ,9995646412,E12,2017-06-06,Active
AN0000029,zainab,ali,2004-03-30,M,zainab.ali29@example.com,(0161) 496 4266,sw1a  3ed,9991937455,E03,2023-04-16,Suspended
AN0000030,chloe,doyle,1995-09-12,M,chloe.doyle30@example.com,(0161) 496 7149,CF104BE,9994919059,E09,2017-11-01,Withdrawn
AN0000031,liam,wright,2000-04-04,f,liam.wright31@example.com,(0161) 496 2729,CF10 6JD,9998498775,E09,2023-04-06,Deferred
AN0000032,daniel,abara,1999-05-17,F,daniel.abara32@example.com,+44 7700 900575,BS1 7GA,9995273543,E06,2018-10-02,Active
AN0000033,sofia,okafor,2000-09-08,M,sofia.okafor33@example.com,07700900600,ne1  4jj,9990143633,E05,2021-10-17,Withdrawn
AN0000034,meera,rossi,1998-05-16,f,meera.rossi34@example.com,+44 7700 900564,EH15FE,9993518239,E07,2021-12-14,Withdrawn
AN0000035,george,khan,1996-03-25,M,george.khan35@example.com,(0161) 496 5853,B15 6DF,9998240085,E05,2022-08-11,Withdrawn
AN0000036,noah,abara,1999-04-25,M,noah.abara36@example.com,07700900580,L1 8GD,9994711679,E16,2024-06-10,Suspended
AN0000037,wei,chen,2000-03-16,m,wei.chen37@example.com,+44 7700 900882,cf10  4hj,9994964992,E15,2022-04-24,Suspended
AN0000038,chloe,whitfield,2001-08-28,M,chloe.whitfield38@example.com,+44 7700 900277,NE12DA,9999740340,E05,2023-01-06,Withdrawn
AN0000039,liam,novak,1996-05-09,F,liam.novak39@example.com,+44 7700 900330,LS1 5DB,9994994719,E01,2018-08-14,Withdrawn
AN0000040,ruth,robertson,1992-04-24,f,ruth.robertson40@example.com,+44 7700 900712,SW1A 7GF,9993990493,E15,2019-01-20,Deferred
AN0000041,meera,wright,1997-12-06,M,,(0161) 496 8141,l1  2jg,9995125676,E05,2023-04-22,Withdrawn
AN0000042,hannah,bianchi,2003-07-18,M,hannah.bianchi42@example.com,+44 7700 900431,M17AJ,9990348243,E01,2022-03-03,Withdrawn
AN0000043,sarah,okafor,1995-09-30,m,sarah.okafor43@example.com,+44 7700 900114,NE1 7BE,9991712747,E04,2023-01-24,Active
AN0000044,meera,ali,1994-12-07,F,meera.ali44@example.com,+44 7700 900713,ne13bf,9996584046,E05,2021-02-13,Deferred
AN0000045,yusuf,chen,1994-05-07,F,yusuf.chen45@example.com,+44 7700 900881,ne1  7jg,9993963607,E06,2021-01-03,Withdrawn
AN0000046,ruth,reid,1996-01-29,f,ruth.reid46@example.com,(0161) 496 3068,NE16BJ,9997026217,E12,2020-04-10,Deferred
AN0000047,daniel,bello,1999-09-02,F,,(0161) 496 9742,cf106ja,9993431613,E08,2023-10-08,Active
AN0000048,ruth,mackenzie,1997-11-17,M,ruth.mackenzie48@example.com,+44 7700 900483,CF10 3EH,9992221968,E02,2016-04-28,Active
AN0000049,fatima,grant,1983-10-24,f,fatima.grant49@example.com,07700900923,l1  5db,9995946475,E05,2023-02-25,Active
AN0000050,yusuf,patel,1995-09-03,F,yusuf.patel50@example.com,07700900816,EH11HF,9995339420,E08,2017-03-12,Withdrawn
AN0000051,isla,fenton,2002-02-21,F,isla.fenton51@example.com,07700900192,EH1 6HD,9998588421,E04,2020-12-10,Deferred
AN0000052,idris,mackenzie,2001-03-23,f,idris.mackenzie52@example.com,(0161) 496 3306,b157gb,9994965131,E12,2024-05-15,Active
AN0000053,kai,bello,1990-05-30,F,kai.bello53@example.com,(0161) 496 5951,cf10  2da,9994711385,E13,2018-06-25,Active
AN0000054,zainab,novak,1994-08-05,F,zainab.novak54@example.com,07700900844,ls17bj,9994053779,E02,2024-05-01,Deferred
AN0000055,sarah,novak,1980-09-07,m,sarah.novak55@example.com,+44 7700 900294,m18be,9999005322,E07,2020-02-13,Active
AN0000056,hassan,whitfield,1995-06-03,M,hassan.whitfield56@example.com,+44 7700 900248,LS1 9FD,9990205396,E06,2018-08-12,Active
AN0000057,george,sharma,1987-11-07,M,george.sharma57@example.com,07700900587,l1  6bj,9999084702,E15,2017-06-03,Active
AN0000058,nadia,novak,1991-08-09,m,nadia.novak58@example.com,(0161) 496 6277,BS13BD,9999856985,E05,2017-03-18,Active
AN0000059,sarah,fenton,2004-02-09,M,sarah.fenton59@example.com,+44 7700 900333,CF10 6JH,9991565450,E13,2023-11-14,Withdrawn
AN0000060,liam,byrne,1997-05-12,M,liam.byrne60@example.com,07700900481,ls19ag,9994519832,E13,2016-12-15,Withdrawn
AN0000061,fatima,abara,1993-06-13,f,fatima.abara61@example.com,+44 7700 900385,bs14ha,9994024450,E11,2017-03-19,Active
AN0000062,yusuf,chen,1993-10-21,M,yusuf.chen62@example.com,+44 7700 900748,SW1A2EH,9999102298,E15,2022-05-08,Withdrawn
AN0000063,george,grant,1998-10-04,F,george.grant63@example.com,+44 7700 900320,NE1 2GH,9999784038,E10,2023-06-04,Suspended
AN0000064,james,whitfield,1998-03-14,f,james.whitfield64@example.com,+44 7700 900222,SW1A 8HD,9998388511,E10,2019-05-19,Deferred
AN0000065,nadia,okafor,2001-09-23,F,nadia.okafor65@example.com,07700900826,cf10  5bh,9995297515,E09,2021-02-26,Deferred
AN0000066,fatima,haddad,1997-11-19,M,fatima.haddad66@example.com,+44 7700 900417,G14GD,9992312432,E03,2022-08-09,Suspended
AN0000067,chloe,bianchi,2004-02-11,f,chloe.bianchi67@example.com,+44 7700 900677,BS1 8GG,9991774491,E15,2023-05-08,Active
AN0000068,isla,grant,2002-12-31,F,isla.grant68@example.com,(0161) 496 2257,M1 9HJ,9997820711,E06,2021-01-25,Withdrawn
AN0000069,ethan,kaur,1999-08-07,F,ethan.kaur69@example.com,(0161) 496 9586,ne1  3gg,9996659054,E16,2017-12-07,Active
AN0000070,sofia,novak,1997-12-29,m,sofia.novak70@example.com,+44 7700 900696,LS16FH,9991486526,E16,2020-05-02,Withdrawn
AN0000071,ethan,iqbal,1992-10-13,M,ethan.iqbal71@example.com,(0161) 496 6598,L1 4ED,9994188801,E06,2016-03-15,Deferred
AN0000072,grace,robertson,1997-06-27,M,,07700900144,cf106ej,9997383478,E07,2017-09-23,Active
AN0000073,oliver,bianchi,1994-06-21,f,oliver.bianchi73@example.com,(0161) 496 4271,bs13fa,9995818140,E16,2019-02-28,Deferred
AN0000074,george,grant,2001-02-26,M,,(0161) 496 4637,L16AH,9998536154,E02,2021-10-03,Active
AN0000075,kai,thompson,1995-07-25,M,kai.thompson75@example.com,+44 7700 900393,l13jj,9991043284,E09,2024-01-06,Active
AN0000076,fatima,mackenzie,1999-01-16,f,fatima.mackenzie76@example.com,07700900737,L1 2BJ,9990893241,E09,2017-05-14,Active
AN0000077,fatima,osman,2000-07-25,F,fatima.osman77@example.com,+44 7700 900638,ne1  9ah,9990654050,E16,2020-09-02,Active
AN0000078,omar,novak,2003-03-30,F,omar.novak78@example.com,+44 7700 900460,NE16DJ,9997221702,E05,2023-01-17,Active
AN0000079,idris,whitfield,1993-01-18,f,idris.whitfield79@example.com,(0161) 496 9897,L1 5AE,9990541566,E10,2016-06-20,Withdrawn
AN0000080,erin,robertson,1999-02-12,F,erin.robertson80@example.com,+44 7700 900916,NE1 5BH,9999284515,E16,2019-10-20,Active
AN0000081,isla,grant,1993-03-06,M,isla.grant81@example.com,07700900459,l1  1gh,9990165823,E14,2022-10-04,Active
AN0000082,priya,chen,1995-04-03,f,priya.chen82@example.com,+44 7700 900680,SW1A3JG,9991928561,E06,2016-10-02,Withdrawn
AN0000083,fatima,thompson,1987-01-18,F,fatima.thompson83@example.com,07700900675,M1 5FJ,9999473121,E16,2016-04-16,Active
AN0000084,erin,murray,2001-07-22,F,erin.murray84@example.com,07700900663,ne15fd,9992583134,E13,2020-12-28,Active
AN0000085,james,iqbal,1994-09-18,f,james.iqbal85@example.com,(0161) 496 3126,bs1  2bf,9997866916,E13,2022-03-19,Active
AN0000086,oliver,grant,1997-02-27,M,oliver.grant86@example.com,(0161) 496 3981,LS17AB,9994225359,E05,2023-08-17,Deferred
AN0000087,george,whitfield,1996-10-02,M,george.whitfield87@example.com,07700900729,NE1 2DD,9999959008,E16,2023-02-14,Active
AN0000088,noah,whitfield,1997-01-12,m,noah.whitfield88@example.com,+44 7700 900742,NE1 5FJ,9996471020,E01,2024-08-07,Active
AN0000089,oliver,whitfield,1992-08-18,F,oliver.whitfield89@example.com,(0161) 496 6231,g1  7dg,9991537147,E01,2019-10-25,Active
AN0000090,sarah,sharma,1994-09-06,M,sarah.sharma90@example.com,(0161) 496 3616,G16ED,9998774705,E16,2019-04-03,Active
AN0000091,fatima,whitfield,1999-06-28,m,fatima.whitfield91@example.com,+44 7700 900711,L1 5AB,9994565060,E15,2022-07-17,Suspended
AN0000092,zainab,rossi,1999-09-16,F,zainab.rossi92@example.com,07700900386,BS1 2DB,9992578726,E13,2019-03-28,Active
AN0000093,amara,robertson,1993-07-06,F,amara.robertson93@example.com,07700900621,ne1  8fj,9995516942,E14,2022-11-30,Suspended
AN0000094,george,kaur,1996-12-26,m,george.kaur94@example.com,07700900697,L13HD,9993091308,E01,2024-10-11,Active
AN0000095,wei,haddad,2002-03-07,F,wei.haddad95@example.com,(0161) 496 2020,LS1 9EG,9997865278,E06,2023-09-29,Suspended
AN0000096,leila,bianchi,1995-09-24,F,leila.bianchi96@example.com,+44 7700 900352,EH1 9FE,9994437577,E11,2024-01-31,Suspended
AN0000097,isla,thompson,1993-09-07,f,isla.thompson97@example.com,(0161) 496 7464,g1  3fa,9991574735,E07,2022-06-06,Deferred
AN0000098,kai,rossi,2001-08-17,M,kai.rossi98@example.com,07700900700,b154ae,9990165718,E13,2023-10-22,Active
AN0000099,nadia,kaur,1996-01-26,F,nadia.kaur99@example.com,+44 7700 900761,SW1A 2EA,9992620676,E03,2021-05-02,Withdrawn
AN0000100,erin,sharma,1993-04-27,m,erin.sharma100@example.com,(0161) 496 6489,EH1 8JD,9997431529,E01,2016-02-07,Withdrawn
AN0000101,ruth,nwosu,1986-09-14,F,ruth.nwosu101@example.com,07700900875,b15  3hh,9991612270,Z99,2016-02-27,Active
AN0000102,george,robertson,1993-04-13,F,george.robertson102@example.com,+44 7700 900840,bs11fg,9990174261,E05,2018-08-22,Withdrawn
AN0000103,noah,reid,1996-01-05,m,noah.reid103@example.com,(0161) 496 8834,ls18gh,9997833910,E01,2019-04-23,Suspended
AN0000104,liam,reid,2003-04-02,M,liam.reid104@example.com,07700900253,ls16jb,9999718701,E01,2022-04-29,Active
AN0000105,oliver,osman,1990-01-06,F,oliver.osman105@example.com,07700900505,eh1  1eb,9995180170,E15,2016-08-24,Active
AN0000106,amara,bianchi,1988-12-11,f,amara.bianchi106@example.com,(0161) 496 7266,l17hb,9998251281,E10,2017-07-08,Suspended
AN0000107,omar,ali,1997-08-19,F,omar.ali107@example.com,07700900657,CF10 9HE,9995243105,E09,2016-01-15,Suspended
AN0000108,fatima,whitfield,1997-09-19,F,fatima.whitfield108@example.com,07700900820,SW1A 4AH,9998302846,E02,2016-10-02,Deferred
AN0000109,hassan,bello,1996-03-25,m,hassan.bello109@example.com,+44 7700 900246,ne1  4hf,9998926874,E15,2024-08-30,Active
AN0000110,idris,wright,1990-01-03,F,idris.wright110@example.com,+44 7700 900485,LS19JE,9994270869,E09,2019-07-29,Suspended
AN0000111,callum,ali,1997-05-29,M,callum.ali111@example.com,(0161) 496 7079,M1 9EA,9999901395,E07,2018-11-10,Active
AN0000112,yusuf,reid,1997-09-22,m,,(0161) 496 2922,L1 4EH,9998546788,E11,2019-09-25,Active
AN0000113,zainab,wright,1996-06-14,F,zainab.wright113@example.com,07700900427,b15  6gh,9993204897,E09,2021-07-29,Active
AN0000114,tom,cohen,1993-10-18,M,tom.cohen114@example.com,+44 7700 900770,G15JJ,9995228726,E15,2018-07-31,Suspended
AN0000115,hannah,abara,1988-10-13,m,hannah.abara115@example.com,+44 7700 900962,B15 2DA,9997509978,E12,2016-10-31,Active
AN0000116,sofia,rossi,2002-08-07,F,sofia.rossi116@example.com,07700900393,SW1A 9HD,9991823395,E04,2020-08-11,Deferred
AN0000117,george,fenton,2000-12-08,F,george.fenton117@example.com,+44 7700 900349,b15  5ba,9996687007,E03,2020-06-13,Active
AN0000118,yusuf,haddad,1999-06-15,m,yusuf.haddad118@example.com,(0161) 496 1697,B154JF,9991489029,E06,2023-03-26,Active
AN0000119,hassan,chen,1994-11-24,M,hassan.chen119@example.com,+44 7700 900677,b157gh,9992185015,E09,2024-06-08,Active
AN0000120,daniel,bello,1997-01-30,F,daniel.bello120@example.com,+44 7700 900379,L1 8EG,9996629619,E05,2024-08-15,Deferred
AN0000121,ruth,byrne,1994-09-20,f,ruth.byrne121@example.com,07700900749,ls1  7gg,9990475415,E13,2016-12-02,Active
AN0000122,nadia,grant,1995-07-18,F,nadia.grant122@example.com,+44 7700 900191,G19BG,9990466181,E02,2022-03-31,Suspended
AN0000123,leila,robertson,1997-07-15,F,leila.robertson123@example.com,+44 7700 900249,M1 3HF,9997154371,E07,2017-11-25,Active
AN0000124,wei,mackenzie,1991-08-16,f,wei.mackenzie124@example.com,(0161) 496 6399,L1 6HD,9995479354,E10,2016-01-28,Active
AN0000125,zainab,thompson,2000-07-27,M,zainab.thompson125@example.com,07700900663,sw1a8ej,9991672435,E04,2022-04-28,Withdrawn
AN0000126,ruth,haddad,2000-10-05,F,ruth.haddad126@example.com,(0161) 496 8851,bs17ha,9995891131,E11,2024-11-06,Active
AN0000127,hassan,kaur,1995-01-20,f,hassan.kaur127@example.com,(0161) 496 8052,M1 1BF,9998899370,E11,2023-08-06,Active
AN0000128,chloe,novak,1992-11-30,M,chloe.novak128@example.com,+44 7700 900125,L1 2FH,9991125450,E01,2022-08-07,Deferred
AN0000129,ethan,patel,1994-10-14,F,ethan.patel129@example.com,07700900563,g1  2fa,9991051236,E03,2019-11-27,Suspended
AN0000130,daniel,rossi,1995-06-22,f,daniel.rossi130@example.com,07700900290,CF107AE,9996603342,E16,2020-10-12,Suspended
AN0000131,idris,abara,2001-07-09,F,idris.abara131@example.com,+44 7700 900216,eh18gh,9999155790,E03,2022-01-08,Deferred
AN0000132,kai,bello,2003-06-11,F,kai.bello132@example.com,+44 7700 900412,M1 3GD,9996929663,E03,2022-08-14,Active
AN0000133,sofia,nwosu,1999-04-23,m,sofia.nwosu133@example.com,+44 7700 900561,bs1  1ga,9993688762,E12,2021-06-28,Active
AN0000134,meera,nwosu,1989-11-25,M,meera.nwosu134@example.com,+44 7700 900381,b159fd,9991485805,E01,2016-12-04,Suspended
AN0000135,nadia,thompson,1995-12-04,F,nadia.thompson135@example.com,(0161) 496 1528,L1 5GB,9991339590,E09,2024-04-02,Active
AN0000136,idris,whitfield,1999-07-14,f,idris.whitfield136@example.com,07700900711,NE1 3GF,9994812602,E04,2018-04-27,Deferred
AN0000137,ruth,abara,1996-04-18,F,ruth.abara137@example.com,(0161) 496 7434,l1  3fh,9991168451,E01,2017-06-27,Active
AN0000138,hassan,okafor,1995-07-27,F,hassan.okafor138@example.com,07700900814,G12HE,9993745457,E13,2024-09-05,Suspended
AN0000139,idris,cohen,2005-08-07,m,idris.cohen139@example.com,07700900956,L1 1BD,9990632421,E04,2023-08-27,Active
AN0000140,george,byrne,1991-12-16,M,george.byrne140@example.com,+44 7700 900412,B15 7BB,9997129385,E01,2020-03-03,Active
AN0000141,ruth,cohen,1993-03-07,F,ruth.cohen141@example.com,+44 7700 900492,m1  2bg,9994262211,E14,2017-05-08,Suspended
AN0000142,oliver,iqbal,2002-11-26,f,oliver.iqbal142@example.com,07700900553,b152bd,9999656528,E02,2024-02-07,Active
AN0000143,fatima,rossi,1995-05-11,M,fatima.rossi143@example.com,(0161) 496 5942,B15 9EH,9990376131,E12,2022-09-27,Withdrawn
AN0000144,ethan,lawson,1992-09-14,M,ethan.lawson144@example.com,+44 7700 900959,bs17gd,9991091041,E07,2016-02-19,Active
AN0000145,idris,robertson,1998-12-29,f,idris.robertson145@example.com,+44 7700 900511,m1  9df,9991832858,E10,2021-09-06,Suspended
AN0000146,isla,murray,1991-08-03,M,isla.murray146@example.com,+44 7700 900544,m18af,9992102020,E12,2020-11-26,Active
AN0000147,amara,iqbal,1988-01-24,M,amara.iqbal147@example.com,07700900130,G1 7FB,9999177859,E15,2017-06-03,Active
AN0000148,zainab,nwosu,1999-01-25,m,zainab.nwosu148@example.com,+44 7700 900621,SW1A 1AE,9995622084,E09,2018-11-10,Active
AN0000149,fatima,haddad,2000-09-17,M,fatima.haddad149@example.com,07700900222,ne1  1de,9990617449,E06,2024-01-29,Active
AN0000150,james,iqbal,1995-06-22,F,james.iqbal150@example.com,07700900348,l16je,9998320607,E02,2018-04-01,Suspended
AN0000151,noah,doyle,2005-04-26,m,noah.doyle151@example.com,07700900485,EH1 2EE,9990241031,E09,2023-10-11,Withdrawn
AN0000152,oliver,khan,1989-11-01,M,oliver.khan152@example.com,07700900503,M1 1HD,9994565575,E04,2016-12-13,Active
AN0000153,tom,chen,1997-08-11,M,tom.chen153@example.com,+44 7700 900560,l1  6hb,9993747416,E16,2024-09-29,Active
AN0000154,hannah,murray,1996-10-10,m,hannah.murray154@example.com,(0161) 496 6370,LS12EG,9990442061,E01,2023-10-25,Suspended
AN0000155,sarah,grant,1996-12-25,M,sarah.grant155@example.com,+44 7700 900899,B15 3EH,9991994106,E16,2017-02-21,Active
AN0000156,idris,chen,1993-11-15,M,idris.chen156@example.com,(0161) 496 1829,LS1 7HJ,9996253244,E04,2017-01-11,Active
AN0000157,priya,bello,1995-08-14,f,priya.bello157@example.com,+44 7700 900663,l1  1bf,9996383806,E10,2022-12-11,Deferred
AN0000158,meera,rossi,1999-04-18,F,,+44 7700 900284,SW1A6EA,9994078593,E02,2024-10-05,Active
AN0000159,fatima,novak,1995-12-20,M,fatima.novak159@example.com,07700900324,BS1 7GD,9999559050,E13,2018-09-14,Suspended
AN0000160,hannah,fenton,1995-02-07,m,hannah.fenton160@example.com,+44 7700 900192,SW1A 4EA,9990593256,E03,2021-07-09,Deferred
AN0000161,priya,okafor,1990-06-23,M,priya.okafor161@example.com,(0161) 496 6978,m1  6hb,9995226758,E03,2017-08-28,Withdrawn
AN0000162,fatima,novak,2002-02-01,F,fatima.novak162@example.com,07700900401,LS13AH,9999029590,E02,2022-08-09,Withdrawn
AN0000163,kai,patel,1994-06-26,m,kai.patel163@example.com,+44 7700 900427,LS1 2GJ,9993315419,E14,2017-07-30,Active
AN0000164,oliver,khan,2000-02-20,F,oliver.khan164@example.com,(0161) 496 6754,ne17bj,9999327109,E05,2020-09-14,Active
AN0000165,george,thompson,1993-08-09,F,george.thompson165@example.com,+44 7700 900176,ne12gj,9996296202,E08,2016-10-30,Active
AN0000166,tom,haddad,1997-01-28,f,tom.haddad166@example.com,07700900404,B152AH,9997205065,E16,2023-10-26,Active
AN0000167,tom,thompson,1995-01-23,F,tom.thompson167@example.com,(0161) 496 8758,M1 5HJ,9994186256,E10,2016-04-15,Active
AN0000168,oliver,sharma,1993-04-25,F,oliver.sharma168@example.com,+44 7700 900375,BS1 1DB,999586938,E15,2018-12-14,Deferred
AN0000169,hannah,wright,1994-01-16,m,hannah.wright169@example.com,+44 7700 900180,cf10  1db,9997223322,E15,2020-09-10,Active
AN0000170,leila,haddad,1990-01-28,F,leila.haddad170@example.com,+44 7700 900844,M12HH,9994870998,E09,2018-04-07,Active
AN0000171,wei,chen,1994-07-21,M,wei.chen171@example.com,(0161) 496 2654,EH1 9GH,9997997026,E04,2022-05-09,Active
AN0000172,grace,bello,1994-02-02,m,grace.bello172@example.com,+44 7700 900439,B15 1JF,9990544476,E08,2023-08-20,Deferred
AN0000173,wei,mackenzie,1998-11-27,F,wei.mackenzie173@example.com,07700900719,m1  4je,9996785084,E03,2024-05-04,Active
AN0000174,ruth,wright,1999-10-20,M,ruth.wright174@example.com,+44 7700 900996,B151EA,9995345781,E10,2020-07-10,Withdrawn
AN0000175,leila,okafor,1995-01-15,f,leila.okafor175@example.com,+44 7700 900991,L1 9GG,9994140604,E03,2018-09-17,Deferred
AN0000176,yusuf,ali,2001-12-25,F,yusuf.ali176@example.com,07700900625,sw1a1jd,9999034942,E04,2023-04-05,Active
AN0000177,yusuf,iqbal,1998-11-09,F,yusuf.iqbal177@example.com,+44 7700 900633,bs1  7ba,9995899442,E08,2021-02-23,Active
AN0000178,daniel,adeyemi,1999-10-23,f,daniel.adeyemi178@example.com,07700900767,EH14DE,9999652077,E05,2023-03-08,Active
AN0000179,callum,robertson,2005-06-15,M,callum.robertson179@example.com,+44 7700 900830,B15 9JG,9992824174,E13,2024-04-05,Withdrawn
AN0000180,omar,fenton,2001-10-23,M,omar.fenton180@example.com,+44 7700 900328,EH1 7GG,9999917380,E08,2022-04-08,Deferred
AN0000181,ethan,mackenzie,2002-06-07,m,ethan.mackenzie181@example.com,(0161) 496 6614,cf10  8dg,9992175257,E15,2020-08-19,Active
AN0000182,george,whitfield,2003-09-27,M,george.whitfield182@example.com,+44 7700 900881,M13HH,9997600835,E11,2024-07-14,Active
AN0000183,chloe,doyle,2000-12-10,M,chloe.doyle183@example.com,07700900354,B15 6FD,9998942101,E05,2021-12-15,Active
AN0000184,omar,wright,1996-03-25,f,omar.wright184@example.com,(0161) 496 3192,G1 8GE,9996033236,E14,2022-09-08,Suspended
AN0000185,sarah,iqbal,1995-12-09,F,,(0161) 496 5190,ne11ab,9990016763,E08,2023-12-22,Suspended
AN0000186,meera,murray,1996-09-19,F,meera.murray186@example.com,+44 7700 900203,NE15DH,9991891412,E08,2017-09-19,Active
AN0000187,grace,whitfield,2002-01-02,m,grace.whitfield187@example.com,+44 7700 900519,EH1 3AJ,9997530012,E08,2024-09-21,Deferred
AN0000188,wei,byrne,1998-08-26,M,wei.byrne188@example.com,(0161) 496 4787,L1 5FJ,9992045566,E08,2024-09-27,Active
AN0000189,james,abara,1989-04-30,F,james.abara189@example.com,+44 7700 900548,bs1  5bg,9992166746,E10,2017-07-20,Withdrawn
AN0000190,idris,haddad,2003-02-17,m,idris.haddad190@example.com,07700900160,LS12HJ,9997296591,E14,2023-04-11,Deferred
AN0000191,meera,reid,2001-11-28,F,meera.reid191@example.com,+44 7700 900367,G1 1EG,9999163750,E10,2021-06-22,Active
AN0000192,james,kaur,1991-02-12,F,james.kaur192@example.com,(0161) 496 2226,L1 6EG,9990838666,E02,2017-10-04,Active
AN0000193,oliver,fenton,1997-04-26,f,,+44 7700 900221,l1  1bh,9998801990,E05,2022-06-05,Suspended
AN0000194,noah,novak,1997-08-14,M,noah.novak194@example.com,(0161) 496 8445,g19jg,9991130551,E05,2021-02-11,Suspended
AN0000195,ruth,thompson,1995-11-01,M,ruth.thompson195@example.com,(0161) 496 7704,M1 5EE,9996373517,E09,2016-07-06,Active
AN0000196,chloe,lawson,1995-05-12,m,chloe.lawson196@example.com,(0161) 496 1071,NE1 1HJ,9992922168,E06,2021-01-19,Suspended
AN0000197,nadia,bello,2002-05-24,F,nadia.bello197@example.com,(0161) 496 5819,l13dh,9998485835,E07,2023-10-07,Active
AN0000198,leila,iqbal,2003-04-21,F,leila.iqbal198@example.com,07700900879,g19jh,9998460816,E14,2023-07-17,Active
AN0000199,priya,novak,1995-04-10,m,priya.novak199@example.com,(0161) 496 5105,ls11fe,9990571988,E02,2016-08-19,Withdrawn
AN0000200,fatima,wright,1995-05-30,M,fatima.wright200@example.com,(0161) 496 7349,cf106aa,9993973599,E07,2024-10-17,Deferred
AN0000201,isla,grant,1989-11-25,M,isla.grant201@example.com,(0161) 496 9418,m1  7ah,9994229400,Z99,2017-12-27,Active
AN0000202,priya,chen,1992-07-24,f,priya.chen202@example.com,+44 7700 900686,NE16BG,9992818263,E10,2019-08-14,Active
AN0000203,fatima,lawson,1989-12-11,F,fatima.lawson203@example.com,+44 7700 900323,BS1 9JA,9995739933,E15,2018-05-23,Withdrawn
AN0000204,callum,reid,2005-05-26,F,callum.reid204@example.com,07700900389,SW1A 9GJ,9994358111,E03,2024-12-05,Deferred
AN0000205,noah,byrne,1990-01-30,f,noah.byrne205@example.com,(0161) 496 4368,ne1  7bd,9995011026,E04,2018-05-13,Suspended
AN0000206,hassan,doyle,1995-12-30,F,hassan.doyle206@example.com,+44 7700 900514,cf106ah,9991581448,E16,2018-07-21,Active
AN0000207,callum,robertson,2004-10-03,M,callum.robertson207@example.com,07700900239,CF10 9FD,9995088215,E15,2023-05-30,Active
AN0000208,sofia,rossi,1994-09-03,f,sofia.rossi208@example.com,+44 7700 900761,NE1 3DD,9994312901,E01,2016-12-14,Withdrawn
AN0000209,isla,novak,1994-08-18,M,isla.novak209@example.com,07700900598,g1  6de,9999135773,E06,2016-10-02,Suspended
AN0000210,ruth,osman,1989-12-06,F,ruth.osman210@example.com,(0161) 496 8017,ls11ge,9996452573,E01,2017-09-16,Active
AN0000211,chloe,mackenzie,1995-04-29,m,chloe.mackenzie211@example.com,07700900183,eh13ef,9991108092,E10,2021-06-17,Deferred
AN0000212,kai,sharma,1999-06-09,F,kai.sharma212@example.com,07700900252,G1 7EF,9998816580,E14,2022-03-09,Withdrawn
AN0000213,yusuf,fenton,1994-09-03,M,yusuf.fenton213@example.com,+44 7700 900283,bs1  3jg,9997314530,E15,2022-11-20,Withdrawn
AN0000214,ethan,reid,2001-05-06,f,ethan.reid214@example.com,(0161) 496 1760,SW1A6BF,9996591840,E10,2024-11-15,Active
AN0000215,zainab,doyle,1994-03-18,M,zainab.doyle215@example.com,07700900242,L1 3EB,9994322257,E08,2019-11-14,Withdrawn
AN0000216,nadia,fenton,1990-07-24,F,nadia.fenton216@example.com,07700900590,B15 3HA,9990920249,E03,2019-09-14,Suspended
AN0000217,grace,osman,2004-10-05,,grace.osman217@example.com,+44 7700 900721,l1  8de,9999292984,E04,2023-02-24,Active
AN0000218,kai,grant,1995-08-11,M,kai.grant218@example.com,+44 7700 900235,M11EH,9999127991,E15,2022-09-09,Deferred
AN0000219,liam,patel,2002-08-25,M,liam.patel219@example.com,(0161) 496 8069,ne17ga,9996376591,E08,2023-05-24,Active
AN0000220,george,patel,2003-06-26,f,george.patel220@example.com,07700900656,cf105ea,9990981809,E10,2024-08-02,Withdrawn
AN0000221,ruth,fenton,1995-01-18,M,ruth.fenton221@example.com,+44 7700 900767,bs1  5fh,9999463681,E12,2019-07-17,Active
AN0000222,sofia,rossi,1999-01-03,F,sofia.rossi222@example.com,07700900507,ls12ej,9992138653,E15,2021-06-04,Active
AN0000223,noah,okafor,2005-10-29,f,noah.okafor223@example.com,(0161) 496 8133,M1 2FE,9999066984,E05,2025-01-07,Withdrawn
AN0000224,chloe,doyle,1989-04-15,F,chloe.doyle224@example.com,+44 7700 900970,ne15ea,9998839203,E11,2017-12-18,Active
AN0000225,amara,byrne,1994-08-13,F,amara.byrne225@example.com,+44 7700 900305,ne1  1bb,9998955432,E07,2019-02-04,Active
AN0000226,hassan,okafor,1998-05-15,m,hassan.okafor226@example.com,07700900615,EH16BF,9993577901,E12,2018-12-05,Active
AN0000227,liam,robertson,2001-10-18,F,liam.robertson227@example.com,+44 7700 900461,NE1 9AF,9991651829,E12,2023-02-08,Active
AN0000228,tom,lawson,2000-03-10,M,tom.lawson228@example.com,+44 7700 900304,B15 4FE,9993952117,E16,2022-06-07,Withdrawn
AN0000229,grace,okafor,1998-07-12,f,grace.okafor229@example.com,+44 7700 900422,l1  5jd,9998463920,E15,2024-07-27,Suspended
AN0000230,meera,rossi,1989-11-23,F,meera.rossi230@example.com,(0161) 496 3863,l12jg,9990369151,E11,2016-05-13,Suspended
AN0000231,amara,rossi,1997-08-01,F,amara.rossi231@example.com,(0161) 496 6621,G1 3JH,9995564726,E13,2018-12-12,Suspended
AN0000232,hannah,thompson,2001-10-07,f,hannah.thompson232@example.com,(0161) 496 4212,LS1 3JA,9997288572,E05,2024-01-31,Active
AN0000233,callum,thompson,2003-09-03,M,callum.thompson233@example.com,(0161) 496 8807,m1  8gf,9998845068,E08,2023-09-29,Active
AN0000234,hassan,osman,1994-07-20,M,hassan.osman234@example.com,(0161) 496 5663,G16JJ,9995699613,E16,2023-04-15,Active
AN0000235,fatima,cohen,1991-02-28,f,fatima.cohen235@example.com,07700900504,EH1 8GJ,9992023414,E07,2019-07-21,Active
AN0000236,sarah,thompson,1990-12-18,M,sarah.thompson236@example.com,+44 7700 900506,ne12bf,9991643346,E01,2016-09-18,Withdrawn
AN0000237,wei,wright,1999-11-16,F,wei.wright237@example.com,(0161) 496 6328,l1  8fj,9998299799,E09,2017-11-29,Suspended
AN0000238,kai,iqbal,1995-02-05,m,kai.iqbal238@example.com,+44 7700 900474,CF105DF,9998254787,E14,2021-05-26,Withdrawn
AN0000239,chloe,patel,2000-10-07,F,chloe.patel239@example.com,07700900915,SW1A 9GE,9998663261,E10,2019-05-12,Active
AN0000240,liam,haddad,2001-04-20,F,liam.haddad240@example.com,+44 7700 900860,NE1 5HE,9992241799,E01,2023-01-05,Active
AN0000241,tom,cohen,1996-02-28,m,tom.cohen241@example.com,+44 7700 900204,eh15dj,9993120731,E06,2016-03-20,Active
AN0000242,idris,fenton,1997-12-14,,idris.fenton242@example.com,+44 7700 900963,LS11FH,9991367306,E07,2021-08-03,Active
AN0000243,ethan,novak,1992-10-21,F,ethan.novak243@example.com,(0161) 496 3598,SW1A 9BF,9994350315,E02,2018-05-03,Withdrawn
AN0000244,daniel,okafor,1995-01-26,m,daniel.okafor244@example.com,+44 7700 900348,SW1A 1JD,9991327193,E06,2017-11-16,Deferred
AN0000245,priya,iqbal,2002-06-28,M,priya.iqbal245@example.com,+44 7700 900338,g19gj,9990652406,E12,2023-03-25,Withdrawn
AN0000246,sofia,mackenzie,1992-06-02,M,sofia.mackenzie246@example.com,07700900656,G16JF,9999821820,E01,2022-02-01,Active
AN0000247,sofia,iqbal,2002-05-23,f,sofia.iqbal247@example.com,07700900119,bs16eg,9992945656,E08,2021-02-02,Active
AN0000248,priya,doyle,1997-06-03,M,priya.doyle248@example.com,+44 7700 900296,M1 1HJ,9999405398,E16,2017-06-15,Active
AN0000249,noah,patel,1991-10-29,F,noah.patel249@example.com,07700900525,g11fa,9994138111,E02,2016-11-23,Suspended
AN0000250,tom,whitfield,1993-07-27,m,tom.whitfield250@example.com,07700900671,cf102gj,9996122867,E06,2021-11-25,Withdrawn
AN0000251,sofia,bello,1997-07-16,F,sofia.bello251@example.com,(0161) 496 7755,CF10 6EE,9998457769,E14,2020-12-19,Withdrawn
AN0000252,isla,bello,1990-01-03,F,isla.bello252@example.com,+44 7700 900327,B15 6AF,9998899214,E15,2016-03-07,Active
AN0000253,wei,chen,1995-03-03,m,wei.chen253@example.com,+44 7700 900930,eh12he,9995727919,E05,2018-12-21,Active
AN0000254,liam,bianchi,1993-02-25,F,liam.bianchi254@example.com,+44 7700 900988,M14AH,9998058929,E06,2016-08-17,Suspended
AN0000255,wei,sharma,1994-01-08,F,wei.sharma255@example.com,07700900689,NE1 2EH,9996225178,E15,2023-07-22,Suspended
AN0000256,george,byrne,1993-11-16,m,george.byrne256@example.com,07700900592,ne14jh,9993898333,E16,2020-06-20,Active
AN0000257,daniel,novak,2003-04-25,F,daniel.novak257@example.com,+44 7700 900456,b156ga,9992597925,E01,2022-06-17,Active
AN0000258,tom,novak,2000-02-01,M,tom.novak258@example.com,07700900348,BS13FA,9991477055,E07,2020-03-11,Withdrawn
AN0000259,tom,rossi,1999-02-11,f,tom.rossi259@example.com,07700900244,SW1A 7AF,9990164517,E14,2021-11-13,Active
AN0000260,fatima,robertson,1992-07-31,F,fatima.robertson260@example.com,+44 7700 900711,NE1 2DE,9997800389,E05,2021-09-13,Active
AN0000261,callum,khan,1999-04-15,F,callum.khan261@example.com,+44 7700 900409,b159fa,9996084329,E06,2017-10-05,Active
AN0000262,liam,khan,1993-12-25,f,liam.khan262@example.com,+44 7700 900256,CF105GJ,9993298328,E05,2020-04-14,Withdrawn
AN0000263,nadia,reid,2003-11-09,M,nadia.reid263@example.com,+44 7700 900670,NE1 2DG,9992056649,E01,2024-08-20,Withdrawn
AN0000264,wei,bianchi,1998-12-07,M,wei.bianchi264@example.com,+44 7700 900726,BS1 5EE,9990517282,E12,2018-02-08,Withdrawn
AN0000265,amara,abara,1994-09-12,m,amara.abara265@example.com,+44 7700 900331,sw1a  7af,9993331279,E12,2020-05-06,Withdrawn
AN0000266,yusuf,grant,1994-03-19,M,yusuf.grant266@example.com,07700900944,CF106HA,9996086801,E07,2018-10-07,Active
AN0000267,callum,lawson,1996-10-12,M,callum.lawson267@example.com,+44 7700 900727,SW1A 9DJ,9997181298,E13,2019-06-01,Active
AN0000268,daniel,grant,1995-08-28,m,daniel.grant268@example.com,(0161) 496 2477,EH1 6DB,9997518683,E03,2016-04-12,Active
AN0000269,priya,bianchi,1994-02-19,M,priya.bianchi269@example.com,+44 7700 900248,ls1  1hf,9990940770,E12,2017-11-30,Suspended
AN0000270,grace,lawson,2000-03-29,F,grace.lawson270@example.com,+44 7700 900552,m11ef,9995020998,E05,2021-07-14,Active
AN0000271,priya,thompson,2000-06-17,f,priya.thompson271@example.com,07700900808,bs19dj,9995014556,E10,2020-09-03,Deferred
AN0000272,chloe,haddad,2002-10-10,F,chloe.haddad272@example.com,+44 7700 900811,eh16he,9999019811,E12,2022-03-04,Withdrawn
AN0000273,nadia,bello,1996-10-28,F,,(0161) 496 9132,ne1  8jd,9993430102,E01,2019-07-20,Withdrawn
AN0000274,omar,abara,1990-10-05,f,omar.abara274@example.com,+44 7700 900458,ne14ae,9995015560,E14,2018-04-29,Deferred
AN0000275,tom,cohen,1991-02-19,F,tom.cohen275@example.com,07700900761,LS1 8DJ,9998576083,E05,2019-10-16,Suspended
AN0000276,sofia,rossi,1994-05-31,F,sofia.rossi276@example.com,07700900914,G1 2DF,9995682990,E10,2016-03-17,Active
AN0000277,yusuf,fenton,2001-12-31,m,yusuf.fenton277@example.com,+44 7700 900188,l1  4gj,9995031787,E14,2024-06-05,Deferred
AN0000278,erin,wright,1996-04-06,F,erin.wright278@example.com,07700900636,EH16DB,9998230764,E08,2017-09-23,Active
AN0000279,kai,sharma,1996-08-07,F,kai.sharma279@example.com,+44 7700 900147,M1 9FA,9994353349,E04,2023-09-15,Suspended
AN0000280,chloe,grant,2004-02-26,m,chloe.grant280@example.com,+44 7700 900217,SW1A 9BE,9998542499,E02,2023-07-11,Active
AN0000281,isla,bello,1993-03-11,M,isla.bello281@example.com,+44 7700 900582,sw1a  2ha,9996299791,E11,2019-10-19,Active
AN0000282,hannah,whitfield,1995-04-07,M,hannah.whitfield282@example.com,(0161) 496 8629,BS13BJ,9994773321,E04,2023-12-30,Active
AN0000283,amara,murray,2000-01-07,f,amara.murray283@example.com,+44 7700 900166,L1 2GJ,9992459921,E08,2023-06-17,Active
AN0000284,daniel,rossi,2003-11-15,F,daniel.rossi284@example.com,+44 7700 900523,B15 4DJ,9995396696,E06,2023-04-14,Suspended
AN0000285,amara,novak,2003-09-19,F,amara.novak285@example.com,+44 7700 900710,l1  6bj,9996191966,E06,2023-07-05,Active
AN0000286,liam,whitfield,1990-07-29,m,liam.whitfield286@example.com,07700900563,NE15HJ,9995494655,E16,2017-07-23,Suspended
AN0000287,grace,wright,2000-02-18,M,grace.wright287@example.com,+44 7700 900662,SW1A 1GB,9990369658,E10,2020-07-13,Active
AN0000288,nadia,rossi,1990-02-22,F,nadia.rossi288@example.com,+44 7700 900668,CF10 6HD,9992201029,E12,2018-05-15,Withdrawn
AN0000289,wei,byrne,1988-12-22,f,wei.byrne289@example.com,(0161) 496 7974,bs1  3jh,9997653262,E14,2017-07-16,Suspended
AN0000290,yusuf,khan,1988-12-20,F,yusuf.khan290@example.com,+44 7700 900659,BS16AA,9998478189,E16,2018-08-27,Active
AN0000291,noah,khan,1995-05-09,F,noah.khan291@example.com,07700900451,NE1 1JJ,9997956540,E05,2023-06-11,Active
AN0000292,ruth,reid,1993-04-17,f,ruth.reid292@example.com,+44 7700 900584,BS1 3AF,9999047122,E16,2022-09-13,Deferred
AN0000293,george,chen,2000-07-14,F,george.chen293@example.com,+44 7700 900214,bs1  3dj,9992437286,E15,2022-11-27,Active
AN0000294,wei,bello,1992-03-01,F,wei.bello294@example.com,+44 7700 900550,ls14ga,9994783661,E12,2017-09-23,Active
AN0000295,ethan,abara,2002-06-25,f,ethan.abara295@example.com,+44 7700 900423,NE1 1BG,9996945448,E08,2020-11-15,Active
AN0000296,oliver,bianchi,1994-04-02,M,oliver.bianchi296@example.com,07700900793,LS1 6AA,9990618178,E11,2023-07-28,Active
AN0000297,george,whitfield,1998-04-06,M,george.whitfield297@example.com,(0161) 496 4552,bs1  2bb,9994471740,E09,2016-05-19,Withdrawn
AN0000298,george,nwosu,2005-05-18,m,,+44 7700 900440,SW1A5FD,9997396278,E08,2024-10-02,Active
AN0000299,tom,bello,2003-08-10,F,tom.bello299@example.com,+44 7700 900174,M1 5JA,9992006420,E06,2023-03-20,Active
AN0000300,ethan,murray,1998-12-28,F,ethan.murray300@example.com,+44 7700 900845,M1 9EA,9997198557,E05,2024-08-23,Active
AN0000301,noah,kaur,1993-04-13,f,noah.kaur301@example.com,+44 7700 900570,eh1  4da,9993461571,Z99,2017-01-06,Withdrawn
AN0000302,omar,whitfield,1999-04-24,M,omar.whitfield302@example.com,07700900707,b158hb,9994787004,E06,2017-07-27,Active
AN0000303,idris,khan,1992-04-30,M,idris.khan303@example.com,(0161) 496 9570,L1 9DE,9990270791,E15,2016-06-24,Active
AN0000304,james,nwosu,2004-09-03,m,james.nwosu304@example.com,+44 7700 900274,BS1 2BB,9999313655,E10,2023-02-04,Active
AN0000305,leila,osman,2001-09-06,M,,07700900707,ls1  6bb,9996258270,E02,2022-02-13,Suspended
AN0000306,wei,thompson,1996-05-12,M,wei.thompson306@example.com,+44 7700 900598,M11AD,9999467237,E13,2024-11-14,Withdrawn
AN0000307,ethan,grant,1999-05-22,m,ethan.grant307@example.com,07700900834,L1 2FG,9998331811,E11,2020-08-14,Deferred
AN0000308,oliver,bianchi,1994-10-01,F,oliver.bianchi308@example.com,+44 7700 900215,LS1 8JD,9990054363,E04,2023-01-09,Active
AN0000309,priya,thompson,2005-07-23,M,priya.thompson309@example.com,+44 7700 900129,l1  9bb,9997995635,E06,2024-04-20,Active
AN0000310,daniel,ali,1995-07-14,m,daniel.ali310@example.com,+44 7700 900325,M18JA,9992397268,E11,2017-02-05,Active
AN0000311,omar,whitfield,1999-09-21,M,omar.whitfield311@example.com,+44 7700 900132,BS1 1FD,9997762533,E05,2023-02-01,Suspended
AN0000312,idris,fenton,1995-12-07,M,idris.fenton312@example.com,+44 7700 900977,NE1 8EJ,9994063359,E09,2023-02-26,Suspended
AN0000313,erin,reid,2001-11-04,m,erin.reid313@example.com,+44 7700 900145,sw1a  8ah,9997177312,E14,2022-08-20,Withdrawn
AN0000314,tom,chen,1997-09-12,M,,+44 7700 900785,EH13JA,9997262573,E14,2020-01-08,Deferred
AN0000315,callum,lawson,2000-01-07,M,callum.lawson315@example.com,+44 7700 900870,eh19eb,9995085011,E10,2023-09-30,Active
AN0000316,grace,sharma,1980-07-01,m,grace.sharma316@example.com,07700900892,B15 3GE,9997933559,E04,2020-02-06,Suspended
AN0000317,george,sharma,1993-03-29,F,george.sharma317@example.com,+44 7700 900639,m18fj,9991371168,E03,2016-09-16,Active
AN0000318,sarah,nwosu,1999-11-25,F,sarah.nwosu318@example.com,+44 7700 900309,NE11FH,9998275679,E14,2019-02-04,Active
AN0000319,liam,okafor,2003-04-11,f,liam.okafor319@example.com,+44 7700 900451,G1 8JJ,9992424370,E11,2024-12-28,Active
AN0000320,wei,iqbal,1993-12-20,M,wei.iqbal320@example.com,07700900392,LS1 3DD,9990592748,E11,2019-03-10,Active
AN0000321,sofia,murray,1987-12-18,F,sofia.murray321@example.com,+44 7700 900559,ne1  3fb,9996727521,E14,2016-05-22,Activ
AN0000322,noah,murray,1993-12-03,m,noah.murray322@example.com,07700900846,L16BJ,9992814063,E02,2019-04-25,Active
AN0000323,liam,cohen,1989-05-12,M,liam.cohen323@example.com,07700900885,EH1 4AB,9997186370,E06,2016-08-13,Suspended
AN0000324,kai,novak,1995-11-09,F,kai.novak324@example.com,+44 7700 900481,SW1A 5GG,9997813766,E01,2020-01-18,Active
AN0000325,idris,khan,1991-03-11,m,idris.khan325@example.com,(0161) 496 2410,ls1  4fj,9998519616,E14,2020-10-02,Active
AN0000326,nadia,nwosu,1996-06-14,M,nadia.nwosu326@example.com,+44 7700 900952,CF105JA,9994947877,E02,2022-03-26,Active
AN0000327,wei,adeyemi,1990-09-21,M,wei.adeyemi327@example.com,07700900394,CF10 3JE,9994719599,E12,2019-05-14,Suspended
AN0000328,yusuf,adeyemi,1994-05-24,m,yusuf.adeyemi328@example.com,+44 7700 900850,BS1 1FD,9992572523,E15,2023-01-16,Active
AN0000329,nadia,kaur,2001-08-06,F,nadia.kaur329@example.com,07700900178,ne1  4db,9992855444,E11,2019-12-29,Active
AN0000330,hannah,chen,1995-06-06,F,,+44 7700 900596,CF106DB,9998338980,E08,2016-02-22,Active
AN0000331,kai,byrne,1997-04-18,f,kai.byrne331@example.com,+44 7700 900807,G1 3JG,9993423211,E09,2017-04-22,Withdrawn
AN0000332,liam,okafor,1999-02-06,M,liam.okafor332@example.com,+44 7700 900133,NE1 1JB,9990140111,E07,2024-09-08,Suspended
AN0000333,amara,novak,2001-10-28,M,amara.novak333@example.com,(0161) 496 5544,bs1  6gd,9999389112,E14,2019-12-10,Suspended
AN0000334,ruth,whitfield,1979-09-18,m,ruth.whitfield334@example.com,(0161) 496 2616,b159jg,9992712562,E09,2019-02-28,Active
AN0000335,nadia,thompson,2001-05-18,F,nadia.thompson335@example.com,+44 7700 900239,L1 6FA,9997164792,E05,2024-07-15,Withdrawn
AN0000336,fatima,rossi,1997-12-24,M,fatima.rossi336@example.com,(0161) 496 8793,g13aj,9996781127,E10,2020-07-26,Active
AN0000337,omar,reid,1998-05-24,m,omar.reid337@example.com,+44 7700 900709,cf102eh,9994994654,E12,2017-11-22,Withdrawn
AN0000338,meera,wright,1998-07-03,M,meera.wright338@example.com,+44 7700 900601,L14DA,9990170266,E06,2019-02-16,Active
AN0000339,grace,bello,1997-05-12,F,grace.bello339@example.com,07700900306,EH1 8JF,9998800617,E10,2017-01-29,Active
AN0000340,yusuf,robertson,1995-12-05,m,yusuf.robertson340@example.com,+44 7700 900775,EH1 3JH,9996719782,E12,2020-12-17,Active
AN0000341,ethan,sharma,1997-09-16,F,ethan.sharma341@example.com,07700900461,eh1  6aa,9992559055,E10,2020-05-22,Active
AN0000342,zainab,iqbal,1997-07-22,M,zainab.iqbal342@example.com,+44 7700 900763,EH12BF,9996986403,E12,2020-08-14,Suspended
AN0000343,daniel,robertson,1997-12-16,m,daniel.robertson343@example.com,(0161) 496 2639,B15 6JG,9994563718,E07,2022-05-25,Active
AN0000344,priya,mackenzie,1998-02-17,M,,07700900692,M1 6FB,9998763517,E05,2022-06-07,Suspended
AN0000345,nadia,novak,1998-10-15,F,nadia.novak345@example.com,+44 7700 900739,ne18da,9998297370,E04,2022-01-20,Withdrawn
AN0000346,kai,osman,1996-01-31,m,kai.osman346@example.com,+44 7700 900251,B153FH,9991364420,E04,2024-02-24,Withdrawn
AN0000347,callum,ali,1997-01-06,M,callum.ali347@example.com,+44 7700 900947,EH1 8JH,9990324204,E04,2017-04-10,Deferred
AN0000348,leila,rossi,1989-12-06,F,leila.rossi348@example.com,07700900156,M1 6FB,9996516237,E08,2017-12-21,Suspended
AN0000349,ethan,novak,1996-03-04,f,ethan.novak349@example.com,(0161) 496 4900,bs1  2gg,9992347643,E15,2022-07-05,Active
AN0000350,ruth,thompson,1992-12-21,F,ruth.thompson350@example.com,07700900384,LS16JG,9990900345,E10,2019-07-20,Active
AN0000351,erin,fenton,2003-12-12,M,erin.fenton351@example.com,(0161) 496 7364,SW1A 7FF,9996041778,E09,2023-09-07,Deferred
AN0000352,ruth,haddad,1996-10-09,m,ruth.haddad352@example.com,+44 7700 900716,ne16ja,9992720638,E05,2017-02-15,Active
AN0000353,sarah,nwosu,1992-08-19,F,sarah.nwosu353@example.com,07700900427,l1  8df,9999543162,E11,2018-10-19,Active
AN0000354,erin,robertson,2001-05-19,M,erin.robertson354@example.com,(0161) 496 4747,m18ef,9992069694,E04,2022-05-25,Active
AN0000355,zainab,nwosu,2003-05-09,f,zainab.nwosu355@example.com,07700900564,L1 2EE,9994476262,E07,2022-05-12,Suspended
AN0000356,hannah,mackenzie,1995-11-26,F,hannah.mackenzie356@example.com,+44 7700 900911,LS1 1FF,9997359712,E14,2024-02-24,Active
AN0000357,yusuf,cohen,1999-06-28,F,yusuf.cohen357@example.com,07700900853,bs1  5bb,9990537593,E15,2023-10-09,Active
AN0000358,ethan,bello,1997-09-24,f,ethan.bello358@example.com,+44 7700 900672,SW1A3FD,9995721589,E09,2020-04-09,Active
AN0000359,sarah,cohen,1995-10-22,F,sarah.cohen359@example.com,07700900540,EH1 5FG,9992572876,E15,2016-06-29,Active
AN0000360,priya,ali,1999-05-29,F,priya.ali360@example.com,+44 7700 900578,CF10 2JA,9998777127,E08,2018-01-20,Active
AN0000361,tom,abara,1998-12-17,f,tom.abara361@example.com,07700900779,bs1  4ad,9991371508,E05,2019-03-09,Withdrawn
AN0000362,callum,iqbal,2003-03-07,M,callum.iqbal362@example.com,+44 7700 900571,L18FA,9990975922,E07,2022-08-15,Deferred
AN0000363,idris,kaur,1996-02-09,M,idris.kaur363@example.com,07700900716,CF10 2HF,9996103269,E10,2019-03-04,Active
AN0000364,sarah,mackenzie,1997-01-31,m,sarah.mackenzie364@example.com,+44 7700 900198,G1 9EJ,9996749967,E16,2021-07-03,Deferred
AN0000365,idris,iqbal,2002-04-15,F,idris.iqbal365@example.com,+44 7700 900625,g1  8ed,9998814766,E16,2022-11-19,Deferred
AN0000366,isla,chen,1989-01-11,M,isla.chen366@example.com,07700900402,BS11BA,9994549189,E14,2017-06-07,Active
AN0000367,amara,fenton,1993-12-29,m,amara.fenton367@example.com,+44 7700 900821,eh16jj,9999416802,E14,2018-01-16,Active
AN0000368,james,nwosu,1997-09-22,F,james.nwosu368@example.com,(0161) 496 8974,EH1 6HF,9992031034,E14,2023-05-10,Active
AN0000369,noah,chen,2001-09-08,M,noah.chen369@example.com,+44 7700 900888,l1  3jh,9997933494,E10,2023-04-15,Active
AN0000370,james,thompson,1993-06-25,f,james.thompson370@example.com,(0161) 496 5764,SW1A8HJ,9999730809,E09,2023-01-26,Suspended
AN0000371,sofia,byrne,1990-06-09,F,sofia.byrne371@example.com,+44 7700 900737,G1 8HA,9993757381,E02,2019-01-02,Suspended
AN0000372,kai,bello,1995-05-20,M,kai.bello372@example.com,(0161) 496 7395,cf106jd,9994172239,E03,2024-01-08,Suspended
AN0000373,sarah,fenton,1995-04-03,m,sarah.fenton373@example.com,+44 7700 900148,sw1a6fg,9992801565,E08,2020-08-30,Suspended
AN0000374,sarah,rossi,1993-03-01,F,sarah.rossi374@example.com,07700900887,SW1A9FD,9998910773,E08,2018-07-06,Active
AN0000375,hannah,rossi,1990-05-04,M,hannah.rossi375@example.com,07700900991,b156df,9998712556,E13,2016-06-20,Active
AN0000376,oliver,haddad,2006-04-17,f,oliver.haddad376@example.com,+44 7700 900617,ls12fg,9996532860,E02,2024-08-16,Active
AN0000377,nadia,reid,1994-11-18,F,nadia.reid377@example.com,(0161) 496 8251,ls1  1bb,9996260607,E13,2020-08-03,Suspended
AN0000378,noah,murray,1996-03-31,F,noah.murray378@example.com,+44 7700 900797,NE15GG,9994892673,E07,2024-12-16,Suspended
AN0000379,ruth,iqbal,1996-03-19,m,ruth.iqbal379@example.com,(0161) 496 2380,sw1a9gh,9992884312,E05,2024-10-06,Suspended
AN0000380,chloe,kaur,1999-10-07,F,chloe.kaur380@example.com,+44 7700 900892,EH1 7BA,9994851012,E01,2017-10-17,Active
AN0000381,oliver,cohen,1988-11-07,M,oliver.cohen381@example.com,+44 7700 900391,bs1  3he,9998935717,E13,2018-08-25,Withdrawn
AN0000382,hannah,haddad,1997-11-04,f,hannah.haddad382@example.com,(0161) 496 8802,b158bg,9996988643,E12,2016-12-01,Withdrawn
AN0000383,oliver,murray,1991-12-04,M,oliver.murray383@example.com,+44 7700 900230,l18db,9997702859,E08,2021-06-28,Suspended
AN0000384,sarah,thompson,1992-10-02,M,sarah.thompson384@example.com,07700900220,G1 5GF,9990229600,E05,2020-02-22,Active
AN0000385,amara,doyle,1999-04-22,m,amara.doyle385@example.com,07700900169,sw1a  7jf,9995679221,E01,2024-04-17,Deferred
AN0000386,leila,grant,2003-05-18,M,leila.grant386@example.com,07700900780,BS17HE,9995807416,E03,2017-09-02,Withdrawn
AN0000387,hassan,kaur,1991-12-13,M,hassan.kaur387@example.com,07700900187,b159ae,9994339710,E06,2024-12-05,Active
AN0000388,meera,abara,1992-08-30,m,meera.abara388@example.com,+44 7700 900980,NE1 6HF,9991824227,E04,2016-04-05,Deferred
AN0000389,wei,mackenzie,1992-05-07,M,wei.mackenzie389@example.com,07700900433,ls1  1af,9991033998,E02,2020-07-26,Active
AN0000390,sarah,adeyemi,1993-01-16,F,sarah.adeyemi390@example.com,+44 7700 900129,CF104AF,9999138241,E09,2016-09-05,Active
AN0000391,yusuf,kaur,2000-06-04,f,yusuf.kaur391@example.com,07700900272,B15 9HJ,9997942000,E12,2021-08-11,Active
AN0000392,hannah,novak,1996-12-24,F,hannah.novak392@example.com,+44 7700 900856,NE1 2FB,9999855474,E04,2020-04-06,Active
AN0000393,daniel,whitfield,1993-09-17,M,daniel.whitfield393@example.com,(0161) 496 3190,sw1a8aa,9996876810,E16,2021-02-26,Suspended
AN0000394,erin,doyle,1998-05-16,f,erin.doyle394@example.com,(0161) 496 7166,BS16HD,9990175373,E14,2023-07-13,Active
AN0000395,chloe,adeyemi,1994-02-23,M,chloe.adeyemi395@example.com,+44 7700 900728,EH1 4EJ,9990479305,E07,2023-08-19,Deferred
AN0000396,sarah,abara,1991-06-05,F,sarah.abara396@example.com,+44 7700 900298,bs13bd,9992493844,E07,2019-02-10,Deferred
AN0000397,ruth,novak,1994-08-21,f,ruth.novak397@example.com,+44 7700 900537,sw1a  6hh,9998775809,E02,2021-12-22,Active
AN0000398,kai,haddad,1996-07-17,M,kai.haddad398@example.com,+44 7700 900442,M11EH,9993325414,E08,2021-12-20,Active
AN0000399,nadia,fenton,1988-10-25,F,nadia.fenton399@example.com,+44 7700 900584,B15 6AG,9993199710,E01,2016-04-08,Suspended
AN0000400,liam,sharma,1991-12-13,m,liam.sharma400@example.com,07700900163,L1 1FH,9990804664,E08,2016-05-16,Suspended
AN0000401,fatima,abara,1994-09-22,F,fatima.abara401@example.com,+44 7700 900914,cf10  2ga,9995931109,Z99,2022-09-21,Suspended
AN0000402,erin,osman,1988-09-19,F,erin.osman402@example.com,+44 7700 900592,BS18DE,9990024960,E11,2017-05-31,Active
AN0000403,wei,patel,1991-12-31,f,wei.patel403@example.com,+44 7700 900108,NE1 3AE,9999599591,E05,2019-06-18,Active
AN0000404,amara,thompson,2002-05-30,M,amara.thompson404@example.com,(0161) 496 4654,B15 8EE,9995636204,E11,2021-02-03,Active
AN0000405,zainab,okafor,2003-01-13,F,zainab.okafor405@example.com,+44 7700 900746,bs1  6aa,9994234250,E02,2022-03-22,Active
AN0000406,james,nwosu,1999-12-02,m,james.nwosu406@example.com,+44 7700 900906,M16EF,9995528967,E16,2018-12-08,Active
AN0000407,erin,reid,1996-03-17,F,erin.reid407@example.com,07700900425,bs17ea,9999384250,E02,2017-06-19,Active
AN0000408,yusuf,chen,1994-01-11,M,yusuf.chen408@example.com,07700900903,l12dh,9998578728,E06,2021-09-12,Withdrawn
AN0000409,ethan,murray,1991-09-29,f,ethan.murray409@example.com,+44 7700 900510,bs1  1ee,9997363469,E10,2021-06-02,Suspended
AN0000410,kai,doyle,1997-06-09,M,kai.doyle410@example.com,+44 7700 900186,EH18GE,9997895673,E01,2020-03-12,Active
AN0000411,zainab,fenton,1998-03-18,F,zainab.fenton411@example.com,+44 7700 900552,B15 5BG,9994888145,E02,2021-07-30,Active
AN0000412,liam,iqbal,1990-03-01,f,liam.iqbal412@example.com,+44 7700 900437,eh15fe,9992840447,E11,2016-06-05,Deferred
AN0000413,callum,doyle,1994-07-03,F,callum.doyle413@example.com,07700900879,ls17ee,9993738980,E01,2022-07-03,Withdrawn
AN0000414,daniel,fenton,1993-09-17,F,daniel.fenton414@example.com,07700900814,CF104JJ,9990529248,E14,2016-12-17,Active
AN0000415,daniel,ali,1996-02-24,f,daniel.ali415@example.com,+44 7700 900123,BS1 1DD,9996361861,E07,2020-09-12,Active
AN0000416,daniel,osman,1992-08-27,M,daniel.osman416@example.com,+44 7700 900791,NE1 3AJ,9994817051,E14,2021-01-23,Active
AN0000417,yusuf,reid,1996-05-26,M,yusuf.reid417@example.com,+44 7700 900528,l1  2he,9993467294,E05,2020-08-09,Suspended
AN0000418,ethan,murray,1998-04-23,m,ethan.murray418@example.com,+44 7700 900246,L12HE,9999777902,E16,2023-09-06,Active
AN0000419,zainab,murray,2001-06-11,M,zainab.murray419@example.com,+44 7700 900283,BS1 7JH,9992916036,E03,2023-12-24,Active
AN0000420,leila,reid,1987-06-18,F,leila.reid420@example.com,+44 7700 900880,ne12gb,9998567246,E07,2016-09-30,Suspended
AN0000421,oliver,okafor,1988-03-10,f,oliver.okafor421@example.com,+44 7700 900508,b15  7aa,9992577711,E16,2016-10-26,Suspended
AN0000422,ruth,grant,1992-03-13,M,ruth.grant422@example.com,+44 7700 900118,BS12DF,9996210421,E01,2017-07-28,Active
AN0000423,tom,murray,1987-08-29,M,tom.murray423@example.com,+44 7700 900148,NE1 2HF,9999006337,E11,2016-05-21,Active
AN0000424,liam,okafor,2002-09-20,f,liam.okafor424@example.com,(0161) 496 2035,B15 2DD,9998155835,E07,2020-09-23,Suspended
AN0000425,nadia,thompson,1997-06-20,F,nadia.thompson425@example.com,+44 7700 900115,cf10  6ah,9993149500,E16,2018-08-09,Active
AN0000426,isla,bianchi,1997-08-02,M,isla.bianchi426@example.com,+44 7700 900197,BS16HD,9995715090,E01,2022-09-18,Active
AN0000427,ethan,osman,2005-08-02,m,ethan.osman427@example.com,07700900227,eh14he,9990257434,E13,2023-11-26,Active
AN0000428,noah,sharma,1989-01-24,F,noah.sharma428@example.com,+44 7700 900425,sw1a9hf,9993553387,E15,2018-09-02,Withdrawn
AN0000429,idris,novak,1994-07-07,F,idris.novak429@example.com,07700900287,l1  1bj,9993023213,E03,2023-10-22,Suspended
AN0000430,fatima,wright,1992-03-27,f,fatima.wright430@example.com,+44 7700 900302,B157DE,9999734715,E11,2016-11-16,Active
AN0000431,amara,patel,1996-04-03,F,amara.patel431@example.com,07700900939,L1 1HH,9994982826,E04,2020-12-12,Active
AN0000432,isla,grant,1994-05-28,F,isla.grant432@example.com,+44 7700 900239,L1 4DE,9998576660,E11,2019-03-06,Active
AN0000433,isla,kaur,2003-01-13,m,isla.kaur433@example.com,(0161) 496 3039,cf10  3eh,9995875063,E09,2022-08-06,Withdrawn
AN0000434,fatima,patel,1993-05-12,M,fatima.patel434@example.com,+44 7700 900566,LS15ED,9991669183,E07,2016-05-21,Active
AN0000435,hannah,haddad,1989-06-06,F,hannah.haddad435@example.com,07700900851,CF10 2BG,9994364022,E12,2018-11-01,Active
AN0000436,liam,bianchi,1999-02-02,f,liam.bianchi436@example.com,07700900850,CF10 3DG,9992372818,E01,2023-10-23,Suspended
AN0000437,amara,whitfield,1987-06-04,M,amara.whitfield437@example.com,+44 7700 900992,cf10  8bd,9990937710,E14,2016-08-29,Active
AN0000438,chloe,okafor,1996-06-02,M,,+44 7700 900910,SW1A7FJ,9995965550,E06,2023-06-18,Deferred
AN0000439,zainab,novak,1996-05-27,f,zainab.novak439@example.com,(0161) 496 2641,SW1A 8HD,9991843574,E12,2020-06-20,Suspended
AN0000440,leila,whitfield,1987-08-08,M,leila.whitfield440@example.com,07700900994,sw1a6je,9996915670,E08,2016-01-13,Withdrawn
AN0000441,isla,bello,1989-01-02,M,isla.bello441@example.com,+44 7700 900915,m1  5jd,9991783334,E03,2018-03-10,Deferred
AN0000442,sarah,haddad,2005-10-23,f,sarah.haddad442@example.com,(0161) 496 5593,b155jb,9998715393,E16,2024-01-10,Withdrawn
AN0000443,callum,reid,1994-07-12,F,callum.reid443@example.com,(0161) 496 4662,EH1 2FB,9995931958,E13,2024-01-17,Deferred
AN0000444,callum,osman,2005-11-02,M,callum.osman444@example.com,07700900294,cf107gg,9996087522,E05,2024-04-06,Deferred
AN0000445,meera,novak,2000-09-21,m,meera.novak445@example.com,07700900969,sw1a  6fb,9999737463,E15,2021-02-09,Deferred
AN0000446,wei,doyle,2002-09-25,M,wei.doyle446@example.com,(0161) 496 3933,L17FD,9998656753,E10,2024-01-14,Active
AN0000447,ethan,khan,1996-11-30,F,ethan.khan447@example.com,+44 7700 900431,bs11fj,9993330590,E08,2019-03-05,Withdrawn
AN0000448,callum,haddad,2003-07-22,m,callum.haddad448@example.com,+44 7700 900585,LS1 1BG,9992630132,E10,2023-08-15,Active
AN0000449,ruth,bello,1989-06-04,M,ruth.bello449@example.com,07700900985,cf10  5jg,9991117830,E14,2017-12-07,Suspended
AN0000450,george,murray,2005-02-11,F,george.murray450@example.com,+44 7700 900760,CF105DB,9998871891,E08,2024-05-10,Deferred
AN0000451,leila,lawson,1997-01-27,m,,07700900919,G1 2AD,9992184019,E08,2017-04-25,Suspended
AN0000452,zainab,rossi,1993-12-08,M,zainab.rossi452@example.com,+44 7700 900631,EH1 9JD,9995859882,E07,2017-12-03,Withdrawn
AN0000453,leila,doyle,1995-06-19,M,leila.doyle453@example.com,+44 7700 900976,b15  3eg,9999618448,E10,2016-07-02,Withdrawn
AN0000454,callum,grant,1994-05-09,m,callum.grant454@example.com,07700900172,EH14GD,9992566094,E02,2016-12-07,Active
AN0000455,sarah,rossi,1988-06-25,F,sarah.rossi455@example.com,+44 7700 900755,M1 6GF,9993401633,E10,2017-03-26,Active
AN0000456,amara,wright,2001-06-30,M,amara.wright456@example.com,07700900817,BS1 5FB,9992562587,E10,2024-03-02,Active
AN0000457,george,okafor,1997-07-01,m,george.okafor457@example.com,+44 7700 900681,eh11ge,9996727572,E05,2023-09-13,Active
AN0000458,ethan,murray,1996-06-16,F,ethan.murray458@example.com,+44 7700 900420,M12BE,9992901489,E12,2018-07-26,Deferred
AN0000459,nadia,novak,1992-07-13,F,nadia.novak459@example.com,+44 7700 900801,ne12ha,9999097286,E02,2021-09-14,Active
AN0000460,zainab,doyle,1991-01-07,m,zainab.doyle460@example.com,+44 7700 900488,LS1 6BG,9993814474,E05,2017-06-30,Active
AN0000461,james,khan,1995-07-18,M,james.khan461@example.com,(0161) 496 9446,sw1a  8ja,9999754511,E14,2023-01-29,Active
AN0000462,callum,iqbal,1996-07-04,F,callum.iqbal462@example.com,+44 7700 900641,NE13HB,9995456281,E04,2016-02-06,Active
AN0000463,leila,doyle,2000-09-28,f,leila.doyle463@example.com,07700900105,G1 4BE,9992665025,E07,2020-12-04,Active
AN0000464,sarah,haddad,1994-10-22,M,sarah.haddad464@example.com,+44 7700 900882,CF10 9HD,9991022589,E14,2021-06-26,Deferred
AN0000465,priya,novak,1995-11-03,F,priya.novak465@example.com,+44 7700 900388,l12he,9993637181,E03,2019-11-02,Active
AN0000466,fatima,thompson,1993-06-11,f,fatima.thompson466@example.com,(0161) 496 3395,CF101EB,9996684334,E06,2017-06-25,Active
AN0000467,priya,wright,1992-09-25,F,priya.wright467@example.com,+44 7700 900472,EH1 6HE,9993474916,E09,2020-10-15,Active
AN0000468,meera,iqbal,1997-08-09,M,meera.iqbal468@example.com,07700900799,ne13gg,9995989530,E04,2019-10-01,Active
AN0000469,liam,lawson,1997-01-13,m,liam.lawson469@example.com,07700900770,b15  4jb,9998954738,E13,2017-03-11,Active
AN0000470,tom,haddad,1992-11-01,F,tom.haddad470@example.com,(0161) 496 8347,M17BJ,9998029422,E05,2022-03-04,Active
AN0000471,idris,murray,1988-08-05,F,idris.murray471@example.com,07700900991,ne12dj,9996866947,E07,2018-02-18,Active
AN0000472,amara,osman,1991-06-13,f,amara.osman472@example.com,07700900837,NE1 5FE,9994812300,E02,2018-06-11,Active
AN0000473,noah,chen,1998-09-30,M,noah.chen473@example.com,07700900354,b159ba,9992694505,E14,2019-02-11,Deferred
AN0000474,fatima,khan,1998-10-15,M,fatima.khan474@example.com,07700900988,BS12HF,9999837352,E04,2019-02-19,Active
AN0000475,wei,grant,1989-01-03,f,wei.grant475@example.com,+44 7700 900590,M1 8DJ,9992397241,E14,2018-08-07,Active
AN0000476,erin,nwosu,1992-03-04,M,erin.nwosu476@example.com,+44 7700 900536,b158hb,9992091665,E14,2020-06-02,Active
AN0000477,chloe,doyle,2005-01-19,M,chloe.doyle477@example.com,07700900374,ls1  1ab,9995132796,E01,2023-03-24,Deferred
AN0000478,isla,cohen,2001-01-15,m,isla.cohen478@example.com,07700900373,NE12AA,9994186205,E02,2021-05-15,Active
AN0000479,nadia,robertson,1994-04-07,M,nadia.robertson479@example.com,(0161) 496 7303,M1 8DB,9994519514,E11,2017-08-26,Active
AN0000480,grace,chen,1993-04-08,F,grace.chen480@example.com,07700900795,CF10 3FF,9991475419,E14,2017-12-30,Deferred
AN0000481,chloe,kaur,1994-06-14,f,chloe.kaur481@example.com,+44 7700 900915,l1  2bh,9994215221,E10,2017-08-23,Active
AN0000482,meera,haddad,1991-11-02,F,meera.haddad482@example.com,+44 7700 900769,B157HJ,9997883616,E09,2021-05-25,Suspended
AN0000483,ruth,byrne,1995-08-25,M,ruth.byrne483@example.com,(0161) 496 1281,G1 9JD,9990552479,E13,2018-08-21,Deferred
AN0000484,fatima,whitfield,2000-05-02,m,fatima.whitfield484@example.com,(0161) 496 3344,CF10 1HG,9991917926,E14,2018-07-08,Active
AN0000485,wei,byrne,1999-09-28,F,wei.byrne485@example.com,+44 7700 900286,l1  3fj,9995704129,E15,2018-09-30,Withdrawn
AN0000486,grace,bianchi,1991-09-26,M,grace.bianchi486@example.com,+44 7700 900533,l19ff,9996241866,E13,2017-12-11,Withdrawn
AN0000487,callum,bello,2002-12-27,m,callum.bello487@example.com,(0161) 496 2264,L1 8GH,9992056347,E08,2016-08-17,Active
AN0000488,zainab,bello,2001-09-15,M,zainab.bello488@example.com,+44 7700 900654,m12ea,9994383035,E04,2024-09-24,Active
AN0000489,hassan,fenton,2003-05-15,F,hassan.fenton489@example.com,+44 7700 900416,sw1a  6fh,9995652153,E09,2021-06-04,Withdrawn
AN0000490,ethan,fenton,2004-09-01,f,ethan.fenton490@example.com,+44 7700 900989,sw1a5dd,9991133224,E06,2024-09-09,Active
AN0000491,daniel,mackenzie,1992-06-14,M,,(0161) 496 7350,B15 4BD,9997102487,E16,2020-01-15,Active
AN0000492,oliver,cohen,1995-09-10,M,oliver.cohen492@example.com,+44 7700 900472,g12bd,9997474724,E08,2017-11-26,Suspended
AN0000493,priya,iqbal,1994-08-28,,priya.iqbal493@example.com,+44 7700 900624,bs16gb,9998740908,E02,2019-03-20,Withdrawn
AN0000494,wei,abara,1994-09-01,M,wei.abara494@example.com,07700900974,m14hj,9995778718,E16,2017-03-07,Active
AN0000495,kai,reid,1996-03-08,F,kai.reid495@example.com,+44 7700 900424,G1 8EJ,9997082729,E07,2020-06-13,Active
AN0000496,grace,bianchi,2001-10-07,f,grace.bianchi496@example.com,(0161) 496 4496,SW1A 4AH,9992121467,E16,2020-04-06,Active
AN0000497,yusuf,haddad,2000-07-14,M,yusuf.haddad497@example.com,(0161) 496 2514,cf10  6fd,9996778266,E11,2021-11-19,Withdrawn
AN0000498,hannah,okafor,1995-01-11,M,hannah.okafor498@example.com,07700900692,BS13GG,9997275160,E04,2022-04-16,Suspended
AN0000499,oliver,doyle,1988-10-17,m,oliver.doyle499@example.com,+44 7700 900863,B15 7DH,9993390550,E14,2017-05-29,Active
AN0000500,ethan,doyle,1987-09-19,F,ethan.doyle500@example.com,+44 7700 900460,G1 9HG,9992765283,E03,2017-05-25,Suspended
AN0000501,callum,mackenzie,1993-10-20,F,callum.mackenzie501@example.com,07700900977,m12bb,9999617980,Z99,2023-05-25,Withdrawn
AN0000502,ethan,osman,2006-08-22,f,ethan.osman502@example.com,+44 7700 900895,L19HB,9997157664,E14,2025-01-13,Activ
AN0000503,ethan,mackenzie,1990-08-25,F,ethan.mackenzie503@example.com,(0161) 496 7794,B15 1HA,9992589558,E03,2019-01-01,Suspended
AN0000504,fatima,rossi,1998-11-07,M,fatima.rossi504@example.com,(0161) 496 8030,LS1 7DH,9998263123,E08,2020-05-22,Withdrawn
AN0000505,hannah,bianchi,2000-04-09,m,hannah.bianchi505@example.com,(0161) 496 4338,m1  2ah,9999209815,E10,2023-01-13,Active
AN0000506,oliver,kaur,1999-11-01,M,oliver.kaur506@example.com,07700900327,eh14eh,9991179119,E13,2023-01-30,Active
AN0000507,erin,nwosu,1997-05-11,F,erin.nwosu507@example.com,(0161) 496 4407,CF10 2JA,9997136659,E01,2017-01-15,Deferred
AN0000508,amara,mackenzie,1995-05-01,m,amara.mackenzie508@example.com,+44 7700 900451,G1 8AD,9994139088,E14,2016-02-11,Suspended
AN0000509,tom,abara,2000-10-18,M,tom.abara509@example.com,+44 7700 900325,m1  3ff,9991584773,E09,2020-02-03,Suspended
AN0000510,kai,whitfield,1998-07-16,F,kai.whitfield510@example.com,(0161) 496 2685,BS15DE,9997676947,E06,2018-10-21,Suspended
AN0000511,grace,robertson,1999-01-12,f,grace.robertson511@example.com,+44 7700 900747,M1 8DA,9994964984,E11,2020-10-24,Active
AN0000512,sarah,nwosu,1995-05-16,F,sarah.nwosu512@example.com,+44 7700 900320,G1 6DG,9995053799,E06,2019-08-14,Active
AN0000513,callum,mackenzie,2001-01-08,M,,+44 7700 900384,bs1  2hh,9995330776,E15,2022-09-30,Active
AN0000514,sarah,thompson,2000-08-18,f,sarah.thompson514@example.com,+44 7700 900121,EH11AJ,9996088057,E14,2021-01-28,Active
AN0000515,sarah,doyle,2000-08-04,F,sarah.doyle515@example.com,+44 7700 900454,cf102gj,9996477150,E08,2024-12-31,Active
AN0000516,priya,doyle,1995-12-25,F,,(0161) 496 8138,b153be,9995800403,E08,2016-02-12,Active
AN0000517,liam,adeyemi,1990-03-06,f,liam.adeyemi517@example.com,07700900241,bs1  8bd,9992967188,E02,2019-09-10,Suspended
AN0000518,leila,patel,1995-06-26,M,leila.patel518@example.com,+44 7700 900884,eh12ge,9990376379,E08,2019-02-23,Active
AN0000519,hannah,osman,1997-11-01,F,hannah.osman519@example.com,07700900419,L1 3BD,9995679833,E10,2024-07-16,Active
AN0000520,george,haddad,1989-06-05,m,george.haddad520@example.com,+44 7700 900997,M1 2EA,9992407875,E11,2017-11-03,Active
AN0000521,kai,rossi,1993-05-09,M,kai.rossi521@example.com,+44 7700 900614,cf10  9ga,9995106639,E05,2016-12-10,Active
AN0000522,amara,bello,1992-06-02,F,amara.bello522@example.com,+44 7700 900151,B152EB,9990943184,E08,2019-02-04,Active
AN0000523,erin,bello,1994-04-18,f,erin.bello523@example.com,+44 7700 900325,eh18ed,9995494019,E03,2023-11-05,Suspended
AN0000524,omar,mackenzie,2002-06-27,F,omar.mackenzie524@example.com,07700900270,LS1 6JD,9997650247,E16,2023-09-18,Active
AN0000525,grace,iqbal,1994-04-30,F,grace.iqbal525@example.com,(0161) 496 8742,m1  1af,9998822114,E05,2021-04-24,Deferred
AN0000526,oliver,patel,2000-06-27,f,oliver.patel526@example.com,07700900359,G18AG,9995897148,E14,2024-03-28,Active
AN0000527,yusuf,ali,2002-11-27,F,yusuf.ali527@example.com,+44 7700 900691,CF10 6EB,9996148785,E03,2023-05-24,Active
AN0000528,erin,cohen,1992-10-25,F,erin.cohen528@example.com,+44 7700 900142,BS1 9GB,9997954107,E12,2020-05-20,Withdrawn
AN0000529,oliver,novak,1991-04-18,m,oliver.novak529@example.com,+44 7700 900395,m1  5aj,9994910744,E14,2017-09-07,Active
AN0000530,leila,doyle,1997-08-31,M,leila.doyle530@example.com,+44 7700 900390,ne19db,9992369140,E02,2016-01-03,Active
AN0000531,kai,iqbal,1990-04-07,F,kai.iqbal531@example.com,+44 7700 900200,EH1 5FD,9995923424,E09,2018-10-15,Suspended
AN0000532,isla,mackenzie,1994-03-06,f,isla.mackenzie532@example.com,07700900484,cf102dj,9998575672,E09,2016-12-16,Active
AN0000533,james,reid,2003-09-09,M,james.reid533@example.com,07700900729,eh14gd,9999406262,E14,2022-04-08,Active
AN0000534,hannah,sharma,1998-07-31,M,hannah.sharma534@example.com,+44 7700 900199,EH18GA,9999803822,E12,2016-12-12,Active
AN0000535,erin,novak,2002-10-06,f,erin.novak535@example.com,07700900106,L1 4BB,9999181333,E08,2023-03-05,Active
AN0000536,hannah,wright,1996-11-29,M,hannah.wright536@example.com,+44 7700 900595,LS1 4FJ,9999162029,E13,2020-12-22,Deferred
AN0000537,amara,wright,1994-07-27,M,amara.wright537@example.com,+44 7700 900396,eh12jg,9996617661,E13,2024-04-25,Active
AN0000538,oliver,thompson,1998-04-30,f,oliver.thompson538@example.com,+44 7700 900766,BS18AG,9997740254,E07,2022-04-30,Active
AN0000539,ethan,byrne,1989-10-05,F,ethan.byrne539@example.com,07700900676,g18df,9994617672,E03,2017-12-15,Suspended
AN0000540,wei,murray,1991-11-02,F,wei.murray540@example.com,07700900949,CF10 2AA,9992311770,E06,2019-08-20,Deferred
AN0000541,chloe,fenton,2003-01-30,m,chloe.fenton541@example.com,07700900493,cf10  2af,9991759026,E06,2024-03-19,Active
AN0000542,callum,chen,1995-05-21,M,callum.chen542@example.com,+44 7700 900602,l15ee,9996831906,E08,2023-02-23,Active
AN0000543,idris,chen,1992-07-02,M,idris.chen543@example.com,+44 7700 900798,NE1 8EE,9997855981,E13,2016-01-22,Deferred
AN0000544,oliver,haddad,1998-12-05,m,oliver.haddad544@example.com,+44 7700 900629,EH1 2BJ,9999850340,E04,2023-01-05,Active
AN0000545,liam,abara,1995-09-05,M,liam.abara545@example.com,(0161) 496 9192,eh1  7ab,9994005642,E07,2017-10-08,Active
AN0000546,wei,whitfield,1992-09-09,M,wei.whitfield546@example.com,+44 7700 900174,BS11GB,9999918727,E04,2022-02-18,Withdrawn
AN0000547,sarah,sharma,1995-04-09,f,,+44 7700 900410,b151aa,9996821714,E11,2021-07-27,Active
AN0000548,daniel,haddad,1995-05-04,M,daniel.haddad548@example.com,07700900332,CF10 9AA,9993010278,E03,2016-08-25,Active
AN0000549,daniel,iqbal,1994-06-06,F,,+44 7700 900507,l1  2bb,9998375371,E05,2022-10-03,Active
AN0000550,yusuf,kaur,1992-05-19,f,yusuf.kaur550@example.com,07700900615,m11gh,9999741320,E02,2018-09-27,Active
AN0000551,sarah,iqbal,2004-02-03,M,sarah.iqbal551@example.com,07700900765,L1 2AJ,9994496417,E15,2024-02-17,Active
AN0000552,meera,okafor,1995-09-07,M,meera.okafor552@example.com,+44 7700 900488,LS1 7AF,9995095491,E07,2020-04-16,Deferred
AN0000553,daniel,khan,1998-05-21,m,daniel.khan553@example.com,(0161) 496 7358,eh1  9jh,9999842674,E02,2022-12-20,Active
AN0000554,george,fenton,2001-07-19,M,george.fenton554@example.com,07700900402,G17AF,9994901494,E06,2023-08-27,Deferred
AN0000555,yusuf,nwosu,1995-12-20,F,yusuf.nwosu555@example.com,+44 7700 900137,G1 8EH,9991498516,E01,2020-12-22,Active
AN0000556,chloe,fenton,1996-06-01,m,chloe.fenton556@example.com,+44 7700 900278,ls11eb,9992879505,E02,2019-02-05,Active
AN0000557,george,okafor,1999-11-12,M,george.okafor557@example.com,07700900458,m1  2jb,9993359564,E16,2023-08-10,Withdrawn
AN0000558,erin,mackenzie,1999-02-27,F,erin.mackenzie558@example.com,+44 7700 900517,G18FA,9990429014,E07,2017-08-09,Deferred
AN0000559,ethan,murray,1995-01-23,f,ethan.murray559@example.com,(0161) 496 7206,bs11dh,9991139893,E09,2024-10-03,Suspended
AN0000560,yusuf,lawson,2003-04-08,F,yusuf.lawson560@example.com,+44 7700 900299,BS1 5EG,9995375133,E01,2021-12-01,Withdrawn
AN0000561,zainab,byrne,1993-04-03,M,zainab.byrne561@example.com,(0161) 496 8932,bs1  4jh,9999445519,E16,2019-12-12,Active
AN0000562,ethan,chen,1997-03-13,m,ethan.chen562@example.com,(0161) 496 1254,ls12hf,9997120604,E03,2022-06-17,Active
AN0000563,ethan,abara,1997-05-11,F,ethan.abara563@example.com,+44 7700 900813,NE1 4FB,9995999102,E16,2021-12-08,Withdrawn
AN0000564,oliver,reid,1991-12-21,F,oliver.reid564@example.com,+44 7700 900588,LS1 3BD,9997289412,E02,2020-08-01,Active
AN0000565,daniel,sharma,1995-08-10,f,,+44 7700 900493,g1  3da,9993684996,E06,2022-04-29,Active
AN0000566,isla,nwosu,1994-12-16,F,isla.nwosu566@example.com,+44 7700 900273,eh15be,9992138823,E14,2017-04-30,Suspended
AN0000567,erin,rossi,2001-01-13,F,erin.rossi567@example.com,(0161) 496 1422,g14fh,9998274117,E01,2022-01-12,Active
AN0000568,george,byrne,1995-05-21,f,george.byrne568@example.com,(0161) 496 4644,M1 6DG,9998150612,E06,2017-07-14,Active
AN0000569,noah,kaur,1994-11-28,F,noah.kaur569@example.com,(0161) 496 4607,b15  5jd,9992742313,E07,2016-02-02,Active
AN0000570,liam,patel,1994-12-24,M,liam.patel570@example.com,+44 7700 900804,EH17EG,9992434775,E10,2022-04-03,Suspended
AN0000571,sofia,patel,2000-01-07,m,,(0161) 496 5706,cf108ge,9991275150,E10,2019-04-25,Withdrawn
AN0000572,chloe,lawson,1995-11-12,M,chloe.lawson572@example.com,+44 7700 900374,NE1 4HA,9995456672,E09,2021-06-04,Active
AN0000573,kai,sharma,1993-09-19,F,kai.sharma573@example.com,07700900146,eh1  8he,9992831995,E06,2019-01-04,Active
AN0000574,omar,okafor,2000-11-19,f,omar.okafor574@example.com,(0161) 496 2039,SW1A9EG,9992863420,E11,2024-12-30,Active
AN0000575,tom,rossi,2003-03-21,M,tom.rossi575@example.com,(0161) 496 9627,M1 9HJ,9994403303,E04,2024-03-22,Withdrawn
AN0000576,hannah,fenton,1991-09-10,M,hannah.fenton576@example.com,(0161) 496 5423,M1 2BH,9998921961,E07,2020-03-27,Deferred
AN0000577,idris,cohen,1994-10-02,f,idris.cohen577@example.com,+44 7700 900307,m1  5jh,9991368477,E05,2020-10-07,Withdrawn
AN0000578,callum,okafor,1992-01-15,F,callum.okafor578@example.com,07700900831,M18EA,9993757918,E05,2021-07-28,Active
AN0000579,idris,kaur,1997-02-28,M,idris.kaur579@example.com,+44 7700 900601,BS1 4BD,9997893077,E04,2016-12-08,Active
AN0000580,omar,cohen,1999-04-01,f,omar.cohen580@example.com,(0161) 496 5393,B15 9JJ,9991161627,E14,2017-09-08,Active
AN0000581,amara,whitfield,2001-11-12,F,amara.whitfield581@example.com,+44 7700 900741,ne1  8dh,9994164481,E06,2020-11-27,Suspended
AN0000582,hassan,kaur,1997-06-19,M,hassan.kaur582@example.com,(0161) 496 7082,NE15JJ,9995622718,E14,2017-11-10,Active
AN0000583,tom,murray,1990-06-05,f,tom.murray583@example.com,+44 7700 900739,l13bg,9993503444,E09,2017-01-19,Suspended
AN0000584,zainab,bello,2000-04-04,M,zainab.bello584@example.com,+44 7700 900256,M1 4FD,9991289658,E04,2024-08-07,Activ
AN0000585,tom,nwosu,1994-09-27,M,tom.nwosu585@example.com,(0161) 496 3400,ls1  3ja,9990287678,E06,2016-01-11,Active
AN0000586,fatima,rossi,1995-11-19,f,fatima.rossi586@example.com,+44 7700 900958,NE16BE,9994268775,E04,2020-05-29,Withdrawn
AN0000587,sofia,lawson,1992-05-30,M,sofia.lawson587@example.com,+44 7700 900474,l16he,9993652032,E01,2020-11-18,Active
AN0000588,james,osman,1996-05-12,F,james.osman588@example.com,(0161) 496 9237,sw1a5af,9996044092,E14,2019-06-25,Deferred
AN0000589,grace,kaur,1995-11-14,f,grace.kaur589@example.com,07700900763,ne1  2ag,9992221615,E15,2021-02-04,Active
AN0000590,daniel,thompson,1999-11-04,M,daniel.thompson590@example.com,+44 7700 900788,G13GA,9996601382,E13,2022-02-06,Withdrawn
AN0000591,liam,nwosu,2002-08-06,M,liam.nwosu591@example.com,07700900519,LS1 1FF,9991579192,E01,2020-12-21,Active
AN0000592,kai,byrne,1988-12-10,m,kai.byrne592@example.com,+44 7700 900741,sw1a3ae,9994324470,E04,2018-01-17,Active
AN0000593,zainab,osman,1996-05-11,F,zainab.osman593@example.com,(0161) 496 3793,sw1a  7de,9996543587,E04,2020-01-29,Active
AN0000594,george,whitfield,1999-03-19,M,george.whitfield594@example.com,07700900746,LS18DJ,9995512548,E03,2021-03-30,Active
AN0000595,chloe,okafor,1993-04-20,f,chloe.okafor595@example.com,07700900584,B15 5GG,9996403815,E09,2020-12-03,Active
AN0000596,hassan,robertson,2004-06-07,M,hassan.robertson596@example.com,(0161) 496 9586,b153dg,9990142572,E10,2022-08-26,Active
AN0000597,james,novak,1996-06-04,F,james.novak597@example.com,+44 7700 900289,b154hb,9992850728,E11,2017-08-27,Active
AN0000598,sofia,novak,1991-02-21,f,sofia.novak598@example.com,07700900951,L14BH,9992654694,E10,2020-06-02,Suspended
AN0000599,zainab,patel,1994-06-29,M,zainab.patel599@example.com,(0161) 496 3918,B15 6GG,9996156265,E13,2023-07-06,Active
AN0000600,callum,novak,2003-01-13,F,callum.novak600@example.com,+44 7700 900507,NE1 2JB,9991602526,E10,2021-05-22,Withdrawn
AN0000601,james,patel,1994-10-15,f,james.patel601@example.com,07700900410,cf10  5bj,9997585127,Z99,2023-05-02,Suspended
AN0000602,yusuf,novak,1996-11-24,F,yusuf.novak602@example.com,(0161) 496 5224,B159JH,9994017756,E15,2016-11-23,Suspended
AN0000603,george,haddad,1991-05-22,M,george.haddad603@example.com,07700900283,EH1 6HA,9994091506,E10,2019-10-14,Active
AN0000604,liam,rossi,1996-11-13,f,liam.rossi604@example.com,+44 7700 900381,G1 8EJ,9995502917,E10,2017-01-22,Suspended
AN0000605,daniel,reid,1993-09-26,F,daniel.reid605@example.com,+44 7700 900288,eh12hb,9999449883,E02,2023-02-21,Withdrawn
AN0000606,zainab,osman,1999-09-15,F,zainab.osman606@example.com,07700900896,LS15AH,9994406302,E09,2021-04-21,Withdrawn
AN0000607,george,adeyemi,1993-10-04,m,,+44 7700 900118,g14bf,9999796958,E10,2021-03-09,Active
AN0000608,daniel,cohen,1995-12-23,M,daniel.cohen608@example.com,+44 7700 900860,L1 4DH,9991385444,E06,2019-08-02,Active
AN0000609,james,chen,1995-10-16,F,james.chen609@example.com,07700900525,sw1a  5je,9998269113,E10,2023-01-03,Active
AN0000610,sarah,osman,1999-01-13,f,sarah.osman610@example.com,07700900460,b157fg,9991588868,E02,2019-03-31,Deferred
AN0000611,meera,bianchi,1998-08-02,M,meera.bianchi611@example.com,(0161) 496 3910,cf105ag,9992169664,E09,2021-03-15,Active
AN0000612,grace,ali,1989-11-12,M,grace.ali612@example.com,07700900849,CF10 1GE,9997150961,E07,2017-07-21,Deferred
AN0000613,oliver,iqbal,2002-11-16,f,oliver.iqbal613@example.com,(0161) 496 4273,g1  3fb,9997327810,E06,2024-02-09,Deferred
AN0000614,fatima,grant,2005-02-05,M,fatima.grant614@example.com,07700900516,ne18hb,9994819801,E01,2024-02-05,Active
AN0000615,isla,fenton,1991-06-06,F,isla.fenton615@example.com,+44 7700 900623,L1 7BB,9994912569,E06,2020-06-19,Active
AN0000616,idris,patel,1996-03-26,f,idris.patel616@example.com,07700900175,L1 8EF,9999022847,E14,2018-05-10,Active
AN0000617,hassan,iqbal,2001-08-02,M,hassan.iqbal617@example.com,07700900412,l18fd,9992294647,E02,2024-01-02,Active
AN0000618,hassan,mackenzie,1990-08-30,F,hassan.mackenzie618@example.com,+44 7700 900620,NE17JD,9992985852,E10,2017-08-30,Deferred
AN0000619,noah,nwosu,1996-08-29,f,noah.nwosu619@example.com,(0161) 496 1233,M1 6EF,9992491353,E12,2021-11-21,Active
AN0000620,hannah,khan,1998-06-24,M,hannah.khan620@example.com,+44 7700 900133,CF10 2GB,9998810795,E02,2024-10-12,Active
AN0000621,idris,khan,1988-09-21,M,idris.khan621@example.com,07700900567,ls1  1ff,9993128406,E07,2018-01-18,Active
AN0000622,hassan,bianchi,1996-11-18,m,hassan.bianchi622@example.com,07700900900,SW1A6BE,9999397492,E14,2022-07-08,Suspended
AN0000623,yusuf,lawson,1987-08-25,M,yusuf.lawson623@example.com,07700900750,bs18af,9999472583,E12,2017-04-01,Suspended
AN0000624,noah,mackenzie,1992-08-18,F,noah.mackenzie624@example.com,+44 7700 900674,NE1 5JB,9992705876,E12,2018-12-18,Active
AN0000625,liam,bianchi,1992-06-08,m,liam.bianchi625@example.com,(0161) 496 8261,g19de,9993348457,E12,2020-11-04,Active
AN0000626,kai,bello,1991-02-27,F,kai.bello626@example.com,+44 7700 900884,CF103DD,9998796431,E04,2018-05-11,Active
AN0000627,zainab,chen,1995-12-14,F,zainab.chen627@example.com,+44 7700 900535,bs17ha,9996065278,E04,2019-06-08,Active
AN0000628,tom,novak,2001-08-21,f,tom.novak628@example.com,+44 7700 900537,cf106ee,9997411323,E06,2024-01-14,Withdrawn
AN0000629,omar,osman,2002-09-25,F,omar.osman629@example.com,+44 7700 900721,bs1  7ab,9995485745,E08,2021-04-08,Active
AN0000630,erin,khan,1993-04-07,M,erin.khan630@example.com,(0161) 496 5896,BS14BJ,9999848842,E14,2016-10-30,Active
AN0000631,yusuf,fenton,1994-06-03,f,yusuf.fenton631@example.com,(0161) 496 8304,B15 3GJ,9995534495,E14,2023-11-04,Active
AN0000632,noah,haddad,1996-02-15,M,noah.haddad632@example.com,(0161) 496 1987,NE1 6AH,9998587492,E06,2020-10-16,Withdrawn
AN0000633,omar,byrne,2002-07-27,M,omar.byrne633@example.com,07700900917,ne12je,9996477258,E16,2022-05-04,Active
AN0000634,oliver,wright,1995-03-04,m,oliver.wright634@example.com,+44 7700 900400,SW1A7AA,9996243958,E01,2024-10-04,Withdrawn
AN0000635,chloe,doyle,1998-08-24,M,chloe.doyle635@example.com,+44 7700 900251,B15 5DB,9999028519,E06,2022-06-10,Deferred
AN0000636,kai,ali,2002-02-09,F,kai.ali636@example.com,+44 7700 900377,B15 4GA,9997160738,E10,2023-05-19,Active
AN0000637,oliver,robertson,1996-09-15,m,oliver.robertson637@example.com,+44 7700 900279,ne19bd,9991795561,E07,2018-03-24,Active
AN0000638,idris,wright,1994-09-10,M,idris.wright638@example.com,(0161) 496 1264,SW1A7HH,9991554165,E05,2020-01-13,Active
AN0000639,noah,kaur,1995-05-13,F,noah.kaur639@example.com,07700900431,SW1A 3ED,9992822708,E15,2020-05-15,Suspended
AN0000640,yusuf,khan,2000-11-26,f,yusuf.khan640@example.com,(0161) 496 7868,LS1 3DD,9991207341,E10,2023-05-31,Withdrawn
AN0000641,kai,doyle,1991-07-17,M,kai.doyle641@example.com,07700900439,sw1a  8ad,9990869820,E03,2018-12-22,Active
AN0000642,zainab,lawson,1998-12-03,M,zainab.lawson642@example.com,+44 7700 900587,L17JD,9990477426,E06,2018-07-01,Withdrawn
AN0000643,grace,novak,2004-05-17,f,grace.novak643@example.com,07700900972,BS1 4DE,9992311649,E08,2024-01-13,Active
AN0000644,george,nwosu,1995-10-13,F,george.nwosu644@example.com,07700900573,BS1 9FD,9993202037,E03,2024-03-09,Active
AN0000645,james,osman,1995-12-04,M,james.osman645@example.com,07700900936,bs1  7je,9995524570,E01,2021-05-23,Withdrawn
AN0000646,leila,abara,1993-06-27,m,leila.abara646@example.com,07700900536,SW1A9DB,9997118421,E11,2019-11-03,Active
AN0000647,nadia,rossi,1990-09-09,F,nadia.rossi647@example.com,(0161) 496 9370,B15 3EA,9995892987,E15,2016-12-05,Deferred
AN0000648,sofia,ali,1997-07-24,F,sofia.ali648@example.com,+44 7700 900796,LS1 4DH,9994064681,E09,2023-10-12,Active
AN0000649,daniel,chen,2002-02-07,m,daniel.chen649@example.com,+44 7700 900669,eh14ba,9992272368,E03,2024-02-03,Withdrawn
AN0000650,callum,osman,1996-09-09,M,callum.osman650@example.com,+44 7700 900382,LS17BD,9992450185,E05,2018-03-03,Suspended
AN0000651,chloe,kaur,1997-05-27,F,chloe.kaur651@example.com,+44 7700 900227,NE1 8DB,9995406411,E01,2022-09-17,Active
AN0000652,erin,murray,1998-05-12,m,erin.murray652@example.com,07700900190,BS1 6EJ,9996601447,E04,2023-10-03,Withdrawn
AN0000653,nadia,novak,1995-09-19,M,,+44 7700 900925,l1  4je,9994178997,E10,2018-10-26,Suspended
AN0000654,priya,bello,1990-02-01,M,priya.bello654@example.com,+44 7700 900882,b156hh,999BGB7986,E15,2017-03-17,Active
AN0000655,leila,reid,1994-07-04,m,,+44 7700 900436,m15ha,9994555340,E01,2016-04-15,Deferred
AN0000656,daniel,grant,1995-06-28,M,daniel.grant656@example.com,+44 7700 900889,ne16hg,9992715596,E02,2023-11-03,Active
AN0000657,sarah,reid,2004-07-16,F,sarah.reid657@example.com,07700900754,ls1  7ef,9997557522,E03,2024-02-05,Active
AN0000658,sarah,whitfield,1999-10-30,f,,07700900651,LS17BE,9999642586,E11,2022-07-11,Active
AN0000659,kai,robertson,1987-10-08,M,,+44 7700 900330,l11ed,9994073338,E02,2017-02-28,Active
AN0000660,wei,okafor,1998-04-24,F,wei.okafor660@example.com,(0161) 496 7791,NE1 9EH,9998969646,E11,2019-04-30,Deferred
AN0000661,nadia,iqbal,1998-08-27,f,nadia.iqbal661@example.com,+44 7700 900809,ls1  6ed,9998785197,E02,2020-02-02,Withdrawn
AN0000662,ruth,murray,1996-12-07,F,ruth.murray662@example.com,+44 7700 900956,SW1A8JJ,9990572151,E16,2023-03-26,Withdrawn
AN0000663,hassan,adeyemi,2005-06-25,F,hassan.adeyemi663@example.com,07700900236,CF10 4JF,9994539868,E13,2024-02-28,Deferred
AN0000664,yusuf,okafor,2004-05-05,m,yusuf.okafor664@example.com,07700900172,bs12hd,9993922072,E08,2022-11-01,Active
AN0000665,sarah,robertson,1992-11-29,F,sarah.robertson665@example.com,+44 7700 900585,ls1  6db,9992647124,E04,2022-06-09,Active
AN0000666,fatima,iqbal,1995-03-01,F,fatima.iqbal666@example.com,+44 7700 900196,NE15AA,9990512086,E14,2023-04-05,Active
AN0000667,callum,mackenzie,1988-07-15,f,callum.mackenzie667@example.com,(0161) 496 3824,B15 8DE,9991295925,E01,2016-04-23,Withdrawn
AN0000668,ethan,chen,2002-12-13,M,ethan.chen668@example.com,(0161) 496 6106,EH1 2GD,9992173920,E06,2020-12-28,Active
AN0000669,idris,grant,1988-07-18,M,idris.grant669@example.com,+44 7700 900474,ls14je,9990507910,E16,2017-04-21,Withdrawn
AN0000670,kai,wright,1994-08-02,f,kai.wright670@example.com,07700900758,B155GD,9993466662,E16,2022-04-25,Active
AN0000671,meera,thompson,1992-12-10,F,meera.thompson671@example.com,+44 7700 900905,EH1 1AE,9994998250,E15,2019-08-09,Suspended
AN0000672,priya,mackenzie,1998-11-01,M,priya.mackenzie672@example.com,(0161) 496 8107,ne19dg,9990317232,E06,2020-04-25,Active
AN0000673,meera,whitfield,1994-05-27,m,meera.whitfield673@example.com,(0161) 496 4375,m15ae,9995263564,E15,2022-05-28,Active
AN0000674,grace,ali,1994-08-17,F,grace.ali674@example.com,07700900827,eh14fh,9996664376,E04,2022-12-21,Suspended
AN0000675,noah,murray,2001-10-25,M,noah.murray675@example.com,07700900328,M1 2BD,9997128524,E04,2020-06-07,Withdrawn
AN0000676,isla,rossi,1996-06-05,f,isla.rossi676@example.com,+44 7700 900222,CF10 4BJ,9998077117,E02,2019-03-19,Active
AN0000677,amara,byrne,1995-06-23,M,amara.byrne677@example.com,+44 7700 900479,l13ja,9998335094,E14,2024-07-20,Active
AN0000678,yusuf,adeyemi,1994-05-02,M,yusuf.adeyemi678@example.com,(0161) 496 1924,CF107DF,9993235709,E01,2017-12-19,Active
AN0000679,grace,wright,1993-01-06,m,grace.wright679@example.com,07700900425,SW1A 2BH,9992130601,E15,2019-03-24,Deferred
AN0000680,chloe,osman,1996-04-21,M,chloe.osman680@example.com,+44 7700 900943,L1 7FH,9993794570,E12,2017-05-05,Active
AN0000681,sofia,lawson,1998-11-07,F,sofia.lawson681@example.com,07700900278,cf105dg,9996420760,E02,2020-01-15,Active
AN0000682,hannah,kaur,1998-05-27,f,hannah.kaur682@example.com,(0161) 496 8546,L18HJ,9995628333,E07,2019-12-16,Withdrawn
AN0000683,hassan,whitfield,1995-09-08,F,hassan.whitfield683@example.com,07700900882,CF10 6FE,9997187490,E09,2024-03-06,Active
AN0000684,tom,cohen,2001-08-29,F,tom.cohen684@example.com,+44 7700 900553,SW1A 4HD,9996573273,E06,2022-03-09,Suspended
AN0000685,leila,thompson,2005-09-19,m,leila.thompson685@example.com,+44 7700 900982,sw1a  6bg,9995323419,E11,2024-10-28,Suspended
AN0000686,hassan,lawson,1995-07-20,M,hassan.lawson686@example.com,+44 7700 900203,NE13DD,9998962889,E12,2021-01-03,Withdrawn
AN0000687,ruth,abara,1999-08-08,F,ruth.abara687@example.com,+44 7700 900140,LS1 7JH,9990957991,E03,2018-10-18,Active
AN0000688,meera,novak,1998-11-23,m,meera.novak688@example.com,(0161) 496 2128,LS1 3FH,9991354158,E12,2022-05-10,Active
AN0000689,amara,iqbal,1997-02-16,F,amara.iqbal689@example.com,(0161) 496 1384,l16da,9994476505,E04,2018-11-01,Withdrawn
AN0000690,leila,byrne,1993-09-14,M,leila.byrne690@example.com,(0161) 496 1174,BS11FH,9997660463,E06,2019-09-25,Active
AN0000691,nadia,murray,1999-05-13,f,nadia.murray691@example.com,07700900600,EH1 5BJ,9991581022,E08,2019-11-02,Active
AN0000692,amara,iqbal,1995-12-10,M,amara.iqbal692@example.com,07700900984,M1 1AG,9999129757,E08,2016-09-23,Suspended
AN0000693,priya,murray,1996-06-15,M,priya.murray693@example.com,+44 7700 900193,sw1a  7ee,9991658378,E07,2017-07-22,Withdrawn
AN0000694,grace,murray,1992-09-12,m,grace.murray694@example.com,+44 7700 900619,SW1A2DE,9998931134,E03,2018-02-01,Deferred
AN0000695,chloe,ali,1993-06-03,F,,07700900392,b157fg,9998044219,E15,2017-10-27,Active
AN0000696,zainab,lawson,2005-08-17,M,zainab.lawson696@example.com,07700900833,L1 1BG,9995919451,E01,2024-03-21,Active
AN0000697,zainab,patel,1993-12-10,m,zainab.patel697@example.com,+44 7700 900274,sw1a  6hj,9995677725,E13,2019-05-14,Withdrawn
AN0000698,nadia,okafor,1994-01-16,M,nadia.okafor698@example.com,+44 7700 900114,CF103DD,9990672458,E07,2017-07-25,Active
AN0000699,callum,nwosu,1993-01-11,M,callum.nwosu699@example.com,+44 7700 900721,L1 7HD,9990511578,E05,2019-05-28,Active
AN0000700,ethan,patel,2003-06-10,f,ethan.patel700@example.com,+44 7700 900415,ls16fh,9999284558,E13,2025-01-04,Active
AN0000701,liam,okafor,1997-06-11,M,liam.okafor701@example.com,+44 7700 900434,b15  6jf,9999532594,Z99,2021-01-05,Withdrawn
AN0000702,hannah,doyle,1993-01-07,F,hannah.doyle702@example.com,(0161) 496 6135,ne12hd,9991877940,E16,2018-10-17,Active
AN0000703,chloe,whitfield,2002-09-08,f,chloe.whitfield703@example.com,(0161) 496 1967,L1 4EA,9999782450,E12,2024-11-15,Active
AN0000704,hannah,fenton,2002-02-01,F,hannah.fenton704@example.com,07700900853,b159fe,9996044327,E05,2023-03-30,Active
AN0000705,noah,kaur,2000-06-14,F,noah.kaur705@example.com,+44 7700 900251,l17dj,9991474390,E01,2024-07-19,Active
AN0000706,hassan,chen,2001-06-16,m,hassan.chen706@example.com,(0161) 496 8816,G13GH,9990459908,E15,2019-08-15,Withdrawn
AN0000707,meera,byrne,1996-07-24,M,,07700900830,B15 2GG,9996517683,E15,2016-10-05,Suspended
AN0000708,noah,fenton,1991-03-29,M,noah.fenton708@example.com,(0161) 496 8348,LS1 2FE,9998003709,E15,2020-06-09,Active
AN0000709,wei,abara,1991-02-10,f,wei.abara709@example.com,+44 7700 900749,cf10  1fj,9996810399,E15,2017-07-17,Active
AN0000710,hassan,patel,1992-12-24,F,hassan.patel710@example.com,07700900948,LS17ED,9999448585,E10,2016-01-30,Active
AN0000711,chloe,bello,1995-08-12,F,chloe.bello711@example.com,(0161) 496 7432,M1 5JA,9998632102,E10,2018-11-15,Deferred
AN0000712,omar,reid,1996-07-09,f,,(0161) 496 4511,BS1 5GJ,9993943800,E05,2018-04-22,Active
AN0000713,hannah,nwosu,1998-01-21,F,hannah.nwosu713@example.com,07700900568,cf10  3jj,9994319108,E14,2019-09-29,Suspended
AN0000714,yusuf,okafor,2000-08-29,F,yusuf.okafor714@example.com,+44 7700 900681,LS12AG,9994731076,E03,2019-01-28,Active
AN0000715,liam,khan,1992-11-01,f,liam.khan715@example.com,+44 7700 900819,BS1 8BD,9996600769,E01,2018-08-19,Active
AN0000716,james,osman,1988-06-03,F,james.osman716@example.com,07700900836,l14fa,9993370096,E09,2016-06-29,Suspended
AN0000717,idris,ali,1994-12-22,F,idris.ali717@example.com,+44 7700 900712,g1  8jd,9995882558,E09,2024-01-09,Active
AN0000718,zainab,grant,1997-09-14,f,zainab.grant718@example.com,07700900517,G17BF,9995577828,E15,2019-11-24,Active
AN0000719,grace,cohen,1993-11-07,M,grace.cohen719@example.com,(0161) 496 4372,CF10 2HB,9998081904,E04,2022-01-21,Suspended
AN0000720,omar,ali,1994-03-21,F,omar.ali720@example.com,+44 7700 900849,G1 9HH,9995613727,E07,2023-09-02,Withdrawn
AN0000721,erin,fenton,2001-12-22,m,erin.fenton721@example.com,(0161) 496 6022,b15  7fe,9991321144,E01,2021-08-28,Active
AN0000722,zainab,novak,2002-02-09,F,zainab.novak722@example.com,+44 7700 900313,eh17ja,9990755043,E12,2020-07-08,Deferred
AN0000723,chloe,rossi,2005-01-19,F,chloe.rossi723@example.com,(0161) 496 9033,sw1a7aj,9991748113,E02,2024-08-19,Withdrawn
AN0000724,oliver,robertson,2001-01-28,f,oliver.robertson724@example.com,+44 7700 900417,NE1 8EH,9992908718,E03,2024-05-26,Active
AN0000725,ruth,osman,1994-04-20,F,ruth.osman725@example.com,07700900814,ne1  8dj,9992049561,E08,2020-05-08,Withdrawn
AN0000726,hannah,byrne,1992-07-26,M,hannah.byrne726@example.com,+44 7700 900894,LS17AF,9995973715,E08,2018-03-26,Active
AN0000727,wei,khan,1995-10-08,f,wei.khan727@example.com,+44 7700 900913,CF10 1GB,9990468613,E16,2022-10-14,Active
AN0000728,erin,novak,1994-06-18,M,erin.novak728@example.com,(0161) 496 3253,M1 1DB,9993785849,E12,2020-01-04,Active
AN0000729,hassan,haddad,1991-04-05,M,hassan.haddad729@example.com,+44 7700 900407,ls1  7ag,9990184984,E14,2017-04-19,Active
AN0000730,daniel,reid,1993-06-13,m,daniel.reid730@example.com,07700900589,L14BD,9998122821,E16,2018-09-25,Active
AN0000731,hassan,nwosu,1990-03-17,F,hassan.nwosu731@example.com,(0161) 496 5300,CF10 1HA,9996035670,E02,2018-10-08,Withdrawn
AN0000732,meera,bello,1998-04-23,M,meera.bello732@example.com,+44 7700 900633,EH1 8BH,9996181200,E11,2024-11-11,Active
AN0000733,george,grant,1999-11-18,f,george.grant733@example.com,(0161) 496 8699,ne1  8hd,9991758895,E16,2023-04-17,Active
AN0000734,kai,adeyemi,1991-07-16,M,kai.adeyemi734@example.com,+44 7700 900431,B154GF,9995864495,E09,2019-03-29,Withdrawn
AN0000735,chloe,bello,2004-06-03,M,chloe.bello735@example.com,07700900470,ne19ge,9993952753,E02,2024-10-28,Active
AN0000736,ruth,adeyemi,1996-08-19,f,ruth.adeyemi736@example.com,+44 7700 900720,M1 5BH,9996013472,E01,2022-05-16,Suspended
AN0000737,ethan,osman,1999-05-10,M,ethan.osman737@example.com,(0161) 496 9020,bs1  2jh,9991221506,E15,2020-09-18,Deferred
AN0000738,george,thompson,1995-10-16,M,george.thompson738@example.com,07700900860,CF104AA,9995944634,E02,2022-02-24,Active
AN0000739,kai,rossi,1998-10-07,m,kai.rossi739@example.com,07700900424,B15 3HE,9997113632,E02,2019-12-19,Active
AN0000740,erin,nwosu,1996-05-02,M,erin.nwosu740@example.com,+44 7700 900415,CF10 7JE,9991677267,E10,2018-06-21,Active
AN0000741,tom,lawson,1997-12-14,F,tom.lawson741@example.com,+44 7700 900611,ne1  7je,9991962638,E07,2023-07-20,Active
AN0000742,callum,adeyemi,1989-05-26,m,callum.adeyemi742@example.com,+44 7700 900998,L11EB,9990695563,E14,2018-10-15,Active
AN0000743,omar,grant,2001-02-26,F,omar.grant743@example.com,+44 7700 900375,G1 5JD,9999898300,E10,2020-10-03,Active
AN0000744,chloe,ali,1987-10-21,M,chloe.ali744@example.com,07700900666,SW1A 5BF,9994264230,E09,2017-01-03,Active
AN0000745,ethan,byrne,1999-07-16,m,ethan.byrne745@example.com,+44 7700 900581,cf10  3ea,9993911143,E03,2018-08-07,Suspended
AN0000746,chloe,grant,1998-12-20,M,chloe.grant746@example.com,07700900291,b151gd,9998088062,E13,2022-03-16,Active
AN0000747,meera,chen,1995-12-24,F,meera.chen747@example.com,+44 7700 900565,ls12ed,9990162042,E01,2017-06-25,Suspended
AN0000748,leila,bianchi,1993-09-07,f,leila.bianchi748@example.com,(0161) 496 8645,NE1 6HF,9996287203,E07,2020-06-05,Active
AN0000749,hannah,mackenzie,1989-09-25,F,hannah.mackenzie749@example.com,+44 7700 900482,sw1a6je,9993627925,E05,2017-04-18,Active
AN0000750,wei,okafor,1993-03-17,F,wei.okafor750@example.com,+44 7700 900829,L16EJ,9990321450,E15,2018-07-19,Active
AN0000751,kai,robertson,1999-03-27,f,kai.robertson751@example.com,+44 7700 900624,NE1 8AJ,9995348209,E08,2023-04-30,Active
AN0000752,priya,okafor,1999-12-30,F,priya.okafor752@example.com,+44 7700 900513,G1 8GG,9991265740,E13,2021-09-17,Active
AN0000753,liam,bello,1997-10-07,M,liam.bello753@example.com,+44 7700 900410,sw1a  3eh,9996268942,E07,2020-04-21,Active
AN0000754,amara,abara,1993-10-03,m,amara.abara754@example.com,+44 7700 900269,L12BJ,9995957493,E06,2016-06-02,Withdrawn
AN0000755,ethan,chen,1994-10-11,F,ethan.chen755@example.com,(0161) 496 5018,B15 1HJ,9998476097,E05,2023-06-28,Deferred
AN0000756,sarah,doyle,1991-05-13,M,sarah.doyle756@example.com,(0161) 496 5075,L1 3BG,9996695417,E02,2017-08-29,Active
AN0000757,kai,novak,1993-09-04,f,kai.novak757@example.com,+44 7700 900542,ls1  7ja,9995143771,E10,2016-09-28,Suspended
AN0000758,callum,haddad,1957-05-20,M,callum.haddad758@example.com,+44 7700 900712,G17BB,9992007206,E13,2018-08-21,Active
AN0000759,leila,novak,2000-01-24,M,leila.novak759@example.com,+44 7700 900417,G1 2AB,9999032672,E08,2023-11-07,Active
AN0000760,grace,doyle,2002-07-06,m,grace.doyle760@example.com,+44 7700 900720,eh13bj,9994065270,E01,2021-11-24,Active
AN0000761,isla,kaur,1999-05-05,M,isla.kaur761@example.com,07700900967,eh1  6ee,9992010916,E13,2023-11-30,Active
AN0000762,wei,chen,2004-09-20,F,wei.chen762@example.com,07700900693,B158HH,9998943701,E11,2024-02-08,Active
AN0000763,tom,iqbal,1998-09-15,f,tom.iqbal763@example.com,+44 7700 900932,L1 8HG,9995659204,E03,2016-09-27,Active
AN0000764,liam,patel,1999-09-15,M,,+44 7700 900718,L1 5ED,9990559554,E14,2019-10-02,Active
AN0000765,chloe,doyle,2000-05-02,M,chloe.doyle765@example.com,+44 7700 900774,ne1  5he,9990798486,E01,2021-08-14,Active
AN0000766,daniel,okafor,1993-06-30,f,daniel.okafor766@example.com,(0161) 496 7836,L14GE,9994039466,E04,2020-07-26,Active
AN0000767,priya,ali,1999-06-30,M,priya.ali767@example.com,+44 7700 900177,EH1 9HA,9998841364,E06,2021-01-14,Active
AN0000768,james,novak,2001-05-14,M,james.novak768@example.com,(0161) 496 1338,m13fd,9994626329,E11,2020-10-25,Active
AN0000769,isla,rossi,1997-09-03,m,isla.rossi769@example.com,(0161) 496 2989,sw1a  4bf,9991751882,E01,2023-10-03,Suspended
AN0000770,meera,novak,2000-10-14,F,meera.novak770@example.com,07700900461,ls17ef,9999112250,E03,2022-11-21,Suspended
AN0000771,meera,reid,1996-01-07,M,meera.reid771@example.com,+44 7700 900498,CF10 2HE,9999791379,E01,2024-06-28,Active
AN0000772,noah,iqbal,2000-03-11,f,noah.iqbal772@example.com,+44 7700 900684,G1 1GG,9999881920,E12,2018-03-26,Active
AN0000773,sarah,bello,1987-12-09,M,sarah.bello773@example.com,+44 7700 900941,cf10  5ab,9994246240,E06,2016-05-13,Deferred
AN0000774,liam,wright,2000-05-23,F,liam.wright774@example.com,07700900516,SW1A1FG,9991289917,E11,2020-01-30,Active
AN0000775,george,bianchi,1996-08-01,m,george.bianchi775@example.com,07700900696,M1 4AF,9998818982,E05,2019-09-29,Suspended
AN0000776,sarah,lawson,2002-02-06,F,sarah.lawson776@example.com,+44 7700 900441,EH1 1DB,9995681420,E02,2020-07-11,Active
AN0000777,amara,nwosu,1996-02-22,M,amara.nwosu777@example.com,+44 7700 900846,ls1  3eh,9998493781,E02,2023-04-10,Active
AN0000778,tom,bello,1999-03-23,f,tom.bello778@example.com,+44 7700 900514,BS17FF,9991649700,E08,2023-06-24,Active
AN0000779,omar,adeyemi,2002-12-15,M,omar.adeyemi779@example.com,(0161) 496 2965,B15 3AE,9990162344,E08,2023-10-02,Suspended
AN0000780,noah,whitfield,2005-01-12,F,noah.whitfield780@example.com,+44 7700 900311,L1 3DB,9995668475,E07,2024-01-16,Deferred
AN0000781,tom,robertson,1998-08-19,f,tom.robertson781@example.com,+44 7700 900380,cf10  1fa,9992007842,E07,2019-12-17,Active
AN0000782,erin,mackenzie,1995-03-14,M,erin.mackenzie782@example.com,+44 7700 900114,L19BJ,9993734764,E04,2017-07-30,Active
AN0000783,fatima,grant,1999-03-06,F,fatima.grant783@example.com,+44 7700 900664,ne13bf,9998414849,E10,2017-06-30,Active
AN0000784,hassan,lawson,1995-10-26,f,hassan.lawson784@example.com,(0161) 496 9682,LS1 8AD,9995869500,E12,2017-03-14,Active
AN0000785,sarah,khan,1989-11-09,F,sarah.khan785@example.com,07700900378,bs1  4hg,9997933508,E06,2019-06-08,Active
AN0000786,chloe,ali,1998-04-18,M,chloe.ali786@example.com,+44 7700 900675,SW1A2BD,9990376816,E08,2021-12-21,Withdrawn
AN0000787,ruth,chen,1989-03-12,m,ruth.chen787@example.com,+44 7700 900137,EH1 1HB,9999731538,E08,2018-06-23,Active
AN0000788,idris,bello,1992-09-13,M,idris.bello788@example.com,+44 7700 900383,NE1 3AJ,9993651184,E02,2022-01-08,Suspended
AN0000789,james,haddad,2000-04-28,F,james.haddad789@example.com,07700900268,sw1a  2af,9993247073,E02,2023-10-23,Suspended
AN0000790,priya,thompson,1994-11-14,f,priya.thompson790@example.com,07700900879,EH17DB,9992760257,E15,2024-02-20,Suspended
AN0000791,leila,doyle,2001-08-09,M,leila.doyle791@example.com,+44 7700 900257,cf102he,9992488891,E06,2020-09-17,Active
AN0000792,hannah,bello,1993-03-13,M,hannah.bello792@example.com,(0161) 496 7961,LS1 8FG,9993036463,E01,2021-12-22,Active
AN0000793,idris,murray,1999-02-10,m,idris.murray793@example.com,07700900504,bs1  3ad,9993230898,E16,2017-06-03,Active
AN0000794,daniel,wright,2002-09-04,F,daniel.wright794@example.com,+44 7700 900239,LS11HJ,9993231827,E01,2022-01-10,Active
AN0000795,omar,kaur,2002-09-10,F,omar.kaur795@example.com,+44 7700 900382,g11aa,9990015295,E16,2022-02-17,Active
AN0000796,meera,fenton,1991-05-13,f,meera.fenton796@example.com,+44 7700 900745,BS1 1DG,9991844422,E16,2017-02-06,Suspended
AN0000797,grace,novak,1995-10-23,F,grace.novak797@example.com,+44 7700 900886,m1  3df,9990567085,E09,2022-06-18,Active
AN0000798,priya,bello,1998-03-12,M,priya.bello798@example.com,+44 7700 900751,G12GF,9996691365,E13,2016-07-19,Deferred
AN0000799,ethan,ali,1996-07-20,f,ethan.ali799@example.com,+44 7700 900274,bs17aa,9999879500,E03,2019-08-10,Active
AN0000800,priya,adeyemi,2006-10-31,F,,+44 7700 900641,m19af,9994287737,E07,2024-12-28,Active
AN0000801,ethan,kaur,1992-05-10,M,ethan.kaur801@example.com,+44 7700 900167,ls1  7fd,9994642030,Z99,2016-09-19,Deferred
AN0000802,zainab,khan,1997-07-18,m,zainab.khan802@example.com,+44 7700 900896,EH12JA,9994625543,E15,2024-02-18,Active
AN0000803,idris,ali,1995-08-03,F,,07700900291,EH1 4AB,9994644890,E14,2024-02-01,Deferred
AN0000804,omar,thompson,1998-05-13,M,omar.thompson804@example.com,(0161) 496 5512,g13ja,9995040433,E07,2020-02-17,Active
AN0000805,chloe,doyle,1998-04-04,f,chloe.doyle805@example.com,07700900825,m1  7ed,9991197877,E08,2019-12-25,Suspended
AN0000806,grace,whitfield,1991-08-05,M,grace.whitfield806@example.com,+44 7700 900237,CF106EA,9990119872,E06,2018-09-14,Active
AN0000807,oliver,wright,1993-11-05,M,oliver.wright807@example.com,+44 7700 900289,B15 1AB,9996182983,E14,2020-07-25,Active
AN0000808,daniel,patel,1993-06-18,f,daniel.patel808@example.com,07700900942,BS1 2HA,9993659525,E15,2023-02-21,Active
AN0000809,grace,byrne,1990-08-04,F,,+44 7700 900399,b15  4hj,9990926328,E03,2017-05-19,Active
AN0000810,liam,ali,1998-08-09,F,liam.ali810@example.com,+44 7700 900194,EH11FD,9997666089,E08,2021-01-22,Active
AN0000811,nadia,bianchi,1997-12-10,m,,07700900308,G1 7HB,9990627150,E07,2016-03-14,Active
AN0000812,chloe,whitfield,1995-05-13,M,chloe.whitfield812@example.com,(0161) 496 9340,NE1 3HB,9997682939,E04,2018-11-06,Active
AN0000813,sarah,ali,1993-06-02,F,sarah.ali813@example.com,07700900450,eh1  4jd,9993359106,E08,2019-05-30,Withdrawn
AN0000814,oliver,murray,2005-09-22,f,oliver.murray814@example.com,(0161) 496 2062,eh15da,9997492692,E09,2023-10-13,Deferred
AN0000815,yusuf,bianchi,2000-08-09,F,yusuf.bianchi815@example.com,+44 7700 900634,eh13gh,9999325912,E05,2023-05-14,Active
AN0000816,hassan,bello,2003-08-27,M,hassan.bello816@example.com,+44 7700 900959,B15 5DH,9998069084,E12,2024-11-19,Active
AN0000817,noah,thompson,1997-02-05,f,noah.thompson817@example.com,+44 7700 900321,eh1  9ee,9999538282,E14,2021-02-15,Deferred
AN0000818,hannah,okafor,1995-09-18,M,hannah.okafor818@example.com,(0161) 496 8113,G11DH,9995826410,E10,2019-11-12,Suspended
AN0000819,zainab,haddad,2003-10-11,M,zainab.haddad819@example.com,07700900928,CF10 2DE,9995951436,E04,2023-01-25,Active
AN0000820,fatima,osman,2002-03-25,f,fatima.osman820@example.com,07700900141,SW1A 3JE,9998696615,E15,2024-12-05,Active
AN0000821,ethan,whitfield,1997-08-01,F,ethan.whitfield821@example.com,(0161) 496 1417,sw1a2ha,9994149156,E15,2016-11-03,Active
AN0000822,chloe,nwosu,1996-10-19,F,chloe.nwosu822@example.com,07700900742,ls11ge,9994077791,E05,2023-01-22,Active
AN0000823,priya,murray,2000-06-25,f,priya.murray823@example.com,07700900710,ls16ab,9997760298,E16,2021-01-13,Deferred
AN0000824,james,robertson,1993-02-22,F,james.robertson824@example.com,+44 7700 900299,B15 4JE,9992552352,E10,2021-11-16,Active
AN0000825,sofia,reid,1991-11-21,M,sofia.reid825@example.com,(0161) 496 3691,m1  2da,9993638528,E01,2016-11-20,Active
AN0000826,callum,thompson,1996-07-08,m,callum.thompson826@example.com,(0161) 496 9932,eh15fa,9992950269,E05,2018-02-18,Suspended
AN0000827,hannah,thompson,1998-06-14,M,hannah.thompson827@example.com,+44 7700 900309,EH1 2HJ,9992778229,E16,2020-11-01,Active
AN0000828,noah,byrne,1993-10-11,M,noah.byrne828@example.com,+44 7700 900298,EH1 9HD,9995797364,E02,2021-07-06,Deferred
AN0000829,erin,thompson,2001-01-10,f,erin.thompson829@example.com,+44 7700 900446,b158aj,9999866174,E12,2021-10-11,Withdrawn
AN0000830,callum,abara,2000-01-05,M,callum.abara830@example.com,(0161) 496 1253,G11HD,9992235527,E16,2021-07-26,Active
AN0000831,james,bianchi,1993-02-22,M,james.bianchi831@example.com,07700900514,BS1 3BD,9999259677,E15,2019-10-04,Suspended
AN0000832,fatima,haddad,1995-04-01,f,fatima.haddad832@example.com,07700900988,SW1A 3DA,9990938695,E04,2022-12-28,Suspended
AN0000833,noah,chen,1991-11-21,M,noah.chen833@example.com,07700900390,g18ja,9997152387,E10,2019-05-06,Active
AN0000834,meera,whitfield,1993-10-20,M,meera.whitfield834@example.com,(0161) 496 8405,eh17bb,9997798767,E13,2022-01-17,Deferred
AN0000835,ethan,patel,2003-11-21,f,ethan.patel835@example.com,07700900300,L1 1GA,9992350407,E11,2024-01-22,Deferred
AN0000836,callum,khan,1999-04-28,M,,+44 7700 900227,LS1 5DG,9994428675,E10,2022-12-12,Active
AN0000837,zainab,doyle,2000-08-10,M,zainab.doyle837@example.com,07700900236,ne1  5he,9993891568,E03,2022-11-09,Active
AN0000838,leila,novak,1998-12-10,f,leila.novak838@example.com,07700900594,LS16HD,9992693355,E11,2019-09-04,Active
AN0000839,yusuf,wright,1990-08-29,F,yusuf.wright839@example.com,+44 7700 900761,L1 9FH,9998509572,E05,2017-03-11,Deferred
AN0000840,fatima,okafor,1996-01-09,M,fatima.okafor840@example.com,(0161) 496 2854,L1 8DA,9995934019,E11,2018-03-06,Active
AN0000841,isla,byrne,1997-01-09,m,isla.byrne841@example.com,+44 7700 900435,b15  2ed,9993678139,E09,2019-08-25,Active
AN0000842,priya,okafor,2000-10-06,M,priya.okafor842@example.com,+44 7700 900888,M11GD,9999819877,E15,2022-12-17,Suspended
AN0000843,chloe,patel,1993-08-01,M,chloe.patel843@example.com,+44 7700 900626,NE1 9GH,9992586605,E06,2016-01-28,Deferred
AN0000844,idris,bianchi,1994-06-10,f,idris.bianchi844@example.com,+44 7700 900271,LS1 8GG,9995942828,E05,2021-01-16,Suspended
AN0000845,liam,fenton,1999-04-28,M,liam.fenton845@example.com,+44 7700 900971,sw1a  1ad,9995393131,E13,2023-10-10,Withdrawn
AN0000846,idris,cohen,2000-04-11,M,idris.cohen846@example.com,+44 7700 900592,SW1A9EH,9992144483,E10,2019-07-23,Active
AN0000847,wei,patel,2002-02-28,f,wei.patel847@example.com,(0161) 496 8226,EH1 7DA,9998254310,E07,2023-09-28,Deferred
AN0000848,ruth,rossi,1988-01-07,M,,(0161) 496 3069,b153af,9990601836,E09,2017-03-09,Active
AN0000849,amara,whitfield,1997-05-31,F,amara.whitfield849@example.com,+44 7700 900269,l1  7bj,9992577541,E11,2024-01-18,Suspended
AN0000850,meera,chen,1999-06-18,m,meera.chen850@example.com,+44 7700 900733,M19JH,9998316081,E03,2020-04-01,Withdrawn
AN0000851,sarah,kaur,2001-03-07,F,sarah.kaur851@example.com,07700900303,L1 4DA,9992299932,E09,2021-04-04,Active
AN0000852,omar,haddad,2001-02-27,M,omar.haddad852@example.com,07700900341,NE1 9DE,9995539837,E06,2024-12-18,Suspended
AN0000853,george,haddad,1991-09-26,f,george.haddad853@example.com,+44 7700 900927,cf10  5ea,9992799706,E03,2017-05-15,Suspended
AN0000854,oliver,byrne,1999-05-13,M,oliver.byrne854@example.com,07700900710,L19JB,9992201258,E10,2017-10-25,Withdrawn
AN0000855,sofia,whitfield,1999-11-22,F,sofia.whitfield855@example.com,07700900600,bs18jg,9995852381,E10,2017-12-10,Active
AN0000856,tom,okafor,1996-10-20,f,tom.okafor856@example.com,07700900934,BS1 6BJ,9992391022,E03,2019-02-13,Deferred
AN0000857,leila,okafor,1994-10-09,F,leila.okafor857@example.com,+44 7700 900988,ne1  4ae,9997191269,E15,2017-01-13,Withdrawn
AN0000858,omar,chen,1996-02-02,M,omar.chen858@example.com,(0161) 496 8542,CF108DA,9991116613,E13,2017-04-18,Active
AN0000859,sarah,bello,2005-06-23,m,sarah.bello859@example.com,07700900777,NE1 8EE,9993049360,E10,2024-02-03,Active
AN0000860,sofia,okafor,2002-10-11,F,sofia.okafor860@example.com,07700900206,LS1 5DB,9990868255,E14,2023-05-28,Suspended
AN0000861,wei,chen,2000-03-04,M,wei.chen861@example.com,+44 7700 900942,bs14gg,9991039953,E13,2022-09-08,Deferred
AN0000862,hannah,okafor,2005-05-24,f,,+44 7700 900382,B157GG,9996423042,E16,2024-09-14,Withdrawn
AN0000863,james,chen,2002-10-27,M,james.chen863@example.com,+44 7700 900265,L1 4JF,9999907164,E09,2021-05-27,Deferred
AN0000864,nadia,ali,1997-01-27,M,nadia.ali864@example.com,+44 7700 900367,LS1 1EF,9990109567,E12,2017-06-16,Suspended
AN0000865,zainab,haddad,2002-09-29,f,zainab.haddad865@example.com,+44 7700 900793,g1  6fh,9993471240,E01,2024-10-27,Active
AN0000866,sarah,sharma,2004-01-26,M,sarah.sharma866@example.com,+44 7700 900127,CF109EB,9994172689,E15,2022-03-23,Suspended
AN0000867,ethan,thompson,1995-08-27,F,ethan.thompson867@example.com,+44 7700 900706,SW1A 2GA,9993806714,E02,2024-02-24,Active
AN0000868,ruth,ali,2000-09-01,f,ruth.ali868@example.com,+44 7700 900643,EH1 8FE,9992130091,E09,2019-09-22,Active
AN0000869,sofia,abara,1993-06-11,F,sofia.abara869@example.com,+44 7700 900539,bs1  5ja,9998053390,E10,2021-12-03,Active
AN0000870,kai,adeyemi,1996-04-22,M,kai.adeyemi870@example.com,+44 7700 900699,m19ed,9997000463,E09,2020-11-26,Active
AN0000871,isla,cohen,1996-01-05,m,isla.cohen871@example.com,07700900151,L1 8JB,9990049386,E16,2023-01-11,Deferred
AN0000872,hassan,okafor,1998-06-15,F,hassan.okafor872@example.com,07700900143,eh19af,9993137979,E08,2019-07-14,Deferred
AN0000873,callum,bello,1992-11-06,M,callum.bello873@example.com,+44 7700 900491,m1  3ej,9990779430,E02,2022-03-29,Deferred
AN0000874,chloe,cohen,2000-08-13,f,chloe.cohen874@example.com,07700900216,bs18ab,9994262033,E01,2020-11-24,Active
AN0000875,hannah,lawson,2001-12-04,M,hannah.lawson875@example.com,+44 7700 900961,LS1 1FB,9998135990,E01,2022-01-23,Active
AN0000876,liam,grant,1986-07-07,F,liam.grant876@example.com,(0161) 496 9326,SW1A 2HF,9992217588,E02,2016-04-01,Suspended
AN0000877,ethan,iqbal,2002-02-28,m,ethan.iqbal877@example.com,+44 7700 900126,eh1  9ah,9997123697,E16,2020-11-27,Active
AN0000878,liam,bianchi,1995-03-02,M,liam.bianchi878@example.com,07700900611,BS15DH,9998276977,E15,2023-04-08,Active
AN0000879,hassan,iqbal,1989-06-04,F,hassan.iqbal879@example.com,(0161) 496 2448,BS1 7BG,9997832744,E02,2018-07-28,Active
AN0000880,zainab,thompson,1998-12-08,f,zainab.thompson880@example.com,+44 7700 900755,SW1A 7FH,9993496049,E01,2024-09-25,Suspended
AN0000881,wei,byrne,2002-10-10,F,wei.byrne881@example.com,+44 7700 900245,ls1  6eh,9998208939,E04,2020-12-23,Suspended
AN0000882,sofia,murray,2000-07-31,F,sofia.murray882@example.com,+44 7700 900364,cf108dj,9991609113,E05,2021-08-17,Active
AN0000883,hannah,thompson,1993-03-31,f,hannah.thompson883@example.com,07700900714,LS1 4HB,9997605233,E15,2022-07-30,Active
AN0000884,sofia,wright,1992-08-09,M,sofia.wright884@example.com,(0161) 496 6903,EH1 5JD,9999165036,E05,2017-01-21,Active
AN0000885,idris,osman,1996-08-05,F,idris.osman885@example.com,07700900595,m1  9df,9999808808,E10,2020-09-01,Active
AN0000886,sarah,adeyemi,1991-07-13,f,sarah.adeyemi886@example.com,07700900207,b156dh,9994869893,E02,2016-11-22,Withdrawn
AN0000887,ruth,bello,1996-09-27,F,ruth.bello887@example.com,07700900805,M1 6GF,9990119295,E03,2022-02-28,Active
AN0000888,zainab,ali,1999-10-08,F,zainab.ali888@example.com,+44 7700 900585,M1 7AE,9998863651,E02,2023-10-25,Active
AN0000889,sarah,wright,2000-01-19,f,sarah.wright889@example.com,07700900488,l1  1aa,9999424899,E04,2022-06-30,Active
AN0000890,isla,reid,1995-11-07,F,isla.reid890@example.com,+44 7700 900520,SW1A6HF,9995809745,E06,2020-03-21,Active
AN0000891,idris,wright,1998-01-03,F,idris.wright891@example.com,+44 7700 900977,g15hh,9992654015,E10,2025-01-11,Withdrawn
AN0000892,grace,bello,1998-10-30,m,grace.bello892@example.com,07700900791,CF10 3DB,9994276778,E05,2019-11-22,Active
AN0000893,chloe,cohen,2003-05-05,M,chloe.cohen893@example.com,+44 7700 900281,eh1  2bg,9998488605,E14,2022-11-16,Deferred
AN0000894,sarah,patel,1996-01-24,F,sarah.patel894@example.com,07700900672,LS14BD,9995704722,E09,2022-08-08,Deferred
AN0000895,yusuf,nwosu,1999-01-26,m,yusuf.nwosu895@example.com,07700900268,sw1a4fe,9997536592,E10,2023-02-28,Deferred
AN0000896,oliver,rossi,1991-09-17,F,oliver.rossi896@example.com,(0161) 496 9422,ls15db,9993854549,E15,2019-12-06,Active
AN0000897,george,mackenzie,1999-12-07,F,george.mackenzie897@example.com,+44 7700 900249,b15  2bd,9992748974,E16,2023-04-27,Active
AN0000898,erin,bianchi,1999-02-19,f,erin.bianchi898@example.com,07700900794,LS18DA,9998862175,E11,2020-06-18,Withdrawn
AN0000899,noah,rossi,1997-02-23,M,noah.rossi899@example.com,(0161) 496 5176,g14ah,9993588245,E02,2016-09-05,Active
AN0000900,erin,mackenzie,1997-12-30,M,erin.mackenzie900@example.com,07700900505,L1 8FB,9995244454,E04,2016-02-18,Active
AN0000901,priya,doyle,2000-03-23,f,priya.doyle901@example.com,07700900586,bs1  4jb,9995391287,Z99,2021-12-17,Suspended
AN0000902,yusuf,rossi,1999-06-19,F,yusuf.rossi902@example.com,(0161) 496 9645,NE13AF,9995792710,E04,2024-03-30,Deferred
AN0000903,leila,chen,1994-07-14,M,leila.chen903@example.com,(0161) 496 9854,CF10 5DF,9993839728,E02,2018-11-05,Active
AN0000904,wei,thompson,1994-06-29,f,wei.thompson904@example.com,+44 7700 900936,ls14da,9998322103,E08,2023-03-31,Active
AN0000905,fatima,nwosu,2001-10-04,F,fatima.nwosu905@example.com,+44 7700 900488,m11aj,9991081437,E11,2016-01-09,Active
AN0000906,isla,sharma,2002-05-12,F,,(0161) 496 4997,M19AJ,9998235464,E06,2024-02-15,Deferred
AN0000907,priya,okafor,1989-03-22,f,priya.okafor907@example.com,(0161) 496 7623,LS1 1GF,9999671500,E15,2018-03-24,Active
AN0000908,erin,novak,1996-01-05,M,erin.novak908@example.com,+44 7700 900762,cf106fb,9993407852,E08,2020-05-16,Active
AN0000909,chloe,bello,2002-07-17,M,chloe.bello909@example.com,+44 7700 900675,b15  7he,9992689994,E10,2021-04-06,Active
AN0000910,grace,grant,2006-01-26,m,grace.grant910@example.com,07700900671,NE19BJ,9997915054,E09,2024-10-19,Active
AN0000911,oliver,abara,1989-04-01,F,oliver.abara911@example.com,+44 7700 900708,B15 3AB,9995789825,E10,2016-11-13,Active
AN0000912,liam,rossi,1988-07-25,M,liam.rossi912@example.com,(0161) 496 8552,G1 6GB,9997412745,E10,2016-01-24,Suspended
AN0000913,idris,byrne,1990-04-29,m,idris.byrne913@example.com,+44 7700 900723,bs1  7dh,9992297581,E16,2017-01-30,Active
AN0000914,idris,murray,1989-06-20,F,idris.murray914@example.com,(0161) 496 2724,NE16FG,9990568200,E13,2018-12-18,Active
AN0000915,meera,doyle,1986-03-19,M,meera.doyle915@example.com,(0161) 496 1815,M1 7EG,9990723249,E12,2016-01-01,Active
AN0000916,kai,rossi,1999-06-22,m,kai.rossi916@example.com,+44 7700 900597,ne19dd,9997312619,E10,2022-11-07,Suspended
AN0000917,james,patel,1998-04-04,M,james.patel917@example.com,+44 7700 900688,g1  1dj,9990537097,E13,2016-09-26,Active
AN0000918,priya,grant,1992-05-15,M,priya.grant918@example.com,+44 7700 900595,eh12fg,9999893651,E13,2016-10-17,Suspended
AN0000919,george,patel,2005-01-08,m,george.patel919@example.com,(0161) 496 9432,LS1 8EF,9991310452,E15,2024-08-03,Active
AN0000920,chloe,rossi,1990-04-25,M,chloe.rossi920@example.com,07700900170,L1 5EG,9998352681,E15,2023-06-12,Active
AN0000921,sofia,haddad,1986-11-08,F,,+44 7700 900661,b15  5fe,9992536462,E13,2016-06-08,Suspended
AN0000922,daniel,cohen,1990-12-27,f,daniel.cohen922@example.com,07700900502,G18GG,9996239209,E15,2016-08-05,Suspended
AN0000923,erin,bianchi,2000-08-04,F,erin.bianchi923@example.com,07700900416,SW1A 2EB,9991786198,E14,2019-08-22,Active
AN0000924,idris,mackenzie,1998-05-14,M,idris.mackenzie924@example.com,07700900281,LS1 1HG,9995412012,E13,2023-11-24,Active
AN0000925,erin,cohen,1997-04-27,m,erin.cohen925@example.com,+44 7700 900980,cf10  1bg,9993259470,E06,2024-10-20,Active
AN0000926,isla,sharma,2001-11-29,M,isla.sharma926@example.com,(0161) 496 8597,bs19ag,9999503101,E14,2021-07-09,Active
AN0000927,leila,bello,1996-06-02,M,leila.bello927@example.com,07700900692,M1 1FG,9990360898,E05,2018-06-04,Active
AN0000928,sofia,mackenzie,1995-11-30,m,sofia.mackenzie928@example.com,(0161) 496 6518,bs13gg,9993595209,E11,2023-01-11,Active
AN0000929,priya,sharma,1994-10-15,M,priya.sharma929@example.com,07700900507,bs1  7ab,9997740378,E04,2020-07-27,Withdrawn
AN0000930,ruth,lawson,1990-03-10,F,ruth.lawson930@example.com,+44 7700 900815,G14AA,9997625501,E07,2018-06-11,Active
AN0000931,hannah,okafor,1991-07-15,f,hannah.okafor931@example.com,+44 7700 900233,CF10 3FB,9994290290,E13,2016-10-25,Active
AN0000932,isla,cohen,1998-01-22,M,isla.cohen932@example.com,07700900758,CF10 1GE,9998868432,E14,2099-09-23,Active
AN0000933,liam,robertson,1995-02-10,M,liam.robertson933@example.com,07700900106,eh16jg,9999887597,E03,2020-05-27,Active
AN0000934,hassan,khan,1998-03-27,m,hassan.khan934@example.com,+44 7700 900336,B157DA,9992755822,E16,2022-08-28,Active
AN0000935,oliver,lawson,1987-02-13,M,oliver.lawson935@example.com,(0161) 496 2876,m16de,9998023629,E08,2016-04-11,Withdrawn
AN0000936,liam,iqbal,2002-02-28,F,liam.iqbal936@example.com,07700900802,g12hb,9998638550,E16,2021-11-18,Withdrawn
AN0000937,hassan,khan,1991-07-24,m,,07700900196,cf109aa,9995378930,E16,2021-03-14,Suspended
AN0000938,grace,chen,1994-01-17,M,grace.chen938@example.com,(0161) 496 5523,G15AB,9992272007,E03,2021-09-13,Suspended
AN0000939,grace,mackenzie,2001-09-16,M,grace.mackenzie939@example.com,07700900259,SW1A 5BF,9994328115,E09,2022-01-07,Active
AN0000940,ruth,okafor,2003-07-18,m,ruth.okafor940@example.com,+44 7700 900312,SW1A 5DE,9992775211,E02,2023-07-20,Active
AN0000941,priya,lawson,2004-01-07,M,priya.lawson941@example.com,+44 7700 900148,cf10  5he,9990593779,E01,2024-09-16,Active
AN0000942,erin,osman,1989-05-04,M,erin.osman942@example.com,+44 7700 900172,sw1a3bh,9991746900,E03,2017-01-28,Suspended
AN0000943,sarah,fenton,1993-12-29,f,sarah.fenton943@example.com,+44 7700 900496,CF10 3DB,9993167088,E15,2016-04-29,Active
AN0000944,sofia,lawson,1995-08-06,F,sofia.lawson944@example.com,(0161) 496 1664,CF10 4HD,9998655048,E05,2020-02-18,Deferred
AN0000945,isla,kaur,1990-10-26,F,isla.kaur945@example.com,(0161) 496 6016,bs1  4eh,9994962736,E13,2016-05-28,Deferred
AN0000946,callum,chen,2001-10-02,f,callum.chen946@example.com,(0161) 496 5189,B157DG,9998542189,E15,2020-11-12,Suspended
AN0000947,grace,novak,2003-05-15,M,grace.novak947@example.com,07700900841,EH1 2HF,9998532477,E03,2022-12-05,Active
AN0000948,zainab,rossi,1997-04-25,F,zainab.rossi948@example.com,(0161) 496 1569,B15 2BG,9998760542,E11,2018-08-24,Activ
AN0000949,chloe,khan,1990-08-10,f,chloe.khan949@example.com,+44 7700 900915,l1  7fg,9995365979,E04,2020-05-18,Active
AN0000950,kai,khan,1996-02-24,M,kai.khan950@example.com,+44 7700 900387,LS12DG,9990809593,E05,2022-09-01,Suspended
AN0000951,hannah,cohen,1993-11-22,F,hannah.cohen951@example.com,07700900480,BS1 7HF,9992130741,E13,2018-01-29,Active
AN0000952,chloe,murray,2003-03-28,m,chloe.murray952@example.com,+44 7700 900933,EH1 1FE,9992614544,E07,2022-08-07,Withdrawn
AN0000953,oliver,osman,1998-12-31,M,oliver.osman953@example.com,+44 7700 900797,sw1a  1bj,9995221152,E01,2020-08-17,Active
AN0000954,daniel,nwosu,1994-12-19,M,daniel.nwosu954@example.com,+44 7700 900617,L15FJ,9997320867,E06,2018-05-06,Withdrawn
AN0000955,fatima,lawson,1995-05-15,m,fatima.lawson955@example.com,07700900509,G1 7EE,9991400524,E01,2020-12-26,Suspended
AN0000956,james,reid,1996-05-29,M,james.reid956@example.com,+44 7700 900255,L1 3DB,9995731606,E05,2020-02-14,Active
AN0000957,chloe,reid,1993-09-18,M,chloe.reid957@example.com,+44 7700 900268,sw1a  4be,9995528622,E14,2018-06-10,Suspended
AN0000958,hassan,khan,1997-09-30,f,hassan.khan958@example.com,+44 7700 900482,BS16EE,9999920454,E12,2023-01-29,Withdrawn
AN0000959,idris,iqbal,1998-03-22,F,idris.iqbal959@example.com,+44 7700 900619,G1 1JH,9990870829,E10,2018-07-12,Suspended
AN0000960,idris,thompson,1998-05-14,M,idris.thompson960@example.com,+44 7700 900201,SW1A 8BD,9995838826,E16,2024-07-28,Deferred
AN0000961,leila,fenton,1998-09-18,f,leila.fenton961@example.com,07700900589,b15  6jf,9993322288,E14,2023-01-25,Withdrawn
AN0000962,chloe,bello,1997-01-27,F,chloe.bello962@example.com,07700900786,bs13dd,9995606291,E06,2019-04-11,Active
AN0000963,noah,sharma,1998-09-16,M,noah.sharma963@example.com,+44 7700 900763,M1 9AF,9997413075,E06,2020-05-14,Active
AN0000964,chloe,thompson,1996-11-20,m,chloe.thompson964@example.com,+44 7700 900775,M1 4HD,9990846391,E12,2023-04-29,Withdrawn
AN0000965,callum,byrne,1990-02-24,F,callum.byrne965@example.com,+44 7700 900426,eh1  2db,9996411958,E06,2019-07-09,Active
AN0000966,james,osman,2003-09-21,F,james.osman966@example.com,07700900316,BS16JJ,9994262017,E12,2023-07-09,Active
AN0000967,omar,novak,2002-01-07,m,omar.novak967@example.com,(0161) 496 4991,CF10 7JJ,9996773191,E03,2017-01-02,Active
AN0000968,noah,robertson,2004-12-07,F,,07700900643,NE1 8HG,9993943193,E16,2023-07-27,Withdrawn
AN0000969,daniel,mackenzie,1999-05-28,F,daniel.mackenzie969@example.com,+44 7700 900227,ls1  1db,9995057646,E05,2018-02-10,Suspended
AN0000970,idris,reid,1994-03-11,m,idris.reid970@example.com,+44 7700 900530,NE18HF,9996764974,E01,2019-03-09,Active
AN0000971,nadia,doyle,1993-10-14,F,nadia.doyle971@example.com,07700900134,EH1 6AA,9995537303,E10,2018-04-04,Active
AN0000972,grace,nwosu,1996-02-11,M,grace.nwosu972@example.com,(0161) 496 6867,LS1 7EG,9995970252,E11,2021-03-17,Active
AN0000973,ethan,nwosu,1996-11-30,f,ethan.nwosu973@example.com,+44 7700 900180,g1  5gh,9994663453,E04,2021-03-10,Deferred
AN0000974,omar,ali,1990-02-08,M,omar.ali974@example.com,07700900412,bs12he,9993449741,E02,2019-06-13,Suspended
AN0000975,erin,haddad,2000-03-25,M,erin.haddad975@example.com,+44 7700 900148,bs16hd,9997398890,E04,2018-12-16,Active
AN0000976,amara,thompson,1988-06-24,m,amara.thompson976@example.com,+44 7700 900277,M1 8AJ,9998534658,E06,2016-02-02,Active
AN0000977,yusuf,bianchi,1999-01-28,M,yusuf.bianchi977@example.com,+44 7700 900384,bs1  7fh,9992939001,E13,2017-05-29,Withdrawn
AN0000978,sarah,chen,2005-06-16,F,sarah.chen978@example.com,+44 7700 900502,G19HE,9995708612,E07,2024-09-24,Active
AN0000979,ruth,iqbal,1999-12-12,f,ruth.iqbal979@example.com,07700900506,CF10 4BB,9998850347,E03,2022-03-13,Active
AN0000980,amara,reid,1994-05-08,M,amara.reid980@example.com,(0161) 496 4193,EH1 8FD,9990852944,E10,2023-07-10,Deferred
AN0000981,wei,lawson,1996-12-01,F,wei.lawson981@example.com,+44 7700 900392,m1  8fe,9994350234,E11,2025-01-09,Active
AN0000982,amara,doyle,1994-11-23,f,amara.doyle982@example.com,+44 7700 900285,L16DE,9998293022,E14,2022-04-09,Active
AN0000983,callum,osman,1995-12-08,M,callum.osman983@example.com,+44 7700 900324,B15 5HJ,9991675078,E09,2017-03-17,Active
AN0000984,grace,bello,1996-07-23,M,grace.bello984@example.com,+44 7700 900757,G1 4AB,9992398477,E03,2019-11-23,Active
AN0000985,tom,adeyemi,2003-12-26,m,tom.adeyemi985@example.com,07700900569,m11bj,9992240504,E01,2024-01-14,Deferred
AN0000986,kai,doyle,1990-02-26,F,kai.doyle986@example.com,07700900204,L18GF,9999924069,E11,2018-11-26,Withdrawn
AN0000987,sofia,abara,2000-04-18,M,sofia.abara987@example.com,+44 7700 900993,M1 3DG,9999566847,E04,2020-12-10,Suspended
AN0000988,fatima,patel,1990-07-19,f,fatima.patel988@example.com,07700900178,LS1 2DB,9990187800,E02,2018-10-17,Withdrawn
AN0000989,ruth,rossi,1991-08-12,M,ruth.rossi989@example.com,+44 7700 900150,l1  5ae,9995199947,E11,2020-08-30,Active
AN0000990,omar,lawson,2004-11-21,M,omar.lawson990@example.com,+44 7700 900245,L17FE,9997220544,E13,2024-07-27,Active
AN0000991,callum,nwosu,1991-10-17,f,callum.nwosu991@example.com,07700900761,cf104ea,9993344478,E14,2020-03-23,Active
AN0000992,ethan,bello,1999-07-03,F,ethan.bello992@example.com,+44 7700 900923,ls11gh,9995195372,E12,2022-07-04,Active
AN0000993,callum,haddad,1994-11-03,M,callum.haddad993@example.com,(0161) 496 6186,cf10  4fd,9997752252,E13,2023-02-12,Active
AN0000994,liam,lawson,1996-09-24,m,liam.lawson994@example.com,+44 7700 900719,LS11GD,9994115634,E15,2020-06-23,Active
AN0000995,daniel,bianchi,1993-08-29,F,daniel.bianchi995@example.com,+44 7700 900350,L1 3HD,9994206613,E06,2023-06-16,Withdrawn
AN0000996,grace,wright,1987-07-19,F,grace.wright996@example.com,+44 7700 900309,M1 4AA,9998321123,E13,2016-04-20,Active
AN0000997,idris,byrne,2005-05-10,m,idris.byrne997@example.com,07700900651,ls1  7hj,9994420062,E03,2020-03-04,Suspended
AN0000998,oliver,kaur,1996-07-21,F,oliver.kaur998@example.com,07700900894,cf107fh,9991962344,E03,2021-11-18,Active
AN0000999,ruth,reid,2000-08-26,M,ruth.reid999@example.com,+44 7700 900117,EH1 2AF,9998911796,E01,2020-11-21,Active
AN0001000,hassan,bello,1995-04-16,m,hassan.bello1000@example.com,07700900626,B15 2AA,9996660206,E15,2022-08-30,Active
AN0001001,kai,whitfield,2003-08-23,F,kai.whitfield1001@example.com,+44 7700 900505,b152ag,9995243830,Z99,2024-05-21,Active
AN0001002,kai,haddad,2008-01-10,M,kai.haddad1002@example.com,+44 7700 900507,ne17dj,9993328383,E10,2022-11-27,Withdrawn
AN0001003,tom,doyle,1997-04-28,f,tom.doyle1003@example.com,07700900746,NE1 7DH,9993684104,E16,2021-06-04,Active
AN0001004,leila,wright,2004-08-08,M,leila.wright1004@example.com,07700900256,M1 9EG,9997918754,E14,2024-11-14,Active
AN0001005,meera,robertson,1989-01-08,F,meera.robertson1005@example.com,07700900840,g1  3ab,9994319272,E01,2017-01-24,Active
AN0001006,oliver,reid,1992-07-03,f,oliver.reid1006@example.com,(0161) 496 7864,BS19EF,9995686295,E11,2021-08-22,Suspended
AN0001007,wei,cohen,1999-08-10,M,wei.cohen1007@example.com,+44 7700 900328,bs15ha,9994299077,E04,2021-01-09,Withdrawn
AN0001008,wei,bianchi,1998-05-06,F,wei.bianchi1008@example.com,+44 7700 900548,BS1 7JA,9998974747,E11,2022-12-03,Withdrawn
AN0001009,callum,adeyemi,1990-08-03,f,callum.adeyemi1009@example.com,+44 7700 900573,b15  5jg,9999881645,E14,2016-11-04,Active
AN0001010,daniel,okafor,1997-09-01,F,daniel.okafor1010@example.com,(0161) 496 6352,LS12AD,9997066480,E15,2024-11-19,Active
AN0001011,george,rossi,1995-02-12,M,george.rossi1011@example.com,07700900100,NE1 9EA,9994883992,E12,2018-10-31,Active
AN0001012,sofia,iqbal,1999-08-28,m,sofia.iqbal1012@example.com,(0161) 496 8324,G1 1AA,9995661993,E11,2020-08-30,Withdrawn
AN0001013,james,reid,1995-08-13,M,james.reid1013@example.com,07700900885,bs1  4jf,9999087019,E12,2020-01-04,Active
AN0001014,erin,kaur,2006-12-24,M,erin.kaur1014@example.com,07700900308,CF106BA,9994442996,E15,2025-01-04,Active
AN0001015,george,novak,1995-01-28,f,george.novak1015@example.com,(0161) 496 7131,LS1 5AH,9996725626,E03,2019-11-05,Deferred
AN0001016,sarah,bello,1992-10-09,M,sarah.bello1016@example.com,(0161) 496 5831,L1 1FJ,9996484556,E02,2016-02-02,Suspended
AN0001017,daniel,nwosu,1995-05-06,M,daniel.nwosu1017@example.com,+44 7700 900600,m13fg,9993129003,E02,2017-01-29,Active
AN0001018,leila,nwosu,1997-05-17,m,leila.nwosu1018@example.com,(0161) 496 3345,l18dh,9998839580,E06,2017-01-09,Withdrawn
AN0001019,sofia,cohen,1997-02-09,F,sofia.cohen1019@example.com,+44 7700 900961,G1 3GB,9998575915,E01,2017-12-01,Active
AN0001020,daniel,reid,1990-07-14,F,daniel.reid1020@example.com,+44 7700 900194,EH1 8JF,9993535249,E01,2016-08-01,Deferred
AN0001021,sarah,doyle,1999-09-14,f,sarah.doyle1021@example.com,07700900819,bs1  8ef,9999305377,E14,2024-11-07,Active
AN0001022,sarah,wright,1994-05-04,M,sarah.wright1022@example.com,07700900345,NE13HA,9998828155,E03,2018-06-10,Active
AN0001023,tom,okafor,1992-08-09,M,tom.okafor1023@example.com,+44 7700 900164,g13bj,9996535371,E15,2019-03-14,Active
AN0001024,zainab,haddad,1998-06-10,f,zainab.haddad1024@example.com,+44 7700 900490,l12jj,9992969148,E02,2023-09-09,Active
AN0001025,wei,osman,1995-06-09,F,wei.osman1025@example.com,07700900540,eh16aa,9991089853,E12,2022-10-12,Active
AN0001026,sofia,lawson,1990-03-01,M,sofia.lawson1026@example.com,+44 7700 900187,NE17FF,9994648845,E01,2018-08-16,Suspended
AN0001027,oliver,nwosu,1998-08-14,f,oliver.nwosu1027@example.com,07700900684,G1 9DB,9990221790,E01,2022-04-17,Withdrawn
AN0001028,hannah,chen,1992-08-12,M,,07700900980,L1 2JA,9999844510,E04,2019-05-10,Deferred
AN0001029,nadia,patel,2003-10-23,F,nadia.patel1029@example.com,(0161) 496 2717,m1  3ea,9998568110,E02,2024-07-12,Suspended
AN0001030,hannah,rossi,1994-06-08,m,hannah.rossi1030@example.com,(0161) 496 1371,BS13BJ,9996933512,E06,2016-11-22,Withdrawn
AN0001031,chloe,khan,1992-03-18,F,chloe.khan1031@example.com,+44 7700 900789,CF10 1BB,9999103820,E12,2021-03-18,Active
AN0001032,noah,abara,1996-05-17,M,noah.abara1032@example.com,07700900143,BS1 1GB,9991045023,E05,2019-07-14,Active
AN0001033,tom,robertson,1993-01-19,f,tom.robertson1033@example.com,+44 7700 900875,cf10  3jb,9995896931,E07,2016-10-12,Active
AN0001034,idris,bello,1987-09-08,F,idris.bello1034@example.com,07700900994,CF102GF,9993156639,E12,2016-09-04,Suspended
AN0001035,zainab,iqbal,2005-09-23,F,zainab.iqbal1035@example.com,+44 7700 900502,BS1 1DE,9992702893,E09,2024-11-09,Deferred
AN0001036,nadia,okafor,1979-07-25,m,nadia.okafor1036@example.com,07700900486,EH1 5BH,9991975357,E05,2019-11-06,Active
AN0001037,priya,iqbal,1999-02-21,M,priya.iqbal1037@example.com,+44 7700 900319,sw1a  5dj,9996281442,E04,2017-05-24,Active
AN0001038,ethan,bianchi,2001-01-22,M,ethan.bianchi1038@example.com,(0161) 496 7746,BS11HJ,9999092284,E04,2022-06-29,Suspended
AN0001039,chloe,adeyemi,1996-06-11,m,,(0161) 496 6384,NE1 8DJ,9991164030,E05,2019-08-03,Active
AN0001040,ethan,patel,1991-08-30,F,ethan.patel1040@example.com,07700900467,NE1 4EE,9997704134,E14,2018-04-21,Suspended
AN0001041,grace,reid,1994-01-03,F,grace.reid1041@example.com,(0161) 496 4052,ne1  3hd,9992041234,E16,2017-04-06,Suspended
AN0001042,omar,kaur,1994-05-12,m,omar.kaur1042@example.com,+44 7700 900876,eh12aa,9997941934,E03,2019-12-29,Active
AN0001043,chloe,ali,1994-02-02,M,chloe.ali1043@example.com,07700900831,BS1 5BD,9997264967,E07,2022-03-06,Active
AN0001044,zainab,byrne,1999-05-17,M,zainab.byrne1044@example.com,+44 7700 900371,B15 3HB,9998616301,E12,2021-07-24,Active
AN0001045,sofia,robertson,1991-10-24,m,sofia.robertson1045@example.com,(0161) 496 3481,sw1a  1ge,9996219534,E09,2021-01-11,Suspended
AN0001046,james,cohen,1995-10-16,M,james.cohen1046@example.com,+44 7700 900606,B153GA,9997397134,E15,2021-03-19,Withdrawn
AN0001047,amara,nwosu,1997-10-10,F,amara.nwosu1047@example.com,07700900861,NE1 8BH,9992104546,E09,2017-01-18,Deferred
AN0001048,meera,thompson,2001-08-18,m,meera.thompson1048@example.com,+44 7700 900106,L1 5FE,9992344229,E11,2022-05-21,Active
AN0001049,noah,robertson,1995-09-15,M,noah.robertson1049@example.com,+44 7700 900701,eh1  2da,9994772694,E14,2016-03-04,Active
AN0001050,nadia,kaur,1999-08-03,M,nadia.kaur1050@example.com,+44 7700 900233,l17bj,9994802453,E11,2023-01-06,Suspended
AN0001051,sarah,robertson,1996-04-11,m,sarah.robertson1051@example.com,07700900213,G1 9BD,9998649862,E04,2016-05-31,Active
AN0001052,idris,lawson,1993-03-10,M,idris.lawson1052@example.com,+44 7700 900488,SW1A 1FF,9990837813,E08,2021-10-05,Suspended
AN0001053,meera,mackenzie,1995-10-14,M,meera.mackenzie1053@example.com,+44 7700 900144,sw1a7eh,9992353481,E04,2022-12-13,Suspended
AN0001054,george,grant,1990-03-27,m,george.grant1054@example.com,+44 7700 900640,CF106FH,9990212376,E13,2016-06-09,Deferred
AN0001055,zainab,lawson,2001-05-28,M,zainab.lawson1055@example.com,+44 7700 900121,sw1a9he,9996739198,E14,2019-09-08,Active
AN0001056,sarah,adeyemi,1993-05-06,M,sarah.adeyemi1056@example.com,07700900976,M1 7DE,9997379896,E01,2017-05-02,Withdrawn
AN0001057,callum,okafor,1992-08-15,f,callum.okafor1057@example.com,07700900962,m1  9hj,9996300099,E04,2022-01-28,Withdrawn
AN0001058,fatima,haddad,1997-12-31,F,fatima.haddad1058@example.com,+44 7700 900198,ne12gb,9999420346,E14,2017-05-01,Active
AN0001059,tom,cohen,2003-03-05,F,tom.cohen1059@example.com,+44 7700 900557,G1 7FF,9994667203,E08,2024-07-20,Active
AN0001060,george,lawson,1994-03-20,m,george.lawson1060@example.com,07700900652,m19dd,9998794021,E10,2023-03-22,Active
AN0001061,ethan,iqbal,2001-12-06,F,ethan.iqbal1061@example.com,07700900239,l1  4ge,9992357002,E05,2021-08-13,Active
AN0001062,grace,thompson,1998-06-22,F,grace.thompson1062@example.com,+44 7700 900218,CF102DG,9990461007,E01,2024-08-26,Suspended
AN0001063,fatima,sharma,1994-05-29,m,fatima.sharma1063@example.com,+44 7700 900230,NE1 4DJ,9991232966,E16,2018-12-19,Active
AN0001064,wei,okafor,2000-08-11,F,wei.okafor1064@example.com,+44 7700 900853,CF10 7GE,9994460420,E13,2023-05-06,Active
AN0001065,fatima,abara,2000-08-01,M,,+44 7700 900190,g1  4ag,9993472433,E11,2023-02-09,Suspended
AN0001066,liam,patel,1994-05-17,m,liam.patel1066@example.com,(0161) 496 2663,LS18DH,9990866651,E10,2020-08-05,Active
AN0001067,george,byrne,1997-05-30,F,george.byrne1067@example.com,07700900964,EH1 5JJ,9992903503,E15,2022-12-20,Active
AN0001068,idris,wright,1992-08-16,F,idris.wright1068@example.com,(0161) 496 3385,LS1 4GF,9994046683,E13,2019-05-27,Active
AN0001069,liam,cohen,1996-04-11,f,liam.cohen1069@example.com,07700900869,g1  3gf,9992064412,E08,2024-11-12,Active
AN0001070,chloe,whitfield,1996-01-13,M,chloe.whitfield1070@example.com,+44 7700 900102,CF104FE,9999488218,E04,2022-02-17,Suspended
AN0001071,sofia,okafor,1996-03-12,M,sofia.okafor1071@example.com,+44 7700 900200,M1 1DB,9995434121,E02,2020-07-17,Deferred
AN0001072,sarah,murray,2002-01-28,f,sarah.murray1072@example.com,+44 7700 900345,L1 3BH,9990320314,E01,2020-07-02,Suspended
AN0001073,liam,byrne,2001-02-01,M,liam.byrne1073@example.com,+44 7700 900586,m14bj,9999786014,E10,2019-02-04,Active
AN0001074,leila,murray,2004-03-20,F,leila.murray1074@example.com,+44 7700 900763,EH18GG,9995821079,E03,2022-12-01,Suspended
AN0001075,ethan,khan,1990-11-11,f,ethan.khan1075@example.com,07700900157,B15 8BH,9990881979,E13,2016-01-15,Active
AN0001076,leila,bello,1996-12-24,F,leila.bello1076@example.com,+44 7700 900893,M1 9EJ,9993076813,E14,2024-07-02,Active
AN0001077,sofia,okafor,1993-10-20,F,sofia.okafor1077@example.com,07700900576,ne11ad,9994323628,E03,2023-07-22,Deferred
AN0001078,callum,osman,1991-11-27,f,callum.osman1078@example.com,(0161) 496 5252,CF108AH,9995169134,E11,2016-06-04,Withdrawn
AN0001079,liam,cohen,1987-06-21,F,liam.cohen1079@example.com,(0161) 496 3378,CF10 2AJ,9993350842,E03,2016-08-12,Active
AN0001080,ruth,khan,2004-01-19,M,ruth.khan1080@example.com,07700900395,NE1 5BE,9994169106,E06,2023-10-17,Deferred
AN0001081,priya,chen,1994-01-17,f,priya.chen1081@example.com,+44 7700 900473,ne17fh,9998110505,E08,2017-02-17,Deferred
AN0001082,kai,patel,1998-07-06,F,kai.patel1082@example.com,07700900927,BS17BG,9998551285,E16,2020-09-18,Active
AN0001083,daniel,fenton,1996-10-15,F,daniel.fenton1083@example.com,07700900609,NE1 2GG,9996097234,E10,2017-02-07,Active
AN0001084,isla,fenton,1994-10-11,f,isla.fenton1084@example.com,+44 7700 900573,L1 3AG,9991073086,E01,2019-04-13,Active
AN0001085,callum,fenton,1990-04-19,M,callum.fenton1085@example.com,+44 7700 900840,sw1a  4bj,9993802743,E16,2018-12-15,Deferred
AN0001086,ethan,abara,1990-01-04,M,ethan.abara1086@example.com,+44 7700 900265,bs13gf,9996862720,E05,2019-08-21,Active
AN0001087,nadia,haddad,1998-10-22,f,nadia.haddad1087@example.com,07700900486,B15 3JB,9993538671,E09,2018-10-23,Withdrawn
AN0001088,zainab,bello,1995-09-05,F,zainab.bello1088@example.com,07700900955,l11ha,9998869323,E15,2017-05-28,Withdrawn
AN0001089,chloe,iqbal,2003-05-15,M,chloe.iqbal1089@example.com,+44 7700 900126,ne1  3je,9991597646,E14,2024-09-19,Active
AN0001090,leila,kaur,2000-09-17,f,,+44 7700 900585,NE18JG,9992619031,E04,2024-04-10,Active
AN0001091,meera,whitfield,1991-05-08,F,meera.whitfield1091@example.com,07700900284,SW1A 3DD,9991175768,E08,2020-07-06,Active
AN0001092,nadia,nwosu,1994-06-08,F,nadia.nwosu1092@example.com,+44 7700 900374,NE1 7EA,9991690395,E03,2016-08-22,Active
AN0001093,erin,nwosu,1999-08-05,m,erin.nwosu1093@example.com,+44 7700 900372,ls1  7fj,9990680175,E01,2024-05-17,Deferred
AN0001094,kai,whitfield,1992-08-23,F,kai.whitfield1094@example.com,(0161) 496 1644,G11AF,9993267244,E04,2016-11-25,Active
AN0001095,yusuf,thompson,2000-02-29,F,yusuf.thompson1095@example.com,07700900543,B15 9AE,9990654026,E11,2020-12-09,Suspended
AN0001096,sarah,murray,2001-06-19,m,sarah.murray1096@example.com,+44 7700 900261,L1 3BD,9991635041,E09,2022-10-08,Active
AN0001097,hannah,haddad,1999-06-10,F,hannah.haddad1097@example.com,07700900943,ls1  8df,9993974994,E11,2024-01-22,Active
AN0001098,omar,okafor,1995-01-29,F,omar.okafor1098@example.com,(0161) 496 7859,L16HA,9990221545,E02,2021-09-02,Suspended
AN0001099,george,adeyemi,1995-01-18,m,george.adeyemi1099@example.com,+44 7700 900260,G1 4EE,9992351020,E11,2022-01-29,Withdrawn
AN0001100,zainab,abara,1997-05-12,F,zainab.abara1100@example.com,+44 7700 900915,sw1a4hf,9993933325,E05,2016-08-31,Deferred
AN0001101,callum,reid,1990-04-01,M,callum.reid1101@example.com,+44 7700 900650,sw1a  6eb,9994412906,Z99,2017-10-30,Deferred
AN0001102,chloe,bello,1997-03-25,m,chloe.bello1102@example.com,+44 7700 900348,L17EB,9994954210,E14,2020-05-27,Active
AN0001103,grace,bianchi,1990-11-23,M,grace.bianchi1103@example.com,(0161) 496 6601,BS1 2DD,9991317538,E10,2019-01-03,Active
AN0001104,yusuf,adeyemi,1998-02-10,F,yusuf.adeyemi1104@example.com,+44 7700 900205,LS1 1HB,9998452406,E07,2021-04-23,Active
AN0001105,liam,iqbal,2002-04-19,f,liam.iqbal1105@example.com,+44 7700 900196,eh1  4db,9991430873,E12,2023-10-01,Suspended
AN0001106,noah,chen,1993-10-06,F,noah.chen1106@example.com,07700900357,ls13be,9994581929,E14,2018-12-04,Active
AN0001107,meera,sharma,1995-04-27,M,meera.sharma1107@example.com,(0161) 496 4841,LS1 9HG,9999025781,E05,2020-11-02,Active
AN0001108,priya,lawson,1998-02-19,f,priya.lawson1108@example.com,07700900643,b159dg,9997262085,E04,2021-10-29,Active
AN0001109,wei,novak,2002-01-22,F,wei.novak1109@example.com,(0161) 496 6224,g1  2hd,9992250186,E03,2022-07-22,Active
AN0001110,amara,bianchi,1994-02-19,F,amara.bianchi1110@example.com,+44 7700 900878,EH13AB,9992234148,E03,2019-05-13,Suspended
AN0001111,idris,okafor,1993-03-23,f,idris.okafor1111@example.com,+44 7700 900810,L1 1DH,9993217409,E14,2022-10-16,Withdrawn
AN0001112,grace,byrne,1987-06-17,M,grace.byrne1112@example.com,+44 7700 900881,B15 9DD,9997119363,E14,2016-07-23,Withdrawn
AN0001113,nadia,okafor,2001-04-18,F,nadia.okafor1113@example.com,07700900428,cf10  5hb,9996076261,E05,2021-12-06,Active
AN0001114,james,okafor,1999-02-11,f,james.okafor1114@example.com,+44 7700 900377,cf102jh,9993133612,E14,2022-06-02,Withdrawn
AN0001115,isla,murray,1992-08-21,M,isla.murray1115@example.com,(0161) 496 2624,CF10 6FF,9993727768,E11,2017-01-16,Active
AN0001116,erin,reid,2005-11-07,M,erin.reid1116@example.com,07700900718,EH1 3AF,9991755187,E01,2024-06-07,Active
AN0001117,hannah,abara,1993-10-08,m,hannah.abara1117@example.com,+44 7700 900814,ls1  1df,9997444175,E03,2021-07-18,Active
AN0001118,zainab,haddad,2001-06-30,F,zainab.haddad1118@example.com,07700900559,BS11DG,9998904722,E07,2024-10-03,Suspended
AN0001119,omar,murray,1999-12-24,M,omar.murray1119@example.com,07700900332,ne16gj,9994216430,E06,2018-12-26,Deferred
AN0001120,hannah,fenton,1989-01-27,f,hannah.fenton1120@example.com,07700900368,CF10 1FJ,9996143783,E04,2016-05-13,Active
AN0001121,oliver,sharma,1990-12-07,M,oliver.sharma1121@example.com,07700900562,g1  7fh,9992636815,E11,2020-06-10,Withdrawn
AN0001122,erin,murray,1990-06-21,M,erin.murray1122@example.com,(0161) 496 3443,L18DB,9998450780,E10,2016-12-22,Active
AN0001123,fatima,iqbal,1996-08-02,f,fatima.iqbal1123@example.com,(0161) 496 4733,B15 8FH,9993306770,E07,2020-08-14,Active
AN0001124,meera,murray,2005-02-12,M,meera.murray1124@example.com,+44 7700 900287,cf107jf,9999087884,E09,2024-11-15,Active
AN0001125,ethan,bianchi,1991-08-25,F,ethan.bianchi1125@example.com,+44 7700 900310,bs17ef,9992898763,E14,2019-09-11,Withdrawn
AN0001126,idris,kaur,2001-03-16,m,idris.kaur1126@example.com,+44 7700 900220,l11fh,9991867066,E10,2019-08-14,Active
AN0001127,hannah,sharma,2004-12-31,M,hannah.sharma1127@example.com,07700900792,sw1a8ed,9998919827,E12,2024-07-20,Active
AN0001128,nadia,murray,1998-04-22,F,nadia.murray1128@example.com,+44 7700 900855,sw1a9hf,9992694203,E07,2019-08-15,Withdrawn
AN0001129,erin,byrne,2002-02-13,f,erin.byrne1129@example.com,07700900755,bs1  1bf,9999219586,E01,2023-07-26,Active
AN0001130,zainab,adeyemi,1996-08-06,F,zainab.adeyemi1130@example.com,+44 7700 900624,eh14ad,9991781676,E14,2022-10-23,Active
AN0001131,noah,adeyemi,2002-04-16,F,noah.adeyemi1131@example.com,(0161) 496 9645,bs11bh,9994928155,E14,2023-06-09,Active
AN0001132,chloe,sharma,1992-03-22,m,chloe.sharma1132@example.com,+44 7700 900405,SW1A 8AE,9998081726,E10,2017-04-13,Active
AN0001133,grace,haddad,2001-10-07,F,grace.haddad1133@example.com,(0161) 496 6345,sw1a  1jd,9999592740,E16,2022-03-03,Active
AN0001134,sofia,okafor,1993-08-08,F,,(0161) 496 3809,L17HD,9990820392,E08,2020-09-28,Active
AN0001135,noah,bianchi,2004-06-11,m,noah.bianchi1135@example.com,07700900370,EH1 5EG,9990120420,E05,2025-01-08,Active
AN0001136,tom,haddad,2003-11-18,M,tom.haddad1136@example.com,(0161) 496 3559,B15 8GE,9998497604,E02,2022-09-09,Suspended
AN0001137,noah,bianchi,2002-11-10,F,noah.bianchi1137@example.com,+44 7700 900425,ls1  5ag,9996481875,E11,2021-01-12,Deferred
AN0001138,leila,okafor,1994-05-11,m,leila.okafor1138@example.com,+44 7700 900995,BS18JE,9994662325,E02,2018-09-22,Active
AN0001139,callum,robertson,1993-06-22,F,callum.robertson1139@example.com,+44 7700 900175,LS1 6FJ,9998622697,E13,2021-03-13,Active
AN0001140,nadia,robertson,1991-01-12,F,nadia.robertson1140@example.com,+44 7700 900453,CF10 3EE,9997792564,E14,2016-10-24,Active
AN0001141,fatima,adeyemi,2001-10-31,f,fatima.adeyemi1141@example.com,(0161) 496 5047,m1  6ee,9999122604,E14,2021-11-21,Active
AN0001142,isla,mackenzie,1987-12-03,F,isla.mackenzie1142@example.com,+44 7700 900731,M15EA,9999134106,E07,2016-07-22,Suspended
AN0001143,daniel,chen,1996-06-26,M,daniel.chen1143@example.com,+44 7700 900727,NE1 7GH,9992405929,E15,2023-02-16,Suspended
AN0001144,fatima,cohen,1999-10-25,f,fatima.cohen1144@example.com,(0161) 496 8014,BS1 2FH,9992017538,E14,2018-08-08,Active
AN0001145,nadia,thompson,1997-02-11,F,nadia.thompson1145@example.com,(0161) 496 3505,eh11fe,9993137952,E10,2021-11-25,Active
AN0001146,priya,patel,1996-03-27,M,priya.patel1146@example.com,+44 7700 900458,sw1a4hb,9992025999,E16,2021-06-30,Suspended
AN0001147,ethan,patel,1996-07-15,m,ethan.patel1147@example.com,+44 7700 900849,LS1 5FF,9994890476,E09,2018-03-03,Active
AN0001148,omar,rossi,2000-05-11,F,omar.rossi1148@example.com,(0161) 496 1084,l17gb,9999170854,E16,2020-08-30,Active
AN0001149,leila,nwosu,1994-07-26,M,leila.nwosu1149@example.com,+44 7700 900492,b15  5ab,9995805588,E16,2022-01-13,Withdrawn
AN0001150,daniel,lawson,1998-09-13,f,daniel.lawson1150@example.com,07700900354,bs12ha,9997004094,E02,2021-01-24,Deferred
AN0001151,ruth,mackenzie,1997-06-04,F,ruth.mackenzie1151@example.com,(0161) 496 5073,BS1 9DD,9998039665,E03,2019-07-30,Deferred
AN0001152,fatima,wright,1993-05-29,F,fatima.wright1152@example.com,07700900385,SW1A 8AD,9992951648,E09,2020-03-02,Withdrawn
AN0001153,yusuf,whitfield,2002-08-19,f,yusuf.whitfield1153@example.com,+44 7700 900156,b15  8ff,9998806704,E12,2024-02-06,Active
AN0001154,priya,novak,2004-11-27,F,priya.novak1154@example.com,(0161) 496 2292,M14DH,9991584854,E15,2024-01-10,Active
AN0001155,idris,robertson,1998-07-19,M,idris.robertson1155@example.com,07700900512,SW1A 5JD,9995397072,E12,2018-09-14,Active
AN0001156,ruth,adeyemi,1994-04-04,m,ruth.adeyemi1156@example.com,(0161) 496 4222,M1 8BF,9991995390,E04,2019-04-28,Active
AN0001157,idris,robertson,2000-01-07,M,idris.robertson1157@example.com,+44 7700 900819,bs1  7ag,9990261849,E14,2020-07-29,Active
AN0001158,meera,doyle,1997-03-27,M,meera.doyle1158@example.com,(0161) 496 9469,CF101GA,9990663602,E11,2022-03-25,Active
AN0001159,omar,wright,2003-08-07,f,omar.wright1159@example.com,(0161) 496 9929,BS1 2AE,9992520949,E06,2023-03-10,Active
AN0001160,chloe,grant,2000-09-14,F,chloe.grant1160@example.com,07700900475,B15 2DH,9999860273,E11,2024-06-27,Deferred
AN0001161,kai,mackenzie,2000-01-27,F,kai.mackenzie1161@example.com,(0161) 496 3245,sw1a6ff,9995381184,E14,2023-06-02,Withdrawn
AN0001162,ruth,rossi,1998-03-15,f,ruth.rossi1162@example.com,07700900390,EH16HH,9992952172,E12,2022-09-04,Active
AN0001163,ruth,haddad,2001-12-10,F,ruth.haddad1163@example.com,+44 7700 900530,LS1 5HA,9994726609,E13,2020-04-05,Active
AN0001164,idris,byrne,1993-08-11,M,idris.byrne1164@example.com,+44 7700 900303,sw1a2je,9991671560,E15,2020-02-08,Active
AN0001165,hassan,sharma,1999-12-13,f,hassan.sharma1165@example.com,+44 7700 900314,b15  6fj,9990645310,E06,2020-03-09,Withdrawn
AN0001166,hassan,sharma,1989-12-14,M,hassan.sharma1166@example.com,07700900852,M19HH,9994693654,E10,2019-07-31,Active
AN0001167,tom,lawson,1989-12-09,F,tom.lawson1167@example.com,07700900672,l17ag,9990237719,E04,2019-08-13,Active
AN0001168,idris,kaur,1989-11-17,m,idris.kaur1168@example.com,+44 7700 900468,CF10 8EE,9992973234,E10,2017-02-14,Active
AN0001169,priya,nwosu,2001-11-06,M,priya.nwosu1169@example.com,07700900935,cf10  8hd,9998520231,E03,2022-04-15,Active
AN0001170,george,murray,1996-06-02,M,george.murray1170@example.com,+44 7700 900917,LS19FF,9991545263,E15,2016-01-01,Active
AN0001171,nadia,osman,1996-08-27,m,nadia.osman1171@example.com,07700900326,m11ah,9993322628,E13,2023-09-26,Active
AN0001172,oliver,grant,1997-05-10,F,oliver.grant1172@example.com,(0161) 496 9294,sw1a7hf,9990360596,E06,2018-06-13,Active
AN0001173,wei,kaur,2000-03-08,F,wei.kaur1173@example.com,07700900404,sw1a  3jf,9996758265,E01,2019-03-24,Active
AN0001174,zainab,osman,1991-10-26,m,zainab.osman1174@example.com,(0161) 496 5015,CF104GH,9994614975,E04,2016-01-10,Active
AN0001175,noah,osman,1998-08-15,M,noah.osman1175@example.com,(0161) 496 8936,BS1 9FB,9995049325,E09,2018-05-05,Deferred
AN0001176,isla,whitfield,1997-02-17,F,,(0161) 496 2661,ls12db,9993400122,E01,2017-06-06,Active
AN0001177,wei,reid,1990-06-09,f,wei.reid1177@example.com,(0161) 496 5918,ls13gh,9998718880,E13,2018-03-01,Active
AN0001178,oliver,wright,1996-07-19,M,oliver.wright1178@example.com,+44 7700 900659,EH12HA,9991349561,E05,2099-10-20,Active
AN0001179,callum,okafor,1996-01-03,F,callum.okafor1179@example.com,07700900738,EH1 7EE,9999723616,E15,2024-06-11,Deferred
AN0001180,hassan,lawson,1993-06-23,f,,+44 7700 900107,M1 7GG,9997864573,E10,2017-07-30,Active
AN0001181,chloe,bianchi,1994-07-17,M,chloe.bianchi1181@example.com,(0161) 496 3820,eh1  8hf,9990687587,E09,2020-01-08,Deferred
AN0001182,isla,novak,1993-07-23,F,isla.novak1182@example.com,+44 7700 900361,G12DD,9994418998,E12,2016-08-23,Active
AN0001183,wei,fenton,1996-07-14,f,wei.fenton1183@example.com,(0161) 496 7976,SW1A 9EG,9990170363,E07,2018-04-06,Active
AN0001184,idris,reid,1998-09-19,F,idris.reid1184@example.com,+44 7700 900146,G1 1EA,9994134906,E09,2019-01-01,Withdrawn
AN0001185,hannah,bello,1993-09-02,F,hannah.bello1185@example.com,+44 7700 900379,g1  3fb,9996948048,E06,2021-05-02,Active
AN0001186,tom,iqbal,1999-10-11,f,tom.iqbal1186@example.com,(0161) 496 1232,BS16JE,9990598029,E09,2024-06-13,Active
AN0001187,ruth,bello,1996-08-14,M,ruth.bello1187@example.com,(0161) 496 2474,G1 9DG,9999073425,E15,2018-10-24,Active
AN0001188,hassan,khan,1992-04-22,F,hassan.khan1188@example.com,+44 7700 900547,l16gb,9991864822,E07,2020-12-07,Active
AN0001189,hannah,bello,1990-11-16,f,hannah.bello1189@example.com,07700900925,eh1  2hd,9993260584,E10,2019-08-03,Withdrawn
AN0001190,amara,grant,1995-04-26,M,amara.grant1190@example.com,+44 7700 900554,B151HH,9999315186,E16,2020-09-16,Active
AN0001191,isla,bianchi,1993-02-24,F,isla.bianchi1191@example.com,07700900524,BS1 9AH,9991798900,E13,2017-08-23,Active
AN0001192,meera,novak,2004-05-21,f,meera.novak1192@example.com,+44 7700 900379,NE1 8AF,9997954173,E09,2022-06-05,Active
AN0001193,daniel,whitfield,1996-07-24,M,daniel.whitfield1193@example.com,(0161) 496 4442,l1  9bg,9995790890,E05,2022-08-27,Active
AN0001194,amara,robertson,2000-06-21,F,amara.robertson1194@example.com,07700900553,CF104AD,9997612396,E10,2022-03-02,Withdrawn
AN0001195,amara,thompson,1995-01-23,f,amara.thompson1195@example.com,07700900660,NE1 2DH,9991820701,E10,2023-01-31,Active
AN0001196,yusuf,thompson,1991-05-11,M,yusuf.thompson1196@example.com,+44 7700 900250,BS1 9DH,9993348643,E01,2016-07-11,Active
AN0001197,ruth,cohen,1991-10-28,F,ruth.cohen1197@example.com,+44 7700 900728,cf10  9ee,9997077318,E03,2016-06-30,Deferred
AN0001198,sarah,cohen,1996-08-24,f,sarah.cohen1198@example.com,+44 7700 900133,g13bj,9993844403,E05,2019-09-10,Active
AN0001199,sarah,byrne,2000-01-27,F,sarah.byrne1199@example.com,(0161) 496 2677,LS1 4GA,9998715687,E16,2019-06-29,Withdrawn
AN0001200,hassan,kaur,1995-04-20,M,hassan.kaur1200@example.com,(0161) 496 3328,B15 5FG,9994467948,E14,2020-11-28,Deferred
AN0001201,hannah,bianchi,1991-03-02,f,hannah.bianchi1201@example.com,(0161) 496 2087,cf10  4dg,9997831594,Z99,2020-09-29,Active
AN0001202,ruth,reid,1990-08-10,F,ruth.reid1202@example.com,+44 7700 900621,CF109EA,9991585427,E02,2017-10-18,Active
AN0001203,isla,byrne,1990-09-17,M,,07700900741,eh19eh,9990734461,E12,2020-03-19,Withdrawn
AN0001204,callum,nwosu,2004-09-06,f,callum.nwosu1204@example.com,07700900765,M1 8FB,9997050223,E16,2024-02-26,Suspended
AN0001205,callum,osman,2002-10-19,M,callum.osman1205@example.com,+44 7700 900881,eh15jh,9990948372,E01,2022-03-10,Active
AN0001206,omar,chen,1993-06-22,F,omar.chen1206@example.com,+44 7700 900752,B154AD,9995099624,E08,2022-08-19,Suspended
AN0001207,nadia,robertson,1995-12-01,f,nadia.robertson1207@example.com,(0161) 496 7780,CF10 2AD,9996342026,E13,2021-01-27,Active
AN0001208,george,bello,1996-07-23,M,george.bello1208@example.com,(0161) 496 4420,L1 7EH,9999017797,E16,2022-08-07,Active
AN0001209,noah,mackenzie,1994-12-10,F,noah.mackenzie1209@example.com,+44 7700 900731,ls1  4eg,9994656422,E10,2019-02-04,Deferred
AN0001210,sarah,rossi,1998-08-18,m,sarah.rossi1210@example.com,+44 7700 900168,BS16HG,9992277645,E16,2020-04-20,Active
AN0001211,james,whitfield,1998-06-15,M,james.whitfield1211@example.com,(0161) 496 6480,g12ef,9994867229,E02,2024-11-21,Suspended
AN0001212,isla,patel,2003-02-25,M,isla.patel1212@example.com,+44 7700 900469,eh17bg,9994932519,E08,2024-06-19,Activ
AN0001213,ethan,wright,1993-10-21,m,ethan.wright1213@example.com,+44 7700 900995,sw1a  5ag,9997766180,E07,2021-03-26,Active
AN0001214,ethan,sharma,1996-12-05,F,ethan.sharma1214@example.com,(0161) 496 2405,EH14BG,9991436782,E09,2016-09-01,Active
AN0001215,idris,okafor,1995-05-11,F,idris.okafor1215@example.com,+44 7700 900729,CF10 9GH,9995706806,E13,2021-06-13,Deferred
AN0001216,hannah,osman,2002-01-12,m,hannah.osman1216@example.com,+44 7700 900369,LS1 4AH,9992302860,E06,2023-05-13,Withdrawn
AN0001217,kai,murray,1987-10-09,M,kai.murray1217@example.com,+44 7700 900858,m1  2fd,9996701514,E04,2016-03-18,Active
AN0001218,james,thompson,1996-03-03,M,james.thompson1218@example.com,(0161) 496 9508,LS13DD,9990539227,E03,2020-07-03,Active
AN0001219,callum,chen,2005-03-22,m,callum.chen1219@example.com,(0161) 496 2865,B15 5FE,9991332529,E10,2023-05-06,Active
AN0001220,amara,ali,1996-11-17,F,amara.ali1220@example.com,(0161) 496 7745,EH1 6DE,9998644976,E09,2024-03-21,Deferred
AN0001221,amara,adeyemi,1995-12-16,F,amara.adeyemi1221@example.com,+44 7700 900278,sw1a6eh,9997349857,E03,2022-07-18,Suspended
AN0001222,hannah,ali,1995-11-18,f,hannah.ali1222@example.com,07700900492,CF106GB,9996253805,E09,2019-12-30,Active
AN0001223,sarah,adeyemi,1998-01-03,M,sarah.adeyemi1223@example.com,+44 7700 900695,g13fj,9994665359,E07,2021-04-20,Suspended
AN0001224,wei,bianchi,1995-05-09,F,wei.bianchi1224@example.com,07700900257,EH1 4HJ,9992415711,E03,2023-02-09,Withdrawn
AN0001225,yusuf,kaur,1999-07-26,m,yusuf.kaur1225@example.com,+44 7700 900317,eh1  7gh,9999061680,E13,2023-10-29,Active
AN0001226,hassan,kaur,1990-11-26,M,hassan.kaur1226@example.com,+44 7700 900462,B159BB,9998371031,E14,2018-08-26,Active
AN0001227,meera,chen,2001-08-09,M,meera.chen1227@example.com,07700900891,SW1A 2FH,9998082641,E07,2020-04-03,Active
AN0001228,sarah,mackenzie,1999-01-23,f,sarah.mackenzie1228@example.com,+44 7700 900431,EH1 3DH,9994563394,E08,2020-06-19,Active
AN0001229,omar,reid,1995-02-27,M,omar.reid1229@example.com,+44 7700 900940,bs1  5bb,9996649717,E09,2022-07-24,Active
AN0001230,nadia,novak,2000-11-18,F,nadia.novak1230@example.com,+44 7700 900213,SW1A2HB,9999016391,E04,2022-03-05,Withdrawn
AN0001231,chloe,bianchi,1995-08-11,m,chloe.bianchi1231@example.com,+44 7700 900378,b158hj,9993481408,E04,2016-11-29,Active
AN0001232,liam,abara,1995-08-01,M,liam.abara1232@example.com,+44 7700 900357,NE1 2BH,9994991000,E05,2020-11-13,Withdrawn
AN0001233,erin,reid,1995-09-14,F,erin.reid1233@example.com,(0161) 496 2950,cf10  9ab,9999034217,E07,2016-06-07,Active
AN0001234,isla,rossi,1998-11-09,m,isla.rossi1234@example.com,+44 7700 900176,CF101JB,9999138608,E16,2018-12-05,Active
AN0001235,sarah,abara,2004-03-09,M,sarah.abara1235@example.com,+44 7700 900238,M1 5AD,9997028813,E05,2023-11-14,Active
AN0001236,wei,doyle,1996-07-30,F,wei.doyle1236@example.com,+44 7700 900596,M1 4HJ,9995764636,E16,2021-12-25,Active
AN0001237,priya,reid,1997-09-26,m,priya.reid1237@example.com,07700900488,m15de,9991535063,E09,2023-02-22,Withdrawn
AN0001238,callum,byrne,1994-03-22,F,callum.byrne1238@example.com,+44 7700 900430,LS18FB,9995471795,E04,2020-07-23,Suspended
AN0001239,nadia,robertson,2000-01-31,M,nadia.robertson1239@example.com,(0161) 496 1501,G1 2GH,9996355845,E13,2022-10-12,Deferred
AN0001240,oliver,kaur,2004-06-30,m,oliver.kaur1240@example.com,+44 7700 900236,G1 7GA,9990700141,E04,2024-02-15,Active
AN0001241,james,doyle,1993-08-31,M,james.doyle1241@example.com,+44 7700 900906,ne1  8ba,9996689042,E08,2020-03-28,Active
AN0001242,sofia,chen,1990-07-13,M,,+44 7700 900837,M12GD,9992822287,E13,2016-02-01,Active
AN0001243,sofia,adeyemi,1998-01-29,m,sofia.adeyemi1243@example.com,+44 7700 900720,BS1 5AA,9990847916,E02,2021-04-13,Active
AN0001244,ruth,thompson,1995-09-25,F,ruth.thompson1244@example.com,+44 7700 900898,L1 3DD,9990641579,E15,2018-10-05,Suspended
AN0001245,ethan,ali,1995-08-01,M,,(0161) 496 1388,eh1  2fg,9991952810,E04,2016-04-29,Active
AN0001246,sofia,haddad,1999-08-01,m,sofia.haddad1246@example.com,07700900279,M19EA,9995780372,E08,2024-12-20,Withdrawn
AN0001247,sarah,ali,1995-10-21,F,sarah.ali1247@example.com,(0161) 496 4924,CF10 1GG,9995759942,E14,2023-05-30,Suspended
AN0001248,amara,osman,2005-09-06,F,amara.osman1248@example.com,07700900150,EH1 6DH,9991065679,E02,2024-04-04,Active
AN0001249,chloe,adeyemi,1995-02-12,m,chloe.adeyemi1249@example.com,+44 7700 900247,l1  7be,9998149800,E13,2020-02-29,Active
AN0001250,noah,okafor,1999-06-26,F,noah.okafor1250@example.com,07700900730,BS13HF,9997725085,E05,2021-09-28,Withdrawn
AN0001251,fatima,khan,1995-05-07,M,fatima.khan1251@example.com,+44 7700 900104,sw1a5bj,9994155369,E08,2017-07-30,Active
AN0001252,daniel,grant,1992-02-20,f,daniel.grant1252@example.com,+44 7700 900610,BS1 7AD,9995703335,E13,2019-02-28,Suspended
AN0001253,leila,bello,1996-01-10,M,leila.bello1253@example.com,(0161) 496 6278,ne1  3he,9990296626,E16,2019-04-07,Active
AN0001254,sarah,patel,1999-02-17,M,sarah.patel1254@example.com,+44 7700 900189,CF108DB,9993926698,E07,2019-04-25,Active
AN0001255,callum,ali,1994-05-20,m,callum.ali1255@example.com,+44 7700 900336,BS1 3AF,9995022060,E08,2017-05-31,Withdrawn
AN0001256,sarah,osman,1990-05-12,M,sarah.osman1256@example.com,+44 7700 900331,L1 8BA,9990295611,E10,2018-09-07,Active
AN0001257,hannah,cohen,1990-11-06,F,hannah.cohen1257@example.com,+44 7700 900857,g16fa,9999923046,E11,2020-03-22,Withdrawn
AN0001258,wei,khan,1999-02-05,,wei.khan1258@example.com,+44 7700 900900,NE12FG,9997437012,E05,2018-08-17,Deferred
AN0001259,tom,novak,1993-10-05,M,tom.novak1259@example.com,07700900610,CF10 7HG,9992761202,E03,2022-11-21,Suspended
AN0001260,hannah,murray,1999-08-12,M,hannah.murray1260@example.com,+44 7700 900175,BS1 1DD,9991678700,E10,2023-04-08,Withdrawn
AN0001261,noah,haddad,1994-12-18,m,noah.haddad1261@example.com,+44 7700 900800,l1  2gd,9992684852,E09,2018-04-17,Active
AN0001262,liam,byrne,1998-10-13,M,liam.byrne1262@example.com,+44 7700 900129,B158GE,9998923131,E13,2019-03-17,Active
AN0001263,zainab,bello,1994-09-13,F,zainab.bello1263@example.com,+44 7700 900313,LS1 8FB,9998376599,E16,2023-05-22,Active
AN0001264,kai,wright,1999-06-11,m,kai.wright1264@example.com,07700900783,sw1a7gd,9996426734,E11,2017-07-25,Active
AN0001265,meera,nwosu,1995-09-01,M,meera.nwosu1265@example.com,(0161) 496 5078,l1  6hg,9996976483,E01,2019-02-19,Suspended
AN0001266,hassan,haddad,1997-05-31,F,,07700900950,m11fh,9995069296,E09,2017-10-16,Active
AN0001267,sofia,reid,2000-07-21,m,sofia.reid1267@example.com,(0161) 496 3070,L1 7JD,9993509795,E07,2019-09-29,Activ
AN0001268,yusuf,chen,1996-01-09,M,yusuf.chen1268@example.com,+44 7700 900989,g11dd,9994778048,E11,2016-10-25,Active
AN0001269,yusuf,lawson,1994-05-21,F,yusuf.lawson1269@example.com,07700900153,l11ee,9998214785,E13,2017-07-14,Deferred
AN0001270,tom,grant,1994-01-13,m,tom.grant1270@example.com,(0161) 496 5419,G12HJ,9997063635,E13,2023-03-27,Deferred
AN0001271,tom,okafor,1998-01-31,M,,+44 7700 900961,SW1A 9FF,9994833367,E01,2017-04-07,Withdrawn
AN0001272,james,fenton,2000-12-19,F,james.fenton1272@example.com,+44 7700 900857,M1 4HA,9994946927,E14,2021-09-17,Suspended
AN0001273,kai,haddad,1992-01-31,m,kai.haddad1273@example.com,(0161) 496 3385,eh1  6be,9991758089,E15,2019-02-20,Active
AN0001274,isla,adeyemi,2004-01-30,F,isla.adeyemi1274@example.com,+44 7700 900347,M16HH,9995135388,E08,2023-02-26,Active
AN0001275,meera,mackenzie,1997-08-28,M,meera.mackenzie1275@example.com,+44 7700 900739,SW1A 2HG,9997177843,E15,2021-02-19,Active
AN0001276,wei,lawson,1993-01-22,f,wei.lawson1276@example.com,(0161) 496 9636,NE1 4JB,9991586687,E09,2021-03-09,Active
AN0001277,hassan,osman,1996-09-02,F,hassan.osman1277@example.com,07700900829,ne1  4ed,9997050584,E07,2021-04-09,Active
AN0001278,george,iqbal,1997-02-20,F,george.iqbal1278@example.com,+44 7700 900550,LS19GE,9993399825,E05,2023-03-21,Active
AN0001279,callum,novak,1997-12-12,f,callum.novak1279@example.com,+44 7700 900144,M1 6FH,9997930304,E13,2017-08-04,Deferred
AN0001280,tom,nwosu,2000-07-09,F,tom.nwosu1280@example.com,+44 7700 900673,b155gb,9990252858,E05,2021-03-07,Active
AN0001281,fatima,okafor,1998-05-17,M,fatima.okafor1281@example.com,(0161) 496 1125,ne18da,9993827770,E01,2025-01-05,Withdrawn
AN0001282,sarah,lawson,1998-02-16,m,sarah.lawson1282@example.com,+44 7700 900809,L19HE,9999007120,E16,2024-07-09,Active
AN0001283,ruth,abara,1998-11-12,F,ruth.abara1283@example.com,07700900600,B15 1GJ,9997719611,E12,2019-02-15,Active
AN0001284,zainab,murray,1998-05-13,F,zainab.murray1284@example.com,+44 7700 900566,CF10 5AH,9993344001,E11,2022-11-03,Active
AN0001285,kai,doyle,1998-08-21,f,kai.doyle1285@example.com,+44 7700 900569,bs1  4dd,9999143903,E01,2019-02-27,Active
AN0001286,ruth,mackenzie,1993-01-14,F,ruth.mackenzie1286@example.com,+44 7700 900216,G18BB,9992600802,E13,2021-05-12,Active
AN0001287,sofia,osman,2002-09-11,F,sofia.osman1287@example.com,(0161) 496 8466,NE1 4EG,9998357195,E03,2024-01-18,Active
AN0001288,hassan,robertson,1994-03-08,f,,+44 7700 900827,ne17hf,9993203173,E13,2021-04-17,Deferred
AN0001289,nadia,iqbal,1991-06-17,F,nadia.iqbal1289@example.com,+44 7700 900441,eh1  3jd,9990020868,E15,2017-08-22,Active
AN0001290,leila,khan,2001-10-16,M,leila.khan1290@example.com,07700900672,G15ED,9991630333,E06,2020-03-24,Active
AN0001291,callum,bello,2002-12-27,m,callum.bello1291@example.com,(0161) 496 1931,SW1A 1EB,9998104807,E03,2023-12-29,Suspended
AN0001292,daniel,murray,1999-09-01,M,daniel.murray1292@example.com,07700900151,bs14af,9997661362,E10,2019-02-15,Active
AN0001293,ethan,fenton,1996-09-28,F,ethan.fenton1293@example.com,07700900457,bs15jf,9990531102,E11,2016-12-03,Withdrawn
AN0001294,leila,bianchi,2003-04-26,f,leila.bianchi1294@example.com,+44 7700 900307,BS18FD,9999142699,E02,2024-04-25,Active
AN0001295,omar,abara,1991-12-21,M,omar.abara1295@example.com,+44 7700 900597,CF10 8BJ,9992883634,E09,2019-12-29,Suspended
AN0001296,james,byrne,1995-08-19,M,james.byrne1296@example.com,+44 7700 900511,LS1 3DH,9997880935,E01,2024-03-03,Withdrawn
AN0001297,liam,robertson,1999-05-24,m,liam.robertson1297@example.com,+44 7700 900694,bs1  4gb,9995977729,E09,2019-08-23,Active
AN0001298,callum,mackenzie,1990-01-12,F,callum.mackenzie1298@example.com,(0161) 496 9719,SW1A6AB,9994171658,E12,2016-04-12,Suspended
AN0001299,hassan,byrne,1990-01-30,F,hassan.byrne1299@example.com,+44 7700 900195,ne19jb,9994860054,E15,2017-07-23,Active
AN0001300,george,adeyemi,1993-06-06,f,george.adeyemi1300@example.com,07700900603,g18ae,9992501863,E15,2022-08-31,Active
AN0001301,amara,osman,2005-11-27,F,amara.osman1301@example.com,+44 7700 900285,ls14eh,9991806202,Z99,2024-06-16,Deferred
AN0001302,noah,whitfield,1995-11-14,M,noah.whitfield1302@example.com,(0161) 496 7938,LS15JG,9994057146,E05,2016-03-22,Active
AN0001303,erin,haddad,1998-04-07,m,erin.haddad1303@example.com,07700900655,L1 4GF,9995345145,E10,2023-08-10,Withdrawn
AN0001304,erin,rossi,1993-06-12,F,erin.rossi1304@example.com,(0161) 496 9423,B15 5EF,9993586269,E12,2022-01-06,Active
AN0001305,callum,doyle,1992-12-08,M,callum.doyle1305@example.com,+44 7700 900981,l1  8gj,9998943264,E07,2019-05-12,Withdrawn
AN0001306,isla,ali,1999-09-19,m,isla.ali1306@example.com,+44 7700 900881,EH16AG,9990928460,E01,2024-03-04,Active
AN0001307,priya,grant,1995-12-25,M,priya.grant1307@example.com,07700900813,L1 8EJ,9999545033,E14,2018-03-18,Active
AN0001308,wei,cohen,1999-02-17,F,wei.cohen1308@example.com,+44 7700 900235,sw1a5ga,9998143535,E16,2022-04-09,Active
AN0001309,grace,adeyemi,1996-05-06,m,grace.adeyemi1309@example.com,07700900735,g1  4bb,9993590428,E10,2024-08-27,Active
AN0001310,erin,grant,1998-03-15,F,erin.grant1310@example.com,(0161) 496 7230,LS16BA,9997383850,E11,2018-12-18,Active
AN0001311,liam,adeyemi,1999-01-17,M,liam.adeyemi1311@example.com,07700900431,M1 2JF,9995537060,E13,2023-02-01,Active
AN0001312,sofia,abara,1992-07-31,m,sofia.abara1312@example.com,+44 7700 900356,cf102db,9991260846,E08,2017-03-16,Suspended
AN0001313,callum,nwosu,1989-02-02,F,callum.nwosu1313@example.com,07700900185,bs17ea,9993995169,E12,2016-02-27,Active
AN0001314,daniel,sharma,2000-03-30,M,daniel.sharma1314@example.com,(0161) 496 3048,CF108EB,9990485143,E13,2023-12-27,Active
AN0001315,zainab,bello,1994-04-25,f,zainab.bello1315@example.com,+44 7700 900795,LS1 9DE,9994275577,E10,2018-09-19,Active
AN0001316,grace,bello,1997-04-06,F,grace.bello1316@example.com,07700900866,EH1 5EB,9993102970,E12,2016-09-18,Active
AN0001317,daniel,okafor,1999-10-08,M,daniel.okafor1317@example.com,(0161) 496 8662,bs1  3hg,9997328167,E13,2020-07-29,Withdrawn
AN0001318,omar,sharma,1997-07-12,m,omar.sharma1318@example.com,(0161) 496 3549,LS12EH,9991573763,E12,2024-03-13,Active
AN0001319,zainab,chen,1982-03-19,F,zainab.chen1319@example.com,+44 7700 900758,EH1 6BG,9990445001,E03,2022-05-02,Active
AN0001320,chloe,kaur,1990-07-09,M,chloe.kaur1320@example.com,07700900668,bs11ef,9990295867,E01,2020-03-25,Deferred
AN0001321,priya,ali,2004-11-25,m,priya.ali1321@example.com,07700900836,b155hj,9994182366,E08,2023-04-10,Active
AN0001322,erin,ali,1993-12-29,F,erin.ali1322@example.com,+44 7700 900149,G12EE,9990184224,E14,2022-02-28,Active
AN0001323,sofia,novak,2001-08-21,M,sofia.novak1323@example.com,+44 7700 900889,NE1 4BH,9996360385,E16,2022-02-18,Withdrawn
AN0001324,fatima,khan,1993-04-07,f,fatima.khan1324@example.com,07700900706,EH1 8HJ,9991070710,E09,2020-04-07,Active
AN0001325,sofia,iqbal,2006-03-04,F,sofia.iqbal1325@example.com,+44 7700 900321,l11gb,9999194451,E04,2024-11-27,Active
AN0001326,grace,patel,1990-01-19,F,grace.patel1326@example.com,+44 7700 900942,M13JH,9993771880,E09,2017-08-03,Deferred
AN0001327,yusuf,haddad,1991-03-21,f,yusuf.haddad1327@example.com,+44 7700 900859,CF10 7JE,9995573717,E07,2018-09-12,Suspended
AN0001328,omar,mackenzie,1996-05-03,M,omar.mackenzie1328@example.com,07700900834,EH1 7BF,9996627632,E07,2016-07-09,Active
AN0001329,leila,thompson,1991-03-27,M,leila.thompson1329@example.com,07700900278,m1  6df,9991968636,E09,2016-10-20,Active
AN0001330,james,doyle,1994-05-20,f,james.doyle1330@example.com,07700900678,CF109JA,9998830044,E02,2018-10-22,Active
AN0001331,callum,khan,2003-06-19,F,callum.khan1331@example.com,07700900285,LS1 2DJ,9990406294,E08,2018-07-18,Active
AN0001332,amara,chen,2001-05-18,F,amara.chen1332@example.com,+44 7700 900297,sw1a2bj,9996075788,E04,2021-10-04,Deferred
AN0001333,erin,mackenzie,1994-11-29,m,erin.mackenzie1333@example.com,+44 7700 900989,ls1  2jb,9998656583,E08,2022-07-10,Suspended
AN0001334,erin,okafor,2001-03-04,M,erin.okafor1334@example.com,07700900801,G17EB,9993129755,E11,2020-11-07,Active
AN0001335,omar,abara,2000-04-26,F,omar.abara1335@example.com,07700900723,CF10 4JB,9993899909,E10,2024-06-12,Suspended
AN0001336,ruth,sharma,1996-04-09,f,ruth.sharma1336@example.com,+44 7700 900605,G1 4DB,9993613177,E06,2017-04-11,Active
AN0001337,chloe,abara,1994-06-11,M,chloe.abara1337@example.com,+44 7700 900267,bs1  6fg,9995835630,E08,2016-07-04,Active
AN0001338,yusuf,adeyemi,2003-01-05,M,yusuf.adeyemi1338@example.com,(0161) 496 6603,M18FB,9992581476,E09,2024-03-19,Active
AN0001339,hannah,murray,1988-10-18,f,hannah.murray1339@example.com,(0161) 496 2990,NE1 7EF,9991384537,E08,2018-01-16,Active
AN0001340,tom,bianchi,1989-04-07,M,tom.bianchi1340@example.com,(0161) 496 8705,bs17ga,9992408995,E03,2016-08-03,Withdrawn
AN0001341,oliver,patel,2001-09-07,M,oliver.patel1341@example.com,+44 7700 900620,m1  2ee,9997367073,E13,2023-02-18,Active
AN0001342,leila,ali,2001-12-03,m,leila.ali1342@example.com,+44 7700 900766,ls13fb,9998306329,E02,2023-12-04,Active
AN0001343,isla,lawson,1996-05-30,M,isla.lawson1343@example.com,07700900417,eh15df,9998420245,E02,2016-02-29,Deferred
AN0001344,james,murray,2000-02-20,F,james.murray1344@example.com,+44 7700 900193,M1 9HB,999640994,E08,2022-09-27,Active
AN0001345,zainab,whitfield,1996-11-20,m,zainab.whitfield1345@example.com,+44 7700 900427,eh1  3fg,9999082610,E16,2022-12-18,Active
AN0001346,daniel,robertson,1992-03-23,M,daniel.robertson1346@example.com,07700900707,LS11DE,9996696928,E03,2019-08-01,Suspended
AN0001347,fatima,ali,1997-11-28,F,fatima.ali1347@example.com,+44 7700 900166,ne14ae,9994242407,E10,2022-01-09,Active
AN0001348,ethan,khan,1995-07-19,m,ethan.khan1348@example.com,+44 7700 900407,NE1 9EE,9997518667,E04,2018-02-08,Withdrawn
AN0001349,ethan,haddad,2001-04-24,M,ethan.haddad1349@example.com,+44 7700 900844,ne1  3hd,9995074354,E14,2024-09-13,Suspended
AN0001350,amara,bianchi,1993-07-23,F,,07700900591,SW1A4HH,9993591769,E06,2022-04-10,Active
AN0001351,oliver,thompson,1998-04-14,m,oliver.thompson1351@example.com,+44 7700 900880,BS1 6FD,9997344960,E10,2024-12-31,Suspended
AN0001352,nadia,grant,1995-10-23,F,nadia.grant1352@example.com,+44 7700 900518,M1 8AH,9991497110,E14,2022-08-09,Deferred
AN0001353,idris,wright,1989-04-24,M,idris.wright1353@example.com,+44 7700 900591,g1  7hg,9995188600,E08,2018-12-03,Active
AN0001354,leila,mackenzie,1991-09-09,m,leila.mackenzie1354@example.com,+44 7700 900312,G17GA,9994505661,E02,2018-12-04,Active
AN0001355,isla,sharma,1988-03-02,M,isla.sharma1355@example.com,07700900545,M1 8DG,9991402500,E02,2017-07-09,Suspended
AN0001356,yusuf,murray,1997-04-10,F,yusuf.murray1356@example.com,(0161) 496 5929,NE1 2HE,9994936808,E10,2021-07-02,Active
AN0001357,ethan,iqbal,2000-05-14,m,ethan.iqbal1357@example.com,07700900970,ls1  8hg,9999304850,E13,2018-06-23,Deferred
AN0001358,oliver,iqbal,1997-03-24,M,oliver.iqbal1358@example.com,(0161) 496 7345,G17DA,9996344436,E04,2021-11-17,Active
AN0001359,omar,khan,2002-09-29,M,omar.khan1359@example.com,07700900790,LS1 4EG,9991744576,E01,2024-01-22,Active
AN0001360,leila,haddad,1993-03-12,f,leila.haddad1360@example.com,+44 7700 900420,SW1A 9JJ,9997594436,E05,2017-07-10,Deferred
AN0001361,wei,osman,1998-05-11,F,wei.osman1361@example.com,07700900999,sw1a  4jh,9998740428,E14,2019-12-21,Deferred
AN0001362,nadia,grant,2000-07-22,F,nadia.grant1362@example.com,+44 7700 900405,m12gj,9993099007,E15,2019-12-23,Suspended
AN0001363,omar,sharma,2000-06-03,f,omar.sharma1363@example.com,+44 7700 900618,LS1 4FF,9998565359,E03,2024-12-05,Active
AN0001364,nadia,haddad,1988-05-10,M,nadia.haddad1364@example.com,+44 7700 900129,bs12ba,9994956116,E10,2016-05-10,Deferred
AN0001365,liam,byrne,2002-09-16,M,liam.byrne1365@example.com,07700900558,eh1  7hb,9994776185,E09,2022-02-21,Suspended
AN0001366,leila,okafor,1989-07-08,f,leila.okafor1366@example.com,+44 7700 900766,cf109da,9992565993,E11,2019-02-23,Active
AN0001367,george,murray,1988-07-13,M,george.murray1367@example.com,+44 7700 900284,BS1 3JH,9990547394,E09,2017-11-03,Active
AN0001368,liam,adeyemi,1993-07-14,M,liam.adeyemi1368@example.com,(0161) 496 9715,CF10 7AF,9994785249,E01,2016-08-12,Active
AN0001369,hannah,chen,1994-08-01,f,,+44 7700 900117,ls1  4je,9991866477,E12,2016-01-11,Active
AN0001370,tom,byrne,1995-03-10,M,tom.byrne1370@example.com,+44 7700 900463,NE16EF,9996581535,E11,2018-04-13,Withdrawn
AN0001371,ruth,thompson,1995-01-15,F,ruth.thompson1371@example.com,(0161) 496 1948,BS1 9FB,9998655811,E10,2021-06-25,Active
AN0001372,chloe,bello,1996-04-02,m,chloe.bello1372@example.com,(0161) 496 2590,BS1 4FB,9990038147,E10,2017-12-29,Active
AN0001373,wei,murray,2002-05-19,M,,+44 7700 900722,g1  8ea,9991218521,E12,2022-10-21,Active
AN0001374,liam,byrne,1989-10-09,M,liam.byrne1374@example.com,+44 7700 900185,G16GE,9991530304,E05,2019-04-26,Active
AN0001375,oliver,grant,2002-11-05,m,oliver.grant1375@example.com,07700900858,CF10 6FG,9991829911,E13,2021-12-22,Active
AN0001376,daniel,chen,1992-03-14,M,daniel.chen1376@example.com,(0161) 496 2687,SW1A 7BH,9996910083,E13,2016-08-13,Active
AN0001377,wei,fenton,2004-09-28,M,wei.fenton1377@example.com,+44 7700 900615,ls1  3bj,9996269965,E13,2024-04-19,Active
AN0001378,noah,adeyemi,1994-06-18,m,noah.adeyemi1378@example.com,+44 7700 900682,B153GJ,9992007486,E06,2021-07-26,Suspended
AN0001379,omar,chen,1997-01-30,F,omar.chen1379@example.com,(0161) 496 3371,BS1 6BF,9990580286,E10,2018-11-06,Active
AN0001380,priya,mackenzie,2003-12-18,M,priya.mackenzie1380@example.com,+44 7700 900528,G1 5JF,9996950905,E04,2022-03-12,Deferred
AN0001381,noah,wright,1996-06-24,f,noah.wright1381@example.com,+44 7700 900804,eh1  4ab,9995562383,E12,2024-03-03,Suspended
AN0001382,omar,lawson,1996-09-09,M,omar.lawson1382@example.com,+44 7700 900498,SW1A7DD,9990113866,E14,2020-04-09,Active
AN0001383,hannah,osman,1990-07-01,M,hannah.osman1383@example.com,07700900730,SW1A 4AE,9994895389,E03,2019-02-08,Withdrawn
AN0001384,isla,byrne,1993-06-15,f,isla.byrne1384@example.com,+44 7700 900676,SW1A 6EF,9997309537,E13,2022-08-10,Withdrawn
AN0001385,meera,okafor,1999-07-16,F,meera.okafor1385@example.com,(0161) 496 9662,cf10  6hd,9992582286,E03,2022-03-29,Withdrawn
AN0001386,chloe,bianchi,1990-12-14,M,chloe.bianchi1386@example.com,+44 7700 900314,SW1A7GH,9994676784,E14,2017-03-29,Suspended
AN0001387,george,cohen,1998-09-12,f,george.cohen1387@example.com,(0161) 496 5599,BS1 6JG,9993531758,E11,2024-12-27,Withdrawn
AN0001388,grace,kaur,1991-02-09,F,grace.kaur1388@example.com,07700900568,EH1 2BF,9996267512,E08,2017-10-11,Deferred
AN0001389,nadia,adeyemi,1998-05-22,F,nadia.adeyemi1389@example.com,+44 7700 900425,m1  6hf,9999678963,E02,2019-10-02,Withdrawn
AN0001390,kai,fenton,1989-04-15,f,kai.fenton1390@example.com,07700900937,ls11bh,9990159726,E03,2016-07-23,Active
AN0001391,wei,wright,1992-11-11,F,,07700900714,LS1 8HH,9999846017,E15,2019-02-24,Active
AN0001392,idris,whitfield,1995-06-11,M,idris.whitfield1392@example.com,+44 7700 900974,G1 4JE,9998667151,E06,2018-03-16,Active
AN0001393,nadia,lawson,1992-11-05,m,nadia.lawson1393@example.com,(0161) 496 1670,bs1  7jf,9996272052,E07,2016-03-05,Active
AN0001394,grace,osman,1997-07-02,F,grace.osman1394@example.com,+44 7700 900856,LS19GA,9991553835,E14,2016-09-14,Withdrawn
AN0001395,oliver,cohen,1993-05-29,M,oliver.cohen1395@example.com,(0161) 496 7328,LS1 7FE,9995678446,E10,2019-08-03,Active
AN0001396,sofia,bello,2006-01-17,f,sofia.bello1396@example.com,+44 7700 900900,BS1 2BJ,9995129442,E08,2024-09-16,Deferred
AN0001397,grace,bianchi,1994-07-30,M,grace.bianchi1397@example.com,+44 7700 900382,bs1  9de,9995974770,E09,2017-11-07,Active
AN0001398,chloe,cohen,2003-11-13,M,chloe.cohen1398@example.com,+44 7700 900410,BS15EF,9996877159,E09,2022-07-13,Deferred
AN0001399,wei,khan,1988-09-02,m,wei.khan1399@example.com,+44 7700 900810,B15 5BG,9999771009,E08,2016-01-11,Active
AN0001400,noah,adeyemi,1995-11-17,F,noah.adeyemi1400@example.com,07700900369,B15 2FJ,9995578565,E04,2021-03-08,Active
AN0001401,daniel,adeyemi,1993-08-08,F,daniel.adeyemi1401@example.com,+44 7700 900646,g16je,9995232855,Z99,2023-04-08,Active
AN0001402,hannah,bianchi,1993-10-05,f,hannah.bianchi1402@example.com,+44 7700 900712,eh18gb,9996028410,E07,2023-07-24,Active
AN0001403,fatima,whitfield,1994-11-29,F,fatima.whitfield1403@example.com,+44 7700 900118,L1 2FH,9997147979,E02,2024-04-25,Active
AN0001404,sofia,iqbal,2000-03-20,F,sofia.iqbal1404@example.com,(0161) 496 9490,b158fg,9996017036,E10,2024-01-02,Active
AN0001405,liam,grant,1992-11-16,m,liam.grant1405@example.com,07700900548,sw1a  7jf,9997869281,E06,2019-11-26,Active
AN0001406,callum,lawson,2003-10-01,F,callum.lawson1406@example.com,07700900899,B159HJ,9993536733,E11,2023-11-22,Withdrawn
AN0001407,ruth,wright,1998-08-13,F,ruth.wright1407@example.com,+44 7700 900231,ls19ef,9993351393,E14,2022-08-31,Active
AN0001408,tom,sharma,1997-05-08,m,tom.sharma1408@example.com,+44 7700 900417,BS1 4HH,9991480307,E15,2022-10-08,Active
AN0001409,idris,iqbal,1996-02-02,F,idris.iqbal1409@example.com,07700900257,cf10  1dg,9996379418,E13,2024-09-06,Suspended
AN0001410,nadia,osman,1997-12-30,M,nadia.osman1410@example.com,(0161) 496 3723,M15DG,9996119785,E13,2017-02-28,Deferred
AN0001411,idris,bello,1994-12-31,f,idris.bello1411@example.com,(0161) 496 5470,CF10 6ED,9995441187,E08,2019-06-07,Deferred
AN0001412,liam,whitfield,1995-01-13,M,liam.whitfield1412@example.com,07700900247,SW1A 4BE,9996841847,E12,2020-04-13,Active
AN0001413,callum,novak,1997-06-25,M,,+44 7700 900634,b15  4eg,9998360307,E12,2017-07-05,Deferred
AN0001414,kai,mackenzie,1996-03-16,m,kai.mackenzie1414@example.com,(0161) 496 8916,CF102EJ,9999507670,E16,2021-04-03,Withdrawn
AN0001415,amara,thompson,2001-07-19,F,,07700900965,NE1 7AF,9996930327,E10,2021-08-05,Deferred
AN0001416,noah,cohen,2000-07-30,F,,+44 7700 900211,BS1 2HA,9993906492,E15,2024-12-03,Suspended
AN0001417,noah,okafor,1996-05-27,f,noah.okafor1417@example.com,(0161) 496 2875,bs1  8ab,9995891360,E13,2018-07-28,Suspended
AN0001418,oliver,okafor,1998-12-14,M,oliver.okafor1418@example.com,(0161) 496 5040,m14hd,9995260220,E08,2021-03-08,Active
AN0001419,sofia,murray,1996-03-22,F,sofia.murray1419@example.com,07700900244,BS1 4EG,999843910,E09,2021-09-20,Active
AN0001420,fatima,lawson,2001-11-26,f,fatima.lawson1420@example.com,+44 7700 900359,CF10 4GB,9992140127,E02,2025-01-03,Active
AN0001421,hassan,cohen,1993-04-27,F,hassan.cohen1421@example.com,07700900112,b15  6jb,9995687097,E05,2020-02-14,Active
AN0001422,george,reid,1999-11-04,F,george.reid1422@example.com,+44 7700 900501,EH19EG,9997684184,E01,2023-11-01,Deferred
AN0001423,oliver,grant,1999-05-30,m,oliver.grant1423@example.com,+44 7700 900329,EH1 6JE,9997303326,E04,2023-06-25,Suspended
AN0001424,omar,doyle,1994-06-27,F,omar.doyle1424@example.com,(0161) 496 9189,EH1 6BA,9994809474,E07,2024-02-07,Deferred
AN0001425,sofia,byrne,1995-11-06,F,sofia.byrne1425@example.com,(0161) 496 3657,l1  1jg,9994761110,E15,2019-11-11,Active
AN0001426,callum,mackenzie,1997-08-25,f,,+44 7700 900572,LS19JD,9999348548,E14,2021-01-15,Deferred
AN0001427,hassan,okafor,1996-06-24,F,hassan.okafor1427@example.com,07700900457,cf101hh,9999261388,E13,2022-10-29,Active
AN0001428,priya,bello,1984-05-25,F,priya.bello1428@example.com,+44 7700 900483,L1 1EH,9991107355,E08,2024-08-09,Active
AN0001429,amara,nwosu,2004-11-06,m,amara.nwosu1429@example.com,+44 7700 900267,b154ea,9993993441,E10,2023-05-30,Active
AN0001430,hannah,murray,1991-07-13,F,hannah.murray1430@example.com,07700900796,SW1A7GD,9997865294,E05,2016-04-22,Active
AN0001431,ethan,cohen,1993-09-01,M,ethan.cohen1431@example.com,07700900982,EH1 5GF,9995311984,E14,2018-09-20,Active
AN0001432,zainab,iqbal,1998-10-03,m,zainab.iqbal1432@example.com,+44 7700 900554,CF10 5DG,9990786887,E01,2019-06-27,Suspended
AN0001433,james,novak,1999-09-18,M,james.novak1433@example.com,+44 7700 900355,m18ab,9995866390,E13,2018-01-09,Suspended
AN0001434,hassan,wright,1999-07-03,F,hassan.wright1434@example.com,+44 7700 900916,M15DF,9996291790,E10,2024-09-16,Active
AN0001435,sarah,haddad,1994-11-01,m,sarah.haddad1435@example.com,07700900618,SW1A 8AA,9990287457,E16,2016-02-04,Active
AN0001436,wei,novak,1988-10-19,M,wei.novak1436@example.com,07700900600,G1 5GF,9994879219,E15,2017-10-14,Deferred
AN0001437,callum,haddad,1992-01-17,M,callum.haddad1437@example.com,07700900464,ls1  7jf,9990360782,E06,2017-06-23,Active
AN0001438,tom,okafor,1998-09-23,f,tom.okafor1438@example.com,+44 7700 900343,NE14HA,9991457925,E02,2022-06-04,Active
AN0001439,meera,byrne,1989-04-11,F,meera.byrne1439@example.com,07700900202,BS1 8AB,9991967974,E13,2019-01-02,Active
AN0001440,zainab,byrne,2002-05-10,M,zainab.byrne1440@example.com,(0161) 496 3535,NE1 6DE,9992970499,E07,2022-05-29,Deferred
AN0001441,hassan,cohen,2001-07-15,f,hassan.cohen1441@example.com,07700900746,g1  6bb,9993971499,E03,2021-09-01,Active
AN0001442,daniel,doyle,1999-01-05,F,daniel.doyle1442@example.com,(0161) 496 5899,NE18EH,9992591889,E02,2021-02-25,Withdrawn
AN0001443,amara,mackenzie,1995-09-07,F,amara.mackenzie1443@example.com,+44 7700 900761,CF10 8JD,9994434357,E05,2023-04-29,Suspended
AN0001444,ethan,patel,1990-05-03,f,ethan.patel1444@example.com,+44 7700 900445,CF10 5EA,9999903487,E14,2017-11-05,Withdrawn
AN0001445,wei,mackenzie,1993-09-16,M,wei.mackenzie1445@example.com,07700900838,sw1a  5ab,9995737620,E05,2021-04-12,Active
AN0001446,callum,murray,1995-07-25,M,callum.murray1446@example.com,+44 7700 900708,ls11eh,9993091405,E08,2024-09-26,Withdrawn
AN0001447,wei,grant,1999-07-25,f,wei.grant1447@example.com,+44 7700 900286,CF10 5BF,9995690012,E04,2018-09-17,Active
AN0001448,tom,cohen,1996-06-25,F,tom.cohen1448@example.com,(0161) 496 3680,ls19eg,9996771539,E14,2022-11-06,Deferred
AN0001449,amara,haddad,2004-03-19,F,amara.haddad1449@example.com,07700900341,cf106aa,9992990902,E15,2024-08-16,Active
AN0001450,hannah,grant,2001-02-18,f,hannah.grant1450@example.com,+44 7700 900615,L14GG,9990423164,E12,2020-07-23,Suspended
AN0001451,omar,murray,2005-10-24,F,omar.murray1451@example.com,(0161) 496 5385,BS1 4EF,9999690459,E07,2024-05-29,Withdrawn
AN0001452,idris,murray,1999-03-08,F,idris.murray1452@example.com,07700900327,G1 8EE,9998133076,E02,2019-11-21,Active
AN0001453,fatima,kaur,2002-07-24,m,fatima.kaur1453@example.com,(0161) 496 7932,eh1  2dd,9995051605,E13,2023-08-14,Active
AN0001454,daniel,thompson,1991-03-18,F,daniel.thompson1454@example.com,(0161) 496 6312,ne18af,9990422451,E10,2016-04-26,Active
AN0001455,liam,osman,2002-06-14,F,liam.osman1455@example.com,(0161) 496 3156,g14aj,9991913505,E11,2022-12-17,Withdrawn
AN0001456,omar,murray,1992-02-20,m,omar.murray1456@example.com,07700900995,L1 2GJ,9995571668,E02,2019-06-24,Active
AN0001457,george,haddad,2000-03-01,M,george.haddad1457@example.com,07700900237,m1  9gh,9992007613,E06,2018-10-04,Active
AN0001458,wei,sharma,1991-10-03,F,wei.sharma1458@example.com,07700900467,CF108JB,9993608092,E15,2019-07-11,Active
AN0001459,liam,reid,1995-01-26,m,liam.reid1459@example.com,07700900714,LS1 8BE,9996163881,E08,2019-03-11,Active
AN0001460,ruth,rossi,2001-02-12,F,ruth.rossi1460@example.com,(0161) 496 1749,G1 1HG,9998826721,E15,2024-03-24,Active
AN0001461,wei,murray,2001-06-26,M,wei.murray1461@example.com,07700900985,eh1  8de,9995640783,E02,2021-06-22,Withdrawn
AN0001462,sofia,ali,1991-12-13,f,sofia.ali1462@example.com,+44 7700 900361,G15EH,9991467491,E15,2016-07-22,Active
AN0001463,ethan,wright,1999-06-30,F,ethan.wright1463@example.com,+44 7700 900674,G1 8BB,9995605953,E10,2024-02-10,Active
AN0001464,fatima,reid,2004-09-21,M,fatima.reid1464@example.com,(0161) 496 8190,B15 3AA,9998565332,E12,2024-06-01,Withdrawn
AN0001465,meera,fenton,2000-06-11,m,meera.fenton1465@example.com,+44 7700 900804,ne1  8bd,9991548726,E14,2018-09-18,Deferred
AN0001466,wei,adeyemi,2005-04-09,F,wei.adeyemi1466@example.com,(0161) 496 5752,G16AA,9999839762,E01,2023-06-15,Active
AN0001467,wei,mackenzie,2000-09-11,M,wei.mackenzie1467@example.com,+44 7700 900917,EH1 4EA,9999143520,E05,2020-03-26,Suspended
AN0001468,james,patel,1994-05-20,m,james.patel1468@example.com,+44 7700 900681,BS1 7GF,9996289737,E11,2023-10-03,Active
AN0001469,amara,chen,1999-02-26,F,amara.chen1469@example.com,07700900157,sw1a  3de,999340567,E01,2019-10-11,Deferred
AN0001470,amara,iqbal,1988-05-20,M,amara.iqbal1470@example.com,(0161) 496 2675,NE13AG,9996608123,E07,2016-11-18,Suspended
AN0001471,meera,wright,1999-10-31,f,meera.wright1471@example.com,07700900134,BS1 9HE,9998444209,E13,2022-03-16,Active
AN0001472,ruth,rossi,1994-12-08,F,ruth.rossi1472@example.com,+44 7700 900172,B15 8EJ,9995031183,E15,2017-09-03,Withdrawn
AN0001473,callum,novak,1992-02-12,F,callum.novak1473@example.com,07700900718,b15  7ah,9994718916,E08,2020-04-08,Deferred
AN0001474,omar,cohen,1992-01-22,f,,07700900519,NE19EF,9990341419,E07,2020-03-29,Deferred
AN0001475,ethan,thompson,1991-02-11,F,ethan.thompson1475@example.com,+44 7700 900450,m14dg,9997904478,E15,2017-03-30,Suspended
AN0001476,nadia,okafor,1993-01-20,M,,(0161) 496 7330,L1 2FJ,9991031456,E10,2022-06-03,Active
AN0001477,meera,chen,2003-12-11,f,meera.chen1477@example.com,07700900583,bs15aj,9990337446,E01,2024-07-28,Active
AN0001478,fatima,bello,1987-11-22,F,fatima.bello1478@example.com,07700900729,EH12DH,9991060324,E09,2017-03-12,Deferred
AN0001479,zainab,ali,1986-12-21,M,zainab.ali1479@example.com,+44 7700 900506,B15 2AB,9998965463,E08,2016-09-24,Active
AN0001480,fatima,robertson,1992-01-12,m,fatima.robertson1480@example.com,+44 7700 900551,EH1 9HJ,9998698944,E04,2016-06-02,Suspended
AN0001481,oliver,okafor,2001-09-23,M,oliver.okafor1481@example.com,+44 7700 900154,l1  8ab,9993307815,E08,2023-04-14,Active
AN0001482,sarah,osman,1999-10-31,M,sarah.osman1482@example.com,+44 7700 900124,LS12FF,9995596741,E02,2023-11-21,Active
AN0001483,leila,novak,1999-01-15,f,leila.novak1483@example.com,(0161) 496 6610,G1 3EB,9990335303,E15,2021-10-26,Active
AN0001484,callum,kaur,1997-03-31,F,callum.kaur1484@example.com,07700900857,BS1 8JE,9997394623,E04,2020-07-13,Suspended
AN0001485,ruth,khan,1995-12-08,F,ruth.khan1485@example.com,(0161) 496 7162,g14dj,9993493171,E10,2017-09-15,Active
AN0001486,nadia,okafor,1996-04-29,m,nadia.okafor1486@example.com,+44 7700 900334,G18DB,9991625062,E07,2020-02-05,Active
AN0001487,callum,mackenzie,1998-10-04,F,callum.mackenzie1487@example.com,+44 7700 900403,G1 6JA,9993934275,E08,2020-06-29,Withdrawn
AN0001488,callum,khan,2002-01-16,F,callum.khan1488@example.com,+44 7700 900953,SW1A 6AD,9990001103,E16,2022-07-16,Deferred
AN0001489,nadia,byrne,2000-11-05,f,nadia.byrne1489@example.com,+44 7700 900364,eh1  9bd,9993008826,E07,2020-08-27,Suspended
AN0001490,leila,robertson,1995-05-15,F,leila.robertson1490@example.com,+44 7700 900301,b152af,9998177367,E11,2022-06-04,Active
AN0001491,liam,bello,1997-06-19,M,liam.bello1491@example.com,(0161) 496 1343,CF10 4BH,9991761306,E13,2017-07-21,Active
AN0001492,george,bianchi,1987-09-17,m,george.bianchi1492@example.com,+44 7700 900293,G1 2HJ,9990323917,E02,2017-04-21,Withdrawn
AN0001493,daniel,chen,1998-08-25,F,,(0161) 496 2666,ls1  7ej,9999995225,E06,2024-11-03,Active
AN0001494,chloe,adeyemi,1996-03-06,F,chloe.adeyemi1494@example.com,07700900354,CF109HB,9991143300,E09,2018-11-23,Active
AN0001495,grace,murray,2003-05-22,f,grace.murray1495@example.com,+44 7700 900961,g16ga,9996278794,E15,2021-10-29,Active
AN0001496,hassan,thompson,2003-09-15,F,hassan.thompson1496@example.com,(0161) 496 4856,L1 3BH,9996603237,E06,2023-09-19,Suspended
AN0001497,liam,rossi,2006-09-11,F,liam.rossi1497@example.com,+44 7700 900734,bs18je,9999395791,E06,2024-12-05,Deferred
AN0001498,liam,osman,2002-11-14,f,liam.osman1498@example.com,+44 7700 900187,M12JE,9997038622,E11,2023-03-20,Active
AN0001499,yusuf,haddad,1997-12-14,F,yusuf.haddad1499@example.com,(0161) 496 5778,ls14ea,9998056306,E13,2017-03-02,Suspended
AN0001500,noah,adeyemi,1996-12-20,F,,+44 7700 900958,ls12aj,9992207205,E16,2023-02-24,Suspended
AN0001501,yusuf,okafor,1999-12-29,f,yusuf.okafor1501@example.com,+44 7700 900789,m17dj,9996365123,Z99,2022-03-04,Active
AN0001502,liam,novak,2005-12-09,F,liam.novak1502@example.com,(0161) 496 1530,ne12ff,9992623004,E07,2023-12-15,Active
AN0001503,oliver,chen,1996-01-04,M,oliver.chen1503@example.com,+44 7700 900769,ne14ae,9992437537,E08,2017-06-12,Active
AN0001504,yusuf,rossi,1989-03-13,f,yusuf.rossi1504@example.com,07700900326,M1 7HH,9997403304,E04,2016-05-03,Active
AN0001505,kai,adeyemi,1998-03-09,M,kai.adeyemi1505@example.com,+44 7700 900370,bs18aa,9994458019,E06,2016-09-20,Withdrawn
AN0001506,meera,haddad,1998-07-22,F,meera.haddad1506@example.com,(0161) 496 3784,NE11DF,9999961312,E06,2019-05-11,Deferred
AN0001507,ruth,cohen,1999-11-05,m,ruth.cohen1507@example.com,+44 7700 900912,NE1 1GE,9997435400,E05,2020-03-05,Active
AN0001508,amara,cohen,1996-02-09,F,amara.cohen1508@example.com,+44 7700 900209,M1 2GD,9995862778,E03,2024-05-14,Active
AN0001509,fatima,byrne,1998-04-05,M,fatima.byrne1509@example.com,(0161) 496 1325,eh1  6aj,9998614228,E02,2020-12-28,Active
AN0001510,ruth,bianchi,1990-10-25,m,ruth.bianchi1510@example.com,+44 7700 900854,G17JG,9999911374,E02,2019-04-23,Active
AN0001511,chloe,cohen,1997-01-21,F,chloe.cohen1511@example.com,(0161) 496 6327,M1 2HA,9995897016,E11,2021-03-30,Withdrawn
AN0001512,amara,thompson,2003-06-09,F,amara.thompson1512@example.com,07700900709,CF10 1AE,9996128989,E02,2024-09-15,Active
AN0001513,george,robertson,1988-01-16,m,george.robertson1513@example.com,07700900685,bs1  8dj,9995603381,E12,2017-03-09,Withdrawn
AN0001514,erin,doyle,1991-02-19,F,erin.doyle1514@example.com,07700900207,NE15EJ,9993090077,E02,2017-08-19,Active
AN0001515,grace,osman,1993-06-17,F,grace.osman1515@example.com,+44 7700 900800,EH1 5FB,9990769265,E13,2022-11-10,Active
AN0001516,isla,kaur,1995-12-26,f,isla.kaur1516@example.com,(0161) 496 2787,CF10 1FE,9998398592,E15,2018-08-09,Active
AN0001517,zainab,wright,1993-10-30,M,zainab.wright1517@example.com,(0161) 496 9140,g1  7bh,9994340735,E15,2019-07-11,Active
AN0001518,idris,novak,1995-09-12,M,idris.novak1518@example.com,(0161) 496 4167,G11AJ,9993692239,E07,2021-03-23,Withdrawn
AN0001519,isla,okafor,1997-02-01,f,isla.okafor1519@example.com,+44 7700 900667,G1 1DE,9992653272,E02,2018-08-25,Active
AN0001520,idris,thompson,1991-07-31,M,idris.thompson1520@example.com,+44 7700 900806,SW1A 4DD,9997714695,E06,2019-03-12,Active
AN0001521,ruth,iqbal,1996-01-19,F,ruth.iqbal1521@example.com,(0161) 496 1686,ls1  1ah,9994136445,E11,2019-07-09,Suspended
AN0001522,idris,patel,2000-10-27,m,idris.patel1522@example.com,+44 7700 900677,b152dj,9990650764,E08,2024-12-17,Active
AN0001523,yusuf,chen,1993-10-02,M,yusuf.chen1523@example.com,+44 7700 900403,eh17ge,9994555596,E06,2022-01-25,Active
AN0001524,nadia,whitfield,2000-04-29,M,nadia.whitfield1524@example.com,+44 7700 900598,ne15ee,9997639901,E04,2023-11-30,Withdrawn
AN0001525,priya,okafor,2001-06-30,f,priya.okafor1525@example.com,07700900838,ls1  7ad,9992209755,E06,2021-10-29,Withdrawn
AN0001526,callum,thompson,1994-02-05,F,callum.thompson1526@example.com,07700900573,SW1A2GB,9990393443,E15,2021-02-18,Active
AN0001527,grace,patel,1998-04-24,M,,07700900664,b154eb,9992969210,E14,2017-11-01,Deferred
AN0001528,fatima,okafor,2002-03-05,m,fatima.okafor1528@example.com,(0161) 496 1690,SW1A 9DD,9997742702,E06,2021-05-21,Active
AN0001529,meera,khan,1995-06-19,M,meera.khan1529@example.com,(0161) 496 3380,sw1a  7ed,9998012694,E15,2022-01-26,Active
AN0001530,nadia,murray,1997-01-03,F,nadia.murray1530@example.com,+44 7700 900377,L17AH,9990647240,E06,2020-09-12,Active
AN0001531,oliver,whitfield,1994-06-11,f,oliver.whitfield1531@example.com,+44 7700 900660,NE1 5AJ,9999465773,E01,2021-01-29,Deferred
AN0001532,nadia,byrne,1989-11-21,F,nadia.byrne1532@example.com,(0161) 496 3509,NE1 5DH,9995371863,E15,2017-08-05,Active
AN0001533,omar,murray,1993-10-03,M,omar.murray1533@example.com,07700900176,cf10  7fj,9999512798,E07,2020-06-17,Active
AN0001534,chloe,bianchi,1998-03-05,f,chloe.bianchi1534@example.com,+44 7700 900482,EH12HA,9999198481,E14,2018-12-11,Suspended
AN0001535,james,reid,2004-03-24,M,james.reid1535@example.com,07700900898,CF10 8BG,9997710746,E15,2023-11-17,Active
AN0001536,fatima,haddad,1994-08-22,F,fatima.haddad1536@example.com,07700900563,ls15hb,9995110903,E15,2022-02-22,Withdrawn
AN0001537,priya,doyle,1991-06-05,f,priya.doyle1537@example.com,+44 7700 900280,sw1a  6ad,9994972391,E03,2017-03-10,Active
AN0001538,james,novak,1990-04-16,F,james.novak1538@example.com,(0161) 496 8755,EH18GE,9992526947,E03,2017-12-06,Active
AN0001539,liam,robertson,1999-09-17,M,liam.robertson1539@example.com,+44 7700 900140,G1 2EE,9999768164,E14,2019-03-10,Deferred
AN0001540,daniel,patel,2004-12-19,f,daniel.patel1540@example.com,07700900147,G1 9FH,9991449906,E15,2024-08-06,Active
AN0001541,ethan,robertson,1995-11-13,F,ethan.robertson1541@example.com,+44 7700 900371,g1  1he,9995352796,E08,2017-12-01,Active
AN0001542,liam,murray,1986-12-05,F,liam.murray1542@example.com,(0161) 496 2160,NE15HH,9999859321,E16,2016-08-20,Active
AN0001543,hannah,osman,2000-12-05,m,hannah.osman1543@example.com,+44 7700 900774,L1 4FA,9990226423,E11,2020-08-14,Suspended
AN0001544,leila,reid,1999-01-17,F,leila.reid1544@example.com,+44 7700 900946,ls19jb,9992147490,E04,2017-07-03,Active
AN0001545,callum,okafor,1998-07-02,M,callum.okafor1545@example.com,(0161) 496 2698,l1  9fj,9992146176,E03,2019-04-22,Active
AN0001546,sofia,sharma,1995-11-09,m,sofia.sharma1546@example.com,+44 7700 900985,CF109JJ,9995445840,E01,2019-01-16,Deferred
AN0001547,liam,ali,2000-12-17,M,liam.ali1547@example.com,07700900695,B15 7AG,9996275191,E07,2019-02-11,Active
AN0001548,erin,ali,1994-10-07,M,erin.ali1548@example.com,+44 7700 900385,ne15fj,9996561151,E09,2021-10-14,Suspended
AN0001549,wei,murray,1988-03-01,m,wei.murray1549@example.com,(0161) 496 8624,sw1a  7gf,9995316021,E13,2017-06-25,Active
AN0001550,fatima,ali,1994-12-27,M,fatima.ali1550@example.com,(0161) 496 9061,M19HD,9997563115,E13,2016-08-04,Withdrawn
AN0001551,tom,rossi,2005-02-26,M,tom.rossi1551@example.com,07700900599,NE1 1HH,9994598589,E10,2023-11-01,Active
AN0001552,zainab,haddad,1990-04-05,m,zainab.haddad1552@example.com,07700900129,LS1 9DG,9992886692,E15,2019-08-28,Active
AN0001553,callum,osman,1996-04-17,F,callum.osman1553@example.com,+44 7700 900613,ls1  9fj,9995203138,E03,2024-01-06,Deferred
AN0001554,liam,fenton,1984-01-10,M,liam.fenton1554@example.com,(0161) 496 4407,CF107HF,9997786262,E06,2024-03-23,Active
AN0001555,wei,wright,1991-09-05,m,wei.wright1555@example.com,07700900253,SW1A 9JJ,9994710621,E02,2021-03-10,Deferred
AN0001556,george,kaur,1999-08-07,F,george.kaur1556@example.com,+44 7700 900535,LS1 4DJ,9990045356,E11,2023-02-06,Withdrawn
AN0001557,tom,sharma,1992-02-13,M,tom.sharma1557@example.com,+44 7700 900452,l11fd,9990255547,E09,2017-05-30,Suspended
AN0001558,hassan,fenton,1996-01-03,f,hassan.fenton1558@example.com,+44 7700 900525,l19bg,9996467384,E10,2021-01-16,Deferred
AN0001559,callum,bello,1993-09-26,F,callum.bello1559@example.com,07700900541,l14ed,9999124895,E06,2016-02-11,Active
AN0001560,kai,murray,2002-11-26,F,kai.murray1560@example.com,(0161) 496 4918,BS1 5GF,9996407608,E06,2020-11-27,Active
AN0001561,liam,chen,2005-10-01,m,liam.chen1561@example.com,07700900129,m1  4jb,9996283356,E09,2024-01-21,Suspended
AN0001562,daniel,lawson,2003-02-08,M,daniel.lawson1562@example.com,(0161) 496 6996,B154JF,9993567027,E01,2022-02-23,Active
AN0001563,ethan,bianchi,2001-09-24,F,ethan.bianchi1563@example.com,+44 7700 900541,BS1 6JF,9997595998,E11,2021-03-02,Active
AN0001564,erin,cohen,1991-04-26,f,erin.cohen1564@example.com,+44 7700 900827,M1 8BF,9994183958,E03,2019-08-20,Withdrawn
AN0001565,wei,khan,2000-03-30,M,wei.khan1565@example.com,(0161) 496 9676,ne13bh,9990302766,E04,2023-06-07,Active
AN0001566,james,wright,1998-01-04,F,james.wright1566@example.com,(0161) 496 4089,g14db,9994402935,E09,2024-03-11,Active
AN0001567,noah,doyle,2006-02-10,f,noah.doyle1567@example.com,+44 7700 900916,m19ag,9992579595,E15,2024-11-27,Withdrawn
AN0001568,isla,reid,1994-01-10,M,isla.reid1568@example.com,+44 7700 900771,B15 3GF,9991891137,E05,2021-05-13,Withdrawn
AN0001569,george,fenton,1992-02-20,F,george.fenton1569@example.com,+44 7700 900319,bs1  7dj,9996127346,E13,2021-08-19,Active
AN0001570,wei,okafor,2004-07-24,m,wei.okafor1570@example.com,07700900329,SW1A2FF,9992989084,E16,2024-09-02,Suspended
AN0001571,leila,haddad,1996-03-07,M,leila.haddad1571@example.com,+44 7700 900686,m11db,9993568317,E01,2019-05-22,Active
AN0001572,chloe,haddad,1998-05-08,M,chloe.haddad1572@example.com,(0161) 496 2133,l12ae,9999191878,E05,2023-01-08,Active
AN0001573,hannah,abara,1997-01-05,m,hannah.abara1573@example.com,07700900123,b15  5fg,9997148762,E11,2016-05-03,Active
AN0001574,oliver,iqbal,1995-03-24,F,oliver.iqbal1574@example.com,07700900768,L13EB,9993160377,E16,2024-06-03,Active
AN0001575,daniel,bianchi,1998-09-17,M,daniel.bianchi1575@example.com,07700900687,BS1 7EA,9997005996,E04,2023-09-27,Active
AN0001576,callum,novak,2001-08-07,m,callum.novak1576@example.com,+44 7700 900572,sw1a1jb,9995800977,E16,2022-10-12,Active
AN0001577,sofia,haddad,1996-12-22,M,sofia.haddad1577@example.com,+44 7700 900964,sw1a  7gj,9993759090,E12,2018-03-21,Active
AN0001578,ethan,abara,1993-06-18,F,ethan.abara1578@example.com,07700900445,EH16GB,9991960341,E03,2019-08-24,Deferred
AN0001579,nadia,patel,1995-10-24,f,nadia.patel1579@example.com,+44 7700 900999,BS1 4DE,9990436479,E11,2022-01-31,Suspended
AN0001580,nadia,haddad,2002-04-04,F,nadia.haddad1580@example.com,07700900828,EH1 2HE,9991206310,E01,2024-12-19,Active
AN0001581,erin,nwosu,1996-10-15,F,erin.nwosu1581@example.com,+44 7700 900366,g1  9fa,9991441573,E03,2022-06-13,Suspended
AN0001582,ruth,mackenzie,2002-06-16,m,ruth.mackenzie1582@example.com,+44 7700 900651,CF102BF,9990361185,E03,2023-12-23,Active
AN0001583,idris,cohen,1996-06-19,F,idris.cohen1583@example.com,(0161) 496 5230,LS1 7EH,9994377140,E14,2019-10-31,Active
AN0001584,erin,fenton,2001-02-27,F,erin.fenton1584@example.com,(0161) 496 6802,CF10 7AA,9990119627,E13,2023-08-03,Active
AN0001585,fatima,wright,1992-07-29,f,fatima.wright1585@example.com,07700900807,m18eh,9993850950,E01,2020-03-21,Active
AN0001586,george,okafor,1994-12-21,M,george.okafor1586@example.com,+44 7700 900469,SW1A9BB,9994034847,E04,2024-10-03,Active
AN0001587,hannah,grant,1997-10-19,M,hannah.grant1587@example.com,(0161) 496 6418,BS1 6BF,9999544967,E09,2016-05-18,Suspended
AN0001588,isla,chen,1987-04-20,f,isla.chen1588@example.com,(0161) 496 3136,L1 6DA,9991617345,E05,2016-12-12,Active
AN0001589,ruth,bianchi,1992-05-02,M,ruth.bianchi1589@example.com,+44 7700 900220,cf10  4ed,9998971004,E16,2019-07-30,Active
AN0001590,oliver,rossi,1996-10-09,F,oliver.rossi1590@example.com,+44 7700 900176,B151FF,9991423559,E13,2017-02-27,Deferred
AN0001591,noah,whitfield,2000-09-06,f,noah.whitfield1591@example.com,07700900980,CF10 8BE,9992656476,E12,2021-06-02,Active
AN0001592,daniel,wright,2002-03-16,F,daniel.wright1592@example.com,(0161) 496 9548,BS1 5BA,9999116116,E05,2022-04-14,Active
AN0001593,george,robertson,1995-11-23,M,george.robertson1593@example.com,(0161) 496 9271,b15  1jg,9992473886,E06,2023-12-28,Withdrawn
AN0001594,fatima,patel,1995-06-07,f,fatima.patel1594@example.com,07700900958,L18AA,9998125324,E06,2024-02-03,Active
AN0001595,liam,bianchi,1993-07-11,M,liam.bianchi1595@example.com,07700900267,ls17ja,9996602869,E11,2023-04-15,Withdrawn
AN0001596,sofia,whitfield,1993-12-01,F,sofia.whitfield1596@example.com,+44 7700 900414,cf109db,9990037094,E14,2022-05-28,Active
AN0001597,idris,ali,1995-05-25,f,idris.ali1597@example.com,(0161) 496 8121,bs1  4da,9990983488,E04,2021-06-19,Suspended
AN0001598,leila,murray,1999-01-30,F,leila.murray1598@example.com,07700900985,CF103HG,9997445651,E01,2023-10-03,Active
AN0001599,meera,robertson,1991-09-03,M,,07700900622,LS1 9BJ,9994779508,E15,2020-01-16,Active
AN0001600,daniel,bianchi,1997-05-30,m,daniel.bianchi1600@example.com,+44 7700 900283,CF10 4AE,9993309079,E04,2017-06-26,Deferred
AN0001601,omar,robertson,1995-06-10,F,omar.robertson1601@example.com,07700900250,ls15jh,9995125838,Z99,2018-07-19,Deferred
AN0001602,priya,khan,2001-09-03,F,priya.khan1602@example.com,07700900885,CF104ED,9993342289,E11,2024-12-14,Withdrawn
AN0001603,amara,bianchi,1998-05-03,f,amara.bianchi1603@example.com,+44 7700 900905,B15 8DD,9999310338,E12,2024-08-23,Deferred
AN0001604,james,rossi,1996-05-08,M,james.rossi1604@example.com,07700900357,SW1A 4JA,9993331880,E07,2023-10-09,Suspended
AN0001605,zainab,robertson,2003-12-13,F,zainab.robertson1605@example.com,07700900660,sw1a  5je,9999851762,E10,2023-02-12,Suspended
AN0001606,erin,kaur,1998-08-22,f,erin.kaur1606@example.com,(0161) 496 6841,EH15DB,9998379261,E05,2023-01-15,Active
AN0001607,tom,murray,1989-01-06,M,tom.murray1607@example.com,07700900716,CF10 9GE,9992883901,E02,2017-08-18,Suspended
AN0001608,grace,reid,1997-02-05,M,,07700900182,G1 1ED,9998596556,E16,2022-10-23,Withdrawn
AN0001609,wei,cohen,1991-07-14,f,wei.cohen1609@example.com,(0161) 496 9585,cf10  1hj,9994767143,E09,2016-02-17,Active
AN0001610,sofia,osman,1990-11-29,M,sofia.osman1610@example.com,+44 7700 900442,LS15DJ,9992155965,E02,2020-01-07,Withdrawn
AN0001611,isla,whitfield,1993-11-10,,isla.whitfield1611@example.com,07700900363,BS1 6FA,9999554652,E09,2022-06-04,Deferred
AN0001612,tom,byrne,2002-07-24,f,tom.byrne1612@example.com,+44 7700 900154,ls12ad,9997366328,E11,2021-04-08,Withdrawn
AN0001613,leila,fenton,1999-12-04,M,leila.fenton1613@example.com,(0161) 496 4350,eh1  9jf,9999166016,E08,2021-03-04,Active
AN0001614,isla,rossi,1997-04-14,M,isla.rossi1614@example.com,07700900312,LS17FF,9997893786,E11,2021-10-28,Suspended
AN0001615,noah,adeyemi,1991-06-09,m,noah.adeyemi1615@example.com,07700900731,SW1A 4JB,9995734664,E05,2017-01-09,Active
AN0001616,idris,whitfield,2001-12-23,F,idris.whitfield1616@example.com,07700900158,G1 3AG,9995183781,E05,2023-09-21,Withdrawn
AN0001617,oliver,byrne,1995-11-30,M,oliver.byrne1617@example.com,(0161) 496 5480,b155ga,9990625026,E02,2022-08-27,Active
AN0001618,george,robertson,1997-10-12,f,george.robertson1618@example.com,(0161) 496 5885,B156FH,9992121564,E15,2024-12-29,Deferred
AN0001619,ethan,grant,1997-12-29,M,ethan.grant1619@example.com,+44 7700 900988,EH1 7FH,9994903764,E04,2016-09-17,Active
AN0001620,oliver,haddad,1997-01-31,M,oliver.haddad1620@example.com,+44 7700 900290,LS1 2GA,9993965588,E09,2024-03-28,Withdrawn
AN0001621,noah,osman,2005-02-11,f,noah.osman1621@example.com,+44 7700 900633,bs1  4ee,9998660130,E06,2023-03-01,Active
AN0001622,chloe,abara,1995-10-30,F,chloe.abara1622@example.com,+44 7700 900631,SW1A2AB,9994571818,E11,2016-04-16,Suspended
AN0001623,callum,khan,2003-12-07,M,callum.khan1623@example.com,+44 7700 900510,G1 1GG,9991939687,E01,2023-05-03,Active
AN0001624,idris,novak,2001-11-09,m,idris.novak1624@example.com,07700900757,eh13ed,9998507197,E09,2021-07-10,Active
AN0001625,hassan,ali,1998-03-27,M,hassan.ali1625@example.com,+44 7700 900461,ls1  3af,9990371776,E11,2018-04-30,Suspended
AN0001626,callum,chen,1998-09-10,M,callum.chen1626@example.com,+44 7700 900208,m13hd,9993069515,E09,2024-01-13,Active
AN0001627,leila,byrne,1998-09-24,f,leila.byrne1627@example.com,+44 7700 900758,m19bb,9992399333,E15,2017-11-19,Active
AN0001628,zainab,osman,1997-09-06,M,zainab.osman1628@example.com,+44 7700 900906,LS1 4BF,9995968894,E08,2024-05-11,Deferred
AN0001629,erin,osman,1999-10-04,F,erin.osman1629@example.com,(0161) 496 1793,eh1  6ag,9991203605,E08,2023-11-23,Active
AN0001630,chloe,thompson,1997-09-22,f,chloe.thompson1630@example.com,+44 7700 900915,CF101BJ,9994083465,E06,2023-09-23,Active
AN0001631,hassan,lawson,2001-05-25,M,hassan.lawson1631@example.com,07700900931,G1 9AH,9997456696,E02,2019-12-14,Withdrawn
AN0001632,hassan,kaur,1991-02-09,M,hassan.kaur1632@example.com,07700900380,M1 5DA,9995776251,E07,2016-06-15,Withdrawn
AN0001633,oliver,robertson,2000-05-03,f,oliver.robertson1633@example.com,+44 7700 900198,cf10  5jd,9996174689,E06,2024-06-10,Suspended
AN0001634,wei,fenton,1999-07-13,F,wei.fenton1634@example.com,(0161) 496 2389,m17hd,9998660343,E13,2023-09-12,Active
AN0001635,erin,rossi,1994-02-08,F,erin.rossi1635@example.com,07700900227,CF10 6HD,9997402154,E12,2022-09-01,Active
AN0001636,liam,murray,1994-06-18,f,liam.murray1636@example.com,+44 7700 900307,G1 3GH,9990858942,E10,2017-08-27,Active
AN0001637,amara,thompson,2001-08-05,M,amara.thompson1637@example.com,+44 7700 900468,b15  6eb,9991845607,E06,2020-01-22,Suspended
AN0001638,isla,novak,1996-06-23,M,isla.novak1638@example.com,07700900828,M11BD,9999443141,E16,2017-09-03,Active
AN0001639,idris,lawson,1996-05-01,m,,+44 7700 900919,b158jd,9994021168,E13,2022-01-13,Active
AN0001640,tom,patel,1995-04-11,M,tom.patel1640@example.com,07700900768,SW1A 1HD,9992657898,E09,2022-12-25,Deferred
AN0001641,leila,cohen,1993-05-29,F,leila.cohen1641@example.com,(0161) 496 6682,ls1  7ef,9998237254,E05,2020-01-21,Active
AN0001642,wei,kaur,1998-03-01,m,wei.kaur1642@example.com,+44 7700 900577,NE19DA,9993455385,E03,2019-08-11,Suspended
AN0001643,amara,okafor,1993-05-25,F,amara.okafor1643@example.com,+44 7700 900487,SW1A 9DJ,9998712076,E06,2018-12-09,Active
AN0001644,leila,doyle,1988-11-19,F,leila.doyle1644@example.com,07700900205,G1 3HD,9990741441,E02,2018-05-31,Active
AN0001645,james,fenton,2000-12-19,f,james.fenton1645@example.com,+44 7700 900705,bs17fg,9994433199,E12,2020-05-06,Active
AN0001646,leila,abara,1998-10-04,M,leila.abara1646@example.com,(0161) 496 8387,LS17JA,9990343446,E12,2020-01-24,Active
AN0001647,hannah,rossi,1999-12-16,M,hannah.rossi1647@example.com,(0161) 496 8801,NE1 7AD,9999927947,E07,2024-01-15,Active
AN0001648,kai,ali,2001-02-05,f,kai.ali1648@example.com,07700900146,B15 4BD,9993954802,E01,2021-10-10,Active
AN0001649,oliver,whitfield,2004-04-06,M,oliver.whitfield1649@example.com,07700900668,l15jj,9997407032,E10,2023-09-09,Active
AN0001650,yusuf,bianchi,1995-12-16,M,yusuf.bianchi1650@example.com,07700900560,CF103DD,9992821930,E09,2019-12-17,Deferred
AN0001651,meera,rossi,2002-04-04,m,meera.rossi1651@example.com,+44 7700 900825,B15 4EA,9995969203,E10,2024-11-10,Active
AN0001652,priya,lawson,1992-08-01,M,priya.lawson1652@example.com,+44 7700 900307,EH1 5EG,9994981188,E05,2019-01-23,Deferred
AN0001653,zainab,thompson,1995-06-27,M,zainab.thompson1653@example.com,+44 7700 900498,b158bj,9990483647,E08,2017-09-22,Active
AN0001654,omar,cohen,1999-01-02,f,omar.cohen1654@example.com,07700900364,LS12EJ,9993136360,E06,2022-07-01,Suspended
AN0001655,amara,patel,1994-11-25,F,amara.patel1655@example.com,+44 7700 900474,BS1 4GH,9994174916,E11,2020-06-25,Active
AN0001656,sofia,kaur,1961-06-13,F,sofia.kaur1656@example.com,07700900975,ls14ea,9991113916,E06,2022-02-07,Active
AN0001657,isla,mackenzie,1988-10-18,f,isla.mackenzie1657@example.com,(0161) 496 9182,bs1  3bf,9999010865,E08,2018-01-21,Deferred
AN0001658,chloe,doyle,1993-10-17,F,chloe.doyle1658@example.com,(0161) 496 2467,G18EA,9999967361,E01,2018-10-21,Active
AN0001659,hassan,novak,2001-05-15,M,hassan.novak1659@example.com,07700900569,ls17fe,9990586993,E01,2020-06-03,Active
AN0001660,kai,iqbal,2008-11-10,f,kai.iqbal1660@example.com,+44 7700 900798,L1 4DJ,9991154914,E01,2022-12-16,Withdrawn
AN0001661,tom,kaur,1988-06-28,M,tom.kaur1661@example.com,(0161) 496 7946,ne16hh,9990859736,E11,2018-01-19,Suspended
AN0001662,meera,abara,2000-05-06,M,meera.abara1662@example.com,(0161) 496 7729,EH15JA,9993276766,E11,2022-08-18,Suspended
AN0001663,idris,abara,2002-07-01,f,idris.abara1663@example.com,07700900496,cf105fj,9995534746,E06,2024-12-14,Withdrawn
AN0001664,ruth,kaur,1995-06-08,F,ruth.kaur1664@example.com,+44 7700 900607,LS1 1FH,9997548078,E14,2017-06-15,Active
AN0001665,sofia,whitfield,1988-06-30,F,sofia.whitfield1665@example.com,(0161) 496 4088,ls12eh,9994804073,E02,2018-03-24,Active
AN0001666,priya,fenton,1999-08-07,m,priya.fenton1666@example.com,07700900495,B153FA,9990265836,E01,2019-01-30,Withdrawn
AN0001667,tom,whitfield,1994-08-17,F,tom.whitfield1667@example.com,07700900372,CF10 7AE,9992739975,E04,2019-04-08,Active
AN0001668,grace,chen,2005-12-24,F,grace.chen1668@example.com,(0161) 496 2143,sw1a2ad,9996078191,E06,2024-10-10,Active
AN0001669,isla,wright,1991-04-24,f,isla.wright1669@example.com,07700900580,b15  9ee,9990614431,E06,2018-12-10,Active
AN0001670,george,murray,1995-01-10,F,george.murray1670@example.com,+44 7700 900927,G13HA,9997068750,E09,2021-04-21,Deferred
AN0001671,priya,patel,1988-03-18,M,priya.patel1671@example.com,(0161) 496 3987,B15 7BE,9992377453,E05,2016-12-14,Withdrawn
AN0001672,ruth,khan,1996-08-20,f,ruth.khan1672@example.com,(0161) 496 8305,SW1A 6AJ,9994070789,E07,2018-04-28,Deferred
AN0001673,oliver,wright,2001-06-28,M,oliver.wright1673@example.com,(0161) 496 4735,eh1  9gj,9995404494,E13,2024-03-12,Active
AN0001674,ethan,sharma,2004-08-20,M,ethan.sharma1674@example.com,(0161) 496 9291,b157fe,9998959306,E07,2022-11-21,Active
AN0001675,oliver,kaur,1996-03-05,f,oliver.kaur1675@example.com,+44 7700 900734,BS1 1BG,9996330923,E02,2020-03-02,Active
AN0001676,zainab,adeyemi,1995-01-03,F,zainab.adeyemi1676@example.com,07700900707,M1 6FA,9997320123,E11,2016-01-14,Active
AN0001677,sofia,reid,2001-08-21,F,sofia.reid1677@example.com,+44 7700 900180,ne1  3ah,9992048107,E02,2019-08-29,Active
AN0001678,isla,wright,1989-08-14,m,isla.wright1678@example.com,(0161) 496 6880,L18JE,9998245532,E08,2019-03-25,Active
AN0001679,sofia,nwosu,2001-03-13,M,sofia.nwosu1679@example.com,+44 7700 900381,LS1 6BG,9995576880,E16,2021-06-13,Active
AN0001680,hassan,sharma,2000-01-10,M,hassan.sharma1680@example.com,07700900845,bs16ff,9997615042,E05,2018-09-25,Suspended
AN0001681,erin,murray,1990-08-16,m,erin.murray1681@example.com,07700900395,cf10  5ae,9990769559,E11,2019-08-25,Suspended
AN0001682,zainab,abara,1993-01-11,M,zainab.abara1682@example.com,(0161) 496 9319,ls13jj,999ABF7742,E11,2019-09-24,Suspended
AN0001683,zainab,mackenzie,2004-10-10,M,zainab.mackenzie1683@example.com,07700900251,eh14jj,9990704554,E05,2023-12-10,Suspended
AN0001684,hassan,murray,1999-08-20,f,hassan.murray1684@example.com,(0161) 496 2728,cf107de,9995671255,E11,2024-04-07,Suspended
AN0001685,daniel,lawson,1995-09-19,F,,+44 7700 900739,sw1a7fb,9992727659,E07,2016-05-02,Deferred
AN0001686,isla,doyle,2000-11-07,F,isla.doyle1686@example.com,+44 7700 900752,SW1A1GF,9995834553,E06,2020-02-15,Deferred
AN0001687,kai,haddad,2004-10-29,f,kai.haddad1687@example.com,(0161) 496 4517,B15 6JH,9999108601,E05,2024-12-26,Active
AN0001688,meera,byrne,1996-07-04,F,,07700900195,BS1 8EE,9996093166,E15,2020-02-26,Suspended
AN0001689,noah,novak,1997-03-28,F,noah.novak1689@example.com,+44 7700 900880,ne1  4bb,9993202649,E15,2016-04-10,Active
AN0001690,leila,novak,2002-12-07,f,leila.novak1690@example.com,+44 7700 900701,SW1A3AE,9997821882,E07,2024-03-23,Suspended
AN0001691,isla,grant,2002-04-05,F,isla.grant1691@example.com,+44 7700 900354,EH1 3AE,9994742647,E04,2021-10-29,Deferred
AN0001692,george,grant,1997-01-05,M,george.grant1692@example.com,07700900713,CF10 7EJ,9995818779,E05,2023-04-09,Active
AN0001693,isla,robertson,1996-10-17,f,isla.robertson1693@example.com,(0161) 496 5214,cf10  4ge,9995566427,E07,2021-11-26,Suspended
AN0001694,james,chen,1998-03-23,M,james.chen1694@example.com,(0161) 496 7144,eh17hh,9998118220,E13,2023-01-10,Active
AN0001695,george,robertson,1997-02-07,M,george.robertson1695@example.com,(0161) 496 4711,l14ej,9994061380,E09,2022-04-13,Active
AN0001696,ruth,lawson,1998-02-28,m,ruth.lawson1696@example.com,+44 7700 900371,g16hg,9997657861,E14,2021-11-03,Active
AN0001697,daniel,byrne,2003-09-12,F,daniel.byrne1697@example.com,07700900367,eh1  5eh,9992705612,E04,2024-03-28,Active
AN0001698,tom,lawson,1996-08-01,M,tom.lawson1698@example.com,+44 7700 900254,M19HJ,9991919856,E14,2018-10-26,Deferred
AN0001699,nadia,iqbal,2008-11-03,m,nadia.iqbal1699@example.com,+44 7700 900972,ne16ab,9993229873,E09,2023-01-13,Active
AN0001700,amara,abara,1993-06-11,F,amara.abara1700@example.com,+44 7700 900309,NE1 2AH,9995229188,E04,2021-06-29,Active
AN0001701,erin,doyle,2000-07-15,F,erin.doyle1701@example.com,+44 7700 900712,sw1a  6dj,9992599618,Z99,2023-05-04,Deferred
AN0001702,tom,cohen,2000-08-07,f,tom.cohen1702@example.com,(0161) 496 1102,L18GB,9996109224,E08,2021-08-25,Active
AN0001703,isla,cohen,2003-05-19,M,isla.cohen1703@example.com,+44 7700 900557,B15 3AF,9999274315,E03,2025-01-04,Active
AN0001704,nadia,iqbal,2002-03-25,M,nadia.iqbal1704@example.com,+44 7700 900188,CF10 6GA,9992475552,E13,2020-06-18,Active
AN0001705,wei,lawson,1988-04-14,f,wei.lawson1705@example.com,07700900584,sw1a  3jg,9990568707,E09,2016-08-09,Suspended
AN0001706,daniel,grant,1997-08-12,M,daniel.grant1706@example.com,07700900193,CF108ED,9995393301,E11,2016-11-07,Active
AN0001707,omar,osman,2000-10-04,F,omar.osman1707@example.com,+44 7700 900937,SW1A 8FE,9991830243,E03,2023-11-10,Active
AN0001708,nadia,khan,1960-02-09,m,nadia.khan1708@example.com,07700900246,SW1A 5BB,9994880519,E15,2021-12-04,Suspended
AN0001709,tom,mackenzie,1997-01-20,M,tom.mackenzie1709@example.com,(0161) 496 4327,b151gj,9995437007,E05,2020-05-21,Active
AN0001710,chloe,adeyemi,1993-01-01,M,chloe.adeyemi1710@example.com,07700900250,M18AF,9991259287,E02,2018-08-13,Deferred
AN0001711,kai,reid,1995-05-25,m,kai.reid1711@example.com,+44 7700 900960,NE1 6HB,9999750591,E08,2023-01-14,Active
AN0001712,ruth,bianchi,2001-04-13,M,ruth.bianchi1712@example.com,(0161) 496 6687,G1 2HE,9997089448,E15,2022-04-24,Active
AN0001713,ruth,murray,1996-08-03,F,ruth.murray1713@example.com,(0161) 496 6473,bs1  4gj,9997650948,E10,2024-12-26,Active
AN0001714,meera,rossi,1999-09-08,m,meera.rossi1714@example.com,07700900838,LS18BD,9992611863,E14,2023-04-08,Withdrawn
AN0001715,james,bello,2003-03-28,M,james.bello1715@example.com,07700900169,bs15ab,9990032769,E03,2024-11-01,Suspended
AN0001716,zainab,reid,1996-04-12,F,zainab.reid1716@example.com,+44 7700 900602,l11bf,9997268210,E08,2024-12-30,Suspended
AN0001717,nadia,kaur,1993-10-24,f,nadia.kaur1717@example.com,+44 7700 900602,l1  4gg,9999192203,E11,2023-05-11,Deferred
AN0001718,tom,iqbal,1998-09-18,F,tom.iqbal1718@example.com,07700900848,NE13GA,9995167484,E09,2020-07-01,Withdrawn
AN0001719,tom,iqbal,2002-04-23,M,tom.iqbal1719@example.com,07700900601,L1 5JF,9999359957,E05,2022-01-26,Active
AN0001720,zainab,robertson,1995-02-19,m,zainab.robertson1720@example.com,+44 7700 900248,sw1a2ea,9994691260,E12,2022-10-11,Active
AN0001721,hassan,haddad,1995-04-26,M,hassan.haddad1721@example.com,+44 7700 900794,sw1a4be,9997830563,E13,2022-07-25,Suspended
AN0001722,zainab,ali,1995-03-11,M,zainab.ali1722@example.com,+44 7700 900275,SW1A3FJ,9998112826,E10,2018-08-22,Suspended
AN0001723,isla,khan,2000-07-04,m,isla.khan1723@example.com,07700900269,LS1 3EB,9997865030,E04,2020-02-17,Withdrawn
AN0001724,zainab,doyle,1996-06-09,F,zainab.doyle1724@example.com,+44 7700 900593,L1 8BJ,9991243453,E07,2024-07-01,Active
AN0001725,ethan,reid,2004-09-18,F,ethan.reid1725@example.com,+44 7700 900132,bs1  3jd,9994803697,E11,2023-10-20,Active
AN0001726,nadia,nwosu,2000-08-06,m,nadia.nwosu1726@example.com,07700900516,NE17JA,9998550696,E04,2022-11-10,Active
AN0001727,george,fenton,1999-02-08,M,george.fenton1727@example.com,+44 7700 900978,L1 8FE,9991889698,E08,2017-03-10,Active
AN0001728,chloe,abara,1995-09-17,F,chloe.abara1728@example.com,+44 7700 900428,B15 9FB,9995703475,E11,2023-01-14,Active
AN0001729,noah,byrne,1998-05-29,f,noah.byrne1729@example.com,+44 7700 900952,g1  6fh,9990213542,E10,2020-08-14,Suspended
AN0001730,wei,novak,1991-06-03,M,wei.novak1730@example.com,+44 7700 900980,M18EF,9996609545,E12,2018-10-20,Withdrawn
AN0001731,omar,novak,1992-07-06,M,omar.novak1731@example.com,(0161) 496 9609,M1 1JG,9993521418,E03,2016-07-26,Active
AN0001732,amara,mackenzie,2003-06-06,f,amara.mackenzie1732@example.com,+44 7700 900492,NE1 1GH,9991854134,E07,2023-02-06,Withdrawn
AN0001733,nadia,robertson,1991-01-13,M,nadia.robertson1733@example.com,07700900711,m1  6hg,9992905247,E03,2020-01-13,Active
AN0001734,hannah,osman,1989-03-05,F,hannah.osman1734@example.com,+44 7700 900696,BS15BF,9990138567,E07,2017-04-20,Suspended
AN0001735,isla,abara,1993-06-14,m,isla.abara1735@example.com,+44 7700 900223,LS1 1BJ,9990209847,E05,2017-11-20,Active
AN0001736,callum,iqbal,2000-04-01,M,callum.iqbal1736@example.com,07700900250,l13be,9994915320,E08,2022-12-31,Suspended
AN0001737,erin,thompson,1996-01-11,F,erin.thompson1737@example.com,(0161) 496 4567,m1  6hd,9997132025,E06,2017-02-06,Active
AN0001738,amara,ali,1997-06-02,m,amara.ali1738@example.com,(0161) 496 8767,cf101fd,9993987662,E12,2022-01-08,Active
AN0001739,sofia,murray,1996-06-04,M,sofia.murray1739@example.com,+44 7700 900765,G1 3FA,9993051098,E12,2021-08-06,Active
AN0001740,idris,grant,2004-07-19,F,idris.grant1740@example.com,+44 7700 900454,EH1 2HE,9997639855,E03,2025-01-07,Active
AN0001741,idris,rossi,1991-02-08,m,idris.rossi1741@example.com,(0161) 496 4140,ls1  8ha,9990423571,E02,2017-11-24,Active
AN0001742,hassan,ali,1997-03-16,M,hassan.ali1742@example.com,07700900766,b156ef,9990507074,E12,2016-10-16,Active
AN0001743,omar,rossi,1999-05-29,F,omar.rossi1743@example.com,07700900724,BS1 7EG,9998662133,E14,2022-03-09,Deferred
AN0001744,kai,osman,2000-09-02,f,kai.osman1744@example.com,07700900384,LS1 3GG,9995419637,E11,2020-01-08,Active
AN0001745,james,bello,1995-03-10,F,james.bello1745@example.com,+44 7700 900335,cf104hg,9990504172,E02,2020-08-09,Active
AN0001746,wei,ali,1998-05-08,F,wei.ali1746@example.com,(0161) 496 8636,sw1a4de,9991899359,E05,2018-12-04,Withdrawn
AN0001747,omar,novak,2001-03-21,m,omar.novak1747@example.com,+44 7700 900265,l16he,9997311493,E07,2024-05-26,Active
AN0001748,erin,okafor,1995-06-14,M,erin.okafor1748@example.com,(0161) 496 1882,CF10 6FA,9998180368,E05,2021-12-31,Suspended
AN0001749,ruth,byrne,2005-07-19,M,ruth.byrne1749@example.com,+44 7700 900256,eh1  2fa,9997028466,E16,2023-08-07,Active
AN0001750,sofia,grant,1994-12-10,m,sofia.grant1750@example.com,07700900388,bs18ae,9990434743,E07,2023-03-12,Withdrawn
AN0001751,isla,mackenzie,1998-05-28,F,isla.mackenzie1751@example.com,+44 7700 900991,SW1A 1FH,9990413134,E06,2017-06-15,Active
AN0001752,omar,grant,2000-03-25,M,omar.grant1752@example.com,07700900878,LS1 3EG,9997217616,E12,2022-05-28,Withdrawn
AN0001753,meera,haddad,1991-09-29,f,meera.haddad1753@example.com,(0161) 496 4567,ne1  8jb,9993981893,E02,2021-05-04,Suspended
AN0001754,noah,kaur,2004-12-03,F,noah.kaur1754@example.com,07700900330,SW1A5GB,9995586819,E01,2024-12-20,Deferred
AN0001755,george,thompson,1996-01-05,F,george.thompson1755@example.com,(0161) 496 7598,EH1 1EB,9997585933,E08,2022-01-14,Deferred
AN0001756,fatima,novak,1991-03-18,m,fatima.novak1756@example.com,+44 7700 900385,EH1 4ED,9999540635,E06,2020-05-21,Deferred
AN0001757,erin,grant,1996-01-12,F,erin.grant1757@example.com,(0161) 496 2223,g1  4jf,9995555352,E04,2016-02-04,Active
AN0001758,oliver,bianchi,1992-03-24,F,oliver.bianchi1758@example.com,+44 7700 900615,NE19DD,9991007202,E04,2021-10-15,Active
AN0001759,meera,bianchi,1997-07-13,f,meera.bianchi1759@example.com,+44 7700 900804,L1 6JA,9994104861,E09,2016-10-05,Active
AN0001760,ethan,haddad,1996-09-08,F,ethan.haddad1760@example.com,+44 7700 900399,EH1 8AF,9996711013,E01,2018-11-19,Active
AN0001761,fatima,ali,1994-02-15,M,fatima.ali1761@example.com,07700900775,eh1  4aj,9994668994,E12,2017-10-05,Withdrawn
AN0001762,grace,fenton,2005-04-30,m,grace.fenton1762@example.com,+44 7700 900333,ne12jj,9999247040,E08,2023-08-14,Active
AN0001763,priya,byrne,1997-05-07,M,priya.byrne1763@example.com,+44 7700 900185,EH1 6HG,9991275916,E12,2021-09-26,Active
AN0001764,fatima,adeyemi,1993-05-08,M,fatima.adeyemi1764@example.com,07700900258,G1 7JF,9995362511,E13,2018-09-18,Active
AN0001765,liam,doyle,1997-08-20,m,liam.doyle1765@example.com,+44 7700 900956,sw1a  3ah,9991369309,E15,2019-10-10,Active
AN0001766,amara,byrne,2001-03-18,M,amara.byrne1766@example.com,07700900534,L14GE,9992561165,E08,2023-07-27,Withdrawn
AN0001767,leila,bianchi,1995-07-19,F,leila.bianchi1767@example.com,07700900523,M1 9FG,9997582683,E13,2022-12-19,Withdrawn
AN0001768,priya,rossi,1994-05-24,f,priya.rossi1768@example.com,(0161) 496 3997,B15 3EG,9999358039,E06,2017-03-12,Withdrawn
AN0001769,ethan,wright,1993-04-24,F,ethan.wright1769@example.com,+44 7700 900993,l1  9bj,9995442523,E04,2016-05-03,Withdrawn
AN0001770,meera,patel,1999-01-09,F,meera.patel1770@example.com,07700900370,BS14AF,9998826489,E09,2021-05-30,Active
AN0001771,zainab,fenton,1998-05-30,f,zainab.fenton1771@example.com,07700900904,NE1 6FH,9991210407,E01,2020-02-04,Active
AN0001772,george,fenton,1990-09-17,F,george.fenton1772@example.com,+44 7700 900873,CF10 1ED,9994707922,E10,2019-12-21,Active
AN0001773,leila,lawson,2005-03-31,F,leila.lawson1773@example.com,+44 7700 900802,cf10  1ed,9993943983,E04,2024-11-26,Active
AN0001774,oliver,rossi,1999-03-23,m,oliver.rossi1774@example.com,+44 7700 900905,L15HF,9994959573,E08,2022-06-05,Active
AN0001775,omar,whitfield,2004-06-16,F,omar.whitfield1775@example.com,07700900983,LS1 8BE,9992402393,E07,2024-02-20,Active
AN0001776,meera,robertson,1991-08-04,F,meera.robertson1776@example.com,07700900884,EH1 1FH,9995112868,E02,2017-02-23,Suspended
AN0001777,sarah,okafor,2001-09-30,m,sarah.okafor1777@example.com,07700900717,ls11jf,9995952823,E01,2019-12-05,Deferred
AN0001778,meera,patel,2002-09-01,M,meera.patel1778@example.com,07700900425,EH14EJ,9992783966,E03,2024-11-28,Active
AN0001779,sarah,sharma,1995-08-12,M,sarah.sharma1779@example.com,+44 7700 900874,LS1 2FE,9994869655,E07,2016-02-18,Deferred
AN0001780,liam,iqbal,1994-08-31,m,liam.iqbal1780@example.com,(0161) 496 6834,LS1 1EB,9993095079,E07,2019-12-31,Deferred
AN0001781,oliver,grant,1999-05-20,F,oliver.grant1781@example.com,(0161) 496 5508,m1  5ga,9992759089,E13,2018-07-21,Active
AN0001782,james,bello,1991-06-18,M,james.bello1782@example.com,+44 7700 900770,L12DB,9994523953,E09,2016-08-28,Deferred
AN0001783,wei,ali,1998-11-26,f,wei.ali1783@example.com,(0161) 496 2883,L1 6JA,9993088803,E09,2018-05-08,Deferred
AN0001784,erin,bello,1999-07-14,F,erin.bello1784@example.com,+44 7700 900914,EH1 2EA,9998867584,E12,2019-03-05,Active
AN0001785,leila,rossi,2001-04-29,M,leila.rossi1785@example.com,+44 7700 900144,eh1  8de,9999462723,E09,2019-10-16,Active
AN0001786,sofia,reid,1995-03-24,m,sofia.reid1786@example.com,+44 7700 900331,ne15ga,9994621769,E04,2017-05-26,Withdrawn
AN0001787,kai,mackenzie,2000-12-28,F,kai.mackenzie1787@example.com,+44 7700 900902,CF10 8FA,9998698588,E06,2022-10-13,Active
AN0001788,grace,byrne,2005-05-12,F,grace.byrne1788@example.com,07700900547,L1 3HF,9998793971,E06,2024-06-04,Active
AN0001789,meera,sharma,1996-06-07,m,meera.sharma1789@example.com,(0161) 496 2794,cf10  5gd,9997040791,E07,2016-10-23,Active
AN0001790,liam,fenton,1996-03-13,F,liam.fenton1790@example.com,07700900282,cf103ae,9992735716,E13,2021-09-15,Active
AN0001791,erin,patel,1998-11-12,M,erin.patel1791@example.com,+44 7700 900665,G1 8GB,9992425660,E14,2018-01-26,Active
AN0001792,erin,abara,1994-01-01,m,erin.abara1792@example.com,+44 7700 900720,SW1A 4AE,9994136534,E13,2019-09-28,Suspended
AN0001793,nadia,khan,1999-05-27,F,nadia.khan1793@example.com,(0161) 496 1452,l1  1ha,9994614339,E01,2022-01-04,Active
AN0001794,idris,adeyemi,1963-01-15,F,idris.adeyemi1794@example.com,(0161) 496 5648,b157jb,9996387623,E16,2024-03-22,Active
AN0001795,ruth,patel,2002-12-22,f,ruth.patel1795@example.com,+44 7700 900483,NE1 7HB,9994874144,E03,2024-12-20,Active
AN0001796,erin,ali,2003-09-13,M,erin.ali1796@example.com,07700900718,NE1 9JD,9994921223,E07,2023-01-15,Withdrawn
AN0001797,hassan,abara,1996-05-10,M,hassan.abara1797@example.com,+44 7700 900904,sw1a  1jb,9992044845,E11,2022-07-25,Active
AN0001798,kai,fenton,2001-12-01,f,kai.fenton1798@example.com,+44 7700 900575,CF107AF,9998939119,E10,2021-06-01,Withdrawn
AN0001799,zainab,grant,1998-08-25,F,zainab.grant1799@example.com,07700900509,G1 8HH,9994760858,E13,2023-04-28,Active
AN0001800,yusuf,kaur,1989-12-21,F,yusuf.kaur1800@example.com,+44 7700 900428,LS1 2JG,9999988784,E13,2017-07-26,Suspended
AN0001801,wei,grant,1997-09-01,m,,+44 7700 900541,m1  9ga,9999298737,Z99,2020-01-16,Deferred
AN0001802,priya,sharma,1995-01-30,F,priya.sharma1802@example.com,+44 7700 900542,B151ED,9991430318,E07,2020-04-05,Suspended
AN0001803,fatima,doyle,1997-01-30,M,fatima.doyle1803@example.com,(0161) 496 9328,EH1 1HG,9998558751,E11,2016-03-22,Active
AN0001804,zainab,chen,1998-04-03,f,zainab.chen1804@example.com,+44 7700 900297,CF10 8FG,9998351790,E07,2022-05-21,Withdrawn
AN0001805,ruth,reid,1988-09-04,F,ruth.reid1805@example.com,+44 7700 900506,cf10  7ee,9998958644,E16,2016-12-30,Active
AN0001806,daniel,novak,2002-03-07,M,daniel.novak1806@example.com,07700900852,CF103FH,9994762931,E10,2020-05-04,Deferred
AN0001807,wei,haddad,1998-09-28,f,wei.haddad1807@example.com,(0161) 496 8496,B15 7JA,9990271909,E06,2021-11-21,Deferred
AN0001808,hannah,okafor,1991-06-27,M,hannah.okafor1808@example.com,+44 7700 900231,m16ba,9992201657,E09,2018-02-08,Active
AN0001809,noah,fenton,1991-05-13,F,noah.fenton1809@example.com,+44 7700 900259,eh1  4dh,9993814032,E15,2018-08-23,Withdrawn
AN0001810,daniel,cohen,1996-04-17,m,daniel.cohen1810@example.com,07700900263,SW1A3FF,9995074508,E07,2022-09-04,Withdrawn
AN0001811,amara,wright,1988-10-30,F,amara.wright1811@example.com,+44 7700 900371,EH1 1FE,9999077188,E03,2016-08-09,Active
AN0001812,ruth,murray,1998-01-13,F,ruth.murray1812@example.com,07700900325,L1 7GG,9996172759,E12,2018-09-16,Active
AN0001813,daniel,mackenzie,2002-11-10,f,daniel.mackenzie1813@example.com,(0161) 496 3944,cf10  7hb,9993939293,E04,2022-04-02,Active
AN0001814,ruth,sharma,1998-01-30,M,ruth.sharma1814@example.com,(0161) 496 2609,B155EE,9996279898,E06,2017-07-22,Suspended
AN0001815,erin,mackenzie,1995-10-04,M,erin.mackenzie1815@example.com,07700900952,BS1 2DA,9991912754,E02,2021-01-02,Suspended
AN0001816,daniel,grant,2004-02-05,m,daniel.grant1816@example.com,+44 7700 900857,M1 7DD,9994436430,E10,2023-06-28,Active
AN0001817,george,whitfield,1988-01-10,F,george.whitfield1817@example.com,07700900358,ls1  3aa,9992276835,E06,2017-10-18,Active
AN0001818,ethan,sharma,1996-06-04,F,ethan.sharma1818@example.com,07700900208,SW1A4EG,9990090068,E07,2023-01-13,Withdrawn
AN0001819,daniel,wright,1999-07-18,f,,(0161) 496 5647,CF10 6HB,9994633244,E10,2024-03-12,Active
AN0001820,yusuf,abara,1999-11-06,F,yusuf.abara1820@example.com,+44 7700 900520,B15 6BJ,9993518514,E12,2021-12-04,Active
AN0001821,zainab,murray,1998-07-21,F,zainab.murray1821@example.com,+44 7700 900521,sw1a  1ee,9995229641,E04,2022-05-08,Withdrawn
AN0001822,liam,okafor,2002-01-28,m,liam.okafor1822@example.com,+44 7700 900849,EH16GJ,9995372371,E10,2022-04-28,Active
AN0001823,george,byrne,1998-08-09,F,,+44 7700 900289,BS1 8AB,9997229827,E08,2019-03-12,Active
AN0001824,zainab,kaur,2004-01-25,M,zainab.kaur1824@example.com,07700900270,bs16ab,9994962841,E14,2024-06-28,Active
AN0001825,leila,kaur,1996-01-16,m,leila.kaur1825@example.com,07700900658,l19ef,9998244668,E10,2023-06-27,Active
AN0001826,ruth,rossi,1994-07-01,F,ruth.rossi1826@example.com,+44 7700 900518,NE13GA,9995925621,E12,2018-06-28,Deferred
AN0001827,callum,robertson,2002-01-22,M,callum.robertson1827@example.com,+44 7700 900852,ls18ef,9996892700,E04,2022-05-05,Active
AN0001828,tom,bianchi,1995-03-20,f,tom.bianchi1828@example.com,07700900996,CF10 7HB,9991496181,E15,2023-07-15,Active
AN0001829,amara,wright,1997-06-10,F,amara.wright1829@example.com,(0161) 496 3775,eh15fa,9999518699,E06,2022-02-26,Active
AN0001830,fatima,novak,1997-04-22,M,fatima.novak1830@example.com,07700900340,M19EA,9991237798,E02,2019-05-12,Withdrawn
AN0001831,liam,bianchi,2003-05-05,m,liam.bianchi1831@example.com,+44 7700 900320,M1 9GD,9992391529,E07,2023-07-21,Active
AN0001832,fatima,doyle,1992-02-21,M,fatima.doyle1832@example.com,+44 7700 900104,BS1 9DB,9990231893,E09,2020-06-05,Active
AN0001833,priya,doyle,1996-10-13,M,priya.doyle1833@example.com,(0161) 496 5012,m1  8jg,9999000193,E16,2017-04-05,Active
AN0001834,yusuf,cohen,1997-12-25,f,yusuf.cohen1834@example.com,07700900363,B159JB,9991547460,E08,2018-05-20,Active
AN0001835,noah,sharma,1994-04-08,F,noah.sharma1835@example.com,+44 7700 900594,LS1 9DA,9990093806,E07,2024-01-09,Active
AN0001836,amara,doyle,1998-02-25,F,amara.doyle1836@example.com,07700900112,SW1A 6ED,9991832521,E01,2018-04-19,Active
AN0001837,zainab,chen,2005-02-18,m,zainab.chen1837@example.com,+44 7700 900201,cf10  8gf,9993267015,E16,2023-05-09,Active
AN0001838,ethan,thompson,1992-08-16,F,ethan.thompson1838@example.com,07700900712,SW1A3GB,9998642671,E02,2017-04-07,Deferred
AN0001839,amara,nwosu,1988-09-02,F,amara.nwosu1839@example.com,+44 7700 900802,G1 4AF,9990531986,E04,2016-06-16,Deferred
AN0001840,priya,novak,2001-03-23,f,priya.novak1840@example.com,07700900102,NE1 5GD,9996770370,E04,2019-11-04,Active
AN0001841,grace,patel,2002-06-22,M,grace.patel1841@example.com,(0161) 496 8364,cf10  5fa,9997328299,E14,2016-07-21,Active
AN0001842,wei,okafor,2000-12-06,M,wei.okafor1842@example.com,+44 7700 900297,EH11HE,9998019907,E11,2020-01-18,Active
AN0001843,isla,sharma,1997-06-04,m,isla.sharma1843@example.com,07700900753,EH1 8BB,9992407905,E05,2020-07-01,Withdrawn
AN0001844,sofia,novak,1995-02-25,M,sofia.novak1844@example.com,07700900227,M1 5GH,9996776190,E06,2016-11-24,Active
AN0001845,hassan,robertson,2006-02-24,F,,+44 7700 900256,m1  8hf,9997702239,E14,2024-04-10,Active
AN0001846,fatima,mackenzie,1994-11-09,f,fatima.mackenzie1846@example.com,+44 7700 900239,g14da,9995928485,E12,2021-01-25,Deferred
AN0001847,zainab,murray,1996-05-26,F,zainab.murray1847@example.com,(0161) 496 4115,B15 6JA,9994093983,E10,2021-08-18,Withdrawn
AN0001848,tom,murray,1996-05-20,F,tom.murray1848@example.com,+44 7700 900392,EH1 3JE,9993565237,E16,2022-10-19,Suspended
AN0001849,leila,grant,2000-05-03,f,leila.grant1849@example.com,+44 7700 900987,b15  4fa,9992016639,E02,2020-07-17,Active
AN0001850,sarah,adeyemi,2003-08-19,F,sarah.adeyemi1850@example.com,+44 7700 900300,EH16DH,9992886234,E07,2023-10-01,Active
AN0001851,priya,mackenzie,1996-08-06,F,priya.mackenzie1851@example.com,07700900220,EH1 4FF,9991117547,E04,2019-02-04,Active
AN0001852,meera,kaur,1999-02-20,f,meera.kaur1852@example.com,+44 7700 900740,EH1 7EB,9991291164,E04,2019-03-29,Deferred
AN0001853,noah,bello,1995-06-02,F,noah.bello1853@example.com,+44 7700 900710,ne1  8df,9993539988,E12,2017-12-12,Active
AN0001854,zainab,ali,1997-05-20,F,zainab.ali1854@example.com,(0161) 496 5277,G12EF,9999230571,E03,2016-01-09,Active
AN0001855,omar,whitfield,1998-02-28,m,omar.whitfield1855@example.com,+44 7700 900514,EH1 4JH,9994301462,E14,2016-11-08,Active
AN0001856,omar,khan,1998-06-23,M,omar.khan1856@example.com,+44 7700 900985,BS1 7EJ,9999065066,E16,2022-08-15,Deferred
AN0001857,oliver,byrne,1992-12-05,M,oliver.byrne1857@example.com,+44 7700 900268,g1  1de,9990040273,E03,2019-12-04,Suspended
AN0001858,idris,abara,2000-07-23,m,idris.abara1858@example.com,(0161) 496 1984,ne17bf,9997966996,E01,2021-09-25,Suspended
AN0001859,amara,sharma,2002-02-16,F,amara.sharma1859@example.com,+44 7700 900958,EH1 3FH,9997372387,E09,2016-09-09,Active
AN0001860,hassan,iqbal,1991-06-20,F,hassan.iqbal1860@example.com,+44 7700 900431,l17ej,9999829309,E06,2017-11-25,Active
AN0001861,meera,osman,1992-07-12,m,meera.osman1861@example.com,+44 7700 900544,sw1a  8fb,9999394817,E06,2021-04-05,Active
AN0001862,hannah,abara,1991-07-08,M,hannah.abara1862@example.com,+44 7700 900927,cf101dg,9996966097,E09,2018-07-30,Active
AN0001863,isla,novak,1997-03-28,F,isla.novak1863@example.com,+44 7700 900183,LS1 2AB,9992622644,E05,2021-03-31,Active
AN0001864,erin,fenton,1994-12-30,f,erin.fenton1864@example.com,+44 7700 900457,BS1 4GH,9995243776,E06,2017-06-19,Active
AN0001865,omar,lawson,1992-03-10,F,omar.lawson1865@example.com,+44 7700 900328,l1  5gd,9992258462,E01,2020-09-05,Deferred
AN0001866,liam,novak,1998-04-17,M,liam.novak1866@example.com,(0161) 496 3869,BS15HG,9993967491,E15,2021-07-07,Active
AN0001867,hannah,ali,1996-12-29,f,hannah.ali1867@example.com,+44 7700 900100,SW1A 9FB,9991242694,E06,2023-06-15,Active
AN0001868,fatima,doyle,1997-04-30,M,,07700900306,BS1 8HE,9999461425,E09,2023-10-16,Withdrawn
AN0001869,james,adeyemi,1990-03-09,M,james.adeyemi1869@example.com,+44 7700 900909,b15  4fh,9998978734,E01,2016-08-31,Active
AN0001870,noah,robertson,1992-09-01,m,,07700900142,EH12BJ,9996033309,E11,2019-12-01,Active
AN0001871,liam,wright,2000-12-14,F,liam.wright1871@example.com,07700900985,cf101da,9990210934,E09,2023-04-16,Active
AN0001872,meera,grant,1999-02-28,M,meera.grant1872@example.com,(0161) 496 6604,L1 7FG,9995903482,E08,2024-10-12,Suspended
AN0001873,idris,abara,2001-07-14,f,idris.abara1873@example.com,07700900839,m1  2ad,9993955337,E15,2023-10-21,Suspended
AN0001874,tom,murray,1997-09-10,M,tom.murray1874@example.com,+44 7700 900863,m15gg,9990702640,E14,2018-10-18,Active
AN0001875,idris,fenton,2002-03-17,F,idris.fenton1875@example.com,+44 7700 900208,G1 2FF,9997621646,E02,2020-09-26,Withdrawn
AN0001876,leila,chen,1991-04-16,f,leila.chen1876@example.com,+44 7700 900278,BS1 5AH,9997252020,E02,2021-01-30,Withdrawn
AN0001877,ethan,bello,1992-09-05,M,ethan.bello1877@example.com,+44 7700 900659,ls1  9fb,9999495168,E06,2018-04-24,Suspended
AN0001878,omar,murray,1996-06-25,F,omar.murray1878@example.com,(0161) 496 7448,eh15hf,9992390042,E16,2023-11-08,Active
AN0001879,isla,abara,1988-01-12,f,isla.abara1879@example.com,+44 7700 900474,g15ja,9998977959,E15,2017-10-01,Active
AN0001880,callum,grant,1987-03-10,F,callum.grant1880@example.com,+44 7700 900876,G1 1DA,9994177079,E02,2016-06-27,Active
AN0001881,priya,novak,1999-03-20,M,priya.novak1881@example.com,+44 7700 900405,sw1a  8db,9994575279,E11,2018-10-13,Active
AN0001882,ruth,wright,1995-09-18,m,ruth.wright1882@example.com,07700900872,CF108GB,9990668817,E11,2023-12-24,Active
AN0001883,sarah,murray,1996-01-29,F,sarah.murray1883@example.com,+44 7700 900531,CF10 9FA,9996364607,E06,2019-08-24,Suspended
AN0001884,daniel,thompson,1999-08-27,M,daniel.thompson1884@example.com,+44 7700 900701,G1 7ED,9995182564,E10,2023-10-20,Active
AN0001885,liam,chen,1993-08-10,f,liam.chen1885@example.com,(0161) 496 6110,ne1  7jf,9999896316,E09,2023-03-11,Active
AN0001886,zainab,nwosu,1993-06-29,F,zainab.nwosu1886@example.com,07700900498,BS13DG,9991642307,E08,2021-07-19,Active
AN0001887,isla,robertson,1993-07-30,M,isla.robertson1887@example.com,+44 7700 900308,M1 2HE,9990855366,E14,2022-07-29,Active
AN0001888,amara,whitfield,1991-11-20,f,amara.whitfield1888@example.com,+44 7700 900311,G1 8JG,9994298410,E14,2016-02-19,Deferred
AN0001889,erin,okafor,2005-08-31,M,erin.okafor1889@example.com,+44 7700 900118,b153fd,9994635239,E06,2023-12-17,Deferred
AN0001890,liam,thompson,1996-01-18,M,liam.thompson1890@example.com,(0161) 496 9848,SW1A7GH,9991853111,E08,2022-03-30,Withdrawn
AN0001891,ethan,bianchi,1991-03-20,m,ethan.bianchi1891@example.com,(0161) 496 4425,CF10 7HH,9999472818,E02,2016-11-17,Active
AN0001892,yusuf,cohen,1996-02-22,F,yusuf.cohen1892@example.com,+44 7700 900305,L1 1DF,9990375356,E07,2022-07-09,Withdrawn
AN0001893,leila,whitfield,1988-05-29,F,leila.whitfield1893@example.com,+44 7700 900805,l1  6hj,9999503055,E10,2017-09-28,Suspended
AN0001894,sofia,sharma,2001-12-13,f,sofia.sharma1894@example.com,+44 7700 900390,BS15BG,9999838820,E14,2021-02-11,Withdrawn
AN0001895,daniel,thompson,1991-06-18,F,daniel.thompson1895@example.com,+44 7700 900374,bs12eh,9996576523,E03,2019-02-06,Active
AN0001896,sarah,doyle,1993-12-03,F,sarah.doyle1896@example.com,07700900677,SW1A 3FF,9996613887,E09,2022-05-13,Active
AN0001897,james,bianchi,2005-06-15,m,james.bianchi1897@example.com,07700900708,g1  7je,9993959367,E14,2024-04-05,Active
AN0001898,liam,chen,1998-02-12,F,liam.chen1898@example.com,+44 7700 900675,g14ha,9997807200,E13,2023-02-22,Active
AN0001899,kai,kaur,2002-03-24,M,kai.kaur1899@example.com,(0161) 496 3587,SW1A 7HJ,9993720372,E02,2023-12-26,Active
AN0001900,ethan,ali,1996-08-19,f,ethan.ali1900@example.com,+44 7700 900755,m11gh,9995743965,E12,2020-03-17,Active
AN0001901,daniel,adeyemi,1995-02-12,M,daniel.adeyemi1901@example.com,+44 7700 900357,bs1  1gf,9998873053,Z99,2020-05-20,Suspended
AN0001902,priya,abara,1994-07-09,M,priya.abara1902@example.com,+44 7700 900703,LS17HD,9997800958,E15,2017-10-20,Active
AN0001903,yusuf,byrne,2002-03-20,m,yusuf.byrne1903@example.com,(0161) 496 8648,SW1A 1AB,9990073880,E06,2024-09-28,Active
AN0001904,oliver,reid,1995-03-13,F,oliver.reid1904@example.com,07700900389,B15 7EA,9994131982,E06,2024-07-02,Suspended
AN0001905,meera,byrne,2000-09-06,M,meera.byrne1905@example.com,+44 7700 900113,g15df,9992511192,E15,2021-11-14,Active
AN0001906,grace,mackenzie,2005-08-03,f,grace.mackenzie1906@example.com,+44 7700 900691,EH12DG,9999990320,E02,2024-05-21,Suspended
AN0001907,leila,haddad,1996-08-29,M,leila.haddad1907@example.com,(0161) 496 7344,LS1 9GB,9994039970,E07,2021-04-01,Suspended
AN0001908,isla,mackenzie,1994-04-01,M,isla.mackenzie1908@example.com,07700900622,b157ed,9999397026,E10,2023-07-03,Deferred
AN0001909,fatima,wright,1999-03-22,m,fatima.wright1909@example.com,+44 7700 900416,ne1  2gb,9991178600,E06,2017-11-14,Active
AN0001910,callum,doyle,1995-12-27,M,callum.doyle1910@example.com,(0161) 496 3208,SW1A4AD,9997574052,E03,2021-01-26,Active
AN0001911,tom,haddad,1991-07-19,F,tom.haddad1911@example.com,07700900213,bs13fj,9992655712,E07,2016-02-23,Active
AN0001912,hassan,doyle,1995-04-19,f,hassan.doyle1912@example.com,+44 7700 900862,EH1 6EJ,9992574488,E13,2020-08-23,Deferred
AN0001913,wei,khan,1991-12-01,M,wei.khan1913@example.com,07700900935,ne1  6bb,9995157640,E09,2020-09-13,Active
AN0001914,noah,iqbal,1988-02-11,M,noah.iqbal1914@example.com,(0161) 496 9922,B159EB,9997586034,E05,2016-09-03,Withdrawn
AN0001915,callum,whitfield,2002-06-10,m,callum.whitfield1915@example.com,+44 7700 900738,G1 3FG,9995155788,E13,2023-09-19,Active
AN0001916,sofia,rossi,1987-10-26,M,sofia.rossi1916@example.com,(0161) 496 3381,l12hb,9996286975,E04,2016-01-31,Active
AN0001917,omar,fenton,1996-05-15,M,omar.fenton1917@example.com,+44 7700 900669,g15jj,9992681934,E08,2018-01-06,Deferred
AN0001918,amara,khan,2000-04-19,m,amara.khan1918@example.com,(0161) 496 4652,LS19AH,9993941859,E04,2022-05-31,Active
AN0001919,george,byrne,1994-10-31,F,george.byrne1919@example.com,07700900642,B15 2FA,9992826738,E06,2022-01-17,Withdrawn
AN0001920,yusuf,bello,1993-06-28,F,yusuf.bello1920@example.com,+44 7700 900202,CF10 9HD,9992508620,E09,2016-02-07,Suspended
AN0001921,callum,mackenzie,2008-06-14,f,callum.mackenzie1921@example.com,+44 7700 900801,ne1  9de,9992587288,E05,2023-01-04,Active
AN0001922,kai,lawson,2001-11-29,M,kai.lawson1922@example.com,+44 7700 900307,B151FH,9997262808,E02,2023-06-14,Active
AN0001923,isla,bello,1990-03-03,F,isla.bello1923@example.com,+44 7700 900182,M1 7EF,9993031011,E10,2016-07-20,Active
AN0001924,chloe,robertson,2000-08-25,f,,+44 7700 900425,EH1 2FA,9995796228,E11,2020-11-02,Active
AN0001925,noah,okafor,1999-01-04,F,noah.okafor1925@example.com,+44 7700 900491,cf10  1ad,9990469016,E01,2021-09-25,Active
AN0001926,tom,wright,1995-12-24,F,tom.wright1926@example.com,(0161) 496 3197,EH15BA,9997884574,E02,2023-02-10,Deferred
AN0001927,kai,byrne,1997-10-06,m,kai.byrne1927@example.com,(0161) 496 5486,LS1 4EG,9994071106,E01,2020-10-29,Deferred
AN0001928,grace,wright,2001-12-23,M,grace.wright1928@example.com,07700900126,G1 1HH,9994853333,E08,2020-03-15,Active
AN0001929,george,grant,1998-12-17,F,,07700900167,ls19df,9999220282,E16,2022-06-12,Active
AN0001930,priya,wright,1994-02-05,m,priya.wright1930@example.com,+44 7700 900551,CF109AB,9992696257,E15,2022-07-30,Deferred
AN0001931,chloe,sharma,1992-01-19,M,chloe.sharma1931@example.com,+44 7700 900714,M1 4FE,9992502746,E10,2021-05-08,Deferred
AN0001932,idris,ali,2000-08-06,F,idris.ali1932@example.com,+44 7700 900876,B15 8HG,9999994288,E11,2022-04-17,Withdrawn
AN0001933,tom,ali,1989-09-25,f,tom.ali1933@example.com,(0161) 496 5710,ne1  7ed,9994871595,E14,2016-04-17,Deferred
AN0001934,sarah,rossi,1995-10-07,F,sarah.rossi1934@example.com,+44 7700 900160,BS11JF,9997939115,E12,2017-05-28,Active
AN0001935,george,abara,2005-12-23,M,george.abara1935@example.com,07700900465,CF10 9FH,9997374495,E10,2024-01-04,Active
AN0001936,james,grant,1995-12-23,f,james.grant1936@example.com,07700900885,EH1 8FB,9998938252,E13,2017-07-07,Deferred
AN0001937,james,mackenzie,1991-02-03,F,james.mackenzie1937@example.com,+44 7700 900118,ls1  7gj,9995266849,E15,2018-06-03,Active
AN0001938,nadia,whitfield,1994-10-09,M,nadia.whitfield1938@example.com,+44 7700 900253,EH19BE,9997642988,E02,2020-06-27,Deferred
AN0001939,james,whitfield,1999-09-04,f,james.whitfield1939@example.com,+44 7700 900814,CF10 1GE,9998734010,E16,2022-12-31,Active
AN0001940,hannah,khan,1993-12-20,F,hannah.khan1940@example.com,07700900306,l18af,9999096786,E16,2019-06-01,Suspended
AN0001941,zainab,doyle,2000-06-03,F,zainab.doyle1941@example.com,(0161) 496 4817,bs17ba,9994057367,E08,2024-11-17,Active
AN0001942,isla,fenton,1987-07-20,f,isla.fenton1942@example.com,+44 7700 900754,EH14AJ,9992188774,E16,2017-03-24,Withdrawn
AN0001943,kai,osman,2003-01-24,F,kai.osman1943@example.com,07700900285,b157ef,9998671264,E06,2022-08-06,Deferred
AN0001944,ruth,nwosu,2002-05-24,M,ruth.nwosu1944@example.com,(0161) 496 2927,LS1 8GD,9994158554,E07,2022-02-27,Active
AN0001945,priya,murray,2002-08-17,f,priya.murray1945@example.com,(0161) 496 4329,m1  9gg,9997071697,E04,2024-11-29,Active
AN0001946,george,khan,2001-06-06,M,george.khan1946@example.com,07700900378,SW1A8GH,9993106402,E01,2019-06-05,Deferred
AN0001947,amara,osman,1994-05-26,M,amara.osman1947@example.com,07700900615,G1 5DJ,9994497995,E13,2020-08-10,Deferred
AN0001948,sarah,fenton,1995-07-18,m,sarah.fenton1948@example.com,(0161) 496 7682,G1 5JG,9995392593,E15,2023-03-14,Deferred
AN0001949,ruth,fenton,1996-05-27,F,ruth.fenton1949@example.com,+44 7700 900510,sw1a  2jf,9990402566,E15,2021-07-22,Active
AN0001950,sarah,whitfield,1992-07-28,F,sarah.whitfield1950@example.com,+44 7700 900251,L11JB,9997971760,E07,2017-02-11,Withdrawn
AN0001951,james,haddad,2002-09-12,f,james.haddad1951@example.com,+44 7700 900837,BS1 1FE,9991767622,E03,2024-12-07,Deferred
AN0001952,priya,chen,2000-11-08,M,priya.chen1952@example.com,(0161) 496 7492,B15 2GF,9994725602,E05,2024-04-11,Active
AN0001953,erin,wright,1989-09-21,M,erin.wright1953@example.com,+44 7700 900121,cf10  2gg,9992613408,E12,2017-10-07,Active
AN0001954,yusuf,chen,1989-09-03,f,yusuf.chen1954@example.com,+44 7700 900545,CF106FA,9994353284,E09,2017-09-25,Active
AN0001955,sofia,novak,1992-05-16,M,sofia.novak1955@example.com,+44 7700 900631,SW1A 6JE,9993678864,E05,2016-02-19,Active
AN0001956,hannah,iqbal,1993-05-10,F,hannah.iqbal1956@example.com,+44 7700 900551,SW1A 6GJ,9992950862,E12,2017-06-30,Deferred
AN0001957,isla,byrne,1995-12-14,f,isla.byrne1957@example.com,07700900425,ne1  7dh,9996006255,E11,2017-06-02,Active
AN0001958,liam,patel,1997-05-14,F,liam.patel1958@example.com,+44 7700 900699,B158FG,9992734450,E14,2024-12-22,Withdrawn
AN0001959,grace,patel,1991-07-17,M,grace.patel1959@example.com,+44 7700 900375,cf102hf,9991526536,E13,2020-09-29,Deferred
AN0001960,wei,abara,2000-12-14,m,wei.abara1960@example.com,07700900622,M1 1BF,9991297197,E04,2023-07-28,Active
AN0001961,fatima,grant,2001-11-06,M,fatima.grant1961@example.com,(0161) 496 7583,ne1  2je,9990805881,E14,2024-08-11,Active
AN0001962,sofia,thompson,2000-09-28,M,sofia.thompson1962@example.com,+44 7700 900959,sw1a6ab,9990563586,E09,2019-01-01,Deferred
AN0001963,noah,nwosu,1996-02-06,m,noah.nwosu1963@example.com,+44 7700 900524,BS1 5HA,9991246762,E04,2017-03-08,Active
AN0001964,wei,murray,1994-03-21,M,wei.murray1964@example.com,+44 7700 900262,SW1A 8FF,9995912600,E13,2023-09-08,Active
AN0001965,fatima,byrne,2001-07-11,F,fatima.byrne1965@example.com,+44 7700 900803,g1  8bh,9997813049,E11,2024-02-13,Deferred
AN0001966,isla,ali,1994-01-31,f,isla.ali1966@example.com,07700900507,EH16AH,9999532233,E14,2021-08-15,Active
AN0001967,george,lawson,1997-06-27,F,george.lawson1967@example.com,+44 7700 900290,CF10 2EG,9995745860,E08,2024-02-27,Suspended
AN0001968,ruth,cohen,1999-11-09,M,ruth.cohen1968@example.com,+44 7700 900137,ne14gf,9994278851,E08,2021-08-26,Suspended
AN0001969,james,haddad,1998-05-10,f,james.haddad1969@example.com,07700900282,g1  7dj,9992236833,E16,2022-11-11,Deferred
AN0001970,meera,cohen,1996-06-05,M,meera.cohen1970@example.com,07700900721,G16JA,9992801778,E16,2018-08-02,Withdrawn
AN0001971,nadia,chen,1999-10-31,M,nadia.chen1971@example.com,+44 7700 900495,BS1 5FJ,9995341433,E16,2022-04-29,Active
AN0001972,amara,ali,1995-02-05,f,amara.ali1972@example.com,(0161) 496 7995,l11hh,9994772015,E16,2024-04-02,Withdrawn
AN0001973,isla,okafor,2000-06-25,F,isla.okafor1973@example.com,+44 7700 900579,ne13ha,9993342254,E07,2022-03-08,Suspended
AN0001974,grace,chen,1995-05-03,F,grace.chen1974@example.com,(0161) 496 9069,L18DJ,9998852110,E05,2017-07-02,Suspended
AN0001975,nadia,sharma,2004-02-02,m,nadia.sharma1975@example.com,07700900696,CF10 9JF,9990475989,E02,2018-07-19,Active
AN0001976,oliver,bianchi,2002-10-18,M,oliver.bianchi1976@example.com,07700900281,ne16ed,9990254613,E09,2021-04-28,Withdrawn
AN0001977,hassan,mackenzie,1991-01-04,F,hassan.mackenzie1977@example.com,07700900912,m19he,9991395946,E06,2020-08-12,Deferred
AN0001978,ruth,byrne,1987-07-10,f,,07700900277,b156ab,9997377966,E13,2017-04-15,Active
AN0001979,ethan,reid,1997-04-02,F,ethan.reid1979@example.com,+44 7700 900676,bs18jb,9998220084,E08,2024-10-07,Active
AN0001980,sarah,khan,1998-03-03,F,sarah.khan1980@example.com,07700900710,SW1A 7DG,9997595149,E15,2018-11-12,Suspended
AN0001981,oliver,thompson,1994-02-02,m,oliver.thompson1981@example.com,+44 7700 900371,g1  9jd,9992749660,E11,2023-02-03,Withdrawn
AN0001982,grace,mackenzie,2000-09-27,F,grace.mackenzie1982@example.com,+44 7700 900227,BS18DG,9993433535,E09,2021-10-15,Active
AN0001983,leila,grant,1997-12-10,F,leila.grant1983@example.com,+44 7700 900839,LS1 7GJ,9993104973,E16,2023-08-16,Active
AN0001984,meera,reid,2002-02-09,m,meera.reid1984@example.com,(0161) 496 7765,M1 1JF,9996697479,E13,2021-05-09,Deferred
AN0001985,oliver,thompson,2004-01-09,M,oliver.thompson1985@example.com,+44 7700 900533,ne1  4ae,9993695254,E06,2024-06-01,Suspended
AN0001986,omar,khan,1994-12-26,F,omar.khan1986@example.com,07700900585,NE12AJ,9993947644,E09,2020-04-04,Withdrawn
AN0001987,amara,novak,2000-11-22,m,amara.novak1987@example.com,07700900786,B15 2HD,9999095194,E06,2020-03-31,Active
AN0001988,tom,okafor,1988-02-27,M,tom.okafor1988@example.com,+44 7700 900828,M1 1GB,9990787042,E08,2016-09-09,Active
AN0001989,omar,kaur,1998-06-05,M,omar.kaur1989@example.com,07700900473,ls1  8dg,9995548992,E15,2020-01-30,Active
AN0001990,amara,murray,1995-01-26,m,amara.murray1990@example.com,+44 7700 900820,NE13JA,9992933135,E13,2022-08-04,Active
AN0001991,meera,doyle,1994-12-03,M,,+44 7700 900544,NE1 9FB,9997129180,E04,2018-12-08,Active
AN0001992,liam,khan,1999-01-21,M,liam.khan1992@example.com,+44 7700 900782,G1 6DD,9995528584,E12,2022-08-15,Withdrawn
AN0001993,yusuf,lawson,1999-11-28,m,yusuf.lawson1993@example.com,07700900660,ls1  4eg,9998789710,E11,2020-11-25,Withdrawn
AN0001994,zainab,fenton,1994-02-26,F,zainab.fenton1994@example.com,+44 7700 900260,CF109FJ,9994550721,E02,2022-09-17,Active
AN0001995,kai,thompson,1999-02-13,M,kai.thompson1995@example.com,(0161) 496 8867,g17fg,9995810581,E14,2022-03-05,Active
AN0001996,sofia,lawson,1996-08-15,f,sofia.lawson1996@example.com,07700900923,EH1 5JH,9993646539,E02,2023-03-13,Active
AN0001997,hannah,grant,1998-03-05,F,hannah.grant1997@example.com,(0161) 496 4254,l1  3dh,9992819154,E14,2020-12-18,Active
AN0001998,meera,mackenzie,1991-08-20,M,meera.mackenzie1998@example.com,+44 7700 900420,sw1a6db,9990504725,E09,2018-04-26,Active
AN0001999,yusuf,reid,1995-08-12,m,yusuf.reid1999@example.com,07700900376,G1 8JE,9996609855,E08,2023-03-12,Suspended
AN0002000,oliver,bianchi,1994-01-12,F,oliver.bianchi2000@example.com,+44 7700 900309,BS1 8GJ,9998955718,E02,2019-05-05,Active
AN0002001,george,adeyemi,1995-05-12,M,george.adeyemi2001@example.com,(0161) 496 4983,bs1  6dg,9992123842,Z99,2024-11-20,Active
AN0002002,callum,lawson,1989-09-19,f,callum.lawson2002@example.com,+44 7700 900604,bs19ed,9999000592,E14,2016-10-24,Active
AN0002003,zainab,khan,1991-12-19,F,,+44 7700 900473,EH1 1GB,9994424629,E12,2017-04-09,Active
AN0002004,tom,bello,1997-07-24,F,tom.bello2004@example.com,+44 7700 900307,G1 4GJ,9999809626,E03,2018-08-17,Withdrawn
AN0002005,grace,robertson,1989-05-01,f,grace.robertson2005@example.com,07700900433,l1  9dj,9997630971,E01,2016-01-01,Active
AN0002006,yusuf,haddad,1996-04-17,F,yusuf.haddad2006@example.com,07700900610,ne16ga,9990445079,E13,2020-04-25,Suspended
AN0002007,amara,bello,1995-02-28,M,amara.bello2007@example.com,+44 7700 900552,BS1 4DD,9992782544,E10,2024-03-06,Active
AN0002008,daniel,bello,1991-04-27,f,daniel.bello2008@example.com,+44 7700 900223,M1 8JG,9998724589,E16,2019-05-31,Withdrawn
AN0002009,leila,sharma,1992-12-27,F,leila.sharma2009@example.com,+44 7700 900437,g1  4ag,9996597261,E07,2021-09-03,Deferred
AN0002010,priya,bianchi,1992-01-26,F,priya.bianchi2010@example.com,+44 7700 900294,SW1A7HJ,9993870277,E06,2021-01-31,Active
AN0002011,hassan,lawson,2002-02-05,f,hassan.lawson2011@example.com,(0161) 496 3795,EH1 2EJ,9993063908,E11,2022-03-30,Suspended
AN0002012,priya,haddad,1999-08-01,M,priya.haddad2012@example.com,(0161) 496 7964,NE1 2HJ,9998665604,E10,2022-04-09,Active
AN0002013,zainab,reid,1992-06-10,F,zainab.reid2013@example.com,07700900852,g1  5ba,9997725042,E15,2019-12-04,Active
AN0002014,ruth,doyle,1995-04-12,m,ruth.doyle2014@example.com,+44 7700 900653,G16JD,9997845722,E15,2025-01-02,Suspended
AN0002015,wei,mackenzie,1998-11-21,M,wei.mackenzie2015@example.com,+44 7700 900908,L1 5EB,9990816115,E06,2017-04-12,Withdrawn
AN0002016,noah,robertson,2001-08-01,F,noah.robertson2016@example.com,+44 7700 900382,L1 6AA,9994584081,E13,2020-11-23,Active
AN0002017,james,robertson,1995-05-13,f,james.robertson2017@example.com,+44 7700 900908,eh14gh,9998036380,E07,2022-05-26,Active
AN0002018,meera,chen,1995-05-09,F,meera.chen2018@example.com,07700900861,M18AE,9991424490,E09,2017-11-05,Active
AN0002019,leila,bello,1998-05-11,F,leila.bello2019@example.com,+44 7700 900705,NE1 1FH,9992514094,E10,2016-05-24,Active
AN0002020,priya,osman,1995-11-20,m,priya.osman2020@example.com,+44 7700 900944,SW1A 9BH,9998813034,E05,2022-07-01,Active
AN0002021,leila,nwosu,2002-08-30,M,leila.nwosu2021@example.com,+44 7700 900358,g1  5hh,9995731258,E02,2022-02-28,Active
AN0002022,wei,grant,1992-10-29,F,wei.grant2022@example.com,+44 7700 900888,LS16JF,9995080982,E01,2020-07-06,Active
AN0002023,erin,ali,2002-03-14,f,erin.ali2023@example.com,07700900196,CF10 1FD,9991447164,E06,2023-04-24,Active
AN0002024,george,bianchi,1993-12-06,F,george.bianchi2024@example.com,+44 7700 900453,ne13hf,9995419130,E01,2017-03-05,Suspended
AN0002025,george,bello,1996-02-02,M,george.bello2025@example.com,+44 7700 900293,ne1  4je,9995242761,E14,2021-09-03,Withdrawn
AN0002026,isla,novak,2004-02-26,f,isla.novak2026@example.com,+44 7700 900881,eh11dh,9993534250,E11,2023-07-31,Active
AN0002027,liam,rossi,1997-08-15,M,liam.rossi2027@example.com,(0161) 496 4404,NE1 5BG,9990954259,E13,2018-03-19,Deferred
AN0002028,daniel,okafor,1995-05-19,M,daniel.okafor2028@example.com,07700900380,NE1 3AJ,9991263349,E15,2020-02-15,Withdrawn
AN0002029,leila,bello,1992-08-24,m,leila.bello2029@example.com,07700900354,ls1  7jd,9993262773,E09,2018-05-17,Active
AN0002030,nadia,lawson,1999-03-12,M,nadia.lawson2030@example.com,07700900964,eh17jj,9999294499,E07,2022-11-21,Deferred
AN0002031,tom,haddad,1997-10-20,M,tom.haddad2031@example.com,(0161) 496 7607,CF10 9FA,9995366789,E07,2021-06-25,Deferred
AN0002032,priya,whitfield,1992-09-08,m,priya.whitfield2032@example.com,(0161) 496 8924,L1 1GE,9993883336,E08,2016-11-05,Withdrawn
AN0002033,idris,novak,2004-06-16,M,idris.novak2033@example.com,+44 7700 900512,eh1  9ad,9998895316,E08,2024-03-01,Active
AN0002034,chloe,lawson,2001-09-18,F,chloe.lawson2034@example.com,07700900196,G18EF,9995910667,E14,2023-06-29,Suspended
AN0002035,yusuf,nwosu,1989-02-16,f,yusuf.nwosu2035@example.com,+44 7700 900506,SW1A 3HD,9994789228,E06,2018-08-23,Active
AN0002036,yusuf,lawson,1992-08-28,M,yusuf.lawson2036@example.com,+44 7700 900525,LS1 2AF,9995799707,E10,2020-10-11,Active
AN0002037,priya,osman,1997-05-18,M,priya.osman2037@example.com,(0161) 496 7924,ne1  7hg,9998368162,E03,2022-11-10,Active
AN0002038,priya,grant,1993-04-10,m,priya.grant2038@example.com,07700900564,M15EA,9990920052,E10,2018-07-14,Active
AN0002039,idris,sharma,2003-03-04,F,idris.sharma2039@example.com,+44 7700 900625,G1 8DB,9997381521,E13,2021-05-29,Suspended
AN0002040,amara,chen,1997-03-20,F,amara.chen2040@example.com,+44 7700 900214,eh14fj,9995431882,E10,2022-06-12,Deferred
AN0002041,zainab,bello,1993-04-04,m,zainab.bello2041@example.com,+44 7700 900933,bs1  3fh,9996983757,E11,2019-01-03,Withdrawn
AN0002042,noah,okafor,1995-05-24,M,noah.okafor2042@example.com,07700900469,SW1A1JJ,9999903177,E13,2019-02-21,Active
AN0002043,idris,ali,2000-11-25,M,idris.ali2043@example.com,+44 7700 900314,B15 2GH,9996019330,E06,2024-08-03,Active
AN0002044,yusuf,reid,2000-08-22,f,yusuf.reid2044@example.com,+44 7700 900680,B15 2HF,9996633160,E08,2020-11-15,Active
AN0002045,erin,rossi,1996-08-13,M,erin.rossi2045@example.com,+44 7700 900187,l1  2fg,9994051997,E11,2017-10-01,Active
AN0002046,grace,lawson,2005-12-18,F,grace.lawson2046@example.com,+44 7700 900551,B156DH,9995951762,E02,2023-12-17,Active
AN0002047,george,thompson,1990-09-01,m,george.thompson2047@example.com,07700900925,NE1 7JB,9996560244,E03,2018-09-09,Active
AN0002048,erin,grant,1995-07-20,M,erin.grant2048@example.com,07700900693,SW1A 6JB,9993227994,E12,2020-12-08,Withdrawn
AN0002049,amara,robertson,1993-08-23,F,amara.robertson2049@example.com,(0161) 496 9562,bs1  9bh,9998317150,E08,2017-05-14,Active
AN0002050,george,nwosu,2001-12-17,m,george.nwosu2050@example.com,+44 7700 900925,NE15GF,9997313712,E12,2024-02-10,Deferred
AN0002051,liam,osman,1987-06-14,F,liam.osman2051@example.com,07700900417,g11gj,9990340110,E12,2016-01-03,Active
AN0002052,oliver,okafor,2001-01-22,M,oliver.okafor2052@example.com,+44 7700 900788,LS1 8EE,9998172039,E06,2020-05-03,Active
AN0002053,zainab,doyle,1998-09-23,m,zainab.doyle2053@example.com,+44 7700 900165,g15dh,9997824113,E09,2020-09-24,Deferred
AN0002054,tom,adeyemi,1995-04-29,F,tom.adeyemi2054@example.com,(0161) 496 2142,M15JG,9992306424,E16,2024-07-19,Deferred
AN0002055,nadia,reid,1999-03-09,M,nadia.reid2055@example.com,+44 7700 900926,bs16bg,9993466522,E16,2021-09-24,Deferred
AN0002056,isla,haddad,1995-08-20,m,isla.haddad2056@example.com,+44 7700 900543,EH1 6AH,9995411377,E08,2018-11-19,Active
AN0002057,noah,haddad,2003-03-13,M,noah.haddad2057@example.com,(0161) 496 9901,bs1  1jh,9995760185,E02,2024-04-30,Active
AN0002058,sarah,murray,2000-03-06,F,sarah.murray2058@example.com,+44 7700 900957,l14ef,9995973693,E12,2023-07-22,Active
AN0002059,leila,haddad,1998-06-05,f,leila.haddad2059@example.com,(0161) 496 2253,L1 6AF,9998596890,E01,2021-08-18,Active
AN0002060,omar,bello,1999-03-29,M,,+44 7700 900906,G1 1GJ,9992818476,E13,2020-01-08,Active
AN0002061,ethan,sharma,1999-03-21,F,ethan.sharma2061@example.com,+44 7700 900750,m1  2gf,9996278905,E15,2020-06-12,Active
AN0002062,liam,bianchi,1997-03-22,f,liam.bianchi2062@example.com,(0161) 496 6443,BS13DD,9991256776,E13,2017-05-17,Active
AN0002063,hannah,murray,2002-03-25,F,hannah.murray2063@example.com,(0161) 496 8027,m17dj,9994134272,E12,2023-12-11,Active
AN0002064,tom,cohen,1997-12-25,F,tom.cohen2064@example.com,(0161) 496 3947,m15da,9992079371,E04,2023-04-18,Active
AN0002065,noah,wright,2001-09-18,m,noah.wright2065@example.com,+44 7700 900980,g1  3ge,9990955875,E12,2021-02-08,Suspended
AN0002066,callum,mackenzie,2002-11-09,M,callum.mackenzie2066@example.com,+44 7700 900456,L13EB,9991292136,E06,2023-07-13,Active
AN0002067,leila,lawson,2003-10-25,M,leila.lawson2067@example.com,+44 7700 900130,L1 6EG,9990246947,E05,2023-02-20,Withdrawn
AN0002068,amara,whitfield,1988-05-28,m,amara.whitfield2068@example.com,+44 7700 900274,SW1A 9JE,9995709430,E08,2017-07-25,Active
AN0002069,james,wright,1993-05-11,M,,+44 7700 900273,m1  4bh,9998226082,E14,2019-12-17,Suspended
AN0002070,oliver,byrne,2000-11-11,M,oliver.byrne2070@example.com,(0161) 496 9903,EH15EA,9994738119,E02,2020-03-05,Deferred
AN0002071,oliver,sharma,2000-09-25,f,oliver.sharma2071@example.com,+44 7700 900413,G1 6FA,9995882345,E08,2023-07-12,Withdrawn
AN0002072,chloe,wright,1987-07-19,M,chloe.wright2072@example.com,07700900863,B15 9GA,9992847794,E03,2016-04-22,Active
AN0002073,omar,iqbal,1993-05-17,F,omar.iqbal2073@example.com,+44 7700 900401,m16ee,9997066677,E15,2018-06-16,Withdrawn
AN0002074,tom,bianchi,1999-06-26,m,tom.bianchi2074@example.com,07700900813,m12gg,9990937311,E07,2018-08-12,Active
AN0002075,fatima,patel,1994-06-08,F,fatima.patel2075@example.com,+44 7700 900320,L1 4AH,9998920043,E11,2021-07-11,Activ
AN0002076,priya,patel,1998-01-28,M,priya.patel2076@example.com,(0161) 496 8352,EH1 3FH,9997325508,E09,2017-08-12,Active
AN0002077,hassan,novak,2004-05-02,m,hassan.novak2077@example.com,+44 7700 900551,bs1  2da,9992095784,E14,2022-10-17,Deferred
AN0002078,daniel,murray,2000-11-13,M,daniel.murray2078@example.com,07700900871,CF109FF,9995781743,E05,2023-11-14,Active
AN0002079,daniel,adeyemi,1988-02-18,M,daniel.adeyemi2079@example.com,(0161) 496 7060,G1 7JF,9992016752,E02,2016-08-15,Active
AN0002080,liam,ali,1990-10-17,f,liam.ali2080@example.com,(0161) 496 6719,NE1 1HJ,9991446540,E04,2018-11-20,Active
AN0002081,james,sharma,2001-04-10,F,james.sharma2081@example.com,07700900360,g1  5jh,9995604892,E13,2019-04-18,Deferred
AN0002082,callum,haddad,1993-11-25,F,callum.haddad2082@example.com,+44 7700 900297,ne11jg,9991812164,E11,2017-07-05,Active
AN0002083,priya,rossi,2004-01-24,f,priya.rossi2083@example.com,07700900415,B15 2GA,9997763106,E02,2023-07-27,Deferred
AN0002084,ruth,ali,1989-09-27,F,ruth.ali2084@example.com,+44 7700 900266,G1 5HB,9994446967,E05,2017-05-13,Active
AN0002085,george,novak,1999-09-16,M,george.novak2085@example.com,+44 7700 900891,m12ej,9994479296,E01,2019-06-16,Withdrawn
AN0002086,hassan,byrne,2001-08-22,f,hassan.byrne2086@example.com,+44 7700 900105,BS15HG,9994887807,E12,2024-01-18,Deferred
AN0002087,meera,robertson,1994-10-26,F,meera.robertson2087@example.com,(0161) 496 8700,B15 8AG,9992519185,E01,2023-06-21,Active
AN0002088,wei,abara,1994-06-05,F,wei.abara2088@example.com,+44 7700 900926,l17hh,9999191932,E11,2022-01-13,Active
AN0002089,hannah,adeyemi,1993-08-14,m,hannah.adeyemi2089@example.com,+44 7700 900545,bs1  8ag,9997591054,E09,2017-05-31,Withdrawn
AN0002090,idris,lawson,1996-08-30,F,idris.lawson2090@example.com,+44 7700 900410,EH18JJ,9991405771,E15,2024-03-24,Active
AN0002091,omar,okafor,2004-04-28,F,omar.okafor2091@example.com,(0161) 496 5195,BS1 5AG,9995256371,E04,2023-10-26,Active
AN0002092,zainab,cohen,2000-07-25,f,zainab.cohen2092@example.com,(0161) 496 7717,B15 4GF,9990509530,E14,2024-03-19,Withdrawn
AN0002093,amara,patel,1999-01-23,M,amara.patel2093@example.com,+44 7700 900685,g1  9ja,9998942667,E14,2024-03-24,Active
AN0002094,kai,haddad,1996-10-25,M,kai.haddad2094@example.com,07700900545,EH15DF,9995007967,E08,2022-11-04,Active
AN0002095,fatima,patel,1995-11-02,f,fatima.patel2095@example.com,+44 7700 900602,M1 7FB,9996369501,E12,2021-07-23,Deferred
AN0002096,daniel,bello,1994-12-08,M,daniel.bello2096@example.com,+44 7700 900175,G1 7JA,9998230705,E14,2017-12-21,Suspended
AN0002097,tom,whitfield,1995-01-17,M,tom.whitfield2097@example.com,+44 7700 900889,l1  5ed,9996924947,E08,2024-06-16,Suspended
AN0002098,liam,murray,1991-06-18,f,liam.murray2098@example.com,(0161) 496 2930,M13FH,9998791464,E11,2020-04-02,Suspended
AN0002099,sarah,byrne,2003-04-20,M,sarah.byrne2099@example.com,(0161) 496 1975,g17hh,9994239430,E07,2023-04-30,Withdrawn
AN0002100,zainab,lawson,1994-03-13,M,zainab.lawson2100@example.com,07700900407,CF10 4JJ,9998503027,E01,2023-07-31,Active
AN0002101,leila,fenton,1991-02-05,m,leila.fenton2101@example.com,(0161) 496 7570,ls1  6ag,9992679921,Z99,2099-03-06,Deferred
AN0002102,leila,bianchi,1997-07-22,F,leila.bianchi2102@example.com,+44 7700 900671,L18EF,9991286721,E12,2023-11-19,Active
AN0002103,meera,fenton,1997-12-08,M,meera.fenton2103@example.com,+44 7700 900553,CF10 3HH,9994157310,E15,2022-01-14,Active
AN0002104,isla,okafor,2003-02-06,f,isla.okafor2104@example.com,(0161) 496 2131,LS1 5EE,9992657812,E05,2018-12-16,Suspended
AN0002105,fatima,fenton,1996-12-24,M,fatima.fenton2105@example.com,07700900478,b15  2ba,9995845679,E02,2020-01-04,Active
AN0002106,meera,sharma,2005-09-15,F,meera.sharma2106@example.com,+44 7700 900295,M18GH,9997302176,E07,2023-10-15,Active
AN0002107,fatima,doyle,1997-08-19,m,fatima.doyle2107@example.com,(0161) 496 1093,M1 5DH,9998922402,E14,2022-09-05,Active
AN0002108,tom,wright,1996-11-28,F,tom.wright2108@example.com,(0161) 496 1868,LS1 6BF,9998047110,E14,2020-04-10,Deferred
AN0002109,isla,cohen,1997-02-27,M,isla.cohen2109@example.com,(0161) 496 2843,bs1  6ha,9992769343,E12,2016-08-03,Active
AN0002110,nadia,sharma,1996-12-23,f,nadia.sharma2110@example.com,+44 7700 900424,L16AF,9994640690,E04,2019-09-02,Withdrawn
AN0002111,chloe,thompson,1995-01-30,F,chloe.thompson2111@example.com,(0161) 496 2734,NE1 3JJ,9991488162,E15,2024-10-01,Active
AN0002112,liam,osman,1993-02-24,F,liam.osman2112@example.com,(0161) 496 1688,ne13hj,9996504441,E16,2021-08-06,Active
AN0002113,omar,chen,2000-10-22,f,omar.chen2113@example.com,+44 7700 900744,sw1a  9ag,9991513787,E09,2022-12-31,Deferred
AN0002114,nadia,wright,1991-03-22,M,nadia.wright2114@example.com,+44 7700 900360,M17BF,9990068143,E02,2018-10-29,Active
AN0002115,hassan,patel,1989-06-06,F,hassan.patel2115@example.com,+44 7700 900854,M1 1GF,9997150074,E09,2017-09-23,Active
AN0002116,ruth,doyle,1997-12-26,m,ruth.doyle2116@example.com,+44 7700 900559,L1 9FD,9996770664,E12,2021-02-15,Active
AN0002117,grace,khan,1997-01-08,M,grace.khan2117@example.com,+44 7700 900984,m1  5ea,9999215270,E03,2017-10-14,Withdrawn
AN0002118,grace,patel,2000-09-25,F,grace.patel2118@example.com,(0161) 496 8599,eh11bd,9990599440,E01,2021-12-30,Withdrawn
AN0002119,hassan,khan,1995-12-16,m,hassan.khan2119@example.com,+44 7700 900892,LS1 6HD,9993610887,E15,2021-12-24,Active
AN0002120,meera,doyle,2005-04-17,F,,(0161) 496 3759,SW1A 7EJ,9995595915,E06,2023-05-19,Active
AN0002121,oliver,lawson,2000-08-24,F,oliver.lawson2121@example.com,+44 7700 900686,cf10  6he,9990253684,E12,2020-03-31,Active
AN0002122,idris,sharma,2002-09-13,f,idris.sharma2122@example.com,(0161) 496 6891,sw1a9ah,9990978735,E12,2022-12-09,Active
AN0002123,noah,lawson,2000-02-27,M,noah.lawson2123@example.com,07700900547,CF10 6FF,9993930040,E09,2019-03-23,Active
AN0002124,ruth,fenton,1990-12-12,M,ruth.fenton2124@example.com,07700900723,L1 1HF,9994790587,E02,2019-07-06,Active
AN0002125,meera,okafor,1991-09-10,m,meera.okafor2125@example.com,+44 7700 900566,cf10  5gb,9990050198,E06,2017-06-02,Active
AN0002126,isla,patel,1991-08-28,M,isla.patel2126@example.com,07700900284,L15AH,9995532050,E13,2018-05-09,Suspended
AN0002127,liam,cohen,2001-12-29,M,liam.cohen2127@example.com,+44 7700 900358,L1 2BJ,9997505131,E08,2020-02-23,Suspended
AN0002128,liam,wright,1993-02-27,f,liam.wright2128@example.com,+44 7700 900122,SW1A 8FA,9995156997,E07,2016-04-10,Active
AN0002129,meera,haddad,1996-08-30,F,meera.haddad2129@example.com,07700900697,eh1  8ej,9993092525,E07,2023-11-07,Suspended
AN0002130,callum,sharma,1995-11-08,F,callum.sharma2130@example.com,(0161) 496 8191,M13FB,9993949124,E06,2020-02-12,Suspended
AN0002131,hassan,ali,1996-01-11,f,hassan.ali2131@example.com,(0161) 496 8056,eh14hg,9993145947,E11,2020-10-28,Active
AN0002132,zainab,sharma,1997-08-27,F,zainab.sharma2132@example.com,(0161) 496 5809,cf104bj,9999763308,E13,2024-06-15,Active
AN0002133,george,chen,1997-01-21,M,george.chen2133@example.com,+44 7700 900683,cf10  1dg,9992704004,E05,2018-05-10,Active
AN0002134,kai,robertson,1994-05-26,f,kai.robertson2134@example.com,+44 7700 900611,LS17AD,9997896637,E09,2020-10-22,Suspended
AN0002135,zainab,whitfield,1999-09-18,M,zainab.whitfield2135@example.com,(0161) 496 9615,LS1 4EA,9990199825,E05,2021-06-11,Active
AN0002136,priya,kaur,1998-03-20,M,priya.kaur2136@example.com,07700900505,LS1 2AH,9996782816,E09,2023-09-16,Suspended
AN0002137,james,okafor,1995-07-20,m,james.okafor2137@example.com,(0161) 496 3615,l1  1fd,9992419970,E01,2020-03-29,Active
AN0002138,sarah,sharma,2003-07-09,M,sarah.sharma2138@example.com,+44 7700 900842,SW1A9GF,9998789044,E02,2022-04-02,Active
AN0002139,nadia,lawson,2001-03-08,F,nadia.lawson2139@example.com,(0161) 496 8501,LS1 7AD,9991806660,E05,2024-12-04,Active
AN0002140,kai,kaur,1995-02-22,f,kai.kaur2140@example.com,+44 7700 900124,NE1 8AE,9992537124,E09,2022-10-17,Withdrawn
AN0002141,james,mackenzie,1993-06-19,F,james.mackenzie2141@example.com,07700900751,m14je,9994217569,E13,2016-11-24,Active
AN0002142,grace,bello,1989-10-02,M,,+44 7700 900213,L19DJ,9990597669,E13,2019-02-02,Active
AN0002143,hannah,okafor,1994-07-28,f,hannah.okafor2143@example.com,+44 7700 900113,M1 6JJ,9996219976,E06,2020-12-09,Deferred
AN0002144,daniel,kaur,1993-12-08,F,daniel.kaur2144@example.com,+44 7700 900442,NE1 7HJ,9992990724,E13,2017-05-27,Withdrawn
AN0002145,meera,bello,2000-06-12,M,meera.bello2145@example.com,+44 7700 900892,eh1  2ed,9993868833,E02,2019-01-16,Suspended
AN0002146,idris,whitfield,1993-04-19,f,idris.whitfield2146@example.com,+44 7700 900466,EH17HD,9996103560,E11,2022-01-06,Active
AN0002147,noah,rossi,1990-02-28,M,noah.rossi2147@example.com,+44 7700 900181,EH1 3HD,9995060019,E13,2016-07-31,Deferred
AN0002148,nadia,abara,1995-03-01,F,nadia.abara2148@example.com,+44 7700 900719,SW1A 2AA,9996659542,E06,2019-03-14,Active
AN0002149,priya,sharma,1991-05-14,f,priya.sharma2149@example.com,(0161) 496 3134,l1  5da,9995225891,E01,2017-01-28,Withdrawn
AN0002150,priya,patel,2003-06-21,M,priya.patel2150@example.com,+44 7700 900506,g17ba,9991340254,E15,2024-09-04,Active
AN0002151,george,nwosu,1992-01-30,F,george.nwosu2151@example.com,+44 7700 900952,BS1 5HG,9996505340,E12,2017-08-27,Active
AN0002152,liam,byrne,2002-05-27,f,liam.byrne2152@example.com,07700900998,G1 4JG,9994155288,E03,2020-08-11,Deferred
AN0002153,priya,fenton,1992-09-27,M,priya.fenton2153@example.com,+44 7700 900774,b153jj,9994433296,E05,2017-02-09,Active
AN0002154,ethan,haddad,1992-03-20,M,ethan.haddad2154@example.com,+44 7700 900977,l18df,9996497283,E07,2021-08-05,Withdrawn
AN0002155,sarah,osman,2006-05-09,f,sarah.osman2155@example.com,07700900911,M1 1AJ,9994298291,E02,2024-11-30,Active
AN0002156,noah,adeyemi,1998-04-21,M,noah.adeyemi2156@example.com,+44 7700 900618,G1 8AD,9999105572,E16,2017-06-21,Active
AN0002157,fatima,adeyemi,2000-02-04,F,fatima.adeyemi2157@example.com,(0161) 496 3414,b15  5ef,9997080637,E16,2023-08-11,Withdrawn
AN0002158,hassan,cohen,1994-06-14,m,hassan.cohen2158@example.com,+44 7700 900560,ne15ga,9991126422,E08,2022-11-04,Withdrawn
AN0002159,daniel,adeyemi,1993-03-08,M,daniel.adeyemi2159@example.com,07700900750,L1 1JA,9990709505,E10,2018-12-11,Active
AN0002160,leila,whitfield,1992-07-11,M,leila.whitfield2160@example.com,(0161) 496 4312,LS1 7GJ,9997980476,E15,2018-01-29,Active
AN0002161,oliver,bello,1996-02-14,f,oliver.bello2161@example.com,+44 7700 900767,b15  7eh,9991845445,E08,2021-10-19,Deferred
AN0002162,ethan,reid,1994-04-13,M,ethan.reid2162@example.com,07700900509,LS11BH,9995159953,E03,2020-01-24,Active
AN0002163,oliver,abara,1998-04-22,M,oliver.abara2163@example.com,+44 7700 900439,B15 4EB,9997931343,E12,2024-12-24,Active
AN0002164,erin,byrne,1998-10-17,f,erin.byrne2164@example.com,+44 7700 900745,SW1A 3BA,9990278644,E11,2022-11-29,Deferred
AN0002165,priya,bianchi,1992-11-25,M,priya.bianchi2165@example.com,(0161) 496 4724,ne1  1he,9990537690,E07,2016-01-21,Active
AN0002166,noah,osman,2002-12-25,F,noah.osman2166@example.com,07700900912,CF103DH,9999753116,E11,2023-09-01,Active
AN0002167,chloe,fenton,1991-08-23,m,chloe.fenton2167@example.com,(0161) 496 1430,l16je,9994449419,E10,2018-04-25,Withdrawn
AN0002168,daniel,novak,1993-12-03,M,daniel.novak2168@example.com,07700900785,B15 9FA,9992771577,E02,2022-06-11,Withdrawn
AN0002169,ethan,cohen,1987-06-16,M,ethan.cohen2169@example.com,+44 7700 900212,ne13gb,9991031863,E01,2016-01-23,Active
AN0002170,meera,iqbal,2003-02-13,f,meera.iqbal2170@example.com,(0161) 496 7115,CF107BH,9997601505,E04,2022-06-29,Active
AN0002171,james,bianchi,1998-08-30,F,james.bianchi2171@example.com,07700900450,L1 7FJ,9997741056,E14,2016-11-28,Active
AN0002172,grace,okafor,1995-09-10,M,grace.okafor2172@example.com,+44 7700 900726,EH1 7DB,9997061659,E02,2024-11-19,Deferred
AN0002173,fatima,doyle,2006-06-04,m,fatima.doyle2173@example.com,07700900994,eh13aj,9991629300,E10,2024-11-11,Active
AN0002174,yusuf,sharma,2002-04-24,F,yusuf.sharma2174@example.com,+44 7700 900506,BS11EH,9997059042,E08,2021-05-15,Active
AN0002175,leila,doyle,1993-10-18,F,leila.doyle2175@example.com,07700900790,B15 2FH,9999960871,E04,2022-06-09,Suspended
AN0002176,hannah,byrne,1996-12-18,m,hannah.byrne2176@example.com,+44 7700 900785,L1 9FJ,9999888240,E07,2017-09-01,Active
AN0002177,grace,robertson,1992-06-04,F,grace.robertson2177@example.com,(0161) 496 8323,eh1  9de,9990971544,E12,2021-12-15,Deferred
AN0002178,hassan,iqbal,1996-12-01,M,hassan.iqbal2178@example.com,+44 7700 900978,LS12BG,9998246490,E08,2016-03-06,Withdrawn
AN0002179,oliver,byrne,1997-08-24,f,oliver.byrne2179@example.com,07700900271,b152gh,9997813197,E16,2020-09-16,Active
AN0002180,ethan,khan,1983-08-24,F,ethan.khan2180@example.com,(0161) 496 1383,SW1A 5JA,9994494058,E16,2016-11-01,Active
AN0002181,grace,bianchi,1991-02-27,M,grace.bianchi2181@example.com,+44 7700 900678,m12dh,9998900980,E09,2018-07-01,Withdrawn
AN0002182,noah,haddad,2002-06-18,f,noah.haddad2182@example.com,(0161) 496 8027,CF107BB,9997294203,E09,2021-11-10,Deferred
AN0002183,priya,rossi,1992-08-15,F,priya.rossi2183@example.com,07700900386,sw1a5jj,9999572405,E15,2016-05-02,Active
AN0002184,tom,byrne,2000-05-19,F,tom.byrne2184@example.com,+44 7700 900455,bs19hd,9994947648,E08,2020-02-06,Suspended
AN0002185,hassan,doyle,1993-08-08,m,hassan.doyle2185@example.com,(0161) 496 2233,bs1  1ba,9996334929,E13,2019-11-19,Active
AN0002186,ruth,bianchi,2002-07-29,F,ruth.bianchi2186@example.com,07700900970,ls17de,9995543443,E03,2021-04-23,Active
AN0002187,ethan,kaur,1996-11-21,F,ethan.kaur2187@example.com,07700900447,l17fb,9995139855,E11,2016-01-18,Deferred
AN0002188,amara,lawson,1992-10-20,m,amara.lawson2188@example.com,07700900320,BS1 8EB,9992523247,E02,2018-04-18,Active
AN0002189,sarah,khan,1990-10-27,F,sarah.khan2189@example.com,07700900542,g1  7da,9995580489,E03,2018-04-17,Suspended
AN0002190,priya,patel,1997-05-28,F,priya.patel2190@example.com,+44 7700 900852,G19JD,9997062582,E01,2023-08-12,Withdrawn
AN0002191,callum,okafor,2003-05-14,f,callum.okafor2191@example.com,07700900946,LS1 7DE,9991675019,E16,2021-11-14,Active
AN0002192,yusuf,chen,1998-02-10,M,yusuf.chen2192@example.com,(0161) 496 2563,eh18jg,9998863716,E02,2023-02-17,Active
AN0002193,james,wright,1986-11-25,M,james.wright2193@example.com,07700900652,bs19bd,9993965758,E07,2016-05-07,Deferred
AN0002194,idris,bianchi,1997-12-21,f,idris.bianchi2194@example.com,+44 7700 900741,G17DD,9998346444,E13,2020-05-12,Suspended
AN0002195,sarah,whitfield,2003-03-10,M,sarah.whitfield2195@example.com,07700900485,SW1A 7EF,9990683824,E13,2021-10-21,Active
AN0002196,wei,osman,1992-04-11,M,wei.osman2196@example.com,+44 7700 900289,l19gj,9995695626,E06,2021-10-15,Withdrawn
AN0002197,leila,osman,1992-11-23,m,leila.osman2197@example.com,+44 7700 900426,ls19ah,9998110718,E05,2020-04-19,Suspended
AN0002198,kai,whitfield,1999-11-15,M,kai.whitfield2198@example.com,07700900523,NE11GF,9994372130,E03,2023-11-23,Active
AN0002199,meera,abara,1998-11-25,M,meera.abara2199@example.com,07700900174,BS1 2AF,9997568427,E08,2020-09-02,Suspended
AN0002200,sofia,bianchi,1996-08-22,f,sofia.bianchi2200@example.com,+44 7700 900270,BS1 2EB,9996597466,E14,2016-05-14,Active
AN0002201,wei,novak,1999-03-17,M,wei.novak2201@example.com,+44 7700 900216,l11fd,9992758880,Z99,2018-05-20,Deferred
AN0002202,sofia,cohen,2002-10-30,F,sofia.cohen2202@example.com,+44 7700 900977,EH12HG,9997261895,E08,2022-11-07,Active
AN0002203,fatima,thompson,1998-05-23,f,fatima.thompson2203@example.com,07700900959,LS1 6BE,9992238011,E07,2016-06-23,Withdrawn
AN0002204,priya,nwosu,1988-07-26,M,priya.nwosu2204@example.com,(0161) 496 6107,sw1a2fh,9991360778,E13,2016-05-02,Active
AN0002205,priya,kaur,2001-11-01,M,priya.kaur2205@example.com,07700900685,ne11he,9995333503,E08,2024-05-01,Active
AN0002206,nadia,chen,2000-08-11,f,nadia.chen2206@example.com,(0161) 496 5458,CF102JE,9995151332,E13,2019-08-26,Active
AN0002207,oliver,whitfield,1989-06-04,F,oliver.whitfield2207@example.com,(0161) 496 8827,EH1 2EG,9996653390,E15,2016-08-13,Active
AN0002208,fatima,novak,1998-02-21,F,fatima.novak2208@example.com,+44 7700 900719,M1 6AA,9998416264,E12,2021-10-20,Active
AN0002209,liam,murray,1994-10-07,m,liam.murray2209@example.com,07700900374,cf10  6aa,9994558463,E05,2019-06-24,Withdrawn
AN0002210,priya,thompson,2002-08-12,M,priya.thompson2210@example.com,+44 7700 900102,m17gb,9998906091,E08,2021-08-18,Deferred
AN0002211,chloe,iqbal,1990-11-24,M,chloe.iqbal2211@example.com,(0161) 496 3646,CF10 8JG,9994616226,E05,2016-05-12,Active
AN0002212,zainab,haddad,1992-04-08,f,zainab.haddad2212@example.com,07700900268,SW1A 3AF,9998710367,E06,2022-01-12,Active
AN0002213,meera,robertson,2002-04-28,F,meera.robertson2213@example.com,+44 7700 900246,l1  2jf,9991459553,E14,2024-06-07,Suspended
AN0002214,priya,chen,1996-01-13,F,priya.chen2214@example.com,07700900458,EH18EG,9994272942,E07,2023-01-16,Active
AN0002215,priya,fenton,2004-01-23,m,priya.fenton2215@example.com,+44 7700 900158,ne12fh,9997023609,E01,2022-11-04,Active
AN0002216,meera,sharma,2000-10-16,M,meera.sharma2216@example.com,+44 7700 900273,G1 6EB,9991762280,E14,2024-10-17,Suspended
AN0002217,isla,reid,1991-04-10,F,isla.reid2217@example.com,07700900198,cf10  4ja,9997393392,E10,2016-10-10,Suspended
AN0002218,james,bianchi,1998-05-07,f,james.bianchi2218@example.com,07700900462,cf102da,9996464679,E10,2024-07-23,Active
AN0002219,sofia,doyle,1995-10-07,F,sofia.doyle2219@example.com,(0161) 496 5284,G1 1BF,9999992579,E14,2019-12-27,Suspended
AN0002220,ethan,haddad,1999-02-25,F,ethan.haddad2220@example.com,07700900883,M1 5ED,9995203286,E09,2017-05-05,Active
AN0002221,sofia,bianchi,1989-08-24,m,sofia.bianchi2221@example.com,07700900290,ne1  4ag,9996730832,E15,2017-05-15,Active
AN0002222,james,thompson,1999-08-15,F,,07700900706,LS12BA,9997197097,E11,2024-04-09,Active
AN0002223,kai,bianchi,1996-01-23,M,kai.bianchi2223@example.com,(0161) 496 2906,EH1 4JH,9998431557,E09,2019-06-09,Active
AN0002224,grace,cohen,1997-07-05,f,grace.cohen2224@example.com,+44 7700 900518,B15 3JE,9994370391,E16,2022-09-21,Suspended
AN0002225,daniel,haddad,1997-05-29,F,daniel.haddad2225@example.com,+44 7700 900339,eh1  4aj,9998160510,E08,2020-07-18,Active
AN0002226,amara,novak,1998-09-07,F,amara.novak2226@example.com,07700900552,EH14JE,9991318437,E05,2019-01-02,Active
AN0002227,zainab,abara,1998-05-28,f,zainab.abara2227@example.com,07700900246,cf102bb,9994762079,E07,2023-07-23,Active
AN0002228,sofia,patel,2003-05-27,F,sofia.patel2228@example.com,+44 7700 900944,G1 6HF,9993116882,E06,2024-11-14,Suspended
AN0002229,callum,robertson,1993-08-01,M,,07700900762,ne1  5ee,9994857819,E10,2018-08-05,Active
AN0002230,james,wright,2003-07-30,m,james.wright2230@example.com,07700900735,SW1A3FF,9992882611,E01,2021-12-08,Active
AN0002231,ruth,robertson,1989-10-03,M,ruth.robertson2231@example.com,07700900544,b152fe,9998137225,E07,2016-05-19,Suspended
AN0002232,isla,cohen,1987-10-09,M,isla.cohen2232@example.com,07700900757,ne14fb,9996476499,E03,2016-01-28,Withdrawn
AN0002233,tom,rossi,1998-12-24,m,tom.rossi2233@example.com,+44 7700 900339,l1  3dj,9998181550,E07,2023-09-29,Withdrawn
AN0002234,zainab,murray,1995-04-26,M,zainab.murray2234@example.com,(0161) 496 2447,B157JB,9993384178,E01,2021-08-25,Active
AN0002235,wei,wright,1999-07-10,F,wei.wright2235@example.com,+44 7700 900807,EH1 9BA,9998128838,E01,2021-07-12,Suspended
AN0002236,grace,kaur,1998-04-11,m,,(0161) 496 1948,ne13dj,9993953695,E13,2022-01-21,Active
AN0002237,priya,grant,1989-06-22,F,priya.grant2237@example.com,+44 7700 900795,m1  6hd,9990678014,E04,2017-11-16,Active
AN0002238,priya,byrne,1990-01-06,M,priya.byrne2238@example.com,07700900100,EH15JB,9994874853,E10,2019-02-08,Active
AN0002239,hannah,grant,1993-05-06,f,hannah.grant2239@example.com,07700900591,B15 3JJ,9990639515,E02,2022-02-08,Active
AN0002240,nadia,iqbal,1999-04-09,M,,07700900707,NE1 5EH,9993375616,E04,2024-08-30,Active
AN0002241,daniel,patel,1995-05-27,F,daniel.patel2241@example.com,07700900804,bs1  5ge,9998837448,E03,2021-01-29,Active
AN0002242,priya,mackenzie,1995-02-07,f,priya.mackenzie2242@example.com,+44 7700 900459,CF108AD,9998816106,E02,2017-06-18,Active
AN0002243,tom,bianchi,1990-06-03,M,tom.bianchi2243@example.com,+44 7700 900911,NE1 1FE,9991269800,E10,2017-10-24,Active
AN0002244,yusuf,thompson,1989-08-10,M,yusuf.thompson2244@example.com,07700900707,l11je,9993132942,E15,2016-03-03,Active
AN0002245,idris,iqbal,2000-05-09,f,idris.iqbal2245@example.com,(0161) 496 2080,cf10  6jg,9997486323,E16,2022-08-05,Active
AN0002246,leila,khan,2005-12-29,F,leila.khan2246@example.com,+44 7700 900445,G18EF,9999600662,E08,2024-06-17,Active
AN0002247,leila,cohen,1998-07-26,F,leila.cohen2247@example.com,+44 7700 900923,LS1 5FG,9997918142,E07,2018-03-04,Active
AN0002248,yusuf,bello,1997-06-08,f,yusuf.bello2248@example.com,(0161) 496 6930,EH1 7AH,9994260537,E02,2021-01-23,Deferred
AN0002249,hannah,kaur,1991-11-20,F,hannah.kaur2249@example.com,+44 7700 900151,ne1  2jg,9990414033,E09,2019-06-24,Active
AN0002250,ethan,grant,1995-10-14,M,ethan.grant2250@example.com,(0161) 496 7395,M14JA,9992930942,E05,2018-12-01,Active
AN0002251,leila,nwosu,1995-07-31,f,leila.nwosu2251@example.com,+44 7700 900550,BS1 1AJ,9996687236,E15,2016-12-13,Active
AN0002252,nadia,iqbal,1994-09-30,F,nadia.iqbal2252@example.com,07700900762,G1 2AF,9996777677,E11,2021-01-03,Deferred
AN0002253,omar,chen,2003-09-14,F,omar.chen2253@example.com,+44 7700 900579,m1  7jg,9997912098,E05,2024-01-26,Active
AN0002254,leila,okafor,1991-06-16,f,leila.okafor2254@example.com,+44 7700 900854,NE13HJ,9994136674,E04,2017-10-30,Deferred
AN0002255,hannah,wright,1995-03-31,M,hannah.wright2255@example.com,07700900590,NE1 7EB,9994183591,E15,2022-10-11,Withdrawn
AN0002256,grace,sharma,2001-04-22,F,grace.sharma2256@example.com,+44 7700 900290,L1 1JD,9991095470,E03,2023-09-14,Suspended
AN0002257,george,lawson,1991-03-09,m,george.lawson2257@example.com,(0161) 496 5025,bs12fh,9993782807,E02,2016-08-12,Active
AN0002258,ethan,bello,1993-09-09,M,ethan.bello2258@example.com,07700900762,G19JJ,9999392563,E01,2022-10-31,Deferred
AN0002259,ruth,bianchi,1990-11-18,M,ruth.bianchi2259@example.com,+44 7700 900590,L1 2HD,9997861639,E02,2019-06-01,Deferred
AN0002260,tom,fenton,2002-08-30,m,tom.fenton2260@example.com,(0161) 496 3333,CF10 3FH,9999466540,E12,2021-12-27,Active
AN0002261,chloe,cohen,1994-02-13,F,chloe.cohen2261@example.com,(0161) 496 5070,eh1  6fb,9997620801,E16,2018-07-10,Withdrawn
AN0002262,yusuf,wright,2001-07-24,M,,07700900124,BS13AG,9996504565,E09,2022-11-27,Suspended
AN0002263,grace,sharma,1997-03-16,m,grace.sharma2263@example.com,+44 7700 900904,G1 3FA,9991575847,E13,2016-06-06,Active
AN0002264,ethan,haddad,1988-10-25,F,ethan.haddad2264@example.com,+44 7700 900845,BS1 4EE,9995694204,E16,2017-01-16,Suspended
AN0002265,george,fenton,1994-01-21,F,george.fenton2265@example.com,+44 7700 900989,ls1  6ah,9990318417,E12,2019-08-05,Active
AN0002266,noah,haddad,1999-11-06,f,noah.haddad2266@example.com,07700900538,g16fh,9992038462,E01,2020-02-18,Withdrawn
AN0002267,nadia,adeyemi,1991-05-04,M,nadia.adeyemi2267@example.com,(0161) 496 9405,bs13bf,9998138477,E06,2019-05-24,Deferred
AN0002268,fatima,khan,2002-07-12,F,,07700900733,M1 9GA,9998240557,E04,2024-07-29,Active
AN0002269,liam,chen,1992-08-25,f,liam.chen2269@example.com,+44 7700 900739,g1  8ej,9993031585,E04,2016-08-31,Active
AN0002270,fatima,bianchi,2000-04-25,M,fatima.bianchi2270@example.com,07700900804,G15AA,9993900346,E07,2022-09-06,Active
AN0002271,erin,robertson,1999-02-21,F,erin.robertson2271@example.com,07700900476,g17df,9993939943,E07,2017-08-05,Active
AN0002272,hassan,novak,2000-03-11,f,hassan.novak2272@example.com,07700900660,l19da,9999572839,E01,2019-12-09,Suspended
AN0002273,james,novak,1990-01-10,F,james.novak2273@example.com,(0161) 496 9562,eh17aj,9995625679,E14,2016-10-18,Active
AN0002274,oliver,thompson,1993-04-19,F,oliver.thompson2274@example.com,+44 7700 900562,G11AD,9990743908,E10,2021-12-28,Deferred
AN0002275,kai,rossi,1993-02-20,m,kai.rossi2275@example.com,07700900142,LS1 5FF,9997319710,E14,2018-10-26,Active
AN0002276,amara,sharma,2002-12-12,F,amara.sharma2276@example.com,(0161) 496 2179,CF10 5DH,9996664716,E14,2024-06-28,Active
AN0002277,zainab,nwosu,1997-05-23,F,zainab.nwosu2277@example.com,+44 7700 900817,sw1a  9eb,9993001619,E02,2020-12-19,Active
AN0002278,daniel,nwosu,2004-04-21,f,daniel.nwosu2278@example.com,+44 7700 900926,CF107FE,9998604281,E02,2022-05-18,Active
AN0002279,meera,chen,1997-12-21,F,meera.chen2279@example.com,(0161) 496 5130,EH1 8BA,9996067378,E01,2018-05-19,Suspended
AN0002280,liam,adeyemi,1991-03-22,M,liam.adeyemi2280@example.com,+44 7700 900264,bs11fj,9998011701,E11,2017-05-15,Deferred
AN0002281,george,grant,1994-07-27,f,george.grant2281@example.com,07700900479,l1  6ja,9993675946,E12,2023-02-25,Suspended
AN0002282,hannah,okafor,1994-09-27,M,hannah.okafor2282@example.com,07700900594,NE15HG,9990804532,E07,2022-07-16,Active
AN0002283,james,adeyemi,1996-08-19,M,james.adeyemi2283@example.com,07700900969,SW1A 1AD,9997554752,E07,2022-11-11,Deferred
AN0002284,idris,mackenzie,1995-10-02,f,idris.mackenzie2284@example.com,+44 7700 900242,G1 2BJ,9992303581,E03,2024-11-09,Active
AN0002285,idris,nwosu,1999-01-07,M,idris.nwosu2285@example.com,07700900154,eh1  9ah,9991125809,E05,2020-05-09,Active
AN0002286,priya,robertson,1990-12-09,F,priya.robertson2286@example.com,+44 7700 900202,LS18BH,9990981760,E09,2019-07-28,Active
AN0002287,wei,byrne,1999-03-03,f,,+44 7700 900769,L1 2BA,9990686866,E04,2019-09-29,Active
AN0002288,sarah,mackenzie,1999-10-28,F,sarah.mackenzie2288@example.com,+44 7700 900682,G1 4JF,9995257769,E12,2021-04-20,Withdrawn
AN0002289,idris,bianchi,1989-09-10,F,idris.bianchi2289@example.com,+44 7700 900741,cf10  1ed,9993701408,E11,2018-06-24,Withdrawn
AN0002290,leila,grant,1996-11-01,f,leila.grant2290@example.com,07700900886,M17ED,9994772597,E09,2024-12-04,Active
AN0002291,zainab,kaur,1995-09-27,M,zainab.kaur2291@example.com,+44 7700 900896,NE1 5BH,9999062881,E16,2023-03-16,Active
AN0002292,callum,sharma,2002-05-25,M,callum.sharma2292@example.com,+44 7700 900185,NE1 4FE,9999363563,E15,2023-06-03,Withdrawn
AN0002293,oliver,bello,2001-09-01,f,oliver.bello2293@example.com,+44 7700 900818,eh1  2hj,999DDA4305,E09,2023-01-20,Active
AN0002294,isla,chen,1994-06-30,M,isla.chen2294@example.com,+44 7700 900341,eh19ja,9992951621,E15,2022-10-04,Suspended
AN0002295,zainab,adeyemi,2001-05-20,M,zainab.adeyemi2295@example.com,+44 7700 900310,B15 2DG,9992876638,E04,2021-11-25,Active
AN0002296,idris,thompson,1997-08-24,f,idris.thompson2296@example.com,(0161) 496 8661,CF10 6DD,9999685161,E03,2022-12-26,Active
AN0002297,zainab,byrne,2001-11-02,F,zainab.byrne2297@example.com,07700900247,ne15gf,9990500576,E04,2021-03-04,Withdrawn
AN0002298,ruth,wright,1990-12-03,F,ruth.wright2298@example.com,+44 7700 900570,NE15BE,9993127604,E12,2016-06-27,Suspended
AN0002299,tom,iqbal,2000-01-22,m,tom.iqbal2299@example.com,07700900994,LS1 5GD,9998816033,E11,2022-10-20,Deferred
AN0002300,isla,thompson,1996-12-25,F,isla.thompson2300@example.com,+44 7700 900926,EH1 2BB,9991473912,E03,2021-06-18,Deferred
AN0002301,idris,cohen,1999-06-13,M,idris.cohen2301@example.com,07700900237,l1  8bd,9997156854,Z99,2021-10-30,Deferred
AN0002302,hannah,osman,1988-06-18,f,hannah.osman2302@example.com,+44 7700 900683,EH11AE,9998922909,E10,2017-01-28,Active
AN0002303,grace,bello,2000-02-15,F,grace.bello2303@example.com,+44 7700 900811,BS1 4JH,9998023866,E06,2024-07-25,Active
AN0002304,nadia,sharma,1990-02-25,F,nadia.sharma2304@example.com,07700900126,m19aa,9990053782,E13,2016-02-24,Suspended
AN0002305,yusuf,wright,1999-01-17,m,yusuf.wright2305@example.com,+44 7700 900873,b15  1jb,9998169224,E07,2024-04-03,Deferred
AN0002306,callum,kaur,2000-03-30,F,callum.kaur2306@example.com,+44 7700 900456,M19AJ,9992729295,E05,2020-05-22,Deferred
AN0002307,leila,rossi,1999-02-17,M,leila.rossi2307@example.com,+44 7700 900271,cf104jf,9995910926,E02,2020-08-01,Active
AN0002308,zainab,abara,1995-05-30,f,zainab.abara2308@example.com,(0161) 496 3433,ne14fh,9998916194,E14,2021-11-18,Active
AN0002309,kai,rossi,1998-03-13,M,kai.rossi2309@example.com,07700900253,bs17bf,9999094163,E01,2021-06-22,Suspended
AN0002310,noah,novak,1989-09-19,M,noah.novak2310@example.com,+44 7700 900899,NE12FG,9998118913,E12,2017-10-04,Withdrawn
AN0002311,ethan,adeyemi,2004-02-24,f,ethan.adeyemi2311@example.com,+44 7700 900363,SW1A 1DH,9998658071,E03,2019-10-13,Active
AN0002312,sofia,kaur,2004-12-07,F,,(0161) 496 2316,BS1 8FE,9995752921,E06,2023-06-04,Active
AN0002313,yusuf,kaur,1994-09-17,F,yusuf.kaur2313@example.com,+44 7700 900714,sw1a1bg,9998123623,E04,2020-09-23,Activ
AN0002314,isla,bello,1994-11-09,f,isla.bello2314@example.com,07700900104,LS16BA,9997244605,E11,2099-08-06,Deferred
AN0002315,ruth,patel,1995-01-20,F,ruth.patel2315@example.com,+44 7700 900569,CF10 4AE,9992890916,E15,2017-10-14,Active
AN0002316,fatima,adeyemi,1997-10-09,M,fatima.adeyemi2316@example.com,07700900939,EH1 3AD,9993368288,E12,2023-03-10,Active
AN0002317,oliver,iqbal,2000-09-08,m,oliver.iqbal2317@example.com,+44 7700 900523,ne1  6hg,9996648788,E03,2024-02-28,Withdrawn
AN0002318,isla,abara,1996-07-30,M,isla.abara2318@example.com,+44 7700 900155,LS16GF,9994533479,E11,2021-09-20,Active
AN0002319,noah,kaur,1999-04-25,F,noah.kaur2319@example.com,+44 7700 900937,M1 5GA,9996337065,E06,2021-09-14,Withdrawn
AN0002320,yusuf,byrne,2002-04-27,m,yusuf.byrne2320@example.com,+44 7700 900760,L1 6GG,9992298138,E02,2021-11-10,Withdrawn
AN0002321,isla,byrne,1994-04-13,F,isla.byrne2321@example.com,07700900182,ne1  1bh,9997436040,E14,2022-11-28,Deferred
AN0002322,grace,chen,2001-07-26,M,grace.chen2322@example.com,07700900687,EH18FE,9994768891,E07,2020-12-01,Withdrawn
AN0002323,liam,robertson,1993-12-23,f,liam.robertson2323@example.com,(0161) 496 7276,EH1 6AF,9999652174,E15,2023-02-01,Withdrawn
AN0002324,yusuf,cohen,1990-02-05,M,yusuf.cohen2324@example.com,(0161) 496 1325,G1 6JF,9998459584,E01,2018-03-04,Active
AN0002325,zainab,osman,1988-10-31,F,zainab.osman2325@example.com,07700900332,sw1a  8ej,9991835946,E08,2017-01-20,Active
AN0002326,chloe,khan,1995-02-17,m,chloe.khan2326@example.com,+44 7700 900930,G19AD,9995711621,E01,2018-12-07,Active
AN0002327,daniel,thompson,2002-08-15,F,daniel.thompson2327@example.com,+44 7700 900607,SW1A 3EB,9990281068,E14,2024-10-13,Deferred
AN0002328,callum,ali,1997-01-18,M,callum.ali2328@example.com,+44 7700 900525,SW1A 3HE,9995641623,E12,2019-04-30,Active
AN0002329,daniel,chen,1993-12-13,f,daniel.chen2329@example.com,07700900844,b15  6bj,9993685046,E05,2017-01-22,Suspended
AN0002330,amara,robertson,1988-05-24,M,amara.robertson2330@example.com,+44 7700 900770,L13DF,9995530619,E08,2016-07-29,Active
AN0002331,james,adeyemi,1991-05-17,M,james.adeyemi2331@example.com,+44 7700 900965,LS1 4FA,9990568332,E06,2020-02-06,Active
AN0002332,callum,ali,1997-12-11,m,callum.ali2332@example.com,07700900257,NE1 5EJ,9996980057,E11,2021-09-16,Active
AN0002333,hannah,abara,1992-04-13,F,hannah.abara2333@example.com,07700900852,ls1  7ha,9994044753,E14,2018-04-09,Active
AN0002334,idris,cohen,1992-08-10,F,idris.cohen2334@example.com,+44 7700 900430,NE11HG,9996972232,E03,2016-03-04,Active
AN0002335,priya,adeyemi,2000-08-13,f,priya.adeyemi2335@example.com,+44 7700 900165,BS1 2AH,9997136357,E16,2018-09-10,Deferred
AN0002336,yusuf,mackenzie,2004-01-01,M,yusuf.mackenzie2336@example.com,07700900211,LS1 3ED,9991402454,E05,2024-01-22,Active
AN0002337,george,khan,2002-06-10,F,george.khan2337@example.com,+44 7700 900252,b15  3aa,9993278920,E03,2022-09-01,Active
AN0002338,daniel,sharma,1995-07-08,m,daniel.sharma2338@example.com,07700900338,G14DG,9991762949,E04,2023-03-09,Active
AN0002339,idris,robertson,2000-06-17,F,idris.robertson2339@example.com,+44 7700 900471,B15 7BF,9993070904,E10,2019-03-16,Active
AN0002340,callum,sharma,1992-03-12,M,callum.sharma2340@example.com,07700900442,CF10 8DH,9993629243,E06,2017-06-11,Deferred
AN0002341,ruth,grant,1999-05-09,m,ruth.grant2341@example.com,07700900298,ne1  3bf,9999222285,E02,2021-02-06,Active
AN0002342,tom,wright,1999-06-07,M,tom.wright2342@example.com,+44 7700 900128,cf103ja,9994014412,E03,2019-08-25,Active
AN0002343,kai,nwosu,1990-11-17,F,kai.nwosu2343@example.com,(0161) 496 7354,L1 1EE,9995046296,E07,2018-01-29,Active
AN0002344,george,thompson,1998-06-26,m,george.thompson2344@example.com,+44 7700 900634,l19gb,9999053092,E04,2019-12-14,Active
AN0002345,zainab,osman,2001-03-04,M,zainab.osman2345@example.com,+44 7700 900588,ls1  4de,9996948463,E01,2019-11-16,Active
AN0002346,omar,kaur,2001-03-23,M,omar.kaur2346@example.com,+44 7700 900355,G17GA,9996922707,E03,2024-06-12,Active
AN0002347,leila,novak,1991-10-14,m,leila.novak2347@example.com,07700900863,SW1A 6GH,9994126679,E09,2020-02-20,Withdrawn
AN0002348,idris,kaur,2000-05-01,F,idris.kaur2348@example.com,07700900409,L1 1EE,9994245325,E14,2022-05-22,Active
AN0002349,george,abara,1994-11-06,M,george.abara2349@example.com,(0161) 496 2100,eh14fa,9993715247,E07,2024-02-23,Deferred
AN0002350,priya,bello,1993-03-02,m,,07700900130,bs16eb,9992252642,E01,2016-09-23,Active
AN0002351,sofia,grant,1992-02-03,F,sofia.grant2351@example.com,+44 7700 900267,NE1 7EA,9990124485,E14,2016-09-09,Active
AN0002352,grace,kaur,1999-03-14,M,grace.kaur2352@example.com,07700900593,EH1 1AF,9991007237,E16,2019-05-02,Withdrawn
AN0002353,kai,osman,1999-07-21,m,kai.osman2353@example.com,+44 7700 900524,eh1  1fb,9990704317,E14,2017-12-09,Deferred
AN0002354,zainab,fenton,1994-12-29,F,zainab.fenton2354@example.com,07700900625,L19GA,9990675147,E08,2016-02-08,Active
AN0002355,zainab,reid,1993-04-03,M,zainab.reid2355@example.com,07700900223,EH1 3JJ,9992153865,E08,2016-10-21,Active
AN0002356,sarah,thompson,1987-04-19,m,sarah.thompson2356@example.com,(0161) 496 8714,m15eg,9994106163,E06,2016-11-20,Active
AN0002357,ruth,abara,2001-02-28,F,ruth.abara2357@example.com,+44 7700 900969,sw1a  8ej,9992207256,E15,2021-08-05,Suspended
AN0002358,daniel,doyle,1994-11-23,F,,(0161) 496 9991,ne17ah,9992533609,E08,2024-02-15,Withdrawn
AN0002359,kai,reid,1992-09-28,m,kai.reid2359@example.com,07700900953,BS1 2FA,9999981291,E01,2022-07-13,Withdrawn
AN0002360,idris,osman,1989-04-12,F,idris.osman2360@example.com,(0161) 496 6011,M1 6FD,9994345028,E10,2017-07-09,Active
AN0002361,noah,nwosu,1999-08-22,F,noah.nwosu2361@example.com,07700900974,cf10  7fb,9990512922,E01,2021-05-16,Active
AN0002362,tom,okafor,1999-07-30,f,tom.okafor2362@example.com,+44 7700 900629,B157JJ,9990893519,E02,2024-04-02,Active
AN0002363,zainab,grant,2002-05-25,M,zainab.grant2363@example.com,07700900910,cf107bh,9990172951,E08,2022-06-18,Withdrawn
AN0002364,callum,kaur,2001-09-21,F,callum.kaur2364@example.com,(0161) 496 7934,M1 2AF,9993909270,E10,2020-07-01,Active
AN0002365,chloe,haddad,1989-08-30,m,chloe.haddad2365@example.com,(0161) 496 4387,b15  6ah,9996760553,E14,2016-03-25,Suspended
AN0002366,noah,sharma,2001-09-29,M,noah.sharma2366@example.com,+44 7700 900740,bs13ga,9999805566,E05,2019-10-23,Active
AN0002367,hassan,osman,2002-04-26,M,hassan.osman2367@example.com,+44 7700 900527,M1 7AG,999CFA9071,E10,2024-05-25,Active
AN0002368,chloe,kaur,2002-03-28,m,,+44 7700 900634,EH1 1ED,9991774912,E08,2021-08-29,Deferred
AN0002369,nadia,grant,1996-09-18,M,nadia.grant2369@example.com,+44 7700 900945,l1  6eb,9997522958,E15,2019-09-25,Withdrawn
AN0002370,hannah,rossi,2002-02-23,M,hannah.rossi2370@example.com,+44 7700 900607,EH19HJ,9996753514,E06,2020-05-31,Active
AN0002371,leila,murray,1999-04-08,m,leila.murray2371@example.com,+44 7700 900630,M1 3AJ,9991032088,E13,2021-07-15,Deferred
AN0002372,george,reid,1993-02-01,M,george.reid2372@example.com,07700900455,L1 9GB,9996190765,E04,2017-01-31,Active
AN0002373,erin,bello,1994-03-28,F,erin.bello2373@example.com,07700900823,cf10  2hd,9992772611,E14,2016-07-15,Active
AN0002374,chloe,kaur,2006-08-26,f,chloe.kaur2374@example.com,+44 7700 900969,LS19FH,9995921898,E06,2024-11-16,Active
AN0002375,erin,adeyemi,1995-09-20,M,erin.adeyemi2375@example.com,07700900560,EH1 6EB,9992384875,E09,2023-01-03,Active
AN0002376,isla,adeyemi,1989-03-19,F,isla.adeyemi2376@example.com,(0161) 496 7188,SW1A 1GJ,9997947630,E08,2018-07-05,Suspended
AN0002377,noah,adeyemi,1988-03-25,m,noah.adeyemi2377@example.com,+44 7700 900392,bs1  3jg,9993461512,E03,2018-01-06,Active
AN0002378,meera,robertson,2005-07-10,F,meera.robertson2378@example.com,+44 7700 900120,CF107GJ,9992425652,E13,2024-03-30,Deferred
AN0002379,sofia,doyle,1997-08-26,F,sofia.doyle2379@example.com,07700900741,G1 1EH,9993466905,E08,2019-09-12,Active
AN0002380,grace,wright,2002-03-16,f,grace.wright2380@example.com,07700900330,LS1 9EB,9993070793,E08,2020-05-21,Suspended
AN0002381,idris,mackenzie,1997-03-25,F,idris.mackenzie2381@example.com,(0161) 496 2240,g1  1ee,9994512986,E13,2023-11-29,Suspended
AN0002382,zainab,adeyemi,2004-09-30,M,zainab.adeyemi2382@example.com,+44 7700 900608,ne19bf,9994250744,E02,2024-06-13,Suspended
AN0002383,priya,doyle,1990-10-05,m,priya.doyle2383@example.com,07700900921,SW1A 8HJ,9995500531,E06,2018-03-30,Active
AN0002384,ruth,sharma,2001-10-11,F,ruth.sharma2384@example.com,+44 7700 900498,M1 5DF,9991516328,E06,2023-04-25,Active
AN0002385,ruth,byrne,2000-06-28,M,ruth.byrne2385@example.com,(0161) 496 5332,b15  7fg,9998275776,E07,2023-03-11,Active
AN0002386,liam,adeyemi,2002-04-14,f,liam.adeyemi2386@example.com,07700900884,M17FA,9990092567,E07,2020-05-20,Deferred
AN0002387,kai,bello,1999-03-07,F,,07700900740,NE1 8JJ,9994023470,E08,2023-05-05,Active
AN0002388,sarah,lawson,1992-10-19,M,sarah.lawson2388@example.com,07700900644,LS1 7GH,9992936754,E10,2018-03-02,Active
AN0002389,zainab,bianchi,1995-06-23,m,zainab.bianchi2389@example.com,+44 7700 900412,bs1  9ej,9995536420,E03,2018-10-28,Withdrawn
AN0002390,yusuf,osman,1993-11-27,F,yusuf.osman2390@example.com,+44 7700 900366,l17ge,9992704381,E06,2018-12-09,Withdrawn
AN0002391,yusuf,abara,1996-10-01,F,yusuf.abara2391@example.com,07700900630,B15 5FE,9994424025,E04,2021-10-28,Deferred
AN0002392,isla,murray,1994-01-14,f,isla.murray2392@example.com,07700900742,BS1 9AJ,9994272470,E01,2020-10-03,Active
AN0002393,zainab,grant,1996-11-28,F,zainab.grant2393@example.com,07700900649,m1  6hb,9996217361,E12,2022-03-02,Deferred
AN0002394,fatima,khan,1992-03-28,M,fatima.khan2394@example.com,+44 7700 900120,B152BH,9991624694,E09,2021-11-30,Active
AN0002395,amara,reid,2004-07-25,m,amara.reid2395@example.com,+44 7700 900575,BS1 3DF,9998670713,E10,2024-04-04,Deferred
AN0002396,liam,kaur,1992-03-20,F,liam.kaur2396@example.com,+44 7700 900244,G1 8GD,9995298007,E07,2019-01-01,Active
AN0002397,fatima,bianchi,1999-08-12,F,fatima.bianchi2397@example.com,+44 7700 900392,l1  2bg,9998221811,E06,2020-12-13,Active
AN0002398,liam,fenton,2004-02-24,m,liam.fenton2398@example.com,+44 7700 900583,CF104BE,9996453839,E07,2022-10-08,Active
AN0002399,amara,iqbal,2001-04-24,F,amara.iqbal2399@example.com,+44 7700 900811,LS1 2AB,9994675915,E05,2019-08-13,Suspended
AN0002400,yusuf,osman,1998-11-29,M,yusuf.osman2400@example.com,+44 7700 900819,L1 1GH,9992583207,E16,2024-07-22,Active
AN0002401,daniel,mackenzie,1995-11-27,f,daniel.mackenzie2401@example.com,(0161) 496 9360,ne1  4hh,9994449818,Z99,2020-02-28,Withdrawn
AN0002402,kai,whitfield,2003-11-11,F,kai.whitfield2402@example.com,07700900678,LS11HA,9999429920,E16,2024-06-05,Active
AN0002403,george,grant,1997-06-24,M,george.grant2403@example.com,+44 7700 900779,L1 9DA,9993872113,E13,2018-12-11,Active
AN0002404,ethan,chen,1996-06-02,m,ethan.chen2404@example.com,07700900940,BS1 1BG,9995954761,E16,2024-02-10,Active
AN0002405,omar,kaur,1994-04-28,M,omar.kaur2405@example.com,+44 7700 900844,sw1a  1gf,9998013143,E07,2020-05-09,Active
AN0002406,james,reid,1994-08-29,M,james.reid2406@example.com,+44 7700 900853,M12GF,9999929176,E08,2020-01-05,Suspended
AN0002407,hannah,lawson,1994-12-02,m,hannah.lawson2407@example.com,+44 7700 900399,M1 8HG,9999205941,E07,2022-12-20,Deferred
AN0002408,james,lawson,2004-04-18,F,james.lawson2408@example.com,(0161) 496 1222,M1 2GE,9996096432,E05,2022-05-23,Active
AN0002409,noah,adeyemi,1997-07-16,M,,+44 7700 900970,bs1  7ab,9995305321,E11,2022-10-25,Active
AN0002410,kai,mackenzie,1996-11-04,m,kai.mackenzie2410@example.com,(0161) 496 5922,BS18AF,9998555167,E07,2023-08-05,Active
AN0002411,priya,doyle,1991-02-13,F,priya.doyle2411@example.com,+44 7700 900755,BS1 4GE,9990389160,E10,2019-09-25,Active
AN0002412,leila,okafor,1994-07-07,M,leila.okafor2412@example.com,+44 7700 900619,G1 9HA,9993942901,E15,2023-01-01,Deferred
AN0002413,daniel,bianchi,1998-05-24,f,daniel.bianchi2413@example.com,07700900304,bs1  9ae,9993773123,E15,2024-10-31,Active
AN0002414,hassan,kaur,2000-12-31,F,hassan.kaur2414@example.com,+44 7700 900163,L15JB,9994095145,E14,2023-09-18,Active
AN0002415,omar,byrne,2002-11-17,F,omar.byrne2415@example.com,+44 7700 900999,SW1A 1AF,9995412349,E08,2022-03-17,Active
AN0002416,leila,cohen,1994-05-30,m,leila.cohen2416@example.com,07700900494,LS1 6GH,9994129872,E15,2017-11-08,Active
AN0002417,grace,whitfield,2003-04-04,F,,+44 7700 900361,m1  8hb,9994832409,E10,2023-06-01,Withdrawn
AN0002418,kai,bianchi,1988-12-17,M,kai.bianchi2418@example.com,+44 7700 900497,CF105BA,9991233016,E09,2017-07-09,Active
AN0002419,daniel,iqbal,1998-05-19,m,daniel.iqbal2419@example.com,+44 7700 900661,B15 7FB,9994462288,E14,2023-01-06,Withdrawn
AN0002420,george,novak,1994-09-12,F,george.novak2420@example.com,(0161) 496 9395,BS1 1GG,9994281682,E02,2022-10-04,Active
AN0002421,daniel,grant,2001-05-29,M,daniel.grant2421@example.com,07700900602,ls1  8fb,9995915790,E16,2021-07-07,Active
AN0002422,daniel,byrne,1999-09-14,f,daniel.byrne2422@example.com,+44 7700 900534,EH14GD,9997328426,E04,2022-03-10,Deferred
AN0002423,kai,kaur,2002-09-24,M,kai.kaur2423@example.com,07700900123,LS1 2JD,9991342044,E06,2023-07-07,Deferred
AN0002424,ethan,bianchi,1996-02-10,F,ethan.bianchi2424@example.com,+44 7700 900880,CF10 3GE,9990241309,E14,2017-03-31,Active
AN0002425,tom,byrne,1994-10-01,f,tom.byrne2425@example.com,+44 7700 900388,b15  8ja,9995592274,E12,2019-02-27,Active
AN0002426,nadia,sharma,2001-07-12,F,nadia.sharma2426@example.com,+44 7700 900766,L19JD,9995076497,E10,2024-04-21,Active
AN0002427,ruth,grant,1999-09-03,M,ruth.grant2427@example.com,07700900618,SW1A 1JB,9999475051,E03,2023-12-04,Active
AN0002428,sarah,byrne,1992-08-13,f,sarah.byrne2428@example.com,+44 7700 900816,G1 4ED,9998143314,E09,2017-08-12,Active
AN0002429,callum,khan,1994-04-29,F,callum.khan2429@example.com,07700900998,cf10  8aj,9999895115,E08,2022-12-20,Active
AN0002430,sofia,lawson,2000-10-06,M,sofia.lawson2430@example.com,(0161) 496 9105,M16GH,9999371477,E12,2021-02-01,Active
AN0002431,ethan,novak,1992-08-17,m,ethan.novak2431@example.com,+44 7700 900938,L1 9FF,9990274894,E04,2016-04-04,Active
AN0002432,isla,reid,1993-04-27,F,,+44 7700 900153,EH1 5HJ,9998816181,E03,2018-08-04,Withdrawn
AN0002433,ruth,grant,2001-10-29,F,,+44 7700 900702,cf108fg,9997331885,E08,2023-03-25,Active
AN0002434,meera,cohen,1999-11-27,f,meera.cohen2434@example.com,+44 7700 900885,g16jj,9990790779,E15,2019-03-12,Deferred
AN0002435,noah,kaur,1996-11-26,M,noah.kaur2435@example.com,(0161) 496 2167,L1 4BF,9997259211,E03,2020-03-08,Suspended
AN0002436,callum,grant,2003-05-24,M,,+44 7700 900450,LS1 6BJ,9994243748,E13,2023-09-29,Suspended
AN0002437,idris,chen,1996-02-05,m,idris.chen2437@example.com,+44 7700 900103,cf10  5ha,9996520145,E01,2016-04-06,Active
AN0002438,grace,haddad,1999-06-17,M,,+44 7700 900156,bs14db,9995693208,E11,2021-01-22,Withdrawn
AN0002439,nadia,khan,2001-05-07,F,nadia.khan2439@example.com,(0161) 496 2859,g19ff,9992364947,E16,2019-11-23,Active
AN0002440,idris,sharma,1996-09-09,m,idris.sharma2440@example.com,07700900484,L1 7AF,9996232158,E08,2024-11-29,Withdrawn
AN0002441,daniel,thompson,1998-02-08,M,daniel.thompson2441@example.com,(0161) 496 7680,sw1a  6hg,9994342207,E12,2022-10-03,Deferred
AN0002442,erin,mackenzie,1999-05-19,F,erin.mackenzie2442@example.com,+44 7700 900269,ls19jf,9999589367,E12,2018-06-07,Active
AN0002443,sofia,khan,2002-05-09,f,sofia.khan2443@example.com,07700900807,L1 9JE,9998011132,E15,2020-06-16,Withdrawn
AN0002444,amara,novak,2002-03-25,M,amara.novak2444@example.com,+44 7700 900268,LS1 4JJ,9994480634,E03,2022-07-05,Active
AN0002445,sofia,novak,1998-01-29,F,sofia.novak2445@example.com,+44 7700 900385,m1  3hb,9993399701,E13,2022-11-01,Active
AN0002446,leila,robertson,1987-05-07,m,leila.robertson2446@example.com,+44 7700 900785,CF102AD,9996544192,E15,2016-11-13,Deferred
AN0002447,tom,patel,2002-12-28,F,tom.patel2447@example.com,+44 7700 900999,SW1A 6AE,9994560484,E11,2021-03-19,Deferred
AN0002448,liam,osman,2004-02-04,F,liam.osman2448@example.com,07700900849,B15 3DH,9991117857,E08,2022-08-26,Active
AN0002449,grace,murray,1989-04-20,m,grace.murray2449@example.com,07700900695,m17fd,9992925388,E04,2017-12-02,Active
AN0002450,daniel,fenton,1997-04-04,F,daniel.fenton2450@example.com,+44 7700 900795,L13DF,9990798338,E05,2021-05-13,Active
AN0002451,omar,doyle,2003-05-09,M,omar.doyle2451@example.com,+44 7700 900750,M1 6DH,9996680800,E12,2024-12-31,Suspended
AN0002452,nadia,cohen,2000-08-26,m,nadia.cohen2452@example.com,+44 7700 900246,l16ae,9990470928,E15,2018-09-04,Active
AN0002453,oliver,fenton,1994-10-16,M,oliver.fenton2453@example.com,+44 7700 900583,eh1  8dj,9993922684,E04,2016-12-22,Deferred
AN0002454,george,nwosu,1997-06-06,M,george.nwosu2454@example.com,07700900879,b157ed,9990728194,E11,2021-08-04,Suspended
AN0002455,noah,reid,1999-05-23,m,noah.reid2455@example.com,07700900618,SW1A 9AF,9993362727,E04,2023-06-25,Deferred
AN0002456,daniel,doyle,1996-10-04,F,daniel.doyle2456@example.com,07700900239,cf108ed,9997222156,E11,2017-06-04,Active
AN0002457,daniel,sharma,2005-03-06,M,daniel.sharma2457@example.com,07700900290,bs1  8fg,9996516083,E10,2024-09-18,Active
AN0002458,hannah,osman,2001-08-25,m,hannah.osman2458@example.com,+44 7700 900535,CF101GJ,9992966475,E16,2024-10-13,Withdrawn
AN0002459,ethan,byrne,1998-05-22,F,ethan.byrne2459@example.com,+44 7700 900854,BS1 2BF,9999851673,E09,2018-05-19,Withdrawn
AN0002460,zainab,bello,1995-11-07,F,zainab.bello2460@example.com,(0161) 496 7757,bs18ha,9992364491,E11,2022-12-09,Withdrawn
AN0002461,yusuf,mackenzie,1993-08-21,f,yusuf.mackenzie2461@example.com,+44 7700 900796,eh1  3fb,9992631775,E12,2018-08-18,Deferred
AN0002462,ruth,lawson,1998-10-28,M,ruth.lawson2462@example.com,+44 7700 900290,EH13BJ,9998190347,E01,2019-01-24,Active
AN0002463,oliver,cohen,1998-11-23,F,oliver.cohen2463@example.com,07700900846,NE1 6AE,9997104536,E06,2017-02-17,Active
AN0002464,daniel,kaur,1991-07-08,f,daniel.kaur2464@example.com,(0161) 496 2072,L1 2BH,9993547158,E04,2020-10-12,Deferred
AN0002465,fatima,reid,1994-06-22,M,fatima.reid2465@example.com,+44 7700 900210,l1  7dd,9998299454,E15,2023-03-02,Active
AN0002466,zainab,grant,1988-07-25,F,zainab.grant2466@example.com,07700900803,m19bh,9995499312,E05,2017-04-30,Active
AN0002467,omar,haddad,2000-07-12,m,omar.haddad2467@example.com,(0161) 496 8104,m14hj,9996161609,E06,2019-10-19,Active
AN0002468,fatima,grant,2004-12-24,M,fatima.grant2468@example.com,+44 7700 900180,LS1 8FJ,9999531210,E01,2023-08-25,Deferred
AN0002469,yusuf,okafor,1994-11-28,F,yusuf.okafor2469@example.com,+44 7700 900708,cf10  8da,9998629314,E08,2023-06-08,Withdrawn
AN0002470,erin,grant,1993-07-28,f,erin.grant2470@example.com,07700900671,CF105JF,9991925538,E08,2022-03-10,Active
AN0002471,daniel,fenton,1993-06-23,M,daniel.fenton2471@example.com,+44 7700 900402,B15 9FA,9997267540,E11,2016-01-05,Active
AN0002472,hannah,osman,2004-04-14,F,hannah.osman2472@example.com,+44 7700 900232,G1 1GH,9990385521,E03,2023-02-02,Active
AN0002473,tom,chen,1995-05-07,f,tom.chen2473@example.com,07700900942,eh14gg,9991977635,E11,2022-12-05,Suspended
AN0002474,ruth,fenton,1996-03-08,M,ruth.fenton2474@example.com,+44 7700 900762,EH14JH,9996287114,E01,2023-05-17,Deferred
AN0002475,idris,haddad,1998-09-10,F,idris.haddad2475@example.com,+44 7700 900299,BS1 5GA,9999895824,E04,2020-02-28,Suspended
AN0002476,fatima,fenton,2006-03-15,f,fatima.fenton2476@example.com,07700900633,G1 6FB,9993943142,E08,2024-12-29,Active
AN0002477,kai,byrne,1997-07-29,M,kai.byrne2477@example.com,07700900573,cf10  3fd,9995740400,E11,2019-12-30,Active
AN0002478,noah,murray,2002-12-12,F,noah.murray2478@example.com,+44 7700 900572,CF107EA,9997997514,E14,2021-03-20,Suspended
AN0002479,callum,murray,2000-03-24,f,callum.murray2479@example.com,+44 7700 900273,B15 5HB,9990411700,E13,2023-05-09,Suspended
AN0002480,wei,sharma,2002-02-26,M,wei.sharma2480@example.com,07700900315,BS1 1AD,9995011476,E04,2022-08-03,Withdrawn
AN0002481,amara,bello,2003-12-10,F,amara.bello2481@example.com,+44 7700 900346,l1  9ea,9997574567,E05,2022-06-01,Active
AN0002482,hannah,robertson,1997-04-26,m,hannah.robertson2482@example.com,07700900971,NE19FH,9999034837,E15,2018-08-07,Suspended
AN0002483,isla,byrne,2000-03-07,F,isla.byrne2483@example.com,07700900515,EH1 5AE,9999341772,E07,2018-05-03,Active
AN0002484,ruth,novak,2002-04-05,F,ruth.novak2484@example.com,+44 7700 900836,LS1 2DB,9991867813,E16,2023-04-22,Withdrawn
AN0002485,sofia,fenton,1996-05-12,m,sofia.fenton2485@example.com,(0161) 496 8858,sw1a3gj,9995356449,E16,2016-09-05,Active
AN0002486,zainab,mackenzie,1999-07-05,F,zainab.mackenzie2486@example.com,+44 7700 900679,cf103fa,9993849200,E02,2024-10-01,Active
AN0002487,noah,iqbal,2003-08-19,F,noah.iqbal2487@example.com,+44 7700 900145,bs11eg,9992869399,E06,2022-12-26,Active
AN0002488,james,robertson,1998-10-01,m,james.robertson2488@example.com,+44 7700 900632,LS1 8HG,9994802496,E10,2024-01-19,Active
AN0002489,fatima,rossi,1993-08-05,F,fatima.rossi2489@example.com,07700900127,m11bg,9994484796,E13,2020-01-23,Active
AN0002490,george,sharma,2000-05-07,F,george.sharma2490@example.com,+44 7700 900293,LS13BJ,9999902545,E02,2020-02-09,Suspended
AN0002491,james,whitfield,1999-08-07,m,james.whitfield2491@example.com,07700900335,L1 3BA,9999729576,E06,2017-12-21,Active
AN0002492,wei,haddad,1993-05-06,M,wei.haddad2492@example.com,+44 7700 900721,cf104ea,9992517662,E09,2018-05-29,Deferred
AN0002493,sarah,lawson,1992-06-15,F,sarah.lawson2493@example.com,+44 7700 900973,b15  4fg,9995829568,E11,2017-11-03,Active
AN0002494,liam,osman,1990-06-24,m,liam.osman2494@example.com,07700900851,bs15fb,9997537637,E01,2017-12-01,Deferred
AN0002495,zainab,haddad,1992-10-17,F,zainab.haddad2495@example.com,(0161) 496 9154,cf107gg,9997051866,E11,2019-04-11,Deferred
AN0002496,callum,grant,1992-12-02,F,callum.grant2496@example.com,(0161) 496 6523,M1 2GA,9992568704,E05,2022-09-19,Deferred
AN0002497,nadia,adeyemi,1992-07-21,f,nadia.adeyemi2497@example.com,+44 7700 900846,ne1  1fh,9990638284,E11,2020-03-27,Active
AN0002498,sarah,haddad,1956-09-13,M,sarah.haddad2498@example.com,(0161) 496 3666,SW1A3DG,9992380292,E05,2017-08-05,Active
AN0002499,erin,doyle,1991-12-29,M,erin.doyle2499@example.com,+44 7700 900836,M1 5JF,9997151291,E06,2017-07-04,Active
AN0002500,chloe,fenton,1994-12-18,f,chloe.fenton2500@example.com,+44 7700 900747,B15 6FB,9995359529,E13,2022-04-14,Suspended
AN0002501,noah,novak,2000-06-08,M,noah.novak2501@example.com,07700900145,m19bj,9999731112,Z99,2019-08-10,Suspended
AN0002502,fatima,whitfield,2001-12-20,M,fatima.whitfield2502@example.com,(0161) 496 1881,g11fg,9996197409,E14,2020-10-01,Deferred
AN0002503,grace,patel,1993-11-03,f,grace.patel2503@example.com,(0161) 496 5765,G1 5DB,9994208411,E03,2020-02-12,Suspended
AN0002504,daniel,adeyemi,2003-10-02,F,,+44 7700 900436,SW1A 6FB,9991909370,E11,2022-05-24,Deferred
AN0002505,chloe,grant,1990-03-25,F,chloe.grant2505@example.com,07700900130,cf10  2hf,9995128489,E07,2016-01-10,Active
AN0002506,chloe,fenton,1992-07-17,m,chloe.fenton2506@example.com,+44 7700 900854,SW1A7DD,9991569499,E14,2020-01-14,Active
AN0002507,yusuf,wright,2002-07-19,F,yusuf.wright2507@example.com,+44 7700 900111,ls14gb,9990945969,E08,2023-03-26,Active
AN0002508,tom,murray,1991-07-30,M,tom.murray2508@example.com,07700900750,CF10 4EJ,9997870182,E16,2018-12-04,Withdrawn
AN0002509,sarah,khan,1996-12-07,f,sarah.khan2509@example.com,(0161) 496 3618,b15  4bf,9994170716,E13,2018-08-02,Active
AN0002510,chloe,bello,1999-05-03,F,chloe.bello2510@example.com,07700900731,sw1a9be,9992208228,E15,2020-08-31,Active
AN0002511,ethan,mackenzie,1994-01-26,F,ethan.mackenzie2511@example.com,+44 7700 900602,NE1 9BH,9999571042,E13,2023-05-22,Withdrawn
AN0002512,grace,osman,1997-12-09,f,,+44 7700 900381,M1 8AB,9993403059,E12,2016-03-10,Suspended
AN0002513,daniel,murray,2003-06-25,M,daniel.murray2513@example.com,+44 7700 900455,ne1  2eh,9992015292,E12,2023-03-02,Suspended
AN0002514,sofia,iqbal,1994-12-30,M,sofia.iqbal2514@example.com,+44 7700 900562,SW1A1HD,9992124075,E10,2019-03-24,Active
AN0002515,omar,kaur,1999-11-06,f,omar.kaur2515@example.com,+44 7700 900688,LS1 2EG,9991134492,E10,2023-02-18,Suspended
AN0002516,james,osman,1990-05-22,F,james.osman2516@example.com,07700900699,bs15gf,9994720473,E04,2017-06-27,Deferred
AN0002517,wei,novak,1991-09-20,F,,+44 7700 900363,bs1  1fh,9994444654,E12,2017-03-17,Active
AN0002518,idris,mackenzie,2001-01-29,f,idris.mackenzie2518@example.com,+44 7700 900623,NE19HF,9990893047,E02,2024-04-15,Active
AN0002519,kai,rossi,1999-03-14,M,kai.rossi2519@example.com,(0161) 496 2604,B15 7JG,9993937770,E13,2019-04-18,Withdrawn
AN0002520,omar,thompson,1997-11-10,M,omar.thompson2520@example.com,+44 7700 900268,G1 1EE,9993720747,E16,2020-01-22,Suspended
AN0002521,zainab,whitfield,2003-04-17,f,zainab.whitfield2521@example.com,+44 7700 900340,bs1  9jj,9995210851,E07,2099-07-19,Withdrawn
AN0002522,zainab,iqbal,1997-06-02,F,zainab.iqbal2522@example.com,(0161) 496 3606,M19FG,9990885893,E16,2023-08-27,Suspended
AN0002523,kai,thompson,1997-08-06,M,kai.thompson2523@example.com,07700900608,ne14fd,9990643393,E06,2024-12-16,Active
AN0002524,idris,mackenzie,1996-10-21,f,idris.mackenzie2524@example.com,07700900887,BS1 8DA,9993009172,E02,2018-03-11,Active
AN0002525,tom,ali,1995-03-12,M,tom.ali2525@example.com,07700900771,l1  3ff,9991257985,E09,2017-07-01,Suspended
AN0002526,priya,chen,1999-08-13,M,priya.chen2526@example.com,+44 7700 900266,EH15GD,9997699157,E13,2019-05-27,Deferred
AN0002527,liam,byrne,1997-01-18,f,liam.byrne2527@example.com,07700900465,M1 7HG,9990180059,E04,2024-09-06,Active
AN0002528,chloe,chen,1995-09-14,M,chloe.chen2528@example.com,+44 7700 900986,LS1 4BH,9997510003,E07,2021-03-26,Active
AN0002529,chloe,rossi,1994-06-28,M,chloe.rossi2529@example.com,07700900586,b15  9fj,9996302121,E16,2019-11-29,Suspended
AN0002530,tom,haddad,1992-12-31,f,tom.haddad2530@example.com,(0161) 496 2529,LS19AE,9991026231,E01,2018-03-04,Active
AN0002531,priya,robertson,1999-05-18,M,priya.robertson2531@example.com,07700900263,LS1 3GF,9996547639,E16,2024-10-09,Active
AN0002532,isla,iqbal,1992-11-28,M,isla.iqbal2532@example.com,+44 7700 900330,G1 5DE,9994667629,E03,2019-12-20,Active
AN0002533,callum,byrne,1998-12-04,m,callum.byrne2533@example.com,+44 7700 900464,g13df,9992059648,E13,2021-07-12,Active
AN0002534,grace,grant,2003-06-15,F,grace.grant2534@example.com,+44 7700 900185,BS17AE,9998973112,E09,2021-12-20,Active
AN0002535,zainab,robertson,1998-01-25,F,zainab.robertson2535@example.com,+44 7700 900194,M1 6FD,9991504370,E15,2019-11-06,Withdrawn
AN0002536,hannah,rossi,1989-08-06,m,hannah.rossi2536@example.com,+44 7700 900835,G1 6EH,9994875973,E12,2016-04-19,Active
AN0002537,zainab,khan,1998-06-23,M,,07700900968,eh14hd,9995684977,E06,2019-04-12,Active
AN0002538,ethan,abara,1998-07-12,M,ethan.abara2538@example.com,07700900338,SW1A9BG,9998678943,E11,2023-03-10,Active
AN0002539,yusuf,lawson,2001-07-18,f,yusuf.lawson2539@example.com,+44 7700 900172,BS1 3JG,9997100298,E11,2022-10-03,Deferred
AN0002540,tom,cohen,1990-03-01,F,tom.cohen2540@example.com,+44 7700 900475,B15 3AE,9994197290,E05,2016-10-29,Active
AN0002541,tom,haddad,1997-10-19,M,tom.haddad2541@example.com,+44 7700 900899,b15  3fa,9991713034,E12,2021-07-12,Active
AN0002542,sarah,wright,1994-05-04,m,sarah.wright2542@example.com,07700900587,B158EB,9999275923,E12,2018-12-19,Active
AN0002543,kai,sharma,1998-12-07,F,kai.sharma2543@example.com,07700900767,L1 8FA,9995661802,E10,2016-12-11,Active
AN0002544,ethan,reid,1998-03-05,M,ethan.reid2544@example.com,+44 7700 900163,sw1a2ad,9992126833,E15,2019-10-19,Active
AN0002545,yusuf,khan,1997-04-21,m,,07700900679,b155ba,9997698711,E15,2016-05-26,Deferred
AN0002546,isla,bello,2000-04-25,F,isla.bello2546@example.com,+44 7700 900283,NE13DG,9996167216,E16,2019-06-02,Deferred
AN0002547,james,abara,2004-05-01,F,james.abara2547@example.com,(0161) 496 7397,g16ad,9992182547,E15,2024-10-11,Active
AN0002548,zainab,bello,2001-06-16,f,zainab.bello2548@example.com,+44 7700 900357,LS1 7EE,9998771323,E14,2019-09-08,Active
AN0002549,callum,byrne,2002-07-28,M,callum.byrne2549@example.com,+44 7700 900896,ne1  7jh,9997448227,E12,2023-09-28,Suspended
AN0002550,meera,reid,1991-02-13,M,meera.reid2550@example.com,(0161) 496 5903,bs17ea,9996667626,E10,2018-03-10,Active
AN0002551,idris,murray,1998-05-28,m,idris.murray2551@example.com,(0161) 496 1680,EH1 8BH,9994657712,E02,2022-10-29,Withdrawn
AN0002552,sarah,iqbal,1995-12-30,F,sarah.iqbal2552@example.com,07700900695,B15 3JE,9992766549,E05,2018-03-20,Active
AN0002553,yusuf,mackenzie,1997-03-24,F,yusuf.mackenzie2553@example.com,07700900450,eh11ea,9992143665,E06,2024-08-13,Deferred
AN0002554,zainab,lawson,1991-07-01,m,zainab.lawson2554@example.com,(0161) 496 4523,ls14fg,9993566829,E13,2018-04-04,Deferred
AN0002555,hannah,iqbal,1999-02-20,F,hannah.iqbal2555@example.com,07700900749,LS1 1EA,9993761915,E11,2024-08-21,Withdrawn
AN0002556,meera,okafor,1995-01-01,M,meera.okafor2556@example.com,(0161) 496 6834,NE1 2HD,9995394286,E16,2017-02-10,Active
AN0002557,sofia,grant,1999-08-24,m,sofia.grant2557@example.com,07700900165,cf10  4jg,9997921518,E15,2024-02-07,Withdrawn
AN0002558,priya,okafor,1995-11-15,F,priya.okafor2558@example.com,+44 7700 900136,LS18JE,9990656940,E13,2023-03-24,Active
AN0002559,noah,whitfield,2003-06-25,M,noah.whitfield2559@example.com,+44 7700 900302,ls17jh,9991143106,E01,2022-03-17,Active
AN0002560,yusuf,bello,1996-07-18,f,yusuf.bello2560@example.com,+44 7700 900970,LS1 7FD,9990646147,E07,2021-08-22,Suspended
AN0002561,hannah,lawson,1998-02-02,F,hannah.lawson2561@example.com,+44 7700 900825,ls1  9gf,9995847434,E05,2024-02-29,Active
AN0002562,wei,fenton,1994-01-14,M,wei.fenton2562@example.com,07700900441,BS18DD,9994554042,E13,2021-09-12,Active
AN0002563,james,thompson,1990-10-28,m,james.thompson2563@example.com,+44 7700 900949,L1 8GF,9999057985,E10,2019-05-14,Active
AN0002564,omar,haddad,2002-05-18,M,omar.haddad2564@example.com,07700900920,b151ad,9995395258,E10,2022-09-01,Withdrawn
AN0002565,oliver,doyle,1993-03-06,M,oliver.doyle2565@example.com,+44 7700 900467,ls1  5gj,9991311173,E11,2021-06-19,Active
AN0002566,fatima,novak,1994-07-18,m,fatima.novak2566@example.com,+44 7700 900401,BS13BG,9996944387,E12,2018-04-24,Suspended
AN0002567,liam,grant,1995-04-30,M,liam.grant2567@example.com,+44 7700 900813,ne12ag,9994825623,E12,2016-10-07,Active
AN0002568,idris,adeyemi,1989-12-19,M,idris.adeyemi2568@example.com,+44 7700 900885,ls11dh,9997842774,E06,2018-03-26,Active
AN0002569,fatima,robertson,1998-03-12,m,fatima.robertson2569@example.com,07700900550,g11hh,9991285687,E06,2023-05-16,Suspended
AN0002570,isla,byrne,1997-12-04,M,isla.byrne2570@example.com,+44 7700 900884,m12gh,9998540267,E13,2020-09-17,Active
AN0002571,callum,murray,1995-10-11,M,callum.murray2571@example.com,07700900518,b153eg,9998522919,E09,2023-10-10,Deferred
AN0002572,callum,byrne,1989-03-02,f,callum.byrne2572@example.com,07700900346,bs19jb,9994845446,E07,2018-03-27,Active
AN0002573,oliver,kaur,1995-08-30,F,oliver.kaur2573@example.com,+44 7700 900397,m1  5hg,9998316332,E03,2019-04-12,Active
AN0002574,yusuf,fenton,1989-02-16,M,yusuf.fenton2574@example.com,+44 7700 900567,G18HH,9997025075,E10,2018-09-19,Active
AN0002575,priya,reid,1992-11-07,m,priya.reid2575@example.com,07700900469,LS1 7BA,9999655327,E10,2020-05-02,Deferred
AN0002576,meera,adeyemi,1988-11-09,M,meera.adeyemi2576@example.com,+44 7700 900378,SW1A 5EH,9998359600,E14,2017-03-15,Active
AN0002577,sofia,novak,2003-09-13,F,sofia.novak2577@example.com,+44 7700 900747,b159be,9998993814,E12,2023-09-12,Suspended
AN0002578,sarah,haddad,2004-09-12,m,sarah.haddad2578@example.com,+44 7700 900470,L17AB,9998675227,E09,2019-09-23,Active
AN0002579,grace,fenton,1993-10-21,M,grace.fenton2579@example.com,+44 7700 900209,CF10 7GB,9997313194,E01,2016-12-20,Active
AN0002580,sarah,ali,1998-12-25,F,sarah.ali2580@example.com,(0161) 496 6646,g14jh,9996516393,E08,2019-08-28,Active
AN0002581,meera,thompson,2001-04-07,m,meera.thompson2581@example.com,+44 7700 900647,m1  4fb,9995033461,E14,2024-08-08,Withdrawn
AN0002582,isla,osman,1991-12-22,F,isla.osman2582@example.com,+44 7700 900408,eh17gf,9999821251,E06,2020-08-30,Suspended
AN0002583,meera,adeyemi,1993-05-19,M,meera.adeyemi2583@example.com,07700900448,M1 4FH,9998656990,E09,2016-06-12,Withdrawn
AN0002584,sofia,patel,2002-06-14,f,,(0161) 496 2281,B15 5BD,9993834106,E09,2024-11-06,Active
AN0002585,hannah,lawson,1989-11-28,F,hannah.lawson2585@example.com,(0161) 496 7007,cf10  3ah,9990393362,E01,2017-07-08,Deferred
AN0002586,oliver,adeyemi,2000-06-15,F,oliver.adeyemi2586@example.com,+44 7700 900580,M12DA,9993409359,E03,2019-06-29,Active
AN0002587,kai,lawson,2000-04-08,m,kai.lawson2587@example.com,+44 7700 900780,SW1A 7HH,9996518477,E12,2021-06-12,Withdrawn
AN0002588,ethan,rossi,1999-04-07,F,ethan.rossi2588@example.com,07700900464,L1 8BB,9999179460,E16,2021-09-28,Withdrawn
AN0002589,kai,robertson,1993-05-17,M,kai.robertson2589@example.com,07700900684,g1  2ae,9998998425,E14,2022-08-09,Active
AN0002590,amara,robertson,2001-05-27,m,amara.robertson2590@example.com,(0161) 496 3290,eh12bf,9990765138,E07,2019-09-17,Active
AN0002591,hannah,osman,1991-08-29,F,hannah.osman2591@example.com,+44 7700 900354,BS1 7BA,9999297048,E06,2019-03-02,Active
AN0002592,sofia,grant,2001-04-11,F,sofia.grant2592@example.com,+44 7700 900485,LS1 2EG,9995614316,E11,2020-06-19,Withdrawn
AN0002593,kai,novak,1993-06-29,f,kai.novak2593@example.com,07700900954,bs1  6eb,9990085900,E05,2021-09-28,Active
AN0002594,yusuf,nwosu,1999-07-08,M,yusuf.nwosu2594@example.com,+44 7700 900833,eh13ej,9993134244,E16,2019-02-19,Active
AN0002595,sarah,fenton,1994-02-02,F,sarah.fenton2595@example.com,+44 7700 900176,L1 8FD,9999210171,E13,2021-09-30,Active
AN0002596,sofia,bianchi,1998-01-11,m,sofia.bianchi2596@example.com,(0161) 496 6522,SW1A 8HE,9992404965,E16,2017-06-30,Suspended
AN0002597,ruth,kaur,1999-12-26,F,ruth.kaur2597@example.com,+44 7700 900592,m1  5gj,9996586863,E03,2023-02-06,Deferred
AN0002598,oliver,wright,1990-07-24,F,oliver.wright2598@example.com,+44 7700 900574,M13BE,9999176704,E12,2020-03-03,Withdrawn
AN0002599,james,chen,1989-04-28,f,james.chen2599@example.com,07700900854,EH1 5GD,9994300393,E12,2017-12-02,Suspended
AN0002600,nadia,fenton,1994-10-02,F,nadia.fenton2600@example.com,07700900189,ne17fj,9999320392,E13,2019-03-20,Active
AN0002601,sofia,abara,1993-11-14,M,,07700900311,l1  6gj,9994576534,Z99,2020-07-07,Suspended
AN0002602,george,khan,1998-06-02,m,george.khan2602@example.com,(0161) 496 2828,B153DD,9997504127,E03,2020-09-10,Active
AN0002603,isla,bianchi,1989-03-03,M,isla.bianchi2603@example.com,07700900958,G1 6JE,9999266223,E04,2018-09-04,Active
AN0002604,nadia,okafor,1992-01-24,M,nadia.okafor2604@example.com,+44 7700 900171,SW1A 1DF,9998641799,E02,2018-04-05,Suspended
AN0002605,grace,patel,2001-06-18,m,grace.patel2605@example.com,+44 7700 900300,b15  9jh,9993868981,E13,2022-10-06,Active
AN0002606,oliver,whitfield,1992-08-28,M,oliver.whitfield2606@example.com,(0161) 496 7207,G13DE,9997993780,E12,2022-04-01,Active
AN0002607,wei,thompson,1994-10-14,M,wei.thompson2607@example.com,+44 7700 900628,EH1 7AE,9994299506,E10,2022-07-02,Active
AN0002608,omar,chen,1991-12-27,m,omar.chen2608@example.com,07700900157,l17jj,9997867394,E12,2020-07-30,Active
AN0002609,grace,sharma,1991-03-26,F,grace.sharma2609@example.com,+44 7700 900540,ne1  4ea,9997406249,E13,2020-01-09,Active
AN0002610,priya,murray,1997-06-10,F,priya.murray2610@example.com,(0161) 496 8737,L14HG,9998491983,E09,2018-08-22,Deferred
AN0002611,liam,whitfield,1990-03-06,m,liam.whitfield2611@example.com,+44 7700 900473,L1 3FJ,9993985724,E10,2017-08-01,Withdrawn
AN0002612,priya,okafor,2000-06-13,F,priya.okafor2612@example.com,(0161) 496 9325,G1 9AA,9999866921,E04,2021-03-19,Withdrawn
AN0002613,ruth,okafor,2000-04-20,M,ruth.okafor2613@example.com,+44 7700 900873,l1  4gj,9993453641,E10,2099-07-11,Active
AN0002614,meera,patel,1996-06-26,f,meera.patel2614@example.com,+44 7700 900264,ls17fh,9991533001,E13,2024-02-03,Active
AN0002615,wei,grant,2001-08-16,F,wei.grant2615@example.com,(0161) 496 8706,CF10 4AG,9995386909,E08,2024-09-10,Active
AN0002616,wei,bianchi,1990-12-15,M,wei.bianchi2616@example.com,+44 7700 900512,BS1 2GG,9995939223,E04,2016-06-02,Active
AN0002617,zainab,haddad,1999-07-07,m,zainab.haddad2617@example.com,+44 7700 900410,ne1  5fb,9999951767,E07,2019-10-19,Active
AN0002618,fatima,rossi,1993-04-17,F,fatima.rossi2618@example.com,07700900142,L11GH,9991063617,E16,2016-11-20,Deferred
AN0002619,ethan,abara,1999-05-23,M,ethan.abara2619@example.com,+44 7700 900947,B15 1HE,9992145285,E01,2021-06-08,Deferred
AN0002620,wei,wright,2001-06-19,m,wei.wright2620@example.com,07700900157,G1 3BG,9996083195,E08,2022-06-18,Active
AN0002621,priya,adeyemi,1994-02-14,F,priya.adeyemi2621@example.com,07700900640,bs17gf,9998184401,E02,2023-11-14,Suspended
AN0002622,zainab,mackenzie,2001-11-24,F,zainab.mackenzie2622@example.com,07700900152,G15JF,9990566232,E14,2021-02-23,Deferred
AN0002623,hannah,iqbal,2001-08-04,f,hannah.iqbal2623@example.com,+44 7700 900500,M1 6AB,9993506656,E10,2020-05-26,Active
AN0002624,yusuf,doyle,2001-07-23,M,yusuf.doyle2624@example.com,(0161) 496 6910,G1 8HG,9999379397,E08,2020-01-14,Suspended
AN0002625,meera,adeyemi,1993-05-02,M,meera.adeyemi2625@example.com,07700900433,ls1  2ha,9990276471,E16,2018-07-13,Deferred
AN0002626,amara,adeyemi,1995-04-11,m,amara.adeyemi2626@example.com,+44 7700 900176,bs11dh,9992377380,E08,2023-07-30,Deferred
AN0002627,yusuf,fenton,2000-01-20,M,yusuf.fenton2627@example.com,+44 7700 900369,G1 3EJ,9992874252,E09,2018-10-18,Active
AN0002628,erin,reid,1997-08-18,M,erin.reid2628@example.com,07700900441,ne11aa,9998953812,E06,2022-03-12,Active
AN0002629,yusuf,lawson,1997-03-02,f,yusuf.lawson2629@example.com,+44 7700 900656,g1  8ba,9997949145,E08,2016-08-05,Active
AN0002630,isla,adeyemi,1996-09-05,F,isla.adeyemi2630@example.com,+44 7700 900565,M11AH,9996266680,E11,2020-10-17,Active
AN0002631,leila,cohen,1990-02-03,M,leila.cohen2631@example.com,+44 7700 900921,l17hg,9995990237,E04,2018-08-20,Active
AN0002632,fatima,lawson,1998-11-13,f,fatima.lawson2632@example.com,+44 7700 900490,CF10 5FB,9996146286,E02,2024-12-29,Active
AN0002633,ruth,cohen,2003-07-07,M,ruth.cohen2633@example.com,+44 7700 900774,g12eb,9993561177,E14,2022-01-10,Active
AN0002634,ethan,mackenzie,1999-12-02,F,ethan.mackenzie2634@example.com,+44 7700 900950,bs14jd,9993917613,E09,2021-04-28,Suspended
AN0002635,erin,nwosu,1993-02-18,f,erin.nwosu2635@example.com,07700900635,eh14be,9995740877,E05,2019-11-19,Active
AN0002636,james,abara,2006-09-14,M,james.abara2636@example.com,07700900529,M1 8GH,9997990617,E02,2021-01-23,Withdrawn
AN0002637,george,chen,2000-07-29,M,george.chen2637@example.com,07700900366,g1  6bd,9995286343,E04,2019-09-08,Active
AN0002638,nadia,abara,2005-01-18,m,nadia.abara2638@example.com,(0161) 496 7236,EH12FF,9993752010,E11,2024-09-02,Active
AN0002639,george,haddad,2004-01-11,F,george.haddad2639@example.com,(0161) 496 6745,L1 4EJ,9998409136,E04,2023-07-20,Active
AN0002640,ethan,byrne,1989-03-08,F,ethan.byrne2640@example.com,+44 7700 900483,L1 2FG,9999514952,E06,2016-03-04,Suspended
AN0002641,sofia,patel,1993-08-18,m,sofia.patel2641@example.com,(0161) 496 8651,ls1  7hb,9998084385,E16,2018-05-21,Active
AN0002642,ethan,chen,1992-01-13,M,ethan.chen2642@example.com,07700900123,bs11ja,9996445038,E14,2021-04-02,Withdrawn
AN0002643,callum,novak,1993-07-16,M,callum.novak2643@example.com,07700900729,SW1A 9BJ,9990027633,E13,2016-01-11,Deferred
AN0002644,amara,nwosu,1993-01-08,f,amara.nwosu2644@example.com,07700900431,SW1A 5ED,9996059049,E01,2018-04-26,Active
AN0002645,tom,cohen,1997-01-01,F,tom.cohen2645@example.com,+44 7700 900310,sw1a  6ej,9994513591,E09,2017-07-30,Active
AN0002646,nadia,sharma,1999-01-12,M,nadia.sharma2646@example.com,07700900737,L13JF,9994119915,E07,2023-02-07,Active
AN0002647,nadia,mackenzie,2005-10-31,f,nadia.mackenzie2647@example.com,(0161) 496 3839,CF10 1AH,9999223842,E07,2024-01-16,Active
AN0002648,grace,reid,2001-03-02,F,grace.reid2648@example.com,(0161) 496 5925,G1 9DD,9997475291,E04,2022-11-28,Suspended
AN0002649,oliver,iqbal,1997-01-13,M,oliver.iqbal2649@example.com,+44 7700 900966,ne1  6he,9996766578,E15,2020-06-18,Active
AN0002650,omar,okafor,1996-09-16,m,omar.okafor2650@example.com,+44 7700 900759,ne18ge,9994214489,E07,2016-11-16,Deferred
AN0002651,isla,novak,2001-01-27,F,isla.novak2651@example.com,07700900639,B15 7ED,9995430932,E06,2024-09-11,Withdrawn
AN0002652,kai,bianchi,1999-09-25,F,kai.bianchi2652@example.com,+44 7700 900300,EH1 7HA,9996899241,E12,2019-10-23,Active
AN0002653,meera,bianchi,1995-06-20,m,meera.bianchi2653@example.com,07700900780,m1  1ea,9991239553,E08,2019-08-07,Active
AN0002654,yusuf,doyle,1992-12-24,M,yusuf.doyle2654@example.com,+44 7700 900256,NE16FB,9992263261,E13,2020-09-06,Active
AN0002655,george,cohen,1993-02-21,F,george.cohen2655@example.com,07700900373,G1 2HJ,9996842320,E10,2018-04-11,Active
AN0002656,zainab,fenton,1994-12-21,m,zainab.fenton2656@example.com,+44 7700 900496,BS1 4BA,9995719738,E03,2019-01-05,Active
AN0002657,zainab,mackenzie,1996-08-22,F,zainab.mackenzie2657@example.com,(0161) 496 8688,cf10  3ha,9993564095,E02,2019-10-27,Active
AN0002658,ethan,bello,1989-05-15,M,ethan.bello2658@example.com,+44 7700 900674,cf108he,9991919481,E01,2016-11-16,Active
AN0002659,sarah,nwosu,1990-07-13,m,sarah.nwosu2659@example.com,+44 7700 900396,M1 6GB,9995863731,E06,2018-08-18,Active
AN0002660,amara,lawson,2003-02-20,F,amara.lawson2660@example.com,+44 7700 900544,NE1 7GF,9991621067,E11,2021-04-23,Deferred
AN0002661,isla,murray,2000-04-09,M,isla.murray2661@example.com,07700900512,g1  5eb,9995771039,E15,2022-11-27,Withdrawn
AN0002662,oliver,cohen,1998-05-21,f,oliver.cohen2662@example.com,07700900724,L14GF,9995212587,E09,2022-06-06,Active
AN0002663,wei,kaur,2005-10-30,M,wei.kaur2663@example.com,07700900798,EH1 1BG,9994140507,E11,2024-07-15,Active
AN0002664,ruth,ali,2000-11-26,F,ruth.ali2664@example.com,07700900715,CF10 4HF,9992264721,E06,2023-07-25,Withdrawn
AN0002665,ruth,ali,1996-08-10,f,ruth.ali2665@example.com,+44 7700 900714,cf10  1fd,9998174422,E11,2023-11-04,Withdrawn
AN0002666,kai,osman,1994-04-20,F,kai.osman2666@example.com,07700900290,L17DA,9998812240,E10,2023-11-04,Active
AN0002667,kai,adeyemi,1991-10-01,F,kai.adeyemi2667@example.com,+44 7700 900108,bs18ah,9995159112,E12,2017-10-15,Active
AN0002668,fatima,thompson,2002-10-02,f,fatima.thompson2668@example.com,(0161) 496 4919,L1 8AH,9993775878,E03,2020-12-06,Deferred
AN0002669,tom,grant,1991-10-16,M,tom.grant2669@example.com,07700900431,b15  4ea,9992569646,E01,2016-12-19,Deferred
AN0002670,kai,lawson,1995-06-09,M,kai.lawson2670@example.com,(0161) 496 6845,M17EF,9994226630,E16,2016-10-02,Active
AN0002671,erin,whitfield,1989-03-04,m,erin.whitfield2671@example.com,07700900768,EH1 2EB,9991364633,E06,2016-03-13,Active
AN0002672,daniel,nwosu,1991-11-20,M,daniel.nwosu2672@example.com,+44 7700 900432,B15 5GD,9999799345,E09,2018-01-22,Active
AN0002673,oliver,cohen,2000-11-12,F,oliver.cohen2673@example.com,+44 7700 900785,bs1  8ah,9996412318,E06,2022-03-01,Active
AN0002674,wei,mackenzie,1993-03-29,m,wei.mackenzie2674@example.com,+44 7700 900563,G11BH,9997034910,E04,2018-12-06,Active
AN0002675,leila,iqbal,1992-11-11,M,leila.iqbal2675@example.com,(0161) 496 7773,eh13jd,9992645431,E10,2017-05-28,Active
AN0002676,ethan,kaur,1999-01-07,F,ethan.kaur2676@example.com,07700900499,l13hh,9990133328,E12,2024-08-10,Suspended
AN0002677,idris,thompson,2002-11-04,f,idris.thompson2677@example.com,07700900595,m1  7bf,9994918516,E05,2021-01-26,Withdrawn
AN0002678,zainab,haddad,1993-05-03,M,zainab.haddad2678@example.com,07700900697,G13HA,9998228794,E06,2017-05-19,Withdrawn
AN0002679,liam,mackenzie,2005-09-23,F,liam.mackenzie2679@example.com,+44 7700 900788,g13ed,9997890884,E06,2024-09-24,Deferred
AN0002680,nadia,osman,1995-02-07,m,nadia.osman2680@example.com,+44 7700 900866,L1 2BD,9997302389,E11,2016-03-02,Withdrawn
AN0002681,ruth,abara,1987-11-30,M,ruth.abara2681@example.com,(0161) 496 1576,l1  3de,9993358231,E02,2017-02-02,Suspended
AN0002682,liam,thompson,2004-07-05,F,liam.thompson2682@example.com,07700900580,B159JD,9997678230,E10,2023-11-02,Active
AN0002683,amara,chen,1998-02-04,f,amara.chen2683@example.com,+44 7700 900361,EH1 9HG,9993062065,E16,2022-08-26,Active
AN0002684,idris,osman,1994-09-25,F,idris.osman2684@example.com,+44 7700 900277,BS1 9BB,9990843392,E08,2022-11-21,Active
AN0002685,hassan,murray,2003-01-26,F,hassan.murray2685@example.com,07700900355,b15  1ga,9994950444,E02,2022-03-01,Deferred
AN0002686,oliver,thompson,2001-11-01,m,,+44 7700 900632,EH15BH,9996936244,E15,2022-08-16,Suspended
AN0002687,yusuf,thompson,1994-10-04,M,yusuf.thompson2687@example.com,+44 7700 900618,M1 4JA,9995741032,E12,2023-05-05,Active
AN0002688,amara,haddad,2000-10-25,M,amara.haddad2688@example.com,07700900231,G1 9EG,9996357813,E08,2024-03-06,Active
AN0002689,idris,bianchi,1989-07-11,f,idris.bianchi2689@example.com,(0161) 496 5500,l12ed,9999010296,E08,2019-02-12,Active
AN0002690,leila,thompson,1990-08-09,M,leila.thompson2690@example.com,(0161) 496 1871,M15HA,9995359685,E03,2017-02-07,Suspended
AN0002691,sarah,fenton,2000-04-16,M,sarah.fenton2691@example.com,(0161) 496 4970,G1 7EB,9996602710,E10,2019-01-13,Suspended
AN0002692,oliver,wright,1996-05-02,f,oliver.wright2692@example.com,(0161) 496 9398,L1 2BE,9995104733,E14,2023-02-05,Withdrawn
AN0002693,amara,wright,1998-07-22,M,amara.wright2693@example.com,07700900813,eh19df,9994697897,E05,2017-11-05,Active
AN0002694,hassan,haddad,1995-09-06,M,hassan.haddad2694@example.com,07700900193,BS18HE,9995004194,E11,2018-06-24,Active
AN0002695,tom,kaur,1995-06-20,f,tom.kaur2695@example.com,07700900979,CF10 2JA,9991668462,E05,2016-06-28,Deferred
AN0002696,idris,kaur,1988-08-18,F,,+44 7700 900416,NE1 2BH,9999234445,E15,2016-05-06,Active
AN0002697,oliver,chen,1993-11-01,M,oliver.chen2697@example.com,+44 7700 900327,bs1  7eh,9999160492,E05,2019-06-20,Active
AN0002698,omar,murray,1996-09-07,m,omar.murray2698@example.com,+44 7700 900157,CF107HE,9992185899,E07,2017-10-07,Deferred
AN0002699,ethan,adeyemi,1995-02-04,F,ethan.adeyemi2699@example.com,+44 7700 900897,G1 8BD,9995656418,E09,2024-02-24,Active
AN0002700,callum,haddad,2001-09-03,F,callum.haddad2700@example.com,07700900214,M1 2DA,9999359671,E03,2021-02-17,Deferred
AN0002701,amara,iqbal,2000-11-29,f,amara.iqbal2701@example.com,+44 7700 900180,g1  1ee,9999848087,Z99,2024-02-03,Active
AN0002702,leila,bianchi,1993-10-18,M,leila.bianchi2702@example.com,07700900938,EH14FD,9999785328,E08,2023-07-03,Withdrawn
AN0002703,liam,murray,1996-11-21,M,liam.murray2703@example.com,+44 7700 900114,EH1 1AE,9996584909,E08,2018-09-11,Active
AN0002704,erin,cohen,1997-11-12,m,erin.cohen2704@example.com,(0161) 496 8374,ne18aa,9999027997,E14,2020-11-07,Active
AN0002705,tom,robertson,2002-12-26,M,tom.robertson2705@example.com,07700900297,ne1  7fe,9996771776,E06,2022-10-12,Active
AN0002706,ruth,reid,1996-03-26,M,ruth.reid2706@example.com,07700900737,M16FJ,9998141249,E06,2023-08-21,Deferred
AN0002707,idris,grant,1999-05-27,f,idris.grant2707@example.com,+44 7700 900646,L1 6GA,9992448180,E10,2024-06-08,Active
AN0002708,yusuf,okafor,1995-05-07,M,yusuf.okafor2708@example.com,(0161) 496 4291,NE1 8AJ,9991420134,E04,2017-02-19,Deferred
AN0002709,tom,rossi,2003-08-17,M,tom.rossi2709@example.com,(0161) 496 6089,sw1a  5hd,9998635721,E07,2024-05-18,Active
AN0002710,meera,reid,1997-06-29,m,meera.reid2710@example.com,+44 7700 900426,EH15HF,9993210951,E05,2018-07-19,Suspended
AN0002711,sofia,haddad,1991-07-06,M,sofia.haddad2711@example.com,+44 7700 900583,BS1 1BF,9996170993,E11,2017-02-20,Active
AN0002712,chloe,sharma,1988-12-10,F,chloe.sharma2712@example.com,07700900266,G1 8HD,9999028055,E01,2018-06-01,Deferred
AN0002713,zainab,okafor,1997-12-02,f,zainab.okafor2713@example.com,+44 7700 900452,cf10  7ea,9995727560,E13,2016-04-08,Deferred
AN0002714,james,nwosu,1991-11-04,M,james.nwosu2714@example.com,(0161) 496 4475,BS11GE,9991376070,E03,2017-04-10,Active
AN0002715,wei,lawson,2001-06-29,M,wei.lawson2715@example.com,(0161) 496 3306,B15 8JG,9997946685,E06,2024-03-16,Active
AN0002716,george,thompson,2001-11-08,f,george.thompson2716@example.com,+44 7700 900765,NE1 9AJ,9997465857,E01,2024-07-19,Suspended
AN0002717,callum,doyle,1996-03-31,M,callum.doyle2717@example.com,+44 7700 900559,bs1  4fh,9995228734,E06,2019-05-10,Active
AN0002718,sofia,grant,1994-11-08,M,sofia.grant2718@example.com,+44 7700 900742,m15fj,9997476395,E01,2021-05-22,Withdrawn
AN0002719,james,whitfield,1990-01-07,f,james.whitfield2719@example.com,(0161) 496 3933,L1 8HA,9998886740,E03,2016-10-02,Active
AN0002720,leila,murray,1987-11-26,F,leila.murray2720@example.com,07700900403,CF10 3DB,9994651862,E06,2016-05-04,Deferred
AN0002721,zainab,ali,1996-11-19,F,zainab.ali2721@example.com,(0161) 496 4824,ne1  3ja,9996865142,E09,2016-12-17,Deferred
AN0002722,idris,sharma,2005-02-06,m,idris.sharma2722@example.com,07700900855,G14HJ,9995522640,E16,2024-10-13,Withdrawn
AN0002723,george,robertson,1996-12-29,F,george.robertson2723@example.com,07700900674,L1 4GB,999320227,E08,2020-03-12,Active
AN0002724,noah,byrne,2003-07-16,M,noah.byrne2724@example.com,+44 7700 900384,bs19aa,9998475554,E01,2021-08-11,Withdrawn
AN0002725,fatima,mackenzie,1995-06-01,m,fatima.mackenzie2725@example.com,07700900334,bs1  2ed,9991836691,E04,2023-09-13,Suspended
AN0002726,zainab,osman,1993-10-03,F,zainab.osman2726@example.com,+44 7700 900628,L14DJ,9998456274,E08,2021-10-02,Withdrawn
AN0002727,oliver,sharma,2002-08-29,F,oliver.sharma2727@example.com,+44 7700 900724,ne15ga,9996609472,E07,2023-01-04,Active
AN0002728,wei,reid,1998-03-21,f,wei.reid2728@example.com,07700900644,BS1 9JD,9994463128,E04,2020-10-09,Deferred
AN0002729,leila,reid,1989-04-03,F,,+44 7700 900351,bs1  1bb,9998513685,E04,2016-06-24,Active
AN0002730,isla,doyle,1987-09-09,F,isla.doyle2730@example.com,+44 7700 900335,L11AJ,9995190036,E03,2017-03-19,Active
AN0002731,james,patel,1996-01-28,f,james.patel2731@example.com,+44 7700 900536,L1 5FH,9993103233,E02,2018-09-17,Suspended
AN0002732,idris,adeyemi,1993-02-16,F,idris.adeyemi2732@example.com,+44 7700 900864,G1 9GD,9996459969,E13,2018-09-21,Active
AN0002733,tom,byrne,1989-06-07,M,tom.byrne2733@example.com,+44 7700 900474,ne19ed,9990781419,E13,2017-07-11,Deferred
AN0002734,oliver,okafor,1998-10-26,m,oliver.okafor2734@example.com,+44 7700 900951,BS13FF,9995475979,E16,2023-06-08,Active
AN0002735,hannah,thompson,1990-08-18,F,hannah.thompson2735@example.com,+44 7700 900789,SW1A 3FD,9994684582,E07,2020-03-11,Withdrawn
AN0002736,idris,okafor,1997-12-21,M,idris.okafor2736@example.com,(0161) 496 6651,NE1 8DH,9992750278,E16,2024-12-22,Suspended
AN0002737,callum,mackenzie,1999-01-25,m,callum.mackenzie2737@example.com,+44 7700 900899,l1  3aj,9996497062,E06,2018-01-24,Suspended
AN0002738,omar,khan,1995-07-08,F,,07700900936,EH14EG,9993950211,E16,2023-08-30,Deferred
AN0002739,erin,reid,1996-09-17,M,erin.reid2739@example.com,(0161) 496 1656,NE1 3DD,9995322080,E02,2021-09-14,Suspended
AN0002740,callum,bianchi,1989-10-07,m,callum.bianchi2740@example.com,+44 7700 900492,M1 8BA,9994782479,E11,2016-07-20,Suspended
AN0002741,chloe,thompson,1999-09-06,M,chloe.thompson2741@example.com,07700900528,g1  1hg,9996027317,E09,2021-06-18,Active
AN0002742,hannah,iqbal,1996-03-06,F,hannah.iqbal2742@example.com,+44 7700 900942,B153JA,9995241692,E04,2016-08-05,Deferred
AN0002743,nadia,lawson,1994-08-16,f,nadia.lawson2743@example.com,+44 7700 900506,EH1 7BF,9998400007,E08,2019-05-12,Active
AN0002744,george,whitfield,1994-08-27,F,george.whitfield2744@example.com,07700900117,L1 4DE,9992583371,E09,2021-01-06,Deferred
AN0002745,noah,khan,1996-04-07,F,noah.khan2745@example.com,+44 7700 900218,g1  5bj,9995786613,E15,2017-08-01,Withdrawn
AN0002746,priya,okafor,1992-11-01,m,priya.okafor2746@example.com,07700900490,ls15je,9990269637,E16,2019-12-10,Active
AN0002747,noah,iqbal,1997-07-13,M,noah.iqbal2747@example.com,07700900479,L1 6JG,9993183822,E07,2023-08-01,Active
AN0002748,leila,khan,1999-08-28,F,leila.khan2748@example.com,+44 7700 900753,g11be,9998429323,E10,2022-01-10,Withdrawn
AN0002749,daniel,grant,1996-11-13,f,daniel.grant2749@example.com,+44 7700 900961,l1  1ba,9993605492,E12,2016-07-07,Active
AN0002750,meera,osman,1999-07-28,M,meera.osman2750@example.com,(0161) 496 3703,L18GH,9999990606,E05,2018-08-12,Active
AN0002751,grace,doyle,2001-11-10,F,grace.doyle2751@example.com,+44 7700 900960,M1 2DD,9990758646,E02,2020-05-09,Active
AN0002752,james,osman,1998-03-25,m,james.osman2752@example.com,07700900302,M1 5DH,9991861750,E10,2021-07-12,Suspended
AN0002753,tom,adeyemi,1991-03-11,F,tom.adeyemi2753@example.com,(0161) 496 3778,ls1  1hd,9995830035,E11,2019-07-23,Suspended
AN0002754,leila,murray,1997-04-23,F,leila.murray2754@example.com,+44 7700 900351,EH15BA,9995348837,E16,2023-12-09,Suspended
AN0002755,oliver,khan,1992-03-25,m,oliver.khan2755@example.com,+44 7700 900608,BS1 4DB,9991671773,E08,2017-11-01,Active
AN0002756,fatima,mackenzie,1996-06-04,F,,(0161) 496 8155,M1 8FG,9994179187,E04,2016-06-27,Withdrawn
AN0002757,james,fenton,1998-09-08,M,james.fenton2757@example.com,+44 7700 900160,ls1  2fa,9990113920,E08,2016-09-11,Active
AN0002758,hassan,chen,1996-01-14,f,hassan.chen2758@example.com,+44 7700 900760,L17FG,9998468914,E11,2021-03-24,Withdrawn
AN0002759,tom,reid,1996-11-05,F,tom.reid2759@example.com,+44 7700 900145,bs12fj,9991929088,E02,2020-06-14,Active
AN0002760,hannah,khan,1996-08-20,M,hannah.khan2760@example.com,07700900647,BS1 7BD,9996991695,E03,2020-03-19,Withdrawn
AN0002761,yusuf,grant,2004-11-11,f,yusuf.grant2761@example.com,07700900485,g1  8fh,9999775977,E12,2023-07-23,Active
AN0002762,tom,murray,1994-10-08,M,tom.murray2762@example.com,+44 7700 900573,G11HD,9993733938,E04,2023-06-18,Active
AN0002763,ruth,byrne,1994-03-22,F,ruth.byrne2763@example.com,+44 7700 900612,CF10 6JA,9998546052,E13,2023-06-13,Active
AN0002764,erin,whitfield,1998-03-07,m,erin.whitfield2764@example.com,+44 7700 900440,NE1 8DA,9992955767,E07,2017-07-08,Active
AN0002765,meera,doyle,2005-01-23,M,meera.doyle2765@example.com,(0161) 496 1166,cf10  3eb,9994344919,E12,2023-09-01,Active
AN0002766,james,kaur,1999-05-18,F,james.kaur2766@example.com,+44 7700 900214,L13FG,9996343650,E15,2022-02-14,Suspended
AN0002767,sarah,haddad,1989-01-19,f,sarah.haddad2767@example.com,+44 7700 900111,NE1 7DJ,9997019180,E01,2017-08-01,Active
AN0002768,sarah,okafor,1995-03-19,M,sarah.okafor2768@example.com,07700900146,L1 2AD,9995034611,E16,2019-01-01,Active
AN0002769,isla,byrne,1992-01-26,M,isla.byrne2769@example.com,+44 7700 900955,g1  6fg,9992335599,E16,2021-05-30,Active
AN0002770,omar,bello,1993-05-31,f,omar.bello2770@example.com,+44 7700 900806,B157EE,9994865005,E01,2016-12-22,Active
AN0002771,tom,cohen,1995-01-09,M,tom.cohen2771@example.com,(0161) 496 2435,CF10 6EH,9990669678,E12,2018-01-04,Suspended
AN0002772,hannah,abara,1996-04-02,F,hannah.abara2772@example.com,07700900253,eh15hf,999153509,E14,2018-05-01,Withdrawn
AN0002773,tom,iqbal,2004-07-10,f,tom.iqbal2773@example.com,+44 7700 900487,b15  3fh,9993271004,E05,2024-03-29,Suspended
AN0002774,yusuf,nwosu,1998-07-01,F,yusuf.nwosu2774@example.com,07700900828,sw1a9bd,9995091631,E02,2020-10-24,Suspended
AN0002775,leila,ali,2000-10-24,F,leila.ali2775@example.com,07700900325,LS1 9HG,9991192492,E08,2024-12-23,Active
AN0002776,james,lawson,1992-01-26,m,james.lawson2776@example.com,07700900215,NE1 4DF,9996791777,E10,2016-04-18,Active
AN0002777,james,patel,2003-11-01,F,james.patel2777@example.com,+44 7700 900987,ls1  4eg,9993353159,E02,2022-12-15,Active
AN0002778,amara,murray,1997-10-30,M,amara.murray2778@example.com,07700900462,SW1A5AF,9997716825,E03,2024-06-16,Active
AN0002779,isla,mackenzie,1994-02-13,m,isla.mackenzie2779@example.com,+44 7700 900484,LS1 8AE,9994732234,E13,2020-04-30,Active
AN0002780,amara,abara,1999-03-26,M,amara.abara2780@example.com,+44 7700 900864,M1 3GF,9995287846,E12,2020-11-07,Active
AN0002781,george,adeyemi,1999-02-09,F,george.adeyemi2781@example.com,+44 7700 900319,eh1  5ba,9999406521,E11,2021-03-22,Active
AN0002782,hassan,ali,2002-09-21,f,hassan.ali2782@example.com,(0161) 496 9808,B155GB,9999550894,E01,2023-02-01,Active
AN0002783,kai,fenton,1993-10-13,M,kai.fenton2783@example.com,07700900784,L1 1HH,9990162204,E05,2018-12-16,Active
AN0002784,oliver,thompson,1991-07-10,F,oliver.thompson2784@example.com,+44 7700 900630,EH1 3HB,9998305683,E13,2018-11-27,Withdrawn
AN0002785,yusuf,rossi,1990-04-19,m,yusuf.rossi2785@example.com,07700900756,ne1  1dd,9999252109,E04,2016-07-11,Deferred
AN0002786,tom,kaur,1991-07-13,F,tom.kaur2786@example.com,07700900316,SW1A3JD,9999025102,E14,2019-11-16,Deferred
AN0002787,amara,patel,1996-07-12,F,amara.patel2787@example.com,(0161) 496 9396,NE1 4GF,9992603224,E05,2022-09-14,Active
AN0002788,yusuf,kaur,1996-03-20,m,yusuf.kaur2788@example.com,+44 7700 900890,ne12jb,9996088898,E11,2021-03-31,Deferred
AN0002789,leila,sharma,1998-12-03,F,leila.sharma2789@example.com,+44 7700 900291,ls1  9hh,9990999740,E04,2022-01-26,Active
AN0002790,chloe,grant,1993-06-06,M,chloe.grant2790@example.com,+44 7700 900402,NE18EJ,9995901250,E09,2017-03-26,Suspended
AN0002791,ethan,murray,1995-12-23,m,ethan.murray2791@example.com,(0161) 496 8234,NE1 7JB,9992959959,E12,2018-04-14,Active
AN0002792,oliver,novak,1998-04-15,M,oliver.novak2792@example.com,+44 7700 900190,BS1 2AE,9993635928,E08,2023-05-06,Withdrawn
AN0002793,amara,whitfield,2000-07-07,M,amara.whitfield2793@example.com,+44 7700 900645,ne1  7he,9996115429,E08,2018-12-24,Active
AN0002794,grace,adeyemi,1993-07-22,m,grace.adeyemi2794@example.com,07700900495,G16BJ,9996664813,E04,2022-09-12,Active
AN0002795,tom,fenton,1999-01-13,M,tom.fenton2795@example.com,07700900680,NE1 1BB,9996382249,E04,2021-01-19,Active
AN0002796,callum,iqbal,2001-11-19,F,callum.iqbal2796@example.com,+44 7700 900626,BS1 9BJ,9995517914,E11,2024-09-01,Active
AN0002797,callum,osman,2003-12-20,f,callum.osman2797@example.com,+44 7700 900830,eh1  9ea,9994940805,E16,2022-04-04,Active
AN0002798,nadia,osman,1994-11-29,M,nadia.osman2798@example.com,07700900818,B154EB,9999266401,E02,2019-08-27,Withdrawn
AN0002799,oliver,iqbal,1992-04-03,M,oliver.iqbal2799@example.com,07700900540,EH1 1BA,9991091793,E10,2016-01-12,Active
AN0002800,james,fenton,2001-10-22,m,james.fenton2800@example.com,07700900436,B15 8FF,9995839318,E11,2025-01-08,Deferred
AN0002801,callum,khan,2000-09-10,M,callum.khan2801@example.com,+44 7700 900573,ne1  2dh,9998107865,Z99,2024-01-15,Active
AN0002802,liam,bello,2002-11-29,M,liam.bello2802@example.com,+44 7700 900895,NE12JH,9992558814,E16,2021-03-16,Withdrawn
AN0002803,amara,khan,1995-05-12,m,amara.khan2803@example.com,(0161) 496 2562,NE1 1JF,9994676008,E04,2020-12-06,Deferred
AN0002804,idris,iqbal,1997-04-05,F,idris.iqbal2804@example.com,+44 7700 900288,G1 5FG,9997951964,E16,2022-10-27,Active
AN0002805,yusuf,byrne,1994-01-15,M,yusuf.byrne2805@example.com,07700900701,sw1a  6ff,9999625215,E09,2023-05-24,Active
AN0002806,sofia,lawson,1997-08-10,m,sofia.lawson2806@example.com,+44 7700 900513,cf107jg,9994420313,E06,2022-11-24,Active
AN0002807,james,robertson,1993-10-25,M,james.robertson2807@example.com,(0161) 496 5545,G1 1JJ,9996350967,E15,2019-11-22,Deferred
AN0002808,hassan,chen,1992-06-27,F,hassan.chen2808@example.com,+44 7700 900311,BS1 4GD,9990177260,E06,2017-08-22,Active
AN0002809,hannah,lawson,1997-09-09,m,hannah.lawson2809@example.com,+44 7700 900771,eh1  3ja,9998233208,E15,2018-04-15,Active
AN0002810,yusuf,reid,2002-08-15,F,yusuf.reid2810@example.com,(0161) 496 7538,L15AJ,9995331152,E10,2023-09-02,Active
AN0002811,daniel,abara,1999-11-19,F,daniel.abara2811@example.com,+44 7700 900802,M1 9FE,9994921525,E09,2020-08-25,Active
AN0002812,ethan,grant,2004-11-28,f,ethan.grant2812@example.com,+44 7700 900726,B15 1ED,9996880702,E08,2024-06-05,Suspended
AN0002813,yusuf,byrne,2000-05-26,F,yusuf.byrne2813@example.com,+44 7700 900931,m1  3gb,9991791949,E04,2023-11-10,Withdrawn
AN0002814,noah,iqbal,1996-10-12,F,noah.iqbal2814@example.com,+44 7700 900306,CF108BB,9992034572,E04,2021-04-23,Active
AN0002815,daniel,robertson,1992-08-21,m,daniel.robertson2815@example.com,(0161) 496 1775,LS1 3FD,9997166434,E07,2019-11-12,Withdrawn
AN0002816,omar,fenton,2000-09-03,F,omar.fenton2816@example.com,07700900263,M1 2BG,9999270999,E07,2023-10-12,Withdrawn
AN0002817,nadia,fenton,1996-12-08,M,nadia.fenton2817@example.com,+44 7700 900831,m1  2je,9996005208,E05,2021-04-13,Suspended
AN0002818,hannah,robertson,1994-02-19,f,hannah.robertson2818@example.com,+44 7700 900305,ne16ej,9992278390,E03,2020-09-06,Withdrawn
AN0002819,amara,cohen,2003-08-11,F,amara.cohen2819@example.com,+44 7700 900656,NE1 1JH,9996577651,E05,2024-11-06,Active
AN0002820,grace,nwosu,1995-02-02,F,grace.nwosu2820@example.com,+44 7700 900880,m13fg,9994749110,E10,2022-03-19,Active
AN0002821,leila,fenton,1995-01-25,m,leila.fenton2821@example.com,+44 7700 900318,eh1  5ff,9994848569,E05,2021-03-21,Active
AN0002822,liam,murray,1998-10-16,F,liam.murray2822@example.com,+44 7700 900735,BS12FD,9990713391,E16,2018-12-11,Active
AN0002823,erin,rossi,1991-11-27,F,erin.rossi2823@example.com,07700900218,LS1 4GG,9992591374,E03,2017-06-15,Deferred
AN0002824,hannah,haddad,1999-04-21,m,hannah.haddad2824@example.com,+44 7700 900735,L1 9AE,9999346863,E03,2024-11-26,Active
AN0002825,daniel,whitfield,2003-03-16,M,daniel.whitfield2825@example.com,07700900261,ne1  2eg,9995050684,E08,2022-04-25,Active
AN0002826,leila,byrne,1994-10-19,F,leila.byrne2826@example.com,(0161) 496 6466,CF107DB,9996272435,E08,2018-12-21,Active
AN0002827,yusuf,iqbal,1997-06-28,f,yusuf.iqbal2827@example.com,07700900563,G1 4AB,9996338452,E06,2020-08-04,Active
AN0002828,idris,okafor,1996-10-24,M,idris.okafor2828@example.com,+44 7700 900731,NE1 9FB,9992059303,E02,2016-12-31,Active
AN0002829,noah,reid,1998-01-13,M,noah.reid2829@example.com,07700900416,m1  8hh,9999706835,E03,2018-01-29,Suspended
AN0002830,callum,murray,1995-03-12,m,callum.murray2830@example.com,07700900118,SW1A8JE,9994962590,E11,2020-08-01,Suspended
AN0002831,omar,thompson,1998-04-16,F,omar.thompson2831@example.com,+44 7700 900293,SW1A 2DG,9993646695,E02,2017-08-01,Active
AN0002832,nadia,patel,1999-07-10,F,nadia.patel2832@example.com,+44 7700 900315,M1 5DD,9999457207,E11,2023-02-12,Active
AN0002833,fatima,nwosu,1992-05-15,f,fatima.nwosu2833@example.com,(0161) 496 6763,g1  1dh,9993607223,E05,2017-02-16,Deferred
AN0002834,hassan,chen,1995-03-03,F,hassan.chen2834@example.com,(0161) 496 9281,BS19AB,9995285444,E07,2024-11-23,Active
AN0002835,amara,novak,1988-10-16,M,amara.novak2835@example.com,(0161) 496 2566,CF10 4JA,9992742003,E11,2018-05-15,Active
AN0002836,noah,bello,2000-09-07,m,noah.bello2836@example.com,07700900553,L1 9BA,9998591597,E14,2019-04-18,Withdrawn
AN0002837,yusuf,adeyemi,1995-02-24,F,yusuf.adeyemi2837@example.com,07700900748,sw1a  5bf,9991408878,E12,2017-11-30,Deferred
AN0002838,yusuf,fenton,1993-04-27,M,yusuf.fenton2838@example.com,+44 7700 900217,B158AB,9998404762,E02,2016-11-13,Active
AN0002839,chloe,bello,1996-05-03,f,chloe.bello2839@example.com,07700900710,m15bg,9999284272,E10,2023-10-03,Active
AN0002840,george,thompson,1997-07-15,F,george.thompson2840@example.com,+44 7700 900517,CF10 8GH,9997164369,E16,2020-11-10,Withdrawn
AN0002841,sarah,robertson,1998-07-12,F,sarah.robertson2841@example.com,(0161) 496 3265,eh1  2jb,9997478258,E09,2025-01-10,Withdrawn
AN0002842,george,khan,2003-01-24,f,george.khan2842@example.com,+44 7700 900225,m11de,9994914103,E16,2024-04-17,Active
AN0002843,priya,fenton,1988-04-18,F,priya.fenton2843@example.com,+44 7700 900817,NE1 2GJ,9991942386,E15,2016-11-30,Active
AN0002844,amara,adeyemi,1989-11-16,M,amara.adeyemi2844@example.com,+44 7700 900898,L1 1AJ,9992785748,E07,2019-08-12,Active
AN0002845,amara,cohen,1998-08-28,f,amara.cohen2845@example.com,+44 7700 900276,cf10  2gf,9996920720,E01,2019-01-29,Active
AN0002846,idris,bianchi,2003-07-12,F,idris.bianchi2846@example.com,(0161) 496 9335,cf104ef,9994539752,E15,2024-09-04,Suspended
AN0002847,hassan,lawson,2005-01-24,F,hassan.lawson2847@example.com,+44 7700 900977,BS1 9AD,9994027832,E09,2023-05-03,Withdrawn
AN0002848,leila,robertson,1992-10-27,f,leila.robertson2848@example.com,+44 7700 900996,EH1 8AF,9995153793,E03,2022-03-11,Active
AN0002849,hannah,bianchi,2002-02-02,M,hannah.bianchi2849@example.com,+44 7700 900629,ls11aa,9992978066,E12,2020-11-01,Withdrawn
AN0002850,noah,adeyemi,1997-04-22,M,noah.adeyemi2850@example.com,+44 7700 900250,LS13DB,9998169038,E06,2020-09-24,Deferred
AN0002851,chloe,lawson,1988-10-06,m,chloe.lawson2851@example.com,+44 7700 900247,B15 5FD,9996083888,E16,2017-12-15,Active
AN0002852,sofia,novak,1989-08-28,M,sofia.novak2852@example.com,07700900296,ls13fh,9996199975,E16,2017-11-14,Active
AN0002853,chloe,wright,1999-04-17,M,chloe.wright2853@example.com,+44 7700 900332,l16db,9995544725,E13,2020-06-26,Active
AN0002854,ruth,sharma,1992-04-14,f,ruth.sharma2854@example.com,07700900269,LS16JE,9997485084,E07,2018-12-17,Deferred
AN0002855,hannah,adeyemi,1998-06-08,M,hannah.adeyemi2855@example.com,+44 7700 900104,NE1 4AJ,9996675858,E01,2018-06-29,Active
AN0002856,omar,khan,2000-08-07,M,omar.khan2856@example.com,+44 7700 900440,b159ej,9999023894,E05,2024-03-29,Deferred
AN0002857,daniel,haddad,1993-04-10,f,daniel.haddad2857@example.com,+44 7700 900207,bs1  3jb,9990796246,E15,2022-08-30,Suspended
AN0002858,amara,nwosu,1990-10-08,F,amara.nwosu2858@example.com,+44 7700 900218,L14JD,9997011759,E06,2018-12-09,Active
AN0002859,oliver,grant,1993-12-20,F,oliver.grant2859@example.com,+44 7700 900528,l15ff,9999890717,E10,2019-04-20,Active
AN0002860,ethan,lawson,1994-07-31,m,ethan.lawson2860@example.com,+44 7700 900929,ls15de,9990083347,E08,2024-04-13,Suspended
AN0002861,idris,thompson,2001-04-25,M,,(0161) 496 4210,bs1  4ae,9990354316,E02,2024-09-27,Active
AN0002862,sarah,chen,1996-06-22,M,sarah.chen2862@example.com,07700900377,ne19bj,9999973221,E13,2023-12-23,Deferred
AN0002863,ethan,sharma,1995-10-16,m,ethan.sharma2863@example.com,(0161) 496 9839,CF10 4BA,9990467862,E07,2022-12-22,Active
AN0002864,sofia,byrne,1993-04-08,F,sofia.byrne2864@example.com,07700900591,SW1A 8HH,9994449117,E11,2020-05-06,Active
AN0002865,sarah,cohen,1990-09-24,F,sarah.cohen2865@example.com,07700900279,g1  6je,9991808728,E06,2018-12-12,Suspended
AN0002866,amara,abara,2000-05-04,m,amara.abara2866@example.com,07700900586,LS18GD,9995272318,E08,2018-07-07,Withdrawn
AN0002867,fatima,mackenzie,1987-03-28,F,fatima.mackenzie2867@example.com,(0161) 496 4831,NE1 3HJ,9995972778,E01,2016-10-04,Active
AN0002868,nadia,okafor,1998-07-17,F,nadia.okafor2868@example.com,(0161) 496 6429,l15ah,9993486981,E12,2019-12-14,Active
AN0002869,ruth,mackenzie,2000-04-11,m,ruth.mackenzie2869@example.com,07700900881,l18eh,9995390817,E16,2024-06-26,Deferred
AN0002870,james,sharma,1991-10-06,M,james.sharma2870@example.com,(0161) 496 2915,NE13HE,9993225088,E16,2021-05-28,Suspended
AN0002871,fatima,bello,2003-05-06,F,fatima.bello2871@example.com,(0161) 496 5230,eh16fg,9997924479,E01,2023-07-23,Deferred
AN0002872,oliver,mackenzie,1991-09-25,f,oliver.mackenzie2872@example.com,+44 7700 900889,bs15da,9996137694,E03,2016-04-07,Active
AN0002873,callum,byrne,2001-11-09,M,,(0161) 496 9922,l19ja,9992812125,E10,2022-04-16,Active
AN0002874,idris,reid,1997-11-15,F,idris.reid2874@example.com,+44 7700 900176,SW1A3HD,9995193353,E09,2024-01-06,Active
AN0002875,isla,ali,1993-03-23,m,isla.ali2875@example.com,(0161) 496 9192,EH1 1BD,9992004320,E15,2021-06-18,Suspended
AN0002876,sofia,nwosu,1993-06-18,M,sofia.nwosu2876@example.com,+44 7700 900732,CF10 7HJ,9990317291,E04,2021-08-11,Active
AN0002877,erin,patel,2000-08-21,F,erin.patel2877@example.com,+44 7700 900798,ne15bf,9991967990,E08,2019-12-05,Suspended
AN0002878,hannah,cohen,1989-07-26,m,hannah.cohen2878@example.com,07700900378,bs17ge,9995194058,E10,2016-10-06,Suspended
AN0002879,chloe,novak,1991-02-04,M,chloe.novak2879@example.com,07700900155,M1 1JG,9998799724,E13,2019-11-22,Deferred
AN0002880,meera,fenton,1995-09-27,M,meera.fenton2880@example.com,+44 7700 900278,G1 4BD,9992725443,E11,2024-03-03,Active
AN0002881,fatima,novak,1990-05-10,f,fatima.novak2881@example.com,07700900438,eh1  7jj,9999677835,E14,2016-02-24,Active
AN0002882,erin,byrne,1998-10-25,M,erin.byrne2882@example.com,+44 7700 900285,cf108fa,9999073727,E03,2020-07-25,Suspended
AN0002883,meera,robertson,1993-01-26,M,meera.robertson2883@example.com,+44 7700 900392,g15fa,9992919566,E06,2019-01-28,Active
AN0002884,omar,wright,1992-09-29,m,omar.wright2884@example.com,(0161) 496 5444,BS1 3DE,9996022935,E11,2019-02-24,Active
AN0002885,leila,patel,2001-12-20,F,leila.patel2885@example.com,+44 7700 900736,b15  9ag,9996070433,E06,2024-09-02,Withdrawn
AN0002886,meera,iqbal,2001-09-12,F,meera.iqbal2886@example.com,+44 7700 900990,M11FG,9991479619,E03,2022-10-19,Active
AN0002887,priya,wright,1992-05-04,f,priya.wright2887@example.com,(0161) 496 9284,G1 4JJ,9998166802,E10,2022-01-02,Activ
AN0002888,sarah,osman,1995-05-26,F,sarah.osman2888@example.com,+44 7700 900410,L1 4DB,9997854578,E05,2022-02-27,Active
AN0002889,james,robertson,1989-12-24,F,james.robertson2889@example.com,07700900619,b15  5gh,9993275417,E16,2016-06-11,Withdrawn
AN0002890,nadia,iqbal,1992-01-24,m,nadia.iqbal2890@example.com,(0161) 496 6640,CF103HH,9999981801,E11,2017-09-07,Active
AN0002891,idris,osman,1999-08-16,F,idris.osman2891@example.com,+44 7700 900343,M1 7FH,9996493237,E12,2017-09-04,Active
AN0002892,ruth,doyle,2000-05-01,M,ruth.doyle2892@example.com,07700900330,b152fe,9995485923,E03,2022-01-15,Withdrawn
AN0002893,kai,fenton,1995-10-28,f,kai.fenton2893@example.com,+44 7700 900611,bs1  8ba,9990281009,E14,2020-06-01,Activ
AN0002894,omar,haddad,1996-05-13,F,omar.haddad2894@example.com,07700900620,ne17ff,9999162770,E09,2020-06-23,Active
AN0002895,wei,abara,1996-10-24,M,wei.abara2895@example.com,+44 7700 900876,M1 3DB,9993537594,E03,2024-03-18,Active
AN0002896,hassan,grant,1990-11-24,m,hassan.grant2896@example.com,+44 7700 900395,LS1 4EA,9990701776,E05,2020-06-06,Active
AN0002897,james,rossi,1995-09-16,F,james.rossi2897@example.com,+44 7700 900219,l1  6aj,9993123315,E06,2018-06-24,Deferred
AN0002898,george,bello,1997-05-13,M,george.bello2898@example.com,(0161) 496 5697,M11EJ,9994164864,E10,2021-08-04,Suspended
AN0002899,kai,whitfield,1993-03-20,m,kai.whitfield2899@example.com,(0161) 496 3140,L1 9HA,9998496357,E11,2022-11-01,Active
AN0002900,liam,chen,1987-12-19,M,liam.chen2900@example.com,+44 7700 900792,BS1 6DG,9995953013,E10,2016-09-28,Active
AN0002901,hassan,khan,2003-01-04,F,hassan.khan2901@example.com,(0161) 496 6911,bs1  2fg,9991020381,Z99,2021-06-21,Active
AN0002902,liam,ali,2009-04-25,m,liam.ali2902@example.com,(0161) 496 3153,M13BA,9996879755,E13,2024-05-12,Active
AN0002903,erin,sharma,1999-02-21,F,erin.sharma2903@example.com,+44 7700 900279,G1 6HH,9992290544,E05,2021-11-25,Deferred
AN0002904,oliver,byrne,1992-09-04,F,oliver.byrne2904@example.com,+44 7700 900849,LS1 4HA,9990648727,E02,2016-03-13,Active
AN0002905,sofia,kaur,1994-01-03,m,sofia.kaur2905@example.com,+44 7700 900473,ls1  1fj,9990483078,E10,2022-06-16,Active
AN0002906,erin,ali,1994-06-10,M,erin.ali2906@example.com,07700900571,eh14ed,9996225062,E07,2017-11-27,Active
AN0002907,oliver,ali,1996-03-12,M,oliver.ali2907@example.com,(0161) 496 2168,EH1 7FH,9990380953,E05,2024-05-15,Active
AN0002908,ruth,nwosu,1994-11-19,f,,+44 7700 900144,M1 1FF,9990509808,E02,2016-09-09,Deferred
AN0002909,priya,novak,1998-06-28,M,priya.novak2909@example.com,07700900592,cf10  9fh,9998422523,E01,2022-07-03,Active
AN0002910,ethan,iqbal,1997-09-29,F,ethan.iqbal2910@example.com,(0161) 496 5804,EH13DJ,9990193258,E13,2021-03-30,Withdrawn
AN0002911,hannah,grant,1992-02-15,m,hannah.grant2911@example.com,(0161) 496 3835,m17ha,9995238144,E01,2019-07-02,Active
AN0002912,amara,khan,1986-12-14,F,,+44 7700 900610,L1 4BD,9994938630,E10,2016-03-30,Active
AN0002913,liam,reid,1998-01-08,M,liam.reid2913@example.com,+44 7700 900578,b155jj,9993065854,E13,2021-07-01,Active
AN0002914,zainab,mackenzie,1998-12-24,f,zainab.mackenzie2914@example.com,07700900667,bs18ea,9994298364,E01,2023-01-22,Active
AN0002915,grace,okafor,1998-02-20,F,grace.okafor2915@example.com,+44 7700 900201,G1 6GB,9994981889,E10,2021-02-27,Deferred
AN0002916,erin,thompson,1993-03-15,M,erin.thompson2916@example.com,+44 7700 900173,NE1 8DJ,9991268316,E11,2016-12-19,Deferred
AN0002917,amara,kaur,1998-11-08,f,amara.kaur2917@example.com,+44 7700 900754,m1  2hj,9990543526,E10,2018-12-04,Suspended
AN0002918,omar,bianchi,1989-05-09,F,omar.bianchi2918@example.com,+44 7700 900851,SW1A3ED,9991073256,E01,2016-10-02,Active
AN0002919,sarah,nwosu,2000-06-02,F,sarah.nwosu2919@example.com,07700900677,SW1A 6HF,9993172103,E04,2018-09-10,Deferred
AN0002920,tom,bianchi,1997-01-09,f,tom.bianchi2920@example.com,07700900847,L1 1BJ,9993505447,E11,2016-09-30,Suspended
AN0002921,sarah,rossi,1996-01-28,M,sarah.rossi2921@example.com,+44 7700 900553,sw1a  8ef,9993505404,E01,2017-03-12,Deferred
AN0002922,george,bianchi,2001-08-24,F,george.bianchi2922@example.com,07700900745,BS15EH,9991314539,E05,2021-05-31,Suspended
AN0002923,chloe,grant,1998-11-22,f,chloe.grant2923@example.com,07700900455,NE1 5GF,9992277602,E13,2017-07-01,Active
AN0002924,nadia,bianchi,1995-09-14,F,,+44 7700 900704,B15 5FF,9991906770,E05,2020-11-11,Withdrawn
AN0002925,liam,khan,1989-10-31,M,liam.khan2925@example.com,+44 7700 900841,eh1  5ej,999842575,E04,2016-02-01,Active
AN0002926,oliver,ali,1998-06-08,f,oliver.ali2926@example.com,+44 7700 900418,NE17ED,9997746902,E07,2019-10-14,Active
AN0002927,meera,abara,1995-08-02,M,meera.abara2927@example.com,+44 7700 900605,L1 6DD,9991200401,E13,2017-03-29,Active
AN0002928,wei,reid,1995-03-24,F,wei.reid2928@example.com,07700900666,EH1 6EG,9990215634,E07,2016-07-12,Active
AN0002929,nadia,osman,1990-11-22,f,nadia.osman2929@example.com,(0161) 496 9319,cf10  5bj,9995134454,E06,2019-02-20,Activ
AN0002930,grace,robertson,1996-05-01,F,grace.robertson2930@example.com,(0161) 496 6105,LS19EB,9998861667,E10,2021-08-01,Active
AN0002931,hannah,mackenzie,1992-01-15,M,hannah.mackenzie2931@example.com,+44 7700 900365,m17df,9997705491,E08,2018-01-26,Active
AN0002932,erin,sharma,1997-06-10,f,erin.sharma2932@example.com,+44 7700 900197,LS1 7JF,9990753512,E07,2020-10-21,Suspended
AN0002933,george,reid,1995-11-19,M,george.reid2933@example.com,+44 7700 900782,bs1  6hg,9998223091,E05,2020-02-06,Active
AN0002934,priya,cohen,1997-10-01,F,priya.cohen2934@example.com,(0161) 496 6964,CF102DF,9998334411,E05,2022-05-13,Active
AN0002935,idris,osman,1993-01-15,m,idris.osman2935@example.com,+44 7700 900268,BS1 2FE,9993529087,E02,2020-04-23,Active
AN0002936,ruth,robertson,1995-01-06,F,ruth.robertson2936@example.com,+44 7700 900370,EH1 8HJ,9990718113,E10,2023-09-20,Suspended
AN0002937,george,doyle,1988-07-14,M,george.doyle2937@example.com,+44 7700 900717,l12ja,9995398745,E14,2017-04-14,Active
AN0002938,liam,osman,1988-12-02,f,liam.osman2938@example.com,07700900815,BS19GB,9997426142,E13,2016-09-21,Active
AN0002939,isla,okafor,1996-03-24,M,isla.okafor2939@example.com,(0161) 496 9582,G1 9EJ,9991035745,E02,2019-04-30,Active
AN0002940,priya,okafor,1990-09-10,M,priya.okafor2940@example.com,+44 7700 900137,m13gf,9999972632,E08,2019-06-29,Withdrawn
AN0002941,priya,wright,1998-01-13,f,priya.wright2941@example.com,+44 7700 900960,sw1a  5dg,9997903544,E15,2016-10-19,Deferred
AN0002942,george,chen,1995-08-22,M,george.chen2942@example.com,+44 7700 900468,BS19FJ,9999186483,E05,2024-05-12,Active
AN0002943,liam,chen,1995-11-19,F,liam.chen2943@example.com,+44 7700 900716,B15 8AH,9992352647,E07,2018-09-01,Active
AN0002944,sarah,ali,1995-03-01,m,sarah.ali2944@example.com,07700900580,M1 7DF,9995487004,E09,2021-10-23,Active
AN0002945,sarah,adeyemi,1992-10-31,M,sarah.adeyemi2945@example.com,(0161) 496 9397,g1  7ab,9996858677,E01,2020-03-17,Suspended
AN0002946,fatima,khan,1994-12-02,F,fatima.khan2946@example.com,07700900727,B151EH,9999993265,E14,2017-07-15,Active
AN0002947,sarah,kaur,1990-07-26,f,sarah.kaur2947@example.com,(0161) 496 4101,cf109ej,9990371717,E09,2020-02-29,Active
AN0002948,oliver,mackenzie,2001-04-29,M,oliver.mackenzie2948@example.com,+44 7700 900523,G1 5GH,9996363635,E08,2020-07-09,Active
AN0002949,idris,novak,1997-04-17,M,idris.novak2949@example.com,(0161) 496 3999,m1  1ej,9999820484,E01,2017-07-29,Suspended
AN0002950,meera,khan,1997-04-13,m,meera.khan2950@example.com,+44 7700 900890,l14jj,9995901293,E13,2016-07-07,Suspended
AN0002951,grace,chen,1996-12-14,M,grace.chen2951@example.com,+44 7700 900862,eh16jf,9998507499,E16,2016-04-08,Active
AN0002952,grace,chen,2001-10-10,F,,07700900866,EH1 4DH,9991380035,E02,2022-01-14,Suspended
AN0002953,hannah,ali,1991-03-30,m,hannah.ali2953@example.com,(0161) 496 7628,m1  5af,9996194566,E16,2020-11-11,Withdrawn
AN0002954,sofia,thompson,2002-07-27,M,sofia.thompson2954@example.com,+44 7700 900724,BS15DD,9993197890,E06,2021-08-30,Withdrawn
AN0002955,noah,kaur,1999-07-28,M,noah.kaur2955@example.com,(0161) 496 9484,M1 1JD,9992747838,E15,2017-08-25,Active
AN0002956,george,thompson,1989-05-01,m,george.thompson2956@example.com,+44 7700 900375,EH1 3GE,9992494174,E06,2016-01-25,Suspended
AN0002957,meera,khan,2003-05-24,M,meera.khan2957@example.com,07700900619,b15  2ab,9991910433,E01,2021-08-07,Deferred
AN0002958,kai,ali,2000-06-13,M,kai.ali2958@example.com,(0161) 496 5928,ls16ag,9996310620,E09,2019-06-24,Deferred
AN0002959,isla,lawson,1990-02-07,f,isla.lawson2959@example.com,07700900953,NE1 7BJ,9998729629,E14,2016-09-28,Active
AN0002960,chloe,osman,1997-10-08,M,chloe.osman2960@example.com,+44 7700 900195,EH1 2AA,9992592303,E10,2021-07-09,Active
AN0002961,sarah,patel,1994-06-05,F,sarah.patel2961@example.com,(0161) 496 6242,ls1  9aa,9996054691,E14,2020-08-20,Active
AN0002962,ethan,mackenzie,1994-10-05,m,ethan.mackenzie2962@example.com,+44 7700 900114,EH13AF,9990878870,E06,2023-03-19,Active
AN0002963,fatima,nwosu,1988-02-21,F,fatima.nwosu2963@example.com,+44 7700 900338,B15 4GA,9991037705,E14,2017-11-08,Active
AN0002964,hannah,whitfield,1993-05-20,M,hannah.whitfield2964@example.com,+44 7700 900979,SW1A 7DJ,9991570888,E07,2019-07-25,Active
AN0002965,yusuf,sharma,1999-06-09,m,yusuf.sharma2965@example.com,+44 7700 900449,eh14fb,9998924553,E01,2018-12-16,Withdrawn
AN0002966,noah,haddad,2000-09-15,M,,(0161) 496 1924,eh11ea,9995818159,E11,2023-01-08,Active
AN0002967,james,abara,2000-08-14,F,james.abara2967@example.com,(0161) 496 9771,sw1a5bf,9997333128,E07,2020-10-26,Withdrawn
AN0002968,omar,abara,1996-05-28,f,omar.abara2968@example.com,(0161) 496 1971,LS1 3AA,9998479274,E11,2019-12-16,Active
AN0002969,yusuf,nwosu,1995-05-08,F,yusuf.nwosu2969@example.com,+44 7700 900659,b15  6bf,9992014075,E02,2024-09-21,Active
AN0002970,james,grant,2001-05-29,M,james.grant2970@example.com,+44 7700 900131,NE14BJ,9994996320,E08,2020-12-26,Active
AN0002971,fatima,kaur,2002-11-24,f,fatima.kaur2971@example.com,+44 7700 900606,g13hb,9992400021,E06,2024-07-14,Suspended
AN0002972,meera,doyle,2000-03-16,M,meera.doyle2972@example.com,07700900451,SW1A 1DD,9994089757,E12,2023-12-13,Withdrawn
AN0002973,yusuf,chen,1995-06-20,M,yusuf.chen2973@example.com,07700900263,cf105db,9999288413,E10,2018-07-26,Withdrawn
AN0002974,erin,murray,1996-06-12,f,erin.murray2974@example.com,07700900291,L17ED,9995157047,E11,2019-02-14,Deferred
AN0002975,omar,khan,2000-03-12,M,omar.khan2975@example.com,+44 7700 900378,ne12gd,9998744334,E12,2018-08-04,Active
AN0002976,george,kaur,1996-02-10,M,george.kaur2976@example.com,(0161) 496 1829,ne12ae,9991140751,E11,2016-02-16,Suspended
AN0002977,sofia,fenton,2000-10-23,f,sofia.fenton2977@example.com,(0161) 496 5134,ne1  5fe,9995344750,E11,2020-11-24,Active
AN0002978,erin,ali,2001-06-28,M,erin.ali2978@example.com,(0161) 496 2313,b158bg,9998073278,E08,2022-03-21,Active
AN0002979,fatima,iqbal,1997-08-30,F,fatima.iqbal2979@example.com,+44 7700 900632,CF10 4JD,9992383224,E12,2019-11-06,Active
AN0002980,grace,adeyemi,1998-01-09,f,grace.adeyemi2980@example.com,+44 7700 900488,G1 6GD,9998023319,E14,2018-09-06,Suspended
AN0002981,ethan,iqbal,2000-07-11,M,ethan.iqbal2981@example.com,(0161) 496 2522,eh1  4dj,9994909940,E04,2023-04-07,Active
AN0002982,sofia,abara,2003-12-02,M,sofia.abara2982@example.com,+44 7700 900139,CF103BF,9991335471,E07,2023-03-11,Deferred
AN0002983,meera,sharma,1994-06-16,f,meera.sharma2983@example.com,07700900868,CF10 4FB,9991577181,E15,2017-11-22,Withdrawn
AN0002984,kai,adeyemi,2002-02-21,M,kai.adeyemi2984@example.com,07700900539,cf106dg,9994190822,E01,2022-05-01,Active
AN0002985,leila,grant,1995-07-11,F,leila.grant2985@example.com,(0161) 496 3460,g1  1jh,9993736430,E11,2019-02-01,Deferred
AN0002986,meera,thompson,1998-08-18,f,meera.thompson2986@example.com,+44 7700 900611,SW1A1GE,9994286323,E02,2018-01-10,Active
AN0002987,amara,robertson,2005-10-25,F,amara.robertson2987@example.com,+44 7700 900370,EH1 4HH,9995216086,E02,2020-01-10,Active
AN0002988,amara,reid,1994-01-26,F,amara.reid2988@example.com,07700900732,B15 4FH,9999353959,E10,2021-09-10,Active
AN0002989,omar,cohen,1998-09-10,m,omar.cohen2989@example.com,(0161) 496 8447,m19dh,9991667326,E13,2019-04-07,Active
AN0002990,noah,bianchi,1997-08-25,M,noah.bianchi2990@example.com,+44 7700 900598,L13AF,9993769797,E08,2021-01-08,Withdrawn
AN0002991,wei,grant,2000-02-07,M,wei.grant2991@example.com,07700900774,SW1A 7EA,9997982339,E16,2020-06-21,Active
AN0002992,chloe,whitfield,1994-12-16,f,chloe.whitfield2992@example.com,+44 7700 900289,m12jb,9992698772,E02,2023-06-14,Active
AN0002993,kai,sharma,1991-05-01,M,kai.sharma2993@example.com,+44 7700 900899,cf10  9ga,9994794795,E03,2019-12-17,Suspended
AN0002994,yusuf,kaur,1992-05-07,F,yusuf.kaur2994@example.com,(0161) 496 3526,BS11JD,9998636779,E09,2020-06-20,Active
AN0002995,callum,ali,1999-07-09,m,callum.ali2995@example.com,+44 7700 900118,L1 6GA,9998413834,E15,2020-03-04,Active
AN0002996,oliver,cohen,1991-07-04,M,oliver.cohen2996@example.com,(0161) 496 8686,BS1 1JJ,9999886183,E03,2017-09-03,Active
AN0002997,ruth,byrne,1996-04-17,M,ruth.byrne2997@example.com,(0161) 496 1060,ls1  9ad,9992446617,E09,2020-08-23,Active
AN0002998,meera,murray,1993-06-10,f,meera.murray2998@example.com,+44 7700 900287,CF106JA,9993883395,E03,2020-01-12,Active
AN0002999,james,bello,1993-05-02,M,james.bello2999@example.com,07700900713,M1 8HF,9995774275,E07,2022-06-25,Deferred
AN0003000,hassan,rossi,2000-04-22,M,hassan.rossi3000@example.com,07700900429,eh18da,9992646527,E09,2018-12-08,Active
AN0003001,erin,patel,1991-02-24,f,erin.patel3001@example.com,+44 7700 900144,l1  4ba,9991797769,Z99,2017-03-29,Withdrawn
AN0003002,priya,nwosu,1999-10-09,M,priya.nwosu3002@example.com,07700900540,EH13ED,9995522098,E05,2017-10-17,Active
AN0003003,george,cohen,1993-10-18,M,george.cohen3003@example.com,07700900211,LS1 1DG,9990941130,E10,2023-05-05,Active
AN0003004,zainab,nwosu,1990-04-09,m,,+44 7700 900498,G1 7EH,9999509266,E13,2019-09-10,Suspended
AN0003005,zainab,novak,2001-06-08,M,zainab.novak3005@example.com,07700900201,eh1  4ah,9993288586,E05,2021-07-04,Active
AN0003006,grace,novak,2003-12-19,M,grace.novak3006@example.com,07700900231,B158BA,9999071139,E09,2022-07-15,Active
AN0003007,sofia,bello,1991-11-16,f,sofia.bello3007@example.com,07700900651,sw1a4bd,9997790537,E12,2016-08-09,Active
AN0003008,omar,murray,1992-03-23,M,omar.murray3008@example.com,07700900357,LS1 8AE,9997733800,E14,2021-09-07,Active
AN0003009,george,novak,1997-08-07,F,george.novak3009@example.com,07700900226,sw1a  5de,9990086583,E10,2018-03-04,Active
AN0003010,fatima,adeyemi,1996-07-31,m,fatima.adeyemi3010@example.com,07700900405,LS12BF,9994675737,E03,2022-04-20,Withdrawn
AN0003011,liam,murray,2000-11-26,F,liam.murray3011@example.com,(0161) 496 2146,L1 4BD,9992197927,E04,2023-01-16,Active
AN0003012,sarah,grant,2000-10-05,F,sarah.grant3012@example.com,07700900309,SW1A 1GH,9994172735,E04,2019-01-26,Active
AN0003013,hassan,doyle,1998-02-22,m,hassan.doyle3013@example.com,+44 7700 900892,ls1  7ea,9991508929,E13,2021-07-01,Suspended
AN0003014,priya,osman,1997-08-10,M,priya.osman3014@example.com,+44 7700 900575,SW1A5GA,9998607299,E05,2017-09-13,Active
AN0003015,nadia,chen,1996-05-26,F,nadia.chen3015@example.com,+44 7700 900241,bs16bj,9997931602,E13,2021-08-25,Active
AN0003016,tom,khan,2001-04-21,f,tom.khan3016@example.com,(0161) 496 6924,CF10 2DA,9996955214,E08,2024-01-15,Active
AN0003017,tom,byrne,2001-01-01,F,tom.byrne3017@example.com,(0161) 496 8732,ne1  6jb,9991129286,E16,2020-06-17,Active
AN0003018,amara,abara,1991-12-11,M,amara.abara3018@example.com,+44 7700 900734,CF106GF,9998598060,E15,2018-05-20,Active
AN0003019,hassan,fenton,1996-06-12,f,hassan.fenton3019@example.com,07700900952,NE1 5FA,9999405215,E14,2022-02-25,Active
AN0003020,idris,bianchi,1995-11-21,M,,+44 7700 900615,M1 6EA,9999333672,E01,2021-07-28,Active
AN0003021,wei,osman,1994-05-11,F,wei.osman3021@example.com,+44 7700 900414,m13jb,9992533250,E04,2021-07-13,Deferred
AN0003022,isla,bianchi,1992-08-28,f,isla.bianchi3022@example.com,+44 7700 900240,m13bb,9995444852,E14,2016-11-19,Active
AN0003023,chloe,haddad,2004-10-24,M,chloe.haddad3023@example.com,+44 7700 900646,M1 1JB,9997797302,E06,2023-10-30,Active
AN0003024,noah,fenton,2001-10-19,M,noah.fenton3024@example.com,(0161) 496 3817,sw1a5ae,9992178566,E07,2020-05-31,Withdrawn
AN0003025,tom,robertson,1994-04-27,f,tom.robertson3025@example.com,(0161) 496 2389,ls1  1fe,9997756460,E07,2016-10-11,Active
AN0003026,tom,bianchi,1998-11-26,F,tom.bianchi3026@example.com,07700900196,CF109GE,9999990878,E15,2017-09-09,Active
AN0003027,callum,thompson,1996-09-17,M,callum.thompson3027@example.com,+44 7700 900941,B15 3FH,9993146420,E06,2021-10-11,Deferred
AN0003028,ethan,fenton,1992-07-28,m,,+44 7700 900371,B15 7HF,9997732375,E03,2021-10-19,Active
AN0003029,grace,nwosu,2003-12-12,M,grace.nwosu3029@example.com,+44 7700 900105,cf10  2hf,9995692740,E11,2023-04-13,Active
AN0003030,omar,murray,1993-01-27,M,omar.murray3030@example.com,+44 7700 900976,CF102EF,9998125804,E03,2020-07-23,Active
AN0003031,amara,byrne,1997-05-11,f,amara.byrne3031@example.com,+44 7700 900406,EH1 1FD,9994265628,E09,2022-09-21,Active
AN0003032,priya,adeyemi,1998-03-13,M,priya.adeyemi3032@example.com,(0161) 496 1443,L1 3FJ,9999783740,E12,2020-07-12,Active
AN0003033,idris,khan,2001-01-31,F,idris.khan3033@example.com,07700900907,ls1  5df,9998412870,E09,2022-10-06,Deferred
AN0003034,wei,bianchi,1998-01-24,f,wei.bianchi3034@example.com,(0161) 496 3612,eh19jj,9999481949,E15,2024-04-02,Active
AN0003035,amara,abara,1997-08-03,M,amara.abara3035@example.com,07700900401,SW1A 9HJ,9993258687,E04,2021-02-19,Suspended
AN0003036,james,robertson,1995-02-28,M,james.robertson3036@example.com,(0161) 496 7343,G1 7EH,9991205411,E11,2017-10-16,Deferred
AN0003037,ethan,okafor,1998-06-28,f,ethan.okafor3037@example.com,(0161) 496 5905,l1  8ab,9993627062,E11,2024-03-05,Deferred
AN0003038,leila,rossi,1995-02-28,F,leila.rossi3038@example.com,(0161) 496 3254,B156FE,9991290451,E09,2016-10-22,Active
AN0003039,hannah,bello,1999-09-08,M,hannah.bello3039@example.com,+44 7700 900140,sw1a5gb,9990666059,E15,2020-01-30,Suspended
AN0003040,hassan,nwosu,2000-11-27,m,,+44 7700 900639,NE1 4DD,9997021169,E10,2023-03-11,Active
AN0003041,amara,doyle,1994-10-21,M,amara.doyle3041@example.com,+44 7700 900618,bs1  7gh,9999178154,E04,2022-01-16,Withdrawn
AN0003042,callum,fenton,1987-11-23,F,callum.fenton3042@example.com,+44 7700 900325,B157HF,9993474304,E02,2016-12-21,Active
AN0003043,nadia,grant,1992-10-11,f,nadia.grant3043@example.com,(0161) 496 8114,M1 2GG,9991609644,E15,2022-02-19,Active
AN0003044,ethan,patel,1996-10-09,M,ethan.patel3044@example.com,+44 7700 900657,ls17bf,9997307488,E14,2020-10-18,Active
AN0003045,grace,patel,1995-01-09,F,grace.patel3045@example.com,+44 7700 900214,bs1  7fh,9992174560,E06,2024-03-11,Suspended
AN0003046,tom,fenton,1997-06-06,f,tom.fenton3046@example.com,(0161) 496 4708,NE11HF,9997381564,E01,2022-03-15,Suspended
AN0003047,noah,chen,2002-06-19,F,noah.chen3047@example.com,+44 7700 900764,sw1a3ed,9996391698,E05,2021-12-08,Deferred
AN0003048,tom,bianchi,1996-12-10,F,tom.bianchi3048@example.com,07700900492,G1 7FJ,9991753400,E09,2022-06-24,Active
AN0003049,chloe,kaur,2000-09-30,f,chloe.kaur3049@example.com,+44 7700 900323,eh1  5ah,9991091629,E09,2019-11-10,Suspended
AN0003050,grace,haddad,2000-10-05,M,grace.haddad3050@example.com,+44 7700 900929,LS17EJ,9996981207,E15,2021-05-21,Active
AN0003051,sofia,murray,1997-09-10,F,sofia.murray3051@example.com,+44 7700 900479,CF10 2FJ,9990129835,E04,2022-11-24,Withdrawn
AN0003052,isla,byrne,2000-05-28,f,isla.byrne3052@example.com,+44 7700 900802,M1 6AA,9996528537,E15,2024-10-11,Active
AN0003053,daniel,iqbal,1991-07-27,F,daniel.iqbal3053@example.com,07700900919,g1  3dd,9990065977,E01,2021-04-06,Active
AN0003054,isla,adeyemi,1989-06-17,M,isla.adeyemi3054@example.com,07700900102,b155da,9998721709,E04,2017-07-09,Deferred
AN0003055,nadia,wright,1993-04-11,m,nadia.wright3055@example.com,07700900725,CF10 3BB,9997123042,E10,2021-04-19,Withdrawn
AN0003056,ethan,ali,1996-09-17,M,ethan.ali3056@example.com,07700900790,M1 7HG,9991366229,E13,2020-06-15,Deferred
AN0003057,sofia,robertson,1988-09-06,M,sofia.robertson3057@example.com,+44 7700 900978,sw1a  6ah,9999947832,E05,2016-09-14,Suspended
AN0003058,ruth,adeyemi,2001-09-04,m,ruth.adeyemi3058@example.com,+44 7700 900554,EH11JF,9994441752,E10,2020-06-12,Active
AN0003059,liam,doyle,1998-06-27,M,liam.doyle3059@example.com,+44 7700 900341,BS1 3GA,9999761038,E13,2022-09-25,Deferred
AN0003060,callum,cohen,1999-01-14,F,callum.cohen3060@example.com,+44 7700 900784,l11gb,9999388302,E14,2025-01-10,Active
AN0003061,noah,wright,1992-05-03,m,noah.wright3061@example.com,07700900184,bs1  4af,9990185905,E11,2016-12-24,Active
AN0003062,fatima,thompson,1990-04-12,F,fatima.thompson3062@example.com,+44 7700 900520,L13DF,9998650380,E05,2016-11-16,Active
AN0003063,sarah,novak,1998-07-23,M,sarah.novak3063@example.com,+44 7700 900370,bs13ff,9994066153,E03,2022-05-11,Withdrawn
AN0003064,wei,sharma,1997-02-06,f,wei.sharma3064@example.com,(0161) 496 7334,M1 9ED,9995914328,E16,2022-08-17,Deferred
AN0003065,ruth,patel,1995-06-08,F,ruth.patel3065@example.com,07700900898,g1  2da,9990861781,E14,2017-11-29,Suspended
AN0003066,kai,thompson,1994-12-10,F,kai.thompson3066@example.com,+44 7700 900300,LS15DA,9995703653,E11,2018-03-29,Suspended
AN0003067,daniel,patel,1991-01-16,f,daniel.patel3067@example.com,(0161) 496 3574,bs11fh,9999811728,E16,2016-04-15,Withdrawn
AN0003068,meera,sharma,1988-06-11,M,meera.sharma3068@example.com,+44 7700 900194,CF10 8DJ,9992410264,E03,2018-01-11,Active
AN0003069,sofia,whitfield,1989-11-16,M,sofia.whitfield3069@example.com,+44 7700 900903,bs12fe,9999384153,E02,2016-02-24,Active
AN0003070,ruth,lawson,1994-07-28,m,ruth.lawson3070@example.com,+44 7700 900941,B152EJ,9998872871,E01,2021-10-15,Active
AN0003071,kai,khan,1994-04-10,M,kai.khan3071@example.com,07700900786,CF10 9AA,9997709780,E11,2016-06-16,Active
AN0003072,fatima,doyle,1997-07-17,M,fatima.doyle3072@example.com,(0161) 496 6286,EH1 2EB,9997448510,E11,2024-08-13,Active
AN0003073,amara,novak,1997-02-23,f,amara.novak3073@example.com,+44 7700 900481,ne1  9gg,9997108744,E06,2018-07-02,Active
AN0003074,daniel,bello,1993-06-27,F,daniel.bello3074@example.com,07700900506,SW1A9JD,9995477750,E02,2023-01-28,Suspended
AN0003075,omar,grant,2000-03-01,M,omar.grant3075@example.com,+44 7700 900232,EH1 8BB,9991621989,E12,2024-11-25,Active
AN0003076,nadia,osman,2003-07-02,f,nadia.osman3076@example.com,07700900190,g12hf,9999070442,E06,2024-08-12,Active
AN0003077,isla,doyle,2002-02-18,M,isla.doyle3077@example.com,+44 7700 900535,m11bj,9998425247,E09,2022-06-16,Deferred
AN0003078,sarah,bello,1999-12-02,F,sarah.bello3078@example.com,(0161) 496 8988,B151JG,9993595136,E07,2018-06-11,Active
AN0003079,erin,murray,1991-01-29,f,erin.murray3079@example.com,+44 7700 900350,LS1 5HE,9991697888,E07,2020-07-31,Withdrawn
AN0003080,idris,doyle,1996-02-08,M,idris.doyle3080@example.com,+44 7700 900676,L1 2FD,9991696563,E05,2021-04-23,Active
AN0003081,omar,whitfield,1997-08-23,F,omar.whitfield3081@example.com,+44 7700 900308,eh1  8hh,9995440660,E05,2024-11-08,Active
AN0003082,tom,nwosu,2000-03-26,m,tom.nwosu3082@example.com,+44 7700 900740,ne11bb,9998721393,E07,2021-10-11,Withdrawn
AN0003083,kai,nwosu,1987-05-19,F,kai.nwosu3083@example.com,(0161) 496 6594,l13eh,9999136400,E09,2016-05-26,Suspended
AN0003084,sofia,sharma,2001-09-04,F,sofia.sharma3084@example.com,+44 7700 900759,L1 8EG,9991884971,E05,2024-10-07,Active
AN0003085,fatima,nwosu,1991-06-05,f,fatima.nwosu3085@example.com,+44 7700 900328,b15  7ha,9992352175,E13,2017-11-06,Active
AN0003086,yusuf,rossi,1991-03-03,M,yusuf.rossi3086@example.com,+44 7700 900932,G12AD,9999058140,E01,2017-12-15,Deferred
AN0003087,leila,sharma,2000-06-04,M,leila.sharma3087@example.com,+44 7700 900322,SW1A 5JJ,9998854342,E10,2023-12-10,Deferred
AN0003088,daniel,wright,1990-04-23,f,daniel.wright3088@example.com,+44 7700 900310,L1 4EE,9990304718,E10,2017-09-29,Withdrawn
AN0003089,idris,lawson,1996-04-24,M,idris.lawson3089@example.com,+44 7700 900862,sw1a  2db,9995207818,E12,2017-09-12,Withdrawn
AN0003090,sarah,mackenzie,1996-10-05,F,sarah.mackenzie3090@example.com,07700900561,sw1a8af,9993737518,E04,2020-05-01,Active
AN0003091,fatima,abara,1996-03-31,f,fatima.abara3091@example.com,07700900229,ls19fj,9996600971,E05,2019-08-08,Deferred
AN0003092,hassan,reid,1977-10-18,F,hassan.reid3092@example.com,+44 7700 900331,G1 9BG,9991859403,E15,2017-01-08,Active
AN0003093,daniel,haddad,1989-10-01,F,daniel.haddad3093@example.com,07700900377,eh1  6hj,9995561239,E05,2016-02-01,Active
AN0003094,liam,bianchi,2000-08-25,m,liam.bianchi3094@example.com,07700900400,SW1A2GA,9992942010,E13,2023-10-28,Withdrawn
AN0003095,oliver,chen,2004-08-31,F,oliver.chen3095@example.com,+44 7700 900278,LS1 1DF,9991985778,E12,2024-09-17,Active
AN0003096,sarah,novak,2002-05-29,M,sarah.novak3096@example.com,+44 7700 900834,L1 4GJ,9993618772,E04,2024-01-08,Suspended
AN0003097,ethan,reid,1999-05-14,f,ethan.reid3097@example.com,(0161) 496 3671,g1  9ge,9995995158,E04,2022-08-23,Active
AN0003098,fatima,haddad,1994-04-14,F,fatima.haddad3098@example.com,+44 7700 900393,b151fh,9996414426,E11,2016-08-09,Withdrawn
AN0003099,hassan,abara,1998-10-19,M,hassan.abara3099@example.com,+44 7700 900608,G1 8AB,9995088061,E07,2023-08-06,Suspended
AN0003100,ethan,mackenzie,1997-04-03,m,ethan.mackenzie3100@example.com,07700900823,LS1 7GE,9994768093,E11,2019-09-23,Deferred
AN0003101,sofia,ali,2001-01-08,M,sofia.ali3101@example.com,(0161) 496 4885,eh1  5ad,9995470144,Z99,2019-07-05,Suspended
AN0003102,james,ali,2001-06-22,M,james.ali3102@example.com,+44 7700 900330,EH11DB,9994549804,E05,2023-01-23,Active
AN0003103,callum,iqbal,1995-04-22,m,,+44 7700 900533,cf107ef,9996605574,E01,2018-02-07,Active
AN0003104,george,iqbal,1991-05-18,M,george.iqbal3104@example.com,+44 7700 900290,B15 4BE,9992108118,E15,2019-10-10,Active
AN0003105,meera,whitfield,1998-02-16,M,meera.whitfield3105@example.com,(0161) 496 9183,ne1  9bh,9997066685,E05,2024-02-24,Active
AN0003106,liam,haddad,2000-11-04,m,liam.haddad3106@example.com,+44 7700 900645,m13jd,9999014054,E05,2019-08-05,Active
AN0003107,george,robertson,1996-04-04,F,george.robertson3107@example.com,+44 7700 900351,NE1 5EG,9997258010,E06,2022-12-21,Deferred
AN0003108,leila,reid,1993-10-03,F,leila.reid3108@example.com,+44 7700 900118,SW1A 4DE,9990192685,E10,2020-02-19,Active
AN0003109,meera,ali,1998-04-02,f,,+44 7700 900150,g1  2bj,9996142663,E13,2021-09-09,Active
AN0003110,fatima,haddad,1996-07-22,F,fatima.haddad3110@example.com,07700900815,M12AA,9992649135,E06,2021-07-18,Withdrawn
AN0003111,george,abara,1994-05-31,F,george.abara3111@example.com,+44 7700 900480,LS1 8GE,9997910532,E01,2021-11-24,Active
AN0003112,nadia,iqbal,1999-01-14,f,nadia.iqbal3112@example.com,+44 7700 900363,B15 5BA,9990024200,E16,2020-04-25,Deferred
AN0003113,oliver,grant,2001-09-04,F,oliver.grant3113@example.com,(0161) 496 3176,g1  6jj,9991128484,E05,2020-03-18,Activ
AN0003114,meera,khan,1992-08-17,M,meera.khan3114@example.com,+44 7700 900826,BS15AF,9997891368,E12,2017-12-19,Active
AN0003115,liam,kaur,1994-04-15,m,liam.kaur3115@example.com,07700900493,B15 9DJ,9994145509,E01,2020-09-06,Active
AN0003116,tom,lawson,1988-10-20,F,tom.lawson3116@example.com,+44 7700 900975,NE1 3FD,9999734448,E10,2016-07-07,Active
AN0003117,callum,adeyemi,1998-08-10,F,callum.adeyemi3117@example.com,(0161) 496 2986,b15  2ba,9995221810,E11,2021-05-23,Deferred
AN0003118,sofia,rossi,1996-07-18,f,sofia.rossi3118@example.com,07700900845,NE19HH,9991139524,E03,2016-10-22,Active
AN0003119,hassan,novak,2002-06-06,F,hassan.novak3119@example.com,+44 7700 900181,L1 7BA,9991324704,E12,2024-12-03,Active
AN0003120,ethan,thompson,1999-11-26,M,ethan.thompson3120@example.com,(0161) 496 8191,g18fg,9995173301,E16,2019-04-13,Active
AN0003121,ruth,adeyemi,1996-02-28,f,ruth.adeyemi3121@example.com,+44 7700 900192,g1  2hh,9995517280,E10,2021-09-10,Active
AN0003122,liam,bianchi,1994-05-15,M,,+44 7700 900195,EH18DD,9992945311,E10,2018-06-06,Withdrawn
AN0003123,liam,robertson,1997-01-14,M,liam.robertson3123@example.com,07700900374,SW1A 1GE,9990942072,E10,2019-03-01,Withdrawn
AN0003124,ruth,bello,2003-12-28,f,ruth.bello3124@example.com,+44 7700 900689,M1 4BB,9995749165,E12,2022-08-18,Active
AN0003125,erin,cohen,1995-10-22,F,erin.cohen3125@example.com,+44 7700 900931,ne19gb,9998203856,E13,2020-11-10,Withdrawn
AN0003126,oliver,bello,2001-04-09,F,oliver.bello3126@example.com,(0161) 496 5725,M16AH,9999851185,E16,2019-05-09,Active
AN0003127,leila,fenton,1998-11-20,f,leila.fenton3127@example.com,+44 7700 900623,sw1a9gb,9999667570,E08,2024-08-14,Withdrawn
AN0003128,hassan,cohen,2001-01-26,M,hassan.cohen3128@example.com,+44 7700 900900,B15 5DH,9991395709,E15,2019-04-04,Active
AN0003129,sofia,mackenzie,2000-09-14,M,sofia.mackenzie3129@example.com,07700900745,sw1a  3ej,9998930383,E08,2019-11-24,Active
AN0003130,callum,doyle,1994-08-02,f,callum.doyle3130@example.com,(0161) 496 4014,CF103DD,9999537626,E08,2016-07-29,Deferred
AN0003131,omar,osman,1998-11-24,M,omar.osman3131@example.com,07700900232,L1 3AH,9995490595,E12,2022-03-01,Active
AN0003132,fatima,grant,1991-04-23,F,fatima.grant3132@example.com,07700900483,sw1a9ea,9998294819,E01,2019-08-18,Active
AN0003133,hassan,murray,1995-07-07,f,hassan.murray3133@example.com,+44 7700 900837,bs1  2bh,9993798002,E04,2020-09-15,Deferred
AN0003134,wei,okafor,1988-02-22,M,wei.okafor3134@example.com,(0161) 496 8253,BS18AJ,9994310292,E07,2017-11-13,Deferred
AN0003135,sarah,okafor,1993-10-05,F,sarah.okafor3135@example.com,(0161) 496 1582,BS1 3GF,9990983186,E08,2018-05-29,Suspended
AN0003136,fatima,bianchi,1998-02-03,f,fatima.bianchi3136@example.com,+44 7700 900942,NE1 9EA,9998197481,E05,2019-02-14,Active
AN0003137,george,rossi,1997-06-30,M,george.rossi3137@example.com,07700900508,eh1  3ga,9994717421,E10,2017-10-01,Active
AN0003138,kai,sharma,1996-06-18,M,kai.sharma3138@example.com,+44 7700 900126,M12HA,9992418117,E09,2020-07-26,Active
AN0003139,callum,nwosu,2005-04-12,f,callum.nwosu3139@example.com,07700900837,LS1 7DB,9994720201,E10,2024-04-19,Active
AN0003140,idris,mackenzie,1998-08-03,F,idris.mackenzie3140@example.com,+44 7700 900286,bs16fa,9996864294,E10,2016-10-04,Withdrawn
AN0003141,ruth,reid,2001-02-19,F,ruth.reid3141@example.com,(0161) 496 3252,l1  4bj,9990446202,E07,2021-07-06,Active
AN0003142,kai,mackenzie,2000-07-20,m,kai.mackenzie3142@example.com,07700900178,cf108ef,9991421149,E14,2024-03-15,Active
AN0003143,yusuf,ali,1992-05-19,F,yusuf.ali3143@example.com,07700900945,BS1 1JA,9993942715,E02,2020-11-23,Withdrawn
AN0003144,wei,mackenzie,2002-11-30,F,wei.mackenzie3144@example.com,07700900682,ls13dg,9991640045,E11,2021-06-27,Deferred
AN0003145,george,thompson,1997-08-08,f,george.thompson3145@example.com,+44 7700 900518,cf10  4jb,9990120633,E02,2018-12-25,Active
AN0003146,zainab,kaur,1994-10-31,F,zainab.kaur3146@example.com,07700900423,CF108GH,9996766748,E16,2022-06-26,Active
AN0003147,ruth,wright,1992-05-08,F,ruth.wright3147@example.com,(0161) 496 4481,LS1 5DD,9994532448,E13,2017-02-26,Active
AN0003148,callum,thompson,1997-10-05,m,callum.thompson3148@example.com,+44 7700 900735,sw1a1gb,9998365147,E10,2016-02-24,Suspended
AN0003149,daniel,bello,2003-09-24,M,daniel.bello3149@example.com,+44 7700 900461,b15  8aa,9998341086,E15,2023-06-21,Active
AN0003150,priya,lawson,1999-07-21,M,priya.lawson3150@example.com,(0161) 496 5462,G12EH,9990294224,E15,2022-08-15,Withdrawn
AN0003151,hassan,cohen,1994-11-25,m,hassan.cohen3151@example.com,07700900814,M1 6GG,9995924196,E01,2016-01-11,Active
AN0003152,callum,cohen,1998-02-05,M,callum.cohen3152@example.com,+44 7700 900188,M1 8AE,9990325383,E07,2019-08-14,Active
AN0003153,erin,mackenzie,1989-11-05,F,erin.mackenzie3153@example.com,07700900942,m1  7gb,9998111463,E12,2018-12-31,Active
AN0003154,sarah,thompson,1999-11-17,m,sarah.thompson3154@example.com,+44 7700 900483,B159FG,9993559962,E01,2021-07-14,Active
AN0003155,tom,novak,1997-01-18,M,tom.novak3155@example.com,(0161) 496 2220,ls15ef,9996662918,E07,2017-03-15,Withdrawn
AN0003156,amara,byrne,1998-05-18,F,amara.byrne3156@example.com,+44 7700 900493,sw1a2fh,9992058498,E05,2019-10-02,Active
AN0003157,zainab,ali,2001-05-11,m,zainab.ali3157@example.com,+44 7700 900403,ne1  2ee,9993369411,E01,2022-12-10,Active
AN0003158,ethan,okafor,2004-12-08,F,ethan.okafor3158@example.com,+44 7700 900648,LS16GF,9993868612,E13,2023-07-22,Active
AN0003159,chloe,wright,1994-06-20,F,chloe.wright3159@example.com,+44 7700 900931,B15 1AJ,9999485634,E10,2021-06-15,Active
AN0003160,oliver,whitfield,1995-07-17,m,oliver.whitfield3160@example.com,07700900506,B15 4JG,999011214,E07,2017-02-04,Deferred
AN0003161,grace,doyle,1995-09-15,M,grace.doyle3161@example.com,07700900265,l13db,9996596044,E15,2024-12-14,Active
AN0003162,isla,mackenzie,1996-02-25,F,isla.mackenzie3162@example.com,+44 7700 900180,B154GJ,9992992441,E13,2021-02-28,Active
AN0003163,chloe,sharma,1993-11-04,f,chloe.sharma3163@example.com,+44 7700 900706,B15 4HA,9992638230,E08,2020-07-20,Suspended
AN0003164,hassan,mackenzie,1991-08-03,F,hassan.mackenzie3164@example.com,+44 7700 900909,EH1 6HA,9991868658,E03,2021-04-10,Active
AN0003165,kai,wright,1989-01-17,F,kai.wright3165@example.com,+44 7700 900391,ne1  3jj,9997729110,E05,2017-04-11,Deferred
AN0003166,priya,khan,2005-04-29,f,priya.khan3166@example.com,07700900101,ne13eb,9996172589,E13,2024-09-02,Withdrawn
AN0003167,ruth,adeyemi,2003-08-13,M,ruth.adeyemi3167@example.com,07700900619,sw1a5gg,9991217444,E01,2024-03-22,Active
AN0003168,chloe,khan,2002-10-21,F,chloe.khan3168@example.com,+44 7700 900615,B15 8AF,9992371250,E14,2024-05-04,Active
AN0003169,sarah,khan,1999-03-30,f,sarah.khan3169@example.com,07700900899,b158gb,9996245241,E15,2017-07-16,Active
AN0003170,ethan,osman,2000-11-28,F,ethan.osman3170@example.com,07700900909,BS19GG,9992929774,E15,2021-03-23,Active
AN0003171,noah,osman,1998-07-07,F,noah.osman3171@example.com,07700900427,G1 5DD,9995487292,E08,2024-11-23,Active
AN0003172,oliver,ali,1990-04-16,m,oliver.ali3172@example.com,+44 7700 900964,CF10 4DE,9991719555,E12,2018-10-14,Deferred
AN0003173,tom,chen,1999-07-10,F,tom.chen3173@example.com,(0161) 496 3068,m1  6hj,9998637473,E15,2022-09-04,Active
AN0003174,tom,haddad,1998-09-12,F,tom.haddad3174@example.com,07700900155,ls17jb,9995840537,E16,2020-05-29,Suspended
AN0003175,daniel,rossi,1999-05-28,f,daniel.rossi3175@example.com,+44 7700 900226,L1 3JF,9990034109,E11,2019-08-27,Deferred
AN0003176,idris,wright,2002-09-27,F,idris.wright3176@example.com,+44 7700 900188,BS1 5JF,9990970645,E04,2021-01-21,Active
AN0003177,leila,byrne,2002-09-27,M,leila.byrne3177@example.com,07700900528,m12gg,9992402784,E03,2023-03-06,Active
AN0003178,zainab,rossi,1997-05-28,m,zainab.rossi3178@example.com,(0161) 496 4741,BS16EB,9996951529,E13,2016-09-18,Deferred
AN0003179,george,cohen,2006-02-14,F,george.cohen3179@example.com,+44 7700 900916,L1 2EJ,9996670805,E10,2024-11-18,Deferred
AN0003180,nadia,sharma,1990-10-14,F,nadia.sharma3180@example.com,+44 7700 900463,M1 2ED,9994014404,E01,2019-11-07,Suspended
AN0003181,george,whitfield,1994-07-15,f,george.whitfield3181@example.com,+44 7700 900565,b15  3fh,9995224119,E02,2021-10-15,Active
AN0003182,isla,lawson,2003-01-04,F,isla.lawson3182@example.com,07700900679,LS17GE,9992738391,E09,2022-03-11,Deferred
AN0003183,nadia,okafor,1999-09-01,F,nadia.okafor3183@example.com,07700900622,EH1 8AE,9999579965,E06,2024-01-11,Suspended
AN0003184,amara,kaur,1991-05-26,f,amara.kaur3184@example.com,(0161) 496 5177,bs14aj,9997714652,E15,2018-09-26,Withdrawn
AN0003185,sofia,haddad,1997-01-18,M,sofia.haddad3185@example.com,+44 7700 900955,bs12ab,9998981379,E15,2016-02-23,Active
AN0003186,priya,mackenzie,2002-06-12,F,priya.mackenzie3186@example.com,+44 7700 900906,eh15ge,9991951105,E04,2021-02-23,Active
AN0003187,callum,iqbal,1998-04-25,m,callum.iqbal3187@example.com,+44 7700 900465,m15hd,9990008884,E12,2024-06-25,Withdrawn
AN0003188,isla,khan,2005-05-29,M,isla.khan3188@example.com,+44 7700 900555,LS1 3DG,9996931498,E02,2024-10-29,Active
AN0003189,sofia,rossi,1987-10-06,F,sofia.rossi3189@example.com,+44 7700 900574,cf10  2ae,9997731107,E03,2016-10-21,Deferred
AN0003190,ruth,fenton,1992-09-25,m,ruth.fenton3190@example.com,+44 7700 900656,g12gb,9999400744,E09,2018-03-02,Deferred
AN0003191,wei,ali,1996-11-14,M,wei.ali3191@example.com,+44 7700 900616,LS1 2AJ,9990595585,E01,2022-08-03,Deferred
AN0003192,george,chen,1998-07-13,F,george.chen3192@example.com,+44 7700 900833,CF10 8ED,9994966073,E14,2020-02-18,Active
AN0003193,tom,bianchi,1999-10-04,m,tom.bianchi3193@example.com,07700900469,l1  2db,9996296687,E03,2024-12-02,Active
AN0003194,george,nwosu,1994-10-21,F,george.nwosu3194@example.com,+44 7700 900655,G15FH,9996889580,E02,2021-11-14,Active
AN0003195,grace,byrne,1994-03-23,M,grace.byrne3195@example.com,07700900384,eh13bj,9993485640,E11,2023-07-12,Withdrawn
AN0003196,isla,mackenzie,2000-04-19,m,isla.mackenzie3196@example.com,(0161) 496 6066,EH1 2HE,9994742124,E15,2020-08-25,Active
AN0003197,james,iqbal,1997-07-16,,james.iqbal3197@example.com,+44 7700 900106,ls1  9bj,9998807247,E13,2023-07-24,Active
AN0003198,daniel,ali,1989-08-05,F,daniel.ali3198@example.com,+44 7700 900488,BS17HJ,9999586015,E06,2016-03-14,Withdrawn
AN0003199,priya,wright,1993-09-24,f,priya.wright3199@example.com,07700900828,EH1 7GB,9997921275,E16,2020-03-02,Withdrawn
AN0003200,wei,robertson,1991-11-19,F,wei.robertson3200@example.com,+44 7700 900781,BS1 7EJ,9990164851,E04,2017-01-14,Active
AN0003201,fatima,ali,1989-01-24,M,fatima.ali3201@example.com,07700900821,cf10  4fb,9990436258,Z99,2017-07-03,Suspended
AN0003202,leila,cohen,1989-06-09,m,leila.cohen3202@example.com,+44 7700 900906,M19JH,9994046616,E14,2018-10-03,Deferred
AN0003203,priya,haddad,1994-08-16,F,priya.haddad3203@example.com,07700900977,m17be,9999865364,E10,2023-09-12,Deferred
AN0003204,isla,iqbal,1988-02-07,M,isla.iqbal3204@example.com,07700900672,G1 1EJ,9993612510,E05,2016-03-11,Active
AN0003205,erin,thompson,1994-10-19,m,erin.thompson3205@example.com,+44 7700 900435,ls12db,9999338739,E14,2021-11-22,Active
AN0003206,priya,fenton,1990-06-06,F,priya.fenton3206@example.com,07700900810,g18ej,9997564103,E05,2018-08-20,Active
AN0003207,priya,patel,1994-01-18,M,priya.patel3207@example.com,+44 7700 900494,EH1 5BE,9990984557,E13,2017-06-01,Withdrawn
AN0003208,hannah,iqbal,1997-04-15,m,hannah.iqbal3208@example.com,+44 7700 900449,m15be,9993255866,E08,2019-08-19,Active
AN0003209,omar,whitfield,2002-04-25,F,omar.whitfield3209@example.com,+44 7700 900926,b152bb,9993723673,E15,2023-04-26,Suspended
AN0003210,omar,thompson,1988-11-13,M,omar.thompson3210@example.com,07700900255,M12BB,9990983089,E12,2018-05-15,Suspended
AN0003211,erin,ali,2000-03-28,m,erin.ali3211@example.com,07700900764,BS1 2HA,9998289688,E08,2018-04-26,Suspended
AN0003212,george,ali,1994-07-29,F,george.ali3212@example.com,+44 7700 900655,B15 6AG,9998779685,E15,2018-04-15,Active
AN0003213,sofia,patel,2004-02-21,F,sofia.patel3213@example.com,+44 7700 900367,eh1  3eg,9998648408,E03,2022-05-19,Withdrawn
AN0003214,james,lawson,1990-08-03,f,james.lawson3214@example.com,(0161) 496 5188,LS13FA,9997689836,E10,2017-08-17,Active
AN0003215,daniel,lawson,1998-07-02,F,daniel.lawson3215@example.com,+44 7700 900637,M1 5AE,9998454530,E09,2022-12-26,Active
AN0003216,noah,bianchi,1993-09-05,M,noah.bianchi3216@example.com,+44 7700 900798,L1 1BB,9994665847,E15,2017-12-06,Suspended
AN0003217,meera,thompson,1991-07-04,f,meera.thompson3217@example.com,+44 7700 900362,sw1a  3de,9995960656,E06,2016-07-20,Deferred
AN0003218,amara,nwosu,1997-01-13,M,,07700900408,EH14HA,9994884867,E16,2024-07-11,Suspended
AN0003219,meera,mackenzie,1994-03-13,F,meera.mackenzie3219@example.com,+44 7700 900233,cf104ha,9998973031,E09,2019-08-16,Active
AN0003220,oliver,grant,1994-06-26,f,oliver.grant3220@example.com,+44 7700 900404,SW1A 8AG,9990133344,E02,2019-01-31,Withdrawn
AN0003221,chloe,patel,2003-06-18,F,chloe.patel3221@example.com,07700900532,b152ge,9990261016,E06,2024-02-18,Withdrawn
AN0003222,yusuf,chen,1999-01-19,M,yusuf.chen3222@example.com,(0161) 496 1753,L19GJ,9998462053,E05,2020-04-10,Active
AN0003223,omar,murray,1997-04-08,f,omar.murray3223@example.com,+44 7700 900622,LS1 8DH,9994018817,E05,2016-12-25,Suspended
AN0003224,idris,murray,1991-08-04,M,idris.murray3224@example.com,07700900176,ne13jb,9991319485,E03,2020-12-06,Withdrawn
AN0003225,oliver,haddad,2002-06-20,M,oliver.haddad3225@example.com,07700900369,cf104gj,9998868351,E04,2023-11-01,Active
AN0003226,hannah,grant,1995-07-28,m,hannah.grant3226@example.com,+44 7700 900808,L13JF,9990712336,E09,2019-03-15,Active
AN0003227,leila,chen,2004-08-31,F,leila.chen3227@example.com,+44 7700 900916,LS1 4JE,9994588613,E07,2024-02-13,Active
AN0003228,tom,chen,1994-12-15,M,tom.chen3228@example.com,+44 7700 900230,ne18jg,9994840045,E13,2018-09-24,Active
AN0003229,idris,novak,1995-01-11,f,idris.novak3229@example.com,+44 7700 900827,sw1a  2hh,9996793990,E03,2022-09-10,Active
AN0003230,callum,kaur,2005-05-02,M,callum.kaur3230@example.com,07700900680,L19DA,9999833810,E14,2024-01-06,Active
AN0003231,callum,lawson,1995-06-20,M,callum.lawson3231@example.com,+44 7700 900442,LS1 7FH,9995054671,E05,2017-06-17,Suspended
AN0003232,chloe,doyle,1992-10-01,f,chloe.doyle3232@example.com,+44 7700 900285,SW1A 1DD,9993714240,E07,2020-03-13,Withdrawn
AN0003233,idris,thompson,1989-02-16,M,idris.thompson3233@example.com,07700900722,ls19fa,9999696570,E02,2018-10-04,Suspended
AN0003234,fatima,kaur,1998-01-30,M,fatima.kaur3234@example.com,(0161) 496 1195,l13bg,9998056020,E03,2021-03-21,Active
AN0003235,meera,kaur,1995-03-05,m,meera.kaur3235@example.com,+44 7700 900965,B15 8AA,9994096427,E02,2016-05-25,Suspended
AN0003236,daniel,iqbal,1991-03-12,M,daniel.iqbal3236@example.com,07700900987,SW1A 1DD,9996108554,E12,2016-06-10,Active
AN0003237,sarah,osman,1993-10-08,,sarah.osman3237@example.com,(0161) 496 7260,eh1  2gb,9991822240,E08,2018-02-10,Active
AN0003238,omar,khan,1999-05-26,m,omar.khan3238@example.com,+44 7700 900350,LS14DB,9999285813,E05,2022-06-21,Active
AN0003239,fatima,cohen,1996-03-23,M,fatima.cohen3239@example.com,07700900900,BS1 2HB,9991995323,E16,2016-05-28,Active
AN0003240,grace,patel,1993-03-26,M,grace.patel3240@example.com,(0161) 496 9850,M1 5EG,9999419976,E16,2021-08-19,Active
AN0003241,fatima,okafor,2004-04-27,m,fatima.okafor3241@example.com,+44 7700 900921,b15  2hj,9991410481,E13,2023-06-15,Deferred
AN0003242,nadia,adeyemi,1999-12-07,M,nadia.adeyemi3242@example.com,07700900130,sw1a9ed,9993652938,E01,2023-06-14,Active
AN0003243,noah,khan,2003-10-28,F,noah.khan3243@example.com,+44 7700 900521,L1 2HJ,9990130590,E01,2023-11-19,Active
AN0003244,idris,whitfield,1990-07-27,f,idris.whitfield3244@example.com,07700900697,L1 1JE,9998688787,E09,2018-10-13,Deferred
AN0003245,hassan,nwosu,1987-07-05,M,hassan.nwosu3245@example.com,07700900452,eh1  1fa,9991668454,E15,2016-09-05,Active
AN0003246,idris,haddad,1996-03-24,M,idris.haddad3246@example.com,+44 7700 900653,EH19BA,9994598279,E16,2024-05-23,Active
AN0003247,priya,cohen,1993-11-07,f,priya.cohen3247@example.com,07700900572,M1 8DB,9999815332,E04,2023-06-11,Active
AN0003248,tom,rossi,1998-04-28,M,tom.rossi3248@example.com,+44 7700 900564,NE1 9EE,9992085207,E11,2019-05-04,Active
AN0003249,daniel,bello,2003-08-14,F,daniel.bello3249@example.com,+44 7700 900448,ne16hg,9999504442,E13,2021-11-14,Deferred
AN0003250,hassan,iqbal,1995-08-22,f,hassan.iqbal3250@example.com,(0161) 496 2423,LS19EB,9997949447,E13,2019-02-20,Active
AN0003251,wei,bello,1995-09-04,F,wei.bello3251@example.com,(0161) 496 5848,LS1 8HE,9994955098,E05,2023-02-16,Active
AN0003252,ruth,mackenzie,1992-06-29,M,ruth.mackenzie3252@example.com,07700900165,SW1A 6DG,9991189467,E03,2016-10-02,Active
AN0003253,liam,haddad,1996-09-18,f,liam.haddad3253@example.com,+44 7700 900744,cf10  4aa,9994335901,E16,2020-03-20,Active
AN0003254,hannah,mackenzie,1990-08-25,F,hannah.mackenzie3254@example.com,07700900680,EH12FH,9997359283,E07,2016-02-22,Withdrawn
AN0003255,idris,chen,1994-07-04,F,,07700900772,CF10 2HG,9996336557,E10,2020-02-18,Active
AN0003256,sarah,byrne,1991-11-03,f,sarah.byrne3256@example.com,+44 7700 900499,BS1 4DF,9996234436,E09,2016-08-16,Suspended
AN0003257,ethan,reid,2000-01-25,F,ethan.reid3257@example.com,+44 7700 900639,b15  8fj,9994173332,E09,2019-07-16,Withdrawn
AN0003258,sarah,sharma,1994-09-09,F,sarah.sharma3258@example.com,+44 7700 900799,sw1a6ef,9995035812,E09,2021-04-08,Withdrawn
AN0003259,kai,mackenzie,1993-02-10,m,kai.mackenzie3259@example.com,07700900502,M1 9FH,9997608577,E10,2022-11-07,Active
AN0003260,idris,doyle,1994-10-10,M,idris.doyle3260@example.com,07700900389,LS1 9HH,9997192176,E02,2016-04-15,Active
AN0003261,omar,cohen,1996-04-02,M,omar.cohen3261@example.com,(0161) 496 1915,cf10  1jd,9997236572,E09,2020-11-17,Active
AN0003262,oliver,murray,1996-05-15,f,oliver.murray3262@example.com,07700900526,EH11DD,9997244915,E01,2020-11-06,Active
AN0003263,sofia,murray,1993-12-10,F,sofia.murray3263@example.com,07700900751,M1 1GJ,9991833803,E12,2018-01-23,Active
AN0003264,noah,ali,2004-11-30,F,noah.ali3264@example.com,07700900594,sw1a6ee,9990851980,E07,2024-05-24,Suspended
AN0003265,priya,robertson,1998-02-19,f,priya.robertson3265@example.com,(0161) 496 9970,bs1  6hb,9993089753,E10,2022-05-18,Active
AN0003266,kai,adeyemi,1994-04-03,M,kai.adeyemi3266@example.com,(0161) 496 2218,cf107be,9996354857,E07,2016-08-13,Suspended
AN0003267,liam,kaur,2006-01-14,M,,07700900106,G1 8FJ,9994024930,E01,2024-06-07,Active
AN0003268,sofia,bello,2002-01-29,m,sofia.bello3268@example.com,+44 7700 900388,EH1 5GA,9997301994,E06,2022-09-16,Active
AN0003269,liam,bianchi,1989-08-19,F,liam.bianchi3269@example.com,07700900274,eh1  6hh,9993051284,E16,2019-02-09,Active
AN0003270,hannah,grant,1995-05-01,M,hannah.grant3270@example.com,(0161) 496 8547,B154EG,9990150346,E07,2022-12-03,Active
AN0003271,wei,bello,1996-07-19,f,wei.bello3271@example.com,+44 7700 900973,B15 5EE,9997120574,E05,2017-12-26,Suspended
AN0003272,hannah,byrne,1989-09-22,F,hannah.byrne3272@example.com,+44 7700 900616,ls19jd,9998702453,E10,2018-06-16,Active
AN0003273,erin,bianchi,1999-07-23,F,erin.bianchi3273@example.com,+44 7700 900698,sw1a8aa,9999608965,E01,2018-08-13,Active
AN0003274,fatima,kaur,1992-04-27,f,fatima.kaur3274@example.com,+44 7700 900770,L12HB,9995633604,E09,2019-08-15,Withdrawn
AN0003275,james,bianchi,1995-09-19,M,,07700900318,M1 3EA,9996726843,E01,2023-10-23,Active
AN0003276,sofia,byrne,1993-07-26,M,sofia.byrne3276@example.com,+44 7700 900312,EH1 3AH,9999580424,E05,2020-08-10,Suspended
AN0003277,hannah,reid,1989-01-10,f,hannah.reid3277@example.com,07700900671,b15  3bb,9993678589,E01,2017-02-12,Active
AN0003278,idris,khan,2001-02-10,F,idris.khan3278@example.com,(0161) 496 8904,CF107DE,9990737037,E01,2023-08-22,Deferred
AN0003279,isla,abara,1998-07-16,F,isla.abara3279@example.com,+44 7700 900630,LS1 6JA,9995542838,E11,2020-11-06,Withdrawn
AN0003280,noah,adeyemi,1998-11-15,f,noah.adeyemi3280@example.com,+44 7700 900656,SW1A 6FJ,9999489834,E14,2017-12-05,Active
AN0003281,hannah,sharma,2003-05-13,F,hannah.sharma3281@example.com,07700900325,bs1  4gh,9996004279,E15,2022-01-03,Suspended
AN0003282,grace,haddad,2001-01-06,F,grace.haddad3282@example.com,07700900798,B159AG,9996347168,E12,2024-05-30,Suspended
AN0003283,george,bianchi,1998-12-14,m,george.bianchi3283@example.com,+44 7700 900801,EH1 5GD,9995824914,E05,2024-09-17,Suspended
AN0003284,sofia,grant,1995-02-12,M,,+44 7700 900618,BS1 4BA,9997686942,E10,2018-11-26,Active
AN0003285,yusuf,byrne,1996-08-15,M,yusuf.byrne3285@example.com,+44 7700 900777,l1  9jf,9991056637,E13,2020-04-22,Active
AN0003286,yusuf,adeyemi,1999-09-17,m,yusuf.adeyemi3286@example.com,(0161) 496 6572,L19HG,9995786664,E01,2020-09-28,Active
AN0003287,hannah,bianchi,1995-02-15,M,hannah.bianchi3287@example.com,+44 7700 900792,LS1 5GH,9994799843,E04,2016-04-25,Withdrawn
AN0003288,sofia,novak,2000-05-03,M,sofia.novak3288@example.com,07700900592,CF10 3AD,9997105966,E14,2019-11-26,Active
AN0003289,fatima,murray,1996-10-17,f,fatima.murray3289@example.com,+44 7700 900351,ls1  8dd,9997581164,E13,2099-01-23,Active
AN0003290,kai,khan,1993-04-13,M,kai.khan3290@example.com,07700900172,M15JJ,9991631593,E07,2022-11-21,Suspended
AN0003291,grace,fenton,1999-11-12,F,grace.fenton3291@example.com,(0161) 496 2823,M1 9BD,9994402609,E02,2020-07-02,Active
AN0003292,isla,kaur,2001-08-31,f,isla.kaur3292@example.com,+44 7700 900891,NE1 6FD,9998767563,E01,2023-03-06,Active
AN0003293,chloe,wright,1995-10-27,M,chloe.wright3293@example.com,+44 7700 900450,b15  3fb,9996408191,E05,2020-08-03,Active
AN0003294,sofia,osman,1996-08-26,F,sofia.osman3294@example.com,+44 7700 900578,B156BD,9997864484,E03,2016-09-03,Suspended
AN0003295,liam,fenton,1999-06-15,m,liam.fenton3295@example.com,07700900622,L1 1AB,9996246523,E16,2017-11-18,Withdrawn
AN0003296,yusuf,chen,1995-10-03,F,yusuf.chen3296@example.com,+44 7700 900572,CF10 3DA,9990370702,E16,2019-12-15,Deferred
AN0003297,hassan,lawson,1990-09-16,F,hassan.lawson3297@example.com,07700900461,b159dg,9997843711,E08,2020-03-14,Active
AN0003298,hannah,novak,1997-03-31,f,hannah.novak3298@example.com,07700900804,M18BJ,9998158915,E09,2023-09-21,Active
AN0003299,grace,whitfield,1994-11-15,M,grace.whitfield3299@example.com,07700900574,M1 6JB,9996210006,E04,2021-03-25,Active
AN0003300,idris,osman,2002-06-02,F,idris.osman3300@example.com,07700900543,NE1 6AA,9997086147,E09,2024-06-19,Deferred
AN0003301,hassan,byrne,1995-12-22,f,hassan.byrne3301@example.com,+44 7700 900582,ne1  4jh,9992605626,Z99,2016-08-09,Active
AN0003302,hassan,nwosu,1994-06-13,M,hassan.nwosu3302@example.com,(0161) 496 4802,eh13bf,9997630297,E10,2018-08-15,Active
AN0003303,liam,rossi,1995-01-17,F,,07700900656,G1 4GB,9995826372,E05,2016-03-14,Active
AN0003304,isla,cohen,1996-07-12,f,isla.cohen3304@example.com,07700900841,B15 4BJ,9992882395,E03,2023-09-08,Withdrawn
AN0003305,daniel,mackenzie,1995-04-23,F,daniel.mackenzie3305@example.com,+44 7700 900426,eh15ag,9997553241,E08,2017-01-14,Active
AN0003306,hannah,bello,1991-06-04,M,hannah.bello3306@example.com,07700900406,BS12FB,9997178785,E09,2016-06-15,Active
AN0003307,omar,whitfield,1999-09-20,m,,+44 7700 900894,g15gj,9992753730,E01,2023-09-20,Active
AN0003308,erin,robertson,1996-04-01,M,erin.robertson3308@example.com,+44 7700 900361,EH1 5JB,9992695145,E02,2023-09-19,Active
AN0003309,kai,lawson,1997-09-20,M,kai.lawson3309@example.com,07700900454,ne16ef,9990297088,E11,2016-07-09,Active
AN0003310,james,haddad,2001-05-28,m,james.haddad3310@example.com,+44 7700 900982,L15HJ,9992637692,E13,2023-06-10,Active
AN0003311,liam,okafor,1989-12-05,M,liam.okafor3311@example.com,+44 7700 900123,EH1 5JF,9995051591,E04,2019-09-17,Suspended
AN0003312,nadia,bianchi,1995-03-25,F,,07700900265,L1 1HB,9991953728,E08,2016-09-05,Active
AN0003313,omar,adeyemi,1989-04-20,f,omar.adeyemi3313@example.com,+44 7700 900552,g1  4bb,9994516434,E02,2016-01-25,Withdrawn
AN0003314,ethan,rossi,1994-01-01,M,,+44 7700 900566,eh12hd,9997571983,E01,2018-08-20,Deferred
AN0003315,noah,bianchi,2002-08-18,F,noah.bianchi3315@example.com,+44 7700 900455,L1 9HB,9998413001,E07,2023-09-09,Active
AN0003316,james,haddad,1995-01-16,m,james.haddad3316@example.com,+44 7700 900538,l13eh,9999410286,E03,2019-04-12,Suspended
AN0003317,tom,khan,1998-06-06,M,tom.khan3317@example.com,+44 7700 900875,bs1  3ae,9991226583,E16,2024-06-02,Withdrawn
AN0003318,oliver,nwosu,1994-04-13,F,oliver.nwosu3318@example.com,+44 7700 900301,CF104HB,9990532524,E09,2022-07-10,Active
AN0003319,liam,kaur,1990-11-11,m,liam.kaur3319@example.com,(0161) 496 5004,SW1A 8EA,9991221247,E07,2016-12-29,Withdrawn
AN0003320,zainab,chen,1998-12-20,M,zainab.chen3320@example.com,+44 7700 900754,eh16da,9990099111,E01,2017-01-24,Active
AN0003321,ethan,okafor,1998-07-26,M,ethan.okafor3321@example.com,(0161) 496 2035,g1  1fb,9998750822,E10,2021-09-22,Active
AN0003322,tom,osman,1988-12-14,m,tom.osman3322@example.com,07700900549,BS12FE,9991414681,E08,2016-08-13,Deferred
AN0003323,daniel,bianchi,2001-07-18,F,daniel.bianchi3323@example.com,07700900912,EH1 9EG,9991275363,E03,2020-08-04,Active
AN0003324,grace,bello,2005-11-06,M,,07700900799,B15 5JG,9999178359,E09,2024-05-02,Active
AN0003325,kai,doyle,2000-07-10,f,kai.doyle3325@example.com,07700900174,m1  9gg,9991707751,E12,2019-01-11,Active
AN0003326,kai,chen,2002-02-09,F,,+44 7700 900134,EH13AE,9992815973,E14,2021-03-06,Active
AN0003327,kai,abara,1996-10-14,M,kai.abara3327@example.com,(0161) 496 8026,BS1 1AG,9997550749,E08,2023-04-23,Active
AN0003328,kai,mackenzie,1991-04-22,f,kai.mackenzie3328@example.com,+44 7700 900716,LS1 7HD,9993951986,E08,2018-08-28,Withdrawn
AN0003329,sofia,lawson,1997-03-27,F,sofia.lawson3329@example.com,(0161) 496 6224,g1  3dj,9999616003,E16,2018-08-13,Active
AN0003330,sarah,ali,1996-02-13,F,sarah.ali3330@example.com,+44 7700 900653,L18DE,9990772584,E05,2024-10-16,Active
AN0003331,grace,kaur,1991-10-24,f,grace.kaur3331@example.com,+44 7700 900888,EH1 7HH,9990689024,E11,2016-01-22,Withdrawn
AN0003332,omar,nwosu,1995-01-17,M,omar.nwosu3332@example.com,+44 7700 900672,EH1 1JA,9991902414,E09,2021-09-01,Withdrawn
AN0003333,meera,grant,1995-11-05,F,meera.grant3333@example.com,07700900132,bs1  1ge,9993019259,E08,2017-07-13,Deferred
AN0003334,isla,grant,1993-06-29,f,isla.grant3334@example.com,07700900425,SW1A3EB,9997447158,E10,2016-03-21,Active
AN0003335,tom,doyle,2001-11-13,M,tom.doyle3335@example.com,+44 7700 900362,NE1 9ED,9992012021,E08,2021-04-23,Active
AN0003336,callum,reid,1999-04-12,F,callum.reid3336@example.com,07700900686,G1 8GJ,9998697255,E14,2017-12-11,Deferred
AN0003337,nadia,abara,1997-05-07,f,nadia.abara3337@example.com,+44 7700 900907,ne1  8fd,9993151106,E16,2022-09-04,Deferred
AN0003338,ethan,whitfield,1995-06-06,F,ethan.whitfield3338@example.com,+44 7700 900733,sw1a4hh,9997658817,E02,2016-11-16,Deferred
AN0003339,hannah,robertson,1992-02-29,F,hannah.robertson3339@example.com,+44 7700 900463,G1 1JG,9999391789,E03,2016-03-29,Deferred
AN0003340,george,sharma,1998-07-14,f,george.sharma3340@example.com,(0161) 496 5476,EH1 4FA,9998855993,E16,2024-10-16,Active
AN0003341,oliver,thompson,1997-11-17,F,oliver.thompson3341@example.com,07700900352,g1  8ae,9998186838,E03,2021-06-23,Active
AN0003342,oliver,khan,1991-10-02,F,oliver.khan3342@example.com,(0161) 496 4822,L11BB,9996992896,E01,2018-04-15,Withdrawn
AN0003343,wei,adeyemi,1996-11-10,m,wei.adeyemi3343@example.com,(0161) 496 4589,eh19jj,9996013103,E09,2022-06-01,Active
AN0003344,zainab,whitfield,1997-06-17,F,zainab.whitfield3344@example.com,+44 7700 900242,CF10 6DD,9991068465,E09,2016-11-20,Deferred
AN0003345,zainab,abara,1996-12-07,F,zainab.abara3345@example.com,+44 7700 900288,bs1  2ae,9994973649,E11,2020-09-05,Active
AN0003346,liam,nwosu,1987-09-04,f,liam.nwosu3346@example.com,07700900846,L17FB,9991396837,E15,2016-11-18,Active
AN0003347,hassan,grant,1995-08-16,M,hassan.grant3347@example.com,07700900607,M1 2EG,9993366897,E05,2020-11-08,Deferred
AN0003348,grace,chen,1995-04-10,F,grace.chen3348@example.com,+44 7700 900385,EH1 8ED,9994968475,E03,2021-07-18,Active
AN0003349,priya,adeyemi,1987-07-19,m,priya.adeyemi3349@example.com,+44 7700 900213,l1  2hf,9992839635,E03,2016-10-09,Active
AN0003350,priya,lawson,1993-11-26,F,priya.lawson3350@example.com,(0161) 496 5442,L12DA,9993168084,E15,2016-02-15,Active
AN0003351,george,chen,1991-02-07,F,george.chen3351@example.com,+44 7700 900593,G1 4DE,9998759900,E11,2018-10-01,Suspended
AN0003352,sarah,osman,1996-02-15,m,sarah.osman3352@example.com,+44 7700 900945,EH1 2BA,9994670069,E08,2024-07-16,Deferred
AN0003353,grace,whitfield,1999-05-19,M,grace.whitfield3353@example.com,07700900130,cf10  4ja,9997218507,E13,2022-01-20,Active
AN0003354,liam,robertson,1996-09-24,F,liam.robertson3354@example.com,+44 7700 900392,bs19ga,9997524004,E16,2018-10-13,Active
AN0003355,zainab,okafor,1991-12-20,f,zainab.okafor3355@example.com,+44 7700 900217,EH1 2DJ,9990153388,E12,2019-04-14,Suspended
AN0003356,leila,rossi,1985-07-19,M,leila.rossi3356@example.com,(0161) 496 4945,NE1 2BJ,9990074321,E10,2018-09-04,Active
AN0003357,tom,nwosu,1989-11-04,F,tom.nwosu3357@example.com,+44 7700 900844,b15  6hj,9999442471,E03,2018-07-05,Deferred
AN0003358,amara,lawson,1998-02-03,m,amara.lawson3358@example.com,07700900353,B154FE,9996032221,E01,2020-10-01,Active
AN0003359,sarah,patel,1999-07-27,M,sarah.patel3359@example.com,+44 7700 900378,m18ea,9998181925,E05,2023-04-18,Withdrawn
AN0003360,george,thompson,1990-04-26,M,george.thompson3360@example.com,+44 7700 900716,L1 6DD,9998320933,E12,2017-11-29,Deferred
AN0003361,grace,rossi,1998-03-02,m,grace.rossi3361@example.com,+44 7700 900549,ne1  6bf,9995494442,E05,2016-05-27,Active
AN0003362,kai,ali,2000-11-23,M,kai.ali3362@example.com,+44 7700 900336,B155EE,9995573784,E06,2021-06-26,Active
AN0003363,grace,whitfield,1997-04-27,F,grace.whitfield3363@example.com,+44 7700 900248,cf105gh,9999675700,E11,2016-11-08,Active
AN0003364,hannah,abara,2001-11-15,m,hannah.abara3364@example.com,07700900328,B15 4EG,9998410347,E16,2021-05-15,Active
AN0003365,oliver,whitfield,2003-05-27,M,oliver.whitfield3365@example.com,+44 7700 900185,l14dd,9996307093,E09,2023-06-04,Deferred
AN0003366,sofia,rossi,1998-11-14,F,sofia.rossi3366@example.com,+44 7700 900539,NE12DG,9991102981,E05,2020-07-27,Suspended
AN0003367,ethan,abara,1995-02-15,m,ethan.abara3367@example.com,+44 7700 900553,g14dh,9998632013,E02,2018-02-17,Withdrawn
AN0003368,yusuf,robertson,1998-05-08,M,yusuf.robertson3368@example.com,+44 7700 900807,CF10 2BH,9991151648,E04,2019-08-15,Active
AN0003369,grace,abara,1996-01-31,F,grace.abara3369@example.com,(0161) 496 8739,ne1  3ha,9990047030,E03,2017-08-26,Active
AN0003370,priya,khan,1989-06-14,f,priya.khan3370@example.com,(0161) 496 4109,bs12ef,9993105384,E02,2016-02-22,Active
AN0003371,grace,murray,1993-09-21,M,grace.murray3371@example.com,07700900953,LS1 4HB,9991097287,E07,2016-02-03,Withdrawn
AN0003372,liam,chen,1996-04-05,M,liam.chen3372@example.com,+44 7700 900470,M1 1HA,9999784976,E14,2024-05-17,Active
AN0003373,ruth,sharma,1996-11-23,f,ruth.sharma3373@example.com,(0161) 496 7991,b152aa,9994531948,E13,2022-07-10,Active
AN0003374,callum,cohen,2003-02-13,F,callum.cohen3374@example.com,+44 7700 900983,L13GA,9996233278,E11,2024-05-03,Active
AN0003375,kai,mackenzie,1992-08-12,M,kai.mackenzie3375@example.com,+44 7700 900898,eh14ha,999630737,E03,2018-11-28,Active
AN0003376,meera,iqbal,1999-05-21,m,meera.iqbal3376@example.com,+44 7700 900714,M1 8AB,9998988101,E13,2022-02-11,Suspended
AN0003377,hannah,grant,1996-01-25,M,hannah.grant3377@example.com,(0161) 496 4418,b15  6hd,9992234229,E09,2022-03-24,Active
AN0003378,james,thompson,1990-07-13,M,james.thompson3378@example.com,+44 7700 900105,g17hg,9997606124,E11,2018-11-24,Active
AN0003379,george,ali,1999-03-23,m,george.ali3379@example.com,07700900340,BS1 9EA,9991696466,E09,2019-05-21,Suspended
AN0003380,chloe,chen,1991-08-22,F,chloe.chen3380@example.com,+44 7700 900672,G1 2BJ,9996612473,E10,2020-05-26,Withdrawn
AN0003381,idris,murray,1997-01-20,F,idris.murray3381@example.com,+44 7700 900538,bs1  3hg,9990282773,E05,2022-07-27,Active
AN0003382,ruth,rossi,1994-08-30,f,ruth.rossi3382@example.com,+44 7700 900349,EH15JD,9991376836,E11,2018-01-20,Deferred
AN0003383,omar,khan,1997-06-19,M,omar.khan3383@example.com,+44 7700 900791,EH1 3AF,9995352176,E15,2023-07-23,Active
AN0003384,wei,robertson,1999-04-19,M,wei.robertson3384@example.com,(0161) 496 1777,LS1 1EA,9993077909,E14,2024-12-01,Withdrawn
AN0003385,wei,reid,1993-09-27,m,wei.reid3385@example.com,+44 7700 900656,eh1  1gg,9996271811,E15,2016-12-30,Active
AN0003386,liam,bello,1998-08-11,F,liam.bello3386@example.com,07700900155,CF107JH,9996290654,E16,2021-12-29,Active
AN0003387,liam,chen,1997-02-28,F,liam.chen3387@example.com,(0161) 496 8904,sw1a5db,9991523871,E01,2020-07-01,Deferred
AN0003388,idris,sharma,2006-08-09,f,idris.sharma3388@example.com,+44 7700 900454,sw1a7eg,9996338126,E07,2024-08-08,Active
AN0003389,noah,whitfield,2001-09-23,M,noah.whitfield3389@example.com,(0161) 496 3532,sw1a  4jh,9990707375,E02,2023-04-27,Active
AN0003390,hannah,rossi,1995-05-16,F,hannah.rossi3390@example.com,(0161) 496 8245,CF101JA,9996600556,E02,2016-06-26,Withdrawn
AN0003391,hassan,osman,1991-11-16,f,hassan.osman3391@example.com,+44 7700 900826,BS1 2HB,9990287988,E13,2019-02-14,Active
AN0003392,wei,cohen,1996-02-28,F,wei.cohen3392@example.com,(0161) 496 2758,BS1 5GA,9999066038,E09,2019-10-09,Active
AN0003393,james,osman,2003-09-18,M,james.osman3393@example.com,(0161) 496 4575,m1  4ee,9994528041,E02,2023-03-27,Active
AN0003394,omar,bianchi,1997-12-15,f,omar.bianchi3394@example.com,(0161) 496 9367,M17FF,9991528687,E08,2020-05-01,Active
AN0003395,zainab,haddad,1999-03-21,F,zainab.haddad3395@example.com,07700900701,EH1 2JA,9998125707,E10,2021-03-25,Active
AN0003396,ruth,bello,1992-09-27,M,ruth.bello3396@example.com,+44 7700 900663,BS1 8BF,9996759652,E15,2021-12-14,Deferred
AN0003397,chloe,novak,2005-02-20,m,chloe.novak3397@example.com,07700900862,l18hf,9997048601,E16,2023-05-21,Active
AN0003398,callum,byrne,1994-12-28,F,callum.byrne3398@example.com,+44 7700 900522,BS16BD,9991628029,E10,2017-08-03,Active
AN0003399,amara,reid,1991-04-25,F,amara.reid3399@example.com,+44 7700 900700,L1 9GB,9998194806,E04,2017-09-15,Active
AN0003400,fatima,reid,1991-01-08,m,fatima.reid3400@example.com,(0161) 496 3196,L1 3BJ,9991121293,E15,2019-10-10,Active
AN0003401,liam,osman,1993-12-22,F,liam.osman3401@example.com,07700900886,b15  2ef,9996078183,Z99,2018-03-13,Suspended
AN0003402,erin,reid,1998-02-12,F,erin.reid3402@example.com,+44 7700 900270,BS14BB,9992311541,E12,2017-06-08,Deferred
AN0003403,noah,khan,1993-04-22,m,noah.khan3403@example.com,+44 7700 900982,LS1 1HA,9993954322,E04,2016-02-04,Active
AN0003404,kai,chen,1993-12-04,M,kai.chen3404@example.com,07700900812,NE1 9FE,9997491483,E01,2022-09-12,Active
AN0003405,amara,grant,2000-06-07,M,amara.grant3405@example.com,+44 7700 900871,m1  9ja,9996983293,E13,2018-06-07,Deferred
AN0003406,priya,byrne,1993-01-23,m,priya.byrne3406@example.com,+44 7700 900525,NE11JE,9998197503,E01,2017-04-16,Active
AN0003407,liam,wright,1995-03-26,F,liam.wright3407@example.com,+44 7700 900458,SW1A 6HG,9993400262,E12,2022-03-29,Active
AN0003408,liam,grant,1991-11-27,F,liam.grant3408@example.com,+44 7700 900725,bs16fe,9998142180,E11,2017-07-06,Suspended
AN0003409,hassan,reid,2000-09-07,f,hassan.reid3409@example.com,07700900381,bs1  3df,9998976162,E09,2018-09-16,Deferred
AN0003410,sarah,rossi,1995-02-20,M,sarah.rossi3410@example.com,+44 7700 900120,BS13AJ,9998665574,E08,2020-03-04,Suspended
AN0003411,daniel,patel,1990-10-23,M,daniel.patel3411@example.com,+44 7700 900768,B15 9HG,9996737276,E03,2017-11-07,Active
AN0003412,callum,whitfield,1992-07-27,m,callum.whitfield3412@example.com,+44 7700 900220,g12aa,9999129986,E03,2019-11-11,Withdrawn
AN0003413,ethan,reid,2001-07-22,M,ethan.reid3413@example.com,+44 7700 900294,g1  9aj,9991091203,E04,2020-11-06,Withdrawn
AN0003414,hannah,novak,2000-10-21,F,hannah.novak3414@example.com,07700900723,CF104FG,9994681966,E10,2022-07-05,Active
AN0003415,erin,doyle,1996-01-20,m,erin.doyle3415@example.com,+44 7700 900554,b157ej,9995708159,E16,2024-02-07,Withdrawn
AN0003416,omar,fenton,1995-05-14,M,omar.fenton3416@example.com,+44 7700 900537,NE1 3HB,9994645579,E11,2021-02-08,Active
AN0003417,priya,lawson,1995-12-05,F,priya.lawson3417@example.com,(0161) 496 8265,eh1  3jg,9991489126,E11,2016-06-28,Active
AN0003418,grace,thompson,1999-02-24,m,grace.thompson3418@example.com,07700900939,L15FJ,9994927256,E04,2023-08-14,Active
AN0003419,yusuf,wright,1988-12-06,F,yusuf.wright3419@example.com,+44 7700 900974,LS1 4AB,9999439713,E06,2018-02-14,Active
AN0003420,priya,chen,2001-09-29,F,priya.chen3420@example.com,+44 7700 900778,LS1 1AF,9997749197,E03,2023-07-14,Suspended
AN0003421,wei,mackenzie,1999-03-25,m,wei.mackenzie3421@example.com,+44 7700 900832,cf10  8ad,9993478776,E09,2022-05-08,Active
AN0003422,george,khan,1995-02-02,M,george.khan3422@example.com,07700900572,LS12JD,9999279007,E10,2020-05-13,Withdrawn
AN0003423,yusuf,robertson,1998-07-11,F,yusuf.robertson3423@example.com,(0161) 496 5932,g18he,9995873117,E16,2019-04-05,Deferred
AN0003424,zainab,mackenzie,1996-12-06,f,zainab.mackenzie3424@example.com,07700900581,EH1 6HF,9993132810,E11,2024-03-02,Active
AN0003425,tom,haddad,2001-04-24,M,tom.haddad3425@example.com,(0161) 496 3380,bs1  1fh,9998467403,E12,2021-08-10,Active
AN0003426,hannah,bianchi,2003-10-15,F,hannah.bianchi3426@example.com,07700900719,L12JA,9997115279,E06,2021-12-05,Withdrawn
AN0003427,oliver,kaur,2002-08-20,m,oliver.kaur3427@example.com,(0161) 496 4913,LS1 1FA,9992819790,E16,2024-03-20,Deferred
AN0003428,idris,byrne,1999-09-21,M,idris.byrne3428@example.com,(0161) 496 7349,M1 7JB,9996266710,E04,2018-05-18,Active
AN0003429,idris,rossi,1993-06-14,F,,+44 7700 900555,b15  3bd,9992151978,E14,2017-12-12,Suspended
AN0003430,chloe,chen,2000-01-02,f,chloe.chen3430@example.com,+44 7700 900951,EH13FD,9998617847,E14,2021-02-21,Active
AN0003431,sofia,iqbal,2004-02-15,M,sofia.iqbal3431@example.com,+44 7700 900229,CF10 9JE,9991449876,E12,2023-04-17,Active
AN0003432,ethan,kaur,1993-08-28,F,ethan.kaur3432@example.com,07700900200,ls16ee,9999919790,E07,2022-10-25,Active
AN0003433,erin,doyle,1998-10-30,f,erin.doyle3433@example.com,+44 7700 900846,ls1  7ba,9991282777,E06,2018-12-25,Active
AN0003434,tom,bello,1996-01-28,F,tom.bello3434@example.com,+44 7700 900741,l14dh,9994266772,E07,2022-05-10,Active
AN0003435,george,reid,1996-01-10,M,george.reid3435@example.com,+44 7700 900728,EH1 4FA,9997162765,E09,2017-06-28,Active
AN0003436,ethan,murray,2001-02-05,f,ethan.murray3436@example.com,+44 7700 900422,CF10 5BE,9990666024,E12,2023-10-26,Active
AN0003437,daniel,thompson,1988-10-15,F,daniel.thompson3437@example.com,+44 7700 900706,sw1a  2fa,9991065954,E14,2018-04-08,Active
AN0003438,hannah,whitfield,2003-01-22,M,hannah.whitfield3438@example.com,(0161) 496 8779,G11GF,9992602783,E04,2023-08-26,Active
AN0003439,isla,abara,1991-11-30,m,isla.abara3439@example.com,(0161) 496 6502,BS1 5GJ,9990230714,E15,2016-08-15,Withdrawn
AN0003440,callum,mackenzie,1987-06-14,F,callum.mackenzie3440@example.com,+44 7700 900412,m16hj,9991550755,E12,2016-06-18,Active
AN0003441,isla,osman,1991-11-21,M,isla.osman3441@example.com,+44 7700 900668,m1  7fd,9990436541,E06,2020-03-20,Active
AN0003442,ruth,abara,2002-09-20,m,ruth.abara3442@example.com,07700900255,CF106HJ,9993417815,E05,2020-10-11,Suspended
AN0003443,sofia,bello,1999-06-01,F,sofia.bello3443@example.com,+44 7700 900517,BS1 3BB,9994122878,E09,2023-11-27,Active
AN0003444,leila,adeyemi,1996-05-05,M,leila.adeyemi3444@example.com,07700900678,EH1 2EA,9998086280,E02,2018-12-29,Active
AN0003445,noah,patel,1994-11-20,f,noah.patel3445@example.com,+44 7700 900323,m1  2db,9999535321,E05,2017-02-17,Active
AN0003446,yusuf,haddad,1996-05-30,M,yusuf.haddad3446@example.com,+44 7700 900434,cf107aa,9998854113,E16,2020-08-24,Withdrawn
AN0003447,noah,chen,1996-10-31,M,noah.chen3447@example.com,+44 7700 900484,m16gf,9997714105,E05,2016-04-28,Active
AN0003448,yusuf,wright,1996-06-15,f,yusuf.wright3448@example.com,07700900619,NE1 1AF,9995260514,E11,2022-01-04,Deferred
AN0003449,omar,khan,1998-03-11,M,omar.khan3449@example.com,+44 7700 900934,ne1  2bd,9991448861,E02,2020-04-23,Active
AN0003450,ethan,sharma,1990-07-15,F,ethan.sharma3450@example.com,+44 7700 900657,G18GD,9995700565,E13,2017-12-18,Suspended
AN0003451,isla,abara,1998-02-16,m,isla.abara3451@example.com,07700900536,SW1A 7DE,9995613611,E06,2018-02-28,Deferred
AN0003452,james,lawson,2006-05-05,F,james.lawson3452@example.com,+44 7700 900750,BS1 3BD,9999698603,E15,2024-08-13,Withdrawn
AN0003453,oliver,abara,2000-01-23,M,oliver.abara3453@example.com,+44 7700 900905,g1  7de,9994764691,E16,2023-09-03,Withdrawn
AN0003454,hannah,cohen,1994-08-12,m,hannah.cohen3454@example.com,07700900222,BS19AG,9990560323,E10,2021-02-13,Deferred
AN0003455,chloe,doyle,1988-01-16,M,chloe.doyle3455@example.com,+44 7700 900199,G1 4AJ,9993302465,E12,2017-07-02,Active
AN0003456,leila,bello,1999-08-07,F,leila.bello3456@example.com,07700900535,EH1 2AA,9999672248,E06,2024-05-11,Active
AN0003457,daniel,abara,1998-01-17,m,daniel.abara3457@example.com,+44 7700 900389,bs12jb,9990357056,E02,2023-01-30,Withdrawn
AN0003458,kai,kaur,2002-07-18,M,kai.kaur3458@example.com,07700900391,L16AH,9998539927,E10,2024-12-03,Withdrawn
AN0003459,callum,reid,1994-03-22,F,callum.reid3459@example.com,(0161) 496 2310,M1 6DG,9991650644,E07,2022-07-13,Withdrawn
AN0003460,hannah,okafor,1997-10-19,f,hannah.okafor3460@example.com,07700900478,M1 5DH,9998272564,E02,2019-11-15,Suspended
AN0003461,priya,sharma,1994-04-30,M,priya.sharma3461@example.com,+44 7700 900893,m1  2jj,9995367319,E12,2022-07-08,Deferred
AN0003462,amara,fenton,1997-04-09,M,amara.fenton3462@example.com,+44 7700 900811,BS13HE,9999970737,E11,2016-09-27,Active
AN0003463,fatima,byrne,1994-06-24,f,fatima.byrne3463@example.com,07700900632,CF10 4GF,9993075671,E05,2016-04-06,Active
AN0003464,oliver,khan,2002-12-11,F,oliver.khan3464@example.com,(0161) 496 3239,G1 7EG,9990312192,E16,2021-06-27,Active
AN0003465,wei,khan,1992-01-21,F,wei.khan3465@example.com,+44 7700 900382,sw1a4dj,9991546421,E13,2018-02-24,Active
AN0003466,hassan,chen,1992-06-10,m,hassan.chen3466@example.com,(0161) 496 1154,l15fb,9994862979,E07,2017-07-12,Active
AN0003467,daniel,whitfield,2002-08-15,,daniel.whitfield3467@example.com,(0161) 496 8111,CF10 1FA,9990989362,E01,2021-11-03,Active
AN0003468,meera,chen,1993-09-29,F,meera.chen3468@example.com,07700900577,EH1 5AA,9994312227,E09,2016-11-07,Active
AN0003469,fatima,chen,2000-07-21,f,fatima.chen3469@example.com,07700900748,g1  1ee,9996499529,E07,2020-12-16,Active
AN0003470,tom,khan,1995-11-27,M,tom.khan3470@example.com,+44 7700 900521,L12HF,9993514543,E10,2021-04-21,Active
AN0003471,priya,cohen,1998-02-25,F,priya.cohen3471@example.com,(0161) 496 6731,ne19gb,9998903475,E01,2019-11-05,Withdrawn
AN0003472,george,khan,1995-06-12,f,george.khan3472@example.com,+44 7700 900722,M1 2BE,9998321212,E09,2022-12-01,Active
AN0003473,nadia,chen,2000-03-15,F,nadia.chen3473@example.com,+44 7700 900795,m1  1de,9991265287,E08,2019-12-31,Active
AN0003474,erin,grant,1991-06-06,F,erin.grant3474@example.com,+44 7700 900109,G15FA,9993800864,E09,2019-03-06,Active
AN0003475,ethan,kaur,1993-08-03,m,ethan.kaur3475@example.com,(0161) 496 7193,LS1 3EE,9993646954,E04,2016-11-12,Suspended
AN0003476,nadia,reid,1990-04-06,M,nadia.reid3476@example.com,+44 7700 900407,NE1 9GA,9993257915,E09,2020-01-13,Active
AN0003477,yusuf,patel,2000-10-10,M,yusuf.patel3477@example.com,+44 7700 900315,ls1  1hh,9992507012,E13,2021-05-06,Deferred
AN0003478,james,abara,2000-02-12,f,james.abara3478@example.com,+44 7700 900631,NE13DD,9994859935,E16,2022-03-02,Active
AN0003479,ethan,patel,1993-01-01,M,ethan.patel3479@example.com,+44 7700 900459,B15 9HJ,9993796727,E15,2021-08-30,Active
AN0003480,oliver,lawson,1987-08-02,F,oliver.lawson3480@example.com,07700900859,G1 1BD,9995782235,E04,2017-05-16,Suspended
AN0003481,kai,sharma,2000-08-30,m,kai.sharma3481@example.com,+44 7700 900485,ls1  6eh,9991487778,E05,2022-01-29,Active
AN0003482,sarah,wright,2000-06-29,M,sarah.wright3482@example.com,07700900942,NE19AE,9997964489,E16,2022-01-05,Active
AN0003483,hannah,iqbal,1994-02-22,M,hannah.iqbal3483@example.com,07700900882,G1 6DG,9990308977,E07,2017-06-14,Withdrawn
AN0003484,yusuf,haddad,1988-05-04,f,yusuf.haddad3484@example.com,(0161) 496 8765,SW1A 4ED,9991583637,E15,2016-07-26,Active
AN0003485,ethan,doyle,1993-04-13,F,,(0161) 496 4667,cf10  1fe,9996094715,E14,2019-11-13,Withdrawn
AN0003486,leila,bello,1993-09-24,M,leila.bello3486@example.com,(0161) 496 4808,M12FD,9997307461,E10,2023-03-13,Withdrawn
AN0003487,sofia,robertson,1995-03-26,m,sofia.robertson3487@example.com,(0161) 496 8466,NE1 2DJ,9999491766,E06,2019-04-29,Deferred
AN0003488,ethan,lawson,1996-02-24,M,ethan.lawson3488@example.com,+44 7700 900713,M1 7DJ,9999141854,E09,2022-11-05,Deferred
AN0003489,fatima,ali,1991-12-31,M,fatima.ali3489@example.com,+44 7700 900283,bs1  1ae,9994709410,E11,2018-04-25,Active
AN0003490,priya,patel,1995-11-02,m,priya.patel3490@example.com,(0161) 496 1566,sw1a4gd,9995708396,E13,2019-05-03,Deferred
AN0003491,nadia,ali,1995-12-16,M,nadia.ali3491@example.com,+44 7700 900616,b158bh,9992946121,E11,2024-12-10,Withdrawn
AN0003492,grace,lawson,1993-11-07,M,grace.lawson3492@example.com,+44 7700 900900,M1 7AE,9999925634,E16,2022-01-02,Active
AN0003493,erin,okafor,1988-10-16,f,erin.okafor3493@example.com,+44 7700 900151,ne1  1fa,9996177815,E03,2017-11-27,Deferred
AN0003494,fatima,chen,1995-12-12,F,fatima.chen3494@example.com,+44 7700 900249,B152JJ,9996214273,E09,2018-06-16,Active
AN0003495,daniel,grant,1990-08-30,M,daniel.grant3495@example.com,+44 7700 900360,M1 7EG,9992142103,E10,2016-03-29,Withdrawn
AN0003496,sarah,abara,1999-11-26,f,sarah.abara3496@example.com,(0161) 496 6269,G1 9DA,9999412440,E11,2018-12-15,Active
AN0003497,sarah,bello,1994-12-29,M,sarah.bello3497@example.com,07700900102,bs13ej,9998323231,E10,2019-06-12,Active
AN0003498,hannah,okafor,1995-12-03,F,hannah.okafor3498@example.com,+44 7700 900405,LS16BJ,9993588121,E08,2022-09-13,Active
AN0003499,kai,bianchi,1999-07-27,m,kai.bianchi3499@example.com,(0161) 496 9275,l12ea,9996188043,E16,2019-12-05,Active
AN0003500,erin,abara,1988-07-27,F,erin.abara3500@example.com,+44 7700 900704,sw1a7ba,9992967463,E12,2016-09-25,Active
AN0003501,tom,mackenzie,2001-04-10,F,tom.mackenzie3501@example.com,07700900839,bs1  4fe,9997490851,Z99,2022-05-29,Active
AN0003502,liam,patel,2001-07-11,f,liam.patel3502@example.com,+44 7700 900634,BS17FE,9994696319,E08,2020-12-17,Active
AN0003503,james,osman,2001-09-14,F,james.osman3503@example.com,+44 7700 900300,SW1A 3HD,9994824015,E11,2022-11-30,Active
AN0003504,oliver,bianchi,1992-03-09,M,oliver.bianchi3504@example.com,+44 7700 900634,bs18ee,9992471522,E06,2018-04-29,Suspended
AN0003505,chloe,patel,1991-07-23,m,chloe.patel3505@example.com,+44 7700 900497,bs1  8db,9998584078,E02,2018-08-16,Deferred
AN0003506,fatima,byrne,2003-08-26,F,fatima.byrne3506@example.com,07700900817,b155hh,9995422700,E11,2022-05-30,Active
AN0003507,oliver,lawson,2003-04-09,M,oliver.lawson3507@example.com,07700900811,B15 7AH,9995382016,E12,2023-04-22,Active
AN0003508,oliver,murray,1996-02-06,f,oliver.murray3508@example.com,(0161) 496 5133,m12ge,9993662062,E13,2016-11-20,Active
AN0003509,george,lawson,1994-02-13,F,george.lawson3509@example.com,+44 7700 900473,sw1a  8bh,9999252656,E11,2019-02-14,Active
AN0003510,daniel,reid,1996-04-09,M,daniel.reid3510@example.com,+44 7700 900958,SW1A1GH,9995530406,E12,2020-12-23,Deferred
AN0003511,tom,kaur,2000-12-12,f,tom.kaur3511@example.com,+44 7700 900777,l11jg,9993359246,E03,2022-09-05,Active
AN0003512,george,rossi,1996-04-02,M,george.rossi3512@example.com,+44 7700 900582,M1 1HE,9991186891,E02,2017-06-14,Suspended
AN0003513,hassan,novak,1994-06-07,F,,+44 7700 900742,g1  8bd,9994038400,E11,2023-11-23,Suspended
AN0003514,idris,okafor,1991-09-16,m,idris.okafor3514@example.com,(0161) 496 9961,l14de,9995195097,E09,2018-10-27,Active
AN0003515,hannah,ali,1997-05-24,F,hannah.ali3515@example.com,(0161) 496 5003,NE1 9EE,9993787337,E06,2019-06-02,Withdrawn
AN0003516,daniel,doyle,2001-05-09,F,daniel.doyle3516@example.com,07700900615,M1 5AG,9995155672,E04,2022-02-28,Active
AN0003517,wei,abara,1992-10-15,m,wei.abara3517@example.com,+44 7700 900345,cf10  5ja,9998704286,E15,2018-01-19,Active
AN0003518,grace,chen,2000-08-04,F,grace.chen3518@example.com,+44 7700 900300,L18EA,9997013034,E01,2022-12-16,Active
AN0003519,kai,adeyemi,2003-07-07,F,kai.adeyemi3519@example.com,07700900579,SW1A 6JJ,9990802718,E02,2022-08-22,Active
AN0003520,hannah,abara,1994-07-16,f,hannah.abara3520@example.com,07700900173,BS1 1ED,9991138862,E16,2018-01-15,Suspended
AN0003521,nadia,abara,1991-05-02,F,nadia.abara3521@example.com,+44 7700 900871,bs16jd,9991685847,E11,2016-05-03,Withdrawn
AN0003522,omar,robertson,1996-04-07,M,omar.robertson3522@example.com,(0161) 496 6722,B155AG,9997492307,E16,2022-05-09,Deferred
AN0003523,meera,khan,1995-09-02,f,meera.khan3523@example.com,+44 7700 900466,M1 4AJ,9992674539,E02,2022-12-23,Suspended
AN0003524,wei,cohen,1996-05-19,M,wei.cohen3524@example.com,+44 7700 900663,SW1A 3JB,9992737220,E09,2024-02-27,Active
AN0003525,sarah,reid,2001-09-22,M,sarah.reid3525@example.com,+44 7700 900661,b15  6bj,9990524505,E07,2021-03-31,Active
AN0003526,noah,rossi,1994-12-13,m,noah.rossi3526@example.com,+44 7700 900219,B156JH,9994400576,E12,2018-05-16,Suspended
AN0003527,fatima,byrne,1999-08-10,F,fatima.byrne3527@example.com,07700900736,M1 2AJ,9990200688,E10,2019-10-28,Deferred
AN0003528,noah,nwosu,1998-01-21,F,noah.nwosu3528@example.com,+44 7700 900122,EH1 3DF,9990428484,E06,2018-02-11,Active
AN0003529,tom,robertson,2001-01-03,f,tom.robertson3529@example.com,+44 7700 900730,b15  3aa,9998752191,E02,2021-05-30,Active
AN0003530,grace,mackenzie,1990-08-05,F,grace.mackenzie3530@example.com,+44 7700 900120,LS12DA,9996583570,E08,2019-02-07,Withdrawn
AN0003531,erin,wright,2000-05-19,M,erin.wright3531@example.com,07700900709,LS1 8JE,9993294802,E12,2024-07-22,Active
AN0003532,callum,wright,2004-11-05,f,callum.wright3532@example.com,+44 7700 900197,L1 8GF,9991573666,E05,2023-01-02,Withdrawn
AN0003533,leila,bello,1999-07-04,M,leila.bello3533@example.com,+44 7700 900126,sw1a4ab,9997047656,E06,2024-04-10,Active
AN0003534,erin,sharma,1995-07-03,F,erin.sharma3534@example.com,(0161) 496 4230,L13BE,9991808485,E13,2022-04-07,Suspended
AN0003535,james,murray,2001-05-27,m,james.murray3535@example.com,+44 7700 900900,NE1 8EF,9992156341,E07,2023-12-23,Suspended
AN0003536,nadia,abara,2001-03-03,M,nadia.abara3536@example.com,(0161) 496 9306,M1 6FJ,9993299553,E01,2021-08-25,Active
AN0003537,fatima,fenton,2000-06-09,M,fatima.fenton3537@example.com,+44 7700 900452,eh1  2ea,9997443292,E12,2021-12-07,Suspended
AN0003538,ruth,bianchi,1995-11-06,m,ruth.bianchi3538@example.com,+44 7700 900247,B158AE,9992888970,E15,2016-01-11,Withdrawn
AN0003539,leila,khan,2002-10-17,F,leila.khan3539@example.com,+44 7700 900533,M1 1FB,9996977757,E07,2020-11-11,Active
AN0003540,sofia,robertson,1989-06-28,F,sofia.robertson3540@example.com,+44 7700 900512,EH1 3BJ,9997228049,E02,2018-02-24,Active
AN0003541,oliver,khan,1999-01-08,m,oliver.khan3541@example.com,07700900764,ne1  7bb,9999817459,E06,2019-04-22,Withdrawn
AN0003542,ruth,grant,2001-05-24,F,ruth.grant3542@example.com,(0161) 496 1395,eh12ad,9993628646,E16,2024-08-28,Active
AN0003543,erin,bello,1991-10-07,M,erin.bello3543@example.com,+44 7700 900665,BS1 4BE,9995716887,E12,2017-05-30,Active
AN0003544,liam,bello,1997-04-18,m,liam.bello3544@example.com,07700900461,eh11gj,9994870386,E16,2016-05-03,Withdrawn
AN0003545,sarah,patel,1993-08-11,M,sarah.patel3545@example.com,07700900888,l1  3ed,9993373621,E07,2019-01-01,Active
AN0003546,chloe,grant,2000-06-10,F,chloe.grant3546@example.com,+44 7700 900516,bs14bg,9995218623,E11,2020-07-01,Active
AN0003547,kai,robertson,1991-01-16,f,kai.robertson3547@example.com,+44 7700 900236,EH1 4FA,9996344487,E07,2018-05-25,Active
AN0003548,sarah,reid,1992-10-14,F,sarah.reid3548@example.com,07700900642,BS1 7AB,9995668076,E07,2016-03-15,Active
AN0003549,ruth,murray,1999-03-13,M,ruth.murray3549@example.com,+44 7700 900569,ne1  1hg,9990264724,E13,2024-05-09,Active
AN0003550,george,lawson,1992-03-24,m,george.lawson3550@example.com,+44 7700 900113,L17GJ,9996758133,E05,2020-08-15,Active
AN0003551,ruth,adeyemi,1995-09-06,M,ruth.adeyemi3551@example.com,+44 7700 900823,BS1 7HE,9996120457,E12,2021-03-13,Active
AN0003552,meera,abara,1995-10-03,M,meera.abara3552@example.com,+44 7700 900456,SW1A 7DG,9995292785,E08,2024-02-03,Withdrawn
AN0003553,callum,chen,1990-02-22,m,callum.chen3553@example.com,07700900372,cf10  8je,9997862635,E08,2018-11-24,Active
AN0003554,fatima,cohen,2006-01-29,F,fatima.cohen3554@example.com,07700900966,G12FB,9991190678,E12,2024-05-03,Active
AN0003555,sofia,cohen,1989-08-25,F,sofia.cohen3555@example.com,(0161) 496 6080,L1 7BB,9998497388,E05,2017-12-17,Active
AN0003556,ethan,thompson,1998-05-09,m,ethan.thompson3556@example.com,+44 7700 900370,SW1A 8HH,9996198669,E05,2016-11-03,Active
AN0003557,fatima,wright,1992-12-06,M,fatima.wright3557@example.com,+44 7700 900924,l1  5jh,9993107778,E07,2018-03-27,Withdrawn
AN0003558,fatima,ali,1998-02-15,M,fatima.ali3558@example.com,+44 7700 900416,M13JG,9999880274,E13,2022-06-25,Active
AN0003559,daniel,nwosu,2000-11-17,m,daniel.nwosu3559@example.com,(0161) 496 9691,L1 6GF,9995870126,E14,2020-02-01,Suspended
AN0003560,priya,whitfield,1999-12-02,F,priya.whitfield3560@example.com,+44 7700 900528,M1 1BA,9990153523,E01,2019-01-28,Suspended
AN0003561,priya,fenton,2000-08-04,M,priya.fenton3561@example.com,07700900517,b159fb,9996284190,E04,2024-02-25,Active
AN0003562,isla,robertson,2004-06-18,f,isla.robertson3562@example.com,07700900354,LS12EG,9998538939,E07,2022-12-16,Active
AN0003563,wei,murray,1999-07-11,M,wei.murray3563@example.com,+44 7700 900883,NE1 7EB,9999278698,E11,2018-12-31,Active
AN0003564,omar,abara,1997-10-03,M,omar.abara3564@example.com,+44 7700 900710,bs16ha,9998596653,E13,2022-05-18,Active
AN0003565,yusuf,lawson,1989-01-15,f,yusuf.lawson3565@example.com,07700900937,cf10  5ab,9991184260,E05,2018-06-13,Active
AN0003566,amara,chen,1992-10-30,M,amara.chen3566@example.com,+44 7700 900958,G18AE,9996273822,E01,2016-07-25,Active
AN0003567,nadia,murray,1998-10-02,F,,+44 7700 900104,BS1 2JD,9991198091,E06,2023-10-15,Active
AN0003568,idris,robertson,1995-12-14,m,idris.robertson3568@example.com,+44 7700 900853,B15 7JE,9995401975,E07,2023-04-08,Active
AN0003569,liam,bianchi,1999-09-20,F,liam.bianchi3569@example.com,+44 7700 900216,cf10  4bj,9991993894,E13,2017-11-27,Withdrawn
AN0003570,fatima,ali,2000-09-02,F,fatima.ali3570@example.com,+44 7700 900397,CF103ED,9996242994,E09,2019-02-17,Activ
AN0003571,hassan,okafor,1998-11-09,f,hassan.okafor3571@example.com,+44 7700 900315,NE1 2DD,9990023700,E09,2021-01-10,Active
AN0003572,liam,mackenzie,1991-06-01,M,liam.mackenzie3572@example.com,+44 7700 900263,B15 4EB,9994549758,E16,2016-09-28,Withdrawn
AN0003573,amara,ali,1998-03-16,F,amara.ali3573@example.com,+44 7700 900121,cf10  8be,9993709034,E08,2024-08-31,Active
AN0003574,kai,robertson,1997-03-13,m,kai.robertson3574@example.com,07700900436,B154GE,9993265098,E14,2019-07-03,Active
AN0003575,ethan,byrne,1998-12-06,M,ethan.byrne3575@example.com,07700900406,g11ea,9996799131,E05,2021-08-31,Active
AN0003576,callum,kaur,2006-06-08,F,callum.kaur3576@example.com,+44 7700 900248,M1 8FJ,9996723402,E09,2024-12-17,Suspended
AN0003577,meera,chen,1998-02-18,f,meera.chen3577@example.com,+44 7700 900709,l1  1je,9994218085,E07,2021-05-25,Active
AN0003578,kai,reid,1996-08-11,M,kai.reid3578@example.com,07700900690,BS16EF,9990566801,E01,2022-10-14,Active
AN0003579,idris,doyle,1993-04-23,F,idris.doyle3579@example.com,(0161) 496 6776,LS1 9AG,9990361002,E04,2017-12-04,Withdrawn
AN0003580,noah,reid,1986-10-11,m,noah.reid3580@example.com,+44 7700 900123,m16aa,9998726468,E13,2016-03-23,Active
AN0003581,nadia,lawson,1997-12-10,M,nadia.lawson3581@example.com,+44 7700 900350,g1  5bg,9994742582,E08,2021-02-09,Suspended
AN0003582,grace,lawson,1998-12-05,F,grace.lawson3582@example.com,+44 7700 900645,EH17GH,9998894891,E12,2021-07-07,Suspended
AN0003583,sarah,murray,2000-12-11,m,sarah.murray3583@example.com,07700900464,ls19da,9998231434,E15,2021-07-15,Withdrawn
AN0003584,zainab,chen,1998-04-12,M,zainab.chen3584@example.com,+44 7700 900786,CF10 9AJ,9995346702,E01,2016-06-11,Withdrawn
AN0003585,noah,sharma,2000-05-16,F,noah.sharma3585@example.com,+44 7700 900220,ls1  2jb,9992666986,E12,2024-06-16,Active
AN0003586,amara,lawson,1996-12-02,f,amara.lawson3586@example.com,+44 7700 900419,CF102BJ,9995495716,E16,2018-08-26,Active
AN0003587,isla,bello,1990-06-15,M,isla.bello3587@example.com,+44 7700 900297,CF10 2FG,9998167043,E08,2018-11-14,Active
AN0003588,hannah,thompson,1997-06-14,M,hannah.thompson3588@example.com,+44 7700 900577,CF10 9GB,9994064002,E06,2016-02-15,Suspended
AN0003589,isla,iqbal,1987-12-27,m,isla.iqbal3589@example.com,(0161) 496 3295,bs1  5db,9996649725,E04,2017-02-26,Suspended
AN0003590,idris,chen,1992-02-08,F,idris.chen3590@example.com,+44 7700 900664,G12EE,9995993341,E11,2019-07-16,Deferred
AN0003591,chloe,whitfield,1996-01-15,F,chloe.whitfield3591@example.com,+44 7700 900705,EH1 7JG,9996807258,E12,2022-02-23,Withdrawn
AN0003592,zainab,doyle,2003-11-02,m,zainab.doyle3592@example.com,+44 7700 900385,cf104hj,9992136065,E13,2023-02-03,Suspended
AN0003593,hannah,murray,2000-04-04,F,hannah.murray3593@example.com,07700900287,l1  3fg,9997511948,E02,2022-08-14,Withdrawn
AN0003594,ruth,ali,1998-09-05,F,ruth.ali3594@example.com,(0161) 496 2098,EH15JB,9999977197,E04,2020-06-16,Withdrawn
AN0003595,daniel,bello,1990-07-19,m,daniel.bello3595@example.com,+44 7700 900997,BS1 8JF,9998412641,E14,2020-01-30,Active
AN0003596,zainab,chen,2001-06-22,M,zainab.chen3596@example.com,(0161) 496 7646,BS1 8EA,9997218647,E06,2022-09-15,Deferred
AN0003597,wei,novak,2001-05-01,M,wei.novak3597@example.com,+44 7700 900930,eh14fg,9992791802,E11,2020-11-18,Active
AN0003598,yusuf,patel,1997-12-31,f,yusuf.patel3598@example.com,(0161) 496 1074,LS17DA,9996336409,E01,2016-07-27,Active
AN0003599,chloe,rossi,1992-09-13,M,chloe.rossi3599@example.com,07700900671,NE1 3HE,9999687253,E05,2017-10-21,Active
AN0003600,meera,bianchi,2001-06-30,M,meera.bianchi3600@example.com,(0161) 496 7806,NE1 3AF,9998127734,E08,2024-03-27,Deferred
AN0003601,chloe,grant,1991-02-06,f,chloe.grant3601@example.com,07700900756,eh1  4jj,9992758147,Z99,2019-04-27,Withdrawn
AN0003602,daniel,doyle,1987-03-13,M,daniel.doyle3602@example.com,(0161) 496 7057,B152HF,9995948877,E06,2016-08-22,Active
AN0003603,priya,patel,1994-12-13,M,,07700900403,G1 7ED,9998171083,E03,2023-03-27,Active
AN0003604,hassan,adeyemi,1995-05-11,f,hassan.adeyemi3604@example.com,07700900591,L1 6EE,9998358841,E06,2016-08-17,Active
AN0003605,leila,rossi,1994-11-17,M,leila.rossi3605@example.com,+44 7700 900791,ls14bb,9997647580,E02,2020-08-06,Active
AN0003606,callum,robertson,1992-01-20,M,callum.robertson3606@example.com,(0161) 496 3710,LS18AH,9999777732,E15,2018-10-05,Suspended
AN0003607,amara,osman,2009-11-07,m,amara.osman3607@example.com,+44 7700 900548,SW1A 3EH,9990463638,E13,2024-10-21,Withdrawn
AN0003608,liam,lawson,1997-05-07,M,liam.lawson3608@example.com,+44 7700 900362,BS1 2DD,9996731944,E08,2019-11-11,Deferred
AN0003609,hannah,osman,1989-02-08,F,hannah.osman3609@example.com,07700900220,ne1  6ad,9993152188,E14,2017-09-02,Suspended
AN0003610,liam,chen,1992-04-12,m,liam.chen3610@example.com,(0161) 496 5874,B156JE,9999806570,E13,2019-06-25,Active
AN0003611,ethan,sharma,1992-09-12,F,ethan.sharma3611@example.com,(0161) 496 7856,B15 3FG,9990536066,E06,2017-02-27,Active
AN0003612,chloe,cohen,1990-12-06,F,chloe.cohen3612@example.com,07700900198,L1 8DH,9992923466,E12,2018-12-04,Active
AN0003613,george,haddad,1988-03-26,m,george.haddad3613@example.com,+44 7700 900404,b151jh,9996740013,E05,2016-10-31,Active
AN0003614,kai,robertson,1995-01-27,M,kai.robertson3614@example.com,+44 7700 900484,SW1A8BD,9990847657,E13,2022-07-27,Active
AN0003615,callum,nwosu,1989-09-01,F,callum.nwosu3615@example.com,+44 7700 900160,b159bf,9993710458,E03,2018-01-25,Active
AN0003616,hassan,robertson,2006-04-28,f,hassan.robertson3616@example.com,+44 7700 900570,BS1 8GD,9991780661,E12,2024-05-07,Active
AN0003617,yusuf,wright,1989-12-28,M,yusuf.wright3617@example.com,+44 7700 900741,m1  7eh,9994263366,E16,2016-10-14,Suspended
AN0003618,fatima,cohen,1992-03-24,F,fatima.cohen3618@example.com,+44 7700 900576,ls19jb,9998414768,E03,2019-10-27,Deferred
AN0003619,ethan,sharma,1993-02-05,m,ethan.sharma3619@example.com,07700900708,EH1 7BH,9997164180,E08,2017-10-08,Active
AN0003620,priya,adeyemi,1994-08-20,M,priya.adeyemi3620@example.com,+44 7700 900776,B15 7ED,9990297983,E14,2023-06-04,Deferred
AN0003621,tom,bianchi,1994-02-19,M,tom.bianchi3621@example.com,(0161) 496 8110,l1  4hh,9991965378,E10,2019-05-02,Active
AN0003622,fatima,abara,1993-10-10,f,fatima.abara3622@example.com,+44 7700 900709,m15ee,9997505301,E07,2022-12-31,Active
AN0003623,chloe,abara,1997-01-05,F,chloe.abara3623@example.com,(0161) 496 9024,M1 6BB,9998888271,E15,2016-05-31,Active
AN0003624,omar,doyle,1995-03-18,M,omar.doyle3624@example.com,+44 7700 900139,EH1 4JF,9997663942,E14,2017-11-26,Suspended
AN0003625,hassan,chen,1997-11-15,f,hassan.chen3625@example.com,07700900260,l1  8gf,9997922700,E16,2021-07-27,Suspended
AN0003626,george,kaur,1994-09-23,F,george.kaur3626@example.com,+44 7700 900730,CF104EJ,9991935177,E14,2020-03-17,Suspended
AN0003627,kai,thompson,1997-08-10,M,kai.thompson3627@example.com,+44 7700 900308,L1 7BE,9994281690,E04,2020-09-01,Active
AN0003628,idris,murray,1997-08-11,f,idris.murray3628@example.com,+44 7700 900266,l13ff,9997539877,E13,2023-12-16,Withdrawn
AN0003629,liam,mackenzie,2001-08-02,M,liam.mackenzie3629@example.com,(0161) 496 3949,g1  7hg,9996011658,E06,2021-10-22,Suspended
AN0003630,zainab,thompson,1993-11-21,M,zainab.thompson3630@example.com,+44 7700 900478,NE12AA,9990567727,E08,2016-11-30,Active
AN0003631,james,sharma,1999-09-28,m,james.sharma3631@example.com,(0161) 496 7964,b154jd,9993691097,E12,2022-01-10,Withdrawn
AN0003632,amara,doyle,1989-08-09,F,amara.doyle3632@example.com,+44 7700 900106,BS1 2HG,9998004721,E08,2016-09-22,Active
AN0003633,daniel,patel,2005-06-13,M,daniel.patel3633@example.com,+44 7700 900560,m1  8ad,9995550180,E01,2023-06-20,Suspended
AN0003634,kai,sharma,2000-01-26,f,kai.sharma3634@example.com,+44 7700 900234,g16fe,9994923218,E03,2023-04-26,Withdrawn
AN0003635,tom,fenton,1995-08-18,M,tom.fenton3635@example.com,+44 7700 900116,B15 7BE,9997690478,E04,2016-01-30,Active
AN0003636,erin,kaur,1999-11-14,M,erin.kaur3636@example.com,+44 7700 900131,L1 9AJ,9996784533,E07,2018-07-30,Active
AN0003637,omar,ali,1991-04-22,f,omar.ali3637@example.com,+44 7700 900140,m1  2ae,9995060507,E02,2019-12-07,Active
AN0003638,sarah,lawson,2005-04-12,M,sarah.lawson3638@example.com,07700900844,l19fg,9997362535,E14,2024-10-27,Active
AN0003639,leila,kaur,1993-06-02,M,leila.kaur3639@example.com,+44 7700 900341,LS1 3HD,9997287029,E03,2017-05-29,Suspended
AN0003640,omar,okafor,1988-07-06,f,omar.okafor3640@example.com,+44 7700 900171,SW1A 3EF,9999965679,E11,2016-03-07,Withdrawn
AN0003641,george,lawson,2000-07-31,M,george.lawson3641@example.com,07700900552,m1  4ae,9999284426,E03,2024-04-20,Active
AN0003642,sofia,mackenzie,2002-12-19,M,sofia.mackenzie3642@example.com,+44 7700 900348,B151AA,9992956038,E14,2024-04-04,Deferred
AN0003643,grace,whitfield,2004-11-06,f,grace.whitfield3643@example.com,(0161) 496 9034,ls11da,9995200252,E11,2023-08-27,Active
AN0003644,liam,wright,2002-04-01,M,liam.wright3644@example.com,+44 7700 900753,M1 5EJ,9995962764,E02,2020-11-05,Active
AN0003645,omar,osman,1997-03-10,M,omar.osman3645@example.com,+44 7700 900568,b15  8hj,9994881396,E08,2021-06-30,Active
AN0003646,yusuf,okafor,1993-02-05,f,yusuf.okafor3646@example.com,07700900417,M15EB,9990139881,E12,2018-08-04,Withdrawn
AN0003647,amara,bello,1998-11-09,F,amara.bello3647@example.com,+44 7700 900700,eh13fa,9998856388,E14,2020-02-16,Active
AN0003648,wei,byrne,1999-08-24,F,wei.byrne3648@example.com,07700900513,EH1 9GB,9995596482,E12,2017-09-14,Deferred
AN0003649,tom,abara,1997-10-20,f,tom.abara3649@example.com,+44 7700 900728,g11fd,9995940213,E09,2017-07-08,Suspended
AN0003650,erin,haddad,2002-11-18,F,erin.haddad3650@example.com,07700900308,cf103df,9996265560,E08,2022-03-10,Active
AN0003651,leila,grant,1995-12-23,F,leila.grant3651@example.com,(0161) 496 8860,LS1 8FF,9999446175,E02,2017-06-09,Active
AN0003652,callum,sharma,1991-01-06,f,callum.sharma3652@example.com,(0161) 496 9166,SW1A 7JF,9991260285,E01,2020-09-12,Withdrawn
AN0003653,james,khan,2001-11-16,M,,+44 7700 900403,ne1  1de,9995869985,E14,2021-01-06,Active
AN0003654,isla,wright,1992-12-13,F,isla.wright3654@example.com,07700900950,G15BB,9992296062,E16,2019-05-16,Active
AN0003655,idris,khan,1992-02-19,f,idris.khan3655@example.com,(0161) 496 2268,NE1 7HJ,9996765946,E10,2017-05-05,Active
AN0003656,sofia,patel,1994-06-20,F,sofia.patel3656@example.com,+44 7700 900841,l12bj,9994818708,E09,2023-03-12,Active
AN0003657,meera,kaur,1996-09-03,F,meera.kaur3657@example.com,+44 7700 900521,l14dh,9991361596,E02,2022-01-09,Active
AN0003658,priya,patel,1999-08-03,m,priya.patel3658@example.com,07700900745,LS19DA,9991324593,E08,2023-10-05,Withdrawn
AN0003659,fatima,novak,1994-09-18,F,fatima.novak3659@example.com,+44 7700 900931,G1 9DG,9994514342,E07,2016-10-25,Suspended
AN0003660,zainab,sharma,1990-02-11,M,zainab.sharma3660@example.com,(0161) 496 6712,m11ef,9991594922,E07,2016-08-19,Active
AN0003661,wei,wright,1995-08-05,f,wei.wright3661@example.com,+44 7700 900111,l18bf,9997642368,E08,2018-10-08,Active
AN0003662,fatima,bianchi,1995-04-01,M,fatima.bianchi3662@example.com,+44 7700 900171,L18DB,9991700528,E05,2017-06-23,Active
AN0003663,james,bello,1997-01-21,F,james.bello3663@example.com,(0161) 496 8887,LS1 1FA,9992119977,E08,2016-04-08,Active
AN0003664,omar,nwosu,1991-04-29,m,omar.nwosu3664@example.com,+44 7700 900346,CF10 9HF,9999606288,E11,2019-11-14,Active
AN0003665,hannah,bianchi,1994-06-02,F,,07700900672,m1  9jb,9991363548,E07,2023-01-31,Active
AN0003666,fatima,thompson,1987-11-08,F,fatima.thompson3666@example.com,07700900547,EH16FJ,9998399041,E12,2017-01-12,Suspended
AN0003667,james,ali,1987-03-04,m,james.ali3667@example.com,(0161) 496 2894,CF10 2GA,9997670647,E05,2016-06-12,Deferred
AN0003668,grace,whitfield,2006-01-30,F,grace.whitfield3668@example.com,+44 7700 900963,M1 5AH,9992600543,E13,2024-07-08,Suspended
AN0003669,tom,iqbal,1999-06-09,F,tom.iqbal3669@example.com,+44 7700 900414,eh1  5fb,9998825822,E02,2021-06-23,Deferred
AN0003670,daniel,chen,1998-10-08,m,daniel.chen3670@example.com,+44 7700 900884,SW1A7BJ,9999890431,E16,2020-05-26,Active
AN0003671,callum,whitfield,1998-10-10,F,callum.whitfield3671@example.com,+44 7700 900900,cf102fa,9998687160,E15,2017-03-16,Active
AN0003672,yusuf,ali,2002-02-06,M,yusuf.ali3672@example.com,07700900154,sw1a2bf,9998921686,E11,2022-03-28,Active
AN0003673,oliver,bello,1990-06-14,m,oliver.bello3673@example.com,07700900363,cf10  1hb,9996033821,E13,2018-03-01,Withdrawn
AN0003674,sofia,kaur,2003-09-08,M,,+44 7700 900569,G16JD,9990592500,E16,2023-12-06,Suspended
AN0003675,wei,sharma,1993-01-16,F,wei.sharma3675@example.com,(0161) 496 8230,L1 7JJ,9998713080,E04,2020-08-03,Deferred
AN0003676,grace,patel,1999-06-04,f,grace.patel3676@example.com,07700900317,LS1 6HH,9990619751,E14,2017-06-20,Active
AN0003677,ethan,byrne,2002-01-04,F,ethan.byrne3677@example.com,+44 7700 900671,ne1  1bg,9991500588,E07,2024-01-28,Active
AN0003678,isla,murray,1998-04-24,F,isla.murray3678@example.com,07700900438,G17BF,9991784373,E10,2022-01-28,Active
AN0003679,chloe,wright,2003-02-06,f,chloe.wright3679@example.com,+44 7700 900684,ne12hg,9993524697,E07,2024-05-07,Deferred
AN0003680,priya,adeyemi,1995-04-13,F,priya.adeyemi3680@example.com,07700900695,sw1a5ab,9993958980,E16,2024-07-09,Withdrawn
AN0003681,fatima,murray,1995-09-03,F,,+44 7700 900418,b15  5dg,9991228691,E06,2018-02-02,Active
AN0003682,yusuf,khan,1995-06-17,m,yusuf.khan3682@example.com,+44 7700 900150,CF103HG,9990073597,E15,2024-02-22,Active
AN0003683,amara,khan,1999-07-16,M,amara.khan3683@example.com,07700900411,EH1 2FD,9998885574,E07,2023-03-04,Suspended
AN0003684,grace,patel,1957-05-08,M,grace.patel3684@example.com,07700900463,sw1a3hd,9995991438,E06,2018-12-31,Active
AN0003685,grace,fenton,1995-06-01,f,grace.fenton3685@example.com,(0161) 496 1238,l11eh,9999889379,E07,2019-07-28,Active
AN0003686,erin,doyle,1997-01-24,M,erin.doyle3686@example.com,+44 7700 900594,B158FB,9994487892,E14,2016-07-15,Active
AN0003687,hassan,thompson,1999-09-10,M,hassan.thompson3687@example.com,07700900162,LS1 6GJ,9995731304,E03,2022-01-31,Active
AN0003688,fatima,grant,2003-01-17,f,fatima.grant3688@example.com,+44 7700 900900,g14ef,9990164789,E11,2024-07-08,Withdrawn
AN0003689,hannah,murray,2002-05-11,M,hannah.murray3689@example.com,+44 7700 900735,ne1  7gg,9992146540,E08,2020-09-01,Suspended
AN0003690,amara,fenton,1999-05-02,M,amara.fenton3690@example.com,+44 7700 900800,G11BB,9994700626,E13,2017-11-14,Active
AN0003691,liam,reid,1995-08-12,m,liam.reid3691@example.com,+44 7700 900388,NE1 1DE,9990706603,E11,2021-01-23,Active
AN0003692,erin,cohen,1992-02-29,M,erin.cohen3692@example.com,(0161) 496 2564,LS1 6DD,9991898700,E08,2017-06-08,Active
AN0003693,leila,mackenzie,2001-04-24,F,leila.mackenzie3693@example.com,+44 7700 900722,cf10  2ej,9994084976,E06,2023-09-04,Active
AN0003694,daniel,murray,1995-11-14,f,daniel.murray3694@example.com,+44 7700 900349,BS12BH,9995948060,E13,2016-06-30,Active
AN0003695,idris,chen,1998-10-25,F,idris.chen3695@example.com,+44 7700 900260,g11ee,9993020680,E03,2024-04-08,Deferred
AN0003696,james,cohen,1992-01-11,F,james.cohen3696@example.com,07700900669,M1 4FJ,9997523261,E10,2018-05-29,Active
AN0003697,tom,rossi,1998-08-03,f,tom.rossi3697@example.com,+44 7700 900882,g11dg,9995130998,E10,2017-09-28,Deferred
AN0003698,grace,mackenzie,1989-06-19,F,grace.mackenzie3698@example.com,07700900610,L11JA,9995274213,E10,2018-01-07,Suspended
AN0003699,hassan,lawson,1994-07-09,F,hassan.lawson3699@example.com,+44 7700 900681,SW1A 5GF,9990654786,E13,2020-01-01,Suspended
AN0003700,isla,sharma,1995-08-31,f,isla.sharma3700@example.com,07700900512,M1 2JA,9997498909,E14,2023-05-08,Active
AN0003701,sofia,sharma,1999-06-17,M,sofia.sharma3701@example.com,+44 7700 900542,l1  8gd,9996359247,Z99,2017-09-18,Active
AN0003702,erin,okafor,1996-08-12,F,erin.okafor3702@example.com,+44 7700 900624,bs12gg,9999897754,E08,2021-01-19,Deferred
AN0003703,wei,cohen,1998-01-13,f,wei.cohen3703@example.com,07700900248,ls12da,9994523236,E13,2024-01-18,Deferred
AN0003704,chloe,mackenzie,1989-06-20,F,chloe.mackenzie3704@example.com,07700900599,BS1 4GE,9993071846,E09,2017-07-01,Active
AN0003705,grace,okafor,1989-04-15,M,grace.okafor3705@example.com,07700900711,sw1a  4ee,9993936057,E12,2018-09-25,Active
AN0003706,leila,grant,1999-03-04,f,leila.grant3706@example.com,(0161) 496 7763,L17DE,9996582639,E14,2018-04-05,Deferred
AN0003707,ruth,robertson,1990-10-22,M,ruth.robertson3707@example.com,+44 7700 900909,B15 9JF,9993405477,E11,2016-11-13,Active
AN0003708,daniel,doyle,1995-12-14,M,,(0161) 496 3565,LS1 2BD,9990919178,E12,2024-06-30,Withdrawn
AN0003709,liam,osman,1997-06-20,f,liam.osman3709@example.com,+44 7700 900907,m1  8gh,9995876612,E13,2023-09-18,Active
AN0003710,meera,murray,1994-11-17,F,meera.murray3710@example.com,+44 7700 900453,CF106JF,9997598245,E16,2024-04-03,Active
AN0003711,kai,rossi,2005-02-22,M,kai.rossi3711@example.com,07700900285,bs16gf,9995735261,E04,2024-11-03,Active
AN0003712,sarah,murray,2001-04-14,m,sarah.murray3712@example.com,+44 7700 900142,EH1 7GD,9990456453,E04,2024-01-27,Deferred
AN0003713,liam,kaur,1990-12-07,M,liam.kaur3713@example.com,07700900280,cf106bd,9994729926,E10,2017-12-29,Deferred
AN0003714,tom,grant,1988-05-02,F,tom.grant3714@example.com,+44 7700 900323,BS12DD,9995118742,E03,2016-05-13,Active
AN0003715,sarah,rossi,1993-05-24,m,sarah.rossi3715@example.com,(0161) 496 4555,LS1 8GJ,9994097180,E16,2019-09-06,Active
AN0003716,isla,ali,1999-11-26,F,isla.ali3716@example.com,07700900847,M1 9JE,9994284681,E06,2020-07-04,Active
AN0003717,callum,byrne,1991-12-28,F,callum.byrne3717@example.com,(0161) 496 3435,l1  5da,9990391610,E15,2021-06-19,Active
AN0003718,sarah,lawson,1997-07-07,m,sarah.lawson3718@example.com,+44 7700 900396,L19JE,9998052173,E14,2017-03-10,Active
AN0003719,meera,reid,1991-01-20,M,meera.reid3719@example.com,07700900526,B15 2HD,9998107717,E10,2018-09-18,Withdrawn
AN0003720,nadia,patel,2002-04-21,F,nadia.patel3720@example.com,+44 7700 900948,SW1A 7FG,9998844428,E05,2024-05-19,Active
AN0003721,erin,adeyemi,1996-07-12,f,erin.adeyemi3721@example.com,+44 7700 900462,b15  9hf,9992652764,E09,2024-03-22,Active
AN0003722,sarah,cohen,1999-09-15,F,sarah.cohen3722@example.com,+44 7700 900577,NE14DB,9996818683,E11,2020-02-19,Active
AN0003723,tom,mackenzie,1993-03-11,F,tom.mackenzie3723@example.com,07700900704,L1 8BA,9996882632,E05,2019-08-27,Active
AN0003724,amara,whitfield,1992-10-15,f,amara.whitfield3724@example.com,+44 7700 900116,g13gb,9996272583,E10,2020-01-12,Active
AN0003725,sarah,byrne,2001-01-11,F,sarah.byrne3725@example.com,(0161) 496 9216,l1  5dh,9994712160,E13,2023-01-12,Active
AN0003726,oliver,kaur,1996-11-25,M,oliver.kaur3726@example.com,+44 7700 900197,M14HG,9999748023,E07,2018-02-23,Active
AN0003727,amara,ali,1993-03-28,f,amara.ali3727@example.com,07700900341,NE1 4FH,9991555617,E07,2019-07-30,Deferred
AN0003728,chloe,murray,1988-02-27,F,chloe.murray3728@example.com,07700900883,M1 1FD,9992584653,E07,2016-07-29,Active
AN0003729,idris,fenton,1994-09-07,F,idris.fenton3729@example.com,(0161) 496 9961,g1  4ff,9994772791,E01,2019-10-19,Active
AN0003730,grace,abara,1991-12-06,m,grace.abara3730@example.com,+44 7700 900124,EH17FA,9991885757,E13,2017-07-22,Active
AN0003731,amara,reid,1992-11-20,M,amara.reid3731@example.com,07700900809,m12ad,9999548520,E16,2017-04-13,Withdrawn
AN0003732,noah,chen,1987-10-08,F,noah.chen3732@example.com,07700900351,B15 4BJ,9990177066,E15,2017-04-05,Withdrawn
AN0003733,kai,ali,1993-02-18,m,kai.ali3733@example.com,07700900341,cf10  4hg,9994364626,E10,2018-03-16,Withdrawn
AN0003734,zainab,mackenzie,2000-10-24,M,zainab.mackenzie3734@example.com,07700900901,BS13HJ,9995840472,E09,2024-01-20,Deferred
AN0003735,ethan,novak,1989-10-03,F,ethan.novak3735@example.com,+44 7700 900385,CF10 1AJ,9996449254,E06,2018-10-10,Suspended
AN0003736,fatima,adeyemi,1995-06-14,f,fatima.adeyemi3736@example.com,+44 7700 900659,SW1A 1DD,9999764657,E07,2021-12-20,Active
AN0003737,erin,novak,1990-09-26,F,erin.novak3737@example.com,+44 7700 900787,l1  5de,9991283439,E12,2020-03-11,Active
AN0003738,oliver,cohen,1993-07-11,F,oliver.cohen3738@example.com,+44 7700 900333,BS12HB,9994689339,E13,2018-02-04,Active
AN0003739,callum,reid,1992-09-12,f,,07700900905,M1 8DD,9995324601,E10,2016-12-27,Deferred
AN0003740,grace,wright,1988-06-28,M,grace.wright3740@example.com,07700900459,EH1 3AH,9999396003,E12,2017-03-17,Suspended
AN0003741,hassan,bianchi,2003-01-24,M,hassan.bianchi3741@example.com,+44 7700 900598,l1  3ed,9995113481,E09,2024-07-11,Active
AN0003742,hassan,haddad,1997-10-12,m,hassan.haddad3742@example.com,+44 7700 900162,LS13FA,9995431246,E09,2023-12-03,Active
AN0003743,james,murray,1988-08-29,M,james.murray3743@example.com,(0161) 496 4999,L1 9BF,9999587364,E15,2016-01-18,Active
AN0003744,george,sharma,2000-11-21,M,george.sharma3744@example.com,+44 7700 900573,LS1 4GE,9991671625,E09,2020-02-29,Withdrawn
AN0003745,leila,grant,2001-04-08,m,leila.grant3745@example.com,+44 7700 900936,ls1  4eg,9992156023,E07,2024-09-07,Withdrawn
AN0003746,isla,lawson,1999-05-17,F,isla.lawson3746@example.com,(0161) 496 9633,L13JB,9995137038,E11,2024-10-14,Withdrawn
AN0003747,erin,abara,1996-12-23,M,erin.abara3747@example.com,07700900618,EH1 2JH,9997939360,E02,2022-09-21,Suspended
AN0003748,omar,khan,1995-03-24,f,omar.khan3748@example.com,+44 7700 900234,SW1A 4GD,9994811460,E16,2022-09-02,Active
AN0003749,fatima,byrne,1991-10-14,M,fatima.byrne3749@example.com,07700900775,eh13eg,9992493712,E15,2018-05-16,Active
AN0003750,oliver,robertson,1991-08-22,M,oliver.robertson3750@example.com,(0161) 496 5095,SW1A2HF,9994039768,E13,2018-02-02,Active
AN0003751,ethan,reid,2003-08-19,m,ethan.reid3751@example.com,+44 7700 900962,ne12bf,9992199121,E14,2022-03-26,Active
AN0003752,hannah,adeyemi,1999-06-29,F,hannah.adeyemi3752@example.com,07700900170,CF10 7FB,9990995753,E10,2019-03-22,Suspended
AN0003753,liam,kaur,1996-04-07,M,liam.kaur3753@example.com,+44 7700 900953,ls1  4bf,9999282237,E11,2018-07-25,Withdrawn
AN0003754,fatima,adeyemi,1998-10-03,f,fatima.adeyemi3754@example.com,+44 7700 900376,L12EB,9992773081,E12,2023-12-22,Withdrawn
AN0003755,leila,adeyemi,1994-07-28,F,leila.adeyemi3755@example.com,07700900141,SW1A 3GF,9994676512,E12,2016-02-11,Active
AN0003756,omar,patel,2000-08-20,M,omar.patel3756@example.com,07700900234,B15 7GG,9990159033,E03,2023-12-06,Active
AN0003757,fatima,sharma,2002-05-16,m,fatima.sharma3757@example.com,07700900306,cf10  5fg,9993090662,E06,2022-07-21,Suspended
AN0003758,kai,khan,1991-11-09,M,kai.khan3758@example.com,(0161) 496 7661,EH15HG,9997179234,E15,2019-03-21,Active
AN0003759,ethan,wright,1995-06-24,M,ethan.wright3759@example.com,(0161) 496 5371,EH1 6GA,9992982802,E07,2018-04-10,Withdrawn
AN0003760,hassan,novak,1997-01-15,m,hassan.novak3760@example.com,+44 7700 900103,G1 7JJ,9993649643,E05,2019-01-26,Active
AN0003761,hannah,thompson,1992-12-17,M,hannah.thompson3761@example.com,07700900542,bs1  8je,9998596351,E12,2020-07-07,Active
AN0003762,idris,lawson,2002-05-12,F,idris.lawson3762@example.com,+44 7700 900788,CF101GJ,9998157587,E08,2023-06-20,Active
AN0003763,liam,khan,1997-09-20,f,liam.khan3763@example.com,+44 7700 900283,EH1 6JE,9999848001,E13,2020-02-20,Deferred
AN0003764,idris,novak,1997-10-13,F,idris.novak3764@example.com,(0161) 496 1844,L1 9HB,9993225096,E08,2018-07-01,Deferred
AN0003765,omar,doyle,1994-09-27,M,omar.doyle3765@example.com,+44 7700 900248,ls1  4dh,9991754261,E07,2020-01-17,Active
AN0003766,kai,lawson,1995-10-16,m,kai.lawson3766@example.com,+44 7700 900313,eh19ea,9991845674,E13,2022-11-19,Active
AN0003767,meera,whitfield,1995-12-23,F,meera.whitfield3767@example.com,07700900591,L1 2FH,999390921,E02,2016-04-04,Withdrawn
AN0003768,priya,thompson,2000-08-24,F,priya.thompson3768@example.com,+44 7700 900921,b152hf,9997434188,E08,2021-11-08,Deferred
AN0003769,yusuf,kaur,1992-06-04,f,yusuf.kaur3769@example.com,(0161) 496 7124,sw1a  3bh,9995982196,E05,2021-01-03,Active
AN0003770,liam,patel,1998-11-16,F,liam.patel3770@example.com,+44 7700 900769,BS11GF,9993032530,E11,2020-07-30,Active
AN0003771,hassan,bello,2000-11-08,F,hassan.bello3771@example.com,+44 7700 900887,g17aa,9994209221,E11,2024-02-12,Suspended
AN0003772,idris,ali,1998-04-18,m,idris.ali3772@example.com,+44 7700 900978,M1 1HA,9991303227,E07,2022-12-06,Withdrawn
AN0003773,fatima,iqbal,2001-08-28,M,fatima.iqbal3773@example.com,07700900838,eh16eh,9995602679,E05,2023-12-16,Active
AN0003774,liam,abara,1998-09-25,M,liam.abara3774@example.com,+44 7700 900697,CF103DE,9997248430,E09,2020-06-07,Withdrawn
AN0003775,grace,lawson,1998-07-16,f,grace.lawson3775@example.com,07700900694,M1 1GB,9990710813,E09,2022-08-07,Deferred
AN0003776,tom,murray,1992-02-06,F,tom.murray3776@example.com,07700900164,g14da,9992835346,E13,2019-10-30,Withdrawn
AN0003777,noah,bello,2001-08-13,F,noah.bello3777@example.com,(0161) 496 3791,ne1  1ah,9998615771,E07,2019-09-19,Deferred
AN0003778,george,robertson,1996-05-28,,george.robertson3778@example.com,07700900274,NE17EH,9991266992,E07,2023-12-13,Deferred
AN0003779,priya,cohen,1993-12-10,F,,(0161) 496 3765,eh15fd,9992818328,E06,2019-06-29,Active
AN0003780,hannah,nwosu,1996-02-18,F,,07700900286,L1 3JD,9996908666,E14,2020-03-17,Active
AN0003781,hassan,robertson,1999-01-01,f,hassan.robertson3781@example.com,(0161) 496 2919,ls1  5af,9990341761,E14,2018-07-26,Withdrawn
AN0003782,sarah,whitfield,1995-12-13,M,sarah.whitfield3782@example.com,07700900404,SW1A5JA,9992086645,E12,2021-08-09,Withdrawn
AN0003783,tom,iqbal,1996-06-23,M,tom.iqbal3783@example.com,+44 7700 900813,m13dh,9991535438,E08,2023-11-02,Suspended
AN0003784,idris,reid,1987-09-04,m,idris.reid3784@example.com,07700900938,LS1 3BH,9995932245,E14,2016-02-22,Withdrawn
AN0003785,noah,okafor,1997-11-16,M,noah.okafor3785@example.com,07700900371,m1  7de,9992528745,E05,2023-04-10,Active
AN0003786,hassan,thompson,1997-01-10,M,hassan.thompson3786@example.com,+44 7700 900977,SW1A4DB,9996580644,E07,2018-03-16,Withdrawn
AN0003787,idris,cohen,2005-02-12,f,idris.cohen3787@example.com,+44 7700 900341,M1 9AG,9993097691,E14,2024-04-20,Deferred
AN0003788,callum,whitfield,2000-11-09,F,,+44 7700 900867,M1 9GE,9997533593,E04,2019-07-18,Withdrawn
AN0003789,hassan,fenton,1991-03-18,M,hassan.fenton3789@example.com,(0161) 496 5355,b15  4ga,9998443385,E14,2019-07-14,Active
AN0003790,erin,adeyemi,1992-06-27,m,,+44 7700 900656,sw1a7hf,9998567866,E03,2021-08-05,Active
AN0003791,ruth,cohen,1996-07-29,M,ruth.cohen3791@example.com,07700900205,NE1 4HA,9993705543,E11,2017-03-27,Active
AN0003792,sarah,cohen,1990-12-14,F,sarah.cohen3792@example.com,+44 7700 900325,NE1 7BF,9992581409,E16,2019-01-22,Withdrawn
AN0003793,sarah,novak,1990-05-06,f,sarah.novak3793@example.com,+44 7700 900409,eh1  3bh,9995808102,E10,2017-05-12,Withdrawn
AN0003794,kai,cohen,2000-03-13,F,kai.cohen3794@example.com,07700900508,B155FG,9995824760,E13,2019-12-31,Withdrawn
AN0003795,kai,rossi,1995-02-26,M,kai.rossi3795@example.com,+44 7700 900479,SW1A 2BH,9992684968,E12,2018-11-03,Active
AN0003796,nadia,khan,1990-02-17,m,nadia.khan3796@example.com,+44 7700 900936,L1 7EJ,9991162534,E06,2017-05-12,Active
AN0003797,grace,doyle,1992-01-03,M,grace.doyle3797@example.com,(0161) 496 2333,ne1  8ej,9993727512,E07,2018-07-19,Active
AN0003798,ethan,khan,2000-03-26,F,ethan.khan3798@example.com,+44 7700 900310,NE15JJ,9998540798,E04,2020-04-02,Active
AN0003799,grace,whitfield,1999-12-08,m,grace.whitfield3799@example.com,(0161) 496 7684,EH1 7DG,9994740555,E14,2019-01-25,Active
AN0003800,daniel,okafor,1987-11-02,M,daniel.okafor3800@example.com,+44 7700 900601,sw1a5jj,9992372877,E02,2017-05-23,Active
AN0003801,callum,doyle,1998-03-22,F,callum.doyle3801@example.com,+44 7700 900523,g1  4ag,9991774165,Z99,2021-10-25,Active
AN0003802,ruth,adeyemi,1994-05-11,m,ruth.adeyemi3802@example.com,07700900444,M17AA,9994435833,E06,2021-11-22,Withdrawn
AN0003803,james,sharma,1992-01-12,M,james.sharma3803@example.com,07700900839,L1 7AE,9994530070,E07,2020-09-03,Active
AN0003804,zainab,chen,1999-03-07,M,zainab.chen3804@example.com,(0161) 496 9805,m14ea,9994380184,E15,2021-05-19,Suspended
AN0003805,yusuf,murray,1998-04-27,f,yusuf.murray3805@example.com,+44 7700 900278,cf10  1ad,9996745864,E16,2019-12-11,Deferred
AN0003806,wei,bianchi,1992-02-18,F,wei.bianchi3806@example.com,07700900567,ne13ad,9992536551,E13,2016-04-30,Active
AN0003807,daniel,whitfield,1999-04-25,M,daniel.whitfield3807@example.com,+44 7700 900278,g12gj,9996195465,E01,2022-01-13,Active
AN0003808,grace,okafor,1996-02-23,f,grace.okafor3808@example.com,+44 7700 900475,SW1A 8BB,9993514632,E11,2024-07-13,Active
AN0003809,callum,iqbal,1999-04-09,F,callum.iqbal3809@example.com,(0161) 496 8505,cf10  3ah,9993486736,E01,2022-01-03,Active
AN0003810,sarah,murray,1997-02-27,M,sarah.murray3810@example.com,+44 7700 900365,b153hf,9991722556,E08,2022-09-10,Active
AN0003811,sofia,fenton,1998-09-07,m,sofia.fenton3811@example.com,07700900699,BS1 1BA,9990263906,E14,2021-09-13,Withdrawn
AN0003812,grace,osman,1991-01-10,F,grace.osman3812@example.com,07700900670,b155ae,9996077187,E01,2016-05-03,Active
AN0003813,priya,whitfield,1995-11-07,F,priya.whitfield3813@example.com,07700900963,ne1  3ad,9996943976,E05,2018-11-30,Active
AN0003814,daniel,patel,1993-10-25,m,daniel.patel3814@example.com,+44 7700 900977,LS12FG,9992332131,E15,2021-07-07,Active
AN0003815,sofia,bianchi,1991-08-08,M,,+44 7700 900577,LS1 4GH,9999436145,E12,2020-04-21,Deferred
AN0003816,callum,chen,1996-10-23,M,callum.chen3816@example.com,+44 7700 900447,B15 2FF,9996904881,E07,2022-07-30,Active
AN0003817,tom,mackenzie,2001-11-20,m,tom.mackenzie3817@example.com,+44 7700 900948,l1  8ba,9996965406,E10,2021-06-24,Active
AN0003818,priya,chen,1994-08-30,F,priya.chen3818@example.com,07700900405,SW1A8JB,9992105437,E06,2018-03-19,Withdrawn
AN0003819,tom,grant,1990-10-24,F,tom.grant3819@example.com,(0161) 496 9044,BS1 3DB,9998077850,E06,2017-02-14,Suspended
AN0003820,leila,bello,1991-10-05,m,leila.bello3820@example.com,07700900573,CF10 7AE,9993478628,E09,2017-12-14,Active
AN0003821,idris,byrne,1999-12-09,F,idris.byrne3821@example.com,07700900153,m1  9ha,9993509078,E10,2024-02-02,Active
AN0003822,ruth,abara,2000-03-21,F,ruth.abara3822@example.com,+44 7700 900336,EH18AA,9996374645,E10,2018-11-10,Active
AN0003823,leila,iqbal,1987-11-16,f,leila.iqbal3823@example.com,+44 7700 900271,m19ee,9995930161,E04,2016-06-26,Suspended
AN0003824,priya,grant,1989-07-30,F,priya.grant3824@example.com,+44 7700 900222,M1 8BF,9990342873,E06,2016-09-27,Deferred
AN0003825,oliver,whitfield,2004-08-25,M,oliver.whitfield3825@example.com,+44 7700 900493,cf101dj,9992615400,E11,2023-10-15,Active
AN0003826,james,ali,2001-03-18,m,james.ali3826@example.com,+44 7700 900348,b155ge,9991659811,E16,2022-08-13,Active
AN0003827,chloe,bianchi,2003-01-24,F,chloe.bianchi3827@example.com,(0161) 496 8270,ne16ej,9998063965,E13,2022-05-01,Active
AN0003828,meera,fenton,1996-03-21,F,meera.fenton3828@example.com,+44 7700 900169,M1 6DG,9994342118,E03,2024-06-18,Active
AN0003829,sofia,wright,2004-04-06,f,sofia.wright3829@example.com,+44 7700 900948,l1  1gf,9993212598,E11,2024-05-20,Withdrawn
AN0003830,tom,chen,2001-05-30,M,tom.chen3830@example.com,07700900287,LS11JB,9995089890,E04,2023-10-22,Withdrawn
AN0003831,omar,rossi,1994-08-13,F,omar.rossi3831@example.com,07700900572,LS1 4EH,9995107384,E11,2023-09-18,Active
AN0003832,idris,whitfield,1990-12-16,f,idris.whitfield3832@example.com,+44 7700 900905,BS1 5BG,9990946175,E04,2019-03-28,Active
AN0003833,nadia,whitfield,1999-02-20,M,nadia.whitfield3833@example.com,+44 7700 900596,m1  6be,9990063400,E09,2024-11-25,Deferred
AN0003834,amara,lawson,1995-06-14,M,amara.lawson3834@example.com,+44 7700 900252,B157BB,9999776426,E07,2023-03-28,Active
AN0003835,priya,grant,1993-04-17,f,priya.grant3835@example.com,+44 7700 900456,LS1 4AE,9995012324,E14,2022-04-26,Deferred
AN0003836,idris,thompson,2005-03-26,F,idris.thompson3836@example.com,07700900386,M1 6DD,9992151102,E14,2024-06-13,Withdrawn
AN0003837,kai,sharma,1995-11-04,M,kai.sharma3837@example.com,+44 7700 900952,m1  5aa,9991452869,E14,2020-05-07,Active
AN0003838,idris,byrne,1992-01-04,f,idris.byrne3838@example.com,+44 7700 900116,L15GD,9999949894,E01,2021-06-03,Active
AN0003839,hassan,thompson,2002-03-09,F,hassan.thompson3839@example.com,+44 7700 900395,M1 7GJ,9991529500,E09,2020-03-29,Active
AN0003840,isla,thompson,1993-07-12,F,isla.thompson3840@example.com,07700900745,G1 4AF,9996759814,E10,2023-02-12,Active
AN0003841,noah,mackenzie,1995-03-20,m,noah.mackenzie3841@example.com,+44 7700 900649,g1  2bd,9994816268,E11,2024-06-28,Active
AN0003842,daniel,haddad,1999-06-22,F,daniel.haddad3842@example.com,07700900677,BS14DB,9994656384,E13,2023-06-20,Active
AN0003843,grace,sharma,1991-02-27,F,grace.sharma3843@example.com,+44 7700 900815,BS1 8HB,9999102085,E12,2017-10-06,Withdrawn
AN0003844,priya,nwosu,1994-03-04,m,priya.nwosu3844@example.com,(0161) 496 6452,sw1a1eb,9998578825,E06,2021-12-21,Suspended
AN0003845,yusuf,chen,1999-05-11,F,yusuf.chen3845@example.com,+44 7700 900925,sw1a  8jf,9996025632,E12,2018-01-24,Deferred
AN0003846,liam,doyle,1995-03-21,M,liam.doyle3846@example.com,07700900548,ls18ed,9995577976,E04,2023-09-29,Suspended
AN0003847,omar,abara,1989-07-08,m,omar.abara3847@example.com,07700900284,NE1 7BD,9996065766,E03,2016-01-03,Deferred
AN0003848,meera,chen,2001-06-13,M,meera.chen3848@example.com,(0161) 496 8553,NE1 7AF,9998789257,E10,2021-11-13,Active
AN0003849,ruth,mackenzie,1989-11-17,F,,(0161) 496 6956,l1  2jh,9999672892,E13,2017-05-13,Active
AN0003850,nadia,fenton,2001-02-16,f,nadia.fenton3850@example.com,(0161) 496 5313,CF106EB,9991893156,E02,2024-07-31,Active
AN0003851,leila,wright,1999-08-05,F,leila.wright3851@example.com,07700900932,B15 9AH,9999174256,E16,2024-02-04,Suspended
AN0003852,grace,grant,2000-10-17,F,grace.grant3852@example.com,07700900585,M1 8GD,9990975868,E08,2024-05-10,Deferred
AN0003853,noah,bianchi,2000-12-12,f,noah.bianchi3853@example.com,+44 7700 900780,bs1  6aa,9991850066,E15,2022-04-27,Active
AN0003854,meera,bianchi,1993-08-25,F,meera.bianchi3854@example.com,+44 7700 900485,B155HB,9996588793,E07,2023-05-11,Active
AN0003855,erin,kaur,1992-05-05,M,erin.kaur3855@example.com,07700900370,M1 4JA,9997033019,E04,2018-11-17,Active
AN0003856,ethan,chen,1992-04-14,f,ethan.chen3856@example.com,07700900896,CF10 9DB,9997646703,E06,2020-05-06,Active
AN0003857,erin,nwosu,1992-12-20,M,erin.nwosu3857@example.com,07700900109,sw1a  2dh,9996201198,E14,2016-01-01,Deferred
AN0003858,hannah,rossi,1997-04-07,M,hannah.rossi3858@example.com,07700900916,EH13ED,9996345645,E06,2022-04-04,Active
AN0003859,chloe,sharma,1998-06-29,m,chloe.sharma3859@example.com,07700900967,BS1 3DA,9993952079,E09,2023-11-21,Active
AN0003860,daniel,osman,1997-12-03,F,daniel.osman3860@example.com,(0161) 496 9350,b158ab,9997744160,E09,2018-06-04,Active
AN0003861,isla,murray,1989-11-17,F,isla.murray3861@example.com,07700900629,eh18bh,9999361757,E10,2019-08-26,Suspended
AN0003862,leila,doyle,1998-05-28,m,leila.doyle3862@example.com,(0161) 496 5231,M16GA,9994570048,E14,2023-02-20,Deferred
AN0003863,meera,whitfield,2001-07-23,F,meera.whitfield3863@example.com,07700900192,M1 3HB,9998839556,E01,2023-03-10,Active
AN0003864,nadia,okafor,1992-12-25,F,,(0161) 496 5868,ls16eg,9995370948,E13,2017-02-02,Active
AN0003865,zainab,bello,1995-02-16,f,zainab.bello3865@example.com,(0161) 496 1059,ne11gd,9998215498,E09,2022-07-25,Active
AN0003866,ethan,ali,1993-03-02,F,ethan.ali3866@example.com,+44 7700 900941,G12EE,9999534910,E15,2022-10-27,Active
AN0003867,fatima,bello,1992-07-20,F,fatima.bello3867@example.com,07700900476,EH1 5JA,9995453886,E03,2022-02-12,Active
AN0003868,noah,khan,2000-04-06,m,noah.khan3868@example.com,+44 7700 900893,NE1 6JF,9998275989,E01,2019-01-17,Active
AN0003869,oliver,osman,2003-03-01,F,oliver.osman3869@example.com,+44 7700 900336,m1  5hd,9999338631,E04,2022-03-20,Active
AN0003870,amara,ali,1998-10-19,M,amara.ali3870@example.com,07700900867,NE15BB,9994575872,E02,2020-04-24,Suspended
AN0003871,sofia,wright,1993-04-12,f,sofia.wright3871@example.com,+44 7700 900198,M1 6DF,9991871004,E14,2016-05-01,Deferred
AN0003872,james,lawson,1995-02-14,M,james.lawson3872@example.com,(0161) 496 8779,G1 2JD,9993249483,E12,2016-08-02,Deferred
AN0003873,nadia,reid,2006-06-13,M,nadia.reid3873@example.com,07700900410,g1  6db,9996172708,E16,2024-06-30,Suspended
AN0003874,tom,wright,1997-02-03,m,tom.wright3874@example.com,+44 7700 900234,NE14HA,9996688445,E12,2022-04-03,Suspended
AN0003875,grace,ali,1991-09-20,M,grace.ali3875@example.com,(0161) 496 3128,SW1A 7DF,9998072743,E07,2016-12-22,Active
AN0003876,callum,osman,1997-09-05,F,callum.osman3876@example.com,07700900371,B15 5DA,9995024098,E14,2018-05-16,Active
AN0003877,sofia,kaur,1988-12-25,f,sofia.kaur3877@example.com,+44 7700 900976,l14ga,9996925269,E16,2018-05-13,Active
AN0003878,liam,iqbal,1999-02-22,M,liam.iqbal3878@example.com,(0161) 496 3912,NE18AA,9993613991,E03,2018-11-12,Active
AN0003879,kai,whitfield,1993-11-20,F,kai.whitfield3879@example.com,(0161) 496 5589,EH1 6BD,9996078663,E14,2022-07-30,Active
AN0003880,isla,mackenzie,1995-02-10,m,isla.mackenzie3880@example.com,(0161) 496 1615,L1 8BE,9995992337,E16,2023-04-10,Active
AN0003881,sarah,byrne,1992-02-11,M,sarah.byrne3881@example.com,+44 7700 900230,b15  2bd,9992574895,E04,2021-09-12,Active
AN0003882,ruth,patel,1994-12-26,F,ruth.patel3882@example.com,+44 7700 900562,G12FE,9995482509,E11,2019-06-05,Withdrawn
AN0003883,liam,iqbal,1992-01-30,f,liam.iqbal3883@example.com,07700900956,G1 1FH,9995342545,E13,2019-06-08,Active
AN0003884,noah,ali,2003-05-04,M,noah.ali3884@example.com,+44 7700 900591,EH1 9AG,9996873358,E03,2023-12-01,Active
AN0003885,ethan,rossi,1997-04-01,M,ethan.rossi3885@example.com,+44 7700 900800,bs1  8he,9992866535,E11,2022-10-15,Withdrawn
AN0003886,sofia,doyle,1996-01-05,f,sofia.doyle3886@example.com,07700900209,L13BF,9998823854,E11,2022-06-29,Active
AN0003887,sarah,okafor,1995-11-29,M,sarah.okafor3887@example.com,(0161) 496 7621,CF10 8EA,9998048087,E16,2024-09-17,Active
AN0003888,chloe,chen,1992-02-26,F,chloe.chen3888@example.com,+44 7700 900182,M1 2GH,9996311082,E04,2021-07-11,Suspended
AN0003889,daniel,grant,1996-08-16,m,daniel.grant3889@example.com,(0161) 496 9482,m1  3fa,9994766961,E04,2023-11-17,Suspended
AN0003890,nadia,byrne,1992-08-02,M,nadia.byrne3890@example.com,+44 7700 900427,ls18bj,9990431132,E01,2019-09-20,Active
AN0003891,kai,osman,1999-02-24,F,kai.osman3891@example.com,07700900207,l14gg,9999971776,E01,2018-02-21,Active
AN0003892,nadia,robertson,2001-02-20,f,nadia.robertson3892@example.com,(0161) 496 6250,BS1 6EF,9997972805,E07,2019-03-29,Active
AN0003893,daniel,osman,1995-10-07,F,daniel.osman3893@example.com,07700900712,ne1  4jg,9994810278,E14,2019-11-25,Deferred
AN0003894,callum,abara,1989-07-21,F,callum.abara3894@example.com,(0161) 496 8802,CF102AG,9997237544,E07,2019-02-07,Active
AN0003895,meera,patel,1994-03-03,m,meera.patel3895@example.com,+44 7700 900541,SW1A 8FH,9999358837,E12,2022-03-25,Withdrawn
AN0003896,oliver,bello,1987-09-17,F,oliver.bello3896@example.com,(0161) 496 2324,EH1 5FG,9998914272,E04,2017-04-04,Active
AN0003897,ethan,osman,1993-08-20,F,ethan.osman3897@example.com,+44 7700 900795,ne1  3je,9992041684,E07,2017-02-25,Suspended
AN0003898,amara,adeyemi,1990-11-27,m,amara.adeyemi3898@example.com,+44 7700 900701,SW1A1HA,9990828334,E15,2017-05-03,Active
AN0003899,meera,whitfield,1992-02-28,M,meera.whitfield3899@example.com,07700900715,LS1 6JA,9996721825,E11,2018-08-05,Active
AN0003900,idris,iqbal,1995-10-07,M,idris.iqbal3900@example.com,(0161) 496 6386,B15 7EJ,9996903613,E04,2021-01-27,Active
AN0003901,sofia,nwosu,1990-02-01,m,,(0161) 496 7745,bs1  2gj,9998300304,Z99,2017-10-16,Active
AN0003902,george,byrne,1993-01-21,F,george.byrne3902@example.com,(0161) 496 9537,LS19JG,9998331838,E14,2019-08-10,Withdrawn
AN0003903,kai,abara,1993-04-19,M,kai.abara3903@example.com,(0161) 496 3531,SW1A 9EH,9996228797,E05,2016-12-21,Active
AN0003904,liam,byrne,1988-06-25,m,liam.byrne3904@example.com,+44 7700 900401,NE1 2HB,9993628859,E12,2016-03-04,Deferred
AN0003905,sarah,iqbal,1992-07-17,F,sarah.iqbal3905@example.com,+44 7700 900525,g1  3he,9990266980,E15,2022-02-04,Deferred
AN0003906,wei,kaur,1998-04-18,F,wei.kaur3906@example.com,+44 7700 900282,BS11BE,9994128396,E16,2023-07-29,Withdrawn
AN0003907,zainab,novak,2000-05-03,m,zainab.novak3907@example.com,07700900447,sw1a9dd,9990473013,E13,2025-01-01,Active
AN0003908,yusuf,grant,1992-05-29,M,yusuf.grant3908@example.com,+44 7700 900989,NE1 4EG,9992071907,E08,2019-02-19,Active
AN0003909,fatima,khan,1989-12-04,F,fatima.khan3909@example.com,+44 7700 900999,ls11ga,9991517480,E09,2019-02-07,Active
AN0003910,james,haddad,1997-05-10,m,james.haddad3910@example.com,+44 7700 900381,b159fb,9990290164,E10,2022-01-06,Active
AN0003911,zainab,byrne,1998-07-08,F,zainab.byrne3911@example.com,(0161) 496 3612,B15 5EH,9996479846,E09,2021-03-11,Active
AN0003912,tom,ali,2001-08-27,F,tom.ali3912@example.com,07700900812,SW1A 2GD,9996509605,E02,2020-01-07,Active
AN0003913,hannah,doyle,1990-05-16,f,hannah.doyle3913@example.com,+44 7700 900781,b15  7ed,9992991941,E06,2020-01-21,Withdrawn
AN0003914,erin,robertson,1990-04-21,M,erin.robertson3914@example.com,(0161) 496 9155,M13EH,9990619379,E01,2018-08-23,Withdrawn
AN0003915,callum,thompson,1996-03-25,M,callum.thompson3915@example.com,(0161) 496 2318,NE1 8BH,9999934102,E06,2022-11-18,Deferred
AN0003916,callum,patel,1996-05-11,f,callum.patel3916@example.com,+44 7700 900561,EH1 3AJ,9998427177,E16,2024-07-28,Active
AN0003917,yusuf,cohen,1997-09-18,F,yusuf.cohen3917@example.com,(0161) 496 2842,eh1  4hf,9999088708,E15,2020-06-25,Deferred
AN0003918,zainab,thompson,1995-09-12,M,zainab.thompson3918@example.com,(0161) 496 7463,SW1A3GE,9994110225,E15,2021-12-02,Active
AN0003919,hassan,chen,1992-10-12,m,hassan.chen3919@example.com,+44 7700 900640,bs14ja,9990232857,E03,2016-10-19,Active
AN0003920,george,okafor,1992-04-12,M,george.okafor3920@example.com,+44 7700 900594,EH1 9HA,9994988247,E01,2016-06-16,Withdrawn
AN0003921,grace,okafor,2003-02-15,M,grace.okafor3921@example.com,+44 7700 900699,bs1  1fg,9998202698,E13,2023-02-18,Active
AN0003922,hannah,novak,1997-09-22,f,hannah.novak3922@example.com,+44 7700 900638,B158FG,9994012681,E04,2022-12-08,Deferred
AN0003923,kai,reid,1998-06-11,F,kai.reid3923@example.com,+44 7700 900763,SW1A 7GE,9999065457,E01,2022-01-05,Active
AN0003924,leila,rossi,1984-09-19,M,leila.rossi3924@example.com,+44 7700 900238,B15 7HB,9999733492,E05,2024-04-27,Active
AN0003925,chloe,okafor,1995-08-19,f,chloe.okafor3925@example.com,+44 7700 900160,g1  3hj,9998907616,E02,2018-10-28,Active
AN0003926,ruth,robertson,1990-02-07,F,ruth.robertson3926@example.com,07700900124,LS13AD,9996788695,E11,2018-07-24,Active
AN0003927,meera,khan,1992-05-07,M,meera.khan3927@example.com,07700900594,B15 1ED,9990000395,E14,2016-01-08,Deferred
AN0003928,sarah,sharma,2004-03-18,m,sarah.sharma3928@example.com,(0161) 496 3757,M1 1EJ,9995141787,E03,2022-04-09,Active
AN0003929,isla,sharma,2005-06-01,M,isla.sharma3929@example.com,07700900986,ls1  6gg,9998709792,E16,2024-12-15,Active
AN0003930,amara,nwosu,1994-11-27,F,amara.nwosu3930@example.com,07700900304,LS19EJ,9995875446,E10,2023-12-17,Active
AN0003931,george,abara,1995-02-25,f,george.abara3931@example.com,+44 7700 900596,LS1 5FD,9990900140,E02,2017-09-08,Deferred
AN0003932,priya,byrne,1992-10-18,F,priya.byrne3932@example.com,07700900855,cf108af,9990241937,E11,2020-11-12,Active
AN0003933,zainab,adeyemi,1996-08-31,F,zainab.adeyemi3933@example.com,+44 7700 900176,g1  2be,9994288156,E16,2017-12-17,Withdrawn
AN0003934,oliver,khan,1990-11-30,m,oliver.khan3934@example.com,+44 7700 900575,BS12GG,9992876840,E08,2018-09-14,Suspended
AN0003935,nadia,chen,1997-11-15,F,nadia.chen3935@example.com,+44 7700 900821,B15 7DF,9999593291,E11,2024-02-13,Active
AN0003936,omar,reid,2005-10-16,F,omar.reid3936@example.com,+44 7700 900747,CF10 4DB,9997006267,E09,2024-04-01,Active
AN0003937,sofia,reid,2002-04-30,f,sofia.reid3937@example.com,+44 7700 900138,l1  8hd,9997433394,E06,2024-09-24,Deferred
AN0003938,daniel,bianchi,1998-03-26,M,daniel.bianchi3938@example.com,+44 7700 900771,CF103GD,9995803151,E02,2024-12-07,Suspended
AN0003939,idris,whitfield,1987-06-22,M,idris.whitfield3939@example.com,+44 7700 900967,ls12fg,9995174316,E03,2016-09-22,Withdrawn
AN0003940,wei,byrne,1997-04-05,m,wei.byrne3940@example.com,+44 7700 900562,LS1 7GF,9994611607,E08,2022-08-04,Deferred
AN0003941,meera,mackenzie,2000-04-08,F,meera.mackenzie3941@example.com,+44 7700 900961,ne1  7bg,9998551103,E14,2023-06-24,Deferred
AN0003942,james,robertson,2004-03-23,F,james.robertson3942@example.com,+44 7700 900162,G18JA,9997131193,E05,2023-09-13,Withdrawn
AN0003943,kai,murray,2002-01-23,m,kai.murray3943@example.com,+44 7700 900938,CF10 7AH,9998798817,E11,2021-02-10,Suspended
AN0003944,ruth,lawson,1999-12-10,M,ruth.lawson3944@example.com,+44 7700 900750,G1 6BG,9994275097,E14,2023-07-12,Active
AN0003945,idris,kaur,1993-11-27,F,idris.kaur3945@example.com,+44 7700 900892,b15  2hd,9990300453,E03,2017-03-02,Deferred
AN0003946,ethan,bianchi,1996-05-09,m,ethan.bianchi3946@example.com,(0161) 496 7205,NE19EB,9999638678,E09,2017-10-12,Suspended
AN0003947,kai,doyle,1996-11-23,M,kai.doyle3947@example.com,+44 7700 900709,M1 8AH,9992178949,E13,2018-12-22,Deferred
AN0003948,omar,okafor,1998-03-13,M,omar.okafor3948@example.com,07700900316,BS1 1DB,9992594284,E02,2018-03-16,Deferred
AN0003949,sarah,chen,1998-10-31,f,sarah.chen3949@example.com,(0161) 496 2404,ls15fd,9993602566,E12,2017-04-16,Active
AN0003950,ruth,nwosu,2003-01-25,M,ruth.nwosu3950@example.com,+44 7700 900846,LS11GG,9990934363,E09,2022-09-09,Suspended
AN0003951,george,rossi,1995-08-05,F,george.rossi3951@example.com,07700900481,cf104aa,9999038751,E06,2016-08-14,Active
AN0003952,callum,lawson,1995-07-16,m,callum.lawson3952@example.com,07700900336,B15 5FE,9994714279,E13,2016-11-24,Withdrawn
AN0003953,zainab,byrne,1991-02-26,F,zainab.byrne3953@example.com,07700900397,bs12hb,9991128425,E06,2024-04-01,Deferred
AN0003954,noah,byrne,1998-06-21,M,noah.byrne3954@example.com,07700900750,CF109HD,9993772763,E14,2022-09-12,Active
AN0003955,zainab,bello,1989-09-29,m,,+44 7700 900321,EH1 5HF,9997498208,E12,2016-02-15,Deferred
AN0003956,ethan,byrne,1991-12-04,M,ethan.byrne3956@example.com,(0161) 496 2110,LS1 3HG,9999062946,E05,2017-08-17,Active
AN0003957,zainab,nwosu,1995-03-17,F,zainab.nwosu3957@example.com,07700900598,m13jg,9993480800,E16,2016-03-31,Active
AN0003958,idris,sharma,1992-01-24,f,idris.sharma3958@example.com,+44 7700 900903,LS12FD,9998271894,E14,2019-06-17,Active
AN0003959,oliver,fenton,1993-03-09,M,oliver.fenton3959@example.com,07700900260,G1 9FJ,9990721769,E11,2020-06-02,Suspended
AN0003960,zainab,ali,1994-02-24,M,zainab.ali3960@example.com,07700900188,BS1 8FA,9999590705,E15,2016-07-06,Suspended
AN0003961,kai,mackenzie,1991-05-13,m,kai.mackenzie3961@example.com,07700900599,b156ba,9990933189,E09,2016-09-09,Withdrawn
AN0003962,leila,osman,1993-06-08,M,leila.osman3962@example.com,(0161) 496 7284,BS14HH,9996391892,E15,2021-11-14,Active
AN0003963,ethan,murray,1990-09-11,M,,07700900631,bs16bf,9991973486,E10,2016-01-03,Active
AN0003964,leila,lawson,1991-04-28,f,leila.lawson3964@example.com,+44 7700 900892,SW1A 8GH,9996804771,E15,2016-12-27,Deferred
AN0003965,liam,fenton,2001-04-17,F,liam.fenton3965@example.com,07700900788,ne1  8bb,9992117052,E05,2023-01-24,Active
AN0003966,hassan,robertson,1994-07-18,F,hassan.robertson3966@example.com,07700900303,NE13HF,9993352950,E04,2017-03-12,Withdrawn
AN0003967,noah,novak,1992-12-08,f,noah.novak3967@example.com,+44 7700 900416,LS1 2FE,9996651894,E04,2016-04-30,Active
AN0003968,callum,novak,2002-02-19,M,callum.novak3968@example.com,07700900947,M1 7JE,9996210030,E06,2024-03-09,Suspended
AN0003969,meera,chen,2002-11-21,F,meera.chen3969@example.com,+44 7700 900780,ls12eh,9993081728,E10,2022-05-05,Active
AN0003970,nadia,byrne,1995-03-29,m,nadia.byrne3970@example.com,+44 7700 900177,g17da,9992799994,E05,2017-05-28,Suspended
AN0003971,yusuf,fenton,2004-11-25,M,yusuf.fenton3971@example.com,+44 7700 900285,BS1 4HJ,9998656001,E03,2023-01-22,Deferred
AN0003972,hassan,cohen,1994-10-20,M,,+44 7700 900704,B15 6GE,9997607988,E12,2024-06-21,Active
AN0003973,grace,bello,1993-12-19,m,grace.bello3973@example.com,(0161) 496 6868,ls11fh,9993477745,E08,2018-09-22,Active
AN0003974,chloe,fenton,1999-07-10,F,chloe.fenton3974@example.com,07700900835,M11BD,9992914394,E04,2020-10-24,Active
AN0003975,erin,grant,1992-11-01,M,erin.grant3975@example.com,+44 7700 900716,L1 3AG,9992271922,E09,2018-11-25,Withdrawn
AN0003976,oliver,iqbal,1988-05-04,f,oliver.iqbal3976@example.com,+44 7700 900625,B15 4AH,9997338286,E12,2016-05-25,Suspended
AN0003977,leila,grant,1996-03-25,M,leila.grant3977@example.com,07700900650,m1  6be,9999287107,E14,2017-09-10,Active
AN0003978,yusuf,fenton,1996-11-12,M,yusuf.fenton3978@example.com,+44 7700 900168,B155GG,9998997100,E11,2022-06-26,Active
AN0003979,george,murray,1996-10-17,m,george.murray3979@example.com,+44 7700 900647,SW1A 9BH,9991281479,E08,2022-11-20,Active
AN0003980,sofia,novak,2001-03-08,M,sofia.novak3980@example.com,+44 7700 900746,EH1 1EE,9999690076,E15,2019-04-28,Active
AN0003981,tom,okafor,1998-10-13,F,tom.okafor3981@example.com,+44 7700 900184,ne1  7he,9997762606,E04,2022-12-15,Withdrawn
AN0003982,erin,murray,2006-08-18,f,erin.murray3982@example.com,+44 7700 900714,G17HD,9990692807,E05,2021-05-19,Active
AN0003983,grace,kaur,1993-06-14,M,grace.kaur3983@example.com,+44 7700 900329,G1 1AE,9996002853,E06,2020-03-09,Active
AN0003984,sofia,abara,1990-07-18,M,sofia.abara3984@example.com,+44 7700 900529,NE1 8EB,9993672319,E15,2019-02-21,Withdrawn
AN0003985,ruth,okafor,2000-07-04,f,ruth.okafor3985@example.com,+44 7700 900206,b15  1bd,9997308166,E07,2022-12-27,Active
AN0003986,liam,okafor,2001-07-16,M,liam.okafor3986@example.com,07700900883,LS16JJ,9992619589,E05,2024-07-21,Deferred
AN0003987,erin,robertson,1988-01-19,F,erin.robertson3987@example.com,+44 7700 900458,NE1 6DF,9998228085,E06,2017-04-05,Active
AN0003988,kai,nwosu,2001-11-22,m,kai.nwosu3988@example.com,+44 7700 900184,cf102eg,9992485523,E06,2023-06-03,Active
AN0003989,ruth,fenton,2004-04-24,M,ruth.fenton3989@example.com,+44 7700 900948,b156jd,9998982057,E05,2023-01-14,Active
AN0003990,oliver,reid,2003-07-04,M,oliver.reid3990@example.com,07700900281,L12HF,9996958000,E09,2024-04-04,Suspended
AN0003991,liam,bianchi,2004-02-02,m,liam.bianchi3991@example.com,(0161) 496 1888,m13db,9998748488,E02,2023-09-04,Deferred
AN0003992,hassan,reid,2003-07-04,M,,+44 7700 900147,bs12eg,9992141573,E14,2021-09-03,Suspended
AN0003993,wei,abara,1999-01-04,F,wei.abara3993@example.com,07700900451,bs1  9dh,9990447616,E05,2017-05-16,Suspended
AN0003994,tom,mackenzie,1993-01-27,m,tom.mackenzie3994@example.com,+44 7700 900890,CF109BF,9995754525,E02,2016-02-23,Active
AN0003995,chloe,wright,1997-08-03,F,chloe.wright3995@example.com,+44 7700 900458,G1 3FB,9998715407,E03,2022-10-01,Active
AN0003996,isla,haddad,1999-11-07,M,isla.haddad3996@example.com,+44 7700 900401,ne14gf,9999957269,E07,2020-06-20,Active
AN0003997,idris,lawson,1991-10-09,m,idris.lawson3997@example.com,+44 7700 900800,sw1a8dh,9998286611,E13,2019-10-07,Suspended
AN0003998,grace,okafor,2000-06-09,M,grace.okafor3998@example.com,+44 7700 900754,EH14FB,9992301309,E08,2019-01-06,Deferred
AN0003999,fatima,chen,1999-01-11,F,fatima.chen3999@example.com,07700900706,CF10 7HH,9994815393,E16,2020-05-12,Active
AN0004000,erin,reid,1989-11-30,f,erin.reid4000@example.com,+44 7700 900889,CF10 1GH,9994364448,E10,2016-12-01,Deferred
AN0004001,isla,chen,2004-03-05,M,,+44 7700 900114,bs11ge,9990326150,Z99,2023-04-09,Withdrawn
AN0004002,sarah,sharma,2000-06-19,F,sarah.sharma4002@example.com,(0161) 496 5286,CF104DD,9990144974,E15,2018-11-19,Withdrawn
AN0004003,noah,patel,2001-10-03,m,noah.patel4003@example.com,+44 7700 900375,M1 7EB,9992750065,E03,2023-03-14,Active
AN0004004,tom,bello,2005-04-30,F,tom.bello4004@example.com,(0161) 496 7825,l15bj,9998903300,E02,2023-05-04,Suspended
AN0004005,meera,iqbal,1996-01-09,M,meera.iqbal4005@example.com,07700900819,sw1a  2db,9999944957,E01,2024-09-20,Active
AN0004006,tom,adeyemi,1999-01-12,m,tom.adeyemi4006@example.com,+44 7700 900497,BS12GE,9991067078,E10,2017-04-12,Deferred
AN0004007,meera,okafor,1994-05-08,M,meera.okafor4007@example.com,(0161) 496 8779,M1 8JE,9992685786,E16,2018-01-28,Active
AN0004008,omar,chen,1994-03-31,M,,+44 7700 900777,NE1 7EB,9995525674,E10,2021-08-20,Withdrawn
AN0004009,sofia,grant,1994-11-09,f,sofia.grant4009@example.com,(0161) 496 5927,m1  2hh,9991153403,E06,2022-11-04,Active
AN0004010,wei,haddad,1995-03-10,F,wei.haddad4010@example.com,07700900556,CF109HA,9990413797,E09,2022-09-30,Active
AN0004011,isla,reid,1997-04-19,M,isla.reid4011@example.com,07700900412,M1 1EB,9991557709,E16,2022-05-05,Suspended
AN0004012,james,reid,1995-01-24,f,james.reid4012@example.com,07700900120,NE1 3FG,9999432018,E07,2023-09-16,Active
AN0004013,idris,doyle,2004-08-23,M,idris.doyle4013@example.com,07700900377,sw1a  4gj,9993844721,E01,2024-11-27,Suspended
AN0004014,wei,fenton,1989-09-19,F,wei.fenton4014@example.com,(0161) 496 8868,b156bg,9994960660,E15,2017-03-31,Active
AN0004015,nadia,adeyemi,2002-03-30,f,nadia.adeyemi4015@example.com,+44 7700 900848,CF10 9EF,9994975153,E12,2021-06-09,Suspended
AN0004016,james,cohen,2000-07-08,F,james.cohen4016@example.com,07700900582,B15 7AH,9993017981,E13,2021-09-17,Deferred
AN0004017,omar,sharma,1999-08-30,F,omar.sharma4017@example.com,07700900349,b15  3gh,9993451169,E16,2022-11-23,Withdrawn
AN0004018,hannah,robertson,2000-06-13,m,hannah.robertson4018@example.com,+44 7700 900253,ls13hd,9993658839,E04,2019-11-17,Withdrawn
AN0004019,yusuf,sharma,1999-09-06,F,,07700900244,g13hj,9991388516,E11,2019-09-19,Suspended
AN0004020,hassan,mackenzie,1989-01-08,F,hassan.mackenzie4020@example.com,(0161) 496 9659,NE1 3BJ,9997661540,E11,2016-06-03,Withdrawn
AN0004021,leila,kaur,2001-01-27,f,leila.kaur4021@example.com,+44 7700 900182,b15  7gb,9996913643,E01,2020-10-16,Active
AN0004022,hassan,rossi,1995-03-31,F,hassan.rossi4022@example.com,+44 7700 900203,ls13ge,9994143018,E04,2019-12-29,Active
AN0004023,erin,abara,1999-08-17,M,erin.abara4023@example.com,(0161) 496 6341,M1 6EB,9994308041,E06,2021-03-04,Active
AN0004024,priya,bianchi,1995-12-20,m,priya.bianchi4024@example.com,+44 7700 900480,EH1 8HB,9993595187,E04,2016-05-29,Active
AN0004025,meera,chen,1999-01-20,M,meera.chen4025@example.com,+44 7700 900214,bs13jd,9991987835,E02,2021-09-14,Active
AN0004026,priya,haddad,1996-06-18,F,priya.haddad4026@example.com,+44 7700 900464,g13da,9992279613,E12,2020-01-30,Active
AN0004027,priya,byrne,1991-11-19,f,priya.byrne4027@example.com,07700900940,g12jd,9994889834,E02,2017-12-06,Withdrawn
AN0004028,liam,osman,1994-02-19,M,liam.osman4028@example.com,+44 7700 900134,g13gh,9990605645,E07,2021-09-22,Active
AN0004029,priya,wright,1994-09-15,M,priya.wright4029@example.com,(0161) 496 2132,g1  8dj,9990636222,E03,2022-02-28,Deferred
AN0004030,daniel,okafor,1998-03-05,f,daniel.okafor4030@example.com,+44 7700 900295,M13EG,9998420946,E16,2019-11-16,Suspended
AN0004031,isla,adeyemi,1991-08-20,M,isla.adeyemi4031@example.com,+44 7700 900934,ls15gj,9993921181,E15,2020-11-01,Suspended
AN0004032,leila,osman,1992-06-15,F,leila.osman4032@example.com,+44 7700 900641,G1 8DA,9992165154,E11,2018-06-28,Active
AN0004033,fatima,khan,1992-08-13,m,fatima.khan4033@example.com,+44 7700 900241,l18jh,9999732461,E14,2018-02-16,Active
AN0004034,chloe,reid,2006-01-12,M,chloe.reid4034@example.com,(0161) 496 2481,m13ga,9995836823,E06,2024-07-05,Deferred
AN0004035,oliver,bianchi,1988-05-08,F,oliver.bianchi4035@example.com,(0161) 496 6787,G1 3HJ,9996934438,E03,2016-07-16,Deferred
AN0004036,amara,rossi,1992-12-05,m,amara.rossi4036@example.com,(0161) 496 1130,LS1 8ED,9990045348,E05,2018-02-25,Active
AN0004037,hannah,reid,1997-05-21,M,hannah.reid4037@example.com,07700900605,ls18df,9993477206,E04,2018-01-27,Deferred
AN0004038,isla,ali,1997-04-17,M,isla.ali4038@example.com,+44 7700 900476,bs15fd,9997596552,E12,2021-06-25,Active
AN0004039,sarah,ali,1997-07-29,f,sarah.ali4039@example.com,+44 7700 900532,LS1 4GB,9993182443,E10,2016-04-10,Withdrawn
AN0004040,hassan,cohen,1990-12-16,F,hassan.cohen4040@example.com,+44 7700 900524,SW1A 3AJ,9992451300,E09,2020-06-23,Active
AN0004041,oliver,khan,1995-10-24,F,oliver.khan4041@example.com,(0161) 496 6067,bs15bf,9992654953,E02,2018-07-13,Active
AN0004042,zainab,patel,1997-07-16,m,zainab.patel4042@example.com,+44 7700 900572,eh15bg,999222951,E11,2019-12-10,Withdrawn
AN0004043,callum,wright,1997-06-08,F,callum.wright4043@example.com,+44 7700 900949,NE1 2FA,9998690803,E13,2016-12-15,Active
AN0004044,omar,wright,1997-04-09,M,omar.wright4044@example.com,07700900716,B15 5DJ,9999784755,E03,2017-08-13,Active
AN0004045,zainab,cohen,1993-04-25,m,zainab.cohen4045@example.com,(0161) 496 5887,bs1  4jd,9995204304,E08,2016-11-13,Active
AN0004046,isla,chen,1998-12-18,F,isla.chen4046@example.com,07700900754,l13fh,9999753922,E16,2020-08-23,Suspended
AN0004047,grace,adeyemi,1993-01-29,F,grace.adeyemi4047@example.com,+44 7700 900466,LS1 2EG,9995830760,E13,2016-06-16,Withdrawn
AN0004048,erin,cohen,1998-04-08,m,erin.cohen4048@example.com,+44 7700 900385,EH1 3BB,9993849626,E01,2018-10-25,Active
AN0004049,ruth,fenton,1998-12-24,F,ruth.fenton4049@example.com,07700900134,l1  1be,9994223550,E14,2023-10-01,Active
AN0004050,ruth,khan,1992-08-06,M,ruth.khan4050@example.com,(0161) 496 8069,LS11AD,9991041257,E09,2016-04-13,Withdrawn
AN0004051,isla,bello,1999-05-12,m,isla.bello4051@example.com,07700900420,SW1A 3AB,9998855268,E16,2023-05-07,Active
AN0004052,ethan,bianchi,2003-02-12,M,ethan.bianchi4052@example.com,+44 7700 900485,m13gd,9999760406,E03,2023-10-16,Active
AN0004053,sofia,abara,2002-09-29,M,sofia.abara4053@example.com,+44 7700 900627,eh1  6dg,9990035180,E07,2023-10-02,Active
AN0004054,meera,robertson,1991-10-12,f,meera.robertson4054@example.com,07700900705,L13HB,9991646663,E07,2019-03-08,Active
AN0004055,nadia,ali,1994-05-19,M,nadia.ali4055@example.com,07700900550,NE1 8HD,9998485169,E09,2023-06-23,Active
AN0004056,fatima,cohen,1997-07-13,F,fatima.cohen4056@example.com,+44 7700 900406,SW1A 6FB,9998331420,E08,2020-12-06,Withdrawn
AN0004057,oliver,nwosu,2001-08-23,m,oliver.nwosu4057@example.com,(0161) 496 3576,l1  1gg,9990274126,E04,2023-05-11,Active
AN0004058,james,doyle,2000-07-24,M,james.doyle4058@example.com,+44 7700 900864,L11FD,9996136760,E07,2024-04-15,Active
AN0004059,wei,lawson,1998-11-04,F,wei.lawson4059@example.com,(0161) 496 1117,B15 2DA,9992796855,E11,2022-01-12,Deferred
AN0004060,daniel,kaur,1998-08-26,f,daniel.kaur4060@example.com,(0161) 496 1277,SW1A 3BA,9999390307,E10,2017-10-05,Active
AN0004061,callum,patel,2005-04-03,M,callum.patel4061@example.com,+44 7700 900290,bs1  1je,9991077251,E14,2023-06-23,Active
AN0004062,idris,sharma,1996-02-07,M,idris.sharma4062@example.com,+44 7700 900540,SW1A9FE,9992913533,E04,2022-07-24,Deferred
AN0004063,leila,kaur,1990-08-28,m,leila.kaur4063@example.com,+44 7700 900278,BS1 4EB,9996136310,E08,2017-04-26,Active
AN0004064,noah,bello,2001-06-25,F,,(0161) 496 2235,L1 9AG,9997634160,E03,2024-12-21,Active
AN0004065,sarah,lawson,1998-10-06,M,sarah.lawson4065@example.com,07700900561,b15  4af,9997412982,E09,2020-10-15,Active
AN0004066,meera,patel,2003-11-19,f,meera.patel4066@example.com,+44 7700 900901,B152JA,9997772172,E12,2022-05-05,Withdrawn
AN0004067,sofia,bianchi,1994-11-21,F,sofia.bianchi4067@example.com,+44 7700 900148,B15 2DE,9994836625,E06,2021-02-02,Active
AN0004068,meera,thompson,2000-12-21,M,meera.thompson4068@example.com,07700900302,SW1A 3BG,9995223937,E08,2022-03-02,Active
AN0004069,priya,iqbal,2004-01-25,f,priya.iqbal4069@example.com,+44 7700 900595,bs1  8dd,9991089187,E01,2023-10-26,Active
AN0004070,priya,sharma,1994-10-28,M,priya.sharma4070@example.com,+44 7700 900326,LS11EH,9996033740,E10,2016-07-20,Deferred
AN0004071,amara,robertson,2003-11-26,M,amara.robertson4071@example.com,07700900614,SW1A 8EF,9996969096,E08,2022-07-10,Active
AN0004072,tom,byrne,2000-11-13,m,tom.byrne4072@example.com,+44 7700 900977,CF10 1AJ,9991949232,E06,2022-06-23,Suspended
AN0004073,priya,nwosu,2000-05-20,F,priya.nwosu4073@example.com,(0161) 496 9028,ne11gg,9991443010,E08,2021-06-12,Active
AN0004074,meera,okafor,2001-09-17,M,meera.okafor4074@example.com,07700900158,L16EG,9994236539,E12,2024-11-04,Active
AN0004075,sofia,adeyemi,2003-08-23,m,sofia.adeyemi4075@example.com,+44 7700 900945,EH1 3FB,9998596181,E05,2022-10-22,Deferred
AN0004076,daniel,kaur,1998-05-23,F,daniel.kaur4076@example.com,07700900328,BS1 9EA,9996127923,E05,2024-11-06,Active
AN0004077,wei,reid,2002-09-12,F,wei.reid4077@example.com,(0161) 496 1321,l1  2hd,9992171146,E10,2021-10-11,Active
AN0004078,tom,sharma,1993-05-09,m,tom.sharma4078@example.com,+44 7700 900558,SW1A2FE,9999182445,E14,2017-01-08,Active
AN0004079,omar,rossi,1998-03-08,M,,(0161) 496 1675,BS1 6FB,9996764265,E02,2018-07-11,Withdrawn
AN0004080,ruth,whitfield,1996-03-02,F,ruth.whitfield4080@example.com,+44 7700 900285,M1 3JF,9992977299,E16,2017-05-17,Active
AN0004081,leila,bianchi,2000-04-02,f,,07700900527,m1  8fh,9997820797,E06,2024-07-18,Withdrawn
AN0004082,priya,patel,1994-10-14,F,priya.patel4082@example.com,07700900895,CF105EJ,9995303760,E07,2019-10-18,Withdrawn
AN0004083,meera,adeyemi,2002-02-08,F,meera.adeyemi4083@example.com,+44 7700 900205,LS1 2DJ,9999673473,E06,2021-09-01,Deferred
AN0004084,noah,thompson,1994-12-23,m,noah.thompson4084@example.com,(0161) 496 7964,EH1 8GH,9999157548,E08,2021-05-16,Active
AN0004085,grace,haddad,1988-12-30,M,grace.haddad4085@example.com,07700900287,b15  5dd,9997886224,E02,2017-05-06,Withdrawn
AN0004086,yusuf,ali,1989-11-16,M,yusuf.ali4086@example.com,+44 7700 900759,ls19hj,9997325982,E10,2019-02-09,Active
AN0004087,yusuf,bianchi,2000-01-09,f,yusuf.bianchi4087@example.com,07700900734,NE1 4FF,9998019400,E05,2022-09-14,Active
AN0004088,oliver,grant,2004-06-30,F,oliver.grant4088@example.com,+44 7700 900877,EH1 9FG,9993623601,E01,2022-08-21,Deferred
AN0004089,sofia,nwosu,1999-03-30,F,sofia.nwosu4089@example.com,(0161) 496 1307,cf10  9gh,9995215721,E05,2020-11-07,Suspended
AN0004090,callum,murray,1997-01-12,f,callum.murray4090@example.com,+44 7700 900711,ne18ea,9990046662,E15,2020-05-30,Withdrawn
AN0004091,leila,nwosu,1987-12-09,M,leila.nwosu4091@example.com,(0161) 496 3238,EH1 8BE,9994891022,E16,2017-06-30,Deferred
AN0004092,george,khan,1989-03-19,F,george.khan4092@example.com,+44 7700 900646,M1 7JE,9993997048,E07,2016-04-26,Active
AN0004093,yusuf,ali,1992-06-04,m,yusuf.ali4093@example.com,+44 7700 900171,bs1  4dj,9992576871,E11,2018-01-25,Withdrawn
AN0004094,callum,adeyemi,1993-02-13,F,callum.adeyemi4094@example.com,07700900240,G15DB,9991916849,E06,2018-10-20,Suspended
AN0004095,yusuf,khan,1998-10-26,F,yusuf.khan4095@example.com,07700900420,BS1 1GE,9995499045,E06,2020-03-28,Withdrawn
AN0004096,chloe,byrne,2001-10-28,m,chloe.byrne4096@example.com,+44 7700 900665,BS1 9JD,9990594716,E07,2023-12-20,Active
AN0004097,hassan,chen,1990-09-13,F,hassan.chen4097@example.com,(0161) 496 7127,bs19be,9990394733,E08,2020-03-20,Deferred
AN0004098,chloe,fenton,1999-08-22,F,chloe.fenton4098@example.com,+44 7700 900459,M15JH,9990028672,E04,2023-01-07,Withdrawn
AN0004099,nadia,fenton,1991-01-06,m,nadia.fenton4099@example.com,07700900991,NE1 6AF,9997882555,E10,2016-05-02,Withdrawn
AN0004100,sarah,nwosu,1993-11-05,F,sarah.nwosu4100@example.com,+44 7700 900632,LS1 9JD,9994064703,E01,2022-01-23,Active
AN0004101,isla,osman,1988-05-12,M,isla.osman4101@example.com,+44 7700 900295,sw1a3jg,9997943201,Z99,2016-11-30,Active
AN0004102,priya,bianchi,1997-04-10,m,priya.bianchi4102@example.com,+44 7700 900711,CF101JG,9995422336,E09,2024-08-18,Active
AN0004103,chloe,murray,2000-05-21,F,chloe.murray4103@example.com,+44 7700 900698,CF10 4DB,9992995963,E16,2022-08-23,Withdrawn
AN0004104,noah,sharma,1995-03-20,F,noah.sharma4104@example.com,07700900828,M1 9DH,9990941254,E05,2021-09-13,Active
AN0004105,isla,haddad,1997-04-02,m,isla.haddad4105@example.com,+44 7700 900651,eh1  1fe,9999436668,E05,2018-04-15,Active
AN0004106,daniel,mackenzie,1998-07-28,F,daniel.mackenzie4106@example.com,+44 7700 900868,sw1a7gj,9997130804,E13,2023-09-10,Withdrawn
AN0004107,ethan,cohen,1992-08-13,F,ethan.cohen4107@example.com,+44 7700 900131,CF10 6EG,9991717110,E13,2017-10-15,Active
AN0004108,kai,ali,1992-02-27,m,kai.ali4108@example.com,+44 7700 900171,B15 3AA,9991959408,E12,2017-05-06,Active
AN0004109,james,whitfield,1995-09-19,F,james.whitfield4109@example.com,+44 7700 900569,l1  4hf,9994022695,E11,2018-04-13,Active
AN0004110,omar,okafor,2000-04-21,F,omar.okafor4110@example.com,07700900501,M19AD,9992398841,E07,2023-01-02,Active
AN0004111,yusuf,chen,1997-06-17,m,yusuf.chen4111@example.com,07700900761,m19gb,9995309726,E14,2017-03-01,Active
AN0004112,idris,doyle,2002-04-13,M,idris.doyle4112@example.com,+44 7700 900387,M1 3DG,9996983218,E04,2022-01-14,Withdrawn
AN0004113,zainab,novak,1998-04-13,F,,(0161) 496 2351,eh1  7ja,9991151664,E06,2023-01-18,Active
AN0004114,grace,chen,2004-11-18,m,grace.chen4114@example.com,(0161) 496 2769,ls15hf,9999070779,E02,2024-08-15,Active
AN0004115,grace,nwosu,1997-04-07,M,grace.nwosu4115@example.com,+44 7700 900106,LS1 2GD,9998417198,E02,2017-12-28,Active
AN0004116,daniel,grant,1991-05-25,M,daniel.grant4116@example.com,07700900143,cf105bj,9993203602,E12,2017-01-05,Active
AN0004117,hassan,murray,1996-10-28,m,hassan.murray4117@example.com,+44 7700 900953,ne1  5fg,9996763145,E08,2021-11-11,Withdrawn
AN0004118,leila,thompson,1996-10-06,M,leila.thompson4118@example.com,+44 7700 900848,B155JA,9990050678,E08,2023-12-28,Active
AN0004119,leila,robertson,1993-08-16,F,leila.robertson4119@example.com,+44 7700 900638,sw1a2aj,9994829041,E11,2018-05-10,Active
AN0004120,meera,whitfield,1987-11-17,f,meera.whitfield4120@example.com,+44 7700 900467,CF10 3GJ,9994288458,E07,2017-06-07,Activ
AN0004121,james,mackenzie,1998-09-04,M,james.mackenzie4121@example.com,+44 7700 900108,l18dh,9999287506,E05,2022-09-19,Active
AN0004122,idris,bianchi,1995-09-18,M,idris.bianchi4122@example.com,(0161) 496 5953,ne16ad,9997699858,E07,2023-11-26,Suspended
AN0004123,wei,iqbal,1998-05-29,f,wei.iqbal4123@example.com,+44 7700 900188,L1 3GG,9998955394,E04,2017-02-23,Active
AN0004124,george,iqbal,1996-03-01,F,george.iqbal4124@example.com,+44 7700 900400,CF10 2BB,9995597942,E03,2017-11-20,Active
AN0004125,idris,adeyemi,1995-12-24,F,idris.adeyemi4125@example.com,+44 7700 900807,ls1  9eh,9996035662,E08,2017-03-03,Suspended
AN0004126,tom,osman,1996-09-01,f,tom.osman4126@example.com,+44 7700 900968,CF106JA,9999491200,E15,2024-03-06,Active
AN0004127,zainab,lawson,1993-03-25,F,zainab.lawson4127@example.com,+44 7700 900131,LS1 2HJ,9991266712,E12,2021-09-29,Active
AN0004128,tom,whitfield,1993-08-11,M,tom.whitfield4128@example.com,+44 7700 900124,LS1 8BG,9993269018,E12,2021-04-13,Withdrawn
AN0004129,idris,haddad,1993-03-29,m,idris.haddad4129@example.com,+44 7700 900405,ls1  1ha,9996447960,E03,2018-10-02,Active
AN0004130,wei,whitfield,2003-06-25,F,wei.whitfield4130@example.com,(0161) 496 5939,NE18FB,9990314756,E05,2023-02-05,Withdrawn
AN0004131,idris,robertson,1991-07-19,F,idris.robertson4131@example.com,+44 7700 900344,CF10 7FJ,9993449989,E11,2016-12-15,Active
AN0004132,oliver,chen,1996-08-23,f,oliver.chen4132@example.com,+44 7700 900835,G1 6HA,9999233899,E13,2019-12-23,Active
AN0004133,nadia,lawson,1997-05-26,M,nadia.lawson4133@example.com,07700900933,sw1a7eb,9992928506,E02,2024-07-21,Active
AN0004134,tom,lawson,1992-08-25,F,tom.lawson4134@example.com,07700900981,CF108BG,9992586214,E12,2019-09-07,Deferred
AN0004135,james,wright,1995-03-08,m,james.wright4135@example.com,07700900726,BS1 2BB,9998279844,E15,2021-04-05,Active
AN0004136,meera,ali,1995-06-02,F,meera.ali4136@example.com,+44 7700 900736,NE1 9DA,9998245508,E07,2019-02-19,Withdrawn
AN0004137,nadia,fenton,1999-12-27,M,nadia.fenton4137@example.com,+44 7700 900708,bs1  9gj,9995122537,E12,2018-08-27,Active
AN0004138,ethan,chen,1997-10-26,f,ethan.chen4138@example.com,(0161) 496 2015,EH13AJ,9990156336,E08,2024-01-03,Suspended
AN0004139,noah,bianchi,1997-08-14,F,noah.bianchi4139@example.com,07700900394,BS1 4DD,9993307424,E07,2021-04-20,Active
AN0004140,liam,bianchi,2005-05-25,M,liam.bianchi4140@example.com,+44 7700 900405,EH1 1HE,9992136618,E11,2023-10-28,Suspended
AN0004141,omar,rossi,1997-06-15,f,omar.rossi4141@example.com,+44 7700 900265,g1  7jb,9999175546,E16,2017-10-27,Active
AN0004142,priya,wright,1994-02-18,M,priya.wright4142@example.com,07700900131,SW1A2AG,9999911447,E02,2017-03-19,Active
AN0004143,george,osman,2001-05-09,F,george.osman4143@example.com,07700900226,B15 6FH,9999073875,E06,2023-06-08,Active
AN0004144,leila,haddad,1990-04-09,m,leila.haddad4144@example.com,07700900721,EH1 1FA,9997241975,E11,2017-05-10,Active
AN0004145,ethan,rossi,1998-04-17,M,ethan.rossi4145@example.com,07700900555,eh1  6fg,9997577779,E07,2023-07-22,Active
AN0004146,noah,khan,1992-05-22,F,noah.khan4146@example.com,(0161) 496 4359,L13HG,9998372003,E05,2021-11-29,Active
AN0004147,idris,robertson,2001-03-21,m,idris.robertson4147@example.com,+44 7700 900580,NE1 3JE,9995021420,E08,2024-09-14,Active
AN0004148,liam,bello,1995-12-13,M,liam.bello4148@example.com,+44 7700 900956,L1 3DF,9992344296,E15,2022-08-31,Active
AN0004149,amara,chen,2003-02-28,M,amara.chen4149@example.com,07700900319,sw1a  1jd,9992484446,E04,2024-03-10,Active
AN0004150,sarah,whitfield,1998-01-17,f,sarah.whitfield4150@example.com,+44 7700 900445,EH19AA,9999309984,E03,2023-06-05,Deferred
AN0004151,tom,doyle,1995-09-19,M,tom.doyle4151@example.com,+44 7700 900781,LS1 9DE,9990186162,E03,2024-11-22,Active
AN0004152,zainab,robertson,1988-11-26,M,zainab.robertson4152@example.com,+44 7700 900551,ls12be,9998470404,E03,2016-08-10,Deferred
AN0004153,meera,adeyemi,2001-12-12,m,meera.adeyemi4153@example.com,(0161) 496 4752,ne1  3gg,9993157376,E15,2022-12-12,Active
AN0004154,oliver,grant,1988-11-15,M,oliver.grant4154@example.com,07700900319,B157AH,9999999069,E01,2017-06-10,Withdrawn
AN0004155,wei,ali,2004-10-09,F,wei.ali4155@example.com,+44 7700 900639,M1 1GE,9991622969,E11,2024-05-27,Active
AN0004156,sarah,fenton,1989-07-04,f,,+44 7700 900377,L1 2EE,9998129168,E10,2017-03-25,Active
AN0004157,amara,cohen,1994-04-25,M,amara.cohen4157@example.com,07700900198,ne1  5jh,9997711092,E15,2018-05-26,Withdrawn
AN0004158,tom,kaur,2004-05-19,F,tom.kaur4158@example.com,07700900284,G18EB,9995628597,E16,2024-05-20,Active
AN0004159,zainab,rossi,2003-04-27,m,zainab.rossi4159@example.com,+44 7700 900111,b157hj,9998082730,E02,2023-05-06,Active
AN0004160,grace,bello,1999-06-07,M,grace.bello4160@example.com,07700900633,BS1 4HG,9998586852,E12,2024-09-13,Withdrawn
AN0004161,noah,nwosu,1994-09-12,F,noah.nwosu4161@example.com,+44 7700 900650,l13ef,9994293990,E08,2020-02-05,Active
AN0004162,omar,bianchi,1992-01-21,m,omar.bianchi4162@example.com,(0161) 496 2580,B158GH,9998720672,E01,2021-08-16,Withdrawn
AN0004163,tom,rossi,1998-06-13,M,tom.rossi4163@example.com,07700900506,BS1 6FA,9990380120,E08,2019-02-26,Deferred
AN0004164,erin,adeyemi,2000-07-15,M,erin.adeyemi4164@example.com,+44 7700 900273,BS1 8EG,9992740337,E03,2023-02-02,Deferred
AN0004165,fatima,chen,2000-11-12,f,fatima.chen4165@example.com,07700900913,ne15aa,9991563938,E11,2021-11-29,Active
AN0004166,james,ali,1995-05-30,M,james.ali4166@example.com,07700900817,M14EA,9994228994,E06,2022-10-27,Withdrawn
AN0004167,sofia,novak,2003-12-24,M,sofia.novak4167@example.com,+44 7700 900990,cf106af,9994645560,E14,2024-05-16,Active
AN0004168,callum,abara,1997-07-03,m,,+44 7700 900449,L1 5EF,9997564324,E12,2019-12-08,Active
AN0004169,wei,doyle,1995-01-12,M,wei.doyle4169@example.com,+44 7700 900346,ls11hb,9992170433,E12,2022-07-19,Suspended
AN0004170,chloe,iqbal,1989-11-28,M,chloe.iqbal4170@example.com,+44 7700 900573,LS15BJ,9990978271,E09,2016-04-15,Suspended
AN0004171,kai,patel,2004-02-17,f,kai.patel4171@example.com,+44 7700 900770,L1 5EJ,9991777849,E13,2023-09-15,Active
AN0004172,priya,murray,2002-09-04,F,priya.murray4172@example.com,07700900659,L1 9JB,9996747751,E07,2022-04-09,Active
AN0004173,wei,novak,1999-02-08,M,wei.novak4173@example.com,+44 7700 900488,bs1  6gb,9994032895,E13,2024-10-05,Active
AN0004174,isla,grant,1998-03-04,f,isla.grant4174@example.com,(0161) 496 1129,LS19FH,9994554514,E08,2019-09-24,Deferred
AN0004175,chloe,cohen,1992-01-25,M,chloe.cohen4175@example.com,(0161) 496 9643,LS1 2GJ,9995646293,E11,2019-07-26,Active
AN0004176,amara,whitfield,1989-08-05,F,amara.whitfield4176@example.com,+44 7700 900401,B15 7FF,9997479084,E12,2016-01-14,Withdrawn
AN0004177,sofia,rossi,2003-01-17,f,sofia.rossi4177@example.com,(0161) 496 2609,cf10  8bg,9996289486,E14,2024-10-01,Active
AN0004178,ruth,whitfield,1990-09-01,F,ruth.whitfield4178@example.com,+44 7700 900514,EH18JA,9993676616,E01,2019-10-10,Active
AN0004179,priya,kaur,2004-12-02,M,priya.kaur4179@example.com,07700900990,M1 4AD,9991450165,E13,2023-02-22,Active
AN0004180,yusuf,mackenzie,1997-12-19,m,,+44 7700 900998,LS1 5JD,9994305697,E09,2016-01-01,Withdrawn
AN0004181,daniel,kaur,2003-04-05,M,daniel.kaur4181@example.com,(0161) 496 1957,sw1a7jd,9994639552,E06,2022-01-13,Active
AN0004182,hannah,nwosu,1993-08-21,M,hannah.nwosu4182@example.com,(0161) 496 8329,G18AB,9991908048,E01,2017-08-16,Suspended
AN0004183,hassan,bianchi,2004-09-17,m,hassan.bianchi4183@example.com,(0161) 496 9524,EH1 9DG,9991202722,E06,2023-03-14,Deferred
AN0004184,noah,byrne,1999-07-05,F,noah.byrne4184@example.com,+44 7700 900512,G1 8EB,9998515521,E01,2019-02-06,Active
AN0004185,ethan,robertson,1994-12-21,M,ethan.robertson4185@example.com,07700900992,sw1a  3ee,9996828786,E15,2020-08-11,Suspended
AN0004186,james,patel,1995-09-22,f,james.patel4186@example.com,+44 7700 900155,G13BJ,9997769848,E07,2023-02-21,Active
AN0004187,amara,mackenzie,2004-05-05,F,amara.mackenzie4187@example.com,(0161) 496 1095,EH1 4HH,9999570410,E08,2023-02-03,Suspended
AN0004188,fatima,cohen,1998-08-03,M,fatima.cohen4188@example.com,+44 7700 900955,cf105db,9996346102,E01,2020-10-01,Active
AN0004189,james,grant,1997-09-14,m,james.grant4189@example.com,+44 7700 900136,g1  8dh,9994837516,E10,2022-01-08,Active
AN0004190,ruth,byrne,1994-10-31,M,ruth.byrne4190@example.com,(0161) 496 4477,G12GJ,9990974659,E13,2023-03-20,Active
AN0004191,isla,rossi,1990-01-19,M,isla.rossi4191@example.com,(0161) 496 7073,SW1A 7FG,999DCF6922,E04,2018-02-25,Active
AN0004192,fatima,wright,1999-12-24,f,fatima.wright4192@example.com,(0161) 496 5304,cf109fa,9995228246,E12,2023-10-01,Active
AN0004193,wei,ali,1999-12-04,M,wei.ali4193@example.com,+44 7700 900738,g1  6bb,9994068407,E14,2020-08-15,Deferred
AN0004194,callum,patel,2000-01-22,M,callum.patel4194@example.com,07700900172,ls11bb,9996282058,E11,2022-09-13,Withdrawn
AN0004195,george,thompson,1992-11-10,m,george.thompson4195@example.com,07700900854,b158aj,9990492212,E14,2022-08-29,Deferred
AN0004196,nadia,byrne,2003-03-26,F,nadia.byrne4196@example.com,07700900270,G1 5JA,9998359945,E04,2023-05-12,Active
AN0004197,leila,iqbal,1996-12-12,M,leila.iqbal4197@example.com,+44 7700 900516,g1  6aa,9991943056,E05,2017-02-07,Active
AN0004198,callum,whitfield,1996-12-15,f,callum.whitfield4198@example.com,+44 7700 900335,CF102DF,9993601276,E03,2019-02-10,Active
AN0004199,grace,reid,1991-07-27,M,grace.reid4199@example.com,+44 7700 900800,EH1 1DH,9995688794,E11,2017-02-24,Active
AN0004200,hassan,osman,1998-12-27,F,hassan.osman4200@example.com,+44 7700 900711,M1 7HJ,9998323878,E13,2017-01-21,Deferred
AN0004201,james,rossi,1989-10-08,m,james.rossi4201@example.com,07700900148,m1  8af,9996060322,Z99,2018-03-02,Active
AN0004202,george,adeyemi,1996-07-25,F,george.adeyemi4202@example.com,(0161) 496 6670,CF109HD,9993470724,E05,2018-03-08,Active
AN0004203,daniel,bello,1995-01-28,F,daniel.bello4203@example.com,07700900530,LS1 1GG,9997282361,E14,2022-09-30,Suspended
AN0004204,daniel,nwosu,1997-01-11,f,daniel.nwosu4204@example.com,+44 7700 900767,L1 8AD,9994892827,E02,2018-02-17,Deferred
AN0004205,idris,whitfield,1988-02-01,F,idris.whitfield4205@example.com,(0161) 496 2553,ls14ah,9995335174,E05,2016-11-20,Suspended
AN0004206,ruth,mackenzie,1993-12-13,F,ruth.mackenzie4206@example.com,+44 7700 900859,BS15JB,9993951617,E12,2020-05-14,Active
AN0004207,chloe,okafor,1997-09-30,f,chloe.okafor4207@example.com,+44 7700 900249,B15 2EE,9993614343,E06,2019-07-18,Active
AN0004208,sofia,khan,1995-03-15,M,,+44 7700 900705,G1 8EA,9993416045,E10,2020-04-17,Active
AN0004209,noah,patel,1988-11-30,M,noah.patel4209@example.com,+44 7700 900384,ls18gg,9992635401,E06,2016-05-17,Active
AN0004210,liam,khan,2002-10-05,m,liam.khan4210@example.com,+44 7700 900364,BS14FG,9995966999,E16,2024-04-28,Deferred
AN0004211,hassan,rossi,1994-06-01,F,hassan.rossi4211@example.com,+44 7700 900510,M1 8BE,9991471189,E06,2017-06-25,Active
AN0004212,omar,okafor,1993-08-25,F,omar.okafor4212@example.com,07700900999,CF10 2EB,9992988746,E09,2020-09-13,Withdrawn
AN0004213,yusuf,wright,1995-07-12,f,yusuf.wright4213@example.com,+44 7700 900844,b15  5hb,9990906580,E13,2018-08-28,Active
AN0004214,yusuf,fenton,1997-04-01,F,yusuf.fenton4214@example.com,+44 7700 900409,NE12HG,9996168913,E04,2016-01-18,Withdrawn
AN0004215,ruth,rossi,1995-01-19,M,ruth.rossi4215@example.com,+44 7700 900127,B15 1DJ,9996365670,E11,2022-03-18,Active
AN0004216,zainab,bianchi,1998-11-07,f,zainab.bianchi4216@example.com,07700900257,LS1 8GA,9994465678,E15,2018-11-19,Active
AN0004217,chloe,chen,1995-10-06,F,chloe.chen4217@example.com,(0161) 496 5986,bs1  2hg,9994914413,E10,2023-07-09,Suspended
AN0004218,james,iqbal,2003-03-17,M,james.iqbal4218@example.com,07700900381,BS19GA,9998389240,E04,2018-01-12,Deferred
AN0004219,james,bello,1993-05-22,m,james.bello4219@example.com,+44 7700 900672,eh14de,9990748748,E11,2016-09-25,Active
AN0004220,idris,novak,2004-12-24,M,idris.novak4220@example.com,(0161) 496 8616,EH1 1DG,9993597287,E15,2023-02-22,Active
AN0004221,nadia,grant,1994-11-27,M,nadia.grant4221@example.com,+44 7700 900211,cf10  5jf,9990189722,E02,2019-04-22,Deferred
AN0004222,ethan,grant,1996-04-04,f,ethan.grant4222@example.com,+44 7700 900465,G13FG,9990346860,E01,2022-04-24,Active
AN0004223,george,doyle,1988-08-08,M,george.doyle4223@example.com,07700900316,CF10 6HJ,9992926872,E10,2016-08-05,Active
AN0004224,chloe,wright,1998-05-14,F,chloe.wright4224@example.com,+44 7700 900230,G1 4EH,9992869089,E12,2024-09-22,Active
AN0004225,hannah,reid,1994-11-19,m,hannah.reid4225@example.com,(0161) 496 5431,eh1  7ef,9995357461,E13,2021-07-20,Active
AN0004226,erin,haddad,1999-02-25,M,erin.haddad4226@example.com,+44 7700 900711,CF106GD,9998001765,E10,2019-10-29,Active
AN0004227,noah,patel,2004-07-07,F,noah.patel4227@example.com,07700900304,SW1A 8GD,9997977661,E15,2023-12-15,Deferred
AN0004228,idris,fenton,2006-03-09,f,idris.fenton4228@example.com,+44 7700 900868,m14jd,9995125587,E06,2024-05-31,Active
AN0004229,erin,iqbal,1996-02-08,M,erin.iqbal4229@example.com,+44 7700 900806,m1  2ah,9996977943,E04,2017-06-18,Deferred
AN0004230,leila,grant,1992-01-02,M,leila.grant4230@example.com,(0161) 496 1632,B152DJ,9996921913,E09,2019-03-20,Withdrawn
AN0004231,ruth,khan,2002-02-28,f,ruth.khan4231@example.com,+44 7700 900689,EH1 8EA,9993927813,E12,2021-03-11,Suspended
AN0004232,leila,nwosu,1994-09-14,M,leila.nwosu4232@example.com,07700900131,SW1A 5GB,9997991672,E16,2021-04-17,Active
AN0004233,fatima,patel,1996-09-26,M,fatima.patel4233@example.com,+44 7700 900822,l1  4gg,9997845129,E01,2016-06-06,Withdrawn
AN0004234,james,iqbal,1994-02-06,m,james.iqbal4234@example.com,+44 7700 900729,NE18JF,9996797805,E09,2023-05-22,Suspended
AN0004235,oliver,haddad,1993-08-12,F,oliver.haddad4235@example.com,+44 7700 900869,B15 4FH,9991789170,E12,2017-05-29,Active
AN0004236,yusuf,novak,2003-02-28,M,yusuf.novak4236@example.com,+44 7700 900544,EH1 2BF,9997179935,E10,2023-03-26,Suspended
AN0004237,sofia,patel,1997-09-15,m,sofia.patel4237@example.com,+44 7700 900710,ne1  8bh,9995131277,E12,2022-01-14,Active
AN0004238,daniel,doyle,1991-04-30,F,daniel.doyle4238@example.com,07700900100,eh14hb,9992915161,E07,2017-06-07,Suspended
AN0004239,daniel,byrne,2002-11-11,F,daniel.byrne4239@example.com,07700900677,m14ab,9999115985,E01,2023-08-13,Active
AN0004240,ethan,khan,1996-01-17,m,ethan.khan4240@example.com,(0161) 496 7708,L1 5BH,9999139973,E10,2018-05-12,Suspended
AN0004241,ethan,bello,1997-07-25,F,ethan.bello4241@example.com,+44 7700 900604,ls15eh,9995235633,E01,2022-10-18,Active
AN0004242,leila,kaur,1996-12-08,F,leila.kaur4242@example.com,+44 7700 900942,g17be,9990852472,E16,2023-09-17,Suspended
AN0004243,hannah,ali,1998-11-18,f,hannah.ali4243@example.com,+44 7700 900233,M1 9JB,9993457841,E02,2019-12-06,Suspended
AN0004244,isla,thompson,1995-02-07,M,isla.thompson4244@example.com,(0161) 496 3133,B15 5HD,9999783708,E16,2018-06-01,Active
AN0004245,meera,thompson,1997-08-12,M,meera.thompson4245@example.com,07700900763,b15  4bb,9992769661,E03,2016-09-01,Withdrawn
AN0004246,wei,wright,1996-04-20,f,wei.wright4246@example.com,+44 7700 900559,NE19EB,9996671232,E12,2017-12-22,Suspended
AN0004247,sofia,osman,1997-07-17,M,sofia.osman4247@example.com,07700900538,EH1 6FD,9999548164,E10,2018-10-23,Active
AN0004248,hassan,wright,1992-03-21,M,,07700900877,LS1 7DD,9995909472,E13,2021-05-03,Active
AN0004249,yusuf,lawson,2000-07-14,m,,+44 7700 900926,g13gg,9998212405,E13,2024-01-18,Deferred
AN0004250,ethan,thompson,2004-03-23,M,ethan.thompson4250@example.com,07700900576,B152EE,9992568097,E10,2018-10-21,Active
AN0004251,ethan,bello,1994-03-11,F,ethan.bello4251@example.com,+44 7700 900817,G1 8AB,9997278534,E01,2018-08-27,Active
AN0004252,ruth,fenton,1999-12-28,f,ruth.fenton4252@example.com,+44 7700 900715,ls19hf,9991810129,E14,2021-07-31,Active
AN0004253,omar,novak,2005-04-24,F,omar.novak4253@example.com,07700900768,b15  7ha,9990510938,E03,2024-05-04,Withdrawn
AN0004254,sarah,nwosu,2000-09-28,F,sarah.nwosu4254@example.com,+44 7700 900862,SW1A3BE,9992833882,E13,2023-12-01,Suspended
AN0004255,daniel,novak,1995-03-24,f,daniel.novak4255@example.com,+44 7700 900496,B15 1DE,9995988607,E15,2023-11-21,Activ
AN0004256,james,adeyemi,1998-09-29,M,james.adeyemi4256@example.com,+44 7700 900247,EH1 2GA,9995233576,E15,2023-06-15,Withdrawn
AN0004257,hassan,thompson,1997-08-24,M,hassan.thompson4257@example.com,07700900802,sw1a  7gb,9997012747,E14,2020-09-12,Withdrawn
AN0004258,wei,reid,1998-01-10,f,wei.reid4258@example.com,+44 7700 900372,BS16FJ,9991922474,E13,2022-09-01,Active
AN0004259,omar,novak,1990-06-17,F,omar.novak4259@example.com,07700900895,sw1a8hb,9999270654,E02,2018-08-21,Withdrawn
AN0004260,kai,robertson,1997-01-28,M,kai.robertson4260@example.com,07700900321,l13bf,9998022983,E07,2017-03-07,Withdrawn
AN0004261,omar,wright,1998-08-02,f,omar.wright4261@example.com,07700900225,ls1  5af,9994288334,E11,2021-03-17,Withdrawn
AN0004262,liam,iqbal,1993-11-11,F,liam.iqbal4262@example.com,07700900260,EH16DG,9992344636,E07,2022-01-31,Active
AN0004263,liam,byrne,2000-04-04,M,liam.byrne4263@example.com,+44 7700 900970,M1 8DE,9996319016,E15,2022-12-02,Active
AN0004264,wei,ali,1995-01-03,f,wei.ali4264@example.com,+44 7700 900212,LS1 4AB,9994302124,E14,2021-07-07,Deferred
AN0004265,callum,ali,1988-04-25,F,callum.ali4265@example.com,(0161) 496 7095,ne1  5ed,9996464121,E10,2017-11-28,Active
AN0004266,james,cohen,1997-12-03,M,james.cohen4266@example.com,07700900998,LS19DE,9997773640,E02,2022-08-13,Active
AN0004267,ruth,fenton,1994-02-27,m,ruth.fenton4267@example.com,+44 7700 900838,G1 6JG,9998066867,E10,2018-11-30,Deferred
AN0004268,grace,abara,1991-08-11,F,grace.abara4268@example.com,(0161) 496 1422,L1 6HH,9995804956,E09,2020-05-14,Withdrawn
AN0004269,priya,whitfield,1995-04-22,M,priya.whitfield4269@example.com,07700900125,ls1  6gg,9998179467,E07,2019-07-18,Active
AN0004270,sarah,reid,1990-07-29,f,sarah.reid4270@example.com,+44 7700 900156,LS14JG,9996190420,E04,2019-02-17,Active
AN0004271,wei,khan,2002-05-22,F,wei.khan4271@example.com,(0161) 496 9165,eh18fg,9998396042,E07,2024-07-02,Deferred
AN0004272,ethan,chen,2005-05-22,M,ethan.chen4272@example.com,+44 7700 900481,SW1A 7BJ,9996344061,E15,2024-07-11,Withdrawn
AN0004273,isla,patel,1996-04-22,m,isla.patel4273@example.com,+44 7700 900607,ne1  4ab,9999229395,E15,2023-06-23,Withdrawn
AN0004274,idris,bianchi,1998-09-04,F,idris.bianchi4274@example.com,+44 7700 900577,l11gg,9990371814,E10,2019-11-21,Active
AN0004275,erin,murray,1996-09-29,F,erin.murray4275@example.com,07700900107,G1 4FJ,9997445104,E08,2021-04-20,Withdrawn
AN0004276,hassan,rossi,1995-04-30,f,hassan.rossi4276@example.com,+44 7700 900962,CF10 3ED,9997914015,E10,2018-10-26,Active
AN0004277,ruth,iqbal,1998-12-30,F,ruth.iqbal4277@example.com,+44 7700 900115,ls1  8dj,9990294550,E05,2024-02-01,Active
AN0004278,amara,haddad,1994-10-19,F,amara.haddad4278@example.com,+44 7700 900316,BS15BJ,9997230892,E10,2016-12-25,Active
AN0004279,noah,haddad,2000-03-18,f,noah.haddad4279@example.com,+44 7700 900888,G1 2JE,9993423823,E07,2022-08-01,Suspended
AN0004280,daniel,haddad,1993-06-27,F,daniel.haddad4280@example.com,+44 7700 900992,B15 8HD,9994259431,E12,2019-10-29,Active
AN0004281,hassan,kaur,1991-03-29,F,hassan.kaur4281@example.com,(0161) 496 9301,sw1a  9ff,9996273873,E13,2017-04-24,Active
AN0004282,tom,cohen,1996-04-17,m,tom.cohen4282@example.com,+44 7700 900518,BS14EJ,9993614327,E10,2023-06-26,Suspended
AN0004283,tom,patel,1993-12-29,M,tom.patel4283@example.com,+44 7700 900725,M1 5BD,9999547036,E04,2020-09-25,Withdrawn
AN0004284,idris,abara,1989-09-27,F,idris.abara4284@example.com,07700900731,BS1 3DB,9991219617,E01,2016-12-24,Active
AN0004285,priya,byrne,1995-11-27,f,priya.byrne4285@example.com,+44 7700 900240,ls1  1ff,9997507509,E04,2016-02-25,Active
AN0004286,ruth,chen,2003-03-22,F,ruth.chen4286@example.com,+44 7700 900183,M17JE,9999645062,E12,2023-07-25,Deferred
AN0004287,liam,mackenzie,1991-05-30,M,liam.mackenzie4287@example.com,+44 7700 900573,CF10 7EB,9999898394,E01,2020-07-18,Deferred
AN0004288,hassan,cohen,1992-06-09,f,hassan.cohen4288@example.com,+44 7700 900198,B15 1FG,9994744240,E07,2017-09-23,Suspended
AN0004289,yusuf,grant,2003-01-30,M,yusuf.grant4289@example.com,(0161) 496 1229,l12eh,9999106188,E07,2024-11-20,Active
AN0004290,george,bello,1993-07-17,F,george.bello4290@example.com,+44 7700 900215,SW1A8DE,9995955105,E01,2020-11-21,Active
AN0004291,ruth,adeyemi,1993-11-02,f,ruth.adeyemi4291@example.com,(0161) 496 3734,L1 9DD,9994762281,E03,2023-05-05,Withdrawn
AN0004292,amara,rossi,1995-01-18,M,amara.rossi4292@example.com,(0161) 496 9392,EH1 7BJ,9992659939,E01,2016-03-04,Withdrawn
AN0004293,sofia,rossi,1994-02-25,M,sofia.rossi4293@example.com,07700900701,cf10  7jd,9991850813,E05,2023-04-30,Active
AN0004294,kai,iqbal,1998-05-24,m,kai.iqbal4294@example.com,+44 7700 900589,BS12HE,9999282989,E16,2024-06-15,Active
AN0004295,amara,adeyemi,2002-03-22,M,amara.adeyemi4295@example.com,07700900886,m12ae,9996503062,E10,2023-12-15,Active
AN0004296,noah,cohen,1999-07-05,M,noah.cohen4296@example.com,07700900365,ls14bf,9990666326,E13,2024-12-19,Active
AN0004297,yusuf,haddad,1995-11-09,m,yusuf.haddad4297@example.com,(0161) 496 9067,bs1  5ga,9994952226,E04,2016-01-20,Withdrawn
AN0004298,oliver,reid,1994-07-05,M,oliver.reid4298@example.com,+44 7700 900470,NE16DJ,9995130939,E12,2022-12-05,Active
AN0004299,hannah,osman,2000-07-07,M,hannah.osman4299@example.com,07700900406,SW1A 3DH,9990814635,E06,2021-04-18,Active
AN0004300,erin,robertson,1998-09-17,f,erin.robertson4300@example.com,+44 7700 900931,L1 2EJ,9990571139,E03,2023-04-17,Deferred
AN0004301,noah,novak,1996-06-08,F,noah.novak4301@example.com,(0161) 496 3689,g18ed,9996844560,Z99,2017-11-14,Active
AN0004302,priya,bianchi,1995-10-31,M,priya.bianchi4302@example.com,+44 7700 900601,B158BF,9990712778,E12,2017-02-04,Active
AN0004303,priya,thompson,1998-04-08,m,priya.thompson4303@example.com,07700900946,NE1 3BD,9996575527,E02,2020-10-19,Withdrawn
AN0004304,meera,haddad,2000-04-06,M,meera.haddad4304@example.com,+44 7700 900279,BS1 4AF,9995111608,E10,2021-07-16,Withdrawn
AN0004305,chloe,abara,1992-11-26,F,chloe.abara4305@example.com,07700900119,ls1  8be,9992448539,E08,2017-04-18,Active
AN0004306,nadia,rossi,1997-12-31,f,nadia.rossi4306@example.com,+44 7700 900770,M13AB,9998441714,E11,2017-06-24,Active
AN0004307,kai,lawson,2002-12-26,M,kai.lawson4307@example.com,07700900127,L1 9EB,9993499374,E13,2024-07-02,Active
AN0004308,sarah,abara,1994-04-27,M,sarah.abara4308@example.com,+44 7700 900114,g19ge,9997485807,E04,2022-06-22,Suspended
AN0004309,chloe,kaur,1996-10-14,m,chloe.kaur4309@example.com,(0161) 496 4133,cf10  4ab,9997200802,E16,2021-03-04,Active
AN0004310,oliver,ali,1992-11-03,M,oliver.ali4310@example.com,+44 7700 900437,CF108EE,9990665257,E09,2021-07-28,Withdrawn
AN0004311,james,cohen,2001-02-09,F,james.cohen4311@example.com,+44 7700 900349,G1 7GA,9996715345,E06,2024-05-18,Active
AN0004312,idris,lawson,2002-03-12,f,idris.lawson4312@example.com,(0161) 496 3609,l12ba,9993790877,E15,2024-03-10,Active
AN0004313,leila,bianchi,1997-04-29,F,leila.bianchi4313@example.com,+44 7700 900661,g17fa,9991253904,E06,2021-10-27,Active
AN0004314,erin,abara,1993-09-16,M,,(0161) 496 1471,EH11DF,9991719490,E04,2017-03-26,Deferred
AN0004315,wei,wright,1989-07-22,f,wei.wright4315@example.com,+44 7700 900345,NE1 7AB,9990528225,E01,2018-08-24,Withdrawn
AN0004316,tom,adeyemi,1997-07-24,F,tom.adeyemi4316@example.com,+44 7700 900577,EH1 5EH,9992250321,E05,2024-12-31,Active
AN0004317,meera,wright,2004-04-17,M,meera.wright4317@example.com,07700900228,cf10  6jb,9994187341,E12,2023-12-25,Active
AN0004318,ethan,mackenzie,1993-04-09,f,ethan.mackenzie4318@example.com,07700900991,EH14HD,9997111427,E02,2017-09-12,Active
AN0004319,sofia,ali,1995-06-26,M,sofia.ali4319@example.com,(0161) 496 7224,sw1a4fh,9991789022,E02,2024-02-05,Active
AN0004320,fatima,kaur,1998-05-04,F,fatima.kaur4320@example.com,07700900537,bs12jj,9990174539,E02,2022-08-20,Active
AN0004321,kai,byrne,1997-07-20,m,kai.byrne4321@example.com,+44 7700 900249,b15  2hf,9993590185,E16,2022-12-20,Suspended
AN0004322,james,nwosu,1989-05-05,F,james.nwosu4322@example.com,+44 7700 900286,g14bd,9990446970,E11,2017-05-24,Deferred
AN0004323,grace,ali,1999-03-24,F,grace.ali4323@example.com,+44 7700 900461,G1 3BA,9995954486,E09,2023-10-07,Active
AN0004324,sofia,patel,1990-05-31,m,,07700900922,SW1A 7AB,9990998450,E03,2016-09-15,Deferred
AN0004325,nadia,byrne,1993-01-13,M,nadia.byrne4325@example.com,+44 7700 900989,ls1  8fe,9998424356,E14,2022-10-11,Deferred
AN0004326,ethan,thompson,2002-01-03,F,ethan.thompson4326@example.com,+44 7700 900800,CF109EB,9999249345,E01,2024-10-03,Active
AN0004327,wei,cohen,1999-02-20,m,wei.cohen4327@example.com,+44 7700 900338,NE1 6GH,9999080634,E05,2024-09-29,Active
AN0004328,sofia,patel,1997-03-09,M,sofia.patel4328@example.com,+44 7700 900451,L1 7DD,9991824553,E02,2022-10-14,Withdrawn
AN0004329,amara,adeyemi,2004-08-16,M,amara.adeyemi4329@example.com,07700900800,bs1  7gd,9997077180,E16,2024-08-31,Active
AN0004330,sofia,murray,1994-07-05,m,sofia.murray4330@example.com,(0161) 496 4375,G17DG,9991654348,E09,2023-09-21,Active
AN0004331,grace,doyle,1998-02-10,M,grace.doyle4331@example.com,07700900197,M1 3BB,9998013801,E11,2023-06-02,Withdrawn
AN0004332,james,haddad,1994-06-29,M,james.haddad4332@example.com,07700900378,B15 5FA,9998902177,E01,2018-03-04,Active
AN0004333,oliver,mackenzie,1994-03-12,m,oliver.mackenzie4333@example.com,+44 7700 900771,eh1  4bb,9992837519,E13,2019-05-12,Deferred
AN0004334,james,bianchi,1992-05-31,F,james.bianchi4334@example.com,07700900639,BS18JD,9996196976,E16,2018-11-09,Withdrawn
AN0004335,ethan,lawson,1991-04-28,F,ethan.lawson4335@example.com,+44 7700 900900,M1 2FJ,9999749496,E01,2020-12-31,Withdrawn
AN0004336,callum,khan,1992-03-20,m,callum.khan4336@example.com,+44 7700 900548,CF10 4AA,9995730456,E13,2017-04-24,Active
AN0004337,hassan,thompson,1995-12-22,F,hassan.thompson4337@example.com,+44 7700 900978,l1  5hj,9996542092,E10,2018-04-03,Active
AN0004338,idris,mackenzie,2001-04-03,M,idris.mackenzie4338@example.com,+44 7700 900216,ne12ff,9992102098,E15,2019-11-10,Withdrawn
AN0004339,callum,patel,1996-12-11,f,callum.patel4339@example.com,07700900733,B15 6EG,9992406852,E07,2019-03-24,Withdrawn
AN0004340,leila,whitfield,1999-05-28,F,leila.whitfield4340@example.com,+44 7700 900378,l11db,9997025385,E02,2019-09-30,Withdrawn
AN0004341,hannah,lawson,1996-06-10,F,hannah.lawson4341@example.com,07700900968,sw1a  3da,9996958256,E16,2024-02-14,Active
AN0004342,grace,thompson,1995-06-25,m,grace.thompson4342@example.com,+44 7700 900855,EH17AG,9991195238,E09,2018-12-24,Active
AN0004343,meera,bianchi,1997-08-07,F,meera.bianchi4343@example.com,+44 7700 900460,bs12dg,9993685860,E04,2020-12-03,Deferred
AN0004344,tom,thompson,1994-10-28,M,tom.thompson4344@example.com,07700900245,SW1A 8JA,9993954063,E02,2017-05-02,Active
AN0004345,callum,okafor,1996-07-23,m,callum.okafor4345@example.com,07700900357,g15ea,9998606551,E16,2022-12-24,Active
AN0004346,wei,byrne,1999-11-07,F,wei.byrne4346@example.com,+44 7700 900606,B151FA,9992433612,E10,2021-12-01,Active
AN0004347,yusuf,khan,2000-01-01,F,yusuf.khan4347@example.com,07700900343,CF10 7DF,9993834661,E16,2018-03-27,Active
AN0004348,isla,reid,1999-09-08,f,isla.reid4348@example.com,+44 7700 900682,NE1 8HF,9993125474,E11,2022-12-28,Active
AN0004349,sofia,okafor,1990-12-07,F,sofia.okafor4349@example.com,+44 7700 900285,eh12fb,9991025073,E06,2016-03-25,Active
AN0004350,tom,murray,1996-05-22,F,tom.murray4350@example.com,+44 7700 900924,ls11hj,9992382783,E08,2024-09-15,Active
AN0004351,grace,robertson,1999-03-01,f,grace.robertson4351@example.com,+44 7700 900681,NE1 4HF,9998788730,E16,2024-09-04,Deferred
AN0004352,hassan,adeyemi,1996-07-15,F,hassan.adeyemi4352@example.com,(0161) 496 1562,LS1 5BD,9996902595,E10,2020-03-18,Deferred
AN0004353,nadia,haddad,2001-04-15,F,nadia.haddad4353@example.com,+44 7700 900700,sw1a  1be,9992878339,E03,2019-05-23,Withdrawn
AN0004354,idris,haddad,1994-09-04,m,idris.haddad4354@example.com,+44 7700 900992,L11EB,9994752529,E05,2023-04-10,Deferred
AN0004355,ruth,rossi,1999-07-17,M,ruth.rossi4355@example.com,(0161) 496 2162,L1 1GA,9999941265,E04,2020-10-14,Active
AN0004356,hassan,grant,1993-04-06,M,hassan.grant4356@example.com,+44 7700 900626,CF10 7JA,9998618142,E01,2016-07-30,Active
AN0004357,wei,nwosu,1994-05-07,m,wei.nwosu4357@example.com,+44 7700 900689,g1  3hh,9993067733,E06,2016-12-20,Active
AN0004358,meera,khan,1996-02-23,M,meera.khan4358@example.com,(0161) 496 5252,LS18JB,9998551684,E01,2019-09-22,Active
AN0004359,james,byrne,1999-06-28,F,james.byrne4359@example.com,+44 7700 900400,NE1 1EG,9990587345,E03,2022-03-29,Active
AN0004360,zainab,reid,1991-08-04,m,zainab.reid4360@example.com,(0161) 496 9684,M1 8EB,9993090204,E10,2018-02-14,Suspended
AN0004361,sofia,whitfield,1993-08-24,M,,+44 7700 900738,l1  2ej,9998724007,E13,2020-10-18,Active
AN0004362,wei,adeyemi,1993-01-11,F,wei.adeyemi4362@example.com,07700900201,b159ab,9994174223,E09,2016-01-25,Active
AN0004363,sofia,rossi,2000-10-14,m,sofia.rossi4363@example.com,+44 7700 900229,M1 2EE,9990781427,E09,2019-11-07,Withdrawn
AN0004364,fatima,nwosu,1997-09-23,M,fatima.nwosu4364@example.com,(0161) 496 5331,ne18gg,9999963234,E09,2021-07-05,Active
AN0004365,amara,osman,1992-10-09,M,amara.osman4365@example.com,(0161) 496 5598,eh1  2jg,9999677533,E09,2021-02-13,Active
AN0004366,chloe,okafor,1992-04-14,f,chloe.okafor4366@example.com,07700900164,SW1A8AD,9995670771,E15,2017-08-03,Active
AN0004367,george,patel,1995-06-25,M,george.patel4367@example.com,(0161) 496 5466,ne13ef,9999931847,E06,2018-11-28,Withdrawn
AN0004368,daniel,mackenzie,1998-06-30,M,daniel.mackenzie4368@example.com,(0161) 496 9114,NE1 4HJ,9996069680,E01,2018-02-10,Suspended
AN0004369,chloe,wright,1999-03-23,m,chloe.wright4369@example.com,+44 7700 900949,b15  1ag,9991670408,E04,2020-04-13,Deferred
AN0004370,amara,abara,1995-10-15,F,amara.abara4370@example.com,(0161) 496 8124,CF101HF,9996462781,E09,2017-11-03,Active
AN0004371,ethan,okafor,1994-10-15,M,ethan.okafor4371@example.com,+44 7700 900888,L1 6JA,9996775836,E08,2016-01-19,Active
AN0004372,wei,osman,1994-12-28,f,wei.osman4372@example.com,+44 7700 900537,EH1 9EH,9991395547,E02,2021-06-25,Active
AN0004373,daniel,adeyemi,1995-04-16,F,daniel.adeyemi4373@example.com,(0161) 496 4025,g1  6ab,9992887362,E14,2023-05-20,Active
AN0004374,chloe,byrne,1987-10-04,F,chloe.byrne4374@example.com,(0161) 496 6843,NE14GD,9990009635,E16,2016-01-08,Suspended
AN0004375,chloe,bianchi,1988-08-16,f,chloe.bianchi4375@example.com,+44 7700 900846,m17hg,9997350103,E07,2016-05-09,Suspended
AN0004376,james,robertson,1987-08-13,F,james.robertson4376@example.com,+44 7700 900227,BS1 3FF,9998923484,E03,2017-01-24,Active
AN0004377,isla,grant,1993-07-01,M,isla.grant4377@example.com,+44 7700 900445,ls1  9gf,9999598714,E16,2016-12-09,Suspended
AN0004378,noah,bello,2006-10-24,m,noah.bello4378@example.com,(0161) 496 9557,cf109hb,9991839496,E12,2024-12-23,Deferred
AN0004379,wei,khan,1993-05-17,M,wei.khan4379@example.com,07700900108,EH1 3FA,9998164435,E07,2021-07-01,Withdrawn
AN0004380,tom,okafor,2004-10-09,M,tom.okafor4380@example.com,+44 7700 900733,BS1 2EA,9990406332,E08,2022-10-23,Active
AN0004381,hannah,robertson,2000-07-22,m,hannah.robertson4381@example.com,07700900206,cf10  5hb,9991585303,E09,2021-07-28,Deferred
AN0004382,george,robertson,1998-12-07,F,george.robertson4382@example.com,+44 7700 900259,b157db,9993616540,E02,2018-09-23,Suspended
AN0004383,george,thompson,2002-08-28,M,george.thompson4383@example.com,+44 7700 900894,cf103ej,9996345963,E03,2023-04-03,Deferred
AN0004384,tom,lawson,1991-11-18,f,tom.lawson4384@example.com,07700900819,LS1 8JF,9990766606,E09,2020-02-26,Active
AN0004385,zainab,murray,1994-06-02,M,zainab.murray4385@example.com,07700900740,g15fg,9991764240,E02,2024-03-15,Active
AN0004386,fatima,rossi,1992-02-18,F,fatima.rossi4386@example.com,+44 7700 900106,SW1A6FD,9997069080,E01,2018-11-18,Withdrawn
AN0004387,tom,byrne,1996-09-10,m,tom.byrne4387@example.com,(0161) 496 9355,G1 9AD,9990820643,E10,2024-04-28,Active
AN0004388,ethan,lawson,1993-07-23,F,ethan.lawson4388@example.com,07700900596,NE1 7AB,9999881866,E09,2021-10-25,Active
AN0004389,hannah,okafor,1996-10-06,F,hannah.okafor4389@example.com,07700900314,sw1a  8jd,9997802829,E01,2019-05-05,Withdrawn
AN0004390,hassan,rossi,1988-10-12,f,hassan.rossi4390@example.com,+44 7700 900568,EH18HE,9995105837,E12,2016-07-06,Suspended
AN0004391,grace,doyle,1997-09-16,M,grace.doyle4391@example.com,(0161) 496 5903,ls16bh,9999055079,E12,2021-10-01,Suspended
AN0004392,fatima,osman,1999-05-26,M,fatima.osman4392@example.com,07700900396,BS1 9EG,9999059732,E14,2022-06-01,Withdrawn
AN0004393,omar,grant,1995-05-01,m,omar.grant4393@example.com,07700900663,m1  4ag,9994100319,E09,2021-06-20,Suspended
AN0004394,wei,byrne,1994-11-27,M,wei.byrne4394@example.com,+44 7700 900222,CF106BF,9994329421,E13,2024-03-04,Suspended
AN0004395,james,haddad,1996-01-05,M,james.haddad4395@example.com,07700900468,LS1 5JF,9997357183,E03,2019-04-15,Suspended
AN0004396,tom,ali,1996-06-04,f,tom.ali4396@example.com,+44 7700 900200,G1 5JJ,9999061435,E06,2017-07-22,Deferred
AN0004397,leila,kaur,1999-10-03,M,leila.kaur4397@example.com,+44 7700 900754,m1  2bg,9992486112,E05,2018-10-11,Active
AN0004398,tom,iqbal,1996-02-04,F,tom.iqbal4398@example.com,(0161) 496 5620,G18FJ,9995878577,E10,2019-10-04,Active
AN0004399,callum,fenton,2003-07-30,f,callum.fenton4399@example.com,+44 7700 900676,NE1 8EE,9991975756,E02,2024-12-27,Active
AN0004400,hannah,cohen,1993-03-09,F,hannah.cohen4400@example.com,+44 7700 900980,L1 2EB,9993969265,E16,2018-03-30,Suspended
AN0004401,ethan,reid,2003-12-29,M,ethan.reid4401@example.com,+44 7700 900783,g1  1fj,9990974144,Z99,2024-08-19,Active
AN0004402,erin,cohen,1997-03-21,f,erin.cohen4402@example.com,07700900878,BS14BG,9991975160,E04,2016-05-06,Active
AN0004403,sofia,cohen,1994-09-23,F,sofia.cohen4403@example.com,(0161) 496 8572,CF10 3BA,9997485424,E15,2022-02-19,Suspended
AN0004404,omar,doyle,1998-01-08,M,omar.doyle4404@example.com,(0161) 496 6470,M1 1FJ,9998673089,E11,2024-03-04,Withdrawn
AN0004405,amara,robertson,1996-10-07,f,amara.robertson4405@example.com,+44 7700 900464,m1  4fa,9994971360,E04,2018-01-03,Active
AN0004406,daniel,khan,2002-04-22,F,daniel.khan4406@example.com,+44 7700 900997,m17fj,9995179385,E11,2024-06-16,Deferred
AN0004407,zainab,chen,1998-03-26,F,zainab.chen4407@example.com,+44 7700 900387,cf106jb,9993771570,E01,2023-08-18,Active
AN0004408,james,robertson,1989-04-07,m,james.robertson4408@example.com,07700900117,BS1 4DH,9995532581,E12,2016-01-19,Suspended
AN0004409,james,lawson,2004-02-28,M,james.lawson4409@example.com,+44 7700 900748,eh1  5hf,9996166945,E06,2024-05-02,Suspended
AN0004410,ethan,whitfield,1995-06-22,F,ethan.whitfield4410@example.com,+44 7700 900320,BS12FG,9992289740,E07,2024-06-30,Withdrawn
AN0004411,meera,robertson,1990-02-24,m,meera.robertson4411@example.com,+44 7700 900877,L1 2EH,9998389216,E09,2017-09-23,Active
AN0004412,ruth,fenton,2003-09-25,M,,(0161) 496 7241,G1 7JE,9996805611,E14,2024-02-10,Active
AN0004413,sarah,grant,2000-02-10,M,sarah.grant4413@example.com,+44 7700 900250,b15  4ee,9994676776,E07,2023-09-07,Deferred
AN0004414,hassan,abara,1996-01-05,m,hassan.abara4414@example.com,07700900615,EH14FG,9999698131,E13,2022-01-09,Active
AN0004415,amara,mackenzie,1999-01-05,M,amara.mackenzie4415@example.com,(0161) 496 3715,BS1 1ED,9996144380,E14,2022-05-20,Active
AN0004416,erin,cohen,1994-03-18,M,,+44 7700 900628,B15 5AF,9996650464,E02,2021-08-28,Suspended
AN0004417,ruth,wright,1996-10-08,f,ruth.wright4417@example.com,+44 7700 900139,ne17he,9996746623,E15,2017-12-29,Active
AN0004418,nadia,murray,2001-06-21,F,nadia.murray4418@example.com,+44 7700 900491,BS18GG,9994796267,E13,2020-04-02,Active
AN0004419,ethan,bello,1997-04-20,F,ethan.bello4419@example.com,07700900249,BS1 7BD,9990871760,E13,2021-06-15,Active
AN0004420,callum,doyle,1992-11-06,f,callum.doyle4420@example.com,07700900260,LS1 7EF,9991411364,E02,2019-08-08,Active
AN0004421,oliver,haddad,1994-01-12,M,oliver.haddad4421@example.com,(0161) 496 4773,g18fb,9997087011,E04,2018-01-09,Active
AN0004422,yusuf,haddad,1994-01-15,F,,+44 7700 900678,G18GG,9992666641,E16,2020-01-12,Active
AN0004423,oliver,okafor,1997-09-27,m,oliver.okafor4423@example.com,(0161) 496 8511,bs19fg,9997438817,E14,2024-10-26,Active
AN0004424,idris,okafor,1999-02-06,M,idris.okafor4424@example.com,07700900980,BS1 5FG,9992178418,E06,2022-08-24,Active
AN0004425,nadia,abara,1991-07-27,F,nadia.abara4425@example.com,(0161) 496 2393,b157fe,9996403939,E13,2017-01-22,Active
AN0004426,oliver,murray,2000-01-18,f,oliver.murray4426@example.com,07700900250,M15GF,9991689656,E11,2023-02-15,Active
AN0004427,sofia,robertson,1999-05-20,F,sofia.robertson4427@example.com,+44 7700 900909,EH1 3BJ,9990188947,E01,2017-12-31,Withdrawn
AN0004428,oliver,reid,1998-01-28,M,oliver.reid4428@example.com,07700900960,SW1A 9BH,9996020967,E13,2022-04-16,Suspended
AN0004429,sofia,novak,1999-11-18,f,sofia.novak4429@example.com,(0161) 496 1061,bs1  8gj,9990618518,E10,2023-12-08,Suspended
AN0004430,amara,sharma,1997-10-31,M,amara.sharma4430@example.com,07700900920,G19BF,9990882657,E13,2019-06-15,Withdrawn
AN0004431,oliver,iqbal,1993-10-18,M,oliver.iqbal4431@example.com,+44 7700 900789,ls14ff,9998048737,E04,2023-05-16,Active
AN0004432,hannah,abara,2001-06-20,f,hannah.abara4432@example.com,+44 7700 900849,B15 5HE,9991520821,E11,2021-02-09,Deferred
AN0004433,noah,chen,1996-06-09,F,noah.chen4433@example.com,+44 7700 900529,ls1  9bh,9992796642,E16,2022-08-14,Deferred
AN0004434,hannah,abara,1997-05-19,M,hannah.abara4434@example.com,07700900378,bs13aj,9991083707,E14,2016-07-22,Active
AN0004435,meera,patel,1995-04-05,f,,(0161) 496 7473,G1 3FF,9990649774,E09,2022-12-28,Suspended
AN0004436,hassan,abara,2004-02-10,M,,07700900818,NE1 5BG,9990015961,E07,2022-05-25,Withdrawn
AN0004437,george,byrne,1995-10-18,M,george.byrne4437@example.com,+44 7700 900142,bs19eh,9999552366,E09,2022-07-31,Active
AN0004438,ruth,adeyemi,1992-08-13,m,ruth.adeyemi4438@example.com,(0161) 496 8469,NE14JA,9998726212,E01,2018-03-27,Suspended
AN0004439,grace,whitfield,1994-06-18,F,grace.whitfield4439@example.com,+44 7700 900560,bs15jh,9993257265,E15,2023-07-20,Active
AN0004440,chloe,bello,1989-03-03,F,chloe.bello4440@example.com,07700900899,LS1 9AE,9990988021,E06,2016-05-05,Withdrawn
AN0004441,kai,iqbal,1996-03-12,f,kai.iqbal4441@example.com,+44 7700 900869,m1  3ff,9997787269,E11,2017-08-12,Active
AN0004442,yusuf,iqbal,2005-10-11,M,yusuf.iqbal4442@example.com,07700900342,sw1a5fe,9994246453,E03,2024-04-08,Activ
AN0004443,fatima,bello,1993-03-10,F,fatima.bello4443@example.com,(0161) 496 5077,B15 2GF,9997826256,E05,2019-03-26,Deferred
AN0004444,sofia,lawson,2001-09-29,f,sofia.lawson4444@example.com,(0161) 496 2454,EH1 6JG,9996760243,E05,2023-06-27,Active
AN0004445,sarah,lawson,2002-04-11,M,sarah.lawson4445@example.com,07700900425,eh1  9ae,9992178876,E05,2024-07-14,Active
AN0004446,omar,iqbal,2005-08-01,F,omar.iqbal4446@example.com,07700900877,LS19HA,9997485297,E10,2024-02-01,Active
AN0004447,daniel,mackenzie,1996-10-31,m,daniel.mackenzie4447@example.com,(0161) 496 3794,eh18da,9991727558,E13,2017-07-31,Active
AN0004448,hassan,mackenzie,1994-02-23,F,hassan.mackenzie4448@example.com,+44 7700 900334,l15bb,9991673741,E12,2017-12-07,Active
AN0004449,yusuf,kaur,2003-03-23,M,yusuf.kaur4449@example.com,+44 7700 900375,eh1  3ee,9994758438,E01,2023-04-10,Active
AN0004450,wei,kaur,1992-09-21,m,wei.kaur4450@example.com,+44 7700 900229,SW1A3DJ,9995895528,E07,2021-06-20,Active
AN0004451,zainab,novak,2004-01-04,M,zainab.novak4451@example.com,+44 7700 900685,CF10 4JB,9999964125,E04,2023-05-08,Suspended
AN0004452,callum,fenton,1995-12-16,M,,+44 7700 900898,LS1 2JF,9996941116,E01,2022-01-16,Withdrawn
AN0004453,tom,fenton,1990-04-09,f,tom.fenton4453@example.com,+44 7700 900633,sw1a  1be,9997187180,E15,2018-11-05,Active
AN0004454,idris,whitfield,2005-09-23,F,idris.whitfield4454@example.com,+44 7700 900256,m11ed,9997171853,E10,2025-01-12,Activ
AN0004455,kai,murray,2001-11-28,M,kai.murray4455@example.com,+44 7700 900820,B15 3AB,9997355830,E16,2021-04-13,Deferred
AN0004456,nadia,chen,1996-03-31,m,nadia.chen4456@example.com,+44 7700 900705,EH1 1FH,9999031188,E09,2016-12-14,Active
AN0004457,hassan,kaur,1992-09-23,F,hassan.kaur4457@example.com,+44 7700 900842,sw1a  9gh,9994555383,E16,2017-04-05,Withdrawn
AN0004458,grace,sharma,1998-03-18,F,grace.sharma4458@example.com,+44 7700 900662,G12EJ,9999727549,E11,2018-12-30,Suspended
AN0004459,isla,ali,1995-10-24,f,isla.ali4459@example.com,+44 7700 900957,bs13jf,9996621677,E06,2016-01-26,Active
AN0004460,chloe,grant,2002-03-26,F,chloe.grant4460@example.com,07700900729,M1 8HE,9990296405,E13,2020-09-06,Active
AN0004461,hassan,iqbal,1997-04-15,F,hassan.iqbal4461@example.com,+44 7700 900899,g1  7eb,9998718791,E03,2023-04-29,Active
AN0004462,sarah,osman,1991-11-21,,sarah.osman4462@example.com,07700900162,G11GG,9994791222,E11,2020-11-24,Active
AN0004463,meera,cohen,1992-05-24,M,meera.cohen4463@example.com,(0161) 496 6898,ne19fa,9998910412,E08,2018-06-09,Deferred
AN0004464,grace,grant,1994-08-10,M,grace.grant4464@example.com,07700900262,g19fa,9990933731,E03,2022-10-30,Active
AN0004465,sofia,doyle,2005-05-31,m,sofia.doyle4465@example.com,07700900285,b159gh,9995665484,E09,2024-02-12,Withdrawn
AN0004466,priya,chen,1995-04-06,M,priya.chen4466@example.com,(0161) 496 7223,BS16AA,9994891685,E11,2023-10-11,Suspended
AN0004467,liam,haddad,1991-09-30,M,liam.haddad4467@example.com,+44 7700 900983,B15 4BJ,9993086894,E02,2019-11-22,Suspended
AN0004468,meera,grant,2005-05-10,m,meera.grant4468@example.com,+44 7700 900769,M1 6DA,9996956946,E11,2023-10-07,Suspended
AN0004469,isla,doyle,2003-10-08,F,isla.doyle4469@example.com,(0161) 496 9672,l1  4hg,9995854341,E06,2023-03-12,Suspended
AN0004470,james,chen,2004-09-06,F,james.chen4470@example.com,(0161) 496 3491,SW1A3FH,9998328020,E01,2024-01-06,Withdrawn
AN0004471,daniel,ali,1996-01-06,m,daniel.ali4471@example.com,+44 7700 900340,L1 2JF,9995743310,E08,2023-05-11,Active
AN0004472,oliver,rossi,1998-07-26,M,oliver.rossi4472@example.com,+44 7700 900838,cf101jf,9993989983,E15,2022-08-24,Suspended
AN0004473,oliver,iqbal,1994-03-23,M,oliver.iqbal4473@example.com,+44 7700 900861,bs1  9ja,9992815930,E07,2016-07-17,Deferred
AN0004474,ethan,wright,1995-01-28,m,ethan.wright4474@example.com,+44 7700 900210,CF101HF,9996813576,E09,2024-05-13,Active
AN0004475,sarah,osman,1999-06-19,M,sarah.osman4475@example.com,07700900956,M1 7AJ,9993518786,E09,2024-09-08,Active
AN0004476,sofia,mackenzie,1998-11-26,M,sofia.mackenzie4476@example.com,07700900795,CF10 8GA,9995889056,E07,2024-07-14,Active
AN0004477,daniel,cohen,1997-11-25,f,daniel.cohen4477@example.com,07700900976,ne1  8hj,9994220241,E04,2021-07-23,Deferred
AN0004478,leila,wright,2004-08-21,M,leila.wright4478@example.com,07700900602,SW1A3FA,9994187988,E12,2022-11-13,Suspended
AN0004479,hassan,reid,1991-03-06,F,hassan.reid4479@example.com,+44 7700 900801,M1 5BH,9998015987,E06,2017-09-15,Active
AN0004480,liam,kaur,1990-10-12,m,liam.kaur4480@example.com,+44 7700 900289,CF10 5AG,9997958926,E16,2017-02-21,Suspended
AN0004481,noah,patel,1992-08-15,M,noah.patel4481@example.com,(0161) 496 5613,cf10  3aj,9999177662,E05,2020-02-09,Withdrawn
AN0004482,priya,grant,1999-03-06,M,priya.grant4482@example.com,07700900256,G19GJ,9992828595,E12,2017-06-17,Active
AN0004483,sarah,cohen,1994-10-13,f,sarah.cohen4483@example.com,+44 7700 900412,ne17af,9998750946,E13,2021-04-05,Withdrawn
AN0004484,callum,murray,2002-05-28,F,callum.murray4484@example.com,+44 7700 900494,L1 8JB,9995930064,E08,2022-06-29,Withdrawn
AN0004485,meera,rossi,1995-11-14,F,meera.rossi4485@example.com,+44 7700 900997,m1  8ae,9996873390,E16,2023-03-31,Active
AN0004486,sofia,bianchi,1997-10-13,m,sofia.bianchi4486@example.com,+44 7700 900164,B155JF,9992749938,E06,2018-10-31,Active
AN0004487,ruth,thompson,1997-07-13,F,ruth.thompson4487@example.com,+44 7700 900125,EH1 9AJ,9998801923,E01,2019-04-03,Active
AN0004488,oliver,murray,1996-07-12,M,oliver.murray4488@example.com,(0161) 496 3560,G1 1FD,9991452990,E16,2023-01-23,Active
AN0004489,james,bianchi,1994-08-25,f,james.bianchi4489@example.com,+44 7700 900634,ne1  7fj,9994060058,E07,2016-09-04,Active
AN0004490,sofia,bianchi,1997-03-26,F,sofia.bianchi4490@example.com,(0161) 496 9094,M13BA,9999783414,E03,2022-08-19,Deferred
AN0004491,priya,wright,2001-08-31,F,priya.wright4491@example.com,+44 7700 900317,SW1A 8BB,9992529652,E01,2023-01-23,Withdrawn
AN0004492,sofia,grant,1990-05-11,f,sofia.grant4492@example.com,+44 7700 900559,LS1 1GA,9996578461,E10,2018-08-13,Deferred
AN0004493,wei,bianchi,2001-08-31,M,wei.bianchi4493@example.com,+44 7700 900388,sw1a  2ed,999373397,E11,2020-12-09,Active
AN0004494,oliver,lawson,1999-09-26,M,oliver.lawson4494@example.com,+44 7700 900922,EH13AH,9995019337,E05,2020-01-23,Active
AN0004495,leila,haddad,1990-05-19,m,leila.haddad4495@example.com,07700900325,ls18he,9995685140,E13,2020-02-25,Active
AN0004496,chloe,sharma,1989-05-28,F,chloe.sharma4496@example.com,+44 7700 900295,M1 4FE,9996611353,E04,2019-02-03,Active
AN0004497,kai,grant,1994-12-17,M,kai.grant4497@example.com,(0161) 496 8432,g1  9aa,9991819509,E11,2023-05-23,Active
AN0004498,kai,rossi,2001-07-14,m,kai.rossi4498@example.com,+44 7700 900548,BS12AJ,9997980875,E05,2022-08-01,Active
AN0004499,fatima,adeyemi,1992-12-09,F,fatima.adeyemi4499@example.com,+44 7700 900664,b151ae,9996338614,E09,2021-04-04,Active
AN0004500,wei,chen,1998-11-07,M,wei.chen4500@example.com,+44 7700 900781,LS1 8JB,9995018322,E11,2021-01-19,Withdrawn
AN0004501,liam,chen,1995-02-28,m,liam.chen4501@example.com,(0161) 496 9318,b15  4ee,9996226425,Z99,2016-11-29,Active
AN0004502,chloe,murray,1991-10-22,M,chloe.murray4502@example.com,+44 7700 900202,EH15JE,9993367079,E09,2017-03-07,Active
AN0004503,leila,abara,1996-09-28,F,leila.abara4503@example.com,07700900119,G1 3FF,9994771000,E13,2024-07-15,Active
AN0004504,omar,patel,1994-07-10,f,omar.patel4504@example.com,(0161) 496 8890,L1 9BB,9999024831,E09,2022-04-04,Deferred
AN0004505,daniel,whitfield,1998-07-31,F,daniel.whitfield4505@example.com,+44 7700 900557,ls1  9jd,9995731827,E08,2023-03-24,Deferred
AN0004506,liam,fenton,1996-09-28,F,liam.fenton4506@example.com,07700900559,BS13JF,9992222549,E05,2018-07-06,Active
AN0004507,grace,robertson,2002-03-10,f,grace.robertson4507@example.com,+44 7700 900205,BS1 8HH,9993024155,E04,2023-05-14,Deferred
AN0004508,hassan,haddad,1991-10-19,F,hassan.haddad4508@example.com,+44 7700 900842,CF10 8GH,9994856480,E02,2021-02-20,Deferred
AN0004509,grace,fenton,1995-08-16,M,grace.fenton4509@example.com,+44 7700 900153,cf10  5ae,9995626403,E11,2021-09-06,Withdrawn
AN0004510,daniel,byrne,1991-11-09,f,daniel.byrne4510@example.com,+44 7700 900754,LS19BH,9995960524,E10,2019-05-09,Active
AN0004511,erin,haddad,1997-01-02,M,erin.haddad4511@example.com,07700900499,L1 4BF,9992479566,E15,2022-08-19,Active
AN0004512,ruth,chen,1992-01-23,M,ruth.chen4512@example.com,+44 7700 900242,SW1A 3FB,9999053629,E09,2016-07-08,Active
AN0004513,fatima,rossi,1990-01-24,m,fatima.rossi4513@example.com,+44 7700 900316,cf103gh,9995481901,E08,2019-08-26,Deferred
AN0004514,meera,sharma,1999-01-30,M,meera.sharma4514@example.com,07700900209,l17fe,9999960677,E11,2024-10-23,Active
AN0004515,oliver,murray,2000-10-13,F,oliver.murray4515@example.com,07700900171,LS1 8DG,9998713226,E12,2023-10-19,Active
AN0004516,wei,kaur,1994-10-08,m,wei.kaur4516@example.com,+44 7700 900579,eh12df,9990504482,E07,2021-10-15,Suspended
AN0004517,meera,lawson,1989-02-01,M,meera.lawson4517@example.com,07700900840,g18jj,9994157426,E04,2018-02-17,Active
AN0004518,liam,iqbal,1996-06-16,F,liam.iqbal4518@example.com,(0161) 496 9799,LS13JE,9997393708,E12,2024-01-12,Active
AN0004519,sofia,cohen,2000-02-23,f,sofia.cohen4519@example.com,07700900765,BS1 1AJ,9999375790,E13,2024-10-22,Active
AN0004520,ruth,wright,1996-12-09,M,,+44 7700 900911,G1 1FE,9994846612,E08,2020-03-11,Active
AN0004521,liam,haddad,1996-08-19,M,liam.haddad4521@example.com,07700900622,ls19be,9992027258,E12,2017-09-12,Active
AN0004522,amara,haddad,1994-07-22,f,amara.haddad4522@example.com,07700900221,G13DE,9991179682,E11,2017-12-26,Active
AN0004523,zainab,doyle,1986-12-04,F,zainab.doyle4523@example.com,+44 7700 900766,M1 3FH,9990015635,E08,2016-09-03,Active
AN0004524,oliver,grant,1988-01-30,F,oliver.grant4524@example.com,+44 7700 900706,LS1 1FF,9990179921,E15,2016-03-16,Active
AN0004525,priya,iqbal,1996-04-16,f,priya.iqbal4525@example.com,+44 7700 900324,b15  6hg,9992946016,E13,2021-06-25,Withdrawn
AN0004526,daniel,nwosu,1996-11-21,M,daniel.nwosu4526@example.com,+44 7700 900728,EH18DH,9997072790,E14,2024-06-02,Suspended
AN0004527,fatima,whitfield,1994-02-09,M,fatima.whitfield4527@example.com,07700900721,L1 6AJ,9998865581,E08,2023-05-10,Withdrawn
AN0004528,hannah,cohen,1994-10-22,f,hannah.cohen4528@example.com,(0161) 496 3277,ne18ge,9999688608,E16,2019-05-11,Active
AN0004529,erin,cohen,1991-09-29,M,erin.cohen4529@example.com,07700900856,l1  7jb,9998989639,E13,2020-06-18,Active
AN0004530,daniel,adeyemi,1992-09-05,F,daniel.adeyemi4530@example.com,(0161) 496 9920,B155FA,9992899557,E05,2016-03-07,Active
AN0004531,meera,osman,1990-09-30,m,meera.osman4531@example.com,07700900858,cf109bd,9991858857,E02,2017-05-28,Deferred
AN0004532,grace,kaur,2009-04-05,F,grace.kaur4532@example.com,07700900860,cf106ag,9992563087,E14,2023-10-03,Active
AN0004533,priya,ali,1997-08-09,M,priya.ali4533@example.com,07700900563,eh12dh,9991280723,E05,2023-09-29,Deferred
AN0004534,chloe,grant,1994-08-24,m,chloe.grant4534@example.com,+44 7700 900902,BS17FA,9993863181,E10,2018-11-09,Deferred
AN0004535,george,cohen,2000-08-19,F,,07700900112,CF10 1JA,9990712980,E12,2024-01-22,Suspended
AN0004536,sarah,byrne,1991-12-04,M,sarah.byrne4536@example.com,+44 7700 900443,NE1 9JE,9995033151,E13,2021-07-03,Active
AN0004537,amara,novak,2000-09-23,m,amara.novak4537@example.com,+44 7700 900667,m13jf,9993919004,E08,2023-12-28,Active
AN0004538,ethan,adeyemi,2006-04-24,F,ethan.adeyemi4538@example.com,+44 7700 900327,EH15HJ,9999526896,E15,2024-06-09,Suspended
AN0004539,erin,robertson,2002-04-21,F,erin.robertson4539@example.com,+44 7700 900655,ls12ha,9999198171,E14,2021-09-26,Withdrawn
AN0004540,sarah,reid,1993-01-19,f,sarah.reid4540@example.com,+44 7700 900898,L1 5FE,9994782177,E07,2020-03-12,Suspended
AN0004541,isla,iqbal,2001-08-15,F,isla.iqbal4541@example.com,07700900417,ls1  1df,9994285955,E13,2020-02-08,Withdrawn
AN0004542,amara,reid,1996-05-12,F,amara.reid4542@example.com,(0161) 496 1848,bs11fd,9995843293,E16,2023-08-10,Active
AN0004543,yusuf,rossi,1990-09-28,m,yusuf.rossi4543@example.com,+44 7700 900356,M1 5HE,9997884590,E02,2016-06-02,Active
AN0004544,james,haddad,1994-02-05,F,james.haddad4544@example.com,+44 7700 900834,G1 3GJ,9994925989,E12,2022-11-09,Active
AN0004545,james,bianchi,1986-12-12,F,james.bianchi4545@example.com,+44 7700 900728,sw1a  2hf,9992370149,E16,2016-06-25,Active
AN0004546,liam,khan,1993-05-09,f,liam.khan4546@example.com,+44 7700 900436,l19hb,9993587664,E03,2016-06-29,Active
AN0004547,erin,osman,1997-05-13,M,erin.osman4547@example.com,07700900338,CF10 3GE,9996307018,E07,2016-12-15,Deferred
AN0004548,leila,bianchi,1999-12-08,F,leila.bianchi4548@example.com,07700900350,B15 3EB,9991705805,E07,2024-09-13,Active
AN0004549,idris,thompson,2001-07-14,m,idris.thompson4549@example.com,+44 7700 900734,bs1  6jd,9991113975,E02,2024-02-09,Active
AN0004550,hannah,lawson,1998-05-11,M,hannah.lawson4550@example.com,07700900494,ne12fh,9991076433,E13,2016-11-12,Active
AN0004551,sarah,mackenzie,1995-10-15,M,sarah.mackenzie4551@example.com,07700900363,EH1 3GB,9995384108,E03,2018-01-30,Active
AN0004552,grace,patel,1998-12-21,m,grace.patel4552@example.com,07700900520,G1 5EB,9993096377,E12,2019-07-07,Active
AN0004553,chloe,novak,2003-09-01,M,chloe.novak4553@example.com,(0161) 496 9322,g1  3da,9993300624,E02,2023-01-10,Active
AN0004554,james,reid,1993-04-11,M,james.reid4554@example.com,(0161) 496 9018,b155gj,9993465267,E12,2019-01-08,Withdrawn
AN0004555,grace,bello,1995-11-14,f,grace.bello4555@example.com,07700900192,BS1 2JJ,9997660625,E11,2022-03-12,Suspended
AN0004556,chloe,grant,2001-02-14,F,chloe.grant4556@example.com,+44 7700 900388,eh12ge,9996086046,E04,2021-07-06,Active
AN0004557,sofia,iqbal,1994-03-10,F,sofia.iqbal4557@example.com,(0161) 496 8532,b15  7fg,9998913497,E07,2016-12-26,Withdrawn
AN0004558,omar,robertson,1997-11-04,m,omar.robertson4558@example.com,07700900886,m11ed,9996379736,E10,2021-04-13,Deferred
AN0004559,ethan,osman,1996-09-20,M,ethan.osman4559@example.com,(0161) 496 7724,LS1 3EB,9991125345,E14,2023-06-27,Active
AN0004560,george,kaur,2000-08-29,M,george.kaur4560@example.com,07700900965,M1 2DG,9996795616,E08,2019-04-17,Active
AN0004561,ruth,iqbal,2000-08-07,m,ruth.iqbal4561@example.com,07700900321,b15  6jg,9998977614,E03,2018-09-09,Active
AN0004562,zainab,thompson,2002-06-14,F,zainab.thompson4562@example.com,07700900933,m11ah,9990418136,E09,2024-08-29,Active
AN0004563,priya,haddad,1996-03-21,M,priya.haddad4563@example.com,(0161) 496 1645,M1 2JF,9990600309,E06,2020-04-29,Suspended
AN0004564,fatima,patel,1992-05-06,m,fatima.patel4564@example.com,(0161) 496 6367,G1 6BG,9993222666,E06,2016-06-28,Active
AN0004565,sarah,patel,1994-01-22,F,sarah.patel4565@example.com,+44 7700 900866,eh1  1fg,9998847141,E07,2023-02-12,Active
AN0004566,amara,okafor,1994-01-20,M,amara.okafor4566@example.com,+44 7700 900280,NE15EH,9998586976,E04,2016-07-10,Active
AN0004567,james,chen,1994-12-10,m,james.chen4567@example.com,+44 7700 900415,G1 7BG,9990540489,E07,2021-01-22,Deferred
AN0004568,zainab,kaur,1998-07-13,M,zainab.kaur4568@example.com,(0161) 496 6630,EH1 2ED,9996077810,E05,2024-02-10,Active
AN0004569,grace,abara,1991-07-14,F,grace.abara4569@example.com,+44 7700 900987,g1  1gf,9997445317,E02,2020-02-18,Deferred
AN0004570,meera,wright,1995-10-30,m,meera.wright4570@example.com,(0161) 496 9105,NE15DE,9994051717,E01,2017-05-31,Active
AN0004571,noah,abara,1998-06-02,M,noah.abara4571@example.com,+44 7700 900302,NE1 2FD,9990287341,E14,2018-08-11,Active
AN0004572,amara,patel,1999-07-03,M,amara.patel4572@example.com,07700900254,LS1 5DE,9997452089,E13,2023-01-13,Active
AN0004573,meera,iqbal,1996-07-12,f,meera.iqbal4573@example.com,07700900323,m1  2ha,9992403608,E07,2022-08-30,Active
AN0004574,sofia,chen,1995-02-19,F,sofia.chen4574@example.com,07700900554,G19FJ,9995281090,E07,2021-04-10,Active
AN0004575,ethan,osman,1999-01-03,F,ethan.osman4575@example.com,+44 7700 900195,B15 4GH,9990448604,E08,2020-07-03,Active
AN0004576,callum,novak,1998-03-27,m,callum.novak4576@example.com,+44 7700 900796,ls12eh,9990733120,E11,2018-04-21,Active
AN0004577,liam,adeyemi,1999-03-07,M,liam.adeyemi4577@example.com,+44 7700 900887,sw1a  3fe,9994217119,E06,2017-09-15,Active
AN0004578,tom,thompson,1991-08-30,M,tom.thompson4578@example.com,07700900474,LS18JH,9994254758,E06,2018-01-21,Active
AN0004579,amara,mackenzie,2001-09-28,f,amara.mackenzie4579@example.com,07700900634,L1 6DD,9997026241,E06,2022-06-29,Suspended
AN0004580,wei,chen,1991-01-03,M,wei.chen4580@example.com,+44 7700 900558,ls11ef,9996108627,E03,2019-04-22,Active
AN0004581,grace,byrne,2000-09-19,F,grace.byrne4581@example.com,(0161) 496 5215,ls1  6ag,9992975598,E02,2022-09-21,Active
AN0004582,sarah,osman,1999-07-26,m,sarah.osman4582@example.com,(0161) 496 9369,g12gg,9993884693,E01,2023-10-13,Active
AN0004583,ethan,mackenzie,1999-09-05,F,ethan.mackenzie4583@example.com,07700900275,L1 7HB,9998650488,E12,2021-03-16,Active
AN0004584,amara,reid,1993-06-25,M,amara.reid4584@example.com,(0161) 496 1192,CF10 8HF,9995405601,E03,2021-11-12,Deferred
AN0004585,kai,murray,2003-10-09,f,kai.murray4585@example.com,+44 7700 900651,g17ga,9999053807,E11,2023-06-30,Withdrawn
AN0004586,george,haddad,2001-06-12,M,george.haddad4586@example.com,+44 7700 900124,b151ja,9990885427,E02,2019-09-20,Deferred
AN0004587,chloe,wright,1996-06-09,F,chloe.wright4587@example.com,(0161) 496 7761,B15 9GH,9999736548,E12,2022-09-22,Active
AN0004588,nadia,khan,1997-07-23,m,nadia.khan4588@example.com,07700900996,b151bh,9993587516,E04,2016-08-31,Activ
AN0004589,priya,chen,1998-07-09,M,priya.chen4589@example.com,07700900469,ne15ae,9995401770,E05,2019-07-14,Suspended
AN0004590,james,whitfield,1997-03-14,M,james.whitfield4590@example.com,+44 7700 900970,B151GB,9995126400,E14,2019-07-18,Suspended
AN0004591,sofia,novak,1997-07-24,f,sofia.novak4591@example.com,(0161) 496 1996,CF10 7HF,9996738752,E15,2020-12-30,Active
AN0004592,hannah,lawson,1996-11-14,F,hannah.lawson4592@example.com,+44 7700 900961,M1 9FB,9999116612,E12,2022-02-15,Active
AN0004593,ruth,bianchi,1999-04-16,M,ruth.bianchi4593@example.com,(0161) 496 2151,eh1  4bg,9990970718,E15,2021-07-11,Active
AN0004594,chloe,chen,2001-10-31,m,chloe.chen4594@example.com,+44 7700 900726,CF102EA,9998628989,E08,2023-03-21,Deferred
AN0004595,amara,rossi,2000-10-23,F,amara.rossi4595@example.com,07700900242,CF10 4BE,9994191004,E03,2018-11-17,Active
AN0004596,hassan,murray,1992-10-16,M,hassan.murray4596@example.com,(0161) 496 5260,g14fd,9990558914,E16,2017-02-02,Suspended
AN0004597,sarah,sharma,2000-01-23,m,sarah.sharma4597@example.com,07700900120,b15  5fb,9994404385,E14,2018-07-20,Active
AN0004598,zainab,lawson,1990-01-12,F,zainab.lawson4598@example.com,07700900897,G16HF,9992646500,E12,2019-01-24,Active
AN0004599,liam,fenton,2002-02-16,M,liam.fenton4599@example.com,07700900771,CF10 3FF,9995753146,E14,2023-07-01,Suspended
AN0004600,priya,nwosu,2000-09-06,m,priya.nwosu4600@example.com,(0161) 496 4771,B15 3HB,9993002070,E14,2024-11-06,Active
AN0004601,oliver,whitfield,1993-05-06,M,oliver.whitfield4601@example.com,+44 7700 900657,m1  8ff,9991707239,Z99,2022-10-10,Withdrawn
AN0004602,callum,robertson,2000-03-11,M,callum.robertson4602@example.com,07700900708,L19EG,9994341766,E06,2020-11-24,Active
AN0004603,nadia,okafor,1990-10-06,m,nadia.okafor4603@example.com,+44 7700 900790,m13jb,9991098445,E09,2017-11-10,Active
AN0004604,isla,kaur,1995-10-04,F,isla.kaur4604@example.com,+44 7700 900305,EH1 4AF,9993252956,E10,2021-12-04,Suspended
AN0004605,james,whitfield,1999-09-30,M,james.whitfield4605@example.com,+44 7700 900401,l1  6bg,9990120838,E03,2020-02-19,Active
AN0004606,nadia,lawson,1995-07-05,m,nadia.lawson4606@example.com,(0161) 496 7533,g15be,9998429366,E07,2018-03-10,Active
AN0004607,leila,haddad,1994-03-01,F,leila.haddad4607@example.com,+44 7700 900214,EH1 2BB,9990567980,E06,2023-04-09,Suspended
AN0004608,george,doyle,1996-08-19,F,george.doyle4608@example.com,07700900221,NE1 5AF,9991163344,E15,2023-09-13,Active
AN0004609,callum,ali,1999-02-11,m,callum.ali4609@example.com,+44 7700 900586,b15  7bj,9998448999,E07,2018-06-04,Active
AN0004610,isla,kaur,1992-07-20,M,isla.kaur4610@example.com,+44 7700 900242,eh12jg,9991648976,E14,2019-01-05,Active
AN0004611,ruth,bianchi,1990-05-27,M,ruth.bianchi4611@example.com,+44 7700 900855,EH1 2EE,9999472621,E08,2019-05-30,Deferred
AN0004612,hannah,ali,1993-02-11,,hannah.ali4612@example.com,07700900189,G1 8FE,9991364935,E14,2016-10-03,Active
AN0004613,idris,bello,2001-02-19,M,idris.bello4613@example.com,07700900974,cf108df,9994701495,E03,2023-08-24,Active
AN0004614,priya,fenton,1988-04-25,F,priya.fenton4614@example.com,07700900784,LS19AH,9999046363,E05,2017-10-28,Active
AN0004615,george,adeyemi,1996-07-16,f,george.adeyemi4615@example.com,(0161) 496 9162,L1 2GJ,9996700127,E14,2024-03-06,Active
AN0004616,isla,whitfield,1990-09-04,M,isla.whitfield4616@example.com,+44 7700 900618,LS1 6EE,9992816236,E10,2016-10-10,Active
AN0004617,nadia,grant,1996-01-16,F,,+44 7700 900825,cf10  9gj,9999452884,E03,2023-10-30,Active
AN0004618,erin,rossi,2003-06-20,f,erin.rossi4618@example.com,+44 7700 900142,BS13DJ,9995587971,E01,2024-09-27,Active
AN0004619,wei,cohen,1993-05-15,F,wei.cohen4619@example.com,+44 7700 900652,CF10 4FA,9993728586,E07,2020-08-13,Suspended
AN0004620,leila,byrne,1996-06-01,M,leila.byrne4620@example.com,07700900507,SW1A 8EJ,9995061384,E15,2018-05-28,Deferred
AN0004621,kai,adeyemi,2004-08-17,m,kai.adeyemi4621@example.com,(0161) 496 9587,sw1a  8ee,9990404798,E05,2022-09-09,Withdrawn
AN0004622,nadia,thompson,1996-03-03,F,nadia.thompson4622@example.com,+44 7700 900739,B154EG,9997445821,E11,2017-09-23,Withdrawn
AN0004623,erin,adeyemi,1996-03-29,F,erin.adeyemi4623@example.com,+44 7700 900366,B15 4FG,9993951943,E10,2017-12-03,Suspended
AN0004624,ethan,lawson,1992-01-20,m,ethan.lawson4624@example.com,07700900129,B15 9GF,9996658198,E02,2021-03-11,Active
AN0004625,grace,robertson,1995-08-12,M,grace.robertson4625@example.com,+44 7700 900420,cf10  9gj,9994347586,E11,2020-11-06,Active
AN0004626,ethan,kaur,2001-10-08,F,ethan.kaur4626@example.com,07700900255,CF106DF,9991596542,E02,2020-10-23,Suspended
AN0004627,omar,okafor,2000-12-19,f,omar.okafor4627@example.com,+44 7700 900986,NE1 9HJ,9992265590,E07,2019-12-17,Active
AN0004628,hannah,chen,1994-07-17,M,hannah.chen4628@example.com,(0161) 496 6826,LS1 4AA,9991665234,E05,2022-11-14,Deferred
AN0004629,liam,osman,1994-08-17,F,liam.osman4629@example.com,+44 7700 900736,bs1  9bh,9998462436,E08,2019-02-01,Active
AN0004630,daniel,haddad,1994-10-25,m,daniel.haddad4630@example.com,+44 7700 900380,cf103gg,9991280944,E07,2016-02-27,Active
AN0004631,leila,bianchi,1998-03-17,M,leila.bianchi4631@example.com,07700900707,EH1 7JF,9994114573,E11,2019-08-01,Deferred
AN0004632,fatima,osman,1991-08-17,F,fatima.osman4632@example.com,07700900376,CF10 1HJ,9990831246,E09,2019-09-13,Deferred
AN0004633,tom,khan,1990-11-02,m,tom.khan4633@example.com,07700900684,g1  6db,9992314885,E01,2016-01-14,Withdrawn
AN0004634,zainab,abara,1992-07-16,F,zainab.abara4634@example.com,(0161) 496 4094,NE13JG,9999990851,E10,2020-02-08,Suspended
AN0004635,priya,chen,1993-09-18,F,priya.chen4635@example.com,+44 7700 900619,L1 7JG,9996731588,E04,2021-12-20,Active
AN0004636,sarah,abara,1993-07-22,f,sarah.abara4636@example.com,+44 7700 900849,bs11jh,9990836868,E14,2019-01-28,Active
AN0004637,erin,wright,1996-06-23,F,erin.wright4637@example.com,+44 7700 900930,b156dj,9999290248,E06,2019-01-18,Active
AN0004638,callum,nwosu,1992-09-20,F,callum.nwosu4638@example.com,+44 7700 900884,BS19BG,9995177439,E05,2019-04-09,Active
AN0004639,liam,bello,2003-04-18,m,liam.bello4639@example.com,+44 7700 900325,EH1 9ED,9998634156,E03,2021-07-09,Active
AN0004640,sofia,khan,1995-04-21,M,sofia.khan4640@example.com,07700900978,m15fg,9990713847,E06,2020-09-21,Deferred
AN0004641,ethan,adeyemi,1993-07-14,M,ethan.adeyemi4641@example.com,+44 7700 900984,ls15fe,9998893305,E04,2020-01-18,Active
AN0004642,hannah,khan,1992-06-05,m,hannah.khan4642@example.com,(0161) 496 3323,B159HJ,9999796001,E09,2021-11-09,Withdrawn
AN0004643,noah,patel,2003-06-26,M,noah.patel4643@example.com,+44 7700 900266,cf104bd,9995177692,E07,2021-11-17,Withdrawn
AN0004644,yusuf,patel,2004-02-15,M,yusuf.patel4644@example.com,(0161) 496 6904,SW1A 9GF,9990128278,E07,2023-06-13,Active
AN0004645,isla,chen,1996-06-29,f,isla.chen4645@example.com,+44 7700 900431,l1  1df,9995209810,E05,2016-12-24,Suspended
AN0004646,sofia,lawson,1997-06-08,M,sofia.lawson4646@example.com,07700900802,SW1A1GB,9998505291,E02,2020-03-04,Active
AN0004647,sarah,okafor,1999-06-21,M,sarah.okafor4647@example.com,+44 7700 900950,NE1 3DG,9996344681,E15,2021-01-30,Active
AN0004648,isla,okafor,2003-03-28,f,isla.okafor4648@example.com,(0161) 496 8177,LS1 7AB,9998038146,E06,2021-06-24,Suspended
AN0004649,yusuf,bello,2002-11-27,M,yusuf.bello4649@example.com,+44 7700 900949,ne1  2ff,9991164960,E04,2021-07-16,Withdrawn
AN0004650,noah,rossi,1993-11-06,M,noah.rossi4650@example.com,07700900835,EH17GF,9990008078,E02,2022-06-28,Active
AN0004651,erin,byrne,1991-06-02,f,erin.byrne4651@example.com,07700900243,BS1 9BF,9997839099,E14,2019-09-15,Suspended
AN0004652,oliver,thompson,2002-11-21,M,oliver.thompson4652@example.com,+44 7700 900846,NE1 1BE,9992780916,E16,2021-01-20,Suspended
AN0004653,yusuf,mackenzie,1995-06-28,F,yusuf.mackenzie4653@example.com,+44 7700 900933,b15  6hj,9994955683,E03,2021-09-26,Active
AN0004654,nadia,bello,1955-04-17,f,nadia.bello4654@example.com,(0161) 496 1428,B159JG,9995966239,E06,2016-08-01,Active
AN0004655,oliver,bianchi,1997-05-28,M,oliver.bianchi4655@example.com,07700900308,L1 8DG,9990579377,E10,2024-11-20,Deferred
AN0004656,idris,chen,1995-10-07,F,idris.chen4656@example.com,07700900703,NE1 1AD,9994614126,E13,2022-04-10,Deferred
AN0004657,sofia,okafor,1990-02-28,f,sofia.okafor4657@example.com,(0161) 496 6889,m1  2ag,9996728781,E04,2018-11-09,Active
AN0004658,callum,grant,1996-01-23,F,callum.grant4658@example.com,07700900278,M17DE,9996572447,E04,2024-10-14,Withdrawn
AN0004659,ethan,sharma,1995-07-30,F,ethan.sharma4659@example.com,+44 7700 900401,bs16af,9999476449,E08,2020-12-15,Active
AN0004660,ruth,doyle,1993-12-29,f,ruth.doyle4660@example.com,+44 7700 900546,cf103gd,9998716942,E04,2021-06-09,Active
AN0004661,noah,kaur,1991-02-16,F,noah.kaur4661@example.com,07700900526,b15  6jf,9991384510,E07,2018-11-21,Deferred
AN0004662,erin,khan,1989-09-14,M,erin.khan4662@example.com,+44 7700 900309,L13AG,9992505753,E13,2017-06-29,Active
AN0004663,hassan,patel,1998-10-28,m,hassan.patel4663@example.com,+44 7700 900917,CF10 5HJ,9997607600,E09,2018-11-25,Withdrawn
AN0004664,wei,sharma,2003-07-25,M,wei.sharma4664@example.com,07700900453,ne19gd,9998416493,E01,2023-10-06,Suspended
AN0004665,meera,kaur,2000-09-22,M,meera.kaur4665@example.com,+44 7700 900633,m1  4ab,9990356149,E04,2018-11-16,Withdrawn
AN0004666,tom,reid,2001-04-23,f,tom.reid4666@example.com,+44 7700 900903,EH18JE,9993411701,E13,2020-06-20,Deferred
AN0004667,wei,osman,1994-10-07,F,wei.osman4667@example.com,07700900684,L1 4DH,9997177509,E03,2024-02-05,Deferred
AN0004668,ethan,whitfield,1995-08-01,M,ethan.whitfield4668@example.com,+44 7700 900509,M1 6GD,9998377528,E13,2022-09-23,Active
AN0004669,callum,iqbal,2000-06-17,m,callum.iqbal4669@example.com,07700900607,g1  5ba,9995858835,E04,2019-11-22,Active
AN0004670,daniel,murray,2003-07-28,M,daniel.murray4670@example.com,07700900991,M12BH,9998028124,E06,2021-12-20,Suspended
AN0004671,george,nwosu,2001-08-30,M,george.nwosu4671@example.com,+44 7700 900237,CF10 3AF,9994890808,E04,2020-01-13,Deferred
AN0004672,omar,grant,1999-04-28,f,omar.grant4672@example.com,+44 7700 900342,SW1A 7HH,9994523694,E13,2022-08-03,Active
AN0004673,chloe,nwosu,1993-05-30,M,chloe.nwosu4673@example.com,+44 7700 900911,ne1  1df,9998305373,E05,2016-05-30,Deferred
AN0004674,hassan,wright,2000-05-29,M,hassan.wright4674@example.com,07700900497,eh19hf,9996593525,E02,2024-12-26,Suspended
AN0004675,meera,murray,1996-12-16,m,meera.murray4675@example.com,(0161) 496 8950,sw1a2bd,9993573736,E02,2017-02-12,Active
AN0004676,chloe,novak,1997-03-16,M,chloe.novak4676@example.com,+44 7700 900197,BS1 7JA,9990537186,E15,2016-06-08,Suspended
AN0004677,james,abara,1998-04-06,F,james.abara4677@example.com,(0161) 496 9081,g1  4bd,9997943317,E11,2019-07-10,Withdrawn
AN0004678,liam,robertson,1998-07-12,f,liam.robertson4678@example.com,(0161) 496 1184,L15DB,9997830059,E12,2020-11-13,Active
AN0004679,idris,cohen,1997-11-10,M,idris.cohen4679@example.com,+44 7700 900390,BS1 3HH,9998106303,E14,2021-07-25,Active
AN0004680,sarah,rossi,1993-06-11,M,sarah.rossi4680@example.com,07700900443,B15 9DB,9991088644,E13,2017-11-29,Suspended
AN0004681,leila,fenton,1998-07-07,f,leila.fenton4681@example.com,+44 7700 900692,b15  6ff,9999758770,E09,2018-08-12,Withdrawn
AN0004682,hassan,robertson,1989-08-16,M,hassan.robertson4682@example.com,07700900734,B156FD,9996293173,E12,2016-03-26,Active
AN0004683,oliver,chen,2003-10-22,F,oliver.chen4683@example.com,+44 7700 900400,M1 7DA,9995915731,E08,2024-11-03,Active
AN0004684,james,iqbal,1998-08-28,f,james.iqbal4684@example.com,+44 7700 900471,SW1A 6AE,9998386047,E14,2022-10-20,Active
AN0004685,hassan,bianchi,2002-01-07,M,hassan.bianchi4685@example.com,07700900348,ls1  9aa,9998197236,E10,2022-03-28,Active
AN0004686,isla,nwosu,2003-03-17,F,isla.nwosu4686@example.com,+44 7700 900548,B154HH,9993894451,E03,2023-06-10,Active
AN0004687,noah,cohen,1990-03-15,m,noah.cohen4687@example.com,+44 7700 900560,M1 6EG,9997953940,E06,2019-04-12,Withdrawn
AN0004688,grace,fenton,1991-04-13,F,grace.fenton4688@example.com,07700900864,M1 6FJ,9993653195,E02,2017-06-01,Active
AN0004689,callum,cohen,1989-08-17,M,callum.cohen4689@example.com,+44 7700 900379,cf10  2da,9994391321,E03,2017-08-11,Active
AN0004690,nadia,bianchi,2005-10-06,m,nadia.bianchi4690@example.com,+44 7700 900399,G15JE,9994374826,E10,2023-10-28,Active
AN0004691,wei,fenton,1993-08-14,F,wei.fenton4691@example.com,(0161) 496 2593,NE1 9BH,9999124704,E04,2022-05-19,Withdrawn
AN0004692,sarah,kaur,1995-08-07,M,sarah.kaur4692@example.com,07700900392,SW1A 2FD,9991710191,E16,2017-08-18,Deferred
AN0004693,isla,sharma,1997-06-22,m,isla.sharma4693@example.com,+44 7700 900277,sw1a  5he,9992002689,E07,2017-11-04,Suspended
AN0004694,yusuf,sharma,1991-01-31,F,yusuf.sharma4694@example.com,07700900296,NE12AB,9996115062,E05,2016-05-02,Active
AN0004695,callum,khan,1999-06-15,M,callum.khan4695@example.com,07700900526,M1 2AJ,9994734032,E09,2023-07-28,Active
AN0004696,priya,robertson,1994-04-30,f,priya.robertson4696@example.com,(0161) 496 5449,CF10 1AB,9991846506,E07,2017-01-22,Active
AN0004697,chloe,reid,1995-10-30,F,chloe.reid4697@example.com,07700900192,g17fe,9991476849,E10,2021-01-23,Active
AN0004698,isla,rossi,1992-06-14,M,isla.rossi4698@example.com,+44 7700 900665,eh15ga,9995284316,E13,2020-09-22,Deferred
AN0004699,george,ali,1996-04-24,m,george.ali4699@example.com,+44 7700 900892,bs15jd,9993900672,E03,2017-05-09,Suspended
AN0004700,daniel,nwosu,1996-12-25,M,daniel.nwosu4700@example.com,+44 7700 900883,M1 2ED,9997342178,E09,2019-03-24,Withdrawn
AN0004701,yusuf,osman,2002-08-01,F,yusuf.osman4701@example.com,+44 7700 900947,ls11gj,9998845548,Z99,2021-05-08,Withdrawn
AN0004702,omar,ali,1992-05-01,m,omar.ali4702@example.com,+44 7700 900338,SW1A9BE,9998159571,E03,2016-01-16,Active
AN0004703,idris,haddad,1996-10-22,F,idris.haddad4703@example.com,+44 7700 900136,G1 2DJ,9997288246,E09,2023-06-19,Active
AN0004704,sofia,novak,1990-08-01,M,sofia.novak4704@example.com,+44 7700 900736,NE1 6GH,9997680170,E13,2019-11-14,Deferred
AN0004705,nadia,wright,1992-05-20,f,nadia.wright4705@example.com,+44 7700 900453,m17gj,9998169178,E13,2022-02-04,Deferred
AN0004706,sarah,adeyemi,2005-06-29,M,sarah.adeyemi4706@example.com,+44 7700 900458,EH19BE,9990582092,E02,2023-11-08,Deferred
AN0004707,oliver,mackenzie,1999-06-20,M,oliver.mackenzie4707@example.com,+44 7700 900523,bs16aj,9996572110,E01,2019-03-13,Deferred
AN0004708,ethan,murray,1998-01-25,m,ethan.murray4708@example.com,(0161) 496 8654,BS1 1EG,9991169989,E09,2024-06-01,Active
AN0004709,idris,patel,1996-10-30,M,idris.patel4709@example.com,+44 7700 900791,sw1a  6ge,9995085801,E04,2023-03-27,Withdrawn
AN0004710,callum,fenton,2000-06-21,F,callum.fenton4710@example.com,+44 7700 900238,EH15JF,9992597690,E13,2021-01-23,Active
AN0004711,noah,cohen,1999-11-11,m,noah.cohen4711@example.com,07700900245,CF10 3BD,9990784434,E12,2021-12-06,Active
AN0004712,james,abara,1999-02-25,M,james.abara4712@example.com,07700900254,SW1A 5AA,9997631587,E09,2018-08-03,Deferred
AN0004713,isla,lawson,2000-09-26,M,isla.lawson4713@example.com,07700900221,m1  4jb,9993483087,E10,2020-01-23,Withdrawn
AN0004714,meera,sharma,1996-08-06,f,meera.sharma4714@example.com,07700900598,SW1A8FB,9992824883,E02,2017-03-10,Active
AN0004715,george,novak,1994-07-19,M,george.novak4715@example.com,+44 7700 900119,m19aj,9999800653,E11,2020-10-15,Active
AN0004716,chloe,patel,1998-09-19,F,chloe.patel4716@example.com,(0161) 496 2173,B15 7AB,9993210706,E02,2022-05-19,Active
AN0004717,oliver,chen,1991-12-15,m,oliver.chen4717@example.com,07700900407,cf10  4ff,9994986937,E06,2021-02-05,Active
AN0004718,sofia,abara,2000-08-08,M,sofia.abara4718@example.com,+44 7700 900637,BS18JE,9996866696,E09,2023-08-06,Active
AN0004719,noah,sharma,1992-05-25,F,noah.sharma4719@example.com,07700900179,m11jd,9994835165,E12,2018-01-14,Deferred
AN0004720,sarah,okafor,1989-12-30,f,sarah.okafor4720@example.com,+44 7700 900528,G1 9HG,9994673858,E03,2018-09-02,Withdrawn
AN0004721,sarah,osman,1996-07-13,F,sarah.osman4721@example.com,07700900939,ne11jb,9990645701,E15,2021-01-29,Active
AN0004722,callum,chen,1999-01-08,F,callum.chen4722@example.com,07700900125,G12BF,9996126854,E02,2022-07-17,Active
AN0004723,ruth,murray,2005-12-15,m,ruth.murray4723@example.com,+44 7700 900923,L1 7JE,9995171368,E05,2023-12-13,Active
AN0004724,grace,reid,2004-01-16,F,grace.reid4724@example.com,+44 7700 900679,BS1 8GB,9996125599,E06,2024-05-15,Withdrawn
AN0004725,grace,nwosu,2003-11-13,M,grace.nwosu4725@example.com,(0161) 496 5399,ls1  6ha,9991837337,E08,2024-12-12,Suspended
AN0004726,noah,lawson,1996-12-23,m,noah.lawson4726@example.com,(0161) 496 2116,G11FG,9997439007,E03,2023-07-18,Withdrawn
AN0004727,ethan,doyle,1996-08-12,F,ethan.doyle4727@example.com,+44 7700 900706,CF10 5HH,9994941828,E12,2023-09-30,Active
AN0004728,ruth,reid,1999-10-17,M,ruth.reid4728@example.com,+44 7700 900184,l15jb,999749964,E01,2018-06-08,Active
AN0004729,yusuf,haddad,2001-04-20,f,yusuf.haddad4729@example.com,+44 7700 900378,l11dj,9994049860,E16,2020-05-24,Active
AN0004730,oliver,nwosu,1993-03-27,M,oliver.nwosu4730@example.com,+44 7700 900527,G14FH,9999240011,E13,2018-12-29,Active
AN0004731,hassan,wright,1994-02-03,F,hassan.wright4731@example.com,07700900930,NE1 2JD,9993129348,E15,2022-07-26,Active
AN0004732,amara,byrne,1991-06-23,f,amara.byrne4732@example.com,07700900771,cf101dh,9991406204,E10,2016-10-24,Withdrawn
AN0004733,liam,reid,1992-03-12,F,liam.reid4733@example.com,+44 7700 900715,l1  2fe,9996009866,E01,2020-12-14,Suspended
AN0004734,leila,okafor,1996-12-31,M,leila.okafor4734@example.com,+44 7700 900397,BS11DG,9991081933,E15,2016-04-30,Active
AN0004735,isla,bianchi,1992-09-18,m,isla.bianchi4735@example.com,+44 7700 900779,G1 6BJ,9999895476,E09,2016-04-04,Suspended
AN0004736,hassan,adeyemi,1993-04-29,F,hassan.adeyemi4736@example.com,(0161) 496 2715,BS1 6AE,9999062245,E16,2017-01-14,Active
AN0004737,hassan,bianchi,2001-03-26,F,hassan.bianchi4737@example.com,+44 7700 900603,cf106bb,9990200734,E08,2023-06-25,Withdrawn
AN0004738,callum,novak,1999-07-28,f,callum.novak4738@example.com,+44 7700 900569,cf104bj,9990434107,E10,2020-02-02,Active
AN0004739,ruth,adeyemi,1993-05-12,M,ruth.adeyemi4739@example.com,+44 7700 900828,CF10 2BF,9998824486,E08,2021-08-05,Deferred
AN0004740,idris,haddad,1998-07-30,F,idris.haddad4740@example.com,(0161) 496 7989,BS1 5GB,9991613145,E01,2019-02-15,Withdrawn
AN0004741,kai,khan,1998-12-16,m,,+44 7700 900284,b15  1be,9996652688,E11,2022-05-30,Active
AN0004742,oliver,bianchi,1989-11-25,M,oliver.bianchi4742@example.com,+44 7700 900380,B157HF,9996902463,E10,2019-04-25,Active
AN0004743,noah,iqbal,1995-09-23,F,noah.iqbal4743@example.com,+44 7700 900618,bs14eb,9998807190,E10,2016-07-09,Active
AN0004744,isla,chen,2002-08-21,f,isla.chen4744@example.com,+44 7700 900624,CF10 3BD,9999081592,E01,2022-05-15,Withdrawn
AN0004745,wei,adeyemi,1994-01-08,M,wei.adeyemi4745@example.com,07700900428,bs1  5dh,9994572997,E01,2022-04-08,Active
AN0004746,james,patel,1990-07-16,M,james.patel4746@example.com,(0161) 496 8251,g13gb,9993290971,E08,2017-03-19,Active
AN0004747,omar,kaur,1991-08-18,f,omar.kaur4747@example.com,07700900426,NE1 4FE,9998497272,E01,2018-05-17,Suspended
AN0004748,tom,mackenzie,2001-03-13,F,,(0161) 496 5023,LS1 7BH,9994568795,E05,2019-12-30,Active
AN0004749,oliver,robertson,1991-07-08,F,oliver.robertson4749@example.com,07700900351,eh11gd,9999097049,E09,2021-03-19,Deferred
AN0004750,amara,chen,1999-09-12,f,amara.chen4750@example.com,+44 7700 900414,g16ef,9991099867,E09,2021-03-10,Withdrawn
AN0004751,oliver,osman,1994-10-22,F,oliver.osman4751@example.com,07700900580,SW1A 8FE,9997500296,E15,2022-10-22,Deferred
AN0004752,daniel,lawson,1992-10-05,F,daniel.lawson4752@example.com,+44 7700 900166,CF10 9GB,9996357724,E14,2019-10-17,Suspended
AN0004753,yusuf,bello,1988-06-25,m,yusuf.bello4753@example.com,+44 7700 900542,eh1  6he,9998216117,E06,2017-03-05,Suspended
AN0004754,george,chen,1995-03-20,M,george.chen4754@example.com,(0161) 496 1559,ne14aa,9997537149,E03,2023-10-25,Active
AN0004755,callum,bello,1987-03-12,F,callum.bello4755@example.com,+44 7700 900926,EH1 5EE,9992788550,E12,2016-07-07,Active
AN0004756,hannah,robertson,2009-01-21,f,hannah.robertson4756@example.com,07700900311,SW1A 3EH,9991650873,E11,2024-09-08,Active
AN0004757,meera,ali,1995-04-20,M,meera.ali4757@example.com,07700900421,m1  8jb,9998749441,E03,2022-06-21,Active
AN0004758,kai,wright,1997-12-24,M,kai.wright4758@example.com,07700900797,l14bb,9999756832,E03,2017-05-12,Active
AN0004759,james,adeyemi,1990-04-10,f,james.adeyemi4759@example.com,(0161) 496 4475,EH1 9HG,9992230304,E06,2019-11-12,Suspended
AN0004760,sofia,lawson,1997-03-06,,sofia.lawson4760@example.com,(0161) 496 8952,CF10 9AD,9993472336,E16,2022-03-19,Active
AN0004761,oliver,lawson,2003-06-12,M,oliver.lawson4761@example.com,+44 7700 900675,ne1  8ae,9994807730,E02,2022-02-25,Deferred
AN0004762,zainab,whitfield,1997-02-04,f,zainab.whitfield4762@example.com,07700900664,G17EA,9995268663,E12,2020-05-23,Active
AN0004763,nadia,adeyemi,1992-04-08,M,nadia.adeyemi4763@example.com,(0161) 496 4447,SW1A 4JF,9990063923,E04,2016-04-06,Suspended
AN0004764,erin,doyle,1992-10-25,M,erin.doyle4764@example.com,+44 7700 900202,b154ej,9997428420,E06,2022-03-04,Active
AN0004765,noah,patel,1995-08-17,f,noah.patel4765@example.com,(0161) 496 9811,ne1  5hb,9996546365,E15,2020-01-27,Active
AN0004766,george,cohen,1993-08-04,M,george.cohen4766@example.com,+44 7700 900484,EH16DJ,9996553221,E10,2021-01-18,Active
AN0004767,amara,haddad,2000-08-24,F,amara.haddad4767@example.com,+44 7700 900196,LS1 7HE,9990570590,E08,2023-09-25,Withdrawn
AN0004768,ethan,kaur,1996-11-30,m,ethan.kaur4768@example.com,+44 7700 900660,b154de,9993711918,E13,2021-06-21,Deferred
AN0004769,omar,robertson,1993-07-20,F,omar.robertson4769@example.com,(0161) 496 8101,ne1  3ea,9991348263,E11,2016-01-12,Withdrawn
AN0004770,liam,chen,1993-05-30,M,liam.chen4770@example.com,(0161) 496 9330,M16JB,9996397092,E14,2022-01-04,Active
AN0004771,hannah,bianchi,2000-05-04,f,hannah.bianchi4771@example.com,(0161) 496 7599,G1 1BJ,9997338324,E12,2023-07-24,Withdrawn
AN0004772,yusuf,bello,2005-05-23,M,yusuf.bello4772@example.com,+44 7700 900887,NE1 4EH,9998942780,E02,2024-07-14,Suspended
AN0004773,nadia,abara,1996-02-02,F,nadia.abara4773@example.com,+44 7700 900212,eh1  2ab,9997425871,E16,2019-05-24,Active
AN0004774,erin,patel,1994-11-23,m,erin.patel4774@example.com,07700900475,EH12AG,9997568540,E13,2017-01-23,Active
AN0004775,callum,grant,1996-11-06,F,callum.grant4775@example.com,+44 7700 900411,NE1 6FD,9999860974,E04,2017-03-19,Withdrawn
AN0004776,ethan,osman,1990-12-13,F,ethan.osman4776@example.com,+44 7700 900770,ne12bd,9996293823,E01,2018-03-11,Activ
AN0004777,sofia,khan,2000-05-27,m,sofia.khan4777@example.com,+44 7700 900113,b15  6jf,9999503977,E10,2021-07-25,Active
AN0004778,george,lawson,1990-11-30,M,george.lawson4778@example.com,07700900612,NE19HH,9998367468,E07,2016-04-21,Active
AN0004779,fatima,mackenzie,2000-02-16,F,fatima.mackenzie4779@example.com,07700900142,ls18ha,9997048032,E07,2022-08-28,Active
AN0004780,chloe,khan,1992-02-15,m,chloe.khan4780@example.com,+44 7700 900463,CF10 5BH,9992090693,E08,2016-02-25,Active
AN0004781,sarah,rossi,1996-11-14,M,sarah.rossi4781@example.com,07700900546,b15  2ab,9993880868,E03,2022-11-18,Suspended
AN0004782,noah,haddad,1990-09-24,M,,+44 7700 900207,LS13HH,9995538377,E07,2017-12-03,Withdrawn
AN0004783,meera,bello,1994-10-23,f,meera.bello4783@example.com,07700900839,b155he,9998521475,E06,2024-07-02,Suspended
AN0004784,sofia,haddad,2000-11-01,M,sofia.haddad4784@example.com,(0161) 496 1586,B15 9GF,9992895942,E13,2022-08-07,Active
AN0004785,idris,adeyemi,2000-07-14,F,idris.adeyemi4785@example.com,+44 7700 900677,l1  9af,9998189020,E15,2024-03-29,Active
AN0004786,sofia,byrne,2000-03-21,m,sofia.byrne4786@example.com,07700900666,NE14BB,9997057376,E12,2018-11-07,Active
AN0004787,hassan,bianchi,1996-09-26,M,hassan.bianchi4787@example.com,+44 7700 900141,BS1 7BF,9992203250,E05,2023-05-07,Active
AN0004788,sofia,doyle,1995-09-05,,sofia.doyle4788@example.com,07700900824,L1 7EB,9995136651,E08,2017-05-10,Deferred
AN0004789,james,haddad,1994-03-16,m,james.haddad4789@example.com,+44 7700 900363,b155he,9998476127,E05,2021-04-20,Active
AN0004790,leila,lawson,1990-05-18,F,leila.lawson4790@example.com,07700900700,G15AF,9998946956,E04,2017-08-24,Active
AN0004791,tom,reid,2000-04-06,F,tom.reid4791@example.com,+44 7700 900753,B15 7BD,9991731059,E03,2024-12-21,Withdrawn
AN0004792,daniel,haddad,1992-04-12,m,daniel.haddad4792@example.com,+44 7700 900228,B15 5DD,9997696506,E02,2018-01-17,Active
AN0004793,idris,wright,2001-02-28,,idris.wright4793@example.com,+44 7700 900735,g16jj,9994369172,E16,2019-10-13,Active
AN0004794,idris,chen,1994-02-12,F,idris.chen4794@example.com,+44 7700 900514,LS18FB,9999746691,E02,2016-08-20,Active
AN0004795,chloe,mackenzie,2004-03-11,f,chloe.mackenzie4795@example.com,+44 7700 900102,L1 3FH,9991343385,E16,2022-09-06,Active
AN0004796,james,kaur,1993-03-06,F,james.kaur4796@example.com,+44 7700 900494,G1 1HF,9990368406,E10,2017-03-12,Deferred
AN0004797,amara,nwosu,1991-05-13,M,amara.nwosu4797@example.com,+44 7700 900169,ls1  2aj,9996427250,E16,2019-12-29,Active
AN0004798,chloe,novak,1998-04-27,f,chloe.novak4798@example.com,+44 7700 900186,CF106EG,9994699482,E14,2022-09-02,Active
AN0004799,liam,lawson,2001-12-31,F,liam.lawson4799@example.com,07700900183,L1 8AJ,9992923733,E13,2021-10-08,Deferred
AN0004800,zainab,thompson,1998-12-01,F,zainab.thompson4800@example.com,07700900406,EH1 4DF,9996328317,E09,2019-03-24,Suspended
AN0004801,leila,robertson,1995-12-03,f,leila.robertson4801@example.com,07700900919,ne17ga,9991360808,Z99,2022-02-24,Active
AN0004802,hannah,kaur,1987-03-25,F,hannah.kaur4802@example.com,07700900240,L15FB,9998834848,E03,2016-11-16,Active
AN0004803,omar,iqbal,2005-08-30,M,omar.iqbal4803@example.com,+44 7700 900431,G1 7GJ,9990828830,E04,2024-01-23,Active
AN0004804,grace,okafor,1992-10-02,f,grace.okafor4804@example.com,+44 7700 900772,CF10 4EG,9992615982,E03,2020-03-21,Active
AN0004805,ruth,sharma,1990-12-23,M,ruth.sharma4805@example.com,+44 7700 900538,cf109ae,9993537322,E07,2019-07-23,Deferred
AN0004806,amara,doyle,2004-10-18,M,amara.doyle4806@example.com,(0161) 496 5172,L17HF,9999268080,E01,2022-10-24,Deferred
AN0004807,priya,reid,2009-04-27,f,priya.reid4807@example.com,+44 7700 900988,B15 7EB,9995551969,E12,2024-01-26,Active
AN0004808,meera,haddad,1992-07-21,,meera.haddad4808@example.com,07700900266,M1 1AA,9992182350,E09,2016-11-29,Active
AN0004809,fatima,khan,1996-05-08,M,fatima.khan4809@example.com,+44 7700 900374,ne1  1ff,9995266644,E11,2022-02-09,Active
AN0004810,leila,reid,1988-02-22,m,leila.reid4810@example.com,(0161) 496 9350,SW1A5AG,9992733454,E15,2017-09-12,Withdrawn
AN0004811,erin,robertson,2002-05-16,M,erin.robertson4811@example.com,(0161) 496 9684,EH1 8HD,9992288299,E10,2023-11-12,Withdrawn
AN0004812,oliver,thompson,1994-12-09,F,oliver.thompson4812@example.com,+44 7700 900857,BS1 5EG,9995139472,E06,2018-08-02,Suspended
AN0004813,fatima,adeyemi,1998-03-29,f,fatima.adeyemi4813@example.com,07700900583,b15  8bg,9997330064,E13,2022-11-10,Deferred
AN0004814,oliver,chen,1998-01-03,M,oliver.chen4814@example.com,07700900433,CF105JB,9997365070,E07,2023-02-11,Active
AN0004815,leila,adeyemi,1990-12-19,M,leila.adeyemi4815@example.com,+44 7700 900617,B15 3HD,9992123095,E14,2016-04-23,Suspended
AN0004816,sarah,nwosu,1989-06-08,f,sarah.nwosu4816@example.com,07700900163,CF10 6HE,9995368536,E15,2016-03-08,Withdrawn
AN0004817,leila,adeyemi,1987-02-15,F,leila.adeyemi4817@example.com,07700900603,ls1  4hf,9993067504,E08,2016-11-10,Suspended
AN0004818,daniel,doyle,1996-02-25,M,daniel.doyle4818@example.com,+44 7700 900492,cf104ag,9995295261,E07,2019-07-28,Active
AN0004819,george,whitfield,1999-01-16,f,george.whitfield4819@example.com,+44 7700 900582,CF10 7BE,9996773183,E04,2019-01-26,Active
AN0004820,george,patel,1994-10-08,M,george.patel4820@example.com,+44 7700 900791,LS1 1GG,9993812854,E03,2022-01-11,Suspended
AN0004821,tom,abara,2004-01-14,M,tom.abara4821@example.com,(0161) 496 2570,ls1  7ae,9994258591,E06,2022-01-17,Suspended
AN0004822,hannah,byrne,1997-07-31,f,,+44 7700 900320,BS19FJ,9997486536,E08,2018-02-11,Active
AN0004823,zainab,reid,1992-08-28,F,zainab.reid4823@example.com,+44 7700 900453,eh19ab,9990317488,E12,2017-12-02,Active
AN0004824,liam,fenton,1993-04-11,F,liam.fenton4824@example.com,07700900490,B15 1JB,9996597334,E16,2021-11-28,Active
AN0004825,daniel,lawson,1993-10-06,m,daniel.lawson4825@example.com,(0161) 496 4347,g1  2bg,9992415770,E03,2023-05-18,Withdrawn
AN0004826,sofia,kaur,2000-08-20,M,sofia.kaur4826@example.com,(0161) 496 3329,LS17HG,9998238145,E05,2023-12-04,Deferred
AN0004827,amara,rossi,1999-04-23,F,amara.rossi4827@example.com,07700900628,SW1A 6EE,9998512220,E11,2022-10-08,Withdrawn
AN0004828,idris,cohen,1998-11-28,f,idris.cohen4828@example.com,+44 7700 900951,G1 7BF,9990488681,E10,2023-04-11,Active
AN0004829,liam,novak,1994-04-07,F,liam.novak4829@example.com,07700900603,ls1  9he,9991219676,E02,2018-12-15,Withdrawn
AN0004830,sarah,fenton,1989-02-10,M,sarah.fenton4830@example.com,+44 7700 900791,L13JE,9991408509,E12,2017-08-17,Active
AN0004831,idris,byrne,1996-07-03,f,idris.byrne4831@example.com,07700900772,CF10 2AD,9997988531,E02,2021-02-10,Withdrawn
AN0004832,liam,bello,1989-07-17,M,liam.bello4832@example.com,07700900592,NE1 3EH,9996120791,E11,2018-03-31,Suspended
AN0004833,james,bello,1998-01-13,F,james.bello4833@example.com,+44 7700 900901,m19fe,9999790178,E05,2018-03-03,Deferred
AN0004834,fatima,bello,2000-09-20,m,fatima.bello4834@example.com,+44 7700 900780,M16FE,9990729239,E09,2020-12-20,Active
AN0004835,chloe,bello,1994-10-09,F,chloe.bello4835@example.com,+44 7700 900445,CF10 5DD,9990421722,E11,2021-11-25,Withdrawn
AN0004836,omar,fenton,1997-01-22,F,omar.fenton4836@example.com,+44 7700 900251,L1 2EA,9996261778,E16,2016-05-28,Withdrawn
AN0004837,daniel,whitfield,1993-01-09,m,daniel.whitfield4837@example.com,07700900891,bs1  6fh,9992924055,E15,2021-10-28,Withdrawn
AN0004838,fatima,lawson,1997-03-13,M,fatima.lawson4838@example.com,+44 7700 900759,l15aj,9999911552,E07,2020-09-25,Suspended
AN0004839,sarah,iqbal,1994-11-15,M,sarah.iqbal4839@example.com,+44 7700 900397,B15 6AJ,9991929509,E11,2022-06-21,Deferred
AN0004840,hannah,wright,1996-08-17,m,hannah.wright4840@example.com,(0161) 496 2750,cf106af,9999398057,E14,2020-09-21,Active
AN0004841,amara,byrne,1998-09-24,M,amara.byrne4841@example.com,+44 7700 900756,cf103hg,9993365645,E02,2021-11-17,Active
AN0004842,noah,nwosu,1990-07-12,F,noah.nwosu4842@example.com,+44 7700 900429,g13ef,9999324150,E10,2016-01-12,Suspended
AN0004843,chloe,abara,1993-10-13,m,chloe.abara4843@example.com,07700900543,SW1A 1JE,9999314503,E05,2023-05-27,Active
AN0004844,noah,iqbal,1992-07-02,M,noah.iqbal4844@example.com,07700900420,NE1 6JJ,9992980710,E11,2021-08-30,Active
AN0004845,zainab,reid,1990-12-29,F,zainab.reid4845@example.com,+44 7700 900433,ne1  2eh,9996188000,E01,2017-06-25,Active
AN0004846,kai,iqbal,1997-05-26,f,kai.iqbal4846@example.com,+44 7700 900240,LS12GG,9993144045,E06,2024-11-26,Withdrawn
AN0004847,ethan,fenton,1993-04-26,F,ethan.fenton4847@example.com,(0161) 496 3646,cf102fd,9999271065,E12,2018-12-10,Active
AN0004848,daniel,khan,1991-01-23,M,daniel.khan4848@example.com,(0161) 496 2309,SW1A 9BD,9994511866,E06,2019-10-09,Suspended
AN0004849,oliver,khan,2000-07-04,m,oliver.khan4849@example.com,+44 7700 900390,cf10  7be,9991350640,E12,2024-07-01,Active
AN0004850,leila,kaur,1998-11-29,F,leila.kaur4850@example.com,+44 7700 900793,m13be,9990571511,E11,2022-08-23,Suspended
AN0004851,tom,patel,1994-06-23,M,tom.patel4851@example.com,(0161) 496 9746,CF10 4JG,9998238579,E07,2017-07-29,Active
AN0004852,zainab,grant,1997-01-15,m,zainab.grant4852@example.com,(0161) 496 6139,B15 4AD,9999266509,E02,2018-05-30,Deferred
AN0004853,tom,fenton,1998-05-17,F,tom.fenton4853@example.com,+44 7700 900656,m18jd,9992010320,E02,2016-07-02,Active
AN0004854,liam,okafor,1990-06-23,F,liam.okafor4854@example.com,+44 7700 900936,BS16HF,9999471307,E01,2018-02-08,Deferred
AN0004855,kai,okafor,2001-09-21,m,kai.okafor4855@example.com,07700900347,eh17ah,9991648313,E03,2020-09-20,Active
AN0004856,callum,wright,1996-05-25,F,callum.wright4856@example.com,07700900215,M1 1DG,9990612269,E15,2016-10-31,Withdrawn
AN0004857,ruth,thompson,1989-12-31,F,ruth.thompson4857@example.com,+44 7700 900543,eh12fg,9998231388,E05,2019-03-23,Active
AN0004858,hannah,lawson,1996-12-16,m,hannah.lawson4858@example.com,+44 7700 900308,L16EF,9997464028,E07,2018-03-24,Active
AN0004859,hannah,iqbal,1990-12-26,M,hannah.iqbal4859@example.com,+44 7700 900415,ls19eg,9999461069,E14,2023-04-05,Deferred
AN0004860,erin,adeyemi,1995-03-30,F,erin.adeyemi4860@example.com,+44 7700 900706,m13eg,9997910036,E07,2016-07-21,Active
AN0004861,erin,grant,2000-12-22,f,erin.grant4861@example.com,+44 7700 900602,sw1a  9hj,9999514316,E10,2023-12-22,Active
AN0004862,daniel,khan,1998-12-16,F,daniel.khan4862@example.com,+44 7700 900913,EH19BH,9997172159,E09,2024-07-24,Active
AN0004863,hassan,reid,2000-03-03,F,hassan.reid4863@example.com,+44 7700 900739,b151fa,9994871021,E12,2020-10-18,Withdrawn
AN0004864,george,bello,1989-07-16,f,george.bello4864@example.com,(0161) 496 5471,m12jj,9994940139,E10,2018-04-28,Active
AN0004865,hannah,sharma,1997-05-21,M,hannah.sharma4865@example.com,+44 7700 900129,sw1a1bd,9998370256,E09,2021-02-28,Active
AN0004866,wei,reid,1997-07-12,F,wei.reid4866@example.com,+44 7700 900748,SW1A5EG,9995413167,E06,2023-11-02,Suspended
AN0004867,idris,thompson,1999-03-18,m,idris.thompson4867@example.com,+44 7700 900250,b153jb,9992090464,E10,2017-09-11,Withdrawn
AN0004868,wei,bello,1999-05-27,M,wei.bello4868@example.com,(0161) 496 7455,bs18bj,9996267822,E16,2020-06-29,Active
AN0004869,noah,robertson,1991-11-08,F,noah.robertson4869@example.com,(0161) 496 1581,ls1  7bg,9991861343,E01,2021-03-25,Active
AN0004870,callum,kaur,1988-10-16,f,callum.kaur4870@example.com,(0161) 496 9970,NE17JF,9999597378,E09,2017-01-17,Withdrawn
AN0004871,callum,iqbal,1996-08-04,M,callum.iqbal4871@example.com,+44 7700 900735,CF10 4BB,9992388838,E04,2023-09-29,Active
AN0004872,leila,kaur,1993-08-25,M,leila.kaur4872@example.com,+44 7700 900644,SW1A 9HD,9992108738,E12,2020-03-04,Active
AN0004873,amara,kaur,1996-12-18,f,amara.kaur4873@example.com,(0161) 496 7979,eh1  9aj,9994062794,E02,2019-04-18,Active
AN0004874,oliver,bello,2000-01-21,M,oliver.bello4874@example.com,07700900559,B154FH,9994644289,E01,2024-06-22,Deferred
AN0004875,amara,doyle,1999-03-28,M,amara.doyle4875@example.com,(0161) 496 1030,sw1a6bd,9994869353,E14,2018-06-28,Active
AN0004876,tom,haddad,2001-03-21,m,tom.haddad4876@example.com,07700900263,L1 1ED,9996136264,E02,2023-04-11,Suspended
AN0004877,chloe,wright,1989-11-03,F,chloe.wright4877@example.com,07700900253,sw1a  1gf,9993526223,E16,2019-01-31,Active
AN0004878,priya,abara,1998-04-06,F,priya.abara4878@example.com,+44 7700 900579,bs15ba,9990319715,E16,2016-05-22,Active
AN0004879,noah,okafor,1996-03-27,m,noah.okafor4879@example.com,+44 7700 900339,NE1 6GF,9997684761,E12,2022-01-03,Active
AN0004880,ruth,kaur,1998-12-22,F,ruth.kaur4880@example.com,+44 7700 900698,EH1 5FD,9990766444,E05,2020-05-09,Active
AN0004881,erin,robertson,1990-02-23,M,erin.robertson4881@example.com,(0161) 496 6112,m1  3dd,9993876739,E05,2017-05-13,Active
AN0004882,ethan,mackenzie,2001-01-29,m,ethan.mackenzie4882@example.com,+44 7700 900211,ne13fg,9991406530,E05,2020-04-07,Active
AN0004883,grace,abara,1993-07-03,F,grace.abara4883@example.com,(0161) 496 4566,M1 7JG,9999754236,E01,2018-01-11,Active
AN0004884,sarah,murray,1997-08-21,M,sarah.murray4884@example.com,(0161) 496 3818,ne15ge,9991587071,E16,2024-04-24,Withdrawn
AN0004885,sofia,murray,1987-12-09,m,sofia.murray4885@example.com,07700900973,m1  1ha,9991593853,E15,2017-03-08,Deferred
AN0004886,ethan,byrne,1991-08-19,F,ethan.byrne4886@example.com,(0161) 496 6952,b154jb,9999743331,E05,2019-02-22,Active
AN0004887,liam,thompson,1995-12-16,M,liam.thompson4887@example.com,(0161) 496 6946,M1 5HF,9992294833,E15,2024-08-24,Withdrawn
AN0004888,noah,chen,1986-09-10,f,noah.chen4888@example.com,+44 7700 900558,eh14fe,9998621313,E04,2016-02-05,Active
AN0004889,omar,patel,1988-09-15,M,omar.patel4889@example.com,07700900647,cf10  6gf,9997323424,E06,2017-04-24,Active
AN0004890,ethan,fenton,2001-04-17,F,ethan.fenton4890@example.com,07700900528,g12je,9999426204,E09,2020-11-23,Deferred
AN0004891,hassan,lawson,1989-12-31,f,hassan.lawson4891@example.com,07700900483,LS1 1GF,9990854122,E05,2019-04-16,Withdrawn
AN0004892,meera,wright,1999-12-11,M,meera.wright4892@example.com,+44 7700 900803,G1 1JE,9999295797,E01,2022-03-24,Suspended
AN0004893,noah,reid,1996-07-02,F,noah.reid4893@example.com,+44 7700 900319,eh1  3dd,9992467754,E16,2017-04-10,Active
AN0004894,ruth,abara,1999-08-01,m,ruth.abara4894@example.com,(0161) 496 9118,LS12BH,9994421697,E10,2020-07-27,Active
AN0004895,nadia,sharma,1997-08-14,M,nadia.sharma4895@example.com,07700900841,b154hh,9996626083,E06,2016-01-11,Withdrawn
AN0004896,sofia,wright,2002-03-24,M,sofia.wright4896@example.com,(0161) 496 4395,G1 6FG,9997797345,E08,2023-11-17,Active
AN0004897,james,adeyemi,2002-02-01,m,james.adeyemi4897@example.com,07700900242,m1  4gj,9990432082,E14,2021-07-26,Withdrawn
AN0004898,hannah,fenton,1993-12-08,M,hannah.fenton4898@example.com,+44 7700 900693,NE19HG,9993345989,E04,2020-09-19,Active
AN0004899,sarah,bianchi,1998-06-04,M,sarah.bianchi4899@example.com,+44 7700 900837,CF10 4GA,9990529566,E04,2023-11-13,Active
AN0004900,noah,nwosu,1990-11-08,f,noah.nwosu4900@example.com,+44 7700 900385,L1 7BG,9990128804,E16,2019-04-24,Active
AN0004901,isla,thompson,1993-10-08,F,isla.thompson4901@example.com,+44 7700 900980,ne1  9ah,9997224337,Z99,2021-12-29,Active
AN0004902,omar,abara,1991-03-19,M,omar.abara4902@example.com,+44 7700 900120,M13GB,9993370797,E15,2019-06-02,Active
AN0004903,priya,nwosu,1995-10-18,f,priya.nwosu4903@example.com,07700900318,m17he,9992418087,E16,2018-01-05,Deferred
AN0004904,meera,bianchi,1993-10-22,F,meera.bianchi4904@example.com,(0161) 496 2048,G1 3EG,9992803126,E04,2023-07-29,Deferred
AN0004905,ethan,patel,2006-09-21,F,ethan.patel4905@example.com,+44 7700 900310,m1  5ad,9994919296,E07,2024-10-27,Active
AN0004906,amara,bianchi,1997-03-28,f,amara.bianchi4906@example.com,+44 7700 900709,b156ga,9991120513,E04,2024-11-05,Active
AN0004907,wei,grant,1994-10-11,F,wei.grant4907@example.com,+44 7700 900130,M1 3JE,9998645166,E12,2021-07-19,Suspended
AN0004908,omar,okafor,1991-12-31,M,,(0161) 496 8247,SW1A 2EB,9990806276,E03,2020-02-22,Suspended
AN0004909,isla,byrne,1992-01-30,m,isla.byrne4909@example.com,(0161) 496 3755,b15  5de,9993097012,E03,2017-10-19,Active
AN0004910,chloe,thompson,1997-04-09,M,chloe.thompson4910@example.com,(0161) 496 8406,EH14HD,9992398272,E15,2018-08-20,Active
AN0004911,nadia,chen,2000-08-23,F,nadia.chen4911@example.com,07700900371,LS1 3JE,9996290751,E13,2022-11-23,Active
AN0004912,meera,cohen,1995-03-17,f,meera.cohen4912@example.com,+44 7700 900339,CF10 6EE,9999703283,E05,2021-12-07,Withdrawn
AN0004913,george,bianchi,1994-10-03,F,george.bianchi4913@example.com,+44 7700 900816,eh19eh,9997920899,E05,2019-03-31,Active
AN0004914,sarah,murray,1988-07-21,M,sarah.murray4914@example.com,+44 7700 900442,L12DH,9991701362,E02,2017-09-14,Deferred
AN0004915,fatima,okafor,1993-06-05,f,fatima.okafor4915@example.com,07700900261,BS1 8DA,9995359480,E03,2016-01-08,Active
AN0004916,chloe,bianchi,1996-07-05,M,chloe.bianchi4916@example.com,+44 7700 900334,NE1 6BH,9991849831,E05,2025-01-09,Active
AN0004917,isla,iqbal,2002-08-15,M,isla.iqbal4917@example.com,(0161) 496 8753,g1  4fe,9994799453,E11,2021-05-25,Deferred
AN0004918,james,osman,1999-06-29,f,james.osman4918@example.com,+44 7700 900346,NE11AG,9994743821,E13,2020-02-23,Active
AN0004919,sofia,iqbal,1995-12-08,F,sofia.iqbal4919@example.com,+44 7700 900417,m16ja,9998060672,E03,2019-05-29,Active
AN0004920,grace,murray,1991-05-19,M,grace.murray4920@example.com,+44 7700 900237,SW1A 6AF,9998408946,E14,2018-07-17,Suspended
AN0004921,erin,reid,1995-07-15,f,erin.reid4921@example.com,(0161) 496 9004,bs1  8jd,9996245837,E16,2018-03-19,Withdrawn
AN0004922,priya,osman,1988-09-16,M,priya.osman4922@example.com,+44 7700 900279,L11EE,9994983539,E02,2017-04-24,Active
AN0004923,wei,bello,1995-03-09,F,wei.bello4923@example.com,+44 7700 900302,L1 4DG,9999041841,E11,2020-10-27,Suspended
AN0004924,amara,whitfield,2003-02-04,f,amara.whitfield4924@example.com,+44 7700 900414,B15 5BF,9997170164,E05,2022-05-11,Active
AN0004925,yusuf,khan,1999-12-09,M,yusuf.khan4925@example.com,07700900875,bs1  1be,9993694649,E11,2021-05-31,Suspended
AN0004926,george,iqbal,1998-03-02,M,george.iqbal4926@example.com,+44 7700 900562,CF108GD,9990349940,E16,2016-07-30,Deferred
AN0004927,daniel,chen,1995-08-10,f,daniel.chen4927@example.com,+44 7700 900151,NE1 5BA,9998672406,E07,2022-10-25,Active
AN0004928,ruth,novak,2000-09-14,F,ruth.novak4928@example.com,(0161) 496 9128,NE1 8FJ,9995193299,E09,2023-04-16,Active
AN0004929,oliver,whitfield,1997-08-31,M,oliver.whitfield4929@example.com,07700900875,ne19ea,9994169939,E01,2016-11-15,Active
AN0004930,james,wright,1999-08-15,f,james.wright4930@example.com,+44 7700 900608,G19FE,9999743625,E12,2020-11-02,Deferred
AN0004931,hannah,adeyemi,2005-05-03,M,hannah.adeyemi4931@example.com,+44 7700 900253,NE1 4AF,9996782883,E06,2025-01-05,Active
AN0004932,noah,rossi,1992-08-24,F,noah.rossi4932@example.com,07700900810,CF10 3EF,9990216460,E09,2018-10-12,Withdrawn
AN0004933,sarah,bello,1996-08-08,f,sarah.bello4933@example.com,+44 7700 900645,ls1  3df,9992711523,E07,2018-10-19,Withdrawn
AN0004934,omar,patel,2002-06-07,M,omar.patel4934@example.com,(0161) 496 2002,ls11gf,9995827999,E16,2021-10-26,Active
AN0004935,george,thompson,1997-08-28,M,george.thompson4935@example.com,+44 7700 900928,B15 9AF,9996546063,E12,2024-03-21,Suspended
AN0004936,nadia,wright,1995-10-31,m,nadia.wright4936@example.com,+44 7700 900482,NE1 1HH,9990376476,E08,2022-02-20,Active
AN0004937,grace,okafor,1990-09-05,F,grace.okafor4937@example.com,+44 7700 900629,cf10  2ba,9990683581,E12,2016-01-31,Active
AN0004938,callum,whitfield,1993-02-06,F,callum.whitfield4938@example.com,(0161) 496 1839,G14JH,9990415102,E10,2017-03-10,Active
AN0004939,yusuf,bianchi,1994-11-15,m,yusuf.bianchi4939@example.com,(0161) 496 7619,SW1A 6JE,9991214887,E06,2023-04-29,Active
AN0004940,daniel,doyle,1991-09-12,F,daniel.doyle4940@example.com,+44 7700 900453,CF10 1JE,9992051256,E02,2021-06-23,Active
AN0004941,james,robertson,2003-05-16,F,james.robertson4941@example.com,07700900208,l1  4jb,9994421409,E03,2023-03-03,Active
AN0004942,liam,murray,1987-06-29,m,liam.murray4942@example.com,07700900625,CF104GG,999754372,E06,2016-08-27,Active
AN0004943,ruth,novak,1994-08-16,M,ruth.novak4943@example.com,07700900853,M1 7JE,9996654087,E15,2017-11-08,Active
AN0004944,tom,wright,1997-03-08,F,tom.wright4944@example.com,(0161) 496 5684,M1 9HA,9999009050,E04,2020-06-04,Suspended
AN0004945,fatima,haddad,1995-03-05,f,,07700900523,g1  7hh,9990802548,E07,2023-08-22,Active
AN0004946,sarah,abara,1994-10-26,F,,+44 7700 900227,EH17FH,9996251047,E03,2020-05-22,Deferred
AN0004947,liam,novak,1991-09-25,F,liam.novak4947@example.com,+44 7700 900716,CF10 7DH,9998973015,E03,2021-02-11,Active
AN0004948,hannah,murray,2007-10-16,f,hannah.murray4948@example.com,07700900504,CF10 3HJ,9995360640,E10,2022-12-01,Withdrawn
AN0004949,erin,thompson,1997-01-18,F,erin.thompson4949@example.com,+44 7700 900972,ne19ha,9991251138,E02,2024-09-16,Suspended
AN0004950,meera,nwosu,1999-05-25,F,meera.nwosu4950@example.com,+44 7700 900667,EH11HB,9997363566,E16,2024-06-13,Deferred
AN0004951,nadia,chen,1996-12-11,f,nadia.chen4951@example.com,+44 7700 900503,G1 2BH,9990314136,E01,2023-03-12,Active
AN0004952,nadia,thompson,1994-01-07,F,nadia.thompson4952@example.com,+44 7700 900161,eh11jd,9990633150,E15,2023-03-21,Active
AN0004953,grace,nwosu,1998-06-18,M,grace.nwosu4953@example.com,07700900183,ls1  2be,9998397154,E07,2020-09-07,Deferred
AN0004954,ethan,grant,1995-08-27,m,ethan.grant4954@example.com,07700900894,b158gj,9993495522,E13,2017-01-26,Deferred
AN0004955,idris,patel,1991-06-06,M,idris.patel4955@example.com,(0161) 496 1671,L1 5FB,9992347198,E15,2020-11-13,Active
AN0004956,hannah,adeyemi,1992-01-27,M,,(0161) 496 6671,EH1 5AJ,9999890520,E09,2017-05-07,Suspended
AN0004957,isla,rossi,1996-09-10,m,isla.rossi4957@example.com,(0161) 496 6572,cf10  3gb,9995892693,E10,2021-10-13,Active
AN0004958,oliver,patel,1992-01-25,M,oliver.patel4958@example.com,+44 7700 900863,CF102DB,9998342317,E09,2021-03-21,Active
AN0004959,priya,iqbal,1996-11-09,F,priya.iqbal4959@example.com,(0161) 496 6035,G1 4BB,9998407419,E02,2023-07-10,Suspended
AN0004960,yusuf,grant,2003-08-06,f,yusuf.grant4960@example.com,07700900549,NE1 2BB,9992785829,E16,2024-10-03,Active
AN0004961,amara,haddad,1996-05-22,M,amara.haddad4961@example.com,+44 7700 900612,bs1  3ha,9996249875,E13,2016-11-30,Active
AN0004962,hannah,wright,1992-02-17,M,hannah.wright4962@example.com,+44 7700 900148,B154BG,9993938505,E07,2016-08-15,Active
AN0004963,chloe,okafor,1994-09-23,m,chloe.okafor4963@example.com,07700900833,l16bf,9990444536,E12,2018-02-19,Active
AN0004964,idris,novak,1992-01-12,F,idris.novak4964@example.com,(0161) 496 4925,B15 1HH,9995621266,E08,2016-09-05,Active
AN0004965,liam,robertson,2001-01-20,M,liam.robertson4965@example.com,(0161) 496 5399,ne1  8eg,9990071160,E16,2019-05-23,Activ
AN0004966,sarah,rossi,1994-05-06,m,sarah.rossi4966@example.com,(0161) 496 5588,NE18EB,9996010473,E11,2020-12-02,Active
AN0004967,tom,byrne,2002-08-20,M,tom.byrne4967@example.com,07700900180,L1 2BA,9997282892,E12,2024-12-13,Deferred
AN0004968,ethan,kaur,1996-12-31,M,ethan.kaur4968@example.com,07700900267,EH1 5FJ,9994846906,E07,2020-02-13,Withdrawn
AN0004969,leila,ali,1996-02-10,m,leila.ali4969@example.com,+44 7700 900853,sw1a  5dj,9997112784,E16,2020-05-03,Active
AN0004970,tom,reid,1992-06-18,M,tom.reid4970@example.com,(0161) 496 4519,BS11BJ,9995665727,E15,2017-02-25,Active
AN0004971,ruth,byrne,2003-01-11,M,ruth.byrne4971@example.com,+44 7700 900803,LS1 5BD,9999601332,E05,2023-01-30,Suspended
AN0004972,chloe,novak,1993-05-29,m,chloe.novak4972@example.com,07700900929,SW1A 9JJ,9999471250,E15,2018-02-16,Withdrawn
AN0004973,kai,patel,1998-07-15,M,kai.patel4973@example.com,+44 7700 900847,g1  4jj,9994628402,E10,2016-09-03,Active
AN0004974,leila,whitfield,2003-07-02,M,leila.whitfield4974@example.com,07700900523,L18GJ,9999854079,E08,2024-03-11,Active
AN0004975,sofia,bello,2003-12-29,m,sofia.bello4975@example.com,+44 7700 900257,bs14de,9991410465,E01,2023-08-04,Active
AN0004976,chloe,haddad,1996-10-04,M,chloe.haddad4976@example.com,(0161) 496 7966,CF10 8BG,9995650460,E01,2017-01-03,Active
AN0004977,hannah,cohen,1992-10-23,M,hannah.cohen4977@example.com,+44 7700 900573,ls1  4hf,9994830929,E14,2016-05-29,Active
AN0004978,meera,byrne,2001-04-02,m,meera.byrne4978@example.com,+44 7700 900208,M19DD,9998845815,E06,2023-11-07,Withdrawn
AN0004979,erin,grant,2002-01-24,M,erin.grant4979@example.com,+44 7700 900224,L1 7JD,9995513536,E03,2021-02-27,Active
AN0004980,hassan,chen,1995-05-25,F,hassan.chen4980@example.com,+44 7700 900615,SW1A 8JG,9994538853,E03,2018-06-29,Suspended
AN0004981,ethan,robertson,2000-09-01,f,ethan.robertson4981@example.com,+44 7700 900699,ne1  7eh,9997943392,E06,2025-01-02,Withdrawn
AN0004982,omar,robertson,1998-11-24,M,omar.robertson4982@example.com,+44 7700 900399,BS11BJ,9995803976,E13,2019-01-31,Active
AN0004983,grace,haddad,1996-06-24,F,grace.haddad4983@example.com,07700900497,BS1 2JG,9998401364,E09,2018-01-15,Active
AN0004984,priya,fenton,1991-07-03,m,priya.fenton4984@example.com,+44 7700 900129,CF10 7AD,9995945428,E11,2020-10-12,Active
AN0004985,noah,doyle,1998-05-03,M,noah.doyle4985@example.com,07700900909,b15  1bh,9997872304,E01,2024-02-19,Active
AN0004986,daniel,novak,1995-10-17,M,daniel.novak4986@example.com,+44 7700 900459,M13DA,9998707811,E11,2023-06-24,Deferred
AN0004987,liam,wright,1992-09-06,f,liam.wright4987@example.com,+44 7700 900996,G1 8FH,9994157485,E14,2017-04-29,Suspended
AN0004988,callum,whitfield,1992-07-18,F,callum.whitfield4988@example.com,07700900332,G1 4HB,9990387486,E01,2016-12-06,Active
AN0004989,george,mackenzie,1995-11-14,M,george.mackenzie4989@example.com,(0161) 496 1923,sw1a  6ee,9996400794,E10,2019-11-23,Active
AN0004990,isla,osman,1996-07-11,m,isla.osman4990@example.com,07700900831,M18FE,9993797855,E12,2021-01-08,Withdrawn
AN0004991,hannah,wright,1993-11-04,F,hannah.wright4991@example.com,07700900560,SW1A 1FD,9992769599,E06,2018-11-27,Active
AN0004992,noah,murray,1998-09-27,F,noah.murray4992@example.com,+44 7700 900155,b153ab,9990184186,E10,2017-05-20,Withdrawn
AN0004993,amara,chen,1994-08-26,m,amara.chen4993@example.com,+44 7700 900311,bs1  7df,9999754821,E05,2018-03-27,Suspended
AN0004994,sarah,chen,1999-04-12,M,sarah.chen4994@example.com,07700900569,LS15EJ,9994082868,E10,2020-08-29,Active
AN0004995,sofia,abara,2001-11-03,M,sofia.abara4995@example.com,+44 7700 900896,eh15ab,9990152500,E07,2022-08-24,Active
AN0004996,omar,robertson,2000-07-12,f,omar.robertson4996@example.com,07700900609,B15 2EG,9999945678,E03,2023-01-23,Deferred
AN0004997,ethan,byrne,1987-08-16,M,ethan.byrne4997@example.com,+44 7700 900359,g1  2jf,9996463516,E16,2016-09-28,Active
AN0004998,sarah,bello,1990-03-01,F,sarah.bello4998@example.com,+44 7700 900349,M14GG,9991794360,E06,2016-07-28,Active
AN0004999,wei,ali,1992-05-14,m,wei.ali4999@example.com,+44 7700 900223,NE1 1DG,9998264812,E02,2017-09-03,Withdrawn
AN0005000,wei,doyle,1995-05-14,M,wei.doyle5000@example.com,07700900745,EH1 7GH,9994413228,E15,2017-08-28,Deferred
AN0005001,priya,wright,1992-09-25,F,priya.wright467.dup@example.com,+44 7700 900637,eh1  6he,9993474916,Z99,2020-10-15,Active
AN0005002,kai,bello,1991-02-27,f,kai.bello626.dup@example.com,(0161) 496 2456,CF103DD,9998796431,E04,2018-05-11,Active
AN0005003,nadia,robertson,2000-01-31,M,nadia.robertson1239.dup@example.com,+44 7700 900472,G1 2GH,9996355845,E13,2022-10-12,Deferred
AN0005004,yusuf,haddad,1996-05-30,M,yusuf.haddad3446.dup@example.com,+44 7700 900383,cf107aa,9998854113,E16,2020-08-24,Withdrawn
AN0005005,omar,khan,2000-03-12,m,omar.khan2975.dup@example.com,+44 7700 900569,ne12gd,9998744334,E12,2018-08-04,Active
