donor_id,registry_id,first_name,last_name,date_of_birth,sex,email,phone,postcode,nhs_number,ethnicity,registered_date,status,consent_research
1,AN0000001,Noah,Thompson,1986-11-30,M,noah.thompson1@example.com,+44 7700 900854,M1 9BH,9998386373,Black African,2016-04-12,Deferred,0
2,AN0000002,Chloe,Fenton,1988-03-19,F,chloe.fenton2@example.com,+44 7700 900320,G1 2BH,9995940787,Indian,2017-10-15,Active,0
3,AN0000003,Sofia,Mackenzie,1995-07-23,M,sofia.mackenzie3@example.com,07700900146,B15 5BE,9996475255,Mixed White and Black Caribbean,2023-01-18,Active,1
4,AN0000004,Ruth,Reid,1995-08-01,M,ruth.reid4@example.com,07700900350,LS1 8HF,9998350301,Black Other,2023-08-31,Active,1
5,AN0000005,Liam,Whitfield,1992-12-08,M,liam.whitfield5@example.com,07700900505,L1 3FD,9998849691,Mixed White and Asian,2022-05-12,Active,0
6,AN0000006,Wei,Wright,2002-06-24,M,wei.wright6@example.com,+44 7700 900263,CF10 2HH,9997848012,Black African,2021-07-14,Deferred,1
7,AN0000007,Sarah,Mackenzie,2000-04-01,M,sarah.mackenzie7@example.com,(0161) 496 5315,NE1 3BF,9998932521,White British,2020-11-15,Suspended,1
8,AN0000008,Meera,Okafor,1993-11-02,M,meera.okafor8@example.com,+44 7700 900999,BS1 2BJ,9998227828,Black African,2017-04-03,Suspended,1
9,AN0000009,Tom,Reid,1992-10-13,F,tom.reid9@example.com,+44 7700 900787,G1 8JB,9991509836,Asian Other,2022-01-17,Active,0
10,AN0000010,Ruth,Kaur,1995-07-31,M,ruth.kaur10@example.com,(0161) 496 2160,NE1 4FJ,9992997370,Mixed Other,2016-08-29,Active,0
11,AN0000011,Sarah,Novak,1997-04-03,F,sarah.novak11@example.com,+44 7700 900846,sw1a2ah,9991333878,Pakistani,2020-10-31,Active,0
12,AN0000012,George,Grant,1999-03-12,M,george.grant12@example.com,+44 7700 900653,SW1A 2ED,9997360265,White British,2018-10-20,Active,1
13,AN0000013,Kai,Fenton,1999-06-02,F,kai.fenton13@example.com,07700900848,NE1 8DE,9990980500,White Irish,2024-10-20,Suspended,1
14,AN0000014,Ethan,Reid,2001-11-20,M,ethan.reid14@example.com,(0161) 496 2122,BS1 2EH,9999399096,White Other,2021-12-15,Active,1
15,AN0000015,Kai,Adeyemi,1989-11-13,M,kai.adeyemi15@example.com,+44 7700 900234,EH1 8GB,9999911838,Black African,2018-04-16,Active,1
16,AN0000016,Erin,Byrne,1995-05-10,M,erin.byrne16@example.com,+44 7700 900656,EH1 9AF,9991241183,Pakistani,2018-09-27,Active,1
17,AN0000017,Grace,Whitfield,2000-10-10,F,grace.whitfield17@example.com,07700900357,SW1A 2HF,9995242788,Mixed Other,2024-01-18,Suspended,0
18,AN0000018,Sarah,Byrne,2002-12-30,M,sarah.byrne18@example.com,(0161) 496 3426,CF10 3AF,9990533156,Mixed Other,2023-10-01,Suspended,0
19,AN0000019,Kai,Reid,1998-06-02,F,kai.reid19@example.com,+44 7700 900854,G1 7EF,9991607331,Arab,2018-08-27,Active,1
20,AN0000020,Hannah,Fenton,1997-07-13,M,hannah.fenton20@example.com,+44 7700 900385,m15gh,9998501423,Black African,2018-07-21,Active,0
21,AN0000021,Grace,Haddad,1990-06-15,F,grace.haddad21@example.com,07700900623,M1 7EF,9996088359,Mixed Other,2019-11-16,Active,1
22,AN0000022,Grace,Cohen,2004-01-12,F,grace.cohen22@example.com,07700900434,CF10 5DE,9996299465,White British,2023-06-10,Active,1
23,AN0000023,Tom,Haddad,1997-05-18,F,tom.haddad23@example.com,+44 7700 900791,b159jd,9994895133,Black Caribbean,2024-10-23,Active,0
24,AN0000024,Wei,Okafor,1994-11-12,M,wei.okafor24@example.com,+44 7700 900744,BS1 4HJ,9992016329,Arab,2016-07-08,Active,0
25,AN0000025,Kai,Abara,1992-03-10,F,kai.abara25@example.com,07700900672,BS1 6JH,9993487341,Arab,2017-05-12,Active,1
26,AN0000026,Fatima,Adeyemi,1996-01-09,M,fatima.adeyemi26@example.com,+44 7700 900336,CF10 3EB,9995876035,Mixed Other,2019-10-07,Active,0
27,AN0000027,Yusuf,Lawson,1997-01-25,F,yusuf.lawson27@example.com,+44 7700 900460,EH1 7HE,9994670654,Mixed White and Asian,2024-08-01,Withdrawn,0
28,AN0000028,Hannah,Grant,1989-09-12,M,hannah.grant28@example.com,(0161) 496 1444,M1 7DJ,9995646412,Other,2017-06-06,Active,0
29,AN0000029,Zainab,Ali,2004-03-30,M,zainab.ali29@example.com,(0161) 496 4266,SW1A 3ED,9991937455,Bangladeshi,2023-04-16,Suspended,0
30,AN0000030,Chloe,Doyle,1995-09-12,M,chloe.doyle30@example.com,(0161) 496 7149,CF10 4BE,9994919059,Mixed Other,2017-11-01,Withdrawn,1
31,AN0000031,Liam,Wright,2000-04-04,F,liam.wright31@example.com,(0161) 496 2729,CF10 6JD,9998498775,Mixed Other,2023-04-06,Deferred,1
32,AN0000032,Daniel,Abara,1999-05-17,F,daniel.abara32@example.com,+44 7700 900575,BS1 7GA,9995273543,Black Other,2018-10-02,Active,1
33,AN0000033,Sofia,Okafor,2000-09-08,M,sofia.okafor33@example.com,07700900600,NE1 4JJ,9990143633,Black Caribbean,2021-10-17,Withdrawn,1
34,AN0000034,Meera,Rossi,1998-05-16,F,meera.rossi34@example.com,+44 7700 900564,EH1 5FE,9993518239,Chinese,2021-12-14,Withdrawn,1
35,AN0000035,George,Khan,1996-03-25,M,george.khan35@example.com,(0161) 496 5853,B15 6DF,9998240085,Black Caribbean,2022-08-11,Withdrawn,0
36,AN0000036,Noah,Abara,1999-04-25,M,noah.abara36@example.com,07700900580,L1 8GD,9994711679,White Other,2024-06-10,Suspended,0
37,AN0000037,Wei,Chen,2000-03-16,M,wei.chen37@example.com,+44 7700 900882,CF10 4HJ,9994964992,White Irish,2022-04-24,Suspended,0
38,AN0000038,Chloe,Whitfield,2001-08-28,M,chloe.whitfield38@example.com,+44 7700 900277,NE1 2DA,9999740340,Black Caribbean,2023-01-06,Withdrawn,1
39,AN0000039,Liam,Novak,1996-05-09,F,liam.novak39@example.com,+44 7700 900330,LS1 5DB,9994994719,Arab,2018-08-14,Withdrawn,1
40,AN0000040,Ruth,Robertson,1992-04-24,F,ruth.robertson40@example.com,+44 7700 900712,SW1A 7GF,9993990493,White Irish,2019-01-20,Deferred,0
41,AN0000041,Meera,Wright,1997-12-06,M,,(0161) 496 8141,L1 2JG,9995125676,Black Caribbean,2023-04-22,Withdrawn,1
42,AN0000042,Hannah,Bianchi,2003-07-18,M,hannah.bianchi42@example.com,+44 7700 900431,M1 7AJ,9990348243,Arab,2022-03-03,Withdrawn,1
43,AN0000043,Sarah,Okafor,1995-09-30,M,sarah.okafor43@example.com,+44 7700 900114,NE1 7BE,9991712747,Black African,2023-01-24,Active,1
44,AN0000044,Meera,Ali,1994-12-07,F,meera.ali44@example.com,+44 7700 900713,ne13bf,9996584046,Black Caribbean,2021-02-13,Deferred,1
45,AN0000045,Yusuf,Chen,1994-05-07,F,yusuf.chen45@example.com,+44 7700 900881,NE1 7JG,9993963607,Black Other,2021-01-03,Withdrawn,1
46,AN0000046,Ruth,Reid,1996-01-29,F,ruth.reid46@example.com,(0161) 496 3068,NE1 6BJ,9997026217,Other,2020-04-10,Deferred,1
47,AN0000047,Daniel,Bello,1999-09-02,F,,(0161) 496 9742,cf106ja,9993431613,Indian,2023-10-08,Active,0
48,AN0000048,Ruth,Mackenzie,1997-11-17,M,ruth.mackenzie48@example.com,+44 7700 900483,CF10 3EH,9992221968,Asian Other,2016-04-28,Active,0
49,AN0000049,Fatima,Grant,1983-10-24,F,fatima.grant49@example.com,07700900923,L1 5DB,9995946475,Black Caribbean,2023-02-25,Active,1
50,AN0000050,Yusuf,Patel,1995-09-03,F,yusuf.patel50@example.com,07700900816,EH1 1HF,9995339420,Indian,2017-03-12,Withdrawn,0
51,AN0000051,Isla,Fenton,2002-02-21,F,isla.fenton51@example.com,07700900192,EH1 6HD,9998588421,Black African,2020-12-10,Deferred,1
52,AN0000052,Idris,Mackenzie,2001-03-23,F,idris.mackenzie52@example.com,(0161) 496 3306,b157gb,9994965131,Other,2024-05-15,Active,1
53,AN0000053,Kai,Bello,1990-05-30,F,kai.bello53@example.com,(0161) 496 5951,CF10 2DA,9994711385,Pakistani,2018-06-25,Active,1
54,AN0000054,Zainab,Novak,1994-08-05,F,zainab.novak54@example.com,07700900844,ls17bj,9994053779,Asian Other,2024-05-01,Deferred,1
55,AN0000055,Sarah,Novak,1980-09-07,M,sarah.novak55@example.com,+44 7700 900294,m18be,9999005322,Chinese,2020-02-13,Active,0
56,AN0000056,Hassan,Whitfield,1995-06-03,M,hassan.whitfield56@example.com,+44 7700 900248,LS1 9FD,9990205396,Black Other,2018-08-12,Active,0
57,AN0000057,George,Sharma,1987-11-07,M,george.sharma57@example.com,07700900587,L1 6BJ,9999084702,White Irish,2017-06-03,Active,1
58,AN0000058,Nadia,Novak,1991-08-09,M,nadia.novak58@example.com,(0161) 496 6277,BS1 3BD,9999856985,Black Caribbean,2017-03-18,Active,1
59,AN0000059,Sarah,Fenton,2004-02-09,M,sarah.fenton59@example.com,+44 7700 900333,CF10 6JH,9991565450,Pakistani,2023-11-14,Withdrawn,1
60,AN0000060,Liam,Byrne,1997-05-12,M,liam.byrne60@example.com,07700900481,ls19ag,9994519832,Pakistani,2016-12-15,Withdrawn,1
61,AN0000061,Fatima,Abara,1993-06-13,F,fatima.abara61@example.com,+44 7700 900385,bs14ha,9994024450,Mixed White and Black Caribbean,2017-03-19,Active,0
62,AN0000062,Yusuf,Chen,1993-10-21,M,yusuf.chen62@example.com,+44 7700 900748,SW1A 2EH,9999102298,White Irish,2022-05-08,Withdrawn,0
63,AN0000063,George,Grant,1998-10-04,F,george.grant63@example.com,+44 7700 900320,NE1 2GH,9999784038,Mixed White and Asian,2023-06-04,Suspended,0
64,AN0000064,James,Whitfield,1998-03-14,F,james.whitfield64@example.com,+44 7700 900222,SW1A 8HD,9998388511,Mixed White and Asian,2019-05-19,Deferred,0
65,AN0000065,Nadia,Okafor,2001-09-23,F,nadia.okafor65@example.com,07700900826,CF10 5BH,9995297515,Mixed Other,2021-02-26,Deferred,0
66,AN0000066,Fatima,Haddad,1997-11-19,M,fatima.haddad66@example.com,+44 7700 900417,G1 4GD,9992312432,Bangladeshi,2022-08-09,Suspended,0
67,AN0000067,Chloe,Bianchi,2004-02-11,F,chloe.bianchi67@example.com,+44 7700 900677,BS1 8GG,9991774491,White Irish,2023-05-08,Active,0
68,AN0000068,Isla,Grant,2002-12-31,F,isla.grant68@example.com,(0161) 496 2257,M1 9HJ,9997820711,Black Other,2021-01-25,Withdrawn,0
69,AN0000069,Ethan,Kaur,1999-08-07,F,ethan.kaur69@example.com,(0161) 496 9586,NE1 3GG,9996659054,White Other,2017-12-07,Active,0
70,AN0000070,Sofia,Novak,1997-12-29,M,sofia.novak70@example.com,+44 7700 900696,LS1 6FH,9991486526,White Other,2020-05-02,Withdrawn,1
71,AN0000071,Ethan,Iqbal,1992-10-13,M,ethan.iqbal71@example.com,(0161) 496 6598,L1 4ED,9994188801,Black Other,2016-03-15,Deferred,0
72,AN0000072,Grace,Robertson,1997-06-27,M,,07700900144,cf106ej,9997383478,Chinese,2017-09-23,Active,1
73,AN0000073,Oliver,Bianchi,1994-06-21,F,oliver.bianchi73@example.com,(0161) 496 4271,bs13fa,9995818140,White Other,2019-02-28,Deferred,0
74,AN0000074,George,Grant,2001-02-26,M,,(0161) 496 4637,L1 6AH,9998536154,Asian Other,2021-10-03,Active,1
75,AN0000075,Kai,Thompson,1995-07-25,M,kai.thompson75@example.com,+44 7700 900393,l13jj,9991043284,Mixed Other,2024-01-06,Active,1
76,AN0000076,Fatima,Mackenzie,1999-01-16,F,fatima.mackenzie76@example.com,07700900737,L1 2BJ,9990893241,Mixed Other,2017-05-14,Active,1
77,AN0000077,Fatima,Osman,2000-07-25,F,fatima.osman77@example.com,+44 7700 900638,NE1 9AH,9990654050,White Other,2020-09-02,Active,0
78,AN0000078,Omar,Novak,2003-03-30,F,omar.novak78@example.com,+44 7700 900460,NE1 6DJ,9997221702,Black Caribbean,2023-01-17,Active,0
79,AN0000079,Idris,Whitfield,1993-01-18,F,idris.whitfield79@example.com,(0161) 496 9897,L1 5AE,9990541566,Mixed White and Asian,2016-06-20,Withdrawn,1
80,AN0000080,Erin,Robertson,1999-02-12,F,erin.robertson80@example.com,+44 7700 900916,NE1 5BH,9999284515,White Other,2019-10-20,Active,1
81,AN0000081,Isla,Grant,1993-03-06,M,isla.grant81@example.com,07700900459,L1 1GH,9990165823,White British,2022-10-04,Active,1
82,AN0000082,Priya,Chen,1995-04-03,F,priya.chen82@example.com,+44 7700 900680,SW1A 3JG,9991928561,Black Other,2016-10-02,Withdrawn,1
83,AN0000083,Fatima,Thompson,1987-01-18,F,fatima.thompson83@example.com,07700900675,M1 5FJ,9999473121,White Other,2016-04-16,Active,0
84,AN0000084,Erin,Murray,2001-07-22,F,erin.murray84@example.com,07700900663,ne15fd,9992583134,Pakistani,2020-12-28,Active,1
85,AN0000085,James,Iqbal,1994-09-18,F,james.iqbal85@example.com,(0161) 496 3126,BS1 2BF,9997866916,Pakistani,2022-03-19,Active,0
86,AN0000086,Oliver,Grant,1997-02-27,M,oliver.grant86@example.com,(0161) 496 3981,LS1 7AB,9994225359,Black Caribbean,2023-08-17,Deferred,0
87,AN0000087,George,Whitfield,1996-10-02,M,george.whitfield87@example.com,07700900729,NE1 2DD,9999959008,White Other,2023-02-14,Active,1
88,AN0000088,Noah,Whitfield,1997-01-12,M,noah.whitfield88@example.com,+44 7700 900742,NE1 5FJ,9996471020,Arab,2024-08-07,Active,1
89,AN0000089,Oliver,Whitfield,1992-08-18,F,oliver.whitfield89@example.com,(0161) 496 6231,G1 7DG,9991537147,Arab,2019-10-25,Active,0
90,AN0000090,Sarah,Sharma,1994-09-06,M,sarah.sharma90@example.com,(0161) 496 3616,G1 6ED,9998774705,White Other,2019-04-03,Active,1
91,AN0000091,Fatima,Whitfield,1999-06-28,M,fatima.whitfield91@example.com,+44 7700 900711,L1 5AB,9994565060,White Irish,2022-07-17,Suspended,0
92,AN0000092,Zainab,Rossi,1999-09-16,F,zainab.rossi92@example.com,07700900386,BS1 2DB,9992578726,Pakistani,2019-03-28,Active,1
93,AN0000093,Amara,Robertson,1993-07-06,F,amara.robertson93@example.com,07700900621,NE1 8FJ,9995516942,White British,2022-11-30,Suspended,1
94,AN0000094,George,Kaur,1996-12-26,M,george.kaur94@example.com,07700900697,L1 3HD,9993091308,Arab,2024-10-11,Active,1
95,AN0000095,Wei,Haddad,2002-03-07,F,wei.haddad95@example.com,(0161) 496 2020,LS1 9EG,9997865278,Black Other,2023-09-29,Suspended,1
96,AN0000096,Leila,Bianchi,1995-09-24,F,leila.bianchi96@example.com,+44 7700 900352,EH1 9FE,9994437577,Mixed White and Black Caribbean,2024-01-31,Suspended,1
97,AN0000097,Isla,Thompson,1993-09-07,F,isla.thompson97@example.com,(0161) 496 7464,G1 3FA,9991574735,Chinese,2022-06-06,Deferred,1
98,AN0000098,Kai,Rossi,2001-08-17,M,kai.rossi98@example.com,07700900700,b154ae,9990165718,Pakistani,2023-10-22,Active,0
99,AN0000099,Nadia,Kaur,1996-01-26,F,nadia.kaur99@example.com,+44 7700 900761,SW1A 2EA,9992620676,Bangladeshi,2021-05-02,Withdrawn,1
100,AN0000100,Erin,Sharma,1993-04-27,M,erin.sharma100@example.com,(0161) 496 6489,EH1 8JD,9997431529,Arab,2016-02-07,Withdrawn,1
101,AN0000101,Ruth,Nwosu,1986-09-14,F,ruth.nwosu101@example.com,07700900875,B15 3HH,9991612270,Black Other,2016-02-27,Active,0
102,AN0000102,George,Robertson,1993-04-13,F,george.robertson102@example.com,+44 7700 900840,bs11fg,9990174261,Black Caribbean,2018-08-22,Withdrawn,0
103,AN0000103,Noah,Reid,1996-01-05,M,noah.reid103@example.com,(0161) 496 8834,ls18gh,9997833910,Arab,2019-04-23,Suspended,1
104,AN0000104,Liam,Reid,2003-04-02,M,liam.reid104@example.com,07700900253,ls16jb,9999718701,Arab,2022-04-29,Active,1
105,AN0000105,Oliver,Osman,1990-01-06,F,oliver.osman105@example.com,07700900505,EH1 1EB,9995180170,White Irish,2016-08-24,Active,1
106,AN0000106,Amara,Bianchi,1988-12-11,F,amara.bianchi106@example.com,(0161) 496 7266,l17hb,9998251281,Mixed White and Asian,2017-07-08,Suspended,0
107,AN0000107,Omar,Ali,1997-08-19,F,omar.ali107@example.com,07700900657,CF10 9HE,9995243105,Mixed Other,2016-01-15,Suspended,0
108,AN0000108,Fatima,Whitfield,1997-09-19,F,fatima.whitfield108@example.com,07700900820,SW1A 4AH,9998302846,Asian Other,2016-10-02,Deferred,1
109,AN0000109,Hassan,Bello,1996-03-25,M,hassan.bello109@example.com,+44 7700 900246,NE1 4HF,9998926874,White Irish,2024-08-30,Active,1
110,AN0000110,Idris,Wright,1990-01-03,F,idris.wright110@example.com,+44 7700 900485,LS1 9JE,9994270869,Mixed Other,2019-07-29,Suspended,0
111,AN0000111,Callum,Ali,1997-05-29,M,callum.ali111@example.com,(0161) 496 7079,M1 9EA,9999901395,Chinese,2018-11-10,Active,0
112,AN0000112,Yusuf,Reid,1997-09-22,M,,(0161) 496 2922,L1 4EH,9998546788,Mixed White and Black Caribbean,2019-09-25,Active,1
113,AN0000113,Zainab,Wright,1996-06-14,F,zainab.wright113@example.com,07700900427,B15 6GH,9993204897,Mixed Other,2021-07-29,Active,0
114,AN0000114,Tom,Cohen,1993-10-18,M,tom.cohen114@example.com,+44 7700 900770,G1 5JJ,9995228726,White Irish,2018-07-31,Suspended,0
115,AN0000115,Hannah,Abara,1988-10-13,M,hannah.abara115@example.com,+44 7700 900962,B15 2DA,9997509978,Other,2016-10-31,Active,0
116,AN0000116,Sofia,Rossi,2002-08-07,F,sofia.rossi116@example.com,07700900393,SW1A 9HD,9991823395,Black African,2020-08-11,Deferred,1
117,AN0000117,George,Fenton,2000-12-08,F,george.fenton117@example.com,+44 7700 900349,B15 5BA,9996687007,Bangladeshi,2020-06-13,Active,1
118,AN0000118,Yusuf,Haddad,1999-06-15,M,yusuf.haddad118@example.com,(0161) 496 1697,B15 4JF,9991489029,Black Other,2023-03-26,Active,0
119,AN0000119,Hassan,Chen,1994-11-24,M,hassan.chen119@example.com,+44 7700 900677,b157gh,9992185015,Mixed Other,2024-06-08,Active,0
120,AN0000120,Daniel,Bello,1997-01-30,F,daniel.bello120@example.com,+44 7700 900379,L1 8EG,9996629619,Black Caribbean,2024-08-15,Deferred,0
121,AN0000121,Ruth,Byrne,1994-09-20,F,ruth.byrne121@example.com,07700900749,LS1 7GG,9990475415,Pakistani,2016-12-02,Active,0
122,AN0000122,Nadia,Grant,1995-07-18,F,nadia.grant122@example.com,+44 7700 900191,G1 9BG,9990466181,Asian Other,2022-03-31,Suspended,0
123,AN0000123,Leila,Robertson,1997-07-15,F,leila.robertson123@example.com,+44 7700 900249,M1 3HF,9997154371,Chinese,2017-11-25,Active,0
124,AN0000124,Wei,Mackenzie,1991-08-16,F,wei.mackenzie124@example.com,(0161) 496 6399,L1 6HD,9995479354,Mixed White and Asian,2016-01-28,Active,1
125,AN0000125,Zainab,Thompson,2000-07-27,M,zainab.thompson125@example.com,07700900663,sw1a8ej,9991672435,Black African,2022-04-28,Withdrawn,0
126,AN0000126,Ruth,Haddad,2000-10-05,F,ruth.haddad126@example.com,(0161) 496 8851,bs17ha,9995891131,Mixed White and Black Caribbean,2024-11-06,Active,0
127,AN0000127,Hassan,Kaur,1995-01-20,F,hassan.kaur127@example.com,(0161) 496 8052,M1 1BF,9998899370,Mixed White and Black Caribbean,2023-08-06,Active,1
128,AN0000128,Chloe,Novak,1992-11-30,M,chloe.novak128@example.com,+44 7700 900125,L1 2FH,9991125450,Arab,2022-08-07,Deferred,0
129,AN0000129,Ethan,Patel,1994-10-14,F,ethan.patel129@example.com,07700900563,G1 2FA,9991051236,Bangladeshi,2019-11-27,Suspended,0
130,AN0000130,Daniel,Rossi,1995-06-22,F,daniel.rossi130@example.com,07700900290,CF10 7AE,9996603342,White Other,2020-10-12,Suspended,0
131,AN0000131,Idris,Abara,2001-07-09,F,idris.abara131@example.com,+44 7700 900216,eh18gh,9999155790,Bangladeshi,2022-01-08,Deferred,1
132,AN0000132,Kai,Bello,2003-06-11,F,kai.bello132@example.com,+44 7700 900412,M1 3GD,9996929663,Bangladeshi,2022-08-14,Active,0
133,AN0000133,Sofia,Nwosu,1999-04-23,M,sofia.nwosu133@example.com,+44 7700 900561,BS1 1GA,9993688762,Other,2021-06-28,Active,1
134,AN0000134,Meera,Nwosu,1989-11-25,M,meera.nwosu134@example.com,+44 7700 900381,b159fd,9991485805,Arab,2016-12-04,Suspended,0
135,AN0000135,Nadia,Thompson,1995-12-04,F,nadia.thompson135@example.com,(0161) 496 1528,L1 5GB,9991339590,Mixed Other,2024-04-02,Active,0
136,AN0000136,Idris,Whitfield,1999-07-14,F,idris.whitfield136@example.com,07700900711,NE1 3GF,9994812602,Black African,2018-04-27,Deferred,0
137,AN0000137,Ruth,Abara,1996-04-18,F,ruth.abara137@example.com,(0161) 496 7434,L1 3FH,9991168451,Arab,2017-06-27,Active,1
138,AN0000138,Hassan,Okafor,1995-07-27,F,hassan.okafor138@example.com,07700900814,G1 2HE,9993745457,Pakistani,2024-09-05,Suspended,1
139,AN0000139,Idris,Cohen,2005-08-07,M,idris.cohen139@example.com,07700900956,L1 1BD,9990632421,Black African,2023-08-27,Active,1
140,AN0000140,George,Byrne,1991-12-16,M,george.byrne140@example.com,+44 7700 900412,B15 7BB,9997129385,Arab,2020-03-03,Active,0
141,AN0000141,Ruth,Cohen,1993-03-07,F,ruth.cohen141@example.com,+44 7700 900492,M1 2BG,9994262211,White British,2017-05-08,Suspended,0
142,AN0000142,Oliver,Iqbal,2002-11-26,F,oliver.iqbal142@example.com,07700900553,b152bd,9999656528,Asian Other,2024-02-07,Active,0
143,AN0000143,Fatima,Rossi,1995-05-11,M,fatima.rossi143@example.com,(0161) 496 5942,B15 9EH,9990376131,Other,2022-09-27,Withdrawn,0
144,AN0000144,Ethan,Lawson,1992-09-14,M,ethan.lawson144@example.com,+44 7700 900959,bs17gd,9991091041,Chinese,2016-02-19,Active,0
145,AN0000145,Idris,Robertson,1998-12-29,F,idris.robertson145@example.com,+44 7700 900511,M1 9DF,9991832858,Mixed White and Asian,2021-09-06,Suspended,0
146,AN0000146,Isla,Murray,1991-08-03,M,isla.murray146@example.com,+44 7700 900544,m18af,9992102020,Other,2020-11-26,Active,1
147,AN0000147,Amara,Iqbal,1988-01-24,M,amara.iqbal147@example.com,07700900130,G1 7FB,9999177859,White Irish,2017-06-03,Active,0
148,AN0000148,Zainab,Nwosu,1999-01-25,M,zainab.nwosu148@example.com,+44 7700 900621,SW1A 1AE,9995622084,Mixed Other,2018-11-10,Active,1
149,AN0000149,Fatima,Haddad,2000-09-17,M,fatima.haddad149@example.com,07700900222,NE1 1DE,9990617449,Black Other,2024-01-29,Active,1
150,AN0000150,James,Iqbal,1995-06-22,F,james.iqbal150@example.com,07700900348,l16je,9998320607,Asian Other,2018-04-01,Suspended,1
151,AN0000151,Noah,Doyle,2005-04-26,M,noah.doyle151@example.com,07700900485,EH1 2EE,9990241031,Mixed Other,2023-10-11,Withdrawn,1
152,AN0000152,Oliver,Khan,1989-11-01,M,oliver.khan152@example.com,07700900503,M1 1HD,9994565575,Black African,2016-12-13,Active,0
153,AN0000153,Tom,Chen,1997-08-11,M,tom.chen153@example.com,+44 7700 900560,L1 6HB,9993747416,White Other,2024-09-29,Active,1
154,AN0000154,Hannah,Murray,1996-10-10,M,hannah.murray154@example.com,(0161) 496 6370,LS1 2EG,9990442061,Arab,2023-10-25,Suspended,0
155,AN0000155,Sarah,Grant,1996-12-25,M,sarah.grant155@example.com,+44 7700 900899,B15 3EH,9991994106,White Other,2017-02-21,Active,1
156,AN0000156,Idris,Chen,1993-11-15,M,idris.chen156@example.com,(0161) 496 1829,LS1 7HJ,9996253244,Black African,2017-01-11,Active,0
157,AN0000157,Priya,Bello,1995-08-14,F,priya.bello157@example.com,+44 7700 900663,L1 1BF,9996383806,Mixed White and Asian,2022-12-11,Deferred,1
158,AN0000158,Meera,Rossi,1999-04-18,F,,+44 7700 900284,SW1A 6EA,9994078593,Asian Other,2024-10-05,Active,0
159,AN0000159,Fatima,Novak,1995-12-20,M,fatima.novak159@example.com,07700900324,BS1 7GD,9999559050,Pakistani,2018-09-14,Suspended,0
160,AN0000160,Hannah,Fenton,1995-02-07,M,hannah.fenton160@example.com,+44 7700 900192,SW1A 4EA,9990593256,Bangladeshi,2021-07-09,Deferred,1
161,AN0000161,Priya,Okafor,1990-06-23,M,priya.okafor161@example.com,(0161) 496 6978,M1 6HB,9995226758,Bangladeshi,2017-08-28,Withdrawn,1
162,AN0000162,Fatima,Novak,2002-02-01,F,fatima.novak162@example.com,07700900401,LS1 3AH,9999029590,Asian Other,2022-08-09,Withdrawn,0
163,AN0000163,Kai,Patel,1994-06-26,M,kai.patel163@example.com,+44 7700 900427,LS1 2GJ,9993315419,White British,2017-07-30,Active,1
164,AN0000164,Oliver,Khan,2000-02-20,F,oliver.khan164@example.com,(0161) 496 6754,ne17bj,9999327109,Black Caribbean,2020-09-14,Active,1
165,AN0000165,George,Thompson,1993-08-09,F,george.thompson165@example.com,+44 7700 900176,ne12gj,9996296202,Indian,2016-10-30,Active,0
166,AN0000166,Tom,Haddad,1997-01-28,F,tom.haddad166@example.com,07700900404,B15 2AH,9997205065,White Other,2023-10-26,Active,1
167,AN0000167,Tom,Thompson,1995-01-23,F,tom.thompson167@example.com,(0161) 496 8758,M1 5HJ,9994186256,Mixed White and Asian,2016-04-15,Active,0
168,AN0000168,Oliver,Sharma,1993-04-25,F,oliver.sharma168@example.com,+44 7700 900375,BS1 1DB,999586938,White Irish,2018-12-14,Deferred,1
169,AN0000169,Hannah,Wright,1994-01-16,M,hannah.wright169@example.com,+44 7700 900180,CF10 1DB,9997223322,White Irish,2020-09-10,Active,0
170,AN0000170,Leila,Haddad,1990-01-28,F,leila.haddad170@example.com,+44 7700 900844,M1 2HH,9994870998,Mixed Other,2018-04-07,Active,1
171,AN0000171,Wei,Chen,1994-07-21,M,wei.chen171@example.com,(0161) 496 2654,EH1 9GH,9997997026,Black African,2022-05-09,Active,0
172,AN0000172,Grace,Bello,1994-02-02,M,grace.bello172@example.com,+44 7700 900439,B15 1JF,9990544476,Indian,2023-08-20,Deferred,0
173,AN0000173,Wei,Mackenzie,1998-11-27,F,wei.mackenzie173@example.com,07700900719,M1 4JE,9996785084,Bangladeshi,2024-05-04,Active,1
174,AN0000174,Ruth,Wright,1999-10-20,M,ruth.wright174@example.com,+44 7700 900996,B15 1EA,9995345781,Mixed White and Asian,2020-07-10,Withdrawn,0
175,AN0000175,Leila,Okafor,1995-01-15,F,leila.okafor175@example.com,+44 7700 900991,L1 9GG,9994140604,Bangladeshi,2018-09-17,Deferred,0
176,AN0000176,Yusuf,Ali,2001-12-25,F,yusuf.ali176@example.com,07700900625,sw1a1jd,9999034942,Black African,2023-04-05,Active,1
177,AN0000177,Yusuf,Iqbal,1998-11-09,F,yusuf.iqbal177@example.com,+44 7700 900633,BS1 7BA,9995899442,Indian,2021-02-23,Active,0
178,AN0000178,Daniel,Adeyemi,1999-10-23,F,daniel.adeyemi178@example.com,07700900767,EH1 4DE,9999652077,Black Caribbean,2023-03-08,Active,1
179,AN0000179,Callum,Robertson,2005-06-15,M,callum.robertson179@example.com,+44 7700 900830,B15 9JG,9992824174,Pakistani,2024-04-05,Withdrawn,1
180,AN0000180,Omar,Fenton,2001-10-23,M,omar.fenton180@example.com,+44 7700 900328,EH1 7GG,9999917380,Indian,2022-04-08,Deferred,1
181,AN0000181,Ethan,Mackenzie,2002-06-07,M,ethan.mackenzie181@example.com,(0161) 496 6614,CF10 8DG,9992175257,White Irish,2020-08-19,Active,1
182,AN0000182,George,Whitfield,2003-09-27,M,george.whitfield182@example.com,+44 7700 900881,M1 3HH,9997600835,Mixed White and Black Caribbean,2024-07-14,Active,1
183,AN0000183,Chloe,Doyle,2000-12-10,M,chloe.doyle183@example.com,07700900354,B15 6FD,9998942101,Black Caribbean,2021-12-15,Active,1
184,AN0000184,Omar,Wright,1996-03-25,F,omar.wright184@example.com,(0161) 496 3192,G1 8GE,9996033236,White British,2022-09-08,Suspended,0
185,AN0000185,Sarah,Iqbal,1995-12-09,F,,(0161) 496 5190,ne11ab,9990016763,Indian,2023-12-22,Suspended,1
186,AN0000186,Meera,Murray,1996-09-19,F,meera.murray186@example.com,+44 7700 900203,NE1 5DH,9991891412,Indian,2017-09-19,Active,0
187,AN0000187,Grace,Whitfield,2002-01-02,M,grace.whitfield187@example.com,+44 7700 900519,EH1 3AJ,9997530012,Indian,2024-09-21,Deferred,1
188,AN0000188,Wei,Byrne,1998-08-26,M,wei.byrne188@example.com,(0161) 496 4787,L1 5FJ,9992045566,Indian,2024-09-27,Active,0
189,AN0000189,James,Abara,1989-04-30,F,james.abara189@example.com,+44 7700 900548,BS1 5BG,9992166746,Mixed White and Asian,2017-07-20,Withdrawn,1
190,AN0000190,Idris,Haddad,2003-02-17,M,idris.haddad190@example.com,07700900160,LS1 2HJ,9997296591,White British,2023-04-11,Deferred,0
191,AN0000191,Meera,Reid,2001-11-28,F,meera.reid191@example.com,+44 7700 900367,G1 1EG,9999163750,Mixed White and Asian,2021-06-22,Active,0
192,AN0000192,James,Kaur,1991-02-12,F,james.kaur192@example.com,(0161) 496 2226,L1 6EG,9990838666,Asian Other,2017-10-04,Active,1
193,AN0000193,Oliver,Fenton,1997-04-26,F,,+44 7700 900221,L1 1BH,9998801990,Black Caribbean,2022-06-05,Suspended,0
194,AN0000194,Noah,Novak,1997-08-14,M,noah.novak194@example.com,(0161) 496 8445,g19jg,9991130551,Black Caribbean,2021-02-11,Suspended,1
195,AN0000195,Ruth,Thompson,1995-11-01,M,ruth.thompson195@example.com,(0161) 496 7704,M1 5EE,9996373517,Mixed Other,2016-07-06,Active,0
196,AN0000196,Chloe,Lawson,1995-05-12,M,chloe.lawson196@example.com,(0161) 496 1071,NE1 1HJ,9992922168,Black Other,2021-01-19,Suspended,1
197,AN0000197,Nadia,Bello,2002-05-24,F,nadia.bello197@example.com,(0161) 496 5819,l13dh,9998485835,Chinese,2023-10-07,Active,1
198,AN0000198,Leila,Iqbal,2003-04-21,F,leila.iqbal198@example.com,07700900879,g19jh,9998460816,White British,2023-07-17,Active,0
199,AN0000199,Priya,Novak,1995-04-10,M,priya.novak199@example.com,(0161) 496 5105,ls11fe,9990571988,Asian Other,2016-08-19,Withdrawn,1
200,AN0000200,Fatima,Wright,1995-05-30,M,fatima.wright200@example.com,(0161) 496 7349,cf106aa,9993973599,Chinese,2024-10-17,Deferred,0
201,AN0000201,Isla,Grant,1989-11-25,M,isla.grant201@example.com,(0161) 496 9418,M1 7AH,9994229400,Black Other,2017-12-27,Active,0
202,AN0000202,Priya,Chen,1992-07-24,F,priya.chen202@example.com,+44 7700 900686,NE1 6BG,9992818263,Mixed White and Asian,2019-08-14,Active,1
203,AN0000203,Fatima,Lawson,1989-12-11,F,fatima.lawson203@example.com,+44 7700 900323,BS1 9JA,9995739933,White Irish,2018-05-23,Withdrawn,1
204,AN0000204,Callum,Reid,2005-05-26,F,callum.reid204@example.com,07700900389,SW1A 9GJ,9994358111,Bangladeshi,2024-12-05,Deferred,0
205,AN0000205,Noah,Byrne,1990-01-30,F,noah.byrne205@example.com,(0161) 496 4368,NE1 7BD,9995011026,Black African,2018-05-13,Suspended,0
206,AN0000206,Hassan,Doyle,1995-12-30,F,hassan.doyle206@example.com,+44 7700 900514,cf106ah,9991581448,White Other,2018-07-21,Active,1
207,AN0000207,Callum,Robertson,2004-10-03,M,callum.robertson207@example.com,07700900239,CF10 9FD,9995088215,White Irish,2023-05-30,Active,1
208,AN0000208,Sofia,Rossi,1994-09-03,F,sofia.rossi208@example.com,+44 7700 900761,NE1 3DD,9994312901,Arab,2016-12-14,Withdrawn,0
209,AN0000209,Isla,Novak,1994-08-18,M,isla.novak209@example.com,07700900598,G1 6DE,9999135773,Black Other,2016-10-02,Suspended,1
210,AN0000210,Ruth,Osman,1989-12-06,F,ruth.osman210@example.com,(0161) 496 8017,ls11ge,9996452573,Arab,2017-09-16,Active,1
211,AN0000211,Chloe,Mackenzie,1995-04-29,M,chloe.mackenzie211@example.com,07700900183,eh13ef,9991108092,Mixed White and Asian,2021-06-17,Deferred,0
212,AN0000212,Kai,Sharma,1999-06-09,F,kai.sharma212@example.com,07700900252,G1 7EF,9998816580,White British,2022-03-09,Withdrawn,0
213,AN0000213,Yusuf,Fenton,1994-09-03,M,yusuf.fenton213@example.com,+44 7700 900283,BS1 3JG,9997314530,White Irish,2022-11-20,Withdrawn,0
214,AN0000214,Ethan,Reid,2001-05-06,F,ethan.reid214@example.com,(0161) 496 1760,SW1A 6BF,9996591840,Mixed White and Asian,2024-11-15,Active,1
215,AN0000215,Zainab,Doyle,1994-03-18,M,zainab.doyle215@example.com,07700900242,L1 3EB,9994322257,Indian,2019-11-14,Withdrawn,0
216,AN0000216,Nadia,Fenton,1990-07-24,F,nadia.fenton216@example.com,07700900590,B15 3HA,9990920249,Bangladeshi,2019-09-14,Suspended,1
217,AN0000217,Grace,Osman,2004-10-05,,grace.osman217@example.com,+44 7700 900721,L1 8DE,9999292984,Black African,2023-02-24,Active,1
218,AN0000218,Kai,Grant,1995-08-11,M,kai.grant218@example.com,+44 7700 900235,M1 1EH,9999127991,White Irish,2022-09-09,Deferred,0
219,AN0000219,Liam,Patel,2002-08-25,M,liam.patel219@example.com,(0161) 496 8069,ne17ga,9996376591,Indian,2023-05-24,Active,0
220,AN0000220,George,Patel,2003-06-26,F,george.patel220@example.com,07700900656,cf105ea,9990981809,Mixed White and Asian,2024-08-02,Withdrawn,0
221,AN0000221,Ruth,Fenton,1995-01-18,M,ruth.fenton221@example.com,+44 7700 900767,BS1 5FH,9999463681,Other,2019-07-17,Active,1
222,AN0000222,Sofia,Rossi,1999-01-03,F,sofia.rossi222@example.com,07700900507,ls12ej,9992138653,White Irish,2021-06-04,Active,1
223,AN0000223,Noah,Okafor,2005-10-29,F,noah.okafor223@example.com,(0161) 496 8133,M1 2FE,9999066984,Black Caribbean,2025-01-07,Withdrawn,0
224,AN0000224,Chloe,Doyle,1989-04-15,F,chloe.doyle224@example.com,+44 7700 900970,ne15ea,9998839203,Mixed White and Black Caribbean,2017-12-18,Active,0
225,AN0000225,Amara,Byrne,1994-08-13,F,amara.byrne225@example.com,+44 7700 900305,NE1 1BB,9998955432,Chinese,2019-02-04,Active,1
226,AN0000226,Hassan,Okafor,1998-05-15,M,hassan.okafor226@example.com,07700900615,EH1 6BF,9993577901,Other,2018-12-05,Active,1
227,AN0000227,Liam,Robertson,2001-10-18,F,liam.robertson227@example.com,+44 7700 900461,NE1 9AF,9991651829,Other,2023-02-08,Active,1
228,AN0000228,Tom,Lawson,2000-03-10,M,tom.lawson228@example.com,+44 7700 900304,B15 4FE,9993952117,White Other,2022-06-07,Withdrawn,1
229,AN0000229,Grace,Okafor,1998-07-12,F,grace.okafor229@example.com,+44 7700 900422,L1 5JD,9998463920,White Irish,2024-07-27,Suspended,1
230,AN0000230,Meera,Rossi,1989-11-23,F,meera.rossi230@example.com,(0161) 496 3863,l12jg,9990369151,Mixed White and Black Caribbean,2016-05-13,Suspended,1
231,AN0000231,Amara,Rossi,1997-08-01,F,amara.rossi231@example.com,(0161) 496 6621,G1 3JH,9995564726,Pakistani,2018-12-12,Suspended,0
232,AN0000232,Hannah,Thompson,2001-10-07,F,hannah.thompson232@example.com,(0161) 496 4212,LS1 3JA,9997288572,Black Caribbean,2024-01-31,Active,0
233,AN0000233,Callum,Thompson,2003-09-03,M,callum.thompson233@example.com,(0161) 496 8807,M1 8GF,9998845068,Indian,2023-09-29,Active,0
234,AN0000234,Hassan,Osman,1994-07-20,M,hassan.osman234@example.com,(0161) 496 5663,G1 6JJ,9995699613,White Other,2023-04-15,Active,1
235,AN0000235,Fatima,Cohen,1991-02-28,F,fatima.cohen235@example.com,07700900504,EH1 8GJ,9992023414,Chinese,2019-07-21,Active,1
236,AN0000236,Sarah,Thompson,1990-12-18,M,sarah.thompson236@example.com,+44 7700 900506,ne12bf,9991643346,Arab,2016-09-18,Withdrawn,0
237,AN0000237,Wei,Wright,1999-11-16,F,wei.wright237@example.com,(0161) 496 6328,L1 8FJ,9998299799,Mixed Other,2017-11-29,Suspended,1
238,AN0000238,Kai,Iqbal,1995-02-05,M,kai.iqbal238@example.com,+44 7700 900474,CF10 5DF,9998254787,White British,2021-05-26,Withdrawn,1
239,AN0000239,Chloe,Patel,2000-10-07,F,chloe.patel239@example.com,07700900915,SW1A 9GE,9998663261,Mixed White and Asian,2019-05-12,Active,1
240,AN0000240,Liam,Haddad,2001-04-20,F,liam.haddad240@example.com,+44 7700 900860,NE1 5HE,9992241799,Arab,2023-01-05,Active,1
241,AN0000241,Tom,Cohen,1996-02-28,M,tom.cohen241@example.com,+44 7700 900204,eh15dj,9993120731,Black Other,2016-03-20,Active,1
242,AN0000242,Idris,Fenton,1997-12-14,,idris.fenton242@example.com,+44 7700 900963,LS1 1FH,9991367306,Chinese,2021-08-03,Active,0
243,AN0000243,Ethan,Novak,1992-10-21,F,ethan.novak243@example.com,(0161) 496 3598,SW1A 9BF,9994350315,Asian Other,2018-05-03,Withdrawn,1
244,AN0000244,Daniel,Okafor,1995-01-26,M,daniel.okafor244@example.com,+44 7700 900348,SW1A 1JD,9991327193,Black Other,2017-11-16,Deferred,0
245,AN0000245,Priya,Iqbal,2002-06-28,M,priya.iqbal245@example.com,+44 7700 900338,g19gj,9990652406,Other,2023-03-25,Withdrawn,1
246,AN0000246,Sofia,Mackenzie,1992-06-02,M,sofia.mackenzie246@example.com,07700900656,G1 6JF,9999821820,Arab,2022-02-01,Active,1
247,AN0000247,Sofia,Iqbal,2002-05-23,F,sofia.iqbal247@example.com,07700900119,bs16eg,9992945656,Indian,2021-02-02,Active,0
248,AN0000248,Priya,Doyle,1997-06-03,M,priya.doyle248@example.com,+44 7700 900296,M1 1HJ,9999405398,White Other,2017-06-15,Active,0
249,AN0000249,Noah,Patel,1991-10-29,F,noah.patel249@example.com,07700900525,g11fa,9994138111,Asian Other,2016-11-23,Suspended,1
250,AN0000250,Tom,Whitfield,1993-07-27,M,tom.whitfield250@example.com,07700900671,cf102gj,9996122867,Black Other,2021-11-25,Withdrawn,0
251,AN0000251,Sofia,Bello,1997-07-16,F,sofia.bello251@example.com,(0161) 496 7755,CF10 6EE,9998457769,White British,2020-12-19,Withdrawn,0
252,AN0000252,Isla,Bello,1990-01-03,F,isla.bello252@example.com,+44 7700 900327,B15 6AF,9998899214,White Irish,2016-03-07,Active,1
253,AN0000253,Wei,Chen,1995-03-03,M,wei.chen253@example.com,+44 7700 900930,eh12he,9995727919,Black Caribbean,2018-12-21,Active,1
254,AN0000254,Liam,Bianchi,1993-02-25,F,liam.bianchi254@example.com,+44 7700 900988,M1 4AH,9998058929,Black Other,2016-08-17,Suspended,0
255,AN0000255,Wei,Sharma,1994-01-08,F,wei.sharma255@example.com,07700900689,NE1 2EH,9996225178,White Irish,2023-07-22,Suspended,1
256,AN0000256,George,Byrne,1993-11-16,M,george.byrne256@example.com,07700900592,ne14jh,9993898333,White Other,2020-06-20,Active,1
257,AN0000257,Daniel,Novak,2003-04-25,F,daniel.novak257@example.com,+44 7700 900456,b156ga,9992597925,Arab,2022-06-17,Active,0
258,AN0000258,Tom,Novak,2000-02-01,M,tom.novak258@example.com,07700900348,BS1 3FA,9991477055,Chinese,2020-03-11,Withdrawn,0
259,AN0000259,Tom,Rossi,1999-02-11,F,tom.rossi259@example.com,07700900244,SW1A 7AF,9990164517,White British,2021-11-13,Active,1
260,AN0000260,Fatima,Robertson,1992-07-31,F,fatima.robertson260@example.com,+44 7700 900711,NE1 2DE,9997800389,Black Caribbean,2021-09-13,Active,1
261,AN0000261,Callum,Khan,1999-04-15,F,callum.khan261@example.com,+44 7700 900409,b159fa,9996084329,Black Other,2017-10-05,Active,0
262,AN0000262,Liam,Khan,1993-12-25,F,liam.khan262@example.com,+44 7700 900256,CF10 5GJ,9993298328,Black Caribbean,2020-04-14,Withdrawn,0
263,AN0000263,Nadia,Reid,2003-11-09,M,nadia.reid263@example.com,+44 7700 900670,NE1 2DG,9992056649,Arab,2024-08-20,Withdrawn,1
264,AN0000264,Wei,Bianchi,1998-12-07,M,wei.bianchi264@example.com,+44 7700 900726,BS1 5EE,9990517282,Other,2018-02-08,Withdrawn,1
265,AN0000265,Amara,Abara,1994-09-12,M,amara.abara265@example.com,+44 7700 900331,SW1A 7AF,9993331279,Other,2020-05-06,Withdrawn,1
266,AN0000266,Yusuf,Grant,1994-03-19,M,yusuf.grant266@example.com,07700900944,CF10 6HA,9996086801,Chinese,2018-10-07,Active,1
267,AN0000267,Callum,Lawson,1996-10-12,M,callum.lawson267@example.com,+44 7700 900727,SW1A 9DJ,9997181298,Pakistani,2019-06-01,Active,1
268,AN0000268,Daniel,Grant,1995-08-28,M,daniel.grant268@example.com,(0161) 496 2477,EH1 6DB,9997518683,Bangladeshi,2016-04-12,Active,1
269,AN0000269,Priya,Bianchi,1994-02-19,M,priya.bianchi269@example.com,+44 7700 900248,LS1 1HF,9990940770,Other,2017-11-30,Suspended,0
270,AN0000270,Grace,Lawson,2000-03-29,F,grace.lawson270@example.com,+44 7700 900552,m11ef,9995020998,Black Caribbean,2021-07-14,Active,0
271,AN0000271,Priya,Thompson,2000-06-17,F,priya.thompson271@example.com,07700900808,bs19dj,9995014556,Mixed White and Asian,2020-09-03,Deferred,0
272,AN0000272,Chloe,Haddad,2002-10-10,F,chloe.haddad272@example.com,+44 7700 900811,eh16he,9999019811,Other,2022-03-04,Withdrawn,1
273,AN0000273,Nadia,Bello,1996-10-28,F,,(0161) 496 9132,NE1 8JD,9993430102,Arab,2019-07-20,Withdrawn,0
274,AN0000274,Omar,Abara,1990-10-05,F,omar.abara274@example.com,+44 7700 900458,ne14ae,9995015560,White British,2018-04-29,Deferred,0
275,AN0000275,Tom,Cohen,1991-02-19,F,tom.cohen275@example.com,07700900761,LS1 8DJ,9998576083,Black Caribbean,2019-10-16,Suspended,1
276,AN0000276,Sofia,Rossi,1994-05-31,F,sofia.rossi276@example.com,07700900914,G1 2DF,9995682990,Mixed White and Asian,2016-03-17,Active,0
277,AN0000277,Yusuf,Fenton,2001-12-31,M,yusuf.fenton277@example.com,+44 7700 900188,L1 4GJ,9995031787,White British,2024-06-05,Deferred,1
278,AN0000278,Erin,Wright,1996-04-06,F,erin.wright278@example.com,07700900636,EH1 6DB,9998230764,Indian,2017-09-23,Active,1
279,AN0000279,Kai,Sharma,1996-08-07,F,kai.sharma279@example.com,+44 7700 900147,M1 9FA,9994353349,Black African,2023-09-15,Suspended,1
280,AN0000280,Chloe,Grant,2004-02-26,M,chloe.grant280@example.com,+44 7700 900217,SW1A 9BE,9998542499,Asian Other,2023-07-11,Active,0
281,AN0000281,Isla,Bello,1993-03-11,M,isla.bello281@example.com,+44 7700 900582,SW1A 2HA,9996299791,Mixed White and Black Caribbean,2019-10-19,Active,1
282,AN0000282,Hannah,Whitfield,1995-04-07,M,hannah.whitfield282@example.com,(0161) 496 8629,BS1 3BJ,9994773321,Black African,2023-12-30,Active,1
283,AN0000283,Amara,Murray,2000-01-07,F,amara.murray283@example.com,+44 7700 900166,L1 2GJ,9992459921,Indian,2023-06-17,Active,0
284,AN0000284,Daniel,Rossi,2003-11-15,F,daniel.rossi284@example.com,+44 7700 900523,B15 4DJ,9995396696,Black Other,2023-04-14,Suspended,0
285,AN0000285,Amara,Novak,2003-09-19,F,amara.novak285@example.com,+44 7700 900710,L1 6BJ,9996191966,Black Other,2023-07-05,Active,0
286,AN0000286,Liam,Whitfield,1990-07-29,M,liam.whitfield286@example.com,07700900563,NE1 5HJ,9995494655,White Other,2017-07-23,Suspended,0
287,AN0000287,Grace,Wright,2000-02-18,M,grace.wright287@example.com,+44 7700 900662,SW1A 1GB,9990369658,Mixed White and Asian,2020-07-13,Active,1
288,AN0000288,Nadia,Rossi,1990-02-22,F,nadia.rossi288@example.com,+44 7700 900668,CF10 6HD,9992201029,Other,2018-05-15,Withdrawn,1
289,AN0000289,Wei,Byrne,1988-12-22,F,wei.byrne289@example.com,(0161) 496 7974,BS1 3JH,9997653262,White British,2017-07-16,Suspended,1
290,AN0000290,Yusuf,Khan,1988-12-20,F,yusuf.khan290@example.com,+44 7700 900659,BS1 6AA,9998478189,White Other,2018-08-27,Active,1
291,AN0000291,Noah,Khan,1995-05-09,F,noah.khan291@example.com,07700900451,NE1 1JJ,9997956540,Black Caribbean,2023-06-11,Active,0
292,AN0000292,Ruth,Reid,1993-04-17,F,ruth.reid292@example.com,+44 7700 900584,BS1 3AF,9999047122,White Other,2022-09-13,Deferred,1
293,AN0000293,George,Chen,2000-07-14,F,george.chen293@example.com,+44 7700 900214,BS1 3DJ,9992437286,White Irish,2022-11-27,Active,0
294,AN0000294,Wei,Bello,1992-03-01,F,wei.bello294@example.com,+44 7700 900550,ls14ga,9994783661,Other,2017-09-23,Active,0
295,AN0000295,Ethan,Abara,2002-06-25,F,ethan.abara295@example.com,+44 7700 900423,NE1 1BG,9996945448,Indian,2020-11-15,Active,1
296,AN0000296,Oliver,Bianchi,1994-04-02,M,oliver.bianchi296@example.com,07700900793,LS1 6AA,9990618178,Mixed White and Black Caribbean,2023-07-28,Active,1
297,AN0000297,George,Whitfield,1998-04-06,M,george.whitfield297@example.com,(0161) 496 4552,BS1 2BB,9994471740,Mixed Other,2016-05-19,Withdrawn,1
298,AN0000298,George,Nwosu,2005-05-18,M,,+44 7700 900440,SW1A 5FD,9997396278,Indian,2024-10-02,Active,1
299,AN0000299,Tom,Bello,2003-08-10,F,tom.bello299@example.com,+44 7700 900174,M1 5JA,9992006420,Black Other,2023-03-20,Active,0
300,AN0000300,Ethan,Murray,1998-12-28,F,ethan.murray300@example.com,+44 7700 900845,M1 9EA,9997198557,Black Caribbean,2024-08-23,Active,0
301,AN0000301,Noah,Kaur,1993-04-13,F,noah.kaur301@example.com,+44 7700 900570,EH1 4DA,9993461571,White Other,2017-01-06,Withdrawn,1
302,AN0000302,Omar,Whitfield,1999-04-24,M,omar.whitfield302@example.com,07700900707,b158hb,9994787004,Black Other,2017-07-27,Active,1
303,AN0000303,Idris,Khan,1992-04-30,M,idris.khan303@example.com,(0161) 496 9570,L1 9DE,9990270791,White Irish,2016-06-24,Active,0
304,AN0000304,James,Nwosu,2004-09-03,M,james.nwosu304@example.com,+44 7700 900274,BS1 2BB,9999313655,Mixed White and Asian,2023-02-04,Active,0
305,AN0000305,Leila,Osman,2001-09-06,M,,07700900707,LS1 6BB,9996258270,Asian Other,2022-02-13,Suspended,0
306,AN0000306,Wei,Thompson,1996-05-12,M,wei.thompson306@example.com,+44 7700 900598,M1 1AD,9999467237,Pakistani,2024-11-14,Withdrawn,1
307,AN0000307,Ethan,Grant,1999-05-22,M,ethan.grant307@example.com,07700900834,L1 2FG,9998331811,Mixed White and Black Caribbean,2020-08-14,Deferred,0
308,AN0000308,Oliver,Bianchi,1994-10-01,F,oliver.bianchi308@example.com,+44 7700 900215,LS1 8JD,9990054363,Black African,2023-01-09,Active,1
309,AN0000309,Priya,Thompson,2005-07-23,M,priya.thompson309@example.com,+44 7700 900129,L1 9BB,9997995635,Black Other,2024-04-20,Active,0
310,AN0000310,Daniel,Ali,1995-07-14,M,daniel.ali310@example.com,+44 7700 900325,M1 8JA,9992397268,Mixed White and Black Caribbean,2017-02-05,Active,1
311,AN0000311,Omar,Whitfield,1999-09-21,M,omar.whitfield311@example.com,+44 7700 900132,BS1 1FD,9997762533,Black Caribbean,2023-02-01,Suspended,0
312,AN0000312,Idris,Fenton,1995-12-07,M,idris.fenton312@example.com,+44 7700 900977,NE1 8EJ,9994063359,Mixed Other,2023-02-26,Suspended,0
313,AN0000313,Erin,Reid,2001-11-04,M,erin.reid313@example.com,+44 7700 900145,SW1A 8AH,9997177312,White British,2022-08-20,Withdrawn,1
314,AN0000314,Tom,Chen,1997-09-12,M,,+44 7700 900785,EH1 3JA,9997262573,White British,2020-01-08,Deferred,0
315,AN0000315,Callum,Lawson,2000-01-07,M,callum.lawson315@example.com,+44 7700 900870,eh19eb,9995085011,Mixed White and Asian,2023-09-30,Active,1
316,AN0000316,Grace,Sharma,1980-07-01,M,grace.sharma316@example.com,07700900892,B15 3GE,9997933559,Black African,2020-02-06,Suspended,1
317,AN0000317,George,Sharma,1993-03-29,F,george.sharma317@example.com,+44 7700 900639,m18fj,9991371168,Bangladeshi,2016-09-16,Active,0
318,AN0000318,Sarah,Nwosu,1999-11-25,F,sarah.nwosu318@example.com,+44 7700 900309,NE1 1FH,9998275679,White British,2019-02-04,Active,0
319,AN0000319,Liam,Okafor,2003-04-11,F,liam.okafor319@example.com,+44 7700 900451,G1 8JJ,9992424370,Mixed White and Black Caribbean,2024-12-28,Active,0
320,AN0000320,Wei,Iqbal,1993-12-20,M,wei.iqbal320@example.com,07700900392,LS1 3DD,9990592748,Mixed White and Black Caribbean,2019-03-10,Active,0
321,AN0000321,Sofia,Murray,1987-12-18,F,sofia.murray321@example.com,+44 7700 900559,NE1 3FB,9996727521,White British,2016-05-22,Activ,1
322,AN0000322,Noah,Murray,1993-12-03,M,noah.murray322@example.com,07700900846,L1 6BJ,9992814063,Asian Other,2019-04-25,Active,1
323,AN0000323,Liam,Cohen,1989-05-12,M,liam.cohen323@example.com,07700900885,EH1 4AB,9997186370,Black Other,2016-08-13,Suspended,0
324,AN0000324,Kai,Novak,1995-11-09,F,kai.novak324@example.com,+44 7700 900481,SW1A 5GG,9997813766,Arab,2020-01-18,Active,0
325,AN0000325,Idris,Khan,1991-03-11,M,idris.khan325@example.com,(0161) 496 2410,LS1 4FJ,9998519616,White British,2020-10-02,Active,1
326,AN0000326,Nadia,Nwosu,1996-06-14,M,nadia.nwosu326@example.com,+44 7700 900952,CF10 5JA,9994947877,Asian Other,2022-03-26,Active,0
327,AN0000327,Wei,Adeyemi,1990-09-21,M,wei.adeyemi327@example.com,07700900394,CF10 3JE,9994719599,Other,2019-05-14,Suspended,1
328,AN0000328,Yusuf,Adeyemi,1994-05-24,M,yusuf.adeyemi328@example.com,+44 7700 900850,BS1 1FD,9992572523,White Irish,2023-01-16,Active,1
329,AN0000329,Nadia,Kaur,2001-08-06,F,nadia.kaur329@example.com,07700900178,NE1 4DB,9992855444,Mixed White and Black Caribbean,2019-12-29,Active,1
330,AN0000330,Hannah,Chen,1995-06-06,F,,+44 7700 900596,CF10 6DB,9998338980,Indian,2016-02-22,Active,1
331,AN0000331,Kai,Byrne,1997-04-18,F,kai.byrne331@example.com,+44 7700 900807,G1 3JG,9993423211,Mixed Other,2017-04-22,Withdrawn,0
332,AN0000332,Liam,Okafor,1999-02-06,M,liam.okafor332@example.com,+44 7700 900133,NE1 1JB,9990140111,Chinese,2024-09-08,Suspended,0
333,AN0000333,Amara,Novak,2001-10-28,M,amara.novak333@example.com,(0161) 496 5544,BS1 6GD,9999389112,White British,2019-12-10,Suspended,0
334,AN0000334,Ruth,Whitfield,1979-09-18,M,ruth.whitfield334@example.com,(0161) 496 2616,b159jg,9992712562,Mixed Other,2019-02-28,Active,0
335,AN0000335,Nadia,Thompson,2001-05-18,F,nadia.thompson335@example.com,+44 7700 900239,L1 6FA,9997164792,Black Caribbean,2024-07-15,Withdrawn,1
336,AN0000336,Fatima,Rossi,1997-12-24,M,fatima.rossi336@example.com,(0161) 496 8793,g13aj,9996781127,Mixed White and Asian,2020-07-26,Active,0
337,AN0000337,Omar,Reid,1998-05-24,M,omar.reid337@example.com,+44 7700 900709,cf102eh,9994994654,Other,2017-11-22,Withdrawn,1
338,AN0000338,Meera,Wright,1998-07-03,M,meera.wright338@example.com,+44 7700 900601,L1 4DA,9990170266,Black Other,2019-02-16,Active,1
339,AN0000339,Grace,Bello,1997-05-12,F,grace.bello339@example.com,07700900306,EH1 8JF,9998800617,Mixed White and Asian,2017-01-29,Active,1
340,AN0000340,Yusuf,Robertson,1995-12-05,M,yusuf.robertson340@example.com,+44 7700 900775,EH1 3JH,9996719782,Other,2020-12-17,Active,0
341,AN0000341,Ethan,Sharma,1997-09-16,F,ethan.sharma341@example.com,07700900461,EH1 6AA,9992559055,Mixed White and Asian,2020-05-22,Active,1
342,AN0000342,Zainab,Iqbal,1997-07-22,M,zainab.iqbal342@example.com,+44 7700 900763,EH1 2BF,9996986403,Other,2020-08-14,Suspended,0
343,AN0000343,Daniel,Robertson,1997-12-16,M,daniel.robertson343@example.com,(0161) 496 2639,B15 6JG,9994563718,Chinese,2022-05-25,Active,1
344,AN0000344,Priya,Mackenzie,1998-02-17,M,,07700900692,M1 6FB,9998763517,Black Caribbean,2022-06-07,Suspended,1
345,AN0000345,Nadia,Novak,1998-10-15,F,nadia.novak345@example.com,+44 7700 900739,ne18da,9998297370,Black African,2022-01-20,Withdrawn,1
346,AN0000346,Kai,Osman,1996-01-31,M,kai.osman346@example.com,+44 7700 900251,B15 3FH,9991364420,Black African,2024-02-24,Withdrawn,0
347,AN0000347,Callum,Ali,1997-01-06,M,callum.ali347@example.com,+44 7700 900947,EH1 8JH,9990324204,Black African,2017-04-10,Deferred,1
348,AN0000348,Leila,Rossi,1989-12-06,F,leila.rossi348@example.com,07700900156,M1 6FB,9996516237,Indian,2017-12-21,Suspended,0
349,AN0000349,Ethan,Novak,1996-03-04,F,ethan.novak349@example.com,(0161) 496 4900,BS1 2GG,9992347643,White Irish,2022-07-05,Active,1
350,AN0000350,Ruth,Thompson,1992-12-21,F,ruth.thompson350@example.com,07700900384,LS1 6JG,9990900345,Mixed White and Asian,2019-07-20,Active,1
351,AN0000351,Erin,Fenton,2003-12-12,M,erin.fenton351@example.com,(0161) 496 7364,SW1A 7FF,9996041778,Mixed Other,2023-09-07,Deferred,1
352,AN0000352,Ruth,Haddad,1996-10-09,M,ruth.haddad352@example.com,+44 7700 900716,ne16ja,9992720638,Black Caribbean,2017-02-15,Active,0
353,AN0000353,Sarah,Nwosu,1992-08-19,F,sarah.nwosu353@example.com,07700900427,L1 8DF,9999543162,Mixed White and Black Caribbean,2018-10-19,Active,1
354,AN0000354,Erin,Robertson,2001-05-19,M,erin.robertson354@example.com,(0161) 496 4747,m18ef,9992069694,Black African,2022-05-25,Active,0
355,AN0000355,Zainab,Nwosu,2003-05-09,F,zainab.nwosu355@example.com,07700900564,L1 2EE,9994476262,Chinese,2022-05-12,Suspended,0
356,AN0000356,Hannah,Mackenzie,1995-11-26,F,hannah.mackenzie356@example.com,+44 7700 900911,LS1 1FF,9997359712,White British,2024-02-24,Active,0
357,AN0000357,Yusuf,Cohen,1999-06-28,F,yusuf.cohen357@example.com,07700900853,BS1 5BB,9990537593,White Irish,2023-10-09,Active,1
358,AN0000358,Ethan,Bello,1997-09-24,F,ethan.bello358@example.com,+44 7700 900672,SW1A 3FD,9995721589,Mixed Other,2020-04-09,Active,1
359,AN0000359,Sarah,Cohen,1995-10-22,F,sarah.cohen359@example.com,07700900540,EH1 5FG,9992572876,White Irish,2016-06-29,Active,0
360,AN0000360,Priya,Ali,1999-05-29,F,priya.ali360@example.com,+44 7700 900578,CF10 2JA,9998777127,Indian,2018-01-20,Active,0
361,AN0000361,Tom,Abara,1998-12-17,F,tom.abara361@example.com,07700900779,BS1 4AD,9991371508,Black Caribbean,2019-03-09,Withdrawn,0
362,AN0000362,Callum,Iqbal,2003-03-07,M,callum.iqbal362@example.com,+44 7700 900571,L1 8FA,9990975922,Chinese,2022-08-15,Deferred,0
363,AN0000363,Idris,Kaur,1996-02-09,M,idris.kaur363@example.com,07700900716,CF10 2HF,9996103269,Mixed White and Asian,2019-03-04,Active,0
364,AN0000364,Sarah,Mackenzie,1997-01-31,M,sarah.mackenzie364@example.com,+44 7700 900198,G1 9EJ,9996749967,White Other,2021-07-03,Deferred,1
365,AN0000365,Idris,Iqbal,2002-04-15,F,idris.iqbal365@example.com,+44 7700 900625,G1 8ED,9998814766,White Other,2022-11-19,Deferred,1
366,AN0000366,Isla,Chen,1989-01-11,M,isla.chen366@example.com,07700900402,BS1 1BA,9994549189,White British,2017-06-07,Active,1
367,AN0000367,Amara,Fenton,1993-12-29,M,amara.fenton367@example.com,+44 7700 900821,eh16jj,9999416802,White British,2018-01-16,Active,0
368,AN0000368,James,Nwosu,1997-09-22,F,james.nwosu368@example.com,(0161) 496 8974,EH1 6HF,9992031034,White British,2023-05-10,Active,1
369,AN0000369,Noah,Chen,2001-09-08,M,noah.chen369@example.com,+44 7700 900888,L1 3JH,9997933494,Mixed White and Asian,2023-04-15,Active,1
370,AN0000370,James,Thompson,1993-06-25,F,james.thompson370@example.com,(0161) 496 5764,SW1A 8HJ,9999730809,Mixed Other,2023-01-26,Suspended,1
371,AN0000371,Sofia,Byrne,1990-06-09,F,sofia.byrne371@example.com,+44 7700 900737,G1 8HA,9993757381,Asian Other,2019-01-02,Suspended,1
372,AN0000372,Kai,Bello,1995-05-20,M,kai.bello372@example.com,(0161) 496 7395,cf106jd,9994172239,Bangladeshi,2024-01-08,Suspended,1
373,AN0000373,Sarah,Fenton,1995-04-03,M,sarah.fenton373@example.com,+44 7700 900148,sw1a6fg,9992801565,Indian,2020-08-30,Suspended,0
374,AN0000374,Sarah,Rossi,1993-03-01,F,sarah.rossi374@example.com,07700900887,SW1A 9FD,9998910773,Indian,2018-07-06,Active,0
375,AN0000375,Hannah,Rossi,1990-05-04,M,hannah.rossi375@example.com,07700900991,b156df,9998712556,Pakistani,2016-06-20,Active,0
376,AN0000376,Oliver,Haddad,2006-04-17,F,oliver.haddad376@example.com,+44 7700 900617,ls12fg,9996532860,Asian Other,2024-08-16,Active,1
377,AN0000377,Nadia,Reid,1994-11-18,F,nadia.reid377@example.com,(0161) 496 8251,LS1 1BB,9996260607,Pakistani,2020-08-03,Suspended,0
378,AN0000378,Noah,Murray,1996-03-31,F,noah.murray378@example.com,+44 7700 900797,NE1 5GG,9994892673,Chinese,2024-12-16,Suspended,1
379,AN0000379,Ruth,Iqbal,1996-03-19,M,ruth.iqbal379@example.com,(0161) 496 2380,sw1a9gh,9992884312,Black Caribbean,2024-10-06,Suspended,1
380,AN0000380,Chloe,Kaur,1999-10-07,F,chloe.kaur380@example.com,+44 7700 900892,EH1 7BA,9994851012,Arab,2017-10-17,Active,0
381,AN0000381,Oliver,Cohen,1988-11-07,M,oliver.cohen381@example.com,+44 7700 900391,BS1 3HE,9998935717,Pakistani,2018-08-25,Withdrawn,1
382,AN0000382,Hannah,Haddad,1997-11-04,F,hannah.haddad382@example.com,(0161) 496 8802,b158bg,9996988643,Other,2016-12-01,Withdrawn,1
383,AN0000383,Oliver,Murray,1991-12-04,M,oliver.murray383@example.com,+44 7700 900230,l18db,9997702859,Indian,2021-06-28,Suspended,1
384,AN0000384,Sarah,Thompson,1992-10-02,M,sarah.thompson384@example.com,07700900220,G1 5GF,9990229600,Black Caribbean,2020-02-22,Active,0
385,AN0000385,Amara,Doyle,1999-04-22,M,amara.doyle385@example.com,07700900169,SW1A 7JF,9995679221,Arab,2024-04-17,Deferred,1
386,AN0000386,Leila,Grant,2003-05-18,M,leila.grant386@example.com,07700900780,BS1 7HE,9995807416,Bangladeshi,2017-09-02,Withdrawn,0
387,AN0000387,Hassan,Kaur,1991-12-13,M,hassan.kaur387@example.com,07700900187,b159ae,9994339710,Black Other,2024-12-05,Active,0
388,AN0000388,Meera,Abara,1992-08-30,M,meera.abara388@example.com,+44 7700 900980,NE1 6HF,9991824227,Black African,2016-04-05,Deferred,0
389,AN0000389,Wei,Mackenzie,1992-05-07,M,wei.mackenzie389@example.com,07700900433,LS1 1AF,9991033998,Asian Other,2020-07-26,Active,1
390,AN0000390,Sarah,Adeyemi,1993-01-16,F,sarah.adeyemi390@example.com,+44 7700 900129,CF10 4AF,9999138241,Mixed Other,2016-09-05,Active,0
391,AN0000391,Yusuf,Kaur,2000-06-04,F,yusuf.kaur391@example.com,07700900272,B15 9HJ,9997942000,Other,2021-08-11,Active,1
392,AN0000392,Hannah,Novak,1996-12-24,F,hannah.novak392@example.com,+44 7700 900856,NE1 2FB,9999855474,Black African,2020-04-06,Active,1
393,AN0000393,Daniel,Whitfield,1993-09-17,M,daniel.whitfield393@example.com,(0161) 496 3190,sw1a8aa,9996876810,White Other,2021-02-26,Suspended,0
394,AN0000394,Erin,Doyle,1998-05-16,F,erin.doyle394@example.com,(0161) 496 7166,BS1 6HD,9990175373,White British,2023-07-13,Active,0
395,AN0000395,Chloe,Adeyemi,1994-02-23,M,chloe.adeyemi395@example.com,+44 7700 900728,EH1 4EJ,9990479305,Chinese,2023-08-19,Deferred,1
396,AN0000396,Sarah,Abara,1991-06-05,F,sarah.abara396@example.com,+44 7700 900298,bs13bd,9992493844,Chinese,2019-02-10,Deferred,0
397,AN0000397,Ruth,Novak,1994-08-21,F,ruth.novak397@example.com,+44 7700 900537,SW1A 6HH,9998775809,Asian Other,2021-12-22,Active,1
398,AN0000398,Kai,Haddad,1996-07-17,M,kai.haddad398@example.com,+44 7700 900442,M1 1EH,9993325414,Indian,2021-12-20,Active,1
399,AN0000399,Nadia,Fenton,1988-10-25,F,nadia.fenton399@example.com,+44 7700 900584,B15 6AG,9993199710,Arab,2016-04-08,Suspended,0
400,AN0000400,Liam,Sharma,1991-12-13,M,liam.sharma400@example.com,07700900163,L1 1FH,9990804664,Indian,2016-05-16,Suspended,1
401,AN0000401,Fatima,Abara,1994-09-22,F,fatima.abara401@example.com,+44 7700 900914,CF10 2GA,9995931109,White Other,2022-09-21,Suspended,0
402,AN0000402,Erin,Osman,1988-09-19,F,erin.osman402@example.com,+44 7700 900592,BS1 8DE,9990024960,Mixed White and Black Caribbean,2017-05-31,Active,0
403,AN0000403,Wei,Patel,1991-12-31,F,wei.patel403@example.com,+44 7700 900108,NE1 3AE,9999599591,Black Caribbean,2019-06-18,Active,1
404,AN0000404,Amara,Thompson,2002-05-30,M,amara.thompson404@example.com,(0161) 496 4654,B15 8EE,9995636204,Mixed White and Black Caribbean,2021-02-03,Active,0
405,AN0000405,Zainab,Okafor,2003-01-13,F,zainab.okafor405@example.com,+44 7700 900746,BS1 6AA,9994234250,Asian Other,2022-03-22,Active,0
406,AN0000406,James,Nwosu,1999-12-02,M,james.nwosu406@example.com,+44 7700 900906,M1 6EF,9995528967,White Other,2018-12-08,Active,0
407,AN0000407,Erin,Reid,1996-03-17,F,erin.reid407@example.com,07700900425,bs17ea,9999384250,Asian Other,2017-06-19,Active,1
408,AN0000408,Yusuf,Chen,1994-01-11,M,yusuf.chen408@example.com,07700900903,l12dh,9998578728,Black Other,2021-09-12,Withdrawn,1
409,AN0000409,Ethan,Murray,1991-09-29,F,ethan.murray409@example.com,+44 7700 900510,BS1 1EE,9997363469,Mixed White and Asian,2021-06-02,Suspended,0
410,AN0000410,Kai,Doyle,1997-06-09,M,kai.doyle410@example.com,+44 7700 900186,EH1 8GE,9997895673,Arab,2020-03-12,Active,1
411,AN0000411,Zainab,Fenton,1998-03-18,F,zainab.fenton411@example.com,+44 7700 900552,B15 5BG,9994888145,Asian Other,2021-07-30,Active,0
412,AN0000412,Liam,Iqbal,1990-03-01,F,liam.iqbal412@example.com,+44 7700 900437,eh15fe,9992840447,Mixed White and Black Caribbean,2016-06-05,Deferred,1
413,AN0000413,Callum,Doyle,1994-07-03,F,callum.doyle413@example.com,07700900879,ls17ee,9993738980,Arab,2022-07-03,Withdrawn,1
414,AN0000414,Daniel,Fenton,1993-09-17,F,daniel.fenton414@example.com,07700900814,CF10 4JJ,9990529248,White British,2016-12-17,Active,1
415,AN0000415,Daniel,Ali,1996-02-24,F,daniel.ali415@example.com,+44 7700 900123,BS1 1DD,9996361861,Chinese,2020-09-12,Active,0
416,AN0000416,Daniel,Osman,1992-08-27,M,daniel.osman416@example.com,+44 7700 900791,NE1 3AJ,9994817051,White British,2021-01-23,Active,1
417,AN0000417,Yusuf,Reid,1996-05-26,M,yusuf.reid417@example.com,+44 7700 900528,L1 2HE,9993467294,Black Caribbean,2020-08-09,Suspended,0
418,AN0000418,Ethan,Murray,1998-04-23,M,ethan.murray418@example.com,+44 7700 900246,L1 2HE,9999777902,White Other,2023-09-06,Active,1
419,AN0000419,Zainab,Murray,2001-06-11,M,zainab.murray419@example.com,+44 7700 900283,BS1 7JH,9992916036,Bangladeshi,2023-12-24,Active,1
420,AN0000420,Leila,Reid,1987-06-18,F,leila.reid420@example.com,+44 7700 900880,ne12gb,9998567246,Chinese,2016-09-30,Suspended,0
421,AN0000421,Oliver,Okafor,1988-03-10,F,oliver.okafor421@example.com,+44 7700 900508,B15 7AA,9992577711,White Other,2016-10-26,Suspended,0
422,AN0000422,Ruth,Grant,1992-03-13,M,ruth.grant422@example.com,+44 7700 900118,BS1 2DF,9996210421,Arab,2017-07-28,Active,0
423,AN0000423,Tom,Murray,1987-08-29,M,tom.murray423@example.com,+44 7700 900148,NE1 2HF,9999006337,Mixed White and Black Caribbean,2016-05-21,Active,0
424,AN0000424,Liam,Okafor,2002-09-20,F,liam.okafor424@example.com,(0161) 496 2035,B15 2DD,9998155835,Chinese,2020-09-23,Suspended,1
425,AN0000425,Nadia,Thompson,1997-06-20,F,nadia.thompson425@example.com,+44 7700 900115,CF10 6AH,9993149500,White Other,2018-08-09,Active,1
426,AN0000426,Isla,Bianchi,1997-08-02,M,isla.bianchi426@example.com,+44 7700 900197,BS1 6HD,9995715090,Arab,2022-09-18,Active,0
427,AN0000427,Ethan,Osman,2005-08-02,M,ethan.osman427@example.com,07700900227,eh14he,9990257434,Pakistani,2023-11-26,Active,0
428,AN0000428,Noah,Sharma,1989-01-24,F,noah.sharma428@example.com,+44 7700 900425,sw1a9hf,9993553387,White Irish,2018-09-02,Withdrawn,0
429,AN0000429,Idris,Novak,1994-07-07,F,idris.novak429@example.com,07700900287,L1 1BJ,9993023213,Bangladeshi,2023-10-22,Suspended,0
430,AN0000430,Fatima,Wright,1992-03-27,F,fatima.wright430@example.com,+44 7700 900302,B15 7DE,9999734715,Mixed White and Black Caribbean,2016-11-16,Active,1
431,AN0000431,Amara,Patel,1996-04-03,F,amara.patel431@example.com,07700900939,L1 1HH,9994982826,Black African,2020-12-12,Active,1
432,AN0000432,Isla,Grant,1994-05-28,F,isla.grant432@example.com,+44 7700 900239,L1 4DE,9998576660,Mixed White and Black Caribbean,2019-03-06,Active,1
433,AN0000433,Isla,Kaur,2003-01-13,M,isla.kaur433@example.com,(0161) 496 3039,CF10 3EH,9995875063,Mixed Other,2022-08-06,Withdrawn,0
434,AN0000434,Fatima,Patel,1993-05-12,M,fatima.patel434@example.com,+44 7700 900566,LS1 5ED,9991669183,Chinese,2016-05-21,Active,0
435,AN0000435,Hannah,Haddad,1989-06-06,F,hannah.haddad435@example.com,07700900851,CF10 2BG,9994364022,Other,2018-11-01,Active,0
436,AN0000436,Liam,Bianchi,1999-02-02,F,liam.bianchi436@example.com,07700900850,CF10 3DG,9992372818,Arab,2023-10-23,Suspended,0
437,AN0000437,Amara,Whitfield,1987-06-04,M,amara.whitfield437@example.com,+44 7700 900992,CF10 8BD,9990937710,White British,2016-08-29,Active,1
438,AN0000438,Chloe,Okafor,1996-06-02,M,,+44 7700 900910,SW1A 7FJ,9995965550,Black Other,2023-06-18,Deferred,0
439,AN0000439,Zainab,Novak,1996-05-27,F,zainab.novak439@example.com,(0161) 496 2641,SW1A 8HD,9991843574,Other,2020-06-20,Suspended,1
440,AN0000440,Leila,Whitfield,1987-08-08,M,leila.whitfield440@example.com,07700900994,sw1a6je,9996915670,Indian,2016-01-13,Withdrawn,1
441,AN0000441,Isla,Bello,1989-01-02,M,isla.bello441@example.com,+44 7700 900915,M1 5JD,9991783334,Bangladeshi,2018-03-10,Deferred,0
442,AN0000442,Sarah,Haddad,2005-10-23,F,sarah.haddad442@example.com,(0161) 496 5593,b155jb,9998715393,White Other,2024-01-10,Withdrawn,1
443,AN0000443,Callum,Reid,1994-07-12,F,callum.reid443@example.com,(0161) 496 4662,EH1 2FB,9995931958,Pakistani,2024-01-17,Deferred,1
444,AN0000444,Callum,Osman,2005-11-02,M,callum.osman444@example.com,07700900294,cf107gg,9996087522,Black Caribbean,2024-04-06,Deferred,0
445,AN0000445,Meera,Novak,2000-09-21,M,meera.novak445@example.com,07700900969,SW1A 6FB,9999737463,White Irish,2021-02-09,Deferred,1
446,AN0000446,Wei,Doyle,2002-09-25,M,wei.doyle446@example.com,(0161) 496 3933,L1 7FD,9998656753,Mixed White and Asian,2024-01-14,Active,0
447,AN0000447,Ethan,Khan,1996-11-30,F,ethan.khan447@example.com,+44 7700 900431,bs11fj,9993330590,Indian,2019-03-05,Withdrawn,0
448,AN0000448,Callum,Haddad,2003-07-22,M,callum.haddad448@example.com,+44 7700 900585,LS1 1BG,9992630132,Mixed White and Asian,2023-08-15,Active,1
449,AN0000449,Ruth,Bello,1989-06-04,M,ruth.bello449@example.com,07700900985,CF10 5JG,9991117830,White British,2017-12-07,Suspended,1
450,AN0000450,George,Murray,2005-02-11,F,george.murray450@example.com,+44 7700 900760,CF10 5DB,9998871891,Indian,2024-05-10,Deferred,0
451,AN0000451,Leila,Lawson,1997-01-27,M,,07700900919,G1 2AD,9992184019,Indian,2017-04-25,Suspended,1
452,AN0000452,Zainab,Rossi,1993-12-08,M,zainab.rossi452@example.com,+44 7700 900631,EH1 9JD,9995859882,Chinese,2017-12-03,Withdrawn,0
453,AN0000453,Leila,Doyle,1995-06-19,M,leila.doyle453@example.com,+44 7700 900976,B15 3EG,9999618448,Mixed White and Asian,2016-07-02,Withdrawn,0
454,AN0000454,Callum,Grant,1994-05-09,M,callum.grant454@example.com,07700900172,EH1 4GD,9992566094,Asian Other,2016-12-07,Active,1
455,AN0000455,Sarah,Rossi,1988-06-25,F,sarah.rossi455@example.com,+44 7700 900755,M1 6GF,9993401633,Mixed White and Asian,2017-03-26,Active,0
456,AN0000456,Amara,Wright,2001-06-30,M,amara.wright456@example.com,07700900817,BS1 5FB,9992562587,Mixed White and Asian,2024-03-02,Active,0
457,AN0000457,George,Okafor,1997-07-01,M,george.okafor457@example.com,+44 7700 900681,eh11ge,9996727572,Black Caribbean,2023-09-13,Active,1
458,AN0000458,Ethan,Murray,1996-06-16,F,ethan.murray458@example.com,+44 7700 900420,M1 2BE,9992901489,Other,2018-07-26,Deferred,0
459,AN0000459,Nadia,Novak,1992-07-13,F,nadia.novak459@example.com,+44 7700 900801,ne12ha,9999097286,Asian Other,2021-09-14,Active,0
460,AN0000460,Zainab,Doyle,1991-01-07,M,zainab.doyle460@example.com,+44 7700 900488,LS1 6BG,9993814474,Black Caribbean,2017-06-30,Active,0
461,AN0000461,James,Khan,1995-07-18,M,james.khan461@example.com,(0161) 496 9446,SW1A 8JA,9999754511,White British,2023-01-29,Active,0
462,AN0000462,Callum,Iqbal,1996-07-04,F,callum.iqbal462@example.com,+44 7700 900641,NE1 3HB,9995456281,Black African,2016-02-06,Active,1
463,AN0000463,Leila,Doyle,2000-09-28,F,leila.doyle463@example.com,07700900105,G1 4BE,9992665025,Chinese,2020-12-04,Active,1
464,AN0000464,Sarah,Haddad,1994-10-22,M,sarah.haddad464@example.com,+44 7700 900882,CF10 9HD,9991022589,White British,2021-06-26,Deferred,0
465,AN0000465,Priya,Novak,1995-11-03,F,priya.novak465@example.com,+44 7700 900388,l12he,9993637181,Bangladeshi,2019-11-02,Active,0
466,AN0000466,Fatima,Thompson,1993-06-11,F,fatima.thompson466@example.com,(0161) 496 3395,CF10 1EB,9996684334,Black Other,2017-06-25,Active,1
467,AN0000467,Priya,Wright,1992-09-25,F,priya.wright467@example.com,+44 7700 900472,EH1 6HE,9993474916,Mixed Other,2020-10-15,Active,1
468,AN0000468,Meera,Iqbal,1997-08-09,M,meera.iqbal468@example.com,07700900799,ne13gg,9995989530,Black African,2019-10-01,Active,1
469,AN0000469,Liam,Lawson,1997-01-13,M,liam.lawson469@example.com,07700900770,B15 4JB,9998954738,Pakistani,2017-03-11,Active,0
470,AN0000470,Tom,Haddad,1992-11-01,F,tom.haddad470@example.com,(0161) 496 8347,M1 7BJ,9998029422,Black Caribbean,2022-03-04,Active,0
471,AN0000471,Idris,Murray,1988-08-05,F,idris.murray471@example.com,07700900991,ne12dj,9996866947,Chinese,2018-02-18,Active,0
472,AN0000472,Amara,Osman,1991-06-13,F,amara.osman472@example.com,07700900837,NE1 5FE,9994812300,Asian Other,2018-06-11,Active,0
473,AN0000473,Noah,Chen,1998-09-30,M,noah.chen473@example.com,07700900354,b159ba,9992694505,White British,2019-02-11,Deferred,1
474,AN0000474,Fatima,Khan,1998-10-15,M,fatima.khan474@example.com,07700900988,BS1 2HF,9999837352,Black African,2019-02-19,Active,1
475,AN0000475,Wei,Grant,1989-01-03,F,wei.grant475@example.com,+44 7700 900590,M1 8DJ,9992397241,White British,2018-08-07,Active,0
476,AN0000476,Erin,Nwosu,1992-03-04,M,erin.nwosu476@example.com,+44 7700 900536,b158hb,9992091665,White British,2020-06-02,Active,0
477,AN0000477,Chloe,Doyle,2005-01-19,M,chloe.doyle477@example.com,07700900374,LS1 1AB,9995132796,Arab,2023-03-24,Deferred,0
478,AN0000478,Isla,Cohen,2001-01-15,M,isla.cohen478@example.com,07700900373,NE1 2AA,9994186205,Asian Other,2021-05-15,Active,0
479,AN0000479,Nadia,Robertson,1994-04-07,M,nadia.robertson479@example.com,(0161) 496 7303,M1 8DB,9994519514,Mixed White and Black Caribbean,2017-08-26,Active,0
480,AN0000480,Grace,Chen,1993-04-08,F,grace.chen480@example.com,07700900795,CF10 3FF,9991475419,White British,2017-12-30,Deferred,0
481,AN0000481,Chloe,Kaur,1994-06-14,F,chloe.kaur481@example.com,+44 7700 900915,L1 2BH,9994215221,Mixed White and Asian,2017-08-23,Active,1
482,AN0000482,Meera,Haddad,1991-11-02,F,meera.haddad482@example.com,+44 7700 900769,B15 7HJ,9997883616,Mixed Other,2021-05-25,Suspended,0
483,AN0000483,Ruth,Byrne,1995-08-25,M,ruth.byrne483@example.com,(0161) 496 1281,G1 9JD,9990552479,Pakistani,2018-08-21,Deferred,1
484,AN0000484,Fatima,Whitfield,2000-05-02,M,fatima.whitfield484@example.com,(0161) 496 3344,CF10 1HG,9991917926,White British,2018-07-08,Active,1
485,AN0000485,Wei,Byrne,1999-09-28,F,wei.byrne485@example.com,+44 7700 900286,L1 3FJ,9995704129,White Irish,2018-09-30,Withdrawn,0
486,AN0000486,Grace,Bianchi,1991-09-26,M,grace.bianchi486@example.com,+44 7700 900533,l19ff,9996241866,Pakistani,2017-12-11,Withdrawn,0
487,AN0000487,Callum,Bello,2002-12-27,M,callum.bello487@example.com,(0161) 496 2264,L1 8GH,9992056347,Indian,2016-08-17,Active,0
488,AN0000488,Zainab,Bello,2001-09-15,M,zainab.bello488@example.com,+44 7700 900654,m12ea,9994383035,Black African,2024-09-24,Active,0
489,AN0000489,Hassan,Fenton,2003-05-15,F,hassan.fenton489@example.com,+44 7700 900416,SW1A 6FH,9995652153,Mixed Other,2021-06-04,Withdrawn,0
490,AN0000490,Ethan,Fenton,2004-09-01,F,ethan.fenton490@example.com,+44 7700 900989,sw1a5dd,9991133224,Black Other,2024-09-09,Active,0
491,AN0000491,Daniel,Mackenzie,1992-06-14,M,,(0161) 496 7350,B15 4BD,9997102487,White Other,2020-01-15,Active,0
492,AN0000492,Oliver,Cohen,1995-09-10,M,oliver.cohen492@example.com,+44 7700 900472,g12bd,9997474724,Indian,2017-11-26,Suspended,1
493,AN0000493,Priya,Iqbal,1994-08-28,,priya.iqbal493@example.com,+44 7700 900624,bs16gb,9998740908,Asian Other,2019-03-20,Withdrawn,0
494,AN0000494,Wei,Abara,1994-09-01,M,wei.abara494@example.com,07700900974,m14hj,9995778718,White Other,2017-03-07,Active,0
495,AN0000495,Kai,Reid,1996-03-08,F,kai.reid495@example.com,+44 7700 900424,G1 8EJ,9997082729,Chinese,2020-06-13,Active,0
496,AN0000496,Grace,Bianchi,2001-10-07,F,grace.bianchi496@example.com,(0161) 496 4496,SW1A 4AH,9992121467,White Other,2020-04-06,Active,1
497,AN0000497,Yusuf,Haddad,2000-07-14,M,yusuf.haddad497@example.com,(0161) 496 2514,CF10 6FD,9996778266,Mixed White and Black Caribbean,2021-11-19,Withdrawn,1
498,AN0000498,Hannah,Okafor,1995-01-11,M,hannah.okafor498@example.com,07700900692,BS1 3GG,9997275160,Black African,2022-04-16,Suspended,0
499,AN0000499,Oliver,Doyle,1988-10-17,M,oliver.doyle499@example.com,+44 7700 900863,B15 7DH,9993390550,White British,2017-05-29,Active,1
500,AN0000500,Ethan,Doyle,1987-09-19,F,ethan.doyle500@example.com,+44 7700 900460,G1 9HG,9992765283,Bangladeshi,2017-05-25,Suspended,1
501,AN0000501,Callum,Mackenzie,1993-10-20,F,callum.mackenzie501@example.com,07700900977,m12bb,9999617980,Indian,2023-05-25,Withdrawn,1
502,AN0000502,Ethan,Osman,2006-08-22,F,ethan.osman502@example.com,+44 7700 900895,L1 9HB,9997157664,White British,2025-01-13,Activ,0
503,AN0000503,Ethan,Mackenzie,1990-08-25,F,ethan.mackenzie503@example.com,(0161) 496 7794,B15 1HA,9992589558,Bangladeshi,2019-01-01,Suspended,1
504,AN0000504,Fatima,Rossi,1998-11-07,M,fatima.rossi504@example.com,(0161) 496 8030,LS1 7DH,9998263123,Indian,2020-05-22,Withdrawn,1
505,AN0000505,Hannah,Bianchi,2000-04-09,M,hannah.bianchi505@example.com,(0161) 496 4338,M1 2AH,9999209815,Mixed White and Asian,2023-01-13,Active,0
506,AN0000506,Oliver,Kaur,1999-11-01,M,oliver.kaur506@example.com,07700900327,eh14eh,9991179119,Pakistani,2023-01-30,Active,1
507,AN0000507,Erin,Nwosu,1997-05-11,F,erin.nwosu507@example.com,(0161) 496 4407,CF10 2JA,9997136659,Arab,2017-01-15,Deferred,0
508,AN0000508,Amara,Mackenzie,1995-05-01,M,amara.mackenzie508@example.com,+44 7700 900451,G1 8AD,9994139088,White British,2016-02-11,Suspended,0
509,AN0000509,Tom,Abara,2000-10-18,M,tom.abara509@example.com,+44 7700 900325,M1 3FF,9991584773,Mixed Other,2020-02-03,Suspended,1
510,AN0000510,Kai,Whitfield,1998-07-16,F,kai.whitfield510@example.com,(0161) 496 2685,BS1 5DE,9997676947,Black Other,2018-10-21,Suspended,0
511,AN0000511,Grace,Robertson,1999-01-12,F,grace.robertson511@example.com,+44 7700 900747,M1 8DA,9994964984,Mixed White and Black Caribbean,2020-10-24,Active,0
512,AN0000512,Sarah,Nwosu,1995-05-16,F,sarah.nwosu512@example.com,+44 7700 900320,G1 6DG,9995053799,Black Other,2019-08-14,Active,0
513,AN0000513,Callum,Mackenzie,2001-01-08,M,,+44 7700 900384,BS1 2HH,9995330776,White Irish,2022-09-30,Active,1
514,AN0000514,Sarah,Thompson,2000-08-18,F,sarah.thompson514@example.com,+44 7700 900121,EH1 1AJ,9996088057,White British,2021-01-28,Active,1
515,AN0000515,Sarah,Doyle,2000-08-04,F,sarah.doyle515@example.com,+44 7700 900454,cf102gj,9996477150,Indian,2024-12-31,Active,0
516,AN0000516,Priya,Doyle,1995-12-25,F,,(0161) 496 8138,b153be,9995800403,Indian,2016-02-12,Active,1
517,AN0000517,Liam,Adeyemi,1990-03-06,F,liam.adeyemi517@example.com,07700900241,BS1 8BD,9992967188,Asian Other,2019-09-10,Suspended,1
518,AN0000518,Leila,Patel,1995-06-26,M,leila.patel518@example.com,+44 7700 900884,eh12ge,9990376379,Indian,2019-02-23,Active,0
519,AN0000519,Hannah,Osman,1997-11-01,F,hannah.osman519@example.com,07700900419,L1 3BD,9995679833,Mixed White and Asian,2024-07-16,Active,0
520,AN0000520,George,Haddad,1989-06-05,M,george.haddad520@example.com,+44 7700 900997,M1 2EA,9992407875,Mixed White and Black Caribbean,2017-11-03,Active,0
521,AN0000521,Kai,Rossi,1993-05-09,M,kai.rossi521@example.com,+44 7700 900614,CF10 9GA,9995106639,Black Caribbean,2016-12-10,Active,1
522,AN0000522,Amara,Bello,1992-06-02,F,amara.bello522@example.com,+44 7700 900151,B15 2EB,9990943184,Indian,2019-02-04,Active,0
523,AN0000523,Erin,Bello,1994-04-18,F,erin.bello523@example.com,+44 7700 900325,eh18ed,9995494019,Bangladeshi,2023-11-05,Suspended,1
524,AN0000524,Omar,Mackenzie,2002-06-27,F,omar.mackenzie524@example.com,07700900270,LS1 6JD,9997650247,White Other,2023-09-18,Active,0
525,AN0000525,Grace,Iqbal,1994-04-30,F,grace.iqbal525@example.com,(0161) 496 8742,M1 1AF,9998822114,Black Caribbean,2021-04-24,Deferred,1
526,AN0000526,Oliver,Patel,2000-06-27,F,oliver.patel526@example.com,07700900359,G1 8AG,9995897148,White British,2024-03-28,Active,1
527,AN0000527,Yusuf,Ali,2002-11-27,F,yusuf.ali527@example.com,+44 7700 900691,CF10 6EB,9996148785,Bangladeshi,2023-05-24,Active,1
528,AN0000528,Erin,Cohen,1992-10-25,F,erin.cohen528@example.com,+44 7700 900142,BS1 9GB,9997954107,Other,2020-05-20,Withdrawn,0
529,AN0000529,Oliver,Novak,1991-04-18,M,oliver.novak529@example.com,+44 7700 900395,M1 5AJ,9994910744,White British,2017-09-07,Active,1
530,AN0000530,Leila,Doyle,1997-08-31,M,leila.doyle530@example.com,+44 7700 900390,ne19db,9992369140,Asian Other,2016-01-03,Active,1
531,AN0000531,Kai,Iqbal,1990-04-07,F,kai.iqbal531@example.com,+44 7700 900200,EH1 5FD,9995923424,Mixed Other,2018-10-15,Suspended,0
532,AN0000532,Isla,Mackenzie,1994-03-06,F,isla.mackenzie532@example.com,07700900484,cf102dj,9998575672,Mixed Other,2016-12-16,Active,1
533,AN0000533,James,Reid,2003-09-09,M,james.reid533@example.com,07700900729,eh14gd,9999406262,White British,2022-04-08,Active,1
534,AN0000534,Hannah,Sharma,1998-07-31,M,hannah.sharma534@example.com,+44 7700 900199,EH1 8GA,9999803822,Other,2016-12-12,Active,0
535,AN0000535,Erin,Novak,2002-10-06,F,erin.novak535@example.com,07700900106,L1 4BB,9999181333,Indian,2023-03-05,Active,0
536,AN0000536,Hannah,Wright,1996-11-29,M,hannah.wright536@example.com,+44 7700 900595,LS1 4FJ,9999162029,Pakistani,2020-12-22,Deferred,0
537,AN0000537,Amara,Wright,1994-07-27,M,amara.wright537@example.com,+44 7700 900396,eh12jg,9996617661,Pakistani,2024-04-25,Active,1
538,AN0000538,Oliver,Thompson,1998-04-30,F,oliver.thompson538@example.com,+44 7700 900766,BS1 8AG,9997740254,Chinese,2022-04-30,Active,1
539,AN0000539,Ethan,Byrne,1989-10-05,F,ethan.byrne539@example.com,07700900676,g18df,9994617672,Bangladeshi,2017-12-15,Suspended,1
540,AN0000540,Wei,Murray,1991-11-02,F,wei.murray540@example.com,07700900949,CF10 2AA,9992311770,Black Other,2019-08-20,Deferred,0
541,AN0000541,Chloe,Fenton,2003-01-30,M,chloe.fenton541@example.com,07700900493,CF10 2AF,9991759026,Black Other,2024-03-19,Active,1
542,AN0000542,Callum,Chen,1995-05-21,M,callum.chen542@example.com,+44 7700 900602,l15ee,9996831906,Indian,2023-02-23,Active,0
543,AN0000543,Idris,Chen,1992-07-02,M,idris.chen543@example.com,+44 7700 900798,NE1 8EE,9997855981,Pakistani,2016-01-22,Deferred,0
544,AN0000544,Oliver,Haddad,1998-12-05,M,oliver.haddad544@example.com,+44 7700 900629,EH1 2BJ,9999850340,Black African,2023-01-05,Active,1
545,AN0000545,Liam,Abara,1995-09-05,M,liam.abara545@example.com,(0161) 496 9192,EH1 7AB,9994005642,Chinese,2017-10-08,Active,0
546,AN0000546,Wei,Whitfield,1992-09-09,M,wei.whitfield546@example.com,+44 7700 900174,BS1 1GB,9999918727,Black African,2022-02-18,Withdrawn,0
547,AN0000547,Sarah,Sharma,1995-04-09,F,,+44 7700 900410,b151aa,9996821714,Mixed White and Black Caribbean,2021-07-27,Active,0
548,AN0000548,Daniel,Haddad,1995-05-04,M,daniel.haddad548@example.com,07700900332,CF10 9AA,9993010278,Bangladeshi,2016-08-25,Active,0
549,AN0000549,Daniel,Iqbal,1994-06-06,F,,+44 7700 900507,L1 2BB,9998375371,Black Caribbean,2022-10-03,Active,1
550,AN0000550,Yusuf,Kaur,1992-05-19,F,yusuf.kaur550@example.com,07700900615,m11gh,9999741320,Asian Other,2018-09-27,Active,0
551,AN0000551,Sarah,Iqbal,2004-02-03,M,sarah.iqbal551@example.com,07700900765,L1 2AJ,9994496417,White Irish,2024-02-17,Active,1
552,AN0000552,Meera,Okafor,1995-09-07,M,meera.okafor552@example.com,+44 7700 900488,LS1 7AF,9995095491,Chinese,2020-04-16,Deferred,0
553,AN0000553,Daniel,Khan,1998-05-21,M,daniel.khan553@example.com,(0161) 496 7358,EH1 9JH,9999842674,Asian Other,2022-12-20,Active,0
554,AN0000554,George,Fenton,2001-07-19,M,george.fenton554@example.com,07700900402,G1 7AF,9994901494,Black Other,2023-08-27,Deferred,1
555,AN0000555,Yusuf,Nwosu,1995-12-20,F,yusuf.nwosu555@example.com,+44 7700 900137,G1 8EH,9991498516,Arab,2020-12-22,Active,1
556,AN0000556,Chloe,Fenton,1996-06-01,M,chloe.fenton556@example.com,+44 7700 900278,ls11eb,9992879505,Asian Other,2019-02-05,Active,1
557,AN0000557,George,Okafor,1999-11-12,M,george.okafor557@example.com,07700900458,M1 2JB,9993359564,White Other,2023-08-10,Withdrawn,1
558,AN0000558,Erin,Mackenzie,1999-02-27,F,erin.mackenzie558@example.com,+44 7700 900517,G1 8FA,9990429014,Chinese,2017-08-09,Deferred,1
559,AN0000559,Ethan,Murray,1995-01-23,F,ethan.murray559@example.com,(0161) 496 7206,bs11dh,9991139893,Mixed Other,2024-10-03,Suspended,0
560,AN0000560,Yusuf,Lawson,2003-04-08,F,yusuf.lawson560@example.com,+44 7700 900299,BS1 5EG,9995375133,Arab,2021-12-01,Withdrawn,1
561,AN0000561,Zainab,Byrne,1993-04-03,M,zainab.byrne561@example.com,(0161) 496 8932,BS1 4JH,9999445519,White Other,2019-12-12,Active,1
562,AN0000562,Ethan,Chen,1997-03-13,M,ethan.chen562@example.com,(0161) 496 1254,ls12hf,9997120604,Bangladeshi,2022-06-17,Active,0
563,AN0000563,Ethan,Abara,1997-05-11,F,ethan.abara563@example.com,+44 7700 900813,NE1 4FB,9995999102,White Other,2021-12-08,Withdrawn,1
564,AN0000564,Oliver,Reid,1991-12-21,F,oliver.reid564@example.com,+44 7700 900588,LS1 3BD,9997289412,Asian Other,2020-08-01,Active,1
565,AN0000565,Daniel,Sharma,1995-08-10,F,,+44 7700 900493,G1 3DA,9993684996,Black Other,2022-04-29,Active,1
566,AN0000566,Isla,Nwosu,1994-12-16,F,isla.nwosu566@example.com,+44 7700 900273,eh15be,9992138823,White British,2017-04-30,Suspended,0
567,AN0000567,Erin,Rossi,2001-01-13,F,erin.rossi567@example.com,(0161) 496 1422,g14fh,9998274117,Arab,2022-01-12,Active,1
568,AN0000568,George,Byrne,1995-05-21,F,george.byrne568@example.com,(0161) 496 4644,M1 6DG,9998150612,Black Other,2017-07-14,Active,0
569,AN0000569,Noah,Kaur,1994-11-28,F,noah.kaur569@example.com,(0161) 496 4607,B15 5JD,9992742313,Chinese,2016-02-02,Active,1
570,AN0000570,Liam,Patel,1994-12-24,M,liam.patel570@example.com,+44 7700 900804,EH1 7EG,9992434775,Mixed White and Asian,2022-04-03,Suspended,1
571,AN0000571,Sofia,Patel,2000-01-07,M,,(0161) 496 5706,cf108ge,9991275150,Mixed White and Asian,2019-04-25,Withdrawn,0
572,AN0000572,Chloe,Lawson,1995-11-12,M,chloe.lawson572@example.com,+44 7700 900374,NE1 4HA,9995456672,Mixed Other,2021-06-04,Active,1
573,AN0000573,Kai,Sharma,1993-09-19,F,kai.sharma573@example.com,07700900146,EH1 8HE,9992831995,Black Other,2019-01-04,Active,0
574,AN0000574,Omar,Okafor,2000-11-19,F,omar.okafor574@example.com,(0161) 496 2039,SW1A 9EG,9992863420,Mixed White and Black Caribbean,2024-12-30,Active,1
575,AN0000575,Tom,Rossi,2003-03-21,M,tom.rossi575@example.com,(0161) 496 9627,M1 9HJ,9994403303,Black African,2024-03-22,Withdrawn,0
576,AN0000576,Hannah,Fenton,1991-09-10,M,hannah.fenton576@example.com,(0161) 496 5423,M1 2BH,9998921961,Chinese,2020-03-27,Deferred,1
577,AN0000577,Idris,Cohen,1994-10-02,F,idris.cohen577@example.com,+44 7700 900307,M1 5JH,9991368477,Black Caribbean,2020-10-07,Withdrawn,0
578,AN0000578,Callum,Okafor,1992-01-15,F,callum.okafor578@example.com,07700900831,M1 8EA,9993757918,Black Caribbean,2021-07-28,Active,0
579,AN0000579,Idris,Kaur,1997-02-28,M,idris.kaur579@example.com,+44 7700 900601,BS1 4BD,9997893077,Black African,2016-12-08,Active,1
580,AN0000580,Omar,Cohen,1999-04-01,F,omar.cohen580@example.com,(0161) 496 5393,B15 9JJ,9991161627,White British,2017-09-08,Active,0
581,AN0000581,Amara,Whitfield,2001-11-12,F,amara.whitfield581@example.com,+44 7700 900741,NE1 8DH,9994164481,Black Other,2020-11-27,Suspended,1
582,AN0000582,Hassan,Kaur,1997-06-19,M,hassan.kaur582@example.com,(0161) 496 7082,NE1 5JJ,9995622718,White British,2017-11-10,Active,0
583,AN0000583,Tom,Murray,1990-06-05,F,tom.murray583@example.com,+44 7700 900739,l13bg,9993503444,Mixed Other,2017-01-19,Suspended,1
584,AN0000584,Zainab,Bello,2000-04-04,M,zainab.bello584@example.com,+44 7700 900256,M1 4FD,9991289658,Black African,2024-08-07,Activ,1
585,AN0000585,Tom,Nwosu,1994-09-27,M,tom.nwosu585@example.com,(0161) 496 3400,LS1 3JA,9990287678,Black Other,2016-01-11,Active,0
586,AN0000586,Fatima,Rossi,1995-11-19,F,fatima.rossi586@example.com,+44 7700 900958,NE1 6BE,9994268775,Black African,2020-05-29,Withdrawn,0
587,AN0000587,Sofia,Lawson,1992-05-30,M,sofia.lawson587@example.com,+44 7700 900474,l16he,9993652032,Arab,2020-11-18,Active,0
588,AN0000588,James,Osman,1996-05-12,F,james.osman588@example.com,(0161) 496 9237,sw1a5af,9996044092,White British,2019-06-25,Deferred,1
589,AN0000589,Grace,Kaur,1995-11-14,F,grace.kaur589@example.com,07700900763,NE1 2AG,9992221615,White Irish,2021-02-04,Active,0
590,AN0000590,Daniel,Thompson,1999-11-04,M,daniel.thompson590@example.com,+44 7700 900788,G1 3GA,9996601382,Pakistani,2022-02-06,Withdrawn,1
591,AN0000591,Liam,Nwosu,2002-08-06,M,liam.nwosu591@example.com,07700900519,LS1 1FF,9991579192,Arab,2020-12-21,Active,0
592,AN0000592,Kai,Byrne,1988-12-10,M,kai.byrne592@example.com,+44 7700 900741,sw1a3ae,9994324470,Black African,2018-01-17,Active,1
593,AN0000593,Zainab,Osman,1996-05-11,F,zainab.osman593@example.com,(0161) 496 3793,SW1A 7DE,9996543587,Black African,2020-01-29,Active,0
594,AN0000594,George,Whitfield,1999-03-19,M,george.whitfield594@example.com,07700900746,LS1 8DJ,9995512548,Bangladeshi,2021-03-30,Active,0
595,AN0000595,Chloe,Okafor,1993-04-20,F,chloe.okafor595@example.com,07700900584,B15 5GG,9996403815,Mixed Other,2020-12-03,Active,1
596,AN0000596,Hassan,Robertson,2004-06-07,M,hassan.robertson596@example.com,(0161) 496 9586,b153dg,9990142572,Mixed White and Asian,2022-08-26,Active,1
597,AN0000597,James,Novak,1996-06-04,F,james.novak597@example.com,+44 7700 900289,b154hb,9992850728,Mixed White and Black Caribbean,2017-08-27,Active,1
598,AN0000598,Sofia,Novak,1991-02-21,F,sofia.novak598@example.com,07700900951,L1 4BH,9992654694,Mixed White and Asian,2020-06-02,Suspended,0
599,AN0000599,Zainab,Patel,1994-06-29,M,zainab.patel599@example.com,(0161) 496 3918,B15 6GG,9996156265,Pakistani,2023-07-06,Active,1
600,AN0000600,Callum,Novak,2003-01-13,F,callum.novak600@example.com,+44 7700 900507,NE1 2JB,9991602526,Mixed White and Asian,2021-05-22,Withdrawn,1
601,AN0000601,James,Patel,1994-10-15,F,james.patel601@example.com,07700900410,CF10 5BJ,9997585127,Mixed Other,2023-05-02,Suspended,1
602,AN0000602,Yusuf,Novak,1996-11-24,F,yusuf.novak602@example.com,(0161) 496 5224,B15 9JH,9994017756,White Irish,2016-11-23,Suspended,1
603,AN0000603,George,Haddad,1991-05-22,M,george.haddad603@example.com,07700900283,EH1 6HA,9994091506,Mixed White and Asian,2019-10-14,Active,0
604,AN0000604,Liam,Rossi,1996-11-13,F,liam.rossi604@example.com,+44 7700 900381,G1 8EJ,9995502917,Mixed White and Asian,2017-01-22,Suspended,0
605,AN0000605,Daniel,Reid,1993-09-26,F,daniel.reid605@example.com,+44 7700 900288,eh12hb,9999449883,Asian Other,2023-02-21,Withdrawn,0
606,AN0000606,Zainab,Osman,1999-09-15,F,zainab.osman606@example.com,07700900896,LS1 5AH,9994406302,Mixed Other,2021-04-21,Withdrawn,0
607,AN0000607,George,Adeyemi,1993-10-04,M,,+44 7700 900118,g14bf,9999796958,Mixed White and Asian,2021-03-09,Active,0
608,AN0000608,Daniel,Cohen,1995-12-23,M,daniel.cohen608@example.com,+44 7700 900860,L1 4DH,9991385444,Black Other,2019-08-02,Active,1
609,AN0000609,James,Chen,1995-10-16,F,james.chen609@example.com,07700900525,SW1A 5JE,9998269113,Mixed White and Asian,2023-01-03,Active,0
610,AN0000610,Sarah,Osman,1999-01-13,F,sarah.osman610@example.com,07700900460,b157fg,9991588868,Asian Other,2019-03-31,Deferred,1
611,AN0000611,Meera,Bianchi,1998-08-02,M,meera.bianchi611@example.com,(0161) 496 3910,cf105ag,9992169664,Mixed Other,2021-03-15,Active,0
612,AN0000612,Grace,Ali,1989-11-12,M,grace.ali612@example.com,07700900849,CF10 1GE,9997150961,Chinese,2017-07-21,Deferred,0
613,AN0000613,Oliver,Iqbal,2002-11-16,F,oliver.iqbal613@example.com,(0161) 496 4273,G1 3FB,9997327810,Black Other,2024-02-09,Deferred,0
614,AN0000614,Fatima,Grant,2005-02-05,M,fatima.grant614@example.com,07700900516,ne18hb,9994819801,Arab,2024-02-05,Active,0
615,AN0000615,Isla,Fenton,1991-06-06,F,isla.fenton615@example.com,+44 7700 900623,L1 7BB,9994912569,Black Other,2020-06-19,Active,0
616,AN0000616,Idris,Patel,1996-03-26,F,idris.patel616@example.com,07700900175,L1 8EF,9999022847,White British,2018-05-10,Active,1
617,AN0000617,Hassan,Iqbal,2001-08-02,M,hassan.iqbal617@example.com,07700900412,l18fd,9992294647,Asian Other,2024-01-02,Active,0
618,AN0000618,Hassan,Mackenzie,1990-08-30,F,hassan.mackenzie618@example.com,+44 7700 900620,NE1 7JD,9992985852,Mixed White and Asian,2017-08-30,Deferred,1
619,AN0000619,Noah,Nwosu,1996-08-29,F,noah.nwosu619@example.com,(0161) 496 1233,M1 6EF,9992491353,Other,2021-11-21,Active,0
620,AN0000620,Hannah,Khan,1998-06-24,M,hannah.khan620@example.com,+44 7700 900133,CF10 2GB,9998810795,Asian Other,2024-10-12,Active,1
621,AN0000621,Idris,Khan,1988-09-21,M,idris.khan621@example.com,07700900567,LS1 1FF,9993128406,Chinese,2018-01-18,Active,0
622,AN0000622,Hassan,Bianchi,1996-11-18,M,hassan.bianchi622@example.com,07700900900,SW1A 6BE,9999397492,White British,2022-07-08,Suspended,1
623,AN0000623,Yusuf,Lawson,1987-08-25,M,yusuf.lawson623@example.com,07700900750,bs18af,9999472583,Other,2017-04-01,Suspended,1
624,AN0000624,Noah,Mackenzie,1992-08-18,F,noah.mackenzie624@example.com,+44 7700 900674,NE1 5JB,9992705876,Other,2018-12-18,Active,0
625,AN0000625,Liam,Bianchi,1992-06-08,M,liam.bianchi625@example.com,(0161) 496 8261,g19de,9993348457,Other,2020-11-04,Active,1
626,AN0000626,Kai,Bello,1991-02-27,F,kai.bello626@example.com,+44 7700 900884,CF10 3DD,9998796431,Black African,2018-05-11,Active,1
627,AN0000627,Zainab,Chen,1995-12-14,F,zainab.chen627@example.com,+44 7700 900535,bs17ha,9996065278,Black African,2019-06-08,Active,0
628,AN0000628,Tom,Novak,2001-08-21,F,tom.novak628@example.com,+44 7700 900537,cf106ee,9997411323,Black Other,2024-01-14,Withdrawn,1
629,AN0000629,Omar,Osman,2002-09-25,F,omar.osman629@example.com,+44 7700 900721,BS1 7AB,9995485745,Indian,2021-04-08,Active,0
630,AN0000630,Erin,Khan,1993-04-07,M,erin.khan630@example.com,(0161) 496 5896,BS1 4BJ,9999848842,White British,2016-10-30,Active,0
631,AN0000631,Yusuf,Fenton,1994-06-03,F,yusuf.fenton631@example.com,(0161) 496 8304,B15 3GJ,9995534495,White British,2023-11-04,Active,0
632,AN0000632,Noah,Haddad,1996-02-15,M,noah.haddad632@example.com,(0161) 496 1987,NE1 6AH,9998587492,Black Other,2020-10-16,Withdrawn,0
633,AN0000633,Omar,Byrne,2002-07-27,M,omar.byrne633@example.com,07700900917,ne12je,9996477258,White Other,2022-05-04,Active,1
634,AN0000634,Oliver,Wright,1995-03-04,M,oliver.wright634@example.com,+44 7700 900400,SW1A 7AA,9996243958,Arab,2024-10-04,Withdrawn,0
635,AN0000635,Chloe,Doyle,1998-08-24,M,chloe.doyle635@example.com,+44 7700 900251,B15 5DB,9999028519,Black Other,2022-06-10,Deferred,1
636,AN0000636,Kai,Ali,2002-02-09,F,kai.ali636@example.com,+44 7700 900377,B15 4GA,9997160738,Mixed White and Asian,2023-05-19,Active,1
637,AN0000637,Oliver,Robertson,1996-09-15,M,oliver.robertson637@example.com,+44 7700 900279,ne19bd,9991795561,Chinese,2018-03-24,Active,0
638,AN0000638,Idris,Wright,1994-09-10,M,idris.wright638@example.com,(0161) 496 1264,SW1A 7HH,9991554165,Black Caribbean,2020-01-13,Active,0
639,AN0000639,Noah,Kaur,1995-05-13,F,noah.kaur639@example.com,07700900431,SW1A 3ED,9992822708,White Irish,2020-05-15,Suspended,0
640,AN0000640,Yusuf,Khan,2000-11-26,F,yusuf.khan640@example.com,(0161) 496 7868,LS1 3DD,9991207341,Mixed White and Asian,2023-05-31,Withdrawn,1
641,AN0000641,Kai,Doyle,1991-07-17,M,kai.doyle641@example.com,07700900439,SW1A 8AD,9990869820,Bangladeshi,2018-12-22,Active,0
642,AN0000642,Zainab,Lawson,1998-12-03,M,zainab.lawson642@example.com,+44 7700 900587,L1 7JD,9990477426,Black Other,2018-07-01,Withdrawn,1
643,AN0000643,Grace,Novak,2004-05-17,F,grace.novak643@example.com,07700900972,BS1 4DE,9992311649,Indian,2024-01-13,Active,0
644,AN0000644,George,Nwosu,1995-10-13,F,george.nwosu644@example.com,07700900573,BS1 9FD,9993202037,Bangladeshi,2024-03-09,Active,1
645,AN0000645,James,Osman,1995-12-04,M,james.osman645@example.com,07700900936,BS1 7JE,9995524570,Arab,2021-05-23,Withdrawn,0
646,AN0000646,Leila,Abara,1993-06-27,M,leila.abara646@example.com,07700900536,SW1A 9DB,9997118421,Mixed White and Black Caribbean,2019-11-03,Active,1
647,AN0000647,Nadia,Rossi,1990-09-09,F,nadia.rossi647@example.com,(0161) 496 9370,B15 3EA,9995892987,White Irish,2016-12-05,Deferred,1
648,AN0000648,Sofia,Ali,1997-07-24,F,sofia.ali648@example.com,+44 7700 900796,LS1 4DH,9994064681,Mixed Other,2023-10-12,Active,1
649,AN0000649,Daniel,Chen,2002-02-07,M,daniel.chen649@example.com,+44 7700 900669,eh14ba,9992272368,Bangladeshi,2024-02-03,Withdrawn,1
650,AN0000650,Callum,Osman,1996-09-09,M,callum.osman650@example.com,+44 7700 900382,LS1 7BD,9992450185,Black Caribbean,2018-03-03,Suspended,0
651,AN0000651,Chloe,Kaur,1997-05-27,F,chloe.kaur651@example.com,+44 7700 900227,NE1 8DB,9995406411,Arab,2022-09-17,Active,0
652,AN0000652,Erin,Murray,1998-05-12,M,erin.murray652@example.com,07700900190,BS1 6EJ,9996601447,Black African,2023-10-03,Withdrawn,1
653,AN0000653,Nadia,Novak,1995-09-19,M,,+44 7700 900925,L1 4JE,9994178997,Mixed White and Asian,2018-10-26,Suspended,1
654,AN0000654,Priya,Bello,1990-02-01,M,priya.bello654@example.com,+44 7700 900882,b156hh,999BGB7986,White Irish,2017-03-17,Active,1
655,AN0000655,Leila,Reid,1994-07-04,M,,+44 7700 900436,m15ha,9994555340,Arab,2016-04-15,Deferred,0
656,AN0000656,Daniel,Grant,1995-06-28,M,daniel.grant656@example.com,+44 7700 900889,ne16hg,9992715596,Asian Other,2023-11-03,Active,1
657,AN0000657,Sarah,Reid,2004-07-16,F,sarah.reid657@example.com,07700900754,LS1 7EF,9997557522,Bangladeshi,2024-02-05,Active,0
658,AN0000658,Sarah,Whitfield,1999-10-30,F,,07700900651,LS1 7BE,9999642586,Mixed White and Black Caribbean,2022-07-11,Active,0
659,AN0000659,Kai,Robertson,1987-10-08,M,,+44 7700 900330,l11ed,9994073338,Asian Other,2017-02-28,Active,0
660,AN0000660,Wei,Okafor,1998-04-24,F,wei.okafor660@example.com,(0161) 496 7791,NE1 9EH,9998969646,Mixed White and Black Caribbean,2019-04-30,Deferred,1
661,AN0000661,Nadia,Iqbal,1998-08-27,F,nadia.iqbal661@example.com,+44 7700 900809,LS1 6ED,9998785197,Asian Other,2020-02-02,Withdrawn,1
662,AN0000662,Ruth,Murray,1996-12-07,F,ruth.murray662@example.com,+44 7700 900956,SW1A 8JJ,9990572151,White Other,2023-03-26,Withdrawn,1
663,AN0000663,Hassan,Adeyemi,2005-06-25,F,hassan.adeyemi663@example.com,07700900236,CF10 4JF,9994539868,Pakistani,2024-02-28,Deferred,1
664,AN0000664,Yusuf,Okafor,2004-05-05,M,yusuf.okafor664@example.com,07700900172,bs12hd,9993922072,Indian,2022-11-01,Active,0
665,AN0000665,Sarah,Robertson,1992-11-29,F,sarah.robertson665@example.com,+44 7700 900585,LS1 6DB,9992647124,Black African,2022-06-09,Active,0
666,AN0000666,Fatima,Iqbal,1995-03-01,F,fatima.iqbal666@example.com,+44 7700 900196,NE1 5AA,9990512086,White British,2023-04-05,Active,1
667,AN0000667,Callum,Mackenzie,1988-07-15,F,callum.mackenzie667@example.com,(0161) 496 3824,B15 8DE,9991295925,Arab,2016-04-23,Withdrawn,0
668,AN0000668,Ethan,Chen,2002-12-13,M,ethan.chen668@example.com,(0161) 496 6106,EH1 2GD,9992173920,Black Other,2020-12-28,Active,1
669,AN0000669,Idris,Grant,1988-07-18,M,idris.grant669@example.com,+44 7700 900474,ls14je,9990507910,White Other,2017-04-21,Withdrawn,1
670,AN0000670,Kai,Wright,1994-08-02,F,kai.wright670@example.com,07700900758,B15 5GD,9993466662,White Other,2022-04-25,Active,0
671,AN0000671,Meera,Thompson,1992-12-10,F,meera.thompson671@example.com,+44 7700 900905,EH1 1AE,9994998250,White Irish,2019-08-09,Suspended,0
672,AN0000672,Priya,Mackenzie,1998-11-01,M,priya.mackenzie672@example.com,(0161) 496 8107,ne19dg,9990317232,Black Other,2020-04-25,Active,0
673,AN0000673,Meera,Whitfield,1994-05-27,M,meera.whitfield673@example.com,(0161) 496 4375,m15ae,9995263564,White Irish,2022-05-28,Active,0
674,AN0000674,Grace,Ali,1994-08-17,F,grace.ali674@example.com,07700900827,eh14fh,9996664376,Black African,2022-12-21,Suspended,0
675,AN0000675,Noah,Murray,2001-10-25,M,noah.murray675@example.com,07700900328,M1 2BD,9997128524,Black African,2020-06-07,Withdrawn,1
676,AN0000676,Isla,Rossi,1996-06-05,F,isla.rossi676@example.com,+44 7700 900222,CF10 4BJ,9998077117,Asian Other,2019-03-19,Active,1
677,AN0000677,Amara,Byrne,1995-06-23,M,amara.byrne677@example.com,+44 7700 900479,l13ja,9998335094,White British,2024-07-20,Active,1
678,AN0000678,Yusuf,Adeyemi,1994-05-02,M,yusuf.adeyemi678@example.com,(0161) 496 1924,CF10 7DF,9993235709,Arab,2017-12-19,Active,0
679,AN0000679,Grace,Wright,1993-01-06,M,grace.wright679@example.com,07700900425,SW1A 2BH,9992130601,White Irish,2019-03-24,Deferred,1
680,AN0000680,Chloe,Osman,1996-04-21,M,chloe.osman680@example.com,+44 7700 900943,L1 7FH,9993794570,Other,2017-05-05,Active,1
681,AN0000681,Sofia,Lawson,1998-11-07,F,sofia.lawson681@example.com,07700900278,cf105dg,9996420760,Asian Other,2020-01-15,Active,0
682,AN0000682,Hannah,Kaur,1998-05-27,F,hannah.kaur682@example.com,(0161) 496 8546,L1 8HJ,9995628333,Chinese,2019-12-16,Withdrawn,0
683,AN0000683,Hassan,Whitfield,1995-09-08,F,hassan.whitfield683@example.com,07700900882,CF10 6FE,9997187490,Mixed Other,2024-03-06,Active,0
684,AN0000684,Tom,Cohen,2001-08-29,F,tom.cohen684@example.com,+44 7700 900553,SW1A 4HD,9996573273,Black Other,2022-03-09,Suspended,0
685,AN0000685,Leila,Thompson,2005-09-19,M,leila.thompson685@example.com,+44 7700 900982,SW1A 6BG,9995323419,Mixed White and Black Caribbean,2024-10-28,Suspended,1
686,AN0000686,Hassan,Lawson,1995-07-20,M,hassan.lawson686@example.com,+44 7700 900203,NE1 3DD,9998962889,Other,2021-01-03,Withdrawn,1
687,AN0000687,Ruth,Abara,1999-08-08,F,ruth.abara687@example.com,+44 7700 900140,LS1 7JH,9990957991,Bangladeshi,2018-10-18,Active,0
688,AN0000688,Meera,Novak,1998-11-23,M,meera.novak688@example.com,(0161) 496 2128,LS1 3FH,9991354158,Other,2022-05-10,Active,1
689,AN0000689,Amara,Iqbal,1997-02-16,F,amara.iqbal689@example.com,(0161) 496 1384,l16da,9994476505,Black African,2018-11-01,Withdrawn,1
690,AN0000690,Leila,Byrne,1993-09-14,M,leila.byrne690@example.com,(0161) 496 1174,BS1 1FH,9997660463,Black Other,2019-09-25,Active,1
691,AN0000691,Nadia,Murray,1999-05-13,F,nadia.murray691@example.com,07700900600,EH1 5BJ,9991581022,Indian,2019-11-02,Active,0
692,AN0000692,Amara,Iqbal,1995-12-10,M,amara.iqbal692@example.com,07700900984,M1 1AG,9999129757,Indian,2016-09-23,Suspended,0
693,AN0000693,Priya,Murray,1996-06-15,M,priya.murray693@example.com,+44 7700 900193,SW1A 7EE,9991658378,Chinese,2017-07-22,Withdrawn,1
694,AN0000694,Grace,Murray,1992-09-12,M,grace.murray694@example.com,+44 7700 900619,SW1A 2DE,9998931134,Bangladeshi,2018-02-01,Deferred,1
695,AN0000695,Chloe,Ali,1993-06-03,F,,07700900392,b157fg,9998044219,White Irish,2017-10-27,Active,1
696,AN0000696,Zainab,Lawson,2005-08-17,M,zainab.lawson696@example.com,07700900833,L1 1BG,9995919451,Arab,2024-03-21,Active,1
697,AN0000697,Zainab,Patel,1993-12-10,M,zainab.patel697@example.com,+44 7700 900274,SW1A 6HJ,9995677725,Pakistani,2019-05-14,Withdrawn,1
698,AN0000698,Nadia,Okafor,1994-01-16,M,nadia.okafor698@example.com,+44 7700 900114,CF10 3DD,9990672458,Chinese,2017-07-25,Active,1
699,AN0000699,Callum,Nwosu,1993-01-11,M,callum.nwosu699@example.com,+44 7700 900721,L1 7HD,9990511578,Black Caribbean,2019-05-28,Active,0
700,AN0000700,Ethan,Patel,2003-06-10,F,ethan.patel700@example.com,+44 7700 900415,ls16fh,9999284558,Pakistani,2025-01-04,Active,1
701,AN0000701,Liam,Okafor,1997-06-11,M,liam.okafor701@example.com,+44 7700 900434,B15 6JF,9999532594,Asian Other,2021-01-05,Withdrawn,0
702,AN0000702,Hannah,Doyle,1993-01-07,F,hannah.doyle702@example.com,(0161) 496 6135,ne12hd,9991877940,White Other,2018-10-17,Active,1
703,AN0000703,Chloe,Whitfield,2002-09-08,F,chloe.whitfield703@example.com,(0161) 496 1967,L1 4EA,9999782450,Other,2024-11-15,Active,0
704,AN0000704,Hannah,Fenton,2002-02-01,F,hannah.fenton704@example.com,07700900853,b159fe,9996044327,Black Caribbean,2023-03-30,Active,0
705,AN0000705,Noah,Kaur,2000-06-14,F,noah.kaur705@example.com,+44 7700 900251,l17dj,9991474390,Arab,2024-07-19,Active,0
706,AN0000706,Hassan,Chen,2001-06-16,M,hassan.chen706@example.com,(0161) 496 8816,G1 3GH,9990459908,White Irish,2019-08-15,Withdrawn,0
707,AN0000707,Meera,Byrne,1996-07-24,M,,07700900830,B15 2GG,9996517683,White Irish,2016-10-05,Suspended,1
708,AN0000708,Noah,Fenton,1991-03-29,M,noah.fenton708@example.com,(0161) 496 8348,LS1 2FE,9998003709,White Irish,2020-06-09,Active,0
709,AN0000709,Wei,Abara,1991-02-10,F,wei.abara709@example.com,+44 7700 900749,CF10 1FJ,9996810399,White Irish,2017-07-17,Active,0
710,AN0000710,Hassan,Patel,1992-12-24,F,hassan.patel710@example.com,07700900948,LS1 7ED,9999448585,Mixed White and Asian,2016-01-30,Active,0
711,AN0000711,Chloe,Bello,1995-08-12,F,chloe.bello711@example.com,(0161) 496 7432,M1 5JA,9998632102,Mixed White and Asian,2018-11-15,Deferred,0
712,AN0000712,Omar,Reid,1996-07-09,F,,(0161) 496 4511,BS1 5GJ,9993943800,Black Caribbean,2018-04-22,Active,0
713,AN0000713,Hannah,Nwosu,1998-01-21,F,hannah.nwosu713@example.com,07700900568,CF10 3JJ,9994319108,White British,2019-09-29,Suspended,0
714,AN0000714,Yusuf,Okafor,2000-08-29,F,yusuf.okafor714@example.com,+44 7700 900681,LS1 2AG,9994731076,Bangladeshi,2019-01-28,Active,0
715,AN0000715,Liam,Khan,1992-11-01,F,liam.khan715@example.com,+44 7700 900819,BS1 8BD,9996600769,Arab,2018-08-19,Active,0
716,AN0000716,James,Osman,1988-06-03,F,james.osman716@example.com,07700900836,l14fa,9993370096,Mixed Other,2016-06-29,Suspended,1
717,AN0000717,Idris,Ali,1994-12-22,F,idris.ali717@example.com,+44 7700 900712,G1 8JD,9995882558,Mixed Other,2024-01-09,Active,1
718,AN0000718,Zainab,Grant,1997-09-14,F,zainab.grant718@example.com,07700900517,G1 7BF,9995577828,White Irish,2019-11-24,Active,0
719,AN0000719,Grace,Cohen,1993-11-07,M,grace.cohen719@example.com,(0161) 496 4372,CF10 2HB,9998081904,Black African,2022-01-21,Suspended,0
720,AN0000720,Omar,Ali,1994-03-21,F,omar.ali720@example.com,+44 7700 900849,G1 9HH,9995613727,Chinese,2023-09-02,Withdrawn,0
721,AN0000721,Erin,Fenton,2001-12-22,M,erin.fenton721@example.com,(0161) 496 6022,B15 7FE,9991321144,Arab,2021-08-28,Active,1
722,AN0000722,Zainab,Novak,2002-02-09,F,zainab.novak722@example.com,+44 7700 900313,eh17ja,9990755043,Other,2020-07-08,Deferred,1
723,AN0000723,Chloe,Rossi,2005-01-19,F,chloe.rossi723@example.com,(0161) 496 9033,sw1a7aj,9991748113,Asian Other,2024-08-19,Withdrawn,0
724,AN0000724,Oliver,Robertson,2001-01-28,F,oliver.robertson724@example.com,+44 7700 900417,NE1 8EH,9992908718,Bangladeshi,2024-05-26,Active,1
725,AN0000725,Ruth,Osman,1994-04-20,F,ruth.osman725@example.com,07700900814,NE1 8DJ,9992049561,Indian,2020-05-08,Withdrawn,0
726,AN0000726,Hannah,Byrne,1992-07-26,M,hannah.byrne726@example.com,+44 7700 900894,LS1 7AF,9995973715,Indian,2018-03-26,Active,0
727,AN0000727,Wei,Khan,1995-10-08,F,wei.khan727@example.com,+44 7700 900913,CF10 1GB,9990468613,White Other,2022-10-14,Active,1
728,AN0000728,Erin,Novak,1994-06-18,M,erin.novak728@example.com,(0161) 496 3253,M1 1DB,9993785849,Other,2020-01-04,Active,0
729,AN0000729,Hassan,Haddad,1991-04-05,M,hassan.haddad729@example.com,+44 7700 900407,LS1 7AG,9990184984,White British,2017-04-19,Active,0
730,AN0000730,Daniel,Reid,1993-06-13,M,daniel.reid730@example.com,07700900589,L1 4BD,9998122821,White Other,2018-09-25,Active,0
731,AN0000731,Hassan,Nwosu,1990-03-17,F,hassan.nwosu731@example.com,(0161) 496 5300,CF10 1HA,9996035670,Asian Other,2018-10-08,Withdrawn,0
732,AN0000732,Meera,Bello,1998-04-23,M,meera.bello732@example.com,+44 7700 900633,EH1 8BH,9996181200,Mixed White and Black Caribbean,2024-11-11,Active,1
733,AN0000733,George,Grant,1999-11-18,F,george.grant733@example.com,(0161) 496 8699,NE1 8HD,9991758895,White Other,2023-04-17,Active,1
734,AN0000734,Kai,Adeyemi,1991-07-16,M,kai.adeyemi734@example.com,+44 7700 900431,B15 4GF,9995864495,Mixed Other,2019-03-29,Withdrawn,0
735,AN0000735,Chloe,Bello,2004-06-03,M,chloe.bello735@example.com,07700900470,ne19ge,9993952753,Asian Other,2024-10-28,Active,1
736,AN0000736,Ruth,Adeyemi,1996-08-19,F,ruth.adeyemi736@example.com,+44 7700 900720,M1 5BH,9996013472,Arab,2022-05-16,Suspended,1
737,AN0000737,Ethan,Osman,1999-05-10,M,ethan.osman737@example.com,(0161) 496 9020,BS1 2JH,9991221506,White Irish,2020-09-18,Deferred,0
738,AN0000738,George,Thompson,1995-10-16,M,george.thompson738@example.com,07700900860,CF10 4AA,9995944634,Asian Other,2022-02-24,Active,1
739,AN0000739,Kai,Rossi,1998-10-07,M,kai.rossi739@example.com,07700900424,B15 3HE,9997113632,Asian Other,2019-12-19,Active,0
740,AN0000740,Erin,Nwosu,1996-05-02,M,erin.nwosu740@example.com,+44 7700 900415,CF10 7JE,9991677267,Mixed White and Asian,2018-06-21,Active,1
741,AN0000741,Tom,Lawson,1997-12-14,F,tom.lawson741@example.com,+44 7700 900611,NE1 7JE,9991962638,Chinese,2023-07-20,Active,1
742,AN0000742,Callum,Adeyemi,1989-05-26,M,callum.adeyemi742@example.com,+44 7700 900998,L1 1EB,9990695563,White British,2018-10-15,Active,1
743,AN0000743,Omar,Grant,2001-02-26,F,omar.grant743@example.com,+44 7700 900375,G1 5JD,9999898300,Mixed White and Asian,2020-10-03,Active,0
744,AN0000744,Chloe,Ali,1987-10-21,M,chloe.ali744@example.com,07700900666,SW1A 5BF,9994264230,Mixed Other,2017-01-03,Active,0
745,AN0000745,Ethan,Byrne,1999-07-16,M,ethan.byrne745@example.com,+44 7700 900581,CF10 3EA,9993911143,Bangladeshi,2018-08-07,Suspended,0
746,AN0000746,Chloe,Grant,1998-12-20,M,chloe.grant746@example.com,07700900291,b151gd,9998088062,Pakistani,2022-03-16,Active,0
747,AN0000747,Meera,Chen,1995-12-24,F,meera.chen747@example.com,+44 7700 900565,ls12ed,9990162042,Arab,2017-06-25,Suspended,1
748,AN0000748,Leila,Bianchi,1993-09-07,F,leila.bianchi748@example.com,(0161) 496 8645,NE1 6HF,9996287203,Chinese,2020-06-05,Active,1
749,AN0000749,Hannah,Mackenzie,1989-09-25,F,hannah.mackenzie749@example.com,+44 7700 900482,sw1a6je,9993627925,Black Caribbean,2017-04-18,Active,0
750,AN0000750,Wei,Okafor,1993-03-17,F,wei.okafor750@example.com,+44 7700 900829,L1 6EJ,9990321450,White Irish,2018-07-19,Active,1
751,AN0000751,Kai,Robertson,1999-03-27,F,kai.robertson751@example.com,+44 7700 900624,NE1 8AJ,9995348209,Indian,2023-04-30,Active,1
752,AN0000752,Priya,Okafor,1999-12-30,F,priya.okafor752@example.com,+44 7700 900513,G1 8GG,9991265740,Pakistani,2021-09-17,Active,0
753,AN0000753,Liam,Bello,1997-10-07,M,liam.bello753@example.com,+44 7700 900410,SW1A 3EH,9996268942,Chinese,2020-04-21,Active,0
754,AN0000754,Amara,Abara,1993-10-03,M,amara.abara754@example.com,+44 7700 900269,L1 2BJ,9995957493,Black Other,2016-06-02,Withdrawn,1
755,AN0000755,Ethan,Chen,1994-10-11,F,ethan.chen755@example.com,(0161) 496 5018,B15 1HJ,9998476097,Black Caribbean,2023-06-28,Deferred,1
756,AN0000756,Sarah,Doyle,1991-05-13,M,sarah.doyle756@example.com,(0161) 496 5075,L1 3BG,9996695417,Asian Other,2017-08-29,Active,1
757,AN0000757,Kai,Novak,1993-09-04,F,kai.novak757@example.com,+44 7700 900542,LS1 7JA,9995143771,Mixed White and Asian,2016-09-28,Suspended,0
758,AN0000758,Callum,Haddad,1957-05-20,M,callum.haddad758@example.com,+44 7700 900712,G1 7BB,9992007206,Pakistani,2018-08-21,Active,1
759,AN0000759,Leila,Novak,2000-01-24,M,leila.novak759@example.com,+44 7700 900417,G1 2AB,9999032672,Indian,2023-11-07,Active,1
760,AN0000760,Grace,Doyle,2002-07-06,M,grace.doyle760@example.com,+44 7700 900720,eh13bj,9994065270,Arab,2021-11-24,Active,1
761,AN0000761,Isla,Kaur,1999-05-05,M,isla.kaur761@example.com,07700900967,EH1 6EE,9992010916,Pakistani,2023-11-30,Active,1
762,AN0000762,Wei,Chen,2004-09-20,F,wei.chen762@example.com,07700900693,B15 8HH,9998943701,Mixed White and Black Caribbean,2024-02-08,Active,1
763,AN0000763,Tom,Iqbal,1998-09-15,F,tom.iqbal763@example.com,+44 7700 900932,L1 8HG,9995659204,Bangladeshi,2016-09-27,Active,1
764,AN0000764,Liam,Patel,1999-09-15,M,,+44 7700 900718,L1 5ED,9990559554,White British,2019-10-02,Active,1
765,AN0000765,Chloe,Doyle,2000-05-02,M,chloe.doyle765@example.com,+44 7700 900774,NE1 5HE,9990798486,Arab,2021-08-14,Active,1
766,AN0000766,Daniel,Okafor,1993-06-30,F,daniel.okafor766@example.com,(0161) 496 7836,L1 4GE,9994039466,Black African,2020-07-26,Active,0
767,AN0000767,Priya,Ali,1999-06-30,M,priya.ali767@example.com,+44 7700 900177,EH1 9HA,9998841364,Black Other,2021-01-14,Active,0
768,AN0000768,James,Novak,2001-05-14,M,james.novak768@example.com,(0161) 496 1338,m13fd,9994626329,Mixed White and Black Caribbean,2020-10-25,Active,1
769,AN0000769,Isla,Rossi,1997-09-03,M,isla.rossi769@example.com,(0161) 496 2989,SW1A 4BF,9991751882,Arab,2023-10-03,Suspended,0
770,AN0000770,Meera,Novak,2000-10-14,F,meera.novak770@example.com,07700900461,ls17ef,9999112250,Bangladeshi,2022-11-21,Suspended,0
771,AN0000771,Meera,Reid,1996-01-07,M,meera.reid771@example.com,+44 7700 900498,CF10 2HE,9999791379,Arab,2024-06-28,Active,1
772,AN0000772,Noah,Iqbal,2000-03-11,F,noah.iqbal772@example.com,+44 7700 900684,G1 1GG,9999881920,Other,2018-03-26,Active,1
773,AN0000773,Sarah,Bello,1987-12-09,M,sarah.bello773@example.com,+44 7700 900941,CF10 5AB,9994246240,Black Other,2016-05-13,Deferred,1
774,AN0000774,Liam,Wright,2000-05-23,F,liam.wright774@example.com,07700900516,SW1A 1FG,9991289917,Mixed White and Black Caribbean,2020-01-30,Active,0
775,AN0000775,George,Bianchi,1996-08-01,M,george.bianchi775@example.com,07700900696,M1 4AF,9998818982,Black Caribbean,2019-09-29,Suspended,1
776,AN0000776,Sarah,Lawson,2002-02-06,F,sarah.lawson776@example.com,+44 7700 900441,EH1 1DB,9995681420,Asian Other,2020-07-11,Active,1
777,AN0000777,Amara,Nwosu,1996-02-22,M,amara.nwosu777@example.com,+44 7700 900846,LS1 3EH,9998493781,Asian Other,2023-04-10,Active,1
778,AN0000778,Tom,Bello,1999-03-23,F,tom.bello778@example.com,+44 7700 900514,BS1 7FF,9991649700,Indian,2023-06-24,Active,0
779,AN0000779,Omar,Adeyemi,2002-12-15,M,omar.adeyemi779@example.com,(0161) 496 2965,B15 3AE,9990162344,Indian,2023-10-02,Suspended,0
780,AN0000780,Noah,Whitfield,2005-01-12,F,noah.whitfield780@example.com,+44 7700 900311,L1 3DB,9995668475,Chinese,2024-01-16,Deferred,0
781,AN0000781,Tom,Robertson,1998-08-19,F,tom.robertson781@example.com,+44 7700 900380,CF10 1FA,9992007842,Chinese,2019-12-17,Active,0
782,AN0000782,Erin,Mackenzie,1995-03-14,M,erin.mackenzie782@example.com,+44 7700 900114,L1 9BJ,9993734764,Black African,2017-07-30,Active,1
783,AN0000783,Fatima,Grant,1999-03-06,F,fatima.grant783@example.com,+44 7700 900664,ne13bf,9998414849,Mixed White and Asian,2017-06-30,Active,0
784,AN0000784,Hassan,Lawson,1995-10-26,F,hassan.lawson784@example.com,(0161) 496 9682,LS1 8AD,9995869500,Other,2017-03-14,Active,0
785,AN0000785,Sarah,Khan,1989-11-09,F,sarah.khan785@example.com,07700900378,BS1 4HG,9997933508,Black Other,2019-06-08,Active,1
786,AN0000786,Chloe,Ali,1998-04-18,M,chloe.ali786@example.com,+44 7700 900675,SW1A 2BD,9990376816,Indian,2021-12-21,Withdrawn,1
787,AN0000787,Ruth,Chen,1989-03-12,M,ruth.chen787@example.com,+44 7700 900137,EH1 1HB,9999731538,Indian,2018-06-23,Active,1
788,AN0000788,Idris,Bello,1992-09-13,M,idris.bello788@example.com,+44 7700 900383,NE1 3AJ,9993651184,Asian Other,2022-01-08,Suspended,1
789,AN0000789,James,Haddad,2000-04-28,F,james.haddad789@example.com,07700900268,SW1A 2AF,9993247073,Asian Other,2023-10-23,Suspended,0
790,AN0000790,Priya,Thompson,1994-11-14,F,priya.thompson790@example.com,07700900879,EH1 7DB,9992760257,White Irish,2024-02-20,Suspended,0
791,AN0000791,Leila,Doyle,2001-08-09,M,leila.doyle791@example.com,+44 7700 900257,cf102he,9992488891,Black Other,2020-09-17,Active,0
792,AN0000792,Hannah,Bello,1993-03-13,M,hannah.bello792@example.com,(0161) 496 7961,LS1 8FG,9993036463,Arab,2021-12-22,Active,0
793,AN0000793,Idris,Murray,1999-02-10,M,idris.murray793@example.com,07700900504,BS1 3AD,9993230898,White Other,2017-06-03,Active,0
794,AN0000794,Daniel,Wright,2002-09-04,F,daniel.wright794@example.com,+44 7700 900239,LS1 1HJ,9993231827,Arab,2022-01-10,Active,1
795,AN0000795,Omar,Kaur,2002-09-10,F,omar.kaur795@example.com,+44 7700 900382,g11aa,9990015295,White Other,2022-02-17,Active,0
796,AN0000796,Meera,Fenton,1991-05-13,F,meera.fenton796@example.com,+44 7700 900745,BS1 1DG,9991844422,White Other,2017-02-06,Suspended,0
797,AN0000797,Grace,Novak,1995-10-23,F,grace.novak797@example.com,+44 7700 900886,M1 3DF,9990567085,Mixed Other,2022-06-18,Active,0
798,AN0000798,Priya,Bello,1998-03-12,M,priya.bello798@example.com,+44 7700 900751,G1 2GF,9996691365,Pakistani,2016-07-19,Deferred,1
799,AN0000799,Ethan,Ali,1996-07-20,F,ethan.ali799@example.com,+44 7700 900274,bs17aa,9999879500,Bangladeshi,2019-08-10,Active,0
800,AN0000800,Priya,Adeyemi,2006-10-31,F,,+44 7700 900641,m19af,9994287737,Chinese,2024-12-28,Active,0
801,AN0000801,Ethan,Kaur,1992-05-10,M,ethan.kaur801@example.com,+44 7700 900167,LS1 7FD,9994642030,Mixed Other,2016-09-19,Deferred,0
802,AN0000802,Zainab,Khan,1997-07-18,M,zainab.khan802@example.com,+44 7700 900896,EH1 2JA,9994625543,White Irish,2024-02-18,Active,1
803,AN0000803,Idris,Ali,1995-08-03,F,,07700900291,EH1 4AB,9994644890,White British,2024-02-01,Deferred,0
804,AN0000804,Omar,Thompson,1998-05-13,M,omar.thompson804@example.com,(0161) 496 5512,g13ja,9995040433,Chinese,2020-02-17,Active,0
805,AN0000805,Chloe,Doyle,1998-04-04,F,chloe.doyle805@example.com,07700900825,M1 7ED,9991197877,Indian,2019-12-25,Suspended,0
806,AN0000806,Grace,Whitfield,1991-08-05,M,grace.whitfield806@example.com,+44 7700 900237,CF10 6EA,9990119872,Black Other,2018-09-14,Active,0
807,AN0000807,Oliver,Wright,1993-11-05,M,oliver.wright807@example.com,+44 7700 900289,B15 1AB,9996182983,White British,2020-07-25,Active,1
808,AN0000808,Daniel,Patel,1993-06-18,F,daniel.patel808@example.com,07700900942,BS1 2HA,9993659525,White Irish,2023-02-21,Active,1
809,AN0000809,Grace,Byrne,1990-08-04,F,,+44 7700 900399,B15 4HJ,9990926328,Bangladeshi,2017-05-19,Active,0
810,AN0000810,Liam,Ali,1998-08-09,F,liam.ali810@example.com,+44 7700 900194,EH1 1FD,9997666089,Indian,2021-01-22,Active,0
811,AN0000811,Nadia,Bianchi,1997-12-10,M,,07700900308,G1 7HB,9990627150,Chinese,2016-03-14,Active,0
812,AN0000812,Chloe,Whitfield,1995-05-13,M,chloe.whitfield812@example.com,(0161) 496 9340,NE1 3HB,9997682939,Black African,2018-11-06,Active,0
813,AN0000813,Sarah,Ali,1993-06-02,F,sarah.ali813@example.com,07700900450,EH1 4JD,9993359106,Indian,2019-05-30,Withdrawn,1
814,AN0000814,Oliver,Murray,2005-09-22,F,oliver.murray814@example.com,(0161) 496 2062,eh15da,9997492692,Mixed Other,2023-10-13,Deferred,1
815,AN0000815,Yusuf,Bianchi,2000-08-09,F,yusuf.bianchi815@example.com,+44 7700 900634,eh13gh,9999325912,Black Caribbean,2023-05-14,Active,1
816,AN0000816,Hassan,Bello,2003-08-27,M,hassan.bello816@example.com,+44 7700 900959,B15 5DH,9998069084,Other,2024-11-19,Active,1
817,AN0000817,Noah,Thompson,1997-02-05,F,noah.thompson817@example.com,+44 7700 900321,EH1 9EE,9999538282,White British,2021-02-15,Deferred,1
818,AN0000818,Hannah,Okafor,1995-09-18,M,hannah.okafor818@example.com,(0161) 496 8113,G1 1DH,9995826410,Mixed White and Asian,2019-11-12,Suspended,1
819,AN0000819,Zainab,Haddad,2003-10-11,M,zainab.haddad819@example.com,07700900928,CF10 2DE,9995951436,Black African,2023-01-25,Active,0
820,AN0000820,Fatima,Osman,2002-03-25,F,fatima.osman820@example.com,07700900141,SW1A 3JE,9998696615,White Irish,2024-12-05,Active,1
821,AN0000821,Ethan,Whitfield,1997-08-01,F,ethan.whitfield821@example.com,(0161) 496 1417,sw1a2ha,9994149156,White Irish,2016-11-03,Active,1
822,AN0000822,Chloe,Nwosu,1996-10-19,F,chloe.nwosu822@example.com,07700900742,ls11ge,9994077791,Black Caribbean,2023-01-22,Active,0
823,AN0000823,Priya,Murray,2000-06-25,F,priya.murray823@example.com,07700900710,ls16ab,9997760298,White Other,2021-01-13,Deferred,1
824,AN0000824,James,Robertson,1993-02-22,F,james.robertson824@example.com,+44 7700 900299,B15 4JE,9992552352,Mixed White and Asian,2021-11-16,Active,1
825,AN0000825,Sofia,Reid,1991-11-21,M,sofia.reid825@example.com,(0161) 496 3691,M1 2DA,9993638528,Arab,2016-11-20,Active,1
826,AN0000826,Callum,Thompson,1996-07-08,M,callum.thompson826@example.com,(0161) 496 9932,eh15fa,9992950269,Black Caribbean,2018-02-18,Suspended,0
827,AN0000827,Hannah,Thompson,1998-06-14,M,hannah.thompson827@example.com,+44 7700 900309,EH1 2HJ,9992778229,White Other,2020-11-01,Active,0
828,AN0000828,Noah,Byrne,1993-10-11,M,noah.byrne828@example.com,+44 7700 900298,EH1 9HD,9995797364,Asian Other,2021-07-06,Deferred,0
829,AN0000829,Erin,Thompson,2001-01-10,F,erin.thompson829@example.com,+44 7700 900446,b158aj,9999866174,Other,2021-10-11,Withdrawn,0
830,AN0000830,Callum,Abara,2000-01-05,M,callum.abara830@example.com,(0161) 496 1253,G1 1HD,9992235527,White Other,2021-07-26,Active,1
831,AN0000831,James,Bianchi,1993-02-22,M,james.bianchi831@example.com,07700900514,BS1 3BD,9999259677,White Irish,2019-10-04,Suspended,1
832,AN0000832,Fatima,Haddad,1995-04-01,F,fatima.haddad832@example.com,07700900988,SW1A 3DA,9990938695,Black African,2022-12-28,Suspended,1
833,AN0000833,Noah,Chen,1991-11-21,M,noah.chen833@example.com,07700900390,g18ja,9997152387,Mixed White and Asian,2019-05-06,Active,1
834,AN0000834,Meera,Whitfield,1993-10-20,M,meera.whitfield834@example.com,(0161) 496 8405,eh17bb,9997798767,Pakistani,2022-01-17,Deferred,1
835,AN0000835,Ethan,Patel,2003-11-21,F,ethan.patel835@example.com,07700900300,L1 1GA,9992350407,Mixed White and Black Caribbean,2024-01-22,Deferred,1
836,AN0000836,Callum,Khan,1999-04-28,M,,+44 7700 900227,LS1 5DG,9994428675,Mixed White and Asian,2022-12-12,Active,0
837,AN0000837,Zainab,Doyle,2000-08-10,M,zainab.doyle837@example.com,07700900236,NE1 5HE,9993891568,Bangladeshi,2022-11-09,Active,0
838,AN0000838,Leila,Novak,1998-12-10,F,leila.novak838@example.com,07700900594,LS1 6HD,9992693355,Mixed White and Black Caribbean,2019-09-04,Active,0
839,AN0000839,Yusuf,Wright,1990-08-29,F,yusuf.wright839@example.com,+44 7700 900761,L1 9FH,9998509572,Black Caribbean,2017-03-11,Deferred,1
840,AN0000840,Fatima,Okafor,1996-01-09,M,fatima.okafor840@example.com,(0161) 496 2854,L1 8DA,9995934019,Mixed White and Black Caribbean,2018-03-06,Active,1
841,AN0000841,Isla,Byrne,1997-01-09,M,isla.byrne841@example.com,+44 7700 900435,B15 2ED,9993678139,Mixed Other,2019-08-25,Active,1
842,AN0000842,Priya,Okafor,2000-10-06,M,priya.okafor842@example.com,+44 7700 900888,M1 1GD,9999819877,White Irish,2022-12-17,Suspended,0
843,AN0000843,Chloe,Patel,1993-08-01,M,chloe.patel843@example.com,+44 7700 900626,NE1 9GH,9992586605,Black Other,2016-01-28,Deferred,1
844,AN0000844,Idris,Bianchi,1994-06-10,F,idris.bianchi844@example.com,+44 7700 900271,LS1 8GG,9995942828,Black Caribbean,2021-01-16,Suspended,0
845,AN0000845,Liam,Fenton,1999-04-28,M,liam.fenton845@example.com,+44 7700 900971,SW1A 1AD,9995393131,Pakistani,2023-10-10,Withdrawn,0
846,AN0000846,Idris,Cohen,2000-04-11,M,idris.cohen846@example.com,+44 7700 900592,SW1A 9EH,9992144483,Mixed White and Asian,2019-07-23,Active,1
847,AN0000847,Wei,Patel,2002-02-28,F,wei.patel847@example.com,(0161) 496 8226,EH1 7DA,9998254310,Chinese,2023-09-28,Deferred,0
848,AN0000848,Ruth,Rossi,1988-01-07,M,,(0161) 496 3069,b153af,9990601836,Mixed Other,2017-03-09,Active,1
849,AN0000849,Amara,Whitfield,1997-05-31,F,amara.whitfield849@example.com,+44 7700 900269,L1 7BJ,9992577541,Mixed White and Black Caribbean,2024-01-18,Suspended,1
850,AN0000850,Meera,Chen,1999-06-18,M,meera.chen850@example.com,+44 7700 900733,M1 9JH,9998316081,Bangladeshi,2020-04-01,Withdrawn,1
851,AN0000851,Sarah,Kaur,2001-03-07,F,sarah.kaur851@example.com,07700900303,L1 4DA,9992299932,Mixed Other,2021-04-04,Active,0
852,AN0000852,Omar,Haddad,2001-02-27,M,omar.haddad852@example.com,07700900341,NE1 9DE,9995539837,Black Other,2024-12-18,Suspended,1
853,AN0000853,George,Haddad,1991-09-26,F,george.haddad853@example.com,+44 7700 900927,CF10 5EA,9992799706,Bangladeshi,2017-05-15,Suspended,0
854,AN0000854,Oliver,Byrne,1999-05-13,M,oliver.byrne854@example.com,07700900710,L1 9JB,9992201258,Mixed White and Asian,2017-10-25,Withdrawn,0
855,AN0000855,Sofia,Whitfield,1999-11-22,F,sofia.whitfield855@example.com,07700900600,bs18jg,9995852381,Mixed White and Asian,2017-12-10,Active,0
856,AN0000856,Tom,Okafor,1996-10-20,F,tom.okafor856@example.com,07700900934,BS1 6BJ,9992391022,Bangladeshi,2019-02-13,Deferred,1
857,AN0000857,Leila,Okafor,1994-10-09,F,leila.okafor857@example.com,+44 7700 900988,NE1 4AE,9997191269,White Irish,2017-01-13,Withdrawn,0
858,AN0000858,Omar,Chen,1996-02-02,M,omar.chen858@example.com,(0161) 496 8542,CF10 8DA,9991116613,Pakistani,2017-04-18,Active,0
859,AN0000859,Sarah,Bello,2005-06-23,M,sarah.bello859@example.com,07700900777,NE1 8EE,9993049360,Mixed White and Asian,2024-02-03,Active,0
860,AN0000860,Sofia,Okafor,2002-10-11,F,sofia.okafor860@example.com,07700900206,LS1 5DB,9990868255,White British,2023-05-28,Suspended,1
861,AN0000861,Wei,Chen,2000-03-04,M,wei.chen861@example.com,+44 7700 900942,bs14gg,9991039953,Pakistani,2022-09-08,Deferred,1
862,AN0000862,Hannah,Okafor,2005-05-24,F,,+44 7700 900382,B15 7GG,9996423042,White Other,2024-09-14,Withdrawn,0
863,AN0000863,James,Chen,2002-10-27,M,james.chen863@example.com,+44 7700 900265,L1 4JF,9999907164,Mixed Other,2021-05-27,Deferred,0
864,AN0000864,Nadia,Ali,1997-01-27,M,nadia.ali864@example.com,+44 7700 900367,LS1 1EF,9990109567,Other,2017-06-16,Suspended,1
865,AN0000865,Zainab,Haddad,2002-09-29,F,zainab.haddad865@example.com,+44 7700 900793,G1 6FH,9993471240,Arab,2024-10-27,Active,0
866,AN0000866,Sarah,Sharma,2004-01-26,M,sarah.sharma866@example.com,+44 7700 900127,CF10 9EB,9994172689,White Irish,2022-03-23,Suspended,0
867,AN0000867,Ethan,Thompson,1995-08-27,F,ethan.thompson867@example.com,+44 7700 900706,SW1A 2GA,9993806714,Asian Other,2024-02-24,Active,1
868,AN0000868,Ruth,Ali,2000-09-01,F,ruth.ali868@example.com,+44 7700 900643,EH1 8FE,9992130091,Mixed Other,2019-09-22,Active,1
869,AN0000869,Sofia,Abara,1993-06-11,F,sofia.abara869@example.com,+44 7700 900539,BS1 5JA,9998053390,Mixed White and Asian,2021-12-03,Active,1
870,AN0000870,Kai,Adeyemi,1996-04-22,M,kai.adeyemi870@example.com,+44 7700 900699,m19ed,9997000463,Mixed Other,2020-11-26,Active,0
871,AN0000871,Isla,Cohen,1996-01-05,M,isla.cohen871@example.com,07700900151,L1 8JB,9990049386,White Other,2023-01-11,Deferred,1
872,AN0000872,Hassan,Okafor,1998-06-15,F,hassan.okafor872@example.com,07700900143,eh19af,9993137979,Indian,2019-07-14,Deferred,1
873,AN0000873,Callum,Bello,1992-11-06,M,callum.bello873@example.com,+44 7700 900491,M1 3EJ,9990779430,Asian Other,2022-03-29,Deferred,0
874,AN0000874,Chloe,Cohen,2000-08-13,F,chloe.cohen874@example.com,07700900216,bs18ab,9994262033,Arab,2020-11-24,Active,1
875,AN0000875,Hannah,Lawson,2001-12-04,M,hannah.lawson875@example.com,+44 7700 900961,LS1 1FB,9998135990,Arab,2022-01-23,Active,0
876,AN0000876,Liam,Grant,1986-07-07,F,liam.grant876@example.com,(0161) 496 9326,SW1A 2HF,9992217588,Asian Other,2016-04-01,Suspended,1
877,AN0000877,Ethan,Iqbal,2002-02-28,M,ethan.iqbal877@example.com,+44 7700 900126,EH1 9AH,9997123697,White Other,2020-11-27,Active,1
878,AN0000878,Liam,Bianchi,1995-03-02,M,liam.bianchi878@example.com,07700900611,BS1 5DH,9998276977,White Irish,2023-04-08,Active,0
879,AN0000879,Hassan,Iqbal,1989-06-04,F,hassan.iqbal879@example.com,(0161) 496 2448,BS1 7BG,9997832744,Asian Other,2018-07-28,Active,1
880,AN0000880,Zainab,Thompson,1998-12-08,F,zainab.thompson880@example.com,+44 7700 900755,SW1A 7FH,9993496049,Arab,2024-09-25,Suspended,1
881,AN0000881,Wei,Byrne,2002-10-10,F,wei.byrne881@example.com,+44 7700 900245,LS1 6EH,9998208939,Black African,2020-12-23,Suspended,1
882,AN0000882,Sofia,Murray,2000-07-31,F,sofia.murray882@example.com,+44 7700 900364,cf108dj,9991609113,Black Caribbean,2021-08-17,Active,0
883,AN0000883,Hannah,Thompson,1993-03-31,F,hannah.thompson883@example.com,07700900714,LS1 4HB,9997605233,White Irish,2022-07-30,Active,1
884,AN0000884,Sofia,Wright,1992-08-09,M,sofia.wright884@example.com,(0161) 496 6903,EH1 5JD,9999165036,Black Caribbean,2017-01-21,Active,0
885,AN0000885,Idris,Osman,1996-08-05,F,idris.osman885@example.com,07700900595,M1 9DF,9999808808,Mixed White and Asian,2020-09-01,Active,0
886,AN0000886,Sarah,Adeyemi,1991-07-13,F,sarah.adeyemi886@example.com,07700900207,b156dh,9994869893,Asian Other,2016-11-22,Withdrawn,1
887,AN0000887,Ruth,Bello,1996-09-27,F,ruth.bello887@example.com,07700900805,M1 6GF,9990119295,Bangladeshi,2022-02-28,Active,1
888,AN0000888,Zainab,Ali,1999-10-08,F,zainab.ali888@example.com,+44 7700 900585,M1 7AE,9998863651,Asian Other,2023-10-25,Active,0
889,AN0000889,Sarah,Wright,2000-01-19,F,sarah.wright889@example.com,07700900488,L1 1AA,9999424899,Black African,2022-06-30,Active,0
890,AN0000890,Isla,Reid,1995-11-07,F,isla.reid890@example.com,+44 7700 900520,SW1A 6HF,9995809745,Black Other,2020-03-21,Active,0
891,AN0000891,Idris,Wright,1998-01-03,F,idris.wright891@example.com,+44 7700 900977,g15hh,9992654015,Mixed White and Asian,2025-01-11,Withdrawn,1
892,AN0000892,Grace,Bello,1998-10-30,M,grace.bello892@example.com,07700900791,CF10 3DB,9994276778,Black Caribbean,2019-11-22,Active,0
893,AN0000893,Chloe,Cohen,2003-05-05,M,chloe.cohen893@example.com,+44 7700 900281,EH1 2BG,9998488605,White British,2022-11-16,Deferred,0
894,AN0000894,Sarah,Patel,1996-01-24,F,sarah.patel894@example.com,07700900672,LS1 4BD,9995704722,Mixed Other,2022-08-08,Deferred,1
895,AN0000895,Yusuf,Nwosu,1999-01-26,M,yusuf.nwosu895@example.com,07700900268,sw1a4fe,9997536592,Mixed White and Asian,2023-02-28,Deferred,0
896,AN0000896,Oliver,Rossi,1991-09-17,F,oliver.rossi896@example.com,(0161) 496 9422,ls15db,9993854549,White Irish,2019-12-06,Active,1
897,AN0000897,George,Mackenzie,1999-12-07,F,george.mackenzie897@example.com,+44 7700 900249,B15 2BD,9992748974,White Other,2023-04-27,Active,1
898,AN0000898,Erin,Bianchi,1999-02-19,F,erin.bianchi898@example.com,07700900794,LS1 8DA,9998862175,Mixed White and Black Caribbean,2020-06-18,Withdrawn,0
899,AN0000899,Noah,Rossi,1997-02-23,M,noah.rossi899@example.com,(0161) 496 5176,g14ah,9993588245,Asian Other,2016-09-05,Active,0
900,AN0000900,Erin,Mackenzie,1997-12-30,M,erin.mackenzie900@example.com,07700900505,L1 8FB,9995244454,Black African,2016-02-18,Active,1
901,AN0000901,Priya,Doyle,2000-03-23,F,priya.doyle901@example.com,07700900586,BS1 4JB,9995391287,Arab,2021-12-17,Suspended,1
902,AN0000902,Yusuf,Rossi,1999-06-19,F,yusuf.rossi902@example.com,(0161) 496 9645,NE1 3AF,9995792710,Black African,2024-03-30,Deferred,1
903,AN0000903,Leila,Chen,1994-07-14,M,leila.chen903@example.com,(0161) 496 9854,CF10 5DF,9993839728,Asian Other,2018-11-05,Active,0
904,AN0000904,Wei,Thompson,1994-06-29,F,wei.thompson904@example.com,+44 7700 900936,ls14da,9998322103,Indian,2023-03-31,Active,0
905,AN0000905,Fatima,Nwosu,2001-10-04,F,fatima.nwosu905@example.com,+44 7700 900488,m11aj,9991081437,Mixed White and Black Caribbean,2016-01-09,Active,0
906,AN0000906,Isla,Sharma,2002-05-12,F,,(0161) 496 4997,M1 9AJ,9998235464,Black Other,2024-02-15,Deferred,0
907,AN0000907,Priya,Okafor,1989-03-22,F,priya.okafor907@example.com,(0161) 496 7623,LS1 1GF,9999671500,White Irish,2018-03-24,Active,1
908,AN0000908,Erin,Novak,1996-01-05,M,erin.novak908@example.com,+44 7700 900762,cf106fb,9993407852,Indian,2020-05-16,Active,1
909,AN0000909,Chloe,Bello,2002-07-17,M,chloe.bello909@example.com,+44 7700 900675,B15 7HE,9992689994,Mixed White and Asian,2021-04-06,Active,1
910,AN0000910,Grace,Grant,2006-01-26,M,grace.grant910@example.com,07700900671,NE1 9BJ,9997915054,Mixed Other,2024-10-19,Active,1
911,AN0000911,Oliver,Abara,1989-04-01,F,oliver.abara911@example.com,+44 7700 900708,B15 3AB,9995789825,Mixed White and Asian,2016-11-13,Active,1
912,AN0000912,Liam,Rossi,1988-07-25,M,liam.rossi912@example.com,(0161) 496 8552,G1 6GB,9997412745,Mixed White and Asian,2016-01-24,Suspended,0
913,AN0000913,Idris,Byrne,1990-04-29,M,idris.byrne913@example.com,+44 7700 900723,BS1 7DH,9992297581,White Other,2017-01-30,Active,0
914,AN0000914,Idris,Murray,1989-06-20,F,idris.murray914@example.com,(0161) 496 2724,NE1 6FG,9990568200,Pakistani,2018-12-18,Active,1
915,AN0000915,Meera,Doyle,1986-03-19,M,meera.doyle915@example.com,(0161) 496 1815,M1 7EG,9990723249,Other,2016-01-01,Active,0
916,AN0000916,Kai,Rossi,1999-06-22,M,kai.rossi916@example.com,+44 7700 900597,ne19dd,9997312619,Mixed White and Asian,2022-11-07,Suspended,1
917,AN0000917,James,Patel,1998-04-04,M,james.patel917@example.com,+44 7700 900688,G1 1DJ,9990537097,Pakistani,2016-09-26,Active,0
918,AN0000918,Priya,Grant,1992-05-15,M,priya.grant918@example.com,+44 7700 900595,eh12fg,9999893651,Pakistani,2016-10-17,Suspended,1
919,AN0000919,George,Patel,2005-01-08,M,george.patel919@example.com,(0161) 496 9432,LS1 8EF,9991310452,White Irish,2024-08-03,Active,1
920,AN0000920,Chloe,Rossi,1990-04-25,M,chloe.rossi920@example.com,07700900170,L1 5EG,9998352681,White Irish,2023-06-12,Active,1
921,AN0000921,Sofia,Haddad,1986-11-08,F,,+44 7700 900661,B15 5FE,9992536462,Pakistani,2016-06-08,Suspended,0
922,AN0000922,Daniel,Cohen,1990-12-27,F,daniel.cohen922@example.com,07700900502,G1 8GG,9996239209,White Irish,2016-08-05,Suspended,1
923,AN0000923,Erin,Bianchi,2000-08-04,F,erin.bianchi923@example.com,07700900416,SW1A 2EB,9991786198,White British,2019-08-22,Active,1
924,AN0000924,Idris,Mackenzie,1998-05-14,M,idris.mackenzie924@example.com,07700900281,LS1 1HG,9995412012,Pakistani,2023-11-24,Active,1
925,AN0000925,Erin,Cohen,1997-04-27,M,erin.cohen925@example.com,+44 7700 900980,CF10 1BG,9993259470,Black Other,2024-10-20,Active,1
926,AN0000926,Isla,Sharma,2001-11-29,M,isla.sharma926@example.com,(0161) 496 8597,bs19ag,9999503101,White British,2021-07-09,Active,1
927,AN0000927,Leila,Bello,1996-06-02,M,leila.bello927@example.com,07700900692,M1 1FG,9990360898,Black Caribbean,2018-06-04,Active,0
928,AN0000928,Sofia,Mackenzie,1995-11-30,M,sofia.mackenzie928@example.com,(0161) 496 6518,bs13gg,9993595209,Mixed White and Black Caribbean,2023-01-11,Active,0
929,AN0000929,Priya,Sharma,1994-10-15,M,priya.sharma929@example.com,07700900507,BS1 7AB,9997740378,Black African,2020-07-27,Withdrawn,0
930,AN0000930,Ruth,Lawson,1990-03-10,F,ruth.lawson930@example.com,+44 7700 900815,G1 4AA,9997625501,Chinese,2018-06-11,Active,1
931,AN0000931,Hannah,Okafor,1991-07-15,F,hannah.okafor931@example.com,+44 7700 900233,CF10 3FB,9994290290,Pakistani,2016-10-25,Active,0
932,AN0000932,Isla,Cohen,1998-01-22,M,isla.cohen932@example.com,07700900758,CF10 1GE,9998868432,White British,2099-09-23,Active,0
933,AN0000933,Liam,Robertson,1995-02-10,M,liam.robertson933@example.com,07700900106,eh16jg,9999887597,Bangladeshi,2020-05-27,Active,0
934,AN0000934,Hassan,Khan,1998-03-27,M,hassan.khan934@example.com,+44 7700 900336,B15 7DA,9992755822,White Other,2022-08-28,Active,1
935,AN0000935,Oliver,Lawson,1987-02-13,M,oliver.lawson935@example.com,(0161) 496 2876,m16de,9998023629,Indian,2016-04-11,Withdrawn,0
936,AN0000936,Liam,Iqbal,2002-02-28,F,liam.iqbal936@example.com,07700900802,g12hb,9998638550,White Other,2021-11-18,Withdrawn,1
937,AN0000937,Hassan,Khan,1991-07-24,M,,07700900196,cf109aa,9995378930,White Other,2021-03-14,Suspended,1
938,AN0000938,Grace,Chen,1994-01-17,M,grace.chen938@example.com,(0161) 496 5523,G1 5AB,9992272007,Bangladeshi,2021-09-13,Suspended,0
939,AN0000939,Grace,Mackenzie,2001-09-16,M,grace.mackenzie939@example.com,07700900259,SW1A 5BF,9994328115,Mixed Other,2022-01-07,Active,0
940,AN0000940,Ruth,Okafor,2003-07-18,M,ruth.okafor940@example.com,+44 7700 900312,SW1A 5DE,9992775211,Asian Other,2023-07-20,Active,0
941,AN0000941,Priya,Lawson,2004-01-07,M,priya.lawson941@example.com,+44 7700 900148,CF10 5HE,9990593779,Arab,2024-09-16,Active,1
942,AN0000942,Erin,Osman,1989-05-04,M,erin.osman942@example.com,+44 7700 900172,sw1a3bh,9991746900,Bangladeshi,2017-01-28,Suspended,0
943,AN0000943,Sarah,Fenton,1993-12-29,F,sarah.fenton943@example.com,+44 7700 900496,CF10 3DB,9993167088,White Irish,2016-04-29,Active,1
944,AN0000944,Sofia,Lawson,1995-08-06,F,sofia.lawson944@example.com,(0161) 496 1664,CF10 4HD,9998655048,Black Caribbean,2020-02-18,Deferred,1
945,AN0000945,Isla,Kaur,1990-10-26,F,isla.kaur945@example.com,(0161) 496 6016,BS1 4EH,9994962736,Pakistani,2016-05-28,Deferred,0
946,AN0000946,Callum,Chen,2001-10-02,F,callum.chen946@example.com,(0161) 496 5189,B15 7DG,9998542189,White Irish,2020-11-12,Suspended,1
947,AN0000947,Grace,Novak,2003-05-15,M,grace.novak947@example.com,07700900841,EH1 2HF,9998532477,Bangladeshi,2022-12-05,Active,0
948,AN0000948,Zainab,Rossi,1997-04-25,F,zainab.rossi948@example.com,(0161) 496 1569,B15 2BG,9998760542,Mixed White and Black Caribbean,2018-08-24,Activ,1
949,AN0000949,Chloe,Khan,1990-08-10,F,chloe.khan949@example.com,+44 7700 900915,L1 7FG,9995365979,Black African,2020-05-18,Active,1
950,AN0000950,Kai,Khan,1996-02-24,M,kai.khan950@example.com,+44 7700 900387,LS1 2DG,9990809593,Black Caribbean,2022-09-01,Suspended,0
951,AN0000951,Hannah,Cohen,1993-11-22,F,hannah.cohen951@example.com,07700900480,BS1 7HF,9992130741,Pakistani,2018-01-29,Active,1
952,AN0000952,Chloe,Murray,2003-03-28,M,chloe.murray952@example.com,+44 7700 900933,EH1 1FE,9992614544,Chinese,2022-08-07,Withdrawn,0
953,AN0000953,Oliver,Osman,1998-12-31,M,oliver.osman953@example.com,+44 7700 900797,SW1A 1BJ,9995221152,Arab,2020-08-17,Active,1
954,AN0000954,Daniel,Nwosu,1994-12-19,M,daniel.nwosu954@example.com,+44 7700 900617,L1 5FJ,9997320867,Black Other,2018-05-06,Withdrawn,0
955,AN0000955,Fatima,Lawson,1995-05-15,M,fatima.lawson955@example.com,07700900509,G1 7EE,9991400524,Arab,2020-12-26,Suspended,0
956,AN0000956,James,Reid,1996-05-29,M,james.reid956@example.com,+44 7700 900255,L1 3DB,9995731606,Black Caribbean,2020-02-14,Active,0
957,AN0000957,Chloe,Reid,1993-09-18,M,chloe.reid957@example.com,+44 7700 900268,SW1A 4BE,9995528622,White British,2018-06-10,Suspended,0
958,AN0000958,Hassan,Khan,1997-09-30,F,hassan.khan958@example.com,+44 7700 900482,BS1 6EE,9999920454,Other,2023-01-29,Withdrawn,0
959,AN0000959,Idris,Iqbal,1998-03-22,F,idris.iqbal959@example.com,+44 7700 900619,G1 1JH,9990870829,Mixed White and Asian,2018-07-12,Suspended,1
960,AN0000960,Idris,Thompson,1998-05-14,M,idris.thompson960@example.com,+44 7700 900201,SW1A 8BD,9995838826,White Other,2024-07-28,Deferred,1
961,AN0000961,Leila,Fenton,1998-09-18,F,leila.fenton961@example.com,07700900589,B15 6JF,9993322288,White British,2023-01-25,Withdrawn,0
962,AN0000962,Chloe,Bello,1997-01-27,F,chloe.bello962@example.com,07700900786,bs13dd,9995606291,Black Other,2019-04-11,Active,1
963,AN0000963,Noah,Sharma,1998-09-16,M,noah.sharma963@example.com,+44 7700 900763,M1 9AF,9997413075,Black Other,2020-05-14,Active,1
964,AN0000964,Chloe,Thompson,1996-11-20,M,chloe.thompson964@example.com,+44 7700 900775,M1 4HD,9990846391,Other,2023-04-29,Withdrawn,1
965,AN0000965,Callum,Byrne,1990-02-24,F,callum.byrne965@example.com,+44 7700 900426,EH1 2DB,9996411958,Black Other,2019-07-09,Active,1
966,AN0000966,James,Osman,2003-09-21,F,james.osman966@example.com,07700900316,BS1 6JJ,9994262017,Other,2023-07-09,Active,0
967,AN0000967,Omar,Novak,2002-01-07,M,omar.novak967@example.com,(0161) 496 4991,CF10 7JJ,9996773191,Bangladeshi,2017-01-02,Active,1
968,AN0000968,Noah,Robertson,2004-12-07,F,,07700900643,NE1 8HG,9993943193,White Other,2023-07-27,Withdrawn,1
969,AN0000969,Daniel,Mackenzie,1999-05-28,F,daniel.mackenzie969@example.com,+44 7700 900227,LS1 1DB,9995057646,Black Caribbean,2018-02-10,Suspended,1
970,AN0000970,Idris,Reid,1994-03-11,M,idris.reid970@example.com,+44 7700 900530,NE1 8HF,9996764974,Arab,2019-03-09,Active,0
971,AN0000971,Nadia,Doyle,1993-10-14,F,nadia.doyle971@example.com,07700900134,EH1 6AA,9995537303,Mixed White and Asian,2018-04-04,Active,1
972,AN0000972,Grace,Nwosu,1996-02-11,M,grace.nwosu972@example.com,(0161) 496 6867,LS1 7EG,9995970252,Mixed White and Black Caribbean,2021-03-17,Active,0
973,AN0000973,Ethan,Nwosu,1996-11-30,F,ethan.nwosu973@example.com,+44 7700 900180,G1 5GH,9994663453,Black African,2021-03-10,Deferred,1
974,AN0000974,Omar,Ali,1990-02-08,M,omar.ali974@example.com,07700900412,bs12he,9993449741,Asian Other,2019-06-13,Suspended,1
975,AN0000975,Erin,Haddad,2000-03-25,M,erin.haddad975@example.com,+44 7700 900148,bs16hd,9997398890,Black African,2018-12-16,Active,0
976,AN0000976,Amara,Thompson,1988-06-24,M,amara.thompson976@example.com,+44 7700 900277,M1 8AJ,9998534658,Black Other,2016-02-02,Active,0
977,AN0000977,Yusuf,Bianchi,1999-01-28,M,yusuf.bianchi977@example.com,+44 7700 900384,BS1 7FH,9992939001,Pakistani,2017-05-29,Withdrawn,1
978,AN0000978,Sarah,Chen,2005-06-16,F,sarah.chen978@example.com,+44 7700 900502,G1 9HE,9995708612,Chinese,2024-09-24,Active,1
979,AN0000979,Ruth,Iqbal,1999-12-12,F,ruth.iqbal979@example.com,07700900506,CF10 4BB,9998850347,Bangladeshi,2022-03-13,Active,1
980,AN0000980,Amara,Reid,1994-05-08,M,amara.reid980@example.com,(0161) 496 4193,EH1 8FD,9990852944,Mixed White and Asian,2023-07-10,Deferred,0
981,AN0000981,Wei,Lawson,1996-12-01,F,wei.lawson981@example.com,+44 7700 900392,M1 8FE,9994350234,Mixed White and Black Caribbean,2025-01-09,Active,0
982,AN0000982,Amara,Doyle,1994-11-23,F,amara.doyle982@example.com,+44 7700 900285,L1 6DE,9998293022,White British,2022-04-09,Active,1
983,AN0000983,Callum,Osman,1995-12-08,M,callum.osman983@example.com,+44 7700 900324,B15 5HJ,9991675078,Mixed Other,2017-03-17,Active,1
984,AN0000984,Grace,Bello,1996-07-23,M,grace.bello984@example.com,+44 7700 900757,G1 4AB,9992398477,Bangladeshi,2019-11-23,Active,0
985,AN0000985,Tom,Adeyemi,2003-12-26,M,tom.adeyemi985@example.com,07700900569,m11bj,9992240504,Arab,2024-01-14,Deferred,1
986,AN0000986,Kai,Doyle,1990-02-26,F,kai.doyle986@example.com,07700900204,L1 8GF,9999924069,Mixed White and Black Caribbean,2018-11-26,Withdrawn,0
987,AN0000987,Sofia,Abara,2000-04-18,M,sofia.abara987@example.com,+44 7700 900993,M1 3DG,9999566847,Black African,2020-12-10,Suspended,0
988,AN0000988,Fatima,Patel,1990-07-19,F,fatima.patel988@example.com,07700900178,LS1 2DB,9990187800,Asian Other,2018-10-17,Withdrawn,1
989,AN0000989,Ruth,Rossi,1991-08-12,M,ruth.rossi989@example.com,+44 7700 900150,L1 5AE,9995199947,Mixed White and Black Caribbean,2020-08-30,Active,1
990,AN0000990,Omar,Lawson,2004-11-21,M,omar.lawson990@example.com,+44 7700 900245,L1 7FE,9997220544,Pakistani,2024-07-27,Active,0
991,AN0000991,Callum,Nwosu,1991-10-17,F,callum.nwosu991@example.com,07700900761,cf104ea,9993344478,White British,2020-03-23,Active,1
992,AN0000992,Ethan,Bello,1999-07-03,F,ethan.bello992@example.com,+44 7700 900923,ls11gh,9995195372,Other,2022-07-04,Active,0
993,AN0000993,Callum,Haddad,1994-11-03,M,callum.haddad993@example.com,(0161) 496 6186,CF10 4FD,9997752252,Pakistani,2023-02-12,Active,1
994,AN0000994,Liam,Lawson,1996-09-24,M,liam.lawson994@example.com,+44 7700 900719,LS1 1GD,9994115634,White Irish,2020-06-23,Active,1
995,AN0000995,Daniel,Bianchi,1993-08-29,F,daniel.bianchi995@example.com,+44 7700 900350,L1 3HD,9994206613,Black Other,2023-06-16,Withdrawn,1
996,AN0000996,Grace,Wright,1987-07-19,F,grace.wright996@example.com,+44 7700 900309,M1 4AA,9998321123,Pakistani,2016-04-20,Active,0
997,AN0000997,Idris,Byrne,2005-05-10,M,idris.byrne997@example.com,07700900651,LS1 7HJ,9994420062,Bangladeshi,2020-03-04,Suspended,1
998,AN0000998,Oliver,Kaur,1996-07-21,F,oliver.kaur998@example.com,07700900894,cf107fh,9991962344,Bangladeshi,2021-11-18,Active,0
999,AN0000999,Ruth,Reid,2000-08-26,M,ruth.reid999@example.com,+44 7700 900117,EH1 2AF,9998911796,Arab,2020-11-21,Active,1
1000,AN0001000,Hassan,Bello,1995-04-16,M,hassan.bello1000@example.com,07700900626,B15 2AA,9996660206,White Irish,2022-08-30,Active,1
1001,AN0001001,Kai,Whitfield,2003-08-23,F,kai.whitfield1001@example.com,+44 7700 900505,b152ag,9995243830,White British,2024-05-21,Active,0
1002,AN0001002,Kai,Haddad,2008-01-10,M,kai.haddad1002@example.com,+44 7700 900507,ne17dj,9993328383,Mixed White and Asian,2022-11-27,Withdrawn,0
1003,AN0001003,Tom,Doyle,1997-04-28,F,tom.doyle1003@example.com,07700900746,NE1 7DH,9993684104,White Other,2021-06-04,Active,0
1004,AN0001004,Leila,Wright,2004-08-08,M,leila.wright1004@example.com,07700900256,M1 9EG,9997918754,White British,2024-11-14,Active,1
1005,AN0001005,Meera,Robertson,1989-01-08,F,meera.robertson1005@example.com,07700900840,G1 3AB,9994319272,Arab,2017-01-24,Active,0
1006,AN0001006,Oliver,Reid,1992-07-03,F,oliver.reid1006@example.com,(0161) 496 7864,BS1 9EF,9995686295,Mixed White and Black Caribbean,2021-08-22,Suspended,0
1007,AN0001007,Wei,Cohen,1999-08-10,M,wei.cohen1007@example.com,+44 7700 900328,bs15ha,9994299077,Black African,2021-01-09,Withdrawn,1
1008,AN0001008,Wei,Bianchi,1998-05-06,F,wei.bianchi1008@example.com,+44 7700 900548,BS1 7JA,9998974747,Mixed White and Black Caribbean,2022-12-03,Withdrawn,1
1009,AN0001009,Callum,Adeyemi,1990-08-03,F,callum.adeyemi1009@example.com,+44 7700 900573,B15 5JG,9999881645,White British,2016-11-04,Active,1
1010,AN0001010,Daniel,Okafor,1997-09-01,F,daniel.okafor1010@example.com,(0161) 496 6352,LS1 2AD,9997066480,White Irish,2024-11-19,Active,0
1011,AN0001011,George,Rossi,1995-02-12,M,george.rossi1011@example.com,07700900100,NE1 9EA,9994883992,Other,2018-10-31,Active,0
1012,AN0001012,Sofia,Iqbal,1999-08-28,M,sofia.iqbal1012@example.com,(0161) 496 8324,G1 1AA,9995661993,Mixed White and Black Caribbean,2020-08-30,Withdrawn,0
1013,AN0001013,James,Reid,1995-08-13,M,james.reid1013@example.com,07700900885,BS1 4JF,9999087019,Other,2020-01-04,Active,1
1014,AN0001014,Erin,Kaur,2006-12-24,M,erin.kaur1014@example.com,07700900308,CF10 6BA,9994442996,White Irish,2025-01-04,Active,1
1015,AN0001015,George,Novak,1995-01-28,F,george.novak1015@example.com,(0161) 496 7131,LS1 5AH,9996725626,Bangladeshi,2019-11-05,Deferred,0
1016,AN0001016,Sarah,Bello,1992-10-09,M,sarah.bello1016@example.com,(0161) 496 5831,L1 1FJ,9996484556,Asian Other,2016-02-02,Suspended,1
1017,AN0001017,Daniel,Nwosu,1995-05-06,M,daniel.nwosu1017@example.com,+44 7700 900600,m13fg,9993129003,Asian Other,2017-01-29,Active,0
1018,AN0001018,Leila,Nwosu,1997-05-17,M,leila.nwosu1018@example.com,(0161) 496 3345,l18dh,9998839580,Black Other,2017-01-09,Withdrawn,1
1019,AN0001019,Sofia,Cohen,1997-02-09,F,sofia.cohen1019@example.com,+44 7700 900961,G1 3GB,9998575915,Arab,2017-12-01,Active,0
1020,AN0001020,Daniel,Reid,1990-07-14,F,daniel.reid1020@example.com,+44 7700 900194,EH1 8JF,9993535249,Arab,2016-08-01,Deferred,1
1021,AN0001021,Sarah,Doyle,1999-09-14,F,sarah.doyle1021@example.com,07700900819,BS1 8EF,9999305377,White British,2024-11-07,Active,0
1022,AN0001022,Sarah,Wright,1994-05-04,M,sarah.wright1022@example.com,07700900345,NE1 3HA,9998828155,Bangladeshi,2018-06-10,Active,1
1023,AN0001023,Tom,Okafor,1992-08-09,M,tom.okafor1023@example.com,+44 7700 900164,g13bj,9996535371,White Irish,2019-03-14,Active,0
1024,AN0001024,Zainab,Haddad,1998-06-10,F,zainab.haddad1024@example.com,+44 7700 900490,l12jj,9992969148,Asian Other,2023-09-09,Active,1
1025,AN0001025,Wei,Osman,1995-06-09,F,wei.osman1025@example.com,07700900540,eh16aa,9991089853,Other,2022-10-12,Active,0
1026,AN0001026,Sofia,Lawson,1990-03-01,M,sofia.lawson1026@example.com,+44 7700 900187,NE1 7FF,9994648845,Arab,2018-08-16,Suspended,1
1027,AN0001027,Oliver,Nwosu,1998-08-14,F,oliver.nwosu1027@example.com,07700900684,G1 9DB,9990221790,Arab,2022-04-17,Withdrawn,0
1028,AN0001028,Hannah,Chen,1992-08-12,M,,07700900980,L1 2JA,9999844510,Black African,2019-05-10,Deferred,0
1029,AN0001029,Nadia,Patel,2003-10-23,F,nadia.patel1029@example.com,(0161) 496 2717,M1 3EA,9998568110,Asian Other,2024-07-12,Suspended,1
1030,AN0001030,Hannah,Rossi,1994-06-08,M,hannah.rossi1030@example.com,(0161) 496 1371,BS1 3BJ,9996933512,Black Other,2016-11-22,Withdrawn,0
1031,AN0001031,Chloe,Khan,1992-03-18,F,chloe.khan1031@example.com,+44 7700 900789,CF10 1BB,9999103820,Other,2021-03-18,Active,0
1032,AN0001032,Noah,Abara,1996-05-17,M,noah.abara1032@example.com,07700900143,BS1 1GB,9991045023,Black Caribbean,2019-07-14,Active,1
1033,AN0001033,Tom,Robertson,1993-01-19,F,tom.robertson1033@example.com,+44 7700 900875,CF10 3JB,9995896931,Chinese,2016-10-12,Active,0
1034,AN0001034,Idris,Bello,1987-09-08,F,idris.bello1034@example.com,07700900994,CF10 2GF,9993156639,Other,2016-09-04,Suspended,0
1035,AN0001035,Zainab,Iqbal,2005-09-23,F,zainab.iqbal1035@example.com,+44 7700 900502,BS1 1DE,9992702893,Mixed Other,2024-11-09,Deferred,1
1036,AN0001036,Nadia,Okafor,1979-07-25,M,nadia.okafor1036@example.com,07700900486,EH1 5BH,9991975357,Black Caribbean,2019-11-06,Active,1
1037,AN0001037,Priya,Iqbal,1999-02-21,M,priya.iqbal1037@example.com,+44 7700 900319,SW1A 5DJ,9996281442,Black African,2017-05-24,Active,0
1038,AN0001038,Ethan,Bianchi,2001-01-22,M,ethan.bianchi1038@example.com,(0161) 496 7746,BS1 1HJ,9999092284,Black African,2022-06-29,Suspended,1
1039,AN0001039,Chloe,Adeyemi,1996-06-11,M,,(0161) 496 6384,NE1 8DJ,9991164030,Black Caribbean,2019-08-03,Active,0
1040,AN0001040,Ethan,Patel,1991-08-30,F,ethan.patel1040@example.com,07700900467,NE1 4EE,9997704134,White British,2018-04-21,Suspended,0
1041,AN0001041,Grace,Reid,1994-01-03,F,grace.reid1041@example.com,(0161) 496 4052,NE1 3HD,9992041234,White Other,2017-04-06,Suspended,0
1042,AN0001042,Omar,Kaur,1994-05-12,M,omar.kaur1042@example.com,+44 7700 900876,eh12aa,9997941934,Bangladeshi,2019-12-29,Active,1
1043,AN0001043,Chloe,Ali,1994-02-02,M,chloe.ali1043@example.com,07700900831,BS1 5BD,9997264967,Chinese,2022-03-06,Active,0
1044,AN0001044,Zainab,Byrne,1999-05-17,M,zainab.byrne1044@example.com,+44 7700 900371,B15 3HB,9998616301,Other,2021-07-24,Active,0
1045,AN0001045,Sofia,Robertson,1991-10-24,M,sofia.robertson1045@example.com,(0161) 496 3481,SW1A 1GE,9996219534,Mixed Other,2021-01-11,Suspended,0
1046,AN0001046,James,Cohen,1995-10-16,M,james.cohen1046@example.com,+44 7700 900606,B15 3GA,9997397134,White Irish,2021-03-19,Withdrawn,1
1047,AN0001047,Amara,Nwosu,1997-10-10,F,amara.nwosu1047@example.com,07700900861,NE1 8BH,9992104546,Mixed Other,2017-01-18,Deferred,0
1048,AN0001048,Meera,Thompson,2001-08-18,M,meera.thompson1048@example.com,+44 7700 900106,L1 5FE,9992344229,Mixed White and Black Caribbean,2022-05-21,Active,0
1049,AN0001049,Noah,Robertson,1995-09-15,M,noah.robertson1049@example.com,+44 7700 900701,EH1 2DA,9994772694,White British,2016-03-04,Active,0
1050,AN0001050,Nadia,Kaur,1999-08-03,M,nadia.kaur1050@example.com,+44 7700 900233,l17bj,9994802453,Mixed White and Black Caribbean,2023-01-06,Suspended,1
1051,AN0001051,Sarah,Robertson,1996-04-11,M,sarah.robertson1051@example.com,07700900213,G1 9BD,9998649862,Black African,2016-05-31,Active,1
1052,AN0001052,Idris,Lawson,1993-03-10,M,idris.lawson1052@example.com,+44 7700 900488,SW1A 1FF,9990837813,Indian,2021-10-05,Suspended,0
1053,AN0001053,Meera,Mackenzie,1995-10-14,M,meera.mackenzie1053@example.com,+44 7700 900144,sw1a7eh,9992353481,Black African,2022-12-13,Suspended,1
1054,AN0001054,George,Grant,1990-03-27,M,george.grant1054@example.com,+44 7700 900640,CF10 6FH,9990212376,Pakistani,2016-06-09,Deferred,0
1055,AN0001055,Zainab,Lawson,2001-05-28,M,zainab.lawson1055@example.com,+44 7700 900121,sw1a9he,9996739198,White British,2019-09-08,Active,0
1056,AN0001056,Sarah,Adeyemi,1993-05-06,M,sarah.adeyemi1056@example.com,07700900976,M1 7DE,9997379896,Arab,2017-05-02,Withdrawn,0
1057,AN0001057,Callum,Okafor,1992-08-15,F,callum.okafor1057@example.com,07700900962,M1 9HJ,9996300099,Black African,2022-01-28,Withdrawn,0
1058,AN0001058,Fatima,Haddad,1997-12-31,F,fatima.haddad1058@example.com,+44 7700 900198,ne12gb,9999420346,White British,2017-05-01,Active,1
1059,AN0001059,Tom,Cohen,2003-03-05,F,tom.cohen1059@example.com,+44 7700 900557,G1 7FF,9994667203,Indian,2024-07-20,Active,0
1060,AN0001060,George,Lawson,1994-03-20,M,george.lawson1060@example.com,07700900652,m19dd,9998794021,Mixed White and Asian,2023-03-22,Active,0
1061,AN0001061,Ethan,Iqbal,2001-12-06,F,ethan.iqbal1061@example.com,07700900239,L1 4GE,9992357002,Black Caribbean,2021-08-13,Active,0
1062,AN0001062,Grace,Thompson,1998-06-22,F,grace.thompson1062@example.com,+44 7700 900218,CF10 2DG,9990461007,Arab,2024-08-26,Suspended,0
1063,AN0001063,Fatima,Sharma,1994-05-29,M,fatima.sharma1063@example.com,+44 7700 900230,NE1 4DJ,9991232966,White Other,2018-12-19,Active,0
1064,AN0001064,Wei,Okafor,2000-08-11,F,wei.okafor1064@example.com,+44 7700 900853,CF10 7GE,9994460420,Pakistani,2023-05-06,Active,1
1065,AN0001065,Fatima,Abara,2000-08-01,M,,+44 7700 900190,G1 4AG,9993472433,Mixed White and Black Caribbean,2023-02-09,Suspended,1
1066,AN0001066,Liam,Patel,1994-05-17,M,liam.patel1066@example.com,(0161) 496 2663,LS1 8DH,9990866651,Mixed White and Asian,2020-08-05,Active,0
1067,AN0001067,George,Byrne,1997-05-30,F,george.byrne1067@example.com,07700900964,EH1 5JJ,9992903503,White Irish,2022-12-20,Active,0
1068,AN0001068,Idris,Wright,1992-08-16,F,idris.wright1068@example.com,(0161) 496 3385,LS1 4GF,9994046683,Pakistani,2019-05-27,Active,0
1069,AN0001069,Liam,Cohen,1996-04-11,F,liam.cohen1069@example.com,07700900869,G1 3GF,9992064412,Indian,2024-11-12,Active,1
1070,AN0001070,Chloe,Whitfield,1996-01-13,M,chloe.whitfield1070@example.com,+44 7700 900102,CF10 4FE,9999488218,Black African,2022-02-17,Suspended,1
1071,AN0001071,Sofia,Okafor,1996-03-12,M,sofia.okafor1071@example.com,+44 7700 900200,M1 1DB,9995434121,Asian Other,2020-07-17,Deferred,0
1072,AN0001072,Sarah,Murray,2002-01-28,F,sarah.murray1072@example.com,+44 7700 900345,L1 3BH,9990320314,Arab,2020-07-02,Suspended,0
1073,AN0001073,Liam,Byrne,2001-02-01,M,liam.byrne1073@example.com,+44 7700 900586,m14bj,9999786014,Mixed White and Asian,2019-02-04,Active,1
1074,AN0001074,Leila,Murray,2004-03-20,F,leila.murray1074@example.com,+44 7700 900763,EH1 8GG,9995821079,Bangladeshi,2022-12-01,Suspended,1
1075,AN0001075,Ethan,Khan,1990-11-11,F,ethan.khan1075@example.com,07700900157,B15 8BH,9990881979,Pakistani,2016-01-15,Active,0
1076,AN0001076,Leila,Bello,1996-12-24,F,leila.bello1076@example.com,+44 7700 900893,M1 9EJ,9993076813,White British,2024-07-02,Active,1
1077,AN0001077,Sofia,Okafor,1993-10-20,F,sofia.okafor1077@example.com,07700900576,ne11ad,9994323628,Bangladeshi,2023-07-22,Deferred,0
1078,AN0001078,Callum,Osman,1991-11-27,F,callum.osman1078@example.com,(0161) 496 5252,CF10 8AH,9995169134,Mixed White and Black Caribbean,2016-06-04,Withdrawn,0
1079,AN0001079,Liam,Cohen,1987-06-21,F,liam.cohen1079@example.com,(0161) 496 3378,CF10 2AJ,9993350842,Bangladeshi,2016-08-12,Active,0
1080,AN0001080,Ruth,Khan,2004-01-19,M,ruth.khan1080@example.com,07700900395,NE1 5BE,9994169106,Black Other,2023-10-17,Deferred,0
1081,AN0001081,Priya,Chen,1994-01-17,F,priya.chen1081@example.com,+44 7700 900473,ne17fh,9998110505,Indian,2017-02-17,Deferred,1
1082,AN0001082,Kai,Patel,1998-07-06,F,kai.patel1082@example.com,07700900927,BS1 7BG,9998551285,White Other,2020-09-18,Active,1
1083,AN0001083,Daniel,Fenton,1996-10-15,F,daniel.fenton1083@example.com,07700900609,NE1 2GG,9996097234,Mixed White and Asian,2017-02-07,Active,0
1084,AN0001084,Isla,Fenton,1994-10-11,F,isla.fenton1084@example.com,+44 7700 900573,L1 3AG,9991073086,Arab,2019-04-13,Active,1
1085,AN0001085,Callum,Fenton,1990-04-19,M,callum.fenton1085@example.com,+44 7700 900840,SW1A 4BJ,9993802743,White Other,2018-12-15,Deferred,1
1086,AN0001086,Ethan,Abara,1990-01-04,M,ethan.abara1086@example.com,+44 7700 900265,bs13gf,9996862720,Black Caribbean,2019-08-21,Active,1
1087,AN0001087,Nadia,Haddad,1998-10-22,F,nadia.haddad1087@example.com,07700900486,B15 3JB,9993538671,Mixed Other,2018-10-23,Withdrawn,0
1088,AN0001088,Zainab,Bello,1995-09-05,F,zainab.bello1088@example.com,07700900955,l11ha,9998869323,White Irish,2017-05-28,Withdrawn,1
1089,AN0001089,Chloe,Iqbal,2003-05-15,M,chloe.iqbal1089@example.com,+44 7700 900126,NE1 3JE,9991597646,White British,2024-09-19,Active,0
1090,AN0001090,Leila,Kaur,2000-09-17,F,,+44 7700 900585,NE1 8JG,9992619031,Black African,2024-04-10,Active,0
1091,AN0001091,Meera,Whitfield,1991-05-08,F,meera.whitfield1091@example.com,07700900284,SW1A 3DD,9991175768,Indian,2020-07-06,Active,0
1092,AN0001092,Nadia,Nwosu,1994-06-08,F,nadia.nwosu1092@example.com,+44 7700 900374,NE1 7EA,9991690395,Bangladeshi,2016-08-22,Active,0
1093,AN0001093,Erin,Nwosu,1999-08-05,M,erin.nwosu1093@example.com,+44 7700 900372,LS1 7FJ,9990680175,Arab,2024-05-17,Deferred,0
1094,AN0001094,Kai,Whitfield,1992-08-23,F,kai.whitfield1094@example.com,(0161) 496 1644,G1 1AF,9993267244,Black African,2016-11-25,Active,0
1095,AN0001095,Yusuf,Thompson,2000-02-29,F,yusuf.thompson1095@example.com,07700900543,B15 9AE,9990654026,Mixed White and Black Caribbean,2020-12-09,Suspended,1
1096,AN0001096,Sarah,Murray,2001-06-19,M,sarah.murray1096@example.com,+44 7700 900261,L1 3BD,9991635041,Mixed Other,2022-10-08,Active,0
1097,AN0001097,Hannah,Haddad,1999-06-10,F,hannah.haddad1097@example.com,07700900943,LS1 8DF,9993974994,Mixed White and Black Caribbean,2024-01-22,Active,1
1098,AN0001098,Omar,Okafor,1995-01-29,F,omar.okafor1098@example.com,(0161) 496 7859,L1 6HA,9990221545,Asian Other,2021-09-02,Suspended,0
1099,AN0001099,George,Adeyemi,1995-01-18,M,george.adeyemi1099@example.com,+44 7700 900260,G1 4EE,9992351020,Mixed White and Black Caribbean,2022-01-29,Withdrawn,1
1100,AN0001100,Zainab,Abara,1997-05-12,F,zainab.abara1100@example.com,+44 7700 900915,sw1a4hf,9993933325,Black Caribbean,2016-08-31,Deferred,0
1101,AN0001101,Callum,Reid,1990-04-01,M,callum.reid1101@example.com,+44 7700 900650,SW1A 6EB,9994412906,Arab,2017-10-30,Deferred,1
1102,AN0001102,Chloe,Bello,1997-03-25,M,chloe.bello1102@example.com,+44 7700 900348,L1 7EB,9994954210,White British,2020-05-27,Active,0
1103,AN0001103,Grace,Bianchi,1990-11-23,M,grace.bianchi1103@example.com,(0161) 496 6601,BS1 2DD,9991317538,Mixed White and Asian,2019-01-03,Active,1
1104,AN0001104,Yusuf,Adeyemi,1998-02-10,F,yusuf.adeyemi1104@example.com,+44 7700 900205,LS1 1HB,9998452406,Chinese,2021-04-23,Active,0
1105,AN0001105,Liam,Iqbal,2002-04-19,F,liam.iqbal1105@example.com,+44 7700 900196,EH1 4DB,9991430873,Other,2023-10-01,Suspended,1
1106,AN0001106,Noah,Chen,1993-10-06,F,noah.chen1106@example.com,07700900357,ls13be,9994581929,White British,2018-12-04,Active,1
1107,AN0001107,Meera,Sharma,1995-04-27,M,meera.sharma1107@example.com,(0161) 496 4841,LS1 9HG,9999025781,Black Caribbean,2020-11-02,Active,1
1108,AN0001108,Priya,Lawson,1998-02-19,F,priya.lawson1108@example.com,07700900643,b159dg,9997262085,Black African,2021-10-29,Active,1
1109,AN0001109,Wei,Novak,2002-01-22,F,wei.novak1109@example.com,(0161) 496 6224,G1 2HD,9992250186,Bangladeshi,2022-07-22,Active,1
1110,AN0001110,Amara,Bianchi,1994-02-19,F,amara.bianchi1110@example.com,+44 7700 900878,EH1 3AB,9992234148,Bangladeshi,2019-05-13,Suspended,0
1111,AN0001111,Idris,Okafor,1993-03-23,F,idris.okafor1111@example.com,+44 7700 900810,L1 1DH,9993217409,White British,2022-10-16,Withdrawn,0
1112,AN0001112,Grace,Byrne,1987-06-17,M,grace.byrne1112@example.com,+44 7700 900881,B15 9DD,9997119363,White British,2016-07-23,Withdrawn,0
1113,AN0001113,Nadia,Okafor,2001-04-18,F,nadia.okafor1113@example.com,07700900428,CF10 5HB,9996076261,Black Caribbean,2021-12-06,Active,1
1114,AN0001114,James,Okafor,1999-02-11,F,james.okafor1114@example.com,+44 7700 900377,cf102jh,9993133612,White British,2022-06-02,Withdrawn,1
1115,AN0001115,Isla,Murray,1992-08-21,M,isla.murray1115@example.com,(0161) 496 2624,CF10 6FF,9993727768,Mixed White and Black Caribbean,2017-01-16,Active,1
1116,AN0001116,Erin,Reid,2005-11-07,M,erin.reid1116@example.com,07700900718,EH1 3AF,9991755187,Arab,2024-06-07,Active,0
1117,AN0001117,Hannah,Abara,1993-10-08,M,hannah.abara1117@example.com,+44 7700 900814,LS1 1DF,9997444175,Bangladeshi,2021-07-18,Active,1
1118,AN0001118,Zainab,Haddad,2001-06-30,F,zainab.haddad1118@example.com,07700900559,BS1 1DG,9998904722,Chinese,2024-10-03,Suspended,1
1119,AN0001119,Omar,Murray,1999-12-24,M,omar.murray1119@example.com,07700900332,ne16gj,9994216430,Black Other,2018-12-26,Deferred,0
1120,AN0001120,Hannah,Fenton,1989-01-27,F,hannah.fenton1120@example.com,07700900368,CF10 1FJ,9996143783,Black African,2016-05-13,Active,0
1121,AN0001121,Oliver,Sharma,1990-12-07,M,oliver.sharma1121@example.com,07700900562,G1 7FH,9992636815,Mixed White and Black Caribbean,2020-06-10,Withdrawn,1
1122,AN0001122,Erin,Murray,1990-06-21,M,erin.murray1122@example.com,(0161) 496 3443,L1 8DB,9998450780,Mixed White and Asian,2016-12-22,Active,1
1123,AN0001123,Fatima,Iqbal,1996-08-02,F,fatima.iqbal1123@example.com,(0161) 496 4733,B15 8FH,9993306770,Chinese,2020-08-14,Active,1
1124,AN0001124,Meera,Murray,2005-02-12,M,meera.murray1124@example.com,+44 7700 900287,cf107jf,9999087884,Mixed Other,2024-11-15,Active,0
1125,AN0001125,Ethan,Bianchi,1991-08-25,F,ethan.bianchi1125@example.com,+44 7700 900310,bs17ef,9992898763,White British,2019-09-11,Withdrawn,1
1126,AN0001126,Idris,Kaur,2001-03-16,M,idris.kaur1126@example.com,+44 7700 900220,l11fh,9991867066,Mixed White and Asian,2019-08-14,Active,0
1127,AN0001127,Hannah,Sharma,2004-12-31,M,hannah.sharma1127@example.com,07700900792,sw1a8ed,9998919827,Other,2024-07-20,Active,0
1128,AN0001128,Nadia,Murray,1998-04-22,F,nadia.murray1128@example.com,+44 7700 900855,sw1a9hf,9992694203,Chinese,2019-08-15,Withdrawn,0
1129,AN0001129,Erin,Byrne,2002-02-13,F,erin.byrne1129@example.com,07700900755,BS1 1BF,9999219586,Arab,2023-07-26,Active,0
1130,AN0001130,Zainab,Adeyemi,1996-08-06,F,zainab.adeyemi1130@example.com,+44 7700 900624,eh14ad,9991781676,White British,2022-10-23,Active,1
1131,AN0001131,Noah,Adeyemi,2002-04-16,F,noah.adeyemi1131@example.com,(0161) 496 9645,bs11bh,9994928155,White British,2023-06-09,Active,1
1132,AN0001132,Chloe,Sharma,1992-03-22,M,chloe.sharma1132@example.com,+44 7700 900405,SW1A 8AE,9998081726,Mixed White and Asian,2017-04-13,Active,0
1133,AN0001133,Grace,Haddad,2001-10-07,F,grace.haddad1133@example.com,(0161) 496 6345,SW1A 1JD,9999592740,White Other,2022-03-03,Active,1
1134,AN0001134,Sofia,Okafor,1993-08-08,F,,(0161) 496 3809,L1 7HD,9990820392,Indian,2020-09-28,Active,0
1135,AN0001135,Noah,Bianchi,2004-06-11,M,noah.bianchi1135@example.com,07700900370,EH1 5EG,9990120420,Black Caribbean,2025-01-08,Active,1
1136,AN0001136,Tom,Haddad,2003-11-18,M,tom.haddad1136@example.com,(0161) 496 3559,B15 8GE,9998497604,Asian Other,2022-09-09,Suspended,1
1137,AN0001137,Noah,Bianchi,2002-11-10,F,noah.bianchi1137@example.com,+44 7700 900425,LS1 5AG,9996481875,Mixed White and Black Caribbean,2021-01-12,Deferred,1
1138,AN0001138,Leila,Okafor,1994-05-11,M,leila.okafor1138@example.com,+44 7700 900995,BS1 8JE,9994662325,Asian Other,2018-09-22,Active,0
1139,AN0001139,Callum,Robertson,1993-06-22,F,callum.robertson1139@example.com,+44 7700 900175,LS1 6FJ,9998622697,Pakistani,2021-03-13,Active,1
1140,AN0001140,Nadia,Robertson,1991-01-12,F,nadia.robertson1140@example.com,+44 7700 900453,CF10 3EE,9997792564,White British,2016-10-24,Active,0
1141,AN0001141,Fatima,Adeyemi,2001-10-31,F,fatima.adeyemi1141@example.com,(0161) 496 5047,M1 6EE,9999122604,White British,2021-11-21,Active,0
1142,AN0001142,Isla,Mackenzie,1987-12-03,F,isla.mackenzie1142@example.com,+44 7700 900731,M1 5EA,9999134106,Chinese,2016-07-22,Suspended,1
1143,AN0001143,Daniel,Chen,1996-06-26,M,daniel.chen1143@example.com,+44 7700 900727,NE1 7GH,9992405929,White Irish,2023-02-16,Suspended,0
1144,AN0001144,Fatima,Cohen,1999-10-25,F,fatima.cohen1144@example.com,(0161) 496 8014,BS1 2FH,9992017538,White British,2018-08-08,Active,1
1145,AN0001145,Nadia,Thompson,1997-02-11,F,nadia.thompson1145@example.com,(0161) 496 3505,eh11fe,9993137952,Mixed White and Asian,2021-11-25,Active,0
1146,AN0001146,Priya,Patel,1996-03-27,M,priya.patel1146@example.com,+44 7700 900458,sw1a4hb,9992025999,White Other,2021-06-30,Suspended,0
1147,AN0001147,Ethan,Patel,1996-07-15,M,ethan.patel1147@example.com,+44 7700 900849,LS1 5FF,9994890476,Mixed Other,2018-03-03,Active,1
1148,AN0001148,Omar,Rossi,2000-05-11,F,omar.rossi1148@example.com,(0161) 496 1084,l17gb,9999170854,White Other,2020-08-30,Active,0
1149,AN0001149,Leila,Nwosu,1994-07-26,M,leila.nwosu1149@example.com,+44 7700 900492,B15 5AB,9995805588,White Other,2022-01-13,Withdrawn,0
1150,AN0001150,Daniel,Lawson,1998-09-13,F,daniel.lawson1150@example.com,07700900354,bs12ha,9997004094,Asian Other,2021-01-24,Deferred,0
1151,AN0001151,Ruth,Mackenzie,1997-06-04,F,ruth.mackenzie1151@example.com,(0161) 496 5073,BS1 9DD,9998039665,Bangladeshi,2019-07-30,Deferred,0
1152,AN0001152,Fatima,Wright,1993-05-29,F,fatima.wright1152@example.com,07700900385,SW1A 8AD,9992951648,Mixed Other,2020-03-02,Withdrawn,0
1153,AN0001153,Yusuf,Whitfield,2002-08-19,F,yusuf.whitfield1153@example.com,+44 7700 900156,B15 8FF,9998806704,Other,2024-02-06,Active,0
1154,AN0001154,Priya,Novak,2004-11-27,F,priya.novak1154@example.com,(0161) 496 2292,M1 4DH,9991584854,White Irish,2024-01-10,Active,0
1155,AN0001155,Idris,Robertson,1998-07-19,M,idris.robertson1155@example.com,07700900512,SW1A 5JD,9995397072,Other,2018-09-14,Active,1
1156,AN0001156,Ruth,Adeyemi,1994-04-04,M,ruth.adeyemi1156@example.com,(0161) 496 4222,M1 8BF,9991995390,Black African,2019-04-28,Active,1
1157,AN0001157,Idris,Robertson,2000-01-07,M,idris.robertson1157@example.com,+44 7700 900819,BS1 7AG,9990261849,White British,2020-07-29,Active,1
1158,AN0001158,Meera,Doyle,1997-03-27,M,meera.doyle1158@example.com,(0161) 496 9469,CF10 1GA,9990663602,Mixed White and Black Caribbean,2022-03-25,Active,0
1159,AN0001159,Omar,Wright,2003-08-07,F,omar.wright1159@example.com,(0161) 496 9929,BS1 2AE,9992520949,Black Other,2023-03-10,Active,0
1160,AN0001160,Chloe,Grant,2000-09-14,F,chloe.grant1160@example.com,07700900475,B15 2DH,9999860273,Mixed White and Black Caribbean,2024-06-27,Deferred,1
1161,AN0001161,Kai,Mackenzie,2000-01-27,F,kai.mackenzie1161@example.com,(0161) 496 3245,sw1a6ff,9995381184,White British,2023-06-02,Withdrawn,0
1162,AN0001162,Ruth,Rossi,1998-03-15,F,ruth.rossi1162@example.com,07700900390,EH1 6HH,9992952172,Other,2022-09-04,Active,1
1163,AN0001163,Ruth,Haddad,2001-12-10,F,ruth.haddad1163@example.com,+44 7700 900530,LS1 5HA,9994726609,Pakistani,2020-04-05,Active,1
1164,AN0001164,Idris,Byrne,1993-08-11,M,idris.byrne1164@example.com,+44 7700 900303,sw1a2je,9991671560,White Irish,2020-02-08,Active,1
1165,AN0001165,Hassan,Sharma,1999-12-13,F,hassan.sharma1165@example.com,+44 7700 900314,B15 6FJ,9990645310,Black Other,2020-03-09,Withdrawn,1
1166,AN0001166,Hassan,Sharma,1989-12-14,M,hassan.sharma1166@example.com,07700900852,M1 9HH,9994693654,Mixed White and Asian,2019-07-31,Active,0
1167,AN0001167,Tom,Lawson,1989-12-09,F,tom.lawson1167@example.com,07700900672,l17ag,9990237719,Black African,2019-08-13,Active,0
1168,AN0001168,Idris,Kaur,1989-11-17,M,idris.kaur1168@example.com,+44 7700 900468,CF10 8EE,9992973234,Mixed White and Asian,2017-02-14,Active,1
1169,AN0001169,Priya,Nwosu,2001-11-06,M,priya.nwosu1169@example.com,07700900935,CF10 8HD,9998520231,Bangladeshi,2022-04-15,Active,0
1170,AN0001170,George,Murray,1996-06-02,M,george.murray1170@example.com,+44 7700 900917,LS1 9FF,9991545263,White Irish,2016-01-01,Active,1
1171,AN0001171,Nadia,Osman,1996-08-27,M,nadia.osman1171@example.com,07700900326,m11ah,9993322628,Pakistani,2023-09-26,Active,1
1172,AN0001172,Oliver,Grant,1997-05-10,F,oliver.grant1172@example.com,(0161) 496 9294,sw1a7hf,9990360596,Black Other,2018-06-13,Active,1
1173,AN0001173,Wei,Kaur,2000-03-08,F,wei.kaur1173@example.com,07700900404,SW1A 3JF,9996758265,Arab,2019-03-24,Active,0
1174,AN0001174,Zainab,Osman,1991-10-26,M,zainab.osman1174@example.com,(0161) 496 5015,CF10 4GH,9994614975,Black African,2016-01-10,Active,1
1175,AN0001175,Noah,Osman,1998-08-15,M,noah.osman1175@example.com,(0161) 496 8936,BS1 9FB,9995049325,Mixed Other,2018-05-05,Deferred,1
1176,AN0001176,Isla,Whitfield,1997-02-17,F,,(0161) 496 2661,ls12db,9993400122,Arab,2017-06-06,Active,0
1177,AN0001177,Wei,Reid,1990-06-09,F,wei.reid1177@example.com,(0161) 496 5918,ls13gh,9998718880,Pakistani,2018-03-01,Active,0
1178,AN0001178,Oliver,Wright,1996-07-19,M,oliver.wright1178@example.com,+44 7700 900659,EH1 2HA,9991349561,Black Caribbean,2099-10-20,Active,1
1179,AN0001179,Callum,Okafor,1996-01-03,F,callum.okafor1179@example.com,07700900738,EH1 7EE,9999723616,White Irish,2024-06-11,Deferred,0
1180,AN0001180,Hassan,Lawson,1993-06-23,F,,+44 7700 900107,M1 7GG,9997864573,Mixed White and Asian,2017-07-30,Active,1
1181,AN0001181,Chloe,Bianchi,1994-07-17,M,chloe.bianchi1181@example.com,(0161) 496 3820,EH1 8HF,9990687587,Mixed Other,2020-01-08,Deferred,0
1182,AN0001182,Isla,Novak,1993-07-23,F,isla.novak1182@example.com,+44 7700 900361,G1 2DD,9994418998,Other,2016-08-23,Active,0
1183,AN0001183,Wei,Fenton,1996-07-14,F,wei.fenton1183@example.com,(0161) 496 7976,SW1A 9EG,9990170363,Chinese,2018-04-06,Active,1
1184,AN0001184,Idris,Reid,1998-09-19,F,idris.reid1184@example.com,+44 7700 900146,G1 1EA,9994134906,Mixed Other,2019-01-01,Withdrawn,0
1185,AN0001185,Hannah,Bello,1993-09-02,F,hannah.bello1185@example.com,+44 7700 900379,G1 3FB,9996948048,Black Other,2021-05-02,Active,1
1186,AN0001186,Tom,Iqbal,1999-10-11,F,tom.iqbal1186@example.com,(0161) 496 1232,BS1 6JE,9990598029,Mixed Other,2024-06-13,Active,0
1187,AN0001187,Ruth,Bello,1996-08-14,M,ruth.bello1187@example.com,(0161) 496 2474,G1 9DG,9999073425,White Irish,2018-10-24,Active,0
1188,AN0001188,Hassan,Khan,1992-04-22,F,hassan.khan1188@example.com,+44 7700 900547,l16gb,9991864822,Chinese,2020-12-07,Active,0
1189,AN0001189,Hannah,Bello,1990-11-16,F,hannah.bello1189@example.com,07700900925,EH1 2HD,9993260584,Mixed White and Asian,2019-08-03,Withdrawn,1
1190,AN0001190,Amara,Grant,1995-04-26,M,amara.grant1190@example.com,+44 7700 900554,B15 1HH,9999315186,White Other,2020-09-16,Active,0
1191,AN0001191,Isla,Bianchi,1993-02-24,F,isla.bianchi1191@example.com,07700900524,BS1 9AH,9991798900,Pakistani,2017-08-23,Active,0
1192,AN0001192,Meera,Novak,2004-05-21,F,meera.novak1192@example.com,+44 7700 900379,NE1 8AF,9997954173,Mixed Other,2022-06-05,Active,1
1193,AN0001193,Daniel,Whitfield,1996-07-24,M,daniel.whitfield1193@example.com,(0161) 496 4442,L1 9BG,9995790890,Black Caribbean,2022-08-27,Active,1
1194,AN0001194,Amara,Robertson,2000-06-21,F,amara.robertson1194@example.com,07700900553,CF10 4AD,9997612396,Mixed White and Asian,2022-03-02,Withdrawn,0
1195,AN0001195,Amara,Thompson,1995-01-23,F,amara.thompson1195@example.com,07700900660,NE1 2DH,9991820701,Mixed White and Asian,2023-01-31,Active,0
1196,AN0001196,Yusuf,Thompson,1991-05-11,M,yusuf.thompson1196@example.com,+44 7700 900250,BS1 9DH,9993348643,Arab,2016-07-11,Active,0
1197,AN0001197,Ruth,Cohen,1991-10-28,F,ruth.cohen1197@example.com,+44 7700 900728,CF10 9EE,9997077318,Bangladeshi,2016-06-30,Deferred,0
1198,AN0001198,Sarah,Cohen,1996-08-24,F,sarah.cohen1198@example.com,+44 7700 900133,g13bj,9993844403,Black Caribbean,2019-09-10,Active,0
1199,AN0001199,Sarah,Byrne,2000-01-27,F,sarah.byrne1199@example.com,(0161) 496 2677,LS1 4GA,9998715687,White Other,2019-06-29,Withdrawn,0
1200,AN0001200,Hassan,Kaur,1995-04-20,M,hassan.kaur1200@example.com,(0161) 496 3328,B15 5FG,9994467948,White British,2020-11-28,Deferred,0
1201,AN0001201,Hannah,Bianchi,1991-03-02,F,hannah.bianchi1201@example.com,(0161) 496 2087,CF10 4DG,9997831594,Other,2020-09-29,Active,1
1202,AN0001202,Ruth,Reid,1990-08-10,F,ruth.reid1202@example.com,+44 7700 900621,CF10 9EA,9991585427,Asian Other,2017-10-18,Active,0
1203,AN0001203,Isla,Byrne,1990-09-17,M,,07700900741,eh19eh,9990734461,Other,2020-03-19,Withdrawn,1
1204,AN0001204,Callum,Nwosu,2004-09-06,F,callum.nwosu1204@example.com,07700900765,M1 8FB,9997050223,White Other,2024-02-26,Suspended,0
1205,AN0001205,Callum,Osman,2002-10-19,M,callum.osman1205@example.com,+44 7700 900881,eh15jh,9990948372,Arab,2022-03-10,Active,0
1206,AN0001206,Omar,Chen,1993-06-22,F,omar.chen1206@example.com,+44 7700 900752,B15 4AD,9995099624,Indian,2022-08-19,Suspended,0
1207,AN0001207,Nadia,Robertson,1995-12-01,F,nadia.robertson1207@example.com,(0161) 496 7780,CF10 2AD,9996342026,Pakistani,2021-01-27,Active,0
1208,AN0001208,George,Bello,1996-07-23,M,george.bello1208@example.com,(0161) 496 4420,L1 7EH,9999017797,White Other,2022-08-07,Active,0
1209,AN0001209,Noah,Mackenzie,1994-12-10,F,noah.mackenzie1209@example.com,+44 7700 900731,LS1 4EG,9994656422,Mixed White and Asian,2019-02-04,Deferred,0
1210,AN0001210,Sarah,Rossi,1998-08-18,M,sarah.rossi1210@example.com,+44 7700 900168,BS1 6HG,9992277645,White Other,2020-04-20,Active,0
1211,AN0001211,James,Whitfield,1998-06-15,M,james.whitfield1211@example.com,(0161) 496 6480,g12ef,9994867229,Asian Other,2024-11-21,Suspended,0
1212,AN0001212,Isla,Patel,2003-02-25,M,isla.patel1212@example.com,+44 7700 900469,eh17bg,9994932519,Indian,2024-06-19,Activ,1
1213,AN0001213,Ethan,Wright,1993-10-21,M,ethan.wright1213@example.com,+44 7700 900995,SW1A 5AG,9997766180,Chinese,2021-03-26,Active,1
1214,AN0001214,Ethan,Sharma,1996-12-05,F,ethan.sharma1214@example.com,(0161) 496 2405,EH1 4BG,9991436782,Mixed Other,2016-09-01,Active,0
1215,AN0001215,Idris,Okafor,1995-05-11,F,idris.okafor1215@example.com,+44 7700 900729,CF10 9GH,9995706806,Pakistani,2021-06-13,Deferred,1
1216,AN0001216,Hannah,Osman,2002-01-12,M,hannah.osman1216@example.com,+44 7700 900369,LS1 4AH,9992302860,Black Other,2023-05-13,Withdrawn,1
1217,AN0001217,Kai,Murray,1987-10-09,M,kai.murray1217@example.com,+44 7700 900858,M1 2FD,9996701514,Black African,2016-03-18,Active,0
1218,AN0001218,James,Thompson,1996-03-03,M,james.thompson1218@example.com,(0161) 496 9508,LS1 3DD,9990539227,Bangladeshi,2020-07-03,Active,1
1219,AN0001219,Callum,Chen,2005-03-22,M,callum.chen1219@example.com,(0161) 496 2865,B15 5FE,9991332529,Mixed White and Asian,2023-05-06,Active,0
1220,AN0001220,Amara,Ali,1996-11-17,F,amara.ali1220@example.com,(0161) 496 7745,EH1 6DE,9998644976,Mixed Other,2024-03-21,Deferred,0
1221,AN0001221,Amara,Adeyemi,1995-12-16,F,amara.adeyemi1221@example.com,+44 7700 900278,sw1a6eh,9997349857,Bangladeshi,2022-07-18,Suspended,1
1222,AN0001222,Hannah,Ali,1995-11-18,F,hannah.ali1222@example.com,07700900492,CF10 6GB,9996253805,Mixed Other,2019-12-30,Active,1
1223,AN0001223,Sarah,Adeyemi,1998-01-03,M,sarah.adeyemi1223@example.com,+44 7700 900695,g13fj,9994665359,Chinese,2021-04-20,Suspended,1
1224,AN0001224,Wei,Bianchi,1995-05-09,F,wei.bianchi1224@example.com,07700900257,EH1 4HJ,9992415711,Bangladeshi,2023-02-09,Withdrawn,1
1225,AN0001225,Yusuf,Kaur,1999-07-26,M,yusuf.kaur1225@example.com,+44 7700 900317,EH1 7GH,9999061680,Pakistani,2023-10-29,Active,1
1226,AN0001226,Hassan,Kaur,1990-11-26,M,hassan.kaur1226@example.com,+44 7700 900462,B15 9BB,9998371031,White British,2018-08-26,Active,0
1227,AN0001227,Meera,Chen,2001-08-09,M,meera.chen1227@example.com,07700900891,SW1A 2FH,9998082641,Chinese,2020-04-03,Active,0
1228,AN0001228,Sarah,Mackenzie,1999-01-23,F,sarah.mackenzie1228@example.com,+44 7700 900431,EH1 3DH,9994563394,Indian,2020-06-19,Active,0
1229,AN0001229,Omar,Reid,1995-02-27,M,omar.reid1229@example.com,+44 7700 900940,BS1 5BB,9996649717,Mixed Other,2022-07-24,Active,0
1230,AN0001230,Nadia,Novak,2000-11-18,F,nadia.novak1230@example.com,+44 7700 900213,SW1A 2HB,9999016391,Black African,2022-03-05,Withdrawn,0
1231,AN0001231,Chloe,Bianchi,1995-08-11,M,chloe.bianchi1231@example.com,+44 7700 900378,b158hj,9993481408,Black African,2016-11-29,Active,0
1232,AN0001232,Liam,Abara,1995-08-01,M,liam.abara1232@example.com,+44 7700 900357,NE1 2BH,9994991000,Black Caribbean,2020-11-13,Withdrawn,0
1233,AN0001233,Erin,Reid,1995-09-14,F,erin.reid1233@example.com,(0161) 496 2950,CF10 9AB,9999034217,Chinese,2016-06-07,Active,1
1234,AN0001234,Isla,Rossi,1998-11-09,M,isla.rossi1234@example.com,+44 7700 900176,CF10 1JB,9999138608,White Other,2018-12-05,Active,1
1235,AN0001235,Sarah,Abara,2004-03-09,M,sarah.abara1235@example.com,+44 7700 900238,M1 5AD,9997028813,Black Caribbean,2023-11-14,Active,0
1236,AN0001236,Wei,Doyle,1996-07-30,F,wei.doyle1236@example.com,+44 7700 900596,M1 4HJ,9995764636,White Other,2021-12-25,Active,0
1237,AN0001237,Priya,Reid,1997-09-26,M,priya.reid1237@example.com,07700900488,m15de,9991535063,Mixed Other,2023-02-22,Withdrawn,0
1238,AN0001238,Callum,Byrne,1994-03-22,F,callum.byrne1238@example.com,+44 7700 900430,LS1 8FB,9995471795,Black African,2020-07-23,Suspended,1
1239,AN0001239,Nadia,Robertson,2000-01-31,M,nadia.robertson1239@example.com,(0161) 496 1501,G1 2GH,9996355845,Pakistani,2022-10-12,Deferred,0
1240,AN0001240,Oliver,Kaur,2004-06-30,M,oliver.kaur1240@example.com,+44 7700 900236,G1 7GA,9990700141,Black African,2024-02-15,Active,0
1241,AN0001241,James,Doyle,1993-08-31,M,james.doyle1241@example.com,+44 7700 900906,NE1 8BA,9996689042,Indian,2020-03-28,Active,0
1242,AN0001242,Sofia,Chen,1990-07-13,M,,+44 7700 900837,M1 2GD,9992822287,Pakistani,2016-02-01,Active,0
1243,AN0001243,Sofia,Adeyemi,1998-01-29,M,sofia.adeyemi1243@example.com,+44 7700 900720,BS1 5AA,9990847916,Asian Other,2021-04-13,Active,0
1244,AN0001244,Ruth,Thompson,1995-09-25,F,ruth.thompson1244@example.com,+44 7700 900898,L1 3DD,9990641579,White Irish,2018-10-05,Suspended,1
1245,AN0001245,Ethan,Ali,1995-08-01,M,,(0161) 496 1388,EH1 2FG,9991952810,Black African,2016-04-29,Active,1
1246,AN0001246,Sofia,Haddad,1999-08-01,M,sofia.haddad1246@example.com,07700900279,M1 9EA,9995780372,Indian,2024-12-20,Withdrawn,0
1247,AN0001247,Sarah,Ali,1995-10-21,F,sarah.ali1247@example.com,(0161) 496 4924,CF10 1GG,9995759942,White British,2023-05-30,Suspended,1
1248,AN0001248,Amara,Osman,2005-09-06,F,amara.osman1248@example.com,07700900150,EH1 6DH,9991065679,Asian Other,2024-04-04,Active,1
1249,AN0001249,Chloe,Adeyemi,1995-02-12,M,chloe.adeyemi1249@example.com,+44 7700 900247,L1 7BE,9998149800,Pakistani,2020-02-29,Active,0
1250,AN0001250,Noah,Okafor,1999-06-26,F,noah.okafor1250@example.com,07700900730,BS1 3HF,9997725085,Black Caribbean,2021-09-28,Withdrawn,0
1251,AN0001251,Fatima,Khan,1995-05-07,M,fatima.khan1251@example.com,+44 7700 900104,sw1a5bj,9994155369,Indian,2017-07-30,Active,1
1252,AN0001252,Daniel,Grant,1992-02-20,F,daniel.grant1252@example.com,+44 7700 900610,BS1 7AD,9995703335,Pakistani,2019-02-28,Suspended,1
1253,AN0001253,Leila,Bello,1996-01-10,M,leila.bello1253@example.com,(0161) 496 6278,NE1 3HE,9990296626,White Other,2019-04-07,Active,0
1254,AN0001254,Sarah,Patel,1999-02-17,M,sarah.patel1254@example.com,+44 7700 900189,CF10 8DB,9993926698,Chinese,2019-04-25,Active,0
1255,AN0001255,Callum,Ali,1994-05-20,M,callum.ali1255@example.com,+44 7700 900336,BS1 3AF,9995022060,Indian,2017-05-31,Withdrawn,0
1256,AN0001256,Sarah,Osman,1990-05-12,M,sarah.osman1256@example.com,+44 7700 900331,L1 8BA,9990295611,Mixed White and Asian,2018-09-07,Active,0
1257,AN0001257,Hannah,Cohen,1990-11-06,F,hannah.cohen1257@example.com,+44 7700 900857,g16fa,9999923046,Mixed White and Black Caribbean,2020-03-22,Withdrawn,0
1258,AN0001258,Wei,Khan,1999-02-05,,wei.khan1258@example.com,+44 7700 900900,NE1 2FG,9997437012,Black Caribbean,2018-08-17,Deferred,1
1259,AN0001259,Tom,Novak,1993-10-05,M,tom.novak1259@example.com,07700900610,CF10 7HG,9992761202,Bangladeshi,2022-11-21,Suspended,0
1260,AN0001260,Hannah,Murray,1999-08-12,M,hannah.murray1260@example.com,+44 7700 900175,BS1 1DD,9991678700,Mixed White and Asian,2023-04-08,Withdrawn,1
1261,AN0001261,Noah,Haddad,1994-12-18,M,noah.haddad1261@example.com,+44 7700 900800,L1 2GD,9992684852,Mixed Other,2018-04-17,Active,1
1262,AN0001262,Liam,Byrne,1998-10-13,M,liam.byrne1262@example.com,+44 7700 900129,B15 8GE,9998923131,Pakistani,2019-03-17,Active,1
1263,AN0001263,Zainab,Bello,1994-09-13,F,zainab.bello1263@example.com,+44 7700 900313,LS1 8FB,9998376599,White Other,2023-05-22,Active,0
1264,AN0001264,Kai,Wright,1999-06-11,M,kai.wright1264@example.com,07700900783,sw1a7gd,9996426734,Mixed White and Black Caribbean,2017-07-25,Active,0
1265,AN0001265,Meera,Nwosu,1995-09-01,M,meera.nwosu1265@example.com,(0161) 496 5078,L1 6HG,9996976483,Arab,2019-02-19,Suspended,1
1266,AN0001266,Hassan,Haddad,1997-05-31,F,,07700900950,m11fh,9995069296,Mixed Other,2017-10-16,Active,1
1267,AN0001267,Sofia,Reid,2000-07-21,M,sofia.reid1267@example.com,(0161) 496 3070,L1 7JD,9993509795,Chinese,2019-09-29,Activ,1
1268,AN0001268,Yusuf,Chen,1996-01-09,M,yusuf.chen1268@example.com,+44 7700 900989,g11dd,9994778048,Mixed White and Black Caribbean,2016-10-25,Active,1
1269,AN0001269,Yusuf,Lawson,1994-05-21,F,yusuf.lawson1269@example.com,07700900153,l11ee,9998214785,Pakistani,2017-07-14,Deferred,0
1270,AN0001270,Tom,Grant,1994-01-13,M,tom.grant1270@example.com,(0161) 496 5419,G1 2HJ,9997063635,Pakistani,2023-03-27,Deferred,1
1271,AN0001271,Tom,Okafor,1998-01-31,M,,+44 7700 900961,SW1A 9FF,9994833367,Arab,2017-04-07,Withdrawn,1
1272,AN0001272,James,Fenton,2000-12-19,F,james.fenton1272@example.com,+44 7700 900857,M1 4HA,9994946927,White British,2021-09-17,Suspended,1
1273,AN0001273,Kai,Haddad,1992-01-31,M,kai.haddad1273@example.com,(0161) 496 3385,EH1 6BE,9991758089,White Irish,2019-02-20,Active,0
1274,AN0001274,Isla,Adeyemi,2004-01-30,F,isla.adeyemi1274@example.com,+44 7700 900347,M1 6HH,9995135388,Indian,2023-02-26,Active,0
1275,AN0001275,Meera,Mackenzie,1997-08-28,M,meera.mackenzie1275@example.com,+44 7700 900739,SW1A 2HG,9997177843,White Irish,2021-02-19,Active,0
1276,AN0001276,Wei,Lawson,1993-01-22,F,wei.lawson1276@example.com,(0161) 496 9636,NE1 4JB,9991586687,Mixed Other,2021-03-09,Active,0
1277,AN0001277,Hassan,Osman,1996-09-02,F,hassan.osman1277@example.com,07700900829,NE1 4ED,9997050584,Chinese,2021-04-09,Active,0
1278,AN0001278,George,Iqbal,1997-02-20,F,george.iqbal1278@example.com,+44 7700 900550,LS1 9GE,9993399825,Black Caribbean,2023-03-21,Active,1
1279,AN0001279,Callum,Novak,1997-12-12,F,callum.novak1279@example.com,+44 7700 900144,M1 6FH,9997930304,Pakistani,2017-08-04,Deferred,1
1280,AN0001280,Tom,Nwosu,2000-07-09,F,tom.nwosu1280@example.com,+44 7700 900673,b155gb,9990252858,Black Caribbean,2021-03-07,Active,0
1281,AN0001281,Fatima,Okafor,1998-05-17,M,fatima.okafor1281@example.com,(0161) 496 1125,ne18da,9993827770,Arab,2025-01-05,Withdrawn,0
1282,AN0001282,Sarah,Lawson,1998-02-16,M,sarah.lawson1282@example.com,+44 7700 900809,L1 9HE,9999007120,White Other,2024-07-09,Active,0
1283,AN0001283,Ruth,Abara,1998-11-12,F,ruth.abara1283@example.com,07700900600,B15 1GJ,9997719611,Other,2019-02-15,Active,1
1284,AN0001284,Zainab,Murray,1998-05-13,F,zainab.murray1284@example.com,+44 7700 900566,CF10 5AH,9993344001,Mixed White and Black Caribbean,2022-11-03,Active,0
1285,AN0001285,Kai,Doyle,1998-08-21,F,kai.doyle1285@example.com,+44 7700 900569,BS1 4DD,9999143903,Arab,2019-02-27,Active,1
1286,AN0001286,Ruth,Mackenzie,1993-01-14,F,ruth.mackenzie1286@example.com,+44 7700 900216,G1 8BB,9992600802,Pakistani,2021-05-12,Active,1
1287,AN0001287,Sofia,Osman,2002-09-11,F,sofia.osman1287@example.com,(0161) 496 8466,NE1 4EG,9998357195,Bangladeshi,2024-01-18,Active,1
1288,AN0001288,Hassan,Robertson,1994-03-08,F,,+44 7700 900827,ne17hf,9993203173,Pakistani,2021-04-17,Deferred,1
1289,AN0001289,Nadia,Iqbal,1991-06-17,F,nadia.iqbal1289@example.com,+44 7700 900441,EH1 3JD,9990020868,White Irish,2017-08-22,Active,1
1290,AN0001290,Leila,Khan,2001-10-16,M,leila.khan1290@example.com,07700900672,G1 5ED,9991630333,Black Other,2020-03-24,Active,0
1291,AN0001291,Callum,Bello,2002-12-27,M,callum.bello1291@example.com,(0161) 496 1931,SW1A 1EB,9998104807,Bangladeshi,2023-12-29,Suspended,0
1292,AN0001292,Daniel,Murray,1999-09-01,M,daniel.murray1292@example.com,07700900151,bs14af,9997661362,Mixed White and Asian,2019-02-15,Active,0
1293,AN0001293,Ethan,Fenton,1996-09-28,F,ethan.fenton1293@example.com,07700900457,bs15jf,9990531102,Mixed White and Black Caribbean,2016-12-03,Withdrawn,0
1294,AN0001294,Leila,Bianchi,2003-04-26,F,leila.bianchi1294@example.com,+44 7700 900307,BS1 8FD,9999142699,Asian Other,2024-04-25,Active,1
1295,AN0001295,Omar,Abara,1991-12-21,M,omar.abara1295@example.com,+44 7700 900597,CF10 8BJ,9992883634,Mixed Other,2019-12-29,Suspended,1
1296,AN0001296,James,Byrne,1995-08-19,M,james.byrne1296@example.com,+44 7700 900511,LS1 3DH,9997880935,Arab,2024-03-03,Withdrawn,1
1297,AN0001297,Liam,Robertson,1999-05-24,M,liam.robertson1297@example.com,+44 7700 900694,BS1 4GB,9995977729,Mixed Other,2019-08-23,Active,1
1298,AN0001298,Callum,Mackenzie,1990-01-12,F,callum.mackenzie1298@example.com,(0161) 496 9719,SW1A 6AB,9994171658,Other,2016-04-12,Suspended,0
1299,AN0001299,Hassan,Byrne,1990-01-30,F,hassan.byrne1299@example.com,+44 7700 900195,ne19jb,9994860054,White Irish,2017-07-23,Active,0
1300,AN0001300,George,Adeyemi,1993-06-06,F,george.adeyemi1300@example.com,07700900603,g18ae,9992501863,White Irish,2022-08-31,Active,1
1301,AN0001301,Amara,Osman,2005-11-27,F,amara.osman1301@example.com,+44 7700 900285,ls14eh,9991806202,White British,2024-06-16,Deferred,1
1302,AN0001302,Noah,Whitfield,1995-11-14,M,noah.whitfield1302@example.com,(0161) 496 7938,LS1 5JG,9994057146,Black Caribbean,2016-03-22,Active,1
1303,AN0001303,Erin,Haddad,1998-04-07,M,erin.haddad1303@example.com,07700900655,L1 4GF,9995345145,Mixed White and Asian,2023-08-10,Withdrawn,1
1304,AN0001304,Erin,Rossi,1993-06-12,F,erin.rossi1304@example.com,(0161) 496 9423,B15 5EF,9993586269,Other,2022-01-06,Active,1
1305,AN0001305,Callum,Doyle,1992-12-08,M,callum.doyle1305@example.com,+44 7700 900981,L1 8GJ,9998943264,Chinese,2019-05-12,Withdrawn,1
1306,AN0001306,Isla,Ali,1999-09-19,M,isla.ali1306@example.com,+44 7700 900881,EH1 6AG,9990928460,Arab,2024-03-04,Active,0
1307,AN0001307,Priya,Grant,1995-12-25,M,priya.grant1307@example.com,07700900813,L1 8EJ,9999545033,White British,2018-03-18,Active,1
1308,AN0001308,Wei,Cohen,1999-02-17,F,wei.cohen1308@example.com,+44 7700 900235,sw1a5ga,9998143535,White Other,2022-04-09,Active,1
1309,AN0001309,Grace,Adeyemi,1996-05-06,M,grace.adeyemi1309@example.com,07700900735,G1 4BB,9993590428,Mixed White and Asian,2024-08-27,Active,0
1310,AN0001310,Erin,Grant,1998-03-15,F,erin.grant1310@example.com,(0161) 496 7230,LS1 6BA,9997383850,Mixed White and Black Caribbean,2018-12-18,Active,1
1311,AN0001311,Liam,Adeyemi,1999-01-17,M,liam.adeyemi1311@example.com,07700900431,M1 2JF,9995537060,Pakistani,2023-02-01,Active,0
1312,AN0001312,Sofia,Abara,1992-07-31,M,sofia.abara1312@example.com,+44 7700 900356,cf102db,9991260846,Indian,2017-03-16,Suspended,1
1313,AN0001313,Callum,Nwosu,1989-02-02,F,callum.nwosu1313@example.com,07700900185,bs17ea,9993995169,Other,2016-02-27,Active,1
1314,AN0001314,Daniel,Sharma,2000-03-30,M,daniel.sharma1314@example.com,(0161) 496 3048,CF10 8EB,9990485143,Pakistani,2023-12-27,Active,0
1315,AN0001315,Zainab,Bello,1994-04-25,F,zainab.bello1315@example.com,+44 7700 900795,LS1 9DE,9994275577,Mixed White and Asian,2018-09-19,Active,0
1316,AN0001316,Grace,Bello,1997-04-06,F,grace.bello1316@example.com,07700900866,EH1 5EB,9993102970,Other,2016-09-18,Active,0
1317,AN0001317,Daniel,Okafor,1999-10-08,M,daniel.okafor1317@example.com,(0161) 496 8662,BS1 3HG,9997328167,Pakistani,2020-07-29,Withdrawn,0
1318,AN0001318,Omar,Sharma,1997-07-12,M,omar.sharma1318@example.com,(0161) 496 3549,LS1 2EH,9991573763,Other,2024-03-13,Active,0
1319,AN0001319,Zainab,Chen,1982-03-19,F,zainab.chen1319@example.com,+44 7700 900758,EH1 6BG,9990445001,Bangladeshi,2022-05-02,Active,0
1320,AN0001320,Chloe,Kaur,1990-07-09,M,chloe.kaur1320@example.com,07700900668,bs11ef,9990295867,Arab,2020-03-25,Deferred,1
1321,AN0001321,Priya,Ali,2004-11-25,M,priya.ali1321@example.com,07700900836,b155hj,9994182366,Indian,2023-04-10,Active,0
1322,AN0001322,Erin,Ali,1993-12-29,F,erin.ali1322@example.com,+44 7700 900149,G1 2EE,9990184224,White British,2022-02-28,Active,0
1323,AN0001323,Sofia,Novak,2001-08-21,M,sofia.novak1323@example.com,+44 7700 900889,NE1 4BH,9996360385,White Other,2022-02-18,Withdrawn,1
1324,AN0001324,Fatima,Khan,1993-04-07,F,fatima.khan1324@example.com,07700900706,EH1 8HJ,9991070710,Mixed Other,2020-04-07,Active,1
1325,AN0001325,Sofia,Iqbal,2006-03-04,F,sofia.iqbal1325@example.com,+44 7700 900321,l11gb,9999194451,Black African,2024-11-27,Active,1
1326,AN0001326,Grace,Patel,1990-01-19,F,grace.patel1326@example.com,+44 7700 900942,M1 3JH,9993771880,Mixed Other,2017-08-03,Deferred,0
1327,AN0001327,Yusuf,Haddad,1991-03-21,F,yusuf.haddad1327@example.com,+44 7700 900859,CF10 7JE,9995573717,Chinese,2018-09-12,Suspended,1
1328,AN0001328,Omar,Mackenzie,1996-05-03,M,omar.mackenzie1328@example.com,07700900834,EH1 7BF,9996627632,Chinese,2016-07-09,Active,1
1329,AN0001329,Leila,Thompson,1991-03-27,M,leila.thompson1329@example.com,07700900278,M1 6DF,9991968636,Mixed Other,2016-10-20,Active,1
1330,AN0001330,James,Doyle,1994-05-20,F,james.doyle1330@example.com,07700900678,CF10 9JA,9998830044,Asian Other,2018-10-22,Active,0
1331,AN0001331,Callum,Khan,2003-06-19,F,callum.khan1331@example.com,07700900285,LS1 2DJ,9990406294,Indian,2018-07-18,Active,1
1332,AN0001332,Amara,Chen,2001-05-18,F,amara.chen1332@example.com,+44 7700 900297,sw1a2bj,9996075788,Black African,2021-10-04,Deferred,1
1333,AN0001333,Erin,Mackenzie,1994-11-29,M,erin.mackenzie1333@example.com,+44 7700 900989,LS1 2JB,9998656583,Indian,2022-07-10,Suspended,0
1334,AN0001334,Erin,Okafor,2001-03-04,M,erin.okafor1334@example.com,07700900801,G1 7EB,9993129755,Mixed White and Black Caribbean,2020-11-07,Active,0
1335,AN0001335,Omar,Abara,2000-04-26,F,omar.abara1335@example.com,07700900723,CF10 4JB,9993899909,Mixed White and Asian,2024-06-12,Suspended,0
1336,AN0001336,Ruth,Sharma,1996-04-09,F,ruth.sharma1336@example.com,+44 7700 900605,G1 4DB,9993613177,Black Other,2017-04-11,Active,0
1337,AN0001337,Chloe,Abara,1994-06-11,M,chloe.abara1337@example.com,+44 7700 900267,BS1 6FG,9995835630,Indian,2016-07-04,Active,1
1338,AN0001338,Yusuf,Adeyemi,2003-01-05,M,yusuf.adeyemi1338@example.com,(0161) 496 6603,M1 8FB,9992581476,Mixed Other,2024-03-19,Active,0
1339,AN0001339,Hannah,Murray,1988-10-18,F,hannah.murray1339@example.com,(0161) 496 2990,NE1 7EF,9991384537,Indian,2018-01-16,Active,1
1340,AN0001340,Tom,Bianchi,1989-04-07,M,tom.bianchi1340@example.com,(0161) 496 8705,bs17ga,9992408995,Bangladeshi,2016-08-03,Withdrawn,0
1341,AN0001341,Oliver,Patel,2001-09-07,M,oliver.patel1341@example.com,+44 7700 900620,M1 2EE,9997367073,Pakistani,2023-02-18,Active,1
1342,AN0001342,Leila,Ali,2001-12-03,M,leila.ali1342@example.com,+44 7700 900766,ls13fb,9998306329,Asian Other,2023-12-04,Active,1
1343,AN0001343,Isla,Lawson,1996-05-30,M,isla.lawson1343@example.com,07700900417,eh15df,9998420245,Asian Other,2016-02-29,Deferred,1
1344,AN0001344,James,Murray,2000-02-20,F,james.murray1344@example.com,+44 7700 900193,M1 9HB,999640994,Indian,2022-09-27,Active,1
1345,AN0001345,Zainab,Whitfield,1996-11-20,M,zainab.whitfield1345@example.com,+44 7700 900427,EH1 3FG,9999082610,White Other,2022-12-18,Active,0
1346,AN0001346,Daniel,Robertson,1992-03-23,M,daniel.robertson1346@example.com,07700900707,LS1 1DE,9996696928,Bangladeshi,2019-08-01,Suspended,1
1347,AN0001347,Fatima,Ali,1997-11-28,F,fatima.ali1347@example.com,+44 7700 900166,ne14ae,9994242407,Mixed White and Asian,2022-01-09,Active,0
1348,AN0001348,Ethan,Khan,1995-07-19,M,ethan.khan1348@example.com,+44 7700 900407,NE1 9EE,9997518667,Black African,2018-02-08,Withdrawn,0
1349,AN0001349,Ethan,Haddad,2001-04-24,M,ethan.haddad1349@example.com,+44 7700 900844,NE1 3HD,9995074354,White British,2024-09-13,Suspended,1
1350,AN0001350,Amara,Bianchi,1993-07-23,F,,07700900591,SW1A 4HH,9993591769,Black Other,2022-04-10,Active,1
1351,AN0001351,Oliver,Thompson,1998-04-14,M,oliver.thompson1351@example.com,+44 7700 900880,BS1 6FD,9997344960,Mixed White and Asian,2024-12-31,Suspended,1
1352,AN0001352,Nadia,Grant,1995-10-23,F,nadia.grant1352@example.com,+44 7700 900518,M1 8AH,9991497110,White British,2022-08-09,Deferred,0
1353,AN0001353,Idris,Wright,1989-04-24,M,idris.wright1353@example.com,+44 7700 900591,G1 7HG,9995188600,Indian,2018-12-03,Active,1
1354,AN0001354,Leila,Mackenzie,1991-09-09,M,leila.mackenzie1354@example.com,+44 7700 900312,G1 7GA,9994505661,Asian Other,2018-12-04,Active,1
1355,AN0001355,Isla,Sharma,1988-03-02,M,isla.sharma1355@example.com,07700900545,M1 8DG,9991402500,Asian Other,2017-07-09,Suspended,1
1356,AN0001356,Yusuf,Murray,1997-04-10,F,yusuf.murray1356@example.com,(0161) 496 5929,NE1 2HE,9994936808,Mixed White and Asian,2021-07-02,Active,1
1357,AN0001357,Ethan,Iqbal,2000-05-14,M,ethan.iqbal1357@example.com,07700900970,LS1 8HG,9999304850,Pakistani,2018-06-23,Deferred,1
1358,AN0001358,Oliver,Iqbal,1997-03-24,M,oliver.iqbal1358@example.com,(0161) 496 7345,G1 7DA,9996344436,Black African,2021-11-17,Active,1
1359,AN0001359,Omar,Khan,2002-09-29,M,omar.khan1359@example.com,07700900790,LS1 4EG,9991744576,Arab,2024-01-22,Active,0
1360,AN0001360,Leila,Haddad,1993-03-12,F,leila.haddad1360@example.com,+44 7700 900420,SW1A 9JJ,9997594436,Black Caribbean,2017-07-10,Deferred,1
1361,AN0001361,Wei,Osman,1998-05-11,F,wei.osman1361@example.com,07700900999,SW1A 4JH,9998740428,White British,2019-12-21,Deferred,1
1362,AN0001362,Nadia,Grant,2000-07-22,F,nadia.grant1362@example.com,+44 7700 900405,m12gj,9993099007,White Irish,2019-12-23,Suspended,1
1363,AN0001363,Omar,Sharma,2000-06-03,F,omar.sharma1363@example.com,+44 7700 900618,LS1 4FF,9998565359,Bangladeshi,2024-12-05,Active,0
1364,AN0001364,Nadia,Haddad,1988-05-10,M,nadia.haddad1364@example.com,+44 7700 900129,bs12ba,9994956116,Mixed White and Asian,2016-05-10,Deferred,1
1365,AN0001365,Liam,Byrne,2002-09-16,M,liam.byrne1365@example.com,07700900558,EH1 7HB,9994776185,Mixed Other,2022-02-21,Suspended,1
1366,AN0001366,Leila,Okafor,1989-07-08,F,leila.okafor1366@example.com,+44 7700 900766,cf109da,9992565993,Mixed White and Black Caribbean,2019-02-23,Active,0
1367,AN0001367,George,Murray,1988-07-13,M,george.murray1367@example.com,+44 7700 900284,BS1 3JH,9990547394,Mixed Other,2017-11-03,Active,0
1368,AN0001368,Liam,Adeyemi,1993-07-14,M,liam.adeyemi1368@example.com,(0161) 496 9715,CF10 7AF,9994785249,Arab,2016-08-12,Active,1
1369,AN0001369,Hannah,Chen,1994-08-01,F,,+44 7700 900117,LS1 4JE,9991866477,Other,2016-01-11,Active,0
1370,AN0001370,Tom,Byrne,1995-03-10,M,tom.byrne1370@example.com,+44 7700 900463,NE1 6EF,9996581535,Mixed White and Black Caribbean,2018-04-13,Withdrawn,0
1371,AN0001371,Ruth,Thompson,1995-01-15,F,ruth.thompson1371@example.com,(0161) 496 1948,BS1 9FB,9998655811,Mixed White and Asian,2021-06-25,Active,1
1372,AN0001372,Chloe,Bello,1996-04-02,M,chloe.bello1372@example.com,(0161) 496 2590,BS1 4FB,9990038147,Mixed White and Asian,2017-12-29,Active,1
1373,AN0001373,Wei,Murray,2002-05-19,M,,+44 7700 900722,G1 8EA,9991218521,Other,2022-10-21,Active,1
1374,AN0001374,Liam,Byrne,1989-10-09,M,liam.byrne1374@example.com,+44 7700 900185,G1 6GE,9991530304,Black Caribbean,2019-04-26,Active,0
1375,AN0001375,Oliver,Grant,2002-11-05,M,oliver.grant1375@example.com,07700900858,CF10 6FG,9991829911,Pakistani,2021-12-22,Active,1
1376,AN0001376,Daniel,Chen,1992-03-14,M,daniel.chen1376@example.com,(0161) 496 2687,SW1A 7BH,9996910083,Pakistani,2016-08-13,Active,1
1377,AN0001377,Wei,Fenton,2004-09-28,M,wei.fenton1377@example.com,+44 7700 900615,LS1 3BJ,9996269965,Pakistani,2024-04-19,Active,0
1378,AN0001378,Noah,Adeyemi,1994-06-18,M,noah.adeyemi1378@example.com,+44 7700 900682,B15 3GJ,9992007486,Black Other,2021-07-26,Suspended,1
1379,AN0001379,Omar,Chen,1997-01-30,F,omar.chen1379@example.com,(0161) 496 3371,BS1 6BF,9990580286,Mixed White and Asian,2018-11-06,Active,1
1380,AN0001380,Priya,Mackenzie,2003-12-18,M,priya.mackenzie1380@example.com,+44 7700 900528,G1 5JF,9996950905,Black African,2022-03-12,Deferred,0
1381,AN0001381,Noah,Wright,1996-06-24,F,noah.wright1381@example.com,+44 7700 900804,EH1 4AB,9995562383,Other,2024-03-03,Suspended,1
1382,AN0001382,Omar,Lawson,1996-09-09,M,omar.lawson1382@example.com,+44 7700 900498,SW1A 7DD,9990113866,White British,2020-04-09,Active,1
1383,AN0001383,Hannah,Osman,1990-07-01,M,hannah.osman1383@example.com,07700900730,SW1A 4AE,9994895389,Bangladeshi,2019-02-08,Withdrawn,1
1384,AN0001384,Isla,Byrne,1993-06-15,F,isla.byrne1384@example.com,+44 7700 900676,SW1A 6EF,9997309537,Pakistani,2022-08-10,Withdrawn,1
1385,AN0001385,Meera,Okafor,1999-07-16,F,meera.okafor1385@example.com,(0161) 496 9662,CF10 6HD,9992582286,Bangladeshi,2022-03-29,Withdrawn,0
1386,AN0001386,Chloe,Bianchi,1990-12-14,M,chloe.bianchi1386@example.com,+44 7700 900314,SW1A 7GH,9994676784,White British,2017-03-29,Suspended,1
1387,AN0001387,George,Cohen,1998-09-12,F,george.cohen1387@example.com,(0161) 496 5599,BS1 6JG,9993531758,Mixed White and Black Caribbean,2024-12-27,Withdrawn,1
1388,AN0001388,Grace,Kaur,1991-02-09,F,grace.kaur1388@example.com,07700900568,EH1 2BF,9996267512,Indian,2017-10-11,Deferred,1
1389,AN0001389,Nadia,Adeyemi,1998-05-22,F,nadia.adeyemi1389@example.com,+44 7700 900425,M1 6HF,9999678963,Asian Other,2019-10-02,Withdrawn,0
1390,AN0001390,Kai,Fenton,1989-04-15,F,kai.fenton1390@example.com,07700900937,ls11bh,9990159726,Bangladeshi,2016-07-23,Active,0
1391,AN0001391,Wei,Wright,1992-11-11,F,,07700900714,LS1 8HH,9999846017,White Irish,2019-02-24,Active,0
1392,AN0001392,Idris,Whitfield,1995-06-11,M,idris.whitfield1392@example.com,+44 7700 900974,G1 4JE,9998667151,Black Other,2018-03-16,Active,1
1393,AN0001393,Nadia,Lawson,1992-11-05,M,nadia.lawson1393@example.com,(0161) 496 1670,BS1 7JF,9996272052,Chinese,2016-03-05,Active,1
1394,AN0001394,Grace,Osman,1997-07-02,F,grace.osman1394@example.com,+44 7700 900856,LS1 9GA,9991553835,White British,2016-09-14,Withdrawn,1
1395,AN0001395,Oliver,Cohen,1993-05-29,M,oliver.cohen1395@example.com,(0161) 496 7328,LS1 7FE,9995678446,Mixed White and Asian,2019-08-03,Active,1
1396,AN0001396,Sofia,Bello,2006-01-17,F,sofia.bello1396@example.com,+44 7700 900900,BS1 2BJ,9995129442,Indian,2024-09-16,Deferred,1
1397,AN0001397,Grace,Bianchi,1994-07-30,M,grace.bianchi1397@example.com,+44 7700 900382,BS1 9DE,9995974770,Mixed Other,2017-11-07,Active,1
1398,AN0001398,Chloe,Cohen,2003-11-13,M,chloe.cohen1398@example.com,+44 7700 900410,BS1 5EF,9996877159,Mixed Other,2022-07-13,Deferred,0
1399,AN0001399,Wei,Khan,1988-09-02,M,wei.khan1399@example.com,+44 7700 900810,B15 5BG,9999771009,Indian,2016-01-11,Active,1
1400,AN0001400,Noah,Adeyemi,1995-11-17,F,noah.adeyemi1400@example.com,07700900369,B15 2FJ,9995578565,Black African,2021-03-08,Active,0
1401,AN0001401,Daniel,Adeyemi,1993-08-08,F,daniel.adeyemi1401@example.com,+44 7700 900646,g16je,9995232855,Mixed White and Black Caribbean,2023-04-08,Active,0
1402,AN0001402,Hannah,Bianchi,1993-10-05,F,hannah.bianchi1402@example.com,+44 7700 900712,eh18gb,9996028410,Chinese,2023-07-24,Active,0
1403,AN0001403,Fatima,Whitfield,1994-11-29,F,fatima.whitfield1403@example.com,+44 7700 900118,L1 2FH,9997147979,Asian Other,2024-04-25,Active,0
1404,AN0001404,Sofia,Iqbal,2000-03-20,F,sofia.iqbal1404@example.com,(0161) 496 9490,b158fg,9996017036,Mixed White and Asian,2024-01-02,Active,0
1405,AN0001405,Liam,Grant,1992-11-16,M,liam.grant1405@example.com,07700900548,SW1A 7JF,9997869281,Black Other,2019-11-26,Active,0
1406,AN0001406,Callum,Lawson,2003-10-01,F,callum.lawson1406@example.com,07700900899,B15 9HJ,9993536733,Mixed White and Black Caribbean,2023-11-22,Withdrawn,1
1407,AN0001407,Ruth,Wright,1998-08-13,F,ruth.wright1407@example.com,+44 7700 900231,ls19ef,9993351393,White British,2022-08-31,Active,1
1408,AN0001408,Tom,Sharma,1997-05-08,M,tom.sharma1408@example.com,+44 7700 900417,BS1 4HH,9991480307,White Irish,2022-10-08,Active,0
1409,AN0001409,Idris,Iqbal,1996-02-02,F,idris.iqbal1409@example.com,07700900257,CF10 1DG,9996379418,Pakistani,2024-09-06,Suspended,1
1410,AN0001410,Nadia,Osman,1997-12-30,M,nadia.osman1410@example.com,(0161) 496 3723,M1 5DG,9996119785,Pakistani,2017-02-28,Deferred,1
1411,AN0001411,Idris,Bello,1994-12-31,F,idris.bello1411@example.com,(0161) 496 5470,CF10 6ED,9995441187,Indian,2019-06-07,Deferred,1
1412,AN0001412,Liam,Whitfield,1995-01-13,M,liam.whitfield1412@example.com,07700900247,SW1A 4BE,9996841847,Other,2020-04-13,Active,1
1413,AN0001413,Callum,Novak,1997-06-25,M,,+44 7700 900634,B15 4EG,9998360307,Other,2017-07-05,Deferred,1
1414,AN0001414,Kai,Mackenzie,1996-03-16,M,kai.mackenzie1414@example.com,(0161) 496 8916,CF10 2EJ,9999507670,White Other,2021-04-03,Withdrawn,1
1415,AN0001415,Amara,Thompson,2001-07-19,F,,07700900965,NE1 7AF,9996930327,Mixed White and Asian,2021-08-05,Deferred,1
1416,AN0001416,Noah,Cohen,2000-07-30,F,,+44 7700 900211,BS1 2HA,9993906492,White Irish,2024-12-03,Suspended,1
1417,AN0001417,Noah,Okafor,1996-05-27,F,noah.okafor1417@example.com,(0161) 496 2875,BS1 8AB,9995891360,Pakistani,2018-07-28,Suspended,1
1418,AN0001418,Oliver,Okafor,1998-12-14,M,oliver.okafor1418@example.com,(0161) 496 5040,m14hd,9995260220,Indian,2021-03-08,Active,0
1419,AN0001419,Sofia,Murray,1996-03-22,F,sofia.murray1419@example.com,07700900244,BS1 4EG,999843910,Mixed Other,2021-09-20,Active,1
1420,AN0001420,Fatima,Lawson,2001-11-26,F,fatima.lawson1420@example.com,+44 7700 900359,CF10 4GB,9992140127,Asian Other,2025-01-03,Active,0
1421,AN0001421,Hassan,Cohen,1993-04-27,F,hassan.cohen1421@example.com,07700900112,B15 6JB,9995687097,Black Caribbean,2020-02-14,Active,0
1422,AN0001422,George,Reid,1999-11-04,F,george.reid1422@example.com,+44 7700 900501,EH1 9EG,9997684184,Arab,2023-11-01,Deferred,1
1423,AN0001423,Oliver,Grant,1999-05-30,M,oliver.grant1423@example.com,+44 7700 900329,EH1 6JE,9997303326,Black African,2023-06-25,Suspended,1
1424,AN0001424,Omar,Doyle,1994-06-27,F,omar.doyle1424@example.com,(0161) 496 9189,EH1 6BA,9994809474,Chinese,2024-02-07,Deferred,0
1425,AN0001425,Sofia,Byrne,1995-11-06,F,sofia.byrne1425@example.com,(0161) 496 3657,L1 1JG,9994761110,White Irish,2019-11-11,Active,1
1426,AN0001426,Callum,Mackenzie,1997-08-25,F,,+44 7700 900572,LS1 9JD,9999348548,White British,2021-01-15,Deferred,0
1427,AN0001427,Hassan,Okafor,1996-06-24,F,hassan.okafor1427@example.com,07700900457,cf101hh,9999261388,Pakistani,2022-10-29,Active,1
1428,AN0001428,Priya,Bello,1984-05-25,F,priya.bello1428@example.com,+44 7700 900483,L1 1EH,9991107355,Indian,2024-08-09,Active,1
1429,AN0001429,Amara,Nwosu,2004-11-06,M,amara.nwosu1429@example.com,+44 7700 900267,b154ea,9993993441,Mixed White and Asian,2023-05-30,Active,1
1430,AN0001430,Hannah,Murray,1991-07-13,F,hannah.murray1430@example.com,07700900796,SW1A 7GD,9997865294,Black Caribbean,2016-04-22,Active,0
1431,AN0001431,Ethan,Cohen,1993-09-01,M,ethan.cohen1431@example.com,07700900982,EH1 5GF,9995311984,White British,2018-09-20,Active,0
1432,AN0001432,Zainab,Iqbal,1998-10-03,M,zainab.iqbal1432@example.com,+44 7700 900554,CF10 5DG,9990786887,Arab,2019-06-27,Suspended,1
1433,AN0001433,James,Novak,1999-09-18,M,james.novak1433@example.com,+44 7700 900355,m18ab,9995866390,Pakistani,2018-01-09,Suspended,1
1434,AN0001434,Hassan,Wright,1999-07-03,F,hassan.wright1434@example.com,+44 7700 900916,M1 5DF,9996291790,Mixed White and Asian,2024-09-16,Active,1
1435,AN0001435,Sarah,Haddad,1994-11-01,M,sarah.haddad1435@example.com,07700900618,SW1A 8AA,9990287457,White Other,2016-02-04,Active,0
1436,AN0001436,Wei,Novak,1988-10-19,M,wei.novak1436@example.com,07700900600,G1 5GF,9994879219,White Irish,2017-10-14,Deferred,1
1437,AN0001437,Callum,Haddad,1992-01-17,M,callum.haddad1437@example.com,07700900464,LS1 7JF,9990360782,Black Other,2017-06-23,Active,0
1438,AN0001438,Tom,Okafor,1998-09-23,F,tom.okafor1438@example.com,+44 7700 900343,NE1 4HA,9991457925,Asian Other,2022-06-04,Active,1
1439,AN0001439,Meera,Byrne,1989-04-11,F,meera.byrne1439@example.com,07700900202,BS1 8AB,9991967974,Pakistani,2019-01-02,Active,0
1440,AN0001440,Zainab,Byrne,2002-05-10,M,zainab.byrne1440@example.com,(0161) 496 3535,NE1 6DE,9992970499,Chinese,2022-05-29,Deferred,1
1441,AN0001441,Hassan,Cohen,2001-07-15,F,hassan.cohen1441@example.com,07700900746,G1 6BB,9993971499,Bangladeshi,2021-09-01,Active,1
1442,AN0001442,Daniel,Doyle,1999-01-05,F,daniel.doyle1442@example.com,(0161) 496 5899,NE1 8EH,9992591889,Asian Other,2021-02-25,Withdrawn,0
1443,AN0001443,Amara,Mackenzie,1995-09-07,F,amara.mackenzie1443@example.com,+44 7700 900761,CF10 8JD,9994434357,Black Caribbean,2023-04-29,Suspended,1
1444,AN0001444,Ethan,Patel,1990-05-03,F,ethan.patel1444@example.com,+44 7700 900445,CF10 5EA,9999903487,White British,2017-11-05,Withdrawn,1
1445,AN0001445,Wei,Mackenzie,1993-09-16,M,wei.mackenzie1445@example.com,07700900838,SW1A 5AB,9995737620,Black Caribbean,2021-04-12,Active,1
1446,AN0001446,Callum,Murray,1995-07-25,M,callum.murray1446@example.com,+44 7700 900708,ls11eh,9993091405,Indian,2024-09-26,Withdrawn,1
1447,AN0001447,Wei,Grant,1999-07-25,F,wei.grant1447@example.com,+44 7700 900286,CF10 5BF,9995690012,Black African,2018-09-17,Active,0
1448,AN0001448,Tom,Cohen,1996-06-25,F,tom.cohen1448@example.com,(0161) 496 3680,ls19eg,9996771539,White British,2022-11-06,Deferred,0
1449,AN0001449,Amara,Haddad,2004-03-19,F,amara.haddad1449@example.com,07700900341,cf106aa,9992990902,White Irish,2024-08-16,Active,1
1450,AN0001450,Hannah,Grant,2001-02-18,F,hannah.grant1450@example.com,+44 7700 900615,L1 4GG,9990423164,Other,2020-07-23,Suspended,0
1451,AN0001451,Omar,Murray,2005-10-24,F,omar.murray1451@example.com,(0161) 496 5385,BS1 4EF,9999690459,Chinese,2024-05-29,Withdrawn,0
1452,AN0001452,Idris,Murray,1999-03-08,F,idris.murray1452@example.com,07700900327,G1 8EE,9998133076,Asian Other,2019-11-21,Active,1
1453,AN0001453,Fatima,Kaur,2002-07-24,M,fatima.kaur1453@example.com,(0161) 496 7932,EH1 2DD,9995051605,Pakistani,2023-08-14,Active,0
1454,AN0001454,Daniel,Thompson,1991-03-18,F,daniel.thompson1454@example.com,(0161) 496 6312,ne18af,9990422451,Mixed White and Asian,2016-04-26,Active,0
1455,AN0001455,Liam,Osman,2002-06-14,F,liam.osman1455@example.com,(0161) 496 3156,g14aj,9991913505,Mixed White and Black Caribbean,2022-12-17,Withdrawn,0
1456,AN0001456,Omar,Murray,1992-02-20,M,omar.murray1456@example.com,07700900995,L1 2GJ,9995571668,Asian Other,2019-06-24,Active,0
1457,AN0001457,George,Haddad,2000-03-01,M,george.haddad1457@example.com,07700900237,M1 9GH,9992007613,Black Other,2018-10-04,Active,1
1458,AN0001458,Wei,Sharma,1991-10-03,F,wei.sharma1458@example.com,07700900467,CF10 8JB,9993608092,White Irish,2019-07-11,Active,0
1459,AN0001459,Liam,Reid,1995-01-26,M,liam.reid1459@example.com,07700900714,LS1 8BE,9996163881,Indian,2019-03-11,Active,1
1460,AN0001460,Ruth,Rossi,2001-02-12,F,ruth.rossi1460@example.com,(0161) 496 1749,G1 1HG,9998826721,White Irish,2024-03-24,Active,1
1461,AN0001461,Wei,Murray,2001-06-26,M,wei.murray1461@example.com,07700900985,EH1 8DE,9995640783,Asian Other,2021-06-22,Withdrawn,0
1462,AN0001462,Sofia,Ali,1991-12-13,F,sofia.ali1462@example.com,+44 7700 900361,G1 5EH,9991467491,White Irish,2016-07-22,Active,1
1463,AN0001463,Ethan,Wright,1999-06-30,F,ethan.wright1463@example.com,+44 7700 900674,G1 8BB,9995605953,Mixed White and Asian,2024-02-10,Active,1
1464,AN0001464,Fatima,Reid,2004-09-21,M,fatima.reid1464@example.com,(0161) 496 8190,B15 3AA,9998565332,Other,2024-06-01,Withdrawn,1
1465,AN0001465,Meera,Fenton,2000-06-11,M,meera.fenton1465@example.com,+44 7700 900804,NE1 8BD,9991548726,White British,2018-09-18,Deferred,0
1466,AN0001466,Wei,Adeyemi,2005-04-09,F,wei.adeyemi1466@example.com,(0161) 496 5752,G1 6AA,9999839762,Arab,2023-06-15,Active,1
1467,AN0001467,Wei,Mackenzie,2000-09-11,M,wei.mackenzie1467@example.com,+44 7700 900917,EH1 4EA,9999143520,Black Caribbean,2020-03-26,Suspended,0
1468,AN0001468,James,Patel,1994-05-20,M,james.patel1468@example.com,+44 7700 900681,BS1 7GF,9996289737,Mixed White and Black Caribbean,2023-10-03,Active,1
1469,AN0001469,Amara,Chen,1999-02-26,F,amara.chen1469@example.com,07700900157,SW1A 3DE,999340567,Arab,2019-10-11,Deferred,0
1470,AN0001470,Amara,Iqbal,1988-05-20,M,amara.iqbal1470@example.com,(0161) 496 2675,NE1 3AG,9996608123,Chinese,2016-11-18,Suspended,0
1471,AN0001471,Meera,Wright,1999-10-31,F,meera.wright1471@example.com,07700900134,BS1 9HE,9998444209,Pakistani,2022-03-16,Active,1
1472,AN0001472,Ruth,Rossi,1994-12-08,F,ruth.rossi1472@example.com,+44 7700 900172,B15 8EJ,9995031183,White Irish,2017-09-03,Withdrawn,0
1473,AN0001473,Callum,Novak,1992-02-12,F,callum.novak1473@example.com,07700900718,B15 7AH,9994718916,Indian,2020-04-08,Deferred,0
1474,AN0001474,Omar,Cohen,1992-01-22,F,,07700900519,NE1 9EF,9990341419,Chinese,2020-03-29,Deferred,0
1475,AN0001475,Ethan,Thompson,1991-02-11,F,ethan.thompson1475@example.com,+44 7700 900450,m14dg,9997904478,White Irish,2017-03-30,Suspended,1
1476,AN0001476,Nadia,Okafor,1993-01-20,M,,(0161) 496 7330,L1 2FJ,9991031456,Mixed White and Asian,2022-06-03,Active,1
1477,AN0001477,Meera,Chen,2003-12-11,F,meera.chen1477@example.com,07700900583,bs15aj,9990337446,Arab,2024-07-28,Active,0
1478,AN0001478,Fatima,Bello,1987-11-22,F,fatima.bello1478@example.com,07700900729,EH1 2DH,9991060324,Mixed Other,2017-03-12,Deferred,1
1479,AN0001479,Zainab,Ali,1986-12-21,M,zainab.ali1479@example.com,+44 7700 900506,B15 2AB,9998965463,Indian,2016-09-24,Active,1
1480,AN0001480,Fatima,Robertson,1992-01-12,M,fatima.robertson1480@example.com,+44 7700 900551,EH1 9HJ,9998698944,Black African,2016-06-02,Suspended,0
1481,AN0001481,Oliver,Okafor,2001-09-23,M,oliver.okafor1481@example.com,+44 7700 900154,L1 8AB,9993307815,Indian,2023-04-14,Active,1
1482,AN0001482,Sarah,Osman,1999-10-31,M,sarah.osman1482@example.com,+44 7700 900124,LS1 2FF,9995596741,Asian Other,2023-11-21,Active,0
1483,AN0001483,Leila,Novak,1999-01-15,F,leila.novak1483@example.com,(0161) 496 6610,G1 3EB,9990335303,White Irish,2021-10-26,Active,0
1484,AN0001484,Callum,Kaur,1997-03-31,F,callum.kaur1484@example.com,07700900857,BS1 8JE,9997394623,Black African,2020-07-13,Suspended,1
1485,AN0001485,Ruth,Khan,1995-12-08,F,ruth.khan1485@example.com,(0161) 496 7162,g14dj,9993493171,Mixed White and Asian,2017-09-15,Active,0
1486,AN0001486,Nadia,Okafor,1996-04-29,M,nadia.okafor1486@example.com,+44 7700 900334,G1 8DB,9991625062,Chinese,2020-02-05,Active,1
1487,AN0001487,Callum,Mackenzie,1998-10-04,F,callum.mackenzie1487@example.com,+44 7700 900403,G1 6JA,9993934275,Indian,2020-06-29,Withdrawn,1
1488,AN0001488,Callum,Khan,2002-01-16,F,callum.khan1488@example.com,+44 7700 900953,SW1A 6AD,9990001103,White Other,2022-07-16,Deferred,1
1489,AN0001489,Nadia,Byrne,2000-11-05,F,nadia.byrne1489@example.com,+44 7700 900364,EH1 9BD,9993008826,Chinese,2020-08-27,Suspended,1
1490,AN0001490,Leila,Robertson,1995-05-15,F,leila.robertson1490@example.com,+44 7700 900301,b152af,9998177367,Mixed White and Black Caribbean,2022-06-04,Active,1
1491,AN0001491,Liam,Bello,1997-06-19,M,liam.bello1491@example.com,(0161) 496 1343,CF10 4BH,9991761306,Pakistani,2017-07-21,Active,1
1492,AN0001492,George,Bianchi,1987-09-17,M,george.bianchi1492@example.com,+44 7700 900293,G1 2HJ,9990323917,Asian Other,2017-04-21,Withdrawn,0
1493,AN0001493,Daniel,Chen,1998-08-25,F,,(0161) 496 2666,LS1 7EJ,9999995225,Black Other,2024-11-03,Active,1
1494,AN0001494,Chloe,Adeyemi,1996-03-06,F,chloe.adeyemi1494@example.com,07700900354,CF10 9HB,9991143300,Mixed Other,2018-11-23,Active,0
1495,AN0001495,Grace,Murray,2003-05-22,F,grace.murray1495@example.com,+44 7700 900961,g16ga,9996278794,White Irish,2021-10-29,Active,1
1496,AN0001496,Hassan,Thompson,2003-09-15,F,hassan.thompson1496@example.com,(0161) 496 4856,L1 3BH,9996603237,Black Other,2023-09-19,Suspended,1
1497,AN0001497,Liam,Rossi,2006-09-11,F,liam.rossi1497@example.com,+44 7700 900734,bs18je,9999395791,Black Other,2024-12-05,Deferred,1
1498,AN0001498,Liam,Osman,2002-11-14,F,liam.osman1498@example.com,+44 7700 900187,M1 2JE,9997038622,Mixed White and Black Caribbean,2023-03-20,Active,1
1499,AN0001499,Yusuf,Haddad,1997-12-14,F,yusuf.haddad1499@example.com,(0161) 496 5778,ls14ea,9998056306,Pakistani,2017-03-02,Suspended,0
1500,AN0001500,Noah,Adeyemi,1996-12-20,F,,+44 7700 900958,ls12aj,9992207205,White Other,2023-02-24,Suspended,1
1501,AN0001501,Yusuf,Okafor,1999-12-29,F,yusuf.okafor1501@example.com,+44 7700 900789,m17dj,9996365123,Black Other,2022-03-04,Active,1
1502,AN0001502,Liam,Novak,2005-12-09,F,liam.novak1502@example.com,(0161) 496 1530,ne12ff,9992623004,Chinese,2023-12-15,Active,0
1503,AN0001503,Oliver,Chen,1996-01-04,M,oliver.chen1503@example.com,+44 7700 900769,ne14ae,9992437537,Indian,2017-06-12,Active,0
1504,AN0001504,Yusuf,Rossi,1989-03-13,F,yusuf.rossi1504@example.com,07700900326,M1 7HH,9997403304,Black African,2016-05-03,Active,1
1505,AN0001505,Kai,Adeyemi,1998-03-09,M,kai.adeyemi1505@example.com,+44 7700 900370,bs18aa,9994458019,Black Other,2016-09-20,Withdrawn,0
1506,AN0001506,Meera,Haddad,1998-07-22,F,meera.haddad1506@example.com,(0161) 496 3784,NE1 1DF,9999961312,Black Other,2019-05-11,Deferred,0
1507,AN0001507,Ruth,Cohen,1999-11-05,M,ruth.cohen1507@example.com,+44 7700 900912,NE1 1GE,9997435400,Black Caribbean,2020-03-05,Active,1
1508,AN0001508,Amara,Cohen,1996-02-09,F,amara.cohen1508@example.com,+44 7700 900209,M1 2GD,9995862778,Bangladeshi,2024-05-14,Active,0
1509,AN0001509,Fatima,Byrne,1998-04-05,M,fatima.byrne1509@example.com,(0161) 496 1325,EH1 6AJ,9998614228,Asian Other,2020-12-28,Active,1
1510,AN0001510,Ruth,Bianchi,1990-10-25,M,ruth.bianchi1510@example.com,+44 7700 900854,G1 7JG,9999911374,Asian Other,2019-04-23,Active,1
1511,AN0001511,Chloe,Cohen,1997-01-21,F,chloe.cohen1511@example.com,(0161) 496 6327,M1 2HA,9995897016,Mixed White and Black Caribbean,2021-03-30,Withdrawn,0
1512,AN0001512,Amara,Thompson,2003-06-09,F,amara.thompson1512@example.com,07700900709,CF10 1AE,9996128989,Asian Other,2024-09-15,Active,1
1513,AN0001513,George,Robertson,1988-01-16,M,george.robertson1513@example.com,07700900685,BS1 8DJ,9995603381,Other,2017-03-09,Withdrawn,1
1514,AN0001514,Erin,Doyle,1991-02-19,F,erin.doyle1514@example.com,07700900207,NE1 5EJ,9993090077,Asian Other,2017-08-19,Active,1
1515,AN0001515,Grace,Osman,1993-06-17,F,grace.osman1515@example.com,+44 7700 900800,EH1 5FB,9990769265,Pakistani,2022-11-10,Active,1
1516,AN0001516,Isla,Kaur,1995-12-26,F,isla.kaur1516@example.com,(0161) 496 2787,CF10 1FE,9998398592,White Irish,2018-08-09,Active,1
1517,AN0001517,Zainab,Wright,1993-10-30,M,zainab.wright1517@example.com,(0161) 496 9140,G1 7BH,9994340735,White Irish,2019-07-11,Active,0
1518,AN0001518,Idris,Novak,1995-09-12,M,idris.novak1518@example.com,(0161) 496 4167,G1 1AJ,9993692239,Chinese,2021-03-23,Withdrawn,1
1519,AN0001519,Isla,Okafor,1997-02-01,F,isla.okafor1519@example.com,+44 7700 900667,G1 1DE,9992653272,Asian Other,2018-08-25,Active,1
1520,AN0001520,Idris,Thompson,1991-07-31,M,idris.thompson1520@example.com,+44 7700 900806,SW1A 4DD,9997714695,Black Other,2019-03-12,Active,0
1521,AN0001521,Ruth,Iqbal,1996-01-19,F,ruth.iqbal1521@example.com,(0161) 496 1686,LS1 1AH,9994136445,Mixed White and Black Caribbean,2019-07-09,Suspended,1
1522,AN0001522,Idris,Patel,2000-10-27,M,idris.patel1522@example.com,+44 7700 900677,b152dj,9990650764,Indian,2024-12-17,Active,0
1523,AN0001523,Yusuf,Chen,1993-10-02,M,yusuf.chen1523@example.com,+44 7700 900403,eh17ge,9994555596,Black Other,2022-01-25,Active,0
1524,AN0001524,Nadia,Whitfield,2000-04-29,M,nadia.whitfield1524@example.com,+44 7700 900598,ne15ee,9997639901,Black African,2023-11-30,Withdrawn,1
1525,AN0001525,Priya,Okafor,2001-06-30,F,priya.okafor1525@example.com,07700900838,LS1 7AD,9992209755,Black Other,2021-10-29,Withdrawn,0
1526,AN0001526,Callum,Thompson,1994-02-05,F,callum.thompson1526@example.com,07700900573,SW1A 2GB,9990393443,White Irish,2021-02-18,Active,1
1527,AN0001527,Grace,Patel,1998-04-24,M,,07700900664,b154eb,9992969210,White British,2017-11-01,Deferred,1
1528,AN0001528,Fatima,Okafor,2002-03-05,M,fatima.okafor1528@example.com,(0161) 496 1690,SW1A 9DD,9997742702,Black Other,2021-05-21,Active,1
1529,AN0001529,Meera,Khan,1995-06-19,M,meera.khan1529@example.com,(0161) 496 3380,SW1A 7ED,9998012694,White Irish,2022-01-26,Active,1
1530,AN0001530,Nadia,Murray,1997-01-03,F,nadia.murray1530@example.com,+44 7700 900377,L1 7AH,9990647240,Black Other,2020-09-12,Active,1
1531,AN0001531,Oliver,Whitfield,1994-06-11,F,oliver.whitfield1531@example.com,+44 7700 900660,NE1 5AJ,9999465773,Arab,2021-01-29,Deferred,0
1532,AN0001532,Nadia,Byrne,1989-11-21,F,nadia.byrne1532@example.com,(0161) 496 3509,NE1 5DH,9995371863,White Irish,2017-08-05,Active,1
1533,AN0001533,Omar,Murray,1993-10-03,M,omar.murray1533@example.com,07700900176,CF10 7FJ,9999512798,Chinese,2020-06-17,Active,0
1534,AN0001534,Chloe,Bianchi,1998-03-05,F,chloe.bianchi1534@example.com,+44 7700 900482,EH1 2HA,9999198481,White British,2018-12-11,Suspended,1
1535,AN0001535,James,Reid,2004-03-24,M,james.reid1535@example.com,07700900898,CF10 8BG,9997710746,White Irish,2023-11-17,Active,0
1536,AN0001536,Fatima,Haddad,1994-08-22,F,fatima.haddad1536@example.com,07700900563,ls15hb,9995110903,White Irish,2022-02-22,Withdrawn,1
1537,AN0001537,Priya,Doyle,1991-06-05,F,priya.doyle1537@example.com,+44 7700 900280,SW1A 6AD,9994972391,Bangladeshi,2017-03-10,Active,0
1538,AN0001538,James,Novak,1990-04-16,F,james.novak1538@example.com,(0161) 496 8755,EH1 8GE,9992526947,Bangladeshi,2017-12-06,Active,1
1539,AN0001539,Liam,Robertson,1999-09-17,M,liam.robertson1539@example.com,+44 7700 900140,G1 2EE,9999768164,White British,2019-03-10,Deferred,1
1540,AN0001540,Daniel,Patel,2004-12-19,F,daniel.patel1540@example.com,07700900147,G1 9FH,9991449906,White Irish,2024-08-06,Active,1
1541,AN0001541,Ethan,Robertson,1995-11-13,F,ethan.robertson1541@example.com,+44 7700 900371,G1 1HE,9995352796,Indian,2017-12-01,Active,0
1542,AN0001542,Liam,Murray,1986-12-05,F,liam.murray1542@example.com,(0161) 496 2160,NE1 5HH,9999859321,White Other,2016-08-20,Active,1
1543,AN0001543,Hannah,Osman,2000-12-05,M,hannah.osman1543@example.com,+44 7700 900774,L1 4FA,9990226423,Mixed White and Black Caribbean,2020-08-14,Suspended,1
1544,AN0001544,Leila,Reid,1999-01-17,F,leila.reid1544@example.com,+44 7700 900946,ls19jb,9992147490,Black African,2017-07-03,Active,1
1545,AN0001545,Callum,Okafor,1998-07-02,M,callum.okafor1545@example.com,(0161) 496 2698,L1 9FJ,9992146176,Bangladeshi,2019-04-22,Active,1
1546,AN0001546,Sofia,Sharma,1995-11-09,M,sofia.sharma1546@example.com,+44 7700 900985,CF10 9JJ,9995445840,Arab,2019-01-16,Deferred,1
1547,AN0001547,Liam,Ali,2000-12-17,M,liam.ali1547@example.com,07700900695,B15 7AG,9996275191,Chinese,2019-02-11,Active,1
1548,AN0001548,Erin,Ali,1994-10-07,M,erin.ali1548@example.com,+44 7700 900385,ne15fj,9996561151,Mixed Other,2021-10-14,Suspended,1
1549,AN0001549,Wei,Murray,1988-03-01,M,wei.murray1549@example.com,(0161) 496 8624,SW1A 7GF,9995316021,Pakistani,2017-06-25,Active,1
1550,AN0001550,Fatima,Ali,1994-12-27,M,fatima.ali1550@example.com,(0161) 496 9061,M1 9HD,9997563115,Pakistani,2016-08-04,Withdrawn,0
1551,AN0001551,Tom,Rossi,2005-02-26,M,tom.rossi1551@example.com,07700900599,NE1 1HH,9994598589,Mixed White and Asian,2023-11-01,Active,0
1552,AN0001552,Zainab,Haddad,1990-04-05,M,zainab.haddad1552@example.com,07700900129,LS1 9DG,9992886692,White Irish,2019-08-28,Active,1
1553,AN0001553,Callum,Osman,1996-04-17,F,callum.osman1553@example.com,+44 7700 900613,LS1 9FJ,9995203138,Bangladeshi,2024-01-06,Deferred,1
1554,AN0001554,Liam,Fenton,1984-01-10,M,liam.fenton1554@example.com,(0161) 496 4407,CF10 7HF,9997786262,Black Other,2024-03-23,Active,1
1555,AN0001555,Wei,Wright,1991-09-05,M,wei.wright1555@example.com,07700900253,SW1A 9JJ,9994710621,Asian Other,2021-03-10,Deferred,0
1556,AN0001556,George,Kaur,1999-08-07,F,george.kaur1556@example.com,+44 7700 900535,LS1 4DJ,9990045356,Mixed White and Black Caribbean,2023-02-06,Withdrawn,1
1557,AN0001557,Tom,Sharma,1992-02-13,M,tom.sharma1557@example.com,+44 7700 900452,l11fd,9990255547,Mixed Other,2017-05-30,Suspended,0
1558,AN0001558,Hassan,Fenton,1996-01-03,F,hassan.fenton1558@example.com,+44 7700 900525,l19bg,9996467384,Mixed White and Asian,2021-01-16,Deferred,1
1559,AN0001559,Callum,Bello,1993-09-26,F,callum.bello1559@example.com,07700900541,l14ed,9999124895,Black Other,2016-02-11,Active,1
1560,AN0001560,Kai,Murray,2002-11-26,F,kai.murray1560@example.com,(0161) 496 4918,BS1 5GF,9996407608,Black Other,2020-11-27,Active,0
1561,AN0001561,Liam,Chen,2005-10-01,M,liam.chen1561@example.com,07700900129,M1 4JB,9996283356,Mixed Other,2024-01-21,Suspended,0
1562,AN0001562,Daniel,Lawson,2003-02-08,M,daniel.lawson1562@example.com,(0161) 496 6996,B15 4JF,9993567027,Arab,2022-02-23,Active,0
1563,AN0001563,Ethan,Bianchi,2001-09-24,F,ethan.bianchi1563@example.com,+44 7700 900541,BS1 6JF,9997595998,Mixed White and Black Caribbean,2021-03-02,Active,0
1564,AN0001564,Erin,Cohen,1991-04-26,F,erin.cohen1564@example.com,+44 7700 900827,M1 8BF,9994183958,Bangladeshi,2019-08-20,Withdrawn,1
1565,AN0001565,Wei,Khan,2000-03-30,M,wei.khan1565@example.com,(0161) 496 9676,ne13bh,9990302766,Black African,2023-06-07,Active,0
1566,AN0001566,James,Wright,1998-01-04,F,james.wright1566@example.com,(0161) 496 4089,g14db,9994402935,Mixed Other,2024-03-11,Active,1
1567,AN0001567,Noah,Doyle,2006-02-10,F,noah.doyle1567@example.com,+44 7700 900916,m19ag,9992579595,White Irish,2024-11-27,Withdrawn,0
1568,AN0001568,Isla,Reid,1994-01-10,M,isla.reid1568@example.com,+44 7700 900771,B15 3GF,9991891137,Black Caribbean,2021-05-13,Withdrawn,0
1569,AN0001569,George,Fenton,1992-02-20,F,george.fenton1569@example.com,+44 7700 900319,BS1 7DJ,9996127346,Pakistani,2021-08-19,Active,0
1570,AN0001570,Wei,Okafor,2004-07-24,M,wei.okafor1570@example.com,07700900329,SW1A 2FF,9992989084,White Other,2024-09-02,Suspended,1
1571,AN0001571,Leila,Haddad,1996-03-07,M,leila.haddad1571@example.com,+44 7700 900686,m11db,9993568317,Arab,2019-05-22,Active,0
1572,AN0001572,Chloe,Haddad,1998-05-08,M,chloe.haddad1572@example.com,(0161) 496 2133,l12ae,9999191878,Black Caribbean,2023-01-08,Active,1
1573,AN0001573,Hannah,Abara,1997-01-05,M,hannah.abara1573@example.com,07700900123,B15 5FG,9997148762,Mixed White and Black Caribbean,2016-05-03,Active,1
1574,AN0001574,Oliver,Iqbal,1995-03-24,F,oliver.iqbal1574@example.com,07700900768,L1 3EB,9993160377,White Other,2024-06-03,Active,0
1575,AN0001575,Daniel,Bianchi,1998-09-17,M,daniel.bianchi1575@example.com,07700900687,BS1 7EA,9997005996,Black African,2023-09-27,Active,1
1576,AN0001576,Callum,Novak,2001-08-07,M,callum.novak1576@example.com,+44 7700 900572,sw1a1jb,9995800977,White Other,2022-10-12,Active,0
1577,AN0001577,Sofia,Haddad,1996-12-22,M,sofia.haddad1577@example.com,+44 7700 900964,SW1A 7GJ,9993759090,Other,2018-03-21,Active,0
1578,AN0001578,Ethan,Abara,1993-06-18,F,ethan.abara1578@example.com,07700900445,EH1 6GB,9991960341,Bangladeshi,2019-08-24,Deferred,0
1579,AN0001579,Nadia,Patel,1995-10-24,F,nadia.patel1579@example.com,+44 7700 900999,BS1 4DE,9990436479,Mixed White and Black Caribbean,2022-01-31,Suspended,1
1580,AN0001580,Nadia,Haddad,2002-04-04,F,nadia.haddad1580@example.com,07700900828,EH1 2HE,9991206310,Arab,2024-12-19,Active,1
1581,AN0001581,Erin,Nwosu,1996-10-15,F,erin.nwosu1581@example.com,+44 7700 900366,G1 9FA,9991441573,Bangladeshi,2022-06-13,Suspended,0
1582,AN0001582,Ruth,Mackenzie,2002-06-16,M,ruth.mackenzie1582@example.com,+44 7700 900651,CF10 2BF,9990361185,Bangladeshi,2023-12-23,Active,0
1583,AN0001583,Idris,Cohen,1996-06-19,F,idris.cohen1583@example.com,(0161) 496 5230,LS1 7EH,9994377140,White British,2019-10-31,Active,1
1584,AN0001584,Erin,Fenton,2001-02-27,F,erin.fenton1584@example.com,(0161) 496 6802,CF10 7AA,9990119627,Pakistani,2023-08-03,Active,0
1585,AN0001585,Fatima,Wright,1992-07-29,F,fatima.wright1585@example.com,07700900807,m18eh,9993850950,Arab,2020-03-21,Active,0
1586,AN0001586,George,Okafor,1994-12-21,M,george.okafor1586@example.com,+44 7700 900469,SW1A 9BB,9994034847,Black African,2024-10-03,Active,1
1587,AN0001587,Hannah,Grant,1997-10-19,M,hannah.grant1587@example.com,(0161) 496 6418,BS1 6BF,9999544967,Mixed Other,2016-05-18,Suspended,1
1588,AN0001588,Isla,Chen,1987-04-20,F,isla.chen1588@example.com,(0161) 496 3136,L1 6DA,9991617345,Black Caribbean,2016-12-12,Active,1
1589,AN0001589,Ruth,Bianchi,1992-05-02,M,ruth.bianchi1589@example.com,+44 7700 900220,CF10 4ED,9998971004,White Other,2019-07-30,Active,0
1590,AN0001590,Oliver,Rossi,1996-10-09,F,oliver.rossi1590@example.com,+44 7700 900176,B15 1FF,9991423559,Pakistani,2017-02-27,Deferred,0
1591,AN0001591,Noah,Whitfield,2000-09-06,F,noah.whitfield1591@example.com,07700900980,CF10 8BE,9992656476,Other,2021-06-02,Active,0
1592,AN0001592,Daniel,Wright,2002-03-16,F,daniel.wright1592@example.com,(0161) 496 9548,BS1 5BA,9999116116,Black Caribbean,2022-04-14,Active,1
1593,AN0001593,George,Robertson,1995-11-23,M,george.robertson1593@example.com,(0161) 496 9271,B15 1JG,9992473886,Black Other,2023-12-28,Withdrawn,0
1594,AN0001594,Fatima,Patel,1995-06-07,F,fatima.patel1594@example.com,07700900958,L1 8AA,9998125324,Black Other,2024-02-03,Active,0
1595,AN0001595,Liam,Bianchi,1993-07-11,M,liam.bianchi1595@example.com,07700900267,ls17ja,9996602869,Mixed White and Black Caribbean,2023-04-15,Withdrawn,0
1596,AN0001596,Sofia,Whitfield,1993-12-01,F,sofia.whitfield1596@example.com,+44 7700 900414,cf109db,9990037094,White British,2022-05-28,Active,0
1597,AN0001597,Idris,Ali,1995-05-25,F,idris.ali1597@example.com,(0161) 496 8121,BS1 4DA,9990983488,Black African,2021-06-19,Suspended,0
1598,AN0001598,Leila,Murray,1999-01-30,F,leila.murray1598@example.com,07700900985,CF10 3HG,9997445651,Arab,2023-10-03,Active,1
1599,AN0001599,Meera,Robertson,1991-09-03,M,,07700900622,LS1 9BJ,9994779508,White Irish,2020-01-16,Active,1
1600,AN0001600,Daniel,Bianchi,1997-05-30,M,daniel.bianchi1600@example.com,+44 7700 900283,CF10 4AE,9993309079,Black African,2017-06-26,Deferred,0
1601,AN0001601,Omar,Robertson,1995-06-10,F,omar.robertson1601@example.com,07700900250,ls15jh,9995125838,Other,2018-07-19,Deferred,0
1602,AN0001602,Priya,Khan,2001-09-03,F,priya.khan1602@example.com,07700900885,CF10 4ED,9993342289,Mixed White and Black Caribbean,2024-12-14,Withdrawn,1
1603,AN0001603,Amara,Bianchi,1998-05-03,F,amara.bianchi1603@example.com,+44 7700 900905,B15 8DD,9999310338,Other,2024-08-23,Deferred,0
1604,AN0001604,James,Rossi,1996-05-08,M,james.rossi1604@example.com,07700900357,SW1A 4JA,9993331880,Chinese,2023-10-09,Suspended,1
1605,AN0001605,Zainab,Robertson,2003-12-13,F,zainab.robertson1605@example.com,07700900660,SW1A 5JE,9999851762,Mixed White and Asian,2023-02-12,Suspended,0
1606,AN0001606,Erin,Kaur,1998-08-22,F,erin.kaur1606@example.com,(0161) 496 6841,EH1 5DB,9998379261,Black Caribbean,2023-01-15,Active,1
1607,AN0001607,Tom,Murray,1989-01-06,M,tom.murray1607@example.com,07700900716,CF10 9GE,9992883901,Asian Other,2017-08-18,Suspended,1
1608,AN0001608,Grace,Reid,1997-02-05,M,,07700900182,G1 1ED,9998596556,White Other,2022-10-23,Withdrawn,0
1609,AN0001609,Wei,Cohen,1991-07-14,F,wei.cohen1609@example.com,(0161) 496 9585,CF10 1HJ,9994767143,Mixed Other,2016-02-17,Active,0
1610,AN0001610,Sofia,Osman,1990-11-29,M,sofia.osman1610@example.com,+44 7700 900442,LS1 5DJ,9992155965,Asian Other,2020-01-07,Withdrawn,1
1611,AN0001611,Isla,Whitfield,1993-11-10,,isla.whitfield1611@example.com,07700900363,BS1 6FA,9999554652,Mixed Other,2022-06-04,Deferred,1
1612,AN0001612,Tom,Byrne,2002-07-24,F,tom.byrne1612@example.com,+44 7700 900154,ls12ad,9997366328,Mixed White and Black Caribbean,2021-04-08,Withdrawn,1
1613,AN0001613,Leila,Fenton,1999-12-04,M,leila.fenton1613@example.com,(0161) 496 4350,EH1 9JF,9999166016,Indian,2021-03-04,Active,0
1614,AN0001614,Isla,Rossi,1997-04-14,M,isla.rossi1614@example.com,07700900312,LS1 7FF,9997893786,Mixed White and Black Caribbean,2021-10-28,Suspended,1
1615,AN0001615,Noah,Adeyemi,1991-06-09,M,noah.adeyemi1615@example.com,07700900731,SW1A 4JB,9995734664,Black Caribbean,2017-01-09,Active,1
1616,AN0001616,Idris,Whitfield,2001-12-23,F,idris.whitfield1616@example.com,07700900158,G1 3AG,9995183781,Black Caribbean,2023-09-21,Withdrawn,1
1617,AN0001617,Oliver,Byrne,1995-11-30,M,oliver.byrne1617@example.com,(0161) 496 5480,b155ga,9990625026,Asian Other,2022-08-27,Active,1
1618,AN0001618,George,Robertson,1997-10-12,F,george.robertson1618@example.com,(0161) 496 5885,B15 6FH,9992121564,White Irish,2024-12-29,Deferred,0
1619,AN0001619,Ethan,Grant,1997-12-29,M,ethan.grant1619@example.com,+44 7700 900988,EH1 7FH,9994903764,Black African,2016-09-17,Active,1
1620,AN0001620,Oliver,Haddad,1997-01-31,M,oliver.haddad1620@example.com,+44 7700 900290,LS1 2GA,9993965588,Mixed Other,2024-03-28,Withdrawn,0
1621,AN0001621,Noah,Osman,2005-02-11,F,noah.osman1621@example.com,+44 7700 900633,BS1 4EE,9998660130,Black Other,2023-03-01,Active,0
1622,AN0001622,Chloe,Abara,1995-10-30,F,chloe.abara1622@example.com,+44 7700 900631,SW1A 2AB,9994571818,Mixed White and Black Caribbean,2016-04-16,Suspended,0
1623,AN0001623,Callum,Khan,2003-12-07,M,callum.khan1623@example.com,+44 7700 900510,G1 1GG,9991939687,Arab,2023-05-03,Active,1
1624,AN0001624,Idris,Novak,2001-11-09,M,idris.novak1624@example.com,07700900757,eh13ed,9998507197,Mixed Other,2021-07-10,Active,0
1625,AN0001625,Hassan,Ali,1998-03-27,M,hassan.ali1625@example.com,+44 7700 900461,LS1 3AF,9990371776,Mixed White and Black Caribbean,2018-04-30,Suspended,1
1626,AN0001626,Callum,Chen,1998-09-10,M,callum.chen1626@example.com,+44 7700 900208,m13hd,9993069515,Mixed Other,2024-01-13,Active,1
1627,AN0001627,Leila,Byrne,1998-09-24,F,leila.byrne1627@example.com,+44 7700 900758,m19bb,9992399333,White Irish,2017-11-19,Active,1
1628,AN0001628,Zainab,Osman,1997-09-06,M,zainab.osman1628@example.com,+44 7700 900906,LS1 4BF,9995968894,Indian,2024-05-11,Deferred,0
1629,AN0001629,Erin,Osman,1999-10-04,F,erin.osman1629@example.com,(0161) 496 1793,EH1 6AG,9991203605,Indian,2023-11-23,Active,1
1630,AN0001630,Chloe,Thompson,1997-09-22,F,chloe.thompson1630@example.com,+44 7700 900915,CF10 1BJ,9994083465,Black Other,2023-09-23,Active,1
1631,AN0001631,Hassan,Lawson,2001-05-25,M,hassan.lawson1631@example.com,07700900931,G1 9AH,9997456696,Asian Other,2019-12-14,Withdrawn,1
1632,AN0001632,Hassan,Kaur,1991-02-09,M,hassan.kaur1632@example.com,07700900380,M1 5DA,9995776251,Chinese,2016-06-15,Withdrawn,1
1633,AN0001633,Oliver,Robertson,2000-05-03,F,oliver.robertson1633@example.com,+44 7700 900198,CF10 5JD,9996174689,Black Other,2024-06-10,Suspended,0
1634,AN0001634,Wei,Fenton,1999-07-13,F,wei.fenton1634@example.com,(0161) 496 2389,m17hd,9998660343,Pakistani,2023-09-12,Active,1
1635,AN0001635,Erin,Rossi,1994-02-08,F,erin.rossi1635@example.com,07700900227,CF10 6HD,9997402154,Other,2022-09-01,Active,0
1636,AN0001636,Liam,Murray,1994-06-18,F,liam.murray1636@example.com,+44 7700 900307,G1 3GH,9990858942,Mixed White and Asian,2017-08-27,Active,1
1637,AN0001637,Amara,Thompson,2001-08-05,M,amara.thompson1637@example.com,+44 7700 900468,B15 6EB,9991845607,Black Other,2020-01-22,Suspended,0
1638,AN0001638,Isla,Novak,1996-06-23,M,isla.novak1638@example.com,07700900828,M1 1BD,9999443141,White Other,2017-09-03,Active,0
1639,AN0001639,Idris,Lawson,1996-05-01,M,,+44 7700 900919,b158jd,9994021168,Pakistani,2022-01-13,Active,0
1640,AN0001640,Tom,Patel,1995-04-11,M,tom.patel1640@example.com,07700900768,SW1A 1HD,9992657898,Mixed Other,2022-12-25,Deferred,0
1641,AN0001641,Leila,Cohen,1993-05-29,F,leila.cohen1641@example.com,(0161) 496 6682,LS1 7EF,9998237254,Black Caribbean,2020-01-21,Active,0
1642,AN0001642,Wei,Kaur,1998-03-01,M,wei.kaur1642@example.com,+44 7700 900577,NE1 9DA,9993455385,Bangladeshi,2019-08-11,Suspended,1
1643,AN0001643,Amara,Okafor,1993-05-25,F,amara.okafor1643@example.com,+44 7700 900487,SW1A 9DJ,9998712076,Black Other,2018-12-09,Active,0
1644,AN0001644,Leila,Doyle,1988-11-19,F,leila.doyle1644@example.com,07700900205,G1 3HD,9990741441,Asian Other,2018-05-31,Active,0
1645,AN0001645,James,Fenton,2000-12-19,F,james.fenton1645@example.com,+44 7700 900705,bs17fg,9994433199,Other,2020-05-06,Active,0
1646,AN0001646,Leila,Abara,1998-10-04,M,leila.abara1646@example.com,(0161) 496 8387,LS1 7JA,9990343446,Other,2020-01-24,Active,1
1647,AN0001647,Hannah,Rossi,1999-12-16,M,hannah.rossi1647@example.com,(0161) 496 8801,NE1 7AD,9999927947,Chinese,2024-01-15,Active,1
1648,AN0001648,Kai,Ali,2001-02-05,F,kai.ali1648@example.com,07700900146,B15 4BD,9993954802,Arab,2021-10-10,Active,1
1649,AN0001649,Oliver,Whitfield,2004-04-06,M,oliver.whitfield1649@example.com,07700900668,l15jj,9997407032,Mixed White and Asian,2023-09-09,Active,1
1650,AN0001650,Yusuf,Bianchi,1995-12-16,M,yusuf.bianchi1650@example.com,07700900560,CF10 3DD,9992821930,Mixed Other,2019-12-17,Deferred,0
1651,AN0001651,Meera,Rossi,2002-04-04,M,meera.rossi1651@example.com,+44 7700 900825,B15 4EA,9995969203,Mixed White and Asian,2024-11-10,Active,1
1652,AN0001652,Priya,Lawson,1992-08-01,M,priya.lawson1652@example.com,+44 7700 900307,EH1 5EG,9994981188,Black Caribbean,2019-01-23,Deferred,1
1653,AN0001653,Zainab,Thompson,1995-06-27,M,zainab.thompson1653@example.com,+44 7700 900498,b158bj,9990483647,Indian,2017-09-22,Active,1
1654,AN0001654,Omar,Cohen,1999-01-02,F,omar.cohen1654@example.com,07700900364,LS1 2EJ,9993136360,Black Other,2022-07-01,Suspended,1
1655,AN0001655,Amara,Patel,1994-11-25,F,amara.patel1655@example.com,+44 7700 900474,BS1 4GH,9994174916,Mixed White and Black Caribbean,2020-06-25,Active,0
1656,AN0001656,Sofia,Kaur,1961-06-13,F,sofia.kaur1656@example.com,07700900975,ls14ea,9991113916,Black Other,2022-02-07,Active,0
1657,AN0001657,Isla,Mackenzie,1988-10-18,F,isla.mackenzie1657@example.com,(0161) 496 9182,BS1 3BF,9999010865,Indian,2018-01-21,Deferred,1
1658,AN0001658,Chloe,Doyle,1993-10-17,F,chloe.doyle1658@example.com,(0161) 496 2467,G1 8EA,9999967361,Arab,2018-10-21,Active,0
1659,AN0001659,Hassan,Novak,2001-05-15,M,hassan.novak1659@example.com,07700900569,ls17fe,9990586993,Arab,2020-06-03,Active,1
1660,AN0001660,Kai,Iqbal,2008-11-10,F,kai.iqbal1660@example.com,+44 7700 900798,L1 4DJ,9991154914,Arab,2022-12-16,Withdrawn,1
1661,AN0001661,Tom,Kaur,1988-06-28,M,tom.kaur1661@example.com,(0161) 496 7946,ne16hh,9990859736,Mixed White and Black Caribbean,2018-01-19,Suspended,1
1662,AN0001662,Meera,Abara,2000-05-06,M,meera.abara1662@example.com,(0161) 496 7729,EH1 5JA,9993276766,Mixed White and Black Caribbean,2022-08-18,Suspended,1
1663,AN0001663,Idris,Abara,2002-07-01,F,idris.abara1663@example.com,07700900496,cf105fj,9995534746,Black Other,2024-12-14,Withdrawn,0
1664,AN0001664,Ruth,Kaur,1995-06-08,F,ruth.kaur1664@example.com,+44 7700 900607,LS1 1FH,9997548078,White British,2017-06-15,Active,0
1665,AN0001665,Sofia,Whitfield,1988-06-30,F,sofia.whitfield1665@example.com,(0161) 496 4088,ls12eh,9994804073,Asian Other,2018-03-24,Active,0
1666,AN0001666,Priya,Fenton,1999-08-07,M,priya.fenton1666@example.com,07700900495,B15 3FA,9990265836,Arab,2019-01-30,Withdrawn,1
1667,AN0001667,Tom,Whitfield,1994-08-17,F,tom.whitfield1667@example.com,07700900372,CF10 7AE,9992739975,Black African,2019-04-08,Active,1
1668,AN0001668,Grace,Chen,2005-12-24,F,grace.chen1668@example.com,(0161) 496 2143,sw1a2ad,9996078191,Black Other,2024-10-10,Active,1
1669,AN0001669,Isla,Wright,1991-04-24,F,isla.wright1669@example.com,07700900580,B15 9EE,9990614431,Black Other,2018-12-10,Active,1
1670,AN0001670,George,Murray,1995-01-10,F,george.murray1670@example.com,+44 7700 900927,G1 3HA,9997068750,Mixed Other,2021-04-21,Deferred,1
1671,AN0001671,Priya,Patel,1988-03-18,M,priya.patel1671@example.com,(0161) 496 3987,B15 7BE,9992377453,Black Caribbean,2016-12-14,Withdrawn,0
1672,AN0001672,Ruth,Khan,1996-08-20,F,ruth.khan1672@example.com,(0161) 496 8305,SW1A 6AJ,9994070789,Chinese,2018-04-28,Deferred,1
1673,AN0001673,Oliver,Wright,2001-06-28,M,oliver.wright1673@example.com,(0161) 496 4735,EH1 9GJ,9995404494,Pakistani,2024-03-12,Active,0
1674,AN0001674,Ethan,Sharma,2004-08-20,M,ethan.sharma1674@example.com,(0161) 496 9291,b157fe,9998959306,Chinese,2022-11-21,Active,0
1675,AN0001675,Oliver,Kaur,1996-03-05,F,oliver.kaur1675@example.com,+44 7700 900734,BS1 1BG,9996330923,Asian Other,2020-03-02,Active,1
1676,AN0001676,Zainab,Adeyemi,1995-01-03,F,zainab.adeyemi1676@example.com,07700900707,M1 6FA,9997320123,Mixed White and Black Caribbean,2016-01-14,Active,0
1677,AN0001677,Sofia,Reid,2001-08-21,F,sofia.reid1677@example.com,+44 7700 900180,NE1 3AH,9992048107,Asian Other,2019-08-29,Active,1
1678,AN0001678,Isla,Wright,1989-08-14,M,isla.wright1678@example.com,(0161) 496 6880,L1 8JE,9998245532,Indian,2019-03-25,Active,0
1679,AN0001679,Sofia,Nwosu,2001-03-13,M,sofia.nwosu1679@example.com,+44 7700 900381,LS1 6BG,9995576880,White Other,2021-06-13,Active,1
1680,AN0001680,Hassan,Sharma,2000-01-10,M,hassan.sharma1680@example.com,07700900845,bs16ff,9997615042,Black Caribbean,2018-09-25,Suspended,0
1681,AN0001681,Erin,Murray,1990-08-16,M,erin.murray1681@example.com,07700900395,CF10 5AE,9990769559,Mixed White and Black Caribbean,2019-08-25,Suspended,0
1682,AN0001682,Zainab,Abara,1993-01-11,M,zainab.abara1682@example.com,(0161) 496 9319,ls13jj,999ABF7742,Mixed White and Black Caribbean,2019-09-24,Suspended,0
1683,AN0001683,Zainab,Mackenzie,2004-10-10,M,zainab.mackenzie1683@example.com,07700900251,eh14jj,9990704554,Black Caribbean,2023-12-10,Suspended,1
1684,AN0001684,Hassan,Murray,1999-08-20,F,hassan.murray1684@example.com,(0161) 496 2728,cf107de,9995671255,Mixed White and Black Caribbean,2024-04-07,Suspended,0
1685,AN0001685,Daniel,Lawson,1995-09-19,F,,+44 7700 900739,sw1a7fb,9992727659,Chinese,2016-05-02,Deferred,0
1686,AN0001686,Isla,Doyle,2000-11-07,F,isla.doyle1686@example.com,+44 7700 900752,SW1A 1GF,9995834553,Black Other,2020-02-15,Deferred,1
1687,AN0001687,Kai,Haddad,2004-10-29,F,kai.haddad1687@example.com,(0161) 496 4517,B15 6JH,9999108601,Black Caribbean,2024-12-26,Active,0
1688,AN0001688,Meera,Byrne,1996-07-04,F,,07700900195,BS1 8EE,9996093166,White Irish,2020-02-26,Suspended,1
1689,AN0001689,Noah,Novak,1997-03-28,F,noah.novak1689@example.com,+44 7700 900880,NE1 4BB,9993202649,White Irish,2016-04-10,Active,0
1690,AN0001690,Leila,Novak,2002-12-07,F,leila.novak1690@example.com,+44 7700 900701,SW1A 3AE,9997821882,Chinese,2024-03-23,Suspended,1
1691,AN0001691,Isla,Grant,2002-04-05,F,isla.grant1691@example.com,+44 7700 900354,EH1 3AE,9994742647,Black African,2021-10-29,Deferred,0
1692,AN0001692,George,Grant,1997-01-05,M,george.grant1692@example.com,07700900713,CF10 7EJ,9995818779,Black Caribbean,2023-04-09,Active,0
1693,AN0001693,Isla,Robertson,1996-10-17,F,isla.robertson1693@example.com,(0161) 496 5214,CF10 4GE,9995566427,Chinese,2021-11-26,Suspended,1
1694,AN0001694,James,Chen,1998-03-23,M,james.chen1694@example.com,(0161) 496 7144,eh17hh,9998118220,Pakistani,2023-01-10,Active,0
1695,AN0001695,George,Robertson,1997-02-07,M,george.robertson1695@example.com,(0161) 496 4711,l14ej,9994061380,Mixed Other,2022-04-13,Active,1
1696,AN0001696,Ruth,Lawson,1998-02-28,M,ruth.lawson1696@example.com,+44 7700 900371,g16hg,9997657861,White British,2021-11-03,Active,1
1697,AN0001697,Daniel,Byrne,2003-09-12,F,daniel.byrne1697@example.com,07700900367,EH1 5EH,9992705612,Black African,2024-03-28,Active,1
1698,AN0001698,Tom,Lawson,1996-08-01,M,tom.lawson1698@example.com,+44 7700 900254,M1 9HJ,9991919856,White British,2018-10-26,Deferred,1
1699,AN0001699,Nadia,Iqbal,2008-11-03,M,nadia.iqbal1699@example.com,+44 7700 900972,ne16ab,9993229873,Mixed Other,2023-01-13,Active,0
1700,AN0001700,Amara,Abara,1993-06-11,F,amara.abara1700@example.com,+44 7700 900309,NE1 2AH,9995229188,Black African,2021-06-29,Active,1
1701,AN0001701,Erin,Doyle,2000-07-15,F,erin.doyle1701@example.com,+44 7700 900712,SW1A 6DJ,9992599618,Indian,2023-05-04,Deferred,1
1702,AN0001702,Tom,Cohen,2000-08-07,F,tom.cohen1702@example.com,(0161) 496 1102,L1 8GB,9996109224,Indian,2021-08-25,Active,1
1703,AN0001703,Isla,Cohen,2003-05-19,M,isla.cohen1703@example.com,+44 7700 900557,B15 3AF,9999274315,Bangladeshi,2025-01-04,Active,1
1704,AN0001704,Nadia,Iqbal,2002-03-25,M,nadia.iqbal1704@example.com,+44 7700 900188,CF10 6GA,9992475552,Pakistani,2020-06-18,Active,1
1705,AN0001705,Wei,Lawson,1988-04-14,F,wei.lawson1705@example.com,07700900584,SW1A 3JG,9990568707,Mixed Other,2016-08-09,Suspended,0
1706,AN0001706,Daniel,Grant,1997-08-12,M,daniel.grant1706@example.com,07700900193,CF10 8ED,9995393301,Mixed White and Black Caribbean,2016-11-07,Active,1
1707,AN0001707,Omar,Osman,2000-10-04,F,omar.osman1707@example.com,+44 7700 900937,SW1A 8FE,9991830243,Bangladeshi,2023-11-10,Active,1
1708,AN0001708,Nadia,Khan,1960-02-09,M,nadia.khan1708@example.com,07700900246,SW1A 5BB,9994880519,White Irish,2021-12-04,Suspended,0
1709,AN0001709,Tom,Mackenzie,1997-01-20,M,tom.mackenzie1709@example.com,(0161) 496 4327,b151gj,9995437007,Black Caribbean,2020-05-21,Active,1
1710,AN0001710,Chloe,Adeyemi,1993-01-01,M,chloe.adeyemi1710@example.com,07700900250,M1 8AF,9991259287,Asian Other,2018-08-13,Deferred,0
1711,AN0001711,Kai,Reid,1995-05-25,M,kai.reid1711@example.com,+44 7700 900960,NE1 6HB,9999750591,Indian,2023-01-14,Active,0
1712,AN0001712,Ruth,Bianchi,2001-04-13,M,ruth.bianchi1712@example.com,(0161) 496 6687,G1 2HE,9997089448,White Irish,2022-04-24,Active,1
1713,AN0001713,Ruth,Murray,1996-08-03,F,ruth.murray1713@example.com,(0161) 496 6473,BS1 4GJ,9997650948,Mixed White and Asian,2024-12-26,Active,0
1714,AN0001714,Meera,Rossi,1999-09-08,M,meera.rossi1714@example.com,07700900838,LS1 8BD,9992611863,White British,2023-04-08,Withdrawn,0
1715,AN0001715,James,Bello,2003-03-28,M,james.bello1715@example.com,07700900169,bs15ab,9990032769,Bangladeshi,2024-11-01,Suspended,0
1716,AN0001716,Zainab,Reid,1996-04-12,F,zainab.reid1716@example.com,+44 7700 900602,l11bf,9997268210,Indian,2024-12-30,Suspended,1
1717,AN0001717,Nadia,Kaur,1993-10-24,F,nadia.kaur1717@example.com,+44 7700 900602,L1 4GG,9999192203,Mixed White and Black Caribbean,2023-05-11,Deferred,0
1718,AN0001718,Tom,Iqbal,1998-09-18,F,tom.iqbal1718@example.com,07700900848,NE1 3GA,9995167484,Mixed Other,2020-07-01,Withdrawn,1
1719,AN0001719,Tom,Iqbal,2002-04-23,M,tom.iqbal1719@example.com,07700900601,L1 5JF,9999359957,Black Caribbean,2022-01-26,Active,0
1720,AN0001720,Zainab,Robertson,1995-02-19,M,zainab.robertson1720@example.com,+44 7700 900248,sw1a2ea,9994691260,Other,2022-10-11,Active,0
1721,AN0001721,Hassan,Haddad,1995-04-26,M,hassan.haddad1721@example.com,+44 7700 900794,sw1a4be,9997830563,Pakistani,2022-07-25,Suspended,1
1722,AN0001722,Zainab,Ali,1995-03-11,M,zainab.ali1722@example.com,+44 7700 900275,SW1A 3FJ,9998112826,Mixed White and Asian,2018-08-22,Suspended,0
1723,AN0001723,Isla,Khan,2000-07-04,M,isla.khan1723@example.com,07700900269,LS1 3EB,9997865030,Black African,2020-02-17,Withdrawn,1
1724,AN0001724,Zainab,Doyle,1996-06-09,F,zainab.doyle1724@example.com,+44 7700 900593,L1 8BJ,9991243453,Chinese,2024-07-01,Active,0
1725,AN0001725,Ethan,Reid,2004-09-18,F,ethan.reid1725@example.com,+44 7700 900132,BS1 3JD,9994803697,Mixed White and Black Caribbean,2023-10-20,Active,1
1726,AN0001726,Nadia,Nwosu,2000-08-06,M,nadia.nwosu1726@example.com,07700900516,NE1 7JA,9998550696,Black African,2022-11-10,Active,1
1727,AN0001727,George,Fenton,1999-02-08,M,george.fenton1727@example.com,+44 7700 900978,L1 8FE,9991889698,Indian,2017-03-10,Active,0
1728,AN0001728,Chloe,Abara,1995-09-17,F,chloe.abara1728@example.com,+44 7700 900428,B15 9FB,9995703475,Mixed White and Black Caribbean,2023-01-14,Active,0
1729,AN0001729,Noah,Byrne,1998-05-29,F,noah.byrne1729@example.com,+44 7700 900952,G1 6FH,9990213542,Mixed White and Asian,2020-08-14,Suspended,0
1730,AN0001730,Wei,Novak,1991-06-03,M,wei.novak1730@example.com,+44 7700 900980,M1 8EF,9996609545,Other,2018-10-20,Withdrawn,0
1731,AN0001731,Omar,Novak,1992-07-06,M,omar.novak1731@example.com,(0161) 496 9609,M1 1JG,9993521418,Bangladeshi,2016-07-26,Active,0
1732,AN0001732,Amara,Mackenzie,2003-06-06,F,amara.mackenzie1732@example.com,+44 7700 900492,NE1 1GH,9991854134,Chinese,2023-02-06,Withdrawn,0
1733,AN0001733,Nadia,Robertson,1991-01-13,M,nadia.robertson1733@example.com,07700900711,M1 6HG,9992905247,Bangladeshi,2020-01-13,Active,0
1734,AN0001734,Hannah,Osman,1989-03-05,F,hannah.osman1734@example.com,+44 7700 900696,BS1 5BF,9990138567,Chinese,2017-04-20,Suspended,0
1735,AN0001735,Isla,Abara,1993-06-14,M,isla.abara1735@example.com,+44 7700 900223,LS1 1BJ,9990209847,Black Caribbean,2017-11-20,Active,1
1736,AN0001736,Callum,Iqbal,2000-04-01,M,callum.iqbal1736@example.com,07700900250,l13be,9994915320,Indian,2022-12-31,Suspended,0
1737,AN0001737,Erin,Thompson,1996-01-11,F,erin.thompson1737@example.com,(0161) 496 4567,M1 6HD,9997132025,Black Other,2017-02-06,Active,1
1738,AN0001738,Amara,Ali,1997-06-02,M,amara.ali1738@example.com,(0161) 496 8767,cf101fd,9993987662,Other,2022-01-08,Active,0
1739,AN0001739,Sofia,Murray,1996-06-04,M,sofia.murray1739@example.com,+44 7700 900765,G1 3FA,9993051098,Other,2021-08-06,Active,1
1740,AN0001740,Idris,Grant,2004-07-19,F,idris.grant1740@example.com,+44 7700 900454,EH1 2HE,9997639855,Bangladeshi,2025-01-07,Active,0
1741,AN0001741,Idris,Rossi,1991-02-08,M,idris.rossi1741@example.com,(0161) 496 4140,LS1 8HA,9990423571,Asian Other,2017-11-24,Active,1
1742,AN0001742,Hassan,Ali,1997-03-16,M,hassan.ali1742@example.com,07700900766,b156ef,9990507074,Other,2016-10-16,Active,0
1743,AN0001743,Omar,Rossi,1999-05-29,F,omar.rossi1743@example.com,07700900724,BS1 7EG,9998662133,White British,2022-03-09,Deferred,1
1744,AN0001744,Kai,Osman,2000-09-02,F,kai.osman1744@example.com,07700900384,LS1 3GG,9995419637,Mixed White and Black Caribbean,2020-01-08,Active,0
1745,AN0001745,James,Bello,1995-03-10,F,james.bello1745@example.com,+44 7700 900335,cf104hg,9990504172,Asian Other,2020-08-09,Active,0
1746,AN0001746,Wei,Ali,1998-05-08,F,wei.ali1746@example.com,(0161) 496 8636,sw1a4de,9991899359,Black Caribbean,2018-12-04,Withdrawn,1
1747,AN0001747,Omar,Novak,2001-03-21,M,omar.novak1747@example.com,+44 7700 900265,l16he,9997311493,Chinese,2024-05-26,Active,0
1748,AN0001748,Erin,Okafor,1995-06-14,M,erin.okafor1748@example.com,(0161) 496 1882,CF10 6FA,9998180368,Black Caribbean,2021-12-31,Suspended,1
1749,AN0001749,Ruth,Byrne,2005-07-19,M,ruth.byrne1749@example.com,+44 7700 900256,EH1 2FA,9997028466,White Other,2023-08-07,Active,1
1750,AN0001750,Sofia,Grant,1994-12-10,M,sofia.grant1750@example.com,07700900388,bs18ae,9990434743,Chinese,2023-03-12,Withdrawn,0
1751,AN0001751,Isla,Mackenzie,1998-05-28,F,isla.mackenzie1751@example.com,+44 7700 900991,SW1A 1FH,9990413134,Black Other,2017-06-15,Active,1
1752,AN0001752,Omar,Grant,2000-03-25,M,omar.grant1752@example.com,07700900878,LS1 3EG,9997217616,Other,2022-05-28,Withdrawn,1
1753,AN0001753,Meera,Haddad,1991-09-29,F,meera.haddad1753@example.com,(0161) 496 4567,NE1 8JB,9993981893,Asian Other,2021-05-04,Suspended,1
1754,AN0001754,Noah,Kaur,2004-12-03,F,noah.kaur1754@example.com,07700900330,SW1A 5GB,9995586819,Arab,2024-12-20,Deferred,0
1755,AN0001755,George,Thompson,1996-01-05,F,george.thompson1755@example.com,(0161) 496 7598,EH1 1EB,9997585933,Indian,2022-01-14,Deferred,1
1756,AN0001756,Fatima,Novak,1991-03-18,M,fatima.novak1756@example.com,+44 7700 900385,EH1 4ED,9999540635,Black Other,2020-05-21,Deferred,1
1757,AN0001757,Erin,Grant,1996-01-12,F,erin.grant1757@example.com,(0161) 496 2223,G1 4JF,9995555352,Black African,2016-02-04,Active,0
1758,AN0001758,Oliver,Bianchi,1992-03-24,F,oliver.bianchi1758@example.com,+44 7700 900615,NE1 9DD,9991007202,Black African,2021-10-15,Active,1
1759,AN0001759,Meera,Bianchi,1997-07-13,F,meera.bianchi1759@example.com,+44 7700 900804,L1 6JA,9994104861,Mixed Other,2016-10-05,Active,0
1760,AN0001760,Ethan,Haddad,1996-09-08,F,ethan.haddad1760@example.com,+44 7700 900399,EH1 8AF,9996711013,Arab,2018-11-19,Active,0
1761,AN0001761,Fatima,Ali,1994-02-15,M,fatima.ali1761@example.com,07700900775,EH1 4AJ,9994668994,Other,2017-10-05,Withdrawn,1
1762,AN0001762,Grace,Fenton,2005-04-30,M,grace.fenton1762@example.com,+44 7700 900333,ne12jj,9999247040,Indian,2023-08-14,Active,0
1763,AN0001763,Priya,Byrne,1997-05-07,M,priya.byrne1763@example.com,+44 7700 900185,EH1 6HG,9991275916,Other,2021-09-26,Active,0
1764,AN0001764,Fatima,Adeyemi,1993-05-08,M,fatima.adeyemi1764@example.com,07700900258,G1 7JF,9995362511,Pakistani,2018-09-18,Active,0
1765,AN0001765,Liam,Doyle,1997-08-20,M,liam.doyle1765@example.com,+44 7700 900956,SW1A 3AH,9991369309,White Irish,2019-10-10,Active,0
1766,AN0001766,Amara,Byrne,2001-03-18,M,amara.byrne1766@example.com,07700900534,L1 4GE,9992561165,Indian,2023-07-27,Withdrawn,1
1767,AN0001767,Leila,Bianchi,1995-07-19,F,leila.bianchi1767@example.com,07700900523,M1 9FG,9997582683,Pakistani,2022-12-19,Withdrawn,1
1768,AN0001768,Priya,Rossi,1994-05-24,F,priya.rossi1768@example.com,(0161) 496 3997,B15 3EG,9999358039,Black Other,2017-03-12,Withdrawn,0
1769,AN0001769,Ethan,Wright,1993-04-24,F,ethan.wright1769@example.com,+44 7700 900993,L1 9BJ,9995442523,Black African,2016-05-03,Withdrawn,1
1770,AN0001770,Meera,Patel,1999-01-09,F,meera.patel1770@example.com,07700900370,BS1 4AF,9998826489,Mixed Other,2021-05-30,Active,1
1771,AN0001771,Zainab,Fenton,1998-05-30,F,zainab.fenton1771@example.com,07700900904,NE1 6FH,9991210407,Arab,2020-02-04,Active,1
1772,AN0001772,George,Fenton,1990-09-17,F,george.fenton1772@example.com,+44 7700 900873,CF10 1ED,9994707922,Mixed White and Asian,2019-12-21,Active,1
1773,AN0001773,Leila,Lawson,2005-03-31,F,leila.lawson1773@example.com,+44 7700 900802,CF10 1ED,9993943983,Black African,2024-11-26,Active,0
1774,AN0001774,Oliver,Rossi,1999-03-23,M,oliver.rossi1774@example.com,+44 7700 900905,L1 5HF,9994959573,Indian,2022-06-05,Active,1
1775,AN0001775,Omar,Whitfield,2004-06-16,F,omar.whitfield1775@example.com,07700900983,LS1 8BE,9992402393,Chinese,2024-02-20,Active,0
1776,AN0001776,Meera,Robertson,1991-08-04,F,meera.robertson1776@example.com,07700900884,EH1 1FH,9995112868,Asian Other,2017-02-23,Suspended,0
1777,AN0001777,Sarah,Okafor,2001-09-30,M,sarah.okafor1777@example.com,07700900717,ls11jf,9995952823,Arab,2019-12-05,Deferred,1
1778,AN0001778,Meera,Patel,2002-09-01,M,meera.patel1778@example.com,07700900425,EH1 4EJ,9992783966,Bangladeshi,2024-11-28,Active,1
1779,AN0001779,Sarah,Sharma,1995-08-12,M,sarah.sharma1779@example.com,+44 7700 900874,LS1 2FE,9994869655,Chinese,2016-02-18,Deferred,1
1780,AN0001780,Liam,Iqbal,1994-08-31,M,liam.iqbal1780@example.com,(0161) 496 6834,LS1 1EB,9993095079,Chinese,2019-12-31,Deferred,0
1781,AN0001781,Oliver,Grant,1999-05-20,F,oliver.grant1781@example.com,(0161) 496 5508,M1 5GA,9992759089,Pakistani,2018-07-21,Active,0
1782,AN0001782,James,Bello,1991-06-18,M,james.bello1782@example.com,+44 7700 900770,L1 2DB,9994523953,Mixed Other,2016-08-28,Deferred,0
1783,AN0001783,Wei,Ali,1998-11-26,F,wei.ali1783@example.com,(0161) 496 2883,L1 6JA,9993088803,Mixed Other,2018-05-08,Deferred,0
1784,AN0001784,Erin,Bello,1999-07-14,F,erin.bello1784@example.com,+44 7700 900914,EH1 2EA,9998867584,Other,2019-03-05,Active,1
1785,AN0001785,Leila,Rossi,2001-04-29,M,leila.rossi1785@example.com,+44 7700 900144,EH1 8DE,9999462723,Mixed Other,2019-10-16,Active,0
1786,AN0001786,Sofia,Reid,1995-03-24,M,sofia.reid1786@example.com,+44 7700 900331,ne15ga,9994621769,Black African,2017-05-26,Withdrawn,0
1787,AN0001787,Kai,Mackenzie,2000-12-28,F,kai.mackenzie1787@example.com,+44 7700 900902,CF10 8FA,9998698588,Black Other,2022-10-13,Active,1
1788,AN0001788,Grace,Byrne,2005-05-12,F,grace.byrne1788@example.com,07700900547,L1 3HF,9998793971,Black Other,2024-06-04,Active,1
1789,AN0001789,Meera,Sharma,1996-06-07,M,meera.sharma1789@example.com,(0161) 496 2794,CF10 5GD,9997040791,Chinese,2016-10-23,Active,1
1790,AN0001790,Liam,Fenton,1996-03-13,F,liam.fenton1790@example.com,07700900282,cf103ae,9992735716,Pakistani,2021-09-15,Active,1
1791,AN0001791,Erin,Patel,1998-11-12,M,erin.patel1791@example.com,+44 7700 900665,G1 8GB,9992425660,White British,2018-01-26,Active,0
1792,AN0001792,Erin,Abara,1994-01-01,M,erin.abara1792@example.com,+44 7700 900720,SW1A 4AE,9994136534,Pakistani,2019-09-28,Suspended,1
1793,AN0001793,Nadia,Khan,1999-05-27,F,nadia.khan1793@example.com,(0161) 496 1452,L1 1HA,9994614339,Arab,2022-01-04,Active,0
1794,AN0001794,Idris,Adeyemi,1963-01-15,F,idris.adeyemi1794@example.com,(0161) 496 5648,b157jb,9996387623,White Other,2024-03-22,Active,1
1795,AN0001795,Ruth,Patel,2002-12-22,F,ruth.patel1795@example.com,+44 7700 900483,NE1 7HB,9994874144,Bangladeshi,2024-12-20,Active,1
1796,AN0001796,Erin,Ali,2003-09-13,M,erin.ali1796@example.com,07700900718,NE1 9JD,9994921223,Chinese,2023-01-15,Withdrawn,0
1797,AN0001797,Hassan,Abara,1996-05-10,M,hassan.abara1797@example.com,+44 7700 900904,SW1A 1JB,9992044845,Mixed White and Black Caribbean,2022-07-25,Active,1
1798,AN0001798,Kai,Fenton,2001-12-01,F,kai.fenton1798@example.com,+44 7700 900575,CF10 7AF,9998939119,Mixed White and Asian,2021-06-01,Withdrawn,1
1799,AN0001799,Zainab,Grant,1998-08-25,F,zainab.grant1799@example.com,07700900509,G1 8HH,9994760858,Pakistani,2023-04-28,Active,1
1800,AN0001800,Yusuf,Kaur,1989-12-21,F,yusuf.kaur1800@example.com,+44 7700 900428,LS1 2JG,9999988784,Pakistani,2017-07-26,Suspended,1
1801,AN0001801,Wei,Grant,1997-09-01,M,,+44 7700 900541,M1 9GA,9999298737,Mixed Other,2020-01-16,Deferred,1
1802,AN0001802,Priya,Sharma,1995-01-30,F,priya.sharma1802@example.com,+44 7700 900542,B15 1ED,9991430318,Chinese,2020-04-05,Suspended,0
1803,AN0001803,Fatima,Doyle,1997-01-30,M,fatima.doyle1803@example.com,(0161) 496 9328,EH1 1HG,9998558751,Mixed White and Black Caribbean,2016-03-22,Active,1
1804,AN0001804,Zainab,Chen,1998-04-03,F,zainab.chen1804@example.com,+44 7700 900297,CF10 8FG,9998351790,Chinese,2022-05-21,Withdrawn,1
1805,AN0001805,Ruth,Reid,1988-09-04,F,ruth.reid1805@example.com,+44 7700 900506,CF10 7EE,9998958644,White Other,2016-12-30,Active,0
1806,AN0001806,Daniel,Novak,2002-03-07,M,daniel.novak1806@example.com,07700900852,CF10 3FH,9994762931,Mixed White and Asian,2020-05-04,Deferred,1
1807,AN0001807,Wei,Haddad,1998-09-28,F,wei.haddad1807@example.com,(0161) 496 8496,B15 7JA,9990271909,Black Other,2021-11-21,Deferred,0
1808,AN0001808,Hannah,Okafor,1991-06-27,M,hannah.okafor1808@example.com,+44 7700 900231,m16ba,9992201657,Mixed Other,2018-02-08,Active,0
1809,AN0001809,Noah,Fenton,1991-05-13,F,noah.fenton1809@example.com,+44 7700 900259,EH1 4DH,9993814032,White Irish,2018-08-23,Withdrawn,1
1810,AN0001810,Daniel,Cohen,1996-04-17,M,daniel.cohen1810@example.com,07700900263,SW1A 3FF,9995074508,Chinese,2022-09-04,Withdrawn,0
1811,AN0001811,Amara,Wright,1988-10-30,F,amara.wright1811@example.com,+44 7700 900371,EH1 1FE,9999077188,Bangladeshi,2016-08-09,Active,1
1812,AN0001812,Ruth,Murray,1998-01-13,F,ruth.murray1812@example.com,07700900325,L1 7GG,9996172759,Other,2018-09-16,Active,1
1813,AN0001813,Daniel,Mackenzie,2002-11-10,F,daniel.mackenzie1813@example.com,(0161) 496 3944,CF10 7HB,9993939293,Black African,2022-04-02,Active,1
1814,AN0001814,Ruth,Sharma,1998-01-30,M,ruth.sharma1814@example.com,(0161) 496 2609,B15 5EE,9996279898,Black Other,2017-07-22,Suspended,0
1815,AN0001815,Erin,Mackenzie,1995-10-04,M,erin.mackenzie1815@example.com,07700900952,BS1 2DA,9991912754,Asian Other,2021-01-02,Suspended,1
1816,AN0001816,Daniel,Grant,2004-02-05,M,daniel.grant1816@example.com,+44 7700 900857,M1 7DD,9994436430,Mixed White and Asian,2023-06-28,Active,1
1817,AN0001817,George,Whitfield,1988-01-10,F,george.whitfield1817@example.com,07700900358,LS1 3AA,9992276835,Black Other,2017-10-18,Active,1
1818,AN0001818,Ethan,Sharma,1996-06-04,F,ethan.sharma1818@example.com,07700900208,SW1A 4EG,9990090068,Chinese,2023-01-13,Withdrawn,0
1819,AN0001819,Daniel,Wright,1999-07-18,F,,(0161) 496 5647,CF10 6HB,9994633244,Mixed White and Asian,2024-03-12,Active,1
1820,AN0001820,Yusuf,Abara,1999-11-06,F,yusuf.abara1820@example.com,+44 7700 900520,B15 6BJ,9993518514,Other,2021-12-04,Active,1
1821,AN0001821,Zainab,Murray,1998-07-21,F,zainab.murray1821@example.com,+44 7700 900521,SW1A 1EE,9995229641,Black African,2022-05-08,Withdrawn,0
1822,AN0001822,Liam,Okafor,2002-01-28,M,liam.okafor1822@example.com,+44 7700 900849,EH1 6GJ,9995372371,Mixed White and Asian,2022-04-28,Active,0
1823,AN0001823,George,Byrne,1998-08-09,F,,+44 7700 900289,BS1 8AB,9997229827,Indian,2019-03-12,Active,0
1824,AN0001824,Zainab,Kaur,2004-01-25,M,zainab.kaur1824@example.com,07700900270,bs16ab,9994962841,White British,2024-06-28,Active,1
1825,AN0001825,Leila,Kaur,1996-01-16,M,leila.kaur1825@example.com,07700900658,l19ef,9998244668,Mixed White and Asian,2023-06-27,Active,1
1826,AN0001826,Ruth,Rossi,1994-07-01,F,ruth.rossi1826@example.com,+44 7700 900518,NE1 3GA,9995925621,Other,2018-06-28,Deferred,0
1827,AN0001827,Callum,Robertson,2002-01-22,M,callum.robertson1827@example.com,+44 7700 900852,ls18ef,9996892700,Black African,2022-05-05,Active,0
1828,AN0001828,Tom,Bianchi,1995-03-20,F,tom.bianchi1828@example.com,07700900996,CF10 7HB,9991496181,White Irish,2023-07-15,Active,1
1829,AN0001829,Amara,Wright,1997-06-10,F,amara.wright1829@example.com,(0161) 496 3775,eh15fa,9999518699,Black Other,2022-02-26,Active,0
1830,AN0001830,Fatima,Novak,1997-04-22,M,fatima.novak1830@example.com,07700900340,M1 9EA,9991237798,Asian Other,2019-05-12,Withdrawn,0
1831,AN0001831,Liam,Bianchi,2003-05-05,M,liam.bianchi1831@example.com,+44 7700 900320,M1 9GD,9992391529,Chinese,2023-07-21,Active,0
1832,AN0001832,Fatima,Doyle,1992-02-21,M,fatima.doyle1832@example.com,+44 7700 900104,BS1 9DB,9990231893,Mixed Other,2020-06-05,Active,0
1833,AN0001833,Priya,Doyle,1996-10-13,M,priya.doyle1833@example.com,(0161) 496 5012,M1 8JG,9999000193,White Other,2017-04-05,Active,1
1834,AN0001834,Yusuf,Cohen,1997-12-25,F,yusuf.cohen1834@example.com,07700900363,B15 9JB,9991547460,Indian,2018-05-20,Active,1
1835,AN0001835,Noah,Sharma,1994-04-08,F,noah.sharma1835@example.com,+44 7700 900594,LS1 9DA,9990093806,Chinese,2024-01-09,Active,0
1836,AN0001836,Amara,Doyle,1998-02-25,F,amara.doyle1836@example.com,07700900112,SW1A 6ED,9991832521,Arab,2018-04-19,Active,0
1837,AN0001837,Zainab,Chen,2005-02-18,M,zainab.chen1837@example.com,+44 7700 900201,CF10 8GF,9993267015,White Other,2023-05-09,Active,1
1838,AN0001838,Ethan,Thompson,1992-08-16,F,ethan.thompson1838@example.com,07700900712,SW1A 3GB,9998642671,Asian Other,2017-04-07,Deferred,0
1839,AN0001839,Amara,Nwosu,1988-09-02,F,amara.nwosu1839@example.com,+44 7700 900802,G1 4AF,9990531986,Black African,2016-06-16,Deferred,0
1840,AN0001840,Priya,Novak,2001-03-23,F,priya.novak1840@example.com,07700900102,NE1 5GD,9996770370,Black African,2019-11-04,Active,1
1841,AN0001841,Grace,Patel,2002-06-22,M,grace.patel1841@example.com,(0161) 496 8364,CF10 5FA,9997328299,White British,2016-07-21,Active,0
1842,AN0001842,Wei,Okafor,2000-12-06,M,wei.okafor1842@example.com,+44 7700 900297,EH1 1HE,9998019907,Mixed White and Black Caribbean,2020-01-18,Active,0
1843,AN0001843,Isla,Sharma,1997-06-04,M,isla.sharma1843@example.com,07700900753,EH1 8BB,9992407905,Black Caribbean,2020-07-01,Withdrawn,1
1844,AN0001844,Sofia,Novak,1995-02-25,M,sofia.novak1844@example.com,07700900227,M1 5GH,9996776190,Black Other,2016-11-24,Active,1
1845,AN0001845,Hassan,Robertson,2006-02-24,F,,+44 7700 900256,M1 8HF,9997702239,White British,2024-04-10,Active,1
1846,AN0001846,Fatima,Mackenzie,1994-11-09,F,fatima.mackenzie1846@example.com,+44 7700 900239,g14da,9995928485,Other,2021-01-25,Deferred,0
1847,AN0001847,Zainab,Murray,1996-05-26,F,zainab.murray1847@example.com,(0161) 496 4115,B15 6JA,9994093983,Mixed White and Asian,2021-08-18,Withdrawn,1
1848,AN0001848,Tom,Murray,1996-05-20,F,tom.murray1848@example.com,+44 7700 900392,EH1 3JE,9993565237,White Other,2022-10-19,Suspended,1
1849,AN0001849,Leila,Grant,2000-05-03,F,leila.grant1849@example.com,+44 7700 900987,B15 4FA,9992016639,Asian Other,2020-07-17,Active,0
1850,AN0001850,Sarah,Adeyemi,2003-08-19,F,sarah.adeyemi1850@example.com,+44 7700 900300,EH1 6DH,9992886234,Chinese,2023-10-01,Active,1
1851,AN0001851,Priya,Mackenzie,1996-08-06,F,priya.mackenzie1851@example.com,07700900220,EH1 4FF,9991117547,Black African,2019-02-04,Active,1
1852,AN0001852,Meera,Kaur,1999-02-20,F,meera.kaur1852@example.com,+44 7700 900740,EH1 7EB,9991291164,Black African,2019-03-29,Deferred,1
1853,AN0001853,Noah,Bello,1995-06-02,F,noah.bello1853@example.com,+44 7700 900710,NE1 8DF,9993539988,Other,2017-12-12,Active,0
1854,AN0001854,Zainab,Ali,1997-05-20,F,zainab.ali1854@example.com,(0161) 496 5277,G1 2EF,9999230571,Bangladeshi,2016-01-09,Active,1
1855,AN0001855,Omar,Whitfield,1998-02-28,M,omar.whitfield1855@example.com,+44 7700 900514,EH1 4JH,9994301462,White British,2016-11-08,Active,1
1856,AN0001856,Omar,Khan,1998-06-23,M,omar.khan1856@example.com,+44 7700 900985,BS1 7EJ,9999065066,White Other,2022-08-15,Deferred,1
1857,AN0001857,Oliver,Byrne,1992-12-05,M,oliver.byrne1857@example.com,+44 7700 900268,G1 1DE,9990040273,Bangladeshi,2019-12-04,Suspended,1
1858,AN0001858,Idris,Abara,2000-07-23,M,idris.abara1858@example.com,(0161) 496 1984,ne17bf,9997966996,Arab,2021-09-25,Suspended,1
1859,AN0001859,Amara,Sharma,2002-02-16,F,amara.sharma1859@example.com,+44 7700 900958,EH1 3FH,9997372387,Mixed Other,2016-09-09,Active,1
1860,AN0001860,Hassan,Iqbal,1991-06-20,F,hassan.iqbal1860@example.com,+44 7700 900431,l17ej,9999829309,Black Other,2017-11-25,Active,1
1861,AN0001861,Meera,Osman,1992-07-12,M,meera.osman1861@example.com,+44 7700 900544,SW1A 8FB,9999394817,Black Other,2021-04-05,Active,1
1862,AN0001862,Hannah,Abara,1991-07-08,M,hannah.abara1862@example.com,+44 7700 900927,cf101dg,9996966097,Mixed Other,2018-07-30,Active,1
1863,AN0001863,Isla,Novak,1997-03-28,F,isla.novak1863@example.com,+44 7700 900183,LS1 2AB,9992622644,Black Caribbean,2021-03-31,Active,0
1864,AN0001864,Erin,Fenton,1994-12-30,F,erin.fenton1864@example.com,+44 7700 900457,BS1 4GH,9995243776,Black Other,2017-06-19,Active,1
1865,AN0001865,Omar,Lawson,1992-03-10,F,omar.lawson1865@example.com,+44 7700 900328,L1 5GD,9992258462,Arab,2020-09-05,Deferred,0
1866,AN0001866,Liam,Novak,1998-04-17,M,liam.novak1866@example.com,(0161) 496 3869,BS1 5HG,9993967491,White Irish,2021-07-07,Active,0
1867,AN0001867,Hannah,Ali,1996-12-29,F,hannah.ali1867@example.com,+44 7700 900100,SW1A 9FB,9991242694,Black Other,2023-06-15,Active,1
1868,AN0001868,Fatima,Doyle,1997-04-30,M,,07700900306,BS1 8HE,9999461425,Mixed Other,2023-10-16,Withdrawn,0
1869,AN0001869,James,Adeyemi,1990-03-09,M,james.adeyemi1869@example.com,+44 7700 900909,B15 4FH,9998978734,Arab,2016-08-31,Active,0
1870,AN0001870,Noah,Robertson,1992-09-01,M,,07700900142,EH1 2BJ,9996033309,Mixed White and Black Caribbean,2019-12-01,Active,1
1871,AN0001871,Liam,Wright,2000-12-14,F,liam.wright1871@example.com,07700900985,cf101da,9990210934,Mixed Other,2023-04-16,Active,1
1872,AN0001872,Meera,Grant,1999-02-28,M,meera.grant1872@example.com,(0161) 496 6604,L1 7FG,9995903482,Indian,2024-10-12,Suspended,1
1873,AN0001873,Idris,Abara,2001-07-14,F,idris.abara1873@example.com,07700900839,M1 2AD,9993955337,White Irish,2023-10-21,Suspended,0
1874,AN0001874,Tom,Murray,1997-09-10,M,tom.murray1874@example.com,+44 7700 900863,m15gg,9990702640,White British,2018-10-18,Active,0
1875,AN0001875,Idris,Fenton,2002-03-17,F,idris.fenton1875@example.com,+44 7700 900208,G1 2FF,9997621646,Asian Other,2020-09-26,Withdrawn,1
1876,AN0001876,Leila,Chen,1991-04-16,F,leila.chen1876@example.com,+44 7700 900278,BS1 5AH,9997252020,Asian Other,2021-01-30,Withdrawn,1
1877,AN0001877,Ethan,Bello,1992-09-05,M,ethan.bello1877@example.com,+44 7700 900659,LS1 9FB,9999495168,Black Other,2018-04-24,Suspended,0
1878,AN0001878,Omar,Murray,1996-06-25,F,omar.murray1878@example.com,(0161) 496 7448,eh15hf,9992390042,White Other,2023-11-08,Active,0
1879,AN0001879,Isla,Abara,1988-01-12,F,isla.abara1879@example.com,+44 7700 900474,g15ja,9998977959,White Irish,2017-10-01,Active,1
1880,AN0001880,Callum,Grant,1987-03-10,F,callum.grant1880@example.com,+44 7700 900876,G1 1DA,9994177079,Asian Other,2016-06-27,Active,1
1881,AN0001881,Priya,Novak,1999-03-20,M,priya.novak1881@example.com,+44 7700 900405,SW1A 8DB,9994575279,Mixed White and Black Caribbean,2018-10-13,Active,0
1882,AN0001882,Ruth,Wright,1995-09-18,M,ruth.wright1882@example.com,07700900872,CF10 8GB,9990668817,Mixed White and Black Caribbean,2023-12-24,Active,1
1883,AN0001883,Sarah,Murray,1996-01-29,F,sarah.murray1883@example.com,+44 7700 900531,CF10 9FA,9996364607,Black Other,2019-08-24,Suspended,1
1884,AN0001884,Daniel,Thompson,1999-08-27,M,daniel.thompson1884@example.com,+44 7700 900701,G1 7ED,9995182564,Mixed White and Asian,2023-10-20,Active,0
1885,AN0001885,Liam,Chen,1993-08-10,F,liam.chen1885@example.com,(0161) 496 6110,NE1 7JF,9999896316,Mixed Other,2023-03-11,Active,0
1886,AN0001886,Zainab,Nwosu,1993-06-29,F,zainab.nwosu1886@example.com,07700900498,BS1 3DG,9991642307,Indian,2021-07-19,Active,1
1887,AN0001887,Isla,Robertson,1993-07-30,M,isla.robertson1887@example.com,+44 7700 900308,M1 2HE,9990855366,White British,2022-07-29,Active,0
1888,AN0001888,Amara,Whitfield,1991-11-20,F,amara.whitfield1888@example.com,+44 7700 900311,G1 8JG,9994298410,White British,2016-02-19,Deferred,1
1889,AN0001889,Erin,Okafor,2005-08-31,M,erin.okafor1889@example.com,+44 7700 900118,b153fd,9994635239,Black Other,2023-12-17,Deferred,1
1890,AN0001890,Liam,Thompson,1996-01-18,M,liam.thompson1890@example.com,(0161) 496 9848,SW1A 7GH,9991853111,Indian,2022-03-30,Withdrawn,0
1891,AN0001891,Ethan,Bianchi,1991-03-20,M,ethan.bianchi1891@example.com,(0161) 496 4425,CF10 7HH,9999472818,Asian Other,2016-11-17,Active,1
1892,AN0001892,Yusuf,Cohen,1996-02-22,F,yusuf.cohen1892@example.com,+44 7700 900305,L1 1DF,9990375356,Chinese,2022-07-09,Withdrawn,0
1893,AN0001893,Leila,Whitfield,1988-05-29,F,leila.whitfield1893@example.com,+44 7700 900805,L1 6HJ,9999503055,Mixed White and Asian,2017-09-28,Suspended,1
1894,AN0001894,Sofia,Sharma,2001-12-13,F,sofia.sharma1894@example.com,+44 7700 900390,BS1 5BG,9999838820,White British,2021-02-11,Withdrawn,0
1895,AN0001895,Daniel,Thompson,1991-06-18,F,daniel.thompson1895@example.com,+44 7700 900374,bs12eh,9996576523,Bangladeshi,2019-02-06,Active,1
1896,AN0001896,Sarah,Doyle,1993-12-03,F,sarah.doyle1896@example.com,07700900677,SW1A 3FF,9996613887,Mixed Other,2022-05-13,Active,1
1897,AN0001897,James,Bianchi,2005-06-15,M,james.bianchi1897@example.com,07700900708,G1 7JE,9993959367,White British,2024-04-05,Active,1
1898,AN0001898,Liam,Chen,1998-02-12,F,liam.chen1898@example.com,+44 7700 900675,g14ha,9997807200,Pakistani,2023-02-22,Active,0
1899,AN0001899,Kai,Kaur,2002-03-24,M,kai.kaur1899@example.com,(0161) 496 3587,SW1A 7HJ,9993720372,Asian Other,2023-12-26,Active,1
1900,AN0001900,Ethan,Ali,1996-08-19,F,ethan.ali1900@example.com,+44 7700 900755,m11gh,9995743965,Other,2020-03-17,Active,0
1901,AN0001901,Daniel,Adeyemi,1995-02-12,M,daniel.adeyemi1901@example.com,+44 7700 900357,BS1 1GF,9998873053,Mixed Other,2020-05-20,Suspended,0
1902,AN0001902,Priya,Abara,1994-07-09,M,priya.abara1902@example.com,+44 7700 900703,LS1 7HD,9997800958,White Irish,2017-10-20,Active,0
1903,AN0001903,Yusuf,Byrne,2002-03-20,M,yusuf.byrne1903@example.com,(0161) 496 8648,SW1A 1AB,9990073880,Black Other,2024-09-28,Active,1
1904,AN0001904,Oliver,Reid,1995-03-13,F,oliver.reid1904@example.com,07700900389,B15 7EA,9994131982,Black Other,2024-07-02,Suspended,1
1905,AN0001905,Meera,Byrne,2000-09-06,M,meera.byrne1905@example.com,+44 7700 900113,g15df,9992511192,White Irish,2021-11-14,Active,1
1906,AN0001906,Grace,Mackenzie,2005-08-03,F,grace.mackenzie1906@example.com,+44 7700 900691,EH1 2DG,9999990320,Asian Other,2024-05-21,Suspended,1
1907,AN0001907,Leila,Haddad,1996-08-29,M,leila.haddad1907@example.com,(0161) 496 7344,LS1 9GB,9994039970,Chinese,2021-04-01,Suspended,1
1908,AN0001908,Isla,Mackenzie,1994-04-01,M,isla.mackenzie1908@example.com,07700900622,b157ed,9999397026,Mixed White and Asian,2023-07-03,Deferred,1
1909,AN0001909,Fatima,Wright,1999-03-22,M,fatima.wright1909@example.com,+44 7700 900416,NE1 2GB,9991178600,Black Other,2017-11-14,Active,1
1910,AN0001910,Callum,Doyle,1995-12-27,M,callum.doyle1910@example.com,(0161) 496 3208,SW1A 4AD,9997574052,Bangladeshi,2021-01-26,Active,0
1911,AN0001911,Tom,Haddad,1991-07-19,F,tom.haddad1911@example.com,07700900213,bs13fj,9992655712,Chinese,2016-02-23,Active,1
1912,AN0001912,Hassan,Doyle,1995-04-19,F,hassan.doyle1912@example.com,+44 7700 900862,EH1 6EJ,9992574488,Pakistani,2020-08-23,Deferred,1
1913,AN0001913,Wei,Khan,1991-12-01,M,wei.khan1913@example.com,07700900935,NE1 6BB,9995157640,Mixed Other,2020-09-13,Active,0
1914,AN0001914,Noah,Iqbal,1988-02-11,M,noah.iqbal1914@example.com,(0161) 496 9922,B15 9EB,9997586034,Black Caribbean,2016-09-03,Withdrawn,1
1915,AN0001915,Callum,Whitfield,2002-06-10,M,callum.whitfield1915@example.com,+44 7700 900738,G1 3FG,9995155788,Pakistani,2023-09-19,Active,0
1916,AN0001916,Sofia,Rossi,1987-10-26,M,sofia.rossi1916@example.com,(0161) 496 3381,l12hb,9996286975,Black African,2016-01-31,Active,1
1917,AN0001917,Omar,Fenton,1996-05-15,M,omar.fenton1917@example.com,+44 7700 900669,g15jj,9992681934,Indian,2018-01-06,Deferred,0
1918,AN0001918,Amara,Khan,2000-04-19,M,amara.khan1918@example.com,(0161) 496 4652,LS1 9AH,9993941859,Black African,2022-05-31,Active,1
1919,AN0001919,George,Byrne,1994-10-31,F,george.byrne1919@example.com,07700900642,B15 2FA,9992826738,Black Other,2022-01-17,Withdrawn,1
1920,AN0001920,Yusuf,Bello,1993-06-28,F,yusuf.bello1920@example.com,+44 7700 900202,CF10 9HD,9992508620,Mixed Other,2016-02-07,Suspended,1
1921,AN0001921,Callum,Mackenzie,2008-06-14,F,callum.mackenzie1921@example.com,+44 7700 900801,NE1 9DE,9992587288,Black Caribbean,2023-01-04,Active,1
1922,AN0001922,Kai,Lawson,2001-11-29,M,kai.lawson1922@example.com,+44 7700 900307,B15 1FH,9997262808,Asian Other,2023-06-14,Active,1
1923,AN0001923,Isla,Bello,1990-03-03,F,isla.bello1923@example.com,+44 7700 900182,M1 7EF,9993031011,Mixed White and Asian,2016-07-20,Active,0
1924,AN0001924,Chloe,Robertson,2000-08-25,F,,+44 7700 900425,EH1 2FA,9995796228,Mixed White and Black Caribbean,2020-11-02,Active,0
1925,AN0001925,Noah,Okafor,1999-01-04,F,noah.okafor1925@example.com,+44 7700 900491,CF10 1AD,9990469016,Arab,2021-09-25,Active,1
1926,AN0001926,Tom,Wright,1995-12-24,F,tom.wright1926@example.com,(0161) 496 3197,EH1 5BA,9997884574,Asian Other,2023-02-10,Deferred,0
1927,AN0001927,Kai,Byrne,1997-10-06,M,kai.byrne1927@example.com,(0161) 496 5486,LS1 4EG,9994071106,Arab,2020-10-29,Deferred,0
1928,AN0001928,Grace,Wright,2001-12-23,M,grace.wright1928@example.com,07700900126,G1 1HH,9994853333,Indian,2020-03-15,Active,0
1929,AN0001929,George,Grant,1998-12-17,F,,07700900167,ls19df,9999220282,White Other,2022-06-12,Active,0
1930,AN0001930,Priya,Wright,1994-02-05,M,priya.wright1930@example.com,+44 7700 900551,CF10 9AB,9992696257,White Irish,2022-07-30,Deferred,1
1931,AN0001931,Chloe,Sharma,1992-01-19,M,chloe.sharma1931@example.com,+44 7700 900714,M1 4FE,9992502746,Mixed White and Asian,2021-05-08,Deferred,0
1932,AN0001932,Idris,Ali,2000-08-06,F,idris.ali1932@example.com,+44 7700 900876,B15 8HG,9999994288,Mixed White and Black Caribbean,2022-04-17,Withdrawn,0
1933,AN0001933,Tom,Ali,1989-09-25,F,tom.ali1933@example.com,(0161) 496 5710,NE1 7ED,9994871595,White British,2016-04-17,Deferred,1
1934,AN0001934,Sarah,Rossi,1995-10-07,F,sarah.rossi1934@example.com,+44 7700 900160,BS1 1JF,9997939115,Other,2017-05-28,Active,1
1935,AN0001935,George,Abara,2005-12-23,M,george.abara1935@example.com,07700900465,CF10 9FH,9997374495,Mixed White and Asian,2024-01-04,Active,1
1936,AN0001936,James,Grant,1995-12-23,F,james.grant1936@example.com,07700900885,EH1 8FB,9998938252,Pakistani,2017-07-07,Deferred,1
1937,AN0001937,James,Mackenzie,1991-02-03,F,james.mackenzie1937@example.com,+44 7700 900118,LS1 7GJ,9995266849,White Irish,2018-06-03,Active,0
1938,AN0001938,Nadia,Whitfield,1994-10-09,M,nadia.whitfield1938@example.com,+44 7700 900253,EH1 9BE,9997642988,Asian Other,2020-06-27,Deferred,0
1939,AN0001939,James,Whitfield,1999-09-04,F,james.whitfield1939@example.com,+44 7700 900814,CF10 1GE,9998734010,White Other,2022-12-31,Active,1
1940,AN0001940,Hannah,Khan,1993-12-20,F,hannah.khan1940@example.com,07700900306,l18af,9999096786,White Other,2019-06-01,Suspended,1
1941,AN0001941,Zainab,Doyle,2000-06-03,F,zainab.doyle1941@example.com,(0161) 496 4817,bs17ba,9994057367,Indian,2024-11-17,Active,0
1942,AN0001942,Isla,Fenton,1987-07-20,F,isla.fenton1942@example.com,+44 7700 900754,EH1 4AJ,9992188774,White Other,2017-03-24,Withdrawn,1
1943,AN0001943,Kai,Osman,2003-01-24,F,kai.osman1943@example.com,07700900285,b157ef,9998671264,Black Other,2022-08-06,Deferred,1
1944,AN0001944,Ruth,Nwosu,2002-05-24,M,ruth.nwosu1944@example.com,(0161) 496 2927,LS1 8GD,9994158554,Chinese,2022-02-27,Active,0
1945,AN0001945,Priya,Murray,2002-08-17,F,priya.murray1945@example.com,(0161) 496 4329,M1 9GG,9997071697,Black African,2024-11-29,Active,0
1946,AN0001946,George,Khan,2001-06-06,M,george.khan1946@example.com,07700900378,SW1A 8GH,9993106402,Arab,2019-06-05,Deferred,1
1947,AN0001947,Amara,Osman,1994-05-26,M,amara.osman1947@example.com,07700900615,G1 5DJ,9994497995,Pakistani,2020-08-10,Deferred,1
1948,AN0001948,Sarah,Fenton,1995-07-18,M,sarah.fenton1948@example.com,(0161) 496 7682,G1 5JG,9995392593,White Irish,2023-03-14,Deferred,1
1949,AN0001949,Ruth,Fenton,1996-05-27,F,ruth.fenton1949@example.com,+44 7700 900510,SW1A 2JF,9990402566,White Irish,2021-07-22,Active,1
1950,AN0001950,Sarah,Whitfield,1992-07-28,F,sarah.whitfield1950@example.com,+44 7700 900251,L1 1JB,9997971760,Chinese,2017-02-11,Withdrawn,1
1951,AN0001951,James,Haddad,2002-09-12,F,james.haddad1951@example.com,+44 7700 900837,BS1 1FE,9991767622,Bangladeshi,2024-12-07,Deferred,1
1952,AN0001952,Priya,Chen,2000-11-08,M,priya.chen1952@example.com,(0161) 496 7492,B15 2GF,9994725602,Black Caribbean,2024-04-11,Active,1
1953,AN0001953,Erin,Wright,1989-09-21,M,erin.wright1953@example.com,+44 7700 900121,CF10 2GG,9992613408,Other,2017-10-07,Active,0
1954,AN0001954,Yusuf,Chen,1989-09-03,F,yusuf.chen1954@example.com,+44 7700 900545,CF10 6FA,9994353284,Mixed Other,2017-09-25,Active,1
1955,AN0001955,Sofia,Novak,1992-05-16,M,sofia.novak1955@example.com,+44 7700 900631,SW1A 6JE,9993678864,Black Caribbean,2016-02-19,Active,1
1956,AN0001956,Hannah,Iqbal,1993-05-10,F,hannah.iqbal1956@example.com,+44 7700 900551,SW1A 6GJ,9992950862,Other,2017-06-30,Deferred,1
1957,AN0001957,Isla,Byrne,1995-12-14,F,isla.byrne1957@example.com,07700900425,NE1 7DH,9996006255,Mixed White and Black Caribbean,2017-06-02,Active,1
1958,AN0001958,Liam,Patel,1997-05-14,F,liam.patel1958@example.com,+44 7700 900699,B15 8FG,9992734450,White British,2024-12-22,Withdrawn,0
1959,AN0001959,Grace,Patel,1991-07-17,M,grace.patel1959@example.com,+44 7700 900375,cf102hf,9991526536,Pakistani,2020-09-29,Deferred,0
1960,AN0001960,Wei,Abara,2000-12-14,M,wei.abara1960@example.com,07700900622,M1 1BF,9991297197,Black African,2023-07-28,Active,1
1961,AN0001961,Fatima,Grant,2001-11-06,M,fatima.grant1961@example.com,(0161) 496 7583,NE1 2JE,9990805881,White British,2024-08-11,Active,0
1962,AN0001962,Sofia,Thompson,2000-09-28,M,sofia.thompson1962@example.com,+44 7700 900959,sw1a6ab,9990563586,Mixed Other,2019-01-01,Deferred,0
1963,AN0001963,Noah,Nwosu,1996-02-06,M,noah.nwosu1963@example.com,+44 7700 900524,BS1 5HA,9991246762,Black African,2017-03-08,Active,0
1964,AN0001964,Wei,Murray,1994-03-21,M,wei.murray1964@example.com,+44 7700 900262,SW1A 8FF,9995912600,Pakistani,2023-09-08,Active,0
1965,AN0001965,Fatima,Byrne,2001-07-11,F,fatima.byrne1965@example.com,+44 7700 900803,G1 8BH,9997813049,Mixed White and Black Caribbean,2024-02-13,Deferred,0
1966,AN0001966,Isla,Ali,1994-01-31,F,isla.ali1966@example.com,07700900507,EH1 6AH,9999532233,White British,2021-08-15,Active,0
1967,AN0001967,George,Lawson,1997-06-27,F,george.lawson1967@example.com,+44 7700 900290,CF10 2EG,9995745860,Indian,2024-02-27,Suspended,0
1968,AN0001968,Ruth,Cohen,1999-11-09,M,ruth.cohen1968@example.com,+44 7700 900137,ne14gf,9994278851,Indian,2021-08-26,Suspended,0
1969,AN0001969,James,Haddad,1998-05-10,F,james.haddad1969@example.com,07700900282,G1 7DJ,9992236833,White Other,2022-11-11,Deferred,0
1970,AN0001970,Meera,Cohen,1996-06-05,M,meera.cohen1970@example.com,07700900721,G1 6JA,9992801778,White Other,2018-08-02,Withdrawn,0
1971,AN0001971,Nadia,Chen,1999-10-31,M,nadia.chen1971@example.com,+44 7700 900495,BS1 5FJ,9995341433,White Other,2022-04-29,Active,0
1972,AN0001972,Amara,Ali,1995-02-05,F,amara.ali1972@example.com,(0161) 496 7995,l11hh,9994772015,White Other,2024-04-02,Withdrawn,0
1973,AN0001973,Isla,Okafor,2000-06-25,F,isla.okafor1973@example.com,+44 7700 900579,ne13ha,9993342254,Chinese,2022-03-08,Suspended,0
1974,AN0001974,Grace,Chen,1995-05-03,F,grace.chen1974@example.com,(0161) 496 9069,L1 8DJ,9998852110,Black Caribbean,2017-07-02,Suspended,1
1975,AN0001975,Nadia,Sharma,2004-02-02,M,nadia.sharma1975@example.com,07700900696,CF10 9JF,9990475989,Asian Other,2018-07-19,Active,1
1976,AN0001976,Oliver,Bianchi,2002-10-18,M,oliver.bianchi1976@example.com,07700900281,ne16ed,9990254613,Mixed Other,2021-04-28,Withdrawn,1
1977,AN0001977,Hassan,Mackenzie,1991-01-04,F,hassan.mackenzie1977@example.com,07700900912,m19he,9991395946,Black Other,2020-08-12,Deferred,0
1978,AN0001978,Ruth,Byrne,1987-07-10,F,,07700900277,b156ab,9997377966,Pakistani,2017-04-15,Active,0
1979,AN0001979,Ethan,Reid,1997-04-02,F,ethan.reid1979@example.com,+44 7700 900676,bs18jb,9998220084,Indian,2024-10-07,Active,0
1980,AN0001980,Sarah,Khan,1998-03-03,F,sarah.khan1980@example.com,07700900710,SW1A 7DG,9997595149,White Irish,2018-11-12,Suspended,1
1981,AN0001981,Oliver,Thompson,1994-02-02,M,oliver.thompson1981@example.com,+44 7700 900371,G1 9JD,9992749660,Mixed White and Black Caribbean,2023-02-03,Withdrawn,0
1982,AN0001982,Grace,Mackenzie,2000-09-27,F,grace.mackenzie1982@example.com,+44 7700 900227,BS1 8DG,9993433535,Mixed Other,2021-10-15,Active,1
1983,AN0001983,Leila,Grant,1997-12-10,F,leila.grant1983@example.com,+44 7700 900839,LS1 7GJ,9993104973,White Other,2023-08-16,Active,0
1984,AN0001984,Meera,Reid,2002-02-09,M,meera.reid1984@example.com,(0161) 496 7765,M1 1JF,9996697479,Pakistani,2021-05-09,Deferred,0
1985,AN0001985,Oliver,Thompson,2004-01-09,M,oliver.thompson1985@example.com,+44 7700 900533,NE1 4AE,9993695254,Black Other,2024-06-01,Suspended,1
1986,AN0001986,Omar,Khan,1994-12-26,F,omar.khan1986@example.com,07700900585,NE1 2AJ,9993947644,Mixed Other,2020-04-04,Withdrawn,0
1987,AN0001987,Amara,Novak,2000-11-22,M,amara.novak1987@example.com,07700900786,B15 2HD,9999095194,Black Other,2020-03-31,Active,1
1988,AN0001988,Tom,Okafor,1988-02-27,M,tom.okafor1988@example.com,+44 7700 900828,M1 1GB,9990787042,Indian,2016-09-09,Active,0
1989,AN0001989,Omar,Kaur,1998-06-05,M,omar.kaur1989@example.com,07700900473,LS1 8DG,9995548992,White Irish,2020-01-30,Active,0
1990,AN0001990,Amara,Murray,1995-01-26,M,amara.murray1990@example.com,+44 7700 900820,NE1 3JA,9992933135,Pakistani,2022-08-04,Active,0
1991,AN0001991,Meera,Doyle,1994-12-03,M,,+44 7700 900544,NE1 9FB,9997129180,Black African,2018-12-08,Active,1
1992,AN0001992,Liam,Khan,1999-01-21,M,liam.khan1992@example.com,+44 7700 900782,G1 6DD,9995528584,Other,2022-08-15,Withdrawn,0
1993,AN0001993,Yusuf,Lawson,1999-11-28,M,yusuf.lawson1993@example.com,07700900660,LS1 4EG,9998789710,Mixed White and Black Caribbean,2020-11-25,Withdrawn,0
1994,AN0001994,Zainab,Fenton,1994-02-26,F,zainab.fenton1994@example.com,+44 7700 900260,CF10 9FJ,9994550721,Asian Other,2022-09-17,Active,0
1995,AN0001995,Kai,Thompson,1999-02-13,M,kai.thompson1995@example.com,(0161) 496 8867,g17fg,9995810581,White British,2022-03-05,Active,0
1996,AN0001996,Sofia,Lawson,1996-08-15,F,sofia.lawson1996@example.com,07700900923,EH1 5JH,9993646539,Asian Other,2023-03-13,Active,1
1997,AN0001997,Hannah,Grant,1998-03-05,F,hannah.grant1997@example.com,(0161) 496 4254,L1 3DH,9992819154,White British,2020-12-18,Active,0
1998,AN0001998,Meera,Mackenzie,1991-08-20,M,meera.mackenzie1998@example.com,+44 7700 900420,sw1a6db,9990504725,Mixed Other,2018-04-26,Active,1
1999,AN0001999,Yusuf,Reid,1995-08-12,M,yusuf.reid1999@example.com,07700900376,G1 8JE,9996609855,Indian,2023-03-12,Suspended,0
2000,AN0002000,Oliver,Bianchi,1994-01-12,F,oliver.bianchi2000@example.com,+44 7700 900309,BS1 8GJ,9998955718,Asian Other,2019-05-05,Active,1
2001,AN0002001,George,Adeyemi,1995-05-12,M,george.adeyemi2001@example.com,(0161) 496 4983,BS1 6DG,9992123842,Arab,2024-11-20,Active,1
2002,AN0002002,Callum,Lawson,1989-09-19,F,callum.lawson2002@example.com,+44 7700 900604,bs19ed,9999000592,White British,2016-10-24,Active,1
2003,AN0002003,Zainab,Khan,1991-12-19,F,,+44 7700 900473,EH1 1GB,9994424629,Other,2017-04-09,Active,0
2004,AN0002004,Tom,Bello,1997-07-24,F,tom.bello2004@example.com,+44 7700 900307,G1 4GJ,9999809626,Bangladeshi,2018-08-17,Withdrawn,0
2005,AN0002005,Grace,Robertson,1989-05-01,F,grace.robertson2005@example.com,07700900433,L1 9DJ,9997630971,Arab,2016-01-01,Active,0
2006,AN0002006,Yusuf,Haddad,1996-04-17,F,yusuf.haddad2006@example.com,07700900610,ne16ga,9990445079,Pakistani,2020-04-25,Suspended,1
2007,AN0002007,Amara,Bello,1995-02-28,M,amara.bello2007@example.com,+44 7700 900552,BS1 4DD,9992782544,Mixed White and Asian,2024-03-06,Active,0
2008,AN0002008,Daniel,Bello,1991-04-27,F,daniel.bello2008@example.com,+44 7700 900223,M1 8JG,9998724589,White Other,2019-05-31,Withdrawn,1
2009,AN0002009,Leila,Sharma,1992-12-27,F,leila.sharma2009@example.com,+44 7700 900437,G1 4AG,9996597261,Chinese,2021-09-03,Deferred,1
2010,AN0002010,Priya,Bianchi,1992-01-26,F,priya.bianchi2010@example.com,+44 7700 900294,SW1A 7HJ,9993870277,Black Other,2021-01-31,Active,1
2011,AN0002011,Hassan,Lawson,2002-02-05,F,hassan.lawson2011@example.com,(0161) 496 3795,EH1 2EJ,9993063908,Mixed White and Black Caribbean,2022-03-30,Suspended,0
2012,AN0002012,Priya,Haddad,1999-08-01,M,priya.haddad2012@example.com,(0161) 496 7964,NE1 2HJ,9998665604,Mixed White and Asian,2022-04-09,Active,1
2013,AN0002013,Zainab,Reid,1992-06-10,F,zainab.reid2013@example.com,07700900852,G1 5BA,9997725042,White Irish,2019-12-04,Active,1
2014,AN0002014,Ruth,Doyle,1995-04-12,M,ruth.doyle2014@example.com,+44 7700 900653,G1 6JD,9997845722,White Irish,2025-01-02,Suspended,0
2015,AN0002015,Wei,Mackenzie,1998-11-21,M,wei.mackenzie2015@example.com,+44 7700 900908,L1 5EB,9990816115,Black Other,2017-04-12,Withdrawn,1
2016,AN0002016,Noah,Robertson,2001-08-01,F,noah.robertson2016@example.com,+44 7700 900382,L1 6AA,9994584081,Pakistani,2020-11-23,Active,1
2017,AN0002017,James,Robertson,1995-05-13,F,james.robertson2017@example.com,+44 7700 900908,eh14gh,9998036380,Chinese,2022-05-26,Active,1
2018,AN0002018,Meera,Chen,1995-05-09,F,meera.chen2018@example.com,07700900861,M1 8AE,9991424490,Mixed Other,2017-11-05,Active,0
2019,AN0002019,Leila,Bello,1998-05-11,F,leila.bello2019@example.com,+44 7700 900705,NE1 1FH,9992514094,Mixed White and Asian,2016-05-24,Active,1
2020,AN0002020,Priya,Osman,1995-11-20,M,priya.osman2020@example.com,+44 7700 900944,SW1A 9BH,9998813034,Black Caribbean,2022-07-01,Active,0
2021,AN0002021,Leila,Nwosu,2002-08-30,M,leila.nwosu2021@example.com,+44 7700 900358,G1 5HH,9995731258,Asian Other,2022-02-28,Active,0
2022,AN0002022,Wei,Grant,1992-10-29,F,wei.grant2022@example.com,+44 7700 900888,LS1 6JF,9995080982,Arab,2020-07-06,Active,1
2023,AN0002023,Erin,Ali,2002-03-14,F,erin.ali2023@example.com,07700900196,CF10 1FD,9991447164,Black Other,2023-04-24,Active,1
2024,AN0002024,George,Bianchi,1993-12-06,F,george.bianchi2024@example.com,+44 7700 900453,ne13hf,9995419130,Arab,2017-03-05,Suspended,0
2025,AN0002025,George,Bello,1996-02-02,M,george.bello2025@example.com,+44 7700 900293,NE1 4JE,9995242761,White British,2021-09-03,Withdrawn,1
2026,AN0002026,Isla,Novak,2004-02-26,F,isla.novak2026@example.com,+44 7700 900881,eh11dh,9993534250,Mixed White and Black Caribbean,2023-07-31,Active,1
2027,AN0002027,Liam,Rossi,1997-08-15,M,liam.rossi2027@example.com,(0161) 496 4404,NE1 5BG,9990954259,Pakistani,2018-03-19,Deferred,1
2028,AN0002028,Daniel,Okafor,1995-05-19,M,daniel.okafor2028@example.com,07700900380,NE1 3AJ,9991263349,White Irish,2020-02-15,Withdrawn,0
2029,AN0002029,Leila,Bello,1992-08-24,M,leila.bello2029@example.com,07700900354,LS1 7JD,9993262773,Mixed Other,2018-05-17,Active,1
2030,AN0002030,Nadia,Lawson,1999-03-12,M,nadia.lawson2030@example.com,07700900964,eh17jj,9999294499,Chinese,2022-11-21,Deferred,0
2031,AN0002031,Tom,Haddad,1997-10-20,M,tom.haddad2031@example.com,(0161) 496 7607,CF10 9FA,9995366789,Chinese,2021-06-25,Deferred,0
2032,AN0002032,Priya,Whitfield,1992-09-08,M,priya.whitfield2032@example.com,(0161) 496 8924,L1 1GE,9993883336,Indian,2016-11-05,Withdrawn,1
2033,AN0002033,Idris,Novak,2004-06-16,M,idris.novak2033@example.com,+44 7700 900512,EH1 9AD,9998895316,Indian,2024-03-01,Active,1
2034,AN0002034,Chloe,Lawson,2001-09-18,F,chloe.lawson2034@example.com,07700900196,G1 8EF,9995910667,White British,2023-06-29,Suspended,1
2035,AN0002035,Yusuf,Nwosu,1989-02-16,F,yusuf.nwosu2035@example.com,+44 7700 900506,SW1A 3HD,9994789228,Black Other,2018-08-23,Active,0
2036,AN0002036,Yusuf,Lawson,1992-08-28,M,yusuf.lawson2036@example.com,+44 7700 900525,LS1 2AF,9995799707,Mixed White and Asian,2020-10-11,Active,0
2037,AN0002037,Priya,Osman,1997-05-18,M,priya.osman2037@example.com,(0161) 496 7924,NE1 7HG,9998368162,Bangladeshi,2022-11-10,Active,1
2038,AN0002038,Priya,Grant,1993-04-10,M,priya.grant2038@example.com,07700900564,M1 5EA,9990920052,Mixed White and Asian,2018-07-14,Active,1
2039,AN0002039,Idris,Sharma,2003-03-04,F,idris.sharma2039@example.com,+44 7700 900625,G1 8DB,9997381521,Pakistani,2021-05-29,Suspended,0
2040,AN0002040,Amara,Chen,1997-03-20,F,amara.chen2040@example.com,+44 7700 900214,eh14fj,9995431882,Mixed White and Asian,2022-06-12,Deferred,1
2041,AN0002041,Zainab,Bello,1993-04-04,M,zainab.bello2041@example.com,+44 7700 900933,BS1 3FH,9996983757,Mixed White and Black Caribbean,2019-01-03,Withdrawn,1
2042,AN0002042,Noah,Okafor,1995-05-24,M,noah.okafor2042@example.com,07700900469,SW1A 1JJ,9999903177,Pakistani,2019-02-21,Active,0
2043,AN0002043,Idris,Ali,2000-11-25,M,idris.ali2043@example.com,+44 7700 900314,B15 2GH,9996019330,Black Other,2024-08-03,Active,0
2044,AN0002044,Yusuf,Reid,2000-08-22,F,yusuf.reid2044@example.com,+44 7700 900680,B15 2HF,9996633160,Indian,2020-11-15,Active,0
2045,AN0002045,Erin,Rossi,1996-08-13,M,erin.rossi2045@example.com,+44 7700 900187,L1 2FG,9994051997,Mixed White and Black Caribbean,2017-10-01,Active,0
2046,AN0002046,Grace,Lawson,2005-12-18,F,grace.lawson2046@example.com,+44 7700 900551,B15 6DH,9995951762,Asian Other,2023-12-17,Active,0
2047,AN0002047,George,Thompson,1990-09-01,M,george.thompson2047@example.com,07700900925,NE1 7JB,9996560244,Bangladeshi,2018-09-09,Active,1
2048,AN0002048,Erin,Grant,1995-07-20,M,erin.grant2048@example.com,07700900693,SW1A 6JB,9993227994,Other,2020-12-08,Withdrawn,1
2049,AN0002049,Amara,Robertson,1993-08-23,F,amara.robertson2049@example.com,(0161) 496 9562,BS1 9BH,9998317150,Indian,2017-05-14,Active,0
2050,AN0002050,George,Nwosu,2001-12-17,M,george.nwosu2050@example.com,+44 7700 900925,NE1 5GF,9997313712,Other,2024-02-10,Deferred,1
2051,AN0002051,Liam,Osman,1987-06-14,F,liam.osman2051@example.com,07700900417,g11gj,9990340110,Other,2016-01-03,Active,0
2052,AN0002052,Oliver,Okafor,2001-01-22,M,oliver.okafor2052@example.com,+44 7700 900788,LS1 8EE,9998172039,Black Other,2020-05-03,Active,1
2053,AN0002053,Zainab,Doyle,1998-09-23,M,zainab.doyle2053@example.com,+44 7700 900165,g15dh,9997824113,Mixed Other,2020-09-24,Deferred,1
2054,AN0002054,Tom,Adeyemi,1995-04-29,F,tom.adeyemi2054@example.com,(0161) 496 2142,M1 5JG,9992306424,White Other,2024-07-19,Deferred,0
2055,AN0002055,Nadia,Reid,1999-03-09,M,nadia.reid2055@example.com,+44 7700 900926,bs16bg,9993466522,White Other,2021-09-24,Deferred,1
2056,AN0002056,Isla,Haddad,1995-08-20,M,isla.haddad2056@example.com,+44 7700 900543,EH1 6AH,9995411377,Indian,2018-11-19,Active,1
2057,AN0002057,Noah,Haddad,2003-03-13,M,noah.haddad2057@example.com,(0161) 496 9901,BS1 1JH,9995760185,Asian Other,2024-04-30,Active,1
2058,AN0002058,Sarah,Murray,2000-03-06,F,sarah.murray2058@example.com,+44 7700 900957,l14ef,9995973693,Other,2023-07-22,Active,0
2059,AN0002059,Leila,Haddad,1998-06-05,F,leila.haddad2059@example.com,(0161) 496 2253,L1 6AF,9998596890,Arab,2021-08-18,Active,0
2060,AN0002060,Omar,Bello,1999-03-29,M,,+44 7700 900906,G1 1GJ,9992818476,Pakistani,2020-01-08,Active,1
2061,AN0002061,Ethan,Sharma,1999-03-21,F,ethan.sharma2061@example.com,+44 7700 900750,M1 2GF,9996278905,White Irish,2020-06-12,Active,0
2062,AN0002062,Liam,Bianchi,1997-03-22,F,liam.bianchi2062@example.com,(0161) 496 6443,BS1 3DD,9991256776,Pakistani,2017-05-17,Active,0
2063,AN0002063,Hannah,Murray,2002-03-25,F,hannah.murray2063@example.com,(0161) 496 8027,m17dj,9994134272,Other,2023-12-11,Active,0
2064,AN0002064,Tom,Cohen,1997-12-25,F,tom.cohen2064@example.com,(0161) 496 3947,m15da,9992079371,Black African,2023-04-18,Active,1
2065,AN0002065,Noah,Wright,2001-09-18,M,noah.wright2065@example.com,+44 7700 900980,G1 3GE,9990955875,Other,2021-02-08,Suspended,0
2066,AN0002066,Callum,Mackenzie,2002-11-09,M,callum.mackenzie2066@example.com,+44 7700 900456,L1 3EB,9991292136,Black Other,2023-07-13,Active,0
2067,AN0002067,Leila,Lawson,2003-10-25,M,leila.lawson2067@example.com,+44 7700 900130,L1 6EG,9990246947,Black Caribbean,2023-02-20,Withdrawn,0
2068,AN0002068,Amara,Whitfield,1988-05-28,M,amara.whitfield2068@example.com,+44 7700 900274,SW1A 9JE,9995709430,Indian,2017-07-25,Active,1
2069,AN0002069,James,Wright,1993-05-11,M,,+44 7700 900273,M1 4BH,9998226082,White British,2019-12-17,Suspended,0
2070,AN0002070,Oliver,Byrne,2000-11-11,M,oliver.byrne2070@example.com,(0161) 496 9903,EH1 5EA,9994738119,Asian Other,2020-03-05,Deferred,0
2071,AN0002071,Oliver,Sharma,2000-09-25,F,oliver.sharma2071@example.com,+44 7700 900413,G1 6FA,9995882345,Indian,2023-07-12,Withdrawn,0
2072,AN0002072,Chloe,Wright,1987-07-19,M,chloe.wright2072@example.com,07700900863,B15 9GA,9992847794,Bangladeshi,2016-04-22,Active,1
2073,AN0002073,Omar,Iqbal,1993-05-17,F,omar.iqbal2073@example.com,+44 7700 900401,m16ee,9997066677,White Irish,2018-06-16,Withdrawn,1
2074,AN0002074,Tom,Bianchi,1999-06-26,M,tom.bianchi2074@example.com,07700900813,m12gg,9990937311,Chinese,2018-08-12,Active,0
2075,AN0002075,Fatima,Patel,1994-06-08,F,fatima.patel2075@example.com,+44 7700 900320,L1 4AH,9998920043,Mixed White and Black Caribbean,2021-07-11,Activ,0
2076,AN0002076,Priya,Patel,1998-01-28,M,priya.patel2076@example.com,(0161) 496 8352,EH1 3FH,9997325508,Mixed Other,2017-08-12,Active,0
2077,AN0002077,Hassan,Novak,2004-05-02,M,hassan.novak2077@example.com,+44 7700 900551,BS1 2DA,9992095784,White British,2022-10-17,Deferred,0
2078,AN0002078,Daniel,Murray,2000-11-13,M,daniel.murray2078@example.com,07700900871,CF10 9FF,9995781743,Black Caribbean,2023-11-14,Active,0
2079,AN0002079,Daniel,Adeyemi,1988-02-18,M,daniel.adeyemi2079@example.com,(0161) 496 7060,G1 7JF,9992016752,Asian Other,2016-08-15,Active,0
2080,AN0002080,Liam,Ali,1990-10-17,F,liam.ali2080@example.com,(0161) 496 6719,NE1 1HJ,9991446540,Black African,2018-11-20,Active,0
2081,AN0002081,James,Sharma,2001-04-10,F,james.sharma2081@example.com,07700900360,G1 5JH,9995604892,Pakistani,2019-04-18,Deferred,1
2082,AN0002082,Callum,Haddad,1993-11-25,F,callum.haddad2082@example.com,+44 7700 900297,ne11jg,9991812164,Mixed White and Black Caribbean,2017-07-05,Active,1
2083,AN0002083,Priya,Rossi,2004-01-24,F,priya.rossi2083@example.com,07700900415,B15 2GA,9997763106,Asian Other,2023-07-27,Deferred,0
2084,AN0002084,Ruth,Ali,1989-09-27,F,ruth.ali2084@example.com,+44 7700 900266,G1 5HB,9994446967,Black Caribbean,2017-05-13,Active,0
2085,AN0002085,George,Novak,1999-09-16,M,george.novak2085@example.com,+44 7700 900891,m12ej,9994479296,Arab,2019-06-16,Withdrawn,1
2086,AN0002086,Hassan,Byrne,2001-08-22,F,hassan.byrne2086@example.com,+44 7700 900105,BS1 5HG,9994887807,Other,2024-01-18,Deferred,0
2087,AN0002087,Meera,Robertson,1994-10-26,F,meera.robertson2087@example.com,(0161) 496 8700,B15 8AG,9992519185,Arab,2023-06-21,Active,1
2088,AN0002088,Wei,Abara,1994-06-05,F,wei.abara2088@example.com,+44 7700 900926,l17hh,9999191932,Mixed White and Black Caribbean,2022-01-13,Active,1
2089,AN0002089,Hannah,Adeyemi,1993-08-14,M,hannah.adeyemi2089@example.com,+44 7700 900545,BS1 8AG,9997591054,Mixed Other,2017-05-31,Withdrawn,0
2090,AN0002090,Idris,Lawson,1996-08-30,F,idris.lawson2090@example.com,+44 7700 900410,EH1 8JJ,9991405771,White Irish,2024-03-24,Active,1
2091,AN0002091,Omar,Okafor,2004-04-28,F,omar.okafor2091@example.com,(0161) 496 5195,BS1 5AG,9995256371,Black African,2023-10-26,Active,1
2092,AN0002092,Zainab,Cohen,2000-07-25,F,zainab.cohen2092@example.com,(0161) 496 7717,B15 4GF,9990509530,White British,2024-03-19,Withdrawn,1
2093,AN0002093,Amara,Patel,1999-01-23,M,amara.patel2093@example.com,+44 7700 900685,G1 9JA,9998942667,White British,2024-03-24,Active,1
2094,AN0002094,Kai,Haddad,1996-10-25,M,kai.haddad2094@example.com,07700900545,EH1 5DF,9995007967,Indian,2022-11-04,Active,1
2095,AN0002095,Fatima,Patel,1995-11-02,F,fatima.patel2095@example.com,+44 7700 900602,M1 7FB,9996369501,Other,2021-07-23,Deferred,0
2096,AN0002096,Daniel,Bello,1994-12-08,M,daniel.bello2096@example.com,+44 7700 900175,G1 7JA,9998230705,White British,2017-12-21,Suspended,0
2097,AN0002097,Tom,Whitfield,1995-01-17,M,tom.whitfield2097@example.com,+44 7700 900889,L1 5ED,9996924947,Indian,2024-06-16,Suspended,0
2098,AN0002098,Liam,Murray,1991-06-18,F,liam.murray2098@example.com,(0161) 496 2930,M1 3FH,9998791464,Mixed White and Black Caribbean,2020-04-02,Suspended,1
2099,AN0002099,Sarah,Byrne,2003-04-20,M,sarah.byrne2099@example.com,(0161) 496 1975,g17hh,9994239430,Chinese,2023-04-30,Withdrawn,1
2100,AN0002100,Zainab,Lawson,1994-03-13,M,zainab.lawson2100@example.com,07700900407,CF10 4JJ,9998503027,Arab,2023-07-31,Active,0
2101,AN0002101,Leila,Fenton,1991-02-05,M,leila.fenton2101@example.com,(0161) 496 7570,LS1 6AG,9992679921,Black African,2099-03-06,Deferred,1
2102,AN0002102,Leila,Bianchi,1997-07-22,F,leila.bianchi2102@example.com,+44 7700 900671,L1 8EF,9991286721,Other,2023-11-19,Active,1
2103,AN0002103,Meera,Fenton,1997-12-08,M,meera.fenton2103@example.com,+44 7700 900553,CF10 3HH,9994157310,White Irish,2022-01-14,Active,0
2104,AN0002104,Isla,Okafor,2003-02-06,F,isla.okafor2104@example.com,(0161) 496 2131,LS1 5EE,9992657812,Black Caribbean,2018-12-16,Suspended,1
2105,AN0002105,Fatima,Fenton,1996-12-24,M,fatima.fenton2105@example.com,07700900478,B15 2BA,9995845679,Asian Other,2020-01-04,Active,0
2106,AN0002106,Meera,Sharma,2005-09-15,F,meera.sharma2106@example.com,+44 7700 900295,M1 8GH,9997302176,Chinese,2023-10-15,Active,0
2107,AN0002107,Fatima,Doyle,1997-08-19,M,fatima.doyle2107@example.com,(0161) 496 1093,M1 5DH,9998922402,White British,2022-09-05,Active,0
2108,AN0002108,Tom,Wright,1996-11-28,F,tom.wright2108@example.com,(0161) 496 1868,LS1 6BF,9998047110,White British,2020-04-10,Deferred,0
2109,AN0002109,Isla,Cohen,1997-02-27,M,isla.cohen2109@example.com,(0161) 496 2843,BS1 6HA,9992769343,Other,2016-08-03,Active,1
2110,AN0002110,Nadia,Sharma,1996-12-23,F,nadia.sharma2110@example.com,+44 7700 900424,L1 6AF,9994640690,Black African,2019-09-02,Withdrawn,1
2111,AN0002111,Chloe,Thompson,1995-01-30,F,chloe.thompson2111@example.com,(0161) 496 2734,NE1 3JJ,9991488162,White Irish,2024-10-01,Active,0
2112,AN0002112,Liam,Osman,1993-02-24,F,liam.osman2112@example.com,(0161) 496 1688,ne13hj,9996504441,White Other,2021-08-06,Active,1
2113,AN0002113,Omar,Chen,2000-10-22,F,omar.chen2113@example.com,+44 7700 900744,SW1A 9AG,9991513787,Mixed Other,2022-12-31,Deferred,0
2114,AN0002114,Nadia,Wright,1991-03-22,M,nadia.wright2114@example.com,+44 7700 900360,M1 7BF,9990068143,Asian Other,2018-10-29,Active,1
2115,AN0002115,Hassan,Patel,1989-06-06,F,hassan.patel2115@example.com,+44 7700 900854,M1 1GF,9997150074,Mixed Other,2017-09-23,Active,0
2116,AN0002116,Ruth,Doyle,1997-12-26,M,ruth.doyle2116@example.com,+44 7700 900559,L1 9FD,9996770664,Other,2021-02-15,Active,0
2117,AN0002117,Grace,Khan,1997-01-08,M,grace.khan2117@example.com,+44 7700 900984,M1 5EA,9999215270,Bangladeshi,2017-10-14,Withdrawn,1
2118,AN0002118,Grace,Patel,2000-09-25,F,grace.patel2118@example.com,(0161) 496 8599,eh11bd,9990599440,Arab,2021-12-30,Withdrawn,1
2119,AN0002119,Hassan,Khan,1995-12-16,M,hassan.khan2119@example.com,+44 7700 900892,LS1 6HD,9993610887,White Irish,2021-12-24,Active,1
2120,AN0002120,Meera,Doyle,2005-04-17,F,,(0161) 496 3759,SW1A 7EJ,9995595915,Black Other,2023-05-19,Active,1
2121,AN0002121,Oliver,Lawson,2000-08-24,F,oliver.lawson2121@example.com,+44 7700 900686,CF10 6HE,9990253684,Other,2020-03-31,Active,0
2122,AN0002122,Idris,Sharma,2002-09-13,F,idris.sharma2122@example.com,(0161) 496 6891,sw1a9ah,9990978735,Other,2022-12-09,Active,0
2123,AN0002123,Noah,Lawson,2000-02-27,M,noah.lawson2123@example.com,07700900547,CF10 6FF,9993930040,Mixed Other,2019-03-23,Active,0
2124,AN0002124,Ruth,Fenton,1990-12-12,M,ruth.fenton2124@example.com,07700900723,L1 1HF,9994790587,Asian Other,2019-07-06,Active,1
2125,AN0002125,Meera,Okafor,1991-09-10,M,meera.okafor2125@example.com,+44 7700 900566,CF10 5GB,9990050198,Black Other,2017-06-02,Active,1
2126,AN0002126,Isla,Patel,1991-08-28,M,isla.patel2126@example.com,07700900284,L1 5AH,9995532050,Pakistani,2018-05-09,Suspended,1
2127,AN0002127,Liam,Cohen,2001-12-29,M,liam.cohen2127@example.com,+44 7700 900358,L1 2BJ,9997505131,Indian,2020-02-23,Suspended,1
2128,AN0002128,Liam,Wright,1993-02-27,F,liam.wright2128@example.com,+44 7700 900122,SW1A 8FA,9995156997,Chinese,2016-04-10,Active,0
2129,AN0002129,Meera,Haddad,1996-08-30,F,meera.haddad2129@example.com,07700900697,EH1 8EJ,9993092525,Chinese,2023-11-07,Suspended,0
2130,AN0002130,Callum,Sharma,1995-11-08,F,callum.sharma2130@example.com,(0161) 496 8191,M1 3FB,9993949124,Black Other,2020-02-12,Suspended,0
2131,AN0002131,Hassan,Ali,1996-01-11,F,hassan.ali2131@example.com,(0161) 496 8056,eh14hg,9993145947,Mixed White and Black Caribbean,2020-10-28,Active,0
2132,AN0002132,Zainab,Sharma,1997-08-27,F,zainab.sharma2132@example.com,(0161) 496 5809,cf104bj,9999763308,Pakistani,2024-06-15,Active,0
2133,AN0002133,George,Chen,1997-01-21,M,george.chen2133@example.com,+44 7700 900683,CF10 1DG,9992704004,Black Caribbean,2018-05-10,Active,1
2134,AN0002134,Kai,Robertson,1994-05-26,F,kai.robertson2134@example.com,+44 7700 900611,LS1 7AD,9997896637,Mixed Other,2020-10-22,Suspended,0
2135,AN0002135,Zainab,Whitfield,1999-09-18,M,zainab.whitfield2135@example.com,(0161) 496 9615,LS1 4EA,9990199825,Black Caribbean,2021-06-11,Active,1
2136,AN0002136,Priya,Kaur,1998-03-20,M,priya.kaur2136@example.com,07700900505,LS1 2AH,9996782816,Mixed Other,2023-09-16,Suspended,1
2137,AN0002137,James,Okafor,1995-07-20,M,james.okafor2137@example.com,(0161) 496 3615,L1 1FD,9992419970,Arab,2020-03-29,Active,0
2138,AN0002138,Sarah,Sharma,2003-07-09,M,sarah.sharma2138@example.com,+44 7700 900842,SW1A 9GF,9998789044,Asian Other,2022-04-02,Active,1
2139,AN0002139,Nadia,Lawson,2001-03-08,F,nadia.lawson2139@example.com,(0161) 496 8501,LS1 7AD,9991806660,Black Caribbean,2024-12-04,Active,1
2140,AN0002140,Kai,Kaur,1995-02-22,F,kai.kaur2140@example.com,+44 7700 900124,NE1 8AE,9992537124,Mixed Other,2022-10-17,Withdrawn,1
2141,AN0002141,James,Mackenzie,1993-06-19,F,james.mackenzie2141@example.com,07700900751,m14je,9994217569,Pakistani,2016-11-24,Active,1
2142,AN0002142,Grace,Bello,1989-10-02,M,,+44 7700 900213,L1 9DJ,9990597669,Pakistani,2019-02-02,Active,1
2143,AN0002143,Hannah,Okafor,1994-07-28,F,hannah.okafor2143@example.com,+44 7700 900113,M1 6JJ,9996219976,Black Other,2020-12-09,Deferred,1
2144,AN0002144,Daniel,Kaur,1993-12-08,F,daniel.kaur2144@example.com,+44 7700 900442,NE1 7HJ,9992990724,Pakistani,2017-05-27,Withdrawn,1
2145,AN0002145,Meera,Bello,2000-06-12,M,meera.bello2145@example.com,+44 7700 900892,EH1 2ED,9993868833,Asian Other,2019-01-16,Suspended,0
2146,AN0002146,Idris,Whitfield,1993-04-19,F,idris.whitfield2146@example.com,+44 7700 900466,EH1 7HD,9996103560,Mixed White and Black Caribbean,2022-01-06,Active,1
2147,AN0002147,Noah,Rossi,1990-02-28,M,noah.rossi2147@example.com,+44 7700 900181,EH1 3HD,9995060019,Pakistani,2016-07-31,Deferred,1
2148,AN0002148,Nadia,Abara,1995-03-01,F,nadia.abara2148@example.com,+44 7700 900719,SW1A 2AA,9996659542,Black Other,2019-03-14,Active,0
2149,AN0002149,Priya,Sharma,1991-05-14,F,priya.sharma2149@example.com,(0161) 496 3134,L1 5DA,9995225891,Arab,2017-01-28,Withdrawn,0
2150,AN0002150,Priya,Patel,2003-06-21,M,priya.patel2150@example.com,+44 7700 900506,g17ba,9991340254,White Irish,2024-09-04,Active,1
2151,AN0002151,George,Nwosu,1992-01-30,F,george.nwosu2151@example.com,+44 7700 900952,BS1 5HG,9996505340,Other,2017-08-27,Active,1
2152,AN0002152,Liam,Byrne,2002-05-27,F,liam.byrne2152@example.com,07700900998,G1 4JG,9994155288,Bangladeshi,2020-08-11,Deferred,0
2153,AN0002153,Priya,Fenton,1992-09-27,M,priya.fenton2153@example.com,+44 7700 900774,b153jj,9994433296,Black Caribbean,2017-02-09,Active,1
2154,AN0002154,Ethan,Haddad,1992-03-20,M,ethan.haddad2154@example.com,+44 7700 900977,l18df,9996497283,Chinese,2021-08-05,Withdrawn,1
2155,AN0002155,Sarah,Osman,2006-05-09,F,sarah.osman2155@example.com,07700900911,M1 1AJ,9994298291,Asian Other,2024-11-30,Active,1
2156,AN0002156,Noah,Adeyemi,1998-04-21,M,noah.adeyemi2156@example.com,+44 7700 900618,G1 8AD,9999105572,White Other,2017-06-21,Active,1
2157,AN0002157,Fatima,Adeyemi,2000-02-04,F,fatima.adeyemi2157@example.com,(0161) 496 3414,B15 5EF,9997080637,White Other,2023-08-11,Withdrawn,0
2158,AN0002158,Hassan,Cohen,1994-06-14,M,hassan.cohen2158@example.com,+44 7700 900560,ne15ga,9991126422,Indian,2022-11-04,Withdrawn,0
2159,AN0002159,Daniel,Adeyemi,1993-03-08,M,daniel.adeyemi2159@example.com,07700900750,L1 1JA,9990709505,Mixed White and Asian,2018-12-11,Active,1
2160,AN0002160,Leila,Whitfield,1992-07-11,M,leila.whitfield2160@example.com,(0161) 496 4312,LS1 7GJ,9997980476,White Irish,2018-01-29,Active,0
2161,AN0002161,Oliver,Bello,1996-02-14,F,oliver.bello2161@example.com,+44 7700 900767,B15 7EH,9991845445,Indian,2021-10-19,Deferred,0
2162,AN0002162,Ethan,Reid,1994-04-13,M,ethan.reid2162@example.com,07700900509,LS1 1BH,9995159953,Bangladeshi,2020-01-24,Active,1
2163,AN0002163,Oliver,Abara,1998-04-22,M,oliver.abara2163@example.com,+44 7700 900439,B15 4EB,9997931343,Other,2024-12-24,Active,1
2164,AN0002164,Erin,Byrne,1998-10-17,F,erin.byrne2164@example.com,+44 7700 900745,SW1A 3BA,9990278644,Mixed White and Black Caribbean,2022-11-29,Deferred,1
2165,AN0002165,Priya,Bianchi,1992-11-25,M,priya.bianchi2165@example.com,(0161) 496 4724,NE1 1HE,9990537690,Chinese,2016-01-21,Active,1
2166,AN0002166,Noah,Osman,2002-12-25,F,noah.osman2166@example.com,07700900912,CF10 3DH,9999753116,Mixed White and Black Caribbean,2023-09-01,Active,1
2167,AN0002167,Chloe,Fenton,1991-08-23,M,chloe.fenton2167@example.com,(0161) 496 1430,l16je,9994449419,Mixed White and Asian,2018-04-25,Withdrawn,1
2168,AN0002168,Daniel,Novak,1993-12-03,M,daniel.novak2168@example.com,07700900785,B15 9FA,9992771577,Asian Other,2022-06-11,Withdrawn,1
2169,AN0002169,Ethan,Cohen,1987-06-16,M,ethan.cohen2169@example.com,+44 7700 900212,ne13gb,9991031863,Arab,2016-01-23,Active,0
2170,AN0002170,Meera,Iqbal,2003-02-13,F,meera.iqbal2170@example.com,(0161) 496 7115,CF10 7BH,9997601505,Black African,2022-06-29,Active,1
2171,AN0002171,James,Bianchi,1998-08-30,F,james.bianchi2171@example.com,07700900450,L1 7FJ,9997741056,White British,2016-11-28,Active,1
2172,AN0002172,Grace,Okafor,1995-09-10,M,grace.okafor2172@example.com,+44 7700 900726,EH1 7DB,9997061659,Asian Other,2024-11-19,Deferred,1
2173,AN0002173,Fatima,Doyle,2006-06-04,M,fatima.doyle2173@example.com,07700900994,eh13aj,9991629300,Mixed White and Asian,2024-11-11,Active,1
2174,AN0002174,Yusuf,Sharma,2002-04-24,F,yusuf.sharma2174@example.com,+44 7700 900506,BS1 1EH,9997059042,Indian,2021-05-15,Active,1
2175,AN0002175,Leila,Doyle,1993-10-18,F,leila.doyle2175@example.com,07700900790,B15 2FH,9999960871,Black African,2022-06-09,Suspended,1
2176,AN0002176,Hannah,Byrne,1996-12-18,M,hannah.byrne2176@example.com,+44 7700 900785,L1 9FJ,9999888240,Chinese,2017-09-01,Active,1
2177,AN0002177,Grace,Robertson,1992-06-04,F,grace.robertson2177@example.com,(0161) 496 8323,EH1 9DE,9990971544,Other,2021-12-15,Deferred,1
2178,AN0002178,Hassan,Iqbal,1996-12-01,M,hassan.iqbal2178@example.com,+44 7700 900978,LS1 2BG,9998246490,Indian,2016-03-06,Withdrawn,0
2179,AN0002179,Oliver,Byrne,1997-08-24,F,oliver.byrne2179@example.com,07700900271,b152gh,9997813197,White Other,2020-09-16,Active,0
2180,AN0002180,Ethan,Khan,1983-08-24,F,ethan.khan2180@example.com,(0161) 496 1383,SW1A 5JA,9994494058,White Other,2016-11-01,Active,0
2181,AN0002181,Grace,Bianchi,1991-02-27,M,grace.bianchi2181@example.com,+44 7700 900678,m12dh,9998900980,Mixed Other,2018-07-01,Withdrawn,0
2182,AN0002182,Noah,Haddad,2002-06-18,F,noah.haddad2182@example.com,(0161) 496 8027,CF10 7BB,9997294203,Mixed Other,2021-11-10,Deferred,1
2183,AN0002183,Priya,Rossi,1992-08-15,F,priya.rossi2183@example.com,07700900386,sw1a5jj,9999572405,White Irish,2016-05-02,Active,0
2184,AN0002184,Tom,Byrne,2000-05-19,F,tom.byrne2184@example.com,+44 7700 900455,bs19hd,9994947648,Indian,2020-02-06,Suspended,1
2185,AN0002185,Hassan,Doyle,1993-08-08,M,hassan.doyle2185@example.com,(0161) 496 2233,BS1 1BA,9996334929,Pakistani,2019-11-19,Active,1
2186,AN0002186,Ruth,Bianchi,2002-07-29,F,ruth.bianchi2186@example.com,07700900970,ls17de,9995543443,Bangladeshi,2021-04-23,Active,0
2187,AN0002187,Ethan,Kaur,1996-11-21,F,ethan.kaur2187@example.com,07700900447,l17fb,9995139855,Mixed White and Black Caribbean,2016-01-18,Deferred,0
2188,AN0002188,Amara,Lawson,1992-10-20,M,amara.lawson2188@example.com,07700900320,BS1 8EB,9992523247,Asian Other,2018-04-18,Active,0
2189,AN0002189,Sarah,Khan,1990-10-27,F,sarah.khan2189@example.com,07700900542,G1 7DA,9995580489,Bangladeshi,2018-04-17,Suspended,1
2190,AN0002190,Priya,Patel,1997-05-28,F,priya.patel2190@example.com,+44 7700 900852,G1 9JD,9997062582,Arab,2023-08-12,Withdrawn,0
2191,AN0002191,Callum,Okafor,2003-05-14,F,callum.okafor2191@example.com,07700900946,LS1 7DE,9991675019,White Other,2021-11-14,Active,0
2192,AN0002192,Yusuf,Chen,1998-02-10,M,yusuf.chen2192@example.com,(0161) 496 2563,eh18jg,9998863716,Asian Other,2023-02-17,Active,1
2193,AN0002193,James,Wright,1986-11-25,M,james.wright2193@example.com,07700900652,bs19bd,9993965758,Chinese,2016-05-07,Deferred,1
2194,AN0002194,Idris,Bianchi,1997-12-21,F,idris.bianchi2194@example.com,+44 7700 900741,G1 7DD,9998346444,Pakistani,2020-05-12,Suspended,1
2195,AN0002195,Sarah,Whitfield,2003-03-10,M,sarah.whitfield2195@example.com,07700900485,SW1A 7EF,9990683824,Pakistani,2021-10-21,Active,1
2196,AN0002196,Wei,Osman,1992-04-11,M,wei.osman2196@example.com,+44 7700 900289,l19gj,9995695626,Black Other,2021-10-15,Withdrawn,0
2197,AN0002197,Leila,Osman,1992-11-23,M,leila.osman2197@example.com,+44 7700 900426,ls19ah,9998110718,Black Caribbean,2020-04-19,Suspended,0
2198,AN0002198,Kai,Whitfield,1999-11-15,M,kai.whitfield2198@example.com,07700900523,NE1 1GF,9994372130,Bangladeshi,2023-11-23,Active,1
2199,AN0002199,Meera,Abara,1998-11-25,M,meera.abara2199@example.com,07700900174,BS1 2AF,9997568427,Indian,2020-09-02,Suspended,0
2200,AN0002200,Sofia,Bianchi,1996-08-22,F,sofia.bianchi2200@example.com,+44 7700 900270,BS1 2EB,9996597466,White British,2016-05-14,Active,0
2201,AN0002201,Wei,Novak,1999-03-17,M,wei.novak2201@example.com,+44 7700 900216,l11fd,9992758880,White Other,2018-05-20,Deferred,0
2202,AN0002202,Sofia,Cohen,2002-10-30,F,sofia.cohen2202@example.com,+44 7700 900977,EH1 2HG,9997261895,Indian,2022-11-07,Active,1
2203,AN0002203,Fatima,Thompson,1998-05-23,F,fatima.thompson2203@example.com,07700900959,LS1 6BE,9992238011,Chinese,2016-06-23,Withdrawn,1
2204,AN0002204,Priya,Nwosu,1988-07-26,M,priya.nwosu2204@example.com,(0161) 496 6107,sw1a2fh,9991360778,Pakistani,2016-05-02,Active,0
2205,AN0002205,Priya,Kaur,2001-11-01,M,priya.kaur2205@example.com,07700900685,ne11he,9995333503,Indian,2024-05-01,Active,0
2206,AN0002206,Nadia,Chen,2000-08-11,F,nadia.chen2206@example.com,(0161) 496 5458,CF10 2JE,9995151332,Pakistani,2019-08-26,Active,1
2207,AN0002207,Oliver,Whitfield,1989-06-04,F,oliver.whitfield2207@example.com,(0161) 496 8827,EH1 2EG,9996653390,White Irish,2016-08-13,Active,1
2208,AN0002208,Fatima,Novak,1998-02-21,F,fatima.novak2208@example.com,+44 7700 900719,M1 6AA,9998416264,Other,2021-10-20,Active,0
2209,AN0002209,Liam,Murray,1994-10-07,M,liam.murray2209@example.com,07700900374,CF10 6AA,9994558463,Black Caribbean,2019-06-24,Withdrawn,0
2210,AN0002210,Priya,Thompson,2002-08-12,M,priya.thompson2210@example.com,+44 7700 900102,m17gb,9998906091,Indian,2021-08-18,Deferred,1
2211,AN0002211,Chloe,Iqbal,1990-11-24,M,chloe.iqbal2211@example.com,(0161) 496 3646,CF10 8JG,9994616226,Black Caribbean,2016-05-12,Active,1
2212,AN0002212,Zainab,Haddad,1992-04-08,F,zainab.haddad2212@example.com,07700900268,SW1A 3AF,9998710367,Black Other,2022-01-12,Active,1
2213,AN0002213,Meera,Robertson,2002-04-28,F,meera.robertson2213@example.com,+44 7700 900246,L1 2JF,9991459553,White British,2024-06-07,Suspended,0
2214,AN0002214,Priya,Chen,1996-01-13,F,priya.chen2214@example.com,07700900458,EH1 8EG,9994272942,Chinese,2023-01-16,Active,0
2215,AN0002215,Priya,Fenton,2004-01-23,M,priya.fenton2215@example.com,+44 7700 900158,ne12fh,9997023609,Arab,2022-11-04,Active,0
2216,AN0002216,Meera,Sharma,2000-10-16,M,meera.sharma2216@example.com,+44 7700 900273,G1 6EB,9991762280,White British,2024-10-17,Suspended,1
2217,AN0002217,Isla,Reid,1991-04-10,F,isla.reid2217@example.com,07700900198,CF10 4JA,9997393392,Mixed White and Asian,2016-10-10,Suspended,0
2218,AN0002218,James,Bianchi,1998-05-07,F,james.bianchi2218@example.com,07700900462,cf102da,9996464679,Mixed White and Asian,2024-07-23,Active,1
2219,AN0002219,Sofia,Doyle,1995-10-07,F,sofia.doyle2219@example.com,(0161) 496 5284,G1 1BF,9999992579,White British,2019-12-27,Suspended,0
2220,AN0002220,Ethan,Haddad,1999-02-25,F,ethan.haddad2220@example.com,07700900883,M1 5ED,9995203286,Mixed Other,2017-05-05,Active,0
2221,AN0002221,Sofia,Bianchi,1989-08-24,M,sofia.bianchi2221@example.com,07700900290,NE1 4AG,9996730832,White Irish,2017-05-15,Active,1
2222,AN0002222,James,Thompson,1999-08-15,F,,07700900706,LS1 2BA,9997197097,Mixed White and Black Caribbean,2024-04-09,Active,1
2223,AN0002223,Kai,Bianchi,1996-01-23,M,kai.bianchi2223@example.com,(0161) 496 2906,EH1 4JH,9998431557,Mixed Other,2019-06-09,Active,1
2224,AN0002224,Grace,Cohen,1997-07-05,F,grace.cohen2224@example.com,+44 7700 900518,B15 3JE,9994370391,White Other,2022-09-21,Suspended,0
2225,AN0002225,Daniel,Haddad,1997-05-29,F,daniel.haddad2225@example.com,+44 7700 900339,EH1 4AJ,9998160510,Indian,2020-07-18,Active,0
2226,AN0002226,Amara,Novak,1998-09-07,F,amara.novak2226@example.com,07700900552,EH1 4JE,9991318437,Black Caribbean,2019-01-02,Active,0
2227,AN0002227,Zainab,Abara,1998-05-28,F,zainab.abara2227@example.com,07700900246,cf102bb,9994762079,Chinese,2023-07-23,Active,1
2228,AN0002228,Sofia,Patel,2003-05-27,F,sofia.patel2228@example.com,+44 7700 900944,G1 6HF,9993116882,Black Other,2024-11-14,Suspended,0
2229,AN0002229,Callum,Robertson,1993-08-01,M,,07700900762,NE1 5EE,9994857819,Mixed White and Asian,2018-08-05,Active,1
2230,AN0002230,James,Wright,2003-07-30,M,james.wright2230@example.com,07700900735,SW1A 3FF,9992882611,Arab,2021-12-08,Active,1
2231,AN0002231,Ruth,Robertson,1989-10-03,M,ruth.robertson2231@example.com,07700900544,b152fe,9998137225,Chinese,2016-05-19,Suspended,0
2232,AN0002232,Isla,Cohen,1987-10-09,M,isla.cohen2232@example.com,07700900757,ne14fb,9996476499,Bangladeshi,2016-01-28,Withdrawn,1
2233,AN0002233,Tom,Rossi,1998-12-24,M,tom.rossi2233@example.com,+44 7700 900339,L1 3DJ,9998181550,Chinese,2023-09-29,Withdrawn,0
2234,AN0002234,Zainab,Murray,1995-04-26,M,zainab.murray2234@example.com,(0161) 496 2447,B15 7JB,9993384178,Arab,2021-08-25,Active,0
2235,AN0002235,Wei,Wright,1999-07-10,F,wei.wright2235@example.com,+44 7700 900807,EH1 9BA,9998128838,Arab,2021-07-12,Suspended,0
2236,AN0002236,Grace,Kaur,1998-04-11,M,,(0161) 496 1948,ne13dj,9993953695,Pakistani,2022-01-21,Active,0
2237,AN0002237,Priya,Grant,1989-06-22,F,priya.grant2237@example.com,+44 7700 900795,M1 6HD,9990678014,Black African,2017-11-16,Active,1
2238,AN0002238,Priya,Byrne,1990-01-06,M,priya.byrne2238@example.com,07700900100,EH1 5JB,9994874853,Mixed White and Asian,2019-02-08,Active,0
2239,AN0002239,Hannah,Grant,1993-05-06,F,hannah.grant2239@example.com,07700900591,B15 3JJ,9990639515,Asian Other,2022-02-08,Active,0
2240,AN0002240,Nadia,Iqbal,1999-04-09,M,,07700900707,NE1 5EH,9993375616,Black African,2024-08-30,Active,0
2241,AN0002241,Daniel,Patel,1995-05-27,F,daniel.patel2241@example.com,07700900804,BS1 5GE,9998837448,Bangladeshi,2021-01-29,Active,1
2242,AN0002242,Priya,Mackenzie,1995-02-07,F,priya.mackenzie2242@example.com,+44 7700 900459,CF10 8AD,9998816106,Asian Other,2017-06-18,Active,1
2243,AN0002243,Tom,Bianchi,1990-06-03,M,tom.bianchi2243@example.com,+44 7700 900911,NE1 1FE,9991269800,Mixed White and Asian,2017-10-24,Active,1
2244,AN0002244,Yusuf,Thompson,1989-08-10,M,yusuf.thompson2244@example.com,07700900707,l11je,9993132942,White Irish,2016-03-03,Active,1
2245,AN0002245,Idris,Iqbal,2000-05-09,F,idris.iqbal2245@example.com,(0161) 496 2080,CF10 6JG,9997486323,White Other,2022-08-05,Active,1
2246,AN0002246,Leila,Khan,2005-12-29,F,leila.khan2246@example.com,+44 7700 900445,G1 8EF,9999600662,Indian,2024-06-17,Active,0
2247,AN0002247,Leila,Cohen,1998-07-26,F,leila.cohen2247@example.com,+44 7700 900923,LS1 5FG,9997918142,Chinese,2018-03-04,Active,1
2248,AN0002248,Yusuf,Bello,1997-06-08,F,yusuf.bello2248@example.com,(0161) 496 6930,EH1 7AH,9994260537,Asian Other,2021-01-23,Deferred,0
2249,AN0002249,Hannah,Kaur,1991-11-20,F,hannah.kaur2249@example.com,+44 7700 900151,NE1 2JG,9990414033,Mixed Other,2019-06-24,Active,1
2250,AN0002250,Ethan,Grant,1995-10-14,M,ethan.grant2250@example.com,(0161) 496 7395,M1 4JA,9992930942,Black Caribbean,2018-12-01,Active,0
2251,AN0002251,Leila,Nwosu,1995-07-31,F,leila.nwosu2251@example.com,+44 7700 900550,BS1 1AJ,9996687236,White Irish,2016-12-13,Active,0
2252,AN0002252,Nadia,Iqbal,1994-09-30,F,nadia.iqbal2252@example.com,07700900762,G1 2AF,9996777677,Mixed White and Black Caribbean,2021-01-03,Deferred,0
2253,AN0002253,Omar,Chen,2003-09-14,F,omar.chen2253@example.com,+44 7700 900579,M1 7JG,9997912098,Black Caribbean,2024-01-26,Active,1
2254,AN0002254,Leila,Okafor,1991-06-16,F,leila.okafor2254@example.com,+44 7700 900854,NE1 3HJ,9994136674,Black African,2017-10-30,Deferred,1
2255,AN0002255,Hannah,Wright,1995-03-31,M,hannah.wright2255@example.com,07700900590,NE1 7EB,9994183591,White Irish,2022-10-11,Withdrawn,1
2256,AN0002256,Grace,Sharma,2001-04-22,F,grace.sharma2256@example.com,+44 7700 900290,L1 1JD,9991095470,Bangladeshi,2023-09-14,Suspended,1
2257,AN0002257,George,Lawson,1991-03-09,M,george.lawson2257@example.com,(0161) 496 5025,bs12fh,9993782807,Asian Other,2016-08-12,Active,1
2258,AN0002258,Ethan,Bello,1993-09-09,M,ethan.bello2258@example.com,07700900762,G1 9JJ,9999392563,Arab,2022-10-31,Deferred,1
2259,AN0002259,Ruth,Bianchi,1990-11-18,M,ruth.bianchi2259@example.com,+44 7700 900590,L1 2HD,9997861639,Asian Other,2019-06-01,Deferred,1
2260,AN0002260,Tom,Fenton,2002-08-30,M,tom.fenton2260@example.com,(0161) 496 3333,CF10 3FH,9999466540,Other,2021-12-27,Active,0
2261,AN0002261,Chloe,Cohen,1994-02-13,F,chloe.cohen2261@example.com,(0161) 496 5070,EH1 6FB,9997620801,White Other,2018-07-10,Withdrawn,0
2262,AN0002262,Yusuf,Wright,2001-07-24,M,,07700900124,BS1 3AG,9996504565,Mixed Other,2022-11-27,Suspended,1
2263,AN0002263,Grace,Sharma,1997-03-16,M,grace.sharma2263@example.com,+44 7700 900904,G1 3FA,9991575847,Pakistani,2016-06-06,Active,1
2264,AN0002264,Ethan,Haddad,1988-10-25,F,ethan.haddad2264@example.com,+44 7700 900845,BS1 4EE,9995694204,White Other,2017-01-16,Suspended,1
2265,AN0002265,George,Fenton,1994-01-21,F,george.fenton2265@example.com,+44 7700 900989,LS1 6AH,9990318417,Other,2019-08-05,Active,0
2266,AN0002266,Noah,Haddad,1999-11-06,F,noah.haddad2266@example.com,07700900538,g16fh,9992038462,Arab,2020-02-18,Withdrawn,0
2267,AN0002267,Nadia,Adeyemi,1991-05-04,M,nadia.adeyemi2267@example.com,(0161) 496 9405,bs13bf,9998138477,Black Other,2019-05-24,Deferred,0
2268,AN0002268,Fatima,Khan,2002-07-12,F,,07700900733,M1 9GA,9998240557,Black African,2024-07-29,Active,1
2269,AN0002269,Liam,Chen,1992-08-25,F,liam.chen2269@example.com,+44 7700 900739,G1 8EJ,9993031585,Black African,2016-08-31,Active,1
2270,AN0002270,Fatima,Bianchi,2000-04-25,M,fatima.bianchi2270@example.com,07700900804,G1 5AA,9993900346,Chinese,2022-09-06,Active,0
2271,AN0002271,Erin,Robertson,1999-02-21,F,erin.robertson2271@example.com,07700900476,g17df,9993939943,Chinese,2017-08-05,Active,0
2272,AN0002272,Hassan,Novak,2000-03-11,F,hassan.novak2272@example.com,07700900660,l19da,9999572839,Arab,2019-12-09,Suspended,0
2273,AN0002273,James,Novak,1990-01-10,F,james.novak2273@example.com,(0161) 496 9562,eh17aj,9995625679,White British,2016-10-18,Active,0
2274,AN0002274,Oliver,Thompson,1993-04-19,F,oliver.thompson2274@example.com,+44 7700 900562,G1 1AD,9990743908,Mixed White and Asian,2021-12-28,Deferred,1
2275,AN0002275,Kai,Rossi,1993-02-20,M,kai.rossi2275@example.com,07700900142,LS1 5FF,9997319710,White British,2018-10-26,Active,0
2276,AN0002276,Amara,Sharma,2002-12-12,F,amara.sharma2276@example.com,(0161) 496 2179,CF10 5DH,9996664716,White British,2024-06-28,Active,0
2277,AN0002277,Zainab,Nwosu,1997-05-23,F,zainab.nwosu2277@example.com,+44 7700 900817,SW1A 9EB,9993001619,Asian Other,2020-12-19,Active,0
2278,AN0002278,Daniel,Nwosu,2004-04-21,F,daniel.nwosu2278@example.com,+44 7700 900926,CF10 7FE,9998604281,Asian Other,2022-05-18,Active,1
2279,AN0002279,Meera,Chen,1997-12-21,F,meera.chen2279@example.com,(0161) 496 5130,EH1 8BA,9996067378,Arab,2018-05-19,Suspended,0
2280,AN0002280,Liam,Adeyemi,1991-03-22,M,liam.adeyemi2280@example.com,+44 7700 900264,bs11fj,9998011701,Mixed White and Black Caribbean,2017-05-15,Deferred,1
2281,AN0002281,George,Grant,1994-07-27,F,george.grant2281@example.com,07700900479,L1 6JA,9993675946,Other,2023-02-25,Suspended,0
2282,AN0002282,Hannah,Okafor,1994-09-27,M,hannah.okafor2282@example.com,07700900594,NE1 5HG,9990804532,Chinese,2022-07-16,Active,0
2283,AN0002283,James,Adeyemi,1996-08-19,M,james.adeyemi2283@example.com,07700900969,SW1A 1AD,9997554752,Chinese,2022-11-11,Deferred,1
2284,AN0002284,Idris,Mackenzie,1995-10-02,F,idris.mackenzie2284@example.com,+44 7700 900242,G1 2BJ,9992303581,Bangladeshi,2024-11-09,Active,1
2285,AN0002285,Idris,Nwosu,1999-01-07,M,idris.nwosu2285@example.com,07700900154,EH1 9AH,9991125809,Black Caribbean,2020-05-09,Active,0
2286,AN0002286,Priya,Robertson,1990-12-09,F,priya.robertson2286@example.com,+44 7700 900202,LS1 8BH,9990981760,Mixed Other,2019-07-28,Active,1
2287,AN0002287,Wei,Byrne,1999-03-03,F,,+44 7700 900769,L1 2BA,9990686866,Black African,2019-09-29,Active,1
2288,AN0002288,Sarah,Mackenzie,1999-10-28,F,sarah.mackenzie2288@example.com,+44 7700 900682,G1 4JF,9995257769,Other,2021-04-20,Withdrawn,1
2289,AN0002289,Idris,Bianchi,1989-09-10,F,idris.bianchi2289@example.com,+44 7700 900741,CF10 1ED,9993701408,Mixed White and Black Caribbean,2018-06-24,Withdrawn,0
2290,AN0002290,Leila,Grant,1996-11-01,F,leila.grant2290@example.com,07700900886,M1 7ED,9994772597,Mixed Other,2024-12-04,Active,0
2291,AN0002291,Zainab,Kaur,1995-09-27,M,zainab.kaur2291@example.com,+44 7700 900896,NE1 5BH,9999062881,White Other,2023-03-16,Active,1
2292,AN0002292,Callum,Sharma,2002-05-25,M,callum.sharma2292@example.com,+44 7700 900185,NE1 4FE,9999363563,White Irish,2023-06-03,Withdrawn,1
2293,AN0002293,Oliver,Bello,2001-09-01,F,oliver.bello2293@example.com,+44 7700 900818,EH1 2HJ,999DDA4305,Mixed Other,2023-01-20,Active,1
2294,AN0002294,Isla,Chen,1994-06-30,M,isla.chen2294@example.com,+44 7700 900341,eh19ja,9992951621,White Irish,2022-10-04,Suspended,1
2295,AN0002295,Zainab,Adeyemi,2001-05-20,M,zainab.adeyemi2295@example.com,+44 7700 900310,B15 2DG,9992876638,Black African,2021-11-25,Active,1
2296,AN0002296,Idris,Thompson,1997-08-24,F,idris.thompson2296@example.com,(0161) 496 8661,CF10 6DD,9999685161,Bangladeshi,2022-12-26,Active,1
2297,AN0002297,Zainab,Byrne,2001-11-02,F,zainab.byrne2297@example.com,07700900247,ne15gf,9990500576,Black African,2021-03-04,Withdrawn,1
2298,AN0002298,Ruth,Wright,1990-12-03,F,ruth.wright2298@example.com,+44 7700 900570,NE1 5BE,9993127604,Other,2016-06-27,Suspended,0
2299,AN0002299,Tom,Iqbal,2000-01-22,M,tom.iqbal2299@example.com,07700900994,LS1 5GD,9998816033,Mixed White and Black Caribbean,2022-10-20,Deferred,0
2300,AN0002300,Isla,Thompson,1996-12-25,F,isla.thompson2300@example.com,+44 7700 900926,EH1 2BB,9991473912,Bangladeshi,2021-06-18,Deferred,0
2301,AN0002301,Idris,Cohen,1999-06-13,M,idris.cohen2301@example.com,07700900237,L1 8BD,9997156854,Chinese,2021-10-30,Deferred,0
2302,AN0002302,Hannah,Osman,1988-06-18,F,hannah.osman2302@example.com,+44 7700 900683,EH1 1AE,9998922909,Mixed White and Asian,2017-01-28,Active,0
2303,AN0002303,Grace,Bello,2000-02-15,F,grace.bello2303@example.com,+44 7700 900811,BS1 4JH,9998023866,Black Other,2024-07-25,Active,0
2304,AN0002304,Nadia,Sharma,1990-02-25,F,nadia.sharma2304@example.com,07700900126,m19aa,9990053782,Pakistani,2016-02-24,Suspended,1
2305,AN0002305,Yusuf,Wright,1999-01-17,M,yusuf.wright2305@example.com,+44 7700 900873,B15 1JB,9998169224,Chinese,2024-04-03,Deferred,1
2306,AN0002306,Callum,Kaur,2000-03-30,F,callum.kaur2306@example.com,+44 7700 900456,M1 9AJ,9992729295,Black Caribbean,2020-05-22,Deferred,0
2307,AN0002307,Leila,Rossi,1999-02-17,M,leila.rossi2307@example.com,+44 7700 900271,cf104jf,9995910926,Asian Other,2020-08-01,Active,1
2308,AN0002308,Zainab,Abara,1995-05-30,F,zainab.abara2308@example.com,(0161) 496 3433,ne14fh,9998916194,White British,2021-11-18,Active,1
2309,AN0002309,Kai,Rossi,1998-03-13,M,kai.rossi2309@example.com,07700900253,bs17bf,9999094163,Arab,2021-06-22,Suspended,1
2310,AN0002310,Noah,Novak,1989-09-19,M,noah.novak2310@example.com,+44 7700 900899,NE1 2FG,9998118913,Other,2017-10-04,Withdrawn,0
2311,AN0002311,Ethan,Adeyemi,2004-02-24,F,ethan.adeyemi2311@example.com,+44 7700 900363,SW1A 1DH,9998658071,Bangladeshi,2019-10-13,Active,0
2312,AN0002312,Sofia,Kaur,2004-12-07,F,,(0161) 496 2316,BS1 8FE,9995752921,Black Other,2023-06-04,Active,1
2313,AN0002313,Yusuf,Kaur,1994-09-17,F,yusuf.kaur2313@example.com,+44 7700 900714,sw1a1bg,9998123623,Black African,2020-09-23,Activ,0
2314,AN0002314,Isla,Bello,1994-11-09,F,isla.bello2314@example.com,07700900104,LS1 6BA,9997244605,Mixed White and Black Caribbean,2099-08-06,Deferred,1
2315,AN0002315,Ruth,Patel,1995-01-20,F,ruth.patel2315@example.com,+44 7700 900569,CF10 4AE,9992890916,White Irish,2017-10-14,Active,1
2316,AN0002316,Fatima,Adeyemi,1997-10-09,M,fatima.adeyemi2316@example.com,07700900939,EH1 3AD,9993368288,Other,2023-03-10,Active,1
2317,AN0002317,Oliver,Iqbal,2000-09-08,M,oliver.iqbal2317@example.com,+44 7700 900523,NE1 6HG,9996648788,Bangladeshi,2024-02-28,Withdrawn,1
2318,AN0002318,Isla,Abara,1996-07-30,M,isla.abara2318@example.com,+44 7700 900155,LS1 6GF,9994533479,Mixed White and Black Caribbean,2021-09-20,Active,1
2319,AN0002319,Noah,Kaur,1999-04-25,F,noah.kaur2319@example.com,+44 7700 900937,M1 5GA,9996337065,Black Other,2021-09-14,Withdrawn,0
2320,AN0002320,Yusuf,Byrne,2002-04-27,M,yusuf.byrne2320@example.com,+44 7700 900760,L1 6GG,9992298138,Asian Other,2021-11-10,Withdrawn,0
2321,AN0002321,Isla,Byrne,1994-04-13,F,isla.byrne2321@example.com,07700900182,NE1 1BH,9997436040,White British,2022-11-28,Deferred,1
2322,AN0002322,Grace,Chen,2001-07-26,M,grace.chen2322@example.com,07700900687,EH1 8FE,9994768891,Chinese,2020-12-01,Withdrawn,1
2323,AN0002323,Liam,Robertson,1993-12-23,F,liam.robertson2323@example.com,(0161) 496 7276,EH1 6AF,9999652174,White Irish,2023-02-01,Withdrawn,0
2324,AN0002324,Yusuf,Cohen,1990-02-05,M,yusuf.cohen2324@example.com,(0161) 496 1325,G1 6JF,9998459584,Arab,2018-03-04,Active,1
2325,AN0002325,Zainab,Osman,1988-10-31,F,zainab.osman2325@example.com,07700900332,SW1A 8EJ,9991835946,Indian,2017-01-20,Active,0
2326,AN0002326,Chloe,Khan,1995-02-17,M,chloe.khan2326@example.com,+44 7700 900930,G1 9AD,9995711621,Arab,2018-12-07,Active,0
2327,AN0002327,Daniel,Thompson,2002-08-15,F,daniel.thompson2327@example.com,+44 7700 900607,SW1A 3EB,9990281068,White British,2024-10-13,Deferred,1
2328,AN0002328,Callum,Ali,1997-01-18,M,callum.ali2328@example.com,+44 7700 900525,SW1A 3HE,9995641623,Other,2019-04-30,Active,0
2329,AN0002329,Daniel,Chen,1993-12-13,F,daniel.chen2329@example.com,07700900844,B15 6BJ,9993685046,Black Caribbean,2017-01-22,Suspended,1
2330,AN0002330,Amara,Robertson,1988-05-24,M,amara.robertson2330@example.com,+44 7700 900770,L1 3DF,9995530619,Indian,2016-07-29,Active,0
2331,AN0002331,James,Adeyemi,1991-05-17,M,james.adeyemi2331@example.com,+44 7700 900965,LS1 4FA,9990568332,Black Other,2020-02-06,Active,1
2332,AN0002332,Callum,Ali,1997-12-11,M,callum.ali2332@example.com,07700900257,NE1 5EJ,9996980057,Mixed White and Black Caribbean,2021-09-16,Active,0
2333,AN0002333,Hannah,Abara,1992-04-13,F,hannah.abara2333@example.com,07700900852,LS1 7HA,9994044753,White British,2018-04-09,Active,1
2334,AN0002334,Idris,Cohen,1992-08-10,F,idris.cohen2334@example.com,+44 7700 900430,NE1 1HG,9996972232,Bangladeshi,2016-03-04,Active,0
2335,AN0002335,Priya,Adeyemi,2000-08-13,F,priya.adeyemi2335@example.com,+44 7700 900165,BS1 2AH,9997136357,White Other,2018-09-10,Deferred,0
2336,AN0002336,Yusuf,Mackenzie,2004-01-01,M,yusuf.mackenzie2336@example.com,07700900211,LS1 3ED,9991402454,Black Caribbean,2024-01-22,Active,0
2337,AN0002337,George,Khan,2002-06-10,F,george.khan2337@example.com,+44 7700 900252,B15 3AA,9993278920,Bangladeshi,2022-09-01,Active,0
2338,AN0002338,Daniel,Sharma,1995-07-08,M,daniel.sharma2338@example.com,07700900338,G1 4DG,9991762949,Black African,2023-03-09,Active,1
2339,AN0002339,Idris,Robertson,2000-06-17,F,idris.robertson2339@example.com,+44 7700 900471,B15 7BF,9993070904,Mixed White and Asian,2019-03-16,Active,0
2340,AN0002340,Callum,Sharma,1992-03-12,M,callum.sharma2340@example.com,07700900442,CF10 8DH,9993629243,Black Other,2017-06-11,Deferred,1
2341,AN0002341,Ruth,Grant,1999-05-09,M,ruth.grant2341@example.com,07700900298,NE1 3BF,9999222285,Asian Other,2021-02-06,Active,0
2342,AN0002342,Tom,Wright,1999-06-07,M,tom.wright2342@example.com,+44 7700 900128,cf103ja,9994014412,Bangladeshi,2019-08-25,Active,1
2343,AN0002343,Kai,Nwosu,1990-11-17,F,kai.nwosu2343@example.com,(0161) 496 7354,L1 1EE,9995046296,Chinese,2018-01-29,Active,1
2344,AN0002344,George,Thompson,1998-06-26,M,george.thompson2344@example.com,+44 7700 900634,l19gb,9999053092,Black African,2019-12-14,Active,1
2345,AN0002345,Zainab,Osman,2001-03-04,M,zainab.osman2345@example.com,+44 7700 900588,LS1 4DE,9996948463,Arab,2019-11-16,Active,1
2346,AN0002346,Omar,Kaur,2001-03-23,M,omar.kaur2346@example.com,+44 7700 900355,G1 7GA,9996922707,Bangladeshi,2024-06-12,Active,0
2347,AN0002347,Leila,Novak,1991-10-14,M,leila.novak2347@example.com,07700900863,SW1A 6GH,9994126679,Mixed Other,2020-02-20,Withdrawn,0
2348,AN0002348,Idris,Kaur,2000-05-01,F,idris.kaur2348@example.com,07700900409,L1 1EE,9994245325,White British,2022-05-22,Active,1
2349,AN0002349,George,Abara,1994-11-06,M,george.abara2349@example.com,(0161) 496 2100,eh14fa,9993715247,Chinese,2024-02-23,Deferred,0
2350,AN0002350,Priya,Bello,1993-03-02,M,,07700900130,bs16eb,9992252642,Arab,2016-09-23,Active,1
2351,AN0002351,Sofia,Grant,1992-02-03,F,sofia.grant2351@example.com,+44 7700 900267,NE1 7EA,9990124485,White British,2016-09-09,Active,1
2352,AN0002352,Grace,Kaur,1999-03-14,M,grace.kaur2352@example.com,07700900593,EH1 1AF,9991007237,White Other,2019-05-02,Withdrawn,1
2353,AN0002353,Kai,Osman,1999-07-21,M,kai.osman2353@example.com,+44 7700 900524,EH1 1FB,9990704317,White British,2017-12-09,Deferred,1
2354,AN0002354,Zainab,Fenton,1994-12-29,F,zainab.fenton2354@example.com,07700900625,L1 9GA,9990675147,Indian,2016-02-08,Active,0
2355,AN0002355,Zainab,Reid,1993-04-03,M,zainab.reid2355@example.com,07700900223,EH1 3JJ,9992153865,Indian,2016-10-21,Active,1
2356,AN0002356,Sarah,Thompson,1987-04-19,M,sarah.thompson2356@example.com,(0161) 496 8714,m15eg,9994106163,Black Other,2016-11-20,Active,1
2357,AN0002357,Ruth,Abara,2001-02-28,F,ruth.abara2357@example.com,+44 7700 900969,SW1A 8EJ,9992207256,White Irish,2021-08-05,Suspended,1
2358,AN0002358,Daniel,Doyle,1994-11-23,F,,(0161) 496 9991,ne17ah,9992533609,Indian,2024-02-15,Withdrawn,0
2359,AN0002359,Kai,Reid,1992-09-28,M,kai.reid2359@example.com,07700900953,BS1 2FA,9999981291,Arab,2022-07-13,Withdrawn,0
2360,AN0002360,Idris,Osman,1989-04-12,F,idris.osman2360@example.com,(0161) 496 6011,M1 6FD,9994345028,Mixed White and Asian,2017-07-09,Active,1
2361,AN0002361,Noah,Nwosu,1999-08-22,F,noah.nwosu2361@example.com,07700900974,CF10 7FB,9990512922,Arab,2021-05-16,Active,1
2362,AN0002362,Tom,Okafor,1999-07-30,F,tom.okafor2362@example.com,+44 7700 900629,B15 7JJ,9990893519,Asian Other,2024-04-02,Active,0
2363,AN0002363,Zainab,Grant,2002-05-25,M,zainab.grant2363@example.com,07700900910,cf107bh,9990172951,Indian,2022-06-18,Withdrawn,0
2364,AN0002364,Callum,Kaur,2001-09-21,F,callum.kaur2364@example.com,(0161) 496 7934,M1 2AF,9993909270,Mixed White and Asian,2020-07-01,Active,0
2365,AN0002365,Chloe,Haddad,1989-08-30,M,chloe.haddad2365@example.com,(0161) 496 4387,B15 6AH,9996760553,White British,2016-03-25,Suspended,0
2366,AN0002366,Noah,Sharma,2001-09-29,M,noah.sharma2366@example.com,+44 7700 900740,bs13ga,9999805566,Black Caribbean,2019-10-23,Active,0
2367,AN0002367,Hassan,Osman,2002-04-26,M,hassan.osman2367@example.com,+44 7700 900527,M1 7AG,999CFA9071,Mixed White and Asian,2024-05-25,Active,0
2368,AN0002368,Chloe,Kaur,2002-03-28,M,,+44 7700 900634,EH1 1ED,9991774912,Indian,2021-08-29,Deferred,1
2369,AN0002369,Nadia,Grant,1996-09-18,M,nadia.grant2369@example.com,+44 7700 900945,L1 6EB,9997522958,White Irish,2019-09-25,Withdrawn,0
2370,AN0002370,Hannah,Rossi,2002-02-23,M,hannah.rossi2370@example.com,+44 7700 900607,EH1 9HJ,9996753514,Black Other,2020-05-31,Active,1
2371,AN0002371,Leila,Murray,1999-04-08,M,leila.murray2371@example.com,+44 7700 900630,M1 3AJ,9991032088,Pakistani,2021-07-15,Deferred,0
2372,AN0002372,George,Reid,1993-02-01,M,george.reid2372@example.com,07700900455,L1 9GB,9996190765,Black African,2017-01-31,Active,1
2373,AN0002373,Erin,Bello,1994-03-28,F,erin.bello2373@example.com,07700900823,CF10 2HD,9992772611,White British,2016-07-15,Active,1
2374,AN0002374,Chloe,Kaur,2006-08-26,F,chloe.kaur2374@example.com,+44 7700 900969,LS1 9FH,9995921898,Black Other,2024-11-16,Active,1
2375,AN0002375,Erin,Adeyemi,1995-09-20,M,erin.adeyemi2375@example.com,07700900560,EH1 6EB,9992384875,Mixed Other,2023-01-03,Active,1
2376,AN0002376,Isla,Adeyemi,1989-03-19,F,isla.adeyemi2376@example.com,(0161) 496 7188,SW1A 1GJ,9997947630,Indian,2018-07-05,Suspended,0
2377,AN0002377,Noah,Adeyemi,1988-03-25,M,noah.adeyemi2377@example.com,+44 7700 900392,BS1 3JG,9993461512,Bangladeshi,2018-01-06,Active,1
2378,AN0002378,Meera,Robertson,2005-07-10,F,meera.robertson2378@example.com,+44 7700 900120,CF10 7GJ,9992425652,Pakistani,2024-03-30,Deferred,0
2379,AN0002379,Sofia,Doyle,1997-08-26,F,sofia.doyle2379@example.com,07700900741,G1 1EH,9993466905,Indian,2019-09-12,Active,1
2380,AN0002380,Grace,Wright,2002-03-16,F,grace.wright2380@example.com,07700900330,LS1 9EB,9993070793,Indian,2020-05-21,Suspended,0
2381,AN0002381,Idris,Mackenzie,1997-03-25,F,idris.mackenzie2381@example.com,(0161) 496 2240,G1 1EE,9994512986,Pakistani,2023-11-29,Suspended,1
2382,AN0002382,Zainab,Adeyemi,2004-09-30,M,zainab.adeyemi2382@example.com,+44 7700 900608,ne19bf,9994250744,Asian Other,2024-06-13,Suspended,0
2383,AN0002383,Priya,Doyle,1990-10-05,M,priya.doyle2383@example.com,07700900921,SW1A 8HJ,9995500531,Black Other,2018-03-30,Active,1
2384,AN0002384,Ruth,Sharma,2001-10-11,F,ruth.sharma2384@example.com,+44 7700 900498,M1 5DF,9991516328,Black Other,2023-04-25,Active,1
2385,AN0002385,Ruth,Byrne,2000-06-28,M,ruth.byrne2385@example.com,(0161) 496 5332,B15 7FG,9998275776,Chinese,2023-03-11,Active,1
2386,AN0002386,Liam,Adeyemi,2002-04-14,F,liam.adeyemi2386@example.com,07700900884,M1 7FA,9990092567,Chinese,2020-05-20,Deferred,1
2387,AN0002387,Kai,Bello,1999-03-07,F,,07700900740,NE1 8JJ,9994023470,Indian,2023-05-05,Active,1
2388,AN0002388,Sarah,Lawson,1992-10-19,M,sarah.lawson2388@example.com,07700900644,LS1 7GH,9992936754,Mixed White and Asian,2018-03-02,Active,1
2389,AN0002389,Zainab,Bianchi,1995-06-23,M,zainab.bianchi2389@example.com,+44 7700 900412,BS1 9EJ,9995536420,Bangladeshi,2018-10-28,Withdrawn,0
2390,AN0002390,Yusuf,Osman,1993-11-27,F,yusuf.osman2390@example.com,+44 7700 900366,l17ge,9992704381,Black Other,2018-12-09,Withdrawn,0
2391,AN0002391,Yusuf,Abara,1996-10-01,F,yusuf.abara2391@example.com,07700900630,B15 5FE,9994424025,Black African,2021-10-28,Deferred,0
2392,AN0002392,Isla,Murray,1994-01-14,F,isla.murray2392@example.com,07700900742,BS1 9AJ,9994272470,Arab,2020-10-03,Active,0
2393,AN0002393,Zainab,Grant,1996-11-28,F,zainab.grant2393@example.com,07700900649,M1 6HB,9996217361,Other,2022-03-02,Deferred,0
2394,AN0002394,Fatima,Khan,1992-03-28,M,fatima.khan2394@example.com,+44 7700 900120,B15 2BH,9991624694,Mixed Other,2021-11-30,Active,1
2395,AN0002395,Amara,Reid,2004-07-25,M,amara.reid2395@example.com,+44 7700 900575,BS1 3DF,9998670713,Mixed White and Asian,2024-04-04,Deferred,1
2396,AN0002396,Liam,Kaur,1992-03-20,F,liam.kaur2396@example.com,+44 7700 900244,G1 8GD,9995298007,Chinese,2019-01-01,Active,0
2397,AN0002397,Fatima,Bianchi,1999-08-12,F,fatima.bianchi2397@example.com,+44 7700 900392,L1 2BG,9998221811,Black Other,2020-12-13,Active,1
2398,AN0002398,Liam,Fenton,2004-02-24,M,liam.fenton2398@example.com,+44 7700 900583,CF10 4BE,9996453839,Chinese,2022-10-08,Active,1
2399,AN0002399,Amara,Iqbal,2001-04-24,F,amara.iqbal2399@example.com,+44 7700 900811,LS1 2AB,9994675915,Black Caribbean,2019-08-13,Suspended,1
2400,AN0002400,Yusuf,Osman,1998-11-29,M,yusuf.osman2400@example.com,+44 7700 900819,L1 1GH,9992583207,White Other,2024-07-22,Active,0
2401,AN0002401,Daniel,Mackenzie,1995-11-27,F,daniel.mackenzie2401@example.com,(0161) 496 9360,NE1 4HH,9994449818,White British,2020-02-28,Withdrawn,1
2402,AN0002402,Kai,Whitfield,2003-11-11,F,kai.whitfield2402@example.com,07700900678,LS1 1HA,9999429920,White Other,2024-06-05,Active,0
2403,AN0002403,George,Grant,1997-06-24,M,george.grant2403@example.com,+44 7700 900779,L1 9DA,9993872113,Pakistani,2018-12-11,Active,0
2404,AN0002404,Ethan,Chen,1996-06-02,M,ethan.chen2404@example.com,07700900940,BS1 1BG,9995954761,White Other,2024-02-10,Active,0
2405,AN0002405,Omar,Kaur,1994-04-28,M,omar.kaur2405@example.com,+44 7700 900844,SW1A 1GF,9998013143,Chinese,2020-05-09,Active,1
2406,AN0002406,James,Reid,1994-08-29,M,james.reid2406@example.com,+44 7700 900853,M1 2GF,9999929176,Indian,2020-01-05,Suspended,1
2407,AN0002407,Hannah,Lawson,1994-12-02,M,hannah.lawson2407@example.com,+44 7700 900399,M1 8HG,9999205941,Chinese,2022-12-20,Deferred,1
2408,AN0002408,James,Lawson,2004-04-18,F,james.lawson2408@example.com,(0161) 496 1222,M1 2GE,9996096432,Black Caribbean,2022-05-23,Active,0
2409,AN0002409,Noah,Adeyemi,1997-07-16,M,,+44 7700 900970,BS1 7AB,9995305321,Mixed White and Black Caribbean,2022-10-25,Active,0
2410,AN0002410,Kai,Mackenzie,1996-11-04,M,kai.mackenzie2410@example.com,(0161) 496 5922,BS1 8AF,9998555167,Chinese,2023-08-05,Active,1
2411,AN0002411,Priya,Doyle,1991-02-13,F,priya.doyle2411@example.com,+44 7700 900755,BS1 4GE,9990389160,Mixed White and Asian,2019-09-25,Active,1
2412,AN0002412,Leila,Okafor,1994-07-07,M,leila.okafor2412@example.com,+44 7700 900619,G1 9HA,9993942901,White Irish,2023-01-01,Deferred,0
2413,AN0002413,Daniel,Bianchi,1998-05-24,F,daniel.bianchi2413@example.com,07700900304,BS1 9AE,9993773123,White Irish,2024-10-31,Active,1
2414,AN0002414,Hassan,Kaur,2000-12-31,F,hassan.kaur2414@example.com,+44 7700 900163,L1 5JB,9994095145,White British,2023-09-18,Active,0
2415,AN0002415,Omar,Byrne,2002-11-17,F,omar.byrne2415@example.com,+44 7700 900999,SW1A 1AF,9995412349,Indian,2022-03-17,Active,1
2416,AN0002416,Leila,Cohen,1994-05-30,M,leila.cohen2416@example.com,07700900494,LS1 6GH,9994129872,White Irish,2017-11-08,Active,0
2417,AN0002417,Grace,Whitfield,2003-04-04,F,,+44 7700 900361,M1 8HB,9994832409,Mixed White and Asian,2023-06-01,Withdrawn,1
2418,AN0002418,Kai,Bianchi,1988-12-17,M,kai.bianchi2418@example.com,+44 7700 900497,CF10 5BA,9991233016,Mixed Other,2017-07-09,Active,1
2419,AN0002419,Daniel,Iqbal,1998-05-19,M,daniel.iqbal2419@example.com,+44 7700 900661,B15 7FB,9994462288,White British,2023-01-06,Withdrawn,1
2420,AN0002420,George,Novak,1994-09-12,F,george.novak2420@example.com,(0161) 496 9395,BS1 1GG,9994281682,Asian Other,2022-10-04,Active,0
2421,AN0002421,Daniel,Grant,2001-05-29,M,daniel.grant2421@example.com,07700900602,LS1 8FB,9995915790,White Other,2021-07-07,Active,1
2422,AN0002422,Daniel,Byrne,1999-09-14,F,daniel.byrne2422@example.com,+44 7700 900534,EH1 4GD,9997328426,Black African,2022-03-10,Deferred,1
2423,AN0002423,Kai,Kaur,2002-09-24,M,kai.kaur2423@example.com,07700900123,LS1 2JD,9991342044,Black Other,2023-07-07,Deferred,1
2424,AN0002424,Ethan,Bianchi,1996-02-10,F,ethan.bianchi2424@example.com,+44 7700 900880,CF10 3GE,9990241309,White British,2017-03-31,Active,0
2425,AN0002425,Tom,Byrne,1994-10-01,F,tom.byrne2425@example.com,+44 7700 900388,B15 8JA,9995592274,Other,2019-02-27,Active,0
2426,AN0002426,Nadia,Sharma,2001-07-12,F,nadia.sharma2426@example.com,+44 7700 900766,L1 9JD,9995076497,Mixed White and Asian,2024-04-21,Active,0
2427,AN0002427,Ruth,Grant,1999-09-03,M,ruth.grant2427@example.com,07700900618,SW1A 1JB,9999475051,Bangladeshi,2023-12-04,Active,0
2428,AN0002428,Sarah,Byrne,1992-08-13,F,sarah.byrne2428@example.com,+44 7700 900816,G1 4ED,9998143314,Mixed Other,2017-08-12,Active,1
2429,AN0002429,Callum,Khan,1994-04-29,F,callum.khan2429@example.com,07700900998,CF10 8AJ,9999895115,Indian,2022-12-20,Active,1
2430,AN0002430,Sofia,Lawson,2000-10-06,M,sofia.lawson2430@example.com,(0161) 496 9105,M1 6GH,9999371477,Other,2021-02-01,Active,0
2431,AN0002431,Ethan,Novak,1992-08-17,M,ethan.novak2431@example.com,+44 7700 900938,L1 9FF,9990274894,Black African,2016-04-04,Active,1
2432,AN0002432,Isla,Reid,1993-04-27,F,,+44 7700 900153,EH1 5HJ,9998816181,Bangladeshi,2018-08-04,Withdrawn,1
2433,AN0002433,Ruth,Grant,2001-10-29,F,,+44 7700 900702,cf108fg,9997331885,Indian,2023-03-25,Active,1
2434,AN0002434,Meera,Cohen,1999-11-27,F,meera.cohen2434@example.com,+44 7700 900885,g16jj,9990790779,White Irish,2019-03-12,Deferred,1
2435,AN0002435,Noah,Kaur,1996-11-26,M,noah.kaur2435@example.com,(0161) 496 2167,L1 4BF,9997259211,Bangladeshi,2020-03-08,Suspended,1
2436,AN0002436,Callum,Grant,2003-05-24,M,,+44 7700 900450,LS1 6BJ,9994243748,Pakistani,2023-09-29,Suspended,0
2437,AN0002437,Idris,Chen,1996-02-05,M,idris.chen2437@example.com,+44 7700 900103,CF10 5HA,9996520145,Arab,2016-04-06,Active,0
2438,AN0002438,Grace,Haddad,1999-06-17,M,,+44 7700 900156,bs14db,9995693208,Mixed White and Black Caribbean,2021-01-22,Withdrawn,0
2439,AN0002439,Nadia,Khan,2001-05-07,F,nadia.khan2439@example.com,(0161) 496 2859,g19ff,9992364947,White Other,2019-11-23,Active,0
2440,AN0002440,Idris,Sharma,1996-09-09,M,idris.sharma2440@example.com,07700900484,L1 7AF,9996232158,Indian,2024-11-29,Withdrawn,1
2441,AN0002441,Daniel,Thompson,1998-02-08,M,daniel.thompson2441@example.com,(0161) 496 7680,SW1A 6HG,9994342207,Other,2022-10-03,Deferred,0
2442,AN0002442,Erin,Mackenzie,1999-05-19,F,erin.mackenzie2442@example.com,+44 7700 900269,ls19jf,9999589367,Other,2018-06-07,Active,0
2443,AN0002443,Sofia,Khan,2002-05-09,F,sofia.khan2443@example.com,07700900807,L1 9JE,9998011132,White Irish,2020-06-16,Withdrawn,1
2444,AN0002444,Amara,Novak,2002-03-25,M,amara.novak2444@example.com,+44 7700 900268,LS1 4JJ,9994480634,Bangladeshi,2022-07-05,Active,1
2445,AN0002445,Sofia,Novak,1998-01-29,F,sofia.novak2445@example.com,+44 7700 900385,M1 3HB,9993399701,Pakistani,2022-11-01,Active,1
2446,AN0002446,Leila,Robertson,1987-05-07,M,leila.robertson2446@example.com,+44 7700 900785,CF10 2AD,9996544192,White Irish,2016-11-13,Deferred,1
2447,AN0002447,Tom,Patel,2002-12-28,F,tom.patel2447@example.com,+44 7700 900999,SW1A 6AE,9994560484,Mixed White and Black Caribbean,2021-03-19,Deferred,0
2448,AN0002448,Liam,Osman,2004-02-04,F,liam.osman2448@example.com,07700900849,B15 3DH,9991117857,Indian,2022-08-26,Active,1
2449,AN0002449,Grace,Murray,1989-04-20,M,grace.murray2449@example.com,07700900695,m17fd,9992925388,Black African,2017-12-02,Active,1
2450,AN0002450,Daniel,Fenton,1997-04-04,F,daniel.fenton2450@example.com,+44 7700 900795,L1 3DF,9990798338,Black Caribbean,2021-05-13,Active,0
2451,AN0002451,Omar,Doyle,2003-05-09,M,omar.doyle2451@example.com,+44 7700 900750,M1 6DH,9996680800,Other,2024-12-31,Suspended,1
2452,AN0002452,Nadia,Cohen,2000-08-26,M,nadia.cohen2452@example.com,+44 7700 900246,l16ae,9990470928,White Irish,2018-09-04,Active,0
2453,AN0002453,Oliver,Fenton,1994-10-16,M,oliver.fenton2453@example.com,+44 7700 900583,EH1 8DJ,9993922684,Black African,2016-12-22,Deferred,1
2454,AN0002454,George,Nwosu,1997-06-06,M,george.nwosu2454@example.com,07700900879,b157ed,9990728194,Mixed White and Black Caribbean,2021-08-04,Suspended,0
2455,AN0002455,Noah,Reid,1999-05-23,M,noah.reid2455@example.com,07700900618,SW1A 9AF,9993362727,Black African,2023-06-25,Deferred,1
2456,AN0002456,Daniel,Doyle,1996-10-04,F,daniel.doyle2456@example.com,07700900239,cf108ed,9997222156,Mixed White and Black Caribbean,2017-06-04,Active,0
2457,AN0002457,Daniel,Sharma,2005-03-06,M,daniel.sharma2457@example.com,07700900290,BS1 8FG,9996516083,Mixed White and Asian,2024-09-18,Active,1
2458,AN0002458,Hannah,Osman,2001-08-25,M,hannah.osman2458@example.com,+44 7700 900535,CF10 1GJ,9992966475,White Other,2024-10-13,Withdrawn,0
2459,AN0002459,Ethan,Byrne,1998-05-22,F,ethan.byrne2459@example.com,+44 7700 900854,BS1 2BF,9999851673,Mixed Other,2018-05-19,Withdrawn,1
2460,AN0002460,Zainab,Bello,1995-11-07,F,zainab.bello2460@example.com,(0161) 496 7757,bs18ha,9992364491,Mixed White and Black Caribbean,2022-12-09,Withdrawn,0
2461,AN0002461,Yusuf,Mackenzie,1993-08-21,F,yusuf.mackenzie2461@example.com,+44 7700 900796,EH1 3FB,9992631775,Other,2018-08-18,Deferred,1
2462,AN0002462,Ruth,Lawson,1998-10-28,M,ruth.lawson2462@example.com,+44 7700 900290,EH1 3BJ,9998190347,Arab,2019-01-24,Active,0
2463,AN0002463,Oliver,Cohen,1998-11-23,F,oliver.cohen2463@example.com,07700900846,NE1 6AE,9997104536,Black Other,2017-02-17,Active,0
2464,AN0002464,Daniel,Kaur,1991-07-08,F,daniel.kaur2464@example.com,(0161) 496 2072,L1 2BH,9993547158,Black African,2020-10-12,Deferred,0
2465,AN0002465,Fatima,Reid,1994-06-22,M,fatima.reid2465@example.com,+44 7700 900210,L1 7DD,9998299454,White Irish,2023-03-02,Active,1
2466,AN0002466,Zainab,Grant,1988-07-25,F,zainab.grant2466@example.com,07700900803,m19bh,9995499312,Black Caribbean,2017-04-30,Active,0
2467,AN0002467,Omar,Haddad,2000-07-12,M,omar.haddad2467@example.com,(0161) 496 8104,m14hj,9996161609,Black Other,2019-10-19,Active,0
2468,AN0002468,Fatima,Grant,2004-12-24,M,fatima.grant2468@example.com,+44 7700 900180,LS1 8FJ,9999531210,Arab,2023-08-25,Deferred,1
2469,AN0002469,Yusuf,Okafor,1994-11-28,F,yusuf.okafor2469@example.com,+44 7700 900708,CF10 8DA,9998629314,Indian,2023-06-08,Withdrawn,1
2470,AN0002470,Erin,Grant,1993-07-28,F,erin.grant2470@example.com,07700900671,CF10 5JF,9991925538,Indian,2022-03-10,Active,1
2471,AN0002471,Daniel,Fenton,1993-06-23,M,daniel.fenton2471@example.com,+44 7700 900402,B15 9FA,9997267540,Mixed White and Black Caribbean,2016-01-05,Active,1
2472,AN0002472,Hannah,Osman,2004-04-14,F,hannah.osman2472@example.com,+44 7700 900232,G1 1GH,9990385521,Bangladeshi,2023-02-02,Active,0
2473,AN0002473,Tom,Chen,1995-05-07,F,tom.chen2473@example.com,07700900942,eh14gg,9991977635,Mixed White and Black Caribbean,2022-12-05,Suspended,1
2474,AN0002474,Ruth,Fenton,1996-03-08,M,ruth.fenton2474@example.com,+44 7700 900762,EH1 4JH,9996287114,Arab,2023-05-17,Deferred,0
2475,AN0002475,Idris,Haddad,1998-09-10,F,idris.haddad2475@example.com,+44 7700 900299,BS1 5GA,9999895824,Black African,2020-02-28,Suspended,1
2476,AN0002476,Fatima,Fenton,2006-03-15,F,fatima.fenton2476@example.com,07700900633,G1 6FB,9993943142,Indian,2024-12-29,Active,0
2477,AN0002477,Kai,Byrne,1997-07-29,M,kai.byrne2477@example.com,07700900573,CF10 3FD,9995740400,Mixed White and Black Caribbean,2019-12-30,Active,1
2478,AN0002478,Noah,Murray,2002-12-12,F,noah.murray2478@example.com,+44 7700 900572,CF10 7EA,9997997514,White British,2021-03-20,Suspended,0
2479,AN0002479,Callum,Murray,2000-03-24,F,callum.murray2479@example.com,+44 7700 900273,B15 5HB,9990411700,Pakistani,2023-05-09,Suspended,0
2480,AN0002480,Wei,Sharma,2002-02-26,M,wei.sharma2480@example.com,07700900315,BS1 1AD,9995011476,Black African,2022-08-03,Withdrawn,1
2481,AN0002481,Amara,Bello,2003-12-10,F,amara.bello2481@example.com,+44 7700 900346,L1 9EA,9997574567,Black Caribbean,2022-06-01,Active,0
2482,AN0002482,Hannah,Robertson,1997-04-26,M,hannah.robertson2482@example.com,07700900971,NE1 9FH,9999034837,White Irish,2018-08-07,Suspended,0
2483,AN0002483,Isla,Byrne,2000-03-07,F,isla.byrne2483@example.com,07700900515,EH1 5AE,9999341772,Chinese,2018-05-03,Active,1
2484,AN0002484,Ruth,Novak,2002-04-05,F,ruth.novak2484@example.com,+44 7700 900836,LS1 2DB,9991867813,White Other,2023-04-22,Withdrawn,0
2485,AN0002485,Sofia,Fenton,1996-05-12,M,sofia.fenton2485@example.com,(0161) 496 8858,sw1a3gj,9995356449,White Other,2016-09-05,Active,0
2486,AN0002486,Zainab,Mackenzie,1999-07-05,F,zainab.mackenzie2486@example.com,+44 7700 900679,cf103fa,9993849200,Asian Other,2024-10-01,Active,1
2487,AN0002487,Noah,Iqbal,2003-08-19,F,noah.iqbal2487@example.com,+44 7700 900145,bs11eg,9992869399,Black Other,2022-12-26,Active,0
2488,AN0002488,James,Robertson,1998-10-01,M,james.robertson2488@example.com,+44 7700 900632,LS1 8HG,9994802496,Mixed White and Asian,2024-01-19,Active,0
2489,AN0002489,Fatima,Rossi,1993-08-05,F,fatima.rossi2489@example.com,07700900127,m11bg,9994484796,Pakistani,2020-01-23,Active,1
2490,AN0002490,George,Sharma,2000-05-07,F,george.sharma2490@example.com,+44 7700 900293,LS1 3BJ,9999902545,Asian Other,2020-02-09,Suspended,0
2491,AN0002491,James,Whitfield,1999-08-07,M,james.whitfield2491@example.com,07700900335,L1 3BA,9999729576,Black Other,2017-12-21,Active,0
2492,AN0002492,Wei,Haddad,1993-05-06,M,wei.haddad2492@example.com,+44 7700 900721,cf104ea,9992517662,Mixed Other,2018-05-29,Deferred,0
2493,AN0002493,Sarah,Lawson,1992-06-15,F,sarah.lawson2493@example.com,+44 7700 900973,B15 4FG,9995829568,Mixed White and Black Caribbean,2017-11-03,Active,0
2494,AN0002494,Liam,Osman,1990-06-24,M,liam.osman2494@example.com,07700900851,bs15fb,9997537637,Arab,2017-12-01,Deferred,0
2495,AN0002495,Zainab,Haddad,1992-10-17,F,zainab.haddad2495@example.com,(0161) 496 9154,cf107gg,9997051866,Mixed White and Black Caribbean,2019-04-11,Deferred,0
2496,AN0002496,Callum,Grant,1992-12-02,F,callum.grant2496@example.com,(0161) 496 6523,M1 2GA,9992568704,Black Caribbean,2022-09-19,Deferred,0
2497,AN0002497,Nadia,Adeyemi,1992-07-21,F,nadia.adeyemi2497@example.com,+44 7700 900846,NE1 1FH,9990638284,Mixed White and Black Caribbean,2020-03-27,Active,1
2498,AN0002498,Sarah,Haddad,1956-09-13,M,sarah.haddad2498@example.com,(0161) 496 3666,SW1A 3DG,9992380292,Black Caribbean,2017-08-05,Active,1
2499,AN0002499,Erin,Doyle,1991-12-29,M,erin.doyle2499@example.com,+44 7700 900836,M1 5JF,9997151291,Black Other,2017-07-04,Active,1
2500,AN0002500,Chloe,Fenton,1994-12-18,F,chloe.fenton2500@example.com,+44 7700 900747,B15 6FB,9995359529,Pakistani,2022-04-14,Suspended,1
2501,AN0002501,Noah,Novak,2000-06-08,M,noah.novak2501@example.com,07700900145,m19bj,9999731112,Black Caribbean,2019-08-10,Suspended,1
2502,AN0002502,Fatima,Whitfield,2001-12-20,M,fatima.whitfield2502@example.com,(0161) 496 1881,g11fg,9996197409,White British,2020-10-01,Deferred,1
2503,AN0002503,Grace,Patel,1993-11-03,F,grace.patel2503@example.com,(0161) 496 5765,G1 5DB,9994208411,Bangladeshi,2020-02-12,Suspended,1
2504,AN0002504,Daniel,Adeyemi,2003-10-02,F,,+44 7700 900436,SW1A 6FB,9991909370,Mixed White and Black Caribbean,2022-05-24,Deferred,1
2505,AN0002505,Chloe,Grant,1990-03-25,F,chloe.grant2505@example.com,07700900130,CF10 2HF,9995128489,Chinese,2016-01-10,Active,1
2506,AN0002506,Chloe,Fenton,1992-07-17,M,chloe.fenton2506@example.com,+44 7700 900854,SW1A 7DD,9991569499,White British,2020-01-14,Active,0
2507,AN0002507,Yusuf,Wright,2002-07-19,F,yusuf.wright2507@example.com,+44 7700 900111,ls14gb,9990945969,Indian,2023-03-26,Active,1
2508,AN0002508,Tom,Murray,1991-07-30,M,tom.murray2508@example.com,07700900750,CF10 4EJ,9997870182,White Other,2018-12-04,Withdrawn,0
2509,AN0002509,Sarah,Khan,1996-12-07,F,sarah.khan2509@example.com,(0161) 496 3618,B15 4BF,9994170716,Pakistani,2018-08-02,Active,1
2510,AN0002510,Chloe,Bello,1999-05-03,F,chloe.bello2510@example.com,07700900731,sw1a9be,9992208228,White Irish,2020-08-31,Active,1
2511,AN0002511,Ethan,Mackenzie,1994-01-26,F,ethan.mackenzie2511@example.com,+44 7700 900602,NE1 9BH,9999571042,Pakistani,2023-05-22,Withdrawn,1
2512,AN0002512,Grace,Osman,1997-12-09,F,,+44 7700 900381,M1 8AB,9993403059,Other,2016-03-10,Suspended,0
2513,AN0002513,Daniel,Murray,2003-06-25,M,daniel.murray2513@example.com,+44 7700 900455,NE1 2EH,9992015292,Other,2023-03-02,Suspended,1
2514,AN0002514,Sofia,Iqbal,1994-12-30,M,sofia.iqbal2514@example.com,+44 7700 900562,SW1A 1HD,9992124075,Mixed White and Asian,2019-03-24,Active,1
2515,AN0002515,Omar,Kaur,1999-11-06,F,omar.kaur2515@example.com,+44 7700 900688,LS1 2EG,9991134492,Mixed White and Asian,2023-02-18,Suspended,1
2516,AN0002516,James,Osman,1990-05-22,F,james.osman2516@example.com,07700900699,bs15gf,9994720473,Black African,2017-06-27,Deferred,1
2517,AN0002517,Wei,Novak,1991-09-20,F,,+44 7700 900363,BS1 1FH,9994444654,Other,2017-03-17,Active,0
2518,AN0002518,Idris,Mackenzie,2001-01-29,F,idris.mackenzie2518@example.com,+44 7700 900623,NE1 9HF,9990893047,Asian Other,2024-04-15,Active,1
2519,AN0002519,Kai,Rossi,1999-03-14,M,kai.rossi2519@example.com,(0161) 496 2604,B15 7JG,9993937770,Pakistani,2019-04-18,Withdrawn,1
2520,AN0002520,Omar,Thompson,1997-11-10,M,omar.thompson2520@example.com,+44 7700 900268,G1 1EE,9993720747,White Other,2020-01-22,Suspended,1
2521,AN0002521,Zainab,Whitfield,2003-04-17,F,zainab.whitfield2521@example.com,+44 7700 900340,BS1 9JJ,9995210851,Chinese,2099-07-19,Withdrawn,1
2522,AN0002522,Zainab,Iqbal,1997-06-02,F,zainab.iqbal2522@example.com,(0161) 496 3606,M1 9FG,9990885893,White Other,2023-08-27,Suspended,0
2523,AN0002523,Kai,Thompson,1997-08-06,M,kai.thompson2523@example.com,07700900608,ne14fd,9990643393,Black Other,2024-12-16,Active,0
2524,AN0002524,Idris,Mackenzie,1996-10-21,F,idris.mackenzie2524@example.com,07700900887,BS1 8DA,9993009172,Asian Other,2018-03-11,Active,1
2525,AN0002525,Tom,Ali,1995-03-12,M,tom.ali2525@example.com,07700900771,L1 3FF,9991257985,Mixed Other,2017-07-01,Suspended,0
2526,AN0002526,Priya,Chen,1999-08-13,M,priya.chen2526@example.com,+44 7700 900266,EH1 5GD,9997699157,Pakistani,2019-05-27,Deferred,0
2527,AN0002527,Liam,Byrne,1997-01-18,F,liam.byrne2527@example.com,07700900465,M1 7HG,9990180059,Black African,2024-09-06,Active,0
2528,AN0002528,Chloe,Chen,1995-09-14,M,chloe.chen2528@example.com,+44 7700 900986,LS1 4BH,9997510003,Chinese,2021-03-26,Active,1
2529,AN0002529,Chloe,Rossi,1994-06-28,M,chloe.rossi2529@example.com,07700900586,B15 9FJ,9996302121,White Other,2019-11-29,Suspended,0
2530,AN0002530,Tom,Haddad,1992-12-31,F,tom.haddad2530@example.com,(0161) 496 2529,LS1 9AE,9991026231,Arab,2018-03-04,Active,1
2531,AN0002531,Priya,Robertson,1999-05-18,M,priya.robertson2531@example.com,07700900263,LS1 3GF,9996547639,White Other,2024-10-09,Active,0
2532,AN0002532,Isla,Iqbal,1992-11-28,M,isla.iqbal2532@example.com,+44 7700 900330,G1 5DE,9994667629,Bangladeshi,2019-12-20,Active,1
2533,AN0002533,Callum,Byrne,1998-12-04,M,callum.byrne2533@example.com,+44 7700 900464,g13df,9992059648,Pakistani,2021-07-12,Active,1
2534,AN0002534,Grace,Grant,2003-06-15,F,grace.grant2534@example.com,+44 7700 900185,BS1 7AE,9998973112,Mixed Other,2021-12-20,Active,0
2535,AN0002535,Zainab,Robertson,1998-01-25,F,zainab.robertson2535@example.com,+44 7700 900194,M1 6FD,9991504370,White Irish,2019-11-06,Withdrawn,1
2536,AN0002536,Hannah,Rossi,1989-08-06,M,hannah.rossi2536@example.com,+44 7700 900835,G1 6EH,9994875973,Other,2016-04-19,Active,0
2537,AN0002537,Zainab,Khan,1998-06-23,M,,07700900968,eh14hd,9995684977,Black Other,2019-04-12,Active,1
2538,AN0002538,Ethan,Abara,1998-07-12,M,ethan.abara2538@example.com,07700900338,SW1A 9BG,9998678943,Mixed White and Black Caribbean,2023-03-10,Active,0
2539,AN0002539,Yusuf,Lawson,2001-07-18,F,yusuf.lawson2539@example.com,+44 7700 900172,BS1 3JG,9997100298,Mixed White and Black Caribbean,2022-10-03,Deferred,1
2540,AN0002540,Tom,Cohen,1990-03-01,F,tom.cohen2540@example.com,+44 7700 900475,B15 3AE,9994197290,Black Caribbean,2016-10-29,Active,0
2541,AN0002541,Tom,Haddad,1997-10-19,M,tom.haddad2541@example.com,+44 7700 900899,B15 3FA,9991713034,Other,2021-07-12,Active,1
2542,AN0002542,Sarah,Wright,1994-05-04,M,sarah.wright2542@example.com,07700900587,B15 8EB,9999275923,Other,2018-12-19,Active,1
2543,AN0002543,Kai,Sharma,1998-12-07,F,kai.sharma2543@example.com,07700900767,L1 8FA,9995661802,Mixed White and Asian,2016-12-11,Active,0
2544,AN0002544,Ethan,Reid,1998-03-05,M,ethan.reid2544@example.com,+44 7700 900163,sw1a2ad,9992126833,White Irish,2019-10-19,Active,0
2545,AN0002545,Yusuf,Khan,1997-04-21,M,,07700900679,b155ba,9997698711,White Irish,2016-05-26,Deferred,0
2546,AN0002546,Isla,Bello,2000-04-25,F,isla.bello2546@example.com,+44 7700 900283,NE1 3DG,9996167216,White Other,2019-06-02,Deferred,1
2547,AN0002547,James,Abara,2004-05-01,F,james.abara2547@example.com,(0161) 496 7397,g16ad,9992182547,White Irish,2024-10-11,Active,1
2548,AN0002548,Zainab,Bello,2001-06-16,F,zainab.bello2548@example.com,+44 7700 900357,LS1 7EE,9998771323,White British,2019-09-08,Active,0
2549,AN0002549,Callum,Byrne,2002-07-28,M,callum.byrne2549@example.com,+44 7700 900896,NE1 7JH,9997448227,Other,2023-09-28,Suspended,0
2550,AN0002550,Meera,Reid,1991-02-13,M,meera.reid2550@example.com,(0161) 496 5903,bs17ea,9996667626,Mixed White and Asian,2018-03-10,Active,0
2551,AN0002551,Idris,Murray,1998-05-28,M,idris.murray2551@example.com,(0161) 496 1680,EH1 8BH,9994657712,Asian Other,2022-10-29,Withdrawn,1
2552,AN0002552,Sarah,Iqbal,1995-12-30,F,sarah.iqbal2552@example.com,07700900695,B15 3JE,9992766549,Black Caribbean,2018-03-20,Active,1
2553,AN0002553,Yusuf,Mackenzie,1997-03-24,F,yusuf.mackenzie2553@example.com,07700900450,eh11ea,9992143665,Black Other,2024-08-13,Deferred,1
2554,AN0002554,Zainab,Lawson,1991-07-01,M,zainab.lawson2554@example.com,(0161) 496 4523,ls14fg,9993566829,Pakistani,2018-04-04,Deferred,1
2555,AN0002555,Hannah,Iqbal,1999-02-20,F,hannah.iqbal2555@example.com,07700900749,LS1 1EA,9993761915,Mixed White and Black Caribbean,2024-08-21,Withdrawn,1
2556,AN0002556,Meera,Okafor,1995-01-01,M,meera.okafor2556@example.com,(0161) 496 6834,NE1 2HD,9995394286,White Other,2017-02-10,Active,1
2557,AN0002557,Sofia,Grant,1999-08-24,M,sofia.grant2557@example.com,07700900165,CF10 4JG,9997921518,White Irish,2024-02-07,Withdrawn,0
2558,AN0002558,Priya,Okafor,1995-11-15,F,priya.okafor2558@example.com,+44 7700 900136,LS1 8JE,9990656940,Pakistani,2023-03-24,Active,1
2559,AN0002559,Noah,Whitfield,2003-06-25,M,noah.whitfield2559@example.com,+44 7700 900302,ls17jh,9991143106,Arab,2022-03-17,Active,0
2560,AN0002560,Yusuf,Bello,1996-07-18,F,yusuf.bello2560@example.com,+44 7700 900970,LS1 7FD,9990646147,Chinese,2021-08-22,Suspended,0
2561,AN0002561,Hannah,Lawson,1998-02-02,F,hannah.lawson2561@example.com,+44 7700 900825,LS1 9GF,9995847434,Black Caribbean,2024-02-29,Active,1
2562,AN0002562,Wei,Fenton,1994-01-14,M,wei.fenton2562@example.com,07700900441,BS1 8DD,9994554042,Pakistani,2021-09-12,Active,0
2563,AN0002563,James,Thompson,1990-10-28,M,james.thompson2563@example.com,+44 7700 900949,L1 8GF,9999057985,Mixed White and Asian,2019-05-14,Active,0
2564,AN0002564,Omar,Haddad,2002-05-18,M,omar.haddad2564@example.com,07700900920,b151ad,9995395258,Mixed White and Asian,2022-09-01,Withdrawn,0
2565,AN0002565,Oliver,Doyle,1993-03-06,M,oliver.doyle2565@example.com,+44 7700 900467,LS1 5GJ,9991311173,Mixed White and Black Caribbean,2021-06-19,Active,1
2566,AN0002566,Fatima,Novak,1994-07-18,M,fatima.novak2566@example.com,+44 7700 900401,BS1 3BG,9996944387,Other,2018-04-24,Suspended,1
2567,AN0002567,Liam,Grant,1995-04-30,M,liam.grant2567@example.com,+44 7700 900813,ne12ag,9994825623,Other,2016-10-07,Active,1
2568,AN0002568,Idris,Adeyemi,1989-12-19,M,idris.adeyemi2568@example.com,+44 7700 900885,ls11dh,9997842774,Black Other,2018-03-26,Active,1
2569,AN0002569,Fatima,Robertson,1998-03-12,M,fatima.robertson2569@example.com,07700900550,g11hh,9991285687,Black Other,2023-05-16,Suspended,1
2570,AN0002570,Isla,Byrne,1997-12-04,M,isla.byrne2570@example.com,+44 7700 900884,m12gh,9998540267,Pakistani,2020-09-17,Active,0
2571,AN0002571,Callum,Murray,1995-10-11,M,callum.murray2571@example.com,07700900518,b153eg,9998522919,Mixed Other,2023-10-10,Deferred,1
2572,AN0002572,Callum,Byrne,1989-03-02,F,callum.byrne2572@example.com,07700900346,bs19jb,9994845446,Chinese,2018-03-27,Active,0
2573,AN0002573,Oliver,Kaur,1995-08-30,F,oliver.kaur2573@example.com,+44 7700 900397,M1 5HG,9998316332,Bangladeshi,2019-04-12,Active,0
2574,AN0002574,Yusuf,Fenton,1989-02-16,M,yusuf.fenton2574@example.com,+44 7700 900567,G1 8HH,9997025075,Mixed White and Asian,2018-09-19,Active,1
2575,AN0002575,Priya,Reid,1992-11-07,M,priya.reid2575@example.com,07700900469,LS1 7BA,9999655327,Mixed White and Asian,2020-05-02,Deferred,1
2576,AN0002576,Meera,Adeyemi,1988-11-09,M,meera.adeyemi2576@example.com,+44 7700 900378,SW1A 5EH,9998359600,White British,2017-03-15,Active,0
2577,AN0002577,Sofia,Novak,2003-09-13,F,sofia.novak2577@example.com,+44 7700 900747,b159be,9998993814,Other,2023-09-12,Suspended,0
2578,AN0002578,Sarah,Haddad,2004-09-12,M,sarah.haddad2578@example.com,+44 7700 900470,L1 7AB,9998675227,Mixed Other,2019-09-23,Active,1
2579,AN0002579,Grace,Fenton,1993-10-21,M,grace.fenton2579@example.com,+44 7700 900209,CF10 7GB,9997313194,Arab,2016-12-20,Active,0
2580,AN0002580,Sarah,Ali,1998-12-25,F,sarah.ali2580@example.com,(0161) 496 6646,g14jh,9996516393,Indian,2019-08-28,Active,0
2581,AN0002581,Meera,Thompson,2001-04-07,M,meera.thompson2581@example.com,+44 7700 900647,M1 4FB,9995033461,White British,2024-08-08,Withdrawn,1
2582,AN0002582,Isla,Osman,1991-12-22,F,isla.osman2582@example.com,+44 7700 900408,eh17gf,9999821251,Black Other,2020-08-30,Suspended,1
2583,AN0002583,Meera,Adeyemi,1993-05-19,M,meera.adeyemi2583@example.com,07700900448,M1 4FH,9998656990,Mixed Other,2016-06-12,Withdrawn,0
2584,AN0002584,Sofia,Patel,2002-06-14,F,,(0161) 496 2281,B15 5BD,9993834106,Mixed Other,2024-11-06,Active,1
2585,AN0002585,Hannah,Lawson,1989-11-28,F,hannah.lawson2585@example.com,(0161) 496 7007,CF10 3AH,9990393362,Arab,2017-07-08,Deferred,1
2586,AN0002586,Oliver,Adeyemi,2000-06-15,F,oliver.adeyemi2586@example.com,+44 7700 900580,M1 2DA,9993409359,Bangladeshi,2019-06-29,Active,0
2587,AN0002587,Kai,Lawson,2000-04-08,M,kai.lawson2587@example.com,+44 7700 900780,SW1A 7HH,9996518477,Other,2021-06-12,Withdrawn,1
2588,AN0002588,Ethan,Rossi,1999-04-07,F,ethan.rossi2588@example.com,07700900464,L1 8BB,9999179460,White Other,2021-09-28,Withdrawn,0
2589,AN0002589,Kai,Robertson,1993-05-17,M,kai.robertson2589@example.com,07700900684,G1 2AE,9998998425,White British,2022-08-09,Active,0
2590,AN0002590,Amara,Robertson,2001-05-27,M,amara.robertson2590@example.com,(0161) 496 3290,eh12bf,9990765138,Chinese,2019-09-17,Active,0
2591,AN0002591,Hannah,Osman,1991-08-29,F,hannah.osman2591@example.com,+44 7700 900354,BS1 7BA,9999297048,Black Other,2019-03-02,Active,1
2592,AN0002592,Sofia,Grant,2001-04-11,F,sofia.grant2592@example.com,+44 7700 900485,LS1 2EG,9995614316,Mixed White and Black Caribbean,2020-06-19,Withdrawn,0
2593,AN0002593,Kai,Novak,1993-06-29,F,kai.novak2593@example.com,07700900954,BS1 6EB,9990085900,Black Caribbean,2021-09-28,Active,0
2594,AN0002594,Yusuf,Nwosu,1999-07-08,M,yusuf.nwosu2594@example.com,+44 7700 900833,eh13ej,9993134244,White Other,2019-02-19,Active,1
2595,AN0002595,Sarah,Fenton,1994-02-02,F,sarah.fenton2595@example.com,+44 7700 900176,L1 8FD,9999210171,Pakistani,2021-09-30,Active,1
2596,AN0002596,Sofia,Bianchi,1998-01-11,M,sofia.bianchi2596@example.com,(0161) 496 6522,SW1A 8HE,9992404965,White Other,2017-06-30,Suspended,1
2597,AN0002597,Ruth,Kaur,1999-12-26,F,ruth.kaur2597@example.com,+44 7700 900592,M1 5GJ,9996586863,Bangladeshi,2023-02-06,Deferred,0
2598,AN0002598,Oliver,Wright,1990-07-24,F,oliver.wright2598@example.com,+44 7700 900574,M1 3BE,9999176704,Other,2020-03-03,Withdrawn,0
2599,AN0002599,James,Chen,1989-04-28,F,james.chen2599@example.com,07700900854,EH1 5GD,9994300393,Other,2017-12-02,Suspended,0
2600,AN0002600,Nadia,Fenton,1994-10-02,F,nadia.fenton2600@example.com,07700900189,ne17fj,9999320392,Pakistani,2019-03-20,Active,1
2601,AN0002601,Sofia,Abara,1993-11-14,M,,07700900311,L1 6GJ,9994576534,White British,2020-07-07,Suspended,0
2602,AN0002602,George,Khan,1998-06-02,M,george.khan2602@example.com,(0161) 496 2828,B15 3DD,9997504127,Bangladeshi,2020-09-10,Active,1
2603,AN0002603,Isla,Bianchi,1989-03-03,M,isla.bianchi2603@example.com,07700900958,G1 6JE,9999266223,Black African,2018-09-04,Active,1
2604,AN0002604,Nadia,Okafor,1992-01-24,M,nadia.okafor2604@example.com,+44 7700 900171,SW1A 1DF,9998641799,Asian Other,2018-04-05,Suspended,1
2605,AN0002605,Grace,Patel,2001-06-18,M,grace.patel2605@example.com,+44 7700 900300,B15 9JH,9993868981,Pakistani,2022-10-06,Active,0
2606,AN0002606,Oliver,Whitfield,1992-08-28,M,oliver.whitfield2606@example.com,(0161) 496 7207,G1 3DE,9997993780,Other,2022-04-01,Active,1
2607,AN0002607,Wei,Thompson,1994-10-14,M,wei.thompson2607@example.com,+44 7700 900628,EH1 7AE,9994299506,Mixed White and Asian,2022-07-02,Active,0
2608,AN0002608,Omar,Chen,1991-12-27,M,omar.chen2608@example.com,07700900157,l17jj,9997867394,Other,2020-07-30,Active,0
2609,AN0002609,Grace,Sharma,1991-03-26,F,grace.sharma2609@example.com,+44 7700 900540,NE1 4EA,9997406249,Pakistani,2020-01-09,Active,0
2610,AN0002610,Priya,Murray,1997-06-10,F,priya.murray2610@example.com,(0161) 496 8737,L1 4HG,9998491983,Mixed Other,2018-08-22,Deferred,1
2611,AN0002611,Liam,Whitfield,1990-03-06,M,liam.whitfield2611@example.com,+44 7700 900473,L1 3FJ,9993985724,Mixed White and Asian,2017-08-01,Withdrawn,1
2612,AN0002612,Priya,Okafor,2000-06-13,F,priya.okafor2612@example.com,(0161) 496 9325,G1 9AA,9999866921,Black African,2021-03-19,Withdrawn,1
2613,AN0002613,Ruth,Okafor,2000-04-20,M,ruth.okafor2613@example.com,+44 7700 900873,L1 4GJ,9993453641,Mixed White and Asian,2099-07-11,Active,0
2614,AN0002614,Meera,Patel,1996-06-26,F,meera.patel2614@example.com,+44 7700 900264,ls17fh,9991533001,Pakistani,2024-02-03,Active,0
2615,AN0002615,Wei,Grant,2001-08-16,F,wei.grant2615@example.com,(0161) 496 8706,CF10 4AG,9995386909,Indian,2024-09-10,Active,0
2616,AN0002616,Wei,Bianchi,1990-12-15,M,wei.bianchi2616@example.com,+44 7700 900512,BS1 2GG,9995939223,Black African,2016-06-02,Active,1
2617,AN0002617,Zainab,Haddad,1999-07-07,M,zainab.haddad2617@example.com,+44 7700 900410,NE1 5FB,9999951767,Chinese,2019-10-19,Active,0
2618,AN0002618,Fatima,Rossi,1993-04-17,F,fatima.rossi2618@example.com,07700900142,L1 1GH,9991063617,White Other,2016-11-20,Deferred,0
2619,AN0002619,Ethan,Abara,1999-05-23,M,ethan.abara2619@example.com,+44 7700 900947,B15 1HE,9992145285,Arab,2021-06-08,Deferred,1
2620,AN0002620,Wei,Wright,2001-06-19,M,wei.wright2620@example.com,07700900157,G1 3BG,9996083195,Indian,2022-06-18,Active,1
2621,AN0002621,Priya,Adeyemi,1994-02-14,F,priya.adeyemi2621@example.com,07700900640,bs17gf,9998184401,Asian Other,2023-11-14,Suspended,1
2622,AN0002622,Zainab,Mackenzie,2001-11-24,F,zainab.mackenzie2622@example.com,07700900152,G1 5JF,9990566232,White British,2021-02-23,Deferred,0
2623,AN0002623,Hannah,Iqbal,2001-08-04,F,hannah.iqbal2623@example.com,+44 7700 900500,M1 6AB,9993506656,Mixed White and Asian,2020-05-26,Active,0
2624,AN0002624,Yusuf,Doyle,2001-07-23,M,yusuf.doyle2624@example.com,(0161) 496 6910,G1 8HG,9999379397,Indian,2020-01-14,Suspended,1
2625,AN0002625,Meera,Adeyemi,1993-05-02,M,meera.adeyemi2625@example.com,07700900433,LS1 2HA,9990276471,White Other,2018-07-13,Deferred,1
2626,AN0002626,Amara,Adeyemi,1995-04-11,M,amara.adeyemi2626@example.com,+44 7700 900176,bs11dh,9992377380,Indian,2023-07-30,Deferred,0
2627,AN0002627,Yusuf,Fenton,2000-01-20,M,yusuf.fenton2627@example.com,+44 7700 900369,G1 3EJ,9992874252,Mixed Other,2018-10-18,Active,1
2628,AN0002628,Erin,Reid,1997-08-18,M,erin.reid2628@example.com,07700900441,ne11aa,9998953812,Black Other,2022-03-12,Active,1
2629,AN0002629,Yusuf,Lawson,1997-03-02,F,yusuf.lawson2629@example.com,+44 7700 900656,G1 8BA,9997949145,Indian,2016-08-05,Active,0
2630,AN0002630,Isla,Adeyemi,1996-09-05,F,isla.adeyemi2630@example.com,+44 7700 900565,M1 1AH,9996266680,Mixed White and Black Caribbean,2020-10-17,Active,1
2631,AN0002631,Leila,Cohen,1990-02-03,M,leila.cohen2631@example.com,+44 7700 900921,l17hg,9995990237,Black African,2018-08-20,Active,0
2632,AN0002632,Fatima,Lawson,1998-11-13,F,fatima.lawson2632@example.com,+44 7700 900490,CF10 5FB,9996146286,Asian Other,2024-12-29,Active,0
2633,AN0002633,Ruth,Cohen,2003-07-07,M,ruth.cohen2633@example.com,+44 7700 900774,g12eb,9993561177,White British,2022-01-10,Active,1
2634,AN0002634,Ethan,Mackenzie,1999-12-02,F,ethan.mackenzie2634@example.com,+44 7700 900950,bs14jd,9993917613,Mixed Other,2021-04-28,Suspended,0
2635,AN0002635,Erin,Nwosu,1993-02-18,F,erin.nwosu2635@example.com,07700900635,eh14be,9995740877,Black Caribbean,2019-11-19,Active,1
2636,AN0002636,James,Abara,2006-09-14,M,james.abara2636@example.com,07700900529,M1 8GH,9997990617,Asian Other,2021-01-23,Withdrawn,1
2637,AN0002637,George,Chen,2000-07-29,M,george.chen2637@example.com,07700900366,G1 6BD,9995286343,Black African,2019-09-08,Active,0
2638,AN0002638,Nadia,Abara,2005-01-18,M,nadia.abara2638@example.com,(0161) 496 7236,EH1 2FF,9993752010,Mixed White and Black Caribbean,2024-09-02,Active,0
2639,AN0002639,George,Haddad,2004-01-11,F,george.haddad2639@example.com,(0161) 496 6745,L1 4EJ,9998409136,Black African,2023-07-20,Active,1
2640,AN0002640,Ethan,Byrne,1989-03-08,F,ethan.byrne2640@example.com,+44 7700 900483,L1 2FG,9999514952,Black Other,2016-03-04,Suspended,0
2641,AN0002641,Sofia,Patel,1993-08-18,M,sofia.patel2641@example.com,(0161) 496 8651,LS1 7HB,9998084385,White Other,2018-05-21,Active,1
2642,AN0002642,Ethan,Chen,1992-01-13,M,ethan.chen2642@example.com,07700900123,bs11ja,9996445038,White British,2021-04-02,Withdrawn,0
2643,AN0002643,Callum,Novak,1993-07-16,M,callum.novak2643@example.com,07700900729,SW1A 9BJ,9990027633,Pakistani,2016-01-11,Deferred,1
2644,AN0002644,Amara,Nwosu,1993-01-08,F,amara.nwosu2644@example.com,07700900431,SW1A 5ED,9996059049,Arab,2018-04-26,Active,1
2645,AN0002645,Tom,Cohen,1997-01-01,F,tom.cohen2645@example.com,+44 7700 900310,SW1A 6EJ,9994513591,Mixed Other,2017-07-30,Active,0
2646,AN0002646,Nadia,Sharma,1999-01-12,M,nadia.sharma2646@example.com,07700900737,L1 3JF,9994119915,Chinese,2023-02-07,Active,1
2647,AN0002647,Nadia,Mackenzie,2005-10-31,F,nadia.mackenzie2647@example.com,(0161) 496 3839,CF10 1AH,9999223842,Chinese,2024-01-16,Active,1
2648,AN0002648,Grace,Reid,2001-03-02,F,grace.reid2648@example.com,(0161) 496 5925,G1 9DD,9997475291,Black African,2022-11-28,Suspended,1
2649,AN0002649,Oliver,Iqbal,1997-01-13,M,oliver.iqbal2649@example.com,+44 7700 900966,NE1 6HE,9996766578,White Irish,2020-06-18,Active,0
2650,AN0002650,Omar,Okafor,1996-09-16,M,omar.okafor2650@example.com,+44 7700 900759,ne18ge,9994214489,Chinese,2016-11-16,Deferred,1
2651,AN0002651,Isla,Novak,2001-01-27,F,isla.novak2651@example.com,07700900639,B15 7ED,9995430932,Black Other,2024-09-11,Withdrawn,0
2652,AN0002652,Kai,Bianchi,1999-09-25,F,kai.bianchi2652@example.com,+44 7700 900300,EH1 7HA,9996899241,Other,2019-10-23,Active,1
2653,AN0002653,Meera,Bianchi,1995-06-20,M,meera.bianchi2653@example.com,07700900780,M1 1EA,9991239553,Indian,2019-08-07,Active,0
2654,AN0002654,Yusuf,Doyle,1992-12-24,M,yusuf.doyle2654@example.com,+44 7700 900256,NE1 6FB,9992263261,Pakistani,2020-09-06,Active,1
2655,AN0002655,George,Cohen,1993-02-21,F,george.cohen2655@example.com,07700900373,G1 2HJ,9996842320,Mixed White and Asian,2018-04-11,Active,1
2656,AN0002656,Zainab,Fenton,1994-12-21,M,zainab.fenton2656@example.com,+44 7700 900496,BS1 4BA,9995719738,Bangladeshi,2019-01-05,Active,0
2657,AN0002657,Zainab,Mackenzie,1996-08-22,F,zainab.mackenzie2657@example.com,(0161) 496 8688,CF10 3HA,9993564095,Asian Other,2019-10-27,Active,1
2658,AN0002658,Ethan,Bello,1989-05-15,M,ethan.bello2658@example.com,+44 7700 900674,cf108he,9991919481,Arab,2016-11-16,Active,1
2659,AN0002659,Sarah,Nwosu,1990-07-13,M,sarah.nwosu2659@example.com,+44 7700 900396,M1 6GB,9995863731,Black Other,2018-08-18,Active,0
2660,AN0002660,Amara,Lawson,2003-02-20,F,amara.lawson2660@example.com,+44 7700 900544,NE1 7GF,9991621067,Mixed White and Black Caribbean,2021-04-23,Deferred,0
2661,AN0002661,Isla,Murray,2000-04-09,M,isla.murray2661@example.com,07700900512,G1 5EB,9995771039,White Irish,2022-11-27,Withdrawn,0
2662,AN0002662,Oliver,Cohen,1998-05-21,F,oliver.cohen2662@example.com,07700900724,L1 4GF,9995212587,Mixed Other,2022-06-06,Active,1
2663,AN0002663,Wei,Kaur,2005-10-30,M,wei.kaur2663@example.com,07700900798,EH1 1BG,9994140507,Mixed White and Black Caribbean,2024-07-15,Active,0
2664,AN0002664,Ruth,Ali,2000-11-26,F,ruth.ali2664@example.com,07700900715,CF10 4HF,9992264721,Black Other,2023-07-25,Withdrawn,1
2665,AN0002665,Ruth,Ali,1996-08-10,F,ruth.ali2665@example.com,+44 7700 900714,CF10 1FD,9998174422,Mixed White and Black Caribbean,2023-11-04,Withdrawn,0
2666,AN0002666,Kai,Osman,1994-04-20,F,kai.osman2666@example.com,07700900290,L1 7DA,9998812240,Mixed White and Asian,2023-11-04,Active,0
2667,AN0002667,Kai,Adeyemi,1991-10-01,F,kai.adeyemi2667@example.com,+44 7700 900108,bs18ah,9995159112,Other,2017-10-15,Active,0
2668,AN0002668,Fatima,Thompson,2002-10-02,F,fatima.thompson2668@example.com,(0161) 496 4919,L1 8AH,9993775878,Bangladeshi,2020-12-06,Deferred,1
2669,AN0002669,Tom,Grant,1991-10-16,M,tom.grant2669@example.com,07700900431,B15 4EA,9992569646,Arab,2016-12-19,Deferred,1
2670,AN0002670,Kai,Lawson,1995-06-09,M,kai.lawson2670@example.com,(0161) 496 6845,M1 7EF,9994226630,White Other,2016-10-02,Active,1
2671,AN0002671,Erin,Whitfield,1989-03-04,M,erin.whitfield2671@example.com,07700900768,EH1 2EB,9991364633,Black Other,2016-03-13,Active,1
2672,AN0002672,Daniel,Nwosu,1991-11-20,M,daniel.nwosu2672@example.com,+44 7700 900432,B15 5GD,9999799345,Mixed Other,2018-01-22,Active,1
2673,AN0002673,Oliver,Cohen,2000-11-12,F,oliver.cohen2673@example.com,+44 7700 900785,BS1 8AH,9996412318,Black Other,2022-03-01,Active,0
2674,AN0002674,Wei,Mackenzie,1993-03-29,M,wei.mackenzie2674@example.com,+44 7700 900563,G1 1BH,9997034910,Black African,2018-12-06,Active,0
2675,AN0002675,Leila,Iqbal,1992-11-11,M,leila.iqbal2675@example.com,(0161) 496 7773,eh13jd,9992645431,Mixed White and Asian,2017-05-28,Active,1
2676,AN0002676,Ethan,Kaur,1999-01-07,F,ethan.kaur2676@example.com,07700900499,l13hh,9990133328,Other,2024-08-10,Suspended,0
2677,AN0002677,Idris,Thompson,2002-11-04,F,idris.thompson2677@example.com,07700900595,M1 7BF,9994918516,Black Caribbean,2021-01-26,Withdrawn,1
2678,AN0002678,Zainab,Haddad,1993-05-03,M,zainab.haddad2678@example.com,07700900697,G1 3HA,9998228794,Black Other,2017-05-19,Withdrawn,1
2679,AN0002679,Liam,Mackenzie,2005-09-23,F,liam.mackenzie2679@example.com,+44 7700 900788,g13ed,9997890884,Black Other,2024-09-24,Deferred,0
2680,AN0002680,Nadia,Osman,1995-02-07,M,nadia.osman2680@example.com,+44 7700 900866,L1 2BD,9997302389,Mixed White and Black Caribbean,2016-03-02,Withdrawn,1
2681,AN0002681,Ruth,Abara,1987-11-30,M,ruth.abara2681@example.com,(0161) 496 1576,L1 3DE,9993358231,Asian Other,2017-02-02,Suspended,1
2682,AN0002682,Liam,Thompson,2004-07-05,F,liam.thompson2682@example.com,07700900580,B15 9JD,9997678230,Mixed White and Asian,2023-11-02,Active,1
2683,AN0002683,Amara,Chen,1998-02-04,F,amara.chen2683@example.com,+44 7700 900361,EH1 9HG,9993062065,White Other,2022-08-26,Active,1
2684,AN0002684,Idris,Osman,1994-09-25,F,idris.osman2684@example.com,+44 7700 900277,BS1 9BB,9990843392,Indian,2022-11-21,Active,0
2685,AN0002685,Hassan,Murray,2003-01-26,F,hassan.murray2685@example.com,07700900355,B15 1GA,9994950444,Asian Other,2022-03-01,Deferred,0
2686,AN0002686,Oliver,Thompson,2001-11-01,M,,+44 7700 900632,EH1 5BH,9996936244,White Irish,2022-08-16,Suspended,1
2687,AN0002687,Yusuf,Thompson,1994-10-04,M,yusuf.thompson2687@example.com,+44 7700 900618,M1 4JA,9995741032,Other,2023-05-05,Active,0
2688,AN0002688,Amara,Haddad,2000-10-25,M,amara.haddad2688@example.com,07700900231,G1 9EG,9996357813,Indian,2024-03-06,Active,1
2689,AN0002689,Idris,Bianchi,1989-07-11,F,idris.bianchi2689@example.com,(0161) 496 5500,l12ed,9999010296,Indian,2019-02-12,Active,1
2690,AN0002690,Leila,Thompson,1990-08-09,M,leila.thompson2690@example.com,(0161) 496 1871,M1 5HA,9995359685,Bangladeshi,2017-02-07,Suspended,0
2691,AN0002691,Sarah,Fenton,2000-04-16,M,sarah.fenton2691@example.com,(0161) 496 4970,G1 7EB,9996602710,Mixed White and Asian,2019-01-13,Suspended,0
2692,AN0002692,Oliver,Wright,1996-05-02,F,oliver.wright2692@example.com,(0161) 496 9398,L1 2BE,9995104733,White British,2023-02-05,Withdrawn,0
2693,AN0002693,Amara,Wright,1998-07-22,M,amara.wright2693@example.com,07700900813,eh19df,9994697897,Black Caribbean,2017-11-05,Active,1
2694,AN0002694,Hassan,Haddad,1995-09-06,M,hassan.haddad2694@example.com,07700900193,BS1 8HE,9995004194,Mixed White and Black Caribbean,2018-06-24,Active,0
2695,AN0002695,Tom,Kaur,1995-06-20,F,tom.kaur2695@example.com,07700900979,CF10 2JA,9991668462,Black Caribbean,2016-06-28,Deferred,0
2696,AN0002696,Idris,Kaur,1988-08-18,F,,+44 7700 900416,NE1 2BH,9999234445,White Irish,2016-05-06,Active,1
2697,AN0002697,Oliver,Chen,1993-11-01,M,oliver.chen2697@example.com,+44 7700 900327,BS1 7EH,9999160492,Black Caribbean,2019-06-20,Active,1
2698,AN0002698,Omar,Murray,1996-09-07,M,omar.murray2698@example.com,+44 7700 900157,CF10 7HE,9992185899,Chinese,2017-10-07,Deferred,1
2699,AN0002699,Ethan,Adeyemi,1995-02-04,F,ethan.adeyemi2699@example.com,+44 7700 900897,G1 8BD,9995656418,Mixed Other,2024-02-24,Active,1
2700,AN0002700,Callum,Haddad,2001-09-03,F,callum.haddad2700@example.com,07700900214,M1 2DA,9999359671,Bangladeshi,2021-02-17,Deferred,1
2701,AN0002701,Amara,Iqbal,2000-11-29,F,amara.iqbal2701@example.com,+44 7700 900180,G1 1EE,9999848087,Mixed Other,2024-02-03,Active,1
2702,AN0002702,Leila,Bianchi,1993-10-18,M,leila.bianchi2702@example.com,07700900938,EH1 4FD,9999785328,Indian,2023-07-03,Withdrawn,0
2703,AN0002703,Liam,Murray,1996-11-21,M,liam.murray2703@example.com,+44 7700 900114,EH1 1AE,9996584909,Indian,2018-09-11,Active,0
2704,AN0002704,Erin,Cohen,1997-11-12,M,erin.cohen2704@example.com,(0161) 496 8374,ne18aa,9999027997,White British,2020-11-07,Active,1
2705,AN0002705,Tom,Robertson,2002-12-26,M,tom.robertson2705@example.com,07700900297,NE1 7FE,9996771776,Black Other,2022-10-12,Active,1
2706,AN0002706,Ruth,Reid,1996-03-26,M,ruth.reid2706@example.com,07700900737,M1 6FJ,9998141249,Black Other,2023-08-21,Deferred,0
2707,AN0002707,Idris,Grant,1999-05-27,F,idris.grant2707@example.com,+44 7700 900646,L1 6GA,9992448180,Mixed White and Asian,2024-06-08,Active,1
2708,AN0002708,Yusuf,Okafor,1995-05-07,M,yusuf.okafor2708@example.com,(0161) 496 4291,NE1 8AJ,9991420134,Black African,2017-02-19,Deferred,1
2709,AN0002709,Tom,Rossi,2003-08-17,M,tom.rossi2709@example.com,(0161) 496 6089,SW1A 5HD,9998635721,Chinese,2024-05-18,Active,0
2710,AN0002710,Meera,Reid,1997-06-29,M,meera.reid2710@example.com,+44 7700 900426,EH1 5HF,9993210951,Black Caribbean,2018-07-19,Suspended,1
2711,AN0002711,Sofia,Haddad,1991-07-06,M,sofia.haddad2711@example.com,+44 7700 900583,BS1 1BF,9996170993,Mixed White and Black Caribbean,2017-02-20,Active,0
2712,AN0002712,Chloe,Sharma,1988-12-10,F,chloe.sharma2712@example.com,07700900266,G1 8HD,9999028055,Arab,2018-06-01,Deferred,1
2713,AN0002713,Zainab,Okafor,1997-12-02,F,zainab.okafor2713@example.com,+44 7700 900452,CF10 7EA,9995727560,Pakistani,2016-04-08,Deferred,0
2714,AN0002714,James,Nwosu,1991-11-04,M,james.nwosu2714@example.com,(0161) 496 4475,BS1 1GE,9991376070,Bangladeshi,2017-04-10,Active,0
2715,AN0002715,Wei,Lawson,2001-06-29,M,wei.lawson2715@example.com,(0161) 496 3306,B15 8JG,9997946685,Black Other,2024-03-16,Active,0
2716,AN0002716,George,Thompson,2001-11-08,F,george.thompson2716@example.com,+44 7700 900765,NE1 9AJ,9997465857,Arab,2024-07-19,Suspended,1
2717,AN0002717,Callum,Doyle,1996-03-31,M,callum.doyle2717@example.com,+44 7700 900559,BS1 4FH,9995228734,Black Other,2019-05-10,Active,0
2718,AN0002718,Sofia,Grant,1994-11-08,M,sofia.grant2718@example.com,+44 7700 900742,m15fj,9997476395,Arab,2021-05-22,Withdrawn,0
2719,AN0002719,James,Whitfield,1990-01-07,F,james.whitfield2719@example.com,(0161) 496 3933,L1 8HA,9998886740,Bangladeshi,2016-10-02,Active,1
2720,AN0002720,Leila,Murray,1987-11-26,F,leila.murray2720@example.com,07700900403,CF10 3DB,9994651862,Black Other,2016-05-04,Deferred,0
2721,AN0002721,Zainab,Ali,1996-11-19,F,zainab.ali2721@example.com,(0161) 496 4824,NE1 3JA,9996865142,Mixed Other,2016-12-17,Deferred,1
2722,AN0002722,Idris,Sharma,2005-02-06,M,idris.sharma2722@example.com,07700900855,G1 4HJ,9995522640,White Other,2024-10-13,Withdrawn,0
2723,AN0002723,George,Robertson,1996-12-29,F,george.robertson2723@example.com,07700900674,L1 4GB,999320227,Indian,2020-03-12,Active,0
2724,AN0002724,Noah,Byrne,2003-07-16,M,noah.byrne2724@example.com,+44 7700 900384,bs19aa,9998475554,Arab,2021-08-11,Withdrawn,1
2725,AN0002725,Fatima,Mackenzie,1995-06-01,M,fatima.mackenzie2725@example.com,07700900334,BS1 2ED,9991836691,Black African,2023-09-13,Suspended,0
2726,AN0002726,Zainab,Osman,1993-10-03,F,zainab.osman2726@example.com,+44 7700 900628,L1 4DJ,9998456274,Indian,2021-10-02,Withdrawn,0
2727,AN0002727,Oliver,Sharma,2002-08-29,F,oliver.sharma2727@example.com,+44 7700 900724,ne15ga,9996609472,Chinese,2023-01-04,Active,1
2728,AN0002728,Wei,Reid,1998-03-21,F,wei.reid2728@example.com,07700900644,BS1 9JD,9994463128,Black African,2020-10-09,Deferred,0
2729,AN0002729,Leila,Reid,1989-04-03,F,,+44 7700 900351,BS1 1BB,9998513685,Black African,2016-06-24,Active,1
2730,AN0002730,Isla,Doyle,1987-09-09,F,isla.doyle2730@example.com,+44 7700 900335,L1 1AJ,9995190036,Bangladeshi,2017-03-19,Active,1
2731,AN0002731,James,Patel,1996-01-28,F,james.patel2731@example.com,+44 7700 900536,L1 5FH,9993103233,Asian Other,2018-09-17,Suspended,1
2732,AN0002732,Idris,Adeyemi,1993-02-16,F,idris.adeyemi2732@example.com,+44 7700 900864,G1 9GD,9996459969,Pakistani,2018-09-21,Active,1
2733,AN0002733,Tom,Byrne,1989-06-07,M,tom.byrne2733@example.com,+44 7700 900474,ne19ed,9990781419,Pakistani,2017-07-11,Deferred,1
2734,AN0002734,Oliver,Okafor,1998-10-26,M,oliver.okafor2734@example.com,+44 7700 900951,BS1 3FF,9995475979,White Other,2023-06-08,Active,0
2735,AN0002735,Hannah,Thompson,1990-08-18,F,hannah.thompson2735@example.com,+44 7700 900789,SW1A 3FD,9994684582,Chinese,2020-03-11,Withdrawn,0
2736,AN0002736,Idris,Okafor,1997-12-21,M,idris.okafor2736@example.com,(0161) 496 6651,NE1 8DH,9992750278,White Other,2024-12-22,Suspended,0
2737,AN0002737,Callum,Mackenzie,1999-01-25,M,callum.mackenzie2737@example.com,+44 7700 900899,L1 3AJ,9996497062,Black Other,2018-01-24,Suspended,0
2738,AN0002738,Omar,Khan,1995-07-08,F,,07700900936,EH1 4EG,9993950211,White Other,2023-08-30,Deferred,0
2739,AN0002739,Erin,Reid,1996-09-17,M,erin.reid2739@example.com,(0161) 496 1656,NE1 3DD,9995322080,Asian Other,2021-09-14,Suspended,1
2740,AN0002740,Callum,Bianchi,1989-10-07,M,callum.bianchi2740@example.com,+44 7700 900492,M1 8BA,9994782479,Mixed White and Black Caribbean,2016-07-20,Suspended,0
2741,AN0002741,Chloe,Thompson,1999-09-06,M,chloe.thompson2741@example.com,07700900528,G1 1HG,9996027317,Mixed Other,2021-06-18,Active,0
2742,AN0002742,Hannah,Iqbal,1996-03-06,F,hannah.iqbal2742@example.com,+44 7700 900942,B15 3JA,9995241692,Black African,2016-08-05,Deferred,1
2743,AN0002743,Nadia,Lawson,1994-08-16,F,nadia.lawson2743@example.com,+44 7700 900506,EH1 7BF,9998400007,Indian,2019-05-12,Active,1
2744,AN0002744,George,Whitfield,1994-08-27,F,george.whitfield2744@example.com,07700900117,L1 4DE,9992583371,Mixed Other,2021-01-06,Deferred,0
2745,AN0002745,Noah,Khan,1996-04-07,F,noah.khan2745@example.com,+44 7700 900218,G1 5BJ,9995786613,White Irish,2017-08-01,Withdrawn,0
2746,AN0002746,Priya,Okafor,1992-11-01,M,priya.okafor2746@example.com,07700900490,ls15je,9990269637,White Other,2019-12-10,Active,1
2747,AN0002747,Noah,Iqbal,1997-07-13,M,noah.iqbal2747@example.com,07700900479,L1 6JG,9993183822,Chinese,2023-08-01,Active,0
2748,AN0002748,Leila,Khan,1999-08-28,F,leila.khan2748@example.com,+44 7700 900753,g11be,9998429323,Mixed White and Asian,2022-01-10,Withdrawn,1
2749,AN0002749,Daniel,Grant,1996-11-13,F,daniel.grant2749@example.com,+44 7700 900961,L1 1BA,9993605492,Other,2016-07-07,Active,0
2750,AN0002750,Meera,Osman,1999-07-28,M,meera.osman2750@example.com,(0161) 496 3703,L1 8GH,9999990606,Black Caribbean,2018-08-12,Active,1
2751,AN0002751,Grace,Doyle,2001-11-10,F,grace.doyle2751@example.com,+44 7700 900960,M1 2DD,9990758646,Asian Other,2020-05-09,Active,0
2752,AN0002752,James,Osman,1998-03-25,M,james.osman2752@example.com,07700900302,M1 5DH,9991861750,Mixed White and Asian,2021-07-12,Suspended,1
2753,AN0002753,Tom,Adeyemi,1991-03-11,F,tom.adeyemi2753@example.com,(0161) 496 3778,LS1 1HD,9995830035,Mixed White and Black Caribbean,2019-07-23,Suspended,0
2754,AN0002754,Leila,Murray,1997-04-23,F,leila.murray2754@example.com,+44 7700 900351,EH1 5BA,9995348837,White Other,2023-12-09,Suspended,0
2755,AN0002755,Oliver,Khan,1992-03-25,M,oliver.khan2755@example.com,+44 7700 900608,BS1 4DB,9991671773,Indian,2017-11-01,Active,0
2756,AN0002756,Fatima,Mackenzie,1996-06-04,F,,(0161) 496 8155,M1 8FG,9994179187,Black African,2016-06-27,Withdrawn,0
2757,AN0002757,James,Fenton,1998-09-08,M,james.fenton2757@example.com,+44 7700 900160,LS1 2FA,9990113920,Indian,2016-09-11,Active,0
2758,AN0002758,Hassan,Chen,1996-01-14,F,hassan.chen2758@example.com,+44 7700 900760,L1 7FG,9998468914,Mixed White and Black Caribbean,2021-03-24,Withdrawn,0
2759,AN0002759,Tom,Reid,1996-11-05,F,tom.reid2759@example.com,+44 7700 900145,bs12fj,9991929088,Asian Other,2020-06-14,Active,0
2760,AN0002760,Hannah,Khan,1996-08-20,M,hannah.khan2760@example.com,07700900647,BS1 7BD,9996991695,Bangladeshi,2020-03-19,Withdrawn,1
2761,AN0002761,Yusuf,Grant,2004-11-11,F,yusuf.grant2761@example.com,07700900485,G1 8FH,9999775977,Other,2023-07-23,Active,1
2762,AN0002762,Tom,Murray,1994-10-08,M,tom.murray2762@example.com,+44 7700 900573,G1 1HD,9993733938,Black African,2023-06-18,Active,1
2763,AN0002763,Ruth,Byrne,1994-03-22,F,ruth.byrne2763@example.com,+44 7700 900612,CF10 6JA,9998546052,Pakistani,2023-06-13,Active,1
2764,AN0002764,Erin,Whitfield,1998-03-07,M,erin.whitfield2764@example.com,+44 7700 900440,NE1 8DA,9992955767,Chinese,2017-07-08,Active,0
2765,AN0002765,Meera,Doyle,2005-01-23,M,meera.doyle2765@example.com,(0161) 496 1166,CF10 3EB,9994344919,Other,2023-09-01,Active,1
2766,AN0002766,James,Kaur,1999-05-18,F,james.kaur2766@example.com,+44 7700 900214,L1 3FG,9996343650,White Irish,2022-02-14,Suspended,1
2767,AN0002767,Sarah,Haddad,1989-01-19,F,sarah.haddad2767@example.com,+44 7700 900111,NE1 7DJ,9997019180,Arab,2017-08-01,Active,1
2768,AN0002768,Sarah,Okafor,1995-03-19,M,sarah.okafor2768@example.com,07700900146,L1 2AD,9995034611,White Other,2019-01-01,Active,0
2769,AN0002769,Isla,Byrne,1992-01-26,M,isla.byrne2769@example.com,+44 7700 900955,G1 6FG,9992335599,White Other,2021-05-30,Active,1
2770,AN0002770,Omar,Bello,1993-05-31,F,omar.bello2770@example.com,+44 7700 900806,B15 7EE,9994865005,Arab,2016-12-22,Active,1
2771,AN0002771,Tom,Cohen,1995-01-09,M,tom.cohen2771@example.com,(0161) 496 2435,CF10 6EH,9990669678,Other,2018-01-04,Suspended,0
2772,AN0002772,Hannah,Abara,1996-04-02,F,hannah.abara2772@example.com,07700900253,eh15hf,999153509,White British,2018-05-01,Withdrawn,1
2773,AN0002773,Tom,Iqbal,2004-07-10,F,tom.iqbal2773@example.com,+44 7700 900487,B15 3FH,9993271004,Black Caribbean,2024-03-29,Suspended,0
2774,AN0002774,Yusuf,Nwosu,1998-07-01,F,yusuf.nwosu2774@example.com,07700900828,sw1a9bd,9995091631,Asian Other,2020-10-24,Suspended,0
2775,AN0002775,Leila,Ali,2000-10-24,F,leila.ali2775@example.com,07700900325,LS1 9HG,9991192492,Indian,2024-12-23,Active,0
2776,AN0002776,James,Lawson,1992-01-26,M,james.lawson2776@example.com,07700900215,NE1 4DF,9996791777,Mixed White and Asian,2016-04-18,Active,1
2777,AN0002777,James,Patel,2003-11-01,F,james.patel2777@example.com,+44 7700 900987,LS1 4EG,9993353159,Asian Other,2022-12-15,Active,1
2778,AN0002778,Amara,Murray,1997-10-30,M,amara.murray2778@example.com,07700900462,SW1A 5AF,9997716825,Bangladeshi,2024-06-16,Active,0
2779,AN0002779,Isla,Mackenzie,1994-02-13,M,isla.mackenzie2779@example.com,+44 7700 900484,LS1 8AE,9994732234,Pakistani,2020-04-30,Active,1
2780,AN0002780,Amara,Abara,1999-03-26,M,amara.abara2780@example.com,+44 7700 900864,M1 3GF,9995287846,Other,2020-11-07,Active,0
2781,AN0002781,George,Adeyemi,1999-02-09,F,george.adeyemi2781@example.com,+44 7700 900319,EH1 5BA,9999406521,Mixed White and Black Caribbean,2021-03-22,Active,0
2782,AN0002782,Hassan,Ali,2002-09-21,F,hassan.ali2782@example.com,(0161) 496 9808,B15 5GB,9999550894,Arab,2023-02-01,Active,1
2783,AN0002783,Kai,Fenton,1993-10-13,M,kai.fenton2783@example.com,07700900784,L1 1HH,9990162204,Black Caribbean,2018-12-16,Active,1
2784,AN0002784,Oliver,Thompson,1991-07-10,F,oliver.thompson2784@example.com,+44 7700 900630,EH1 3HB,9998305683,Pakistani,2018-11-27,Withdrawn,0
2785,AN0002785,Yusuf,Rossi,1990-04-19,M,yusuf.rossi2785@example.com,07700900756,NE1 1DD,9999252109,Black African,2016-07-11,Deferred,0
2786,AN0002786,Tom,Kaur,1991-07-13,F,tom.kaur2786@example.com,07700900316,SW1A 3JD,9999025102,White British,2019-11-16,Deferred,0
2787,AN0002787,Amara,Patel,1996-07-12,F,amara.patel2787@example.com,(0161) 496 9396,NE1 4GF,9992603224,Black Caribbean,2022-09-14,Active,0
2788,AN0002788,Yusuf,Kaur,1996-03-20,M,yusuf.kaur2788@example.com,+44 7700 900890,ne12jb,9996088898,Mixed White and Black Caribbean,2021-03-31,Deferred,0
2789,AN0002789,Leila,Sharma,1998-12-03,F,leila.sharma2789@example.com,+44 7700 900291,LS1 9HH,9990999740,Black African,2022-01-26,Active,0
2790,AN0002790,Chloe,Grant,1993-06-06,M,chloe.grant2790@example.com,+44 7700 900402,NE1 8EJ,9995901250,Mixed Other,2017-03-26,Suspended,1
2791,AN0002791,Ethan,Murray,1995-12-23,M,ethan.murray2791@example.com,(0161) 496 8234,NE1 7JB,9992959959,Other,2018-04-14,Active,1
2792,AN0002792,Oliver,Novak,1998-04-15,M,oliver.novak2792@example.com,+44 7700 900190,BS1 2AE,9993635928,Indian,2023-05-06,Withdrawn,1
2793,AN0002793,Amara,Whitfield,2000-07-07,M,amara.whitfield2793@example.com,+44 7700 900645,NE1 7HE,9996115429,Indian,2018-12-24,Active,1
2794,AN0002794,Grace,Adeyemi,1993-07-22,M,grace.adeyemi2794@example.com,07700900495,G1 6BJ,9996664813,Black African,2022-09-12,Active,0
2795,AN0002795,Tom,Fenton,1999-01-13,M,tom.fenton2795@example.com,07700900680,NE1 1BB,9996382249,Black African,2021-01-19,Active,0
2796,AN0002796,Callum,Iqbal,2001-11-19,F,callum.iqbal2796@example.com,+44 7700 900626,BS1 9BJ,9995517914,Mixed White and Black Caribbean,2024-09-01,Active,0
2797,AN0002797,Callum,Osman,2003-12-20,F,callum.osman2797@example.com,+44 7700 900830,EH1 9EA,9994940805,White Other,2022-04-04,Active,0
2798,AN0002798,Nadia,Osman,1994-11-29,M,nadia.osman2798@example.com,07700900818,B15 4EB,9999266401,Asian Other,2019-08-27,Withdrawn,0
2799,AN0002799,Oliver,Iqbal,1992-04-03,M,oliver.iqbal2799@example.com,07700900540,EH1 1BA,9991091793,Mixed White and Asian,2016-01-12,Active,0
2800,AN0002800,James,Fenton,2001-10-22,M,james.fenton2800@example.com,07700900436,B15 8FF,9995839318,Mixed White and Black Caribbean,2025-01-08,Deferred,1
2801,AN0002801,Callum,Khan,2000-09-10,M,callum.khan2801@example.com,+44 7700 900573,NE1 2DH,9998107865,Asian Other,2024-01-15,Active,0
2802,AN0002802,Liam,Bello,2002-11-29,M,liam.bello2802@example.com,+44 7700 900895,NE1 2JH,9992558814,White Other,2021-03-16,Withdrawn,0
2803,AN0002803,Amara,Khan,1995-05-12,M,amara.khan2803@example.com,(0161) 496 2562,NE1 1JF,9994676008,Black African,2020-12-06,Deferred,0
2804,AN0002804,Idris,Iqbal,1997-04-05,F,idris.iqbal2804@example.com,+44 7700 900288,G1 5FG,9997951964,White Other,2022-10-27,Active,0
2805,AN0002805,Yusuf,Byrne,1994-01-15,M,yusuf.byrne2805@example.com,07700900701,SW1A 6FF,9999625215,Mixed Other,2023-05-24,Active,0
2806,AN0002806,Sofia,Lawson,1997-08-10,M,sofia.lawson2806@example.com,+44 7700 900513,cf107jg,9994420313,Black Other,2022-11-24,Active,1
2807,AN0002807,James,Robertson,1993-10-25,M,james.robertson2807@example.com,(0161) 496 5545,G1 1JJ,9996350967,White Irish,2019-11-22,Deferred,0
2808,AN0002808,Hassan,Chen,1992-06-27,F,hassan.chen2808@example.com,+44 7700 900311,BS1 4GD,9990177260,Black Other,2017-08-22,Active,0
2809,AN0002809,Hannah,Lawson,1997-09-09,M,hannah.lawson2809@example.com,+44 7700 900771,EH1 3JA,9998233208,White Irish,2018-04-15,Active,1
2810,AN0002810,Yusuf,Reid,2002-08-15,F,yusuf.reid2810@example.com,(0161) 496 7538,L1 5AJ,9995331152,Mixed White and Asian,2023-09-02,Active,0
2811,AN0002811,Daniel,Abara,1999-11-19,F,daniel.abara2811@example.com,+44 7700 900802,M1 9FE,9994921525,Mixed Other,2020-08-25,Active,1
2812,AN0002812,Ethan,Grant,2004-11-28,F,ethan.grant2812@example.com,+44 7700 900726,B15 1ED,9996880702,Indian,2024-06-05,Suspended,0
2813,AN0002813,Yusuf,Byrne,2000-05-26,F,yusuf.byrne2813@example.com,+44 7700 900931,M1 3GB,9991791949,Black African,2023-11-10,Withdrawn,1
2814,AN0002814,Noah,Iqbal,1996-10-12,F,noah.iqbal2814@example.com,+44 7700 900306,CF10 8BB,9992034572,Black African,2021-04-23,Active,1
2815,AN0002815,Daniel,Robertson,1992-08-21,M,daniel.robertson2815@example.com,(0161) 496 1775,LS1 3FD,9997166434,Chinese,2019-11-12,Withdrawn,0
2816,AN0002816,Omar,Fenton,2000-09-03,F,omar.fenton2816@example.com,07700900263,M1 2BG,9999270999,Chinese,2023-10-12,Withdrawn,0
2817,AN0002817,Nadia,Fenton,1996-12-08,M,nadia.fenton2817@example.com,+44 7700 900831,M1 2JE,9996005208,Black Caribbean,2021-04-13,Suspended,1
2818,AN0002818,Hannah,Robertson,1994-02-19,F,hannah.robertson2818@example.com,+44 7700 900305,ne16ej,9992278390,Bangladeshi,2020-09-06,Withdrawn,0
2819,AN0002819,Amara,Cohen,2003-08-11,F,amara.cohen2819@example.com,+44 7700 900656,NE1 1JH,9996577651,Black Caribbean,2024-11-06,Active,1
2820,AN0002820,Grace,Nwosu,1995-02-02,F,grace.nwosu2820@example.com,+44 7700 900880,m13fg,9994749110,Mixed White and Asian,2022-03-19,Active,1
2821,AN0002821,Leila,Fenton,1995-01-25,M,leila.fenton2821@example.com,+44 7700 900318,EH1 5FF,9994848569,Black Caribbean,2021-03-21,Active,1
2822,AN0002822,Liam,Murray,1998-10-16,F,liam.murray2822@example.com,+44 7700 900735,BS1 2FD,9990713391,White Other,2018-12-11,Active,0
2823,AN0002823,Erin,Rossi,1991-11-27,F,erin.rossi2823@example.com,07700900218,LS1 4GG,9992591374,Bangladeshi,2017-06-15,Deferred,0
2824,AN0002824,Hannah,Haddad,1999-04-21,M,hannah.haddad2824@example.com,+44 7700 900735,L1 9AE,9999346863,Bangladeshi,2024-11-26,Active,1
2825,AN0002825,Daniel,Whitfield,2003-03-16,M,daniel.whitfield2825@example.com,07700900261,NE1 2EG,9995050684,Indian,2022-04-25,Active,0
2826,AN0002826,Leila,Byrne,1994-10-19,F,leila.byrne2826@example.com,(0161) 496 6466,CF10 7DB,9996272435,Indian,2018-12-21,Active,1
2827,AN0002827,Yusuf,Iqbal,1997-06-28,F,yusuf.iqbal2827@example.com,07700900563,G1 4AB,9996338452,Black Other,2020-08-04,Active,1
2828,AN0002828,Idris,Okafor,1996-10-24,M,idris.okafor2828@example.com,+44 7700 900731,NE1 9FB,9992059303,Asian Other,2016-12-31,Active,0
2829,AN0002829,Noah,Reid,1998-01-13,M,noah.reid2829@example.com,07700900416,M1 8HH,9999706835,Bangladeshi,2018-01-29,Suspended,0
2830,AN0002830,Callum,Murray,1995-03-12,M,callum.murray2830@example.com,07700900118,SW1A 8JE,9994962590,Mixed White and Black Caribbean,2020-08-01,Suspended,0
2831,AN0002831,Omar,Thompson,1998-04-16,F,omar.thompson2831@example.com,+44 7700 900293,SW1A 2DG,9993646695,Asian Other,2017-08-01,Active,0
2832,AN0002832,Nadia,Patel,1999-07-10,F,nadia.patel2832@example.com,+44 7700 900315,M1 5DD,9999457207,Mixed White and Black Caribbean,2023-02-12,Active,1
2833,AN0002833,Fatima,Nwosu,1992-05-15,F,fatima.nwosu2833@example.com,(0161) 496 6763,G1 1DH,9993607223,Black Caribbean,2017-02-16,Deferred,0
2834,AN0002834,Hassan,Chen,1995-03-03,F,hassan.chen2834@example.com,(0161) 496 9281,BS1 9AB,9995285444,Chinese,2024-11-23,Active,1
2835,AN0002835,Amara,Novak,1988-10-16,M,amara.novak2835@example.com,(0161) 496 2566,CF10 4JA,9992742003,Mixed White and Black Caribbean,2018-05-15,Active,0
2836,AN0002836,Noah,Bello,2000-09-07,M,noah.bello2836@example.com,07700900553,L1 9BA,9998591597,White British,2019-04-18,Withdrawn,1
2837,AN0002837,Yusuf,Adeyemi,1995-02-24,F,yusuf.adeyemi2837@example.com,07700900748,SW1A 5BF,9991408878,Other,2017-11-30,Deferred,1
2838,AN0002838,Yusuf,Fenton,1993-04-27,M,yusuf.fenton2838@example.com,+44 7700 900217,B15 8AB,9998404762,Asian Other,2016-11-13,Active,0
2839,AN0002839,Chloe,Bello,1996-05-03,F,chloe.bello2839@example.com,07700900710,m15bg,9999284272,Mixed White and Asian,2023-10-03,Active,1
2840,AN0002840,George,Thompson,1997-07-15,F,george.thompson2840@example.com,+44 7700 900517,CF10 8GH,9997164369,White Other,2020-11-10,Withdrawn,0
2841,AN0002841,Sarah,Robertson,1998-07-12,F,sarah.robertson2841@example.com,(0161) 496 3265,EH1 2JB,9997478258,Mixed Other,2025-01-10,Withdrawn,0
2842,AN0002842,George,Khan,2003-01-24,F,george.khan2842@example.com,+44 7700 900225,m11de,9994914103,White Other,2024-04-17,Active,0
2843,AN0002843,Priya,Fenton,1988-04-18,F,priya.fenton2843@example.com,+44 7700 900817,NE1 2GJ,9991942386,White Irish,2016-11-30,Active,0
2844,AN0002844,Amara,Adeyemi,1989-11-16,M,amara.adeyemi2844@example.com,+44 7700 900898,L1 1AJ,9992785748,Chinese,2019-08-12,Active,1
2845,AN0002845,Amara,Cohen,1998-08-28,F,amara.cohen2845@example.com,+44 7700 900276,CF10 2GF,9996920720,Arab,2019-01-29,Active,0
2846,AN0002846,Idris,Bianchi,2003-07-12,F,idris.bianchi2846@example.com,(0161) 496 9335,cf104ef,9994539752,White Irish,2024-09-04,Suspended,0
2847,AN0002847,Hassan,Lawson,2005-01-24,F,hassan.lawson2847@example.com,+44 7700 900977,BS1 9AD,9994027832,Mixed Other,2023-05-03,Withdrawn,0
2848,AN0002848,Leila,Robertson,1992-10-27,F,leila.robertson2848@example.com,+44 7700 900996,EH1 8AF,9995153793,Bangladeshi,2022-03-11,Active,0
2849,AN0002849,Hannah,Bianchi,2002-02-02,M,hannah.bianchi2849@example.com,+44 7700 900629,ls11aa,9992978066,Other,2020-11-01,Withdrawn,0
2850,AN0002850,Noah,Adeyemi,1997-04-22,M,noah.adeyemi2850@example.com,+44 7700 900250,LS1 3DB,9998169038,Black Other,2020-09-24,Deferred,0
2851,AN0002851,Chloe,Lawson,1988-10-06,M,chloe.lawson2851@example.com,+44 7700 900247,B15 5FD,9996083888,White Other,2017-12-15,Active,1
2852,AN0002852,Sofia,Novak,1989-08-28,M,sofia.novak2852@example.com,07700900296,ls13fh,9996199975,White Other,2017-11-14,Active,0
2853,AN0002853,Chloe,Wright,1999-04-17,M,chloe.wright2853@example.com,+44 7700 900332,l16db,9995544725,Pakistani,2020-06-26,Active,0
2854,AN0002854,Ruth,Sharma,1992-04-14,F,ruth.sharma2854@example.com,07700900269,LS1 6JE,9997485084,Chinese,2018-12-17,Deferred,1
2855,AN0002855,Hannah,Adeyemi,1998-06-08,M,hannah.adeyemi2855@example.com,+44 7700 900104,NE1 4AJ,9996675858,Arab,2018-06-29,Active,0
2856,AN0002856,Omar,Khan,2000-08-07,M,omar.khan2856@example.com,+44 7700 900440,b159ej,9999023894,Black Caribbean,2024-03-29,Deferred,0
2857,AN0002857,Daniel,Haddad,1993-04-10,F,daniel.haddad2857@example.com,+44 7700 900207,BS1 3JB,9990796246,White Irish,2022-08-30,Suspended,1
2858,AN0002858,Amara,Nwosu,1990-10-08,F,amara.nwosu2858@example.com,+44 7700 900218,L1 4JD,9997011759,Black Other,2018-12-09,Active,1
2859,AN0002859,Oliver,Grant,1993-12-20,F,oliver.grant2859@example.com,+44 7700 900528,l15ff,9999890717,Mixed White and Asian,2019-04-20,Active,1
2860,AN0002860,Ethan,Lawson,1994-07-31,M,ethan.lawson2860@example.com,+44 7700 900929,ls15de,9990083347,Indian,2024-04-13,Suspended,1
2861,AN0002861,Idris,Thompson,2001-04-25,M,,(0161) 496 4210,BS1 4AE,9990354316,Asian Other,2024-09-27,Active,0
2862,AN0002862,Sarah,Chen,1996-06-22,M,sarah.chen2862@example.com,07700900377,ne19bj,9999973221,Pakistani,2023-12-23,Deferred,1
2863,AN0002863,Ethan,Sharma,1995-10-16,M,ethan.sharma2863@example.com,(0161) 496 9839,CF10 4BA,9990467862,Chinese,2022-12-22,Active,0
2864,AN0002864,Sofia,Byrne,1993-04-08,F,sofia.byrne2864@example.com,07700900591,SW1A 8HH,9994449117,Mixed White and Black Caribbean,2020-05-06,Active,0
2865,AN0002865,Sarah,Cohen,1990-09-24,F,sarah.cohen2865@example.com,07700900279,G1 6JE,9991808728,Black Other,2018-12-12,Suspended,1
2866,AN0002866,Amara,Abara,2000-05-04,M,amara.abara2866@example.com,07700900586,LS1 8GD,9995272318,Indian,2018-07-07,Withdrawn,1
2867,AN0002867,Fatima,Mackenzie,1987-03-28,F,fatima.mackenzie2867@example.com,(0161) 496 4831,NE1 3HJ,9995972778,Arab,2016-10-04,Active,1
2868,AN0002868,Nadia,Okafor,1998-07-17,F,nadia.okafor2868@example.com,(0161) 496 6429,l15ah,9993486981,Other,2019-12-14,Active,1
2869,AN0002869,Ruth,Mackenzie,2000-04-11,M,ruth.mackenzie2869@example.com,07700900881,l18eh,9995390817,White Other,2024-06-26,Deferred,0
2870,AN0002870,James,Sharma,1991-10-06,M,james.sharma2870@example.com,(0161) 496 2915,NE1 3HE,9993225088,White Other,2021-05-28,Suspended,0
2871,AN0002871,Fatima,Bello,2003-05-06,F,fatima.bello2871@example.com,(0161) 496 5230,eh16fg,9997924479,Arab,2023-07-23,Deferred,0
2872,AN0002872,Oliver,Mackenzie,1991-09-25,F,oliver.mackenzie2872@example.com,+44 7700 900889,bs15da,9996137694,Bangladeshi,2016-04-07,Active,1
2873,AN0002873,Callum,Byrne,2001-11-09,M,,(0161) 496 9922,l19ja,9992812125,Mixed White and Asian,2022-04-16,Active,1
2874,AN0002874,Idris,Reid,1997-11-15,F,idris.reid2874@example.com,+44 7700 900176,SW1A 3HD,9995193353,Mixed Other,2024-01-06,Active,1
2875,AN0002875,Isla,Ali,1993-03-23,M,isla.ali2875@example.com,(0161) 496 9192,EH1 1BD,9992004320,White Irish,2021-06-18,Suspended,0
2876,AN0002876,Sofia,Nwosu,1993-06-18,M,sofia.nwosu2876@example.com,+44 7700 900732,CF10 7HJ,9990317291,Black African,2021-08-11,Active,0
2877,AN0002877,Erin,Patel,2000-08-21,F,erin.patel2877@example.com,+44 7700 900798,ne15bf,9991967990,Indian,2019-12-05,Suspended,1
2878,AN0002878,Hannah,Cohen,1989-07-26,M,hannah.cohen2878@example.com,07700900378,bs17ge,9995194058,Mixed White and Asian,2016-10-06,Suspended,1
2879,AN0002879,Chloe,Novak,1991-02-04,M,chloe.novak2879@example.com,07700900155,M1 1JG,9998799724,Pakistani,2019-11-22,Deferred,1
2880,AN0002880,Meera,Fenton,1995-09-27,M,meera.fenton2880@example.com,+44 7700 900278,G1 4BD,9992725443,Mixed White and Black Caribbean,2024-03-03,Active,0
2881,AN0002881,Fatima,Novak,1990-05-10,F,fatima.novak2881@example.com,07700900438,EH1 7JJ,9999677835,White British,2016-02-24,Active,1
2882,AN0002882,Erin,Byrne,1998-10-25,M,erin.byrne2882@example.com,+44 7700 900285,cf108fa,9999073727,Bangladeshi,2020-07-25,Suspended,0
2883,AN0002883,Meera,Robertson,1993-01-26,M,meera.robertson2883@example.com,+44 7700 900392,g15fa,9992919566,Black Other,2019-01-28,Active,1
2884,AN0002884,Omar,Wright,1992-09-29,M,omar.wright2884@example.com,(0161) 496 5444,BS1 3DE,9996022935,Mixed White and Black Caribbean,2019-02-24,Active,0
2885,AN0002885,Leila,Patel,2001-12-20,F,leila.patel2885@example.com,+44 7700 900736,B15 9AG,9996070433,Black Other,2024-09-02,Withdrawn,0
2886,AN0002886,Meera,Iqbal,2001-09-12,F,meera.iqbal2886@example.com,+44 7700 900990,M1 1FG,9991479619,Bangladeshi,2022-10-19,Active,1
2887,AN0002887,Priya,Wright,1992-05-04,F,priya.wright2887@example.com,(0161) 496 9284,G1 4JJ,9998166802,Mixed White and Asian,2022-01-02,Activ,0
2888,AN0002888,Sarah,Osman,1995-05-26,F,sarah.osman2888@example.com,+44 7700 900410,L1 4DB,9997854578,Black Caribbean,2022-02-27,Active,1
2889,AN0002889,James,Robertson,1989-12-24,F,james.robertson2889@example.com,07700900619,B15 5GH,9993275417,White Other,2016-06-11,Withdrawn,1
2890,AN0002890,Nadia,Iqbal,1992-01-24,M,nadia.iqbal2890@example.com,(0161) 496 6640,CF10 3HH,9999981801,Mixed White and Black Caribbean,2017-09-07,Active,1
2891,AN0002891,Idris,Osman,1999-08-16,F,idris.osman2891@example.com,+44 7700 900343,M1 7FH,9996493237,Other,2017-09-04,Active,1
2892,AN0002892,Ruth,Doyle,2000-05-01,M,ruth.doyle2892@example.com,07700900330,b152fe,9995485923,Bangladeshi,2022-01-15,Withdrawn,0
2893,AN0002893,Kai,Fenton,1995-10-28,F,kai.fenton2893@example.com,+44 7700 900611,BS1 8BA,9990281009,White British,2020-06-01,Activ,0
2894,AN0002894,Omar,Haddad,1996-05-13,F,omar.haddad2894@example.com,07700900620,ne17ff,9999162770,Mixed Other,2020-06-23,Active,0
2895,AN0002895,Wei,Abara,1996-10-24,M,wei.abara2895@example.com,+44 7700 900876,M1 3DB,9993537594,Bangladeshi,2024-03-18,Active,0
2896,AN0002896,Hassan,Grant,1990-11-24,M,hassan.grant2896@example.com,+44 7700 900395,LS1 4EA,9990701776,Black Caribbean,2020-06-06,Active,1
2897,AN0002897,James,Rossi,1995-09-16,F,james.rossi2897@example.com,+44 7700 900219,L1 6AJ,9993123315,Black Other,2018-06-24,Deferred,0
2898,AN0002898,George,Bello,1997-05-13,M,george.bello2898@example.com,(0161) 496 5697,M1 1EJ,9994164864,Mixed White and Asian,2021-08-04,Suspended,0
2899,AN0002899,Kai,Whitfield,1993-03-20,M,kai.whitfield2899@example.com,(0161) 496 3140,L1 9HA,9998496357,Mixed White and Black Caribbean,2022-11-01,Active,0
2900,AN0002900,Liam,Chen,1987-12-19,M,liam.chen2900@example.com,+44 7700 900792,BS1 6DG,9995953013,Mixed White and Asian,2016-09-28,Active,1
2901,AN0002901,Hassan,Khan,2003-01-04,F,hassan.khan2901@example.com,(0161) 496 6911,BS1 2FG,9991020381,Other,2021-06-21,Active,1
2902,AN0002902,Liam,Ali,2009-04-25,M,liam.ali2902@example.com,(0161) 496 3153,M1 3BA,9996879755,Pakistani,2024-05-12,Active,0
2903,AN0002903,Erin,Sharma,1999-02-21,F,erin.sharma2903@example.com,+44 7700 900279,G1 6HH,9992290544,Black Caribbean,2021-11-25,Deferred,0
2904,AN0002904,Oliver,Byrne,1992-09-04,F,oliver.byrne2904@example.com,+44 7700 900849,LS1 4HA,9990648727,Asian Other,2016-03-13,Active,0
2905,AN0002905,Sofia,Kaur,1994-01-03,M,sofia.kaur2905@example.com,+44 7700 900473,LS1 1FJ,9990483078,Mixed White and Asian,2022-06-16,Active,1
2906,AN0002906,Erin,Ali,1994-06-10,M,erin.ali2906@example.com,07700900571,eh14ed,9996225062,Chinese,2017-11-27,Active,0
2907,AN0002907,Oliver,Ali,1996-03-12,M,oliver.ali2907@example.com,(0161) 496 2168,EH1 7FH,9990380953,Black Caribbean,2024-05-15,Active,1
2908,AN0002908,Ruth,Nwosu,1994-11-19,F,,+44 7700 900144,M1 1FF,9990509808,Asian Other,2016-09-09,Deferred,1
2909,AN0002909,Priya,Novak,1998-06-28,M,priya.novak2909@example.com,07700900592,CF10 9FH,9998422523,Arab,2022-07-03,Active,1
2910,AN0002910,Ethan,Iqbal,1997-09-29,F,ethan.iqbal2910@example.com,(0161) 496 5804,EH1 3DJ,9990193258,Pakistani,2021-03-30,Withdrawn,1
2911,AN0002911,Hannah,Grant,1992-02-15,M,hannah.grant2911@example.com,(0161) 496 3835,m17ha,9995238144,Arab,2019-07-02,Active,1
2912,AN0002912,Amara,Khan,1986-12-14,F,,+44 7700 900610,L1 4BD,9994938630,Mixed White and Asian,2016-03-30,Active,0
2913,AN0002913,Liam,Reid,1998-01-08,M,liam.reid2913@example.com,+44 7700 900578,b155jj,9993065854,Pakistani,2021-07-01,Active,1
2914,AN0002914,Zainab,Mackenzie,1998-12-24,F,zainab.mackenzie2914@example.com,07700900667,bs18ea,9994298364,Arab,2023-01-22,Active,0
2915,AN0002915,Grace,Okafor,1998-02-20,F,grace.okafor2915@example.com,+44 7700 900201,G1 6GB,9994981889,Mixed White and Asian,2021-02-27,Deferred,1
2916,AN0002916,Erin,Thompson,1993-03-15,M,erin.thompson2916@example.com,+44 7700 900173,NE1 8DJ,9991268316,Mixed White and Black Caribbean,2016-12-19,Deferred,1
2917,AN0002917,Amara,Kaur,1998-11-08,F,amara.kaur2917@example.com,+44 7700 900754,M1 2HJ,9990543526,Mixed White and Asian,2018-12-04,Suspended,0
2918,AN0002918,Omar,Bianchi,1989-05-09,F,omar.bianchi2918@example.com,+44 7700 900851,SW1A 3ED,9991073256,Arab,2016-10-02,Active,0
2919,AN0002919,Sarah,Nwosu,2000-06-02,F,sarah.nwosu2919@example.com,07700900677,SW1A 6HF,9993172103,Black African,2018-09-10,Deferred,1
2920,AN0002920,Tom,Bianchi,1997-01-09,F,tom.bianchi2920@example.com,07700900847,L1 1BJ,9993505447,Mixed White and Black Caribbean,2016-09-30,Suspended,0
2921,AN0002921,Sarah,Rossi,1996-01-28,M,sarah.rossi2921@example.com,+44 7700 900553,SW1A 8EF,9993505404,Arab,2017-03-12,Deferred,1
2922,AN0002922,George,Bianchi,2001-08-24,F,george.bianchi2922@example.com,07700900745,BS1 5EH,9991314539,Black Caribbean,2021-05-31,Suspended,0
2923,AN0002923,Chloe,Grant,1998-11-22,F,chloe.grant2923@example.com,07700900455,NE1 5GF,9992277602,Pakistani,2017-07-01,Active,0
2924,AN0002924,Nadia,Bianchi,1995-09-14,F,,+44 7700 900704,B15 5FF,9991906770,Black Caribbean,2020-11-11,Withdrawn,0
2925,AN0002925,Liam,Khan,1989-10-31,M,liam.khan2925@example.com,+44 7700 900841,EH1 5EJ,999842575,Black African,2016-02-01,Active,0
2926,AN0002926,Oliver,Ali,1998-06-08,F,oliver.ali2926@example.com,+44 7700 900418,NE1 7ED,9997746902,Chinese,2019-10-14,Active,1
2927,AN0002927,Meera,Abara,1995-08-02,M,meera.abara2927@example.com,+44 7700 900605,L1 6DD,9991200401,Pakistani,2017-03-29,Active,1
2928,AN0002928,Wei,Reid,1995-03-24,F,wei.reid2928@example.com,07700900666,EH1 6EG,9990215634,Chinese,2016-07-12,Active,1
2929,AN0002929,Nadia,Osman,1990-11-22,F,nadia.osman2929@example.com,(0161) 496 9319,CF10 5BJ,9995134454,Black Other,2019-02-20,Activ,0
2930,AN0002930,Grace,Robertson,1996-05-01,F,grace.robertson2930@example.com,(0161) 496 6105,LS1 9EB,9998861667,Mixed White and Asian,2021-08-01,Active,0
2931,AN0002931,Hannah,Mackenzie,1992-01-15,M,hannah.mackenzie2931@example.com,+44 7700 900365,m17df,9997705491,Indian,2018-01-26,Active,1
2932,AN0002932,Erin,Sharma,1997-06-10,F,erin.sharma2932@example.com,+44 7700 900197,LS1 7JF,9990753512,Chinese,2020-10-21,Suspended,0
2933,AN0002933,George,Reid,1995-11-19,M,george.reid2933@example.com,+44 7700 900782,BS1 6HG,9998223091,Black Caribbean,2020-02-06,Active,1
2934,AN0002934,Priya,Cohen,1997-10-01,F,priya.cohen2934@example.com,(0161) 496 6964,CF10 2DF,9998334411,Black Caribbean,2022-05-13,Active,1
2935,AN0002935,Idris,Osman,1993-01-15,M,idris.osman2935@example.com,+44 7700 900268,BS1 2FE,9993529087,Asian Other,2020-04-23,Active,0
2936,AN0002936,Ruth,Robertson,1995-01-06,F,ruth.robertson2936@example.com,+44 7700 900370,EH1 8HJ,9990718113,Mixed White and Asian,2023-09-20,Suspended,1
2937,AN0002937,George,Doyle,1988-07-14,M,george.doyle2937@example.com,+44 7700 900717,l12ja,9995398745,White British,2017-04-14,Active,1
2938,AN0002938,Liam,Osman,1988-12-02,F,liam.osman2938@example.com,07700900815,BS1 9GB,9997426142,Pakistani,2016-09-21,Active,1
2939,AN0002939,Isla,Okafor,1996-03-24,M,isla.okafor2939@example.com,(0161) 496 9582,G1 9EJ,9991035745,Asian Other,2019-04-30,Active,0
2940,AN0002940,Priya,Okafor,1990-09-10,M,priya.okafor2940@example.com,+44 7700 900137,m13gf,9999972632,Indian,2019-06-29,Withdrawn,1
2941,AN0002941,Priya,Wright,1998-01-13,F,priya.wright2941@example.com,+44 7700 900960,SW1A 5DG,9997903544,White Irish,2016-10-19,Deferred,1
2942,AN0002942,George,Chen,1995-08-22,M,george.chen2942@example.com,+44 7700 900468,BS1 9FJ,9999186483,Black Caribbean,2024-05-12,Active,0
2943,AN0002943,Liam,Chen,1995-11-19,F,liam.chen2943@example.com,+44 7700 900716,B15 8AH,9992352647,Chinese,2018-09-01,Active,0
2944,AN0002944,Sarah,Ali,1995-03-01,M,sarah.ali2944@example.com,07700900580,M1 7DF,9995487004,Mixed Other,2021-10-23,Active,1
2945,AN0002945,Sarah,Adeyemi,1992-10-31,M,sarah.adeyemi2945@example.com,(0161) 496 9397,G1 7AB,9996858677,Arab,2020-03-17,Suspended,1
2946,AN0002946,Fatima,Khan,1994-12-02,F,fatima.khan2946@example.com,07700900727,B15 1EH,9999993265,White British,2017-07-15,Active,1
2947,AN0002947,Sarah,Kaur,1990-07-26,F,sarah.kaur2947@example.com,(0161) 496 4101,cf109ej,9990371717,Mixed Other,2020-02-29,Active,0
2948,AN0002948,Oliver,Mackenzie,2001-04-29,M,oliver.mackenzie2948@example.com,+44 7700 900523,G1 5GH,9996363635,Indian,2020-07-09,Active,0
2949,AN0002949,Idris,Novak,1997-04-17,M,idris.novak2949@example.com,(0161) 496 3999,M1 1EJ,9999820484,Arab,2017-07-29,Suspended,0
2950,AN0002950,Meera,Khan,1997-04-13,M,meera.khan2950@example.com,+44 7700 900890,l14jj,9995901293,Pakistani,2016-07-07,Suspended,0
2951,AN0002951,Grace,Chen,1996-12-14,M,grace.chen2951@example.com,+44 7700 900862,eh16jf,9998507499,White Other,2016-04-08,Active,0
2952,AN0002952,Grace,Chen,2001-10-10,F,,07700900866,EH1 4DH,9991380035,Asian Other,2022-01-14,Suspended,0
2953,AN0002953,Hannah,Ali,1991-03-30,M,hannah.ali2953@example.com,(0161) 496 7628,M1 5AF,9996194566,White Other,2020-11-11,Withdrawn,1
2954,AN0002954,Sofia,Thompson,2002-07-27,M,sofia.thompson2954@example.com,+44 7700 900724,BS1 5DD,9993197890,Black Other,2021-08-30,Withdrawn,0
2955,AN0002955,Noah,Kaur,1999-07-28,M,noah.kaur2955@example.com,(0161) 496 9484,M1 1JD,9992747838,White Irish,2017-08-25,Active,1
2956,AN0002956,George,Thompson,1989-05-01,M,george.thompson2956@example.com,+44 7700 900375,EH1 3GE,9992494174,Black Other,2016-01-25,Suspended,1
2957,AN0002957,Meera,Khan,2003-05-24,M,meera.khan2957@example.com,07700900619,B15 2AB,9991910433,Arab,2021-08-07,Deferred,0
2958,AN0002958,Kai,Ali,2000-06-13,M,kai.ali2958@example.com,(0161) 496 5928,ls16ag,9996310620,Mixed Other,2019-06-24,Deferred,1
2959,AN0002959,Isla,Lawson,1990-02-07,F,isla.lawson2959@example.com,07700900953,NE1 7BJ,9998729629,White British,2016-09-28,Active,0
2960,AN0002960,Chloe,Osman,1997-10-08,M,chloe.osman2960@example.com,+44 7700 900195,EH1 2AA,9992592303,Mixed White and Asian,2021-07-09,Active,0
2961,AN0002961,Sarah,Patel,1994-06-05,F,sarah.patel2961@example.com,(0161) 496 6242,LS1 9AA,9996054691,White British,2020-08-20,Active,0
2962,AN0002962,Ethan,Mackenzie,1994-10-05,M,ethan.mackenzie2962@example.com,+44 7700 900114,EH1 3AF,9990878870,Black Other,2023-03-19,Active,1
2963,AN0002963,Fatima,Nwosu,1988-02-21,F,fatima.nwosu2963@example.com,+44 7700 900338,B15 4GA,9991037705,White British,2017-11-08,Active,0
2964,AN0002964,Hannah,Whitfield,1993-05-20,M,hannah.whitfield2964@example.com,+44 7700 900979,SW1A 7DJ,9991570888,Chinese,2019-07-25,Active,1
2965,AN0002965,Yusuf,Sharma,1999-06-09,M,yusuf.sharma2965@example.com,+44 7700 900449,eh14fb,9998924553,Arab,2018-12-16,Withdrawn,1
2966,AN0002966,Noah,Haddad,2000-09-15,M,,(0161) 496 1924,eh11ea,9995818159,Mixed White and Black Caribbean,2023-01-08,Active,1
2967,AN0002967,James,Abara,2000-08-14,F,james.abara2967@example.com,(0161) 496 9771,sw1a5bf,9997333128,Chinese,2020-10-26,Withdrawn,1
2968,AN0002968,Omar,Abara,1996-05-28,F,omar.abara2968@example.com,(0161) 496 1971,LS1 3AA,9998479274,Mixed White and Black Caribbean,2019-12-16,Active,0
2969,AN0002969,Yusuf,Nwosu,1995-05-08,F,yusuf.nwosu2969@example.com,+44 7700 900659,B15 6BF,9992014075,Asian Other,2024-09-21,Active,0
2970,AN0002970,James,Grant,2001-05-29,M,james.grant2970@example.com,+44 7700 900131,NE1 4BJ,9994996320,Indian,2020-12-26,Active,1
2971,AN0002971,Fatima,Kaur,2002-11-24,F,fatima.kaur2971@example.com,+44 7700 900606,g13hb,9992400021,Black Other,2024-07-14,Suspended,0
2972,AN0002972,Meera,Doyle,2000-03-16,M,meera.doyle2972@example.com,07700900451,SW1A 1DD,9994089757,Other,2023-12-13,Withdrawn,1
2973,AN0002973,Yusuf,Chen,1995-06-20,M,yusuf.chen2973@example.com,07700900263,cf105db,9999288413,Mixed White and Asian,2018-07-26,Withdrawn,0
2974,AN0002974,Erin,Murray,1996-06-12,F,erin.murray2974@example.com,07700900291,L1 7ED,9995157047,Mixed White and Black Caribbean,2019-02-14,Deferred,0
2975,AN0002975,Omar,Khan,2000-03-12,M,omar.khan2975@example.com,+44 7700 900378,ne12gd,9998744334,Other,2018-08-04,Active,0
2976,AN0002976,George,Kaur,1996-02-10,M,george.kaur2976@example.com,(0161) 496 1829,ne12ae,9991140751,Mixed White and Black Caribbean,2016-02-16,Suspended,1
2977,AN0002977,Sofia,Fenton,2000-10-23,F,sofia.fenton2977@example.com,(0161) 496 5134,NE1 5FE,9995344750,Mixed White and Black Caribbean,2020-11-24,Active,0
2978,AN0002978,Erin,Ali,2001-06-28,M,erin.ali2978@example.com,(0161) 496 2313,b158bg,9998073278,Indian,2022-03-21,Active,1
2979,AN0002979,Fatima,Iqbal,1997-08-30,F,fatima.iqbal2979@example.com,+44 7700 900632,CF10 4JD,9992383224,Other,2019-11-06,Active,1
2980,AN0002980,Grace,Adeyemi,1998-01-09,F,grace.adeyemi2980@example.com,+44 7700 900488,G1 6GD,9998023319,White British,2018-09-06,Suspended,0
2981,AN0002981,Ethan,Iqbal,2000-07-11,M,ethan.iqbal2981@example.com,(0161) 496 2522,EH1 4DJ,9994909940,Black African,2023-04-07,Active,0
2982,AN0002982,Sofia,Abara,2003-12-02,M,sofia.abara2982@example.com,+44 7700 900139,CF10 3BF,9991335471,Chinese,2023-03-11,Deferred,0
2983,AN0002983,Meera,Sharma,1994-06-16,F,meera.sharma2983@example.com,07700900868,CF10 4FB,9991577181,White Irish,2017-11-22,Withdrawn,1
2984,AN0002984,Kai,Adeyemi,2002-02-21,M,kai.adeyemi2984@example.com,07700900539,cf106dg,9994190822,Arab,2022-05-01,Active,1
2985,AN0002985,Leila,Grant,1995-07-11,F,leila.grant2985@example.com,(0161) 496 3460,G1 1JH,9993736430,Mixed White and Black Caribbean,2019-02-01,Deferred,0
2986,AN0002986,Meera,Thompson,1998-08-18,F,meera.thompson2986@example.com,+44 7700 900611,SW1A 1GE,9994286323,Asian Other,2018-01-10,Active,0
2987,AN0002987,Amara,Robertson,2005-10-25,F,amara.robertson2987@example.com,+44 7700 900370,EH1 4HH,9995216086,Asian Other,2020-01-10,Active,0
2988,AN0002988,Amara,Reid,1994-01-26,F,amara.reid2988@example.com,07700900732,B15 4FH,9999353959,Mixed White and Asian,2021-09-10,Active,0
2989,AN0002989,Omar,Cohen,1998-09-10,M,omar.cohen2989@example.com,(0161) 496 8447,m19dh,9991667326,Pakistani,2019-04-07,Active,1
2990,AN0002990,Noah,Bianchi,1997-08-25,M,noah.bianchi2990@example.com,+44 7700 900598,L1 3AF,9993769797,Indian,2021-01-08,Withdrawn,1
2991,AN0002991,Wei,Grant,2000-02-07,M,wei.grant2991@example.com,07700900774,SW1A 7EA,9997982339,White Other,2020-06-21,Active,1
2992,AN0002992,Chloe,Whitfield,1994-12-16,F,chloe.whitfield2992@example.com,+44 7700 900289,m12jb,9992698772,Asian Other,2023-06-14,Active,0
2993,AN0002993,Kai,Sharma,1991-05-01,M,kai.sharma2993@example.com,+44 7700 900899,CF10 9GA,9994794795,Bangladeshi,2019-12-17,Suspended,0
2994,AN0002994,Yusuf,Kaur,1992-05-07,F,yusuf.kaur2994@example.com,(0161) 496 3526,BS1 1JD,9998636779,Mixed Other,2020-06-20,Active,1
2995,AN0002995,Callum,Ali,1999-07-09,M,callum.ali2995@example.com,+44 7700 900118,L1 6GA,9998413834,White Irish,2020-03-04,Active,0
2996,AN0002996,Oliver,Cohen,1991-07-04,M,oliver.cohen2996@example.com,(0161) 496 8686,BS1 1JJ,9999886183,Bangladeshi,2017-09-03,Active,1
2997,AN0002997,Ruth,Byrne,1996-04-17,M,ruth.byrne2997@example.com,(0161) 496 1060,LS1 9AD,9992446617,Mixed Other,2020-08-23,Active,0
2998,AN0002998,Meera,Murray,1993-06-10,F,meera.murray2998@example.com,+44 7700 900287,CF10 6JA,9993883395,Bangladeshi,2020-01-12,Active,1
2999,AN0002999,James,Bello,1993-05-02,M,james.bello2999@example.com,07700900713,M1 8HF,9995774275,Chinese,2022-06-25,Deferred,1
3000,AN0003000,Hassan,Rossi,2000-04-22,M,hassan.rossi3000@example.com,07700900429,eh18da,9992646527,Mixed Other,2018-12-08,Active,1
3001,AN0003001,Erin,Patel,1991-02-24,F,erin.patel3001@example.com,+44 7700 900144,L1 4BA,9991797769,Mixed White and Asian,2017-03-29,Withdrawn,0
3002,AN0003002,Priya,Nwosu,1999-10-09,M,priya.nwosu3002@example.com,07700900540,EH1 3ED,9995522098,Black Caribbean,2017-10-17,Active,0
3003,AN0003003,George,Cohen,1993-10-18,M,george.cohen3003@example.com,07700900211,LS1 1DG,9990941130,Mixed White and Asian,2023-05-05,Active,1
3004,AN0003004,Zainab,Nwosu,1990-04-09,M,,+44 7700 900498,G1 7EH,9999509266,Pakistani,2019-09-10,Suspended,1
3005,AN0003005,Zainab,Novak,2001-06-08,M,zainab.novak3005@example.com,07700900201,EH1 4AH,9993288586,Black Caribbean,2021-07-04,Active,0
3006,AN0003006,Grace,Novak,2003-12-19,M,grace.novak3006@example.com,07700900231,B15 8BA,9999071139,Mixed Other,2022-07-15,Active,1
3007,AN0003007,Sofia,Bello,1991-11-16,F,sofia.bello3007@example.com,07700900651,sw1a4bd,9997790537,Other,2016-08-09,Active,0
3008,AN0003008,Omar,Murray,1992-03-23,M,omar.murray3008@example.com,07700900357,LS1 8AE,9997733800,White British,2021-09-07,Active,0
3009,AN0003009,George,Novak,1997-08-07,F,george.novak3009@example.com,07700900226,SW1A 5DE,9990086583,Mixed White and Asian,2018-03-04,Active,0
3010,AN0003010,Fatima,Adeyemi,1996-07-31,M,fatima.adeyemi3010@example.com,07700900405,LS1 2BF,9994675737,Bangladeshi,2022-04-20,Withdrawn,1
3011,AN0003011,Liam,Murray,2000-11-26,F,liam.murray3011@example.com,(0161) 496 2146,L1 4BD,9992197927,Black African,2023-01-16,Active,1
3012,AN0003012,Sarah,Grant,2000-10-05,F,sarah.grant3012@example.com,07700900309,SW1A 1GH,9994172735,Black African,2019-01-26,Active,1
3013,AN0003013,Hassan,Doyle,1998-02-22,M,hassan.doyle3013@example.com,+44 7700 900892,LS1 7EA,9991508929,Pakistani,2021-07-01,Suspended,0
3014,AN0003014,Priya,Osman,1997-08-10,M,priya.osman3014@example.com,+44 7700 900575,SW1A 5GA,9998607299,Black Caribbean,2017-09-13,Active,0
3015,AN0003015,Nadia,Chen,1996-05-26,F,nadia.chen3015@example.com,+44 7700 900241,bs16bj,9997931602,Pakistani,2021-08-25,Active,1
3016,AN0003016,Tom,Khan,2001-04-21,F,tom.khan3016@example.com,(0161) 496 6924,CF10 2DA,9996955214,Indian,2024-01-15,Active,1
3017,AN0003017,Tom,Byrne,2001-01-01,F,tom.byrne3017@example.com,(0161) 496 8732,NE1 6JB,9991129286,White Other,2020-06-17,Active,1
3018,AN0003018,Amara,Abara,1991-12-11,M,amara.abara3018@example.com,+44 7700 900734,CF10 6GF,9998598060,White Irish,2018-05-20,Active,0
3019,AN0003019,Hassan,Fenton,1996-06-12,F,hassan.fenton3019@example.com,07700900952,NE1 5FA,9999405215,White British,2022-02-25,Active,0
3020,AN0003020,Idris,Bianchi,1995-11-21,M,,+44 7700 900615,M1 6EA,9999333672,Arab,2021-07-28,Active,1
3021,AN0003021,Wei,Osman,1994-05-11,F,wei.osman3021@example.com,+44 7700 900414,m13jb,9992533250,Black African,2021-07-13,Deferred,0
3022,AN0003022,Isla,Bianchi,1992-08-28,F,isla.bianchi3022@example.com,+44 7700 900240,m13bb,9995444852,White British,2016-11-19,Active,1
3023,AN0003023,Chloe,Haddad,2004-10-24,M,chloe.haddad3023@example.com,+44 7700 900646,M1 1JB,9997797302,Black Other,2023-10-30,Active,1
3024,AN0003024,Noah,Fenton,2001-10-19,M,noah.fenton3024@example.com,(0161) 496 3817,sw1a5ae,9992178566,Chinese,2020-05-31,Withdrawn,1
3025,AN0003025,Tom,Robertson,1994-04-27,F,tom.robertson3025@example.com,(0161) 496 2389,LS1 1FE,9997756460,Chinese,2016-10-11,Active,0
3026,AN0003026,Tom,Bianchi,1998-11-26,F,tom.bianchi3026@example.com,07700900196,CF10 9GE,9999990878,White Irish,2017-09-09,Active,1
3027,AN0003027,Callum,Thompson,1996-09-17,M,callum.thompson3027@example.com,+44 7700 900941,B15 3FH,9993146420,Black Other,2021-10-11,Deferred,0
3028,AN0003028,Ethan,Fenton,1992-07-28,M,,+44 7700 900371,B15 7HF,9997732375,Bangladeshi,2021-10-19,Active,0
3029,AN0003029,Grace,Nwosu,2003-12-12,M,grace.nwosu3029@example.com,+44 7700 900105,CF10 2HF,9995692740,Mixed White and Black Caribbean,2023-04-13,Active,1
3030,AN0003030,Omar,Murray,1993-01-27,M,omar.murray3030@example.com,+44 7700 900976,CF10 2EF,9998125804,Bangladeshi,2020-07-23,Active,1
3031,AN0003031,Amara,Byrne,1997-05-11,F,amara.byrne3031@example.com,+44 7700 900406,EH1 1FD,9994265628,Mixed Other,2022-09-21,Active,1
3032,AN0003032,Priya,Adeyemi,1998-03-13,M,priya.adeyemi3032@example.com,(0161) 496 1443,L1 3FJ,9999783740,Other,2020-07-12,Active,1
3033,AN0003033,Idris,Khan,2001-01-31,F,idris.khan3033@example.com,07700900907,LS1 5DF,9998412870,Mixed Other,2022-10-06,Deferred,0
3034,AN0003034,Wei,Bianchi,1998-01-24,F,wei.bianchi3034@example.com,(0161) 496 3612,eh19jj,9999481949,White Irish,2024-04-02,Active,0
3035,AN0003035,Amara,Abara,1997-08-03,M,amara.abara3035@example.com,07700900401,SW1A 9HJ,9993258687,Black African,2021-02-19,Suspended,0
3036,AN0003036,James,Robertson,1995-02-28,M,james.robertson3036@example.com,(0161) 496 7343,G1 7EH,9991205411,Mixed White and Black Caribbean,2017-10-16,Deferred,0
3037,AN0003037,Ethan,Okafor,1998-06-28,F,ethan.okafor3037@example.com,(0161) 496 5905,L1 8AB,9993627062,Mixed White and Black Caribbean,2024-03-05,Deferred,0
3038,AN0003038,Leila,Rossi,1995-02-28,F,leila.rossi3038@example.com,(0161) 496 3254,B15 6FE,9991290451,Mixed Other,2016-10-22,Active,1
3039,AN0003039,Hannah,Bello,1999-09-08,M,hannah.bello3039@example.com,+44 7700 900140,sw1a5gb,9990666059,White Irish,2020-01-30,Suspended,1
3040,AN0003040,Hassan,Nwosu,2000-11-27,M,,+44 7700 900639,NE1 4DD,9997021169,Mixed White and Asian,2023-03-11,Active,0
3041,AN0003041,Amara,Doyle,1994-10-21,M,amara.doyle3041@example.com,+44 7700 900618,BS1 7GH,9999178154,Black African,2022-01-16,Withdrawn,0
3042,AN0003042,Callum,Fenton,1987-11-23,F,callum.fenton3042@example.com,+44 7700 900325,B15 7HF,9993474304,Asian Other,2016-12-21,Active,0
3043,AN0003043,Nadia,Grant,1992-10-11,F,nadia.grant3043@example.com,(0161) 496 8114,M1 2GG,9991609644,White Irish,2022-02-19,Active,1
3044,AN0003044,Ethan,Patel,1996-10-09,M,ethan.patel3044@example.com,+44 7700 900657,ls17bf,9997307488,White British,2020-10-18,Active,1
3045,AN0003045,Grace,Patel,1995-01-09,F,grace.patel3045@example.com,+44 7700 900214,BS1 7FH,9992174560,Black Other,2024-03-11,Suspended,1
3046,AN0003046,Tom,Fenton,1997-06-06,F,tom.fenton3046@example.com,(0161) 496 4708,NE1 1HF,9997381564,Arab,2022-03-15,Suspended,1
3047,AN0003047,Noah,Chen,2002-06-19,F,noah.chen3047@example.com,+44 7700 900764,sw1a3ed,9996391698,Black Caribbean,2021-12-08,Deferred,1
3048,AN0003048,Tom,Bianchi,1996-12-10,F,tom.bianchi3048@example.com,07700900492,G1 7FJ,9991753400,Mixed Other,2022-06-24,Active,1
3049,AN0003049,Chloe,Kaur,2000-09-30,F,chloe.kaur3049@example.com,+44 7700 900323,EH1 5AH,9991091629,Mixed Other,2019-11-10,Suspended,1
3050,AN0003050,Grace,Haddad,2000-10-05,M,grace.haddad3050@example.com,+44 7700 900929,LS1 7EJ,9996981207,White Irish,2021-05-21,Active,1
3051,AN0003051,Sofia,Murray,1997-09-10,F,sofia.murray3051@example.com,+44 7700 900479,CF10 2FJ,9990129835,Black African,2022-11-24,Withdrawn,1
3052,AN0003052,Isla,Byrne,2000-05-28,F,isla.byrne3052@example.com,+44 7700 900802,M1 6AA,9996528537,White Irish,2024-10-11,Active,1
3053,AN0003053,Daniel,Iqbal,1991-07-27,F,daniel.iqbal3053@example.com,07700900919,G1 3DD,9990065977,Arab,2021-04-06,Active,0
3054,AN0003054,Isla,Adeyemi,1989-06-17,M,isla.adeyemi3054@example.com,07700900102,b155da,9998721709,Black African,2017-07-09,Deferred,1
3055,AN0003055,Nadia,Wright,1993-04-11,M,nadia.wright3055@example.com,07700900725,CF10 3BB,9997123042,Mixed White and Asian,2021-04-19,Withdrawn,1
3056,AN0003056,Ethan,Ali,1996-09-17,M,ethan.ali3056@example.com,07700900790,M1 7HG,9991366229,Pakistani,2020-06-15,Deferred,0
3057,AN0003057,Sofia,Robertson,1988-09-06,M,sofia.robertson3057@example.com,+44 7700 900978,SW1A 6AH,9999947832,Black Caribbean,2016-09-14,Suspended,0
3058,AN0003058,Ruth,Adeyemi,2001-09-04,M,ruth.adeyemi3058@example.com,+44 7700 900554,EH1 1JF,9994441752,Mixed White and Asian,2020-06-12,Active,1
3059,AN0003059,Liam,Doyle,1998-06-27,M,liam.doyle3059@example.com,+44 7700 900341,BS1 3GA,9999761038,Pakistani,2022-09-25,Deferred,0
3060,AN0003060,Callum,Cohen,1999-01-14,F,callum.cohen3060@example.com,+44 7700 900784,l11gb,9999388302,White British,2025-01-10,Active,1
3061,AN0003061,Noah,Wright,1992-05-03,M,noah.wright3061@example.com,07700900184,BS1 4AF,9990185905,Mixed White and Black Caribbean,2016-12-24,Active,1
3062,AN0003062,Fatima,Thompson,1990-04-12,F,fatima.thompson3062@example.com,+44 7700 900520,L1 3DF,9998650380,Black Caribbean,2016-11-16,Active,0
3063,AN0003063,Sarah,Novak,1998-07-23,M,sarah.novak3063@example.com,+44 7700 900370,bs13ff,9994066153,Bangladeshi,2022-05-11,Withdrawn,0
3064,AN0003064,Wei,Sharma,1997-02-06,F,wei.sharma3064@example.com,(0161) 496 7334,M1 9ED,9995914328,White Other,2022-08-17,Deferred,0
3065,AN0003065,Ruth,Patel,1995-06-08,F,ruth.patel3065@example.com,07700900898,G1 2DA,9990861781,White British,2017-11-29,Suspended,1
3066,AN0003066,Kai,Thompson,1994-12-10,F,kai.thompson3066@example.com,+44 7700 900300,LS1 5DA,9995703653,Mixed White and Black Caribbean,2018-03-29,Suspended,0
3067,AN0003067,Daniel,Patel,1991-01-16,F,daniel.patel3067@example.com,(0161) 496 3574,bs11fh,9999811728,White Other,2016-04-15,Withdrawn,0
3068,AN0003068,Meera,Sharma,1988-06-11,M,meera.sharma3068@example.com,+44 7700 900194,CF10 8DJ,9992410264,Bangladeshi,2018-01-11,Active,0
3069,AN0003069,Sofia,Whitfield,1989-11-16,M,sofia.whitfield3069@example.com,+44 7700 900903,bs12fe,9999384153,Asian Other,2016-02-24,Active,0
3070,AN0003070,Ruth,Lawson,1994-07-28,M,ruth.lawson3070@example.com,+44 7700 900941,B15 2EJ,9998872871,Arab,2021-10-15,Active,0
3071,AN0003071,Kai,Khan,1994-04-10,M,kai.khan3071@example.com,07700900786,CF10 9AA,9997709780,Mixed White and Black Caribbean,2016-06-16,Active,1
3072,AN0003072,Fatima,Doyle,1997-07-17,M,fatima.doyle3072@example.com,(0161) 496 6286,EH1 2EB,9997448510,Mixed White and Black Caribbean,2024-08-13,Active,1
3073,AN0003073,Amara,Novak,1997-02-23,F,amara.novak3073@example.com,+44 7700 900481,NE1 9GG,9997108744,Black Other,2018-07-02,Active,0
3074,AN0003074,Daniel,Bello,1993-06-27,F,daniel.bello3074@example.com,07700900506,SW1A 9JD,9995477750,Asian Other,2023-01-28,Suspended,0
3075,AN0003075,Omar,Grant,2000-03-01,M,omar.grant3075@example.com,+44 7700 900232,EH1 8BB,9991621989,Other,2024-11-25,Active,1
3076,AN0003076,Nadia,Osman,2003-07-02,F,nadia.osman3076@example.com,07700900190,g12hf,9999070442,Black Other,2024-08-12,Active,1
3077,AN0003077,Isla,Doyle,2002-02-18,M,isla.doyle3077@example.com,+44 7700 900535,m11bj,9998425247,Mixed Other,2022-06-16,Deferred,1
3078,AN0003078,Sarah,Bello,1999-12-02,F,sarah.bello3078@example.com,(0161) 496 8988,B15 1JG,9993595136,Chinese,2018-06-11,Active,0
3079,AN0003079,Erin,Murray,1991-01-29,F,erin.murray3079@example.com,+44 7700 900350,LS1 5HE,9991697888,Chinese,2020-07-31,Withdrawn,1
3080,AN0003080,Idris,Doyle,1996-02-08,M,idris.doyle3080@example.com,+44 7700 900676,L1 2FD,9991696563,Black Caribbean,2021-04-23,Active,1
3081,AN0003081,Omar,Whitfield,1997-08-23,F,omar.whitfield3081@example.com,+44 7700 900308,EH1 8HH,9995440660,Black Caribbean,2024-11-08,Active,1
3082,AN0003082,Tom,Nwosu,2000-03-26,M,tom.nwosu3082@example.com,+44 7700 900740,ne11bb,9998721393,Chinese,2021-10-11,Withdrawn,0
3083,AN0003083,Kai,Nwosu,1987-05-19,F,kai.nwosu3083@example.com,(0161) 496 6594,l13eh,9999136400,Mixed Other,2016-05-26,Suspended,1
3084,AN0003084,Sofia,Sharma,2001-09-04,F,sofia.sharma3084@example.com,+44 7700 900759,L1 8EG,9991884971,Black Caribbean,2024-10-07,Active,1
3085,AN0003085,Fatima,Nwosu,1991-06-05,F,fatima.nwosu3085@example.com,+44 7700 900328,B15 7HA,9992352175,Pakistani,2017-11-06,Active,0
3086,AN0003086,Yusuf,Rossi,1991-03-03,M,yusuf.rossi3086@example.com,+44 7700 900932,G1 2AD,9999058140,Arab,2017-12-15,Deferred,1
3087,AN0003087,Leila,Sharma,2000-06-04,M,leila.sharma3087@example.com,+44 7700 900322,SW1A 5JJ,9998854342,Mixed White and Asian,2023-12-10,Deferred,1
3088,AN0003088,Daniel,Wright,1990-04-23,F,daniel.wright3088@example.com,+44 7700 900310,L1 4EE,9990304718,Mixed White and Asian,2017-09-29,Withdrawn,1
3089,AN0003089,Idris,Lawson,1996-04-24,M,idris.lawson3089@example.com,+44 7700 900862,SW1A 2DB,9995207818,Other,2017-09-12,Withdrawn,1
3090,AN0003090,Sarah,Mackenzie,1996-10-05,F,sarah.mackenzie3090@example.com,07700900561,sw1a8af,9993737518,Black African,2020-05-01,Active,1
3091,AN0003091,Fatima,Abara,1996-03-31,F,fatima.abara3091@example.com,07700900229,ls19fj,9996600971,Black Caribbean,2019-08-08,Deferred,0
3092,AN0003092,Hassan,Reid,1977-10-18,F,hassan.reid3092@example.com,+44 7700 900331,G1 9BG,9991859403,White Irish,2017-01-08,Active,1
3093,AN0003093,Daniel,Haddad,1989-10-01,F,daniel.haddad3093@example.com,07700900377,EH1 6HJ,9995561239,Black Caribbean,2016-02-01,Active,0
3094,AN0003094,Liam,Bianchi,2000-08-25,M,liam.bianchi3094@example.com,07700900400,SW1A 2GA,9992942010,Pakistani,2023-10-28,Withdrawn,0
3095,AN0003095,Oliver,Chen,2004-08-31,F,oliver.chen3095@example.com,+44 7700 900278,LS1 1DF,9991985778,Other,2024-09-17,Active,1
3096,AN0003096,Sarah,Novak,2002-05-29,M,sarah.novak3096@example.com,+44 7700 900834,L1 4GJ,9993618772,Black African,2024-01-08,Suspended,1
3097,AN0003097,Ethan,Reid,1999-05-14,F,ethan.reid3097@example.com,(0161) 496 3671,G1 9GE,9995995158,Black African,2022-08-23,Active,1
3098,AN0003098,Fatima,Haddad,1994-04-14,F,fatima.haddad3098@example.com,+44 7700 900393,b151fh,9996414426,Mixed White and Black Caribbean,2016-08-09,Withdrawn,0
3099,AN0003099,Hassan,Abara,1998-10-19,M,hassan.abara3099@example.com,+44 7700 900608,G1 8AB,9995088061,Chinese,2023-08-06,Suspended,1
3100,AN0003100,Ethan,Mackenzie,1997-04-03,M,ethan.mackenzie3100@example.com,07700900823,LS1 7GE,9994768093,Mixed White and Black Caribbean,2019-09-23,Deferred,1
3101,AN0003101,Sofia,Ali,2001-01-08,M,sofia.ali3101@example.com,(0161) 496 4885,EH1 5AD,9995470144,Bangladeshi,2019-07-05,Suspended,1
3102,AN0003102,James,Ali,2001-06-22,M,james.ali3102@example.com,+44 7700 900330,EH1 1DB,9994549804,Black Caribbean,2023-01-23,Active,0
3103,AN0003103,Callum,Iqbal,1995-04-22,M,,+44 7700 900533,cf107ef,9996605574,Arab,2018-02-07,Active,0
3104,AN0003104,George,Iqbal,1991-05-18,M,george.iqbal3104@example.com,+44 7700 900290,B15 4BE,9992108118,White Irish,2019-10-10,Active,1
3105,AN0003105,Meera,Whitfield,1998-02-16,M,meera.whitfield3105@example.com,(0161) 496 9183,NE1 9BH,9997066685,Black Caribbean,2024-02-24,Active,0
3106,AN0003106,Liam,Haddad,2000-11-04,M,liam.haddad3106@example.com,+44 7700 900645,m13jd,9999014054,Black Caribbean,2019-08-05,Active,0
3107,AN0003107,George,Robertson,1996-04-04,F,george.robertson3107@example.com,+44 7700 900351,NE1 5EG,9997258010,Black Other,2022-12-21,Deferred,0
3108,AN0003108,Leila,Reid,1993-10-03,F,leila.reid3108@example.com,+44 7700 900118,SW1A 4DE,9990192685,Mixed White and Asian,2020-02-19,Active,0
3109,AN0003109,Meera,Ali,1998-04-02,F,,+44 7700 900150,G1 2BJ,9996142663,Pakistani,2021-09-09,Active,1
3110,AN0003110,Fatima,Haddad,1996-07-22,F,fatima.haddad3110@example.com,07700900815,M1 2AA,9992649135,Black Other,2021-07-18,Withdrawn,1
3111,AN0003111,George,Abara,1994-05-31,F,george.abara3111@example.com,+44 7700 900480,LS1 8GE,9997910532,Arab,2021-11-24,Active,1
3112,AN0003112,Nadia,Iqbal,1999-01-14,F,nadia.iqbal3112@example.com,+44 7700 900363,B15 5BA,9990024200,White Other,2020-04-25,Deferred,0
3113,AN0003113,Oliver,Grant,2001-09-04,F,oliver.grant3113@example.com,(0161) 496 3176,G1 6JJ,9991128484,Black Caribbean,2020-03-18,Activ,0
3114,AN0003114,Meera,Khan,1992-08-17,M,meera.khan3114@example.com,+44 7700 900826,BS1 5AF,9997891368,Other,2017-12-19,Active,1
3115,AN0003115,Liam,Kaur,1994-04-15,M,liam.kaur3115@example.com,07700900493,B15 9DJ,9994145509,Arab,2020-09-06,Active,0
3116,AN0003116,Tom,Lawson,1988-10-20,F,tom.lawson3116@example.com,+44 7700 900975,NE1 3FD,9999734448,Mixed White and Asian,2016-07-07,Active,1
3117,AN0003117,Callum,Adeyemi,1998-08-10,F,callum.adeyemi3117@example.com,(0161) 496 2986,B15 2BA,9995221810,Mixed White and Black Caribbean,2021-05-23,Deferred,1
3118,AN0003118,Sofia,Rossi,1996-07-18,F,sofia.rossi3118@example.com,07700900845,NE1 9HH,9991139524,Bangladeshi,2016-10-22,Active,1
3119,AN0003119,Hassan,Novak,2002-06-06,F,hassan.novak3119@example.com,+44 7700 900181,L1 7BA,9991324704,Other,2024-12-03,Active,0
3120,AN0003120,Ethan,Thompson,1999-11-26,M,ethan.thompson3120@example.com,(0161) 496 8191,g18fg,9995173301,White Other,2019-04-13,Active,1
3121,AN0003121,Ruth,Adeyemi,1996-02-28,F,ruth.adeyemi3121@example.com,+44 7700 900192,G1 2HH,9995517280,Mixed White and Asian,2021-09-10,Active,0
3122,AN0003122,Liam,Bianchi,1994-05-15,M,,+44 7700 900195,EH1 8DD,9992945311,Mixed White and Asian,2018-06-06,Withdrawn,1
3123,AN0003123,Liam,Robertson,1997-01-14,M,liam.robertson3123@example.com,07700900374,SW1A 1GE,9990942072,Mixed White and Asian,2019-03-01,Withdrawn,0
3124,AN0003124,Ruth,Bello,2003-12-28,F,ruth.bello3124@example.com,+44 7700 900689,M1 4BB,9995749165,Other,2022-08-18,Active,1
3125,AN0003125,Erin,Cohen,1995-10-22,F,erin.cohen3125@example.com,+44 7700 900931,ne19gb,9998203856,Pakistani,2020-11-10,Withdrawn,1
3126,AN0003126,Oliver,Bello,2001-04-09,F,oliver.bello3126@example.com,(0161) 496 5725,M1 6AH,9999851185,White Other,2019-05-09,Active,1
3127,AN0003127,Leila,Fenton,1998-11-20,F,leila.fenton3127@example.com,+44 7700 900623,sw1a9gb,9999667570,Indian,2024-08-14,Withdrawn,1
3128,AN0003128,Hassan,Cohen,2001-01-26,M,hassan.cohen3128@example.com,+44 7700 900900,B15 5DH,9991395709,White Irish,2019-04-04,Active,1
3129,AN0003129,Sofia,Mackenzie,2000-09-14,M,sofia.mackenzie3129@example.com,07700900745,SW1A 3EJ,9998930383,Indian,2019-11-24,Active,1
3130,AN0003130,Callum,Doyle,1994-08-02,F,callum.doyle3130@example.com,(0161) 496 4014,CF10 3DD,9999537626,Indian,2016-07-29,Deferred,0
3131,AN0003131,Omar,Osman,1998-11-24,M,omar.osman3131@example.com,07700900232,L1 3AH,9995490595,Other,2022-03-01,Active,0
3132,AN0003132,Fatima,Grant,1991-04-23,F,fatima.grant3132@example.com,07700900483,sw1a9ea,9998294819,Arab,2019-08-18,Active,1
3133,AN0003133,Hassan,Murray,1995-07-07,F,hassan.murray3133@example.com,+44 7700 900837,BS1 2BH,9993798002,Black African,2020-09-15,Deferred,1
3134,AN0003134,Wei,Okafor,1988-02-22,M,wei.okafor3134@example.com,(0161) 496 8253,BS1 8AJ,9994310292,Chinese,2017-11-13,Deferred,0
3135,AN0003135,Sarah,Okafor,1993-10-05,F,sarah.okafor3135@example.com,(0161) 496 1582,BS1 3GF,9990983186,Indian,2018-05-29,Suspended,0
3136,AN0003136,Fatima,Bianchi,1998-02-03,F,fatima.bianchi3136@example.com,+44 7700 900942,NE1 9EA,9998197481,Black Caribbean,2019-02-14,Active,1
3137,AN0003137,George,Rossi,1997-06-30,M,george.rossi3137@example.com,07700900508,EH1 3GA,9994717421,Mixed White and Asian,2017-10-01,Active,1
3138,AN0003138,Kai,Sharma,1996-06-18,M,kai.sharma3138@example.com,+44 7700 900126,M1 2HA,9992418117,Mixed Other,2020-07-26,Active,1
3139,AN0003139,Callum,Nwosu,2005-04-12,F,callum.nwosu3139@example.com,07700900837,LS1 7DB,9994720201,Mixed White and Asian,2024-04-19,Active,0
3140,AN0003140,Idris,Mackenzie,1998-08-03,F,idris.mackenzie3140@example.com,+44 7700 900286,bs16fa,9996864294,Mixed White and Asian,2016-10-04,Withdrawn,0
3141,AN0003141,Ruth,Reid,2001-02-19,F,ruth.reid3141@example.com,(0161) 496 3252,L1 4BJ,9990446202,Chinese,2021-07-06,Active,1
3142,AN0003142,Kai,Mackenzie,2000-07-20,M,kai.mackenzie3142@example.com,07700900178,cf108ef,9991421149,White British,2024-03-15,Active,0
3143,AN0003143,Yusuf,Ali,1992-05-19,F,yusuf.ali3143@example.com,07700900945,BS1 1JA,9993942715,Asian Other,2020-11-23,Withdrawn,1
3144,AN0003144,Wei,Mackenzie,2002-11-30,F,wei.mackenzie3144@example.com,07700900682,ls13dg,9991640045,Mixed White and Black Caribbean,2021-06-27,Deferred,0
3145,AN0003145,George,Thompson,1997-08-08,F,george.thompson3145@example.com,+44 7700 900518,CF10 4JB,9990120633,Asian Other,2018-12-25,Active,1
3146,AN0003146,Zainab,Kaur,1994-10-31,F,zainab.kaur3146@example.com,07700900423,CF10 8GH,9996766748,White Other,2022-06-26,Active,1
3147,AN0003147,Ruth,Wright,1992-05-08,F,ruth.wright3147@example.com,(0161) 496 4481,LS1 5DD,9994532448,Pakistani,2017-02-26,Active,1
3148,AN0003148,Callum,Thompson,1997-10-05,M,callum.thompson3148@example.com,+44 7700 900735,sw1a1gb,9998365147,Mixed White and Asian,2016-02-24,Suspended,0
3149,AN0003149,Daniel,Bello,2003-09-24,M,daniel.bello3149@example.com,+44 7700 900461,B15 8AA,9998341086,White Irish,2023-06-21,Active,1
3150,AN0003150,Priya,Lawson,1999-07-21,M,priya.lawson3150@example.com,(0161) 496 5462,G1 2EH,9990294224,White Irish,2022-08-15,Withdrawn,1
3151,AN0003151,Hassan,Cohen,1994-11-25,M,hassan.cohen3151@example.com,07700900814,M1 6GG,9995924196,Arab,2016-01-11,Active,1
3152,AN0003152,Callum,Cohen,1998-02-05,M,callum.cohen3152@example.com,+44 7700 900188,M1 8AE,9990325383,Chinese,2019-08-14,Active,0
3153,AN0003153,Erin,Mackenzie,1989-11-05,F,erin.mackenzie3153@example.com,07700900942,M1 7GB,9998111463,Other,2018-12-31,Active,1
3154,AN0003154,Sarah,Thompson,1999-11-17,M,sarah.thompson3154@example.com,+44 7700 900483,B15 9FG,9993559962,Arab,2021-07-14,Active,0
3155,AN0003155,Tom,Novak,1997-01-18,M,tom.novak3155@example.com,(0161) 496 2220,ls15ef,9996662918,Chinese,2017-03-15,Withdrawn,1
3156,AN0003156,Amara,Byrne,1998-05-18,F,amara.byrne3156@example.com,+44 7700 900493,sw1a2fh,9992058498,Black Caribbean,2019-10-02,Active,1
3157,AN0003157,Zainab,Ali,2001-05-11,M,zainab.ali3157@example.com,+44 7700 900403,NE1 2EE,9993369411,Arab,2022-12-10,Active,0
3158,AN0003158,Ethan,Okafor,2004-12-08,F,ethan.okafor3158@example.com,+44 7700 900648,LS1 6GF,9993868612,Pakistani,2023-07-22,Active,1
3159,AN0003159,Chloe,Wright,1994-06-20,F,chloe.wright3159@example.com,+44 7700 900931,B15 1AJ,9999485634,Mixed White and Asian,2021-06-15,Active,1
3160,AN0003160,Oliver,Whitfield,1995-07-17,M,oliver.whitfield3160@example.com,07700900506,B15 4JG,999011214,Chinese,2017-02-04,Deferred,1
3161,AN0003161,Grace,Doyle,1995-09-15,M,grace.doyle3161@example.com,07700900265,l13db,9996596044,White Irish,2024-12-14,Active,1
3162,AN0003162,Isla,Mackenzie,1996-02-25,F,isla.mackenzie3162@example.com,+44 7700 900180,B15 4GJ,9992992441,Pakistani,2021-02-28,Active,1
3163,AN0003163,Chloe,Sharma,1993-11-04,F,chloe.sharma3163@example.com,+44 7700 900706,B15 4HA,9992638230,Indian,2020-07-20,Suspended,0
3164,AN0003164,Hassan,Mackenzie,1991-08-03,F,hassan.mackenzie3164@example.com,+44 7700 900909,EH1 6HA,9991868658,Bangladeshi,2021-04-10,Active,1
3165,AN0003165,Kai,Wright,1989-01-17,F,kai.wright3165@example.com,+44 7700 900391,NE1 3JJ,9997729110,Black Caribbean,2017-04-11,Deferred,1
3166,AN0003166,Priya,Khan,2005-04-29,F,priya.khan3166@example.com,07700900101,ne13eb,9996172589,Pakistani,2024-09-02,Withdrawn,1
3167,AN0003167,Ruth,Adeyemi,2003-08-13,M,ruth.adeyemi3167@example.com,07700900619,sw1a5gg,9991217444,Arab,2024-03-22,Active,1
3168,AN0003168,Chloe,Khan,2002-10-21,F,chloe.khan3168@example.com,+44 7700 900615,B15 8AF,9992371250,White British,2024-05-04,Active,0
3169,AN0003169,Sarah,Khan,1999-03-30,F,sarah.khan3169@example.com,07700900899,b158gb,9996245241,White Irish,2017-07-16,Active,1
3170,AN0003170,Ethan,Osman,2000-11-28,F,ethan.osman3170@example.com,07700900909,BS1 9GG,9992929774,White Irish,2021-03-23,Active,1
3171,AN0003171,Noah,Osman,1998-07-07,F,noah.osman3171@example.com,07700900427,G1 5DD,9995487292,Indian,2024-11-23,Active,1
3172,AN0003172,Oliver,Ali,1990-04-16,M,oliver.ali3172@example.com,+44 7700 900964,CF10 4DE,9991719555,Other,2018-10-14,Deferred,1
3173,AN0003173,Tom,Chen,1999-07-10,F,tom.chen3173@example.com,(0161) 496 3068,M1 6HJ,9998637473,White Irish,2022-09-04,Active,0
3174,AN0003174,Tom,Haddad,1998-09-12,F,tom.haddad3174@example.com,07700900155,ls17jb,9995840537,White Other,2020-05-29,Suspended,1
3175,AN0003175,Daniel,Rossi,1999-05-28,F,daniel.rossi3175@example.com,+44 7700 900226,L1 3JF,9990034109,Mixed White and Black Caribbean,2019-08-27,Deferred,0
3176,AN0003176,Idris,Wright,2002-09-27,F,idris.wright3176@example.com,+44 7700 900188,BS1 5JF,9990970645,Black African,2021-01-21,Active,1
3177,AN0003177,Leila,Byrne,2002-09-27,M,leila.byrne3177@example.com,07700900528,m12gg,9992402784,Bangladeshi,2023-03-06,Active,0
3178,AN0003178,Zainab,Rossi,1997-05-28,M,zainab.rossi3178@example.com,(0161) 496 4741,BS1 6EB,9996951529,Pakistani,2016-09-18,Deferred,0
3179,AN0003179,George,Cohen,2006-02-14,F,george.cohen3179@example.com,+44 7700 900916,L1 2EJ,9996670805,Mixed White and Asian,2024-11-18,Deferred,0
3180,AN0003180,Nadia,Sharma,1990-10-14,F,nadia.sharma3180@example.com,+44 7700 900463,M1 2ED,9994014404,Arab,2019-11-07,Suspended,0
3181,AN0003181,George,Whitfield,1994-07-15,F,george.whitfield3181@example.com,+44 7700 900565,B15 3FH,9995224119,Asian Other,2021-10-15,Active,0
3182,AN0003182,Isla,Lawson,2003-01-04,F,isla.lawson3182@example.com,07700900679,LS1 7GE,9992738391,Mixed Other,2022-03-11,Deferred,1
3183,AN0003183,Nadia,Okafor,1999-09-01,F,nadia.okafor3183@example.com,07700900622,EH1 8AE,9999579965,Black Other,2024-01-11,Suspended,0
3184,AN0003184,Amara,Kaur,1991-05-26,F,amara.kaur3184@example.com,(0161) 496 5177,bs14aj,9997714652,White Irish,2018-09-26,Withdrawn,0
3185,AN0003185,Sofia,Haddad,1997-01-18,M,sofia.haddad3185@example.com,+44 7700 900955,bs12ab,9998981379,White Irish,2016-02-23,Active,0
3186,AN0003186,Priya,Mackenzie,2002-06-12,F,priya.mackenzie3186@example.com,+44 7700 900906,eh15ge,9991951105,Black African,2021-02-23,Active,0
3187,AN0003187,Callum,Iqbal,1998-04-25,M,callum.iqbal3187@example.com,+44 7700 900465,m15hd,9990008884,Other,2024-06-25,Withdrawn,1
3188,AN0003188,Isla,Khan,2005-05-29,M,isla.khan3188@example.com,+44 7700 900555,LS1 3DG,9996931498,Asian Other,2024-10-29,Active,1
3189,AN0003189,Sofia,Rossi,1987-10-06,F,sofia.rossi3189@example.com,+44 7700 900574,CF10 2AE,9997731107,Bangladeshi,2016-10-21,Deferred,1
3190,AN0003190,Ruth,Fenton,1992-09-25,M,ruth.fenton3190@example.com,+44 7700 900656,g12gb,9999400744,Mixed Other,2018-03-02,Deferred,1
3191,AN0003191,Wei,Ali,1996-11-14,M,wei.ali3191@example.com,+44 7700 900616,LS1 2AJ,9990595585,Arab,2022-08-03,Deferred,0
3192,AN0003192,George,Chen,1998-07-13,F,george.chen3192@example.com,+44 7700 900833,CF10 8ED,9994966073,White British,2020-02-18,Active,1
3193,AN0003193,Tom,Bianchi,1999-10-04,M,tom.bianchi3193@example.com,07700900469,L1 2DB,9996296687,Bangladeshi,2024-12-02,Active,0
3194,AN0003194,George,Nwosu,1994-10-21,F,george.nwosu3194@example.com,+44 7700 900655,G1 5FH,9996889580,Asian Other,2021-11-14,Active,0
3195,AN0003195,Grace,Byrne,1994-03-23,M,grace.byrne3195@example.com,07700900384,eh13bj,9993485640,Mixed White and Black Caribbean,2023-07-12,Withdrawn,0
3196,AN0003196,Isla,Mackenzie,2000-04-19,M,isla.mackenzie3196@example.com,(0161) 496 6066,EH1 2HE,9994742124,White Irish,2020-08-25,Active,1
3197,AN0003197,James,Iqbal,1997-07-16,,james.iqbal3197@example.com,+44 7700 900106,LS1 9BJ,9998807247,Pakistani,2023-07-24,Active,1
3198,AN0003198,Daniel,Ali,1989-08-05,F,daniel.ali3198@example.com,+44 7700 900488,BS1 7HJ,9999586015,Black Other,2016-03-14,Withdrawn,0
3199,AN0003199,Priya,Wright,1993-09-24,F,priya.wright3199@example.com,07700900828,EH1 7GB,9997921275,White Other,2020-03-02,Withdrawn,1
3200,AN0003200,Wei,Robertson,1991-11-19,F,wei.robertson3200@example.com,+44 7700 900781,BS1 7EJ,9990164851,Black African,2017-01-14,Active,0
3201,AN0003201,Fatima,Ali,1989-01-24,M,fatima.ali3201@example.com,07700900821,CF10 4FB,9990436258,Mixed White and Asian,2017-07-03,Suspended,0
3202,AN0003202,Leila,Cohen,1989-06-09,M,leila.cohen3202@example.com,+44 7700 900906,M1 9JH,9994046616,White British,2018-10-03,Deferred,0
3203,AN0003203,Priya,Haddad,1994-08-16,F,priya.haddad3203@example.com,07700900977,m17be,9999865364,Mixed White and Asian,2023-09-12,Deferred,0
3204,AN0003204,Isla,Iqbal,1988-02-07,M,isla.iqbal3204@example.com,07700900672,G1 1EJ,9993612510,Black Caribbean,2016-03-11,Active,1
3205,AN0003205,Erin,Thompson,1994-10-19,M,erin.thompson3205@example.com,+44 7700 900435,ls12db,9999338739,White British,2021-11-22,Active,1
3206,AN0003206,Priya,Fenton,1990-06-06,F,priya.fenton3206@example.com,07700900810,g18ej,9997564103,Black Caribbean,2018-08-20,Active,0
3207,AN0003207,Priya,Patel,1994-01-18,M,priya.patel3207@example.com,+44 7700 900494,EH1 5BE,9990984557,Pakistani,2017-06-01,Withdrawn,0
3208,AN0003208,Hannah,Iqbal,1997-04-15,M,hannah.iqbal3208@example.com,+44 7700 900449,m15be,9993255866,Indian,2019-08-19,Active,0
3209,AN0003209,Omar,Whitfield,2002-04-25,F,omar.whitfield3209@example.com,+44 7700 900926,b152bb,9993723673,White Irish,2023-04-26,Suspended,0
3210,AN0003210,Omar,Thompson,1988-11-13,M,omar.thompson3210@example.com,07700900255,M1 2BB,9990983089,Other,2018-05-15,Suspended,0
3211,AN0003211,Erin,Ali,2000-03-28,M,erin.ali3211@example.com,07700900764,BS1 2HA,9998289688,Indian,2018-04-26,Suspended,0
3212,AN0003212,George,Ali,1994-07-29,F,george.ali3212@example.com,+44 7700 900655,B15 6AG,9998779685,White Irish,2018-04-15,Active,1
3213,AN0003213,Sofia,Patel,2004-02-21,F,sofia.patel3213@example.com,+44 7700 900367,EH1 3EG,9998648408,Bangladeshi,2022-05-19,Withdrawn,1
3214,AN0003214,James,Lawson,1990-08-03,F,james.lawson3214@example.com,(0161) 496 5188,LS1 3FA,9997689836,Mixed White and Asian,2017-08-17,Active,0
3215,AN0003215,Daniel,Lawson,1998-07-02,F,daniel.lawson3215@example.com,+44 7700 900637,M1 5AE,9998454530,Mixed Other,2022-12-26,Active,0
3216,AN0003216,Noah,Bianchi,1993-09-05,M,noah.bianchi3216@example.com,+44 7700 900798,L1 1BB,9994665847,White Irish,2017-12-06,Suspended,1
3217,AN0003217,Meera,Thompson,1991-07-04,F,meera.thompson3217@example.com,+44 7700 900362,SW1A 3DE,9995960656,Black Other,2016-07-20,Deferred,1
3218,AN0003218,Amara,Nwosu,1997-01-13,M,,07700900408,EH1 4HA,9994884867,White Other,2024-07-11,Suspended,0
3219,AN0003219,Meera,Mackenzie,1994-03-13,F,meera.mackenzie3219@example.com,+44 7700 900233,cf104ha,9998973031,Mixed Other,2019-08-16,Active,0
3220,AN0003220,Oliver,Grant,1994-06-26,F,oliver.grant3220@example.com,+44 7700 900404,SW1A 8AG,9990133344,Asian Other,2019-01-31,Withdrawn,0
3221,AN0003221,Chloe,Patel,2003-06-18,F,chloe.patel3221@example.com,07700900532,b152ge,9990261016,Black Other,2024-02-18,Withdrawn,1
3222,AN0003222,Yusuf,Chen,1999-01-19,M,yusuf.chen3222@example.com,(0161) 496 1753,L1 9GJ,9998462053,Black Caribbean,2020-04-10,Active,0
3223,AN0003223,Omar,Murray,1997-04-08,F,omar.murray3223@example.com,+44 7700 900622,LS1 8DH,9994018817,Black Caribbean,2016-12-25,Suspended,1
3224,AN0003224,Idris,Murray,1991-08-04,M,idris.murray3224@example.com,07700900176,ne13jb,9991319485,Bangladeshi,2020-12-06,Withdrawn,0
3225,AN0003225,Oliver,Haddad,2002-06-20,M,oliver.haddad3225@example.com,07700900369,cf104gj,9998868351,Black African,2023-11-01,Active,0
3226,AN0003226,Hannah,Grant,1995-07-28,M,hannah.grant3226@example.com,+44 7700 900808,L1 3JF,9990712336,Mixed Other,2019-03-15,Active,0
3227,AN0003227,Leila,Chen,2004-08-31,F,leila.chen3227@example.com,+44 7700 900916,LS1 4JE,9994588613,Chinese,2024-02-13,Active,1
3228,AN0003228,Tom,Chen,1994-12-15,M,tom.chen3228@example.com,+44 7700 900230,ne18jg,9994840045,Pakistani,2018-09-24,Active,0
3229,AN0003229,Idris,Novak,1995-01-11,F,idris.novak3229@example.com,+44 7700 900827,SW1A 2HH,9996793990,Bangladeshi,2022-09-10,Active,0
3230,AN0003230,Callum,Kaur,2005-05-02,M,callum.kaur3230@example.com,07700900680,L1 9DA,9999833810,White British,2024-01-06,Active,0
3231,AN0003231,Callum,Lawson,1995-06-20,M,callum.lawson3231@example.com,+44 7700 900442,LS1 7FH,9995054671,Black Caribbean,2017-06-17,Suspended,0
3232,AN0003232,Chloe,Doyle,1992-10-01,F,chloe.doyle3232@example.com,+44 7700 900285,SW1A 1DD,9993714240,Chinese,2020-03-13,Withdrawn,0
3233,AN0003233,Idris,Thompson,1989-02-16,M,idris.thompson3233@example.com,07700900722,ls19fa,9999696570,Asian Other,2018-10-04,Suspended,1
3234,AN0003234,Fatima,Kaur,1998-01-30,M,fatima.kaur3234@example.com,(0161) 496 1195,l13bg,9998056020,Bangladeshi,2021-03-21,Active,1
3235,AN0003235,Meera,Kaur,1995-03-05,M,meera.kaur3235@example.com,+44 7700 900965,B15 8AA,9994096427,Asian Other,2016-05-25,Suspended,1
3236,AN0003236,Daniel,Iqbal,1991-03-12,M,daniel.iqbal3236@example.com,07700900987,SW1A 1DD,9996108554,Other,2016-06-10,Active,1
3237,AN0003237,Sarah,Osman,1993-10-08,,sarah.osman3237@example.com,(0161) 496 7260,EH1 2GB,9991822240,Indian,2018-02-10,Active,0
3238,AN0003238,Omar,Khan,1999-05-26,M,omar.khan3238@example.com,+44 7700 900350,LS1 4DB,9999285813,Black Caribbean,2022-06-21,Active,1
3239,AN0003239,Fatima,Cohen,1996-03-23,M,fatima.cohen3239@example.com,07700900900,BS1 2HB,9991995323,White Other,2016-05-28,Active,1
3240,AN0003240,Grace,Patel,1993-03-26,M,grace.patel3240@example.com,(0161) 496 9850,M1 5EG,9999419976,White Other,2021-08-19,Active,1
3241,AN0003241,Fatima,Okafor,2004-04-27,M,fatima.okafor3241@example.com,+44 7700 900921,B15 2HJ,9991410481,Pakistani,2023-06-15,Deferred,0
3242,AN0003242,Nadia,Adeyemi,1999-12-07,M,nadia.adeyemi3242@example.com,07700900130,sw1a9ed,9993652938,Arab,2023-06-14,Active,1
3243,AN0003243,Noah,Khan,2003-10-28,F,noah.khan3243@example.com,+44 7700 900521,L1 2HJ,9990130590,Arab,2023-11-19,Active,1
3244,AN0003244,Idris,Whitfield,1990-07-27,F,idris.whitfield3244@example.com,07700900697,L1 1JE,9998688787,Mixed Other,2018-10-13,Deferred,0
3245,AN0003245,Hassan,Nwosu,1987-07-05,M,hassan.nwosu3245@example.com,07700900452,EH1 1FA,9991668454,White Irish,2016-09-05,Active,1
3246,AN0003246,Idris,Haddad,1996-03-24,M,idris.haddad3246@example.com,+44 7700 900653,EH1 9BA,9994598279,White Other,2024-05-23,Active,1
3247,AN0003247,Priya,Cohen,1993-11-07,F,priya.cohen3247@example.com,07700900572,M1 8DB,9999815332,Black African,2023-06-11,Active,0
3248,AN0003248,Tom,Rossi,1998-04-28,M,tom.rossi3248@example.com,+44 7700 900564,NE1 9EE,9992085207,Mixed White and Black Caribbean,2019-05-04,Active,1
3249,AN0003249,Daniel,Bello,2003-08-14,F,daniel.bello3249@example.com,+44 7700 900448,ne16hg,9999504442,Pakistani,2021-11-14,Deferred,0
3250,AN0003250,Hassan,Iqbal,1995-08-22,F,hassan.iqbal3250@example.com,(0161) 496 2423,LS1 9EB,9997949447,Pakistani,2019-02-20,Active,0
3251,AN0003251,Wei,Bello,1995-09-04,F,wei.bello3251@example.com,(0161) 496 5848,LS1 8HE,9994955098,Black Caribbean,2023-02-16,Active,1
3252,AN0003252,Ruth,Mackenzie,1992-06-29,M,ruth.mackenzie3252@example.com,07700900165,SW1A 6DG,9991189467,Bangladeshi,2016-10-02,Active,0
3253,AN0003253,Liam,Haddad,1996-09-18,F,liam.haddad3253@example.com,+44 7700 900744,CF10 4AA,9994335901,White Other,2020-03-20,Active,1
3254,AN0003254,Hannah,Mackenzie,1990-08-25,F,hannah.mackenzie3254@example.com,07700900680,EH1 2FH,9997359283,Chinese,2016-02-22,Withdrawn,1
3255,AN0003255,Idris,Chen,1994-07-04,F,,07700900772,CF10 2HG,9996336557,Mixed White and Asian,2020-02-18,Active,1
3256,AN0003256,Sarah,Byrne,1991-11-03,F,sarah.byrne3256@example.com,+44 7700 900499,BS1 4DF,9996234436,Mixed Other,2016-08-16,Suspended,0
3257,AN0003257,Ethan,Reid,2000-01-25,F,ethan.reid3257@example.com,+44 7700 900639,B15 8FJ,9994173332,Mixed Other,2019-07-16,Withdrawn,0
3258,AN0003258,Sarah,Sharma,1994-09-09,F,sarah.sharma3258@example.com,+44 7700 900799,sw1a6ef,9995035812,Mixed Other,2021-04-08,Withdrawn,1
3259,AN0003259,Kai,Mackenzie,1993-02-10,M,kai.mackenzie3259@example.com,07700900502,M1 9FH,9997608577,Mixed White and Asian,2022-11-07,Active,1
3260,AN0003260,Idris,Doyle,1994-10-10,M,idris.doyle3260@example.com,07700900389,LS1 9HH,9997192176,Asian Other,2016-04-15,Active,1
3261,AN0003261,Omar,Cohen,1996-04-02,M,omar.cohen3261@example.com,(0161) 496 1915,CF10 1JD,9997236572,Mixed Other,2020-11-17,Active,1
3262,AN0003262,Oliver,Murray,1996-05-15,F,oliver.murray3262@example.com,07700900526,EH1 1DD,9997244915,Arab,2020-11-06,Active,1
3263,AN0003263,Sofia,Murray,1993-12-10,F,sofia.murray3263@example.com,07700900751,M1 1GJ,9991833803,Other,2018-01-23,Active,0
3264,AN0003264,Noah,Ali,2004-11-30,F,noah.ali3264@example.com,07700900594,sw1a6ee,9990851980,Chinese,2024-05-24,Suspended,1
3265,AN0003265,Priya,Robertson,1998-02-19,F,priya.robertson3265@example.com,(0161) 496 9970,BS1 6HB,9993089753,Mixed White and Asian,2022-05-18,Active,0
3266,AN0003266,Kai,Adeyemi,1994-04-03,M,kai.adeyemi3266@example.com,(0161) 496 2218,cf107be,9996354857,Chinese,2016-08-13,Suspended,1
3267,AN0003267,Liam,Kaur,2006-01-14,M,,07700900106,G1 8FJ,9994024930,Arab,2024-06-07,Active,0
3268,AN0003268,Sofia,Bello,2002-01-29,M,sofia.bello3268@example.com,+44 7700 900388,EH1 5GA,9997301994,Black Other,2022-09-16,Active,1
3269,AN0003269,Liam,Bianchi,1989-08-19,F,liam.bianchi3269@example.com,07700900274,EH1 6HH,9993051284,White Other,2019-02-09,Active,0
3270,AN0003270,Hannah,Grant,1995-05-01,M,hannah.grant3270@example.com,(0161) 496 8547,B15 4EG,9990150346,Chinese,2022-12-03,Active,1
3271,AN0003271,Wei,Bello,1996-07-19,F,wei.bello3271@example.com,+44 7700 900973,B15 5EE,9997120574,Black Caribbean,2017-12-26,Suspended,0
3272,AN0003272,Hannah,Byrne,1989-09-22,F,hannah.byrne3272@example.com,+44 7700 900616,ls19jd,9998702453,Mixed White and Asian,2018-06-16,Active,1
3273,AN0003273,Erin,Bianchi,1999-07-23,F,erin.bianchi3273@example.com,+44 7700 900698,sw1a8aa,9999608965,Arab,2018-08-13,Active,1
3274,AN0003274,Fatima,Kaur,1992-04-27,F,fatima.kaur3274@example.com,+44 7700 900770,L1 2HB,9995633604,Mixed Other,2019-08-15,Withdrawn,0
3275,AN0003275,James,Bianchi,1995-09-19,M,,07700900318,M1 3EA,9996726843,Arab,2023-10-23,Active,0
3276,AN0003276,Sofia,Byrne,1993-07-26,M,sofia.byrne3276@example.com,+44 7700 900312,EH1 3AH,9999580424,Black Caribbean,2020-08-10,Suspended,1
3277,AN0003277,Hannah,Reid,1989-01-10,F,hannah.reid3277@example.com,07700900671,B15 3BB,9993678589,Arab,2017-02-12,Active,0
3278,AN0003278,Idris,Khan,2001-02-10,F,idris.khan3278@example.com,(0161) 496 8904,CF10 7DE,9990737037,Arab,2023-08-22,Deferred,1
3279,AN0003279,Isla,Abara,1998-07-16,F,isla.abara3279@example.com,+44 7700 900630,LS1 6JA,9995542838,Mixed White and Black Caribbean,2020-11-06,Withdrawn,1
3280,AN0003280,Noah,Adeyemi,1998-11-15,F,noah.adeyemi3280@example.com,+44 7700 900656,SW1A 6FJ,9999489834,White British,2017-12-05,Active,1
3281,AN0003281,Hannah,Sharma,2003-05-13,F,hannah.sharma3281@example.com,07700900325,BS1 4GH,9996004279,White Irish,2022-01-03,Suspended,0
3282,AN0003282,Grace,Haddad,2001-01-06,F,grace.haddad3282@example.com,07700900798,B15 9AG,9996347168,Other,2024-05-30,Suspended,0
3283,AN0003283,George,Bianchi,1998-12-14,M,george.bianchi3283@example.com,+44 7700 900801,EH1 5GD,9995824914,Black Caribbean,2024-09-17,Suspended,0
3284,AN0003284,Sofia,Grant,1995-02-12,M,,+44 7700 900618,BS1 4BA,9997686942,Mixed White and Asian,2018-11-26,Active,1
3285,AN0003285,Yusuf,Byrne,1996-08-15,M,yusuf.byrne3285@example.com,+44 7700 900777,L1 9JF,9991056637,Pakistani,2020-04-22,Active,0
3286,AN0003286,Yusuf,Adeyemi,1999-09-17,M,yusuf.adeyemi3286@example.com,(0161) 496 6572,L1 9HG,9995786664,Arab,2020-09-28,Active,1
3287,AN0003287,Hannah,Bianchi,1995-02-15,M,hannah.bianchi3287@example.com,+44 7700 900792,LS1 5GH,9994799843,Black African,2016-04-25,Withdrawn,0
3288,AN0003288,Sofia,Novak,2000-05-03,M,sofia.novak3288@example.com,07700900592,CF10 3AD,9997105966,White British,2019-11-26,Active,0
3289,AN0003289,Fatima,Murray,1996-10-17,F,fatima.murray3289@example.com,+44 7700 900351,LS1 8DD,9997581164,Pakistani,2099-01-23,Active,1
3290,AN0003290,Kai,Khan,1993-04-13,M,kai.khan3290@example.com,07700900172,M1 5JJ,9991631593,Chinese,2022-11-21,Suspended,0
3291,AN0003291,Grace,Fenton,1999-11-12,F,grace.fenton3291@example.com,(0161) 496 2823,M1 9BD,9994402609,Asian Other,2020-07-02,Active,1
3292,AN0003292,Isla,Kaur,2001-08-31,F,isla.kaur3292@example.com,+44 7700 900891,NE1 6FD,9998767563,Arab,2023-03-06,Active,0
3293,AN0003293,Chloe,Wright,1995-10-27,M,chloe.wright3293@example.com,+44 7700 900450,B15 3FB,9996408191,Black Caribbean,2020-08-03,Active,1
3294,AN0003294,Sofia,Osman,1996-08-26,F,sofia.osman3294@example.com,+44 7700 900578,B15 6BD,9997864484,Bangladeshi,2016-09-03,Suspended,1
3295,AN0003295,Liam,Fenton,1999-06-15,M,liam.fenton3295@example.com,07700900622,L1 1AB,9996246523,White Other,2017-11-18,Withdrawn,0
3296,AN0003296,Yusuf,Chen,1995-10-03,F,yusuf.chen3296@example.com,+44 7700 900572,CF10 3DA,9990370702,White Other,2019-12-15,Deferred,0
3297,AN0003297,Hassan,Lawson,1990-09-16,F,hassan.lawson3297@example.com,07700900461,b159dg,9997843711,Indian,2020-03-14,Active,0
3298,AN0003298,Hannah,Novak,1997-03-31,F,hannah.novak3298@example.com,07700900804,M1 8BJ,9998158915,Mixed Other,2023-09-21,Active,0
3299,AN0003299,Grace,Whitfield,1994-11-15,M,grace.whitfield3299@example.com,07700900574,M1 6JB,9996210006,Black African,2021-03-25,Active,0
3300,AN0003300,Idris,Osman,2002-06-02,F,idris.osman3300@example.com,07700900543,NE1 6AA,9997086147,Mixed Other,2024-06-19,Deferred,0
3301,AN0003301,Hassan,Byrne,1995-12-22,F,hassan.byrne3301@example.com,+44 7700 900582,NE1 4JH,9992605626,Pakistani,2016-08-09,Active,1
3302,AN0003302,Hassan,Nwosu,1994-06-13,M,hassan.nwosu3302@example.com,(0161) 496 4802,eh13bf,9997630297,Mixed White and Asian,2018-08-15,Active,0
3303,AN0003303,Liam,Rossi,1995-01-17,F,,07700900656,G1 4GB,9995826372,Black Caribbean,2016-03-14,Active,0
3304,AN0003304,Isla,Cohen,1996-07-12,F,isla.cohen3304@example.com,07700900841,B15 4BJ,9992882395,Bangladeshi,2023-09-08,Withdrawn,1
3305,AN0003305,Daniel,Mackenzie,1995-04-23,F,daniel.mackenzie3305@example.com,+44 7700 900426,eh15ag,9997553241,Indian,2017-01-14,Active,1
3306,AN0003306,Hannah,Bello,1991-06-04,M,hannah.bello3306@example.com,07700900406,BS1 2FB,9997178785,Mixed Other,2016-06-15,Active,1
3307,AN0003307,Omar,Whitfield,1999-09-20,M,,+44 7700 900894,g15gj,9992753730,Arab,2023-09-20,Active,0
3308,AN0003308,Erin,Robertson,1996-04-01,M,erin.robertson3308@example.com,+44 7700 900361,EH1 5JB,9992695145,Asian Other,2023-09-19,Active,0
3309,AN0003309,Kai,Lawson,1997-09-20,M,kai.lawson3309@example.com,07700900454,ne16ef,9990297088,Mixed White and Black Caribbean,2016-07-09,Active,1
3310,AN0003310,James,Haddad,2001-05-28,M,james.haddad3310@example.com,+44 7700 900982,L1 5HJ,9992637692,Pakistani,2023-06-10,Active,1
3311,AN0003311,Liam,Okafor,1989-12-05,M,liam.okafor3311@example.com,+44 7700 900123,EH1 5JF,9995051591,Black African,2019-09-17,Suspended,0
3312,AN0003312,Nadia,Bianchi,1995-03-25,F,,07700900265,L1 1HB,9991953728,Indian,2016-09-05,Active,1
3313,AN0003313,Omar,Adeyemi,1989-04-20,F,omar.adeyemi3313@example.com,+44 7700 900552,G1 4BB,9994516434,Asian Other,2016-01-25,Withdrawn,0
3314,AN0003314,Ethan,Rossi,1994-01-01,M,,+44 7700 900566,eh12hd,9997571983,Arab,2018-08-20,Deferred,0
3315,AN0003315,Noah,Bianchi,2002-08-18,F,noah.bianchi3315@example.com,+44 7700 900455,L1 9HB,9998413001,Chinese,2023-09-09,Active,0
3316,AN0003316,James,Haddad,1995-01-16,M,james.haddad3316@example.com,+44 7700 900538,l13eh,9999410286,Bangladeshi,2019-04-12,Suspended,1
3317,AN0003317,Tom,Khan,1998-06-06,M,tom.khan3317@example.com,+44 7700 900875,BS1 3AE,9991226583,White Other,2024-06-02,Withdrawn,1
3318,AN0003318,Oliver,Nwosu,1994-04-13,F,oliver.nwosu3318@example.com,+44 7700 900301,CF10 4HB,9990532524,Mixed Other,2022-07-10,Active,0
3319,AN0003319,Liam,Kaur,1990-11-11,M,liam.kaur3319@example.com,(0161) 496 5004,SW1A 8EA,9991221247,Chinese,2016-12-29,Withdrawn,1
3320,AN0003320,Zainab,Chen,1998-12-20,M,zainab.chen3320@example.com,+44 7700 900754,eh16da,9990099111,Arab,2017-01-24,Active,1
3321,AN0003321,Ethan,Okafor,1998-07-26,M,ethan.okafor3321@example.com,(0161) 496 2035,G1 1FB,9998750822,Mixed White and Asian,2021-09-22,Active,0
3322,AN0003322,Tom,Osman,1988-12-14,M,tom.osman3322@example.com,07700900549,BS1 2FE,9991414681,Indian,2016-08-13,Deferred,1
3323,AN0003323,Daniel,Bianchi,2001-07-18,F,daniel.bianchi3323@example.com,07700900912,EH1 9EG,9991275363,Bangladeshi,2020-08-04,Active,1
3324,AN0003324,Grace,Bello,2005-11-06,M,,07700900799,B15 5JG,9999178359,Mixed Other,2024-05-02,Active,1
3325,AN0003325,Kai,Doyle,2000-07-10,F,kai.doyle3325@example.com,07700900174,M1 9GG,9991707751,Other,2019-01-11,Active,1
3326,AN0003326,Kai,Chen,2002-02-09,F,,+44 7700 900134,EH1 3AE,9992815973,White British,2021-03-06,Active,1
3327,AN0003327,Kai,Abara,1996-10-14,M,kai.abara3327@example.com,(0161) 496 8026,BS1 1AG,9997550749,Indian,2023-04-23,Active,1
3328,AN0003328,Kai,Mackenzie,1991-04-22,F,kai.mackenzie3328@example.com,+44 7700 900716,LS1 7HD,9993951986,Indian,2018-08-28,Withdrawn,0
3329,AN0003329,Sofia,Lawson,1997-03-27,F,sofia.lawson3329@example.com,(0161) 496 6224,G1 3DJ,9999616003,White Other,2018-08-13,Active,0
3330,AN0003330,Sarah,Ali,1996-02-13,F,sarah.ali3330@example.com,+44 7700 900653,L1 8DE,9990772584,Black Caribbean,2024-10-16,Active,0
3331,AN0003331,Grace,Kaur,1991-10-24,F,grace.kaur3331@example.com,+44 7700 900888,EH1 7HH,9990689024,Mixed White and Black Caribbean,2016-01-22,Withdrawn,1
3332,AN0003332,Omar,Nwosu,1995-01-17,M,omar.nwosu3332@example.com,+44 7700 900672,EH1 1JA,9991902414,Mixed Other,2021-09-01,Withdrawn,0
3333,AN0003333,Meera,Grant,1995-11-05,F,meera.grant3333@example.com,07700900132,BS1 1GE,9993019259,Indian,2017-07-13,Deferred,1
3334,AN0003334,Isla,Grant,1993-06-29,F,isla.grant3334@example.com,07700900425,SW1A 3EB,9997447158,Mixed White and Asian,2016-03-21,Active,0
3335,AN0003335,Tom,Doyle,2001-11-13,M,tom.doyle3335@example.com,+44 7700 900362,NE1 9ED,9992012021,Indian,2021-04-23,Active,0
3336,AN0003336,Callum,Reid,1999-04-12,F,callum.reid3336@example.com,07700900686,G1 8GJ,9998697255,White British,2017-12-11,Deferred,0
3337,AN0003337,Nadia,Abara,1997-05-07,F,nadia.abara3337@example.com,+44 7700 900907,NE1 8FD,9993151106,White Other,2022-09-04,Deferred,1
3338,AN0003338,Ethan,Whitfield,1995-06-06,F,ethan.whitfield3338@example.com,+44 7700 900733,sw1a4hh,9997658817,Asian Other,2016-11-16,Deferred,1
3339,AN0003339,Hannah,Robertson,1992-02-29,F,hannah.robertson3339@example.com,+44 7700 900463,G1 1JG,9999391789,Bangladeshi,2016-03-29,Deferred,1
3340,AN0003340,George,Sharma,1998-07-14,F,george.sharma3340@example.com,(0161) 496 5476,EH1 4FA,9998855993,White Other,2024-10-16,Active,1
3341,AN0003341,Oliver,Thompson,1997-11-17,F,oliver.thompson3341@example.com,07700900352,G1 8AE,9998186838,Bangladeshi,2021-06-23,Active,0
3342,AN0003342,Oliver,Khan,1991-10-02,F,oliver.khan3342@example.com,(0161) 496 4822,L1 1BB,9996992896,Arab,2018-04-15,Withdrawn,0
3343,AN0003343,Wei,Adeyemi,1996-11-10,M,wei.adeyemi3343@example.com,(0161) 496 4589,eh19jj,9996013103,Mixed Other,2022-06-01,Active,1
3344,AN0003344,Zainab,Whitfield,1997-06-17,F,zainab.whitfield3344@example.com,+44 7700 900242,CF10 6DD,9991068465,Mixed Other,2016-11-20,Deferred,1
3345,AN0003345,Zainab,Abara,1996-12-07,F,zainab.abara3345@example.com,+44 7700 900288,BS1 2AE,9994973649,Mixed White and Black Caribbean,2020-09-05,Active,1
3346,AN0003346,Liam,Nwosu,1987-09-04,F,liam.nwosu3346@example.com,07700900846,L1 7FB,9991396837,White Irish,2016-11-18,Active,0
3347,AN0003347,Hassan,Grant,1995-08-16,M,hassan.grant3347@example.com,07700900607,M1 2EG,9993366897,Black Caribbean,2020-11-08,Deferred,1
3348,AN0003348,Grace,Chen,1995-04-10,F,grace.chen3348@example.com,+44 7700 900385,EH1 8ED,9994968475,Bangladeshi,2021-07-18,Active,1
3349,AN0003349,Priya,Adeyemi,1987-07-19,M,priya.adeyemi3349@example.com,+44 7700 900213,L1 2HF,9992839635,Bangladeshi,2016-10-09,Active,1
3350,AN0003350,Priya,Lawson,1993-11-26,F,priya.lawson3350@example.com,(0161) 496 5442,L1 2DA,9993168084,White Irish,2016-02-15,Active,0
3351,AN0003351,George,Chen,1991-02-07,F,george.chen3351@example.com,+44 7700 900593,G1 4DE,9998759900,Mixed White and Black Caribbean,2018-10-01,Suspended,1
3352,AN0003352,Sarah,Osman,1996-02-15,M,sarah.osman3352@example.com,+44 7700 900945,EH1 2BA,9994670069,Indian,2024-07-16,Deferred,1
3353,AN0003353,Grace,Whitfield,1999-05-19,M,grace.whitfield3353@example.com,07700900130,CF10 4JA,9997218507,Pakistani,2022-01-20,Active,1
3354,AN0003354,Liam,Robertson,1996-09-24,F,liam.robertson3354@example.com,+44 7700 900392,bs19ga,9997524004,White Other,2018-10-13,Active,1
3355,AN0003355,Zainab,Okafor,1991-12-20,F,zainab.okafor3355@example.com,+44 7700 900217,EH1 2DJ,9990153388,Other,2019-04-14,Suspended,0
3356,AN0003356,Leila,Rossi,1985-07-19,M,leila.rossi3356@example.com,(0161) 496 4945,NE1 2BJ,9990074321,Mixed White and Asian,2018-09-04,Active,1
3357,AN0003357,Tom,Nwosu,1989-11-04,F,tom.nwosu3357@example.com,+44 7700 900844,B15 6HJ,9999442471,Bangladeshi,2018-07-05,Deferred,0
3358,AN0003358,Amara,Lawson,1998-02-03,M,amara.lawson3358@example.com,07700900353,B15 4FE,9996032221,Arab,2020-10-01,Active,1
3359,AN0003359,Sarah,Patel,1999-07-27,M,sarah.patel3359@example.com,+44 7700 900378,m18ea,9998181925,Black Caribbean,2023-04-18,Withdrawn,0
3360,AN0003360,George,Thompson,1990-04-26,M,george.thompson3360@example.com,+44 7700 900716,L1 6DD,9998320933,Other,2017-11-29,Deferred,1
3361,AN0003361,Grace,Rossi,1998-03-02,M,grace.rossi3361@example.com,+44 7700 900549,NE1 6BF,9995494442,Black Caribbean,2016-05-27,Active,1
3362,AN0003362,Kai,Ali,2000-11-23,M,kai.ali3362@example.com,+44 7700 900336,B15 5EE,9995573784,Black Other,2021-06-26,Active,0
3363,AN0003363,Grace,Whitfield,1997-04-27,F,grace.whitfield3363@example.com,+44 7700 900248,cf105gh,9999675700,Mixed White and Black Caribbean,2016-11-08,Active,0
3364,AN0003364,Hannah,Abara,2001-11-15,M,hannah.abara3364@example.com,07700900328,B15 4EG,9998410347,White Other,2021-05-15,Active,0
3365,AN0003365,Oliver,Whitfield,2003-05-27,M,oliver.whitfield3365@example.com,+44 7700 900185,l14dd,9996307093,Mixed Other,2023-06-04,Deferred,1
3366,AN0003366,Sofia,Rossi,1998-11-14,F,sofia.rossi3366@example.com,+44 7700 900539,NE1 2DG,9991102981,Black Caribbean,2020-07-27,Suspended,0
3367,AN0003367,Ethan,Abara,1995-02-15,M,ethan.abara3367@example.com,+44 7700 900553,g14dh,9998632013,Asian Other,2018-02-17,Withdrawn,0
3368,AN0003368,Yusuf,Robertson,1998-05-08,M,yusuf.robertson3368@example.com,+44 7700 900807,CF10 2BH,9991151648,Black African,2019-08-15,Active,1
3369,AN0003369,Grace,Abara,1996-01-31,F,grace.abara3369@example.com,(0161) 496 8739,NE1 3HA,9990047030,Bangladeshi,2017-08-26,Active,1
3370,AN0003370,Priya,Khan,1989-06-14,F,priya.khan3370@example.com,(0161) 496 4109,bs12ef,9993105384,Asian Other,2016-02-22,Active,0
3371,AN0003371,Grace,Murray,1993-09-21,M,grace.murray3371@example.com,07700900953,LS1 4HB,9991097287,Chinese,2016-02-03,Withdrawn,0
3372,AN0003372,Liam,Chen,1996-04-05,M,liam.chen3372@example.com,+44 7700 900470,M1 1HA,9999784976,White British,2024-05-17,Active,0
3373,AN0003373,Ruth,Sharma,1996-11-23,F,ruth.sharma3373@example.com,(0161) 496 7991,b152aa,9994531948,Pakistani,2022-07-10,Active,0
3374,AN0003374,Callum,Cohen,2003-02-13,F,callum.cohen3374@example.com,+44 7700 900983,L1 3GA,9996233278,Mixed White and Black Caribbean,2024-05-03,Active,1
3375,AN0003375,Kai,Mackenzie,1992-08-12,M,kai.mackenzie3375@example.com,+44 7700 900898,eh14ha,999630737,Bangladeshi,2018-11-28,Active,1
3376,AN0003376,Meera,Iqbal,1999-05-21,M,meera.iqbal3376@example.com,+44 7700 900714,M1 8AB,9998988101,Pakistani,2022-02-11,Suspended,1
3377,AN0003377,Hannah,Grant,1996-01-25,M,hannah.grant3377@example.com,(0161) 496 4418,B15 6HD,9992234229,Mixed Other,2022-03-24,Active,0
3378,AN0003378,James,Thompson,1990-07-13,M,james.thompson3378@example.com,+44 7700 900105,g17hg,9997606124,Mixed White and Black Caribbean,2018-11-24,Active,1
3379,AN0003379,George,Ali,1999-03-23,M,george.ali3379@example.com,07700900340,BS1 9EA,9991696466,Mixed Other,2019-05-21,Suspended,0
3380,AN0003380,Chloe,Chen,1991-08-22,F,chloe.chen3380@example.com,+44 7700 900672,G1 2BJ,9996612473,Mixed White and Asian,2020-05-26,Withdrawn,1
3381,AN0003381,Idris,Murray,1997-01-20,F,idris.murray3381@example.com,+44 7700 900538,BS1 3HG,9990282773,Black Caribbean,2022-07-27,Active,1
3382,AN0003382,Ruth,Rossi,1994-08-30,F,ruth.rossi3382@example.com,+44 7700 900349,EH1 5JD,9991376836,Mixed White and Black Caribbean,2018-01-20,Deferred,0
3383,AN0003383,Omar,Khan,1997-06-19,M,omar.khan3383@example.com,+44 7700 900791,EH1 3AF,9995352176,White Irish,2023-07-23,Active,1
3384,AN0003384,Wei,Robertson,1999-04-19,M,wei.robertson3384@example.com,(0161) 496 1777,LS1 1EA,9993077909,White British,2024-12-01,Withdrawn,0
3385,AN0003385,Wei,Reid,1993-09-27,M,wei.reid3385@example.com,+44 7700 900656,EH1 1GG,9996271811,White Irish,2016-12-30,Active,0
3386,AN0003386,Liam,Bello,1998-08-11,F,liam.bello3386@example.com,07700900155,CF10 7JH,9996290654,White Other,2021-12-29,Active,1
3387,AN0003387,Liam,Chen,1997-02-28,F,liam.chen3387@example.com,(0161) 496 8904,sw1a5db,9991523871,Arab,2020-07-01,Deferred,1
3388,AN0003388,Idris,Sharma,2006-08-09,F,idris.sharma3388@example.com,+44 7700 900454,sw1a7eg,9996338126,Chinese,2024-08-08,Active,1
3389,AN0003389,Noah,Whitfield,2001-09-23,M,noah.whitfield3389@example.com,(0161) 496 3532,SW1A 4JH,9990707375,Asian Other,2023-04-27,Active,1
3390,AN0003390,Hannah,Rossi,1995-05-16,F,hannah.rossi3390@example.com,(0161) 496 8245,CF10 1JA,9996600556,Asian Other,2016-06-26,Withdrawn,0
3391,AN0003391,Hassan,Osman,1991-11-16,F,hassan.osman3391@example.com,+44 7700 900826,BS1 2HB,9990287988,Pakistani,2019-02-14,Active,0
3392,AN0003392,Wei,Cohen,1996-02-28,F,wei.cohen3392@example.com,(0161) 496 2758,BS1 5GA,9999066038,Mixed Other,2019-10-09,Active,1
3393,AN0003393,James,Osman,2003-09-18,M,james.osman3393@example.com,(0161) 496 4575,M1 4EE,9994528041,Asian Other,2023-03-27,Active,0
3394,AN0003394,Omar,Bianchi,1997-12-15,F,omar.bianchi3394@example.com,(0161) 496 9367,M1 7FF,9991528687,Indian,2020-05-01,Active,0
3395,AN0003395,Zainab,Haddad,1999-03-21,F,zainab.haddad3395@example.com,07700900701,EH1 2JA,9998125707,Mixed White and Asian,2021-03-25,Active,0
3396,AN0003396,Ruth,Bello,1992-09-27,M,ruth.bello3396@example.com,+44 7700 900663,BS1 8BF,9996759652,White Irish,2021-12-14,Deferred,0
3397,AN0003397,Chloe,Novak,2005-02-20,M,chloe.novak3397@example.com,07700900862,l18hf,9997048601,White Other,2023-05-21,Active,1
3398,AN0003398,Callum,Byrne,1994-12-28,F,callum.byrne3398@example.com,+44 7700 900522,BS1 6BD,9991628029,Mixed White and Asian,2017-08-03,Active,1
3399,AN0003399,Amara,Reid,1991-04-25,F,amara.reid3399@example.com,+44 7700 900700,L1 9GB,9998194806,Black African,2017-09-15,Active,1
3400,AN0003400,Fatima,Reid,1991-01-08,M,fatima.reid3400@example.com,(0161) 496 3196,L1 3BJ,9991121293,White Irish,2019-10-10,Active,1
3401,AN0003401,Liam,Osman,1993-12-22,F,liam.osman3401@example.com,07700900886,B15 2EF,9996078183,Bangladeshi,2018-03-13,Suspended,1
3402,AN0003402,Erin,Reid,1998-02-12,F,erin.reid3402@example.com,+44 7700 900270,BS1 4BB,9992311541,Other,2017-06-08,Deferred,1
3403,AN0003403,Noah,Khan,1993-04-22,M,noah.khan3403@example.com,+44 7700 900982,LS1 1HA,9993954322,Black African,2016-02-04,Active,0
3404,AN0003404,Kai,Chen,1993-12-04,M,kai.chen3404@example.com,07700900812,NE1 9FE,9997491483,Arab,2022-09-12,Active,1
3405,AN0003405,Amara,Grant,2000-06-07,M,amara.grant3405@example.com,+44 7700 900871,M1 9JA,9996983293,Pakistani,2018-06-07,Deferred,1
3406,AN0003406,Priya,Byrne,1993-01-23,M,priya.byrne3406@example.com,+44 7700 900525,NE1 1JE,9998197503,Arab,2017-04-16,Active,0
3407,AN0003407,Liam,Wright,1995-03-26,F,liam.wright3407@example.com,+44 7700 900458,SW1A 6HG,9993400262,Other,2022-03-29,Active,1
3408,AN0003408,Liam,Grant,1991-11-27,F,liam.grant3408@example.com,+44 7700 900725,bs16fe,9998142180,Mixed White and Black Caribbean,2017-07-06,Suspended,0
3409,AN0003409,Hassan,Reid,2000-09-07,F,hassan.reid3409@example.com,07700900381,BS1 3DF,9998976162,Mixed Other,2018-09-16,Deferred,0
3410,AN0003410,Sarah,Rossi,1995-02-20,M,sarah.rossi3410@example.com,+44 7700 900120,BS1 3AJ,9998665574,Indian,2020-03-04,Suspended,1
3411,AN0003411,Daniel,Patel,1990-10-23,M,daniel.patel3411@example.com,+44 7700 900768,B15 9HG,9996737276,Bangladeshi,2017-11-07,Active,0
3412,AN0003412,Callum,Whitfield,1992-07-27,M,callum.whitfield3412@example.com,+44 7700 900220,g12aa,9999129986,Bangladeshi,2019-11-11,Withdrawn,1
3413,AN0003413,Ethan,Reid,2001-07-22,M,ethan.reid3413@example.com,+44 7700 900294,G1 9AJ,9991091203,Black African,2020-11-06,Withdrawn,1
3414,AN0003414,Hannah,Novak,2000-10-21,F,hannah.novak3414@example.com,07700900723,CF10 4FG,9994681966,Mixed White and Asian,2022-07-05,Active,0
3415,AN0003415,Erin,Doyle,1996-01-20,M,erin.doyle3415@example.com,+44 7700 900554,b157ej,9995708159,White Other,2024-02-07,Withdrawn,0
3416,AN0003416,Omar,Fenton,1995-05-14,M,omar.fenton3416@example.com,+44 7700 900537,NE1 3HB,9994645579,Mixed White and Black Caribbean,2021-02-08,Active,0
3417,AN0003417,Priya,Lawson,1995-12-05,F,priya.lawson3417@example.com,(0161) 496 8265,EH1 3JG,9991489126,Mixed White and Black Caribbean,2016-06-28,Active,0
3418,AN0003418,Grace,Thompson,1999-02-24,M,grace.thompson3418@example.com,07700900939,L1 5FJ,9994927256,Black African,2023-08-14,Active,0
3419,AN0003419,Yusuf,Wright,1988-12-06,F,yusuf.wright3419@example.com,+44 7700 900974,LS1 4AB,9999439713,Black Other,2018-02-14,Active,0
3420,AN0003420,Priya,Chen,2001-09-29,F,priya.chen3420@example.com,+44 7700 900778,LS1 1AF,9997749197,Bangladeshi,2023-07-14,Suspended,0
3421,AN0003421,Wei,Mackenzie,1999-03-25,M,wei.mackenzie3421@example.com,+44 7700 900832,CF10 8AD,9993478776,Mixed Other,2022-05-08,Active,1
3422,AN0003422,George,Khan,1995-02-02,M,george.khan3422@example.com,07700900572,LS1 2JD,9999279007,Mixed White and Asian,2020-05-13,Withdrawn,1
3423,AN0003423,Yusuf,Robertson,1998-07-11,F,yusuf.robertson3423@example.com,(0161) 496 5932,g18he,9995873117,White Other,2019-04-05,Deferred,0
3424,AN0003424,Zainab,Mackenzie,1996-12-06,F,zainab.mackenzie3424@example.com,07700900581,EH1 6HF,9993132810,Mixed White and Black Caribbean,2024-03-02,Active,0
3425,AN0003425,Tom,Haddad,2001-04-24,M,tom.haddad3425@example.com,(0161) 496 3380,BS1 1FH,9998467403,Other,2021-08-10,Active,1
3426,AN0003426,Hannah,Bianchi,2003-10-15,F,hannah.bianchi3426@example.com,07700900719,L1 2JA,9997115279,Black Other,2021-12-05,Withdrawn,0
3427,AN0003427,Oliver,Kaur,2002-08-20,M,oliver.kaur3427@example.com,(0161) 496 4913,LS1 1FA,9992819790,White Other,2024-03-20,Deferred,0
3428,AN0003428,Idris,Byrne,1999-09-21,M,idris.byrne3428@example.com,(0161) 496 7349,M1 7JB,9996266710,Black African,2018-05-18,Active,1
3429,AN0003429,Idris,Rossi,1993-06-14,F,,+44 7700 900555,B15 3BD,9992151978,White British,2017-12-12,Suspended,1
3430,AN0003430,Chloe,Chen,2000-01-02,F,chloe.chen3430@example.com,+44 7700 900951,EH1 3FD,9998617847,White British,2021-02-21,Active,1
3431,AN0003431,Sofia,Iqbal,2004-02-15,M,sofia.iqbal3431@example.com,+44 7700 900229,CF10 9JE,9991449876,Other,2023-04-17,Active,1
3432,AN0003432,Ethan,Kaur,1993-08-28,F,ethan.kaur3432@example.com,07700900200,ls16ee,9999919790,Chinese,2022-10-25,Active,1
3433,AN0003433,Erin,Doyle,1998-10-30,F,erin.doyle3433@example.com,+44 7700 900846,LS1 7BA,9991282777,Black Other,2018-12-25,Active,1
3434,AN0003434,Tom,Bello,1996-01-28,F,tom.bello3434@example.com,+44 7700 900741,l14dh,9994266772,Chinese,2022-05-10,Active,0
3435,AN0003435,George,Reid,1996-01-10,M,george.reid3435@example.com,+44 7700 900728,EH1 4FA,9997162765,Mixed Other,2017-06-28,Active,1
3436,AN0003436,Ethan,Murray,2001-02-05,F,ethan.murray3436@example.com,+44 7700 900422,CF10 5BE,9990666024,Other,2023-10-26,Active,1
3437,AN0003437,Daniel,Thompson,1988-10-15,F,daniel.thompson3437@example.com,+44 7700 900706,SW1A 2FA,9991065954,White British,2018-04-08,Active,1
3438,AN0003438,Hannah,Whitfield,2003-01-22,M,hannah.whitfield3438@example.com,(0161) 496 8779,G1 1GF,9992602783,Black African,2023-08-26,Active,0
3439,AN0003439,Isla,Abara,1991-11-30,M,isla.abara3439@example.com,(0161) 496 6502,BS1 5GJ,9990230714,White Irish,2016-08-15,Withdrawn,1
3440,AN0003440,Callum,Mackenzie,1987-06-14,F,callum.mackenzie3440@example.com,+44 7700 900412,m16hj,9991550755,Other,2016-06-18,Active,1
3441,AN0003441,Isla,Osman,1991-11-21,M,isla.osman3441@example.com,+44 7700 900668,M1 7FD,9990436541,Black Other,2020-03-20,Active,0
3442,AN0003442,Ruth,Abara,2002-09-20,M,ruth.abara3442@example.com,07700900255,CF10 6HJ,9993417815,Black Caribbean,2020-10-11,Suspended,0
3443,AN0003443,Sofia,Bello,1999-06-01,F,sofia.bello3443@example.com,+44 7700 900517,BS1 3BB,9994122878,Mixed Other,2023-11-27,Active,0
3444,AN0003444,Leila,Adeyemi,1996-05-05,M,leila.adeyemi3444@example.com,07700900678,EH1 2EA,9998086280,Asian Other,2018-12-29,Active,1
3445,AN0003445,Noah,Patel,1994-11-20,F,noah.patel3445@example.com,+44 7700 900323,M1 2DB,9999535321,Black Caribbean,2017-02-17,Active,0
3446,AN0003446,Yusuf,Haddad,1996-05-30,M,yusuf.haddad3446@example.com,+44 7700 900434,cf107aa,9998854113,White Other,2020-08-24,Withdrawn,0
3447,AN0003447,Noah,Chen,1996-10-31,M,noah.chen3447@example.com,+44 7700 900484,m16gf,9997714105,Black Caribbean,2016-04-28,Active,0
3448,AN0003448,Yusuf,Wright,1996-06-15,F,yusuf.wright3448@example.com,07700900619,NE1 1AF,9995260514,Mixed White and Black Caribbean,2022-01-04,Deferred,1
3449,AN0003449,Omar,Khan,1998-03-11,M,omar.khan3449@example.com,+44 7700 900934,NE1 2BD,9991448861,Asian Other,2020-04-23,Active,1
3450,AN0003450,Ethan,Sharma,1990-07-15,F,ethan.sharma3450@example.com,+44 7700 900657,G1 8GD,9995700565,Pakistani,2017-12-18,Suspended,1
3451,AN0003451,Isla,Abara,1998-02-16,M,isla.abara3451@example.com,07700900536,SW1A 7DE,9995613611,Black Other,2018-02-28,Deferred,0
3452,AN0003452,James,Lawson,2006-05-05,F,james.lawson3452@example.com,+44 7700 900750,BS1 3BD,9999698603,White Irish,2024-08-13,Withdrawn,1
3453,AN0003453,Oliver,Abara,2000-01-23,M,oliver.abara3453@example.com,+44 7700 900905,G1 7DE,9994764691,White Other,2023-09-03,Withdrawn,1
3454,AN0003454,Hannah,Cohen,1994-08-12,M,hannah.cohen3454@example.com,07700900222,BS1 9AG,9990560323,Mixed White and Asian,2021-02-13,Deferred,1
3455,AN0003455,Chloe,Doyle,1988-01-16,M,chloe.doyle3455@example.com,+44 7700 900199,G1 4AJ,9993302465,Other,2017-07-02,Active,1
3456,AN0003456,Leila,Bello,1999-08-07,F,leila.bello3456@example.com,07700900535,EH1 2AA,9999672248,Black Other,2024-05-11,Active,0
3457,AN0003457,Daniel,Abara,1998-01-17,M,daniel.abara3457@example.com,+44 7700 900389,bs12jb,9990357056,Asian Other,2023-01-30,Withdrawn,0
3458,AN0003458,Kai,Kaur,2002-07-18,M,kai.kaur3458@example.com,07700900391,L1 6AH,9998539927,Mixed White and Asian,2024-12-03,Withdrawn,0
3459,AN0003459,Callum,Reid,1994-03-22,F,callum.reid3459@example.com,(0161) 496 2310,M1 6DG,9991650644,Chinese,2022-07-13,Withdrawn,0
3460,AN0003460,Hannah,Okafor,1997-10-19,F,hannah.okafor3460@example.com,07700900478,M1 5DH,9998272564,Asian Other,2019-11-15,Suspended,0
3461,AN0003461,Priya,Sharma,1994-04-30,M,priya.sharma3461@example.com,+44 7700 900893,M1 2JJ,9995367319,Other,2022-07-08,Deferred,1
3462,AN0003462,Amara,Fenton,1997-04-09,M,amara.fenton3462@example.com,+44 7700 900811,BS1 3HE,9999970737,Mixed White and Black Caribbean,2016-09-27,Active,0
3463,AN0003463,Fatima,Byrne,1994-06-24,F,fatima.byrne3463@example.com,07700900632,CF10 4GF,9993075671,Black Caribbean,2016-04-06,Active,0
3464,AN0003464,Oliver,Khan,2002-12-11,F,oliver.khan3464@example.com,(0161) 496 3239,G1 7EG,9990312192,White Other,2021-06-27,Active,1
3465,AN0003465,Wei,Khan,1992-01-21,F,wei.khan3465@example.com,+44 7700 900382,sw1a4dj,9991546421,Pakistani,2018-02-24,Active,1
3466,AN0003466,Hassan,Chen,1992-06-10,M,hassan.chen3466@example.com,(0161) 496 1154,l15fb,9994862979,Chinese,2017-07-12,Active,1
3467,AN0003467,Daniel,Whitfield,2002-08-15,,daniel.whitfield3467@example.com,(0161) 496 8111,CF10 1FA,9990989362,Arab,2021-11-03,Active,0
3468,AN0003468,Meera,Chen,1993-09-29,F,meera.chen3468@example.com,07700900577,EH1 5AA,9994312227,Mixed Other,2016-11-07,Active,0
3469,AN0003469,Fatima,Chen,2000-07-21,F,fatima.chen3469@example.com,07700900748,G1 1EE,9996499529,Chinese,2020-12-16,Active,1
3470,AN0003470,Tom,Khan,1995-11-27,M,tom.khan3470@example.com,+44 7700 900521,L1 2HF,9993514543,Mixed White and Asian,2021-04-21,Active,1
3471,AN0003471,Priya,Cohen,1998-02-25,F,priya.cohen3471@example.com,(0161) 496 6731,ne19gb,9998903475,Arab,2019-11-05,Withdrawn,1
3472,AN0003472,George,Khan,1995-06-12,F,george.khan3472@example.com,+44 7700 900722,M1 2BE,9998321212,Mixed Other,2022-12-01,Active,1
3473,AN0003473,Nadia,Chen,2000-03-15,F,nadia.chen3473@example.com,+44 7700 900795,M1 1DE,9991265287,Indian,2019-12-31,Active,0
3474,AN0003474,Erin,Grant,1991-06-06,F,erin.grant3474@example.com,+44 7700 900109,G1 5FA,9993800864,Mixed Other,2019-03-06,Active,1
3475,AN0003475,Ethan,Kaur,1993-08-03,M,ethan.kaur3475@example.com,(0161) 496 7193,LS1 3EE,9993646954,Black African,2016-11-12,Suspended,1
3476,AN0003476,Nadia,Reid,1990-04-06,M,nadia.reid3476@example.com,+44 7700 900407,NE1 9GA,9993257915,Mixed Other,2020-01-13,Active,0
3477,AN0003477,Yusuf,Patel,2000-10-10,M,yusuf.patel3477@example.com,+44 7700 900315,LS1 1HH,9992507012,Pakistani,2021-05-06,Deferred,0
3478,AN0003478,James,Abara,2000-02-12,F,james.abara3478@example.com,+44 7700 900631,NE1 3DD,9994859935,White Other,2022-03-02,Active,1
3479,AN0003479,Ethan,Patel,1993-01-01,M,ethan.patel3479@example.com,+44 7700 900459,B15 9HJ,9993796727,White Irish,2021-08-30,Active,1
3480,AN0003480,Oliver,Lawson,1987-08-02,F,oliver.lawson3480@example.com,07700900859,G1 1BD,9995782235,Black African,2017-05-16,Suspended,1
3481,AN0003481,Kai,Sharma,2000-08-30,M,kai.sharma3481@example.com,+44 7700 900485,LS1 6EH,9991487778,Black Caribbean,2022-01-29,Active,1
3482,AN0003482,Sarah,Wright,2000-06-29,M,sarah.wright3482@example.com,07700900942,NE1 9AE,9997964489,White Other,2022-01-05,Active,1
3483,AN0003483,Hannah,Iqbal,1994-02-22,M,hannah.iqbal3483@example.com,07700900882,G1 6DG,9990308977,Chinese,2017-06-14,Withdrawn,1
3484,AN0003484,Yusuf,Haddad,1988-05-04,F,yusuf.haddad3484@example.com,(0161) 496 8765,SW1A 4ED,9991583637,White Irish,2016-07-26,Active,0
3485,AN0003485,Ethan,Doyle,1993-04-13,F,,(0161) 496 4667,CF10 1FE,9996094715,White British,2019-11-13,Withdrawn,1
3486,AN0003486,Leila,Bello,1993-09-24,M,leila.bello3486@example.com,(0161) 496 4808,M1 2FD,9997307461,Mixed White and Asian,2023-03-13,Withdrawn,0
3487,AN0003487,Sofia,Robertson,1995-03-26,M,sofia.robertson3487@example.com,(0161) 496 8466,NE1 2DJ,9999491766,Black Other,2019-04-29,Deferred,1
3488,AN0003488,Ethan,Lawson,1996-02-24,M,ethan.lawson3488@example.com,+44 7700 900713,M1 7DJ,9999141854,Mixed Other,2022-11-05,Deferred,0
3489,AN0003489,Fatima,Ali,1991-12-31,M,fatima.ali3489@example.com,+44 7700 900283,BS1 1AE,9994709410,Mixed White and Black Caribbean,2018-04-25,Active,0
3490,AN0003490,Priya,Patel,1995-11-02,M,priya.patel3490@example.com,(0161) 496 1566,sw1a4gd,9995708396,Pakistani,2019-05-03,Deferred,0
3491,AN0003491,Nadia,Ali,1995-12-16,M,nadia.ali3491@example.com,+44 7700 900616,b158bh,9992946121,Mixed White and Black Caribbean,2024-12-10,Withdrawn,1
3492,AN0003492,Grace,Lawson,1993-11-07,M,grace.lawson3492@example.com,+44 7700 900900,M1 7AE,9999925634,White Other,2022-01-02,Active,1
3493,AN0003493,Erin,Okafor,1988-10-16,F,erin.okafor3493@example.com,+44 7700 900151,NE1 1FA,9996177815,Bangladeshi,2017-11-27,Deferred,0
3494,AN0003494,Fatima,Chen,1995-12-12,F,fatima.chen3494@example.com,+44 7700 900249,B15 2JJ,9996214273,Mixed Other,2018-06-16,Active,1
3495,AN0003495,Daniel,Grant,1990-08-30,M,daniel.grant3495@example.com,+44 7700 900360,M1 7EG,9992142103,Mixed White and Asian,2016-03-29,Withdrawn,0
3496,AN0003496,Sarah,Abara,1999-11-26,F,sarah.abara3496@example.com,(0161) 496 6269,G1 9DA,9999412440,Mixed White and Black Caribbean,2018-12-15,Active,1
3497,AN0003497,Sarah,Bello,1994-12-29,M,sarah.bello3497@example.com,07700900102,bs13ej,9998323231,Mixed White and Asian,2019-06-12,Active,1
3498,AN0003498,Hannah,Okafor,1995-12-03,F,hannah.okafor3498@example.com,+44 7700 900405,LS1 6BJ,9993588121,Indian,2022-09-13,Active,1
3499,AN0003499,Kai,Bianchi,1999-07-27,M,kai.bianchi3499@example.com,(0161) 496 9275,l12ea,9996188043,White Other,2019-12-05,Active,0
3500,AN0003500,Erin,Abara,1988-07-27,F,erin.abara3500@example.com,+44 7700 900704,sw1a7ba,9992967463,Other,2016-09-25,Active,0
3501,AN0003501,Tom,Mackenzie,2001-04-10,F,tom.mackenzie3501@example.com,07700900839,BS1 4FE,9997490851,Arab,2022-05-29,Active,1
3502,AN0003502,Liam,Patel,2001-07-11,F,liam.patel3502@example.com,+44 7700 900634,BS1 7FE,9994696319,Indian,2020-12-17,Active,1
3503,AN0003503,James,Osman,2001-09-14,F,james.osman3503@example.com,+44 7700 900300,SW1A 3HD,9994824015,Mixed White and Black Caribbean,2022-11-30,Active,0
3504,AN0003504,Oliver,Bianchi,1992-03-09,M,oliver.bianchi3504@example.com,+44 7700 900634,bs18ee,9992471522,Black Other,2018-04-29,Suspended,1
3505,AN0003505,Chloe,Patel,1991-07-23,M,chloe.patel3505@example.com,+44 7700 900497,BS1 8DB,9998584078,Asian Other,2018-08-16,Deferred,1
3506,AN0003506,Fatima,Byrne,2003-08-26,F,fatima.byrne3506@example.com,07700900817,b155hh,9995422700,Mixed White and Black Caribbean,2022-05-30,Active,1
3507,AN0003507,Oliver,Lawson,2003-04-09,M,oliver.lawson3507@example.com,07700900811,B15 7AH,9995382016,Other,2023-04-22,Active,1
3508,AN0003508,Oliver,Murray,1996-02-06,F,oliver.murray3508@example.com,(0161) 496 5133,m12ge,9993662062,Pakistani,2016-11-20,Active,0
3509,AN0003509,George,Lawson,1994-02-13,F,george.lawson3509@example.com,+44 7700 900473,SW1A 8BH,9999252656,Mixed White and Black Caribbean,2019-02-14,Active,1
3510,AN0003510,Daniel,Reid,1996-04-09,M,daniel.reid3510@example.com,+44 7700 900958,SW1A 1GH,9995530406,Other,2020-12-23,Deferred,1
3511,AN0003511,Tom,Kaur,2000-12-12,F,tom.kaur3511@example.com,+44 7700 900777,l11jg,9993359246,Bangladeshi,2022-09-05,Active,1
3512,AN0003512,George,Rossi,1996-04-02,M,george.rossi3512@example.com,+44 7700 900582,M1 1HE,9991186891,Asian Other,2017-06-14,Suspended,0
3513,AN0003513,Hassan,Novak,1994-06-07,F,,+44 7700 900742,G1 8BD,9994038400,Mixed White and Black Caribbean,2023-11-23,Suspended,1
3514,AN0003514,Idris,Okafor,1991-09-16,M,idris.okafor3514@example.com,(0161) 496 9961,l14de,9995195097,Mixed Other,2018-10-27,Active,0
3515,AN0003515,Hannah,Ali,1997-05-24,F,hannah.ali3515@example.com,(0161) 496 5003,NE1 9EE,9993787337,Black Other,2019-06-02,Withdrawn,0
3516,AN0003516,Daniel,Doyle,2001-05-09,F,daniel.doyle3516@example.com,07700900615,M1 5AG,9995155672,Black African,2022-02-28,Active,1
3517,AN0003517,Wei,Abara,1992-10-15,M,wei.abara3517@example.com,+44 7700 900345,CF10 5JA,9998704286,White Irish,2018-01-19,Active,0
3518,AN0003518,Grace,Chen,2000-08-04,F,grace.chen3518@example.com,+44 7700 900300,L1 8EA,9997013034,Arab,2022-12-16,Active,0
3519,AN0003519,Kai,Adeyemi,2003-07-07,F,kai.adeyemi3519@example.com,07700900579,SW1A 6JJ,9990802718,Asian Other,2022-08-22,Active,0
3520,AN0003520,Hannah,Abara,1994-07-16,F,hannah.abara3520@example.com,07700900173,BS1 1ED,9991138862,White Other,2018-01-15,Suspended,1
3521,AN0003521,Nadia,Abara,1991-05-02,F,nadia.abara3521@example.com,+44 7700 900871,bs16jd,9991685847,Mixed White and Black Caribbean,2016-05-03,Withdrawn,0
3522,AN0003522,Omar,Robertson,1996-04-07,M,omar.robertson3522@example.com,(0161) 496 6722,B15 5AG,9997492307,White Other,2022-05-09,Deferred,0
3523,AN0003523,Meera,Khan,1995-09-02,F,meera.khan3523@example.com,+44 7700 900466,M1 4AJ,9992674539,Asian Other,2022-12-23,Suspended,1
3524,AN0003524,Wei,Cohen,1996-05-19,M,wei.cohen3524@example.com,+44 7700 900663,SW1A 3JB,9992737220,Mixed Other,2024-02-27,Active,1
3525,AN0003525,Sarah,Reid,2001-09-22,M,sarah.reid3525@example.com,+44 7700 900661,B15 6BJ,9990524505,Chinese,2021-03-31,Active,1
3526,AN0003526,Noah,Rossi,1994-12-13,M,noah.rossi3526@example.com,+44 7700 900219,B15 6JH,9994400576,Other,2018-05-16,Suspended,1
3527,AN0003527,Fatima,Byrne,1999-08-10,F,fatima.byrne3527@example.com,07700900736,M1 2AJ,9990200688,Mixed White and Asian,2019-10-28,Deferred,1
3528,AN0003528,Noah,Nwosu,1998-01-21,F,noah.nwosu3528@example.com,+44 7700 900122,EH1 3DF,9990428484,Black Other,2018-02-11,Active,0
3529,AN0003529,Tom,Robertson,2001-01-03,F,tom.robertson3529@example.com,+44 7700 900730,B15 3AA,9998752191,Asian Other,2021-05-30,Active,1
3530,AN0003530,Grace,Mackenzie,1990-08-05,F,grace.mackenzie3530@example.com,+44 7700 900120,LS1 2DA,9996583570,Indian,2019-02-07,Withdrawn,1
3531,AN0003531,Erin,Wright,2000-05-19,M,erin.wright3531@example.com,07700900709,LS1 8JE,9993294802,Other,2024-07-22,Active,0
3532,AN0003532,Callum,Wright,2004-11-05,F,callum.wright3532@example.com,+44 7700 900197,L1 8GF,9991573666,Black Caribbean,2023-01-02,Withdrawn,0
3533,AN0003533,Leila,Bello,1999-07-04,M,leila.bello3533@example.com,+44 7700 900126,sw1a4ab,9997047656,Black Other,2024-04-10,Active,1
3534,AN0003534,Erin,Sharma,1995-07-03,F,erin.sharma3534@example.com,(0161) 496 4230,L1 3BE,9991808485,Pakistani,2022-04-07,Suspended,1
3535,AN0003535,James,Murray,2001-05-27,M,james.murray3535@example.com,+44 7700 900900,NE1 8EF,9992156341,Chinese,2023-12-23,Suspended,1
3536,AN0003536,Nadia,Abara,2001-03-03,M,nadia.abara3536@example.com,(0161) 496 9306,M1 6FJ,9993299553,Arab,2021-08-25,Active,1
3537,AN0003537,Fatima,Fenton,2000-06-09,M,fatima.fenton3537@example.com,+44 7700 900452,EH1 2EA,9997443292,Other,2021-12-07,Suspended,0
3538,AN0003538,Ruth,Bianchi,1995-11-06,M,ruth.bianchi3538@example.com,+44 7700 900247,B15 8AE,9992888970,White Irish,2016-01-11,Withdrawn,0
3539,AN0003539,Leila,Khan,2002-10-17,F,leila.khan3539@example.com,+44 7700 900533,M1 1FB,9996977757,Chinese,2020-11-11,Active,0
3540,AN0003540,Sofia,Robertson,1989-06-28,F,sofia.robertson3540@example.com,+44 7700 900512,EH1 3BJ,9997228049,Asian Other,2018-02-24,Active,0
3541,AN0003541,Oliver,Khan,1999-01-08,M,oliver.khan3541@example.com,07700900764,NE1 7BB,9999817459,Black Other,2019-04-22,Withdrawn,0
3542,AN0003542,Ruth,Grant,2001-05-24,F,ruth.grant3542@example.com,(0161) 496 1395,eh12ad,9993628646,White Other,2024-08-28,Active,1
3543,AN0003543,Erin,Bello,1991-10-07,M,erin.bello3543@example.com,+44 7700 900665,BS1 4BE,9995716887,Other,2017-05-30,Active,0
3544,AN0003544,Liam,Bello,1997-04-18,M,liam.bello3544@example.com,07700900461,eh11gj,9994870386,White Other,2016-05-03,Withdrawn,1
3545,AN0003545,Sarah,Patel,1993-08-11,M,sarah.patel3545@example.com,07700900888,L1 3ED,9993373621,Chinese,2019-01-01,Active,1
3546,AN0003546,Chloe,Grant,2000-06-10,F,chloe.grant3546@example.com,+44 7700 900516,bs14bg,9995218623,Mixed White and Black Caribbean,2020-07-01,Active,1
3547,AN0003547,Kai,Robertson,1991-01-16,F,kai.robertson3547@example.com,+44 7700 900236,EH1 4FA,9996344487,Chinese,2018-05-25,Active,1
3548,AN0003548,Sarah,Reid,1992-10-14,F,sarah.reid3548@example.com,07700900642,BS1 7AB,9995668076,Chinese,2016-03-15,Active,1
3549,AN0003549,Ruth,Murray,1999-03-13,M,ruth.murray3549@example.com,+44 7700 900569,NE1 1HG,9990264724,Pakistani,2024-05-09,Active,0
3550,AN0003550,George,Lawson,1992-03-24,M,george.lawson3550@example.com,+44 7700 900113,L1 7GJ,9996758133,Black Caribbean,2020-08-15,Active,1
3551,AN0003551,Ruth,Adeyemi,1995-09-06,M,ruth.adeyemi3551@example.com,+44 7700 900823,BS1 7HE,9996120457,Other,2021-03-13,Active,1
3552,AN0003552,Meera,Abara,1995-10-03,M,meera.abara3552@example.com,+44 7700 900456,SW1A 7DG,9995292785,Indian,2024-02-03,Withdrawn,0
3553,AN0003553,Callum,Chen,1990-02-22,M,callum.chen3553@example.com,07700900372,CF10 8JE,9997862635,Indian,2018-11-24,Active,0
3554,AN0003554,Fatima,Cohen,2006-01-29,F,fatima.cohen3554@example.com,07700900966,G1 2FB,9991190678,Other,2024-05-03,Active,1
3555,AN0003555,Sofia,Cohen,1989-08-25,F,sofia.cohen3555@example.com,(0161) 496 6080,L1 7BB,9998497388,Black Caribbean,2017-12-17,Active,0
3556,AN0003556,Ethan,Thompson,1998-05-09,M,ethan.thompson3556@example.com,+44 7700 900370,SW1A 8HH,9996198669,Black Caribbean,2016-11-03,Active,0
3557,AN0003557,Fatima,Wright,1992-12-06,M,fatima.wright3557@example.com,+44 7700 900924,L1 5JH,9993107778,Chinese,2018-03-27,Withdrawn,1
3558,AN0003558,Fatima,Ali,1998-02-15,M,fatima.ali3558@example.com,+44 7700 900416,M1 3JG,9999880274,Pakistani,2022-06-25,Active,0
3559,AN0003559,Daniel,Nwosu,2000-11-17,M,daniel.nwosu3559@example.com,(0161) 496 9691,L1 6GF,9995870126,White British,2020-02-01,Suspended,1
3560,AN0003560,Priya,Whitfield,1999-12-02,F,priya.whitfield3560@example.com,+44 7700 900528,M1 1BA,9990153523,Arab,2019-01-28,Suspended,0
3561,AN0003561,Priya,Fenton,2000-08-04,M,priya.fenton3561@example.com,07700900517,b159fb,9996284190,Black African,2024-02-25,Active,1
3562,AN0003562,Isla,Robertson,2004-06-18,F,isla.robertson3562@example.com,07700900354,LS1 2EG,9998538939,Chinese,2022-12-16,Active,1
3563,AN0003563,Wei,Murray,1999-07-11,M,wei.murray3563@example.com,+44 7700 900883,NE1 7EB,9999278698,Mixed White and Black Caribbean,2018-12-31,Active,1
3564,AN0003564,Omar,Abara,1997-10-03,M,omar.abara3564@example.com,+44 7700 900710,bs16ha,9998596653,Pakistani,2022-05-18,Active,1
3565,AN0003565,Yusuf,Lawson,1989-01-15,F,yusuf.lawson3565@example.com,07700900937,CF10 5AB,9991184260,Black Caribbean,2018-06-13,Active,0
3566,AN0003566,Amara,Chen,1992-10-30,M,amara.chen3566@example.com,+44 7700 900958,G1 8AE,9996273822,Arab,2016-07-25,Active,0
3567,AN0003567,Nadia,Murray,1998-10-02,F,,+44 7700 900104,BS1 2JD,9991198091,Black Other,2023-10-15,Active,0
3568,AN0003568,Idris,Robertson,1995-12-14,M,idris.robertson3568@example.com,+44 7700 900853,B15 7JE,9995401975,Chinese,2023-04-08,Active,0
3569,AN0003569,Liam,Bianchi,1999-09-20,F,liam.bianchi3569@example.com,+44 7700 900216,CF10 4BJ,9991993894,Pakistani,2017-11-27,Withdrawn,1
3570,AN0003570,Fatima,Ali,2000-09-02,F,fatima.ali3570@example.com,+44 7700 900397,CF10 3ED,9996242994,Mixed Other,2019-02-17,Activ,0
3571,AN0003571,Hassan,Okafor,1998-11-09,F,hassan.okafor3571@example.com,+44 7700 900315,NE1 2DD,9990023700,Mixed Other,2021-01-10,Active,0
3572,AN0003572,Liam,Mackenzie,1991-06-01,M,liam.mackenzie3572@example.com,+44 7700 900263,B15 4EB,9994549758,White Other,2016-09-28,Withdrawn,1
3573,AN0003573,Amara,Ali,1998-03-16,F,amara.ali3573@example.com,+44 7700 900121,CF10 8BE,9993709034,Indian,2024-08-31,Active,1
3574,AN0003574,Kai,Robertson,1997-03-13,M,kai.robertson3574@example.com,07700900436,B15 4GE,9993265098,White British,2019-07-03,Active,0
3575,AN0003575,Ethan,Byrne,1998-12-06,M,ethan.byrne3575@example.com,07700900406,g11ea,9996799131,Black Caribbean,2021-08-31,Active,0
3576,AN0003576,Callum,Kaur,2006-06-08,F,callum.kaur3576@example.com,+44 7700 900248,M1 8FJ,9996723402,Mixed Other,2024-12-17,Suspended,1
3577,AN0003577,Meera,Chen,1998-02-18,F,meera.chen3577@example.com,+44 7700 900709,L1 1JE,9994218085,Chinese,2021-05-25,Active,1
3578,AN0003578,Kai,Reid,1996-08-11,M,kai.reid3578@example.com,07700900690,BS1 6EF,9990566801,Arab,2022-10-14,Active,1
3579,AN0003579,Idris,Doyle,1993-04-23,F,idris.doyle3579@example.com,(0161) 496 6776,LS1 9AG,9990361002,Black African,2017-12-04,Withdrawn,1
3580,AN0003580,Noah,Reid,1986-10-11,M,noah.reid3580@example.com,+44 7700 900123,m16aa,9998726468,Pakistani,2016-03-23,Active,0
3581,AN0003581,Nadia,Lawson,1997-12-10,M,nadia.lawson3581@example.com,+44 7700 900350,G1 5BG,9994742582,Indian,2021-02-09,Suspended,1
3582,AN0003582,Grace,Lawson,1998-12-05,F,grace.lawson3582@example.com,+44 7700 900645,EH1 7GH,9998894891,Other,2021-07-07,Suspended,1
3583,AN0003583,Sarah,Murray,2000-12-11,M,sarah.murray3583@example.com,07700900464,ls19da,9998231434,White Irish,2021-07-15,Withdrawn,0
3584,AN0003584,Zainab,Chen,1998-04-12,M,zainab.chen3584@example.com,+44 7700 900786,CF10 9AJ,9995346702,Arab,2016-06-11,Withdrawn,1
3585,AN0003585,Noah,Sharma,2000-05-16,F,noah.sharma3585@example.com,+44 7700 900220,LS1 2JB,9992666986,Other,2024-06-16,Active,0
3586,AN0003586,Amara,Lawson,1996-12-02,F,amara.lawson3586@example.com,+44 7700 900419,CF10 2BJ,9995495716,White Other,2018-08-26,Active,0
3587,AN0003587,Isla,Bello,1990-06-15,M,isla.bello3587@example.com,+44 7700 900297,CF10 2FG,9998167043,Indian,2018-11-14,Active,1
3588,AN0003588,Hannah,Thompson,1997-06-14,M,hannah.thompson3588@example.com,+44 7700 900577,CF10 9GB,9994064002,Black Other,2016-02-15,Suspended,1
3589,AN0003589,Isla,Iqbal,1987-12-27,M,isla.iqbal3589@example.com,(0161) 496 3295,BS1 5DB,9996649725,Black African,2017-02-26,Suspended,0
3590,AN0003590,Idris,Chen,1992-02-08,F,idris.chen3590@example.com,+44 7700 900664,G1 2EE,9995993341,Mixed White and Black Caribbean,2019-07-16,Deferred,0
3591,AN0003591,Chloe,Whitfield,1996-01-15,F,chloe.whitfield3591@example.com,+44 7700 900705,EH1 7JG,9996807258,Other,2022-02-23,Withdrawn,1
3592,AN0003592,Zainab,Doyle,2003-11-02,M,zainab.doyle3592@example.com,+44 7700 900385,cf104hj,9992136065,Pakistani,2023-02-03,Suspended,1
3593,AN0003593,Hannah,Murray,2000-04-04,F,hannah.murray3593@example.com,07700900287,L1 3FG,9997511948,Asian Other,2022-08-14,Withdrawn,0
3594,AN0003594,Ruth,Ali,1998-09-05,F,ruth.ali3594@example.com,(0161) 496 2098,EH1 5JB,9999977197,Black African,2020-06-16,Withdrawn,1
3595,AN0003595,Daniel,Bello,1990-07-19,M,daniel.bello3595@example.com,+44 7700 900997,BS1 8JF,9998412641,White British,2020-01-30,Active,0
3596,AN0003596,Zainab,Chen,2001-06-22,M,zainab.chen3596@example.com,(0161) 496 7646,BS1 8EA,9997218647,Black Other,2022-09-15,Deferred,0
3597,AN0003597,Wei,Novak,2001-05-01,M,wei.novak3597@example.com,+44 7700 900930,eh14fg,9992791802,Mixed White and Black Caribbean,2020-11-18,Active,1
3598,AN0003598,Yusuf,Patel,1997-12-31,F,yusuf.patel3598@example.com,(0161) 496 1074,LS1 7DA,9996336409,Arab,2016-07-27,Active,0
3599,AN0003599,Chloe,Rossi,1992-09-13,M,chloe.rossi3599@example.com,07700900671,NE1 3HE,9999687253,Black Caribbean,2017-10-21,Active,1
3600,AN0003600,Meera,Bianchi,2001-06-30,M,meera.bianchi3600@example.com,(0161) 496 7806,NE1 3AF,9998127734,Indian,2024-03-27,Deferred,1
3601,AN0003601,Chloe,Grant,1991-02-06,F,chloe.grant3601@example.com,07700900756,EH1 4JJ,9992758147,White British,2019-04-27,Withdrawn,1
3602,AN0003602,Daniel,Doyle,1987-03-13,M,daniel.doyle3602@example.com,(0161) 496 7057,B15 2HF,9995948877,Black Other,2016-08-22,Active,1
3603,AN0003603,Priya,Patel,1994-12-13,M,,07700900403,G1 7ED,9998171083,Bangladeshi,2023-03-27,Active,0
3604,AN0003604,Hassan,Adeyemi,1995-05-11,F,hassan.adeyemi3604@example.com,07700900591,L1 6EE,9998358841,Black Other,2016-08-17,Active,0
3605,AN0003605,Leila,Rossi,1994-11-17,M,leila.rossi3605@example.com,+44 7700 900791,ls14bb,9997647580,Asian Other,2020-08-06,Active,1
3606,AN0003606,Callum,Robertson,1992-01-20,M,callum.robertson3606@example.com,(0161) 496 3710,LS1 8AH,9999777732,White Irish,2018-10-05,Suspended,1
3607,AN0003607,Amara,Osman,2009-11-07,M,amara.osman3607@example.com,+44 7700 900548,SW1A 3EH,9990463638,Pakistani,2024-10-21,Withdrawn,0
3608,AN0003608,Liam,Lawson,1997-05-07,M,liam.lawson3608@example.com,+44 7700 900362,BS1 2DD,9996731944,Indian,2019-11-11,Deferred,1
3609,AN0003609,Hannah,Osman,1989-02-08,F,hannah.osman3609@example.com,07700900220,NE1 6AD,9993152188,White British,2017-09-02,Suspended,1
3610,AN0003610,Liam,Chen,1992-04-12,M,liam.chen3610@example.com,(0161) 496 5874,B15 6JE,9999806570,Pakistani,2019-06-25,Active,0
3611,AN0003611,Ethan,Sharma,1992-09-12,F,ethan.sharma3611@example.com,(0161) 496 7856,B15 3FG,9990536066,Black Other,2017-02-27,Active,0
3612,AN0003612,Chloe,Cohen,1990-12-06,F,chloe.cohen3612@example.com,07700900198,L1 8DH,9992923466,Other,2018-12-04,Active,1
3613,AN0003613,George,Haddad,1988-03-26,M,george.haddad3613@example.com,+44 7700 900404,b151jh,9996740013,Black Caribbean,2016-10-31,Active,1
3614,AN0003614,Kai,Robertson,1995-01-27,M,kai.robertson3614@example.com,+44 7700 900484,SW1A 8BD,9990847657,Pakistani,2022-07-27,Active,1
3615,AN0003615,Callum,Nwosu,1989-09-01,F,callum.nwosu3615@example.com,+44 7700 900160,b159bf,9993710458,Bangladeshi,2018-01-25,Active,0
3616,AN0003616,Hassan,Robertson,2006-04-28,F,hassan.robertson3616@example.com,+44 7700 900570,BS1 8GD,9991780661,Other,2024-05-07,Active,1
3617,AN0003617,Yusuf,Wright,1989-12-28,M,yusuf.wright3617@example.com,+44 7700 900741,M1 7EH,9994263366,White Other,2016-10-14,Suspended,0
3618,AN0003618,Fatima,Cohen,1992-03-24,F,fatima.cohen3618@example.com,+44 7700 900576,ls19jb,9998414768,Bangladeshi,2019-10-27,Deferred,0
3619,AN0003619,Ethan,Sharma,1993-02-05,M,ethan.sharma3619@example.com,07700900708,EH1 7BH,9997164180,Indian,2017-10-08,Active,1
3620,AN0003620,Priya,Adeyemi,1994-08-20,M,priya.adeyemi3620@example.com,+44 7700 900776,B15 7ED,9990297983,White British,2023-06-04,Deferred,0
3621,AN0003621,Tom,Bianchi,1994-02-19,M,tom.bianchi3621@example.com,(0161) 496 8110,L1 4HH,9991965378,Mixed White and Asian,2019-05-02,Active,0
3622,AN0003622,Fatima,Abara,1993-10-10,F,fatima.abara3622@example.com,+44 7700 900709,m15ee,9997505301,Chinese,2022-12-31,Active,1
3623,AN0003623,Chloe,Abara,1997-01-05,F,chloe.abara3623@example.com,(0161) 496 9024,M1 6BB,9998888271,White Irish,2016-05-31,Active,0
3624,AN0003624,Omar,Doyle,1995-03-18,M,omar.doyle3624@example.com,+44 7700 900139,EH1 4JF,9997663942,White British,2017-11-26,Suspended,0
3625,AN0003625,Hassan,Chen,1997-11-15,F,hassan.chen3625@example.com,07700900260,L1 8GF,9997922700,White Other,2021-07-27,Suspended,0
3626,AN0003626,George,Kaur,1994-09-23,F,george.kaur3626@example.com,+44 7700 900730,CF10 4EJ,9991935177,White British,2020-03-17,Suspended,1
3627,AN0003627,Kai,Thompson,1997-08-10,M,kai.thompson3627@example.com,+44 7700 900308,L1 7BE,9994281690,Black African,2020-09-01,Active,0
3628,AN0003628,Idris,Murray,1997-08-11,F,idris.murray3628@example.com,+44 7700 900266,l13ff,9997539877,Pakistani,2023-12-16,Withdrawn,0
3629,AN0003629,Liam,Mackenzie,2001-08-02,M,liam.mackenzie3629@example.com,(0161) 496 3949,G1 7HG,9996011658,Black Other,2021-10-22,Suspended,1
3630,AN0003630,Zainab,Thompson,1993-11-21,M,zainab.thompson3630@example.com,+44 7700 900478,NE1 2AA,9990567727,Indian,2016-11-30,Active,1
3631,AN0003631,James,Sharma,1999-09-28,M,james.sharma3631@example.com,(0161) 496 7964,b154jd,9993691097,Other,2022-01-10,Withdrawn,1
3632,AN0003632,Amara,Doyle,1989-08-09,F,amara.doyle3632@example.com,+44 7700 900106,BS1 2HG,9998004721,Indian,2016-09-22,Active,0
3633,AN0003633,Daniel,Patel,2005-06-13,M,daniel.patel3633@example.com,+44 7700 900560,M1 8AD,9995550180,Arab,2023-06-20,Suspended,0
3634,AN0003634,Kai,Sharma,2000-01-26,F,kai.sharma3634@example.com,+44 7700 900234,g16fe,9994923218,Bangladeshi,2023-04-26,Withdrawn,1
3635,AN0003635,Tom,Fenton,1995-08-18,M,tom.fenton3635@example.com,+44 7700 900116,B15 7BE,9997690478,Black African,2016-01-30,Active,1
3636,AN0003636,Erin,Kaur,1999-11-14,M,erin.kaur3636@example.com,+44 7700 900131,L1 9AJ,9996784533,Chinese,2018-07-30,Active,0
3637,AN0003637,Omar,Ali,1991-04-22,F,omar.ali3637@example.com,+44 7700 900140,M1 2AE,9995060507,Asian Other,2019-12-07,Active,1
3638,AN0003638,Sarah,Lawson,2005-04-12,M,sarah.lawson3638@example.com,07700900844,l19fg,9997362535,White British,2024-10-27,Active,1
3639,AN0003639,Leila,Kaur,1993-06-02,M,leila.kaur3639@example.com,+44 7700 900341,LS1 3HD,9997287029,Bangladeshi,2017-05-29,Suspended,1
3640,AN0003640,Omar,Okafor,1988-07-06,F,omar.okafor3640@example.com,+44 7700 900171,SW1A 3EF,9999965679,Mixed White and Black Caribbean,2016-03-07,Withdrawn,1
3641,AN0003641,George,Lawson,2000-07-31,M,george.lawson3641@example.com,07700900552,M1 4AE,9999284426,Bangladeshi,2024-04-20,Active,0
3642,AN0003642,Sofia,Mackenzie,2002-12-19,M,sofia.mackenzie3642@example.com,+44 7700 900348,B15 1AA,9992956038,White British,2024-04-04,Deferred,0
3643,AN0003643,Grace,Whitfield,2004-11-06,F,grace.whitfield3643@example.com,(0161) 496 9034,ls11da,9995200252,Mixed White and Black Caribbean,2023-08-27,Active,0
3644,AN0003644,Liam,Wright,2002-04-01,M,liam.wright3644@example.com,+44 7700 900753,M1 5EJ,9995962764,Asian Other,2020-11-05,Active,0
3645,AN0003645,Omar,Osman,1997-03-10,M,omar.osman3645@example.com,+44 7700 900568,B15 8HJ,9994881396,Indian,2021-06-30,Active,0
3646,AN0003646,Yusuf,Okafor,1993-02-05,F,yusuf.okafor3646@example.com,07700900417,M1 5EB,9990139881,Other,2018-08-04,Withdrawn,1
3647,AN0003647,Amara,Bello,1998-11-09,F,amara.bello3647@example.com,+44 7700 900700,eh13fa,9998856388,White British,2020-02-16,Active,1
3648,AN0003648,Wei,Byrne,1999-08-24,F,wei.byrne3648@example.com,07700900513,EH1 9GB,9995596482,Other,2017-09-14,Deferred,0
3649,AN0003649,Tom,Abara,1997-10-20,F,tom.abara3649@example.com,+44 7700 900728,g11fd,9995940213,Mixed Other,2017-07-08,Suspended,0
3650,AN0003650,Erin,Haddad,2002-11-18,F,erin.haddad3650@example.com,07700900308,cf103df,9996265560,Indian,2022-03-10,Active,1
3651,AN0003651,Leila,Grant,1995-12-23,F,leila.grant3651@example.com,(0161) 496 8860,LS1 8FF,9999446175,Asian Other,2017-06-09,Active,0
3652,AN0003652,Callum,Sharma,1991-01-06,F,callum.sharma3652@example.com,(0161) 496 9166,SW1A 7JF,9991260285,Arab,2020-09-12,Withdrawn,0
3653,AN0003653,James,Khan,2001-11-16,M,,+44 7700 900403,NE1 1DE,9995869985,White British,2021-01-06,Active,0
3654,AN0003654,Isla,Wright,1992-12-13,F,isla.wright3654@example.com,07700900950,G1 5BB,9992296062,White Other,2019-05-16,Active,0
3655,AN0003655,Idris,Khan,1992-02-19,F,idris.khan3655@example.com,(0161) 496 2268,NE1 7HJ,9996765946,Mixed White and Asian,2017-05-05,Active,1
3656,AN0003656,Sofia,Patel,1994-06-20,F,sofia.patel3656@example.com,+44 7700 900841,l12bj,9994818708,Mixed Other,2023-03-12,Active,0
3657,AN0003657,Meera,Kaur,1996-09-03,F,meera.kaur3657@example.com,+44 7700 900521,l14dh,9991361596,Asian Other,2022-01-09,Active,1
3658,AN0003658,Priya,Patel,1999-08-03,M,priya.patel3658@example.com,07700900745,LS1 9DA,9991324593,Indian,2023-10-05,Withdrawn,0
3659,AN0003659,Fatima,Novak,1994-09-18,F,fatima.novak3659@example.com,+44 7700 900931,G1 9DG,9994514342,Chinese,2016-10-25,Suspended,0
3660,AN0003660,Zainab,Sharma,1990-02-11,M,zainab.sharma3660@example.com,(0161) 496 6712,m11ef,9991594922,Chinese,2016-08-19,Active,1
3661,AN0003661,Wei,Wright,1995-08-05,F,wei.wright3661@example.com,+44 7700 900111,l18bf,9997642368,Indian,2018-10-08,Active,0
3662,AN0003662,Fatima,Bianchi,1995-04-01,M,fatima.bianchi3662@example.com,+44 7700 900171,L1 8DB,9991700528,Black Caribbean,2017-06-23,Active,1
3663,AN0003663,James,Bello,1997-01-21,F,james.bello3663@example.com,(0161) 496 8887,LS1 1FA,9992119977,Indian,2016-04-08,Active,1
3664,AN0003664,Omar,Nwosu,1991-04-29,M,omar.nwosu3664@example.com,+44 7700 900346,CF10 9HF,9999606288,Mixed White and Black Caribbean,2019-11-14,Active,1
3665,AN0003665,Hannah,Bianchi,1994-06-02,F,,07700900672,M1 9JB,9991363548,Chinese,2023-01-31,Active,0
3666,AN0003666,Fatima,Thompson,1987-11-08,F,fatima.thompson3666@example.com,07700900547,EH1 6FJ,9998399041,Other,2017-01-12,Suspended,0
3667,AN0003667,James,Ali,1987-03-04,M,james.ali3667@example.com,(0161) 496 2894,CF10 2GA,9997670647,Black Caribbean,2016-06-12,Deferred,0
3668,AN0003668,Grace,Whitfield,2006-01-30,F,grace.whitfield3668@example.com,+44 7700 900963,M1 5AH,9992600543,Pakistani,2024-07-08,Suspended,1
3669,AN0003669,Tom,Iqbal,1999-06-09,F,tom.iqbal3669@example.com,+44 7700 900414,EH1 5FB,9998825822,Asian Other,2021-06-23,Deferred,1
3670,AN0003670,Daniel,Chen,1998-10-08,M,daniel.chen3670@example.com,+44 7700 900884,SW1A 7BJ,9999890431,White Other,2020-05-26,Active,0
3671,AN0003671,Callum,Whitfield,1998-10-10,F,callum.whitfield3671@example.com,+44 7700 900900,cf102fa,9998687160,White Irish,2017-03-16,Active,0
3672,AN0003672,Yusuf,Ali,2002-02-06,M,yusuf.ali3672@example.com,07700900154,sw1a2bf,9998921686,Mixed White and Black Caribbean,2022-03-28,Active,1
3673,AN0003673,Oliver,Bello,1990-06-14,M,oliver.bello3673@example.com,07700900363,CF10 1HB,9996033821,Pakistani,2018-03-01,Withdrawn,0
3674,AN0003674,Sofia,Kaur,2003-09-08,M,,+44 7700 900569,G1 6JD,9990592500,White Other,2023-12-06,Suspended,1
3675,AN0003675,Wei,Sharma,1993-01-16,F,wei.sharma3675@example.com,(0161) 496 8230,L1 7JJ,9998713080,Black African,2020-08-03,Deferred,0
3676,AN0003676,Grace,Patel,1999-06-04,F,grace.patel3676@example.com,07700900317,LS1 6HH,9990619751,White British,2017-06-20,Active,0
3677,AN0003677,Ethan,Byrne,2002-01-04,F,ethan.byrne3677@example.com,+44 7700 900671,NE1 1BG,9991500588,Chinese,2024-01-28,Active,0
3678,AN0003678,Isla,Murray,1998-04-24,F,isla.murray3678@example.com,07700900438,G1 7BF,9991784373,Mixed White and Asian,2022-01-28,Active,0
3679,AN0003679,Chloe,Wright,2003-02-06,F,chloe.wright3679@example.com,+44 7700 900684,ne12hg,9993524697,Chinese,2024-05-07,Deferred,1
3680,AN0003680,Priya,Adeyemi,1995-04-13,F,priya.adeyemi3680@example.com,07700900695,sw1a5ab,9993958980,White Other,2024-07-09,Withdrawn,1
3681,AN0003681,Fatima,Murray,1995-09-03,F,,+44 7700 900418,B15 5DG,9991228691,Black Other,2018-02-02,Active,0
3682,AN0003682,Yusuf,Khan,1995-06-17,M,yusuf.khan3682@example.com,+44 7700 900150,CF10 3HG,9990073597,White Irish,2024-02-22,Active,0
3683,AN0003683,Amara,Khan,1999-07-16,M,amara.khan3683@example.com,07700900411,EH1 2FD,9998885574,Chinese,2023-03-04,Suspended,0
3684,AN0003684,Grace,Patel,1957-05-08,M,grace.patel3684@example.com,07700900463,sw1a3hd,9995991438,Black Other,2018-12-31,Active,1
3685,AN0003685,Grace,Fenton,1995-06-01,F,grace.fenton3685@example.com,(0161) 496 1238,l11eh,9999889379,Chinese,2019-07-28,Active,0
3686,AN0003686,Erin,Doyle,1997-01-24,M,erin.doyle3686@example.com,+44 7700 900594,B15 8FB,9994487892,White British,2016-07-15,Active,0
3687,AN0003687,Hassan,Thompson,1999-09-10,M,hassan.thompson3687@example.com,07700900162,LS1 6GJ,9995731304,Bangladeshi,2022-01-31,Active,0
3688,AN0003688,Fatima,Grant,2003-01-17,F,fatima.grant3688@example.com,+44 7700 900900,g14ef,9990164789,Mixed White and Black Caribbean,2024-07-08,Withdrawn,0
3689,AN0003689,Hannah,Murray,2002-05-11,M,hannah.murray3689@example.com,+44 7700 900735,NE1 7GG,9992146540,Indian,2020-09-01,Suspended,0
3690,AN0003690,Amara,Fenton,1999-05-02,M,amara.fenton3690@example.com,+44 7700 900800,G1 1BB,9994700626,Pakistani,2017-11-14,Active,0
3691,AN0003691,Liam,Reid,1995-08-12,M,liam.reid3691@example.com,+44 7700 900388,NE1 1DE,9990706603,Mixed White and Black Caribbean,2021-01-23,Active,1
3692,AN0003692,Erin,Cohen,1992-02-29,M,erin.cohen3692@example.com,(0161) 496 2564,LS1 6DD,9991898700,Indian,2017-06-08,Active,0
3693,AN0003693,Leila,Mackenzie,2001-04-24,F,leila.mackenzie3693@example.com,+44 7700 900722,CF10 2EJ,9994084976,Black Other,2023-09-04,Active,0
3694,AN0003694,Daniel,Murray,1995-11-14,F,daniel.murray3694@example.com,+44 7700 900349,BS1 2BH,9995948060,Pakistani,2016-06-30,Active,1
3695,AN0003695,Idris,Chen,1998-10-25,F,idris.chen3695@example.com,+44 7700 900260,g11ee,9993020680,Bangladeshi,2024-04-08,Deferred,0
3696,AN0003696,James,Cohen,1992-01-11,F,james.cohen3696@example.com,07700900669,M1 4FJ,9997523261,Mixed White and Asian,2018-05-29,Active,0
3697,AN0003697,Tom,Rossi,1998-08-03,F,tom.rossi3697@example.com,+44 7700 900882,g11dg,9995130998,Mixed White and Asian,2017-09-28,Deferred,0
3698,AN0003698,Grace,Mackenzie,1989-06-19,F,grace.mackenzie3698@example.com,07700900610,L1 1JA,9995274213,Mixed White and Asian,2018-01-07,Suspended,0
3699,AN0003699,Hassan,Lawson,1994-07-09,F,hassan.lawson3699@example.com,+44 7700 900681,SW1A 5GF,9990654786,Pakistani,2020-01-01,Suspended,0
3700,AN0003700,Isla,Sharma,1995-08-31,F,isla.sharma3700@example.com,07700900512,M1 2JA,9997498909,White British,2023-05-08,Active,0
3701,AN0003701,Sofia,Sharma,1999-06-17,M,sofia.sharma3701@example.com,+44 7700 900542,L1 8GD,9996359247,Black African,2017-09-18,Active,1
3702,AN0003702,Erin,Okafor,1996-08-12,F,erin.okafor3702@example.com,+44 7700 900624,bs12gg,9999897754,Indian,2021-01-19,Deferred,1
3703,AN0003703,Wei,Cohen,1998-01-13,F,wei.cohen3703@example.com,07700900248,ls12da,9994523236,Pakistani,2024-01-18,Deferred,0
3704,AN0003704,Chloe,Mackenzie,1989-06-20,F,chloe.mackenzie3704@example.com,07700900599,BS1 4GE,9993071846,Mixed Other,2017-07-01,Active,0
3705,AN0003705,Grace,Okafor,1989-04-15,M,grace.okafor3705@example.com,07700900711,SW1A 4EE,9993936057,Other,2018-09-25,Active,0
3706,AN0003706,Leila,Grant,1999-03-04,F,leila.grant3706@example.com,(0161) 496 7763,L1 7DE,9996582639,White British,2018-04-05,Deferred,0
3707,AN0003707,Ruth,Robertson,1990-10-22,M,ruth.robertson3707@example.com,+44 7700 900909,B15 9JF,9993405477,Mixed White and Black Caribbean,2016-11-13,Active,0
3708,AN0003708,Daniel,Doyle,1995-12-14,M,,(0161) 496 3565,LS1 2BD,9990919178,Other,2024-06-30,Withdrawn,0
3709,AN0003709,Liam,Osman,1997-06-20,F,liam.osman3709@example.com,+44 7700 900907,M1 8GH,9995876612,Pakistani,2023-09-18,Active,1
3710,AN0003710,Meera,Murray,1994-11-17,F,meera.murray3710@example.com,+44 7700 900453,CF10 6JF,9997598245,White Other,2024-04-03,Active,0
3711,AN0003711,Kai,Rossi,2005-02-22,M,kai.rossi3711@example.com,07700900285,bs16gf,9995735261,Black African,2024-11-03,Active,1
3712,AN0003712,Sarah,Murray,2001-04-14,M,sarah.murray3712@example.com,+44 7700 900142,EH1 7GD,9990456453,Black African,2024-01-27,Deferred,0
3713,AN0003713,Liam,Kaur,1990-12-07,M,liam.kaur3713@example.com,07700900280,cf106bd,9994729926,Mixed White and Asian,2017-12-29,Deferred,0
3714,AN0003714,Tom,Grant,1988-05-02,F,tom.grant3714@example.com,+44 7700 900323,BS1 2DD,9995118742,Bangladeshi,2016-05-13,Active,0
3715,AN0003715,Sarah,Rossi,1993-05-24,M,sarah.rossi3715@example.com,(0161) 496 4555,LS1 8GJ,9994097180,White Other,2019-09-06,Active,1
3716,AN0003716,Isla,Ali,1999-11-26,F,isla.ali3716@example.com,07700900847,M1 9JE,9994284681,Black Other,2020-07-04,Active,0
3717,AN0003717,Callum,Byrne,1991-12-28,F,callum.byrne3717@example.com,(0161) 496 3435,L1 5DA,9990391610,White Irish,2021-06-19,Active,0
3718,AN0003718,Sarah,Lawson,1997-07-07,M,sarah.lawson3718@example.com,+44 7700 900396,L1 9JE,9998052173,White British,2017-03-10,Active,0
3719,AN0003719,Meera,Reid,1991-01-20,M,meera.reid3719@example.com,07700900526,B15 2HD,9998107717,Mixed White and Asian,2018-09-18,Withdrawn,1
3720,AN0003720,Nadia,Patel,2002-04-21,F,nadia.patel3720@example.com,+44 7700 900948,SW1A 7FG,9998844428,Black Caribbean,2024-05-19,Active,0
3721,AN0003721,Erin,Adeyemi,1996-07-12,F,erin.adeyemi3721@example.com,+44 7700 900462,B15 9HF,9992652764,Mixed Other,2024-03-22,Active,0
3722,AN0003722,Sarah,Cohen,1999-09-15,F,sarah.cohen3722@example.com,+44 7700 900577,NE1 4DB,9996818683,Mixed White and Black Caribbean,2020-02-19,Active,1
3723,AN0003723,Tom,Mackenzie,1993-03-11,F,tom.mackenzie3723@example.com,07700900704,L1 8BA,9996882632,Black Caribbean,2019-08-27,Active,1
3724,AN0003724,Amara,Whitfield,1992-10-15,F,amara.whitfield3724@example.com,+44 7700 900116,g13gb,9996272583,Mixed White and Asian,2020-01-12,Active,0
3725,AN0003725,Sarah,Byrne,2001-01-11,F,sarah.byrne3725@example.com,(0161) 496 9216,L1 5DH,9994712160,Pakistani,2023-01-12,Active,1
3726,AN0003726,Oliver,Kaur,1996-11-25,M,oliver.kaur3726@example.com,+44 7700 900197,M1 4HG,9999748023,Chinese,2018-02-23,Active,1
3727,AN0003727,Amara,Ali,1993-03-28,F,amara.ali3727@example.com,07700900341,NE1 4FH,9991555617,Chinese,2019-07-30,Deferred,1
3728,AN0003728,Chloe,Murray,1988-02-27,F,chloe.murray3728@example.com,07700900883,M1 1FD,9992584653,Chinese,2016-07-29,Active,0
3729,AN0003729,Idris,Fenton,1994-09-07,F,idris.fenton3729@example.com,(0161) 496 9961,G1 4FF,9994772791,Arab,2019-10-19,Active,0
3730,AN0003730,Grace,Abara,1991-12-06,M,grace.abara3730@example.com,+44 7700 900124,EH1 7FA,9991885757,Pakistani,2017-07-22,Active,1
3731,AN0003731,Amara,Reid,1992-11-20,M,amara.reid3731@example.com,07700900809,m12ad,9999548520,White Other,2017-04-13,Withdrawn,0
3732,AN0003732,Noah,Chen,1987-10-08,F,noah.chen3732@example.com,07700900351,B15 4BJ,9990177066,White Irish,2017-04-05,Withdrawn,1
3733,AN0003733,Kai,Ali,1993-02-18,M,kai.ali3733@example.com,07700900341,CF10 4HG,9994364626,Mixed White and Asian,2018-03-16,Withdrawn,0
3734,AN0003734,Zainab,Mackenzie,2000-10-24,M,zainab.mackenzie3734@example.com,07700900901,BS1 3HJ,9995840472,Mixed Other,2024-01-20,Deferred,0
3735,AN0003735,Ethan,Novak,1989-10-03,F,ethan.novak3735@example.com,+44 7700 900385,CF10 1AJ,9996449254,Black Other,2018-10-10,Suspended,0
3736,AN0003736,Fatima,Adeyemi,1995-06-14,F,fatima.adeyemi3736@example.com,+44 7700 900659,SW1A 1DD,9999764657,Chinese,2021-12-20,Active,1
3737,AN0003737,Erin,Novak,1990-09-26,F,erin.novak3737@example.com,+44 7700 900787,L1 5DE,9991283439,Other,2020-03-11,Active,0
3738,AN0003738,Oliver,Cohen,1993-07-11,F,oliver.cohen3738@example.com,+44 7700 900333,BS1 2HB,9994689339,Pakistani,2018-02-04,Active,1
3739,AN0003739,Callum,Reid,1992-09-12,F,,07700900905,M1 8DD,9995324601,Mixed White and Asian,2016-12-27,Deferred,0
3740,AN0003740,Grace,Wright,1988-06-28,M,grace.wright3740@example.com,07700900459,EH1 3AH,9999396003,Other,2017-03-17,Suspended,1
3741,AN0003741,Hassan,Bianchi,2003-01-24,M,hassan.bianchi3741@example.com,+44 7700 900598,L1 3ED,9995113481,Mixed Other,2024-07-11,Active,1
3742,AN0003742,Hassan,Haddad,1997-10-12,M,hassan.haddad3742@example.com,+44 7700 900162,LS1 3FA,9995431246,Mixed Other,2023-12-03,Active,1
3743,AN0003743,James,Murray,1988-08-29,M,james.murray3743@example.com,(0161) 496 4999,L1 9BF,9999587364,White Irish,2016-01-18,Active,0
3744,AN0003744,George,Sharma,2000-11-21,M,george.sharma3744@example.com,+44 7700 900573,LS1 4GE,9991671625,Mixed Other,2020-02-29,Withdrawn,0
3745,AN0003745,Leila,Grant,2001-04-08,M,leila.grant3745@example.com,+44 7700 900936,LS1 4EG,9992156023,Chinese,2024-09-07,Withdrawn,0
3746,AN0003746,Isla,Lawson,1999-05-17,F,isla.lawson3746@example.com,(0161) 496 9633,L1 3JB,9995137038,Mixed White and Black Caribbean,2024-10-14,Withdrawn,1
3747,AN0003747,Erin,Abara,1996-12-23,M,erin.abara3747@example.com,07700900618,EH1 2JH,9997939360,Asian Other,2022-09-21,Suspended,1
3748,AN0003748,Omar,Khan,1995-03-24,F,omar.khan3748@example.com,+44 7700 900234,SW1A 4GD,9994811460,White Other,2022-09-02,Active,0
3749,AN0003749,Fatima,Byrne,1991-10-14,M,fatima.byrne3749@example.com,07700900775,eh13eg,9992493712,White Irish,2018-05-16,Active,0
3750,AN0003750,Oliver,Robertson,1991-08-22,M,oliver.robertson3750@example.com,(0161) 496 5095,SW1A 2HF,9994039768,Pakistani,2018-02-02,Active,0
3751,AN0003751,Ethan,Reid,2003-08-19,M,ethan.reid3751@example.com,+44 7700 900962,ne12bf,9992199121,White British,2022-03-26,Active,0
3752,AN0003752,Hannah,Adeyemi,1999-06-29,F,hannah.adeyemi3752@example.com,07700900170,CF10 7FB,9990995753,Mixed White and Asian,2019-03-22,Suspended,0
3753,AN0003753,Liam,Kaur,1996-04-07,M,liam.kaur3753@example.com,+44 7700 900953,LS1 4BF,9999282237,Mixed White and Black Caribbean,2018-07-25,Withdrawn,1
3754,AN0003754,Fatima,Adeyemi,1998-10-03,F,fatima.adeyemi3754@example.com,+44 7700 900376,L1 2EB,9992773081,Other,2023-12-22,Withdrawn,0
3755,AN0003755,Leila,Adeyemi,1994-07-28,F,leila.adeyemi3755@example.com,07700900141,SW1A 3GF,9994676512,Other,2016-02-11,Active,1
3756,AN0003756,Omar,Patel,2000-08-20,M,omar.patel3756@example.com,07700900234,B15 7GG,9990159033,Bangladeshi,2023-12-06,Active,0
3757,AN0003757,Fatima,Sharma,2002-05-16,M,fatima.sharma3757@example.com,07700900306,CF10 5FG,9993090662,Black Other,2022-07-21,Suspended,0
3758,AN0003758,Kai,Khan,1991-11-09,M,kai.khan3758@example.com,(0161) 496 7661,EH1 5HG,9997179234,White Irish,2019-03-21,Active,0
3759,AN0003759,Ethan,Wright,1995-06-24,M,ethan.wright3759@example.com,(0161) 496 5371,EH1 6GA,9992982802,Chinese,2018-04-10,Withdrawn,1
3760,AN0003760,Hassan,Novak,1997-01-15,M,hassan.novak3760@example.com,+44 7700 900103,G1 7JJ,9993649643,Black Caribbean,2019-01-26,Active,0
3761,AN0003761,Hannah,Thompson,1992-12-17,M,hannah.thompson3761@example.com,07700900542,BS1 8JE,9998596351,Other,2020-07-07,Active,0
3762,AN0003762,Idris,Lawson,2002-05-12,F,idris.lawson3762@example.com,+44 7700 900788,CF10 1GJ,9998157587,Indian,2023-06-20,Active,0
3763,AN0003763,Liam,Khan,1997-09-20,F,liam.khan3763@example.com,+44 7700 900283,EH1 6JE,9999848001,Pakistani,2020-02-20,Deferred,0
3764,AN0003764,Idris,Novak,1997-10-13,F,idris.novak3764@example.com,(0161) 496 1844,L1 9HB,9993225096,Indian,2018-07-01,Deferred,1
3765,AN0003765,Omar,Doyle,1994-09-27,M,omar.doyle3765@example.com,+44 7700 900248,LS1 4DH,9991754261,Chinese,2020-01-17,Active,0
3766,AN0003766,Kai,Lawson,1995-10-16,M,kai.lawson3766@example.com,+44 7700 900313,eh19ea,9991845674,Pakistani,2022-11-19,Active,1
3767,AN0003767,Meera,Whitfield,1995-12-23,F,meera.whitfield3767@example.com,07700900591,L1 2FH,999390921,Asian Other,2016-04-04,Withdrawn,1
3768,AN0003768,Priya,Thompson,2000-08-24,F,priya.thompson3768@example.com,+44 7700 900921,b152hf,9997434188,Indian,2021-11-08,Deferred,1
3769,AN0003769,Yusuf,Kaur,1992-06-04,F,yusuf.kaur3769@example.com,(0161) 496 7124,SW1A 3BH,9995982196,Black Caribbean,2021-01-03,Active,1
3770,AN0003770,Liam,Patel,1998-11-16,F,liam.patel3770@example.com,+44 7700 900769,BS1 1GF,9993032530,Mixed White and Black Caribbean,2020-07-30,Active,1
3771,AN0003771,Hassan,Bello,2000-11-08,F,hassan.bello3771@example.com,+44 7700 900887,g17aa,9994209221,Mixed White and Black Caribbean,2024-02-12,Suspended,1
3772,AN0003772,Idris,Ali,1998-04-18,M,idris.ali3772@example.com,+44 7700 900978,M1 1HA,9991303227,Chinese,2022-12-06,Withdrawn,0
3773,AN0003773,Fatima,Iqbal,2001-08-28,M,fatima.iqbal3773@example.com,07700900838,eh16eh,9995602679,Black Caribbean,2023-12-16,Active,0
3774,AN0003774,Liam,Abara,1998-09-25,M,liam.abara3774@example.com,+44 7700 900697,CF10 3DE,9997248430,Mixed Other,2020-06-07,Withdrawn,0
3775,AN0003775,Grace,Lawson,1998-07-16,F,grace.lawson3775@example.com,07700900694,M1 1GB,9990710813,Mixed Other,2022-08-07,Deferred,1
3776,AN0003776,Tom,Murray,1992-02-06,F,tom.murray3776@example.com,07700900164,g14da,9992835346,Pakistani,2019-10-30,Withdrawn,1
3777,AN0003777,Noah,Bello,2001-08-13,F,noah.bello3777@example.com,(0161) 496 3791,NE1 1AH,9998615771,Chinese,2019-09-19,Deferred,0
3778,AN0003778,George,Robertson,1996-05-28,,george.robertson3778@example.com,07700900274,NE1 7EH,9991266992,Chinese,2023-12-13,Deferred,0
3779,AN0003779,Priya,Cohen,1993-12-10,F,,(0161) 496 3765,eh15fd,9992818328,Black Other,2019-06-29,Active,0
3780,AN0003780,Hannah,Nwosu,1996-02-18,F,,07700900286,L1 3JD,9996908666,White British,2020-03-17,Active,0
3781,AN0003781,Hassan,Robertson,1999-01-01,F,hassan.robertson3781@example.com,(0161) 496 2919,LS1 5AF,9990341761,White British,2018-07-26,Withdrawn,1
3782,AN0003782,Sarah,Whitfield,1995-12-13,M,sarah.whitfield3782@example.com,07700900404,SW1A 5JA,9992086645,Other,2021-08-09,Withdrawn,1
3783,AN0003783,Tom,Iqbal,1996-06-23,M,tom.iqbal3783@example.com,+44 7700 900813,m13dh,9991535438,Indian,2023-11-02,Suspended,1
3784,AN0003784,Idris,Reid,1987-09-04,M,idris.reid3784@example.com,07700900938,LS1 3BH,9995932245,White British,2016-02-22,Withdrawn,1
3785,AN0003785,Noah,Okafor,1997-11-16,M,noah.okafor3785@example.com,07700900371,M1 7DE,9992528745,Black Caribbean,2023-04-10,Active,0
3786,AN0003786,Hassan,Thompson,1997-01-10,M,hassan.thompson3786@example.com,+44 7700 900977,SW1A 4DB,9996580644,Chinese,2018-03-16,Withdrawn,1
3787,AN0003787,Idris,Cohen,2005-02-12,F,idris.cohen3787@example.com,+44 7700 900341,M1 9AG,9993097691,White British,2024-04-20,Deferred,1
3788,AN0003788,Callum,Whitfield,2000-11-09,F,,+44 7700 900867,M1 9GE,9997533593,Black African,2019-07-18,Withdrawn,0
3789,AN0003789,Hassan,Fenton,1991-03-18,M,hassan.fenton3789@example.com,(0161) 496 5355,B15 4GA,9998443385,White British,2019-07-14,Active,1
3790,AN0003790,Erin,Adeyemi,1992-06-27,M,,+44 7700 900656,sw1a7hf,9998567866,Bangladeshi,2021-08-05,Active,1
3791,AN0003791,Ruth,Cohen,1996-07-29,M,ruth.cohen3791@example.com,07700900205,NE1 4HA,9993705543,Mixed White and Black Caribbean,2017-03-27,Active,1
3792,AN0003792,Sarah,Cohen,1990-12-14,F,sarah.cohen3792@example.com,+44 7700 900325,NE1 7BF,9992581409,White Other,2019-01-22,Withdrawn,0
3793,AN0003793,Sarah,Novak,1990-05-06,F,sarah.novak3793@example.com,+44 7700 900409,EH1 3BH,9995808102,Mixed White and Asian,2017-05-12,Withdrawn,0
3794,AN0003794,Kai,Cohen,2000-03-13,F,kai.cohen3794@example.com,07700900508,B15 5FG,9995824760,Pakistani,2019-12-31,Withdrawn,1
3795,AN0003795,Kai,Rossi,1995-02-26,M,kai.rossi3795@example.com,+44 7700 900479,SW1A 2BH,9992684968,Other,2018-11-03,Active,1
3796,AN0003796,Nadia,Khan,1990-02-17,M,nadia.khan3796@example.com,+44 7700 900936,L1 7EJ,9991162534,Black Other,2017-05-12,Active,0
3797,AN0003797,Grace,Doyle,1992-01-03,M,grace.doyle3797@example.com,(0161) 496 2333,NE1 8EJ,9993727512,Chinese,2018-07-19,Active,1
3798,AN0003798,Ethan,Khan,2000-03-26,F,ethan.khan3798@example.com,+44 7700 900310,NE1 5JJ,9998540798,Black African,2020-04-02,Active,0
3799,AN0003799,Grace,Whitfield,1999-12-08,M,grace.whitfield3799@example.com,(0161) 496 7684,EH1 7DG,9994740555,White British,2019-01-25,Active,1
3800,AN0003800,Daniel,Okafor,1987-11-02,M,daniel.okafor3800@example.com,+44 7700 900601,sw1a5jj,9992372877,Asian Other,2017-05-23,Active,1
3801,AN0003801,Callum,Doyle,1998-03-22,F,callum.doyle3801@example.com,+44 7700 900523,G1 4AG,9991774165,Mixed Other,2021-10-25,Active,1
3802,AN0003802,Ruth,Adeyemi,1994-05-11,M,ruth.adeyemi3802@example.com,07700900444,M1 7AA,9994435833,Black Other,2021-11-22,Withdrawn,0
3803,AN0003803,James,Sharma,1992-01-12,M,james.sharma3803@example.com,07700900839,L1 7AE,9994530070,Chinese,2020-09-03,Active,0
3804,AN0003804,Zainab,Chen,1999-03-07,M,zainab.chen3804@example.com,(0161) 496 9805,m14ea,9994380184,White Irish,2021-05-19,Suspended,1
3805,AN0003805,Yusuf,Murray,1998-04-27,F,yusuf.murray3805@example.com,+44 7700 900278,CF10 1AD,9996745864,White Other,2019-12-11,Deferred,1
3806,AN0003806,Wei,Bianchi,1992-02-18,F,wei.bianchi3806@example.com,07700900567,ne13ad,9992536551,Pakistani,2016-04-30,Active,0
3807,AN0003807,Daniel,Whitfield,1999-04-25,M,daniel.whitfield3807@example.com,+44 7700 900278,g12gj,9996195465,Arab,2022-01-13,Active,0
3808,AN0003808,Grace,Okafor,1996-02-23,F,grace.okafor3808@example.com,+44 7700 900475,SW1A 8BB,9993514632,Mixed White and Black Caribbean,2024-07-13,Active,1
3809,AN0003809,Callum,Iqbal,1999-04-09,F,callum.iqbal3809@example.com,(0161) 496 8505,CF10 3AH,9993486736,Arab,2022-01-03,Active,0
3810,AN0003810,Sarah,Murray,1997-02-27,M,sarah.murray3810@example.com,+44 7700 900365,b153hf,9991722556,Indian,2022-09-10,Active,1
3811,AN0003811,Sofia,Fenton,1998-09-07,M,sofia.fenton3811@example.com,07700900699,BS1 1BA,9990263906,White British,2021-09-13,Withdrawn,0
3812,AN0003812,Grace,Osman,1991-01-10,F,grace.osman3812@example.com,07700900670,b155ae,9996077187,Arab,2016-05-03,Active,1
3813,AN0003813,Priya,Whitfield,1995-11-07,F,priya.whitfield3813@example.com,07700900963,NE1 3AD,9996943976,Black Caribbean,2018-11-30,Active,0
3814,AN0003814,Daniel,Patel,1993-10-25,M,daniel.patel3814@example.com,+44 7700 900977,LS1 2FG,9992332131,White Irish,2021-07-07,Active,0
3815,AN0003815,Sofia,Bianchi,1991-08-08,M,,+44 7700 900577,LS1 4GH,9999436145,Other,2020-04-21,Deferred,1
3816,AN0003816,Callum,Chen,1996-10-23,M,callum.chen3816@example.com,+44 7700 900447,B15 2FF,9996904881,Chinese,2022-07-30,Active,1
3817,AN0003817,Tom,Mackenzie,2001-11-20,M,tom.mackenzie3817@example.com,+44 7700 900948,L1 8BA,9996965406,Mixed White and Asian,2021-06-24,Active,0
3818,AN0003818,Priya,Chen,1994-08-30,F,priya.chen3818@example.com,07700900405,SW1A 8JB,9992105437,Black Other,2018-03-19,Withdrawn,0
3819,AN0003819,Tom,Grant,1990-10-24,F,tom.grant3819@example.com,(0161) 496 9044,BS1 3DB,9998077850,Black Other,2017-02-14,Suspended,0
3820,AN0003820,Leila,Bello,1991-10-05,M,leila.bello3820@example.com,07700900573,CF10 7AE,9993478628,Mixed Other,2017-12-14,Active,1
3821,AN0003821,Idris,Byrne,1999-12-09,F,idris.byrne3821@example.com,07700900153,M1 9HA,9993509078,Mixed White and Asian,2024-02-02,Active,0
3822,AN0003822,Ruth,Abara,2000-03-21,F,ruth.abara3822@example.com,+44 7700 900336,EH1 8AA,9996374645,Mixed White and Asian,2018-11-10,Active,0
3823,AN0003823,Leila,Iqbal,1987-11-16,F,leila.iqbal3823@example.com,+44 7700 900271,m19ee,9995930161,Black African,2016-06-26,Suspended,1
3824,AN0003824,Priya,Grant,1989-07-30,F,priya.grant3824@example.com,+44 7700 900222,M1 8BF,9990342873,Black Other,2016-09-27,Deferred,1
3825,AN0003825,Oliver,Whitfield,2004-08-25,M,oliver.whitfield3825@example.com,+44 7700 900493,cf101dj,9992615400,Mixed White and Black Caribbean,2023-10-15,Active,0
3826,AN0003826,James,Ali,2001-03-18,M,james.ali3826@example.com,+44 7700 900348,b155ge,9991659811,White Other,2022-08-13,Active,1
3827,AN0003827,Chloe,Bianchi,2003-01-24,F,chloe.bianchi3827@example.com,(0161) 496 8270,ne16ej,9998063965,Pakistani,2022-05-01,Active,0
3828,AN0003828,Meera,Fenton,1996-03-21,F,meera.fenton3828@example.com,+44 7700 900169,M1 6DG,9994342118,Bangladeshi,2024-06-18,Active,0
3829,AN0003829,Sofia,Wright,2004-04-06,F,sofia.wright3829@example.com,+44 7700 900948,L1 1GF,9993212598,Mixed White and Black Caribbean,2024-05-20,Withdrawn,1
3830,AN0003830,Tom,Chen,2001-05-30,M,tom.chen3830@example.com,07700900287,LS1 1JB,9995089890,Black African,2023-10-22,Withdrawn,0
3831,AN0003831,Omar,Rossi,1994-08-13,F,omar.rossi3831@example.com,07700900572,LS1 4EH,9995107384,Mixed White and Black Caribbean,2023-09-18,Active,1
3832,AN0003832,Idris,Whitfield,1990-12-16,F,idris.whitfield3832@example.com,+44 7700 900905,BS1 5BG,9990946175,Black African,2019-03-28,Active,1
3833,AN0003833,Nadia,Whitfield,1999-02-20,M,nadia.whitfield3833@example.com,+44 7700 900596,M1 6BE,9990063400,Mixed Other,2024-11-25,Deferred,0
3834,AN0003834,Amara,Lawson,1995-06-14,M,amara.lawson3834@example.com,+44 7700 900252,B15 7BB,9999776426,Chinese,2023-03-28,Active,1
3835,AN0003835,Priya,Grant,1993-04-17,F,priya.grant3835@example.com,+44 7700 900456,LS1 4AE,9995012324,White British,2022-04-26,Deferred,0
3836,AN0003836,Idris,Thompson,2005-03-26,F,idris.thompson3836@example.com,07700900386,M1 6DD,9992151102,White British,2024-06-13,Withdrawn,1
3837,AN0003837,Kai,Sharma,1995-11-04,M,kai.sharma3837@example.com,+44 7700 900952,M1 5AA,9991452869,White British,2020-05-07,Active,0
3838,AN0003838,Idris,Byrne,1992-01-04,F,idris.byrne3838@example.com,+44 7700 900116,L1 5GD,9999949894,Arab,2021-06-03,Active,0
3839,AN0003839,Hassan,Thompson,2002-03-09,F,hassan.thompson3839@example.com,+44 7700 900395,M1 7GJ,9991529500,Mixed Other,2020-03-29,Active,1
3840,AN0003840,Isla,Thompson,1993-07-12,F,isla.thompson3840@example.com,07700900745,G1 4AF,9996759814,Mixed White and Asian,2023-02-12,Active,0
3841,AN0003841,Noah,Mackenzie,1995-03-20,M,noah.mackenzie3841@example.com,+44 7700 900649,G1 2BD,9994816268,Mixed White and Black Caribbean,2024-06-28,Active,0
3842,AN0003842,Daniel,Haddad,1999-06-22,F,daniel.haddad3842@example.com,07700900677,BS1 4DB,9994656384,Pakistani,2023-06-20,Active,1
3843,AN0003843,Grace,Sharma,1991-02-27,F,grace.sharma3843@example.com,+44 7700 900815,BS1 8HB,9999102085,Other,2017-10-06,Withdrawn,1
3844,AN0003844,Priya,Nwosu,1994-03-04,M,priya.nwosu3844@example.com,(0161) 496 6452,sw1a1eb,9998578825,Black Other,2021-12-21,Suspended,1
3845,AN0003845,Yusuf,Chen,1999-05-11,F,yusuf.chen3845@example.com,+44 7700 900925,SW1A 8JF,9996025632,Other,2018-01-24,Deferred,0
3846,AN0003846,Liam,Doyle,1995-03-21,M,liam.doyle3846@example.com,07700900548,ls18ed,9995577976,Black African,2023-09-29,Suspended,1
3847,AN0003847,Omar,Abara,1989-07-08,M,omar.abara3847@example.com,07700900284,NE1 7BD,9996065766,Bangladeshi,2016-01-03,Deferred,1
3848,AN0003848,Meera,Chen,2001-06-13,M,meera.chen3848@example.com,(0161) 496 8553,NE1 7AF,9998789257,Mixed White and Asian,2021-11-13,Active,0
3849,AN0003849,Ruth,Mackenzie,1989-11-17,F,,(0161) 496 6956,L1 2JH,9999672892,Pakistani,2017-05-13,Active,1
3850,AN0003850,Nadia,Fenton,2001-02-16,F,nadia.fenton3850@example.com,(0161) 496 5313,CF10 6EB,9991893156,Asian Other,2024-07-31,Active,1
3851,AN0003851,Leila,Wright,1999-08-05,F,leila.wright3851@example.com,07700900932,B15 9AH,9999174256,White Other,2024-02-04,Suspended,1
3852,AN0003852,Grace,Grant,2000-10-17,F,grace.grant3852@example.com,07700900585,M1 8GD,9990975868,Indian,2024-05-10,Deferred,0
3853,AN0003853,Noah,Bianchi,2000-12-12,F,noah.bianchi3853@example.com,+44 7700 900780,BS1 6AA,9991850066,White Irish,2022-04-27,Active,0
3854,AN0003854,Meera,Bianchi,1993-08-25,F,meera.bianchi3854@example.com,+44 7700 900485,B15 5HB,9996588793,Chinese,2023-05-11,Active,0
3855,AN0003855,Erin,Kaur,1992-05-05,M,erin.kaur3855@example.com,07700900370,M1 4JA,9997033019,Black African,2018-11-17,Active,0
3856,AN0003856,Ethan,Chen,1992-04-14,F,ethan.chen3856@example.com,07700900896,CF10 9DB,9997646703,Black Other,2020-05-06,Active,1
3857,AN0003857,Erin,Nwosu,1992-12-20,M,erin.nwosu3857@example.com,07700900109,SW1A 2DH,9996201198,White British,2016-01-01,Deferred,1
3858,AN0003858,Hannah,Rossi,1997-04-07,M,hannah.rossi3858@example.com,07700900916,EH1 3ED,9996345645,Black Other,2022-04-04,Active,1
3859,AN0003859,Chloe,Sharma,1998-06-29,M,chloe.sharma3859@example.com,07700900967,BS1 3DA,9993952079,Mixed Other,2023-11-21,Active,0
3860,AN0003860,Daniel,Osman,1997-12-03,F,daniel.osman3860@example.com,(0161) 496 9350,b158ab,9997744160,Mixed Other,2018-06-04,Active,0
3861,AN0003861,Isla,Murray,1989-11-17,F,isla.murray3861@example.com,07700900629,eh18bh,9999361757,Mixed White and Asian,2019-08-26,Suspended,0
3862,AN0003862,Leila,Doyle,1998-05-28,M,leila.doyle3862@example.com,(0161) 496 5231,M1 6GA,9994570048,White British,2023-02-20,Deferred,0
3863,AN0003863,Meera,Whitfield,2001-07-23,F,meera.whitfield3863@example.com,07700900192,M1 3HB,9998839556,Arab,2023-03-10,Active,0
3864,AN0003864,Nadia,Okafor,1992-12-25,F,,(0161) 496 5868,ls16eg,9995370948,Pakistani,2017-02-02,Active,1
3865,AN0003865,Zainab,Bello,1995-02-16,F,zainab.bello3865@example.com,(0161) 496 1059,ne11gd,9998215498,Mixed Other,2022-07-25,Active,0
3866,AN0003866,Ethan,Ali,1993-03-02,F,ethan.ali3866@example.com,+44 7700 900941,G1 2EE,9999534910,White Irish,2022-10-27,Active,1
3867,AN0003867,Fatima,Bello,1992-07-20,F,fatima.bello3867@example.com,07700900476,EH1 5JA,9995453886,Bangladeshi,2022-02-12,Active,0
3868,AN0003868,Noah,Khan,2000-04-06,M,noah.khan3868@example.com,+44 7700 900893,NE1 6JF,9998275989,Arab,2019-01-17,Active,0
3869,AN0003869,Oliver,Osman,2003-03-01,F,oliver.osman3869@example.com,+44 7700 900336,M1 5HD,9999338631,Black African,2022-03-20,Active,1
3870,AN0003870,Amara,Ali,1998-10-19,M,amara.ali3870@example.com,07700900867,NE1 5BB,9994575872,Asian Other,2020-04-24,Suspended,1
3871,AN0003871,Sofia,Wright,1993-04-12,F,sofia.wright3871@example.com,+44 7700 900198,M1 6DF,9991871004,White British,2016-05-01,Deferred,0
3872,AN0003872,James,Lawson,1995-02-14,M,james.lawson3872@example.com,(0161) 496 8779,G1 2JD,9993249483,Other,2016-08-02,Deferred,0
3873,AN0003873,Nadia,Reid,2006-06-13,M,nadia.reid3873@example.com,07700900410,G1 6DB,9996172708,White Other,2024-06-30,Suspended,0
3874,AN0003874,Tom,Wright,1997-02-03,M,tom.wright3874@example.com,+44 7700 900234,NE1 4HA,9996688445,Other,2022-04-03,Suspended,1
3875,AN0003875,Grace,Ali,1991-09-20,M,grace.ali3875@example.com,(0161) 496 3128,SW1A 7DF,9998072743,Chinese,2016-12-22,Active,1
3876,AN0003876,Callum,Osman,1997-09-05,F,callum.osman3876@example.com,07700900371,B15 5DA,9995024098,White British,2018-05-16,Active,0
3877,AN0003877,Sofia,Kaur,1988-12-25,F,sofia.kaur3877@example.com,+44 7700 900976,l14ga,9996925269,White Other,2018-05-13,Active,1
3878,AN0003878,Liam,Iqbal,1999-02-22,M,liam.iqbal3878@example.com,(0161) 496 3912,NE1 8AA,9993613991,Bangladeshi,2018-11-12,Active,0
3879,AN0003879,Kai,Whitfield,1993-11-20,F,kai.whitfield3879@example.com,(0161) 496 5589,EH1 6BD,9996078663,White British,2022-07-30,Active,1
3880,AN0003880,Isla,Mackenzie,1995-02-10,M,isla.mackenzie3880@example.com,(0161) 496 1615,L1 8BE,9995992337,White Other,2023-04-10,Active,1
3881,AN0003881,Sarah,Byrne,1992-02-11,M,sarah.byrne3881@example.com,+44 7700 900230,B15 2BD,9992574895,Black African,2021-09-12,Active,1
3882,AN0003882,Ruth,Patel,1994-12-26,F,ruth.patel3882@example.com,+44 7700 900562,G1 2FE,9995482509,Mixed White and Black Caribbean,2019-06-05,Withdrawn,0
3883,AN0003883,Liam,Iqbal,1992-01-30,F,liam.iqbal3883@example.com,07700900956,G1 1FH,9995342545,Pakistani,2019-06-08,Active,0
3884,AN0003884,Noah,Ali,2003-05-04,M,noah.ali3884@example.com,+44 7700 900591,EH1 9AG,9996873358,Bangladeshi,2023-12-01,Active,0
3885,AN0003885,Ethan,Rossi,1997-04-01,M,ethan.rossi3885@example.com,+44 7700 900800,BS1 8HE,9992866535,Mixed White and Black Caribbean,2022-10-15,Withdrawn,0
3886,AN0003886,Sofia,Doyle,1996-01-05,F,sofia.doyle3886@example.com,07700900209,L1 3BF,9998823854,Mixed White and Black Caribbean,2022-06-29,Active,1
3887,AN0003887,Sarah,Okafor,1995-11-29,M,sarah.okafor3887@example.com,(0161) 496 7621,CF10 8EA,9998048087,White Other,2024-09-17,Active,1
3888,AN0003888,Chloe,Chen,1992-02-26,F,chloe.chen3888@example.com,+44 7700 900182,M1 2GH,9996311082,Black African,2021-07-11,Suspended,1
3889,AN0003889,Daniel,Grant,1996-08-16,M,daniel.grant3889@example.com,(0161) 496 9482,M1 3FA,9994766961,Black African,2023-11-17,Suspended,1
3890,AN0003890,Nadia,Byrne,1992-08-02,M,nadia.byrne3890@example.com,+44 7700 900427,ls18bj,9990431132,Arab,2019-09-20,Active,0
3891,AN0003891,Kai,Osman,1999-02-24,F,kai.osman3891@example.com,07700900207,l14gg,9999971776,Arab,2018-02-21,Active,0
3892,AN0003892,Nadia,Robertson,2001-02-20,F,nadia.robertson3892@example.com,(0161) 496 6250,BS1 6EF,9997972805,Chinese,2019-03-29,Active,0
3893,AN0003893,Daniel,Osman,1995-10-07,F,daniel.osman3893@example.com,07700900712,NE1 4JG,9994810278,White British,2019-11-25,Deferred,0
3894,AN0003894,Callum,Abara,1989-07-21,F,callum.abara3894@example.com,(0161) 496 8802,CF10 2AG,9997237544,Chinese,2019-02-07,Active,1
3895,AN0003895,Meera,Patel,1994-03-03,M,meera.patel3895@example.com,+44 7700 900541,SW1A 8FH,9999358837,Other,2022-03-25,Withdrawn,1
3896,AN0003896,Oliver,Bello,1987-09-17,F,oliver.bello3896@example.com,(0161) 496 2324,EH1 5FG,9998914272,Black African,2017-04-04,Active,1
3897,AN0003897,Ethan,Osman,1993-08-20,F,ethan.osman3897@example.com,+44 7700 900795,NE1 3JE,9992041684,Chinese,2017-02-25,Suspended,1
3898,AN0003898,Amara,Adeyemi,1990-11-27,M,amara.adeyemi3898@example.com,+44 7700 900701,SW1A 1HA,9990828334,White Irish,2017-05-03,Active,0
3899,AN0003899,Meera,Whitfield,1992-02-28,M,meera.whitfield3899@example.com,07700900715,LS1 6JA,9996721825,Mixed White and Black Caribbean,2018-08-05,Active,0
3900,AN0003900,Idris,Iqbal,1995-10-07,M,idris.iqbal3900@example.com,(0161) 496 6386,B15 7EJ,9996903613,Black African,2021-01-27,Active,1
3901,AN0003901,Sofia,Nwosu,1990-02-01,M,,(0161) 496 7745,BS1 2GJ,9998300304,Mixed White and Black Caribbean,2017-10-16,Active,1
3902,AN0003902,George,Byrne,1993-01-21,F,george.byrne3902@example.com,(0161) 496 9537,LS1 9JG,9998331838,White British,2019-08-10,Withdrawn,0
3903,AN0003903,Kai,Abara,1993-04-19,M,kai.abara3903@example.com,(0161) 496 3531,SW1A 9EH,9996228797,Black Caribbean,2016-12-21,Active,0
3904,AN0003904,Liam,Byrne,1988-06-25,M,liam.byrne3904@example.com,+44 7700 900401,NE1 2HB,9993628859,Other,2016-03-04,Deferred,0
3905,AN0003905,Sarah,Iqbal,1992-07-17,F,sarah.iqbal3905@example.com,+44 7700 900525,G1 3HE,9990266980,White Irish,2022-02-04,Deferred,0
3906,AN0003906,Wei,Kaur,1998-04-18,F,wei.kaur3906@example.com,+44 7700 900282,BS1 1BE,9994128396,White Other,2023-07-29,Withdrawn,1
3907,AN0003907,Zainab,Novak,2000-05-03,M,zainab.novak3907@example.com,07700900447,sw1a9dd,9990473013,Pakistani,2025-01-01,Active,0
3908,AN0003908,Yusuf,Grant,1992-05-29,M,yusuf.grant3908@example.com,+44 7700 900989,NE1 4EG,9992071907,Indian,2019-02-19,Active,1
3909,AN0003909,Fatima,Khan,1989-12-04,F,fatima.khan3909@example.com,+44 7700 900999,ls11ga,9991517480,Mixed Other,2019-02-07,Active,0
3910,AN0003910,James,Haddad,1997-05-10,M,james.haddad3910@example.com,+44 7700 900381,b159fb,9990290164,Mixed White and Asian,2022-01-06,Active,0
3911,AN0003911,Zainab,Byrne,1998-07-08,F,zainab.byrne3911@example.com,(0161) 496 3612,B15 5EH,9996479846,Mixed Other,2021-03-11,Active,0
3912,AN0003912,Tom,Ali,2001-08-27,F,tom.ali3912@example.com,07700900812,SW1A 2GD,9996509605,Asian Other,2020-01-07,Active,1
3913,AN0003913,Hannah,Doyle,1990-05-16,F,hannah.doyle3913@example.com,+44 7700 900781,B15 7ED,9992991941,Black Other,2020-01-21,Withdrawn,1
3914,AN0003914,Erin,Robertson,1990-04-21,M,erin.robertson3914@example.com,(0161) 496 9155,M1 3EH,9990619379,Arab,2018-08-23,Withdrawn,0
3915,AN0003915,Callum,Thompson,1996-03-25,M,callum.thompson3915@example.com,(0161) 496 2318,NE1 8BH,9999934102,Black Other,2022-11-18,Deferred,1
3916,AN0003916,Callum,Patel,1996-05-11,F,callum.patel3916@example.com,+44 7700 900561,EH1 3AJ,9998427177,White Other,2024-07-28,Active,1
3917,AN0003917,Yusuf,Cohen,1997-09-18,F,yusuf.cohen3917@example.com,(0161) 496 2842,EH1 4HF,9999088708,White Irish,2020-06-25,Deferred,0
3918,AN0003918,Zainab,Thompson,1995-09-12,M,zainab.thompson3918@example.com,(0161) 496 7463,SW1A 3GE,9994110225,White Irish,2021-12-02,Active,0
3919,AN0003919,Hassan,Chen,1992-10-12,M,hassan.chen3919@example.com,+44 7700 900640,bs14ja,9990232857,Bangladeshi,2016-10-19,Active,0
3920,AN0003920,George,Okafor,1992-04-12,M,george.okafor3920@example.com,+44 7700 900594,EH1 9HA,9994988247,Arab,2016-06-16,Withdrawn,1
3921,AN0003921,Grace,Okafor,2003-02-15,M,grace.okafor3921@example.com,+44 7700 900699,BS1 1FG,9998202698,Pakistani,2023-02-18,Active,0
3922,AN0003922,Hannah,Novak,1997-09-22,F,hannah.novak3922@example.com,+44 7700 900638,B15 8FG,9994012681,Black African,2022-12-08,Deferred,0
3923,AN0003923,Kai,Reid,1998-06-11,F,kai.reid3923@example.com,+44 7700 900763,SW1A 7GE,9999065457,Arab,2022-01-05,Active,1
3924,AN0003924,Leila,Rossi,1984-09-19,M,leila.rossi3924@example.com,+44 7700 900238,B15 7HB,9999733492,Black Caribbean,2024-04-27,Active,0
3925,AN0003925,Chloe,Okafor,1995-08-19,F,chloe.okafor3925@example.com,+44 7700 900160,G1 3HJ,9998907616,Asian Other,2018-10-28,Active,1
3926,AN0003926,Ruth,Robertson,1990-02-07,F,ruth.robertson3926@example.com,07700900124,LS1 3AD,9996788695,Mixed White and Black Caribbean,2018-07-24,Active,0
3927,AN0003927,Meera,Khan,1992-05-07,M,meera.khan3927@example.com,07700900594,B15 1ED,9990000395,White British,2016-01-08,Deferred,0
3928,AN0003928,Sarah,Sharma,2004-03-18,M,sarah.sharma3928@example.com,(0161) 496 3757,M1 1EJ,9995141787,Bangladeshi,2022-04-09,Active,1
3929,AN0003929,Isla,Sharma,2005-06-01,M,isla.sharma3929@example.com,07700900986,LS1 6GG,9998709792,White Other,2024-12-15,Active,1
3930,AN0003930,Amara,Nwosu,1994-11-27,F,amara.nwosu3930@example.com,07700900304,LS1 9EJ,9995875446,Mixed White and Asian,2023-12-17,Active,0
3931,AN0003931,George,Abara,1995-02-25,F,george.abara3931@example.com,+44 7700 900596,LS1 5FD,9990900140,Asian Other,2017-09-08,Deferred,0
3932,AN0003932,Priya,Byrne,1992-10-18,F,priya.byrne3932@example.com,07700900855,cf108af,9990241937,Mixed White and Black Caribbean,2020-11-12,Active,0
3933,AN0003933,Zainab,Adeyemi,1996-08-31,F,zainab.adeyemi3933@example.com,+44 7700 900176,G1 2BE,9994288156,White Other,2017-12-17,Withdrawn,1
3934,AN0003934,Oliver,Khan,1990-11-30,M,oliver.khan3934@example.com,+44 7700 900575,BS1 2GG,9992876840,Indian,2018-09-14,Suspended,0
3935,AN0003935,Nadia,Chen,1997-11-15,F,nadia.chen3935@example.com,+44 7700 900821,B15 7DF,9999593291,Mixed White and Black Caribbean,2024-02-13,Active,1
3936,AN0003936,Omar,Reid,2005-10-16,F,omar.reid3936@example.com,+44 7700 900747,CF10 4DB,9997006267,Mixed Other,2024-04-01,Active,0
3937,AN0003937,Sofia,Reid,2002-04-30,F,sofia.reid3937@example.com,+44 7700 900138,L1 8HD,9997433394,Black Other,2024-09-24,Deferred,0
3938,AN0003938,Daniel,Bianchi,1998-03-26,M,daniel.bianchi3938@example.com,+44 7700 900771,CF10 3GD,9995803151,Asian Other,2024-12-07,Suspended,1
3939,AN0003939,Idris,Whitfield,1987-06-22,M,idris.whitfield3939@example.com,+44 7700 900967,ls12fg,9995174316,Bangladeshi,2016-09-22,Withdrawn,1
3940,AN0003940,Wei,Byrne,1997-04-05,M,wei.byrne3940@example.com,+44 7700 900562,LS1 7GF,9994611607,Indian,2022-08-04,Deferred,0
3941,AN0003941,Meera,Mackenzie,2000-04-08,F,meera.mackenzie3941@example.com,+44 7700 900961,NE1 7BG,9998551103,White British,2023-06-24,Deferred,0
3942,AN0003942,James,Robertson,2004-03-23,F,james.robertson3942@example.com,+44 7700 900162,G1 8JA,9997131193,Black Caribbean,2023-09-13,Withdrawn,0
3943,AN0003943,Kai,Murray,2002-01-23,M,kai.murray3943@example.com,+44 7700 900938,CF10 7AH,9998798817,Mixed White and Black Caribbean,2021-02-10,Suspended,1
3944,AN0003944,Ruth,Lawson,1999-12-10,M,ruth.lawson3944@example.com,+44 7700 900750,G1 6BG,9994275097,White British,2023-07-12,Active,1
3945,AN0003945,Idris,Kaur,1993-11-27,F,idris.kaur3945@example.com,+44 7700 900892,B15 2HD,9990300453,Bangladeshi,2017-03-02,Deferred,0
3946,AN0003946,Ethan,Bianchi,1996-05-09,M,ethan.bianchi3946@example.com,(0161) 496 7205,NE1 9EB,9999638678,Mixed Other,2017-10-12,Suspended,1
3947,AN0003947,Kai,Doyle,1996-11-23,M,kai.doyle3947@example.com,+44 7700 900709,M1 8AH,9992178949,Pakistani,2018-12-22,Deferred,1
3948,AN0003948,Omar,Okafor,1998-03-13,M,omar.okafor3948@example.com,07700900316,BS1 1DB,9992594284,Asian Other,2018-03-16,Deferred,0
3949,AN0003949,Sarah,Chen,1998-10-31,F,sarah.chen3949@example.com,(0161) 496 2404,ls15fd,9993602566,Other,2017-04-16,Active,0
3950,AN0003950,Ruth,Nwosu,2003-01-25,M,ruth.nwosu3950@example.com,+44 7700 900846,LS1 1GG,9990934363,Mixed Other,2022-09-09,Suspended,0
3951,AN0003951,George,Rossi,1995-08-05,F,george.rossi3951@example.com,07700900481,cf104aa,9999038751,Black Other,2016-08-14,Active,1
3952,AN0003952,Callum,Lawson,1995-07-16,M,callum.lawson3952@example.com,07700900336,B15 5FE,9994714279,Pakistani,2016-11-24,Withdrawn,0
3953,AN0003953,Zainab,Byrne,1991-02-26,F,zainab.byrne3953@example.com,07700900397,bs12hb,9991128425,Black Other,2024-04-01,Deferred,1
3954,AN0003954,Noah,Byrne,1998-06-21,M,noah.byrne3954@example.com,07700900750,CF10 9HD,9993772763,White British,2022-09-12,Active,1
3955,AN0003955,Zainab,Bello,1989-09-29,M,,+44 7700 900321,EH1 5HF,9997498208,Other,2016-02-15,Deferred,1
3956,AN0003956,Ethan,Byrne,1991-12-04,M,ethan.byrne3956@example.com,(0161) 496 2110,LS1 3HG,9999062946,Black Caribbean,2017-08-17,Active,0
3957,AN0003957,Zainab,Nwosu,1995-03-17,F,zainab.nwosu3957@example.com,07700900598,m13jg,9993480800,White Other,2016-03-31,Active,1
3958,AN0003958,Idris,Sharma,1992-01-24,F,idris.sharma3958@example.com,+44 7700 900903,LS1 2FD,9998271894,White British,2019-06-17,Active,1
3959,AN0003959,Oliver,Fenton,1993-03-09,M,oliver.fenton3959@example.com,07700900260,G1 9FJ,9990721769,Mixed White and Black Caribbean,2020-06-02,Suspended,0
3960,AN0003960,Zainab,Ali,1994-02-24,M,zainab.ali3960@example.com,07700900188,BS1 8FA,9999590705,White Irish,2016-07-06,Suspended,1
3961,AN0003961,Kai,Mackenzie,1991-05-13,M,kai.mackenzie3961@example.com,07700900599,b156ba,9990933189,Mixed Other,2016-09-09,Withdrawn,0
3962,AN0003962,Leila,Osman,1993-06-08,M,leila.osman3962@example.com,(0161) 496 7284,BS1 4HH,9996391892,White Irish,2021-11-14,Active,0
3963,AN0003963,Ethan,Murray,1990-09-11,M,,07700900631,bs16bf,9991973486,Mixed White and Asian,2016-01-03,Active,1
3964,AN0003964,Leila,Lawson,1991-04-28,F,leila.lawson3964@example.com,+44 7700 900892,SW1A 8GH,9996804771,White Irish,2016-12-27,Deferred,0
3965,AN0003965,Liam,Fenton,2001-04-17,F,liam.fenton3965@example.com,07700900788,NE1 8BB,9992117052,Black Caribbean,2023-01-24,Active,1
3966,AN0003966,Hassan,Robertson,1994-07-18,F,hassan.robertson3966@example.com,07700900303,NE1 3HF,9993352950,Black African,2017-03-12,Withdrawn,0
3967,AN0003967,Noah,Novak,1992-12-08,F,noah.novak3967@example.com,+44 7700 900416,LS1 2FE,9996651894,Black African,2016-04-30,Active,0
3968,AN0003968,Callum,Novak,2002-02-19,M,callum.novak3968@example.com,07700900947,M1 7JE,9996210030,Black Other,2024-03-09,Suspended,1
3969,AN0003969,Meera,Chen,2002-11-21,F,meera.chen3969@example.com,+44 7700 900780,ls12eh,9993081728,Mixed White and Asian,2022-05-05,Active,1
3970,AN0003970,Nadia,Byrne,1995-03-29,M,nadia.byrne3970@example.com,+44 7700 900177,g17da,9992799994,Black Caribbean,2017-05-28,Suspended,1
3971,AN0003971,Yusuf,Fenton,2004-11-25,M,yusuf.fenton3971@example.com,+44 7700 900285,BS1 4HJ,9998656001,Bangladeshi,2023-01-22,Deferred,0
3972,AN0003972,Hassan,Cohen,1994-10-20,M,,+44 7700 900704,B15 6GE,9997607988,Other,2024-06-21,Active,1
3973,AN0003973,Grace,Bello,1993-12-19,M,grace.bello3973@example.com,(0161) 496 6868,ls11fh,9993477745,Indian,2018-09-22,Active,1
3974,AN0003974,Chloe,Fenton,1999-07-10,F,chloe.fenton3974@example.com,07700900835,M1 1BD,9992914394,Black African,2020-10-24,Active,0
3975,AN0003975,Erin,Grant,1992-11-01,M,erin.grant3975@example.com,+44 7700 900716,L1 3AG,9992271922,Mixed Other,2018-11-25,Withdrawn,0
3976,AN0003976,Oliver,Iqbal,1988-05-04,F,oliver.iqbal3976@example.com,+44 7700 900625,B15 4AH,9997338286,Other,2016-05-25,Suspended,0
3977,AN0003977,Leila,Grant,1996-03-25,M,leila.grant3977@example.com,07700900650,M1 6BE,9999287107,White British,2017-09-10,Active,0
3978,AN0003978,Yusuf,Fenton,1996-11-12,M,yusuf.fenton3978@example.com,+44 7700 900168,B15 5GG,9998997100,Mixed White and Black Caribbean,2022-06-26,Active,1
3979,AN0003979,George,Murray,1996-10-17,M,george.murray3979@example.com,+44 7700 900647,SW1A 9BH,9991281479,Indian,2022-11-20,Active,0
3980,AN0003980,Sofia,Novak,2001-03-08,M,sofia.novak3980@example.com,+44 7700 900746,EH1 1EE,9999690076,White Irish,2019-04-28,Active,1
3981,AN0003981,Tom,Okafor,1998-10-13,F,tom.okafor3981@example.com,+44 7700 900184,NE1 7HE,9997762606,Black African,2022-12-15,Withdrawn,0
3982,AN0003982,Erin,Murray,2006-08-18,F,erin.murray3982@example.com,+44 7700 900714,G1 7HD,9990692807,Black Caribbean,2021-05-19,Active,1
3983,AN0003983,Grace,Kaur,1993-06-14,M,grace.kaur3983@example.com,+44 7700 900329,G1 1AE,9996002853,Black Other,2020-03-09,Active,0
3984,AN0003984,Sofia,Abara,1990-07-18,M,sofia.abara3984@example.com,+44 7700 900529,NE1 8EB,9993672319,White Irish,2019-02-21,Withdrawn,0
3985,AN0003985,Ruth,Okafor,2000-07-04,F,ruth.okafor3985@example.com,+44 7700 900206,B15 1BD,9997308166,Chinese,2022-12-27,Active,0
3986,AN0003986,Liam,Okafor,2001-07-16,M,liam.okafor3986@example.com,07700900883,LS1 6JJ,9992619589,Black Caribbean,2024-07-21,Deferred,0
3987,AN0003987,Erin,Robertson,1988-01-19,F,erin.robertson3987@example.com,+44 7700 900458,NE1 6DF,9998228085,Black Other,2017-04-05,Active,1
3988,AN0003988,Kai,Nwosu,2001-11-22,M,kai.nwosu3988@example.com,+44 7700 900184,cf102eg,9992485523,Black Other,2023-06-03,Active,1
3989,AN0003989,Ruth,Fenton,2004-04-24,M,ruth.fenton3989@example.com,+44 7700 900948,b156jd,9998982057,Black Caribbean,2023-01-14,Active,0
3990,AN0003990,Oliver,Reid,2003-07-04,M,oliver.reid3990@example.com,07700900281,L1 2HF,9996958000,Mixed Other,2024-04-04,Suspended,1
3991,AN0003991,Liam,Bianchi,2004-02-02,M,liam.bianchi3991@example.com,(0161) 496 1888,m13db,9998748488,Asian Other,2023-09-04,Deferred,1
3992,AN0003992,Hassan,Reid,2003-07-04,M,,+44 7700 900147,bs12eg,9992141573,White British,2021-09-03,Suspended,1
3993,AN0003993,Wei,Abara,1999-01-04,F,wei.abara3993@example.com,07700900451,BS1 9DH,9990447616,Black Caribbean,2017-05-16,Suspended,1
3994,AN0003994,Tom,Mackenzie,1993-01-27,M,tom.mackenzie3994@example.com,+44 7700 900890,CF10 9BF,9995754525,Asian Other,2016-02-23,Active,1
3995,AN0003995,Chloe,Wright,1997-08-03,F,chloe.wright3995@example.com,+44 7700 900458,G1 3FB,9998715407,Bangladeshi,2022-10-01,Active,0
3996,AN0003996,Isla,Haddad,1999-11-07,M,isla.haddad3996@example.com,+44 7700 900401,ne14gf,9999957269,Chinese,2020-06-20,Active,1
3997,AN0003997,Idris,Lawson,1991-10-09,M,idris.lawson3997@example.com,+44 7700 900800,sw1a8dh,9998286611,Pakistani,2019-10-07,Suspended,1
3998,AN0003998,Grace,Okafor,2000-06-09,M,grace.okafor3998@example.com,+44 7700 900754,EH1 4FB,9992301309,Indian,2019-01-06,Deferred,0
3999,AN0003999,Fatima,Chen,1999-01-11,F,fatima.chen3999@example.com,07700900706,CF10 7HH,9994815393,White Other,2020-05-12,Active,0
4000,AN0004000,Erin,Reid,1989-11-30,F,erin.reid4000@example.com,+44 7700 900889,CF10 1GH,9994364448,Mixed White and Asian,2016-12-01,Deferred,1
4001,AN0004001,Isla,Chen,2004-03-05,M,,+44 7700 900114,bs11ge,9990326150,Indian,2023-04-09,Withdrawn,1
4002,AN0004002,Sarah,Sharma,2000-06-19,F,sarah.sharma4002@example.com,(0161) 496 5286,CF10 4DD,9990144974,White Irish,2018-11-19,Withdrawn,1
4003,AN0004003,Noah,Patel,2001-10-03,M,noah.patel4003@example.com,+44 7700 900375,M1 7EB,9992750065,Bangladeshi,2023-03-14,Active,1
4004,AN0004004,Tom,Bello,2005-04-30,F,tom.bello4004@example.com,(0161) 496 7825,l15bj,9998903300,Asian Other,2023-05-04,Suspended,0
4005,AN0004005,Meera,Iqbal,1996-01-09,M,meera.iqbal4005@example.com,07700900819,SW1A 2DB,9999944957,Arab,2024-09-20,Active,0
4006,AN0004006,Tom,Adeyemi,1999-01-12,M,tom.adeyemi4006@example.com,+44 7700 900497,BS1 2GE,9991067078,Mixed White and Asian,2017-04-12,Deferred,1
4007,AN0004007,Meera,Okafor,1994-05-08,M,meera.okafor4007@example.com,(0161) 496 8779,M1 8JE,9992685786,White Other,2018-01-28,Active,1
4008,AN0004008,Omar,Chen,1994-03-31,M,,+44 7700 900777,NE1 7EB,9995525674,Mixed White and Asian,2021-08-20,Withdrawn,1
4009,AN0004009,Sofia,Grant,1994-11-09,F,sofia.grant4009@example.com,(0161) 496 5927,M1 2HH,9991153403,Black Other,2022-11-04,Active,1
4010,AN0004010,Wei,Haddad,1995-03-10,F,wei.haddad4010@example.com,07700900556,CF10 9HA,9990413797,Mixed Other,2022-09-30,Active,0
4011,AN0004011,Isla,Reid,1997-04-19,M,isla.reid4011@example.com,07700900412,M1 1EB,9991557709,White Other,2022-05-05,Suspended,0
4012,AN0004012,James,Reid,1995-01-24,F,james.reid4012@example.com,07700900120,NE1 3FG,9999432018,Chinese,2023-09-16,Active,0
4013,AN0004013,Idris,Doyle,2004-08-23,M,idris.doyle4013@example.com,07700900377,SW1A 4GJ,9993844721,Arab,2024-11-27,Suspended,0
4014,AN0004014,Wei,Fenton,1989-09-19,F,wei.fenton4014@example.com,(0161) 496 8868,b156bg,9994960660,White Irish,2017-03-31,Active,1
4015,AN0004015,Nadia,Adeyemi,2002-03-30,F,nadia.adeyemi4015@example.com,+44 7700 900848,CF10 9EF,9994975153,Other,2021-06-09,Suspended,0
4016,AN0004016,James,Cohen,2000-07-08,F,james.cohen4016@example.com,07700900582,B15 7AH,9993017981,Pakistani,2021-09-17,Deferred,0
4017,AN0004017,Omar,Sharma,1999-08-30,F,omar.sharma4017@example.com,07700900349,B15 3GH,9993451169,White Other,2022-11-23,Withdrawn,0
4018,AN0004018,Hannah,Robertson,2000-06-13,M,hannah.robertson4018@example.com,+44 7700 900253,ls13hd,9993658839,Black African,2019-11-17,Withdrawn,1
4019,AN0004019,Yusuf,Sharma,1999-09-06,F,,07700900244,g13hj,9991388516,Mixed White and Black Caribbean,2019-09-19,Suspended,1
4020,AN0004020,Hassan,Mackenzie,1989-01-08,F,hassan.mackenzie4020@example.com,(0161) 496 9659,NE1 3BJ,9997661540,Mixed White and Black Caribbean,2016-06-03,Withdrawn,0
4021,AN0004021,Leila,Kaur,2001-01-27,F,leila.kaur4021@example.com,+44 7700 900182,B15 7GB,9996913643,Arab,2020-10-16,Active,1
4022,AN0004022,Hassan,Rossi,1995-03-31,F,hassan.rossi4022@example.com,+44 7700 900203,ls13ge,9994143018,Black African,2019-12-29,Active,1
4023,AN0004023,Erin,Abara,1999-08-17,M,erin.abara4023@example.com,(0161) 496 6341,M1 6EB,9994308041,Black Other,2021-03-04,Active,0
4024,AN0004024,Priya,Bianchi,1995-12-20,M,priya.bianchi4024@example.com,+44 7700 900480,EH1 8HB,9993595187,Black African,2016-05-29,Active,0
4025,AN0004025,Meera,Chen,1999-01-20,M,meera.chen4025@example.com,+44 7700 900214,bs13jd,9991987835,Asian Other,2021-09-14,Active,0
4026,AN0004026,Priya,Haddad,1996-06-18,F,priya.haddad4026@example.com,+44 7700 900464,g13da,9992279613,Other,2020-01-30,Active,0
4027,AN0004027,Priya,Byrne,1991-11-19,F,priya.byrne4027@example.com,07700900940,g12jd,9994889834,Asian Other,2017-12-06,Withdrawn,0
4028,AN0004028,Liam,Osman,1994-02-19,M,liam.osman4028@example.com,+44 7700 900134,g13gh,9990605645,Chinese,2021-09-22,Active,0
4029,AN0004029,Priya,Wright,1994-09-15,M,priya.wright4029@example.com,(0161) 496 2132,G1 8DJ,9990636222,Bangladeshi,2022-02-28,Deferred,0
4030,AN0004030,Daniel,Okafor,1998-03-05,F,daniel.okafor4030@example.com,+44 7700 900295,M1 3EG,9998420946,White Other,2019-11-16,Suspended,1
4031,AN0004031,Isla,Adeyemi,1991-08-20,M,isla.adeyemi4031@example.com,+44 7700 900934,ls15gj,9993921181,White Irish,2020-11-01,Suspended,0
4032,AN0004032,Leila,Osman,1992-06-15,F,leila.osman4032@example.com,+44 7700 900641,G1 8DA,9992165154,Mixed White and Black Caribbean,2018-06-28,Active,1
4033,AN0004033,Fatima,Khan,1992-08-13,M,fatima.khan4033@example.com,+44 7700 900241,l18jh,9999732461,White British,2018-02-16,Active,1
4034,AN0004034,Chloe,Reid,2006-01-12,M,chloe.reid4034@example.com,(0161) 496 2481,m13ga,9995836823,Black Other,2024-07-05,Deferred,0
4035,AN0004035,Oliver,Bianchi,1988-05-08,F,oliver.bianchi4035@example.com,(0161) 496 6787,G1 3HJ,9996934438,Bangladeshi,2016-07-16,Deferred,0
4036,AN0004036,Amara,Rossi,1992-12-05,M,amara.rossi4036@example.com,(0161) 496 1130,LS1 8ED,9990045348,Black Caribbean,2018-02-25,Active,1
4037,AN0004037,Hannah,Reid,1997-05-21,M,hannah.reid4037@example.com,07700900605,ls18df,9993477206,Black African,2018-01-27,Deferred,1
4038,AN0004038,Isla,Ali,1997-04-17,M,isla.ali4038@example.com,+44 7700 900476,bs15fd,9997596552,Other,2021-06-25,Active,1
4039,AN0004039,Sarah,Ali,1997-07-29,F,sarah.ali4039@example.com,+44 7700 900532,LS1 4GB,9993182443,Mixed White and Asian,2016-04-10,Withdrawn,1
4040,AN0004040,Hassan,Cohen,1990-12-16,F,hassan.cohen4040@example.com,+44 7700 900524,SW1A 3AJ,9992451300,Mixed Other,2020-06-23,Active,0
4041,AN0004041,Oliver,Khan,1995-10-24,F,oliver.khan4041@example.com,(0161) 496 6067,bs15bf,9992654953,Asian Other,2018-07-13,Active,0
4042,AN0004042,Zainab,Patel,1997-07-16,M,zainab.patel4042@example.com,+44 7700 900572,eh15bg,999222951,Mixed White and Black Caribbean,2019-12-10,Withdrawn,1
4043,AN0004043,Callum,Wright,1997-06-08,F,callum.wright4043@example.com,+44 7700 900949,NE1 2FA,9998690803,Pakistani,2016-12-15,Active,1
4044,AN0004044,Omar,Wright,1997-04-09,M,omar.wright4044@example.com,07700900716,B15 5DJ,9999784755,Bangladeshi,2017-08-13,Active,0
4045,AN0004045,Zainab,Cohen,1993-04-25,M,zainab.cohen4045@example.com,(0161) 496 5887,BS1 4JD,9995204304,Indian,2016-11-13,Active,0
4046,AN0004046,Isla,Chen,1998-12-18,F,isla.chen4046@example.com,07700900754,l13fh,9999753922,White Other,2020-08-23,Suspended,0
4047,AN0004047,Grace,Adeyemi,1993-01-29,F,grace.adeyemi4047@example.com,+44 7700 900466,LS1 2EG,9995830760,Pakistani,2016-06-16,Withdrawn,0
4048,AN0004048,Erin,Cohen,1998-04-08,M,erin.cohen4048@example.com,+44 7700 900385,EH1 3BB,9993849626,Arab,2018-10-25,Active,0
4049,AN0004049,Ruth,Fenton,1998-12-24,F,ruth.fenton4049@example.com,07700900134,L1 1BE,9994223550,White British,2023-10-01,Active,1
4050,AN0004050,Ruth,Khan,1992-08-06,M,ruth.khan4050@example.com,(0161) 496 8069,LS1 1AD,9991041257,Mixed Other,2016-04-13,Withdrawn,0
4051,AN0004051,Isla,Bello,1999-05-12,M,isla.bello4051@example.com,07700900420,SW1A 3AB,9998855268,White Other,2023-05-07,Active,0
4052,AN0004052,Ethan,Bianchi,2003-02-12,M,ethan.bianchi4052@example.com,+44 7700 900485,m13gd,9999760406,Bangladeshi,2023-10-16,Active,0
4053,AN0004053,Sofia,Abara,2002-09-29,M,sofia.abara4053@example.com,+44 7700 900627,EH1 6DG,9990035180,Chinese,2023-10-02,Active,1
4054,AN0004054,Meera,Robertson,1991-10-12,F,meera.robertson4054@example.com,07700900705,L1 3HB,9991646663,Chinese,2019-03-08,Active,1
4055,AN0004055,Nadia,Ali,1994-05-19,M,nadia.ali4055@example.com,07700900550,NE1 8HD,9998485169,Mixed Other,2023-06-23,Active,1
4056,AN0004056,Fatima,Cohen,1997-07-13,F,fatima.cohen4056@example.com,+44 7700 900406,SW1A 6FB,9998331420,Indian,2020-12-06,Withdrawn,1
4057,AN0004057,Oliver,Nwosu,2001-08-23,M,oliver.nwosu4057@example.com,(0161) 496 3576,L1 1GG,9990274126,Black African,2023-05-11,Active,0
4058,AN0004058,James,Doyle,2000-07-24,M,james.doyle4058@example.com,+44 7700 900864,L1 1FD,9996136760,Chinese,2024-04-15,Active,1
4059,AN0004059,Wei,Lawson,1998-11-04,F,wei.lawson4059@example.com,(0161) 496 1117,B15 2DA,9992796855,Mixed White and Black Caribbean,2022-01-12,Deferred,1
4060,AN0004060,Daniel,Kaur,1998-08-26,F,daniel.kaur4060@example.com,(0161) 496 1277,SW1A 3BA,9999390307,Mixed White and Asian,2017-10-05,Active,0
4061,AN0004061,Callum,Patel,2005-04-03,M,callum.patel4061@example.com,+44 7700 900290,BS1 1JE,9991077251,White British,2023-06-23,Active,0
4062,AN0004062,Idris,Sharma,1996-02-07,M,idris.sharma4062@example.com,+44 7700 900540,SW1A 9FE,9992913533,Black African,2022-07-24,Deferred,0
4063,AN0004063,Leila,Kaur,1990-08-28,M,leila.kaur4063@example.com,+44 7700 900278,BS1 4EB,9996136310,Indian,2017-04-26,Active,1
4064,AN0004064,Noah,Bello,2001-06-25,F,,(0161) 496 2235,L1 9AG,9997634160,Bangladeshi,2024-12-21,Active,0
4065,AN0004065,Sarah,Lawson,1998-10-06,M,sarah.lawson4065@example.com,07700900561,B15 4AF,9997412982,Mixed Other,2020-10-15,Active,0
4066,AN0004066,Meera,Patel,2003-11-19,F,meera.patel4066@example.com,+44 7700 900901,B15 2JA,9997772172,Other,2022-05-05,Withdrawn,0
4067,AN0004067,Sofia,Bianchi,1994-11-21,F,sofia.bianchi4067@example.com,+44 7700 900148,B15 2DE,9994836625,Black Other,2021-02-02,Active,1
4068,AN0004068,Meera,Thompson,2000-12-21,M,meera.thompson4068@example.com,07700900302,SW1A 3BG,9995223937,Indian,2022-03-02,Active,0
4069,AN0004069,Priya,Iqbal,2004-01-25,F,priya.iqbal4069@example.com,+44 7700 900595,BS1 8DD,9991089187,Arab,2023-10-26,Active,1
4070,AN0004070,Priya,Sharma,1994-10-28,M,priya.sharma4070@example.com,+44 7700 900326,LS1 1EH,9996033740,Mixed White and Asian,2016-07-20,Deferred,0
4071,AN0004071,Amara,Robertson,2003-11-26,M,amara.robertson4071@example.com,07700900614,SW1A 8EF,9996969096,Indian,2022-07-10,Active,0
4072,AN0004072,Tom,Byrne,2000-11-13,M,tom.byrne4072@example.com,+44 7700 900977,CF10 1AJ,9991949232,Black Other,2022-06-23,Suspended,0
4073,AN0004073,Priya,Nwosu,2000-05-20,F,priya.nwosu4073@example.com,(0161) 496 9028,ne11gg,9991443010,Indian,2021-06-12,Active,1
4074,AN0004074,Meera,Okafor,2001-09-17,M,meera.okafor4074@example.com,07700900158,L1 6EG,9994236539,Other,2024-11-04,Active,1
4075,AN0004075,Sofia,Adeyemi,2003-08-23,M,sofia.adeyemi4075@example.com,+44 7700 900945,EH1 3FB,9998596181,Black Caribbean,2022-10-22,Deferred,1
4076,AN0004076,Daniel,Kaur,1998-05-23,F,daniel.kaur4076@example.com,07700900328,BS1 9EA,9996127923,Black Caribbean,2024-11-06,Active,1
4077,AN0004077,Wei,Reid,2002-09-12,F,wei.reid4077@example.com,(0161) 496 1321,L1 2HD,9992171146,Mixed White and Asian,2021-10-11,Active,1
4078,AN0004078,Tom,Sharma,1993-05-09,M,tom.sharma4078@example.com,+44 7700 900558,SW1A 2FE,9999182445,White British,2017-01-08,Active,0
4079,AN0004079,Omar,Rossi,1998-03-08,M,,(0161) 496 1675,BS1 6FB,9996764265,Asian Other,2018-07-11,Withdrawn,0
4080,AN0004080,Ruth,Whitfield,1996-03-02,F,ruth.whitfield4080@example.com,+44 7700 900285,M1 3JF,9992977299,White Other,2017-05-17,Active,0
4081,AN0004081,Leila,Bianchi,2000-04-02,F,,07700900527,M1 8FH,9997820797,Black Other,2024-07-18,Withdrawn,0
4082,AN0004082,Priya,Patel,1994-10-14,F,priya.patel4082@example.com,07700900895,CF10 5EJ,9995303760,Chinese,2019-10-18,Withdrawn,0
4083,AN0004083,Meera,Adeyemi,2002-02-08,F,meera.adeyemi4083@example.com,+44 7700 900205,LS1 2DJ,9999673473,Black Other,2021-09-01,Deferred,0
4084,AN0004084,Noah,Thompson,1994-12-23,M,noah.thompson4084@example.com,(0161) 496 7964,EH1 8GH,9999157548,Indian,2021-05-16,Active,1
4085,AN0004085,Grace,Haddad,1988-12-30,M,grace.haddad4085@example.com,07700900287,B15 5DD,9997886224,Asian Other,2017-05-06,Withdrawn,1
4086,AN0004086,Yusuf,Ali,1989-11-16,M,yusuf.ali4086@example.com,+44 7700 900759,ls19hj,9997325982,Mixed White and Asian,2019-02-09,Active,0
4087,AN0004087,Yusuf,Bianchi,2000-01-09,F,yusuf.bianchi4087@example.com,07700900734,NE1 4FF,9998019400,Black Caribbean,2022-09-14,Active,0
4088,AN0004088,Oliver,Grant,2004-06-30,F,oliver.grant4088@example.com,+44 7700 900877,EH1 9FG,9993623601,Arab,2022-08-21,Deferred,1
4089,AN0004089,Sofia,Nwosu,1999-03-30,F,sofia.nwosu4089@example.com,(0161) 496 1307,CF10 9GH,9995215721,Black Caribbean,2020-11-07,Suspended,1
4090,AN0004090,Callum,Murray,1997-01-12,F,callum.murray4090@example.com,+44 7700 900711,ne18ea,9990046662,White Irish,2020-05-30,Withdrawn,1
4091,AN0004091,Leila,Nwosu,1987-12-09,M,leila.nwosu4091@example.com,(0161) 496 3238,EH1 8BE,9994891022,White Other,2017-06-30,Deferred,0
4092,AN0004092,George,Khan,1989-03-19,F,george.khan4092@example.com,+44 7700 900646,M1 7JE,9993997048,Chinese,2016-04-26,Active,1
4093,AN0004093,Yusuf,Ali,1992-06-04,M,yusuf.ali4093@example.com,+44 7700 900171,BS1 4DJ,9992576871,Mixed White and Black Caribbean,2018-01-25,Withdrawn,0
4094,AN0004094,Callum,Adeyemi,1993-02-13,F,callum.adeyemi4094@example.com,07700900240,G1 5DB,9991916849,Black Other,2018-10-20,Suspended,0
4095,AN0004095,Yusuf,Khan,1998-10-26,F,yusuf.khan4095@example.com,07700900420,BS1 1GE,9995499045,Black Other,2020-03-28,Withdrawn,0
4096,AN0004096,Chloe,Byrne,2001-10-28,M,chloe.byrne4096@example.com,+44 7700 900665,BS1 9JD,9990594716,Chinese,2023-12-20,Active,0
4097,AN0004097,Hassan,Chen,1990-09-13,F,hassan.chen4097@example.com,(0161) 496 7127,bs19be,9990394733,Indian,2020-03-20,Deferred,0
4098,AN0004098,Chloe,Fenton,1999-08-22,F,chloe.fenton4098@example.com,+44 7700 900459,M1 5JH,9990028672,Black African,2023-01-07,Withdrawn,0
4099,AN0004099,Nadia,Fenton,1991-01-06,M,nadia.fenton4099@example.com,07700900991,NE1 6AF,9997882555,Mixed White and Asian,2016-05-02,Withdrawn,1
4100,AN0004100,Sarah,Nwosu,1993-11-05,F,sarah.nwosu4100@example.com,+44 7700 900632,LS1 9JD,9994064703,Arab,2022-01-23,Active,1
4101,AN0004101,Isla,Osman,1988-05-12,M,isla.osman4101@example.com,+44 7700 900295,sw1a3jg,9997943201,Mixed White and Black Caribbean,2016-11-30,Active,0
4102,AN0004102,Priya,Bianchi,1997-04-10,M,priya.bianchi4102@example.com,+44 7700 900711,CF10 1JG,9995422336,Mixed Other,2024-08-18,Active,1
4103,AN0004103,Chloe,Murray,2000-05-21,F,chloe.murray4103@example.com,+44 7700 900698,CF10 4DB,9992995963,White Other,2022-08-23,Withdrawn,1
4104,AN0004104,Noah,Sharma,1995-03-20,F,noah.sharma4104@example.com,07700900828,M1 9DH,9990941254,Black Caribbean,2021-09-13,Active,0
4105,AN0004105,Isla,Haddad,1997-04-02,M,isla.haddad4105@example.com,+44 7700 900651,EH1 1FE,9999436668,Black Caribbean,2018-04-15,Active,0
4106,AN0004106,Daniel,Mackenzie,1998-07-28,F,daniel.mackenzie4106@example.com,+44 7700 900868,sw1a7gj,9997130804,Pakistani,2023-09-10,Withdrawn,1
4107,AN0004107,Ethan,Cohen,1992-08-13,F,ethan.cohen4107@example.com,+44 7700 900131,CF10 6EG,9991717110,Pakistani,2017-10-15,Active,0
4108,AN0004108,Kai,Ali,1992-02-27,M,kai.ali4108@example.com,+44 7700 900171,B15 3AA,9991959408,Other,2017-05-06,Active,1
4109,AN0004109,James,Whitfield,1995-09-19,F,james.whitfield4109@example.com,+44 7700 900569,L1 4HF,9994022695,Mixed White and Black Caribbean,2018-04-13,Active,0
4110,AN0004110,Omar,Okafor,2000-04-21,F,omar.okafor4110@example.com,07700900501,M1 9AD,9992398841,Chinese,2023-01-02,Active,1
4111,AN0004111,Yusuf,Chen,1997-06-17,M,yusuf.chen4111@example.com,07700900761,m19gb,9995309726,White British,2017-03-01,Active,1
4112,AN0004112,Idris,Doyle,2002-04-13,M,idris.doyle4112@example.com,+44 7700 900387,M1 3DG,9996983218,Black African,2022-01-14,Withdrawn,1
4113,AN0004113,Zainab,Novak,1998-04-13,F,,(0161) 496 2351,EH1 7JA,9991151664,Black Other,2023-01-18,Active,0
4114,AN0004114,Grace,Chen,2004-11-18,M,grace.chen4114@example.com,(0161) 496 2769,ls15hf,9999070779,Asian Other,2024-08-15,Active,0
4115,AN0004115,Grace,Nwosu,1997-04-07,M,grace.nwosu4115@example.com,+44 7700 900106,LS1 2GD,9998417198,Asian Other,2017-12-28,Active,0
4116,AN0004116,Daniel,Grant,1991-05-25,M,daniel.grant4116@example.com,07700900143,cf105bj,9993203602,Other,2017-01-05,Active,1
4117,AN0004117,Hassan,Murray,1996-10-28,M,hassan.murray4117@example.com,+44 7700 900953,NE1 5FG,9996763145,Indian,2021-11-11,Withdrawn,0
4118,AN0004118,Leila,Thompson,1996-10-06,M,leila.thompson4118@example.com,+44 7700 900848,B15 5JA,9990050678,Indian,2023-12-28,Active,1
4119,AN0004119,Leila,Robertson,1993-08-16,F,leila.robertson4119@example.com,+44 7700 900638,sw1a2aj,9994829041,Mixed White and Black Caribbean,2018-05-10,Active,1
4120,AN0004120,Meera,Whitfield,1987-11-17,F,meera.whitfield4120@example.com,+44 7700 900467,CF10 3GJ,9994288458,Chinese,2017-06-07,Activ,1
4121,AN0004121,James,Mackenzie,1998-09-04,M,james.mackenzie4121@example.com,+44 7700 900108,l18dh,9999287506,Black Caribbean,2022-09-19,Active,0
4122,AN0004122,Idris,Bianchi,1995-09-18,M,idris.bianchi4122@example.com,(0161) 496 5953,ne16ad,9997699858,Chinese,2023-11-26,Suspended,1
4123,AN0004123,Wei,Iqbal,1998-05-29,F,wei.iqbal4123@example.com,+44 7700 900188,L1 3GG,9998955394,Black African,2017-02-23,Active,0
4124,AN0004124,George,Iqbal,1996-03-01,F,george.iqbal4124@example.com,+44 7700 900400,CF10 2BB,9995597942,Bangladeshi,2017-11-20,Active,0
4125,AN0004125,Idris,Adeyemi,1995-12-24,F,idris.adeyemi4125@example.com,+44 7700 900807,LS1 9EH,9996035662,Indian,2017-03-03,Suspended,1
4126,AN0004126,Tom,Osman,1996-09-01,F,tom.osman4126@example.com,+44 7700 900968,CF10 6JA,9999491200,White Irish,2024-03-06,Active,0
4127,AN0004127,Zainab,Lawson,1993-03-25,F,zainab.lawson4127@example.com,+44 7700 900131,LS1 2HJ,9991266712,Other,2021-09-29,Active,0
4128,AN0004128,Tom,Whitfield,1993-08-11,M,tom.whitfield4128@example.com,+44 7700 900124,LS1 8BG,9993269018,Other,2021-04-13,Withdrawn,0
4129,AN0004129,Idris,Haddad,1993-03-29,M,idris.haddad4129@example.com,+44 7700 900405,LS1 1HA,9996447960,Bangladeshi,2018-10-02,Active,0
4130,AN0004130,Wei,Whitfield,2003-06-25,F,wei.whitfield4130@example.com,(0161) 496 5939,NE1 8FB,9990314756,Black Caribbean,2023-02-05,Withdrawn,0
4131,AN0004131,Idris,Robertson,1991-07-19,F,idris.robertson4131@example.com,+44 7700 900344,CF10 7FJ,9993449989,Mixed White and Black Caribbean,2016-12-15,Active,1
4132,AN0004132,Oliver,Chen,1996-08-23,F,oliver.chen4132@example.com,+44 7700 900835,G1 6HA,9999233899,Pakistani,2019-12-23,Active,0
4133,AN0004133,Nadia,Lawson,1997-05-26,M,nadia.lawson4133@example.com,07700900933,sw1a7eb,9992928506,Asian Other,2024-07-21,Active,0
4134,AN0004134,Tom,Lawson,1992-08-25,F,tom.lawson4134@example.com,07700900981,CF10 8BG,9992586214,Other,2019-09-07,Deferred,0
4135,AN0004135,James,Wright,1995-03-08,M,james.wright4135@example.com,07700900726,BS1 2BB,9998279844,White Irish,2021-04-05,Active,0
4136,AN0004136,Meera,Ali,1995-06-02,F,meera.ali4136@example.com,+44 7700 900736,NE1 9DA,9998245508,Chinese,2019-02-19,Withdrawn,0
4137,AN0004137,Nadia,Fenton,1999-12-27,M,nadia.fenton4137@example.com,+44 7700 900708,BS1 9GJ,9995122537,Other,2018-08-27,Active,1
4138,AN0004138,Ethan,Chen,1997-10-26,F,ethan.chen4138@example.com,(0161) 496 2015,EH1 3AJ,9990156336,Indian,2024-01-03,Suspended,0
4139,AN0004139,Noah,Bianchi,1997-08-14,F,noah.bianchi4139@example.com,07700900394,BS1 4DD,9993307424,Chinese,2021-04-20,Active,0
4140,AN0004140,Liam,Bianchi,2005-05-25,M,liam.bianchi4140@example.com,+44 7700 900405,EH1 1HE,9992136618,Mixed White and Black Caribbean,2023-10-28,Suspended,0
4141,AN0004141,Omar,Rossi,1997-06-15,F,omar.rossi4141@example.com,+44 7700 900265,G1 7JB,9999175546,White Other,2017-10-27,Active,0
4142,AN0004142,Priya,Wright,1994-02-18,M,priya.wright4142@example.com,07700900131,SW1A 2AG,9999911447,Asian Other,2017-03-19,Active,0
4143,AN0004143,George,Osman,2001-05-09,F,george.osman4143@example.com,07700900226,B15 6FH,9999073875,Black Other,2023-06-08,Active,1
4144,AN0004144,Leila,Haddad,1990-04-09,M,leila.haddad4144@example.com,07700900721,EH1 1FA,9997241975,Mixed White and Black Caribbean,2017-05-10,Active,0
4145,AN0004145,Ethan,Rossi,1998-04-17,M,ethan.rossi4145@example.com,07700900555,EH1 6FG,9997577779,Chinese,2023-07-22,Active,0
4146,AN0004146,Noah,Khan,1992-05-22,F,noah.khan4146@example.com,(0161) 496 4359,L1 3HG,9998372003,Black Caribbean,2021-11-29,Active,0
4147,AN0004147,Idris,Robertson,2001-03-21,M,idris.robertson4147@example.com,+44 7700 900580,NE1 3JE,9995021420,Indian,2024-09-14,Active,0
4148,AN0004148,Liam,Bello,1995-12-13,M,liam.bello4148@example.com,+44 7700 900956,L1 3DF,9992344296,White Irish,2022-08-31,Active,0
4149,AN0004149,Amara,Chen,2003-02-28,M,amara.chen4149@example.com,07700900319,SW1A 1JD,9992484446,Black African,2024-03-10,Active,1
4150,AN0004150,Sarah,Whitfield,1998-01-17,F,sarah.whitfield4150@example.com,+44 7700 900445,EH1 9AA,9999309984,Bangladeshi,2023-06-05,Deferred,0
4151,AN0004151,Tom,Doyle,1995-09-19,M,tom.doyle4151@example.com,+44 7700 900781,LS1 9DE,9990186162,Bangladeshi,2024-11-22,Active,1
4152,AN0004152,Zainab,Robertson,1988-11-26,M,zainab.robertson4152@example.com,+44 7700 900551,ls12be,9998470404,Bangladeshi,2016-08-10,Deferred,0
4153,AN0004153,Meera,Adeyemi,2001-12-12,M,meera.adeyemi4153@example.com,(0161) 496 4752,NE1 3GG,9993157376,White Irish,2022-12-12,Active,1
4154,AN0004154,Oliver,Grant,1988-11-15,M,oliver.grant4154@example.com,07700900319,B15 7AH,9999999069,Arab,2017-06-10,Withdrawn,0
4155,AN0004155,Wei,Ali,2004-10-09,F,wei.ali4155@example.com,+44 7700 900639,M1 1GE,9991622969,Mixed White and Black Caribbean,2024-05-27,Active,0
4156,AN0004156,Sarah,Fenton,1989-07-04,F,,+44 7700 900377,L1 2EE,9998129168,Mixed White and Asian,2017-03-25,Active,1
4157,AN0004157,Amara,Cohen,1994-04-25,M,amara.cohen4157@example.com,07700900198,NE1 5JH,9997711092,White Irish,2018-05-26,Withdrawn,0
4158,AN0004158,Tom,Kaur,2004-05-19,F,tom.kaur4158@example.com,07700900284,G1 8EB,9995628597,White Other,2024-05-20,Active,0
4159,AN0004159,Zainab,Rossi,2003-04-27,M,zainab.rossi4159@example.com,+44 7700 900111,b157hj,9998082730,Asian Other,2023-05-06,Active,1
4160,AN0004160,Grace,Bello,1999-06-07,M,grace.bello4160@example.com,07700900633,BS1 4HG,9998586852,Other,2024-09-13,Withdrawn,0
4161,AN0004161,Noah,Nwosu,1994-09-12,F,noah.nwosu4161@example.com,+44 7700 900650,l13ef,9994293990,Indian,2020-02-05,Active,1
4162,AN0004162,Omar,Bianchi,1992-01-21,M,omar.bianchi4162@example.com,(0161) 496 2580,B15 8GH,9998720672,Arab,2021-08-16,Withdrawn,0
4163,AN0004163,Tom,Rossi,1998-06-13,M,tom.rossi4163@example.com,07700900506,BS1 6FA,9990380120,Indian,2019-02-26,Deferred,0
4164,AN0004164,Erin,Adeyemi,2000-07-15,M,erin.adeyemi4164@example.com,+44 7700 900273,BS1 8EG,9992740337,Bangladeshi,2023-02-02,Deferred,0
4165,AN0004165,Fatima,Chen,2000-11-12,F,fatima.chen4165@example.com,07700900913,ne15aa,9991563938,Mixed White and Black Caribbean,2021-11-29,Active,0
4166,AN0004166,James,Ali,1995-05-30,M,james.ali4166@example.com,07700900817,M1 4EA,9994228994,Black Other,2022-10-27,Withdrawn,0
4167,AN0004167,Sofia,Novak,2003-12-24,M,sofia.novak4167@example.com,+44 7700 900990,cf106af,9994645560,White British,2024-05-16,Active,0
4168,AN0004168,Callum,Abara,1997-07-03,M,,+44 7700 900449,L1 5EF,9997564324,Other,2019-12-08,Active,0
4169,AN0004169,Wei,Doyle,1995-01-12,M,wei.doyle4169@example.com,+44 7700 900346,ls11hb,9992170433,Other,2022-07-19,Suspended,1
4170,AN0004170,Chloe,Iqbal,1989-11-28,M,chloe.iqbal4170@example.com,+44 7700 900573,LS1 5BJ,9990978271,Mixed Other,2016-04-15,Suspended,0
4171,AN0004171,Kai,Patel,2004-02-17,F,kai.patel4171@example.com,+44 7700 900770,L1 5EJ,9991777849,Pakistani,2023-09-15,Active,0
4172,AN0004172,Priya,Murray,2002-09-04,F,priya.murray4172@example.com,07700900659,L1 9JB,9996747751,Chinese,2022-04-09,Active,1
4173,AN0004173,Wei,Novak,1999-02-08,M,wei.novak4173@example.com,+44 7700 900488,BS1 6GB,9994032895,Pakistani,2024-10-05,Active,0
4174,AN0004174,Isla,Grant,1998-03-04,F,isla.grant4174@example.com,(0161) 496 1129,LS1 9FH,9994554514,Indian,2019-09-24,Deferred,1
4175,AN0004175,Chloe,Cohen,1992-01-25,M,chloe.cohen4175@example.com,(0161) 496 9643,LS1 2GJ,9995646293,Mixed White and Black Caribbean,2019-07-26,Active,1
4176,AN0004176,Amara,Whitfield,1989-08-05,F,amara.whitfield4176@example.com,+44 7700 900401,B15 7FF,9997479084,Other,2016-01-14,Withdrawn,1
4177,AN0004177,Sofia,Rossi,2003-01-17,F,sofia.rossi4177@example.com,(0161) 496 2609,CF10 8BG,9996289486,White British,2024-10-01,Active,0
4178,AN0004178,Ruth,Whitfield,1990-09-01,F,ruth.whitfield4178@example.com,+44 7700 900514,EH1 8JA,9993676616,Arab,2019-10-10,Active,0
4179,AN0004179,Priya,Kaur,2004-12-02,M,priya.kaur4179@example.com,07700900990,M1 4AD,9991450165,Pakistani,2023-02-22,Active,1
4180,AN0004180,Yusuf,Mackenzie,1997-12-19,M,,+44 7700 900998,LS1 5JD,9994305697,Mixed Other,2016-01-01,Withdrawn,0
4181,AN0004181,Daniel,Kaur,2003-04-05,M,daniel.kaur4181@example.com,(0161) 496 1957,sw1a7jd,9994639552,Black Other,2022-01-13,Active,1
4182,AN0004182,Hannah,Nwosu,1993-08-21,M,hannah.nwosu4182@example.com,(0161) 496 8329,G1 8AB,9991908048,Arab,2017-08-16,Suspended,1
4183,AN0004183,Hassan,Bianchi,2004-09-17,M,hassan.bianchi4183@example.com,(0161) 496 9524,EH1 9DG,9991202722,Black Other,2023-03-14,Deferred,0
4184,AN0004184,Noah,Byrne,1999-07-05,F,noah.byrne4184@example.com,+44 7700 900512,G1 8EB,9998515521,Arab,2019-02-06,Active,0
4185,AN0004185,Ethan,Robertson,1994-12-21,M,ethan.robertson4185@example.com,07700900992,SW1A 3EE,9996828786,White Irish,2020-08-11,Suspended,1
4186,AN0004186,James,Patel,1995-09-22,F,james.patel4186@example.com,+44 7700 900155,G1 3BJ,9997769848,Chinese,2023-02-21,Active,0
4187,AN0004187,Amara,Mackenzie,2004-05-05,F,amara.mackenzie4187@example.com,(0161) 496 1095,EH1 4HH,9999570410,Indian,2023-02-03,Suspended,1
4188,AN0004188,Fatima,Cohen,1998-08-03,M,fatima.cohen4188@example.com,+44 7700 900955,cf105db,9996346102,Arab,2020-10-01,Active,1
4189,AN0004189,James,Grant,1997-09-14,M,james.grant4189@example.com,+44 7700 900136,G1 8DH,9994837516,Mixed White and Asian,2022-01-08,Active,1
4190,AN0004190,Ruth,Byrne,1994-10-31,M,ruth.byrne4190@example.com,(0161) 496 4477,G1 2GJ,9990974659,Pakistani,2023-03-20,Active,0
4191,AN0004191,Isla,Rossi,1990-01-19,M,isla.rossi4191@example.com,(0161) 496 7073,SW1A 7FG,999DCF6922,Black African,2018-02-25,Active,0
4192,AN0004192,Fatima,Wright,1999-12-24,F,fatima.wright4192@example.com,(0161) 496 5304,cf109fa,9995228246,Other,2023-10-01,Active,0
4193,AN0004193,Wei,Ali,1999-12-04,M,wei.ali4193@example.com,+44 7700 900738,G1 6BB,9994068407,White British,2020-08-15,Deferred,0
4194,AN0004194,Callum,Patel,2000-01-22,M,callum.patel4194@example.com,07700900172,ls11bb,9996282058,Mixed White and Black Caribbean,2022-09-13,Withdrawn,1
4195,AN0004195,George,Thompson,1992-11-10,M,george.thompson4195@example.com,07700900854,b158aj,9990492212,White British,2022-08-29,Deferred,1
4196,AN0004196,Nadia,Byrne,2003-03-26,F,nadia.byrne4196@example.com,07700900270,G1 5JA,9998359945,Black African,2023-05-12,Active,0
4197,AN0004197,Leila,Iqbal,1996-12-12,M,leila.iqbal4197@example.com,+44 7700 900516,G1 6AA,9991943056,Black Caribbean,2017-02-07,Active,0
4198,AN0004198,Callum,Whitfield,1996-12-15,F,callum.whitfield4198@example.com,+44 7700 900335,CF10 2DF,9993601276,Bangladeshi,2019-02-10,Active,0
4199,AN0004199,Grace,Reid,1991-07-27,M,grace.reid4199@example.com,+44 7700 900800,EH1 1DH,9995688794,Mixed White and Black Caribbean,2017-02-24,Active,0
4200,AN0004200,Hassan,Osman,1998-12-27,F,hassan.osman4200@example.com,+44 7700 900711,M1 7HJ,9998323878,Pakistani,2017-01-21,Deferred,1
4201,AN0004201,James,Rossi,1989-10-08,M,james.rossi4201@example.com,07700900148,M1 8AF,9996060322,Mixed Other,2018-03-02,Active,0
4202,AN0004202,George,Adeyemi,1996-07-25,F,george.adeyemi4202@example.com,(0161) 496 6670,CF10 9HD,9993470724,Black Caribbean,2018-03-08,Active,0
4203,AN0004203,Daniel,Bello,1995-01-28,F,daniel.bello4203@example.com,07700900530,LS1 1GG,9997282361,White British,2022-09-30,Suspended,0
4204,AN0004204,Daniel,Nwosu,1997-01-11,F,daniel.nwosu4204@example.com,+44 7700 900767,L1 8AD,9994892827,Asian Other,2018-02-17,Deferred,0
4205,AN0004205,Idris,Whitfield,1988-02-01,F,idris.whitfield4205@example.com,(0161) 496 2553,ls14ah,9995335174,Black Caribbean,2016-11-20,Suspended,1
4206,AN0004206,Ruth,Mackenzie,1993-12-13,F,ruth.mackenzie4206@example.com,+44 7700 900859,BS1 5JB,9993951617,Other,2020-05-14,Active,1
4207,AN0004207,Chloe,Okafor,1997-09-30,F,chloe.okafor4207@example.com,+44 7700 900249,B15 2EE,9993614343,Black Other,2019-07-18,Active,1
4208,AN0004208,Sofia,Khan,1995-03-15,M,,+44 7700 900705,G1 8EA,9993416045,Mixed White and Asian,2020-04-17,Active,0
4209,AN0004209,Noah,Patel,1988-11-30,M,noah.patel4209@example.com,+44 7700 900384,ls18gg,9992635401,Black Other,2016-05-17,Active,0
4210,AN0004210,Liam,Khan,2002-10-05,M,liam.khan4210@example.com,+44 7700 900364,BS1 4FG,9995966999,White Other,2024-04-28,Deferred,1
4211,AN0004211,Hassan,Rossi,1994-06-01,F,hassan.rossi4211@example.com,+44 7700 900510,M1 8BE,9991471189,Black Other,2017-06-25,Active,0
4212,AN0004212,Omar,Okafor,1993-08-25,F,omar.okafor4212@example.com,07700900999,CF10 2EB,9992988746,Mixed Other,2020-09-13,Withdrawn,1
4213,AN0004213,Yusuf,Wright,1995-07-12,F,yusuf.wright4213@example.com,+44 7700 900844,B15 5HB,9990906580,Pakistani,2018-08-28,Active,0
4214,AN0004214,Yusuf,Fenton,1997-04-01,F,yusuf.fenton4214@example.com,+44 7700 900409,NE1 2HG,9996168913,Black African,2016-01-18,Withdrawn,0
4215,AN0004215,Ruth,Rossi,1995-01-19,M,ruth.rossi4215@example.com,+44 7700 900127,B15 1DJ,9996365670,Mixed White and Black Caribbean,2022-03-18,Active,1
4216,AN0004216,Zainab,Bianchi,1998-11-07,F,zainab.bianchi4216@example.com,07700900257,LS1 8GA,9994465678,White Irish,2018-11-19,Active,1
4217,AN0004217,Chloe,Chen,1995-10-06,F,chloe.chen4217@example.com,(0161) 496 5986,BS1 2HG,9994914413,Mixed White and Asian,2023-07-09,Suspended,1
4218,AN0004218,James,Iqbal,2003-03-17,M,james.iqbal4218@example.com,07700900381,BS1 9GA,9998389240,Black African,2018-01-12,Deferred,0
4219,AN0004219,James,Bello,1993-05-22,M,james.bello4219@example.com,+44 7700 900672,eh14de,9990748748,Mixed White and Black Caribbean,2016-09-25,Active,1
4220,AN0004220,Idris,Novak,2004-12-24,M,idris.novak4220@example.com,(0161) 496 8616,EH1 1DG,9993597287,White Irish,2023-02-22,Active,1
4221,AN0004221,Nadia,Grant,1994-11-27,M,nadia.grant4221@example.com,+44 7700 900211,CF10 5JF,9990189722,Asian Other,2019-04-22,Deferred,1
4222,AN0004222,Ethan,Grant,1996-04-04,F,ethan.grant4222@example.com,+44 7700 900465,G1 3FG,9990346860,Arab,2022-04-24,Active,0
4223,AN0004223,George,Doyle,1988-08-08,M,george.doyle4223@example.com,07700900316,CF10 6HJ,9992926872,Mixed White and Asian,2016-08-05,Active,0
4224,AN0004224,Chloe,Wright,1998-05-14,F,chloe.wright4224@example.com,+44 7700 900230,G1 4EH,9992869089,Other,2024-09-22,Active,1
4225,AN0004225,Hannah,Reid,1994-11-19,M,hannah.reid4225@example.com,(0161) 496 5431,EH1 7EF,9995357461,Pakistani,2021-07-20,Active,1
4226,AN0004226,Erin,Haddad,1999-02-25,M,erin.haddad4226@example.com,+44 7700 900711,CF10 6GD,9998001765,Mixed White and Asian,2019-10-29,Active,1
4227,AN0004227,Noah,Patel,2004-07-07,F,noah.patel4227@example.com,07700900304,SW1A 8GD,9997977661,White Irish,2023-12-15,Deferred,0
4228,AN0004228,Idris,Fenton,2006-03-09,F,idris.fenton4228@example.com,+44 7700 900868,m14jd,9995125587,Black Other,2024-05-31,Active,0
4229,AN0004229,Erin,Iqbal,1996-02-08,M,erin.iqbal4229@example.com,+44 7700 900806,M1 2AH,9996977943,Black African,2017-06-18,Deferred,1
4230,AN0004230,Leila,Grant,1992-01-02,M,leila.grant4230@example.com,(0161) 496 1632,B15 2DJ,9996921913,Mixed Other,2019-03-20,Withdrawn,1
4231,AN0004231,Ruth,Khan,2002-02-28,F,ruth.khan4231@example.com,+44 7700 900689,EH1 8EA,9993927813,Other,2021-03-11,Suspended,1
4232,AN0004232,Leila,Nwosu,1994-09-14,M,leila.nwosu4232@example.com,07700900131,SW1A 5GB,9997991672,White Other,2021-04-17,Active,0
4233,AN0004233,Fatima,Patel,1996-09-26,M,fatima.patel4233@example.com,+44 7700 900822,L1 4GG,9997845129,Arab,2016-06-06,Withdrawn,0
4234,AN0004234,James,Iqbal,1994-02-06,M,james.iqbal4234@example.com,+44 7700 900729,NE1 8JF,9996797805,Mixed Other,2023-05-22,Suspended,1
4235,AN0004235,Oliver,Haddad,1993-08-12,F,oliver.haddad4235@example.com,+44 7700 900869,B15 4FH,9991789170,Other,2017-05-29,Active,0
4236,AN0004236,Yusuf,Novak,2003-02-28,M,yusuf.novak4236@example.com,+44 7700 900544,EH1 2BF,9997179935,Mixed White and Asian,2023-03-26,Suspended,1
4237,AN0004237,Sofia,Patel,1997-09-15,M,sofia.patel4237@example.com,+44 7700 900710,NE1 8BH,9995131277,Other,2022-01-14,Active,0
4238,AN0004238,Daniel,Doyle,1991-04-30,F,daniel.doyle4238@example.com,07700900100,eh14hb,9992915161,Chinese,2017-06-07,Suspended,1
4239,AN0004239,Daniel,Byrne,2002-11-11,F,daniel.byrne4239@example.com,07700900677,m14ab,9999115985,Arab,2023-08-13,Active,1
4240,AN0004240,Ethan,Khan,1996-01-17,M,ethan.khan4240@example.com,(0161) 496 7708,L1 5BH,9999139973,Mixed White and Asian,2018-05-12,Suspended,1
4241,AN0004241,Ethan,Bello,1997-07-25,F,ethan.bello4241@example.com,+44 7700 900604,ls15eh,9995235633,Arab,2022-10-18,Active,0
4242,AN0004242,Leila,Kaur,1996-12-08,F,leila.kaur4242@example.com,+44 7700 900942,g17be,9990852472,White Other,2023-09-17,Suspended,1
4243,AN0004243,Hannah,Ali,1998-11-18,F,hannah.ali4243@example.com,+44 7700 900233,M1 9JB,9993457841,Asian Other,2019-12-06,Suspended,1
4244,AN0004244,Isla,Thompson,1995-02-07,M,isla.thompson4244@example.com,(0161) 496 3133,B15 5HD,9999783708,White Other,2018-06-01,Active,1
4245,AN0004245,Meera,Thompson,1997-08-12,M,meera.thompson4245@example.com,07700900763,B15 4BB,9992769661,Bangladeshi,2016-09-01,Withdrawn,1
4246,AN0004246,Wei,Wright,1996-04-20,F,wei.wright4246@example.com,+44 7700 900559,NE1 9EB,9996671232,Other,2017-12-22,Suspended,1
4247,AN0004247,Sofia,Osman,1997-07-17,M,sofia.osman4247@example.com,07700900538,EH1 6FD,9999548164,Mixed White and Asian,2018-10-23,Active,1
4248,AN0004248,Hassan,Wright,1992-03-21,M,,07700900877,LS1 7DD,9995909472,Pakistani,2021-05-03,Active,1
4249,AN0004249,Yusuf,Lawson,2000-07-14,M,,+44 7700 900926,g13gg,9998212405,Pakistani,2024-01-18,Deferred,0
4250,AN0004250,Ethan,Thompson,2004-03-23,M,ethan.thompson4250@example.com,07700900576,B15 2EE,9992568097,Mixed White and Asian,2018-10-21,Active,1
4251,AN0004251,Ethan,Bello,1994-03-11,F,ethan.bello4251@example.com,+44 7700 900817,G1 8AB,9997278534,Arab,2018-08-27,Active,1
4252,AN0004252,Ruth,Fenton,1999-12-28,F,ruth.fenton4252@example.com,+44 7700 900715,ls19hf,9991810129,White British,2021-07-31,Active,0
4253,AN0004253,Omar,Novak,2005-04-24,F,omar.novak4253@example.com,07700900768,B15 7HA,9990510938,Bangladeshi,2024-05-04,Withdrawn,0
4254,AN0004254,Sarah,Nwosu,2000-09-28,F,sarah.nwosu4254@example.com,+44 7700 900862,SW1A 3BE,9992833882,Pakistani,2023-12-01,Suspended,1
4255,AN0004255,Daniel,Novak,1995-03-24,F,daniel.novak4255@example.com,+44 7700 900496,B15 1DE,9995988607,White Irish,2023-11-21,Activ,0
4256,AN0004256,James,Adeyemi,1998-09-29,M,james.adeyemi4256@example.com,+44 7700 900247,EH1 2GA,9995233576,White Irish,2023-06-15,Withdrawn,0
4257,AN0004257,Hassan,Thompson,1997-08-24,M,hassan.thompson4257@example.com,07700900802,SW1A 7GB,9997012747,White British,2020-09-12,Withdrawn,0
4258,AN0004258,Wei,Reid,1998-01-10,F,wei.reid4258@example.com,+44 7700 900372,BS1 6FJ,9991922474,Pakistani,2022-09-01,Active,0
4259,AN0004259,Omar,Novak,1990-06-17,F,omar.novak4259@example.com,07700900895,sw1a8hb,9999270654,Asian Other,2018-08-21,Withdrawn,1
4260,AN0004260,Kai,Robertson,1997-01-28,M,kai.robertson4260@example.com,07700900321,l13bf,9998022983,Chinese,2017-03-07,Withdrawn,1
4261,AN0004261,Omar,Wright,1998-08-02,F,omar.wright4261@example.com,07700900225,LS1 5AF,9994288334,Mixed White and Black Caribbean,2021-03-17,Withdrawn,0
4262,AN0004262,Liam,Iqbal,1993-11-11,F,liam.iqbal4262@example.com,07700900260,EH1 6DG,9992344636,Chinese,2022-01-31,Active,0
4263,AN0004263,Liam,Byrne,2000-04-04,M,liam.byrne4263@example.com,+44 7700 900970,M1 8DE,9996319016,White Irish,2022-12-02,Active,1
4264,AN0004264,Wei,Ali,1995-01-03,F,wei.ali4264@example.com,+44 7700 900212,LS1 4AB,9994302124,White British,2021-07-07,Deferred,1
4265,AN0004265,Callum,Ali,1988-04-25,F,callum.ali4265@example.com,(0161) 496 7095,NE1 5ED,9996464121,Mixed White and Asian,2017-11-28,Active,0
4266,AN0004266,James,Cohen,1997-12-03,M,james.cohen4266@example.com,07700900998,LS1 9DE,9997773640,Asian Other,2022-08-13,Active,1
4267,AN0004267,Ruth,Fenton,1994-02-27,M,ruth.fenton4267@example.com,+44 7700 900838,G1 6JG,9998066867,Mixed White and Asian,2018-11-30,Deferred,0
4268,AN0004268,Grace,Abara,1991-08-11,F,grace.abara4268@example.com,(0161) 496 1422,L1 6HH,9995804956,Mixed Other,2020-05-14,Withdrawn,1
4269,AN0004269,Priya,Whitfield,1995-04-22,M,priya.whitfield4269@example.com,07700900125,LS1 6GG,9998179467,Chinese,2019-07-18,Active,1
4270,AN0004270,Sarah,Reid,1990-07-29,F,sarah.reid4270@example.com,+44 7700 900156,LS1 4JG,9996190420,Black African,2019-02-17,Active,1
4271,AN0004271,Wei,Khan,2002-05-22,F,wei.khan4271@example.com,(0161) 496 9165,eh18fg,9998396042,Chinese,2024-07-02,Deferred,0
4272,AN0004272,Ethan,Chen,2005-05-22,M,ethan.chen4272@example.com,+44 7700 900481,SW1A 7BJ,9996344061,White Irish,2024-07-11,Withdrawn,0
4273,AN0004273,Isla,Patel,1996-04-22,M,isla.patel4273@example.com,+44 7700 900607,NE1 4AB,9999229395,White Irish,2023-06-23,Withdrawn,1
4274,AN0004274,Idris,Bianchi,1998-09-04,F,idris.bianchi4274@example.com,+44 7700 900577,l11gg,9990371814,Mixed White and Asian,2019-11-21,Active,1
4275,AN0004275,Erin,Murray,1996-09-29,F,erin.murray4275@example.com,07700900107,G1 4FJ,9997445104,Indian,2021-04-20,Withdrawn,1
4276,AN0004276,Hassan,Rossi,1995-04-30,F,hassan.rossi4276@example.com,+44 7700 900962,CF10 3ED,9997914015,Mixed White and Asian,2018-10-26,Active,0
4277,AN0004277,Ruth,Iqbal,1998-12-30,F,ruth.iqbal4277@example.com,+44 7700 900115,LS1 8DJ,9990294550,Black Caribbean,2024-02-01,Active,1
4278,AN0004278,Amara,Haddad,1994-10-19,F,amara.haddad4278@example.com,+44 7700 900316,BS1 5BJ,9997230892,Mixed White and Asian,2016-12-25,Active,0
4279,AN0004279,Noah,Haddad,2000-03-18,F,noah.haddad4279@example.com,+44 7700 900888,G1 2JE,9993423823,Chinese,2022-08-01,Suspended,0
4280,AN0004280,Daniel,Haddad,1993-06-27,F,daniel.haddad4280@example.com,+44 7700 900992,B15 8HD,9994259431,Other,2019-10-29,Active,1
4281,AN0004281,Hassan,Kaur,1991-03-29,F,hassan.kaur4281@example.com,(0161) 496 9301,SW1A 9FF,9996273873,Pakistani,2017-04-24,Active,1
4282,AN0004282,Tom,Cohen,1996-04-17,M,tom.cohen4282@example.com,+44 7700 900518,BS1 4EJ,9993614327,Mixed White and Asian,2023-06-26,Suspended,1
4283,AN0004283,Tom,Patel,1993-12-29,M,tom.patel4283@example.com,+44 7700 900725,M1 5BD,9999547036,Black African,2020-09-25,Withdrawn,0
4284,AN0004284,Idris,Abara,1989-09-27,F,idris.abara4284@example.com,07700900731,BS1 3DB,9991219617,Arab,2016-12-24,Active,0
4285,AN0004285,Priya,Byrne,1995-11-27,F,priya.byrne4285@example.com,+44 7700 900240,LS1 1FF,9997507509,Black African,2016-02-25,Active,0
4286,AN0004286,Ruth,Chen,2003-03-22,F,ruth.chen4286@example.com,+44 7700 900183,M1 7JE,9999645062,Other,2023-07-25,Deferred,1
4287,AN0004287,Liam,Mackenzie,1991-05-30,M,liam.mackenzie4287@example.com,+44 7700 900573,CF10 7EB,9999898394,Arab,2020-07-18,Deferred,0
4288,AN0004288,Hassan,Cohen,1992-06-09,F,hassan.cohen4288@example.com,+44 7700 900198,B15 1FG,9994744240,Chinese,2017-09-23,Suspended,0
4289,AN0004289,Yusuf,Grant,2003-01-30,M,yusuf.grant4289@example.com,(0161) 496 1229,l12eh,9999106188,Chinese,2024-11-20,Active,1
4290,AN0004290,George,Bello,1993-07-17,F,george.bello4290@example.com,+44 7700 900215,SW1A 8DE,9995955105,Arab,2020-11-21,Active,1
4291,AN0004291,Ruth,Adeyemi,1993-11-02,F,ruth.adeyemi4291@example.com,(0161) 496 3734,L1 9DD,9994762281,Bangladeshi,2023-05-05,Withdrawn,1
4292,AN0004292,Amara,Rossi,1995-01-18,M,amara.rossi4292@example.com,(0161) 496 9392,EH1 7BJ,9992659939,Arab,2016-03-04,Withdrawn,1
4293,AN0004293,Sofia,Rossi,1994-02-25,M,sofia.rossi4293@example.com,07700900701,CF10 7JD,9991850813,Black Caribbean,2023-04-30,Active,0
4294,AN0004294,Kai,Iqbal,1998-05-24,M,kai.iqbal4294@example.com,+44 7700 900589,BS1 2HE,9999282989,White Other,2024-06-15,Active,1
4295,AN0004295,Amara,Adeyemi,2002-03-22,M,amara.adeyemi4295@example.com,07700900886,m12ae,9996503062,Mixed White and Asian,2023-12-15,Active,1
4296,AN0004296,Noah,Cohen,1999-07-05,M,noah.cohen4296@example.com,07700900365,ls14bf,9990666326,Pakistani,2024-12-19,Active,0
4297,AN0004297,Yusuf,Haddad,1995-11-09,M,yusuf.haddad4297@example.com,(0161) 496 9067,BS1 5GA,9994952226,Black African,2016-01-20,Withdrawn,1
4298,AN0004298,Oliver,Reid,1994-07-05,M,oliver.reid4298@example.com,+44 7700 900470,NE1 6DJ,9995130939,Other,2022-12-05,Active,0
4299,AN0004299,Hannah,Osman,2000-07-07,M,hannah.osman4299@example.com,07700900406,SW1A 3DH,9990814635,Black Other,2021-04-18,Active,0
4300,AN0004300,Erin,Robertson,1998-09-17,F,erin.robertson4300@example.com,+44 7700 900931,L1 2EJ,9990571139,Bangladeshi,2023-04-17,Deferred,1
4301,AN0004301,Noah,Novak,1996-06-08,F,noah.novak4301@example.com,(0161) 496 3689,g18ed,9996844560,Black Other,2017-11-14,Active,0
4302,AN0004302,Priya,Bianchi,1995-10-31,M,priya.bianchi4302@example.com,+44 7700 900601,B15 8BF,9990712778,Other,2017-02-04,Active,0
4303,AN0004303,Priya,Thompson,1998-04-08,M,priya.thompson4303@example.com,07700900946,NE1 3BD,9996575527,Asian Other,2020-10-19,Withdrawn,0
4304,AN0004304,Meera,Haddad,2000-04-06,M,meera.haddad4304@example.com,+44 7700 900279,BS1 4AF,9995111608,Mixed White and Asian,2021-07-16,Withdrawn,0
4305,AN0004305,Chloe,Abara,1992-11-26,F,chloe.abara4305@example.com,07700900119,LS1 8BE,9992448539,Indian,2017-04-18,Active,0
4306,AN0004306,Nadia,Rossi,1997-12-31,F,nadia.rossi4306@example.com,+44 7700 900770,M1 3AB,9998441714,Mixed White and Black Caribbean,2017-06-24,Active,1
4307,AN0004307,Kai,Lawson,2002-12-26,M,kai.lawson4307@example.com,07700900127,L1 9EB,9993499374,Pakistani,2024-07-02,Active,1
4308,AN0004308,Sarah,Abara,1994-04-27,M,sarah.abara4308@example.com,+44 7700 900114,g19ge,9997485807,Black African,2022-06-22,Suspended,0
4309,AN0004309,Chloe,Kaur,1996-10-14,M,chloe.kaur4309@example.com,(0161) 496 4133,CF10 4AB,9997200802,White Other,2021-03-04,Active,1
4310,AN0004310,Oliver,Ali,1992-11-03,M,oliver.ali4310@example.com,+44 7700 900437,CF10 8EE,9990665257,Mixed Other,2021-07-28,Withdrawn,1
4311,AN0004311,James,Cohen,2001-02-09,F,james.cohen4311@example.com,+44 7700 900349,G1 7GA,9996715345,Black Other,2024-05-18,Active,1
4312,AN0004312,Idris,Lawson,2002-03-12,F,idris.lawson4312@example.com,(0161) 496 3609,l12ba,9993790877,White Irish,2024-03-10,Active,0
4313,AN0004313,Leila,Bianchi,1997-04-29,F,leila.bianchi4313@example.com,+44 7700 900661,g17fa,9991253904,Black Other,2021-10-27,Active,0
4314,AN0004314,Erin,Abara,1993-09-16,M,,(0161) 496 1471,EH1 1DF,9991719490,Black African,2017-03-26,Deferred,1
4315,AN0004315,Wei,Wright,1989-07-22,F,wei.wright4315@example.com,+44 7700 900345,NE1 7AB,9990528225,Arab,2018-08-24,Withdrawn,1
4316,AN0004316,Tom,Adeyemi,1997-07-24,F,tom.adeyemi4316@example.com,+44 7700 900577,EH1 5EH,9992250321,Black Caribbean,2024-12-31,Active,1
4317,AN0004317,Meera,Wright,2004-04-17,M,meera.wright4317@example.com,07700900228,CF10 6JB,9994187341,Other,2023-12-25,Active,1
4318,AN0004318,Ethan,Mackenzie,1993-04-09,F,ethan.mackenzie4318@example.com,07700900991,EH1 4HD,9997111427,Asian Other,2017-09-12,Active,0
4319,AN0004319,Sofia,Ali,1995-06-26,M,sofia.ali4319@example.com,(0161) 496 7224,sw1a4fh,9991789022,Asian Other,2024-02-05,Active,1
4320,AN0004320,Fatima,Kaur,1998-05-04,F,fatima.kaur4320@example.com,07700900537,bs12jj,9990174539,Asian Other,2022-08-20,Active,0
4321,AN0004321,Kai,Byrne,1997-07-20,M,kai.byrne4321@example.com,+44 7700 900249,B15 2HF,9993590185,White Other,2022-12-20,Suspended,0
4322,AN0004322,James,Nwosu,1989-05-05,F,james.nwosu4322@example.com,+44 7700 900286,g14bd,9990446970,Mixed White and Black Caribbean,2017-05-24,Deferred,1
4323,AN0004323,Grace,Ali,1999-03-24,F,grace.ali4323@example.com,+44 7700 900461,G1 3BA,9995954486,Mixed Other,2023-10-07,Active,1
4324,AN0004324,Sofia,Patel,1990-05-31,M,,07700900922,SW1A 7AB,9990998450,Bangladeshi,2016-09-15,Deferred,1
4325,AN0004325,Nadia,Byrne,1993-01-13,M,nadia.byrne4325@example.com,+44 7700 900989,LS1 8FE,9998424356,White British,2022-10-11,Deferred,1
4326,AN0004326,Ethan,Thompson,2002-01-03,F,ethan.thompson4326@example.com,+44 7700 900800,CF10 9EB,9999249345,Arab,2024-10-03,Active,1
4327,AN0004327,Wei,Cohen,1999-02-20,M,wei.cohen4327@example.com,+44 7700 900338,NE1 6GH,9999080634,Black Caribbean,2024-09-29,Active,1
4328,AN0004328,Sofia,Patel,1997-03-09,M,sofia.patel4328@example.com,+44 7700 900451,L1 7DD,9991824553,Asian Other,2022-10-14,Withdrawn,1
4329,AN0004329,Amara,Adeyemi,2004-08-16,M,amara.adeyemi4329@example.com,07700900800,BS1 7GD,9997077180,White Other,2024-08-31,Active,1
4330,AN0004330,Sofia,Murray,1994-07-05,M,sofia.murray4330@example.com,(0161) 496 4375,G1 7DG,9991654348,Mixed Other,2023-09-21,Active,0
4331,AN0004331,Grace,Doyle,1998-02-10,M,grace.doyle4331@example.com,07700900197,M1 3BB,9998013801,Mixed White and Black Caribbean,2023-06-02,Withdrawn,0
4332,AN0004332,James,Haddad,1994-06-29,M,james.haddad4332@example.com,07700900378,B15 5FA,9998902177,Arab,2018-03-04,Active,0
4333,AN0004333,Oliver,Mackenzie,1994-03-12,M,oliver.mackenzie4333@example.com,+44 7700 900771,EH1 4BB,9992837519,Pakistani,2019-05-12,Deferred,1
4334,AN0004334,James,Bianchi,1992-05-31,F,james.bianchi4334@example.com,07700900639,BS1 8JD,9996196976,White Other,2018-11-09,Withdrawn,1
4335,AN0004335,Ethan,Lawson,1991-04-28,F,ethan.lawson4335@example.com,+44 7700 900900,M1 2FJ,9999749496,Arab,2020-12-31,Withdrawn,0
4336,AN0004336,Callum,Khan,1992-03-20,M,callum.khan4336@example.com,+44 7700 900548,CF10 4AA,9995730456,Pakistani,2017-04-24,Active,0
4337,AN0004337,Hassan,Thompson,1995-12-22,F,hassan.thompson4337@example.com,+44 7700 900978,L1 5HJ,9996542092,Mixed White and Asian,2018-04-03,Active,1
4338,AN0004338,Idris,Mackenzie,2001-04-03,M,idris.mackenzie4338@example.com,+44 7700 900216,ne12ff,9992102098,White Irish,2019-11-10,Withdrawn,0
4339,AN0004339,Callum,Patel,1996-12-11,F,callum.patel4339@example.com,07700900733,B15 6EG,9992406852,Chinese,2019-03-24,Withdrawn,0
4340,AN0004340,Leila,Whitfield,1999-05-28,F,leila.whitfield4340@example.com,+44 7700 900378,l11db,9997025385,Asian Other,2019-09-30,Withdrawn,1
4341,AN0004341,Hannah,Lawson,1996-06-10,F,hannah.lawson4341@example.com,07700900968,SW1A 3DA,9996958256,White Other,2024-02-14,Active,1
4342,AN0004342,Grace,Thompson,1995-06-25,M,grace.thompson4342@example.com,+44 7700 900855,EH1 7AG,9991195238,Mixed Other,2018-12-24,Active,0
4343,AN0004343,Meera,Bianchi,1997-08-07,F,meera.bianchi4343@example.com,+44 7700 900460,bs12dg,9993685860,Black African,2020-12-03,Deferred,0
4344,AN0004344,Tom,Thompson,1994-10-28,M,tom.thompson4344@example.com,07700900245,SW1A 8JA,9993954063,Asian Other,2017-05-02,Active,0
4345,AN0004345,Callum,Okafor,1996-07-23,M,callum.okafor4345@example.com,07700900357,g15ea,9998606551,White Other,2022-12-24,Active,0
4346,AN0004346,Wei,Byrne,1999-11-07,F,wei.byrne4346@example.com,+44 7700 900606,B15 1FA,9992433612,Mixed White and Asian,2021-12-01,Active,1
4347,AN0004347,Yusuf,Khan,2000-01-01,F,yusuf.khan4347@example.com,07700900343,CF10 7DF,9993834661,White Other,2018-03-27,Active,1
4348,AN0004348,Isla,Reid,1999-09-08,F,isla.reid4348@example.com,+44 7700 900682,NE1 8HF,9993125474,Mixed White and Black Caribbean,2022-12-28,Active,0
4349,AN0004349,Sofia,Okafor,1990-12-07,F,sofia.okafor4349@example.com,+44 7700 900285,eh12fb,9991025073,Black Other,2016-03-25,Active,1
4350,AN0004350,Tom,Murray,1996-05-22,F,tom.murray4350@example.com,+44 7700 900924,ls11hj,9992382783,Indian,2024-09-15,Active,1
4351,AN0004351,Grace,Robertson,1999-03-01,F,grace.robertson4351@example.com,+44 7700 900681,NE1 4HF,9998788730,White Other,2024-09-04,Deferred,0
4352,AN0004352,Hassan,Adeyemi,1996-07-15,F,hassan.adeyemi4352@example.com,(0161) 496 1562,LS1 5BD,9996902595,Mixed White and Asian,2020-03-18,Deferred,0
4353,AN0004353,Nadia,Haddad,2001-04-15,F,nadia.haddad4353@example.com,+44 7700 900700,SW1A 1BE,9992878339,Bangladeshi,2019-05-23,Withdrawn,0
4354,AN0004354,Idris,Haddad,1994-09-04,M,idris.haddad4354@example.com,+44 7700 900992,L1 1EB,9994752529,Black Caribbean,2023-04-10,Deferred,0
4355,AN0004355,Ruth,Rossi,1999-07-17,M,ruth.rossi4355@example.com,(0161) 496 2162,L1 1GA,9999941265,Black African,2020-10-14,Active,1
4356,AN0004356,Hassan,Grant,1993-04-06,M,hassan.grant4356@example.com,+44 7700 900626,CF10 7JA,9998618142,Arab,2016-07-30,Active,0
4357,AN0004357,Wei,Nwosu,1994-05-07,M,wei.nwosu4357@example.com,+44 7700 900689,G1 3HH,9993067733,Black Other,2016-12-20,Active,1
4358,AN0004358,Meera,Khan,1996-02-23,M,meera.khan4358@example.com,(0161) 496 5252,LS1 8JB,9998551684,Arab,2019-09-22,Active,0
4359,AN0004359,James,Byrne,1999-06-28,F,james.byrne4359@example.com,+44 7700 900400,NE1 1EG,9990587345,Bangladeshi,2022-03-29,Active,0
4360,AN0004360,Zainab,Reid,1991-08-04,M,zainab.reid4360@example.com,(0161) 496 9684,M1 8EB,9993090204,Mixed White and Asian,2018-02-14,Suspended,0
4361,AN0004361,Sofia,Whitfield,1993-08-24,M,,+44 7700 900738,L1 2EJ,9998724007,Pakistani,2020-10-18,Active,0
4362,AN0004362,Wei,Adeyemi,1993-01-11,F,wei.adeyemi4362@example.com,07700900201,b159ab,9994174223,Mixed Other,2016-01-25,Active,1
4363,AN0004363,Sofia,Rossi,2000-10-14,M,sofia.rossi4363@example.com,+44 7700 900229,M1 2EE,9990781427,Mixed Other,2019-11-07,Withdrawn,1
4364,AN0004364,Fatima,Nwosu,1997-09-23,M,fatima.nwosu4364@example.com,(0161) 496 5331,ne18gg,9999963234,Mixed Other,2021-07-05,Active,1
4365,AN0004365,Amara,Osman,1992-10-09,M,amara.osman4365@example.com,(0161) 496 5598,EH1 2JG,9999677533,Mixed Other,2021-02-13,Active,0
4366,AN0004366,Chloe,Okafor,1992-04-14,F,chloe.okafor4366@example.com,07700900164,SW1A 8AD,9995670771,White Irish,2017-08-03,Active,0
4367,AN0004367,George,Patel,1995-06-25,M,george.patel4367@example.com,(0161) 496 5466,ne13ef,9999931847,Black Other,2018-11-28,Withdrawn,1
4368,AN0004368,Daniel,Mackenzie,1998-06-30,M,daniel.mackenzie4368@example.com,(0161) 496 9114,NE1 4HJ,9996069680,Arab,2018-02-10,Suspended,0
4369,AN0004369,Chloe,Wright,1999-03-23,M,chloe.wright4369@example.com,+44 7700 900949,B15 1AG,9991670408,Black African,2020-04-13,Deferred,0
4370,AN0004370,Amara,Abara,1995-10-15,F,amara.abara4370@example.com,(0161) 496 8124,CF10 1HF,9996462781,Mixed Other,2017-11-03,Active,0
4371,AN0004371,Ethan,Okafor,1994-10-15,M,ethan.okafor4371@example.com,+44 7700 900888,L1 6JA,9996775836,Indian,2016-01-19,Active,0
4372,AN0004372,Wei,Osman,1994-12-28,F,wei.osman4372@example.com,+44 7700 900537,EH1 9EH,9991395547,Asian Other,2021-06-25,Active,0
4373,AN0004373,Daniel,Adeyemi,1995-04-16,F,daniel.adeyemi4373@example.com,(0161) 496 4025,G1 6AB,9992887362,White British,2023-05-20,Active,0
4374,AN0004374,Chloe,Byrne,1987-10-04,F,chloe.byrne4374@example.com,(0161) 496 6843,NE1 4GD,9990009635,White Other,2016-01-08,Suspended,0
4375,AN0004375,Chloe,Bianchi,1988-08-16,F,chloe.bianchi4375@example.com,+44 7700 900846,m17hg,9997350103,Chinese,2016-05-09,Suspended,0
4376,AN0004376,James,Robertson,1987-08-13,F,james.robertson4376@example.com,+44 7700 900227,BS1 3FF,9998923484,Bangladeshi,2017-01-24,Active,0
4377,AN0004377,Isla,Grant,1993-07-01,M,isla.grant4377@example.com,+44 7700 900445,LS1 9GF,9999598714,White Other,2016-12-09,Suspended,1
4378,AN0004378,Noah,Bello,2006-10-24,M,noah.bello4378@example.com,(0161) 496 9557,cf109hb,9991839496,Other,2024-12-23,Deferred,1
4379,AN0004379,Wei,Khan,1993-05-17,M,wei.khan4379@example.com,07700900108,EH1 3FA,9998164435,Chinese,2021-07-01,Withdrawn,1
4380,AN0004380,Tom,Okafor,2004-10-09,M,tom.okafor4380@example.com,+44 7700 900733,BS1 2EA,9990406332,Indian,2022-10-23,Active,1
4381,AN0004381,Hannah,Robertson,2000-07-22,M,hannah.robertson4381@example.com,07700900206,CF10 5HB,9991585303,Mixed Other,2021-07-28,Deferred,1
4382,AN0004382,George,Robertson,1998-12-07,F,george.robertson4382@example.com,+44 7700 900259,b157db,9993616540,Asian Other,2018-09-23,Suspended,1
4383,AN0004383,George,Thompson,2002-08-28,M,george.thompson4383@example.com,+44 7700 900894,cf103ej,9996345963,Bangladeshi,2023-04-03,Deferred,1
4384,AN0004384,Tom,Lawson,1991-11-18,F,tom.lawson4384@example.com,07700900819,LS1 8JF,9990766606,Mixed Other,2020-02-26,Active,1
4385,AN0004385,Zainab,Murray,1994-06-02,M,zainab.murray4385@example.com,07700900740,g15fg,9991764240,Asian Other,2024-03-15,Active,1
4386,AN0004386,Fatima,Rossi,1992-02-18,F,fatima.rossi4386@example.com,+44 7700 900106,SW1A 6FD,9997069080,Arab,2018-11-18,Withdrawn,0
4387,AN0004387,Tom,Byrne,1996-09-10,M,tom.byrne4387@example.com,(0161) 496 9355,G1 9AD,9990820643,Mixed White and Asian,2024-04-28,Active,0
4388,AN0004388,Ethan,Lawson,1993-07-23,F,ethan.lawson4388@example.com,07700900596,NE1 7AB,9999881866,Mixed Other,2021-10-25,Active,1
4389,AN0004389,Hannah,Okafor,1996-10-06,F,hannah.okafor4389@example.com,07700900314,SW1A 8JD,9997802829,Arab,2019-05-05,Withdrawn,0
4390,AN0004390,Hassan,Rossi,1988-10-12,F,hassan.rossi4390@example.com,+44 7700 900568,EH1 8HE,9995105837,Other,2016-07-06,Suspended,1
4391,AN0004391,Grace,Doyle,1997-09-16,M,grace.doyle4391@example.com,(0161) 496 5903,ls16bh,9999055079,Other,2021-10-01,Suspended,1
4392,AN0004392,Fatima,Osman,1999-05-26,M,fatima.osman4392@example.com,07700900396,BS1 9EG,9999059732,White British,2022-06-01,Withdrawn,1
4393,AN0004393,Omar,Grant,1995-05-01,M,omar.grant4393@example.com,07700900663,M1 4AG,9994100319,Mixed Other,2021-06-20,Suspended,1
4394,AN0004394,Wei,Byrne,1994-11-27,M,wei.byrne4394@example.com,+44 7700 900222,CF10 6BF,9994329421,Pakistani,2024-03-04,Suspended,1
4395,AN0004395,James,Haddad,1996-01-05,M,james.haddad4395@example.com,07700900468,LS1 5JF,9997357183,Bangladeshi,2019-04-15,Suspended,1
4396,AN0004396,Tom,Ali,1996-06-04,F,tom.ali4396@example.com,+44 7700 900200,G1 5JJ,9999061435,Black Other,2017-07-22,Deferred,1
4397,AN0004397,Leila,Kaur,1999-10-03,M,leila.kaur4397@example.com,+44 7700 900754,M1 2BG,9992486112,Black Caribbean,2018-10-11,Active,1
4398,AN0004398,Tom,Iqbal,1996-02-04,F,tom.iqbal4398@example.com,(0161) 496 5620,G1 8FJ,9995878577,Mixed White and Asian,2019-10-04,Active,0
4399,AN0004399,Callum,Fenton,2003-07-30,F,callum.fenton4399@example.com,+44 7700 900676,NE1 8EE,9991975756,Asian Other,2024-12-27,Active,1
4400,AN0004400,Hannah,Cohen,1993-03-09,F,hannah.cohen4400@example.com,+44 7700 900980,L1 2EB,9993969265,White Other,2018-03-30,Suspended,0
4401,AN0004401,Ethan,Reid,2003-12-29,M,ethan.reid4401@example.com,+44 7700 900783,G1 1FJ,9990974144,Indian,2024-08-19,Active,1
4402,AN0004402,Erin,Cohen,1997-03-21,F,erin.cohen4402@example.com,07700900878,BS1 4BG,9991975160,Black African,2016-05-06,Active,1
4403,AN0004403,Sofia,Cohen,1994-09-23,F,sofia.cohen4403@example.com,(0161) 496 8572,CF10 3BA,9997485424,White Irish,2022-02-19,Suspended,1
4404,AN0004404,Omar,Doyle,1998-01-08,M,omar.doyle4404@example.com,(0161) 496 6470,M1 1FJ,9998673089,Mixed White and Black Caribbean,2024-03-04,Withdrawn,1
4405,AN0004405,Amara,Robertson,1996-10-07,F,amara.robertson4405@example.com,+44 7700 900464,M1 4FA,9994971360,Black African,2018-01-03,Active,0
4406,AN0004406,Daniel,Khan,2002-04-22,F,daniel.khan4406@example.com,+44 7700 900997,m17fj,9995179385,Mixed White and Black Caribbean,2024-06-16,Deferred,0
4407,AN0004407,Zainab,Chen,1998-03-26,F,zainab.chen4407@example.com,+44 7700 900387,cf106jb,9993771570,Arab,2023-08-18,Active,0
4408,AN0004408,James,Robertson,1989-04-07,M,james.robertson4408@example.com,07700900117,BS1 4DH,9995532581,Other,2016-01-19,Suspended,1
4409,AN0004409,James,Lawson,2004-02-28,M,james.lawson4409@example.com,+44 7700 900748,EH1 5HF,9996166945,Black Other,2024-05-02,Suspended,1
4410,AN0004410,Ethan,Whitfield,1995-06-22,F,ethan.whitfield4410@example.com,+44 7700 900320,BS1 2FG,9992289740,Chinese,2024-06-30,Withdrawn,1
4411,AN0004411,Meera,Robertson,1990-02-24,M,meera.robertson4411@example.com,+44 7700 900877,L1 2EH,9998389216,Mixed Other,2017-09-23,Active,0
4412,AN0004412,Ruth,Fenton,2003-09-25,M,,(0161) 496 7241,G1 7JE,9996805611,White British,2024-02-10,Active,0
4413,AN0004413,Sarah,Grant,2000-02-10,M,sarah.grant4413@example.com,+44 7700 900250,B15 4EE,9994676776,Chinese,2023-09-07,Deferred,1
4414,AN0004414,Hassan,Abara,1996-01-05,M,hassan.abara4414@example.com,07700900615,EH1 4FG,9999698131,Pakistani,2022-01-09,Active,0
4415,AN0004415,Amara,Mackenzie,1999-01-05,M,amara.mackenzie4415@example.com,(0161) 496 3715,BS1 1ED,9996144380,White British,2022-05-20,Active,0
4416,AN0004416,Erin,Cohen,1994-03-18,M,,+44 7700 900628,B15 5AF,9996650464,Asian Other,2021-08-28,Suspended,0
4417,AN0004417,Ruth,Wright,1996-10-08,F,ruth.wright4417@example.com,+44 7700 900139,ne17he,9996746623,White Irish,2017-12-29,Active,1
4418,AN0004418,Nadia,Murray,2001-06-21,F,nadia.murray4418@example.com,+44 7700 900491,BS1 8GG,9994796267,Pakistani,2020-04-02,Active,1
4419,AN0004419,Ethan,Bello,1997-04-20,F,ethan.bello4419@example.com,07700900249,BS1 7BD,9990871760,Pakistani,2021-06-15,Active,1
4420,AN0004420,Callum,Doyle,1992-11-06,F,callum.doyle4420@example.com,07700900260,LS1 7EF,9991411364,Asian Other,2019-08-08,Active,1
4421,AN0004421,Oliver,Haddad,1994-01-12,M,oliver.haddad4421@example.com,(0161) 496 4773,g18fb,9997087011,Black African,2018-01-09,Active,0
4422,AN0004422,Yusuf,Haddad,1994-01-15,F,,+44 7700 900678,G1 8GG,9992666641,White Other,2020-01-12,Active,1
4423,AN0004423,Oliver,Okafor,1997-09-27,M,oliver.okafor4423@example.com,(0161) 496 8511,bs19fg,9997438817,White British,2024-10-26,Active,0
4424,AN0004424,Idris,Okafor,1999-02-06,M,idris.okafor4424@example.com,07700900980,BS1 5FG,9992178418,Black Other,2022-08-24,Active,1
4425,AN0004425,Nadia,Abara,1991-07-27,F,nadia.abara4425@example.com,(0161) 496 2393,b157fe,9996403939,Pakistani,2017-01-22,Active,0
4426,AN0004426,Oliver,Murray,2000-01-18,F,oliver.murray4426@example.com,07700900250,M1 5GF,9991689656,Mixed White and Black Caribbean,2023-02-15,Active,0
4427,AN0004427,Sofia,Robertson,1999-05-20,F,sofia.robertson4427@example.com,+44 7700 900909,EH1 3BJ,9990188947,Arab,2017-12-31,Withdrawn,1
4428,AN0004428,Oliver,Reid,1998-01-28,M,oliver.reid4428@example.com,07700900960,SW1A 9BH,9996020967,Pakistani,2022-04-16,Suspended,1
4429,AN0004429,Sofia,Novak,1999-11-18,F,sofia.novak4429@example.com,(0161) 496 1061,BS1 8GJ,9990618518,Mixed White and Asian,2023-12-08,Suspended,1
4430,AN0004430,Amara,Sharma,1997-10-31,M,amara.sharma4430@example.com,07700900920,G1 9BF,9990882657,Pakistani,2019-06-15,Withdrawn,1
4431,AN0004431,Oliver,Iqbal,1993-10-18,M,oliver.iqbal4431@example.com,+44 7700 900789,ls14ff,9998048737,Black African,2023-05-16,Active,1
4432,AN0004432,Hannah,Abara,2001-06-20,F,hannah.abara4432@example.com,+44 7700 900849,B15 5HE,9991520821,Mixed White and Black Caribbean,2021-02-09,Deferred,0
4433,AN0004433,Noah,Chen,1996-06-09,F,noah.chen4433@example.com,+44 7700 900529,LS1 9BH,9992796642,White Other,2022-08-14,Deferred,0
4434,AN0004434,Hannah,Abara,1997-05-19,M,hannah.abara4434@example.com,07700900378,bs13aj,9991083707,White British,2016-07-22,Active,0
4435,AN0004435,Meera,Patel,1995-04-05,F,,(0161) 496 7473,G1 3FF,9990649774,Mixed Other,2022-12-28,Suspended,1
4436,AN0004436,Hassan,Abara,2004-02-10,M,,07700900818,NE1 5BG,9990015961,Chinese,2022-05-25,Withdrawn,1
4437,AN0004437,George,Byrne,1995-10-18,M,george.byrne4437@example.com,+44 7700 900142,bs19eh,9999552366,Mixed Other,2022-07-31,Active,1
4438,AN0004438,Ruth,Adeyemi,1992-08-13,M,ruth.adeyemi4438@example.com,(0161) 496 8469,NE1 4JA,9998726212,Arab,2018-03-27,Suspended,0
4439,AN0004439,Grace,Whitfield,1994-06-18,F,grace.whitfield4439@example.com,+44 7700 900560,bs15jh,9993257265,White Irish,2023-07-20,Active,1
4440,AN0004440,Chloe,Bello,1989-03-03,F,chloe.bello4440@example.com,07700900899,LS1 9AE,9990988021,Black Other,2016-05-05,Withdrawn,0
4441,AN0004441,Kai,Iqbal,1996-03-12,F,kai.iqbal4441@example.com,+44 7700 900869,M1 3FF,9997787269,Mixed White and Black Caribbean,2017-08-12,Active,1
4442,AN0004442,Yusuf,Iqbal,2005-10-11,M,yusuf.iqbal4442@example.com,07700900342,sw1a5fe,9994246453,Bangladeshi,2024-04-08,Activ,0
4443,AN0004443,Fatima,Bello,1993-03-10,F,fatima.bello4443@example.com,(0161) 496 5077,B15 2GF,9997826256,Black Caribbean,2019-03-26,Deferred,1
4444,AN0004444,Sofia,Lawson,2001-09-29,F,sofia.lawson4444@example.com,(0161) 496 2454,EH1 6JG,9996760243,Black Caribbean,2023-06-27,Active,0
4445,AN0004445,Sarah,Lawson,2002-04-11,M,sarah.lawson4445@example.com,07700900425,EH1 9AE,9992178876,Black Caribbean,2024-07-14,Active,0
4446,AN0004446,Omar,Iqbal,2005-08-01,F,omar.iqbal4446@example.com,07700900877,LS1 9HA,9997485297,Mixed White and Asian,2024-02-01,Active,1
4447,AN0004447,Daniel,Mackenzie,1996-10-31,M,daniel.mackenzie4447@example.com,(0161) 496 3794,eh18da,9991727558,Pakistani,2017-07-31,Active,0
4448,AN0004448,Hassan,Mackenzie,1994-02-23,F,hassan.mackenzie4448@example.com,+44 7700 900334,l15bb,9991673741,Other,2017-12-07,Active,0
4449,AN0004449,Yusuf,Kaur,2003-03-23,M,yusuf.kaur4449@example.com,+44 7700 900375,EH1 3EE,9994758438,Arab,2023-04-10,Active,0
4450,AN0004450,Wei,Kaur,1992-09-21,M,wei.kaur4450@example.com,+44 7700 900229,SW1A 3DJ,9995895528,Chinese,2021-06-20,Active,1
4451,AN0004451,Zainab,Novak,2004-01-04,M,zainab.novak4451@example.com,+44 7700 900685,CF10 4JB,9999964125,Black African,2023-05-08,Suspended,1
4452,AN0004452,Callum,Fenton,1995-12-16,M,,+44 7700 900898,LS1 2JF,9996941116,Arab,2022-01-16,Withdrawn,0
4453,AN0004453,Tom,Fenton,1990-04-09,F,tom.fenton4453@example.com,+44 7700 900633,SW1A 1BE,9997187180,White Irish,2018-11-05,Active,1
4454,AN0004454,Idris,Whitfield,2005-09-23,F,idris.whitfield4454@example.com,+44 7700 900256,m11ed,9997171853,Mixed White and Asian,2025-01-12,Activ,1
4455,AN0004455,Kai,Murray,2001-11-28,M,kai.murray4455@example.com,+44 7700 900820,B15 3AB,9997355830,White Other,2021-04-13,Deferred,0
4456,AN0004456,Nadia,Chen,1996-03-31,M,nadia.chen4456@example.com,+44 7700 900705,EH1 1FH,9999031188,Mixed Other,2016-12-14,Active,0
4457,AN0004457,Hassan,Kaur,1992-09-23,F,hassan.kaur4457@example.com,+44 7700 900842,SW1A 9GH,9994555383,White Other,2017-04-05,Withdrawn,0
4458,AN0004458,Grace,Sharma,1998-03-18,F,grace.sharma4458@example.com,+44 7700 900662,G1 2EJ,9999727549,Mixed White and Black Caribbean,2018-12-30,Suspended,0
4459,AN0004459,Isla,Ali,1995-10-24,F,isla.ali4459@example.com,+44 7700 900957,bs13jf,9996621677,Black Other,2016-01-26,Active,1
4460,AN0004460,Chloe,Grant,2002-03-26,F,chloe.grant4460@example.com,07700900729,M1 8HE,9990296405,Pakistani,2020-09-06,Active,1
4461,AN0004461,Hassan,Iqbal,1997-04-15,F,hassan.iqbal4461@example.com,+44 7700 900899,G1 7EB,9998718791,Bangladeshi,2023-04-29,Active,1
4462,AN0004462,Sarah,Osman,1991-11-21,,sarah.osman4462@example.com,07700900162,G1 1GG,9994791222,Mixed White and Black Caribbean,2020-11-24,Active,1
4463,AN0004463,Meera,Cohen,1992-05-24,M,meera.cohen4463@example.com,(0161) 496 6898,ne19fa,9998910412,Indian,2018-06-09,Deferred,0
4464,AN0004464,Grace,Grant,1994-08-10,M,grace.grant4464@example.com,07700900262,g19fa,9990933731,Bangladeshi,2022-10-30,Active,0
4465,AN0004465,Sofia,Doyle,2005-05-31,M,sofia.doyle4465@example.com,07700900285,b159gh,9995665484,Mixed Other,2024-02-12,Withdrawn,0
4466,AN0004466,Priya,Chen,1995-04-06,M,priya.chen4466@example.com,(0161) 496 7223,BS1 6AA,9994891685,Mixed White and Black Caribbean,2023-10-11,Suspended,1
4467,AN0004467,Liam,Haddad,1991-09-30,M,liam.haddad4467@example.com,+44 7700 900983,B15 4BJ,9993086894,Asian Other,2019-11-22,Suspended,1
4468,AN0004468,Meera,Grant,2005-05-10,M,meera.grant4468@example.com,+44 7700 900769,M1 6DA,9996956946,Mixed White and Black Caribbean,2023-10-07,Suspended,1
4469,AN0004469,Isla,Doyle,2003-10-08,F,isla.doyle4469@example.com,(0161) 496 9672,L1 4HG,9995854341,Black Other,2023-03-12,Suspended,0
4470,AN0004470,James,Chen,2004-09-06,F,james.chen4470@example.com,(0161) 496 3491,SW1A 3FH,9998328020,Arab,2024-01-06,Withdrawn,0
4471,AN0004471,Daniel,Ali,1996-01-06,M,daniel.ali4471@example.com,+44 7700 900340,L1 2JF,9995743310,Indian,2023-05-11,Active,1
4472,AN0004472,Oliver,Rossi,1998-07-26,M,oliver.rossi4472@example.com,+44 7700 900838,cf101jf,9993989983,White Irish,2022-08-24,Suspended,0
4473,AN0004473,Oliver,Iqbal,1994-03-23,M,oliver.iqbal4473@example.com,+44 7700 900861,BS1 9JA,9992815930,Chinese,2016-07-17,Deferred,1
4474,AN0004474,Ethan,Wright,1995-01-28,M,ethan.wright4474@example.com,+44 7700 900210,CF10 1HF,9996813576,Mixed Other,2024-05-13,Active,0
4475,AN0004475,Sarah,Osman,1999-06-19,M,sarah.osman4475@example.com,07700900956,M1 7AJ,9993518786,Mixed Other,2024-09-08,Active,1
4476,AN0004476,Sofia,Mackenzie,1998-11-26,M,sofia.mackenzie4476@example.com,07700900795,CF10 8GA,9995889056,Chinese,2024-07-14,Active,0
4477,AN0004477,Daniel,Cohen,1997-11-25,F,daniel.cohen4477@example.com,07700900976,NE1 8HJ,9994220241,Black African,2021-07-23,Deferred,1
4478,AN0004478,Leila,Wright,2004-08-21,M,leila.wright4478@example.com,07700900602,SW1A 3FA,9994187988,Other,2022-11-13,Suspended,1
4479,AN0004479,Hassan,Reid,1991-03-06,F,hassan.reid4479@example.com,+44 7700 900801,M1 5BH,9998015987,Black Other,2017-09-15,Active,0
4480,AN0004480,Liam,Kaur,1990-10-12,M,liam.kaur4480@example.com,+44 7700 900289,CF10 5AG,9997958926,White Other,2017-02-21,Suspended,0
4481,AN0004481,Noah,Patel,1992-08-15,M,noah.patel4481@example.com,(0161) 496 5613,CF10 3AJ,9999177662,Black Caribbean,2020-02-09,Withdrawn,0
4482,AN0004482,Priya,Grant,1999-03-06,M,priya.grant4482@example.com,07700900256,G1 9GJ,9992828595,Other,2017-06-17,Active,0
4483,AN0004483,Sarah,Cohen,1994-10-13,F,sarah.cohen4483@example.com,+44 7700 900412,ne17af,9998750946,Pakistani,2021-04-05,Withdrawn,0
4484,AN0004484,Callum,Murray,2002-05-28,F,callum.murray4484@example.com,+44 7700 900494,L1 8JB,9995930064,Indian,2022-06-29,Withdrawn,1
4485,AN0004485,Meera,Rossi,1995-11-14,F,meera.rossi4485@example.com,+44 7700 900997,M1 8AE,9996873390,White Other,2023-03-31,Active,1
4486,AN0004486,Sofia,Bianchi,1997-10-13,M,sofia.bianchi4486@example.com,+44 7700 900164,B15 5JF,9992749938,Black Other,2018-10-31,Active,1
4487,AN0004487,Ruth,Thompson,1997-07-13,F,ruth.thompson4487@example.com,+44 7700 900125,EH1 9AJ,9998801923,Arab,2019-04-03,Active,0
4488,AN0004488,Oliver,Murray,1996-07-12,M,oliver.murray4488@example.com,(0161) 496 3560,G1 1FD,9991452990,White Other,2023-01-23,Active,0
4489,AN0004489,James,Bianchi,1994-08-25,F,james.bianchi4489@example.com,+44 7700 900634,NE1 7FJ,9994060058,Chinese,2016-09-04,Active,1
4490,AN0004490,Sofia,Bianchi,1997-03-26,F,sofia.bianchi4490@example.com,(0161) 496 9094,M1 3BA,9999783414,Bangladeshi,2022-08-19,Deferred,1
4491,AN0004491,Priya,Wright,2001-08-31,F,priya.wright4491@example.com,+44 7700 900317,SW1A 8BB,9992529652,Arab,2023-01-23,Withdrawn,0
4492,AN0004492,Sofia,Grant,1990-05-11,F,sofia.grant4492@example.com,+44 7700 900559,LS1 1GA,9996578461,Mixed White and Asian,2018-08-13,Deferred,1
4493,AN0004493,Wei,Bianchi,2001-08-31,M,wei.bianchi4493@example.com,+44 7700 900388,SW1A 2ED,999373397,Mixed White and Black Caribbean,2020-12-09,Active,0
4494,AN0004494,Oliver,Lawson,1999-09-26,M,oliver.lawson4494@example.com,+44 7700 900922,EH1 3AH,9995019337,Black Caribbean,2020-01-23,Active,0
4495,AN0004495,Leila,Haddad,1990-05-19,M,leila.haddad4495@example.com,07700900325,ls18he,9995685140,Pakistani,2020-02-25,Active,1
4496,AN0004496,Chloe,Sharma,1989-05-28,F,chloe.sharma4496@example.com,+44 7700 900295,M1 4FE,9996611353,Black African,2019-02-03,Active,1
4497,AN0004497,Kai,Grant,1994-12-17,M,kai.grant4497@example.com,(0161) 496 8432,G1 9AA,9991819509,Mixed White and Black Caribbean,2023-05-23,Active,1
4498,AN0004498,Kai,Rossi,2001-07-14,M,kai.rossi4498@example.com,+44 7700 900548,BS1 2AJ,9997980875,Black Caribbean,2022-08-01,Active,1
4499,AN0004499,Fatima,Adeyemi,1992-12-09,F,fatima.adeyemi4499@example.com,+44 7700 900664,b151ae,9996338614,Mixed Other,2021-04-04,Active,0
4500,AN0004500,Wei,Chen,1998-11-07,M,wei.chen4500@example.com,+44 7700 900781,LS1 8JB,9995018322,Mixed White and Black Caribbean,2021-01-19,Withdrawn,1
4501,AN0004501,Liam,Chen,1995-02-28,M,liam.chen4501@example.com,(0161) 496 9318,B15 4EE,9996226425,Black African,2016-11-29,Active,0
4502,AN0004502,Chloe,Murray,1991-10-22,M,chloe.murray4502@example.com,+44 7700 900202,EH1 5JE,9993367079,Mixed Other,2017-03-07,Active,0
4503,AN0004503,Leila,Abara,1996-09-28,F,leila.abara4503@example.com,07700900119,G1 3FF,9994771000,Pakistani,2024-07-15,Active,1
4504,AN0004504,Omar,Patel,1994-07-10,F,omar.patel4504@example.com,(0161) 496 8890,L1 9BB,9999024831,Mixed Other,2022-04-04,Deferred,1
4505,AN0004505,Daniel,Whitfield,1998-07-31,F,daniel.whitfield4505@example.com,+44 7700 900557,LS1 9JD,9995731827,Indian,2023-03-24,Deferred,0
4506,AN0004506,Liam,Fenton,1996-09-28,F,liam.fenton4506@example.com,07700900559,BS1 3JF,9992222549,Black Caribbean,2018-07-06,Active,0
4507,AN0004507,Grace,Robertson,2002-03-10,F,grace.robertson4507@example.com,+44 7700 900205,BS1 8HH,9993024155,Black African,2023-05-14,Deferred,1
4508,AN0004508,Hassan,Haddad,1991-10-19,F,hassan.haddad4508@example.com,+44 7700 900842,CF10 8GH,9994856480,Asian Other,2021-02-20,Deferred,0
4509,AN0004509,Grace,Fenton,1995-08-16,M,grace.fenton4509@example.com,+44 7700 900153,CF10 5AE,9995626403,Mixed White and Black Caribbean,2021-09-06,Withdrawn,1
4510,AN0004510,Daniel,Byrne,1991-11-09,F,daniel.byrne4510@example.com,+44 7700 900754,LS1 9BH,9995960524,Mixed White and Asian,2019-05-09,Active,0
4511,AN0004511,Erin,Haddad,1997-01-02,M,erin.haddad4511@example.com,07700900499,L1 4BF,9992479566,White Irish,2022-08-19,Active,0
4512,AN0004512,Ruth,Chen,1992-01-23,M,ruth.chen4512@example.com,+44 7700 900242,SW1A 3FB,9999053629,Mixed Other,2016-07-08,Active,1
4513,AN0004513,Fatima,Rossi,1990-01-24,M,fatima.rossi4513@example.com,+44 7700 900316,cf103gh,9995481901,Indian,2019-08-26,Deferred,0
4514,AN0004514,Meera,Sharma,1999-01-30,M,meera.sharma4514@example.com,07700900209,l17fe,9999960677,Mixed White and Black Caribbean,2024-10-23,Active,1
4515,AN0004515,Oliver,Murray,2000-10-13,F,oliver.murray4515@example.com,07700900171,LS1 8DG,9998713226,Other,2023-10-19,Active,1
4516,AN0004516,Wei,Kaur,1994-10-08,M,wei.kaur4516@example.com,+44 7700 900579,eh12df,9990504482,Chinese,2021-10-15,Suspended,0
4517,AN0004517,Meera,Lawson,1989-02-01,M,meera.lawson4517@example.com,07700900840,g18jj,9994157426,Black African,2018-02-17,Active,0
4518,AN0004518,Liam,Iqbal,1996-06-16,F,liam.iqbal4518@example.com,(0161) 496 9799,LS1 3JE,9997393708,Other,2024-01-12,Active,1
4519,AN0004519,Sofia,Cohen,2000-02-23,F,sofia.cohen4519@example.com,07700900765,BS1 1AJ,9999375790,Pakistani,2024-10-22,Active,0
4520,AN0004520,Ruth,Wright,1996-12-09,M,,+44 7700 900911,G1 1FE,9994846612,Indian,2020-03-11,Active,1
4521,AN0004521,Liam,Haddad,1996-08-19,M,liam.haddad4521@example.com,07700900622,ls19be,9992027258,Other,2017-09-12,Active,0
4522,AN0004522,Amara,Haddad,1994-07-22,F,amara.haddad4522@example.com,07700900221,G1 3DE,9991179682,Mixed White and Black Caribbean,2017-12-26,Active,1
4523,AN0004523,Zainab,Doyle,1986-12-04,F,zainab.doyle4523@example.com,+44 7700 900766,M1 3FH,9990015635,Indian,2016-09-03,Active,0
4524,AN0004524,Oliver,Grant,1988-01-30,F,oliver.grant4524@example.com,+44 7700 900706,LS1 1FF,9990179921,White Irish,2016-03-16,Active,1
4525,AN0004525,Priya,Iqbal,1996-04-16,F,priya.iqbal4525@example.com,+44 7700 900324,B15 6HG,9992946016,Pakistani,2021-06-25,Withdrawn,1
4526,AN0004526,Daniel,Nwosu,1996-11-21,M,daniel.nwosu4526@example.com,+44 7700 900728,EH1 8DH,9997072790,White British,2024-06-02,Suspended,1
4527,AN0004527,Fatima,Whitfield,1994-02-09,M,fatima.whitfield4527@example.com,07700900721,L1 6AJ,9998865581,Indian,2023-05-10,Withdrawn,0
4528,AN0004528,Hannah,Cohen,1994-10-22,F,hannah.cohen4528@example.com,(0161) 496 3277,ne18ge,9999688608,White Other,2019-05-11,Active,0
4529,AN0004529,Erin,Cohen,1991-09-29,M,erin.cohen4529@example.com,07700900856,L1 7JB,9998989639,Pakistani,2020-06-18,Active,1
4530,AN0004530,Daniel,Adeyemi,1992-09-05,F,daniel.adeyemi4530@example.com,(0161) 496 9920,B15 5FA,9992899557,Black Caribbean,2016-03-07,Active,1
4531,AN0004531,Meera,Osman,1990-09-30,M,meera.osman4531@example.com,07700900858,cf109bd,9991858857,Asian Other,2017-05-28,Deferred,0
4532,AN0004532,Grace,Kaur,2009-04-05,F,grace.kaur4532@example.com,07700900860,cf106ag,9992563087,White British,2023-10-03,Active,0
4533,AN0004533,Priya,Ali,1997-08-09,M,priya.ali4533@example.com,07700900563,eh12dh,9991280723,Black Caribbean,2023-09-29,Deferred,1
4534,AN0004534,Chloe,Grant,1994-08-24,M,chloe.grant4534@example.com,+44 7700 900902,BS1 7FA,9993863181,Mixed White and Asian,2018-11-09,Deferred,0
4535,AN0004535,George,Cohen,2000-08-19,F,,07700900112,CF10 1JA,9990712980,Other,2024-01-22,Suspended,0
4536,AN0004536,Sarah,Byrne,1991-12-04,M,sarah.byrne4536@example.com,+44 7700 900443,NE1 9JE,9995033151,Pakistani,2021-07-03,Active,1
4537,AN0004537,Amara,Novak,2000-09-23,M,amara.novak4537@example.com,+44 7700 900667,m13jf,9993919004,Indian,2023-12-28,Active,0
4538,AN0004538,Ethan,Adeyemi,2006-04-24,F,ethan.adeyemi4538@example.com,+44 7700 900327,EH1 5HJ,9999526896,White Irish,2024-06-09,Suspended,0
4539,AN0004539,Erin,Robertson,2002-04-21,F,erin.robertson4539@example.com,+44 7700 900655,ls12ha,9999198171,White British,2021-09-26,Withdrawn,0
4540,AN0004540,Sarah,Reid,1993-01-19,F,sarah.reid4540@example.com,+44 7700 900898,L1 5FE,9994782177,Chinese,2020-03-12,Suspended,0
4541,AN0004541,Isla,Iqbal,2001-08-15,F,isla.iqbal4541@example.com,07700900417,LS1 1DF,9994285955,Pakistani,2020-02-08,Withdrawn,1
4542,AN0004542,Amara,Reid,1996-05-12,F,amara.reid4542@example.com,(0161) 496 1848,bs11fd,9995843293,White Other,2023-08-10,Active,1
4543,AN0004543,Yusuf,Rossi,1990-09-28,M,yusuf.rossi4543@example.com,+44 7700 900356,M1 5HE,9997884590,Asian Other,2016-06-02,Active,1
4544,AN0004544,James,Haddad,1994-02-05,F,james.haddad4544@example.com,+44 7700 900834,G1 3GJ,9994925989,Other,2022-11-09,Active,1
4545,AN0004545,James,Bianchi,1986-12-12,F,james.bianchi4545@example.com,+44 7700 900728,SW1A 2HF,9992370149,White Other,2016-06-25,Active,1
4546,AN0004546,Liam,Khan,1993-05-09,F,liam.khan4546@example.com,+44 7700 900436,l19hb,9993587664,Bangladeshi,2016-06-29,Active,0
4547,AN0004547,Erin,Osman,1997-05-13,M,erin.osman4547@example.com,07700900338,CF10 3GE,9996307018,Chinese,2016-12-15,Deferred,0
4548,AN0004548,Leila,Bianchi,1999-12-08,F,leila.bianchi4548@example.com,07700900350,B15 3EB,9991705805,Chinese,2024-09-13,Active,1
4549,AN0004549,Idris,Thompson,2001-07-14,M,idris.thompson4549@example.com,+44 7700 900734,BS1 6JD,9991113975,Asian Other,2024-02-09,Active,0
4550,AN0004550,Hannah,Lawson,1998-05-11,M,hannah.lawson4550@example.com,07700900494,ne12fh,9991076433,Pakistani,2016-11-12,Active,0
4551,AN0004551,Sarah,Mackenzie,1995-10-15,M,sarah.mackenzie4551@example.com,07700900363,EH1 3GB,9995384108,Bangladeshi,2018-01-30,Active,0
4552,AN0004552,Grace,Patel,1998-12-21,M,grace.patel4552@example.com,07700900520,G1 5EB,9993096377,Other,2019-07-07,Active,0
4553,AN0004553,Chloe,Novak,2003-09-01,M,chloe.novak4553@example.com,(0161) 496 9322,G1 3DA,9993300624,Asian Other,2023-01-10,Active,1
4554,AN0004554,James,Reid,1993-04-11,M,james.reid4554@example.com,(0161) 496 9018,b155gj,9993465267,Other,2019-01-08,Withdrawn,1
4555,AN0004555,Grace,Bello,1995-11-14,F,grace.bello4555@example.com,07700900192,BS1 2JJ,9997660625,Mixed White and Black Caribbean,2022-03-12,Suspended,0
4556,AN0004556,Chloe,Grant,2001-02-14,F,chloe.grant4556@example.com,+44 7700 900388,eh12ge,9996086046,Black African,2021-07-06,Active,0
4557,AN0004557,Sofia,Iqbal,1994-03-10,F,sofia.iqbal4557@example.com,(0161) 496 8532,B15 7FG,9998913497,Chinese,2016-12-26,Withdrawn,0
4558,AN0004558,Omar,Robertson,1997-11-04,M,omar.robertson4558@example.com,07700900886,m11ed,9996379736,Mixed White and Asian,2021-04-13,Deferred,1
4559,AN0004559,Ethan,Osman,1996-09-20,M,ethan.osman4559@example.com,(0161) 496 7724,LS1 3EB,9991125345,White British,2023-06-27,Active,1
4560,AN0004560,George,Kaur,2000-08-29,M,george.kaur4560@example.com,07700900965,M1 2DG,9996795616,Indian,2019-04-17,Active,0
4561,AN0004561,Ruth,Iqbal,2000-08-07,M,ruth.iqbal4561@example.com,07700900321,B15 6JG,9998977614,Bangladeshi,2018-09-09,Active,1
4562,AN0004562,Zainab,Thompson,2002-06-14,F,zainab.thompson4562@example.com,07700900933,m11ah,9990418136,Mixed Other,2024-08-29,Active,0
4563,AN0004563,Priya,Haddad,1996-03-21,M,priya.haddad4563@example.com,(0161) 496 1645,M1 2JF,9990600309,Black Other,2020-04-29,Suspended,1
4564,AN0004564,Fatima,Patel,1992-05-06,M,fatima.patel4564@example.com,(0161) 496 6367,G1 6BG,9993222666,Black Other,2016-06-28,Active,0
4565,AN0004565,Sarah,Patel,1994-01-22,F,sarah.patel4565@example.com,+44 7700 900866,EH1 1FG,9998847141,Chinese,2023-02-12,Active,0
4566,AN0004566,Amara,Okafor,1994-01-20,M,amara.okafor4566@example.com,+44 7700 900280,NE1 5EH,9998586976,Black African,2016-07-10,Active,0
4567,AN0004567,James,Chen,1994-12-10,M,james.chen4567@example.com,+44 7700 900415,G1 7BG,9990540489,Chinese,2021-01-22,Deferred,1
4568,AN0004568,Zainab,Kaur,1998-07-13,M,zainab.kaur4568@example.com,(0161) 496 6630,EH1 2ED,9996077810,Black Caribbean,2024-02-10,Active,0
4569,AN0004569,Grace,Abara,1991-07-14,F,grace.abara4569@example.com,+44 7700 900987,G1 1GF,9997445317,Asian Other,2020-02-18,Deferred,1
4570,AN0004570,Meera,Wright,1995-10-30,M,meera.wright4570@example.com,(0161) 496 9105,NE1 5DE,9994051717,Arab,2017-05-31,Active,1
4571,AN0004571,Noah,Abara,1998-06-02,M,noah.abara4571@example.com,+44 7700 900302,NE1 2FD,9990287341,White British,2018-08-11,Active,1
4572,AN0004572,Amara,Patel,1999-07-03,M,amara.patel4572@example.com,07700900254,LS1 5DE,9997452089,Pakistani,2023-01-13,Active,0
4573,AN0004573,Meera,Iqbal,1996-07-12,F,meera.iqbal4573@example.com,07700900323,M1 2HA,9992403608,Chinese,2022-08-30,Active,0
4574,AN0004574,Sofia,Chen,1995-02-19,F,sofia.chen4574@example.com,07700900554,G1 9FJ,9995281090,Chinese,2021-04-10,Active,0
4575,AN0004575,Ethan,Osman,1999-01-03,F,ethan.osman4575@example.com,+44 7700 900195,B15 4GH,9990448604,Indian,2020-07-03,Active,0
4576,AN0004576,Callum,Novak,1998-03-27,M,callum.novak4576@example.com,+44 7700 900796,ls12eh,9990733120,Mixed White and Black Caribbean,2018-04-21,Active,1
4577,AN0004577,Liam,Adeyemi,1999-03-07,M,liam.adeyemi4577@example.com,+44 7700 900887,SW1A 3FE,9994217119,Black Other,2017-09-15,Active,0
4578,AN0004578,Tom,Thompson,1991-08-30,M,tom.thompson4578@example.com,07700900474,LS1 8JH,9994254758,Black Other,2018-01-21,Active,1
4579,AN0004579,Amara,Mackenzie,2001-09-28,F,amara.mackenzie4579@example.com,07700900634,L1 6DD,9997026241,Black Other,2022-06-29,Suspended,1
4580,AN0004580,Wei,Chen,1991-01-03,M,wei.chen4580@example.com,+44 7700 900558,ls11ef,9996108627,Bangladeshi,2019-04-22,Active,1
4581,AN0004581,Grace,Byrne,2000-09-19,F,grace.byrne4581@example.com,(0161) 496 5215,LS1 6AG,9992975598,Asian Other,2022-09-21,Active,1
4582,AN0004582,Sarah,Osman,1999-07-26,M,sarah.osman4582@example.com,(0161) 496 9369,g12gg,9993884693,Arab,2023-10-13,Active,0
4583,AN0004583,Ethan,Mackenzie,1999-09-05,F,ethan.mackenzie4583@example.com,07700900275,L1 7HB,9998650488,Other,2021-03-16,Active,1
4584,AN0004584,Amara,Reid,1993-06-25,M,amara.reid4584@example.com,(0161) 496 1192,CF10 8HF,9995405601,Bangladeshi,2021-11-12,Deferred,0
4585,AN0004585,Kai,Murray,2003-10-09,F,kai.murray4585@example.com,+44 7700 900651,g17ga,9999053807,Mixed White and Black Caribbean,2023-06-30,Withdrawn,0
4586,AN0004586,George,Haddad,2001-06-12,M,george.haddad4586@example.com,+44 7700 900124,b151ja,9990885427,Asian Other,2019-09-20,Deferred,1
4587,AN0004587,Chloe,Wright,1996-06-09,F,chloe.wright4587@example.com,(0161) 496 7761,B15 9GH,9999736548,Other,2022-09-22,Active,1
4588,AN0004588,Nadia,Khan,1997-07-23,M,nadia.khan4588@example.com,07700900996,b151bh,9993587516,Black African,2016-08-31,Activ,0
4589,AN0004589,Priya,Chen,1998-07-09,M,priya.chen4589@example.com,07700900469,ne15ae,9995401770,Black Caribbean,2019-07-14,Suspended,1
4590,AN0004590,James,Whitfield,1997-03-14,M,james.whitfield4590@example.com,+44 7700 900970,B15 1GB,9995126400,White British,2019-07-18,Suspended,0
4591,AN0004591,Sofia,Novak,1997-07-24,F,sofia.novak4591@example.com,(0161) 496 1996,CF10 7HF,9996738752,White Irish,2020-12-30,Active,1
4592,AN0004592,Hannah,Lawson,1996-11-14,F,hannah.lawson4592@example.com,+44 7700 900961,M1 9FB,9999116612,Other,2022-02-15,Active,1
4593,AN0004593,Ruth,Bianchi,1999-04-16,M,ruth.bianchi4593@example.com,(0161) 496 2151,EH1 4BG,9990970718,White Irish,2021-07-11,Active,0
4594,AN0004594,Chloe,Chen,2001-10-31,M,chloe.chen4594@example.com,+44 7700 900726,CF10 2EA,9998628989,Indian,2023-03-21,Deferred,0
4595,AN0004595,Amara,Rossi,2000-10-23,F,amara.rossi4595@example.com,07700900242,CF10 4BE,9994191004,Bangladeshi,2018-11-17,Active,1
4596,AN0004596,Hassan,Murray,1992-10-16,M,hassan.murray4596@example.com,(0161) 496 5260,g14fd,9990558914,White Other,2017-02-02,Suspended,0
4597,AN0004597,Sarah,Sharma,2000-01-23,M,sarah.sharma4597@example.com,07700900120,B15 5FB,9994404385,White British,2018-07-20,Active,1
4598,AN0004598,Zainab,Lawson,1990-01-12,F,zainab.lawson4598@example.com,07700900897,G1 6HF,9992646500,Other,2019-01-24,Active,0
4599,AN0004599,Liam,Fenton,2002-02-16,M,liam.fenton4599@example.com,07700900771,CF10 3FF,9995753146,White British,2023-07-01,Suspended,0
4600,AN0004600,Priya,Nwosu,2000-09-06,M,priya.nwosu4600@example.com,(0161) 496 4771,B15 3HB,9993002070,White British,2024-11-06,Active,1
4601,AN0004601,Oliver,Whitfield,1993-05-06,M,oliver.whitfield4601@example.com,+44 7700 900657,M1 8FF,9991707239,White British,2022-10-10,Withdrawn,1
4602,AN0004602,Callum,Robertson,2000-03-11,M,callum.robertson4602@example.com,07700900708,L1 9EG,9994341766,Black Other,2020-11-24,Active,0
4603,AN0004603,Nadia,Okafor,1990-10-06,M,nadia.okafor4603@example.com,+44 7700 900790,m13jb,9991098445,Mixed Other,2017-11-10,Active,0
4604,AN0004604,Isla,Kaur,1995-10-04,F,isla.kaur4604@example.com,+44 7700 900305,EH1 4AF,9993252956,Mixed White and Asian,2021-12-04,Suspended,0
4605,AN0004605,James,Whitfield,1999-09-30,M,james.whitfield4605@example.com,+44 7700 900401,L1 6BG,9990120838,Bangladeshi,2020-02-19,Active,0
4606,AN0004606,Nadia,Lawson,1995-07-05,M,nadia.lawson4606@example.com,(0161) 496 7533,g15be,9998429366,Chinese,2018-03-10,Active,1
4607,AN0004607,Leila,Haddad,1994-03-01,F,leila.haddad4607@example.com,+44 7700 900214,EH1 2BB,9990567980,Black Other,2023-04-09,Suspended,1
4608,AN0004608,George,Doyle,1996-08-19,F,george.doyle4608@example.com,07700900221,NE1 5AF,9991163344,White Irish,2023-09-13,Active,1
4609,AN0004609,Callum,Ali,1999-02-11,M,callum.ali4609@example.com,+44 7700 900586,B15 7BJ,9998448999,Chinese,2018-06-04,Active,1
4610,AN0004610,Isla,Kaur,1992-07-20,M,isla.kaur4610@example.com,+44 7700 900242,eh12jg,9991648976,White British,2019-01-05,Active,1
4611,AN0004611,Ruth,Bianchi,1990-05-27,M,ruth.bianchi4611@example.com,+44 7700 900855,EH1 2EE,9999472621,Indian,2019-05-30,Deferred,1
4612,AN0004612,Hannah,Ali,1993-02-11,,hannah.ali4612@example.com,07700900189,G1 8FE,9991364935,White British,2016-10-03,Active,1
4613,AN0004613,Idris,Bello,2001-02-19,M,idris.bello4613@example.com,07700900974,cf108df,9994701495,Bangladeshi,2023-08-24,Active,0
4614,AN0004614,Priya,Fenton,1988-04-25,F,priya.fenton4614@example.com,07700900784,LS1 9AH,9999046363,Black Caribbean,2017-10-28,Active,0
4615,AN0004615,George,Adeyemi,1996-07-16,F,george.adeyemi4615@example.com,(0161) 496 9162,L1 2GJ,9996700127,White British,2024-03-06,Active,0
4616,AN0004616,Isla,Whitfield,1990-09-04,M,isla.whitfield4616@example.com,+44 7700 900618,LS1 6EE,9992816236,Mixed White and Asian,2016-10-10,Active,1
4617,AN0004617,Nadia,Grant,1996-01-16,F,,+44 7700 900825,CF10 9GJ,9999452884,Bangladeshi,2023-10-30,Active,0
4618,AN0004618,Erin,Rossi,2003-06-20,F,erin.rossi4618@example.com,+44 7700 900142,BS1 3DJ,9995587971,Arab,2024-09-27,Active,1
4619,AN0004619,Wei,Cohen,1993-05-15,F,wei.cohen4619@example.com,+44 7700 900652,CF10 4FA,9993728586,Chinese,2020-08-13,Suspended,0
4620,AN0004620,Leila,Byrne,1996-06-01,M,leila.byrne4620@example.com,07700900507,SW1A 8EJ,9995061384,White Irish,2018-05-28,Deferred,1
4621,AN0004621,Kai,Adeyemi,2004-08-17,M,kai.adeyemi4621@example.com,(0161) 496 9587,SW1A 8EE,9990404798,Black Caribbean,2022-09-09,Withdrawn,0
4622,AN0004622,Nadia,Thompson,1996-03-03,F,nadia.thompson4622@example.com,+44 7700 900739,B15 4EG,9997445821,Mixed White and Black Caribbean,2017-09-23,Withdrawn,1
4623,AN0004623,Erin,Adeyemi,1996-03-29,F,erin.adeyemi4623@example.com,+44 7700 900366,B15 4FG,9993951943,Mixed White and Asian,2017-12-03,Suspended,1
4624,AN0004624,Ethan,Lawson,1992-01-20,M,ethan.lawson4624@example.com,07700900129,B15 9GF,9996658198,Asian Other,2021-03-11,Active,0
4625,AN0004625,Grace,Robertson,1995-08-12,M,grace.robertson4625@example.com,+44 7700 900420,CF10 9GJ,9994347586,Mixed White and Black Caribbean,2020-11-06,Active,0
4626,AN0004626,Ethan,Kaur,2001-10-08,F,ethan.kaur4626@example.com,07700900255,CF10 6DF,9991596542,Asian Other,2020-10-23,Suspended,0
4627,AN0004627,Omar,Okafor,2000-12-19,F,omar.okafor4627@example.com,+44 7700 900986,NE1 9HJ,9992265590,Chinese,2019-12-17,Active,0
4628,AN0004628,Hannah,Chen,1994-07-17,M,hannah.chen4628@example.com,(0161) 496 6826,LS1 4AA,9991665234,Black Caribbean,2022-11-14,Deferred,0
4629,AN0004629,Liam,Osman,1994-08-17,F,liam.osman4629@example.com,+44 7700 900736,BS1 9BH,9998462436,Indian,2019-02-01,Active,0
4630,AN0004630,Daniel,Haddad,1994-10-25,M,daniel.haddad4630@example.com,+44 7700 900380,cf103gg,9991280944,Chinese,2016-02-27,Active,1
4631,AN0004631,Leila,Bianchi,1998-03-17,M,leila.bianchi4631@example.com,07700900707,EH1 7JF,9994114573,Mixed White and Black Caribbean,2019-08-01,Deferred,0
4632,AN0004632,Fatima,Osman,1991-08-17,F,fatima.osman4632@example.com,07700900376,CF10 1HJ,9990831246,Mixed Other,2019-09-13,Deferred,1
4633,AN0004633,Tom,Khan,1990-11-02,M,tom.khan4633@example.com,07700900684,G1 6DB,9992314885,Arab,2016-01-14,Withdrawn,1
4634,AN0004634,Zainab,Abara,1992-07-16,F,zainab.abara4634@example.com,(0161) 496 4094,NE1 3JG,9999990851,Mixed White and Asian,2020-02-08,Suspended,0
4635,AN0004635,Priya,Chen,1993-09-18,F,priya.chen4635@example.com,+44 7700 900619,L1 7JG,9996731588,Black African,2021-12-20,Active,1
4636,AN0004636,Sarah,Abara,1993-07-22,F,sarah.abara4636@example.com,+44 7700 900849,bs11jh,9990836868,White British,2019-01-28,Active,1
4637,AN0004637,Erin,Wright,1996-06-23,F,erin.wright4637@example.com,+44 7700 900930,b156dj,9999290248,Black Other,2019-01-18,Active,1
4638,AN0004638,Callum,Nwosu,1992-09-20,F,callum.nwosu4638@example.com,+44 7700 900884,BS1 9BG,9995177439,Black Caribbean,2019-04-09,Active,0
4639,AN0004639,Liam,Bello,2003-04-18,M,liam.bello4639@example.com,+44 7700 900325,EH1 9ED,9998634156,Bangladeshi,2021-07-09,Active,0
4640,AN0004640,Sofia,Khan,1995-04-21,M,sofia.khan4640@example.com,07700900978,m15fg,9990713847,Black Other,2020-09-21,Deferred,1
4641,AN0004641,Ethan,Adeyemi,1993-07-14,M,ethan.adeyemi4641@example.com,+44 7700 900984,ls15fe,9998893305,Black African,2020-01-18,Active,0
4642,AN0004642,Hannah,Khan,1992-06-05,M,hannah.khan4642@example.com,(0161) 496 3323,B15 9HJ,9999796001,Mixed Other,2021-11-09,Withdrawn,0
4643,AN0004643,Noah,Patel,2003-06-26,M,noah.patel4643@example.com,+44 7700 900266,cf104bd,9995177692,Chinese,2021-11-17,Withdrawn,1
4644,AN0004644,Yusuf,Patel,2004-02-15,M,yusuf.patel4644@example.com,(0161) 496 6904,SW1A 9GF,9990128278,Chinese,2023-06-13,Active,1
4645,AN0004645,Isla,Chen,1996-06-29,F,isla.chen4645@example.com,+44 7700 900431,L1 1DF,9995209810,Black Caribbean,2016-12-24,Suspended,0
4646,AN0004646,Sofia,Lawson,1997-06-08,M,sofia.lawson4646@example.com,07700900802,SW1A 1GB,9998505291,Asian Other,2020-03-04,Active,1
4647,AN0004647,Sarah,Okafor,1999-06-21,M,sarah.okafor4647@example.com,+44 7700 900950,NE1 3DG,9996344681,White Irish,2021-01-30,Active,0
4648,AN0004648,Isla,Okafor,2003-03-28,F,isla.okafor4648@example.com,(0161) 496 8177,LS1 7AB,9998038146,Black Other,2021-06-24,Suspended,0
4649,AN0004649,Yusuf,Bello,2002-11-27,M,yusuf.bello4649@example.com,+44 7700 900949,NE1 2FF,9991164960,Black African,2021-07-16,Withdrawn,1
4650,AN0004650,Noah,Rossi,1993-11-06,M,noah.rossi4650@example.com,07700900835,EH1 7GF,9990008078,Asian Other,2022-06-28,Active,0
4651,AN0004651,Erin,Byrne,1991-06-02,F,erin.byrne4651@example.com,07700900243,BS1 9BF,9997839099,White British,2019-09-15,Suspended,0
4652,AN0004652,Oliver,Thompson,2002-11-21,M,oliver.thompson4652@example.com,+44 7700 900846,NE1 1BE,9992780916,White Other,2021-01-20,Suspended,0
4653,AN0004653,Yusuf,Mackenzie,1995-06-28,F,yusuf.mackenzie4653@example.com,+44 7700 900933,B15 6HJ,9994955683,Bangladeshi,2021-09-26,Active,0
4654,AN0004654,Nadia,Bello,1955-04-17,F,nadia.bello4654@example.com,(0161) 496 1428,B15 9JG,9995966239,Black Other,2016-08-01,Active,1
4655,AN0004655,Oliver,Bianchi,1997-05-28,M,oliver.bianchi4655@example.com,07700900308,L1 8DG,9990579377,Mixed White and Asian,2024-11-20,Deferred,0
4656,AN0004656,Idris,Chen,1995-10-07,F,idris.chen4656@example.com,07700900703,NE1 1AD,9994614126,Pakistani,2022-04-10,Deferred,1
4657,AN0004657,Sofia,Okafor,1990-02-28,F,sofia.okafor4657@example.com,(0161) 496 6889,M1 2AG,9996728781,Black African,2018-11-09,Active,1
4658,AN0004658,Callum,Grant,1996-01-23,F,callum.grant4658@example.com,07700900278,M1 7DE,9996572447,Black African,2024-10-14,Withdrawn,0
4659,AN0004659,Ethan,Sharma,1995-07-30,F,ethan.sharma4659@example.com,+44 7700 900401,bs16af,9999476449,Indian,2020-12-15,Active,0
4660,AN0004660,Ruth,Doyle,1993-12-29,F,ruth.doyle4660@example.com,+44 7700 900546,cf103gd,9998716942,Black African,2021-06-09,Active,0
4661,AN0004661,Noah,Kaur,1991-02-16,F,noah.kaur4661@example.com,07700900526,B15 6JF,9991384510,Chinese,2018-11-21,Deferred,0
4662,AN0004662,Erin,Khan,1989-09-14,M,erin.khan4662@example.com,+44 7700 900309,L1 3AG,9992505753,Pakistani,2017-06-29,Active,1
4663,AN0004663,Hassan,Patel,1998-10-28,M,hassan.patel4663@example.com,+44 7700 900917,CF10 5HJ,9997607600,Mixed Other,2018-11-25,Withdrawn,1
4664,AN0004664,Wei,Sharma,2003-07-25,M,wei.sharma4664@example.com,07700900453,ne19gd,9998416493,Arab,2023-10-06,Suspended,1
4665,AN0004665,Meera,Kaur,2000-09-22,M,meera.kaur4665@example.com,+44 7700 900633,M1 4AB,9990356149,Black African,2018-11-16,Withdrawn,0
4666,AN0004666,Tom,Reid,2001-04-23,F,tom.reid4666@example.com,+44 7700 900903,EH1 8JE,9993411701,Pakistani,2020-06-20,Deferred,1
4667,AN0004667,Wei,Osman,1994-10-07,F,wei.osman4667@example.com,07700900684,L1 4DH,9997177509,Bangladeshi,2024-02-05,Deferred,1
4668,AN0004668,Ethan,Whitfield,1995-08-01,M,ethan.whitfield4668@example.com,+44 7700 900509,M1 6GD,9998377528,Pakistani,2022-09-23,Active,1
4669,AN0004669,Callum,Iqbal,2000-06-17,M,callum.iqbal4669@example.com,07700900607,G1 5BA,9995858835,Black African,2019-11-22,Active,0
4670,AN0004670,Daniel,Murray,2003-07-28,M,daniel.murray4670@example.com,07700900991,M1 2BH,9998028124,Black Other,2021-12-20,Suspended,1
4671,AN0004671,George,Nwosu,2001-08-30,M,george.nwosu4671@example.com,+44 7700 900237,CF10 3AF,9994890808,Black African,2020-01-13,Deferred,1
4672,AN0004672,Omar,Grant,1999-04-28,F,omar.grant4672@example.com,+44 7700 900342,SW1A 7HH,9994523694,Pakistani,2022-08-03,Active,0
4673,AN0004673,Chloe,Nwosu,1993-05-30,M,chloe.nwosu4673@example.com,+44 7700 900911,NE1 1DF,9998305373,Black Caribbean,2016-05-30,Deferred,0
4674,AN0004674,Hassan,Wright,2000-05-29,M,hassan.wright4674@example.com,07700900497,eh19hf,9996593525,Asian Other,2024-12-26,Suspended,1
4675,AN0004675,Meera,Murray,1996-12-16,M,meera.murray4675@example.com,(0161) 496 8950,sw1a2bd,9993573736,Asian Other,2017-02-12,Active,1
4676,AN0004676,Chloe,Novak,1997-03-16,M,chloe.novak4676@example.com,+44 7700 900197,BS1 7JA,9990537186,White Irish,2016-06-08,Suspended,0
4677,AN0004677,James,Abara,1998-04-06,F,james.abara4677@example.com,(0161) 496 9081,G1 4BD,9997943317,Mixed White and Black Caribbean,2019-07-10,Withdrawn,0
4678,AN0004678,Liam,Robertson,1998-07-12,F,liam.robertson4678@example.com,(0161) 496 1184,L1 5DB,9997830059,Other,2020-11-13,Active,0
4679,AN0004679,Idris,Cohen,1997-11-10,M,idris.cohen4679@example.com,+44 7700 900390,BS1 3HH,9998106303,White British,2021-07-25,Active,0
4680,AN0004680,Sarah,Rossi,1993-06-11,M,sarah.rossi4680@example.com,07700900443,B15 9DB,9991088644,Pakistani,2017-11-29,Suspended,1
4681,AN0004681,Leila,Fenton,1998-07-07,F,leila.fenton4681@example.com,+44 7700 900692,B15 6FF,9999758770,Mixed Other,2018-08-12,Withdrawn,1
4682,AN0004682,Hassan,Robertson,1989-08-16,M,hassan.robertson4682@example.com,07700900734,B15 6FD,9996293173,Other,2016-03-26,Active,1
4683,AN0004683,Oliver,Chen,2003-10-22,F,oliver.chen4683@example.com,+44 7700 900400,M1 7DA,9995915731,Indian,2024-11-03,Active,0
4684,AN0004684,James,Iqbal,1998-08-28,F,james.iqbal4684@example.com,+44 7700 900471,SW1A 6AE,9998386047,White British,2022-10-20,Active,0
4685,AN0004685,Hassan,Bianchi,2002-01-07,M,hassan.bianchi4685@example.com,07700900348,LS1 9AA,9998197236,Mixed White and Asian,2022-03-28,Active,0
4686,AN0004686,Isla,Nwosu,2003-03-17,F,isla.nwosu4686@example.com,+44 7700 900548,B15 4HH,9993894451,Bangladeshi,2023-06-10,Active,0
4687,AN0004687,Noah,Cohen,1990-03-15,M,noah.cohen4687@example.com,+44 7700 900560,M1 6EG,9997953940,Black Other,2019-04-12,Withdrawn,1
4688,AN0004688,Grace,Fenton,1991-04-13,F,grace.fenton4688@example.com,07700900864,M1 6FJ,9993653195,Asian Other,2017-06-01,Active,1
4689,AN0004689,Callum,Cohen,1989-08-17,M,callum.cohen4689@example.com,+44 7700 900379,CF10 2DA,9994391321,Bangladeshi,2017-08-11,Active,1
4690,AN0004690,Nadia,Bianchi,2005-10-06,M,nadia.bianchi4690@example.com,+44 7700 900399,G1 5JE,9994374826,Mixed White and Asian,2023-10-28,Active,0
4691,AN0004691,Wei,Fenton,1993-08-14,F,wei.fenton4691@example.com,(0161) 496 2593,NE1 9BH,9999124704,Black African,2022-05-19,Withdrawn,0
4692,AN0004692,Sarah,Kaur,1995-08-07,M,sarah.kaur4692@example.com,07700900392,SW1A 2FD,9991710191,White Other,2017-08-18,Deferred,1
4693,AN0004693,Isla,Sharma,1997-06-22,M,isla.sharma4693@example.com,+44 7700 900277,SW1A 5HE,9992002689,Chinese,2017-11-04,Suspended,1
4694,AN0004694,Yusuf,Sharma,1991-01-31,F,yusuf.sharma4694@example.com,07700900296,NE1 2AB,9996115062,Black Caribbean,2016-05-02,Active,1
4695,AN0004695,Callum,Khan,1999-06-15,M,callum.khan4695@example.com,07700900526,M1 2AJ,9994734032,Mixed Other,2023-07-28,Active,1
4696,AN0004696,Priya,Robertson,1994-04-30,F,priya.robertson4696@example.com,(0161) 496 5449,CF10 1AB,9991846506,Chinese,2017-01-22,Active,0
4697,AN0004697,Chloe,Reid,1995-10-30,F,chloe.reid4697@example.com,07700900192,g17fe,9991476849,Mixed White and Asian,2021-01-23,Active,0
4698,AN0004698,Isla,Rossi,1992-06-14,M,isla.rossi4698@example.com,+44 7700 900665,eh15ga,9995284316,Pakistani,2020-09-22,Deferred,1
4699,AN0004699,George,Ali,1996-04-24,M,george.ali4699@example.com,+44 7700 900892,bs15jd,9993900672,Bangladeshi,2017-05-09,Suspended,0
4700,AN0004700,Daniel,Nwosu,1996-12-25,M,daniel.nwosu4700@example.com,+44 7700 900883,M1 2ED,9997342178,Mixed Other,2019-03-24,Withdrawn,1
4701,AN0004701,Yusuf,Osman,2002-08-01,F,yusuf.osman4701@example.com,+44 7700 900947,ls11gj,9998845548,Bangladeshi,2021-05-08,Withdrawn,1
4702,AN0004702,Omar,Ali,1992-05-01,M,omar.ali4702@example.com,+44 7700 900338,SW1A 9BE,9998159571,Bangladeshi,2016-01-16,Active,1
4703,AN0004703,Idris,Haddad,1996-10-22,F,idris.haddad4703@example.com,+44 7700 900136,G1 2DJ,9997288246,Mixed Other,2023-06-19,Active,1
4704,AN0004704,Sofia,Novak,1990-08-01,M,sofia.novak4704@example.com,+44 7700 900736,NE1 6GH,9997680170,Pakistani,2019-11-14,Deferred,0
4705,AN0004705,Nadia,Wright,1992-05-20,F,nadia.wright4705@example.com,+44 7700 900453,m17gj,9998169178,Pakistani,2022-02-04,Deferred,0
4706,AN0004706,Sarah,Adeyemi,2005-06-29,M,sarah.adeyemi4706@example.com,+44 7700 900458,EH1 9BE,9990582092,Asian Other,2023-11-08,Deferred,1
4707,AN0004707,Oliver,Mackenzie,1999-06-20,M,oliver.mackenzie4707@example.com,+44 7700 900523,bs16aj,9996572110,Arab,2019-03-13,Deferred,0
4708,AN0004708,Ethan,Murray,1998-01-25,M,ethan.murray4708@example.com,(0161) 496 8654,BS1 1EG,9991169989,Mixed Other,2024-06-01,Active,1
4709,AN0004709,Idris,Patel,1996-10-30,M,idris.patel4709@example.com,+44 7700 900791,SW1A 6GE,9995085801,Black African,2023-03-27,Withdrawn,0
4710,AN0004710,Callum,Fenton,2000-06-21,F,callum.fenton4710@example.com,+44 7700 900238,EH1 5JF,9992597690,Pakistani,2021-01-23,Active,1
4711,AN0004711,Noah,Cohen,1999-11-11,M,noah.cohen4711@example.com,07700900245,CF10 3BD,9990784434,Other,2021-12-06,Active,0
4712,AN0004712,James,Abara,1999-02-25,M,james.abara4712@example.com,07700900254,SW1A 5AA,9997631587,Mixed Other,2018-08-03,Deferred,0
4713,AN0004713,Isla,Lawson,2000-09-26,M,isla.lawson4713@example.com,07700900221,M1 4JB,9993483087,Mixed White and Asian,2020-01-23,Withdrawn,0
4714,AN0004714,Meera,Sharma,1996-08-06,F,meera.sharma4714@example.com,07700900598,SW1A 8FB,9992824883,Asian Other,2017-03-10,Active,1
4715,AN0004715,George,Novak,1994-07-19,M,george.novak4715@example.com,+44 7700 900119,m19aj,9999800653,Mixed White and Black Caribbean,2020-10-15,Active,1
4716,AN0004716,Chloe,Patel,1998-09-19,F,chloe.patel4716@example.com,(0161) 496 2173,B15 7AB,9993210706,Asian Other,2022-05-19,Active,1
4717,AN0004717,Oliver,Chen,1991-12-15,M,oliver.chen4717@example.com,07700900407,CF10 4FF,9994986937,Black Other,2021-02-05,Active,0
4718,AN0004718,Sofia,Abara,2000-08-08,M,sofia.abara4718@example.com,+44 7700 900637,BS1 8JE,9996866696,Mixed Other,2023-08-06,Active,1
4719,AN0004719,Noah,Sharma,1992-05-25,F,noah.sharma4719@example.com,07700900179,m11jd,9994835165,Other,2018-01-14,Deferred,0
4720,AN0004720,Sarah,Okafor,1989-12-30,F,sarah.okafor4720@example.com,+44 7700 900528,G1 9HG,9994673858,Bangladeshi,2018-09-02,Withdrawn,0
4721,AN0004721,Sarah,Osman,1996-07-13,F,sarah.osman4721@example.com,07700900939,ne11jb,9990645701,White Irish,2021-01-29,Active,1
4722,AN0004722,Callum,Chen,1999-01-08,F,callum.chen4722@example.com,07700900125,G1 2BF,9996126854,Asian Other,2022-07-17,Active,1
4723,AN0004723,Ruth,Murray,2005-12-15,M,ruth.murray4723@example.com,+44 7700 900923,L1 7JE,9995171368,Black Caribbean,2023-12-13,Active,1
4724,AN0004724,Grace,Reid,2004-01-16,F,grace.reid4724@example.com,+44 7700 900679,BS1 8GB,9996125599,Black Other,2024-05-15,Withdrawn,1
4725,AN0004725,Grace,Nwosu,2003-11-13,M,grace.nwosu4725@example.com,(0161) 496 5399,LS1 6HA,9991837337,Indian,2024-12-12,Suspended,1
4726,AN0004726,Noah,Lawson,1996-12-23,M,noah.lawson4726@example.com,(0161) 496 2116,G1 1FG,9997439007,Bangladeshi,2023-07-18,Withdrawn,0
4727,AN0004727,Ethan,Doyle,1996-08-12,F,ethan.doyle4727@example.com,+44 7700 900706,CF10 5HH,9994941828,Other,2023-09-30,Active,1
4728,AN0004728,Ruth,Reid,1999-10-17,M,ruth.reid4728@example.com,+44 7700 900184,l15jb,999749964,Arab,2018-06-08,Active,0
4729,AN0004729,Yusuf,Haddad,2001-04-20,F,yusuf.haddad4729@example.com,+44 7700 900378,l11dj,9994049860,White Other,2020-05-24,Active,0
4730,AN0004730,Oliver,Nwosu,1993-03-27,M,oliver.nwosu4730@example.com,+44 7700 900527,G1 4FH,9999240011,Pakistani,2018-12-29,Active,0
4731,AN0004731,Hassan,Wright,1994-02-03,F,hassan.wright4731@example.com,07700900930,NE1 2JD,9993129348,White Irish,2022-07-26,Active,1
4732,AN0004732,Amara,Byrne,1991-06-23,F,amara.byrne4732@example.com,07700900771,cf101dh,9991406204,Mixed White and Asian,2016-10-24,Withdrawn,0
4733,AN0004733,Liam,Reid,1992-03-12,F,liam.reid4733@example.com,+44 7700 900715,L1 2FE,9996009866,Arab,2020-12-14,Suspended,0
4734,AN0004734,Leila,Okafor,1996-12-31,M,leila.okafor4734@example.com,+44 7700 900397,BS1 1DG,9991081933,White Irish,2016-04-30,Active,1
4735,AN0004735,Isla,Bianchi,1992-09-18,M,isla.bianchi4735@example.com,+44 7700 900779,G1 6BJ,9999895476,Mixed Other,2016-04-04,Suspended,0
4736,AN0004736,Hassan,Adeyemi,1993-04-29,F,hassan.adeyemi4736@example.com,(0161) 496 2715,BS1 6AE,9999062245,White Other,2017-01-14,Active,0
4737,AN0004737,Hassan,Bianchi,2001-03-26,F,hassan.bianchi4737@example.com,+44 7700 900603,cf106bb,9990200734,Indian,2023-06-25,Withdrawn,0
4738,AN0004738,Callum,Novak,1999-07-28,F,callum.novak4738@example.com,+44 7700 900569,cf104bj,9990434107,Mixed White and Asian,2020-02-02,Active,1
4739,AN0004739,Ruth,Adeyemi,1993-05-12,M,ruth.adeyemi4739@example.com,+44 7700 900828,CF10 2BF,9998824486,Indian,2021-08-05,Deferred,1
4740,AN0004740,Idris,Haddad,1998-07-30,F,idris.haddad4740@example.com,(0161) 496 7989,BS1 5GB,9991613145,Arab,2019-02-15,Withdrawn,0
4741,AN0004741,Kai,Khan,1998-12-16,M,,+44 7700 900284,B15 1BE,9996652688,Mixed White and Black Caribbean,2022-05-30,Active,0
4742,AN0004742,Oliver,Bianchi,1989-11-25,M,oliver.bianchi4742@example.com,+44 7700 900380,B15 7HF,9996902463,Mixed White and Asian,2019-04-25,Active,1
4743,AN0004743,Noah,Iqbal,1995-09-23,F,noah.iqbal4743@example.com,+44 7700 900618,bs14eb,9998807190,Mixed White and Asian,2016-07-09,Active,0
4744,AN0004744,Isla,Chen,2002-08-21,F,isla.chen4744@example.com,+44 7700 900624,CF10 3BD,9999081592,Arab,2022-05-15,Withdrawn,0
4745,AN0004745,Wei,Adeyemi,1994-01-08,M,wei.adeyemi4745@example.com,07700900428,BS1 5DH,9994572997,Arab,2022-04-08,Active,1
4746,AN0004746,James,Patel,1990-07-16,M,james.patel4746@example.com,(0161) 496 8251,g13gb,9993290971,Indian,2017-03-19,Active,1
4747,AN0004747,Omar,Kaur,1991-08-18,F,omar.kaur4747@example.com,07700900426,NE1 4FE,9998497272,Arab,2018-05-17,Suspended,0
4748,AN0004748,Tom,Mackenzie,2001-03-13,F,,(0161) 496 5023,LS1 7BH,9994568795,Black Caribbean,2019-12-30,Active,1
4749,AN0004749,Oliver,Robertson,1991-07-08,F,oliver.robertson4749@example.com,07700900351,eh11gd,9999097049,Mixed Other,2021-03-19,Deferred,0
4750,AN0004750,Amara,Chen,1999-09-12,F,amara.chen4750@example.com,+44 7700 900414,g16ef,9991099867,Mixed Other,2021-03-10,Withdrawn,1
4751,AN0004751,Oliver,Osman,1994-10-22,F,oliver.osman4751@example.com,07700900580,SW1A 8FE,9997500296,White Irish,2022-10-22,Deferred,1
4752,AN0004752,Daniel,Lawson,1992-10-05,F,daniel.lawson4752@example.com,+44 7700 900166,CF10 9GB,9996357724,White British,2019-10-17,Suspended,1
4753,AN0004753,Yusuf,Bello,1988-06-25,M,yusuf.bello4753@example.com,+44 7700 900542,EH1 6HE,9998216117,Black Other,2017-03-05,Suspended,0
4754,AN0004754,George,Chen,1995-03-20,M,george.chen4754@example.com,(0161) 496 1559,ne14aa,9997537149,Bangladeshi,2023-10-25,Active,1
4755,AN0004755,Callum,Bello,1987-03-12,F,callum.bello4755@example.com,+44 7700 900926,EH1 5EE,9992788550,Other,2016-07-07,Active,0
4756,AN0004756,Hannah,Robertson,2009-01-21,F,hannah.robertson4756@example.com,07700900311,SW1A 3EH,9991650873,Mixed White and Black Caribbean,2024-09-08,Active,0
4757,AN0004757,Meera,Ali,1995-04-20,M,meera.ali4757@example.com,07700900421,M1 8JB,9998749441,Bangladeshi,2022-06-21,Active,0
4758,AN0004758,Kai,Wright,1997-12-24,M,kai.wright4758@example.com,07700900797,l14bb,9999756832,Bangladeshi,2017-05-12,Active,1
4759,AN0004759,James,Adeyemi,1990-04-10,F,james.adeyemi4759@example.com,(0161) 496 4475,EH1 9HG,9992230304,Black Other,2019-11-12,Suspended,0
4760,AN0004760,Sofia,Lawson,1997-03-06,,sofia.lawson4760@example.com,(0161) 496 8952,CF10 9AD,9993472336,White Other,2022-03-19,Active,0
4761,AN0004761,Oliver,Lawson,2003-06-12,M,oliver.lawson4761@example.com,+44 7700 900675,NE1 8AE,9994807730,Asian Other,2022-02-25,Deferred,1
4762,AN0004762,Zainab,Whitfield,1997-02-04,F,zainab.whitfield4762@example.com,07700900664,G1 7EA,9995268663,Other,2020-05-23,Active,1
4763,AN0004763,Nadia,Adeyemi,1992-04-08,M,nadia.adeyemi4763@example.com,(0161) 496 4447,SW1A 4JF,9990063923,Black African,2016-04-06,Suspended,1
4764,AN0004764,Erin,Doyle,1992-10-25,M,erin.doyle4764@example.com,+44 7700 900202,b154ej,9997428420,Black Other,2022-03-04,Active,1
4765,AN0004765,Noah,Patel,1995-08-17,F,noah.patel4765@example.com,(0161) 496 9811,NE1 5HB,9996546365,White Irish,2020-01-27,Active,0
4766,AN0004766,George,Cohen,1993-08-04,M,george.cohen4766@example.com,+44 7700 900484,EH1 6DJ,9996553221,Mixed White and Asian,2021-01-18,Active,1
4767,AN0004767,Amara,Haddad,2000-08-24,F,amara.haddad4767@example.com,+44 7700 900196,LS1 7HE,9990570590,Indian,2023-09-25,Withdrawn,1
4768,AN0004768,Ethan,Kaur,1996-11-30,M,ethan.kaur4768@example.com,+44 7700 900660,b154de,9993711918,Pakistani,2021-06-21,Deferred,0
4769,AN0004769,Omar,Robertson,1993-07-20,F,omar.robertson4769@example.com,(0161) 496 8101,NE1 3EA,9991348263,Mixed White and Black Caribbean,2016-01-12,Withdrawn,1
4770,AN0004770,Liam,Chen,1993-05-30,M,liam.chen4770@example.com,(0161) 496 9330,M1 6JB,9996397092,White British,2022-01-04,Active,1
4771,AN0004771,Hannah,Bianchi,2000-05-04,F,hannah.bianchi4771@example.com,(0161) 496 7599,G1 1BJ,9997338324,Other,2023-07-24,Withdrawn,1
4772,AN0004772,Yusuf,Bello,2005-05-23,M,yusuf.bello4772@example.com,+44 7700 900887,NE1 4EH,9998942780,Asian Other,2024-07-14,Suspended,0
4773,AN0004773,Nadia,Abara,1996-02-02,F,nadia.abara4773@example.com,+44 7700 900212,EH1 2AB,9997425871,White Other,2019-05-24,Active,1
4774,AN0004774,Erin,Patel,1994-11-23,M,erin.patel4774@example.com,07700900475,EH1 2AG,9997568540,Pakistani,2017-01-23,Active,1
4775,AN0004775,Callum,Grant,1996-11-06,F,callum.grant4775@example.com,+44 7700 900411,NE1 6FD,9999860974,Black African,2017-03-19,Withdrawn,0
4776,AN0004776,Ethan,Osman,1990-12-13,F,ethan.osman4776@example.com,+44 7700 900770,ne12bd,9996293823,Arab,2018-03-11,Activ,1
4777,AN0004777,Sofia,Khan,2000-05-27,M,sofia.khan4777@example.com,+44 7700 900113,B15 6JF,9999503977,Mixed White and Asian,2021-07-25,Active,0
4778,AN0004778,George,Lawson,1990-11-30,M,george.lawson4778@example.com,07700900612,NE1 9HH,9998367468,Chinese,2016-04-21,Active,0
4779,AN0004779,Fatima,Mackenzie,2000-02-16,F,fatima.mackenzie4779@example.com,07700900142,ls18ha,9997048032,Chinese,2022-08-28,Active,0
4780,AN0004780,Chloe,Khan,1992-02-15,M,chloe.khan4780@example.com,+44 7700 900463,CF10 5BH,9992090693,Indian,2016-02-25,Active,0
4781,AN0004781,Sarah,Rossi,1996-11-14,M,sarah.rossi4781@example.com,07700900546,B15 2AB,9993880868,Bangladeshi,2022-11-18,Suspended,1
4782,AN0004782,Noah,Haddad,1990-09-24,M,,+44 7700 900207,LS1 3HH,9995538377,Chinese,2017-12-03,Withdrawn,1
4783,AN0004783,Meera,Bello,1994-10-23,F,meera.bello4783@example.com,07700900839,b155he,9998521475,Black Other,2024-07-02,Suspended,0
4784,AN0004784,Sofia,Haddad,2000-11-01,M,sofia.haddad4784@example.com,(0161) 496 1586,B15 9GF,9992895942,Pakistani,2022-08-07,Active,0
4785,AN0004785,Idris,Adeyemi,2000-07-14,F,idris.adeyemi4785@example.com,+44 7700 900677,L1 9AF,9998189020,White Irish,2024-03-29,Active,0
4786,AN0004786,Sofia,Byrne,2000-03-21,M,sofia.byrne4786@example.com,07700900666,NE1 4BB,9997057376,Other,2018-11-07,Active,0
4787,AN0004787,Hassan,Bianchi,1996-09-26,M,hassan.bianchi4787@example.com,+44 7700 900141,BS1 7BF,9992203250,Black Caribbean,2023-05-07,Active,0
4788,AN0004788,Sofia,Doyle,1995-09-05,,sofia.doyle4788@example.com,07700900824,L1 7EB,9995136651,Indian,2017-05-10,Deferred,0
4789,AN0004789,James,Haddad,1994-03-16,M,james.haddad4789@example.com,+44 7700 900363,b155he,9998476127,Black Caribbean,2021-04-20,Active,1
4790,AN0004790,Leila,Lawson,1990-05-18,F,leila.lawson4790@example.com,07700900700,G1 5AF,9998946956,Black African,2017-08-24,Active,0
4791,AN0004791,Tom,Reid,2000-04-06,F,tom.reid4791@example.com,+44 7700 900753,B15 7BD,9991731059,Bangladeshi,2024-12-21,Withdrawn,0
4792,AN0004792,Daniel,Haddad,1992-04-12,M,daniel.haddad4792@example.com,+44 7700 900228,B15 5DD,9997696506,Asian Other,2018-01-17,Active,0
4793,AN0004793,Idris,Wright,2001-02-28,,idris.wright4793@example.com,+44 7700 900735,g16jj,9994369172,White Other,2019-10-13,Active,0
4794,AN0004794,Idris,Chen,1994-02-12,F,idris.chen4794@example.com,+44 7700 900514,LS1 8FB,9999746691,Asian Other,2016-08-20,Active,1
4795,AN0004795,Chloe,Mackenzie,2004-03-11,F,chloe.mackenzie4795@example.com,+44 7700 900102,L1 3FH,9991343385,White Other,2022-09-06,Active,0
4796,AN0004796,James,Kaur,1993-03-06,F,james.kaur4796@example.com,+44 7700 900494,G1 1HF,9990368406,Mixed White and Asian,2017-03-12,Deferred,1
4797,AN0004797,Amara,Nwosu,1991-05-13,M,amara.nwosu4797@example.com,+44 7700 900169,LS1 2AJ,9996427250,White Other,2019-12-29,Active,0
4798,AN0004798,Chloe,Novak,1998-04-27,F,chloe.novak4798@example.com,+44 7700 900186,CF10 6EG,9994699482,White British,2022-09-02,Active,1
4799,AN0004799,Liam,Lawson,2001-12-31,F,liam.lawson4799@example.com,07700900183,L1 8AJ,9992923733,Pakistani,2021-10-08,Deferred,0
4800,AN0004800,Zainab,Thompson,1998-12-01,F,zainab.thompson4800@example.com,07700900406,EH1 4DF,9996328317,Mixed Other,2019-03-24,Suspended,0
4801,AN0004801,Leila,Robertson,1995-12-03,F,leila.robertson4801@example.com,07700900919,ne17ga,9991360808,Mixed White and Asian,2022-02-24,Active,0
4802,AN0004802,Hannah,Kaur,1987-03-25,F,hannah.kaur4802@example.com,07700900240,L1 5FB,9998834848,Bangladeshi,2016-11-16,Active,0
4803,AN0004803,Omar,Iqbal,2005-08-30,M,omar.iqbal4803@example.com,+44 7700 900431,G1 7GJ,9990828830,Black African,2024-01-23,Active,0
4804,AN0004804,Grace,Okafor,1992-10-02,F,grace.okafor4804@example.com,+44 7700 900772,CF10 4EG,9992615982,Bangladeshi,2020-03-21,Active,0
4805,AN0004805,Ruth,Sharma,1990-12-23,M,ruth.sharma4805@example.com,+44 7700 900538,cf109ae,9993537322,Chinese,2019-07-23,Deferred,1
4806,AN0004806,Amara,Doyle,2004-10-18,M,amara.doyle4806@example.com,(0161) 496 5172,L1 7HF,9999268080,Arab,2022-10-24,Deferred,0
4807,AN0004807,Priya,Reid,2009-04-27,F,priya.reid4807@example.com,+44 7700 900988,B15 7EB,9995551969,Other,2024-01-26,Active,1
4808,AN0004808,Meera,Haddad,1992-07-21,,meera.haddad4808@example.com,07700900266,M1 1AA,9992182350,Mixed Other,2016-11-29,Active,1
4809,AN0004809,Fatima,Khan,1996-05-08,M,fatima.khan4809@example.com,+44 7700 900374,NE1 1FF,9995266644,Mixed White and Black Caribbean,2022-02-09,Active,0
4810,AN0004810,Leila,Reid,1988-02-22,M,leila.reid4810@example.com,(0161) 496 9350,SW1A 5AG,9992733454,White Irish,2017-09-12,Withdrawn,1
4811,AN0004811,Erin,Robertson,2002-05-16,M,erin.robertson4811@example.com,(0161) 496 9684,EH1 8HD,9992288299,Mixed White and Asian,2023-11-12,Withdrawn,0
4812,AN0004812,Oliver,Thompson,1994-12-09,F,oliver.thompson4812@example.com,+44 7700 900857,BS1 5EG,9995139472,Black Other,2018-08-02,Suspended,1
4813,AN0004813,Fatima,Adeyemi,1998-03-29,F,fatima.adeyemi4813@example.com,07700900583,B15 8BG,9997330064,Pakistani,2022-11-10,Deferred,1
4814,AN0004814,Oliver,Chen,1998-01-03,M,oliver.chen4814@example.com,07700900433,CF10 5JB,9997365070,Chinese,2023-02-11,Active,0
4815,AN0004815,Leila,Adeyemi,1990-12-19,M,leila.adeyemi4815@example.com,+44 7700 900617,B15 3HD,9992123095,White British,2016-04-23,Suspended,1
4816,AN0004816,Sarah,Nwosu,1989-06-08,F,sarah.nwosu4816@example.com,07700900163,CF10 6HE,9995368536,White Irish,2016-03-08,Withdrawn,0
4817,AN0004817,Leila,Adeyemi,1987-02-15,F,leila.adeyemi4817@example.com,07700900603,LS1 4HF,9993067504,Indian,2016-11-10,Suspended,1
4818,AN0004818,Daniel,Doyle,1996-02-25,M,daniel.doyle4818@example.com,+44 7700 900492,cf104ag,9995295261,Chinese,2019-07-28,Active,0
4819,AN0004819,George,Whitfield,1999-01-16,F,george.whitfield4819@example.com,+44 7700 900582,CF10 7BE,9996773183,Black African,2019-01-26,Active,0
4820,AN0004820,George,Patel,1994-10-08,M,george.patel4820@example.com,+44 7700 900791,LS1 1GG,9993812854,Bangladeshi,2022-01-11,Suspended,1
4821,AN0004821,Tom,Abara,2004-01-14,M,tom.abara4821@example.com,(0161) 496 2570,LS1 7AE,9994258591,Black Other,2022-01-17,Suspended,0
4822,AN0004822,Hannah,Byrne,1997-07-31,F,,+44 7700 900320,BS1 9FJ,9997486536,Indian,2018-02-11,Active,1
4823,AN0004823,Zainab,Reid,1992-08-28,F,zainab.reid4823@example.com,+44 7700 900453,eh19ab,9990317488,Other,2017-12-02,Active,1
4824,AN0004824,Liam,Fenton,1993-04-11,F,liam.fenton4824@example.com,07700900490,B15 1JB,9996597334,White Other,2021-11-28,Active,0
4825,AN0004825,Daniel,Lawson,1993-10-06,M,daniel.lawson4825@example.com,(0161) 496 4347,G1 2BG,9992415770,Bangladeshi,2023-05-18,Withdrawn,1
4826,AN0004826,Sofia,Kaur,2000-08-20,M,sofia.kaur4826@example.com,(0161) 496 3329,LS1 7HG,9998238145,Black Caribbean,2023-12-04,Deferred,0
4827,AN0004827,Amara,Rossi,1999-04-23,F,amara.rossi4827@example.com,07700900628,SW1A 6EE,9998512220,Mixed White and Black Caribbean,2022-10-08,Withdrawn,0
4828,AN0004828,Idris,Cohen,1998-11-28,F,idris.cohen4828@example.com,+44 7700 900951,G1 7BF,9990488681,Mixed White and Asian,2023-04-11,Active,1
4829,AN0004829,Liam,Novak,1994-04-07,F,liam.novak4829@example.com,07700900603,LS1 9HE,9991219676,Asian Other,2018-12-15,Withdrawn,1
4830,AN0004830,Sarah,Fenton,1989-02-10,M,sarah.fenton4830@example.com,+44 7700 900791,L1 3JE,9991408509,Other,2017-08-17,Active,1
4831,AN0004831,Idris,Byrne,1996-07-03,F,idris.byrne4831@example.com,07700900772,CF10 2AD,9997988531,Asian Other,2021-02-10,Withdrawn,1
4832,AN0004832,Liam,Bello,1989-07-17,M,liam.bello4832@example.com,07700900592,NE1 3EH,9996120791,Mixed White and Black Caribbean,2018-03-31,Suspended,1
4833,AN0004833,James,Bello,1998-01-13,F,james.bello4833@example.com,+44 7700 900901,m19fe,9999790178,Black Caribbean,2018-03-03,Deferred,0
4834,AN0004834,Fatima,Bello,2000-09-20,M,fatima.bello4834@example.com,+44 7700 900780,M1 6FE,9990729239,Mixed Other,2020-12-20,Active,1
4835,AN0004835,Chloe,Bello,1994-10-09,F,chloe.bello4835@example.com,+44 7700 900445,CF10 5DD,9990421722,Mixed White and Black Caribbean,2021-11-25,Withdrawn,1
4836,AN0004836,Omar,Fenton,1997-01-22,F,omar.fenton4836@example.com,+44 7700 900251,L1 2EA,9996261778,White Other,2016-05-28,Withdrawn,0
4837,AN0004837,Daniel,Whitfield,1993-01-09,M,daniel.whitfield4837@example.com,07700900891,BS1 6FH,9992924055,White Irish,2021-10-28,Withdrawn,1
4838,AN0004838,Fatima,Lawson,1997-03-13,M,fatima.lawson4838@example.com,+44 7700 900759,l15aj,9999911552,Chinese,2020-09-25,Suspended,0
4839,AN0004839,Sarah,Iqbal,1994-11-15,M,sarah.iqbal4839@example.com,+44 7700 900397,B15 6AJ,9991929509,Mixed White and Black Caribbean,2022-06-21,Deferred,0
4840,AN0004840,Hannah,Wright,1996-08-17,M,hannah.wright4840@example.com,(0161) 496 2750,cf106af,9999398057,White British,2020-09-21,Active,1
4841,AN0004841,Amara,Byrne,1998-09-24,M,amara.byrne4841@example.com,+44 7700 900756,cf103hg,9993365645,Asian Other,2021-11-17,Active,1
4842,AN0004842,Noah,Nwosu,1990-07-12,F,noah.nwosu4842@example.com,+44 7700 900429,g13ef,9999324150,Mixed White and Asian,2016-01-12,Suspended,0
4843,AN0004843,Chloe,Abara,1993-10-13,M,chloe.abara4843@example.com,07700900543,SW1A 1JE,9999314503,Black Caribbean,2023-05-27,Active,0
4844,AN0004844,Noah,Iqbal,1992-07-02,M,noah.iqbal4844@example.com,07700900420,NE1 6JJ,9992980710,Mixed White and Black Caribbean,2021-08-30,Active,0
4845,AN0004845,Zainab,Reid,1990-12-29,F,zainab.reid4845@example.com,+44 7700 900433,NE1 2EH,9996188000,Arab,2017-06-25,Active,1
4846,AN0004846,Kai,Iqbal,1997-05-26,F,kai.iqbal4846@example.com,+44 7700 900240,LS1 2GG,9993144045,Black Other,2024-11-26,Withdrawn,1
4847,AN0004847,Ethan,Fenton,1993-04-26,F,ethan.fenton4847@example.com,(0161) 496 3646,cf102fd,9999271065,Other,2018-12-10,Active,1
4848,AN0004848,Daniel,Khan,1991-01-23,M,daniel.khan4848@example.com,(0161) 496 2309,SW1A 9BD,9994511866,Black Other,2019-10-09,Suspended,0
4849,AN0004849,Oliver,Khan,2000-07-04,M,oliver.khan4849@example.com,+44 7700 900390,CF10 7BE,9991350640,Other,2024-07-01,Active,0
4850,AN0004850,Leila,Kaur,1998-11-29,F,leila.kaur4850@example.com,+44 7700 900793,m13be,9990571511,Mixed White and Black Caribbean,2022-08-23,Suspended,0
4851,AN0004851,Tom,Patel,1994-06-23,M,tom.patel4851@example.com,(0161) 496 9746,CF10 4JG,9998238579,Chinese,2017-07-29,Active,0
4852,AN0004852,Zainab,Grant,1997-01-15,M,zainab.grant4852@example.com,(0161) 496 6139,B15 4AD,9999266509,Asian Other,2018-05-30,Deferred,1
4853,AN0004853,Tom,Fenton,1998-05-17,F,tom.fenton4853@example.com,+44 7700 900656,m18jd,9992010320,Asian Other,2016-07-02,Active,0
4854,AN0004854,Liam,Okafor,1990-06-23,F,liam.okafor4854@example.com,+44 7700 900936,BS1 6HF,9999471307,Arab,2018-02-08,Deferred,0
4855,AN0004855,Kai,Okafor,2001-09-21,M,kai.okafor4855@example.com,07700900347,eh17ah,9991648313,Bangladeshi,2020-09-20,Active,0
4856,AN0004856,Callum,Wright,1996-05-25,F,callum.wright4856@example.com,07700900215,M1 1DG,9990612269,White Irish,2016-10-31,Withdrawn,1
4857,AN0004857,Ruth,Thompson,1989-12-31,F,ruth.thompson4857@example.com,+44 7700 900543,eh12fg,9998231388,Black Caribbean,2019-03-23,Active,1
4858,AN0004858,Hannah,Lawson,1996-12-16,M,hannah.lawson4858@example.com,+44 7700 900308,L1 6EF,9997464028,Chinese,2018-03-24,Active,1
4859,AN0004859,Hannah,Iqbal,1990-12-26,M,hannah.iqbal4859@example.com,+44 7700 900415,ls19eg,9999461069,White British,2023-04-05,Deferred,0
4860,AN0004860,Erin,Adeyemi,1995-03-30,F,erin.adeyemi4860@example.com,+44 7700 900706,m13eg,9997910036,Chinese,2016-07-21,Active,1
4861,AN0004861,Erin,Grant,2000-12-22,F,erin.grant4861@example.com,+44 7700 900602,SW1A 9HJ,9999514316,Mixed White and Asian,2023-12-22,Active,1
4862,AN0004862,Daniel,Khan,1998-12-16,F,daniel.khan4862@example.com,+44 7700 900913,EH1 9BH,9997172159,Mixed Other,2024-07-24,Active,0
4863,AN0004863,Hassan,Reid,2000-03-03,F,hassan.reid4863@example.com,+44 7700 900739,b151fa,9994871021,Other,2020-10-18,Withdrawn,0
4864,AN0004864,George,Bello,1989-07-16,F,george.bello4864@example.com,(0161) 496 5471,m12jj,9994940139,Mixed White and Asian,2018-04-28,Active,1
4865,AN0004865,Hannah,Sharma,1997-05-21,M,hannah.sharma4865@example.com,+44 7700 900129,sw1a1bd,9998370256,Mixed Other,2021-02-28,Active,0
4866,AN0004866,Wei,Reid,1997-07-12,F,wei.reid4866@example.com,+44 7700 900748,SW1A 5EG,9995413167,Black Other,2023-11-02,Suspended,1
4867,AN0004867,Idris,Thompson,1999-03-18,M,idris.thompson4867@example.com,+44 7700 900250,b153jb,9992090464,Mixed White and Asian,2017-09-11,Withdrawn,0
4868,AN0004868,Wei,Bello,1999-05-27,M,wei.bello4868@example.com,(0161) 496 7455,bs18bj,9996267822,White Other,2020-06-29,Active,1
4869,AN0004869,Noah,Robertson,1991-11-08,F,noah.robertson4869@example.com,(0161) 496 1581,LS1 7BG,9991861343,Arab,2021-03-25,Active,1
4870,AN0004870,Callum,Kaur,1988-10-16,F,callum.kaur4870@example.com,(0161) 496 9970,NE1 7JF,9999597378,Mixed Other,2017-01-17,Withdrawn,0
4871,AN0004871,Callum,Iqbal,1996-08-04,M,callum.iqbal4871@example.com,+44 7700 900735,CF10 4BB,9992388838,Black African,2023-09-29,Active,0
4872,AN0004872,Leila,Kaur,1993-08-25,M,leila.kaur4872@example.com,+44 7700 900644,SW1A 9HD,9992108738,Other,2020-03-04,Active,1
4873,AN0004873,Amara,Kaur,1996-12-18,F,amara.kaur4873@example.com,(0161) 496 7979,EH1 9AJ,9994062794,Asian Other,2019-04-18,Active,1
4874,AN0004874,Oliver,Bello,2000-01-21,M,oliver.bello4874@example.com,07700900559,B15 4FH,9994644289,Arab,2024-06-22,Deferred,0
4875,AN0004875,Amara,Doyle,1999-03-28,M,amara.doyle4875@example.com,(0161) 496 1030,sw1a6bd,9994869353,White British,2018-06-28,Active,1
4876,AN0004876,Tom,Haddad,2001-03-21,M,tom.haddad4876@example.com,07700900263,L1 1ED,9996136264,Asian Other,2023-04-11,Suspended,0
4877,AN0004877,Chloe,Wright,1989-11-03,F,chloe.wright4877@example.com,07700900253,SW1A 1GF,9993526223,White Other,2019-01-31,Active,1
4878,AN0004878,Priya,Abara,1998-04-06,F,priya.abara4878@example.com,+44 7700 900579,bs15ba,9990319715,White Other,2016-05-22,Active,1
4879,AN0004879,Noah,Okafor,1996-03-27,M,noah.okafor4879@example.com,+44 7700 900339,NE1 6GF,9997684761,Other,2022-01-03,Active,0
4880,AN0004880,Ruth,Kaur,1998-12-22,F,ruth.kaur4880@example.com,+44 7700 900698,EH1 5FD,9990766444,Black Caribbean,2020-05-09,Active,0
4881,AN0004881,Erin,Robertson,1990-02-23,M,erin.robertson4881@example.com,(0161) 496 6112,M1 3DD,9993876739,Black Caribbean,2017-05-13,Active,0
4882,AN0004882,Ethan,Mackenzie,2001-01-29,M,ethan.mackenzie4882@example.com,+44 7700 900211,ne13fg,9991406530,Black Caribbean,2020-04-07,Active,0
4883,AN0004883,Grace,Abara,1993-07-03,F,grace.abara4883@example.com,(0161) 496 4566,M1 7JG,9999754236,Arab,2018-01-11,Active,0
4884,AN0004884,Sarah,Murray,1997-08-21,M,sarah.murray4884@example.com,(0161) 496 3818,ne15ge,9991587071,White Other,2024-04-24,Withdrawn,1
4885,AN0004885,Sofia,Murray,1987-12-09,M,sofia.murray4885@example.com,07700900973,M1 1HA,9991593853,White Irish,2017-03-08,Deferred,0
4886,AN0004886,Ethan,Byrne,1991-08-19,F,ethan.byrne4886@example.com,(0161) 496 6952,b154jb,9999743331,Black Caribbean,2019-02-22,Active,1
4887,AN0004887,Liam,Thompson,1995-12-16,M,liam.thompson4887@example.com,(0161) 496 6946,M1 5HF,9992294833,White Irish,2024-08-24,Withdrawn,0
4888,AN0004888,Noah,Chen,1986-09-10,F,noah.chen4888@example.com,+44 7700 900558,eh14fe,9998621313,Black African,2016-02-05,Active,0
4889,AN0004889,Omar,Patel,1988-09-15,M,omar.patel4889@example.com,07700900647,CF10 6GF,9997323424,Black Other,2017-04-24,Active,0
4890,AN0004890,Ethan,Fenton,2001-04-17,F,ethan.fenton4890@example.com,07700900528,g12je,9999426204,Mixed Other,2020-11-23,Deferred,0
4891,AN0004891,Hassan,Lawson,1989-12-31,F,hassan.lawson4891@example.com,07700900483,LS1 1GF,9990854122,Black Caribbean,2019-04-16,Withdrawn,1
4892,AN0004892,Meera,Wright,1999-12-11,M,meera.wright4892@example.com,+44 7700 900803,G1 1JE,9999295797,Arab,2022-03-24,Suspended,1
4893,AN0004893,Noah,Reid,1996-07-02,F,noah.reid4893@example.com,+44 7700 900319,EH1 3DD,9992467754,White Other,2017-04-10,Active,1
4894,AN0004894,Ruth,Abara,1999-08-01,M,ruth.abara4894@example.com,(0161) 496 9118,LS1 2BH,9994421697,Mixed White and Asian,2020-07-27,Active,1
4895,AN0004895,Nadia,Sharma,1997-08-14,M,nadia.sharma4895@example.com,07700900841,b154hh,9996626083,Black Other,2016-01-11,Withdrawn,1
4896,AN0004896,Sofia,Wright,2002-03-24,M,sofia.wright4896@example.com,(0161) 496 4395,G1 6FG,9997797345,Indian,2023-11-17,Active,1
4897,AN0004897,James,Adeyemi,2002-02-01,M,james.adeyemi4897@example.com,07700900242,M1 4GJ,9990432082,White British,2021-07-26,Withdrawn,1
4898,AN0004898,Hannah,Fenton,1993-12-08,M,hannah.fenton4898@example.com,+44 7700 900693,NE1 9HG,9993345989,Black African,2020-09-19,Active,1
4899,AN0004899,Sarah,Bianchi,1998-06-04,M,sarah.bianchi4899@example.com,+44 7700 900837,CF10 4GA,9990529566,Black African,2023-11-13,Active,1
4900,AN0004900,Noah,Nwosu,1990-11-08,F,noah.nwosu4900@example.com,+44 7700 900385,L1 7BG,9990128804,White Other,2019-04-24,Active,0
4901,AN0004901,Isla,Thompson,1993-10-08,F,isla.thompson4901@example.com,+44 7700 900980,NE1 9AH,9997224337,White British,2021-12-29,Active,1
4902,AN0004902,Omar,Abara,1991-03-19,M,omar.abara4902@example.com,+44 7700 900120,M1 3GB,9993370797,White Irish,2019-06-02,Active,0
4903,AN0004903,Priya,Nwosu,1995-10-18,F,priya.nwosu4903@example.com,07700900318,m17he,9992418087,White Other,2018-01-05,Deferred,1
4904,AN0004904,Meera,Bianchi,1993-10-22,F,meera.bianchi4904@example.com,(0161) 496 2048,G1 3EG,9992803126,Black African,2023-07-29,Deferred,0
4905,AN0004905,Ethan,Patel,2006-09-21,F,ethan.patel4905@example.com,+44 7700 900310,M1 5AD,9994919296,Chinese,2024-10-27,Active,1
4906,AN0004906,Amara,Bianchi,1997-03-28,F,amara.bianchi4906@example.com,+44 7700 900709,b156ga,9991120513,Black African,2024-11-05,Active,1
4907,AN0004907,Wei,Grant,1994-10-11,F,wei.grant4907@example.com,+44 7700 900130,M1 3JE,9998645166,Other,2021-07-19,Suspended,1
4908,AN0004908,Omar,Okafor,1991-12-31,M,,(0161) 496 8247,SW1A 2EB,9990806276,Bangladeshi,2020-02-22,Suspended,1
4909,AN0004909,Isla,Byrne,1992-01-30,M,isla.byrne4909@example.com,(0161) 496 3755,B15 5DE,9993097012,Bangladeshi,2017-10-19,Active,0
4910,AN0004910,Chloe,Thompson,1997-04-09,M,chloe.thompson4910@example.com,(0161) 496 8406,EH1 4HD,9992398272,White Irish,2018-08-20,Active,1
4911,AN0004911,Nadia,Chen,2000-08-23,F,nadia.chen4911@example.com,07700900371,LS1 3JE,9996290751,Pakistani,2022-11-23,Active,1
4912,AN0004912,Meera,Cohen,1995-03-17,F,meera.cohen4912@example.com,+44 7700 900339,CF10 6EE,9999703283,Black Caribbean,2021-12-07,Withdrawn,0
4913,AN0004913,George,Bianchi,1994-10-03,F,george.bianchi4913@example.com,+44 7700 900816,eh19eh,9997920899,Black Caribbean,2019-03-31,Active,1
4914,AN0004914,Sarah,Murray,1988-07-21,M,sarah.murray4914@example.com,+44 7700 900442,L1 2DH,9991701362,Asian Other,2017-09-14,Deferred,1
4915,AN0004915,Fatima,Okafor,1993-06-05,F,fatima.okafor4915@example.com,07700900261,BS1 8DA,9995359480,Bangladeshi,2016-01-08,Active,0
4916,AN0004916,Chloe,Bianchi,1996-07-05,M,chloe.bianchi4916@example.com,+44 7700 900334,NE1 6BH,9991849831,Black Caribbean,2025-01-09,Active,0
4917,AN0004917,Isla,Iqbal,2002-08-15,M,isla.iqbal4917@example.com,(0161) 496 8753,G1 4FE,9994799453,Mixed White and Black Caribbean,2021-05-25,Deferred,0
4918,AN0004918,James,Osman,1999-06-29,F,james.osman4918@example.com,+44 7700 900346,NE1 1AG,9994743821,Pakistani,2020-02-23,Active,1
4919,AN0004919,Sofia,Iqbal,1995-12-08,F,sofia.iqbal4919@example.com,+44 7700 900417,m16ja,9998060672,Bangladeshi,2019-05-29,Active,1
4920,AN0004920,Grace,Murray,1991-05-19,M,grace.murray4920@example.com,+44 7700 900237,SW1A 6AF,9998408946,White British,2018-07-17,Suspended,1
4921,AN0004921,Erin,Reid,1995-07-15,F,erin.reid4921@example.com,(0161) 496 9004,BS1 8JD,9996245837,White Other,2018-03-19,Withdrawn,1
4922,AN0004922,Priya,Osman,1988-09-16,M,priya.osman4922@example.com,+44 7700 900279,L1 1EE,9994983539,Asian Other,2017-04-24,Active,0
4923,AN0004923,Wei,Bello,1995-03-09,F,wei.bello4923@example.com,+44 7700 900302,L1 4DG,9999041841,Mixed White and Black Caribbean,2020-10-27,Suspended,1
4924,AN0004924,Amara,Whitfield,2003-02-04,F,amara.whitfield4924@example.com,+44 7700 900414,B15 5BF,9997170164,Black Caribbean,2022-05-11,Active,0
4925,AN0004925,Yusuf,Khan,1999-12-09,M,yusuf.khan4925@example.com,07700900875,BS1 1BE,9993694649,Mixed White and Black Caribbean,2021-05-31,Suspended,1
4926,AN0004926,George,Iqbal,1998-03-02,M,george.iqbal4926@example.com,+44 7700 900562,CF10 8GD,9990349940,White Other,2016-07-30,Deferred,0
4927,AN0004927,Daniel,Chen,1995-08-10,F,daniel.chen4927@example.com,+44 7700 900151,NE1 5BA,9998672406,Chinese,2022-10-25,Active,1
4928,AN0004928,Ruth,Novak,2000-09-14,F,ruth.novak4928@example.com,(0161) 496 9128,NE1 8FJ,9995193299,Mixed Other,2023-04-16,Active,0
4929,AN0004929,Oliver,Whitfield,1997-08-31,M,oliver.whitfield4929@example.com,07700900875,ne19ea,9994169939,Arab,2016-11-15,Active,1
4930,AN0004930,James,Wright,1999-08-15,F,james.wright4930@example.com,+44 7700 900608,G1 9FE,9999743625,Other,2020-11-02,Deferred,0
4931,AN0004931,Hannah,Adeyemi,2005-05-03,M,hannah.adeyemi4931@example.com,+44 7700 900253,NE1 4AF,9996782883,Black Other,2025-01-05,Active,1
4932,AN0004932,Noah,Rossi,1992-08-24,F,noah.rossi4932@example.com,07700900810,CF10 3EF,9990216460,Mixed Other,2018-10-12,Withdrawn,1
4933,AN0004933,Sarah,Bello,1996-08-08,F,sarah.bello4933@example.com,+44 7700 900645,LS1 3DF,9992711523,Chinese,2018-10-19,Withdrawn,1
4934,AN0004934,Omar,Patel,2002-06-07,M,omar.patel4934@example.com,(0161) 496 2002,ls11gf,9995827999,White Other,2021-10-26,Active,0
4935,AN0004935,George,Thompson,1997-08-28,M,george.thompson4935@example.com,+44 7700 900928,B15 9AF,9996546063,Other,2024-03-21,Suspended,0
4936,AN0004936,Nadia,Wright,1995-10-31,M,nadia.wright4936@example.com,+44 7700 900482,NE1 1HH,9990376476,Indian,2022-02-20,Active,0
4937,AN0004937,Grace,Okafor,1990-09-05,F,grace.okafor4937@example.com,+44 7700 900629,CF10 2BA,9990683581,Other,2016-01-31,Active,1
4938,AN0004938,Callum,Whitfield,1993-02-06,F,callum.whitfield4938@example.com,(0161) 496 1839,G1 4JH,9990415102,Mixed White and Asian,2017-03-10,Active,0
4939,AN0004939,Yusuf,Bianchi,1994-11-15,M,yusuf.bianchi4939@example.com,(0161) 496 7619,SW1A 6JE,9991214887,Black Other,2023-04-29,Active,1
4940,AN0004940,Daniel,Doyle,1991-09-12,F,daniel.doyle4940@example.com,+44 7700 900453,CF10 1JE,9992051256,Asian Other,2021-06-23,Active,0
4941,AN0004941,James,Robertson,2003-05-16,F,james.robertson4941@example.com,07700900208,L1 4JB,9994421409,Bangladeshi,2023-03-03,Active,0
4942,AN0004942,Liam,Murray,1987-06-29,M,liam.murray4942@example.com,07700900625,CF10 4GG,999754372,Black Other,2016-08-27,Active,0
4943,AN0004943,Ruth,Novak,1994-08-16,M,ruth.novak4943@example.com,07700900853,M1 7JE,9996654087,White Irish,2017-11-08,Active,1
4944,AN0004944,Tom,Wright,1997-03-08,F,tom.wright4944@example.com,(0161) 496 5684,M1 9HA,9999009050,Black African,2020-06-04,Suspended,0
4945,AN0004945,Fatima,Haddad,1995-03-05,F,,07700900523,G1 7HH,9990802548,Chinese,2023-08-22,Active,0
4946,AN0004946,Sarah,Abara,1994-10-26,F,,+44 7700 900227,EH1 7FH,9996251047,Bangladeshi,2020-05-22,Deferred,0
4947,AN0004947,Liam,Novak,1991-09-25,F,liam.novak4947@example.com,+44 7700 900716,CF10 7DH,9998973015,Bangladeshi,2021-02-11,Active,0
4948,AN0004948,Hannah,Murray,2007-10-16,F,hannah.murray4948@example.com,07700900504,CF10 3HJ,9995360640,Mixed White and Asian,2022-12-01,Withdrawn,0
4949,AN0004949,Erin,Thompson,1997-01-18,F,erin.thompson4949@example.com,+44 7700 900972,ne19ha,9991251138,Asian Other,2024-09-16,Suspended,1
4950,AN0004950,Meera,Nwosu,1999-05-25,F,meera.nwosu4950@example.com,+44 7700 900667,EH1 1HB,9997363566,White Other,2024-06-13,Deferred,0
4951,AN0004951,Nadia,Chen,1996-12-11,F,nadia.chen4951@example.com,+44 7700 900503,G1 2BH,9990314136,Arab,2023-03-12,Active,0
4952,AN0004952,Nadia,Thompson,1994-01-07,F,nadia.thompson4952@example.com,+44 7700 900161,eh11jd,9990633150,White Irish,2023-03-21,Active,1
4953,AN0004953,Grace,Nwosu,1998-06-18,M,grace.nwosu4953@example.com,07700900183,LS1 2BE,9998397154,Chinese,2020-09-07,Deferred,1
4954,AN0004954,Ethan,Grant,1995-08-27,M,ethan.grant4954@example.com,07700900894,b158gj,9993495522,Pakistani,2017-01-26,Deferred,1
4955,AN0004955,Idris,Patel,1991-06-06,M,idris.patel4955@example.com,(0161) 496 1671,L1 5FB,9992347198,White Irish,2020-11-13,Active,1
4956,AN0004956,Hannah,Adeyemi,1992-01-27,M,,(0161) 496 6671,EH1 5AJ,9999890520,Mixed Other,2017-05-07,Suspended,0
4957,AN0004957,Isla,Rossi,1996-09-10,M,isla.rossi4957@example.com,(0161) 496 6572,CF10 3GB,9995892693,Mixed White and Asian,2021-10-13,Active,0
4958,AN0004958,Oliver,Patel,1992-01-25,M,oliver.patel4958@example.com,+44 7700 900863,CF10 2DB,9998342317,Mixed Other,2021-03-21,Active,0
4959,AN0004959,Priya,Iqbal,1996-11-09,F,priya.iqbal4959@example.com,(0161) 496 6035,G1 4BB,9998407419,Asian Other,2023-07-10,Suspended,1
4960,AN0004960,Yusuf,Grant,2003-08-06,F,yusuf.grant4960@example.com,07700900549,NE1 2BB,9992785829,White Other,2024-10-03,Active,1
4961,AN0004961,Amara,Haddad,1996-05-22,M,amara.haddad4961@example.com,+44 7700 900612,BS1 3HA,9996249875,Pakistani,2016-11-30,Active,1
4962,AN0004962,Hannah,Wright,1992-02-17,M,hannah.wright4962@example.com,+44 7700 900148,B15 4BG,9993938505,Chinese,2016-08-15,Active,1
4963,AN0004963,Chloe,Okafor,1994-09-23,M,chloe.okafor4963@example.com,07700900833,l16bf,9990444536,Other,2018-02-19,Active,0
4964,AN0004964,Idris,Novak,1992-01-12,F,idris.novak4964@example.com,(0161) 496 4925,B15 1HH,9995621266,Indian,2016-09-05,Active,1
4965,AN0004965,Liam,Robertson,2001-01-20,M,liam.robertson4965@example.com,(0161) 496 5399,NE1 8EG,9990071160,White Other,2019-05-23,Activ,1
4966,AN0004966,Sarah,Rossi,1994-05-06,M,sarah.rossi4966@example.com,(0161) 496 5588,NE1 8EB,9996010473,Mixed White and Black Caribbean,2020-12-02,Active,1
4967,AN0004967,Tom,Byrne,2002-08-20,M,tom.byrne4967@example.com,07700900180,L1 2BA,9997282892,Other,2024-12-13,Deferred,1
4968,AN0004968,Ethan,Kaur,1996-12-31,M,ethan.kaur4968@example.com,07700900267,EH1 5FJ,9994846906,Chinese,2020-02-13,Withdrawn,1
4969,AN0004969,Leila,Ali,1996-02-10,M,leila.ali4969@example.com,+44 7700 900853,SW1A 5DJ,9997112784,White Other,2020-05-03,Active,0
4970,AN0004970,Tom,Reid,1992-06-18,M,tom.reid4970@example.com,(0161) 496 4519,BS1 1BJ,9995665727,White Irish,2017-02-25,Active,1
4971,AN0004971,Ruth,Byrne,2003-01-11,M,ruth.byrne4971@example.com,+44 7700 900803,LS1 5BD,9999601332,Black Caribbean,2023-01-30,Suspended,1
4972,AN0004972,Chloe,Novak,1993-05-29,M,chloe.novak4972@example.com,07700900929,SW1A 9JJ,9999471250,White Irish,2018-02-16,Withdrawn,0
4973,AN0004973,Kai,Patel,1998-07-15,M,kai.patel4973@example.com,+44 7700 900847,G1 4JJ,9994628402,Mixed White and Asian,2016-09-03,Active,1
4974,AN0004974,Leila,Whitfield,2003-07-02,M,leila.whitfield4974@example.com,07700900523,L1 8GJ,9999854079,Indian,2024-03-11,Active,0
4975,AN0004975,Sofia,Bello,2003-12-29,M,sofia.bello4975@example.com,+44 7700 900257,bs14de,9991410465,Arab,2023-08-04,Active,1
4976,AN0004976,Chloe,Haddad,1996-10-04,M,chloe.haddad4976@example.com,(0161) 496 7966,CF10 8BG,9995650460,Arab,2017-01-03,Active,1
4977,AN0004977,Hannah,Cohen,1992-10-23,M,hannah.cohen4977@example.com,+44 7700 900573,LS1 4HF,9994830929,White British,2016-05-29,Active,1
4978,AN0004978,Meera,Byrne,2001-04-02,M,meera.byrne4978@example.com,+44 7700 900208,M1 9DD,9998845815,Black Other,2023-11-07,Withdrawn,0
4979,AN0004979,Erin,Grant,2002-01-24,M,erin.grant4979@example.com,+44 7700 900224,L1 7JD,9995513536,Bangladeshi,2021-02-27,Active,1
4980,AN0004980,Hassan,Chen,1995-05-25,F,hassan.chen4980@example.com,+44 7700 900615,SW1A 8JG,9994538853,Bangladeshi,2018-06-29,Suspended,0
4981,AN0004981,Ethan,Robertson,2000-09-01,F,ethan.robertson4981@example.com,+44 7700 900699,NE1 7EH,9997943392,Black Other,2025-01-02,Withdrawn,1
4982,AN0004982,Omar,Robertson,1998-11-24,M,omar.robertson4982@example.com,+44 7700 900399,BS1 1BJ,9995803976,Pakistani,2019-01-31,Active,0
4983,AN0004983,Grace,Haddad,1996-06-24,F,grace.haddad4983@example.com,07700900497,BS1 2JG,9998401364,Mixed Other,2018-01-15,Active,0
4984,AN0004984,Priya,Fenton,1991-07-03,M,priya.fenton4984@example.com,+44 7700 900129,CF10 7AD,9995945428,Mixed White and Black Caribbean,2020-10-12,Active,0
4985,AN0004985,Noah,Doyle,1998-05-03,M,noah.doyle4985@example.com,07700900909,B15 1BH,9997872304,Arab,2024-02-19,Active,1
4986,AN0004986,Daniel,Novak,1995-10-17,M,daniel.novak4986@example.com,+44 7700 900459,M1 3DA,9998707811,Mixed White and Black Caribbean,2023-06-24,Deferred,0
4987,AN0004987,Liam,Wright,1992-09-06,F,liam.wright4987@example.com,+44 7700 900996,G1 8FH,9994157485,White British,2017-04-29,Suspended,1
4988,AN0004988,Callum,Whitfield,1992-07-18,F,callum.whitfield4988@example.com,07700900332,G1 4HB,9990387486,Arab,2016-12-06,Active,1
4989,AN0004989,George,Mackenzie,1995-11-14,M,george.mackenzie4989@example.com,(0161) 496 1923,SW1A 6EE,9996400794,Mixed White and Asian,2019-11-23,Active,0
4990,AN0004990,Isla,Osman,1996-07-11,M,isla.osman4990@example.com,07700900831,M1 8FE,9993797855,Other,2021-01-08,Withdrawn,0
4991,AN0004991,Hannah,Wright,1993-11-04,F,hannah.wright4991@example.com,07700900560,SW1A 1FD,9992769599,Black Other,2018-11-27,Active,1
4992,AN0004992,Noah,Murray,1998-09-27,F,noah.murray4992@example.com,+44 7700 900155,b153ab,9990184186,Mixed White and Asian,2017-05-20,Withdrawn,1
4993,AN0004993,Amara,Chen,1994-08-26,M,amara.chen4993@example.com,+44 7700 900311,BS1 7DF,9999754821,Black Caribbean,2018-03-27,Suspended,1
4994,AN0004994,Sarah,Chen,1999-04-12,M,sarah.chen4994@example.com,07700900569,LS1 5EJ,9994082868,Mixed White and Asian,2020-08-29,Active,0
4995,AN0004995,Sofia,Abara,2001-11-03,M,sofia.abara4995@example.com,+44 7700 900896,eh15ab,9990152500,Chinese,2022-08-24,Active,0
4996,AN0004996,Omar,Robertson,2000-07-12,F,omar.robertson4996@example.com,07700900609,B15 2EG,9999945678,Bangladeshi,2023-01-23,Deferred,1
4997,AN0004997,Ethan,Byrne,1987-08-16,M,ethan.byrne4997@example.com,+44 7700 900359,G1 2JF,9996463516,White Other,2016-09-28,Active,0
4998,AN0004998,Sarah,Bello,1990-03-01,F,sarah.bello4998@example.com,+44 7700 900349,M1 4GG,9991794360,Black Other,2016-07-28,Active,0
4999,AN0004999,Wei,Ali,1992-05-14,M,wei.ali4999@example.com,+44 7700 900223,NE1 1DG,9998264812,Asian Other,2017-09-03,Withdrawn,0
5000,AN0005000,Wei,Doyle,1995-05-14,M,wei.doyle5000@example.com,07700900745,EH1 7GH,9994413228,White Irish,2017-08-28,Deferred,1
5001,AN0005001,Priya,Wright,1992-09-25,F,priya.wright467.dup@example.com,+44 7700 900637,EH1 6HE,9993474916,Mixed Other,2020-10-15,Active,1
5002,AN0005002,Kai,Bello,1991-02-27,F,kai.bello626.dup@example.com,(0161) 496 2456,CF10 3DD,9998796431,Black African,2018-05-11,Active,1
5003,AN0005003,Nadia,Robertson,2000-01-31,M,nadia.robertson1239.dup@example.com,+44 7700 900472,G1 2GH,9996355845,Pakistani,2022-10-12,Deferred,0
5004,AN0005004,Yusuf,Haddad,1996-05-30,M,yusuf.haddad3446.dup@example.com,+44 7700 900383,cf107aa,9998854113,White Other,2020-08-24,Withdrawn,0
5005,AN0005005,Omar,Khan,2000-03-12,M,omar.khan2975.dup@example.com,+44 7700 900569,ne12gd,9998744334,Other,2018-08-04,Active,0
