activity_id,campaign_code,supporter_id,sent_date,opened,clicked,unsubscribed
1,CMP0141,3746,2024-06-19,0,0,0
2,CMP0141,2652,2024-06-19,0,0,0
3,CMP0141,1924,2024-06-19,1,0,0
4,CMP0141,3527,2024-06-19,0,0,0
5,CMP0141,229,2024-06-19,1,0,0
6,CMP0141,1519,2024-06-19,0,0,0
7,CMP0141,1859,2024-06-19,1,1,0
8,CMP0141,1283,2024-06-19,1,0,0
9,CMP0141,2924,2024-06-19,1,0,0
10,CMP0141,222,2024-06-19,1,0,0
11,CMP0141,1225,2024-06-19,0,0,0
12,CMP0141,1177,2024-06-19,0,0,0
13,CMP0141,1211,2024-06-19,1,0,0
14,CMP0141,2289,2024-06-19,0,0,0
15,CMP0141,2647,2024-06-19,1,0,0
16,CMP0141,61,2024-06-19,1,1,0
17,CMP0141,890,2024-06-19,1,0,0
18,CMP0141,1598,2024-06-19,0,0,0
19,CMP0141,2122,2024-06-19,0,0,0
20,CMP0141,1577,2024-06-19,1,0,0
21,CMP0141,2653,2024-06-19,0,0,0
22,CMP0141,1268,2024-06-19,0,0,0
23,CMP0141,1903,2024-06-19,1,1,0
24,CMP0141,1250,2024-06-19,0,0,0
25,CMP0141,1953,2024-06-19,0,0,0
26,CMP0141,2030,2024-06-19,0,0,0
27,CMP0141,1657,2024-06-19,1,1,0
28,CMP0141,2917,2024-06-19,0,0,0
29,CMP0141,2711,2024-06-19,1,0,0
30,CMP0141,20,2024-06-19,1,0,0
31,CMP0141,2629,2024-06-19,1,0,0
32,CMP0141,84,2024-06-19,0,0,0
33,CMP0141,638,2024-06-19,0,0,0
34,CMP0141,1262,2024-06-19,0,0,0
35,CMP0141,2641,2024-06-19,0,0,0
36,CMP0141,2239,2024-06-19,0,0,0
37,CMP0141,3563,2024-06-19,0,0,0
38,CMP0141,1334,2024-06-19,0,0,0
39,CMP0141,2526,2024-06-19,0,0,0
40,CMP0141,356,2024-06-19,0,0,0
41,CMP0141,522,2024-06-19,0,0,0
42,CMP0141,1437,2024-06-19,1,0,0
43,CMP0141,1348,2024-06-19,0,0,0
44,CMP0141,2356,2024-06-19,1,0,0
45,CMP0141,801,2024-06-19,0,0,0
46,CMP0141,1834,2024-06-19,0,0,0
47,CMP0141,1108,2024-06-19,1,0,0
48,CMP0141,763,2024-06-19,0,0,0
49,CMP0141,3892,2024-06-19,0,0,0
50,CMP0141,636,2024-06-19,0,0,0
51,CMP0141,3676,2024-06-19,0,0,0
52,CMP0141,152,2024-06-19,1,0,0
53,CMP0141,2562,2024-06-19,1,0,0
54,CMP0141,1353,2024-06-19,0,0,0
55,CMP0141,2592,2024-06-19,1,0,0
56,CMP0141,1370,2024-06-19,1,0,0
57,CMP0141,3447,2024-06-19,1,0,0
58,CMP0141,716,2024-06-19,0,0,0
59,CMP0141,808,2024-06-19,1,0,0
60,CMP0141,4011,2024-06-19,0,0,1
61,CMP0141,2266,2024-06-19,0,0,0
62,CMP0141,2869,2024-06-19,0,0,0
63,CMP0141,1439,2024-06-19,0,0,0
64,CMP0141,1057,2024-06-19,1,0,0
65,CMP0141,684,2024-06-19,0,0,0
66,CMP0141,2183,2024-06-19,0,0,0
67,CMP0141,325,2024-06-19,0,0,0
68,CMP0141,2815,2024-06-19,0,0,0
69,CMP0141,3301,2024-06-19,0,0,0
70,CMP0141,1293,2024-06-19,0,0,0
71,CMP0141,1864,2024-06-19,1,0,0
72,CMP0141,299,2024-06-19,1,1,0
73,CMP0141,2705,2024-06-19,0,0,0
74,CMP0141,2583,2024-06-19,0,0,0
75,CMP0141,1143,2024-06-19,0,0,0
76,CMP0141,96,2024-06-19,0,0,0
77,CMP0141,894,2024-06-19,0,0,0
78,CMP0141,1461,2024-06-19,0,0,0
79,CMP0141,1459,2024-06-19,0,0,0
80,CMP0141,758,2024-06-19,0,0,0
81,CMP0141,1635,2024-06-19,1,1,0
82,CMP0141,1235,2024-06-19,1,0,0
83,CMP0141,2699,2024-06-19,0,0,0
84,CMP0141,3460,2024-06-19,0,0,0
85,CMP0141,1174,2024-06-19,0,0,0
86,CMP0141,3504,2024-06-19,1,0,0
87,CMP0141,923,2024-06-19,1,0,0
88,CMP0141,64,2024-06-19,0,0,0
89,CMP0141,615,2024-06-19,0,0,0
90,CMP0141,1755,2024-06-19,0,0,0
91,CMP0141,419,2024-06-19,0,0,0
92,CMP0141,581,2024-06-19,1,0,0
93,CMP0141,2896,2024-06-19,0,0,0
94,CMP0141,286,2024-06-19,0,0,0
95,CMP0141,2679,2024-06-19,1,0,0
96,CMP0141,1216,2024-06-19,0,0,0
97,CMP0141,2854,2024-06-19,0,0,0
98,CMP0141,2596,2024-06-19,0,0,0
99,CMP0141,3219,2024-06-19,0,0,0
100,CMP0141,811,2024-06-19,0,0,0
101,CMP0141,2047,2024-06-19,1,1,0
102,CMP0141,998,2024-06-19,0,0,0
103,CMP0141,3473,2024-06-19,0,0,0
104,CMP0141,548,2024-06-19,0,0,0
105,CMP0141,2410,2024-06-19,1,0,0
106,CMP0141,2184,2024-06-19,0,0,0
107,CMP0141,420,2024-06-19,0,0,0
108,CMP0141,2557,2024-06-19,0,0,0
109,CMP0141,2178,2024-06-19,1,0,0
110,CMP0141,271,2024-06-19,0,0,0
111,CMP0141,3011,2024-06-19,0,0,0
112,CMP0141,3290,2024-06-19,0,0,0
113,CMP0141,3399,2024-06-19,0,0,0
114,CMP0141,1255,2024-06-19,0,0,0
115,CMP0141,3226,2024-06-19,0,0,0
116,CMP0141,3969,2024-06-19,0,0,0
117,CMP0141,187,2024-06-19,0,0,0
118,CMP0141,2876,2024-06-19,1,1,0
119,CMP0141,1092,2024-06-19,0,0,0
120,CMP0141,2202,2024-06-19,0,0,0
121,CMP0141,353,2024-06-19,1,0,0
122,CMP0141,1000,2024-06-19,0,0,0
123,CMP0141,1986,2024-06-19,0,0,0
124,CMP0141,568,2024-06-19,0,0,0
125,CMP0141,3359,2024-06-19,0,0,0
126,CMP0141,463,2024-06-19,0,0,0
127,CMP0141,289,2024-06-19,1,0,0
128,CMP0141,1523,2024-06-19,1,0,0
129,CMP0141,2783,2024-06-19,1,0,0
130,CMP0141,1019,2024-06-19,1,0,0
131,CMP0141,2023,2024-06-19,1,0,0
132,CMP0141,2322,2024-06-19,1,0,0
133,CMP0141,1272,2024-06-19,1,0,0
134,CMP0141,473,2024-06-19,1,0,0
135,CMP0141,2483,2024-06-19,0,0,0
136,CMP0141,3735,2024-06-19,1,0,0
137,CMP0141,2660,2024-06-19,1,1,0
138,CMP0141,1698,2024-06-19,0,0,0
139,CMP0141,9,2024-06-19,1,0,0
140,CMP0141,2776,2024-06-19,1,0,0
141,CMP0141,2296,2024-06-19,1,0,0
142,CMP0141,3407,2024-06-19,0,0,0
143,CMP0141,1199,2024-06-19,0,0,0
144,CMP0141,745,2024-06-19,1,0,0
145,CMP0141,2768,2024-06-19,0,0,0
146,CMP0141,2922,2024-06-19,0,0,0
147,CMP0141,966,2024-06-19,0,0,0
148,CMP0141,1928,2024-06-19,0,0,0
149,CMP0141,971,2024-06-19,0,0,0
150,CMP0141,2260,2024-06-19,0,0,0
151,CMP0141,3282,2024-06-19,0,0,0
152,CMP0141,1280,2024-06-19,1,0,0
153,CMP0141,978,2024-06-19,1,0,0
154,CMP0141,1902,2024-06-19,0,0,0
155,CMP0141,2537,2024-06-19,0,0,0
156,CMP0141,772,2024-06-19,0,0,0
157,CMP0141,1705,2024-06-19,0,0,0
158,CMP0141,3238,2024-06-19,1,0,0
159,CMP0141,1943,2024-06-19,1,0,0
160,CMP0141,3594,2024-06-19,0,0,0
161,CMP0141,2421,2024-06-19,0,0,0
162,CMP0141,2817,2024-06-19,0,0,0
163,CMP0141,914,2024-06-19,0,0,0
164,CMP0141,603,2024-06-19,0,0,0
165,CMP0141,173,2024-06-19,0,0,0
166,CMP0141,477,2024-06-19,1,0,0
167,CMP0141,926,2024-06-19,0,0,0
168,CMP0141,2977,2024-06-19,0,0,0
169,CMP0141,3414,2024-06-19,0,0,0
170,CMP0141,807,2024-06-19,0,0,0
171,CMP0141,2997,2024-06-19,0,0,0
172,CMP0141,197,2024-06-19,1,0,0
173,CMP0141,3261,2024-06-19,0,0,0
174,CMP0141,1414,2024-06-19,0,0,0
175,CMP0141,1749,2024-06-19,0,0,0
176,CMP0141,2180,2024-06-19,0,0,0
177,CMP0141,3677,2024-06-19,1,0,0
178,CMP0141,2141,2024-06-19,1,0,0
179,CMP0141,3350,2024-06-19,0,0,0
180,CMP0141,1392,2024-06-19,0,0,0
181,CMP0141,837,2024-06-19,0,0,0
182,CMP0141,1949,2024-06-19,0,0,0
183,CMP0141,1975,2024-06-19,0,0,0
184,CMP0141,3415,2024-06-19,0,0,0
185,CMP0141,3386,2024-06-19,1,0,0
186,CMP0141,75,2024-06-19,0,0,0
187,CMP0141,1240,2024-06-19,0,0,0
188,CMP0141,1806,2024-06-19,0,0,0
189,CMP0141,1307,2024-06-19,0,0,0
190,CMP0141,2164,2024-06-19,1,0,0
191,CMP0141,1399,2024-06-19,0,0,0
192,CMP0141,1234,2024-06-19,0,0,0
193,CMP0141,227,2024-06-19,1,0,0
194,CMP0141,3579,2024-06-19,1,0,0
195,CMP0141,101,2024-06-19,0,0,0
196,CMP0141,3401,2024-06-19,1,0,0
197,CMP0141,815,2024-06-19,0,0,0
198,CMP0141,277,2024-06-19,1,0,0
199,CMP0141,193,2024-06-19,0,0,0
200,CMP0141,3431,2024-06-19,0,0,0
201,CMP0141,683,2024-06-19,0,0,0
202,CMP0141,964,2024-06-19,0,0,0
203,CMP0141,3585,2024-06-19,0,0,0
204,CMP0141,17,2024-06-19,1,0,0
205,CMP0141,1868,2024-06-19,1,0,0
206,CMP0141,301,2024-06-19,0,0,0
207,CMP0141,2509,2024-06-19,0,0,0
208,CMP0141,2199,2024-06-19,1,0,0
209,CMP0141,1963,2024-06-19,1,0,0
210,CMP0141,3146,2024-06-19,1,0,0
211,CMP0141,3711,2024-06-19,1,1,0
212,CMP0141,2140,2024-06-19,0,0,0
213,CMP0141,156,2024-06-19,0,0,0
214,CMP0141,999,2024-06-19,0,0,0
215,CMP0141,398,2024-06-19,0,0,0
216,CMP0141,2940,2024-06-19,0,0,0
217,CMP0141,2780,2024-06-19,1,0,0
218,CMP0141,2268,2024-06-19,1,0,0
219,CMP0141,1443,2024-06-19,1,0,0
220,CMP0141,3355,2024-06-19,0,0,0
221,CMP0141,3805,2024-06-19,1,0,0
222,CMP0141,1606,2024-06-19,0,0,0
223,CMP0141,1271,2024-06-19,0,0,0
224,CMP0141,3133,2024-06-19,0,0,0
225,CMP0141,725,2024-06-19,0,0,0
226,CMP0141,1883,2024-06-19,0,0,0
227,CMP0141,1494,2024-06-19,0,0,0
228,CMP0141,2292,2024-06-19,0,0,0
229,CMP0141,2320,2024-06-19,0,0,0
230,CMP0141,680,2024-06-19,1,1,0
231,CMP0141,2193,2024-06-19,0,0,0
232,CMP0141,2972,2024-06-19,0,0,0
233,CMP0141,1999,2024-06-19,0,0,0
234,CMP0141,2878,2024-06-19,0,0,0
235,CMP0141,3756,2024-06-19,1,0,0
236,CMP0141,1350,2024-06-19,1,0,0
237,CMP0141,3930,2024-06-19,1,0,0
238,CMP0141,3607,2024-06-19,0,0,0
239,CMP0141,576,2024-06-19,0,0,0
240,CMP0141,2962,2024-06-19,1,1,0
241,CMP0141,1665,2024-06-19,0,0,0
242,CMP0141,962,2024-06-19,1,0,0
243,CMP0141,3521,2024-06-19,0,0,0
244,CMP0141,2861,2024-06-19,0,0,0
245,CMP0141,137,2024-06-19,0,0,0
246,CMP0141,460,2024-06-19,1,0,0
247,CMP0141,3300,2024-06-19,1,0,0
248,CMP0141,1977,2024-06-19,0,0,0
249,CMP0141,1149,2024-06-19,0,0,0
250,CMP0141,3829,2024-06-19,0,0,0
251,CMP0141,1011,2024-06-19,0,0,0
252,CMP0141,657,2024-06-19,1,0,0
253,CMP0141,2992,2024-06-19,0,0,0
254,CMP0141,3229,2024-06-19,0,0,0
255,CMP0141,601,2024-06-19,0,0,0
256,CMP0141,3340,2024-06-19,1,1,0
257,CMP0141,2148,2024-06-19,1,0,0
258,CMP0141,2759,2024-06-19,0,0,0
259,CMP0141,1409,2024-06-19,1,0,0
260,CMP0141,1983,2024-06-19,0,0,0
261,CMP0141,1114,2024-06-19,0,0,0
262,CMP0141,3596,2024-06-19,0,0,0
263,CMP0141,2456,2024-06-19,0,0,0
264,CMP0141,281,2024-06-19,0,0,0
265,CMP0141,4005,2024-06-19,0,0,0
266,CMP0141,1183,2024-06-19,0,0,0
267,CMP0141,3184,2024-06-19,0,0,0
268,CMP0141,1672,2024-06-19,0,0,0
269,CMP0141,3275,2024-06-19,0,0,0
270,CMP0141,3185,2024-06-19,0,0,0
271,CMP0141,3443,2024-06-19,0,0,0
272,CMP0141,1479,2024-06-19,0,0,0
273,CMP0141,2548,2024-06-19,1,0,0
274,CMP0141,2855,2024-06-19,1,0,0
275,CMP0141,224,2024-06-19,1,0,0
276,CMP0141,439,2024-06-19,0,0,0
277,CMP0141,1450,2024-06-19,0,0,0
278,CMP0141,3981,2024-06-19,0,0,0
279,CMP0141,453,2024-06-19,0,0,0
280,CMP0141,2137,2024-06-19,0,0,0
281,CMP0141,2785,2024-06-19,0,0,0
282,CMP0141,2738,2024-06-19,0,0,0
283,CMP0141,2382,2024-06-19,0,0,0
284,CMP0141,3737,2024-06-19,0,0,0
285,CMP0141,2335,2024-06-19,1,0,0
286,CMP0141,3806,2024-06-19,0,0,0
287,CMP0141,3831,2024-06-19,1,1,0
288,CMP0141,1616,2024-06-19,1,0,0
289,CMP0141,1558,2024-06-19,0,0,0
290,CMP0141,2813,2024-06-19,0,0,0
291,CMP0141,2278,2024-06-19,0,0,0
292,CMP0141,1230,2024-06-19,0,0,0
293,CMP0141,1597,2024-06-19,0,0,0
294,CMP0141,2351,2024-06-19,1,0,0
295,CMP0141,4013,2024-06-19,1,1,0
296,CMP0141,1985,2024-06-19,0,0,0
297,CMP0141,653,2024-06-19,0,0,0
298,CMP0141,110,2024-06-19,0,0,0
299,CMP0141,543,2024-06-19,0,0,0
300,CMP0141,1304,2024-06-19,0,0,0
301,CMP0141,1372,2024-06-19,1,0,0
302,CMP0141,2265,2024-06-19,1,0,0
303,CMP0141,3420,2024-06-19,0,0,0
304,CMP0141,1925,2024-06-19,0,0,0
305,CMP0141,1266,2024-06-19,0,0,0
306,CMP0141,3496,2024-06-19,1,1,0
307,CMP0141,3715,2024-06-19,0,0,0
308,CMP0141,3832,2024-06-19,1,1,0
309,CMP0141,2685,2024-06-19,0,0,0
310,CMP0141,1655,2024-06-19,1,0,0
311,CMP0141,955,2024-06-19,0,0,0
312,CMP0141,1013,2024-06-19,0,0,0
313,CMP0141,1502,2024-06-19,0,0,0
314,CMP0141,1090,2024-06-19,0,0,0
315,CMP0141,2584,2024-06-19,0,0,0
316,CMP0141,2275,2024-06-19,1,0,0
317,CMP0141,2133,2024-06-19,0,0,0
318,CMP0141,472,2024-06-19,0,0,0
319,CMP0141,3128,2024-06-19,0,0,0
320,CMP0141,588,2024-06-19,0,0,0
321,CMP0141,2021,2024-06-19,0,0,0
322,CMP0141,1796,2024-06-19,1,0,0
323,CMP0141,3492,2024-06-19,1,0,0
324,CMP0141,2388,2024-06-19,0,0,0
325,CMP0141,2909,2024-06-19,0,0,0
326,CMP0141,369,2024-06-19,1,0,0
327,CMP0141,2949,2024-06-19,0,0,0
328,CMP0141,3052,2024-06-19,0,0,0
329,CMP0141,3436,2024-06-19,0,0,0
330,CMP0141,376,2024-06-19,0,0,0
331,CMP0141,2188,2024-06-19,1,0,0
332,CMP0141,3817,2024-06-19,0,0,0
333,CMP0141,2576,2024-06-19,0,0,0
334,CMP0141,1379,2024-06-19,0,0,0
335,CMP0141,2406,2024-06-19,0,0,0
336,CMP0141,3394,2024-06-19,0,0,0
337,CMP0141,2467,2024-06-19,0,0,0
338,CMP0141,513,2024-06-19,1,0,0
339,CMP0141,2877,2024-06-19,0,0,0
340,CMP0141,3773,2024-06-19,0,0,0
341,CMP0141,283,2024-06-19,0,0,0
342,CMP0141,3800,2024-06-19,1,0,0
343,CMP0141,2525,2024-06-19,1,0,0
344,CMP0141,1273,2024-06-19,0,0,0
345,CMP0141,3576,2024-06-19,0,0,0
346,CMP0141,2173,2024-06-19,1,0,0
347,CMP0141,3547,2024-06-19,0,0,0
348,CMP0141,1844,2024-06-19,0,0,0
349,CMP0141,469,2024-06-19,1,0,0
350,CMP0141,1096,2024-06-19,0,0,0
351,CMP0141,628,2024-06-19,0,0,1
352,CMP0141,3326,2024-06-19,0,0,0
353,CMP0141,3269,2024-06-19,0,0,0
354,CMP0141,1526,2024-06-19,0,0,0
355,CMP0141,3727,2024-06-19,1,0,0
356,CMP0141,2931,2024-06-19,0,0,0
357,CMP0141,1200,2024-06-19,0,0,0
358,CMP0141,2326,2024-06-19,0,0,0
359,CMP0141,2803,2024-06-19,0,0,0
360,CMP0141,186,2024-06-19,0,0,0
361,CMP0141,1129,2024-06-19,1,1,0
362,CMP0141,1721,2024-06-19,1,0,0
363,CMP0141,645,2024-06-19,0,0,0
364,CMP0141,2957,2024-06-19,0,0,0
365,CMP0141,35,2024-06-19,1,0,0
366,CMP0141,1035,2024-06-19,0,0,0
367,CMP0141,323,2024-06-19,0,0,0
368,CMP0141,3641,2024-06-19,1,0,0
369,CMP0141,2757,2024-06-19,0,0,0
370,CMP0141,2007,2024-06-19,0,0,0
371,CMP0141,3230,2024-06-19,0,0,0
372,CMP0141,3151,2024-06-19,1,0,0
373,CMP0141,3191,2024-06-19,0,0,0
374,CMP0141,618,2024-06-19,0,0,0
375,CMP0141,1951,2024-06-19,1,0,0
376,CMP0141,2586,2024-06-19,1,0,0
377,CMP0141,2636,2024-06-19,1,0,0
378,CMP0141,1583,2024-06-19,1,0,0
379,CMP0141,2566,2024-06-19,0,0,0
380,CMP0141,314,2024-06-19,0,0,0
381,CMP0141,443,2024-06-19,1,0,1
382,CMP0141,3614,2024-06-19,0,0,0
383,CMP0141,2488,2024-06-19,0,0,0
384,CMP0141,3228,2024-06-19,1,0,0
385,CMP0141,3705,2024-06-19,0,0,0
386,CMP0141,3442,2024-06-19,0,0,0
387,CMP0141,572,2024-06-19,0,0,0
388,CMP0141,3001,2024-06-19,1,0,0
389,CMP0141,997,2024-06-19,0,0,0
390,CMP0141,2830,2024-06-19,0,0,0
391,CMP0141,2384,2024-06-19,0,0,0
392,CMP0141,3497,2024-06-19,0,0,0
393,CMP0141,3068,2024-06-19,0,0,0
394,CMP0141,943,2024-06-19,0,0,0
395,CMP0141,2139,2024-06-19,0,0,0
396,CMP0141,3042,2024-06-19,0,0,0
397,CMP0141,1759,2024-06-19,0,0,0
398,CMP0141,5,2024-06-19,1,1,0
399,CMP0141,1530,2024-06-19,0,0,0
400,CMP0141,3007,2024-06-19,0,0,0
401,CMP0141,2340,2024-06-19,0,0,0
402,CMP0141,1787,2024-06-19,0,0,0
403,CMP0141,352,2024-06-19,0,0,0
404,CMP0141,743,2024-06-19,0,0,0
405,CMP0141,165,2024-06-19,0,0,0
406,CMP0141,2329,2024-06-19,0,0,0
407,CMP0141,430,2024-06-19,0,0,0
408,CMP0141,3842,2024-06-19,0,0,0
409,CMP0141,3106,2024-06-19,0,0,0
410,CMP0141,2397,2024-06-19,1,0,0
411,CMP0141,2088,2024-06-19,0,0,0
412,CMP0141,264,2024-06-19,0,0,0
413,CMP0141,2270,2024-06-19,1,0,0
414,CMP0141,2710,2024-06-19,0,0,0
415,CMP0141,1676,2024-06-19,1,0,0
416,CMP0141,1382,2024-06-19,1,0,0
417,CMP0141,1644,2024-06-19,1,0,0
418,CMP0141,3114,2024-06-19,0,0,0
419,CMP0141,3604,2024-06-19,0,0,0
420,CMP0141,741,2024-06-19,0,0,0
421,CMP0141,673,2024-06-19,0,0,0
422,CMP0141,2656,2024-06-19,0,0,0
423,CMP0141,623,2024-06-19,0,0,0
424,CMP0141,2130,2024-06-19,0,0,0
425,CMP0141,1556,2024-06-19,0,0,0
426,CMP0141,1481,2024-06-19,1,0,0
427,CMP0141,3434,2024-06-19,0,0,0
428,CMP0141,1243,2024-06-19,1,0,0
429,CMP0141,3794,2024-06-19,1,1,1
430,CMP0141,2492,2024-06-19,1,0,0
431,CMP0141,3135,2024-06-19,0,0,0
432,CMP0141,2756,2024-06-19,0,0,0
433,CMP0141,602,2024-06-19,0,0,0
434,CMP0141,1741,2024-06-19,0,0,0
435,CMP0141,3107,2024-06-19,0,0,0
436,CMP0141,692,2024-06-19,0,0,0
437,CMP0141,1142,2024-06-19,0,0,0
438,CMP0141,3214,2024-06-19,1,0,0
439,CMP0141,1358,2024-06-19,1,1,0
440,CMP0141,2788,2024-06-19,0,0,0
441,CMP0141,161,2024-06-19,0,0,0
442,CMP0141,2697,2024-06-19,0,0,0
443,CMP0141,775,2024-06-19,1,1,0
444,CMP0141,1636,2024-06-19,0,0,0
445,CMP0141,1155,2024-06-19,0,0,0
446,CMP0141,2227,2024-06-19,0,0,0
447,CMP0141,1693,2024-06-19,1,1,0
448,CMP0141,3903,2024-06-19,1,0,0
449,CMP0141,1885,2024-06-19,0,0,0
450,CMP0141,76,2024-06-19,0,0,0
451,CMP0141,2867,2024-06-19,0,0,0
452,CMP0141,3168,2024-06-19,0,0,0
453,CMP0141,16,2024-06-19,1,1,0
454,CMP0141,297,2024-06-19,0,0,0
455,CMP0141,2894,2024-06-19,0,0,0
456,CMP0141,970,2024-06-19,1,1,0
457,CMP0141,566,2024-06-19,1,1,0
458,CMP0141,3882,2024-06-19,1,0,0
459,CMP0141,2057,2024-06-19,1,0,0
460,CMP0141,573,2024-06-19,0,0,0
461,CMP0141,32,2024-06-19,0,0,0
462,CMP0141,489,2024-06-19,0,0,0
463,CMP0141,2520,2024-06-19,0,0,0
464,CMP0141,2244,2024-06-19,1,0,0
465,CMP0141,2486,2024-06-19,0,0,0
466,CMP0141,927,2024-06-19,1,1,0
467,CMP0141,1739,2024-06-19,1,0,0
468,CMP0141,3046,2024-06-19,0,0,0
469,CMP0141,535,2024-06-19,1,1,0
470,CMP0141,1168,2024-06-19,0,0,0
471,CMP0141,164,2024-06-19,0,0,1
472,CMP0141,1907,2024-06-19,0,0,0
473,CMP0141,3172,2024-06-19,0,0,0
474,CMP0141,2070,2024-06-19,0,0,0
475,CMP0141,1360,2024-06-19,0,0,0
476,CMP0141,1198,2024-06-19,0,0,0
477,CMP0141,2235,2024-06-19,0,0,0
478,CMP0141,2256,2024-06-19,1,0,0
479,CMP0141,3542,2024-06-19,1,0,0
480,CMP0141,492,2024-06-19,1,0,0
481,CMP0141,3094,2024-06-19,0,0,0
482,CMP0141,3648,2024-06-19,1,1,0
483,CMP0141,10,2024-06-19,0,0,0
484,CMP0141,171,2024-06-19,1,0,0
485,CMP0141,1233,2024-06-19,0,0,0
486,CMP0141,965,2024-06-19,0,0,0
487,CMP0141,1960,2024-06-19,0,0,0
488,CMP0141,2294,2024-06-19,0,0,0
489,CMP0141,944,2024-06-19,0,0,0
490,CMP0141,418,2024-06-19,1,0,0
491,CMP0141,243,2024-06-19,1,0,0
492,CMP0141,724,2024-06-19,0,0,0
493,CMP0141,2948,2024-06-19,0,0,0
494,CMP0141,2106,2024-06-19,1,0,0
495,CMP0141,1140,2024-06-19,1,0,0
496,CMP0141,1936,2024-06-19,0,0,0
497,CMP0141,3498,2024-06-19,0,0,0
498,CMP0141,2424,2024-06-19,1,0,0
499,CMP0141,1872,2024-06-19,1,0,0
500,CMP0141,411,2024-06-19,1,1,0
501,CMP0141,3317,2024-06-19,0,0,0
502,CMP0141,1775,2024-06-19,0,0,0
503,CMP0141,2489,2024-06-19,0,0,0
504,CMP0141,1581,2024-06-19,1,1,0
505,CMP0141,2073,2024-06-19,0,0,0
506,CMP0141,865,2024-06-19,0,0,0
507,CMP0141,3574,2024-06-19,1,0,0
508,CMP0141,3499,2024-06-19,0,0,0
509,CMP0141,2093,2024-06-19,0,0,0
510,CMP0141,752,2024-06-19,0,0,0
511,CMP0141,421,2024-06-19,0,0,0
512,CMP0141,1889,2024-06-19,0,0,0
513,CMP0141,3968,2024-06-19,1,0,0
514,CMP0141,1397,2024-06-19,0,0,0
515,CMP0141,1589,2024-06-19,0,0,0
516,CMP0141,2570,2024-06-19,1,0,0
517,CMP0141,3142,2024-06-19,0,0,0
518,CMP0141,3427,2024-06-19,1,0,0
519,CMP0141,1525,2024-06-19,0,0,0
520,CMP0141,1816,2024-06-19,1,0,0
521,CMP0141,2524,2024-06-19,0,0,0
522,CMP0141,1385,2024-06-19,0,0,0
523,CMP0141,1674,2024-06-19,1,0,0
524,CMP0141,1541,2024-06-19,0,0,0
525,CMP0141,3266,2024-06-19,0,0,0
526,CMP0141,3065,2024-06-19,0,0,0
527,CMP0141,2801,2024-06-19,0,0,0
528,CMP0141,3823,2024-06-19,0,0,0
529,CMP0141,954,2024-06-19,0,0,0
530,CMP0141,37,2024-06-19,0,0,0
531,CMP0141,3967,2024-06-19,1,0,0
532,CMP0141,3978,2024-06-19,0,0,0
533,CMP0141,246,2024-06-19,0,0,0
534,CMP0141,3787,2024-06-19,0,0,0
535,CMP0141,1433,2024-06-19,0,0,0
536,CMP0141,2487,2024-06-19,0,0,0
537,CMP0141,2620,2024-06-19,0,0,0
538,CMP0141,2109,2024-06-19,0,0,0
539,CMP0141,2839,2024-06-19,0,0,0
540,CMP0141,3577,2024-06-19,1,0,0
541,CMP0141,985,2024-06-19,0,0,0
542,CMP0141,3815,2024-06-19,1,0,0
543,CMP0141,3012,2024-06-19,1,0,0
544,CMP0141,2736,2024-06-19,1,0,0
545,CMP0141,3101,2024-06-19,0,0,0
546,CMP0141,3361,2024-06-19,1,0,0
547,CMP0141,1222,2024-06-19,0,0,0
548,CMP0141,2561,2024-06-19,0,0,0
549,CMP0141,2028,2024-06-19,0,0,0
550,CMP0141,1185,2024-06-19,0,0,0
551,CMP0141,1513,2024-06-19,1,0,0
552,CMP0141,3540,2024-06-19,0,0,0
553,CMP0141,3857,2024-06-19,1,0,0
554,CMP0141,1212,2024-06-19,1,0,0
555,CMP0141,749,2024-06-19,0,0,0
556,CMP0141,1795,2024-06-19,1,1,0
557,CMP0141,2331,2024-06-19,0,0,0
558,CMP0141,720,2024-06-19,1,1,0
559,CMP0141,1640,2024-06-19,1,1,0
560,CMP0141,436,2024-06-19,0,0,0
561,CMP0141,2964,2024-06-19,0,0,0
562,CMP0141,2001,2024-06-19,1,0,0
563,CMP0141,1910,2024-06-19,0,0,0
564,CMP0141,3718,2024-06-19,0,0,0
565,CMP0141,1609,2024-06-19,1,1,0
566,CMP0141,2444,2024-06-19,1,0,0
567,CMP0141,3708,2024-06-19,0,0,0
568,CMP0141,3405,2024-06-19,0,0,0
569,CMP0141,3424,2024-06-19,0,0,0
570,CMP0141,2499,2024-06-19,0,0,0
571,CMP0141,3788,2024-06-19,0,0,0
572,CMP0141,2037,2024-06-19,0,0,0
573,CMP0141,2127,2024-06-19,1,0,0
574,CMP0141,3518,2024-06-19,0,0,0
575,CMP0141,1429,2024-06-19,0,0,0
576,CMP0141,1633,2024-06-19,0,0,0
577,CMP0141,3664,2024-06-19,1,0,0
578,CMP0141,3793,2024-06-19,0,0,0
579,CMP0141,858,2024-06-19,1,0,0
580,CMP0141,111,2024-06-19,0,0,0
581,CMP0141,1110,2024-06-19,0,0,0
582,CMP0141,3726,2024-06-19,1,1,0
583,CMP0141,1451,2024-06-19,0,0,0
584,CMP0141,669,2024-06-19,1,0,0
585,CMP0141,1295,2024-06-19,1,0,0
586,CMP0141,1318,2024-06-19,0,0,0
587,CMP0141,1310,2024-06-19,1,0,0
588,CMP0141,3234,2024-06-19,0,0,0
589,CMP0141,819,2024-06-19,0,0,0
590,CMP0141,3254,2024-06-19,0,0,0
591,CMP0141,1301,2024-06-19,1,0,0
592,CMP0141,2687,2024-06-19,0,0,0
593,CMP0141,1991,2024-06-19,0,0,0
594,CMP0141,1557,2024-06-19,0,0,0
595,CMP0141,3710,2024-06-19,0,0,0
596,CMP0141,2123,2024-06-19,1,1,0
597,CMP0141,634,2024-06-19,1,0,0
598,CMP0141,1049,2024-06-19,0,1,0
599,CMP0141,3440,2024-06-19,1,0,0
600,CMP0141,4,2024-06-19,1,1,0
601,CMP0141,1452,2024-06-19,0,0,0
602,CMP0141,2400,2024-06-19,0,0,0
603,CMP0141,3429,2024-06-19,0,0,0
604,CMP0141,105,2024-06-19,0,0,0
605,CMP0141,2305,2024-06-19,0,0,0
606,CMP0141,1435,2024-06-19,0,0,0
607,CMP0141,2237,2024-06-19,1,0,0
608,CMP0141,133,2024-06-19,0,0,0
609,CMP0141,3948,2024-06-19,0,0,0
610,CMP0141,3573,2024-06-19,1,0,0
611,CMP0141,3810,2024-06-19,0,0,0
612,CMP0141,304,2024-06-19,1,1,0
613,CMP0141,383,2024-06-19,0,0,0
614,CMP0095,3861,2025-01-02,0,0,0
615,CMP0095,3696,2025-01-02,1,0,0
616,CMP0095,900,2025-01-02,0,0,0
617,CMP0095,1521,2025-01-02,0,0,0
618,CMP0095,254,2025-01-02,1,0,0
619,CMP0095,296,2025-01-02,0,0,0
620,CMP0095,378,2025-01-02,0,0,0
621,CMP0095,1002,2025-01-02,1,0,0
622,CMP0095,1986,2025-01-02,0,0,0
623,CMP0095,1910,2025-01-02,1,0,0
624,CMP0095,1384,2025-01-02,0,0,0
625,CMP0095,122,2025-01-02,0,0,0
626,CMP0095,1796,2025-01-02,1,0,0
627,CMP0095,1356,2025-01-02,1,1,0
628,CMP0095,710,2025-01-02,0,0,0
629,CMP0095,2164,2025-01-02,1,0,0
630,CMP0095,3045,2025-01-02,1,0,0
631,CMP0095,2757,2025-01-02,0,0,0
632,CMP0095,24,2025-01-02,0,0,0
633,CMP0095,463,2025-01-02,0,0,0
634,CMP0095,3030,2025-01-02,0,0,0
635,CMP0095,1205,2025-01-02,0,0,0
636,CMP0095,2839,2025-01-02,1,0,0
637,CMP0095,2896,2025-01-02,1,0,0
638,CMP0095,446,2025-01-02,0,0,0
639,CMP0095,2546,2025-01-02,0,0,0
640,CMP0095,2296,2025-01-02,1,0,0
641,CMP0095,1301,2025-01-02,0,0,0
642,CMP0095,215,2025-01-02,1,0,0
643,CMP0095,3290,2025-01-02,0,0,0
644,CMP0095,3084,2025-01-02,0,0,0
645,CMP0095,3299,2025-01-02,1,1,0
646,CMP0095,1191,2025-01-02,1,0,0
647,CMP0095,2922,2025-01-02,0,0,0
648,CMP0095,1432,2025-01-02,0,0,0
649,CMP0095,3868,2025-01-02,0,0,0
650,CMP0095,482,2025-01-02,1,0,0
651,CMP0095,1627,2025-01-02,1,0,0
652,CMP0095,985,2025-01-02,1,0,0
653,CMP0095,3619,2025-01-02,0,0,0
654,CMP0095,2154,2025-01-02,1,0,0
655,CMP0095,2358,2025-01-02,0,0,0
656,CMP0095,3876,2025-01-02,0,0,0
657,CMP0095,2060,2025-01-02,1,0,0
658,CMP0095,1678,2025-01-02,1,0,0
659,CMP0095,2628,2025-01-02,0,0,0
660,CMP0095,2226,2025-01-02,1,0,0
661,CMP0095,161,2025-01-02,0,0,0
662,CMP0095,1891,2025-01-02,0,0,0
663,CMP0095,641,2025-01-02,1,0,0
664,CMP0095,2536,2025-01-02,0,0,0
665,CMP0095,1644,2025-01-02,0,0,0
666,CMP0095,2306,2025-01-02,0,0,0
667,CMP0095,3643,2025-01-02,1,0,0
668,CMP0095,3110,2025-01-02,0,0,0
669,CMP0095,995,2025-01-02,0,0,0
670,CMP0095,2075,2025-01-02,1,0,0
671,CMP0095,548,2025-01-02,1,0,0
672,CMP0095,1663,2025-01-02,1,0,0
673,CMP0095,2022,2025-01-02,0,0,0
674,CMP0095,1749,2025-01-02,0,0,0
675,CMP0095,3574,2025-01-02,0,0,0
676,CMP0095,3547,2025-01-02,0,0,0
677,CMP0095,156,2025-01-02,1,0,0
678,CMP0095,2348,2025-01-02,0,0,0
679,CMP0095,2653,2025-01-02,0,0,0
680,CMP0095,3720,2025-01-02,0,0,0
681,CMP0095,3647,2025-01-02,0,0,0
682,CMP0095,3955,2025-01-02,0,0,0
683,CMP0095,3464,2025-01-02,1,0,0
684,CMP0095,1927,2025-01-02,0,0,0
685,CMP0095,3481,2025-01-02,0,0,0
686,CMP0095,1726,2025-01-02,0,0,0
687,CMP0095,670,2025-01-02,0,0,0
688,CMP0095,3012,2025-01-02,0,0,0
689,CMP0095,2968,2025-01-02,0,0,0
690,CMP0095,3711,2025-01-02,0,0,0
691,CMP0095,3413,2025-01-02,1,1,0
692,CMP0095,1064,2025-01-02,0,0,0
693,CMP0095,3583,2025-01-02,1,0,0
694,CMP0095,860,2025-01-02,0,0,0
695,CMP0095,3920,2025-01-02,0,0,0
696,CMP0095,2287,2025-01-02,0,0,0
697,CMP0095,1109,2025-01-02,0,0,0
698,CMP0095,2557,2025-01-02,0,0,0
699,CMP0095,945,2025-01-02,0,0,0
700,CMP0095,1241,2025-01-02,1,1,0
701,CMP0095,909,2025-01-02,0,1,0
702,CMP0095,445,2025-01-02,0,0,0
703,CMP0095,2483,2025-01-02,1,0,0
704,CMP0095,1261,2025-01-02,0,0,0
705,CMP0095,1102,2025-01-02,1,0,0
706,CMP0095,3577,2025-01-02,1,0,0
707,CMP0095,1754,2025-01-02,0,0,0
708,CMP0095,696,2025-01-02,0,0,0
709,CMP0095,2200,2025-01-02,1,1,0
710,CMP0095,1294,2025-01-02,0,0,0
711,CMP0095,2992,2025-01-02,1,0,0
712,CMP0095,1182,2025-01-02,0,0,0
713,CMP0095,3718,2025-01-02,0,0,0
714,CMP0095,341,2025-01-02,0,0,0
715,CMP0095,894,2025-01-02,1,0,0
716,CMP0095,45,2025-01-02,1,0,0
717,CMP0095,2240,2025-01-02,0,0,0
718,CMP0095,485,2025-01-02,0,0,0
719,CMP0095,2034,2025-01-02,0,0,0
720,CMP0095,2028,2025-01-02,1,0,0
721,CMP0095,3197,2025-01-02,0,0,0
722,CMP0095,357,2025-01-02,0,0,0
723,CMP0095,3389,2025-01-02,0,0,0
724,CMP0095,763,2025-01-02,1,0,0
725,CMP0095,425,2025-01-02,1,0,0
726,CMP0095,2074,2025-01-02,0,0,0
727,CMP0095,3252,2025-01-02,1,0,0
728,CMP0095,1386,2025-01-02,1,1,0
729,CMP0095,127,2025-01-02,1,0,0
730,CMP0095,171,2025-01-02,1,0,0
731,CMP0095,2456,2025-01-02,1,0,0
732,CMP0095,1288,2025-01-02,0,0,0
733,CMP0095,2232,2025-01-02,0,0,0
734,CMP0095,3406,2025-01-02,0,0,0
735,CMP0095,3677,2025-01-02,1,0,0
736,CMP0095,1106,2025-01-02,0,0,0
737,CMP0095,2803,2025-01-02,1,1,0
738,CMP0095,645,2025-01-02,1,0,0
739,CMP0095,1160,2025-01-02,0,0,0
740,CMP0095,3199,2025-01-02,0,0,0
741,CMP0095,3517,2025-01-02,0,0,0
742,CMP0095,2368,2025-01-02,0,0,0
743,CMP0095,2172,2025-01-02,0,0,0
744,CMP0095,3214,2025-01-02,0,0,0
745,CMP0095,3136,2025-01-02,0,0,0
746,CMP0095,500,2025-01-02,0,0,0
747,CMP0095,581,2025-01-02,0,0,0
748,CMP0095,2146,2025-01-02,0,0,0
749,CMP0095,1743,2025-01-02,0,0,0
750,CMP0095,534,2025-01-02,1,0,0
751,CMP0095,510,2025-01-02,0,0,0
752,CMP0095,1100,2025-01-02,1,1,0
753,CMP0095,1960,2025-01-02,1,0,0
754,CMP0095,3107,2025-01-02,0,0,0
755,CMP0095,883,2025-01-02,0,0,0
756,CMP0095,2744,2025-01-02,1,0,0
757,CMP0095,37,2025-01-02,1,0,0
758,CMP0095,955,2025-01-02,1,0,0
759,CMP0095,2131,2025-01-02,0,0,0
760,CMP0095,2024,2025-01-02,0,0,0
761,CMP0095,123,2025-01-02,1,0,0
762,CMP0095,1198,2025-01-02,0,0,0
763,CMP0095,32,2025-01-02,0,0,0
764,CMP0095,621,2025-01-02,1,0,0
765,CMP0095,3913,2025-01-02,0,0,0
766,CMP0095,329,2025-01-02,1,0,0
767,CMP0095,1970,2025-01-02,0,0,0
768,CMP0095,3339,2025-01-02,0,0,0
769,CMP0095,2489,2025-01-02,0,0,1
770,CMP0095,2646,2025-01-02,0,0,0
771,CMP0095,3386,2025-01-02,1,1,0
772,CMP0095,1665,2025-01-02,0,0,0
773,CMP0095,3221,2025-01-02,1,1,0
774,CMP0095,1614,2025-01-02,0,0,0
775,CMP0095,2583,2025-01-02,0,0,0
776,CMP0095,2076,2025-01-02,1,0,0
777,CMP0095,3927,2025-01-02,0,0,0
778,CMP0095,523,2025-01-02,0,0,0
779,CMP0095,2977,2025-01-02,0,0,0
780,CMP0095,3884,2025-01-02,0,0,0
781,CMP0095,3402,2025-01-02,0,0,0
782,CMP0095,3567,2025-01-02,1,0,0
783,CMP0095,2609,2025-01-02,1,1,0
784,CMP0095,2647,2025-01-02,0,0,0
785,CMP0095,636,2025-01-02,0,0,0
786,CMP0095,1023,2025-01-02,0,0,0
787,CMP0095,461,2025-01-02,0,0,0
788,CMP0095,3152,2025-01-02,0,0,0
789,CMP0095,2249,2025-01-02,0,0,0
790,CMP0095,3837,2025-01-02,0,0,0
791,CMP0095,819,2025-01-02,0,0,0
792,CMP0095,2519,2025-01-02,1,1,0
793,CMP0095,193,2025-01-02,0,0,0
794,CMP0095,1013,2025-01-02,0,0,0
795,CMP0095,2269,2025-01-02,0,0,0
796,CMP0095,2038,2025-01-02,0,0,0
797,CMP0095,1461,2025-01-02,0,0,0
798,CMP0095,2491,2025-01-02,0,0,0
799,CMP0095,382,2025-01-02,1,1,0
800,CMP0095,2236,2025-01-02,0,0,0
801,CMP0095,701,2025-01-02,0,0,0
802,CMP0095,1215,2025-01-02,1,1,0
803,CMP0095,3832,2025-01-02,1,1,0
804,CMP0095,2382,2025-01-02,1,0,0
805,CMP0095,289,2025-01-02,1,1,0
806,CMP0095,2138,2025-01-02,1,0,0
807,CMP0095,1550,2025-01-02,1,0,0
808,CMP0095,1844,2025-01-02,0,0,0
809,CMP0095,1456,2025-01-02,0,0,0
810,CMP0095,475,2025-01-02,1,0,0
811,CMP0095,2732,2025-01-02,1,1,0
812,CMP0095,1900,2025-01-02,0,0,0
813,CMP0095,1877,2025-01-02,0,0,0
814,CMP0095,633,2025-01-02,0,0,0
815,CMP0095,1157,2025-01-02,1,0,0
816,CMP0095,3853,2025-01-02,0,0,0
817,CMP0095,3425,2025-01-02,0,0,0
818,CMP0095,583,2025-01-02,1,0,0
819,CMP0095,1885,2025-01-02,0,0,0
820,CMP0095,543,2025-01-02,0,0,0
821,CMP0095,2194,2025-01-02,0,0,0
822,CMP0095,3177,2025-01-02,0,0,0
823,CMP0095,1899,2025-01-02,0,0,0
824,CMP0095,2042,2025-01-02,0,0,0
825,CMP0095,473,2025-01-02,0,0,0
826,CMP0095,3666,2025-01-02,0,0,0
827,CMP0095,3658,2025-01-02,1,0,0
828,CMP0095,288,2025-01-02,1,0,0
829,CMP0095,3127,2025-01-02,0,0,0
830,CMP0095,606,2025-01-02,0,0,0
831,CMP0095,284,2025-01-02,0,0,0
832,CMP0095,380,2025-01-02,1,0,0
833,CMP0095,1942,2025-01-02,0,0,0
834,CMP0095,2851,2025-01-02,0,0,0
835,CMP0095,2722,2025-01-02,0,0,0
836,CMP0095,1897,2025-01-02,1,0,0
837,CMP0095,2320,2025-01-02,1,1,0
838,CMP0095,3213,2025-01-02,1,0,0
839,CMP0095,4008,2025-01-02,1,0,0
840,CMP0095,2881,2025-01-02,0,0,0
841,CMP0095,638,2025-01-02,0,0,0
842,CMP0095,1409,2025-01-02,1,0,0
843,CMP0095,3462,2025-01-02,1,0,0
844,CMP0095,3967,2025-01-02,1,1,0
845,CMP0095,302,2025-01-02,1,0,0
846,CMP0095,943,2025-01-02,0,0,0
847,CMP0095,966,2025-01-02,0,0,0
848,CMP0095,2497,2025-01-02,0,0,0
849,CMP0095,920,2025-01-02,0,0,0
850,CMP0095,1939,2025-01-02,0,0,0
851,CMP0095,3426,2025-01-02,0,0,0
852,CMP0095,1748,2025-01-02,0,0,0
853,CMP0095,2181,2025-01-02,1,1,0
854,CMP0095,2946,2025-01-02,1,0,0
855,CMP0095,281,2025-01-02,0,0,0
856,CMP0095,890,2025-01-02,0,0,0
857,CMP0095,1034,2025-01-02,0,0,0
858,CMP0095,3457,2025-01-02,1,1,0
859,CMP0095,1886,2025-01-02,0,0,0
860,CMP0095,3324,2025-01-02,0,0,0
861,CMP0095,2705,2025-01-02,0,0,0
862,CMP0095,2971,2025-01-02,0,0,0
863,CMP0095,3331,2025-01-02,0,0,0
864,CMP0095,858,2025-01-02,0,0,0
865,CMP0095,1176,2025-01-02,0,0,0
866,CMP0095,484,2025-01-02,0,0,0
867,CMP0095,1906,2025-01-02,0,0,0
868,CMP0095,3671,2025-01-02,0,0,0
869,CMP0095,3405,2025-01-02,0,0,0
870,CMP0095,2480,2025-01-02,0,0,0
871,CMP0095,3901,2025-01-02,0,0,0
872,CMP0095,1036,2025-01-02,0,0,0
873,CMP0095,3970,2025-01-02,0,0,0
874,CMP0095,2699,2025-01-02,0,0,0
875,CMP0095,3536,2025-01-02,0,0,0
876,CMP0095,3729,2025-01-02,1,0,0
877,CMP0095,1755,2025-01-02,0,0,0
878,CMP0095,805,2025-01-02,0,0,0
879,CMP0095,1805,2025-01-02,1,1,0
880,CMP0095,823,2025-01-02,0,0,0
881,CMP0095,1565,2025-01-02,0,0,0
882,CMP0095,3480,2025-01-02,1,0,0
883,CMP0095,3943,2025-01-02,0,0,0
884,CMP0095,1222,2025-01-02,1,0,0
885,CMP0095,2550,2025-01-02,0,0,0
886,CMP0095,2411,2025-01-02,0,0,0
887,CMP0095,50,2025-01-02,0,0,0
888,CMP0095,937,2025-01-02,0,0,0
889,CMP0095,1591,2025-01-02,1,0,0
890,CMP0095,2930,2025-01-02,0,0,0
891,CMP0095,1819,2025-01-02,1,1,0
892,CMP0095,2587,2025-01-02,0,0,0
893,CMP0095,2759,2025-01-02,0,0,0
894,CMP0095,1108,2025-01-02,1,1,0
895,CMP0095,2562,2025-01-02,1,0,0
896,CMP0095,684,2025-01-02,0,0,0
897,CMP0095,3519,2025-01-02,1,1,0
898,CMP0095,2470,2025-01-02,1,1,0
899,CMP0095,3682,2025-01-02,0,0,0
900,CMP0095,1842,2025-01-02,1,0,0
901,CMP0095,1141,2025-01-02,1,0,0
902,CMP0095,2495,2025-01-02,0,0,0
903,CMP0095,2096,2025-01-02,0,0,0
904,CMP0095,2769,2025-01-02,1,1,0
905,CMP0075,568,2025-08-21,0,0,0
906,CMP0075,1349,2025-08-21,0,0,0
907,CMP0075,165,2025-08-21,0,0,0
908,CMP0075,391,2025-08-21,0,0,0
909,CMP0075,3102,2025-08-21,0,0,0
910,CMP0075,2018,2025-08-21,1,0,0
911,CMP0075,3582,2025-08-21,1,0,0
912,CMP0075,1443,2025-08-21,1,0,0
913,CMP0075,2801,2025-08-21,0,0,0
914,CMP0075,2491,2025-08-21,0,0,0
915,CMP0075,2156,2025-08-21,0,0,0
916,CMP0075,2875,2025-08-21,0,0,0
917,CMP0075,420,2025-08-21,0,0,0
918,CMP0075,3201,2025-08-21,0,0,0
919,CMP0075,2176,2025-08-21,0,0,0
920,CMP0075,991,2025-08-21,0,0,0
921,CMP0075,3876,2025-08-21,0,0,0
922,CMP0075,797,2025-08-21,0,0,0
923,CMP0075,1021,2025-08-21,0,0,0
924,CMP0075,277,2025-08-21,0,0,0
925,CMP0075,1353,2025-08-21,1,0,0
926,CMP0075,2788,2025-08-21,1,0,0
927,CMP0075,3665,2025-08-21,0,0,0
928,CMP0075,1166,2025-08-21,0,0,0
929,CMP0075,3152,2025-08-21,0,0,0
930,CMP0075,4015,2025-08-21,0,0,0
931,CMP0075,3220,2025-08-21,1,0,0
932,CMP0075,1268,2025-08-21,0,0,0
933,CMP0075,135,2025-08-21,0,0,0
934,CMP0075,1399,2025-08-21,1,1,0
935,CMP0075,1409,2025-08-21,1,0,0
936,CMP0075,3372,2025-08-21,1,0,0
937,CMP0075,2378,2025-08-21,0,0,0
938,CMP0075,1036,2025-08-21,0,0,0
939,CMP0075,2600,2025-08-21,0,0,0
940,CMP0075,2180,2025-08-21,1,0,0
941,CMP0075,3170,2025-08-21,0,0,0
942,CMP0075,3286,2025-08-21,0,0,0
943,CMP0075,322,2025-08-21,0,0,0
944,CMP0075,1405,2025-08-21,0,0,0
945,CMP0075,3160,2025-08-21,0,0,0
946,CMP0075,852,2025-08-21,0,0,0
947,CMP0075,1848,2025-08-21,0,0,0
948,CMP0075,2732,2025-08-21,1,0,0
949,CMP0075,913,2025-08-21,1,0,0
950,CMP0075,1304,2025-08-21,0,0,0
951,CMP0075,2398,2025-08-21,0,0,0
952,CMP0075,517,2025-08-21,0,0,0
953,CMP0075,2964,2025-08-21,0,0,0
954,CMP0075,3782,2025-08-21,0,0,0
955,CMP0075,1704,2025-08-21,0,0,0
956,CMP0075,949,2025-08-21,1,0,0
957,CMP0075,657,2025-08-21,0,0,0
958,CMP0075,3191,2025-08-21,0,0,0
959,CMP0075,2444,2025-08-21,0,0,0
960,CMP0075,110,2025-08-21,0,0,0
961,CMP0075,1900,2025-08-21,0,0,0
962,CMP0075,2483,2025-08-21,0,0,0
963,CMP0075,3417,2025-08-21,0,0,0
964,CMP0075,2923,2025-08-21,1,0,0
965,CMP0075,801,2025-08-21,1,0,0
966,CMP0075,2422,2025-08-21,1,0,0
967,CMP0075,2296,2025-08-21,1,0,0
968,CMP0075,3209,2025-08-21,0,0,0
969,CMP0075,1480,2025-08-21,1,1,0
970,CMP0075,1937,2025-08-21,1,0,0
971,CMP0075,1757,2025-08-21,1,0,0
972,CMP0075,2411,2025-08-21,0,0,0
973,CMP0075,102,2025-08-21,1,0,0
974,CMP0075,3132,2025-08-21,1,0,0
975,CMP0075,1870,2025-08-21,0,0,1
976,CMP0075,3214,2025-08-21,1,0,0
977,CMP0075,2073,2025-08-21,0,0,0
978,CMP0075,3761,2025-08-21,1,0,0
979,CMP0075,1897,2025-08-21,0,0,0
980,CMP0075,2256,2025-08-21,0,0,0
981,CMP0075,1775,2025-08-21,0,0,0
982,CMP0075,3959,2025-08-21,0,0,0
983,CMP0075,1318,2025-08-21,0,0,0
984,CMP0075,106,2025-08-21,0,0,0
985,CMP0075,2308,2025-08-21,1,0,0
986,CMP0075,1603,2025-08-21,1,1,0
987,CMP0075,849,2025-08-21,1,0,0
988,CMP0075,1424,2025-08-21,0,0,0
989,CMP0075,3087,2025-08-21,0,0,0
990,CMP0075,2494,2025-08-21,0,0,0
991,CMP0075,3030,2025-08-21,0,0,0
992,CMP0075,3942,2025-08-21,0,0,0
993,CMP0075,2636,2025-08-21,1,0,0
994,CMP0075,1283,2025-08-21,0,0,0
995,CMP0075,3704,2025-08-21,0,0,0
996,CMP0075,1556,2025-08-21,1,0,0
997,CMP0075,301,2025-08-21,1,0,0
998,CMP0075,3788,2025-08-21,1,0,0
999,CMP0075,1747,2025-08-21,0,0,0
1000,CMP0075,894,2025-08-21,0,0,0
1001,CMP0075,761,2025-08-21,0,0,0
1002,CMP0075,1708,2025-08-21,1,0,0
1003,CMP0075,3149,2025-08-21,1,0,0
1004,CMP0075,3494,2025-08-21,0,0,0
1005,CMP0075,2752,2025-08-21,1,0,0
1006,CMP0075,3577,2025-08-21,0,0,0
1007,CMP0075,222,2025-08-21,1,0,0
1008,CMP0075,578,2025-08-21,0,0,0
1009,CMP0075,1530,2025-08-21,1,1,0
1010,CMP0075,1606,2025-08-21,1,0,0
1011,CMP0075,1141,2025-08-21,1,0,0
1012,CMP0075,479,2025-08-21,0,0,0
1013,CMP0075,1077,2025-08-21,0,0,0
1014,CMP0075,954,2025-08-21,1,0,0
1015,CMP0075,3155,2025-08-21,0,0,0
1016,CMP0075,2141,2025-08-21,0,0,0
1017,CMP0075,314,2025-08-21,0,0,0
1018,CMP0075,576,2025-08-21,0,0,0
1019,CMP0075,2154,2025-08-21,1,0,0
1020,CMP0075,811,2025-08-21,1,1,0
1021,CMP0075,3810,2025-08-21,0,0,0
1022,CMP0075,2401,2025-08-21,0,0,0
1023,CMP0075,65,2025-08-21,0,0,0
1024,CMP0075,2380,2025-08-21,0,0,0
1025,CMP0075,1372,2025-08-21,0,0,0
1026,CMP0075,1508,2025-08-21,0,0,0
1027,CMP0075,3146,2025-08-21,1,0,0
1028,CMP0075,3050,2025-08-21,1,0,0
1029,CMP0075,1273,2025-08-21,0,0,0
1030,CMP0075,3968,2025-08-21,0,0,0
1031,CMP0075,2466,2025-08-21,1,0,0
1032,CMP0075,2430,2025-08-21,0,0,0
1033,CMP0075,2436,2025-08-21,1,1,0
1034,CMP0075,2499,2025-08-21,0,0,0
1035,CMP0075,1869,2025-08-21,0,0,0
1036,CMP0075,93,2025-08-21,0,0,0
1037,CMP0075,1840,2025-08-21,0,0,1
1038,CMP0075,1317,2025-08-21,0,0,0
1039,CMP0075,3857,2025-08-21,0,0,0
1040,CMP0075,2261,2025-08-21,1,0,0
1041,CMP0075,4011,2025-08-21,0,0,0
1042,CMP0075,2200,2025-08-21,0,0,0
1043,CMP0075,3815,2025-08-21,0,0,0
1044,CMP0075,373,2025-08-21,1,0,0
1045,CMP0075,360,2025-08-21,1,0,0
1046,CMP0075,963,2025-08-21,1,0,0
1047,CMP0075,2052,2025-08-21,0,0,0
1048,CMP0075,716,2025-08-21,0,0,0
1049,CMP0075,1183,2025-08-21,1,0,0
1050,CMP0075,1894,2025-08-21,0,0,0
1051,CMP0075,421,2025-08-21,0,0,0
1052,CMP0075,3979,2025-08-21,0,0,0
1053,CMP0075,1387,2025-08-21,0,0,0
1054,CMP0075,973,2025-08-21,1,0,0
1055,CMP0075,955,2025-08-21,0,0,0
1056,CMP0075,1523,2025-08-21,0,0,0
1057,CMP0075,3570,2025-08-21,0,0,0
1058,CMP0075,2479,2025-08-21,1,0,0
1059,CMP0075,3466,2025-08-21,1,0,0
1060,CMP0075,537,2025-08-21,1,0,0
1061,CMP0075,1724,2025-08-21,1,0,0
1062,CMP0075,3518,2025-08-21,0,0,0
1063,CMP0075,137,2025-08-21,0,0,0
1064,CMP0075,1596,2025-08-21,1,0,0
1065,CMP0075,1319,2025-08-21,0,0,0
1066,CMP0075,837,2025-08-21,0,0,0
1067,CMP0075,669,2025-08-21,0,0,0
1068,CMP0075,2894,2025-08-21,1,0,0
1069,CMP0075,3222,2025-08-21,1,0,0
1070,CMP0075,1121,2025-08-21,0,0,0
1071,CMP0075,950,2025-08-21,1,0,0
1072,CMP0075,870,2025-08-21,0,0,0
1073,CMP0075,2802,2025-08-21,1,0,0
1074,CMP0075,588,2025-08-21,0,0,0
1075,CMP0075,2679,2025-08-21,1,0,0
1076,CMP0075,3916,2025-08-21,0,0,0
1077,CMP0075,1373,2025-08-21,0,0,0
1078,CMP0075,3061,2025-08-21,0,0,0
1079,CMP0075,3536,2025-08-21,0,0,0
1080,CMP0075,1918,2025-08-21,1,0,0
1081,CMP0075,3275,2025-08-21,0,0,0
1082,CMP0075,2705,2025-08-21,1,0,0
1083,CMP0075,3905,2025-08-21,0,0,0
1084,CMP0075,3728,2025-08-21,1,0,0
1085,CMP0075,3867,2025-08-21,0,0,0
1086,CMP0075,3804,2025-08-21,0,0,0
1087,CMP0075,369,2025-08-21,1,1,0
1088,CMP0075,2635,2025-08-21,0,0,0
1089,CMP0075,281,2025-08-21,1,0,0
1090,CMP0075,819,2025-08-21,0,0,0
1091,CMP0075,2924,2025-08-21,0,0,0
1092,CMP0075,3440,2025-08-21,0,0,0
1093,CMP0075,1038,2025-08-21,0,0,0
1094,CMP0075,3833,2025-08-21,0,0,0
1095,CMP0075,540,2025-08-21,1,0,0
1096,CMP0075,436,2025-08-21,0,0,0
1097,CMP0075,3769,2025-08-21,1,0,0
1098,CMP0075,3542,2025-08-21,0,0,0
1099,CMP0075,3282,2025-08-21,0,0,0
1100,CMP0075,522,2025-08-21,1,0,0
1101,CMP0075,252,2025-08-21,1,1,0
1102,CMP0075,3172,2025-08-21,1,0,0
1103,CMP0075,757,2025-08-21,0,0,0
1104,CMP0075,3093,2025-08-21,0,0,0
1105,CMP0075,2687,2025-08-21,0,0,0
1106,CMP0075,1355,2025-08-21,0,0,0
1107,CMP0075,3738,2025-08-21,0,0,0
1108,CMP0075,34,2025-08-21,0,0,0
1109,CMP0075,1895,2025-08-21,0,0,0
1110,CMP0075,668,2025-08-21,0,0,0
1111,CMP0075,1118,2025-08-21,0,0,0
1112,CMP0075,1002,2025-08-21,0,0,0
1113,CMP0075,2472,2025-08-21,0,0,0
1114,CMP0075,3348,2025-08-21,1,0,0
1115,CMP0075,3539,2025-08-21,1,0,0
1116,CMP0075,1640,2025-08-21,1,0,0
1117,CMP0075,3157,2025-08-21,0,0,0
1118,CMP0075,2974,2025-08-21,0,0,0
1119,CMP0075,2704,2025-08-21,0,0,0
1120,CMP0075,2268,2025-08-21,0,0,0
1121,CMP0075,534,2025-08-21,0,0,0
1122,CMP0075,1301,2025-08-21,0,0,0
1123,CMP0075,3887,2025-08-21,1,0,0
1124,CMP0075,2066,2025-08-21,1,0,0
1125,CMP0075,3726,2025-08-21,1,0,0
1126,CMP0075,160,2025-08-21,0,0,0
1127,CMP0075,2508,2025-08-21,0,0,0
1128,CMP0075,556,2025-08-21,0,0,0
1129,CMP0075,2738,2025-08-21,0,0,0
1130,CMP0075,3969,2025-08-21,0,0,0
1131,CMP0075,136,2025-08-21,0,0,0
1132,CMP0075,3141,2025-08-21,1,0,0
1133,CMP0075,2584,2025-08-21,0,0,0
1134,CMP0075,3996,2025-08-21,0,0,0
1135,CMP0075,2183,2025-08-21,0,0,0
1136,CMP0075,1132,2025-08-21,0,0,0
1137,CMP0075,2656,2025-08-21,0,0,0
1138,CMP0075,2475,2025-08-21,0,0,0
1139,CMP0075,1217,2025-08-21,1,0,0
1140,CMP0075,3596,2025-08-21,0,0,0
1141,CMP0075,2742,2025-08-21,0,0,0
1142,CMP0075,1517,2025-08-21,1,0,0
1143,CMP0075,1852,2025-08-21,1,0,0
1144,CMP0075,3750,2025-08-21,1,0,0
1145,CMP0075,1659,2025-08-21,0,0,0
1146,CMP0075,50,2025-08-21,0,0,0
1147,CMP0075,563,2025-08-21,0,0,0
1148,CMP0075,1859,2025-08-21,0,0,0
1149,CMP0075,90,2025-08-21,0,0,0
1150,CMP0075,2269,2025-08-21,0,0,0
1151,CMP0075,20,2025-08-21,1,1,0
1152,CMP0075,1925,2025-08-21,0,0,0
1153,CMP0075,2971,2025-08-21,0,0,0
1154,CMP0075,2603,2025-08-21,0,0,0
1155,CMP0075,3154,2025-08-21,1,0,0
1156,CMP0075,1990,2025-08-21,1,0,0
1157,CMP0075,943,2025-08-21,0,0,0
1158,CMP0075,2219,2025-08-21,1,0,0
1159,CMP0075,1035,2025-08-21,1,0,0
1160,CMP0075,947,2025-08-21,1,0,0
1161,CMP0075,3574,2025-08-21,0,0,0
1162,CMP0075,2196,2025-08-21,1,0,0
1163,CMP0075,965,2025-08-21,0,0,0
1164,CMP0075,3415,2025-08-21,1,1,0
1165,CMP0075,1420,2025-08-21,0,0,0
1166,CMP0075,1446,2025-08-21,1,0,0
1167,CMP0075,3046,2025-08-21,0,0,0
1168,CMP0075,3794,2025-08-21,0,0,0
1169,CMP0075,616,2025-08-21,0,0,0
1170,CMP0075,2833,2025-08-21,0,0,0
1171,CMP0075,2270,2025-08-21,0,0,0
1172,CMP0075,1091,2025-08-21,0,0,0
1173,CMP0075,758,2025-08-21,0,0,0
1174,CMP0075,1260,2025-08-21,0,0,0
1175,CMP0075,1340,2025-08-21,0,0,0
1176,CMP0075,2126,2025-08-21,0,0,0
1177,CMP0075,2240,2025-08-21,0,0,0
1178,CMP0075,484,2025-08-21,1,1,0
1179,CMP0075,1231,2025-08-21,0,0,0
1180,CMP0075,469,2025-08-21,1,1,0
1181,CMP0075,1607,2025-08-21,1,0,0
1182,CMP0075,3197,2025-08-21,1,0,0
1183,CMP0075,1678,2025-08-21,0,0,0
1184,CMP0075,1212,2025-08-21,0,0,0
1185,CMP0075,164,2025-08-21,0,0,0
1186,CMP0075,805,2025-08-21,0,0,0
1187,CMP0075,927,2025-08-21,0,0,0
1188,CMP0075,1250,2025-08-21,0,0,0
1189,CMP0075,2619,2025-08-21,0,0,0
1190,CMP0075,3562,2025-08-21,1,1,0
1191,CMP0075,3901,2025-08-21,0,0,0
1192,CMP0075,3983,2025-08-21,0,0,0
1193,CMP0075,200,2025-08-21,1,0,0
1194,CMP0075,2618,2025-08-21,0,0,0
1195,CMP0075,1564,2025-08-21,1,0,0
1196,CMP0075,1885,2025-08-21,1,0,0
1197,CMP0075,3521,2025-08-21,0,0,0
1198,CMP0075,487,2025-08-21,0,0,0
1199,CMP0075,1796,2025-08-21,0,0,0
1200,CMP0075,343,2025-08-21,1,0,0
1201,CMP0075,1435,2025-08-21,0,0,0
1202,CMP0192,1241,2023-01-23,0,0,0
1203,CMP0192,3932,2023-01-23,0,0,0
1204,CMP0192,3576,2023-01-23,0,0,0
1205,CMP0192,3334,2023-01-23,1,1,0
1206,CMP0192,3541,2023-01-23,1,1,0
1207,CMP0192,2416,2023-01-23,0,0,0
1208,CMP0192,1294,2023-01-23,0,0,0
1209,CMP0192,2433,2023-01-23,0,0,0
1210,CMP0192,2323,2023-01-23,0,0,0
1211,CMP0192,922,2023-01-23,0,0,0
1212,CMP0192,3254,2023-01-23,0,0,0
1213,CMP0192,115,2023-01-23,1,0,0
1214,CMP0192,3366,2023-01-23,0,0,0
1215,CMP0192,3075,2023-01-23,1,0,0
1216,CMP0192,2071,2023-01-23,0,0,0
1217,CMP0192,3967,2023-01-23,0,0,0
1218,CMP0192,3184,2023-01-23,1,0,0
1219,CMP0192,3750,2023-01-23,1,1,0
1220,CMP0192,391,2023-01-23,1,0,0
1221,CMP0192,3661,2023-01-23,0,0,0
1222,CMP0192,1747,2023-01-23,1,0,0
1223,CMP0192,2378,2023-01-23,0,0,0
1224,CMP0192,2903,2023-01-23,1,0,0
1225,CMP0192,3044,2023-01-23,0,0,0
1226,CMP0192,326,2023-01-23,0,0,0
1227,CMP0192,17,2023-01-23,1,0,0
1228,CMP0192,490,2023-01-23,0,0,0
1229,CMP0192,3694,2023-01-23,0,0,0
1230,CMP0192,70,2023-01-23,0,0,0
1231,CMP0192,2997,2023-01-23,0,0,0
1232,CMP0192,2288,2023-01-23,1,0,0
1233,CMP0192,1886,2023-01-23,1,0,0
1234,CMP0192,2869,2023-01-23,0,0,0
1235,CMP0192,1420,2023-01-23,1,0,0
1236,CMP0192,190,2023-01-23,0,0,0
1237,CMP0192,2295,2023-01-23,0,0,0
1238,CMP0192,1329,2023-01-23,1,0,0
1239,CMP0192,3919,2023-01-23,1,0,0
1240,CMP0192,2140,2023-01-23,0,0,0
1241,CMP0192,1595,2023-01-23,0,0,0
1242,CMP0192,645,2023-01-23,0,0,0
1243,CMP0192,1258,2023-01-23,0,0,0
1244,CMP0192,1885,2023-01-23,0,0,0
1245,CMP0192,578,2023-01-23,1,0,0
1246,CMP0192,489,2023-01-23,1,0,0
1247,CMP0192,842,2023-01-23,1,0,0
1248,CMP0192,3888,2023-01-23,0,0,0
1249,CMP0192,3827,2023-01-23,1,0,0
1250,CMP0192,3234,2023-01-23,1,0,0
1251,CMP0192,725,2023-01-23,0,0,0
1252,CMP0192,331,2023-01-23,1,0,0
1253,CMP0192,2660,2023-01-23,0,0,0
1254,CMP0192,1375,2023-01-23,0,0,0
1255,CMP0192,858,2023-01-23,1,0,0
1256,CMP0192,831,2023-01-23,0,0,0
1257,CMP0192,3714,2023-01-23,1,0,0
1258,CMP0192,1000,2023-01-23,1,0,0
1259,CMP0192,1473,2023-01-23,0,0,0
1260,CMP0192,1212,2023-01-23,0,0,0
1261,CMP0192,3787,2023-01-23,0,0,0
1262,CMP0192,2931,2023-01-23,1,0,0
1263,CMP0192,1553,2023-01-23,0,0,0
1264,CMP0192,1755,2023-01-23,0,0,0
1265,CMP0192,1864,2023-01-23,1,0,0
1266,CMP0192,2849,2023-01-23,1,0,0
1267,CMP0192,132,2023-01-23,0,0,0
1268,CMP0192,2504,2023-01-23,0,0,0
1269,CMP0192,304,2023-01-23,1,0,0
1270,CMP0192,3248,2023-01-23,0,0,0
1271,CMP0192,1481,2023-01-23,0,0,0
1272,CMP0192,3119,2023-01-23,1,0,0
1273,CMP0192,2126,2023-01-23,0,0,0
1274,CMP0192,3141,2023-01-23,0,0,0
1275,CMP0192,3582,2023-01-23,1,0,0
1276,CMP0192,2354,2023-01-23,0,0,0
1277,CMP0192,556,2023-01-23,0,0,0
1278,CMP0192,3171,2023-01-23,0,0,0
1279,CMP0192,3080,2023-01-23,0,0,0
1280,CMP0192,2488,2023-01-23,1,1,0
1281,CMP0192,109,2023-01-23,0,0,0
1282,CMP0192,523,2023-01-23,0,0,0
1283,CMP0192,3464,2023-01-23,1,0,0
1284,CMP0192,3858,2023-01-23,0,0,0
1285,CMP0192,8,2023-01-23,0,0,0
1286,CMP0192,2172,2023-01-23,0,0,0
1287,CMP0192,242,2023-01-23,1,0,0
1288,CMP0192,1986,2023-01-23,0,0,0
1289,CMP0192,551,2023-01-23,0,0,0
1290,CMP0192,466,2023-01-23,0,0,0
1291,CMP0192,3249,2023-01-23,0,0,0
1292,CMP0192,3739,2023-01-23,0,0,0
1293,CMP0192,3727,2023-01-23,1,0,0
1294,CMP0192,1925,2023-01-23,0,0,0
1295,CMP0192,316,2023-01-23,1,0,0
1296,CMP0192,2520,2023-01-23,0,0,0
1297,CMP0192,1816,2023-01-23,0,0,0
1298,CMP0192,2403,2023-01-23,0,0,0
1299,CMP0192,3228,2023-01-23,0,0,0
1300,CMP0192,846,2023-01-23,0,0,0
1301,CMP0192,3715,2023-01-23,0,0,0
1302,CMP0192,3414,2023-01-23,0,0,0
1303,CMP0192,2301,2023-01-23,1,0,0
1304,CMP0192,3920,2023-01-23,1,0,0
1305,CMP0192,1663,2023-01-23,0,0,0
1306,CMP0192,3679,2023-01-23,1,0,0
1307,CMP0192,1873,2023-01-23,0,0,0
1308,CMP0192,3574,2023-01-23,1,0,0
1309,CMP0192,1779,2023-01-23,0,0,0
1310,CMP0192,350,2023-01-23,0,0,0
1311,CMP0192,2030,2023-01-23,0,0,0
1312,CMP0192,3760,2023-01-23,0,0,0
1313,CMP0192,1914,2023-01-23,1,0,0
1314,CMP0192,229,2023-01-23,0,0,0
1315,CMP0192,1192,2023-01-23,1,0,0
1316,CMP0192,3810,2023-01-23,1,0,0
1317,CMP0192,3053,2023-01-23,0,0,0
1318,CMP0192,1943,2023-01-23,1,0,0
1319,CMP0192,3257,2023-01-23,0,0,0
1320,CMP0192,3213,2023-01-23,0,0,0
1321,CMP0192,791,2023-01-23,0,0,0
1322,CMP0192,1832,2023-01-23,0,0,0
1323,CMP0192,179,2023-01-23,0,0,0
1324,CMP0192,1530,2023-01-23,0,0,0
1325,CMP0192,3270,2023-01-23,0,0,0
1326,CMP0192,1561,2023-01-23,0,0,0
1327,CMP0192,1363,2023-01-23,0,0,0
1328,CMP0192,2731,2023-01-23,0,0,0
1329,CMP0192,2240,2023-01-23,0,0,0
1330,CMP0192,4,2023-01-23,0,0,0
1331,CMP0192,185,2023-01-23,0,0,0
1332,CMP0192,2287,2023-01-23,1,1,0
1333,CMP0192,2227,2023-01-23,0,0,0
1334,CMP0192,2333,2023-01-23,0,0,0
1335,CMP0192,11,2023-01-23,0,0,0
1336,CMP0192,40,2023-01-23,1,0,0
1337,CMP0192,3267,2023-01-23,0,0,0
1338,CMP0192,3233,2023-01-23,0,0,0
1339,CMP0192,793,2023-01-23,1,0,0
1340,CMP0192,3450,2023-01-23,0,0,0
1341,CMP0192,1911,2023-01-23,1,0,0
1342,CMP0192,775,2023-01-23,0,0,0
1343,CMP0192,255,2023-01-23,1,0,0
1344,CMP0192,492,2023-01-23,0,0,0
1345,CMP0192,1051,2023-01-23,1,0,0
1346,CMP0192,1248,2023-01-23,0,0,0
1347,CMP0192,2635,2023-01-23,0,0,0
1348,CMP0192,2671,2023-01-23,1,0,0
1349,CMP0192,3477,2023-01-23,0,0,0
1350,CMP0192,2624,2023-01-23,1,0,0
1351,CMP0192,814,2023-01-23,0,0,0
1352,CMP0192,862,2023-01-23,0,0,0
1353,CMP0192,2809,2023-01-23,0,0,0
1354,CMP0192,1596,2023-01-23,0,0,0
1355,CMP0192,3496,2023-01-23,1,1,0
1356,CMP0192,720,2023-01-23,0,0,0
1357,CMP0192,2280,2023-01-23,0,0,0
1358,CMP0192,65,2023-01-23,0,0,0
1359,CMP0192,2964,2023-01-23,1,0,0
1360,CMP0192,1920,2023-01-23,0,0,0
1361,CMP0192,3937,2023-01-23,0,0,0
1362,CMP0192,3329,2023-01-23,0,0,0
1363,CMP0192,246,2023-01-23,0,0,0
1364,CMP0192,3495,2023-01-23,0,0,0
1365,CMP0192,2456,2023-01-23,0,0,0
1366,CMP0192,91,2023-01-23,1,0,0
1367,CMP0192,3045,2023-01-23,0,0,0
1368,CMP0192,2428,2023-01-23,0,0,0
1369,CMP0192,2578,2023-01-23,1,0,0
1370,CMP0192,248,2023-01-23,1,0,0
1371,CMP0192,357,2023-01-23,0,0,0
1372,CMP0192,3709,2023-01-23,1,0,0
1373,CMP0192,3859,2023-01-23,1,0,0
1374,CMP0192,3068,2023-01-23,1,0,0
1375,CMP0192,2641,2023-01-23,0,0,0
1376,CMP0192,3784,2023-01-23,0,0,0
1377,CMP0192,1912,2023-01-23,0,0,0
1378,CMP0192,1508,2023-01-23,0,0,0
1379,CMP0192,1334,2023-01-23,1,0,0
1380,CMP0192,3781,2023-01-23,0,0,0
1381,CMP0192,2638,2023-01-23,0,0,0
1382,CMP0192,252,2023-01-23,0,0,0
1383,CMP0192,527,2023-01-23,1,0,0
1384,CMP0192,102,2023-01-23,1,0,0
1385,CMP0192,3729,2023-01-23,0,0,0
1386,CMP0192,1250,2023-01-23,0,0,0
1387,CMP0192,1614,2023-01-23,0,0,0
1388,CMP0192,626,2023-01-23,0,0,0
1389,CMP0192,1803,2023-01-23,0,0,0
1390,CMP0192,1639,2023-01-23,1,0,0
1391,CMP0192,192,2023-01-23,1,0,0
1392,CMP0192,3348,2023-01-23,0,0,0
1393,CMP0192,353,2023-01-23,0,0,0
1394,CMP0192,1732,2023-01-23,1,0,0
1395,CMP0192,3805,2023-01-23,0,0,0
1396,CMP0192,913,2023-01-23,1,0,0
1397,CMP0192,2158,2023-01-23,0,0,0
1398,CMP0192,3030,2023-01-23,0,0,0
1399,CMP0192,2051,2023-01-23,1,0,0
1400,CMP0192,536,2023-01-23,0,0,0
1401,CMP0192,1754,2023-01-23,0,0,0
1402,CMP0192,2166,2023-01-23,0,0,0
1403,CMP0192,2845,2023-01-23,0,0,0
1404,CMP0192,1714,2023-01-23,1,0,0
1405,CMP0192,3927,2023-01-23,0,0,0
1406,CMP0192,2463,2023-01-23,0,0,0
1407,CMP0192,3480,2023-01-23,0,0,0
1408,CMP0192,438,2023-01-23,0,0,0
1409,CMP0192,1708,2023-01-23,0,0,0
1410,CMP0192,884,2023-01-23,0,0,0
1411,CMP0192,3442,2023-01-23,1,0,0
1412,CMP0192,1154,2023-01-23,0,0,0
1413,CMP0192,323,2023-01-23,0,0,0
1414,CMP0192,3973,2023-01-23,1,1,0
1415,CMP0192,3130,2023-01-23,0,0,0
1416,CMP0192,2916,2023-01-23,1,0,0
1417,CMP0192,957,2023-01-23,0,0,0
1418,CMP0192,1884,2023-01-23,1,1,0
1419,CMP0192,3190,2023-01-23,1,0,0
1420,CMP0192,605,2023-01-23,0,0,0
1421,CMP0192,2095,2023-01-23,0,0,0
1422,CMP0192,3539,2023-01-23,1,0,0
1423,CMP0192,3682,2023-01-23,0,0,0
1424,CMP0192,2356,2023-01-23,0,0,0
1425,CMP0192,3431,2023-01-23,0,0,0
1426,CMP0192,1757,2023-01-23,1,0,0
1427,CMP0192,1456,2023-01-23,0,0,0
1428,CMP0192,2338,2023-01-23,1,0,0
1429,CMP0192,1745,2023-01-23,0,0,0
1430,CMP0192,59,2023-01-23,0,0,0
1431,CMP0192,1670,2023-01-23,0,0,0
1432,CMP0192,3884,2023-01-23,0,0,0
1433,CMP0192,1825,2023-01-23,1,0,0
1434,CMP0192,1650,2023-01-23,0,0,0
1435,CMP0192,2076,2023-01-23,0,0,0
1436,CMP0192,3297,2023-01-23,1,0,0
1437,CMP0192,3342,2023-01-23,0,0,0
1438,CMP0192,1594,2023-01-23,1,0,0
1439,CMP0192,1005,2023-01-23,0,0,0
1440,CMP0192,1361,2023-01-23,0,0,0
1441,CMP0192,3829,2023-01-23,1,0,0
1442,CMP0192,3060,2023-01-23,1,0,0
1443,CMP0192,3665,2023-01-23,1,0,0
1444,CMP0192,2883,2023-01-23,0,0,0
1445,CMP0192,745,2023-01-23,1,0,0
1446,CMP0192,1217,2023-01-23,1,0,0
1447,CMP0192,2582,2023-01-23,0,0,0
1448,CMP0192,3854,2023-01-23,0,0,0
1449,CMP0192,2292,2023-01-23,0,0,0
1450,CMP0192,1166,2023-01-23,0,0,0
1451,CMP0192,3719,2023-01-23,0,0,0
1452,CMP0192,1627,2023-01-23,0,0,0
1453,CMP0192,978,2023-01-23,0,0,0
1454,CMP0192,338,2023-01-23,0,0,0
1455,CMP0192,3452,2023-01-23,1,0,0
1456,CMP0192,1352,2023-01-23,0,0,0
1457,CMP0192,277,2023-01-23,0,0,0
1458,CMP0192,2972,2023-01-23,0,0,0
1459,CMP0192,616,2023-01-23,0,0,0
1460,CMP0192,1990,2023-01-23,0,0,0
1461,CMP0192,143,2023-01-23,1,0,0
1462,CMP0192,3335,2023-01-23,0,0,0
1463,CMP0192,1569,2023-01-23,0,0,0
1464,CMP0192,2562,2023-01-23,0,0,0
1465,CMP0192,740,2023-01-23,0,0,0
1466,CMP0192,822,2023-01-23,0,0,0
1467,CMP0192,3036,2023-01-23,1,0,0
1468,CMP0192,3879,2023-01-23,1,0,0
1469,CMP0192,1928,2023-01-23,1,0,0
1470,CMP0192,3726,2023-01-23,1,0,0
1471,CMP0192,2685,2023-01-23,1,0,0
1472,CMP0192,3409,2023-01-23,0,0,0
1473,CMP0192,581,2023-01-23,1,0,0
1474,CMP0192,3317,2023-01-23,0,0,0
1475,CMP0192,388,2023-01-23,0,0,0
1476,CMP0192,3943,2023-01-23,0,0,0
1477,CMP0192,1597,2023-01-23,1,0,0
1478,CMP0192,2455,2023-01-23,0,0,0
1479,CMP0192,998,2023-01-23,0,0,0
1480,CMP0192,2335,2023-01-23,0,0,0
1481,CMP0192,1356,2023-01-23,0,0,0
1482,CMP0192,1433,2023-01-23,1,0,0
1483,CMP0192,810,2023-01-23,0,0,0
1484,CMP0192,2498,2023-01-23,1,0,0
1485,CMP0192,3837,2023-01-23,0,0,0
1486,CMP0192,1317,2023-01-23,0,0,0
1487,CMP0192,2745,2023-01-23,0,0,0
1488,CMP0192,3777,2023-01-23,1,0,0
1489,CMP0192,369,2023-01-23,0,0,0
1490,CMP0192,1806,2023-01-23,0,0,0
1491,CMP0192,3024,2023-01-23,0,0,0
1492,CMP0192,3842,2023-01-23,0,0,0
1493,CMP0192,3627,2023-01-23,1,0,0
1494,CMP0192,1355,2023-01-23,0,0,0
1495,CMP0192,325,2023-01-23,0,0,0
1496,CMP0192,1384,2023-01-23,0,0,0
1497,CMP0192,573,2023-01-23,0,0,0
1498,CMP0192,506,2023-01-23,1,0,0
1499,CMP0192,3324,2023-01-23,0,0,0
1500,CMP0192,1977,2023-01-23,0,0,0
1501,CMP0192,1161,2023-01-23,0,0,0
1502,CMP0192,1149,2023-01-23,1,0,0
1503,CMP0192,3577,2023-01-23,0,0,0
1504,CMP0192,2021,2023-01-23,0,0,0
1505,CMP0192,431,2023-01-23,0,0,0
1506,CMP0192,1532,2023-01-23,0,0,0
1507,CMP0192,243,2023-01-23,0,0,0
1508,CMP0192,3954,2023-01-23,1,0,0
1509,CMP0192,3227,2023-01-23,1,1,0
1510,CMP0192,3487,2023-01-23,1,1,0
1511,CMP0192,3622,2023-01-23,1,0,0
1512,CMP0192,2732,2023-01-23,0,0,0
1513,CMP0192,2189,2023-01-23,0,0,0
1514,CMP0192,3327,2023-01-23,0,0,0
1515,CMP0192,3460,2023-01-23,0,0,0
1516,CMP0192,1906,2023-01-23,0,0,0
1517,CMP0192,408,2023-01-23,1,0,0
1518,CMP0192,2332,2023-01-23,0,0,0
1519,CMP0192,1231,2023-01-23,1,0,0
1520,CMP0192,3399,2023-01-23,0,0,0
1521,CMP0192,2583,2023-01-23,1,0,0
1522,CMP0192,2200,2023-01-23,0,0,0
1523,CMP0192,4005,2023-01-23,1,0,0
1524,CMP0192,2736,2023-01-23,0,0,0
1525,CMP0192,2109,2023-01-23,1,0,0
1526,CMP0192,10,2023-01-23,0,0,0
1527,CMP0192,2074,2023-01-23,0,0,0
1528,CMP0192,1244,2023-01-23,0,0,0
1529,CMP0192,788,2023-01-23,0,0,0
1530,CMP0192,1318,2023-01-23,1,0,0
1531,CMP0192,3745,2023-01-23,0,0,0
1532,CMP0192,3052,2023-01-23,0,0,0
1533,CMP0192,3704,2023-01-23,1,0,0
1534,CMP0192,2494,2023-01-23,1,0,0
1535,CMP0192,3057,2023-01-23,1,0,0
1536,CMP0192,2023,2023-01-23,0,0,0
1537,CMP0192,1156,2023-01-23,1,1,0
1538,CMP0192,749,2023-01-23,0,0,0
1539,CMP0192,2237,2023-01-23,1,0,0
1540,CMP0192,741,2023-01-23,0,0,0
1541,CMP0192,641,2023-01-23,0,0,0
1542,CMP0192,1477,2023-01-23,0,0,0
1543,CMP0192,409,2023-01-23,0,0,0
1544,CMP0192,964,2023-01-23,0,0,0
1545,CMP0192,2210,2023-01-23,1,0,0
1546,CMP0192,355,2023-01-23,0,0,0
1547,CMP0192,3892,2023-01-23,0,0,0
1548,CMP0192,308,2023-01-23,1,0,0
1549,CMP0192,2789,2023-01-23,1,0,0
1550,CMP0192,1581,2023-01-23,0,0,0
1551,CMP0192,696,2023-01-23,0,0,0
1552,CMP0192,193,2023-01-23,1,0,0
1553,CMP0192,628,2023-01-23,0,0,0
1554,CMP0192,1488,2023-01-23,0,0,0
1555,CMP0192,3643,2023-01-23,1,0,0
1556,CMP0192,1980,2023-01-23,0,0,0
1557,CMP0192,9,2023-01-23,0,0,0
1558,CMP0192,513,2023-01-23,1,0,0
1559,CMP0192,3223,2023-01-23,0,0,0
1560,CMP0192,1679,2023-01-23,0,0,0
1561,CMP0192,1372,2023-01-23,0,0,0
1562,CMP0192,2042,2023-01-23,1,0,0
1563,CMP0192,3596,2023-01-23,0,0,0
1564,CMP0192,138,2023-01-23,0,0,0
1565,CMP0192,2913,2023-01-23,0,0,0
1566,CMP0192,2472,2023-01-23,1,1,0
1567,CMP0192,2066,2023-01-23,1,0,0
1568,CMP0192,2963,2023-01-23,0,0,0
1569,CMP0192,2387,2023-01-23,0,0,0
1570,CMP0192,1741,2023-01-23,0,0,0
1571,CMP0192,393,2023-01-23,0,0,0
1572,CMP0192,2996,2023-01-23,0,0,0
1573,CMP0192,3103,2023-01-23,0,0,0
1574,CMP0192,1048,2023-01-23,0,0,0
1575,CMP0192,227,2023-01-23,0,0,0
1576,CMP0192,3170,2023-01-23,1,0,0
1577,CMP0192,837,2023-01-23,0,0,0
1578,CMP0192,515,2023-01-23,0,0,0
1579,CMP0192,485,2023-01-23,0,0,0
1580,CMP0192,16,2023-01-23,0,0,0
1581,CMP0192,133,2023-01-23,0,0,0
1582,CMP0192,2589,2023-01-23,0,0,0
1583,CMP0192,2362,2023-01-23,0,0,0
1584,CMP0192,3718,2023-01-23,0,0,0
1585,CMP0192,3168,2023-01-23,1,0,0
1586,CMP0192,2065,2023-01-23,1,0,0
1587,CMP0192,2486,2023-01-23,0,0,0
1588,CMP0192,1469,2023-01-23,0,0,0
1589,CMP0192,1494,2023-01-23,0,0,0
1590,CMP0192,64,2023-01-23,1,0,0
1591,CMP0192,2651,2023-01-23,1,0,0
1592,CMP0192,778,2023-01-23,0,0,0
1593,CMP0192,669,2023-01-23,1,0,0
1594,CMP0192,3488,2023-01-23,1,0,0
1595,CMP0192,3612,2023-01-23,1,0,0
1596,CMP0192,1295,2023-01-23,1,0,1
1597,CMP0192,280,2023-01-23,1,0,0
1598,CMP0192,1769,2023-01-23,0,0,0
1599,CMP0192,197,2023-01-23,1,1,0
1600,CMP0192,1899,2023-01-23,1,0,0
1601,CMP0192,2122,2023-01-23,0,0,0
1602,CMP0192,504,2023-01-23,1,0,0
1603,CMP0192,1443,2023-01-23,0,0,0
1604,CMP0192,1176,2023-01-23,0,0,0
1605,CMP0192,3666,2023-01-23,0,0,0
1606,CMP0192,225,2023-01-23,1,0,0
1607,CMP0192,3206,2023-01-23,1,0,0
1608,CMP0192,63,2023-01-23,1,0,0
1609,CMP0192,1565,2023-01-23,1,0,0
1610,CMP0192,3546,2023-01-23,1,0,0
1611,CMP0192,1416,2023-01-23,0,1,0
1612,CMP0192,3773,2023-01-23,0,0,0
1613,CMP0192,3798,2023-01-23,1,0,0
1614,CMP0192,3309,2023-01-23,0,0,0
1615,CMP0192,880,2023-01-23,1,0,0
1616,CMP0192,284,2023-01-23,0,0,0
1617,CMP0192,3406,2023-01-23,0,0,0
1618,CMP0192,2647,2023-01-23,0,0,0
1619,CMP0192,804,2023-01-23,0,0,0
1620,CMP0192,3466,2023-01-23,0,0,0
1621,CMP0192,2524,2023-01-23,1,0,0
1622,CMP0192,74,2023-01-23,1,0,0
1623,CMP0192,3085,2023-01-23,0,0,0
1624,CMP0192,1502,2023-01-23,0,0,0
1625,CMP0192,2659,2023-01-23,0,0,0
1626,CMP0192,2672,2023-01-23,0,0,0
1627,CMP0192,1439,2023-01-23,0,0,0
1628,CMP0192,733,2023-01-23,0,0,0
1629,CMP0192,1038,2023-01-23,1,0,0
1630,CMP0192,3801,2023-01-23,1,0,0
1631,CMP0192,210,2023-01-23,0,0,0
1632,CMP0192,3676,2023-01-23,0,0,0
1633,CMP0192,2592,2023-01-23,0,0,0
1634,CMP0192,1849,2023-01-23,1,0,0
1635,CMP0192,950,2023-01-23,0,0,0
1636,CMP0192,771,2023-01-23,0,0,0
1637,CMP0192,2968,2023-01-23,0,0,0
1638,CMP0192,2982,2023-01-23,0,0,0
1639,CMP0192,3230,2023-01-23,1,1,0
1640,CMP0192,566,2023-01-23,0,0,0
1641,CMP0192,3567,2023-01-23,0,0,0
1642,CMP0192,1134,2023-01-23,0,0,0
1643,CMP0192,1705,2023-01-23,0,0,0
1644,CMP0192,1657,2023-01-23,1,0,0
1645,CMP0192,3907,2023-01-23,1,0,0
1646,CMP0192,3912,2023-01-23,0,0,0
1647,CMP0192,2971,2023-01-23,0,0,0
1648,CMP0192,3000,2023-01-23,1,0,0
1649,CMP0192,2759,2023-01-23,1,1,0
1650,CMP0192,1681,2023-01-23,0,0,0
1651,CMP0192,1090,2023-01-23,0,0,0
1652,CMP0192,3875,2023-01-23,0,0,0
1653,CMP0192,1678,2023-01-23,0,0,0
1654,CMP0192,2329,2023-01-23,0,0,0
1655,CMP0192,1265,2023-01-23,0,0,0
1656,CMP0192,3162,2023-01-23,0,0,0
1657,CMP0192,537,2023-01-23,1,0,0
1658,CMP0192,3960,2023-01-23,0,0,0
1659,CMP0192,890,2023-01-23,0,0,0
1660,CMP0192,278,2023-01-23,0,0,0
1661,CMP0192,3147,2023-01-23,0,0,0
1662,CMP0192,2658,2023-01-23,1,0,0
1663,CMP0192,2534,2023-01-23,0,0,0
1664,CMP0192,1446,2023-01-23,0,0,0
1665,CMP0192,576,2023-01-23,0,0,0
1666,CMP0192,3905,2023-01-23,1,0,0
1667,CMP0192,1514,2023-01-23,1,0,0
1668,CMP0192,1893,2023-01-23,0,0,0
1669,CMP0192,1358,2023-01-23,1,0,0
1670,CMP0192,1652,2023-01-23,1,0,0
1671,CMP0192,473,2023-01-23,0,0,0
1672,CMP0192,2851,2023-01-23,0,0,0
1673,CMP0192,1951,2023-01-23,0,0,0
1674,CMP0192,2132,2023-01-23,0,0,0
1675,CMP0192,2566,2023-01-23,0,0,0
1676,CMP0192,1268,2023-01-23,0,0,0
1677,CMP0192,709,2023-01-23,0,0,0
1678,CMP0192,1991,2023-01-23,1,0,0
1679,CMP0192,2815,2023-01-23,0,0,0
1680,CMP0192,1283,2023-01-23,1,0,0
1681,CMP0192,1234,2023-01-23,1,0,0
1682,CMP0192,2475,2023-01-23,0,0,0
1683,CMP0192,1298,2023-01-23,1,0,0
1684,CMP0192,1123,2023-01-23,0,0,0
1685,CMP0192,2878,2023-01-23,0,0,0
1686,CMP0192,2924,2023-01-23,0,0,0
1687,CMP0192,2905,2023-01-23,0,0,0
1688,CMP0192,585,2023-01-23,1,0,0
1689,CMP0192,2602,2023-01-23,0,0,0
1690,CMP0192,3542,2023-01-23,0,0,0
1691,CMP0192,1917,2023-01-23,0,0,0
1692,CMP0192,222,2023-01-23,1,1,0
1693,CMP0192,291,2023-01-23,0,0,0
1694,CMP0192,900,2023-01-23,0,0,0
1695,CMP0192,1558,2023-01-23,0,0,0
1696,CMP0192,1725,2023-01-23,0,0,0
1697,CMP0192,758,2023-01-23,1,0,0
1698,CMP0192,1307,2023-01-23,0,0,0
1699,CMP0192,1434,2023-01-23,0,0,0
1700,CMP0192,1633,2023-01-23,1,0,0
1701,CMP0192,534,2023-01-23,0,0,0
1702,CMP0192,2744,2023-01-23,0,0,0
1703,CMP0192,2357,2023-01-23,0,0,0
1704,CMP0192,3183,2023-01-23,0,0,0
1705,CMP0192,937,2023-01-23,0,0,0
1706,CMP0192,650,2023-01-23,0,0,0
1707,CMP0192,1233,2023-01-23,0,0,0
1708,CMP0192,446,2023-01-23,0,0,0
1709,CMP0192,2083,2023-01-23,1,0,0
1710,CMP0192,2236,2023-01-23,0,0,0
1711,CMP0192,1199,2023-01-23,0,0,0
1712,CMP0192,3107,2023-01-23,0,0,0
1713,CMP0192,1364,2023-01-23,0,0,0
1714,CMP0192,3193,2023-01-23,0,0,0
1715,CMP0192,279,2023-01-23,0,0,0
1716,CMP0192,173,2023-01-23,1,0,0
1717,CMP0192,3054,2023-01-23,1,0,0
1718,CMP0192,1568,2023-01-23,0,0,0
1719,CMP0192,3903,2023-01-23,1,0,0
1720,CMP0192,1397,2023-01-23,0,0,0
1721,CMP0192,874,2023-01-23,0,0,0
1722,CMP0192,3978,2023-01-23,0,0,0
1723,CMP0192,2591,2023-01-23,0,0,0
1724,CMP0192,378,2023-01-23,0,0,0
1725,CMP0192,3899,2023-01-23,0,0,0
1726,CMP0192,3711,2023-01-23,0,0,0
1727,CMP0192,1533,2023-01-23,0,0,0
1728,CMP0192,2642,2023-01-23,0,0,0
1729,CMP0192,3275,2023-01-23,1,0,0
1730,CMP0192,1292,2023-01-23,1,0,0
1731,CMP0192,2184,2023-01-23,0,0,0
1732,CMP0192,1775,2023-01-23,1,0,0
1733,CMP0192,982,2023-01-23,0,0,0
1734,CMP0192,832,2023-01-23,1,0,0
1735,CMP0192,3185,2023-01-23,0,0,0
1736,CMP0192,3579,2023-01-23,1,0,0
1737,CMP0192,1538,2023-01-23,0,0,0
1738,CMP0192,3037,2023-01-23,1,0,0
1739,CMP0192,1461,2023-01-23,0,0,0
1740,CMP0192,3278,2023-01-23,1,1,0
1741,CMP0192,3970,2023-01-23,0,0,0
1742,CMP0192,3437,2023-01-23,0,0,0
1743,CMP0192,3948,2023-01-23,1,1,0
1744,CMP0192,3026,2023-01-23,0,0,0
1745,CMP0192,2739,2023-01-23,0,0,0
1746,CMP0192,2171,2023-01-23,0,0,0
1747,CMP0192,3696,2023-01-23,1,1,0
1748,CMP0192,610,2023-01-23,0,0,0
1749,CMP0192,116,2023-01-23,0,0,0
1750,CMP0192,3758,2023-01-23,1,0,0
1751,CMP0192,2400,2023-01-23,1,1,0
1752,CMP0192,849,2023-01-23,0,0,0
1753,CMP0192,1516,2023-01-23,1,0,0
1754,CMP0192,1787,2023-01-23,0,0,0
1755,CMP0192,535,2023-01-23,0,0,0
1756,CMP0192,530,2023-01-23,0,0,0
1757,CMP0192,2908,2023-01-23,0,0,0
1758,CMP0192,3618,2023-01-23,0,0,0
1759,CMP0192,3573,2023-01-23,1,1,0
1760,CMP0192,3519,2023-01-23,0,0,0
1761,CMP0192,3961,2023-01-23,0,0,0
1762,CMP0192,3078,2023-01-23,0,0,0
1763,CMP0192,2388,2023-01-23,0,0,0
1764,CMP0192,3128,2023-01-23,0,0,0
1765,CMP0192,3252,2023-01-23,0,0,0
1766,CMP0192,307,2023-01-23,0,0,0
1767,CMP0192,373,2023-01-23,0,0,0
1768,CMP0192,1034,2023-01-23,0,0,0
1769,CMP0192,1067,2023-01-23,0,0,0
1770,CMP0192,2268,2023-01-23,1,0,0
1771,CMP0192,3177,2023-01-23,0,0,0
1772,CMP0192,3849,2023-01-23,0,0,0
1773,CMP0192,2007,2023-01-23,0,0,0
1774,CMP0192,2444,2023-01-23,0,0,0
1775,CMP0192,3447,2023-01-23,0,0,0
1776,CMP0192,2467,2023-01-23,0,0,0
1777,CMP0192,2813,2023-01-23,1,0,0
1778,CMP0192,3809,2023-01-23,0,0,0
1779,CMP0192,1349,2023-01-23,1,0,0
1780,CMP0192,84,2023-01-23,0,0,0
1781,CMP0192,1924,2023-01-23,1,1,0
1782,CMP0192,1902,2023-01-23,1,0,0
1783,CMP0192,1623,2023-01-23,1,0,0
1784,CMP0192,1211,2023-01-23,0,0,0
1785,CMP0192,2399,2023-01-23,1,0,0
1786,CMP0192,1205,2023-01-23,1,0,0
1787,CMP0192,1889,2023-01-23,0,0,0
1788,CMP0192,3913,2023-01-23,0,0,0
1789,CMP0192,584,2023-01-23,1,0,0
1790,CMP0192,2698,2023-01-23,0,0,0
1791,CMP0192,1062,2023-01-23,1,0,0
1792,CMP0192,2478,2023-01-23,0,0,0
1793,CMP0192,245,2023-01-23,0,1,0
1794,CMP0192,1406,2023-01-23,0,0,0
1795,CMP0192,3981,2023-01-23,0,0,0
1796,CMP0192,2712,2023-01-23,0,0,0
1797,CMP0192,1795,2023-01-23,0,0,0
1798,CMP0192,642,2023-01-23,0,0,0
1799,CMP0192,1922,2023-01-23,0,0,0
1800,CMP0192,3008,2023-01-23,0,0,0
1801,CMP0192,524,2023-01-23,1,0,0
1802,CMP0192,101,2023-01-23,0,0,0
1803,CMP0192,520,2023-01-23,1,1,0
1804,CMP0192,739,2023-01-23,0,0,0
1805,CMP0192,3815,2023-01-23,0,0,0
1806,CMP0192,736,2023-01-23,0,0,0
1807,CMP0192,2130,2023-01-23,0,0,0
1808,CMP0192,3413,2023-01-23,0,0,0
1809,CMP0192,797,2023-01-23,0,0,0
1810,CMP0192,453,2023-01-23,0,0,0
1811,CMP0192,160,2023-01-23,0,0,0
1812,CMP0192,1155,2023-01-23,0,0,0
1813,CMP0192,3112,2023-01-23,0,0,0
1814,CMP0192,841,2023-01-23,1,0,0
1815,CMP0192,3220,2023-01-23,0,0,0
1816,CMP0192,2137,2023-01-23,1,0,0
1817,CMP0192,563,2023-01-23,1,0,0
1818,CMP0192,2251,2023-01-23,0,0,0
1819,CMP0192,2097,2023-01-23,0,0,0
1820,CMP0192,3389,2023-01-23,0,0,0
1821,CMP0192,1170,2023-01-23,0,0,0
1822,CMP0192,974,2023-01-23,0,0,0
1823,CMP0192,457,2023-01-23,1,0,0
1824,CMP0192,2710,2023-01-23,1,0,0
1825,CMP0192,2073,2023-01-23,1,0,0
1826,CMP0192,867,2023-01-23,0,0,0
1827,CMP0192,1186,2023-01-23,0,0,0
1828,CMP0192,1327,2023-01-23,0,0,0
1829,CMP0192,2961,2023-01-23,0,0,0
1830,CMP0192,3740,2023-01-23,1,1,0
1831,CMP0192,3705,2023-01-23,0,0,0
1832,CMP0192,2252,2023-01-23,0,0,0
1833,CMP0192,1666,2023-01-23,0,0,0
1834,CMP0192,3698,2023-01-23,1,0,0
1835,CMP0192,1841,2023-01-23,0,0,0
1836,CMP0192,883,2023-01-23,0,0,0
1837,CMP0192,3201,2023-01-23,0,0,0
1838,CMP0192,428,2023-01-23,0,0,0
1839,CMP0192,1158,2023-01-23,0,0,0
1840,CMP0192,596,2023-01-23,0,0,0
1841,CMP0192,1624,2023-01-23,0,0,0
1842,CMP0192,970,2023-01-23,1,0,0
1843,CMP0192,3575,2023-01-23,1,0,0
1844,CMP0192,517,2023-01-23,1,1,0
1845,CMP0192,1935,2023-01-23,0,0,0
1846,CMP0192,819,2023-01-23,0,0,0
1847,CMP0192,751,2023-01-23,0,0,0
1848,CMP0192,3011,2023-01-23,1,1,0
1849,CMP0192,1319,2023-01-23,0,0,0
1850,CMP0192,2643,2023-01-23,0,0,0
1851,CMP0192,3548,2023-01-23,1,0,0
1852,CMP0192,701,2023-01-23,1,0,0
1853,CMP0192,374,2023-01-23,1,0,0
1854,CMP0192,1140,2023-01-23,0,0,0
1855,CMP0192,977,2023-01-23,0,0,0
1856,CMP0192,2940,2023-01-23,1,0,0
1857,CMP0192,757,2023-01-23,0,0,0
1858,CMP0192,2490,2023-01-23,0,0,0
1859,CMP0192,3462,2023-01-23,0,0,0
1860,CMP0192,2058,2023-01-23,0,0,0
1861,CMP0192,3871,2023-01-23,1,0,0
1862,CMP0192,2734,2023-01-23,0,0,0
1863,CMP0192,1523,2023-01-23,0,0,0
1864,CMP0192,3458,2023-01-23,0,0,0
1865,CMP0192,1036,2023-01-23,1,0,0
1866,CMP0192,1537,2023-01-23,0,0,0
1867,CMP0192,219,2023-01-23,1,1,0
1868,CMP0192,2876,2023-01-23,1,0,0
1869,CMP0192,2836,2023-01-23,0,0,0
1870,CMP0192,1698,2023-01-23,0,0,0
1871,CMP0192,860,2023-01-23,0,0,0
1872,CMP0192,3211,2023-01-23,1,1,0
1873,CMP0192,3607,2023-01-23,1,0,0
1874,CMP0192,3959,2023-01-23,0,0,0
1875,CMP0192,2057,2023-01-23,0,0,0
1876,CMP0192,1474,2023-01-23,1,0,0
1877,CMP0192,294,2023-01-23,1,0,0
1878,CMP0192,306,2023-01-23,1,0,0
1879,CMP0192,2781,2023-01-23,0,0,0
1880,CMP0192,300,2023-01-23,0,0,0
1881,CMP0192,482,2023-01-23,1,0,0
1882,CMP0192,2704,2023-01-23,0,0,0
1883,CMP0192,3471,2023-01-23,1,0,0
1884,CMP0192,2841,2023-01-23,0,0,0
1885,CMP0192,1992,2023-01-23,0,0,0
1886,CMP0192,3889,2023-01-23,0,0,0
1887,CMP0192,3979,2023-01-23,0,0,0
1888,CMP0192,988,2023-01-23,0,0,0
1889,CMP0192,2697,2023-01-23,1,0,0
1890,CMP0192,1060,2023-01-23,1,0,0
1891,CMP0192,3149,2023-01-23,0,0,0
1892,CMP0192,2193,2023-01-23,1,1,0
1893,CMP0192,2266,2023-01-23,1,1,0
1894,CMP0192,1387,2023-01-23,0,0,0
1895,CMP0192,1619,2023-01-23,1,0,0
1896,CMP0192,3135,2023-01-23,0,0,0
1897,CMP0192,3891,2023-01-23,0,0,0
1898,CMP0192,926,2023-01-23,0,0,0
1899,CMP0192,2722,2023-01-23,0,0,0
1900,CMP0192,562,2023-01-23,1,0,0
1901,CMP0192,1114,2023-01-23,0,0,0
1902,CMP0192,1704,2023-01-23,1,0,0
1903,CMP0192,436,2023-01-23,0,0,0
1904,CMP0192,1271,2023-01-23,0,0,0
1905,CMP0192,2537,2023-01-23,1,0,0
1906,CMP0192,1905,2023-01-23,0,0,0
1907,CMP0192,2875,2023-01-23,0,0,0
1908,CMP0192,158,2023-01-23,1,0,0
1909,CMP0192,1180,2023-01-23,0,0,0
1910,CMP0192,2139,2023-01-23,1,0,0
1911,CMP0192,2521,2023-01-23,0,0,0
1912,CMP0192,2714,2023-01-23,0,0,0
1913,CMP0192,3416,2023-01-23,0,0,0
1914,CMP0192,2340,2023-01-23,0,0,0
1915,CMP0192,1726,2023-01-23,0,0,0
1916,CMP0192,3298,2023-01-23,0,0,0
1917,CMP0192,3897,2023-01-23,0,0,0
1918,CMP0192,1753,2023-01-23,0,0,0
1919,CMP0192,2930,2023-01-23,1,1,0
1920,CMP0192,532,2023-01-23,0,0,0
1921,CMP0192,3525,2023-01-23,1,1,0
1922,CMP0192,20,2023-01-23,1,0,0
1923,CMP0192,484,2023-01-23,0,0,0
1924,CMP0192,3423,2023-01-23,1,0,0
1925,CMP0192,3121,2023-01-23,0,0,0
1926,CMP0192,1370,2023-01-23,0,0,0
1927,CMP0192,1171,2023-01-23,0,0,0
1928,CMP0192,3247,2023-01-23,0,0,0
1929,CMP0192,2096,2023-01-23,0,0,0
1930,CMP0192,181,2023-01-23,1,1,0
1931,CMP0192,2144,2023-01-23,1,0,0
1932,CMP0192,2136,2023-01-23,0,0,0
1933,CMP0192,2345,2023-01-23,1,0,0
1934,CMP0192,3887,2023-01-23,0,0,0
1935,CMP0192,3547,2023-01-23,0,0,0
1936,CMP0192,397,2023-01-23,0,0,0
1937,CMP0192,2603,2023-01-23,0,0,0
1938,CMP0192,1749,2023-01-23,0,0,0
1939,CMP0192,670,2023-01-23,0,0,0
1940,CMP0192,341,2023-01-23,0,0,0
1941,CMP0192,380,2023-01-23,0,0,0
1942,CMP0192,1551,2023-01-23,0,0,0
1943,CMP0192,2680,2023-01-23,0,0,0
1944,CMP0192,971,2023-01-23,0,0,0
1945,CMP0192,3786,2023-01-23,1,0,0
1946,CMP0192,2370,2023-01-23,1,0,0
1947,CMP0192,3339,2023-01-23,0,0,0
1948,CMP0192,3407,2023-01-23,0,0,0
1949,CMP0192,2094,2023-01-23,0,0,0
1950,CMP0192,3127,2023-01-23,1,0,0
1951,CMP0192,2626,2023-01-23,0,0,0
1952,CMP0192,981,2023-01-23,0,0,0
1953,CMP0192,2196,2023-01-23,1,0,0
1954,CMP0192,1077,2023-01-23,0,0,0
1955,CMP0192,1895,2023-01-23,0,0,0
1956,CMP0192,1789,2023-01-23,1,1,0
1957,CMP0192,1848,2023-01-23,0,0,0
1958,CMP0192,3792,2023-01-23,0,0,0
1959,CMP0192,1963,2023-01-23,1,0,0
1960,CMP0192,1061,2023-01-23,0,0,0
1961,CMP0192,3904,2023-01-23,0,0,0
1962,CMP0192,682,2023-01-23,1,0,0
1963,CMP0192,1385,2023-01-23,0,0,0
1964,CMP0192,772,2023-01-23,1,0,0
1965,CMP0192,2476,2023-01-23,0,0,0
1966,CMP0192,505,2023-01-23,1,0,0
1967,CMP0192,1414,2023-01-23,1,0,0
1968,CMP0192,3761,2023-01-23,0,0,0
1969,CMP0192,3209,2023-01-23,1,0,0
1970,CMP0192,3497,2023-01-23,1,0,0
1971,CMP0192,603,2023-01-23,0,0,0
1972,CMP0192,2360,2023-01-23,0,0,0
1973,CMP0192,823,2023-01-23,0,0,0
1974,CMP0192,2088,2023-01-23,0,0,0
1975,CMP0192,3583,2023-01-23,0,0,0
1976,CMP0192,2665,2023-01-23,1,1,0
1977,CMP0192,2699,2023-01-23,0,0,0
1978,CMP0192,3086,2023-01-23,1,0,0
1979,CMP0192,3440,2023-01-23,0,0,0
1980,CMP0192,1875,2023-01-23,1,0,0
1981,CMP0192,224,2023-01-23,0,0,0
1982,CMP0192,3461,2023-01-23,0,0,0
1983,CMP0192,1805,2023-01-23,1,0,0
1984,CMP0192,3065,2023-01-23,1,0,0
1985,CMP0192,3648,2023-01-23,0,0,0
1986,CMP0192,3214,2023-01-23,0,0,0
1987,CMP0192,3402,2023-01-23,1,0,0
1988,CMP0192,1159,2023-01-23,0,0,0
1989,CMP0192,2491,2023-01-23,0,0,0
1990,CMP0192,3721,2023-01-23,0,0,0
1991,CMP0192,3350,2023-01-23,0,0,0
1992,CMP0192,1377,2023-01-23,1,0,0
1993,CMP0192,314,2023-01-23,0,0,0
1994,CMP0192,2896,2023-01-23,1,0,0
1995,CMP0192,299,2023-01-23,0,0,0
1996,CMP0192,3857,2023-01-23,0,0,0
1997,CMP0192,1058,2023-01-23,0,0,0
1998,CMP0192,1606,2023-01-23,0,0,0
1999,CMP0192,1290,2023-01-23,0,0,0
2000,CMP0192,2492,2023-01-23,0,0,0
2001,CMP0192,991,2023-01-23,0,0,0
2002,CMP0192,805,2023-01-23,1,0,0
2003,CMP0192,3253,2023-01-23,1,0,0
2004,CMP0192,1983,2023-01-23,0,0,0
2005,CMP0192,909,2023-01-23,1,0,0
2006,CMP0192,3095,2023-01-23,0,0,0
2007,CMP0192,1480,2023-01-23,0,0,0
2008,CMP0192,2508,2023-01-23,0,0,0
2009,CMP0192,856,2023-01-23,0,0,0
2010,CMP0192,1362,2023-01-23,0,0,0
2011,CMP0192,1301,2023-01-23,0,0,0
2012,CMP0192,3528,2023-01-23,0,0,0
2013,CMP0192,2070,2023-01-23,0,0,0
2014,CMP0192,1266,2023-01-23,0,0,0
2015,CMP0192,638,2023-01-23,0,0,0
2016,CMP0192,3049,2023-01-23,1,0,0
2017,CMP0192,2597,2023-01-23,0,0,0
2018,CMP0192,3142,2023-01-23,0,0,0
2019,CMP0192,1296,2023-01-23,0,0,0
2020,CMP0192,1280,2023-01-23,0,0,0
2021,CMP0192,3405,2023-01-23,1,0,0
2022,CMP0192,2239,2023-01-23,1,0,0
2023,CMP0192,979,2023-01-23,0,0,0
2024,CMP0192,2123,2023-01-23,1,0,0
2025,CMP0192,3953,2023-01-23,1,1,0
2026,CMP0192,2249,2023-01-23,0,0,0
2027,CMP0192,3015,2023-01-23,1,1,0
2028,CMP0192,2243,2023-01-23,0,0,0
2029,CMP0148,2018,2025-05-16,0,0,0
2030,CMP0148,1581,2025-05-16,0,0,0
2031,CMP0148,1083,2025-05-16,1,0,0
2032,CMP0148,3913,2025-05-16,0,0,0
2033,CMP0148,2405,2025-05-16,0,0,0
2034,CMP0148,688,2025-05-16,1,0,0
2035,CMP0148,2399,2025-05-16,1,0,0
2036,CMP0148,3714,2025-05-16,0,0,0
2037,CMP0148,2859,2025-05-16,0,0,0
2038,CMP0148,3385,2025-05-16,0,0,0
2039,CMP0148,701,2025-05-16,0,0,0
2040,CMP0148,1429,2025-05-16,0,0,0
2041,CMP0148,700,2025-05-16,0,0,0
2042,CMP0148,676,2025-05-16,0,0,0
2043,CMP0148,3866,2025-05-16,0,0,0
2044,CMP0148,2251,2025-05-16,1,1,0
2045,CMP0148,1663,2025-05-16,0,0,0
2046,CMP0148,1565,2025-05-16,0,0,0
2047,CMP0148,625,2025-05-16,0,0,0
2048,CMP0148,1299,2025-05-16,0,0,0
2049,CMP0148,3191,2025-05-16,0,0,0
2050,CMP0148,2560,2025-05-16,0,0,0
2051,CMP0148,3008,2025-05-16,1,0,0
2052,CMP0148,2199,2025-05-16,0,0,1
2053,CMP0148,152,2025-05-16,0,0,0
2054,CMP0148,1653,2025-05-16,0,0,0
2055,CMP0148,2368,2025-05-16,0,0,0
2056,CMP0148,3429,2025-05-16,0,0,0
2057,CMP0148,2722,2025-05-16,1,0,0
2058,CMP0148,3178,2025-05-16,1,0,0
2059,CMP0148,428,2025-05-16,1,1,0
2060,CMP0148,3096,2025-05-16,1,0,0
2061,CMP0148,2625,2025-05-16,1,0,0
2062,CMP0148,197,2025-05-16,0,0,0
2063,CMP0148,321,2025-05-16,1,0,0
2064,CMP0148,650,2025-05-16,0,0,0
2065,CMP0148,761,2025-05-16,1,0,0
2066,CMP0148,3399,2025-05-16,0,0,0
2067,CMP0148,3012,2025-05-16,1,0,0
2068,CMP0148,2126,2025-05-16,0,0,0
2069,CMP0148,628,2025-05-16,0,0,0
2070,CMP0148,3798,2025-05-16,1,0,0
2071,CMP0148,3318,2025-05-16,1,0,0
2072,CMP0148,3585,2025-05-16,0,0,0
2073,CMP0148,740,2025-05-16,1,1,0
2074,CMP0148,1747,2025-05-16,0,0,0
2075,CMP0148,126,2025-05-16,0,0,0
2076,CMP0148,2740,2025-05-16,0,0,0
2077,CMP0148,3807,2025-05-16,0,0,0
2078,CMP0148,2832,2025-05-16,1,1,0
2079,CMP0148,3249,2025-05-16,0,0,0
2080,CMP0148,3694,2025-05-16,0,0,0
2081,CMP0148,3726,2025-05-16,0,0,0
2082,CMP0148,3132,2025-05-16,0,0,0
2083,CMP0148,2429,2025-05-16,0,0,0
2084,CMP0148,867,2025-05-16,0,0,0
2085,CMP0148,1508,2025-05-16,0,0,0
2086,CMP0148,2289,2025-05-16,0,0,0
2087,CMP0148,3805,2025-05-16,0,0,0
2088,CMP0148,2132,2025-05-16,0,0,0
2089,CMP0148,1382,2025-05-16,0,0,0
2090,CMP0148,3844,2025-05-16,1,0,0
2091,CMP0148,9,2025-05-16,0,0,0
2092,CMP0148,3339,2025-05-16,0,0,0
2093,CMP0148,361,2025-05-16,0,0,0
2094,CMP0148,3038,2025-05-16,0,0,0
2095,CMP0148,1805,2025-05-16,0,0,0
2096,CMP0148,464,2025-05-16,0,0,0
2097,CMP0148,1935,2025-05-16,1,0,0
2098,CMP0148,3849,2025-05-16,1,0,0
2099,CMP0148,2439,2025-05-16,0,0,0
2100,CMP0148,2189,2025-05-16,0,0,0
2101,CMP0148,2823,2025-05-16,0,0,0
2102,CMP0148,1803,2025-05-16,0,0,0
2103,CMP0148,770,2025-05-16,1,0,0
2104,CMP0148,2374,2025-05-16,0,0,0
2105,CMP0148,1834,2025-05-16,0,0,0
2106,CMP0148,179,2025-05-16,0,0,0
2107,CMP0148,1480,2025-05-16,0,0,0
2108,CMP0148,2776,2025-05-16,0,0,0
2109,CMP0148,4,2025-05-16,0,0,0
2110,CMP0148,1255,2025-05-16,0,0,0
2111,CMP0148,1985,2025-05-16,0,0,0
2112,CMP0148,3715,2025-05-16,0,0,0
2113,CMP0148,527,2025-05-16,1,0,0
2114,CMP0148,3856,2025-05-16,0,0,0
2115,CMP0148,2739,2025-05-16,0,0,0
2116,CMP0148,808,2025-05-16,0,0,0
2117,CMP0148,3941,2025-05-16,0,0,0
2118,CMP0148,2902,2025-05-16,1,0,0
2119,CMP0148,3394,2025-05-16,0,0,0
2120,CMP0148,2617,2025-05-16,1,0,0
2121,CMP0148,2647,2025-05-16,1,0,0
2122,CMP0148,237,2025-05-16,0,0,0
2123,CMP0148,2480,2025-05-16,0,0,0
2124,CMP0148,1589,2025-05-16,0,0,0
2125,CMP0148,2570,2025-05-16,0,0,0
2126,CMP0148,2275,2025-05-16,0,0,0
2127,CMP0148,1355,2025-05-16,0,0,0
2128,CMP0148,2745,2025-05-16,0,0,0
2129,CMP0148,329,2025-05-16,0,0,0
2130,CMP0148,328,2025-05-16,0,0,0
2131,CMP0148,381,2025-05-16,0,0,0
2132,CMP0148,3563,2025-05-16,1,0,0
2133,CMP0148,2050,2025-05-16,0,0,0
2134,CMP0148,1416,2025-05-16,1,0,0
2135,CMP0148,322,2025-05-16,0,0,0
2136,CMP0148,3418,2025-05-16,0,0,0
2137,CMP0148,1842,2025-05-16,1,0,0
2138,CMP0148,1226,2025-05-16,0,0,0
2139,CMP0148,2541,2025-05-16,0,0,0
2140,CMP0148,908,2025-05-16,1,0,0
2141,CMP0148,2571,2025-05-16,0,0,0
2142,CMP0148,1431,2025-05-16,0,0,0
2143,CMP0148,1513,2025-05-16,0,0,0
2144,CMP0148,2290,2025-05-16,0,0,0
2145,CMP0148,1185,2025-05-16,0,0,0
2146,CMP0148,698,2025-05-16,1,1,0
2147,CMP0148,3317,2025-05-16,1,1,0
2148,CMP0148,3046,2025-05-16,0,0,0
2149,CMP0148,1102,2025-05-16,0,0,0
2150,CMP0148,3254,2025-05-16,1,0,0
2151,CMP0148,944,2025-05-16,0,0,0
2152,CMP0148,60,2025-05-16,0,0,0
2153,CMP0148,3982,2025-05-16,0,0,0
2154,CMP0148,2679,2025-05-16,0,0,0
2155,CMP0148,2381,2025-05-16,0,0,0
2156,CMP0148,2841,2025-05-16,0,0,0
2157,CMP0148,638,2025-05-16,1,0,0
2158,CMP0148,1806,2025-05-16,0,0,0
2159,CMP0148,2672,2025-05-16,0,0,0
2160,CMP0148,1149,2025-05-16,0,0,0
2161,CMP0148,3942,2025-05-16,0,0,0
2162,CMP0148,923,2025-05-16,0,0,0
2163,CMP0148,854,2025-05-16,0,0,0
2164,CMP0148,3016,2025-05-16,0,0,0
2165,CMP0148,1961,2025-05-16,1,1,0
2166,CMP0148,3065,2025-05-16,1,0,0
2167,CMP0148,995,2025-05-16,0,0,0
2168,CMP0148,303,2025-05-16,1,0,0
2169,CMP0148,1005,2025-05-16,0,0,0
2170,CMP0148,1222,2025-05-16,0,0,0
2171,CMP0148,1193,2025-05-16,1,0,0
2172,CMP0148,2067,2025-05-16,0,0,0
2173,CMP0148,136,2025-05-16,0,0,0
2174,CMP0148,10,2025-05-16,0,0,0
2175,CMP0148,3983,2025-05-16,0,0,0
2176,CMP0148,1813,2025-05-16,0,0,0
2177,CMP0148,725,2025-05-16,0,0,0
2178,CMP0148,2854,2025-05-16,1,0,0
2179,CMP0148,772,2025-05-16,0,0,0
2180,CMP0148,1215,2025-05-16,0,0,0
2181,CMP0148,3528,2025-05-16,1,0,0
2182,CMP0148,2643,2025-05-16,0,0,0
2183,CMP0148,1216,2025-05-16,1,0,0
2184,CMP0148,173,2025-05-16,1,0,0
2185,CMP0148,2183,2025-05-16,0,0,0
2186,CMP0148,106,2025-05-16,0,0,0
2187,CMP0148,453,2025-05-16,0,0,0
2188,CMP0148,977,2025-05-16,1,0,0
2189,CMP0148,3924,2025-05-16,0,0,0
2190,CMP0148,3834,2025-05-16,1,0,0
2191,CMP0148,1475,2025-05-16,0,0,0
2192,CMP0148,2496,2025-05-16,0,0,0
2193,CMP0148,2591,2025-05-16,0,0,0
2194,CMP0148,1033,2025-05-16,0,0,0
2195,CMP0148,1174,2025-05-16,1,0,0
2196,CMP0148,1521,2025-05-16,1,1,0
2197,CMP0148,2964,2025-05-16,0,0,0
2198,CMP0148,1409,2025-05-16,0,0,0
2199,CMP0148,586,2025-05-16,0,0,0
2200,CMP0148,3084,2025-05-16,0,0,0
2201,CMP0148,3190,2025-05-16,0,0,0
2202,CMP0148,3474,2025-05-16,0,0,0
2203,CMP0148,3338,2025-05-16,1,0,0
2204,CMP0148,1989,2025-05-16,0,0,0
2205,CMP0148,3876,2025-05-16,0,0,0
2206,CMP0148,604,2025-05-16,0,0,0
2207,CMP0148,3273,2025-05-16,0,0,0
2208,CMP0148,3787,2025-05-16,0,0,0
2209,CMP0148,3436,2025-05-16,0,0,0
2210,CMP0148,3574,2025-05-16,0,0,0
2211,CMP0148,3440,2025-05-16,0,0,0
2212,CMP0148,445,2025-05-16,1,0,0
2213,CMP0148,3220,2025-05-16,1,0,0
2214,CMP0148,1844,2025-05-16,1,0,0
2215,CMP0148,1385,2025-05-16,0,0,0
2216,CMP0148,605,2025-05-16,1,0,0
2217,CMP0148,3800,2025-05-16,1,0,0
2218,CMP0148,3955,2025-05-16,0,0,0
2219,CMP0148,317,2025-05-16,0,0,0
2220,CMP0148,1708,2025-05-16,0,0,0
2221,CMP0148,2019,2025-05-16,0,0,0
2222,CMP0148,3868,2025-05-16,1,0,0
2223,CMP0148,2141,2025-05-16,0,0,0
2224,CMP0148,817,2025-05-16,1,1,0
2225,CMP0148,752,2025-05-16,0,0,0
2226,CMP0148,1108,2025-05-16,1,0,0
2227,CMP0148,3819,2025-05-16,0,0,0
2228,CMP0148,2436,2025-05-16,0,0,0
2229,CMP0148,3431,2025-05-16,0,0,0
2230,CMP0148,2825,2025-05-16,0,0,0
2231,CMP0148,316,2025-05-16,0,0,0
2232,CMP0148,1363,2025-05-16,1,1,0
2233,CMP0148,3916,2025-05-16,1,0,0
2234,CMP0148,3044,2025-05-16,0,0,0
2235,CMP0148,281,2025-05-16,0,0,0
2236,CMP0148,1999,2025-05-16,0,0,0
2237,CMP0148,2642,2025-05-16,1,1,0
2238,CMP0148,3854,2025-05-16,0,0,0
2239,CMP0148,2635,2025-05-16,0,0,0
2240,CMP0148,880,2025-05-16,1,0,0
2241,CMP0148,278,2025-05-16,1,0,0
2242,CMP0148,56,2025-05-16,0,0,0
2243,CMP0148,1352,2025-05-16,0,0,0
2244,CMP0148,297,2025-05-16,1,0,0
2245,CMP0148,2310,2025-05-16,1,0,0
2246,CMP0148,1310,2025-05-16,1,0,0
2247,CMP0148,1902,2025-05-16,0,0,0
2248,CMP0148,490,2025-05-16,0,0,0
2249,CMP0148,2363,2025-05-16,1,0,0
2250,CMP0148,2054,2025-05-16,0,0,0
2251,CMP0148,2428,2025-05-16,0,0,0
2252,CMP0148,2786,2025-05-16,1,0,0
2253,CMP0148,3290,2025-05-16,0,0,0
2254,CMP0148,2836,2025-05-16,0,0,0
2255,CMP0148,3410,2025-05-16,0,0,0
2256,CMP0148,3735,2025-05-16,0,0,0
2257,CMP0148,308,2025-05-16,1,0,0
2258,CMP0148,3967,2025-05-16,0,0,0
2259,CMP0148,1177,2025-05-16,0,0,0
2260,CMP0148,2467,2025-05-16,0,0,0
2261,CMP0148,2421,2025-05-16,1,0,0
2262,CMP0148,2320,2025-05-16,0,0,0
2263,CMP0148,84,2025-05-16,0,0,0
2264,CMP0148,3457,2025-05-16,0,0,0
2265,CMP0148,973,2025-05-16,0,0,0
2266,CMP0148,1433,2025-05-16,0,0,0
2267,CMP0148,181,2025-05-16,0,0,0
2268,CMP0148,123,2025-05-16,1,0,0
2269,CMP0148,3586,2025-05-16,0,0,0
2270,CMP0148,3355,2025-05-16,0,0,0
2271,CMP0148,2447,2025-05-16,0,0,0
2272,CMP0148,3875,2025-05-16,1,1,0
2273,CMP0148,2333,2025-05-16,0,0,0
2274,CMP0148,2963,2025-05-16,0,0,0
2275,CMP0148,99,2025-05-16,0,0,0
2276,CMP0148,3676,2025-05-16,1,0,0
2277,CMP0148,2562,2025-05-16,0,0,0
2278,CMP0148,2858,2025-05-16,0,0,0
2279,CMP0148,17,2025-05-16,0,0,0
2280,CMP0148,160,2025-05-16,1,0,0
2281,CMP0148,3258,2025-05-16,0,0,0
2282,CMP0148,1159,2025-05-16,0,0,0
2283,CMP0148,2529,2025-05-16,0,0,0
2284,CMP0148,1639,2025-05-16,0,0,0
2285,CMP0148,2130,2025-05-16,0,0,0
2286,CMP0148,1051,2025-05-16,0,0,0
2287,CMP0148,862,2025-05-16,0,0,0
2288,CMP0148,2110,2025-05-16,1,0,0
2289,CMP0148,401,2025-05-16,0,0,0
2290,CMP0148,353,2025-05-16,0,0,0
2291,CMP0148,1561,2025-05-16,0,0,0
2292,CMP0148,3817,2025-05-16,0,0,0
2293,CMP0148,571,2025-05-16,1,0,0
2294,CMP0148,1272,2025-05-16,1,0,0
2295,CMP0148,3901,2025-05-16,0,0,0
2296,CMP0148,2470,2025-05-16,0,0,0
2297,CMP0148,3643,2025-05-16,0,0,0
2298,CMP0148,3696,2025-05-16,1,0,0
2299,CMP0148,418,2025-05-16,0,0,0
2300,CMP0148,3746,2025-05-16,0,0,0
2301,CMP0148,1681,2025-05-16,0,0,0
2302,CMP0148,1264,2025-05-16,1,0,0
2303,CMP0148,860,2025-05-16,1,0,0
2304,CMP0148,2040,2025-05-16,1,0,0
2305,CMP0148,1899,2025-05-16,1,0,0
2306,CMP0148,383,2025-05-16,0,0,0
2307,CMP0148,900,2025-05-16,0,0,0
2308,CMP0148,513,2025-05-16,0,0,0
2309,CMP0148,3832,2025-05-16,0,0,0
2310,CMP0148,3229,2025-05-16,1,0,0
2311,CMP0148,1344,2025-05-16,0,0,0
2312,CMP0148,457,2025-05-16,0,0,0
2313,CMP0148,1399,2025-05-16,0,0,0
2314,CMP0148,3943,2025-05-16,0,0,0
2315,CMP0148,477,2025-05-16,0,0,0
2316,CMP0148,355,2025-05-16,0,0,0
2317,CMP0148,656,2025-05-16,0,0,0
2318,CMP0148,3470,2025-05-16,0,0,0
2319,CMP0148,2665,2025-05-16,0,0,0
2320,CMP0148,771,2025-05-16,0,0,0
2321,CMP0148,2536,2025-05-16,1,0,0
2322,CMP0148,2269,2025-05-16,0,0,0
2323,CMP0148,4005,2025-05-16,0,0,0
2324,CMP0148,3777,2025-05-16,0,0,0
2325,CMP0148,2929,2025-05-16,0,0,0
2326,CMP0148,3324,2025-05-16,1,1,0
2327,CMP0148,976,2025-05-16,0,0,0
2328,CMP0148,3146,2025-05-16,0,0,0
2329,CMP0148,2742,2025-05-16,1,0,0
2330,CMP0148,3947,2025-05-16,0,0,0
2331,CMP0148,3404,2025-05-16,0,0,0
2332,CMP0148,1349,2025-05-16,0,0,0
2333,CMP0148,852,2025-05-16,1,0,0
2334,CMP0148,1001,2025-05-16,0,0,0
2335,CMP0148,3542,2025-05-16,0,0,0
2336,CMP0148,127,2025-05-16,0,0,0
2337,CMP0148,2327,2025-05-16,0,0,0
2338,CMP0148,2335,2025-05-16,0,0,0
2339,CMP0148,288,2025-05-16,0,0,0
2340,CMP0148,514,2025-05-16,0,0,0
2341,CMP0148,270,2025-05-16,1,0,0
2342,CMP0148,1849,2025-05-16,1,0,0
2343,CMP0148,1949,2025-05-16,0,0,0
2344,CMP0148,1574,2025-05-16,1,0,0
2345,CMP0148,313,2025-05-16,1,0,0
2346,CMP0148,3766,2025-05-16,0,0,0
2347,CMP0148,2520,2025-05-16,1,1,0
2348,CMP0148,2135,2025-05-16,1,0,0
2349,CMP0148,1569,2025-05-16,0,0,0
2350,CMP0148,866,2025-05-16,0,0,0
2351,CMP0148,301,2025-05-16,0,0,0
2352,CMP0148,3567,2025-05-16,0,0,0
2353,CMP0148,2618,2025-05-16,0,0,0
2354,CMP0148,3228,2025-05-16,0,0,0
2355,CMP0148,438,2025-05-16,0,0,0
2356,CMP0148,2243,2025-05-16,1,0,0
2357,CMP0148,1828,2025-05-16,1,0,0
2358,CMP0148,1148,2025-05-16,1,0,0
2359,CMP0148,2705,2025-05-16,0,0,0
2360,CMP0148,3152,2025-05-16,0,0,0
2361,CMP0148,1719,2025-05-16,0,0,0
2362,CMP0148,1317,2025-05-16,0,0,0
2363,CMP0148,684,2025-05-16,0,0,0
2364,CMP0148,3540,2025-05-16,0,0,0
2365,CMP0148,2980,2025-05-16,1,0,0
2366,CMP0148,805,2025-05-16,0,0,0
2367,CMP0148,2148,2025-05-16,0,0,0
2368,CMP0148,2589,2025-05-16,0,0,0
2369,CMP0148,2683,2025-05-16,0,0,0
2370,CMP0148,2215,2025-05-16,0,0,0
2371,CMP0148,2095,2025-05-16,0,0,0
2372,CMP0148,3433,2025-05-16,1,0,0
2373,CMP0148,1893,2025-05-16,1,0,0
2374,CMP0148,2244,2025-05-16,1,0,0
2375,CMP0148,3361,2025-05-16,0,0,0
2376,CMP0148,1022,2025-05-16,0,0,0
2377,CMP0148,3334,2025-05-16,1,0,0
2378,CMP0148,733,2025-05-16,0,0,0
2379,CMP0148,1943,2025-05-16,1,0,0
2380,CMP0148,1157,2025-05-16,0,0,0
2381,CMP0148,1937,2025-05-16,1,0,0
2382,CMP0148,3623,2025-05-16,0,0,0
2383,CMP0148,2073,2025-05-16,1,0,0
2384,CMP0148,2359,2025-05-16,0,0,0
2385,CMP0148,1450,2025-05-16,0,0,0
2386,CMP0148,439,2025-05-16,0,0,0
2387,CMP0148,2468,2025-05-16,0,0,0
2388,CMP0148,963,2025-05-16,0,0,0
2389,CMP0148,1714,2025-05-16,0,0,0
2390,CMP0148,2609,2025-05-16,0,0,0
2391,CMP0148,3015,2025-05-16,0,0,0
2392,CMP0148,2430,2025-05-16,0,0,0
2393,CMP0148,2416,2025-05-16,1,0,0
2394,CMP0148,1292,2025-05-16,0,0,0
2395,CMP0148,1381,2025-05-16,0,0,0
2396,CMP0148,436,2025-05-16,1,0,0
2397,CMP0148,3733,2025-05-16,0,0,0
2398,CMP0148,409,2025-05-16,0,0,0
2399,CMP0148,1595,2025-05-16,0,0,1
2400,CMP0148,338,2025-05-16,0,0,0
2401,CMP0148,2656,2025-05-16,1,0,0
2402,CMP0148,985,2025-05-16,0,0,0
2403,CMP0148,2976,2025-05-16,0,0,0
2404,CMP0148,3792,2025-05-16,0,0,0
2405,CMP0148,1477,2025-05-16,0,0,0
2406,CMP0148,3415,2025-05-16,0,0,0
2407,CMP0148,421,2025-05-16,0,0,0
2408,CMP0148,2400,2025-05-16,0,0,0
2409,CMP0148,2590,2025-05-16,0,0,0
2410,CMP0148,2997,2025-05-16,0,0,0
2411,CMP0123,380,2025-07-02,1,1,0
2412,CMP0123,3823,2025-07-02,0,0,0
2413,CMP0123,1185,2025-07-02,1,0,0
2414,CMP0123,2582,2025-07-02,0,0,0
2415,CMP0123,1813,2025-07-02,0,0,0
2416,CMP0123,3585,2025-07-02,1,0,0
2417,CMP0123,1148,2025-07-02,0,0,0
2418,CMP0123,1261,2025-07-02,0,0,0
2419,CMP0123,1770,2025-07-02,0,0,0
2420,CMP0123,1224,2025-07-02,0,0,0
2421,CMP0123,2361,2025-07-02,1,0,0
2422,CMP0123,2815,2025-07-02,0,0,0
2423,CMP0123,3405,2025-07-02,1,1,0
2424,CMP0123,2600,2025-07-02,1,0,0
2425,CMP0123,2579,2025-07-02,0,0,0
2426,CMP0123,2833,2025-07-02,0,0,0
2427,CMP0123,3639,2025-07-02,0,0,0
2428,CMP0123,2724,2025-07-02,1,0,0
2429,CMP0123,599,2025-07-02,1,0,0
2430,CMP0123,3907,2025-07-02,0,0,0
2431,CMP0123,2443,2025-07-02,0,0,0
2432,CMP0123,3858,2025-07-02,1,0,0
2433,CMP0123,1493,2025-07-02,0,0,0
2434,CMP0123,2646,2025-07-02,1,1,0
2435,CMP0123,166,2025-07-02,1,0,0
2436,CMP0123,2745,2025-07-02,0,0,0
2437,CMP0123,3641,2025-07-02,0,0,0
2438,CMP0123,1469,2025-07-02,1,0,0
2439,CMP0123,2390,2025-07-02,0,0,0
2440,CMP0123,3733,2025-07-02,0,0,0
2441,CMP0123,2301,2025-07-02,1,0,0
2442,CMP0123,3015,2025-07-02,0,0,0
2443,CMP0123,2619,2025-07-02,1,1,0
2444,CMP0123,3806,2025-07-02,0,0,0
2445,CMP0123,3275,2025-07-02,1,0,0
2446,CMP0123,3612,2025-07-02,0,0,0
2447,CMP0123,3343,2025-07-02,0,0,0
2448,CMP0123,2596,2025-07-02,0,0,0
2449,CMP0123,3892,2025-07-02,0,0,0
2450,CMP0123,2689,2025-07-02,0,0,0
2451,CMP0123,135,2025-07-02,0,0,0
2452,CMP0123,2273,2025-07-02,0,0,0
2453,CMP0123,584,2025-07-02,0,0,0
2454,CMP0123,3438,2025-07-02,1,0,0
2455,CMP0123,1014,2025-07-02,0,0,0
2456,CMP0123,1061,2025-07-02,0,0,0
2457,CMP0123,2628,2025-07-02,0,0,0
2458,CMP0123,3227,2025-07-02,0,0,0
2459,CMP0123,316,2025-07-02,0,0,0
2460,CMP0123,1753,2025-07-02,0,0,0
2461,CMP0123,416,2025-07-02,0,0,0
2462,CMP0123,3045,2025-07-02,1,0,0
2463,CMP0123,288,2025-07-02,1,0,0
2464,CMP0123,3340,2025-07-02,1,0,0
2465,CMP0123,1907,2025-07-02,0,0,0
2466,CMP0123,1013,2025-07-02,1,1,0
2467,CMP0123,3876,2025-07-02,0,0,0
2468,CMP0123,1401,2025-07-02,0,0,0
2469,CMP0123,3648,2025-07-02,1,0,0
2470,CMP0123,2480,2025-07-02,0,0,0
2471,CMP0123,2379,2025-07-02,0,0,0
2472,CMP0123,3817,2025-07-02,1,0,0
2473,CMP0123,3745,2025-07-02,0,0,0
2474,CMP0123,1572,2025-07-02,1,1,0
2475,CMP0123,2332,2025-07-02,0,0,0
2476,CMP0123,1349,2025-07-02,0,0,0
2477,CMP0123,1019,2025-07-02,1,0,0
2478,CMP0123,551,2025-07-02,0,0,0
2479,CMP0123,3769,2025-07-02,0,0,0
2480,CMP0123,1914,2025-07-02,0,0,0
2481,CMP0123,1266,2025-07-02,0,0,0
2482,CMP0123,3898,2025-07-02,0,0,0
2483,CMP0123,530,2025-07-02,0,0,0
2484,CMP0123,823,2025-07-02,1,0,0
2485,CMP0123,1451,2025-07-02,0,0,0
2486,CMP0123,3248,2025-07-02,1,1,0
2487,CMP0123,3916,2025-07-02,0,0,0
2488,CMP0123,1870,2025-07-02,1,0,0
2489,CMP0123,1936,2025-07-02,0,0,0
2490,CMP0123,3385,2025-07-02,0,0,0
2491,CMP0123,1480,2025-07-02,0,0,0
2492,CMP0123,550,2025-07-02,0,0,0
2493,CMP0123,1272,2025-07-02,0,0,0
2494,CMP0123,671,2025-07-02,0,0,0
2495,CMP0123,3920,2025-07-02,0,0,0
2496,CMP0123,3798,2025-07-02,0,0,0
2497,CMP0123,578,2025-07-02,1,0,0
2498,CMP0123,3766,2025-07-02,0,0,0
2499,CMP0123,1698,2025-07-02,0,0,0
2500,CMP0123,2096,2025-07-02,1,0,0
2501,CMP0123,804,2025-07-02,1,0,0
2502,CMP0123,766,2025-07-02,0,0,0
2503,CMP0123,3996,2025-07-02,0,0,0
2504,CMP0123,3658,2025-07-02,1,0,0
2505,CMP0123,2903,2025-07-02,1,0,0
2506,CMP0123,1678,2025-07-02,1,0,0
2507,CMP0123,2240,2025-07-02,0,0,0
2508,CMP0123,2571,2025-07-02,1,0,0
2509,CMP0123,1250,2025-07-02,0,0,0
2510,CMP0123,84,2025-07-02,0,0,0
2511,CMP0123,2472,2025-07-02,0,0,0
2512,CMP0123,2496,2025-07-02,0,0,0
2513,CMP0123,3223,2025-07-02,1,0,0
2514,CMP0123,1928,2025-07-02,1,0,0
2515,CMP0123,3853,2025-07-02,0,0,0
2516,CMP0123,3168,2025-07-02,1,0,0
2517,CMP0123,2050,2025-07-02,0,0,0
2518,CMP0123,2131,2025-07-02,0,0,0
2519,CMP0123,3493,2025-07-02,0,0,0
2520,CMP0123,2398,2025-07-02,1,0,0
2521,CMP0123,2054,2025-07-02,1,1,0
2522,CMP0123,856,2025-07-02,0,0,0
2523,CMP0123,3016,2025-07-02,0,0,0
2524,CMP0123,2509,2025-07-02,0,0,0
2525,CMP0123,3170,2025-07-02,0,0,0
2526,CMP0123,3903,2025-07-02,0,0,0
2527,CMP0123,2780,2025-07-02,0,0,0
2528,CMP0123,24,2025-07-02,0,0,0
2529,CMP0123,3298,2025-07-02,0,0,0
2530,CMP0123,3423,2025-07-02,0,0,0
2531,CMP0123,2957,2025-07-02,1,0,0
2532,CMP0123,3879,2025-07-02,1,0,0
2533,CMP0123,3452,2025-07-02,1,0,0
2534,CMP0123,1216,2025-07-02,1,0,0
2535,CMP0123,2879,2025-07-02,0,0,0
2536,CMP0123,322,2025-07-02,0,0,0
2537,CMP0123,1253,2025-07-02,0,0,0
2538,CMP0123,1607,2025-07-02,1,0,0
2539,CMP0123,1381,2025-07-02,0,0,0
2540,CMP0123,537,2025-07-02,0,0,0
2541,CMP0123,439,2025-07-02,1,0,0
2542,CMP0123,248,2025-07-02,1,0,0
2543,CMP0123,3489,2025-07-02,0,0,0
2544,CMP0123,1657,2025-07-02,0,0,0
2545,CMP0123,736,2025-07-02,0,0,0
2546,CMP0123,641,2025-07-02,0,0,0
2547,CMP0123,3583,2025-07-02,0,0,0
2548,CMP0123,382,2025-07-02,1,0,0
2549,CMP0123,3793,2025-07-02,0,0,0
2550,CMP0123,3107,2025-07-02,1,0,0
2551,CMP0123,192,2025-07-02,0,0,0
2552,CMP0123,745,2025-07-02,0,0,0
2553,CMP0123,2694,2025-07-02,0,0,0
2554,CMP0123,3539,2025-07-02,1,0,0
2555,CMP0123,1554,2025-07-02,1,0,0
2556,CMP0123,1795,2025-07-02,0,0,0
2557,CMP0123,2495,2025-07-02,0,0,0
2558,CMP0123,3528,2025-07-02,1,0,0
2559,CMP0123,2333,2025-07-02,0,0,0
2560,CMP0123,1635,2025-07-02,1,0,0
2561,CMP0123,1925,2025-07-02,0,0,0
2562,CMP0123,3106,2025-07-02,1,1,0
2563,CMP0123,1597,2025-07-02,0,1,0
2564,CMP0123,1842,2025-07-02,0,0,0
2565,CMP0123,1378,2025-07-02,0,0,0
2566,CMP0123,3458,2025-07-02,0,0,0
2567,CMP0123,3311,2025-07-02,0,0,0
2568,CMP0123,758,2025-07-02,0,0,0
2569,CMP0123,1906,2025-07-02,0,0,0
2570,CMP0123,4008,2025-07-02,0,0,0
2571,CMP0123,2242,2025-07-02,0,0,0
2572,CMP0123,2296,2025-07-02,0,0,0
2573,CMP0123,3835,2025-07-02,0,0,0
2574,CMP0123,3306,2025-07-02,0,0,0
2575,CMP0123,1759,2025-07-02,0,0,0
2576,CMP0123,4005,2025-07-02,0,0,0
2577,CMP0123,254,2025-07-02,1,0,0
2578,CMP0123,3872,2025-07-02,0,0,0
2579,CMP0123,3150,2025-07-02,1,0,0
2580,CMP0123,3547,2025-07-02,0,0,0
2581,CMP0123,3683,2025-07-02,1,1,0
2582,CMP0123,1446,2025-07-02,0,0,0
2583,CMP0123,585,2025-07-02,1,0,0
2584,CMP0123,3290,2025-07-02,0,0,0
2585,CMP0123,2401,2025-07-02,1,0,0
2586,CMP0123,308,2025-07-02,0,0,0
2587,CMP0123,1557,2025-07-02,1,1,0
2588,CMP0123,146,2025-07-02,1,0,0
2589,CMP0123,3622,2025-07-02,1,0,0
2590,CMP0123,640,2025-07-02,0,0,0
2591,CMP0123,1816,2025-07-02,0,0,0
2592,CMP0123,2326,2025-07-02,0,0,0
2593,CMP0123,2529,2025-07-02,1,0,0
2594,CMP0123,1386,2025-07-02,1,0,0
2595,CMP0123,1373,2025-07-02,0,1,0
2596,CMP0123,1609,2025-07-02,0,0,0
2597,CMP0123,460,2025-07-02,1,1,0
2598,CMP0123,421,2025-07-02,0,0,0
2599,CMP0123,3315,2025-07-02,0,0,0
2600,CMP0123,894,2025-07-02,1,0,0
2601,CMP0123,2462,2025-07-02,1,0,1
2602,CMP0123,505,2025-07-02,0,0,0
2603,CMP0123,3924,2025-07-02,1,0,0
2604,CMP0123,1405,2025-07-02,0,0,0
2605,CMP0123,2384,2025-07-02,1,1,0
2606,CMP0123,2466,2025-07-02,0,0,0
2607,CMP0123,50,2025-07-02,1,1,0
2608,CMP0123,3708,2025-07-02,0,0,0
2609,CMP0123,2249,2025-07-02,1,0,0
2610,CMP0123,3157,2025-07-02,0,0,0
2611,CMP0123,3342,2025-07-02,0,0,0
2612,CMP0123,3433,2025-07-02,0,0,0
2613,CMP0123,2594,2025-07-02,0,0,0
2614,CMP0123,188,2025-07-02,0,0,0
2615,CMP0123,8,2025-07-02,0,0,0
2616,CMP0123,2051,2025-07-02,0,0,0
2617,CMP0123,3525,2025-07-02,0,0,0
2618,CMP0123,1382,2025-07-02,0,0,0
2619,CMP0123,453,2025-07-02,0,0,0
2620,CMP0123,1511,2025-07-02,0,0,0
2621,CMP0123,3618,2025-07-02,0,0,0
2622,CMP0123,1825,2025-07-02,1,0,0
2623,CMP0123,326,2025-07-02,1,0,0
2624,CMP0123,1844,2025-07-02,0,0,0
2625,CMP0123,1166,2025-07-02,0,0,0
2626,CMP0123,156,2025-07-02,0,0,0
2627,CMP0123,3679,2025-07-02,1,1,0
2628,CMP0123,1806,2025-07-02,1,0,0
2629,CMP0123,2454,2025-07-02,0,0,0
2630,CMP0123,1109,2025-07-02,1,0,0
2631,CMP0123,1933,2025-07-02,0,0,0
2632,CMP0123,965,2025-07-02,0,0,0
2633,CMP0123,3392,2025-07-02,0,0,0
2634,CMP0123,381,2025-07-02,0,0,0
2635,CMP0123,457,2025-07-02,0,0,0
2636,CMP0123,2127,2025-07-02,0,0,0
2637,CMP0123,2839,2025-07-02,0,0,0
2638,CMP0123,1125,2025-07-02,1,0,0
2639,CMP0123,540,2025-07-02,1,0,0
2640,CMP0123,291,2025-07-02,0,0,0
2641,CMP0123,1779,2025-07-02,0,0,0
2642,CMP0123,3517,2025-07-02,0,0,0
2643,CMP0123,1240,2025-07-02,0,0,0
2644,CMP0123,1912,2025-07-02,0,0,0
2645,CMP0123,602,2025-07-02,0,0,0
2646,CMP0123,3078,2025-07-02,1,0,0
2647,CMP0123,2467,2025-07-02,0,0,0
2648,CMP0123,2447,2025-07-02,0,0,0
2649,CMP0123,1897,2025-07-02,0,0,0
2650,CMP0123,1663,2025-07-02,0,0,0
2651,CMP0123,93,2025-07-02,1,1,0
2652,CMP0123,2439,2025-07-02,0,0,0
2653,CMP0123,2028,2025-07-02,0,0,0
2654,CMP0123,1199,2025-07-02,0,0,0
2655,CMP0123,2880,2025-07-02,1,0,0
2656,CMP0123,2894,2025-07-02,0,0,0
2657,CMP0123,2399,2025-07-02,0,0,0
2658,CMP0123,1169,2025-07-02,1,0,0
2659,CMP0123,2066,2025-07-02,0,0,0
2660,CMP0123,402,2025-07-02,0,0,0
2661,CMP0123,2788,2025-07-02,0,0,0
2662,CMP0123,882,2025-07-02,1,0,0
2663,CMP0123,132,2025-07-02,0,0,1
2664,CMP0123,3406,2025-07-02,0,0,0
2665,CMP0123,772,2025-07-02,0,0,0
2666,CMP0123,2475,2025-07-02,0,0,0
2667,CMP0123,510,2025-07-02,0,0,0
2668,CMP0123,2060,2025-07-02,1,1,0
2669,CMP0123,1283,2025-07-02,0,0,0
2670,CMP0123,3947,2025-07-02,0,0,0
2671,CMP0123,1741,2025-07-02,0,0,0
2672,CMP0123,3226,2025-07-02,1,0,0
2673,CMP0123,91,2025-07-02,0,0,0
2674,CMP0123,1310,2025-07-02,1,0,0
2675,CMP0123,2268,2025-07-02,0,0,0
2676,CMP0123,2699,2025-07-02,0,0,0
2677,CMP0123,2340,2025-07-02,0,0,0
2678,CMP0123,2244,2025-07-02,0,0,0
2679,CMP0123,3147,2025-07-02,0,0,0
2680,CMP0123,3146,2025-07-02,0,0,0
2681,CMP0123,187,2025-07-02,0,0,0
2682,CMP0123,943,2025-07-02,1,0,0
2683,CMP0123,2322,2025-07-02,1,0,0
2684,CMP0123,2295,2025-07-02,0,0,0
2685,CMP0123,947,2025-07-02,1,0,0
2686,CMP0123,391,2025-07-02,0,0,0
2687,CMP0123,1161,2025-07-02,0,0,0
2688,CMP0123,498,2025-07-02,1,0,0
2689,CMP0123,2801,2025-07-02,0,0,0
2690,CMP0123,2823,2025-07-02,1,0,0
2691,CMP0123,3816,2025-07-02,1,0,0
2692,CMP0123,2264,2025-07-02,0,0,0
2693,CMP0123,1301,2025-07-02,0,0,0
2694,CMP0123,3497,2025-07-02,1,0,0
2695,CMP0123,2356,2025-07-02,1,0,0
2696,CMP0123,3020,2025-07-02,0,0,0
2697,CMP0123,227,2025-07-02,0,0,0
2698,CMP0123,1360,2025-07-02,0,0,0
2699,CMP0123,473,2025-07-02,0,0,0
2700,CMP0123,949,2025-07-02,1,0,0
2701,CMP0123,2806,2025-07-02,1,0,0
2702,CMP0123,3089,2025-07-02,1,0,0
2703,CMP0123,2971,2025-07-02,1,0,0
2704,CMP0123,1827,2025-07-02,0,0,0
2705,CMP0123,3562,2025-07-02,0,0,0
2706,CMP0123,3420,2025-07-02,1,0,0
2707,CMP0123,2660,2025-07-02,1,1,0
2708,CMP0123,743,2025-07-02,0,0,0
2709,CMP0123,700,2025-07-02,0,0,0
2710,CMP0123,506,2025-07-02,0,0,0
2711,CMP0123,3247,2025-07-02,0,0,0
2712,CMP0123,2347,2025-07-02,0,0,0
2713,CMP0123,2576,2025-07-02,0,0,0
2714,CMP0123,485,2025-07-02,0,0,0
2715,CMP0123,2093,2025-07-02,1,0,0
2716,CMP0123,2929,2025-07-02,1,0,0
2717,CMP0123,3162,2025-07-02,1,0,0
2718,CMP0123,419,2025-07-02,1,0,0
2719,CMP0123,2380,2025-07-02,0,0,0
2720,CMP0123,653,2025-07-02,0,0,0
2721,CMP0123,3577,2025-07-02,1,0,0
2722,CMP0123,1855,2025-07-02,0,0,0
2723,CMP0123,3866,2025-07-02,0,0,0
2724,CMP0123,2557,2025-07-02,1,0,0
2725,CMP0123,1619,2025-07-02,0,0,0
2726,CMP0123,2928,2025-07-02,0,0,0
2727,CMP0123,2232,2025-07-02,1,0,0
2728,CMP0123,2148,2025-07-02,1,0,0
2729,CMP0123,1852,2025-07-02,0,0,0
2730,CMP0123,725,2025-07-02,0,0,0
2731,CMP0123,815,2025-07-02,1,0,0
2732,CMP0123,289,2025-07-02,0,0,0
2733,CMP0123,1463,2025-07-02,0,0,0
2734,CMP0123,303,2025-07-02,0,0,0
2735,CMP0123,989,2025-07-02,1,0,0
2736,CMP0123,3254,2025-07-02,0,0,0
2737,CMP0123,2922,2025-07-02,0,0,0
2738,CMP0123,2491,2025-07-02,0,0,0
2739,CMP0123,1900,2025-07-02,0,0,0
2740,CMP0123,360,2025-07-02,0,0,0
2741,CMP0123,2968,2025-07-02,0,0,0
2742,CMP0123,3429,2025-07-02,0,0,0
2743,CMP0123,2057,2025-07-02,0,0,0
2744,CMP0123,2836,2025-07-02,0,0,0
2745,CMP0123,3292,2025-07-02,0,0,0
2746,CMP0123,1624,2025-07-02,0,0,0
2747,CMP0123,3671,2025-07-02,1,0,0
2748,CMP0123,1655,2025-07-02,1,0,0
2749,CMP0123,3773,2025-07-02,1,1,0
2750,CMP0123,3927,2025-07-02,0,0,0
2751,CMP0123,719,2025-07-02,1,0,0
2752,CMP0123,2074,2025-07-02,0,0,0
2753,CMP0123,862,2025-07-02,0,0,0
2754,CMP0123,650,2025-07-02,0,0,0
2755,CMP0123,2924,2025-07-02,1,1,0
2756,CMP0123,2188,2025-07-02,1,0,0
2757,CMP0123,3786,2025-07-02,0,0,0
2758,CMP0123,1507,2025-07-02,1,0,0
2759,CMP0123,3286,2025-07-02,1,0,0
2760,CMP0123,649,2025-07-02,0,0,0
2761,CMP0123,1375,2025-07-02,0,0,0
2762,CMP0123,3372,2025-07-02,1,0,0
2763,CMP0123,981,2025-07-02,0,0,0
2764,CMP0123,1474,2025-07-02,0,0,0
2765,CMP0123,1679,2025-07-02,1,0,0
2766,CMP0123,2138,2025-07-02,0,0,0
2767,CMP0123,1904,2025-07-02,0,0,0
2768,CMP0123,3326,2025-07-02,0,0,0
2769,CMP0123,724,2025-07-02,0,0,0
2770,CMP0123,3416,2025-07-02,0,0,0
2771,CMP0123,196,2025-07-02,1,0,0
2772,CMP0123,3501,2025-07-02,0,0,0
2773,CMP0123,2094,2025-07-02,0,0,0
2774,CMP0123,2819,2025-07-02,0,0,0
2775,CMP0123,3666,2025-07-02,0,0,0
2776,CMP0123,3846,2025-07-02,0,0,0
2777,CMP0123,1307,2025-07-02,0,0,0
2778,CMP0123,1653,2025-07-02,1,0,0
2779,CMP0123,1154,2025-07-02,0,0,0
2780,CMP0123,428,2025-07-02,0,0,0
2781,CMP0123,70,2025-07-02,0,0,0
2782,CMP0123,2736,2025-07-02,0,0,0
2783,CMP0123,2504,2025-07-02,0,0,0
2784,CMP0123,722,2025-07-02,1,1,0
2785,CMP0123,3143,2025-07-02,1,0,0
2786,CMP0123,281,2025-07-02,0,0,0
2787,CMP0123,2328,2025-07-02,0,0,0
2788,CMP0123,1681,2025-07-02,1,0,0
2789,CMP0123,2397,2025-07-02,1,0,0
2790,CMP0123,1749,2025-07-02,1,0,0
2791,CMP0123,807,2025-07-02,1,0,0
2792,CMP0123,583,2025-07-02,1,0,0
2793,CMP0123,2859,2025-07-02,0,0,0
2794,CMP0123,125,2025-07-02,0,0,0
2795,CMP0123,3504,2025-07-02,0,0,0
2796,CMP0123,1516,2025-07-02,0,0,0
2797,CMP0123,1414,2025-07-02,0,0,0
2798,CMP0123,1650,2025-07-02,1,0,0
2799,CMP0123,2313,2025-07-02,1,0,0
2800,CMP0123,1264,2025-07-02,0,0,0
2801,CMP0123,2996,2025-07-02,0,0,0
2802,CMP0123,730,2025-07-02,0,0,0
2803,CMP0123,1517,2025-07-02,0,0,0
2804,CMP0123,160,2025-07-02,0,0,0
2805,CMP0123,3575,2025-07-02,1,1,0
2806,CMP0123,2310,2025-07-02,0,0,0
2807,CMP0123,1528,2025-07-02,0,0,0
2808,CMP0123,782,2025-07-02,0,0,0
2809,CMP0123,3335,2025-07-02,1,1,0
2810,CMP0123,926,2025-07-02,0,0,0
2811,CMP0123,3318,2025-07-02,0,0,0
2812,CMP0123,1525,2025-07-02,1,0,0
2813,CMP0123,32,2025-07-02,0,0,0
2814,CMP0123,2392,2025-07-02,0,0,0
2815,CMP0123,2909,2025-07-02,0,0,0
2816,CMP0123,2659,2025-07-02,0,0,0
2817,CMP0123,2561,2025-07-02,1,1,0
2818,CMP0123,1036,2025-07-02,0,0,0
2819,CMP0123,1140,2025-07-02,0,0,0
2820,CMP0123,1868,2025-07-02,1,0,0
2821,CMP0123,297,2025-07-02,0,0,0
2822,CMP0123,1530,2025-07-02,0,0,0
2823,CMP0123,1550,2025-07-02,0,0,0
2824,CMP0123,3804,2025-07-02,0,0,0
2825,CMP0123,1220,2025-07-02,1,0,0
2826,CMP0123,3574,2025-07-02,0,0,0
2827,CMP0123,45,2025-07-02,1,0,0
2828,CMP0123,295,2025-07-02,1,0,0
2829,CMP0123,3267,2025-07-02,0,0,0
2830,CMP0123,3331,2025-07-02,0,0,0
2831,CMP0123,2757,2025-07-02,0,0,0
2832,CMP0123,3740,2025-07-02,1,0,0
2833,CMP0123,3859,2025-07-02,0,0,0
2834,CMP0123,438,2025-07-02,0,0,0
2835,CMP0123,2262,2025-07-02,1,0,0
2836,CMP0123,3727,2025-07-02,0,0,0
2837,CMP0123,1106,2025-07-02,0,0,0
2838,CMP0123,321,2025-07-02,0,0,0
2839,CMP0123,1064,2025-07-02,0,0,0
2840,CMP0123,3563,2025-07-02,1,0,0
2841,CMP0123,3214,2025-07-02,1,1,0
2842,CMP0123,565,2025-07-02,0,0,0
2843,CMP0123,866,2025-07-02,0,0,0
2844,CMP0123,493,2025-07-02,0,0,0
2845,CMP0123,621,2025-07-02,0,0,0
2846,CMP0123,780,2025-07-02,1,0,0
2847,CMP0123,860,2025-07-02,1,0,0
2848,CMP0123,3815,2025-07-02,1,0,0
2849,CMP0123,566,2025-07-02,1,1,0
2850,CMP0123,216,2025-07-02,0,0,0
2851,CMP0123,900,2025-07-02,1,0,0
2852,CMP0060,2452,2024-03-10,0,0,0
2853,CMP0060,3965,2024-03-10,0,0,0
2854,CMP0060,3440,2024-03-10,0,0,0
2855,CMP0060,3287,2024-03-10,0,0,0
2856,CMP0060,576,2024-03-10,0,0,0
2857,CMP0060,923,2024-03-10,0,0,0
2858,CMP0060,2182,2024-03-10,0,0,0
2859,CMP0060,602,2024-03-10,0,0,0
2860,CMP0060,700,2024-03-10,0,0,0
2861,CMP0060,3450,2024-03-10,1,0,0
2862,CMP0060,2598,2024-03-10,0,0,0
2863,CMP0060,3385,2024-03-10,0,0,0
2864,CMP0060,1667,2024-03-10,0,0,0
2865,CMP0060,283,2024-03-10,0,0,0
2866,CMP0060,2477,2024-03-10,1,0,0
2867,CMP0060,1609,2024-03-10,1,1,0
2868,CMP0060,1013,2024-03-10,1,1,0
2869,CMP0060,3372,2024-03-10,0,0,0
2870,CMP0060,308,2024-03-10,0,0,0
2871,CMP0060,971,2024-03-10,0,0,0
2872,CMP0060,3050,2024-03-10,0,0,0
2873,CMP0060,2293,2024-03-10,0,0,0
2874,CMP0060,3220,2024-03-10,0,0,0
2875,CMP0060,2360,2024-03-10,0,0,0
2876,CMP0060,146,2024-03-10,0,0,0
2877,CMP0060,1100,2024-03-10,0,0,0
2878,CMP0060,27,2024-03-10,1,0,0
2879,CMP0060,2238,2024-03-10,0,0,0
2880,CMP0060,514,2024-03-10,1,0,0
2881,CMP0060,177,2024-03-10,0,0,0
2882,CMP0060,3685,2024-03-10,1,0,0
2883,CMP0060,3183,2024-03-10,1,0,0
2884,CMP0060,122,2024-03-10,1,0,0
2885,CMP0060,2755,2024-03-10,1,0,0
2886,CMP0060,1514,2024-03-10,0,0,0
2887,CMP0060,2643,2024-03-10,0,0,0
2888,CMP0060,2424,2024-03-10,0,0,0
2889,CMP0060,404,2024-03-10,0,0,0
2890,CMP0060,393,2024-03-10,0,0,0
2891,CMP0060,493,2024-03-10,0,0,0
2892,CMP0060,1513,2024-03-10,1,0,0
2893,CMP0060,3207,2024-03-10,0,0,0
2894,CMP0060,3340,2024-03-10,1,0,0
2895,CMP0060,2406,2024-03-10,1,0,0
2896,CMP0060,601,2024-03-10,0,0,0
2897,CMP0060,1613,2024-03-10,0,0,0
2898,CMP0060,2741,2024-03-10,0,0,0
2899,CMP0060,3185,2024-03-10,0,0,0
2900,CMP0060,2148,2024-03-10,0,0,0
2901,CMP0060,127,2024-03-10,0,0,0
2902,CMP0060,2328,2024-03-10,1,0,0
2903,CMP0060,2310,2024-03-10,1,0,0
2904,CMP0060,2629,2024-03-10,1,0,0
2905,CMP0060,2162,2024-03-10,1,1,0
2906,CMP0060,605,2024-03-10,1,0,0
2907,CMP0060,2137,2024-03-10,0,0,0
2908,CMP0060,1933,2024-03-10,0,0,0
2909,CMP0060,3219,2024-03-10,0,1,0
2910,CMP0060,3292,2024-03-10,0,0,0
2911,CMP0060,428,2024-03-10,0,0,0
2912,CMP0060,1819,2024-03-10,0,0,0
2913,CMP0060,3301,2024-03-10,1,0,0
2914,CMP0060,2468,2024-03-10,0,0,0
2915,CMP0060,2977,2024-03-10,0,0,0
2916,CMP0060,3521,2024-03-10,0,0,0
2917,CMP0060,640,2024-03-10,1,0,0
2918,CMP0060,2185,2024-03-10,0,0,0
2919,CMP0060,1721,2024-03-10,0,0,0
2920,CMP0060,2262,2024-03-10,0,0,0
2921,CMP0060,4013,2024-03-10,0,0,0
2922,CMP0060,1937,2024-03-10,1,0,0
2923,CMP0060,2948,2024-03-10,0,0,0
2924,CMP0060,3769,2024-03-10,1,1,0
2925,CMP0060,1943,2024-03-10,1,0,0
2926,CMP0060,2455,2024-03-10,0,0,0
2927,CMP0060,624,2024-03-10,0,0,0
2928,CMP0060,2796,2024-03-10,0,0,0
2929,CMP0060,96,2024-03-10,0,0,0
2930,CMP0060,2421,2024-03-10,0,1,0
2931,CMP0060,2699,2024-03-10,1,0,0
2932,CMP0060,3199,2024-03-10,0,0,0
2933,CMP0060,2109,2024-03-10,1,0,0
2934,CMP0060,2358,2024-03-10,0,0,0
2935,CMP0060,3981,2024-03-10,0,0,0
2936,CMP0060,2675,2024-03-10,0,0,0
2937,CMP0060,3794,2024-03-10,0,0,0
2938,CMP0060,1002,2024-03-10,1,1,0
2939,CMP0060,3875,2024-03-10,0,0,0
2940,CMP0060,2763,2024-03-10,0,0,0
2941,CMP0060,854,2024-03-10,0,0,0
2942,CMP0060,3872,2024-03-10,0,0,0
2943,CMP0060,3773,2024-03-10,0,0,0
2944,CMP0060,2830,2024-03-10,0,0,0
2945,CMP0060,3044,2024-03-10,1,0,0
2946,CMP0060,2576,2024-03-10,1,0,0
2947,CMP0060,64,2024-03-10,0,0,0
2948,CMP0060,3426,2024-03-10,0,0,0
2949,CMP0060,1693,2024-03-10,0,0,0
2950,CMP0060,1607,2024-03-10,0,0,0
2951,CMP0060,2825,2024-03-10,1,0,0
2952,CMP0060,1906,2024-03-10,0,0,0
2953,CMP0060,599,2024-03-10,1,1,0
2954,CMP0060,1663,2024-03-10,1,0,0
2955,CMP0060,1387,2024-03-10,0,0,0
2956,CMP0060,3776,2024-03-10,0,0,0
2957,CMP0060,3563,2024-03-10,0,0,1
2958,CMP0060,988,2024-03-10,0,0,0
2959,CMP0060,2646,2024-03-10,0,0,0
2960,CMP0060,2280,2024-03-10,0,0,0
2961,CMP0060,656,2024-03-10,0,0,0
2962,CMP0060,1657,2024-03-10,1,0,0
2963,CMP0060,1872,2024-03-10,0,0,0
2964,CMP0060,2679,2024-03-10,1,1,0
2965,CMP0060,3583,2024-03-10,1,0,0
2966,CMP0060,1726,2024-03-10,1,0,0
2967,CMP0060,2168,2024-03-10,0,0,0
2968,CMP0060,532,2024-03-10,1,0,0
2969,CMP0060,2704,2024-03-10,1,0,0
2970,CMP0060,1230,2024-03-10,0,0,0
2971,CMP0060,801,2024-03-10,0,0,0
2972,CMP0060,2403,2024-03-10,0,0,0
2973,CMP0060,1034,2024-03-10,1,0,0
2974,CMP0060,162,2024-03-10,0,0,0
2975,CMP0060,2030,2024-03-10,0,0,0
2976,CMP0060,1619,2024-03-10,0,0,0
2977,CMP0060,1060,2024-03-10,1,0,0
2978,CMP0060,2378,2024-03-10,0,0,0
2979,CMP0060,2560,2024-03-10,0,0,0
2980,CMP0060,3162,2024-03-10,0,0,0
2981,CMP0060,3914,2024-03-10,1,0,0
2982,CMP0060,102,2024-03-10,1,1,0
2983,CMP0060,3832,2024-03-10,1,1,0
2984,CMP0060,2333,2024-03-10,0,0,0
2985,CMP0060,3927,2024-03-10,1,1,0
2986,CMP0060,2188,2024-03-10,0,0,0
2987,CMP0060,1182,2024-03-10,1,0,0
2988,CMP0060,2894,2024-03-10,0,0,0
2989,CMP0060,302,2024-03-10,0,0,0
2990,CMP0060,550,2024-03-10,0,0,0
2991,CMP0060,2980,2024-03-10,1,0,0
2992,CMP0060,1683,2024-03-10,1,1,0
2993,CMP0060,3074,2024-03-10,1,0,0
2994,CMP0060,2789,2024-03-10,0,0,0
2995,CMP0060,2254,2024-03-10,0,0,0
2996,CMP0060,3147,2024-03-10,0,0,0
2997,CMP0060,531,2024-03-10,0,0,0
2998,CMP0060,900,2024-03-10,0,0,0
2999,CMP0060,1974,2024-03-10,0,0,0
3000,CMP0060,3401,2024-03-10,1,0,0
3001,CMP0060,490,2024-03-10,0,0,0
3002,CMP0060,2270,2024-03-10,0,0,0
3003,CMP0060,439,2024-03-10,1,0,0
3004,CMP0060,56,2024-03-10,1,0,0
3005,CMP0060,3359,2024-03-10,0,0,0
3006,CMP0060,1262,2024-03-10,1,0,0
3007,CMP0060,2123,2024-03-10,1,0,0
3008,CMP0060,2998,2024-03-10,0,0,0
3009,CMP0060,3577,2024-03-10,1,0,0
3010,CMP0060,3247,2024-03-10,0,0,0
3011,CMP0060,3248,2024-03-10,0,0,0
3012,CMP0060,463,2024-03-10,0,0,0
3013,CMP0060,2592,2024-03-10,0,0,0
3014,CMP0060,115,2024-03-10,1,1,0
3015,CMP0060,3857,2024-03-10,0,0,0
3016,CMP0060,11,2024-03-10,0,0,0
3017,CMP0060,604,2024-03-10,0,0,0
3018,CMP0060,2711,2024-03-10,0,0,0
3019,CMP0060,3696,2024-03-10,0,0,0
3020,CMP0060,3077,2024-03-10,1,1,0
3021,CMP0060,3879,2024-03-10,0,0,0
3022,CMP0060,1220,2024-03-10,1,0,0
3023,CMP0060,3342,2024-03-10,0,0,0
3024,CMP0060,3146,2024-03-10,0,0,0
3025,CMP0060,2513,2024-03-10,1,0,0
3026,CMP0060,3899,2024-03-10,0,0,0
3027,CMP0060,2782,2024-03-10,1,0,0
3028,CMP0060,1084,2024-03-10,0,0,0
3029,CMP0060,2067,2024-03-10,0,0,0
3030,CMP0060,225,2024-03-10,0,0,0
3031,CMP0060,710,2024-03-10,0,0,0
3032,CMP0060,2095,2024-03-10,0,0,0
3033,CMP0060,3171,2024-03-10,0,0,0
3034,CMP0060,2489,2024-03-10,1,0,0
3035,CMP0060,2788,2024-03-10,0,0,0
3036,CMP0060,2334,2024-03-10,1,0,0
3037,CMP0060,1310,2024-03-10,1,0,0
3038,CMP0060,1233,2024-03-10,1,1,0
3039,CMP0060,3647,2024-03-10,0,0,0
3040,CMP0060,1791,2024-03-10,1,0,0
3041,CMP0060,3415,2024-03-10,0,0,0
3042,CMP0060,3784,2024-03-10,0,0,0
3043,CMP0060,2341,2024-03-10,0,0,0
3044,CMP0060,1493,2024-03-10,0,0,0
3045,CMP0060,562,2024-03-10,1,0,0
3046,CMP0060,2410,2024-03-10,0,0,0
3047,CMP0060,1170,2024-03-10,0,0,0
3048,CMP0060,1905,2024-03-10,0,0,0
3049,CMP0060,828,2024-03-10,0,0,0
3050,CMP0060,796,2024-03-10,0,0,0
3051,CMP0060,866,2024-03-10,0,0,0
3052,CMP0060,2738,2024-03-10,0,0,0
3053,CMP0060,2053,2024-03-10,0,0,0
3054,CMP0060,167,2024-03-10,0,0,0
3055,CMP0060,1011,2024-03-10,1,0,0
3056,CMP0060,3829,2024-03-10,0,0,0
3057,CMP0060,2731,2024-03-10,0,0,0
3058,CMP0060,3488,2024-03-10,0,0,0
3059,CMP0060,2940,2024-03-10,0,0,0
3060,CMP0060,1271,2024-03-10,0,0,0
3061,CMP0060,3297,2024-03-10,0,0,0
3062,CMP0060,2154,2024-03-10,0,0,0
3063,CMP0060,1620,2024-03-10,0,0,0
3064,CMP0060,111,2024-03-10,0,0,0
3065,CMP0060,973,2024-03-10,0,0,0
3066,CMP0060,2102,2024-03-10,0,0,0
3067,CMP0060,1019,2024-03-10,0,0,0
3068,CMP0060,2858,2024-03-10,1,0,0
3069,CMP0060,3055,2024-03-10,0,0,0
3070,CMP0060,2384,2024-03-10,0,0,0
3071,CMP0060,3142,2024-03-10,0,0,0
3072,CMP0060,856,2024-03-10,1,0,0
3073,CMP0060,3510,2024-03-10,0,0,0
3074,CMP0060,355,2024-03-10,1,0,0
3075,CMP0060,2860,2024-03-10,1,0,0
3076,CMP0060,3151,2024-03-10,1,0,0
3077,CMP0060,3761,2024-03-10,0,0,0
3078,CMP0060,245,2024-03-10,0,0,0
3079,CMP0060,3427,2024-03-10,0,0,0
3080,CMP0060,1877,2024-03-10,0,0,0
3081,CMP0060,3470,2024-03-10,0,0,0
3082,CMP0060,304,2024-03-10,0,0,0
3083,CMP0060,2173,2024-03-10,0,0,0
3084,CMP0060,1954,2024-03-10,0,0,0
3085,CMP0060,520,2024-03-10,0,0,0
3086,CMP0060,2074,2024-03-10,0,0,0
3087,CMP0060,2290,2024-03-10,1,0,0
3088,CMP0060,1166,2024-03-10,0,0,0
3089,CMP0060,2047,2024-03-10,1,0,0
3090,CMP0060,2239,2024-03-10,0,0,0
3091,CMP0060,1928,2024-03-10,0,0,0
3092,CMP0060,1825,2024-03-10,0,0,0
3093,CMP0060,1226,2024-03-10,0,0,0
3094,CMP0060,3801,2024-03-10,0,0,0
3095,CMP0060,2798,2024-03-10,0,0,0
3096,CMP0060,2018,2024-03-10,0,0,0
3097,CMP0060,160,2024-03-10,1,0,0
3098,CMP0060,2371,2024-03-10,1,0,0
3099,CMP0060,300,2024-03-10,0,0,0
3100,CMP0060,2050,2024-03-10,0,0,0
3101,CMP0060,222,2024-03-10,1,1,0
3102,CMP0060,397,2024-03-10,0,0,0
3103,CMP0060,2462,2024-03-10,0,0,0
3104,CMP0060,543,2024-03-10,0,0,0
3105,CMP0060,780,2024-03-10,0,0,0
3106,CMP0060,509,2024-03-10,0,0,0
3107,CMP0060,789,2024-03-10,0,0,0
3108,CMP0060,156,2024-03-10,1,0,0
3109,CMP0060,2131,2024-03-10,0,0,0
3110,CMP0060,1479,2024-03-10,0,0,0
3111,CMP0060,140,2024-03-10,0,0,0
3112,CMP0060,2587,2024-03-10,0,0,0
3113,CMP0060,398,2024-03-10,0,0,0
3114,CMP0060,3177,2024-03-10,0,0,0
3115,CMP0060,2308,2024-03-10,0,0,0
3116,CMP0060,1231,2024-03-10,0,0,0
3117,CMP0060,152,2024-03-10,0,0,0
3118,CMP0060,3234,2024-03-10,0,0,0
3119,CMP0060,1023,2024-03-10,1,0,0
3120,CMP0060,341,2024-03-10,0,0,0
3121,CMP0060,425,2024-03-10,0,0,0
3122,CMP0060,3740,2024-03-10,0,0,0
3123,CMP0060,1423,2024-03-10,0,0,0
3124,CMP0060,1795,2024-03-10,1,0,0
3125,CMP0060,2851,2024-03-10,0,0,0
3126,CMP0060,314,2024-03-10,1,0,0
3127,CMP0060,3880,2024-03-10,1,0,0
3128,CMP0060,1086,2024-03-10,0,0,0
3129,CMP0060,3907,2024-03-10,0,0,0
3130,CMP0060,1553,2024-03-10,0,0,0
3131,CMP0060,3570,2024-03-10,0,0,0
3132,CMP0060,682,2024-03-10,0,0,0
3133,CMP0060,270,2024-03-10,1,0,0
3134,CMP0060,3903,2024-03-10,0,0,0
3135,CMP0060,1855,2024-03-10,0,0,0
3136,CMP0060,20,2024-03-10,1,0,0
3137,CMP0060,1768,2024-03-10,0,0,0
3138,CMP0060,2051,2024-03-10,1,0,0
3139,CMP0060,1886,2024-03-10,1,0,0
3140,CMP0060,2841,2024-03-10,1,0,0
3141,CMP0060,908,2024-03-10,1,1,0
3142,CMP0060,1935,2024-03-10,1,1,0
3143,CMP0060,2846,2024-03-10,0,0,0
3144,CMP0060,882,2024-03-10,0,0,0
3145,CMP0060,504,2024-03-10,1,1,0
3146,CMP0060,2496,2024-03-10,0,0,0
3147,CMP0060,2992,2024-03-10,0,0,0
3148,CMP0060,1670,2024-03-10,0,0,0
3149,CMP0060,201,2024-03-10,0,0,0
3150,CMP0060,1350,2024-03-10,0,0,0
3151,CMP0060,3717,2024-03-10,0,0,0
3152,CMP0060,3230,2024-03-10,0,0,0
3153,CMP0060,1739,2024-03-10,0,0,0
3154,CMP0060,1796,2024-03-10,1,0,0
3155,CMP0060,2380,2024-03-10,1,0,0
3156,CMP0060,741,2024-03-10,0,0,0
3157,CMP0060,3614,2024-03-10,0,0,0
3158,CMP0060,296,2024-03-10,1,1,0
3159,CMP0060,1538,2024-03-10,0,0,0
3160,CMP0060,566,2024-03-10,0,0,0
3161,CMP0060,2084,2024-03-10,1,0,0
3162,CMP0060,995,2024-03-10,0,0,0
3163,CMP0060,3996,2024-03-10,0,0,0
3164,CMP0060,963,2024-03-10,1,0,0
3165,CMP0060,3399,2024-03-10,1,1,0
3166,CMP0060,1362,2024-03-10,0,0,0
3167,CMP0060,3581,2024-03-10,1,0,0
3168,CMP0060,1909,2024-03-10,0,0,0
3169,CMP0060,1016,2024-03-10,0,0,0
3170,CMP0060,982,2024-03-10,0,0,0
3171,CMP0060,2472,2024-03-10,0,0,0
3172,CMP0060,849,2024-03-10,0,0,0
3173,CMP0060,1640,2024-03-10,0,0,0
3174,CMP0060,3101,2024-03-10,0,0,0
3175,CMP0060,378,2024-03-10,0,0,0
3176,CMP0060,3299,2024-03-10,0,0,0
3177,CMP0060,489,2024-03-10,0,0,0
3178,CMP0060,3155,2024-03-10,0,0,0
3179,CMP0060,524,2024-03-10,0,0,0
3180,CMP0060,286,2024-03-10,1,1,0
3181,CMP0060,966,2024-03-10,0,0,0
3182,CMP0060,1678,2024-03-10,0,0,0
3183,CMP0060,1710,2024-03-10,0,0,0
3184,CMP0060,2066,2024-03-10,0,0,0
3185,CMP0060,652,2024-03-10,0,0,0
3186,CMP0060,1918,2024-03-10,0,0,0
3187,CMP0060,2195,2024-03-10,0,0,0
3188,CMP0060,3627,2024-03-10,0,0,0
3189,CMP0060,2497,2024-03-10,0,0,0
3190,CMP0060,2776,2024-03-10,0,0,0
3191,CMP0060,3527,2024-03-10,1,0,0
3192,CMP0060,2603,2024-03-10,0,0,0
3193,CMP0060,3000,2024-03-10,0,0,0
3194,CMP0060,3038,2024-03-10,0,0,0
3195,CMP0060,275,2024-03-10,0,0,0
3196,CMP0060,3721,2024-03-10,0,0,0
3197,CMP0060,2466,2024-03-10,1,0,0
3198,CMP0060,2557,2024-03-10,0,0,0
3199,CMP0060,793,2024-03-10,0,0,0
3200,CMP0060,65,2024-03-10,0,0,0
3201,CMP0060,416,2024-03-10,0,0,0
3202,CMP0060,45,2024-03-10,0,0,0
3203,CMP0060,3033,2024-03-10,0,0,0
3204,CMP0060,2813,2024-03-10,0,0,0
3205,CMP0060,2401,2024-03-10,0,0,0
3206,CMP0060,432,2024-03-10,0,0,0
3207,CMP0060,2181,2024-03-10,1,0,0
3208,CMP0060,3812,2024-03-10,1,0,0
3209,CMP0060,2689,2024-03-10,0,0,0
3210,CMP0060,2301,2024-03-10,0,0,0
3211,CMP0060,2361,2024-03-10,0,0,0
3212,CMP0060,649,2024-03-10,0,0,0
3213,CMP0060,196,2024-03-10,1,0,0
3214,CMP0060,3172,2024-03-10,0,0,0
3215,CMP0060,1211,2024-03-10,1,0,0
3216,CMP0060,2132,2024-03-10,1,0,0
3217,CMP0060,3258,2024-03-10,0,0,0
3218,CMP0060,3837,2024-03-10,0,0,0
3219,CMP0060,3369,2024-03-10,0,0,0
3220,CMP0060,3154,2024-03-10,0,0,0
3221,CMP0060,62,2024-03-10,0,0,0
3222,CMP0060,3084,2024-03-10,0,0,0
3223,CMP0060,2535,2024-03-10,1,0,0
3224,CMP0060,3870,2024-03-10,1,1,0
3225,CMP0060,527,2024-03-10,0,0,0
3226,CMP0060,3343,2024-03-10,1,0,0
3227,CMP0060,672,2024-03-10,0,0,0
3228,CMP0060,1507,2024-03-10,0,0,0
3229,CMP0060,1193,2024-03-10,0,0,0
3230,CMP0060,1803,2024-03-10,1,1,0
3231,CMP0060,494,2024-03-10,0,0,0
3232,CMP0060,3892,2024-03-10,0,0,0
3233,CMP0060,1788,2024-03-10,0,0,0
3234,CMP0060,3842,2024-03-10,0,0,0
3235,CMP0060,3960,2024-03-10,0,0,0
3236,CMP0060,3402,2024-03-10,0,0,0
3237,CMP0060,3355,2024-03-10,0,0,0
3238,CMP0060,1960,2024-03-10,1,1,0
3239,CMP0060,2487,2024-03-10,0,0,0
3240,CMP0060,3983,2024-03-10,0,0,0
3241,CMP0060,1988,2024-03-10,0,0,0
3242,CMP0060,417,2024-03-10,0,0,0
3243,CMP0060,3547,2024-03-10,0,0,0
3244,CMP0060,1672,2024-03-10,0,0,0
3245,CMP0060,2530,2024-03-10,0,0,0
3246,CMP0060,1714,2024-03-10,1,0,0
3247,CMP0060,3257,2024-03-10,0,0,0
3248,CMP0060,3756,2024-03-10,0,0,0
3249,CMP0060,684,2024-03-10,0,0,0
3250,CMP0060,3853,2024-03-10,1,0,0
3251,CMP0060,1880,2024-03-10,1,1,0
3252,CMP0060,2075,2024-03-10,1,0,0
3253,CMP0060,820,2024-03-10,0,0,0
3254,CMP0060,1895,2024-03-10,0,0,0
3255,CMP0060,3278,2024-03-10,1,0,0
3256,CMP0060,2463,2024-03-10,0,0,0
3257,CMP0060,1048,2024-03-10,1,1,0
3258,CMP0060,90,2024-03-10,0,0,0
3259,CMP0060,3482,2024-03-10,1,0,0
3260,CMP0060,3961,2024-03-10,0,0,0
3261,CMP0060,3525,2024-03-10,1,1,0
3262,CMP0060,2346,2024-03-10,0,0,0
3263,CMP0060,3361,2024-03-10,1,0,0
3264,CMP0060,1433,2024-03-10,0,0,0
3265,CMP0060,2503,2024-03-10,0,0,0
3266,CMP0060,1201,2024-03-10,0,0,0
3267,CMP0060,3254,2024-03-10,0,0,0
3268,CMP0060,3845,2024-03-10,0,0,0
3269,CMP0060,3809,2024-03-10,0,0,0
3270,CMP0060,1525,2024-03-10,0,0,0
3271,CMP0060,1437,2024-03-10,0,0,0
3272,CMP0060,1243,2024-03-10,0,0,0
3273,CMP0060,865,2024-03-10,0,0,0
3274,CMP0060,3710,2024-03-10,0,0,0
3275,CMP0060,1732,2024-03-10,1,0,0
3276,CMP0060,3693,2024-03-10,0,0,0
3277,CMP0060,2656,2024-03-10,0,0,0
3278,CMP0060,3327,2024-03-10,1,0,0
3279,CMP0060,2368,2024-03-10,1,0,0
3280,CMP0060,1038,2024-03-10,0,0,0
3281,CMP0060,3196,2024-03-10,0,0,0
3282,CMP0060,2179,2024-03-10,0,0,0
3283,CMP0060,3995,2024-03-10,1,0,0
3284,CMP0060,3249,2024-03-10,0,0,0
3285,CMP0060,1456,2024-03-10,0,0,0
3286,CMP0060,3916,2024-03-10,1,0,0
3287,CMP0060,2349,2024-03-10,0,0,0
3288,CMP0060,1517,2024-03-10,1,1,0
3289,CMP0060,2140,2024-03-10,0,0,0
3290,CMP0060,103,2024-03-10,1,1,0
3291,CMP0060,3610,2024-03-10,0,0,0
3292,CMP0060,1066,2024-03-10,1,0,0
3293,CMP0060,2976,2024-03-10,1,1,0
3294,CMP0060,3229,2024-03-10,1,0,0
3295,CMP0060,1858,2024-03-10,0,0,0
3296,CMP0060,2490,2024-03-10,0,0,0
3297,CMP0060,3561,2024-03-10,0,0,0
3298,CMP0060,3238,2024-03-10,0,0,0
3299,CMP0060,2969,2024-03-10,0,0,0
3300,CMP0060,123,2024-03-10,0,0,0
3301,CMP0060,2583,2024-03-10,0,0,0
3302,CMP0060,3557,2024-03-10,1,0,0
3303,CMP0060,3141,2024-03-10,0,0,0
3304,CMP0060,1285,2024-03-10,0,0,0
3305,CMP0060,2506,2024-03-10,0,0,0
3306,CMP0060,740,2024-03-10,0,0,0
3307,CMP0060,4011,2024-03-10,0,0,0
3308,CMP0060,2146,2024-03-10,1,0,0
3309,CMP0060,295,2024-03-10,0,0,0
3310,CMP0060,3815,2024-03-10,1,0,0
3311,CMP0060,657,2024-03-10,0,0,0
3312,CMP0060,1805,2024-03-10,0,0,0
3313,CMP0060,1021,2024-03-10,0,0,0
3314,CMP0060,701,2024-03-10,1,0,0
3315,CMP0060,299,2024-03-10,0,0,0
3316,CMP0060,3087,2024-03-10,0,0,0
3317,CMP0060,1869,2024-03-10,0,0,0
3318,CMP0060,2279,2024-03-10,0,0,0
3319,CMP0060,3745,2024-03-10,0,0,0
3320,CMP0060,3386,2024-03-10,0,0,0
3321,CMP0060,374,2024-03-10,0,0,0
3322,CMP0060,3447,2024-03-10,1,0,0
3323,CMP0060,1900,2024-03-10,0,0,0
3324,CMP0060,588,2024-03-10,0,0,0
3325,CMP0060,2665,2024-03-10,0,0,0
3326,CMP0060,165,2024-03-10,0,0,0
3327,CMP0060,2760,2024-03-10,0,0,0
3328,CMP0060,2172,2024-03-10,0,0,0
3329,CMP0060,109,2024-03-10,0,0,0
3330,CMP0060,3782,2024-03-10,0,0,0
3331,CMP0060,402,2024-03-10,0,0,0
3332,CMP0060,2519,2024-03-10,0,0,0
3333,CMP0060,3045,2024-03-10,1,0,0
3334,CMP0060,3943,2024-03-10,1,0,0
3335,CMP0060,3213,2024-03-10,0,0,0
3336,CMP0060,3672,2024-03-10,0,0,0
3337,CMP0060,1386,2024-03-10,1,0,0
3338,CMP0060,1849,2024-03-10,1,0,0
3339,CMP0060,3208,2024-03-10,0,0,0
3340,CMP0060,2566,2024-03-10,0,0,0
3341,CMP0060,2642,2024-03-10,0,0,0
3342,CMP0060,1757,2024-03-10,0,0,0
3343,CMP0060,3443,2024-03-10,0,0,0
3344,CMP0060,2996,2024-03-10,1,0,0
3345,CMP0060,1809,2024-03-10,0,0,0
3346,CMP0060,841,2024-03-10,0,0,0
3347,CMP0060,3585,2024-03-10,0,0,0
3348,CMP0060,1674,2024-03-10,1,0,0
3349,CMP0060,647,2024-03-10,1,1,0
3350,CMP0060,126,2024-03-10,0,0,0
3351,CMP0060,2249,2024-03-10,0,0,0
3352,CMP0060,3715,2024-03-10,0,0,0
3353,CMP0060,3477,2024-03-10,1,0,0
3354,CMP0060,2252,2024-03-10,0,0,0
3355,CMP0060,3758,2024-03-10,0,1,0
3356,CMP0060,874,2024-03-10,1,0,0
3357,CMP0060,2815,2024-03-10,0,0,0
3358,CMP0060,281,2024-03-10,0,0,0
3359,CMP0060,34,2024-03-10,0,0,0
3360,CMP0060,3298,2024-03-10,0,0,0
3361,CMP0060,954,2024-03-10,0,0,0
3362,CMP0060,3889,2024-03-10,1,0,0
3363,CMP0060,2508,2024-03-10,0,0,0
3364,CMP0060,3492,2024-03-10,0,0,0
3365,CMP0060,1434,2024-03-10,0,0,0
3366,CMP0060,3704,2024-03-10,1,0,0
3367,CMP0060,3497,2024-03-10,0,0,0
3368,CMP0060,2387,2024-03-10,0,0,0
3369,CMP0060,3221,2024-03-10,0,0,0
3370,CMP0060,621,2024-03-10,1,0,0
3371,CMP0060,1992,2024-03-10,0,0,0
3372,CMP0060,3216,2024-03-10,0,0,0
3373,CMP0060,2183,2024-03-10,0,0,0
3374,CMP0060,3859,2024-03-10,0,0,0
3375,CMP0060,1364,2024-03-10,0,0,0
3376,CMP0060,2359,2024-03-10,1,0,0
3377,CMP0060,149,2024-03-10,0,0,0
3378,CMP0060,797,2024-03-10,1,1,0
3379,CMP0060,229,2024-03-10,0,0,0
3380,CMP0060,2221,2024-03-10,1,0,0
3381,CMP0060,3781,2024-03-10,0,0,0
3382,CMP0060,3499,2024-03-10,1,0,0
3383,CMP0060,2003,2024-03-10,1,0,0
3384,CMP0060,316,2024-03-10,1,0,0
3385,CMP0060,2430,2024-03-10,0,0,0
3386,CMP0060,1951,2024-03-10,0,0,0
3387,CMP0060,964,2024-03-10,1,0,0
3388,CMP0060,3061,2024-03-10,1,0,0
3389,CMP0060,2957,2024-03-10,1,0,0
3390,CMP0060,2485,2024-03-10,0,0,0
3391,CMP0060,1868,2024-03-10,0,0,0
3392,CMP0060,2218,2024-03-10,0,0,0
3393,CMP0060,1473,2024-03-10,0,0,0
3394,CMP0060,2736,2024-03-10,0,0,0
3395,CMP0060,3888,2024-03-10,1,0,0
3396,CMP0060,1114,2024-03-10,0,0,0
3397,CMP0060,1991,2024-03-10,0,0,0
3398,CMP0060,1361,2024-03-10,0,0,0
3399,CMP0060,3661,2024-03-10,0,0,0
3400,CMP0060,548,2024-03-10,0,0,0
3401,CMP0060,3904,2024-03-10,1,0,0
3402,CMP0060,2071,2024-03-10,1,0,0
3403,CMP0060,338,2024-03-10,0,0,0
3404,CMP0060,2905,2024-03-10,1,0,0
3405,CMP0060,3948,2024-03-10,0,0,0
3406,CMP0060,1238,2024-03-10,0,0,0
3407,CMP0060,438,2024-03-10,0,0,0
3408,CMP0060,1253,2024-03-10,0,0,0
3409,CMP0060,757,2024-03-10,0,0,0
3410,CMP0060,93,2024-03-10,0,0,0
3411,CMP0060,4003,2024-03-10,0,0,0
3412,CMP0060,3588,2024-03-10,0,0,0
3413,CMP0060,1299,2024-03-10,1,1,0
3414,CMP0060,3705,2024-03-10,0,0,0
3415,CMP0060,3389,2024-03-10,1,0,0
3416,CMP0060,957,2024-03-10,0,0,0
3417,CMP0060,978,2024-03-10,1,0,0
3418,CMP0060,2289,2024-03-10,1,0,0
3419,CMP0060,3805,2024-03-10,0,0,0
3420,CMP0060,1649,2024-03-10,0,0,0
3421,CMP0060,3494,2024-03-10,0,0,0
3422,CMP0060,819,2024-03-10,0,0,0
3423,CMP0060,1574,2024-03-10,0,0,0
3424,CMP0060,890,2024-03-10,0,0,0
3425,CMP0060,1443,2024-03-10,0,0,0
3426,CMP0060,457,2024-03-10,0,0,0
3427,CMP0060,3540,2024-03-10,1,0,0
3428,CMP0060,3112,2024-03-10,0,0,0
3429,CMP0060,852,2024-03-10,0,0,0
3430,CMP0060,401,2024-03-10,1,0,0
3431,CMP0060,240,2024-03-10,0,0,0
3432,CMP0060,391,2024-03-10,0,0,0
3433,CMP0060,2698,2024-03-10,0,0,0
3434,CMP0060,2968,2024-03-10,0,0,0
3435,CMP0060,3534,2024-03-10,0,0,0
3436,CMP0060,1971,2024-03-10,0,0,0
3437,CMP0060,301,2024-03-10,0,0,0
3438,CMP0060,125,2024-03-10,0,0,0
3439,CMP0060,381,2024-03-10,0,0,0
3440,CMP0060,645,2024-03-10,1,0,0
3441,CMP0060,3720,2024-03-10,1,0,0
3442,CMP0060,488,2024-03-10,0,0,0
3443,CMP0060,2812,2024-03-10,0,0,0
3444,CMP0060,770,2024-03-10,0,0,0
3445,CMP0060,1852,2024-03-10,1,0,0
3446,CMP0060,2521,2024-03-10,1,1,0
3447,CMP0060,1296,2024-03-10,0,0,0
3448,CMP0060,3719,2024-03-10,1,0,0
3449,CMP0060,227,2024-03-10,0,0,0
3450,CMP0060,2058,2024-03-10,1,0,0
3451,CMP0060,3085,2024-03-10,0,0,0
3452,CMP0060,3119,2024-03-10,0,0,0
3453,CMP0060,3982,2024-03-10,1,0,0
3454,CMP0060,2436,2024-03-10,0,0,0
3455,CMP0060,1793,2024-03-10,1,0,0
3456,CMP0060,2194,2024-03-10,1,0,0
3457,CMP0060,2710,2024-03-10,0,0,0
3458,CMP0060,2740,2024-03-10,0,0,0
3459,CMP0060,1268,2024-03-10,1,0,0
3460,CMP0060,2,2024-03-10,0,0,0
3461,CMP0060,763,2024-03-10,1,1,0
3462,CMP0060,1851,2024-03-10,1,1,0
3463,CMP0060,2647,2024-03-10,0,0,0
3464,CMP0060,2326,2024-03-10,0,0,0
3465,CMP0060,2199,2024-03-10,0,0,0
3466,CMP0060,3933,2024-03-10,1,0,0
3467,CMP0060,3817,2024-03-10,1,1,0
3468,CMP0060,825,2024-03-10,1,0,0
3469,CMP0060,1372,2024-03-10,0,0,0
3470,CMP0060,1348,2024-03-10,1,1,0
3471,CMP0060,224,2024-03-10,0,0,0
3472,CMP0060,3178,2024-03-10,1,0,0
3473,CMP0060,3835,2024-03-10,1,0,0
3474,CMP0060,1730,2024-03-10,0,0,0
3475,CMP0060,692,2024-03-10,1,0,0
3476,CMP0060,1155,2024-03-10,0,0,0
3477,CMP0060,3807,2024-03-10,1,0,0
3478,CMP0060,376,2024-03-10,0,0,0
3479,CMP0060,1482,2024-03-10,0,0,0
3480,CMP0060,537,2024-03-10,0,0,0
3481,CMP0060,2597,2024-03-10,0,0,0
3482,CMP0060,3394,2024-03-10,1,0,0
3483,CMP0060,535,2024-03-10,1,1,1
3484,CMP0060,991,2024-03-10,0,0,0
3485,CMP0060,2398,2024-03-10,0,0,0
3486,CMP0060,3827,2024-03-10,1,0,0
3487,CMP0060,2783,2024-03-10,0,0,0
3488,CMP0060,2156,2024-03-10,1,1,0
3489,CMP0060,610,2024-03-10,0,0,0
3490,CMP0060,2347,2024-03-10,0,0,0
3491,CMP0060,3337,2024-03-10,1,0,0
3492,CMP0060,2888,2024-03-10,1,0,0
3493,CMP0060,323,2024-03-10,1,0,0
3494,CMP0060,492,2024-03-10,0,0,0
3495,CMP0060,1623,2024-03-10,0,0,0
3496,CMP0060,3683,2024-03-10,0,0,0
3497,CMP0060,3668,2024-03-10,0,0,0
3498,CMP0060,3030,2024-03-10,1,1,0
3499,CMP0060,2038,2024-03-10,1,0,0
3500,CMP0060,3214,2024-03-10,0,0,0
3501,CMP0060,2786,2024-03-10,1,1,0
3502,CMP0060,4,2024-03-10,0,0,0
3503,CMP0060,2687,2024-03-10,0,0,0
3504,CMP0060,1985,2024-03-10,0,0,0
3505,CMP0060,2273,2024-03-10,1,0,0
3506,CMP0060,808,2024-03-10,1,0,0
3507,CMP0060,771,2024-03-10,0,0,0
3508,CMP0060,3619,2024-03-10,0,0,0
3509,CMP0060,1816,2024-03-10,0,0,0
3510,CMP0060,1676,2024-03-10,0,0,0
3511,CMP0060,2464,2024-03-10,0,0,0
3512,CMP0060,1724,2024-03-10,0,0,0
3513,CMP0060,2234,2024-03-10,1,0,0
3514,CMP0060,3955,2024-03-10,0,0,0
3515,CMP0060,35,2024-03-10,0,0,0
3516,CMP0060,3846,2024-03-10,1,0,0
3517,CMP0060,785,2024-03-10,0,0,0
3518,CMP0060,1702,2024-03-10,0,0,0
3519,CMP0060,1168,2024-03-10,0,0,0
3520,CMP0060,1149,2024-03-10,1,0,0
3521,CMP0060,2619,2024-03-10,0,0,0
3522,CMP0060,1272,2024-03-10,1,0,0
3523,CMP0060,2189,2024-03-10,1,0,0
3524,CMP0060,851,2024-03-10,0,0,0
3525,CMP0060,84,2024-03-10,1,0,0
3526,CMP0060,469,2024-03-10,1,0,0
3527,CMP0060,259,2024-03-10,0,0,0
3528,CMP0060,2409,2024-03-10,0,0,0
3529,CMP0060,2504,2024-03-10,0,0,0
3530,CMP0060,772,2024-03-10,0,0,0
3531,CMP0133,789,2026-01-25,1,0,0
3532,CMP0133,884,2026-01-25,1,0,0
3533,CMP0133,3180,2026-01-25,0,0,0
3534,CMP0133,2376,2026-01-25,0,1,0
3535,CMP0133,506,2026-01-25,1,1,0
3536,CMP0133,2946,2026-01-25,0,0,0
3537,CMP0133,3519,2026-01-25,1,0,0
3538,CMP0133,1681,2026-01-25,0,0,0
3539,CMP0133,2181,2026-01-25,0,0,0
3540,CMP0133,3880,2026-01-25,1,1,0
3541,CMP0133,2579,2026-01-25,0,0,0
3542,CMP0133,1084,2026-01-25,1,0,0
3543,CMP0133,2962,2026-01-25,1,0,0
3544,CMP0133,1271,2026-01-25,0,0,0
3545,CMP0133,1517,2026-01-25,0,0,0
3546,CMP0133,638,2026-01-25,1,0,0
3547,CMP0133,1121,2026-01-25,0,0,0
3548,CMP0133,1596,2026-01-25,0,0,0
3549,CMP0133,1530,2026-01-25,1,0,0
3550,CMP0133,3464,2026-01-25,1,0,0
3551,CMP0133,3258,2026-01-25,1,0,0
3552,CMP0133,2765,2026-01-25,0,0,0
3553,CMP0133,2609,2026-01-25,0,0,0
3554,CMP0133,2704,2026-01-25,1,0,0
3555,CMP0133,848,2026-01-25,0,0,0
3556,CMP0133,588,2026-01-25,0,0,0
3557,CMP0133,1384,2026-01-25,1,0,0
3558,CMP0133,1631,2026-01-25,0,0,0
3559,CMP0133,472,2026-01-25,0,0,0
3560,CMP0133,603,2026-01-25,0,0,0
3561,CMP0133,3804,2026-01-25,0,0,0
3562,CMP0133,1508,2026-01-25,0,0,0
3563,CMP0133,2444,2026-01-25,0,0,0
3564,CMP0133,32,2026-01-25,0,0,0
3565,CMP0133,3810,2026-01-25,1,0,0
3566,CMP0133,2972,2026-01-25,0,0,0
3567,CMP0133,329,2026-01-25,1,0,0
3568,CMP0133,2139,2026-01-25,0,0,0
3569,CMP0133,3907,2026-01-25,0,0,0
3570,CMP0133,3196,2026-01-25,1,0,0
3571,CMP0133,3690,2026-01-25,0,0,0
3572,CMP0133,1002,2026-01-25,0,0,0
3573,CMP0133,1722,2026-01-25,0,0,0
3574,CMP0133,775,2026-01-25,0,0,0
3575,CMP0133,1212,2026-01-25,0,0,0
3576,CMP0133,2714,2026-01-25,0,0,0
3577,CMP0133,1683,2026-01-25,1,0,0
3578,CMP0133,3267,2026-01-25,1,0,0
3579,CMP0133,2074,2026-01-25,1,1,0
3580,CMP0133,763,2026-01-25,0,0,0
3581,CMP0133,2906,2026-01-25,1,0,0
3582,CMP0133,3857,2026-01-25,0,0,0
3583,CMP0133,3317,2026-01-25,0,0,0
3584,CMP0133,3201,2026-01-25,1,0,0
3585,CMP0133,1439,2026-01-25,0,0,0
3586,CMP0133,3221,2026-01-25,0,0,0
3587,CMP0133,2354,2026-01-25,0,0,0
3588,CMP0133,2785,2026-01-25,0,0,0
3589,CMP0133,955,2026-01-25,0,0,0
3590,CMP0133,610,2026-01-25,1,0,0
3591,CMP0133,314,2026-01-25,0,0,0
3592,CMP0133,2374,2026-01-25,0,0,0
3593,CMP0133,1488,2026-01-25,0,0,0
3594,CMP0133,1709,2026-01-25,0,0,0
3595,CMP0133,1624,2026-01-25,0,0,0
3596,CMP0133,3222,2026-01-25,0,0,0
3597,CMP0133,393,2026-01-25,1,0,0
3598,CMP0133,3178,2026-01-25,0,0,0
3599,CMP0133,1532,2026-01-25,1,0,0
3600,CMP0133,125,2026-01-25,0,0,0
3601,CMP0133,375,2026-01-25,1,0,0
3602,CMP0133,1319,2026-01-25,1,0,0
3603,CMP0133,2219,2026-01-25,0,0,0
3604,CMP0133,1290,2026-01-25,0,0,0
3605,CMP0133,628,2026-01-25,0,0,0
3606,CMP0133,299,2026-01-25,0,0,0
3607,CMP0133,122,2026-01-25,1,1,0
3608,CMP0133,2600,2026-01-25,1,0,0
3609,CMP0133,3919,2026-01-25,1,1,0
3610,CMP0133,3282,2026-01-25,0,0,0
3611,CMP0133,1370,2026-01-25,0,0,0
3612,CMP0133,2393,2026-01-25,0,0,0
3613,CMP0133,3414,2026-01-25,0,0,0
3614,CMP0133,3367,2026-01-25,0,0,0
3615,CMP0133,1705,2026-01-25,1,0,0
3616,CMP0133,3071,2026-01-25,0,0,0
3617,CMP0133,1905,2026-01-25,0,0,0
3618,CMP0133,1606,2026-01-25,1,0,0
3619,CMP0133,3726,2026-01-25,1,0,0
3620,CMP0133,3715,2026-01-25,1,0,0
3621,CMP0133,1769,2026-01-25,0,0,0
3622,CMP0133,3504,2026-01-25,0,0,0
3623,CMP0133,2273,2026-01-25,1,0,0
3624,CMP0133,2172,2026-01-25,0,0,0
3625,CMP0133,3138,2026-01-25,0,0,0
3626,CMP0133,2878,2026-01-25,0,0,0
3627,CMP0133,1899,2026-01-25,0,0,0
3628,CMP0133,3705,2026-01-25,0,0,0
3629,CMP0133,70,2026-01-25,0,0,0
3630,CMP0133,2379,2026-01-25,1,0,0
3631,CMP0133,2855,2026-01-25,0,0,0
3632,CMP0133,1216,2026-01-25,0,0,0
3633,CMP0133,2595,2026-01-25,1,0,0
3634,CMP0133,3480,2026-01-25,0,0,0
3635,CMP0133,3932,2026-01-25,0,0,0
3636,CMP0133,275,2026-01-25,0,0,0
3637,CMP0133,179,2026-01-25,1,0,0
3638,CMP0133,1835,2026-01-25,0,0,0
3639,CMP0133,3769,2026-01-25,0,0,0
3640,CMP0133,383,2026-01-25,0,0,0
3641,CMP0133,1049,2026-01-25,0,0,0
3642,CMP0133,1071,2026-01-25,0,0,0
3643,CMP0133,2323,2026-01-25,1,0,0
3644,CMP0133,193,2026-01-25,0,0,0
3645,CMP0133,1675,2026-01-25,0,0,0
3646,CMP0133,3418,2026-01-25,1,0,0
3647,CMP0133,1674,2026-01-25,0,0,0
3648,CMP0133,3978,2026-01-25,0,0,0
3649,CMP0133,1169,2026-01-25,0,0,0
3650,CMP0133,3800,2026-01-25,0,0,0
3651,CMP0133,1726,2026-01-25,0,0,0
3652,CMP0133,2660,2026-01-25,1,0,0
3653,CMP0133,1142,2026-01-25,0,0,0
3654,CMP0133,1024,2026-01-25,0,0,0
3655,CMP0133,1572,2026-01-25,0,0,0
3656,CMP0133,136,2026-01-25,0,0,0
3657,CMP0133,550,2026-01-25,0,0,0
3658,CMP0133,2093,2026-01-25,0,0,0
3659,CMP0133,686,2026-01-25,0,0,0
3660,CMP0133,27,2026-01-25,1,0,0
3661,CMP0133,3777,2026-01-25,1,1,0
3662,CMP0133,3959,2026-01-25,0,0,0
3663,CMP0133,1174,2026-01-25,0,0,0
3664,CMP0133,2201,2026-01-25,1,0,0
3665,CMP0133,3635,2026-01-25,0,0,0
3666,CMP0133,296,2026-01-25,0,0,0
3667,CMP0133,1609,2026-01-25,0,0,0
3668,CMP0133,414,2026-01-25,0,0,0
3669,CMP0133,3898,2026-01-25,0,0,0
3670,CMP0133,2727,2026-01-25,1,0,0
3671,CMP0133,1739,2026-01-25,0,0,0
3672,CMP0133,382,2026-01-25,0,0,0
3673,CMP0133,1296,2026-01-25,0,0,0
3674,CMP0133,281,2026-01-25,0,0,0
3675,CMP0133,1005,2026-01-25,1,0,0
3676,CMP0133,3053,2026-01-25,1,0,0
3677,CMP0133,3619,2026-01-25,0,0,0
3678,CMP0133,1186,2026-01-25,0,0,0
3679,CMP0133,1561,2026-01-25,0,0,0
3680,CMP0133,3472,2026-01-25,0,0,0
3681,CMP0133,479,2026-01-25,0,0,0
3682,CMP0133,1268,2026-01-25,0,0,0
3683,CMP0133,391,2026-01-25,0,0,0
3684,CMP0133,1696,2026-01-25,0,0,0
3685,CMP0133,2890,2026-01-25,0,0,0
3686,CMP0133,3089,2026-01-25,0,0,0
3687,CMP0133,646,2026-01-25,0,0,0
3688,CMP0133,1159,2026-01-25,1,0,0
3689,CMP0133,1975,2026-01-25,0,0,0
3690,CMP0133,748,2026-01-25,0,0,0
3691,CMP0133,2020,2026-01-25,0,0,0
3692,CMP0133,2288,2026-01-25,1,0,0
3693,CMP0133,1533,2026-01-25,0,0,0
3694,CMP0133,3665,2026-01-25,1,0,0
3695,CMP0133,3052,2026-01-25,0,0,0
3696,CMP0133,3000,2026-01-25,0,0,0
3697,CMP0133,487,2026-01-25,0,0,0
3698,CMP0133,1035,2026-01-25,0,0,0
3699,CMP0133,219,2026-01-25,1,1,0
3700,CMP0133,2929,2026-01-25,0,0,0
3701,CMP0133,1963,2026-01-25,1,0,0
3702,CMP0133,2265,2026-01-25,1,0,0
3703,CMP0133,3020,2026-01-25,1,0,0
3704,CMP0133,770,2026-01-25,1,0,0
3705,CMP0133,2782,2026-01-25,0,0,0
3706,CMP0133,2561,2026-01-25,0,0,0
3707,CMP0133,909,2026-01-25,1,1,0
3708,CMP0133,2480,2026-01-25,1,0,0
3709,CMP0133,615,2026-01-25,0,0,0
3710,CMP0133,2416,2026-01-25,0,0,0
3711,CMP0133,356,2026-01-25,1,0,0
3712,CMP0133,3062,2026-01-25,0,0,0
3713,CMP0133,1403,2026-01-25,0,0,0
3714,CMP0133,827,2026-01-25,0,0,0
3715,CMP0133,4,2026-01-25,0,0,0
3716,CMP0133,1564,2026-01-25,0,0,0
3717,CMP0133,3049,2026-01-25,0,0,0
3718,CMP0133,2196,2026-01-25,0,0,0
3719,CMP0133,943,2026-01-25,1,0,0
3720,CMP0133,37,2026-01-25,0,0,0
3721,CMP0133,490,2026-01-25,0,0,0
3722,CMP0133,3036,2026-01-25,0,0,0
3723,CMP0133,1467,2026-01-25,0,0,0
3724,CMP0133,2977,2026-01-25,0,0,0
3725,CMP0133,2430,2026-01-25,0,0,0
3726,CMP0133,2550,2026-01-25,0,0,0
3727,CMP0133,656,2026-01-25,1,0,0
3728,CMP0133,2429,2026-01-25,0,0,0
3729,CMP0133,2467,2026-01-25,1,1,0
3730,CMP0133,1904,2026-01-25,1,1,0
3731,CMP0133,1884,2026-01-25,0,0,0
3732,CMP0133,2735,2026-01-25,0,0,0
3733,CMP0133,3459,2026-01-25,0,0,0
3734,CMP0133,1034,2026-01-25,0,0,0
3735,CMP0133,3793,2026-01-25,0,0,0
3736,CMP0133,1613,2026-01-25,0,0,0
3737,CMP0133,1148,2026-01-25,0,0,0
3738,CMP0133,492,2026-01-25,0,0,0
3739,CMP0133,3450,2026-01-25,0,0,0
3740,CMP0133,75,2026-01-25,0,0,0
3741,CMP0133,2428,2026-01-25,1,0,0
3742,CMP0133,2504,2026-01-25,0,0,0
3743,CMP0133,3794,2026-01-25,1,0,0
3744,CMP0133,3189,2026-01-25,0,0,0
3745,CMP0133,3402,2026-01-25,0,0,0
3746,CMP0133,1704,2026-01-25,1,0,0
3747,CMP0133,2524,2026-01-25,1,0,0
3748,CMP0133,61,2026-01-25,0,0,0
3749,CMP0133,749,2026-01-25,0,0,0
3750,CMP0133,1241,2026-01-25,0,0,0
3751,CMP0133,34,2026-01-25,1,0,0
3752,CMP0133,521,2026-01-25,0,0,0
3753,CMP0133,3588,2026-01-25,1,0,0
3754,CMP0133,2024,2026-01-25,0,0,0
3755,CMP0133,1644,2026-01-25,0,0,0
3756,CMP0133,3084,2026-01-25,1,1,0
3757,CMP0133,3290,2026-01-25,0,0,0
3758,CMP0133,1841,2026-01-25,1,1,0
3759,CMP0133,2591,2026-01-25,0,0,0
3760,CMP0133,3301,2026-01-25,0,0,0
3761,CMP0133,1461,2026-01-25,0,0,0
3762,CMP0133,3001,2026-01-25,1,0,0
3763,CMP0133,2969,2026-01-25,1,0,0
3764,CMP0133,3334,2026-01-25,0,0,0
3765,CMP0133,1516,2026-01-25,0,0,0
3766,CMP0133,2917,2026-01-25,1,1,0
3767,CMP0133,1873,2026-01-25,0,0,0
3768,CMP0133,1813,2026-01-25,0,0,0
3769,CMP0133,3232,2026-01-25,0,0,0
3770,CMP0133,722,2026-01-25,1,0,0
3771,CMP0133,1110,2026-01-25,0,0,0
3772,CMP0133,2238,2026-01-25,0,0,0
3773,CMP0133,2380,2026-01-25,1,0,0
3774,CMP0133,1143,2026-01-25,1,0,0
3775,CMP0133,2456,2026-01-25,0,0,0
3776,CMP0133,344,2026-01-25,0,0,0
3777,CMP0133,1285,2026-01-25,1,0,0
3778,CMP0133,3154,2026-01-25,1,0,0
3779,CMP0133,380,2026-01-25,0,0,0
3780,CMP0133,1868,2026-01-25,0,0,0
3781,CMP0133,1446,2026-01-25,0,0,0
3782,CMP0133,3884,2026-01-25,0,0,0
3783,CMP0133,242,2026-01-25,0,0,0
3784,CMP0133,3595,2026-01-25,0,0,0
3785,CMP0133,2176,2026-01-25,0,0,0
3786,CMP0133,3771,2026-01-25,0,0,0
3787,CMP0133,3045,2026-01-25,0,0,0
3788,CMP0133,3704,2026-01-25,1,0,0
3789,CMP0133,90,2026-01-25,0,0,0
3790,CMP0133,3931,2026-01-25,1,0,0
3791,CMP0133,991,2026-01-25,0,0,0
3792,CMP0133,524,2026-01-25,0,0,0
3793,CMP0133,2310,2026-01-25,0,0,0
3794,CMP0133,2891,2026-01-25,0,0,0
3795,CMP0133,2849,2026-01-25,0,0,0
3796,CMP0133,109,2026-01-25,0,0,0
3797,CMP0133,2060,2026-01-25,0,0,0
3798,CMP0133,937,2026-01-25,0,0,0
3799,CMP0133,1414,2026-01-25,0,0,0
3800,CMP0133,1925,2026-01-25,1,0,0
3801,CMP0133,523,2026-01-25,0,0,0
3802,CMP0133,3614,2026-01-25,0,0,0
3803,CMP0133,2495,2026-01-25,1,0,0
3804,CMP0133,4018,2026-01-25,1,1,0
3805,CMP0133,3206,2026-01-25,1,0,0
3806,CMP0133,2398,2026-01-25,1,0,0
3807,CMP0133,283,2026-01-25,0,0,0
3808,CMP0133,815,2026-01-25,0,0,0
3809,CMP0133,532,2026-01-25,0,0,0
3810,CMP0133,2401,2026-01-25,0,0,0
3811,CMP0133,3650,2026-01-25,0,0,0
3812,CMP0133,846,2026-01-25,0,1,0
3813,CMP0133,493,2026-01-25,0,0,0
3814,CMP0133,728,2026-01-25,0,0,0
3815,CMP0133,1842,2026-01-25,0,0,0
3816,CMP0133,1719,2026-01-25,1,0,0
3817,CMP0133,3429,2026-01-25,0,0,0
3818,CMP0133,212,2026-01-25,1,1,0
3819,CMP0133,1156,2026-01-25,0,0,0
3820,CMP0133,432,2026-01-25,0,0,0
3821,CMP0133,2437,2026-01-25,1,0,0
3822,CMP0133,1755,2026-01-25,0,0,0
3823,CMP0133,3575,2026-01-25,0,0,0
3824,CMP0133,3539,2026-01-25,0,0,0
3825,CMP0133,3760,2026-01-25,1,1,0
3826,CMP0133,2745,2026-01-25,0,0,0
3827,CMP0133,3658,2026-01-25,0,0,0
3828,CMP0133,2913,2026-01-25,1,0,0
3829,CMP0133,2030,2026-01-25,0,0,0
3830,CMP0133,999,2026-01-25,1,0,0
3831,CMP0133,1429,2026-01-25,0,0,0
3832,CMP0133,2896,2026-01-25,0,0,0
3833,CMP0133,842,2026-01-25,0,0,0
3834,CMP0133,2293,2026-01-25,0,1,0
3835,CMP0133,1280,2026-01-25,0,0,0
3836,CMP0133,2526,2026-01-25,0,0,0
3837,CMP0133,1321,2026-01-25,0,0,0
3838,CMP0133,2809,2026-01-25,1,0,0
3839,CMP0133,570,2026-01-25,0,0,0
3840,CMP0133,510,2026-01-25,1,0,0
3841,CMP0133,3698,2026-01-25,0,0,0
3842,CMP0133,3146,2026-01-25,0,0,0
3843,CMP0133,286,2026-01-25,1,1,0
3844,CMP0133,739,2026-01-25,0,0,0
3845,CMP0133,3022,2026-01-25,1,0,0
3846,CMP0133,957,2026-01-25,0,0,0
3847,CMP0133,3837,2026-01-25,1,1,0
3848,CMP0133,2110,2026-01-25,1,0,0
3849,CMP0133,2275,2026-01-25,1,1,0
3850,CMP0133,404,2026-01-25,1,0,0
3851,CMP0133,3160,2026-01-25,1,1,0
3852,CMP0133,460,2026-01-25,0,0,0
3853,CMP0133,2705,2026-01-25,0,0,0
3854,CMP0133,1844,2026-01-25,0,0,0
3855,CMP0133,3096,2026-01-25,0,0,0
3856,CMP0133,2498,2026-01-25,0,0,0
3857,CMP0133,3342,2026-01-25,0,0,0
3858,CMP0133,2931,2026-01-25,0,0,0
3859,CMP0133,882,2026-01-25,1,0,0
3860,CMP0133,2290,2026-01-25,0,0,0
3861,CMP0133,1176,2026-01-25,0,0,0
3862,CMP0133,2876,2026-01-25,1,0,0
3863,CMP0133,3406,2026-01-25,0,0,0
3864,CMP0133,439,2026-01-25,1,0,1
3865,CMP0133,6,2026-01-25,0,0,0
3866,CMP0133,2272,2026-01-25,1,1,0
3867,CMP0133,1525,2026-01-25,0,0,0
3868,CMP0133,3497,2026-01-25,1,0,0
3869,CMP0133,3037,2026-01-25,1,1,0
3870,CMP0133,1977,2026-01-25,0,0,0
3871,CMP0133,1635,2026-01-25,1,0,0
3872,CMP0133,1033,2026-01-25,1,0,0
3873,CMP0133,1886,2026-01-25,1,0,0
3874,CMP0133,563,2026-01-25,1,0,0
3875,CMP0133,2457,2026-01-25,0,0,0
3876,CMP0133,2260,2026-01-25,0,0,0
3877,CMP0133,408,2026-01-25,0,0,0
3878,CMP0133,820,2026-01-25,0,0,0
3879,CMP0133,2127,2026-01-25,0,0,0
3880,CMP0133,2679,2026-01-25,1,0,0
3881,CMP0133,1360,2026-01-25,1,0,0
3882,CMP0133,586,2026-01-25,0,0,0
3883,CMP0133,192,2026-01-25,1,0,0
3884,CMP0133,3887,2026-01-25,1,0,0
3885,CMP0133,1200,2026-01-25,0,0,0
3886,CMP0133,2869,2026-01-25,1,0,0
3887,CMP0133,1633,2026-01-25,0,0,0
3888,CMP0133,522,2026-01-25,1,0,0
3889,CMP0133,3170,2026-01-25,1,0,0
3890,CMP0133,1224,2026-01-25,0,0,0
3891,CMP0133,3042,2026-01-25,1,0,0
3892,CMP0133,1951,2026-01-25,1,0,0
3893,CMP0133,3292,2026-01-25,1,0,0
3894,CMP0133,1141,2026-01-25,0,0,0
3895,CMP0133,1903,2026-01-25,0,0,0
3896,CMP0133,4011,2026-01-25,0,0,0
3897,CMP0133,2232,2026-01-25,0,0,0
3898,CMP0133,1791,2026-01-25,0,0,0
3899,CMP0133,2452,2026-01-25,1,0,0
3900,CMP0133,297,2026-01-25,1,0,0
3901,CMP0133,1127,2026-01-25,0,0,0
3902,CMP0133,854,2026-01-25,0,0,0
3903,CMP0133,3366,2026-01-25,0,0,0
3904,CMP0133,880,2026-01-25,0,0,0
3905,CMP0133,2228,2026-01-25,0,0,0
3906,CMP0133,2980,2026-01-25,1,0,0
3907,CMP0133,3708,2026-01-25,0,0,0
3908,CMP0133,3208,2026-01-25,0,0,0
3909,CMP0133,2173,2026-01-25,0,0,0
3910,CMP0133,883,2026-01-25,0,0,0
3911,CMP0133,3947,2026-01-25,0,0,0
3912,CMP0133,2096,2026-01-25,1,0,0
3913,CMP0133,4008,2026-01-25,0,0,0
3914,CMP0133,313,2026-01-25,0,0,0
3915,CMP0133,3329,2026-01-25,0,0,0
3916,CMP0133,105,2026-01-25,0,0,0
3917,CMP0133,2626,2026-01-25,0,0,0
3918,CMP0133,1568,2026-01-25,0,0,0
3919,CMP0133,1273,2026-01-25,0,0,0
3920,CMP0133,1183,2026-01-25,1,0,0
3921,CMP0133,2058,2026-01-25,1,0,0
3922,CMP0133,3155,2026-01-25,0,0,0
3923,CMP0133,2280,2026-01-25,0,0,0
3924,CMP0133,482,2026-01-25,0,0,0
3925,CMP0133,3561,2026-01-25,0,0,0
3926,CMP0133,3788,2026-01-25,0,0,0
3927,CMP0133,2057,2026-01-25,0,0,0
3928,CMP0133,1377,2026-01-25,0,0,0
3929,CMP0133,1379,2026-01-25,0,0,0
3930,CMP0133,3877,2026-01-25,1,0,0
3931,CMP0133,3050,2026-01-25,0,0,0
3932,CMP0133,3460,2026-01-25,1,1,0
3933,CMP0133,771,2026-01-25,0,0,0
3934,CMP0133,2832,2026-01-25,0,0,0
3935,CMP0133,2525,2026-01-25,0,0,0
3936,CMP0133,3955,2026-01-25,1,0,0
3937,CMP0133,3875,2026-01-25,0,0,0
3938,CMP0133,3995,2026-01-25,1,0,0
3939,CMP0133,1743,2026-01-25,0,0,0
3940,CMP0133,2825,2026-01-25,1,0,0
3941,CMP0133,416,2026-01-25,1,0,0
3942,CMP0133,3337,2026-01-25,1,0,0
3943,CMP0133,2744,2026-01-25,0,0,0
3944,CMP0133,964,2026-01-25,0,0,0
3945,CMP0133,3954,2026-01-25,0,0,0
3946,CMP0133,856,2026-01-25,0,0,0
3947,CMP0133,2619,2026-01-25,0,0,0
3948,CMP0133,540,2026-01-25,0,0,0
3949,CMP0133,2347,2026-01-25,1,0,0
3950,CMP0133,469,2026-01-25,0,0,0
3951,CMP0133,3261,2026-01-25,0,0,0
3952,CMP0133,2546,2026-01-25,1,1,0
3953,CMP0133,1974,2026-01-25,0,0,0
3954,CMP0133,3370,2026-01-25,0,0,0
3955,CMP0133,3801,2026-01-25,0,0,0
3956,CMP0133,2781,2026-01-25,0,0,0
3957,CMP0133,223,2026-01-25,1,0,0
3958,CMP0133,1451,2026-01-25,1,1,0
3959,CMP0133,3447,2026-01-25,1,0,0
3960,CMP0133,1541,2026-01-25,0,0,0
3961,CMP0133,1915,2026-01-25,0,0,0
3962,CMP0133,2083,2026-01-25,0,0,0
3963,CMP0133,1481,2026-01-25,0,0,0
3964,CMP0133,3372,2026-01-25,0,0,0
3965,CMP0133,288,2026-01-25,0,0,0
3966,CMP0133,1222,2026-01-25,1,0,0
3967,CMP0133,913,2026-01-25,0,0,0
3968,CMP0133,2722,2026-01-25,1,0,0
3969,CMP0133,1099,2026-01-25,0,0,0
3970,CMP0133,683,2026-01-25,0,0,0
3971,CMP0133,3891,2026-01-25,0,0,0
3972,CMP0133,2963,2026-01-25,0,0,0
3973,CMP0133,3273,2026-01-25,0,0,0
3974,CMP0133,304,2026-01-25,0,0,0
3975,CMP0133,3948,2026-01-25,0,0,0
3976,CMP0133,3141,2026-01-25,0,0,0
3977,CMP0133,1920,2026-01-25,0,0,0
3978,CMP0133,3416,2026-01-25,0,0,0
3979,CMP0133,2867,2026-01-25,0,0,0
3980,CMP0133,1989,2026-01-25,0,0,0
3981,CMP0133,3889,2026-01-25,0,0,0
3982,CMP0133,3499,2026-01-25,1,0,0
3983,CMP0133,2976,2026-01-25,1,0,0
3984,CMP0133,2548,2026-01-25,1,0,0
3985,CMP0133,2088,2026-01-25,0,0,0
3986,CMP0133,682,2026-01-25,0,0,0
3987,CMP0133,2162,2026-01-25,1,0,0
3988,CMP0133,2348,2026-01-25,0,0,0
3989,CMP0133,190,2026-01-25,0,0,0
3990,CMP0133,3542,2026-01-25,0,0,0
3991,CMP0133,3257,2026-01-25,0,0,0
3992,CMP0133,2731,2026-01-25,0,0,0
3993,CMP0133,1416,2026-01-25,1,0,0
3994,CMP0133,1906,2026-01-25,0,0,0
3995,CMP0133,475,2026-01-25,0,0,0
3996,CMP0133,307,2026-01-25,1,0,0
3997,CMP0133,1001,2026-01-25,1,0,0
3998,CMP0133,4005,2026-01-25,0,0,0
3999,CMP0133,1086,2026-01-25,0,0,0
4000,CMP0133,1708,2026-01-25,0,0,0
4001,CMP0133,2545,2026-01-25,0,0,0
4002,CMP0133,1895,2026-01-25,0,0,0
4003,CMP0133,1649,2026-01-25,1,0,0
4004,CMP0133,3482,2026-01-25,1,0,0
4005,CMP0133,1672,2026-01-25,1,1,0
4006,CMP0133,1355,2026-01-25,1,0,0
4007,CMP0133,3269,2026-01-25,1,1,0
4008,CMP0133,2636,2026-01-25,1,0,0
4009,CMP0133,2607,2026-01-25,1,1,0
4010,CMP0133,2694,2026-01-25,0,0,0
4011,CMP0133,3209,2026-01-25,0,0,0
4012,CMP0133,161,2026-01-25,0,0,0
4013,CMP0133,3710,2026-01-25,0,0,0
4014,CMP0133,1657,2026-01-25,0,0,0
4015,CMP0133,1636,2026-01-25,0,0,0
4016,CMP0133,1992,2026-01-25,0,0,0
4017,CMP0133,3547,2026-01-25,0,0,0
4018,CMP0133,2603,2026-01-25,1,1,0
4019,CMP0133,2841,2026-01-25,0,0,0
4020,CMP0133,1161,2026-01-25,1,0,0
4021,CMP0133,152,2026-01-25,0,0,0
4022,CMP0133,2786,2026-01-25,0,0,0
4023,CMP0133,509,2026-01-25,0,0,0
4024,CMP0133,3226,2026-01-25,1,0,0
4025,CMP0133,1059,2026-01-25,0,0,0
4026,CMP0133,2571,2026-01-25,0,0,0
4027,CMP0133,1793,2026-01-25,0,0,0
4028,CMP0133,1424,2026-01-25,0,0,0
4029,CMP0133,2076,2026-01-25,1,0,0
4030,CMP0133,3074,2026-01-25,0,0,0
4031,CMP0133,2859,2026-01-25,0,0,0
4032,CMP0133,2044,2026-01-25,0,0,0
4033,CMP0133,3230,2026-01-25,0,0,0
4034,CMP0133,2583,2026-01-25,1,0,0
4035,CMP0133,1554,2026-01-25,0,0,0
4036,CMP0133,96,2026-01-25,0,0,0
4037,CMP0133,349,2026-01-25,1,0,0
4038,CMP0133,2997,2026-01-25,0,0,0
4039,CMP0133,566,2026-01-25,1,0,0
4040,CMP0133,2335,2026-01-25,0,0,0
4041,CMP0133,1352,2026-01-25,0,0,0
4042,CMP0133,254,2026-01-25,1,0,0
4043,CMP0133,401,2026-01-25,1,0,0
4044,CMP0133,3133,2026-01-25,1,0,0
4045,CMP0133,1909,2026-01-25,0,0,0
4046,CMP0133,1583,2026-01-25,0,0,0
4047,CMP0133,3227,2026-01-25,0,0,0
4048,CMP0133,430,2026-01-25,1,0,0
4049,CMP0133,2687,2026-01-25,0,0,0
4050,CMP0133,374,2026-01-25,0,0,0
4051,CMP0133,3965,2026-01-25,0,0,0
4052,CMP0133,2948,2026-01-25,0,0,0
4053,CMP0133,1551,2026-01-25,0,0,0
4054,CMP0133,1933,2026-01-25,0,0,0
4055,CMP0133,160,2026-01-25,0,0,0
4056,CMP0133,2817,2026-01-25,0,0,0
4057,CMP0133,3229,2026-01-25,1,0,0
4058,CMP0133,3859,2026-01-25,1,0,0
4059,CMP0133,2158,2026-01-25,0,0,0
4060,CMP0133,780,2026-01-25,0,0,0
4061,CMP0133,2227,2026-01-25,0,0,0
4062,CMP0133,3007,2026-01-25,0,0,0
4063,CMP0133,343,2026-01-25,0,0,0
4064,CMP0133,3855,2026-01-25,0,0,0
4065,CMP0133,2802,2026-01-25,1,0,0
4066,CMP0133,1132,2026-01-25,0,0,0
4067,CMP0133,2178,2026-01-25,0,0,0
4068,CMP0133,696,2026-01-25,1,1,0
4069,CMP0133,797,2026-01-25,0,0,0
4070,CMP0133,642,2026-01-25,1,0,0
4071,CMP0133,185,2026-01-25,0,0,0
4072,CMP0133,2888,2026-01-25,0,0,0
4073,CMP0133,3968,2026-01-25,0,0,0
4074,CMP0133,604,2026-01-25,1,1,0
4075,CMP0133,180,2026-01-25,0,0,0
4076,CMP0133,3527,2026-01-25,0,0,0
4077,CMP0133,3436,2026-01-25,1,0,0
4078,CMP0133,2874,2026-01-25,0,0,0
4079,CMP0133,1721,2026-01-25,1,0,0
4080,CMP0133,1057,2026-01-25,1,0,0
4081,CMP0133,2291,2026-01-25,0,0,0
4082,CMP0133,2475,2026-01-25,0,0,0
4083,CMP0133,165,2026-01-25,0,0,0
4084,CMP0133,2711,2026-01-25,0,0,0
4085,CMP0133,135,2026-01-25,0,0,0
4086,CMP0133,3961,2026-01-25,0,0,0
4087,CMP0133,1735,2026-01-25,1,0,0
4088,CMP0133,3066,2026-01-25,1,0,0
4089,CMP0133,264,2026-01-25,0,0,0
4090,CMP0133,3677,2026-01-25,0,0,0
4091,CMP0133,2328,2026-01-25,0,0,0
4092,CMP0133,2663,2026-01-25,0,0,0
4093,CMP0133,2066,2026-01-25,0,0,0
4094,CMP0133,24,2026-01-25,1,0,0
4095,CMP0133,3756,2026-01-25,0,0,0
4096,CMP0133,2801,2026-01-25,0,0,0
4097,CMP0133,3688,2026-01-25,0,0,0
4098,CMP0133,1030,2026-01-25,0,0,0
4099,CMP0133,828,2026-01-25,0,0,0
4100,CMP0133,2851,2026-01-25,0,0,0
4101,CMP0133,3238,2026-01-25,0,0,0
4102,CMP0133,2468,2026-01-25,0,0,0
4103,CMP0133,1250,2026-01-25,0,0,0
4104,CMP0133,3981,2026-01-25,1,0,0
4105,CMP0133,3733,2026-01-25,1,0,0
4106,CMP0133,143,2026-01-25,1,0,0
4107,CMP0133,3607,2026-01-25,0,0,0
4108,CMP0133,2740,2026-01-25,0,0,0
4109,CMP0133,2651,2026-01-25,0,0,0
4110,CMP0133,923,2026-01-25,1,0,0
4111,CMP0133,55,2026-01-25,0,0,0
4112,CMP0133,1614,2026-01-25,0,0,0
4113,CMP0133,1058,2026-01-25,0,0,0
4114,CMP0133,1667,2026-01-25,0,1,0
4115,CMP0133,1991,2026-01-25,0,0,0
4116,CMP0133,2594,2026-01-25,0,0,0
4117,CMP0133,548,2026-01-25,0,0,0
4118,CMP0133,255,2026-01-25,0,0,0
4119,CMP0133,1891,2026-01-25,1,0,0
4120,CMP0133,3474,2026-01-25,0,0,0
4121,CMP0133,1381,2026-01-25,0,0,0
4122,CMP0133,2689,2026-01-25,0,0,0
4123,CMP0133,3142,2026-01-25,0,0,0
4124,CMP0133,376,2026-01-25,0,0,0
4125,CMP0133,1307,2026-01-25,0,0,0
4126,CMP0133,2180,2026-01-25,0,0,0
4127,CMP0133,1759,2026-01-25,1,0,0
4128,CMP0133,2295,2026-01-25,1,0,0
4129,CMP0133,3540,2026-01-25,0,0,0
4130,CMP0133,2329,2026-01-25,0,0,0
4131,CMP0133,3094,2026-01-25,1,0,0
4132,CMP0133,1230,2026-01-25,0,0,0
4133,CMP0133,3541,2026-01-25,0,0,0
4134,CMP0133,1083,2026-01-25,0,0,0
4135,CMP0133,243,2026-01-25,0,0,0
4136,CMP0133,1404,2026-01-25,0,0,0
4137,CMP0133,3095,2026-01-25,0,0,0
4138,CMP0133,1655,2026-01-25,1,0,0
4139,CMP0133,1717,2026-01-25,1,0,0
4140,CMP0133,927,2026-01-25,0,0,0
4141,CMP0133,3558,2026-01-25,0,0,0
4142,CMP0133,353,2026-01-25,1,0,0
4143,CMP0133,463,2026-01-25,1,0,0
4144,CMP0133,654,2026-01-25,0,0,0
4145,CMP0133,1893,2026-01-25,0,0,0
4146,CMP0133,2306,2026-01-25,1,0,0
4147,CMP0133,3339,2026-01-25,1,0,0
4148,CMP0133,225,2026-01-25,0,0,0
4149,CMP0133,3106,2026-01-25,0,0,0
4150,CMP0133,2724,2026-01-25,0,0,0
4151,CMP0133,776,2026-01-25,0,0,0
4152,CMP0133,1650,2026-01-25,0,0,0
4153,CMP0133,729,2026-01-25,1,0,0
4154,CMP0133,3604,2026-01-25,0,0,0
4155,CMP0133,1625,2026-01-25,1,0,0
4156,CMP0133,3979,2026-01-25,0,0,0
4157,CMP0133,1652,2026-01-25,1,0,0
4158,CMP0133,1653,2026-01-25,0,0,0
4159,CMP0133,724,2026-01-25,0,0,0
4160,CMP0133,684,2026-01-25,0,0,0
4161,CMP0133,1637,2026-01-25,0,0,0
4162,CMP0133,1170,2026-01-25,0,0,0
4163,CMP0133,1954,2026-01-25,1,0,0
4164,CMP0133,2499,2026-01-25,1,0,0
4165,CMP0133,2362,2026-01-25,0,0,0
4166,CMP0133,2479,2026-01-25,1,1,0
4167,CMP0133,3916,2026-01-25,1,1,0
4168,CMP0133,2144,2026-01-25,1,0,0
4169,CMP0133,688,2026-01-25,0,0,0
4170,CMP0133,633,2026-01-25,0,0,0
4171,CMP0133,3582,2026-01-25,1,0,0
4172,CMP0133,2194,2026-01-25,0,0,0
4173,CMP0133,2195,2026-01-25,1,0,0
4174,CMP0133,1880,2026-01-25,0,0,0
4175,CMP0133,3661,2026-01-25,0,0,0
4176,CMP0133,341,2026-01-25,0,0,0
4177,CMP0133,3834,2026-01-25,0,0,0
4178,CMP0133,1037,2026-01-25,0,0,0
4179,CMP0133,2823,2026-01-25,0,0,0
4180,CMP0133,2683,2026-01-25,0,0,0
4181,CMP0133,1092,2026-01-25,0,0,0
4182,CMP0133,662,2026-01-25,0,0,0
4183,CMP0133,3252,2026-01-25,0,0,0
4184,CMP0133,2647,2026-01-25,0,0,0
4185,CMP0133,1537,2026-01-25,1,0,0
4186,CMP0133,110,2026-01-25,1,0,0
4187,CMP0133,3924,2026-01-25,1,0,0
4188,CMP0133,2795,2026-01-25,0,0,0
4189,CMP0133,733,2026-01-25,0,0,0
4190,CMP0133,2322,2026-01-25,1,1,0
4191,CMP0133,3405,2026-01-25,1,1,0
4192,CMP0133,1166,2026-01-25,1,0,0
4193,CMP0133,2624,2026-01-25,0,0,0
4194,CMP0133,1676,2026-01-25,1,0,0
4195,CMP0133,3234,2026-01-25,0,0,0
4196,CMP0133,3970,2026-01-25,0,0,0
4197,CMP0133,222,2026-01-25,1,0,0
4198,CMP0133,1774,2026-01-25,0,0,0
4199,CMP0133,3188,2026-01-25,1,0,0
4200,CMP0133,2400,2026-01-25,1,0,0
4201,CMP0133,3423,2026-01-25,1,0,0
4202,CMP0133,2171,2026-01-25,1,1,0
4203,CMP0133,960,2026-01-25,1,0,0
4204,CMP0133,1114,2026-01-25,0,0,0
4205,CMP0133,1754,2026-01-25,0,0,0
4206,CMP0133,3548,2026-01-25,0,0,0
4207,CMP0133,743,2026-01-25,0,0,0
4208,CMP0133,1577,2026-01-25,1,0,0
4209,CMP0133,505,2026-01-25,0,0,0
4210,CMP0133,240,2026-01-25,1,0,0
4211,CMP0133,974,2026-01-25,0,0,0
4212,CMP0133,1106,2026-01-25,1,1,0
4213,CMP0133,2303,2026-01-25,0,0,0
4214,CMP0133,3510,2026-01-25,1,0,0
4215,CMP0133,3832,2026-01-25,1,1,0
4216,CMP0133,2993,2026-01-25,0,0,0
4217,CMP0133,3627,2026-01-25,0,0,0
4218,CMP0133,2138,2026-01-25,1,0,0
4219,CMP0133,2336,2026-01-25,0,0,0
4220,CMP0133,3528,2026-01-25,0,0,0
4221,CMP0133,981,2026-01-25,0,0,0
4222,CMP0133,2422,2026-01-25,0,0,0
4223,CMP0133,1922,2026-01-25,0,0,0
4224,CMP0133,1538,2026-01-25,1,0,0
4225,CMP0133,680,2026-01-25,1,0,0
4226,CMP0133,3648,2026-01-25,0,0,0
4227,CMP0133,2903,2026-01-25,0,0,0
4228,CMP0133,572,2026-01-25,0,0,0
4229,CMP0133,716,2026-01-25,0,0,0
4230,CMP0133,3291,2026-01-25,0,0,0
4231,CMP0133,248,2026-01-25,1,0,0
4232,CMP0133,2399,2026-01-25,1,0,0
4233,CMP0133,2635,2026-01-25,0,0,0
4234,CMP0133,182,2026-01-25,0,0,0
4235,CMP0133,300,2026-01-25,0,0,0
4236,CMP0133,3139,2026-01-25,1,0,0
4237,CMP0133,2084,2026-01-25,0,0,0
4238,CMP0133,3359,2026-01-25,0,0,0
4239,CMP0133,2463,2026-01-25,0,0,0
4240,CMP0133,3942,2026-01-25,0,0,0
4241,CMP0133,3413,2026-01-25,0,0,0
4242,CMP0133,421,2026-01-25,0,0,0
4243,CMP0133,1757,2026-01-25,0,0,0
4244,CMP0133,3809,2026-01-25,0,0,0
4245,CMP0133,1283,2026-01-25,0,0,0
4246,CMP0133,3471,2026-01-25,0,0,0
4247,CMP0133,3798,2026-01-25,0,0,0
4248,CMP0133,1753,2026-01-25,0,0,0
4249,CMP0133,513,2026-01-25,0,0,0
4250,CMP0133,181,2026-01-25,0,0,0
4251,CMP0133,177,2026-01-25,1,0,0
4252,CMP0133,3525,2026-01-25,0,0,0
4253,CMP0133,1238,2026-01-25,0,0,0
4254,CMP0133,303,2026-01-25,0,0,0
4255,CMP0133,1908,2026-01-25,1,0,0
4256,CMP0133,3453,2026-01-25,1,0,0
4257,CMP0133,2485,2026-01-25,1,0,0
4258,CMP0133,3215,2026-01-25,0,0,0
4259,CMP0133,2697,2026-01-25,0,0,0
4260,CMP0133,2462,2026-01-25,0,0,0
4261,CMP0133,3409,2026-01-25,0,0,0
4262,CMP0133,1935,2026-01-25,1,0,0
4263,CMP0133,700,2026-01-25,0,0,0
4264,CMP0133,1475,2026-01-25,0,0,0
4265,CMP0133,2638,2026-01-25,0,0,0
4266,CMP0133,2392,2026-01-25,0,0,0
4267,CMP0133,1061,2026-01-25,1,0,0
4268,CMP0133,2492,2026-01-25,0,0,0
4269,CMP0133,3442,2026-01-25,1,0,0
4270,CMP0133,2930,2026-01-25,0,0,0
4271,CMP0133,71,2026-01-25,0,0,0
4272,CMP0133,352,2026-01-25,1,0,0
4273,CMP0133,643,2026-01-25,0,0,0
4274,CMP0133,2592,2026-01-25,0,0,0
4275,CMP0133,2338,2026-01-25,0,0,0
4276,CMP0133,229,2026-01-25,0,0,0
4277,CMP0133,2141,2026-01-25,0,0,0
4278,CMP0133,3557,2026-01-25,0,0,0
4279,CMP0133,3300,2026-01-25,1,1,0
4280,CMP0133,3694,2026-01-25,0,0,0
4281,CMP0133,2767,2026-01-25,1,0,0
4282,CMP0133,890,2026-01-25,0,0,0
4283,CMP0133,3172,2026-01-25,1,0,0
4284,CMP0133,2242,2026-01-25,1,0,0
4285,CMP0133,1900,2026-01-25,0,0,0
4286,CMP0133,2345,2026-01-25,1,0,0
4287,CMP0133,1125,2026-01-25,0,0,0
4288,CMP0133,3536,2026-01-25,0,0,0
4289,CMP0133,3417,2026-01-25,1,0,0
4290,CMP0133,2199,2026-01-25,0,0,0
4291,CMP0133,1883,2026-01-25,0,0,0
4292,CMP0133,3093,2026-01-25,0,0,0
4293,CMP0133,2040,2026-01-25,0,0,0
4294,CMP0133,2052,2026-01-25,0,0,0
4295,CMP0133,1601,2026-01-25,0,0,0
4296,CMP0133,36,2026-01-25,0,0,0
4297,CMP0133,1233,2026-01-25,0,0,0
4298,CMP0133,357,2026-01-25,0,0,0
4299,CMP0133,3386,2026-01-25,1,0,0
4300,CMP0133,1358,2026-01-25,1,1,0
4301,CMP0133,1528,2026-01-25,1,0,0
4302,CMP0133,3327,2026-01-25,0,0,0
4303,CMP0133,1397,2026-01-25,0,0,0
4304,CMP0133,2537,2026-01-25,1,0,0
4305,CMP0133,1436,2026-01-25,1,0,0
4306,CMP0133,657,2026-01-25,1,0,0
4307,CMP0133,1595,2026-01-25,1,0,0
4308,CMP0133,2887,2026-01-25,1,0,0
4309,CMP0133,3984,2026-01-25,1,0,0
4310,CMP0133,2023,2026-01-25,1,1,0
4311,CMP0133,1262,2026-01-25,0,0,0
4312,CMP0133,2648,2026-01-25,0,0,0
4313,CMP0133,997,2026-01-25,0,0,0
4314,CMP0133,977,2026-01-25,0,0,0
4315,CMP0133,3143,2026-01-25,0,0,0
4316,CMP0133,115,2026-01-25,1,0,0
4317,CMP0133,3521,2026-01-25,1,0,0
4318,CMP0133,3930,2026-01-25,1,0,0
4319,CMP0133,2597,2026-01-25,1,0,0
4320,CMP0133,1255,2026-01-25,0,0,0
4321,CMP0133,210,2026-01-25,0,0,0
4322,CMP0133,3012,2026-01-25,1,1,0
4323,CMP0133,227,2026-01-25,0,0,0
4324,CMP0133,3927,2026-01-25,0,0,0
4325,CMP0133,2602,2026-01-25,0,0,0
4326,CMP0012,2188,2024-12-15,0,0,0
4327,CMP0012,3510,2024-12-15,0,0,0
4328,CMP0012,2700,2024-12-15,1,0,0
4329,CMP0012,329,2024-12-15,0,0,0
4330,CMP0012,826,2024-12-15,1,1,0
4331,CMP0012,1123,2024-12-15,1,0,0
4332,CMP0012,2483,2024-12-15,0,0,0
4333,CMP0012,1526,2024-12-15,1,0,0
4334,CMP0012,2359,2024-12-15,0,0,0
4335,CMP0012,2905,2024-12-15,1,0,0
4336,CMP0012,222,2024-12-15,0,0,0
4337,CMP0012,2475,2024-12-15,1,0,0
4338,CMP0012,3476,2024-12-15,0,0,0
4339,CMP0012,1084,2024-12-15,0,0,0
4340,CMP0012,1160,2024-12-15,0,0,0
4341,CMP0012,3816,2024-12-15,1,0,0
4342,CMP0012,1525,2024-12-15,0,0,0
4343,CMP0012,1024,2024-12-15,0,0,0
4344,CMP0012,3012,2024-12-15,0,0,0
4345,CMP0012,1432,2024-12-15,1,0,0
4346,CMP0012,811,2024-12-15,1,0,0
4347,CMP0012,3176,2024-12-15,0,0,0
4348,CMP0012,808,2024-12-15,1,0,0
4349,CMP0012,3119,2024-12-15,0,0,0
4350,CMP0012,2301,2024-12-15,0,0,0
4351,CMP0012,534,2024-12-15,1,0,0
4352,CMP0012,1211,2024-12-15,0,0,0
4353,CMP0012,1436,2024-12-15,1,0,0
4354,CMP0012,3898,2024-12-15,1,0,0
4355,CMP0012,303,2024-12-15,0,0,0
4356,CMP0012,2742,2024-12-15,0,0,0
4357,CMP0012,2378,2024-12-15,1,0,0
4358,CMP0012,3206,2024-12-15,1,1,0
4359,CMP0012,2073,2024-12-15,0,0,0
4360,CMP0012,65,2024-12-15,1,0,0
4361,CMP0012,2379,2024-12-15,0,0,0
4362,CMP0012,3464,2024-12-15,0,0,0
4363,CMP0012,3610,2024-12-15,0,0,0
4364,CMP0012,3000,2024-12-15,1,1,0
4365,CMP0012,1168,2024-12-15,0,0,0
4366,CMP0012,3782,2024-12-15,1,1,0
4367,CMP0012,2869,2024-12-15,0,0,0
4368,CMP0012,219,2024-12-15,0,0,0
4369,CMP0012,2323,2024-12-15,0,0,0
4370,CMP0012,2039,2024-12-15,0,0,0
4371,CMP0012,281,2024-12-15,1,0,0
4372,CMP0012,197,2024-12-15,1,0,0
4373,CMP0012,2199,2024-12-15,0,0,0
4374,CMP0012,2769,2024-12-15,1,1,0
4375,CMP0012,1420,2024-12-15,1,0,0
4376,CMP0012,2141,2024-12-15,0,0,0
4377,CMP0012,2002,2024-12-15,1,0,0
4378,CMP0012,2467,2024-12-15,1,0,0
4379,CMP0012,3075,2024-12-15,0,0,0
4380,CMP0012,3727,2024-12-15,1,0,0
4381,CMP0012,514,2024-12-15,1,0,0
4382,CMP0012,1403,2024-12-15,1,0,0
4383,CMP0012,37,2024-12-15,0,0,0
4384,CMP0012,3157,2024-12-15,1,0,0
4385,CMP0012,551,2024-12-15,1,0,0
4386,CMP0012,691,2024-12-15,0,0,0
4387,CMP0012,3016,2024-12-15,0,0,0
4388,CMP0012,3287,2024-12-15,0,0,0
4389,CMP0012,1745,2024-12-15,0,0,0
4390,CMP0012,3020,2024-12-15,0,0,0
4391,CMP0012,2823,2024-12-15,0,0,0
4392,CMP0012,730,2024-12-15,0,0,0
4393,CMP0012,263,2024-12-15,0,0,1
4394,CMP0012,62,2024-12-15,1,0,0
4395,CMP0012,3907,2024-12-15,1,1,0
4396,CMP0012,188,2024-12-15,0,0,0
4397,CMP0012,1481,2024-12-15,0,0,0
4398,CMP0012,338,2024-12-15,0,0,0
4399,CMP0012,509,2024-12-15,0,0,0
4400,CMP0012,1715,2024-12-15,0,0,0
4401,CMP0012,3258,2024-12-15,0,0,0
4402,CMP0012,1140,2024-12-15,1,0,0
4403,CMP0012,17,2024-12-15,1,0,0
4404,CMP0012,505,2024-12-15,1,1,0
4405,CMP0012,1749,2024-12-15,0,0,0
4406,CMP0012,2648,2024-12-15,0,0,0
4407,CMP0012,772,2024-12-15,0,0,0
4408,CMP0012,2151,2024-12-15,0,0,0
4409,CMP0012,954,2024-12-15,0,0,0
4410,CMP0012,2727,2024-12-15,0,0,0
4411,CMP0012,536,2024-12-15,1,0,0
4412,CMP0012,3575,2024-12-15,1,0,0
4413,CMP0012,2851,2024-12-15,0,0,0
4414,CMP0012,3800,2024-12-15,0,0,0
4415,CMP0012,2735,2024-12-15,1,0,0
4416,CMP0012,1992,2024-12-15,1,0,0
4417,CMP0012,851,2024-12-15,0,0,0
4418,CMP0012,3690,2024-12-15,0,0,0
4419,CMP0012,2266,2024-12-15,0,0,0
4420,CMP0012,1013,2024-12-15,0,0,0
4421,CMP0012,1954,2024-12-15,0,0,0
4422,CMP0012,185,2024-12-15,0,0,0
4423,CMP0012,3183,2024-12-15,1,0,0
4424,CMP0012,1805,2024-12-15,0,0,0
4425,CMP0012,548,2024-12-15,1,0,0
4426,CMP0012,2018,2024-12-15,0,0,0
4427,CMP0012,724,2024-12-15,0,0,0
4428,CMP0012,2692,2024-12-15,1,0,0
4429,CMP0012,283,2024-12-15,0,0,0
4430,CMP0012,3185,2024-12-15,0,0,0
4431,CMP0012,3282,2024-12-15,0,0,0
4432,CMP0012,1222,2024-12-15,0,0,0
4433,CMP0012,2368,2024-12-15,0,0,0
4434,CMP0012,3965,2024-12-15,0,0,0
4435,CMP0012,1294,2024-12-15,0,0,0
4436,CMP0012,1652,2024-12-15,0,0,0
4437,CMP0012,3567,2024-12-15,0,0,0
4438,CMP0012,2196,2024-12-15,0,0,0
4439,CMP0012,2252,2024-12-15,0,0,0
4440,CMP0012,3117,2024-12-15,0,0,0
4441,CMP0012,874,2024-12-15,0,0,0
4442,CMP0012,1000,2024-12-15,0,0,0
4443,CMP0012,607,2024-12-15,1,1,0
4444,CMP0012,164,2024-12-15,0,0,0
4445,CMP0012,570,2024-12-15,0,0,0
4446,CMP0012,2173,2024-12-15,0,0,0
4447,CMP0012,1051,2024-12-15,0,0,0
4448,CMP0012,2148,2024-12-15,0,0,0
4449,CMP0012,2629,2024-12-15,0,0,0
4450,CMP0012,3594,2024-12-15,0,0,0
4451,CMP0012,96,2024-12-15,0,0,0
4452,CMP0012,2497,2024-12-15,1,0,0
4453,CMP0012,3574,2024-12-15,1,0,0
4454,CMP0012,1259,2024-12-15,0,0,0
4455,CMP0012,2341,2024-12-15,1,0,0
4456,CMP0012,1754,2024-12-15,0,0,0
4457,CMP0012,1370,2024-12-15,0,0,0
4458,CMP0012,3167,2024-12-15,1,1,0
4459,CMP0012,1666,2024-12-15,0,0,0
4460,CMP0012,2768,2024-12-15,0,0,0
4461,CMP0012,1478,2024-12-15,0,0,0
4462,CMP0012,3888,2024-12-15,1,0,0
4463,CMP0012,1064,2024-12-15,1,0,0
4464,CMP0012,3247,2024-12-15,0,0,0
4465,CMP0012,571,2024-12-15,0,0,0
4466,CMP0012,2037,2024-12-15,0,0,0
4467,CMP0012,1057,2024-12-15,0,0,0
4468,CMP0012,793,2024-12-15,1,0,0
4469,CMP0012,3049,2024-12-15,0,0,0
4470,CMP0012,882,2024-12-15,1,1,0
4471,CMP0012,91,2024-12-15,0,0,0
4472,CMP0012,1241,2024-12-15,0,0,0
4473,CMP0012,1260,2024-12-15,0,0,0
4474,CMP0012,193,2024-12-15,0,0,0
4475,CMP0012,1377,2024-12-15,0,0,0
4476,CMP0012,3579,2024-12-15,0,0,0
4477,CMP0012,1482,2024-12-15,1,1,0
4478,CMP0012,1114,2024-12-15,0,0,0
4479,CMP0012,76,2024-12-15,0,0,0
4480,CMP0012,3664,2024-12-15,0,0,0
4481,CMP0012,146,2024-12-15,1,0,0
4482,CMP0012,1631,2024-12-15,0,0,0
4483,CMP0012,1185,2024-12-15,1,1,0
4484,CMP0012,1405,2024-12-15,1,1,0
4485,CMP0012,3440,2024-12-15,0,0,0
4486,CMP0012,1761,2024-12-15,0,0,0
4487,CMP0012,3904,2024-12-15,0,0,0
4488,CMP0012,573,2024-12-15,0,0,0
4489,CMP0012,352,2024-12-15,0,0,0
4490,CMP0012,2477,2024-12-15,0,0,0
4491,CMP0012,3720,2024-12-15,1,0,0
4492,CMP0012,3226,2024-12-15,1,1,0
4493,CMP0012,489,2024-12-15,0,0,0
4494,CMP0012,2194,2024-12-15,1,0,0
4495,CMP0012,2265,2024-12-15,1,0,0
4496,CMP0012,2354,2024-12-15,1,0,0
4497,CMP0012,1446,2024-12-15,1,0,0
4498,CMP0012,2312,2024-12-15,1,0,0
4499,CMP0012,3443,2024-12-15,1,0,0
4500,CMP0012,3189,2024-12-15,0,0,0
4501,CMP0012,3457,2024-12-15,0,0,0
4502,CMP0012,776,2024-12-15,0,0,0
4503,CMP0012,3715,2024-12-15,0,0,0
4504,CMP0012,3113,2024-12-15,0,0,0
4505,CMP0012,2183,2024-12-15,0,0,0
4506,CMP0012,1475,2024-12-15,0,0,0
4507,CMP0012,673,2024-12-15,0,0,0
4508,CMP0012,758,2024-12-15,0,0,0
4509,CMP0012,1141,2024-12-15,1,0,0
4510,CMP0012,2346,2024-12-15,0,0,0
4511,CMP0012,32,2024-12-15,1,0,0
4512,CMP0012,2334,2024-12-15,0,0,0
4513,CMP0012,2977,2024-12-15,0,0,0
4514,CMP0012,978,2024-12-15,1,0,0
4515,CMP0012,89,2024-12-15,0,0,0
4516,CMP0012,84,2024-12-15,0,0,0
4517,CMP0012,1142,2024-12-15,1,0,0
4518,CMP0012,852,2024-12-15,0,0,0
4519,CMP0012,2240,2024-12-15,0,0,0
4520,CMP0012,1134,2024-12-15,1,1,0
4521,CMP0012,2877,2024-12-15,0,0,0
4522,CMP0012,1060,2024-12-15,1,0,0
4523,CMP0012,1739,2024-12-15,0,0,0
4524,CMP0012,1675,2024-12-15,0,0,0
4525,CMP0012,1565,2024-12-15,1,0,0
4526,CMP0012,1205,2024-12-15,0,0,0
4527,CMP0012,3241,2024-12-15,1,0,0
4528,CMP0012,3705,2024-12-15,0,0,0
4529,CMP0012,143,2024-12-15,0,0,0
4530,CMP0012,2452,2024-12-15,0,0,0
4531,CMP0012,111,2024-12-15,1,0,0
4532,CMP0012,3470,2024-12-15,0,0,0
4533,CMP0012,2521,2024-12-15,0,0,0
4534,CMP0012,1361,2024-12-15,0,0,0
4535,CMP0012,1451,2024-12-15,0,0,0
4536,CMP0012,1155,2024-12-15,1,0,0
4537,CMP0012,2021,2024-12-15,1,1,1
4538,CMP0012,3350,2024-12-15,0,0,0
4539,CMP0012,2130,2024-12-15,0,0,0
4540,CMP0012,2731,2024-12-15,0,0,0
4541,CMP0012,2913,2024-12-15,0,0,0
4542,CMP0012,3495,2024-12-15,1,1,0
4543,CMP0012,2658,2024-12-15,0,0,0
4544,CMP0012,957,2024-12-15,0,1,0
4545,CMP0012,867,2024-12-15,0,0,0
4546,CMP0012,2802,2024-12-15,1,0,0
4547,CMP0012,2652,2024-12-15,0,0,0
4548,CMP0012,645,2024-12-15,0,0,0
4549,CMP0012,215,2024-12-15,0,0,0
4550,CMP0012,1157,2024-12-15,0,0,0
4551,CMP0012,1530,2024-12-15,1,0,0
4552,CMP0012,2859,2024-12-15,1,0,0
4553,CMP0012,3698,2024-12-15,0,0,0
4554,CMP0012,212,2024-12-15,1,0,0
4555,CMP0012,3547,2024-12-15,0,0,0
4556,CMP0012,3190,2024-12-15,0,0,0
4557,CMP0012,657,2024-12-15,0,0,0
4558,CMP0012,1091,2024-12-15,1,0,0
4559,CMP0012,2462,2024-12-15,1,0,0
4560,CMP0012,477,2024-12-15,0,0,0
4561,CMP0012,1663,2024-12-15,0,0,0
4562,CMP0012,1516,2024-12-15,0,0,0
4563,CMP0012,3733,2024-12-15,1,0,0
4564,CMP0012,2335,2024-12-15,0,0,0
4565,CMP0012,2295,2024-12-15,0,0,0
4566,CMP0012,2712,2024-12-15,0,0,0
4567,CMP0012,2182,2024-12-15,0,0,0
4568,CMP0012,962,2024-12-15,1,0,0
4569,CMP0012,126,2024-12-15,1,0,0
4570,CMP0012,3256,2024-12-15,0,0,0
4571,CMP0012,2757,2024-12-15,0,0,0
4572,CMP0012,1244,2024-12-15,1,0,0
4573,CMP0012,3177,2024-12-15,0,0,0
4574,CMP0012,2819,2024-12-15,1,0,0
4575,CMP0012,1905,2024-12-15,1,0,0
4576,CMP0012,3641,2024-12-15,1,0,0
4577,CMP0012,3234,2024-12-15,0,0,0
4578,CMP0012,2929,2024-12-15,0,0,0
4579,CMP0012,2329,2024-12-15,0,0,0
4580,CMP0012,2673,2024-12-15,0,0,0
4581,CMP0012,802,2024-12-15,1,0,0
4582,CMP0012,60,2024-12-15,1,0,0
4583,CMP0012,3521,2024-12-15,0,0,0
4584,CMP0012,2406,2024-12-15,1,1,0
4585,CMP0012,2126,2024-12-15,0,0,0
4586,CMP0012,3130,2024-12-15,0,0,0
4587,CMP0012,2625,2024-12-15,0,0,0
4588,CMP0012,2254,2024-12-15,1,0,0
4589,CMP0012,1616,2024-12-15,1,0,0
4590,CMP0012,2455,2024-12-15,0,0,0
4591,CMP0012,3872,2024-12-15,0,0,0
4592,CMP0012,3760,2024-12-15,1,0,0
4593,CMP0012,2356,2024-12-15,0,0,0
4594,CMP0012,831,2024-12-15,0,0,0
4595,CMP0012,1822,2024-12-15,0,0,0
4596,CMP0012,323,2024-12-15,0,0,0
4597,CMP0012,488,2024-12-15,1,0,0
4598,CMP0012,2007,2024-12-15,1,0,0
4599,CMP0012,2219,2024-12-15,1,1,0
4600,CMP0012,2331,2024-12-15,1,0,0
4601,CMP0012,1303,2024-12-15,0,0,0
4602,CMP0012,1708,2024-12-15,1,0,0
4603,CMP0012,3401,2024-12-15,0,0,0
4604,CMP0012,752,2024-12-15,0,0,0
4605,CMP0012,3025,2024-12-15,0,0,0
4606,CMP0012,3255,2024-12-15,0,0,0
4607,CMP0012,796,2024-12-15,0,0,0
4608,CMP0012,2861,2024-12-15,0,0,0
4609,CMP0012,11,2024-12-15,1,0,0
4610,CMP0012,842,2024-12-15,1,0,0
4611,CMP0012,135,2024-12-15,0,0,0
4612,CMP0012,3696,2024-12-15,1,0,0
4613,CMP0012,3978,2024-12-15,1,0,0
4614,CMP0012,634,2024-12-15,0,0,0
4615,CMP0033,2144,2024-01-24,0,0,0
4616,CMP0033,3794,2024-01-24,0,0,0
4617,CMP0033,1473,2024-01-24,0,0,0
4618,CMP0033,2850,2024-01-24,0,0,0
4619,CMP0033,465,2024-01-24,0,0,0
4620,CMP0033,2490,2024-01-24,1,0,0
4621,CMP0033,2736,2024-01-24,0,0,0
4622,CMP0033,2641,2024-01-24,1,0,0
4623,CMP0033,602,2024-01-24,1,0,0
4624,CMP0033,1258,2024-01-24,1,0,0
4625,CMP0033,669,2024-01-24,0,0,0
4626,CMP0033,2817,2024-01-24,0,0,0
4627,CMP0033,2126,2024-01-24,0,0,0
4628,CMP0033,1693,2024-01-24,0,0,0
4629,CMP0033,3340,2024-01-24,0,0,0
4630,CMP0033,1446,2024-01-24,0,0,0
4631,CMP0033,2998,2024-01-24,0,0,0
4632,CMP0033,1211,2024-01-24,0,0,0
4633,CMP0033,947,2024-01-24,1,0,0
4634,CMP0033,3428,2024-01-24,0,0,0
4635,CMP0033,344,2024-01-24,1,0,0
4636,CMP0033,2741,2024-01-24,0,0,0
4637,CMP0033,3447,2024-01-24,0,0,0
4638,CMP0033,3767,2024-01-24,0,0,0
4639,CMP0033,521,2024-01-24,0,0,0
4640,CMP0033,1005,2024-01-24,0,0,0
4641,CMP0033,3423,2024-01-24,1,0,0
4642,CMP0033,1983,2024-01-24,0,0,0
4643,CMP0033,1261,2024-01-24,0,0,0
4644,CMP0033,716,2024-01-24,0,0,0
4645,CMP0033,3932,2024-01-24,1,0,0
4646,CMP0033,1530,2024-01-24,0,0,0
4647,CMP0033,335,2024-01-24,0,0,0
4648,CMP0033,2095,2024-01-24,1,0,0
4649,CMP0033,3861,2024-01-24,0,0,0
4650,CMP0033,3481,2024-01-24,0,0,0
4651,CMP0033,2815,2024-01-24,0,0,0
4652,CMP0033,3221,2024-01-24,0,0,0
4653,CMP0033,3866,2024-01-24,1,0,0
4654,CMP0033,3696,2024-01-24,0,0,0
4655,CMP0033,2489,2024-01-24,0,0,0
4656,CMP0033,1353,2024-01-24,0,0,0
4657,CMP0033,3270,2024-01-24,1,0,0
4658,CMP0033,749,2024-01-24,1,1,0
4659,CMP0033,1168,2024-01-24,0,0,0
4660,CMP0033,1775,2024-01-24,0,0,0
4661,CMP0033,3168,2024-01-24,0,0,0
4662,CMP0033,3416,2024-01-24,1,0,0
4663,CMP0033,2888,2024-01-24,0,0,0
4664,CMP0033,361,2024-01-24,0,0,0
4665,CMP0033,461,2024-01-24,0,0,0
4666,CMP0033,1141,2024-01-24,0,0,0
4667,CMP0033,2199,2024-01-24,0,0,0
4668,CMP0033,3143,2024-01-24,0,0,0
4669,CMP0033,3735,2024-01-24,0,0,0
4670,CMP0033,2215,2024-01-24,0,0,0
4671,CMP0033,2774,2024-01-24,1,0,0
4672,CMP0033,1502,2024-01-24,0,0,0
4673,CMP0033,3238,2024-01-24,0,0,0
4674,CMP0033,605,2024-01-24,1,0,0
4675,CMP0033,3170,2024-01-24,0,0,0
4676,CMP0033,2779,2024-01-24,1,0,0
4677,CMP0033,1574,2024-01-24,0,0,0
4678,CMP0033,3404,2024-01-24,0,0,0
4679,CMP0033,302,2024-01-24,0,0,0
4680,CMP0033,2278,2024-01-24,0,0,0
4681,CMP0033,2280,2024-01-24,0,0,0
4682,CMP0033,569,2024-01-24,0,0,0
4683,CMP0033,1702,2024-01-24,0,0,0
4684,CMP0033,596,2024-01-24,1,0,0
4685,CMP0033,3521,2024-01-24,1,0,0
4686,CMP0033,2273,2024-01-24,0,0,0
4687,CMP0033,2183,2024-01-24,1,1,0
4688,CMP0033,391,2024-01-24,0,0,0
4689,CMP0033,782,2024-01-24,0,0,0
4690,CMP0033,2997,2024-01-24,1,0,0
4691,CMP0033,2235,2024-01-24,1,0,0
4692,CMP0033,1191,2024-01-24,0,0,0
4693,CMP0033,789,2024-01-24,1,0,0
4694,CMP0033,3924,2024-01-24,0,0,0
4695,CMP0033,1285,2024-01-24,0,0,0
4696,CMP0033,3418,2024-01-24,1,0,0
4697,CMP0033,3970,2024-01-24,1,0,0
4698,CMP0033,604,2024-01-24,0,0,0
4699,CMP0033,811,2024-01-24,0,0,0
4700,CMP0033,259,2024-01-24,1,0,0
4701,CMP0033,3317,2024-01-24,1,1,0
4702,CMP0033,2071,2024-01-24,0,0,0
4703,CMP0033,472,2024-01-24,1,0,0
4704,CMP0033,61,2024-01-24,0,0,0
4705,CMP0033,3575,2024-01-24,0,0,0
4706,CMP0033,1428,2024-01-24,0,0,0
4707,CMP0033,3679,2024-01-24,0,0,0
4708,CMP0033,1272,2024-01-24,1,0,0
4709,CMP0033,2780,2024-01-24,1,0,0
4710,CMP0033,2819,2024-01-24,0,0,0
4711,CMP0033,2053,2024-01-24,0,0,0
4712,CMP0033,3875,2024-01-24,0,0,0
4713,CMP0033,2030,2024-01-24,1,0,0
4714,CMP0033,2345,2024-01-24,0,0,0
4715,CMP0033,1768,2024-01-24,0,0,0
4716,CMP0033,640,2024-01-24,0,0,0
4717,CMP0033,646,2024-01-24,1,0,0
4718,CMP0033,328,2024-01-24,0,0,0
4719,CMP0033,143,2024-01-24,0,0,0
4720,CMP0033,3832,2024-01-24,1,0,0
4721,CMP0033,1769,2024-01-24,0,0,0
4722,CMP0033,2051,2024-01-24,1,0,0
4723,CMP0033,776,2024-01-24,1,0,0
4724,CMP0033,416,2024-01-24,1,0,0
4725,CMP0033,1409,2024-01-24,0,0,0
4726,CMP0033,3278,2024-01-24,0,0,0
4727,CMP0033,3746,2024-01-24,0,0,0
4728,CMP0033,1156,2024-01-24,0,0,0
4729,CMP0033,432,2024-01-24,0,0,0
4730,CMP0033,1585,2024-01-24,0,0,0
4731,CMP0033,2858,2024-01-24,1,0,0
4732,CMP0033,1665,2024-01-24,0,0,0
4733,CMP0033,1049,2024-01-24,0,0,0
4734,CMP0033,1022,2024-01-24,0,0,0
4735,CMP0033,616,2024-01-24,0,0,0
4736,CMP0033,3682,2024-01-24,1,0,0
4737,CMP0033,2291,2024-01-24,0,0,0
4738,CMP0033,419,2024-01-24,0,0,0
4739,CMP0033,3152,2024-01-24,0,0,0
4740,CMP0033,707,2024-01-24,1,0,0
4741,CMP0033,3022,2024-01-24,0,0,0
4742,CMP0033,2102,2024-01-24,0,0,0
4743,CMP0033,808,2024-01-24,0,0,0
4744,CMP0033,964,2024-01-24,1,0,0
4745,CMP0033,3499,2024-01-24,0,0,0
4746,CMP0033,3197,2024-01-24,0,0,0
4747,CMP0033,3897,2024-01-24,0,0,0
4748,CMP0033,2597,2024-01-24,0,0,0
4749,CMP0033,2801,2024-01-24,0,0,0
4750,CMP0033,3804,2024-01-24,0,0,0
4751,CMP0033,3806,2024-01-24,0,0,0
4752,CMP0033,3750,2024-01-24,0,0,0
4753,CMP0033,3301,2024-01-24,0,0,0
4754,CMP0033,1933,2024-01-24,1,0,0
4755,CMP0033,1310,2024-01-24,0,0,0
4756,CMP0033,1884,2024-01-24,0,0,0
4757,CMP0033,3880,2024-01-24,1,0,0
4758,CMP0033,3726,2024-01-24,0,0,0
4759,CMP0033,2257,2024-01-24,0,0,0
4760,CMP0033,1891,2024-01-24,0,0,0
4761,CMP0033,3050,2024-01-24,0,0,0
4762,CMP0033,248,2024-01-24,1,1,0
4763,CMP0033,1920,2024-01-24,1,0,0
4764,CMP0033,2310,2024-01-24,0,0,0
4765,CMP0033,2443,2024-01-24,1,0,0
4766,CMP0033,2431,2024-01-24,1,0,0
4767,CMP0033,425,2024-01-24,0,0,0
4768,CMP0033,3761,2024-01-24,0,0,0
4769,CMP0033,3136,2024-01-24,0,0,0
4770,CMP0033,2447,2024-01-24,0,0,0
4771,CMP0033,2262,2024-01-24,0,0,0
4772,CMP0033,1906,2024-01-24,1,0,0
4773,CMP0033,1166,2024-01-24,1,0,0
4774,CMP0033,628,2024-01-24,0,0,0
4775,CMP0033,3823,2024-01-24,0,0,0
4776,CMP0033,205,2024-01-24,0,0,0
4777,CMP0033,2946,2024-01-24,0,0,0
4778,CMP0033,2472,2024-01-24,1,0,0
4779,CMP0033,733,2024-01-24,0,0,0
4780,CMP0033,2792,2024-01-24,0,0,0
4781,CMP0033,3154,2024-01-24,0,0,0
4782,CMP0033,2603,2024-01-24,0,0,0
4783,CMP0033,1344,2024-01-24,1,1,0
4784,CMP0033,3402,2024-01-24,0,0,0
4785,CMP0033,650,2024-01-24,0,0,0
4786,CMP0033,2483,2024-01-24,0,0,0
4787,CMP0033,219,2024-01-24,0,0,0
4788,CMP0033,3887,2024-01-24,0,0,0
4789,CMP0033,623,2024-01-24,0,0,0
4790,CMP0033,3484,2024-01-24,0,0,0
4791,CMP0033,3982,2024-01-24,1,0,0
4792,CMP0033,3191,2024-01-24,1,1,0
4793,CMP0033,103,2024-01-24,0,0,0
4794,CMP0033,2268,2024-01-24,0,0,0
4795,CMP0033,445,2024-01-24,1,0,0
4796,CMP0033,3815,2024-01-24,1,0,0
4797,CMP0033,34,2024-01-24,0,0,0
4798,CMP0033,960,2024-01-24,0,0,0
4799,CMP0033,2173,2024-01-24,0,0,0
4800,CMP0033,2340,2024-01-24,0,0,0
4801,CMP0033,299,2024-01-24,0,0,0
4802,CMP0033,2034,2024-01-24,0,0,0
4803,CMP0033,2289,2024-01-24,0,0,0
4804,CMP0033,3728,2024-01-24,0,0,0
4805,CMP0033,1506,2024-01-24,0,0,0
4806,CMP0033,1280,2024-01-24,1,0,0
4807,CMP0033,1356,2024-01-24,1,0,0
4808,CMP0033,3570,2024-01-24,0,0,0
4809,CMP0033,1019,2024-01-24,0,0,0
4810,CMP0033,2930,2024-01-24,0,0,0
4811,CMP0033,2972,2024-01-24,0,0,0
4812,CMP0033,981,2024-01-24,0,0,0
4813,CMP0033,1169,2024-01-24,1,0,0
4814,CMP0033,2913,2024-01-24,0,0,0
4815,CMP0033,3889,2024-01-24,0,0,0
4816,CMP0033,1317,2024-01-24,1,0,0
4817,CMP0033,1001,2024-01-24,1,1,0
4818,CMP0033,1864,2024-01-24,0,0,0
4819,CMP0033,3080,2024-01-24,0,0,0
4820,CMP0033,804,2024-01-24,0,0,0
4821,CMP0033,3677,2024-01-24,1,0,0
4822,CMP0033,2903,2024-01-24,1,1,0
4823,CMP0033,1177,2024-01-24,0,0,0
4824,CMP0033,179,2024-01-24,0,0,0
4825,CMP0033,3786,2024-01-24,1,0,0
4826,CMP0033,973,2024-01-24,0,0,0
4827,CMP0033,2336,2024-01-24,0,0,0
4828,CMP0033,32,2024-01-24,0,0,0
4829,CMP0033,2968,2024-01-24,0,0,0
4830,CMP0033,2350,2024-01-24,0,0,0
4831,CMP0033,2902,2024-01-24,1,0,0
4832,CMP0033,1424,2024-01-24,1,0,0
4833,CMP0033,3594,2024-01-24,1,0,0
4834,CMP0033,3311,2024-01-24,0,0,0
4835,CMP0033,2875,2024-01-24,0,0,0
4836,CMP0033,2308,2024-01-24,1,0,0
4837,CMP0033,2039,2024-01-24,1,0,0
4838,CMP0033,532,2024-01-24,0,0,0
4839,CMP0033,1067,2024-01-24,1,1,0
4840,CMP0033,1038,2024-01-24,0,0,0
4841,CMP0033,566,2024-01-24,0,0,0
4842,CMP0033,1795,2024-01-24,0,0,0
4843,CMP0033,1171,2024-01-24,1,0,0
4844,CMP0033,1991,2024-01-24,0,0,0
4845,CMP0033,2635,2024-01-24,0,0,0
4846,CMP0033,2643,2024-01-24,0,0,0
4847,CMP0033,656,2024-01-24,0,0,0
4848,CMP0033,2171,2024-01-24,1,0,0
4849,CMP0033,3898,2024-01-24,1,1,0
4850,CMP0033,1942,2024-01-24,1,0,0
4851,CMP0033,1922,2024-01-24,0,0,0
4852,CMP0033,1170,2024-01-24,0,0,0
4853,CMP0033,1927,2024-01-24,0,0,0
4854,CMP0033,3055,2024-01-24,0,0,0
4855,CMP0033,3777,2024-01-24,0,0,0
4856,CMP0033,1452,2024-01-24,0,0,0
4857,CMP0033,2156,2024-01-24,1,0,0
4858,CMP0033,2462,2024-01-24,1,0,0
4859,CMP0033,341,2024-01-24,1,0,0
4860,CMP0033,2538,2024-01-24,0,0,0
4861,CMP0033,572,2024-01-24,0,0,0
4862,CMP0033,2236,2024-01-24,0,0,0
4863,CMP0033,418,2024-01-24,0,0,0
4864,CMP0033,2592,2024-01-24,0,0,0
4865,CMP0033,106,2024-01-24,0,0,0
4866,CMP0033,2757,2024-01-24,0,0,0
4867,CMP0033,802,2024-01-24,1,1,0
4868,CMP0033,1012,2024-01-24,1,0,0
4869,CMP0033,162,2024-01-24,0,0,0
4870,CMP0033,2439,2024-01-24,0,0,0
4871,CMP0033,116,2024-01-24,0,0,0
4872,CMP0033,2576,2024-01-24,0,0,0
4873,CMP0033,836,2024-01-24,0,0,0
4874,CMP0033,209,2024-01-24,1,0,0
4875,CMP0033,1456,2024-01-24,1,0,0
4876,CMP0033,926,2024-01-24,0,0,0
4877,CMP0033,2860,2024-01-24,1,0,0
4878,CMP0033,2379,2024-01-24,0,0,0
4879,CMP0033,2933,2024-01-24,0,0,0
4880,CMP0033,1591,2024-01-24,0,0,0
4881,CMP0033,692,2024-01-24,0,0,0
4882,CMP0033,1872,2024-01-24,0,0,0
4883,CMP0033,900,2024-01-24,0,0,0
4884,CMP0033,2234,2024-01-24,1,0,0
4885,CMP0033,1986,2024-01-24,0,0,0
4886,CMP0033,1034,2024-01-24,1,0,0
4887,CMP0033,2752,2024-01-24,0,0,0
4888,CMP0033,1329,2024-01-24,1,1,0
4889,CMP0033,190,2024-01-24,0,0,0
4890,CMP0033,3436,2024-01-24,1,0,0
4891,CMP0033,146,2024-01-24,0,0,0
4892,CMP0033,2475,2024-01-24,0,0,0
4893,CMP0033,653,2024-01-24,1,0,0
4894,CMP0033,2738,2024-01-24,0,0,0
4895,CMP0033,1112,2024-01-24,0,0,0
4896,CMP0033,550,2024-01-24,1,0,0
4897,CMP0033,2961,2024-01-24,1,0,0
4898,CMP0033,965,2024-01-24,1,0,0
4899,CMP0033,2382,2024-01-24,0,0,0
4900,CMP0033,2397,2024-01-24,0,0,0
4901,CMP0033,3149,2024-01-24,0,0,0
4902,CMP0033,3733,2024-01-24,0,0,0
4903,CMP0033,1633,2024-01-24,0,0,0
4904,CMP0033,4015,2024-01-24,0,0,0
4905,CMP0033,1288,2024-01-24,0,0,0
4906,CMP0033,3694,2024-01-24,0,0,0
4907,CMP0033,127,2024-01-24,0,0,0
4908,CMP0033,1114,2024-01-24,0,0,0
4909,CMP0033,1911,2024-01-24,0,0,0
4910,CMP0033,443,2024-01-24,0,0,0
4911,CMP0033,1143,2024-01-24,0,0,0
4912,CMP0033,375,2024-01-24,1,1,0
4913,CMP0033,3409,2024-01-24,1,0,0
4914,CMP0033,20,2024-01-24,0,0,0
4915,CMP0033,2348,2024-01-24,0,0,0
4916,CMP0033,3614,2024-01-24,0,0,0
4917,CMP0033,2881,2024-01-24,1,0,0
4918,CMP0033,3741,2024-01-24,0,0,0
4919,CMP0033,392,2024-01-24,1,0,0
4920,CMP0033,3501,2024-01-24,0,0,0
4921,CMP0033,1822,2024-01-24,1,1,0
4922,CMP0033,246,2024-01-24,0,0,0
4923,CMP0033,1816,2024-01-24,0,0,0
4924,CMP0033,1721,2024-01-24,1,0,0
4925,CMP0033,3110,2024-01-24,0,0,0
4926,CMP0033,736,2024-01-24,1,0,0
4927,CMP0033,1553,2024-01-24,1,0,0
4928,CMP0033,2135,2024-01-24,0,0,0
4929,CMP0033,2488,2024-01-24,0,0,0
4930,CMP0033,95,2024-01-24,1,0,0
4931,CMP0033,3754,2024-01-24,0,0,0
4932,CMP0033,165,2024-01-24,0,0,0
4933,CMP0033,2861,2024-01-24,0,0,0
4934,CMP0033,487,2024-01-24,1,0,0
4935,CMP0033,1914,2024-01-24,0,0,0
4936,CMP0033,308,2024-01-24,1,0,0
4937,CMP0033,3563,2024-01-24,0,0,0
4938,CMP0033,3668,2024-01-24,0,0,0
4939,CMP0033,242,2024-01-24,1,0,0
4940,CMP0033,2300,2024-01-24,1,1,0
4941,CMP0033,2785,2024-01-24,0,0,0
4942,CMP0033,825,2024-01-24,1,0,0
4943,CMP0033,1315,2024-01-24,0,0,0
4944,CMP0033,3267,2024-01-24,1,0,1
4945,CMP0033,1377,2024-01-24,1,0,0
4946,CMP0033,2265,2024-01-24,0,0,0
4947,CMP0033,2890,2024-01-24,0,0,0
4948,CMP0033,1360,2024-01-24,0,0,0
4949,CMP0033,2020,2024-01-24,0,0,0
4950,CMP0033,1639,2024-01-24,0,0,0
4951,CMP0033,3315,2024-01-24,0,0,0
4952,CMP0033,3798,2024-01-24,1,0,0
4953,CMP0033,2292,2024-01-24,0,0,0
4954,CMP0033,3641,2024-01-24,1,0,0
4955,CMP0033,167,2024-01-24,0,0,0
4956,CMP0033,3367,2024-01-24,0,0,0
4957,CMP0033,283,2024-01-24,0,0,0
4958,CMP0033,2044,2024-01-24,1,0,0
4959,CMP0033,2832,2024-01-24,0,0,0
4960,CMP0033,3087,2024-01-24,0,0,0
4961,CMP0033,318,2024-01-24,0,0,0
4962,CMP0033,2002,2024-01-24,0,0,0
4963,CMP0033,1224,2024-01-24,0,0,0
4964,CMP0033,1024,2024-01-24,0,0,0
4965,CMP0033,2548,2024-01-24,0,0,0
4966,CMP0033,676,2024-01-24,1,0,0
4967,CMP0033,99,2024-01-24,0,0,0
4968,CMP0033,1243,2024-01-24,0,0,0
4969,CMP0033,2841,2024-01-24,0,0,0
4970,CMP0033,408,2024-01-24,1,1,0
4971,CMP0033,2782,2024-01-24,1,0,0
4972,CMP0033,3135,2024-01-24,1,0,0
4973,CMP0033,382,2024-01-24,0,0,0
4974,CMP0033,421,2024-01-24,0,0,0
4975,CMP0033,1741,2024-01-24,0,0,0
4976,CMP0033,1905,2024-01-24,0,0,0
4977,CMP0033,1158,2024-01-24,0,0,0
4978,CMP0033,1304,2024-01-24,1,0,0
4979,CMP0033,161,2024-01-24,1,0,0
4980,CMP0033,3661,2024-01-24,0,0,0
4981,CMP0033,634,2024-01-24,0,0,0
4982,CMP0033,1431,2024-01-24,0,0,0
4983,CMP0033,1909,2024-01-24,1,0,0
4984,CMP0033,1725,2024-01-24,0,0,0
4985,CMP0033,2609,2024-01-24,1,1,0
4986,CMP0033,3879,2024-01-24,0,0,0
4987,CMP0033,3254,2024-01-24,1,0,0
4988,CMP0033,1999,2024-01-24,0,0,0
4989,CMP0033,3085,2024-01-24,0,0,0
4990,CMP0033,573,2024-01-24,1,0,0
4991,CMP0033,2629,2024-01-24,0,0,0
4992,CMP0033,3801,2024-01-24,0,0,0
4993,CMP0033,2830,2024-01-24,0,0,0
4994,CMP0033,3389,2024-01-24,0,0,0
4995,CMP0033,2519,2024-01-24,1,1,0
4996,CMP0033,3474,2024-01-24,0,0,0
4997,CMP0033,793,2024-01-24,0,0,0
4998,CMP0033,743,2024-01-24,0,0,0
4999,CMP0033,2196,2024-01-24,0,1,0
5000,CMP0033,3020,2024-01-24,1,0,0
5001,CMP0033,2180,2024-01-24,0,0,0
5002,CMP0033,2656,2024-01-24,0,0,0
5003,CMP0033,2570,2024-01-24,0,0,0
5004,CMP0033,2218,2024-01-24,0,0,0
5005,CMP0033,1627,2024-01-24,1,0,0
5006,CMP0033,1241,2024-01-24,0,0,0
5007,CMP0033,3306,2024-01-24,0,0,0
5008,CMP0033,2455,2024-01-24,1,0,0
5009,CMP0033,1825,2024-01-24,0,0,0
5010,CMP0033,607,2024-01-24,1,0,0
5011,CMP0033,240,2024-01-24,1,0,0
5012,CMP0033,3460,2024-01-24,0,0,0
5013,CMP0033,3184,2024-01-24,0,0,0
5014,CMP0033,1809,2024-01-24,0,0,0
5015,CMP0033,201,2024-01-24,0,0,0
5016,CMP0033,3437,2024-01-24,1,1,0
5017,CMP0033,1478,2024-01-24,1,0,0
5018,CMP0033,152,2024-01-24,1,0,0
5019,CMP0033,700,2024-01-24,1,0,0
5020,CMP0033,4013,2024-01-24,0,0,0
5021,CMP0033,3420,2024-01-24,0,0,0
5022,CMP0033,452,2024-01-24,0,0,0
5023,CMP0033,1564,2024-01-24,0,0,0
5024,CMP0033,90,2024-01-24,0,0,0
5025,CMP0033,3434,2024-01-24,0,0,0
5026,CMP0033,1364,2024-01-24,1,0,0
5027,CMP0033,3293,2024-01-24,1,0,0
5028,CMP0033,401,2024-01-24,0,0,0
5029,CMP0033,140,2024-01-24,0,0,0
5030,CMP0033,1828,2024-01-24,1,0,0
5031,CMP0033,3016,2024-01-24,1,0,0
5032,CMP0033,3429,2024-01-24,0,0,0
5033,CMP0033,576,2024-01-24,0,0,0
5034,CMP0033,1954,2024-01-24,0,0,0
5035,CMP0033,3174,2024-01-24,0,0,0
5036,CMP0033,2096,2024-01-24,1,0,0
5037,CMP0033,1474,2024-01-24,1,0,0
5038,CMP0033,3778,2024-01-24,0,0,0
5039,CMP0033,1176,2024-01-24,1,0,0
5040,CMP0033,945,2024-01-24,0,0,0
5041,CMP0033,360,2024-01-24,1,0,0
5042,CMP0033,3737,2024-01-24,0,0,0
5043,CMP0033,1988,2024-01-24,0,0,0
5044,CMP0033,2977,2024-01-24,1,0,0
5045,CMP0033,2194,2024-01-24,0,0,0
5046,CMP0033,3094,2024-01-24,0,0,0
5047,CMP0033,772,2024-01-24,0,0,0
5048,CMP0033,3709,2024-01-24,0,0,0
5049,CMP0033,431,2024-01-24,1,1,0
5050,CMP0033,1866,2024-01-24,0,0,0
5051,CMP0033,164,2024-01-24,0,0,0
5052,CMP0033,1060,2024-01-24,0,0,0
5053,CMP0033,3877,2024-01-24,0,0,0
5054,CMP0033,1902,2024-01-24,0,0,0
5055,CMP0033,2164,2024-01-24,0,0,0
5056,CMP0033,252,2024-01-24,1,0,0
5057,CMP0033,1240,2024-01-24,0,0,0
5058,CMP0033,3784,2024-01-24,0,0,0
5059,CMP0033,1225,2024-01-24,0,0,0
5060,CMP0033,586,2024-01-24,0,0,0
5061,CMP0033,3335,2024-01-24,0,0,0
5062,CMP0033,2269,2024-01-24,0,0,0
5063,CMP0033,3228,2024-01-24,0,0,0
5064,CMP0033,1581,2024-01-24,0,0,0
5065,CMP0033,2390,2024-01-24,0,0,0
5066,CMP0033,2127,2024-01-24,0,0,0
5067,CMP0033,485,2024-01-24,0,0,0
5068,CMP0033,2759,2024-01-24,0,0,0
5069,CMP0033,962,2024-01-24,1,0,0
5070,CMP0033,3585,2024-01-24,1,0,0
5071,CMP0033,210,2024-01-24,1,0,0
5072,CMP0033,3233,2024-01-24,0,0,0
5073,CMP0033,1234,2024-01-24,0,0,0
5074,CMP0033,3342,2024-01-24,0,0,0
5075,CMP0033,2070,2024-01-24,0,0,0
5076,CMP0033,3291,2024-01-24,1,0,0
5077,CMP0033,2662,2024-01-24,0,0,0
5078,CMP0033,890,2024-01-24,0,0,0
5079,CMP0033,1385,2024-01-24,1,0,0
5080,CMP0033,2131,2024-01-24,0,0,0
5081,CMP0033,1387,2024-01-24,0,0,0
5082,CMP0033,2470,2024-01-24,1,0,0
5083,CMP0033,2388,2024-01-24,0,0,0
5084,CMP0033,3960,2024-01-24,0,0,0
5085,CMP0033,2710,2024-01-24,0,0,0
5086,CMP0033,3273,2024-01-24,1,1,0
5087,CMP0033,1880,2024-01-24,1,0,0
5088,CMP0033,914,2024-01-24,1,1,0
5089,CMP0033,3037,2024-01-24,1,0,0
5090,CMP0033,436,2024-01-24,0,0,0
5091,CMP0033,2158,2024-01-24,1,0,0
5092,CMP0033,254,2024-01-24,0,0,0
5093,CMP0033,2878,2024-01-24,0,0,0
5094,CMP0033,2769,2024-01-24,0,0,0
5095,CMP0033,2429,2024-01-24,0,0,0
5096,CMP0033,1603,2024-01-24,0,0,0
5097,CMP0033,1568,2024-01-24,0,0,0
5098,CMP0033,2238,2024-01-24,0,0,0
5099,CMP0033,559,2024-01-24,0,0,0
5100,CMP0033,110,2024-01-24,1,1,0
5101,CMP0033,2740,2024-01-24,0,0,0
5102,CMP0033,1436,2024-01-24,0,0,0
5103,CMP0033,3899,2024-01-24,0,0,0
5104,CMP0033,3339,2024-01-24,0,0,0
5105,CMP0033,1948,2024-01-24,1,0,0
5106,CMP0033,3827,2024-01-24,0,0,0
5107,CMP0033,1609,2024-01-24,1,0,0
5108,CMP0033,3133,2024-01-24,0,0,0
5109,CMP0033,3876,2024-01-24,0,0,0
5110,CMP0033,3884,2024-01-24,1,0,0
5111,CMP0033,2571,2024-01-24,1,0,0
5112,CMP0033,111,2024-01-24,0,0,0
5113,CMP0033,1293,2024-01-24,1,0,0
5114,CMP0033,2617,2024-01-24,0,0,0
5115,CMP0033,1416,2024-01-24,0,0,0
5116,CMP0033,788,2024-01-24,0,0,0
5117,CMP0033,3038,2024-01-24,1,0,0
5118,CMP0033,492,2024-01-24,0,0,0
5119,CMP0033,1192,2024-01-24,0,0,0
5120,CMP0033,3618,2024-01-24,0,0,0
5121,CMP0033,1635,2024-01-24,1,0,0
5122,CMP0033,2642,2024-01-24,0,0,0
5123,CMP0033,3331,2024-01-24,1,1,0
5124,CMP0033,937,2024-01-24,0,0,0
5125,CMP0033,1437,2024-01-24,0,0,0
5126,CMP0033,1414,2024-01-24,1,0,0
5127,CMP0033,3540,2024-01-24,1,0,0
5128,CMP0033,1480,2024-01-24,1,1,0
5129,CMP0033,50,2024-01-24,1,1,0
5130,CMP0033,849,2024-01-24,0,0,0
5131,CMP0033,2007,2024-01-24,1,1,0
5132,CMP0033,3643,2024-01-24,0,0,0
5133,CMP0033,3683,2024-01-24,0,0,0
5134,CMP0033,3547,2024-01-24,1,0,0
5135,CMP0033,297,2024-01-24,1,0,0
5136,CMP0033,763,2024-01-24,0,0,0
5137,CMP0033,1620,2024-01-24,0,0,0
5138,CMP0033,865,2024-01-24,0,0,0
5139,CMP0033,2596,2024-01-24,0,0,0
5140,CMP0033,1057,2024-01-24,0,0,0
5141,CMP0033,2876,2024-01-24,0,0,0
5142,CMP0033,920,2024-01-24,0,0,0
5143,CMP0033,2244,2024-01-24,0,0,0
5144,CMP0033,2636,2024-01-24,1,0,0
5145,CMP0033,3327,2024-01-24,0,0,0
5146,CMP0033,2398,2024-01-24,0,0,0
5147,CMP0033,2279,2024-01-24,0,0,0
5148,CMP0033,2922,2024-01-24,0,0,0
5149,CMP0033,1851,2024-01-24,0,0,0
5150,CMP0033,641,2024-01-24,0,0,0
5151,CMP0033,1266,2024-01-24,0,0,0
5152,CMP0033,1753,2024-01-24,0,0,0
5153,CMP0033,428,2024-01-24,0,0,0
5154,CMP0033,1606,2024-01-24,1,0,0
5155,CMP0033,2334,2024-01-24,0,0,0
5156,CMP0033,1092,2024-01-24,0,0,0
5157,CMP0033,2054,2024-01-24,0,0,0
5158,CMP0118,248,2023-09-07,0,0,0
5159,CMP0118,1201,2023-09-07,0,0,0
5160,CMP0118,599,2023-09-07,0,0,0
5161,CMP0118,2974,2023-09-07,1,1,0
5162,CMP0118,1370,2023-09-07,1,0,0
5163,CMP0118,3449,2023-09-07,1,0,0
5164,CMP0118,1985,2023-09-07,0,0,0
5165,CMP0118,2646,2023-09-07,0,0,0
5166,CMP0118,1001,2023-09-07,1,0,0
5167,CMP0118,3361,2023-09-07,1,0,0
5168,CMP0118,2020,2023-09-07,0,0,0
5169,CMP0118,3879,2023-09-07,0,0,0
5170,CMP0118,2270,2023-09-07,0,0,0
5171,CMP0118,2095,2023-09-07,0,0,0
5172,CMP0118,1231,2023-09-07,0,0,0
5173,CMP0118,513,2023-09-07,0,0,0
5174,CMP0118,3955,2023-09-07,0,0,0
5175,CMP0118,520,2023-09-07,1,0,0
5176,CMP0118,2756,2023-09-07,0,0,0
5177,CMP0118,510,2023-09-07,0,0,0
5178,CMP0118,782,2023-09-07,1,0,0
5179,CMP0118,1364,2023-09-07,1,0,0
5180,CMP0118,3777,2023-09-07,0,0,0
5181,CMP0118,1439,2023-09-07,1,0,0
5182,CMP0118,1014,2023-09-07,1,1,0
5183,CMP0118,2546,2023-09-07,0,0,0
5184,CMP0118,3406,2023-09-07,1,0,0
5185,CMP0118,2447,2023-09-07,1,0,0
5186,CMP0118,2280,2023-09-07,0,0,0
5187,CMP0118,578,2023-09-07,1,0,0
5188,CMP0118,2039,2023-09-07,1,0,0
5189,CMP0118,3574,2023-09-07,0,0,0
5190,CMP0118,1265,2023-09-07,1,0,0
5191,CMP0118,3882,2023-09-07,1,0,0
5192,CMP0118,2385,2023-09-07,1,1,0
5193,CMP0118,1558,2023-09-07,1,0,0
5194,CMP0118,1233,2023-09-07,1,0,0
5195,CMP0118,1259,2023-09-07,0,0,0
5196,CMP0118,741,2023-09-07,1,0,0
5197,CMP0118,1708,2023-09-07,1,0,0
5198,CMP0118,3947,2023-09-07,1,0,0
5199,CMP0118,416,2023-09-07,0,0,0
5200,CMP0118,3711,2023-09-07,0,0,0
5201,CMP0118,1908,2023-09-07,0,0,0
5202,CMP0118,1852,2023-09-07,1,0,0
5203,CMP0118,2924,2023-09-07,0,0,0
5204,CMP0118,1264,2023-09-07,0,0,0
5205,CMP0118,2406,2023-09-07,0,0,0
5206,CMP0118,1340,2023-09-07,1,0,0
5207,CMP0118,1511,2023-09-07,1,0,0
5208,CMP0118,1362,2023-09-07,1,0,0
5209,CMP0118,105,2023-09-07,1,0,0
5210,CMP0118,3369,2023-09-07,0,0,0
5211,CMP0118,3238,2023-09-07,0,0,0
5212,CMP0118,884,2023-09-07,0,0,0
5213,CMP0118,3557,2023-09-07,0,0,0
5214,CMP0118,2042,2023-09-07,0,0,0
5215,CMP0118,647,2023-09-07,1,1,0
5216,CMP0118,3981,2023-09-07,0,0,0
5217,CMP0118,1284,2023-09-07,0,0,0
5218,CMP0118,698,2023-09-07,0,0,0
5219,CMP0118,369,2023-09-07,1,0,0
5220,CMP0118,1585,2023-09-07,0,0,0
5221,CMP0118,2210,2023-09-07,0,0,0
5222,CMP0118,1177,2023-09-07,1,0,0
5223,CMP0118,772,2023-09-07,1,0,0
5224,CMP0118,2582,2023-09-07,0,0,0
5225,CMP0118,3771,2023-09-07,0,0,0
5226,CMP0118,2867,2023-09-07,0,0,0
5227,CMP0118,284,2023-09-07,0,0,0
5228,CMP0118,1016,2023-09-07,0,0,0
5229,CMP0118,1386,2023-09-07,1,0,0
5230,CMP0118,445,2023-09-07,1,0,0
5231,CMP0118,472,2023-09-07,0,0,0
5232,CMP0118,946,2023-09-07,0,0,0
5233,CMP0118,1433,2023-09-07,0,0,0
5234,CMP0118,1059,2023-09-07,0,0,0
5235,CMP0118,2896,2023-09-07,0,0,0
5236,CMP0118,978,2023-09-07,0,0,0
5237,CMP0118,344,2023-09-07,1,1,0
5238,CMP0118,1940,2023-09-07,0,0,0
5239,CMP0118,14,2023-09-07,0,0,0
5240,CMP0118,3773,2023-09-07,0,0,0
5241,CMP0118,2968,2023-09-07,0,0,0
5242,CMP0118,2151,2023-09-07,0,0,0
5243,CMP0118,216,2023-09-07,0,0,0
5244,CMP0118,3973,2023-09-07,1,0,0
5245,CMP0118,1057,2023-09-07,0,0,0
5246,CMP0118,3062,2023-09-07,0,0,1
5247,CMP0118,411,2023-09-07,1,0,0
5248,CMP0118,300,2023-09-07,0,0,0
5249,CMP0118,2428,2023-09-07,0,0,0
5250,CMP0118,2879,2023-09-07,1,0,0
5251,CMP0118,947,2023-09-07,0,0,0
5252,CMP0118,1262,2023-09-07,1,0,0
5253,CMP0118,3786,2023-09-07,0,0,0
5254,CMP0118,27,2023-09-07,0,0,0
5255,CMP0118,485,2023-09-07,1,0,0
5256,CMP0118,1901,2023-09-07,0,0,0
5257,CMP0118,3801,2023-09-07,1,1,0
5258,CMP0118,2803,2023-09-07,0,0,0
5259,CMP0118,1310,2023-09-07,0,0,0
5260,CMP0118,3306,2023-09-07,1,0,0
5261,CMP0118,1488,2023-09-07,0,0,0
5262,CMP0118,3677,2023-09-07,0,0,0
5263,CMP0118,190,2023-09-07,1,0,0
5264,CMP0118,3297,2023-09-07,1,0,0
5265,CMP0118,3733,2023-09-07,0,0,0
5266,CMP0118,1379,2023-09-07,0,0,0
5267,CMP0118,2022,2023-09-07,0,0,0
5268,CMP0118,3022,2023-09-07,0,0,0
5269,CMP0118,1695,2023-09-07,0,0,0
5270,CMP0118,943,2023-09-07,0,0,0
5271,CMP0118,2341,2023-09-07,0,0,0
5272,CMP0118,2264,2023-09-07,0,0,0
5273,CMP0118,2618,2023-09-07,0,0,0
5274,CMP0118,1971,2023-09-07,0,0,0
5275,CMP0118,3647,2023-09-07,0,0,0
5276,CMP0118,246,2023-09-07,0,0,0
5277,CMP0118,684,2023-09-07,1,0,0
5278,CMP0118,3256,2023-09-07,1,0,0
5279,CMP0118,102,2023-09-07,0,0,0
5280,CMP0118,295,2023-09-07,0,0,0
5281,CMP0118,3428,2023-09-07,0,0,0
5282,CMP0118,1925,2023-09-07,0,0,0
5283,CMP0118,2566,2023-09-07,0,0,0
5284,CMP0118,2338,2023-09-07,0,0,0
5285,CMP0118,1759,2023-09-07,1,0,0
5286,CMP0118,2320,2023-09-07,0,0,0
5287,CMP0118,625,2023-09-07,0,0,0
5288,CMP0118,3157,2023-09-07,1,0,0
5289,CMP0118,808,2023-09-07,0,0,0
5290,CMP0118,1561,2023-09-07,0,0,0
5291,CMP0118,913,2023-09-07,1,0,0
5292,CMP0118,945,2023-09-07,1,0,0
5293,CMP0118,874,2023-09-07,0,0,0
5294,CMP0118,428,2023-09-07,1,0,0
5295,CMP0118,3335,2023-09-07,1,0,0
5296,CMP0118,2052,2023-09-07,0,0,0
5297,CMP0118,3228,2023-09-07,0,0,0
5298,CMP0118,2969,2023-09-07,0,0,0
5299,CMP0118,3489,2023-09-07,0,0,0
5300,CMP0118,2755,2023-09-07,0,0,0
5301,CMP0118,1710,2023-09-07,0,0,0
5302,CMP0118,3961,2023-09-07,0,0,0
5303,CMP0118,3610,2023-09-07,0,0,0
5304,CMP0118,2928,2023-09-07,1,0,0
5305,CMP0118,2301,2023-09-07,0,0,0
5306,CMP0118,2590,2023-09-07,0,0,0
5307,CMP0118,3445,2023-09-07,0,0,0
5308,CMP0118,3110,2023-09-07,1,0,0
5309,CMP0118,604,2023-09-07,1,0,0
5310,CMP0118,974,2023-09-07,0,0,0
5311,CMP0118,973,2023-09-07,0,0,0
5312,CMP0118,3573,2023-09-07,0,0,0
5313,CMP0118,3093,2023-09-07,0,0,0
5314,CMP0118,3234,2023-09-07,0,0,0
5315,CMP0118,1779,2023-09-07,0,0,0
5316,CMP0118,1721,2023-09-07,0,0,0
5317,CMP0118,1248,2023-09-07,0,0,0
5318,CMP0118,3729,2023-09-07,0,0,0
5319,CMP0118,1477,2023-09-07,1,0,0
5320,CMP0118,3066,2023-09-07,0,0,0
5321,CMP0118,849,2023-09-07,1,0,0
5322,CMP0118,3871,2023-09-07,1,0,0
5323,CMP0118,2368,2023-09-07,0,0,0
5324,CMP0118,998,2023-09-07,0,0,0
5325,CMP0118,1473,2023-09-07,1,0,0
5326,CMP0118,3476,2023-09-07,1,0,0
5327,CMP0118,3912,2023-09-07,0,0,0
5328,CMP0118,2541,2023-09-07,1,0,0
5329,CMP0118,3007,2023-09-07,0,0,0
5330,CMP0118,1696,2023-09-07,0,0,0
5331,CMP0118,1748,2023-09-07,0,0,0
5332,CMP0118,40,2023-09-07,1,0,0
5333,CMP0118,301,2023-09-07,0,0,0
5334,CMP0118,3577,2023-09-07,0,0,0
5335,CMP0118,2850,2023-09-07,0,0,0
5336,CMP0118,964,2023-09-07,0,0,0
5337,CMP0118,2362,2023-09-07,0,0,0
5338,CMP0118,3758,2023-09-07,0,0,0
5339,CMP0118,550,2023-09-07,1,1,0
5340,CMP0118,2694,2023-09-07,0,0,0
5341,CMP0118,307,2023-09-07,0,0,0
5342,CMP0118,2393,2023-09-07,0,0,0
5343,CMP0118,3405,2023-09-07,1,0,0
5344,CMP0118,3685,2023-09-07,0,0,0
5345,CMP0118,805,2023-09-07,1,1,0
5346,CMP0118,2278,2023-09-07,0,0,0
5347,CMP0118,3407,2023-09-07,0,0,0
5348,CMP0118,288,2023-09-07,0,0,0
5349,CMP0118,2339,2023-09-07,0,0,0
5350,CMP0118,6,2023-09-07,0,0,0
5351,CMP0118,3650,2023-09-07,0,0,0
5352,CMP0118,1606,2023-09-07,0,0,0
5353,CMP0118,137,2023-09-07,1,0,0
5354,CMP0118,1904,2023-09-07,0,0,0
5355,CMP0118,2607,2023-09-07,0,0,0
5356,CMP0118,2003,2023-09-07,0,0,0
5357,CMP0118,3730,2023-09-07,1,0,0
5358,CMP0118,3389,2023-09-07,1,0,0
5359,CMP0118,1999,2023-09-07,0,1,0
5360,CMP0118,2883,2023-09-07,0,0,0
5361,CMP0118,125,2023-09-07,0,0,0
5362,CMP0118,20,2023-09-07,0,0,0
5363,CMP0118,1521,2023-09-07,0,0,0
5364,CMP0118,3177,2023-09-07,1,0,0
5365,CMP0118,123,2023-09-07,1,0,0
5366,CMP0118,2509,2023-09-07,0,0,0
5367,CMP0118,2741,2023-09-07,0,0,0
5368,CMP0118,3581,2023-09-07,0,0,0
5369,CMP0118,466,2023-09-07,0,0,0
5370,CMP0118,2788,2023-09-07,1,0,0
5371,CMP0118,2508,2023-09-07,1,0,0
5372,CMP0118,133,2023-09-07,0,0,0
5373,CMP0118,776,2023-09-07,0,0,0
5374,CMP0118,1315,2023-09-07,0,0,0
5375,CMP0118,828,2023-09-07,0,0,0
5376,CMP0118,3185,2023-09-07,0,0,0
5377,CMP0118,1329,2023-09-07,0,0,0
5378,CMP0118,63,2023-09-07,1,0,0
5379,CMP0118,2456,2023-09-07,0,0,0
5380,CMP0118,1235,2023-09-07,0,0,0
5381,CMP0118,1301,2023-09-07,0,0,0
5382,CMP0118,3683,2023-09-07,1,0,0
5383,CMP0118,3588,2023-09-07,0,0,0
5384,CMP0118,3496,2023-09-07,1,0,0
5385,CMP0118,1770,2023-09-07,1,0,0
5386,CMP0118,3970,2023-09-07,0,0,0
5387,CMP0118,1183,2023-09-07,0,0,0
5388,CMP0118,1613,2023-09-07,1,1,0
5389,CMP0118,1907,2023-09-07,0,0,0
5390,CMP0118,2363,2023-09-07,1,0,0
5391,CMP0118,1136,2023-09-07,0,0,0
5392,CMP0118,2219,2023-09-07,0,0,0
5393,CMP0118,293,2023-09-07,1,0,0
5394,CMP0118,1609,2023-09-07,0,0,0
5395,CMP0118,3273,2023-09-07,1,0,0
5396,CMP0118,2489,2023-09-07,0,0,0
5397,CMP0118,1482,2023-09-07,0,0,0
5398,CMP0118,3367,2023-09-07,0,0,0
5399,CMP0118,2562,2023-09-07,0,0,0
5400,CMP0118,1327,2023-09-07,0,0,0
5401,CMP0118,2710,2023-09-07,0,0,0
5402,CMP0118,1182,2023-09-07,0,0,0
5403,CMP0118,1601,2023-09-07,0,0,0
5404,CMP0118,291,2023-09-07,1,1,0
5405,CMP0118,383,2023-09-07,1,0,0
5406,CMP0118,2860,2023-09-07,0,0,0
5407,CMP0118,2454,2023-09-07,0,0,0
5408,CMP0118,3672,2023-09-07,1,0,0
5409,CMP0118,408,2023-09-07,0,0,0
5410,CMP0118,954,2023-09-07,0,0,0
5411,CMP0118,3214,2023-09-07,0,0,0
5412,CMP0118,1939,2023-09-07,0,0,0
5413,CMP0118,3565,2023-09-07,0,0,0
5414,CMP0118,414,2023-09-07,0,0,0
5415,CMP0118,499,2023-09-07,0,0,0
5416,CMP0118,3107,2023-09-07,0,0,0
5417,CMP0118,2244,2023-09-07,0,0,0
5418,CMP0118,2334,2023-09-07,1,0,0
5419,CMP0118,1118,2023-09-07,0,0,0
5420,CMP0118,1624,2023-09-07,0,0,0
5421,CMP0118,654,2023-09-07,0,0,0
5422,CMP0118,2300,2023-09-07,1,0,0
5423,CMP0118,2083,2023-09-07,1,0,0
5424,CMP0118,115,2023-09-07,0,0,0
5425,CMP0118,2497,2023-09-07,0,0,0
5426,CMP0118,3798,2023-09-07,0,0,0
5427,CMP0118,827,2023-09-07,0,0,0
5428,CMP0118,2963,2023-09-07,1,0,0
5429,CMP0118,2168,2023-09-07,0,0,0
5430,CMP0118,3427,2023-09-07,1,0,0
5431,CMP0118,1250,2023-09-07,1,0,0
5432,CMP0118,3207,2023-09-07,1,0,0
5433,CMP0118,2571,2023-09-07,1,0,0
5434,CMP0118,1753,2023-09-07,0,0,0
5435,CMP0118,671,2023-09-07,0,0,0
5436,CMP0118,1061,2023-09-07,1,0,0
5437,CMP0118,2982,2023-09-07,1,0,0
5438,CMP0118,3834,2023-09-07,0,0,0
5439,CMP0118,1702,2023-09-07,0,0,0
5440,CMP0118,645,2023-09-07,0,0,0
5441,CMP0118,1732,2023-09-07,0,0,0
5442,CMP0118,3399,2023-09-07,1,0,0
5443,CMP0118,1166,2023-09-07,0,0,0
5444,CMP0118,3754,2023-09-07,1,0,0
5445,CMP0118,3728,2023-09-07,0,0,0
5446,CMP0118,1924,2023-09-07,1,0,0
5447,CMP0118,3270,2023-09-07,0,0,0
5448,CMP0118,158,2023-09-07,0,0,0
5449,CMP0118,3845,2023-09-07,0,0,0
5450,CMP0118,865,2023-09-07,0,0,0
5451,CMP0118,1344,2023-09-07,1,0,0
5452,CMP0118,3804,2023-09-07,0,0,0
5453,CMP0118,2628,2023-09-07,0,0,0
5454,CMP0118,1873,2023-09-07,1,0,0
5455,CMP0118,775,2023-09-07,1,0,0
5456,CMP0118,2602,2023-09-07,0,0,0
5457,CMP0118,3682,2023-09-07,0,0,0
5458,CMP0118,881,2023-09-07,0,0,0
5459,CMP0118,2550,2023-09-07,0,0,0
5460,CMP0118,2176,2023-09-07,0,0,0
5461,CMP0118,308,2023-09-07,0,0,0
5462,CMP0118,1725,2023-09-07,0,0,0
5463,CMP0118,616,2023-09-07,1,1,0
5464,CMP0118,3877,2023-09-07,0,0,0
5465,CMP0118,2561,2023-09-07,0,0,0
5466,CMP0118,2266,2023-09-07,0,0,0
5467,CMP0118,11,2023-09-07,1,0,0
5468,CMP0118,3127,2023-09-07,0,0,0
5469,CMP0118,3168,2023-09-07,0,0,0
5470,CMP0118,3859,2023-09-07,1,0,0
5471,CMP0118,1060,2023-09-07,0,0,0
5472,CMP0118,1664,2023-09-07,0,0,0
5473,CMP0118,430,2023-09-07,0,0,0
5474,CMP0118,1988,2023-09-07,1,1,0
5475,CMP0118,314,2023-09-07,0,0,0
5476,CMP0118,1258,2023-09-07,0,0,0
5477,CMP0118,1459,2023-09-07,0,0,0
5478,CMP0118,1114,2023-09-07,0,0,0
5479,CMP0118,3867,2023-09-07,0,0,0
5480,CMP0118,2652,2023-09-07,0,0,0
5481,CMP0118,3959,2023-09-07,0,0,0
5482,CMP0118,1949,2023-09-07,1,0,0
5483,CMP0118,2933,2023-09-07,1,0,0
5484,CMP0118,4008,2023-09-07,1,0,0
5485,CMP0118,1565,2023-09-07,0,0,0
5486,CMP0118,1349,2023-09-07,0,0,0
5487,CMP0118,730,2023-09-07,0,0,0
5488,CMP0118,1288,2023-09-07,1,0,0
5489,CMP0118,1149,2023-09-07,1,0,0
5490,CMP0118,3350,2023-09-07,1,0,0
5491,CMP0118,882,2023-09-07,0,0,0
5492,CMP0118,949,2023-09-07,0,0,0
5493,CMP0118,1538,2023-09-07,0,0,0
5494,CMP0118,3460,2023-09-07,0,0,0
5495,CMP0118,381,2023-09-07,1,0,0
5496,CMP0118,505,2023-09-07,0,0,0
5497,CMP0118,2179,2023-09-07,0,0,0
5498,CMP0118,1476,2023-09-07,0,0,0
5499,CMP0118,2122,2023-09-07,0,0,0
5500,CMP0118,193,2023-09-07,1,0,0
5501,CMP0118,2624,2023-09-07,0,0,0
5502,CMP0118,3586,2023-09-07,0,0,0
5503,CMP0118,3355,2023-09-07,0,0,0
5504,CMP0118,1598,2023-09-07,0,0,0
5505,CMP0118,1897,2023-09-07,0,0,0
5506,CMP0118,1299,2023-09-07,0,0,0
5507,CMP0118,814,2023-09-07,1,0,0
5508,CMP0118,2164,2023-09-07,0,0,0
5509,CMP0118,2057,2023-09-07,0,0,0
5510,CMP0118,1303,2023-09-07,1,0,0
5511,CMP0118,126,2023-09-07,0,0,0
5512,CMP0118,1176,2023-09-07,0,0,0
5513,CMP0118,722,2023-09-07,1,1,0
5514,CMP0118,3880,2023-09-07,0,0,0
5515,CMP0118,2714,2023-09-07,0,0,0
5516,CMP0118,3567,2023-09-07,0,0,0
5517,CMP0118,3493,2023-09-07,1,0,0
5518,CMP0118,1067,2023-09-07,0,0,0
5519,CMP0118,164,2023-09-07,0,0,0
5520,CMP0118,1037,2023-09-07,0,0,0
5521,CMP0118,2232,2023-09-07,0,0,0
5522,CMP0118,2358,2023-09-07,1,0,0
5523,CMP0118,570,2023-09-07,0,0,0
5524,CMP0118,3339,2023-09-07,0,0,0
5525,CMP0118,3512,2023-09-07,0,0,0
5526,CMP0118,3089,2023-09-07,0,0,0
5527,CMP0118,3425,2023-09-07,1,0,0
5528,CMP0118,2162,2023-09-07,0,0,0
5529,CMP0118,1591,2023-09-07,0,0,0
5530,CMP0118,2221,2023-09-07,0,0,0
5531,CMP0118,1828,2023-09-07,0,0,0
5532,CMP0118,1579,2023-09-07,1,0,0
5533,CMP0118,2839,2023-09-07,0,0,0
5534,CMP0118,180,2023-09-07,0,0,0
5535,CMP0118,1834,2023-09-07,0,0,0
5536,CMP0118,2836,2023-09-07,0,0,0
5537,CMP0118,2439,2023-09-07,1,0,0
5538,CMP0118,2146,2023-09-07,0,0,0
5539,CMP0118,2144,2023-09-07,0,0,0
5540,CMP0118,1623,2023-09-07,0,0,0
5541,CMP0118,1663,2023-09-07,0,0,0
5542,CMP0118,477,2023-09-07,0,0,0
5543,CMP0118,3020,2023-09-07,0,0,0
5544,CMP0118,279,2023-09-07,0,0,0
5545,CMP0118,1905,2023-09-07,0,0,0
5546,CMP0118,304,2023-09-07,0,0,0
5547,CMP0118,3518,2023-09-07,0,0,0
5548,CMP0118,2397,2023-09-07,0,0,0
5549,CMP0118,607,2023-09-07,0,0,0
5550,CMP0118,2929,2023-09-07,1,1,0
5551,CMP0118,2697,2023-09-07,1,0,0
5552,CMP0118,2060,2023-09-07,0,0,0
5553,CMP0118,90,2023-09-07,1,0,0
5554,CMP0118,3561,2023-09-07,0,0,0
5555,CMP0118,3648,2023-09-07,1,0,0
5556,CMP0118,3794,2023-09-07,1,0,0
5557,CMP0118,1091,2023-09-07,0,0,0
5558,CMP0118,1698,2023-09-07,0,0,0
5559,CMP0118,3967,2023-09-07,0,0,0
5560,CMP0118,1920,2023-09-07,0,0,0
5561,CMP0118,1768,2023-09-07,0,0,0
5562,CMP0118,3415,2023-09-07,0,0,0
5563,CMP0118,1109,2023-09-07,0,0,0
5564,CMP0118,1283,2023-09-07,1,0,0
5565,CMP0118,360,2023-09-07,1,0,0
5566,CMP0118,652,2023-09-07,0,0,0
5567,CMP0118,1294,2023-09-07,1,0,0
5568,CMP0118,2235,2023-09-07,0,0,0
5569,CMP0118,1140,2023-09-07,0,0,0
5570,CMP0118,3766,2023-09-07,1,0,0
5571,CMP0118,1129,2023-09-07,1,0,0
5572,CMP0118,1502,2023-09-07,0,0,0
5573,CMP0118,167,2023-09-07,1,0,0
5574,CMP0118,2148,2023-09-07,0,0,0
5575,CMP0118,2801,2023-09-07,0,0,0
5576,CMP0118,135,2023-09-07,0,0,0
5577,CMP0118,3827,2023-09-07,0,0,0
5578,CMP0118,2351,2023-09-07,0,0,0
5579,CMP0118,629,2023-09-07,0,0,0
5580,CMP0118,101,2023-09-07,0,0,0
5581,CMP0118,2658,2023-09-07,1,1,0
5582,CMP0118,2313,2023-09-07,1,0,0
5583,CMP0118,2712,2023-09-07,0,0,0
5584,CMP0118,1392,2023-09-07,0,0,0
5585,CMP0118,3784,2023-09-07,0,0,0
5586,CMP0118,2034,2023-09-07,1,0,0
5587,CMP0118,2010,2023-09-07,1,0,0
5588,CMP0118,1816,2023-09-07,0,0,0
5589,CMP0118,2765,2023-09-07,0,0,0
5590,CMP0118,1627,2023-09-07,0,0,0
5591,CMP0118,3136,2023-09-07,0,0,0
5592,CMP0118,35,2023-09-07,1,0,0
5593,CMP0118,1840,2023-09-07,1,0,0
5594,CMP0118,1478,2023-09-07,1,0,0
5595,CMP0118,3141,2023-09-07,0,0,0
5596,CMP0118,2398,2023-09-07,0,0,0
5597,CMP0118,2609,2023-09-07,1,1,0
5598,CMP0118,3941,2023-09-07,0,0,0
5599,CMP0118,3008,2023-09-07,0,0,0
5600,CMP0118,2075,2023-09-07,0,0,0
5601,CMP0118,527,2023-09-07,0,0,0
5602,CMP0118,3643,2023-09-07,1,0,0
5603,CMP0118,2802,2023-09-07,1,0,0
5604,CMP0118,3920,2023-09-07,1,0,0
5605,CMP0118,3257,2023-09-07,1,0,0
5606,CMP0118,3487,2023-09-07,0,0,0
5607,CMP0118,1936,2023-09-07,0,0,0
5608,CMP0118,34,2023-09-07,0,0,0
5609,CMP0118,1387,2023-09-07,0,0,0
5610,CMP0118,3665,2023-09-07,0,0,0
5611,CMP0118,3050,2023-09-07,0,0,0
5612,CMP0118,2548,2023-09-07,0,0,0
5613,CMP0118,278,2023-09-07,1,0,0
5614,CMP0118,2560,2023-09-07,1,1,0
5615,CMP0118,1866,2023-09-07,1,0,0
5616,CMP0118,2736,2023-09-07,0,0,0
5617,CMP0118,1434,2023-09-07,1,1,0
5618,CMP0118,1514,2023-09-07,0,0,0
5619,CMP0118,2249,2023-09-07,0,0,0
5620,CMP0118,3189,2023-09-07,0,0,0
5621,CMP0118,3061,2023-09-07,1,1,0
5622,CMP0118,1787,2023-09-07,0,0,0
5623,CMP0118,2809,2023-09-07,1,1,0
5624,CMP0118,3291,2023-09-07,1,0,0
5625,CMP0118,2001,2023-09-07,0,0,0
5626,CMP0118,2,2023-09-07,1,0,0
5627,CMP0118,2654,2023-09-07,0,0,0
5628,CMP0118,2272,2023-09-07,0,0,0
5629,CMP0118,3275,2023-09-07,1,0,0
5630,CMP0118,3160,2023-09-07,0,0,0
5631,CMP0118,3576,2023-09-07,1,1,0
5632,CMP0118,1616,2023-09-07,0,0,0
5633,CMP0118,2595,2023-09-07,0,0,0
5634,CMP0118,453,2023-09-07,1,1,0
5635,CMP0118,3232,2023-09-07,0,0,0
5636,CMP0118,3085,2023-09-07,0,0,0
5637,CMP0118,3582,2023-09-07,1,1,0
5638,CMP0118,1132,2023-09-07,0,0,0
5639,CMP0118,1757,2023-09-07,0,0,0
5640,CMP0118,2917,2023-09-07,0,0,0
5641,CMP0118,926,2023-09-07,0,0,0
5642,CMP0118,3737,2023-09-07,1,1,0
5643,CMP0118,286,2023-09-07,0,0,0
5644,CMP0118,3024,2023-09-07,0,0,0
5645,CMP0118,3315,2023-09-07,1,0,0
5646,CMP0118,3875,2023-09-07,0,0,0
5647,CMP0118,1212,2023-09-07,1,0,0
5648,CMP0118,2289,2023-09-07,0,0,0
5649,CMP0118,1791,2023-09-07,0,0,0
5650,CMP0118,353,2023-09-07,0,0,0
5651,CMP0118,3717,2023-09-07,0,0,0
5652,CMP0118,2308,2023-09-07,0,0,0
5653,CMP0118,2781,2023-09-07,0,0,0
5654,CMP0118,2817,2023-09-07,1,0,0
5655,CMP0118,2275,2023-09-07,0,0,0
5656,CMP0118,3167,2023-09-07,0,0,0
5657,CMP0118,355,2023-09-07,0,0,0
5658,CMP0118,1123,2023-09-07,0,0,0
5659,CMP0118,1917,2023-09-07,0,0,0
5660,CMP0118,2570,2023-09-07,0,0,0
5661,CMP0118,3482,2023-09-07,1,0,0
5662,CMP0118,2384,2023-09-07,1,0,0
5663,CMP0118,1554,2023-09-07,0,0,0
5664,CMP0118,2239,2023-09-07,1,0,0
5665,CMP0118,487,2023-09-07,0,0,0
5666,CMP0118,697,2023-09-07,0,0,0
5667,CMP0118,2136,2023-09-07,0,0,0
5668,CMP0118,464,2023-09-07,0,0,0
5669,CMP0118,3447,2023-09-07,0,0,0
5670,CMP0118,2379,2023-09-07,0,0,0
5671,CMP0118,2200,2023-09-07,0,0,0
5672,CMP0118,1742,2023-09-07,1,0,0
5673,CMP0118,3853,2023-09-07,0,0,0
5674,CMP0118,2854,2023-09-07,0,0,0
5675,CMP0118,2183,2023-09-07,1,1,0
5676,CMP0118,2662,2023-09-07,0,0,0
5677,CMP0118,966,2023-09-07,0,0,0
5678,CMP0118,1319,2023-09-07,0,0,0
5679,CMP0118,91,2023-09-07,0,0,0
5680,CMP0118,2378,2023-09-07,0,0,0
5681,CMP0118,3623,2023-09-07,0,0,0
5682,CMP0118,2940,2023-09-07,1,0,0
5683,CMP0118,3612,2023-09-07,1,1,0
5684,CMP0118,1635,2023-09-07,0,0,0
5685,CMP0118,3151,2023-09-07,0,0,0
5686,CMP0118,1234,2023-09-07,0,0,0
5687,CMP0118,2371,2023-09-07,0,0,0
5688,CMP0118,757,2023-09-07,0,0,0
5689,CMP0118,3133,2023-09-07,1,0,0
5690,CMP0118,3227,2023-09-07,0,0,0
5691,CMP0118,1631,2023-09-07,0,0,0
5692,CMP0118,646,2023-09-07,0,0,0
5693,CMP0118,1889,2023-09-07,0,0,0
5694,CMP0118,1980,2023-09-07,0,0,0
5695,CMP0118,588,2023-09-07,0,0,0
5696,CMP0118,2335,2023-09-07,1,0,0
5697,CMP0118,2635,2023-09-07,0,0,0
5698,CMP0118,2070,2023-09-07,1,0,0
5699,CMP0118,3930,2023-09-07,0,0,0
5700,CMP0118,1620,2023-09-07,1,0,0
5701,CMP0118,1106,2023-09-07,0,0,0
5702,CMP0118,758,2023-09-07,0,0,0
5703,CMP0118,2976,2023-09-07,1,0,0
5704,CMP0118,1961,2023-09-07,1,1,0
5705,CMP0118,2240,2023-09-07,0,0,0
5706,CMP0118,1581,2023-09-07,0,0,0
5707,CMP0118,556,2023-09-07,1,0,0
5708,CMP0118,634,2023-09-07,1,1,0
5709,CMP0118,2869,2023-09-07,1,0,0
5710,CMP0118,2181,2023-09-07,0,0,0
5711,CMP0118,3899,2023-09-07,1,0,0
5712,CMP0059,1382,2024-02-19,1,0,0
5713,CMP0059,2260,2024-02-19,0,0,0
5714,CMP0059,489,2024-02-19,0,0,0
5715,CMP0059,1620,2024-02-19,1,0,0
5716,CMP0059,3380,2024-02-19,0,0,0
5717,CMP0059,2867,2024-02-19,0,0,0
5718,CMP0059,2875,2024-02-19,0,0,0
5719,CMP0059,383,2024-02-19,0,0,0
5720,CMP0059,1749,2024-02-19,0,0,0
5721,CMP0059,3546,2024-02-19,0,0,0
5722,CMP0059,1414,2024-02-19,0,0,0
5723,CMP0059,3844,2024-02-19,0,0,0
5724,CMP0059,616,2024-02-19,0,0,0
5725,CMP0059,1730,2024-02-19,0,0,0
5726,CMP0059,1321,2024-02-19,1,0,0
5727,CMP0059,2740,2024-02-19,0,0,0
5728,CMP0059,313,2024-02-19,1,0,0
5729,CMP0059,14,2024-02-19,0,0,0
5730,CMP0059,2293,2024-02-19,0,0,0
5731,CMP0059,132,2024-02-19,0,0,0
5732,CMP0059,3635,2024-02-19,1,0,0
5733,CMP0059,321,2024-02-19,1,0,0
5734,CMP0059,2704,2024-02-19,1,0,0
5735,CMP0059,2860,2024-02-19,1,1,0
5736,CMP0059,962,2024-02-19,0,0,0
5737,CMP0059,2792,2024-02-19,0,1,0
5738,CMP0059,2162,2024-02-19,0,0,0
5739,CMP0059,2127,2024-02-19,0,0,0
5740,CMP0059,3888,2024-02-19,1,0,0
5741,CMP0059,3457,2024-02-19,1,1,0
5742,CMP0059,1897,2024-02-19,1,1,0
5743,CMP0059,3226,2024-02-19,0,0,0
5744,CMP0059,138,2024-02-19,1,0,0
5745,CMP0059,2454,2024-02-19,1,0,0
5746,CMP0059,842,2024-02-19,0,0,0
5747,CMP0059,485,2024-02-19,0,0,0
5748,CMP0059,1745,2024-02-19,0,0,0
5749,CMP0059,2196,2024-02-19,0,0,0
5750,CMP0059,2452,2024-02-19,1,0,0
5751,CMP0059,3178,2024-02-19,1,1,0
5752,CMP0059,259,2024-02-19,1,0,0
5753,CMP0059,3016,2024-02-19,0,0,0
5754,CMP0059,149,2024-02-19,1,1,0
5755,CMP0059,487,2024-02-19,1,0,0
5756,CMP0059,3071,2024-02-19,0,0,0
5757,CMP0059,1161,2024-02-19,0,0,0
5758,CMP0059,920,2024-02-19,1,0,0
5759,CMP0059,2736,2024-02-19,0,0,0
5760,CMP0059,2880,2024-02-19,1,0,0
5761,CMP0059,1683,2024-02-19,0,0,0
5762,CMP0059,1266,2024-02-19,1,0,0
5763,CMP0059,1609,2024-02-19,1,1,0
5764,CMP0059,3084,2024-02-19,0,0,0
5765,CMP0059,2266,2024-02-19,0,0,0
5766,CMP0059,2969,2024-02-19,0,0,0
5767,CMP0059,2929,2024-02-19,0,0,0
5768,CMP0059,2437,2024-02-19,0,0,0
5769,CMP0059,3270,2024-02-19,0,0,0
5770,CMP0059,846,2024-02-19,0,0,0
5771,CMP0059,2189,2024-02-19,1,0,0
5772,CMP0059,2714,2024-02-19,0,0,0
5773,CMP0059,606,2024-02-19,0,0,0
5774,CMP0059,1844,2024-02-19,0,0,0
5775,CMP0059,2387,2024-02-19,1,0,0
5776,CMP0059,3216,2024-02-19,0,0,0
5777,CMP0059,270,2024-02-19,0,0,0
5778,CMP0059,1709,2024-02-19,1,0,0
5779,CMP0059,2384,2024-02-19,0,0,0
5780,CMP0059,1217,2024-02-19,1,0,0
5781,CMP0059,291,2024-02-19,1,0,0
5782,CMP0059,2331,2024-02-19,0,0,0
5783,CMP0059,1212,2024-02-19,0,0,0
5784,CMP0059,3321,2024-02-19,0,0,0
5785,CMP0059,2390,2024-02-19,1,0,0
5786,CMP0059,826,2024-02-19,0,0,0
5787,CMP0059,3937,2024-02-19,0,0,0
5788,CMP0059,3093,2024-02-19,0,0,0
5789,CMP0059,3794,2024-02-19,1,0,0
5790,CMP0059,95,2024-02-19,1,0,0
5791,CMP0059,805,2024-02-19,0,0,0
5792,CMP0059,3781,2024-02-19,0,0,0
5793,CMP0059,1848,2024-02-19,0,0,0
5794,CMP0059,2825,2024-02-19,1,0,0
5795,CMP0059,3685,2024-02-19,0,0,0
5796,CMP0059,3177,2024-02-19,0,0,1
5797,CMP0059,2586,2024-02-19,1,0,0
5798,CMP0059,2295,2024-02-19,0,0,0
5799,CMP0059,2237,2024-02-19,0,0,0
5800,CMP0059,3813,2024-02-19,1,0,0
5801,CMP0059,254,2024-02-19,0,0,0
5802,CMP0059,306,2024-02-19,1,0,0
5803,CMP0059,293,2024-02-19,0,0,0
5804,CMP0059,2455,2024-02-19,0,0,0
5805,CMP0059,3527,2024-02-19,1,0,0
5806,CMP0059,3045,2024-02-19,0,0,0
5807,CMP0059,2044,2024-02-19,0,0,0
5808,CMP0059,3275,2024-02-19,0,0,0
5809,CMP0059,2509,2024-02-19,1,0,0
5810,CMP0059,127,2024-02-19,1,0,0
5811,CMP0059,2234,2024-02-19,1,0,0
5812,CMP0059,3222,2024-02-19,0,0,0
5813,CMP0059,3255,2024-02-19,0,0,0
5814,CMP0059,647,2024-02-19,1,0,0
5815,CMP0059,780,2024-02-19,0,0,0
5816,CMP0059,1653,2024-02-19,0,0,0
5817,CMP0059,2084,2024-02-19,1,0,0
5818,CMP0059,59,2024-02-19,1,0,0
5819,CMP0059,2845,2024-02-19,0,0,0
5820,CMP0059,2712,2024-02-19,0,0,0
5821,CMP0059,2428,2024-02-19,0,0,0
5822,CMP0059,982,2024-02-19,0,0,0
5823,CMP0059,2166,2024-02-19,1,0,0
5824,CMP0059,2759,2024-02-19,1,0,0
5825,CMP0059,2280,2024-02-19,0,0,0
5826,CMP0059,3433,2024-02-19,0,0,0
5827,CMP0059,1125,2024-02-19,0,0,0
5828,CMP0059,2998,2024-02-19,1,0,0
5829,CMP0059,3719,2024-02-19,0,0,0
5830,CMP0059,2803,2024-02-19,0,0,0
5831,CMP0059,1971,2024-02-19,1,0,0
5832,CMP0059,3784,2024-02-19,0,0,0
5833,CMP0059,2774,2024-02-19,0,0,0
5834,CMP0059,3497,2024-02-19,1,0,0
5835,CMP0059,1889,2024-02-19,0,0,0
5836,CMP0059,2076,2024-02-19,1,0,0
5837,CMP0059,2962,2024-02-19,0,0,0
5838,CMP0059,2,2024-02-19,1,0,0
5839,CMP0059,2557,2024-02-19,1,0,0
5840,CMP0059,322,2024-02-19,0,0,0
5841,CMP0059,2457,2024-02-19,1,0,0
5842,CMP0059,3898,2024-02-19,1,0,0
5843,CMP0059,3106,2024-02-19,0,0,0
5844,CMP0059,584,2024-02-19,0,0,0
5845,CMP0059,1514,2024-02-19,1,0,0
5846,CMP0059,1160,2024-02-19,0,0,0
5847,CMP0059,2075,2024-02-19,1,0,0
5848,CMP0059,398,2024-02-19,1,0,0
5849,CMP0059,1478,2024-02-19,1,0,0
5850,CMP0059,3846,2024-02-19,0,0,0
5851,CMP0059,2833,2024-02-19,1,0,0
5852,CMP0059,2798,2024-02-19,0,0,0
5853,CMP0059,2002,2024-02-19,0,0,0
5854,CMP0059,3786,2024-02-19,0,0,0
5855,CMP0059,1424,2024-02-19,1,0,0
5856,CMP0059,3011,2024-02-19,0,0,0
5857,CMP0059,1596,2024-02-19,0,0,0
5858,CMP0059,3982,2024-02-19,0,0,0
5859,CMP0059,1594,2024-02-19,1,0,0
5860,CMP0059,1329,2024-02-19,0,0,0
5861,CMP0059,2878,2024-02-19,1,0,0
5862,CMP0059,2832,2024-02-19,1,0,0
5863,CMP0059,719,2024-02-19,0,0,0
5864,CMP0059,1906,2024-02-19,0,0,0
5865,CMP0059,3001,2024-02-19,0,0,0
5866,CMP0059,1296,2024-02-19,0,0,0
5867,CMP0059,957,2024-02-19,0,0,0
5868,CMP0059,1917,2024-02-19,0,0,0
5869,CMP0059,2850,2024-02-19,1,0,0
5870,CMP0059,3693,2024-02-19,0,0,0
5871,CMP0059,2200,2024-02-19,0,0,0
5872,CMP0059,2883,2024-02-19,1,0,0
5873,CMP0059,798,2024-02-19,0,0,0
5874,CMP0059,2279,2024-02-19,0,0,0
5875,CMP0059,997,2024-02-19,1,0,0
5876,CMP0059,2744,2024-02-19,0,0,0
5877,CMP0059,1523,2024-02-19,0,0,0
5878,CMP0059,774,2024-02-19,1,0,0
5879,CMP0059,2273,2024-02-19,0,0,0
5880,CMP0059,2968,2024-02-19,0,0,0
5881,CMP0059,3798,2024-02-19,0,0,0
5882,CMP0059,1352,2024-02-19,0,0,0
5883,CMP0059,2982,2024-02-19,1,0,0
5884,CMP0059,1157,2024-02-19,1,0,0
5885,CMP0059,1516,2024-02-19,1,0,0
5886,CMP0059,2135,2024-02-19,0,0,0
5887,CMP0059,380,2024-02-19,0,0,0
5888,CMP0059,2974,2024-02-19,0,0,0
5889,CMP0059,3415,2024-02-19,0,0,0
5890,CMP0059,2466,2024-02-19,0,0,0
5891,CMP0059,2997,2024-02-19,0,0,0
5892,CMP0059,3340,2024-02-19,1,0,0
5893,CMP0059,3812,2024-02-19,1,0,0
5894,CMP0059,1705,2024-02-19,0,0,0
5895,CMP0059,3229,2024-02-19,0,0,0
5896,CMP0059,488,2024-02-19,1,1,0
5897,CMP0059,2560,2024-02-19,0,0,0
5898,CMP0059,866,2024-02-19,1,0,0
5899,CMP0059,3327,2024-02-19,0,0,0
5900,CMP0059,3318,2024-02-19,0,0,0
5901,CMP0059,601,2024-02-19,0,0,0
5902,CMP0059,3138,2024-02-19,0,0,0
5903,CMP0059,605,2024-02-19,0,0,0
5904,CMP0059,84,2024-02-19,0,0,0
5905,CMP0059,1649,2024-02-19,0,0,0
5906,CMP0059,3168,2024-02-19,1,0,0
5907,CMP0059,3858,2024-02-19,0,0,0
5908,CMP0059,3213,2024-02-19,1,0,0
5909,CMP0059,3807,2024-02-19,1,0,0
5910,CMP0059,811,2024-02-19,0,0,0
5911,CMP0059,1437,2024-02-19,1,0,0
5912,CMP0059,1710,2024-02-19,1,0,0
5913,CMP0059,316,2024-02-19,0,0,0
5914,CMP0059,2022,2024-02-19,1,0,0
5915,CMP0059,3133,2024-02-19,0,0,0
5916,CMP0059,3286,2024-02-19,1,0,0
5917,CMP0059,3579,2024-02-19,1,0,0
5918,CMP0059,2019,2024-02-19,0,0,0
5919,CMP0059,1827,2024-02-19,0,0,0
5920,CMP0059,216,2024-02-19,0,0,0
5921,CMP0059,2877,2024-02-19,1,1,0
5922,CMP0059,981,2024-02-19,1,0,0
5923,CMP0059,3942,2024-02-19,0,0,0
5924,CMP0059,2964,2024-02-19,0,0,0
5925,CMP0059,741,2024-02-19,0,0,0
5926,CMP0004,643,2026-01-24,0,0,0
5927,CMP0004,1679,2026-01-24,0,0,0
5928,CMP0004,3248,2026-01-24,1,0,0
5929,CMP0004,2833,2026-01-24,0,0,0
5930,CMP0004,3273,2026-01-24,0,0,0
5931,CMP0004,4003,2026-01-24,0,0,0
5932,CMP0004,3094,2026-01-24,1,0,0
5933,CMP0004,2184,2026-01-24,0,0,0
5934,CMP0004,2997,2026-01-24,1,0,0
5935,CMP0004,937,2026-01-24,1,0,0
5936,CMP0004,523,2026-01-24,1,0,0
5937,CMP0004,1749,2026-01-24,0,0,0
5938,CMP0004,2141,2026-01-24,1,0,0
5939,CMP0004,3416,2026-01-24,0,0,0
5940,CMP0004,3823,2026-01-24,0,0,0
5941,CMP0004,2618,2026-01-24,1,0,0
5942,CMP0004,2740,2026-01-24,1,0,0
5943,CMP0004,776,2026-01-24,0,0,0
5944,CMP0004,2496,2026-01-24,0,0,0
5945,CMP0004,2768,2026-01-24,1,1,0
5946,CMP0004,1231,2026-01-24,0,0,0
5947,CMP0004,2254,2026-01-24,0,0,0
5948,CMP0004,1530,2026-01-24,1,0,0
5949,CMP0004,3866,2026-01-24,0,0,0
5950,CMP0004,3738,2026-01-24,0,0,0
5951,CMP0004,646,2026-01-24,0,0,0
5952,CMP0004,2579,2026-01-24,1,0,0
5953,CMP0004,3321,2026-01-24,0,0,0
5954,CMP0004,3461,2026-01-24,0,0,0
5955,CMP0004,328,2026-01-24,1,0,0
5956,CMP0004,3172,2026-01-24,0,0,0
5957,CMP0004,2803,2026-01-24,1,0,0
5958,CMP0004,37,2026-01-24,0,0,0
5959,CMP0004,2039,2026-01-24,0,0,0
5960,CMP0004,2102,2026-01-24,0,0,0
5961,CMP0004,457,2026-01-24,1,0,0
5962,CMP0004,1742,2026-01-24,0,0,0
5963,CMP0004,1983,2026-01-24,0,0,0
5964,CMP0004,254,2026-01-24,0,0,0
5965,CMP0004,2515,2026-01-24,0,0,0
5966,CMP0004,1379,2026-01-24,1,1,0
5967,CMP0004,2774,2026-01-24,0,0,0
5968,CMP0004,856,2026-01-24,1,0,0
5969,CMP0004,2954,2026-01-24,0,0,0
5970,CMP0004,3199,2026-01-24,0,0,0
5971,CMP0004,2641,2026-01-24,1,0,0
5972,CMP0004,2538,2026-01-24,0,0,0
5973,CMP0004,439,2026-01-24,1,0,0
5974,CMP0004,3339,2026-01-24,1,0,0
5975,CMP0004,1920,2026-01-24,0,0,0
5976,CMP0004,2591,2026-01-24,0,0,0
5977,CMP0004,283,2026-01-24,0,0,0
5978,CMP0004,1990,2026-01-24,0,0,0
5979,CMP0004,1068,2026-01-24,0,0,0
5980,CMP0004,530,2026-01-24,0,0,0
5981,CMP0004,165,2026-01-24,0,0,0
5982,CMP0004,1657,2026-01-24,0,0,0
5983,CMP0004,3184,2026-01-24,1,0,0
5984,CMP0004,2663,2026-01-24,0,0,0
5985,CMP0004,3708,2026-01-24,0,0,0
5986,CMP0004,2498,2026-01-24,1,0,0
5987,CMP0004,3253,2026-01-24,0,0,0
5988,CMP0004,588,2026-01-24,0,0,0
5989,CMP0004,2185,2026-01-24,1,0,0
5990,CMP0004,2859,2026-01-24,1,0,0
5991,CMP0004,2002,2026-01-24,0,0,0
5992,CMP0004,2735,2026-01-24,0,0,0
5993,CMP0004,3795,2026-01-24,0,0,0
5994,CMP0004,3471,2026-01-24,0,0,0
5995,CMP0004,3329,2026-01-24,1,0,0
5996,CMP0004,90,2026-01-24,0,0,0
5997,CMP0004,376,2026-01-24,0,0,0
5998,CMP0004,2636,2026-01-24,0,0,0
5999,CMP0004,1233,2026-01-24,1,0,0
6000,CMP0004,2603,2026-01-24,0,0,0
6001,CMP0004,1748,2026-01-24,0,0,0
6002,CMP0004,2466,2026-01-24,1,1,0
6003,CMP0004,2050,2026-01-24,1,0,0
6004,CMP0004,3426,2026-01-24,0,0,0
6005,CMP0004,452,2026-01-24,0,0,0
6006,CMP0004,1240,2026-01-24,0,0,0
6007,CMP0004,3337,2026-01-24,0,0,0
6008,CMP0004,2509,2026-01-24,0,0,0
6009,CMP0004,1226,2026-01-24,1,0,0
6010,CMP0004,1136,2026-01-24,1,0,0
6011,CMP0004,436,2026-01-24,0,0,0
6012,CMP0004,2,2026-01-24,0,0,0
6013,CMP0004,978,2026-01-24,0,0,0
6014,CMP0004,1714,2026-01-24,1,1,0
6015,CMP0004,2145,2026-01-24,0,0,0
6016,CMP0004,2162,2026-01-24,0,0,0
6017,CMP0004,3424,2026-01-24,1,0,0
6018,CMP0004,3096,2026-01-24,0,0,0
6019,CMP0004,3061,2026-01-24,0,0,0
6020,CMP0004,3473,2026-01-24,0,0,0
6021,CMP0004,1340,2026-01-24,1,0,0
6022,CMP0004,3109,2026-01-24,0,0,0
6023,CMP0004,2860,2026-01-24,1,0,0
6024,CMP0004,103,2026-01-24,1,1,0
6025,CMP0004,223,2026-01-24,0,0,0
6026,CMP0004,9,2026-01-24,0,0,0
6027,CMP0004,2714,2026-01-24,0,0,0
6028,CMP0004,2969,2026-01-24,0,0,0
6029,CMP0004,487,2026-01-24,0,0,0
6030,CMP0004,2732,2026-01-24,0,0,0
6031,CMP0004,1519,2026-01-24,0,0,0
6032,CMP0004,317,2026-01-24,0,0,0
6033,CMP0004,3054,2026-01-24,1,0,0
6034,CMP0004,3661,2026-01-24,0,0,0
6035,CMP0004,922,2026-01-24,0,0,0
6036,CMP0004,393,2026-01-24,0,0,0
6037,CMP0004,3340,2026-01-24,0,0,0
6038,CMP0004,2557,2026-01-24,1,0,0
6039,CMP0004,1936,2026-01-24,0,0,0
6040,CMP0004,2409,2026-01-24,0,0,0
6041,CMP0004,3191,2026-01-24,1,0,0
6042,CMP0004,1674,2026-01-24,0,1,0
6043,CMP0004,820,2026-01-24,0,0,0
6044,CMP0004,2303,2026-01-24,0,0,0
6045,CMP0004,1294,2026-01-24,1,0,0
6046,CMP0004,2195,2026-01-24,1,1,0
6047,CMP0004,188,2026-01-24,1,0,0
6048,CMP0004,2023,2026-01-24,0,0,0
6049,CMP0004,344,2026-01-24,0,0,0
6050,CMP0004,822,2026-01-24,1,1,0
6051,CMP0004,3581,2026-01-24,0,0,0
6052,CMP0004,1885,2026-01-24,1,0,0
6053,CMP0004,4013,2026-01-24,0,0,0
6054,CMP0004,629,2026-01-24,0,0,0
6055,CMP0004,1406,2026-01-24,0,0,0
6056,CMP0004,3101,2026-01-24,0,0,0
6057,CMP0004,461,2026-01-24,1,0,0
6058,CMP0004,1960,2026-01-24,0,0,0
6059,CMP0004,3859,2026-01-24,1,0,0
6060,CMP0004,1869,2026-01-24,0,0,0
6061,CMP0004,1710,2026-01-24,0,1,0
6062,CMP0004,2537,2026-01-24,0,0,0
6063,CMP0004,562,2026-01-24,0,0,0
6064,CMP0004,1705,2026-01-24,0,0,0
6065,CMP0004,1872,2026-01-24,0,0,0
6066,CMP0004,2040,2026-01-24,0,0,0
6067,CMP0004,20,2026-01-24,1,1,0
6068,CMP0004,1565,2026-01-24,0,0,0
6069,CMP0004,1908,2026-01-24,0,0,0
6070,CMP0004,2993,2026-01-24,1,0,0
6071,CMP0004,2111,2026-01-24,0,0,0
6072,CMP0004,865,2026-01-24,1,0,0
6073,CMP0004,3458,2026-01-24,1,0,0
6074,CMP0004,2671,2026-01-24,0,0,0
6075,CMP0004,1644,2026-01-24,1,0,0
6076,CMP0004,1579,2026-01-24,1,0,0
6077,CMP0004,1909,2026-01-24,0,0,0
6078,CMP0004,3380,2026-01-24,1,0,0
6079,CMP0004,652,2026-01-24,1,0,0
6080,CMP0004,1293,2026-01-24,1,0,0
6081,CMP0004,2506,2026-01-24,0,0,1
6082,CMP0004,3798,2026-01-24,0,0,0
6083,CMP0004,3306,2026-01-24,0,0,0
6084,CMP0004,2620,2026-01-24,0,0,0
6085,CMP0004,1788,2026-01-24,1,0,0
6086,CMP0004,3880,2026-01-24,0,0,0
6087,CMP0004,302,2026-01-24,0,0,0
6088,CMP0004,1443,2026-01-24,0,0,0
6089,CMP0004,2658,2026-01-24,0,0,0
6090,CMP0004,1166,2026-01-24,0,0,0
6091,CMP0004,3714,2026-01-24,0,0,0
6092,CMP0004,2013,2026-01-24,0,0,0
6093,CMP0004,304,2026-01-24,1,0,0
6094,CMP0004,1866,2026-01-24,0,0,0
6095,CMP0004,1970,2026-01-24,1,0,0
6096,CMP0004,2809,2026-01-24,0,0,0
6097,CMP0004,2535,2026-01-24,0,0,0
6098,CMP0004,2264,2026-01-24,0,0,0
6099,CMP0004,2433,2026-01-24,1,0,0
6100,CMP0004,2908,2026-01-24,0,0,0
6101,CMP0004,1134,2026-01-24,0,0,0
6102,CMP0004,162,2026-01-24,0,0,0
6103,CMP0004,48,2026-01-24,1,0,0
6104,CMP0004,2393,2026-01-24,0,0,0
6105,CMP0004,3220,2026-01-24,0,0,0
6106,CMP0004,3562,2026-01-24,1,0,0
6107,CMP0004,692,2026-01-24,1,0,0
6108,CMP0004,1754,2026-01-24,1,0,0
6109,CMP0004,76,2026-01-24,1,0,0
6110,CMP0004,3085,2026-01-24,0,0,0
6111,CMP0004,89,2026-01-24,0,0,0
6112,CMP0004,2625,2026-01-24,0,0,0
6113,CMP0004,1681,2026-01-24,1,0,0
6114,CMP0004,2489,2026-01-24,1,0,0
6115,CMP0004,1106,2026-01-24,1,0,0
6116,CMP0004,55,2026-01-24,0,0,0
6117,CMP0004,2022,2026-01-24,0,0,0
6118,CMP0004,2240,2026-01-24,1,0,1
6119,CMP0004,2294,2026-01-24,0,0,0
6120,CMP0004,3801,2026-01-24,0,0,0
6121,CMP0004,1329,2026-01-24,0,0,0
6122,CMP0004,164,2026-01-24,0,0,0
6123,CMP0004,3585,2026-01-24,1,0,0
6124,CMP0004,2156,2026-01-24,0,0,0
6125,CMP0004,3359,2026-01-24,0,0,0
6126,CMP0004,3286,2026-01-24,0,0,0
6127,CMP0004,3476,2026-01-24,1,0,0
6128,CMP0004,2594,2026-01-24,0,0,0
6129,CMP0004,2905,2026-01-24,0,0,0
6130,CMP0004,2202,2026-01-24,0,0,0
6131,CMP0004,453,2026-01-24,0,0,0
6132,CMP0004,2001,2026-01-24,0,0,0
6133,CMP0004,2410,2026-01-24,0,0,0
6134,CMP0004,3324,2026-01-24,0,0,0
6135,CMP0004,2806,2026-01-24,0,0,0
6136,CMP0004,625,2026-01-24,0,0,0
6137,CMP0004,1975,2026-01-24,0,0,0
6138,CMP0004,3046,2026-01-24,1,0,0
6139,CMP0004,1569,2026-01-24,1,0,0
6140,CMP0004,2923,2026-01-24,1,0,0
6141,CMP0004,3557,2026-01-24,0,0,0
6142,CMP0004,2429,2026-01-24,0,0,0
6143,CMP0004,2379,2026-01-24,0,0,0
6144,CMP0004,2881,2026-01-24,0,0,0
6145,CMP0004,1864,2026-01-24,0,0,0
6146,CMP0004,1051,2026-01-24,0,0,0
6147,CMP0004,160,2026-01-24,0,0,0
6148,CMP0004,854,2026-01-24,0,0,0
6149,CMP0004,3563,2026-01-24,1,1,0
6150,CMP0004,3924,2026-01-24,1,0,0
6151,CMP0004,2243,2026-01-24,0,0,0
6152,CMP0004,1185,2026-01-24,0,0,0
6153,CMP0004,280,2026-01-24,1,0,0
6154,CMP0004,3690,2026-01-24,0,0,0
6155,CMP0004,2992,2026-01-24,1,1,0
6156,CMP0004,3720,2026-01-24,1,0,0
6157,CMP0004,2801,2026-01-24,1,0,0
6158,CMP0004,1102,2026-01-24,0,0,0
6159,CMP0004,2464,2026-01-24,0,0,0
6160,CMP0004,3857,2026-01-24,0,0,0
6161,CMP0004,3350,2026-01-24,0,0,0
6162,CMP0004,1217,2026-01-24,0,0,0
6163,CMP0004,960,2026-01-24,0,0,0
6164,CMP0004,1198,2026-01-24,0,0,0
6165,CMP0004,3693,2026-01-24,0,0,0
6166,CMP0004,2530,2026-01-24,1,0,0
6167,CMP0004,2054,2026-01-24,0,0,0
6168,CMP0004,522,2026-01-24,1,0,0
6169,CMP0004,3612,2026-01-24,1,0,0
6170,CMP0004,1253,2026-01-24,0,0,0
6171,CMP0004,3540,2026-01-24,0,0,0
6172,CMP0004,551,2026-01-24,0,0,0
6173,CMP0004,1037,2026-01-24,0,0,0
6174,CMP0004,1224,2026-01-24,0,0,0
6175,CMP0004,1334,2026-01-24,1,1,0
6176,CMP0004,2894,2026-01-24,1,0,0
6177,CMP0004,3157,2026-01-24,0,0,0
6178,CMP0004,2858,2026-01-24,1,0,0
6179,CMP0004,2166,2026-01-24,0,0,0
6180,CMP0004,3718,2026-01-24,0,0,0
6181,CMP0004,3223,2026-01-24,0,0,0
6182,CMP0004,1609,2026-01-24,1,0,0
6183,CMP0004,1554,2026-01-24,1,0,0
6184,CMP0004,3247,2026-01-24,0,0,0
6185,CMP0004,3719,2026-01-24,1,1,0
6186,CMP0004,1633,2026-01-24,0,0,0
6187,CMP0004,2392,2026-01-24,1,0,0
6188,CMP0004,1029,2026-01-24,0,0,0
6189,CMP0004,2731,2026-01-24,0,0,0
6190,CMP0004,3089,2026-01-24,0,0,0
6191,CMP0004,5,2026-01-24,1,0,0
6192,CMP0004,1183,2026-01-24,0,0,0
6193,CMP0004,3457,2026-01-24,0,0,0
6194,CMP0004,2073,2026-01-24,0,0,0
6195,CMP0004,1698,2026-01-24,0,0,0
6196,CMP0004,1431,2026-01-24,0,0,0
6197,CMP0004,3879,2026-01-24,0,0,0
6198,CMP0004,2877,2026-01-24,1,0,0
6199,CMP0004,3582,2026-01-24,1,0,0
6200,CMP0004,3805,2026-01-24,0,0,0
6201,CMP0004,3610,2026-01-24,0,0,0
6202,CMP0004,3903,2026-01-24,0,0,0
6203,CMP0004,2044,2026-01-24,0,0,0
6204,CMP0004,825,2026-01-24,0,0,0
6205,CMP0004,1513,2026-01-24,0,0,0
6206,CMP0004,745,2026-01-24,0,0,0
6207,CMP0004,3102,2026-01-24,1,0,0
6208,CMP0004,2583,2026-01-24,0,0,0
6209,CMP0004,626,2026-01-24,0,0,0
6210,CMP0004,1538,2026-01-24,1,0,0
6211,CMP0004,2600,2026-01-24,0,0,0
6212,CMP0004,277,2026-01-24,0,0,0
6213,CMP0004,1985,2026-01-24,0,0,0
6214,CMP0004,1268,2026-01-24,0,0,0
6215,CMP0004,3232,2026-01-24,1,0,0
6216,CMP0004,684,2026-01-24,0,0,0
6217,CMP0004,1901,2026-01-24,1,1,0
6218,CMP0004,3784,2026-01-24,0,0,0
6219,CMP0004,1791,2026-01-24,0,0,1
6220,CMP0004,2727,2026-01-24,1,1,0
6221,CMP0004,965,2026-01-24,1,0,0
6222,CMP0004,1873,2026-01-24,0,0,0
6223,CMP0004,418,2026-01-24,1,0,0
6224,CMP0004,3331,2026-01-24,0,0,0
6225,CMP0004,3077,2026-01-24,0,0,0
6226,CMP0004,2536,2026-01-24,1,0,0
6227,CMP0004,479,2026-01-24,0,0,0
6228,CMP0004,2132,2026-01-24,1,0,0
6229,CMP0004,1125,2026-01-24,1,1,0
6230,CMP0004,2399,2026-01-24,0,0,0
6231,CMP0004,378,2026-01-24,1,0,0
6232,CMP0004,3119,2026-01-24,1,0,0
6233,CMP0004,550,2026-01-24,0,0,0
6234,CMP0004,2896,2026-01-24,0,0,0
6235,CMP0004,2919,2026-01-24,0,0,0
6236,CMP0004,2916,2026-01-24,0,0,0
6237,CMP0004,2499,2026-01-24,0,0,0
6238,CMP0004,2455,2026-01-24,0,0,0
6239,CMP0004,3219,2026-01-24,0,0,0
6240,CMP0004,1001,2026-01-24,0,0,0
6241,CMP0004,2497,2026-01-24,0,0,0
6242,CMP0004,2123,2026-01-24,0,0,0
6243,CMP0004,2550,2026-01-24,0,0,0
6244,CMP0004,570,2026-01-24,0,0,0
6245,CMP0004,242,2026-01-24,1,0,0
6246,CMP0004,2887,2026-01-24,0,0,0
6247,CMP0004,798,2026-01-24,0,0,0
6248,CMP0004,3213,2026-01-24,1,0,0
6249,CMP0004,166,2026-01-24,0,0,0
6250,CMP0004,2266,2026-01-24,0,0,0
6251,CMP0004,3527,2026-01-24,1,1,0
6252,CMP0004,3876,2026-01-24,0,0,0
6253,CMP0004,1992,2026-01-24,0,0,0
6254,CMP0004,3721,2026-01-24,1,1,0
6255,CMP0004,3758,2026-01-24,0,0,0
6256,CMP0004,171,2026-01-24,0,0,0
6257,CMP0004,2332,2026-01-24,0,0,0
6258,CMP0004,3717,2026-01-24,0,0,0
6259,CMP0004,3969,2026-01-24,1,0,0
6260,CMP0004,3406,2026-01-24,0,0,0
6261,CMP0004,1980,2026-01-24,0,0,0
6262,CMP0004,3984,2026-01-24,1,0,0
6263,CMP0004,3132,2026-01-24,0,0,0
6264,CMP0004,2687,2026-01-24,0,0,0
6265,CMP0004,3228,2026-01-24,0,0,0
6266,CMP0004,1903,2026-01-24,0,0,0
6267,CMP0004,2270,2026-01-24,0,0,0
6268,CMP0004,3181,2026-01-24,1,0,0
6269,CMP0004,3778,2026-01-24,0,0,0
6270,CMP0004,3530,2026-01-24,0,0,0
6271,CMP0004,227,2026-01-24,0,0,0
6272,CMP0004,2095,2026-01-24,1,0,0
6273,CMP0004,3309,2026-01-24,1,0,0
6274,CMP0004,2494,2026-01-24,0,0,0
6275,CMP0004,1180,2026-01-24,0,0,0
6276,CMP0004,977,2026-01-24,0,0,0
6277,CMP0004,2265,2026-01-24,0,0,0
6278,CMP0004,3214,2026-01-24,0,0,0
6279,CMP0004,335,2026-01-24,1,0,0
6280,CMP0004,3266,2026-01-24,0,0,0
6281,CMP0004,2268,2026-01-24,0,0,0
6282,CMP0004,1432,2026-01-24,0,0,0
6283,CMP0004,101,2026-01-24,0,0,0
6284,CMP0004,1473,2026-01-24,0,0,0
6285,CMP0004,3726,2026-01-24,0,0,0
6286,CMP0004,1745,2026-01-24,0,0,0
6287,CMP0004,527,2026-01-24,0,0,0
6288,CMP0004,50,2026-01-24,0,0,0
6289,CMP0004,308,2026-01-24,1,0,0
6290,CMP0004,618,2026-01-24,0,0,0
6291,CMP0004,2823,2026-01-24,1,1,0
6292,CMP0004,3521,2026-01-24,0,0,0
6293,CMP0004,466,2026-01-24,0,0,0
6294,CMP0004,883,2026-01-24,0,0,0
6295,CMP0004,3404,2026-01-24,1,0,0
6296,CMP0004,2193,2026-01-24,1,0,0
6297,CMP0004,245,2026-01-24,1,0,0
6298,CMP0004,3299,2026-01-24,0,0,0
6299,CMP0004,3539,2026-01-24,1,0,0
6300,CMP0004,2475,2026-01-24,1,0,0
6301,CMP0004,3844,2026-01-24,0,0,0
6302,CMP0004,255,2026-01-24,0,0,0
6303,CMP0004,3440,2026-01-24,0,0,0
6304,CMP0004,3756,2026-01-24,0,0,0
6305,CMP0004,1757,2026-01-24,1,0,0
6306,CMP0004,322,2026-01-24,0,0,0
6307,CMP0004,2592,2026-01-24,1,1,0
6308,CMP0004,1725,2026-01-24,1,0,0
6309,CMP0004,326,2026-01-24,0,0,0
6310,CMP0004,1071,2026-01-24,0,0,0
6311,CMP0004,3845,2026-01-24,1,0,0
6312,CMP0004,2906,2026-01-24,0,0,0
6313,CMP0004,3066,2026-01-24,0,0,0
6314,CMP0004,3407,2026-01-24,1,0,0
6315,CMP0004,360,2026-01-24,0,0,0
6316,CMP0004,63,2026-01-24,1,1,0
6317,CMP0004,1897,2026-01-24,0,0,0
6318,CMP0004,2239,2026-01-24,1,0,0
6319,CMP0004,1154,2026-01-24,1,0,0
6320,CMP0004,408,2026-01-24,0,0,0
6321,CMP0004,2219,2026-01-24,1,0,0
6322,CMP0004,641,2026-01-24,0,0,0
6323,CMP0004,602,2026-01-24,0,0,0
6324,CMP0004,2492,2026-01-24,0,0,0
6325,CMP0004,517,2026-01-24,0,0,0
6326,CMP0004,2227,2026-01-24,0,0,0
6327,CMP0004,2457,2026-01-24,0,0,0
6328,CMP0004,2269,2026-01-24,0,0,0
6329,CMP0004,2015,2026-01-24,0,0,0
6330,CMP0004,758,2026-01-24,1,0,0
6331,CMP0004,1452,2026-01-24,0,0,0
6332,CMP0004,95,2026-01-24,0,0,0
6333,CMP0004,1174,2026-01-24,0,0,0
6334,CMP0004,2190,2026-01-24,1,0,0
6335,CMP0004,1033,2026-01-24,0,0,0
6336,CMP0004,1900,2026-01-24,0,0,0
6337,CMP0004,3955,2026-01-24,1,0,0
6338,CMP0004,2912,2026-01-24,0,0,0
6339,CMP0004,548,2026-01-24,0,0,0
6340,CMP0004,2381,2026-01-24,0,0,0
6341,CMP0004,1624,2026-01-24,0,0,0
6342,CMP0004,430,2026-01-24,1,0,0
6343,CMP0004,1397,2026-01-24,0,0,0
6344,CMP0004,1358,2026-01-24,1,0,0
6345,CMP0004,2194,2026-01-24,0,0,0
6346,CMP0004,1672,2026-01-24,0,0,0
6347,CMP0004,1238,2026-01-24,0,0,0
6348,CMP0004,2589,2026-01-24,0,0,0
6349,CMP0004,3008,2026-01-24,0,0,0
6350,CMP0004,3536,2026-01-24,0,0,0
6351,CMP0004,1272,2026-01-24,1,0,0
6352,CMP0004,3495,2026-01-24,0,0,0
6353,CMP0004,1035,2026-01-24,1,0,0
6354,CMP0004,851,2026-01-24,0,0,0
6355,CMP0004,2508,2026-01-24,1,0,0
6356,CMP0004,2164,2026-01-24,0,0,0
6357,CMP0004,2181,2026-01-24,0,0,0
6358,CMP0004,3135,2026-01-24,1,0,0
6359,CMP0004,2421,2026-01-24,0,0,0
6360,CMP0004,729,2026-01-24,0,0,0
6361,CMP0004,316,2026-01-24,0,0,0
6362,CMP0004,3150,2026-01-24,0,0,0
6363,CMP0004,3497,2026-01-24,0,0,0
6364,CMP0004,797,2026-01-24,0,0,0
6365,CMP0004,341,2026-01-24,1,0,0
6366,CMP0004,2010,2026-01-24,0,0,0
6367,CMP0004,1171,2026-01-24,1,0,0
6368,CMP0004,421,2026-01-24,0,0,0
6369,CMP0004,2228,2026-01-24,1,0,0
6370,CMP0004,1912,2026-01-24,0,0,0
6371,CMP0004,3370,2026-01-24,1,0,0
6372,CMP0004,1974,2026-01-24,0,0,0
6373,CMP0004,3142,2026-01-24,0,0,0
6374,CMP0004,2236,2026-01-24,0,0,0
6375,CMP0004,3000,2026-01-24,0,0,0
6376,CMP0004,2370,2026-01-24,0,0,0
6377,CMP0004,3241,2026-01-24,0,0,0
6378,CMP0004,3927,2026-01-24,1,1,0
6379,CMP0004,3138,2026-01-24,0,0,0
6380,CMP0004,3139,2026-01-24,0,0,0
6381,CMP0004,1635,2026-01-24,0,0,0
6382,CMP0004,3965,2026-01-24,1,0,0
6383,CMP0004,1060,2026-01-24,0,0,0
6384,CMP0004,2521,2026-01-24,0,0,0
6385,CMP0004,2483,2026-01-24,1,0,0
6386,CMP0004,2067,2026-01-24,0,0,0
6387,CMP0004,633,2026-01-24,1,0,0
6388,CMP0004,1702,2026-01-24,0,0,0
6389,CMP0004,27,2026-01-24,1,0,0
6390,CMP0004,900,2026-01-24,0,0,0
6391,CMP0004,8,2026-01-24,1,0,0
6392,CMP0004,2398,2026-01-24,1,0,0
6393,CMP0004,650,2026-01-24,1,0,0
6394,CMP0004,3968,2026-01-24,0,0,0
6395,CMP0004,416,2026-01-24,0,0,0
6396,CMP0004,1266,2026-01-24,0,0,0
6397,CMP0004,2327,2026-01-24,0,0,0
6398,CMP0004,16,2026-01-24,0,0,0
6399,CMP0004,2922,2026-01-24,0,0,0
6400,CMP0004,3739,2026-01-24,1,0,0
6401,CMP0004,2972,2026-01-24,0,0,0
6402,CMP0004,494,2026-01-24,1,0,0
6403,CMP0004,3766,2026-01-24,0,0,0
6404,CMP0004,946,2026-01-24,1,0,0
6405,CMP0004,1809,2026-01-24,0,0,0
6406,CMP0004,167,2026-01-24,0,0,0
6407,CMP0004,1193,2026-01-24,0,0,0
6408,CMP0004,2646,2026-01-24,0,0,0
6409,CMP0004,349,2026-01-24,0,0,0
6410,CMP0004,2477,2026-01-24,1,0,0
6411,CMP0004,2817,2026-01-24,0,0,0
6412,CMP0004,484,2026-01-24,0,0,0
6413,CMP0004,3050,2026-01-24,1,0,0
6414,CMP0004,3973,2026-01-24,0,0,0
6415,CMP0004,2066,2026-01-24,0,0,0
6416,CMP0004,2830,2026-01-24,0,0,0
6417,CMP0004,2200,2026-01-24,0,0,0
6418,CMP0004,3188,2026-01-24,0,0,0
6419,CMP0004,1479,2026-01-24,0,0,0
6420,CMP0004,75,2026-01-24,1,0,0
6421,CMP0004,808,2026-01-24,1,0,0
6422,CMP0004,578,2026-01-24,0,0,0
6423,CMP0004,84,2026-01-24,1,0,0
6424,CMP0004,22,2026-01-24,0,0,0
6425,CMP0004,1835,2026-01-24,0,0,0
6426,CMP0004,246,2026-01-24,0,0,0
6427,CMP0004,2520,2026-01-24,1,0,0
6428,CMP0004,2487,2026-01-24,0,0,0
6429,CMP0004,1370,2026-01-24,0,0,0
6430,CMP0004,1360,2026-01-24,0,0,0
6431,CMP0004,3745,2026-01-24,0,0,0
6432,CMP0004,477,2026-01-24,0,0,0
6433,CMP0004,329,2026-01-24,0,0,0
6434,CMP0004,1676,2026-01-24,1,1,0
6435,CMP0004,210,2026-01-24,1,0,0
6436,CMP0004,3815,2026-01-24,0,0,0
6437,CMP0004,3983,2026-01-24,0,0,0
6438,CMP0004,294,2026-01-24,0,0,0
6439,CMP0004,127,2026-01-24,0,0,0
6440,CMP0004,1192,2026-01-24,0,0,0
6441,CMP0004,884,2026-01-24,1,0,0
6442,CMP0004,3415,2026-01-24,0,0,0
6443,CMP0004,1971,2026-01-24,0,0,0
6444,CMP0004,2146,2026-01-24,1,0,0
6445,CMP0004,1793,2026-01-24,0,0,0
6446,CMP0004,3042,2026-01-24,1,0,0
6447,CMP0004,446,2026-01-24,0,0,0
6448,CMP0004,1557,2026-01-24,0,0,0
6449,CMP0004,2176,2026-01-24,0,0,0
6450,CMP0004,2652,2026-01-24,0,0,0
6451,CMP0004,1248,2026-01-24,0,0,0
6452,CMP0004,2346,2026-01-24,0,0,0
6453,CMP0004,3786,2026-01-24,1,1,0
6454,CMP0004,645,2026-01-24,0,0,0
6455,CMP0004,2875,2026-01-24,0,0,0
6456,CMP0004,3460,2026-01-24,0,0,0
6457,CMP0004,2977,2026-01-24,0,0,0
6458,CMP0004,1280,2026-01-24,0,0,0
6459,CMP0004,417,2026-01-24,0,0,0
6460,CMP0004,3154,2026-01-24,0,0,0
6461,CMP0004,3464,2026-01-24,0,0,0
6462,CMP0004,1940,2026-01-24,0,0,0
6463,CMP0004,1556,2026-01-24,0,0,0
6464,CMP0004,802,2026-01-24,1,1,0
6465,CMP0004,3121,2026-01-24,0,0,0
6466,CMP0004,3338,2026-01-24,0,0,0
6467,CMP0004,488,2026-01-24,0,0,0
6468,CMP0004,3583,2026-01-24,1,0,0
6469,CMP0004,701,2026-01-24,1,0,0
6470,CMP0004,1261,2026-01-24,0,0,0
6471,CMP0004,59,2026-01-24,0,0,0
6472,CMP0004,2902,2026-01-24,0,0,0
6473,CMP0004,1768,2026-01-24,0,0,0
6474,CMP0004,3110,2026-01-24,1,0,0
6475,CMP0004,1005,2026-01-24,0,0,0
6476,CMP0004,1767,2026-01-24,1,0,0
6477,CMP0004,3215,2026-01-24,0,0,0
6478,CMP0004,419,2026-01-24,0,0,0
6479,CMP0004,465,2026-01-24,1,0,0
6480,CMP0004,3431,2026-01-24,0,0,0
6481,CMP0004,2301,2026-01-24,0,0,0
6482,CMP0004,409,2026-01-24,0,0,0
6483,CMP0004,3078,2026-01-24,0,0,0
6484,CMP0004,1655,2026-01-24,0,0,0
6485,CMP0004,3569,2026-01-24,0,0,0
6486,CMP0004,2705,2026-01-24,0,0,0
6487,CMP0004,2659,2026-01-24,0,0,0
6488,CMP0004,197,2026-01-24,1,0,0
6489,CMP0004,2680,2026-01-24,0,0,0
6490,CMP0004,1109,2026-01-24,0,0,0
6491,CMP0004,1353,2026-01-24,1,0,0
6492,CMP0004,1200,2026-01-24,1,0,0
6493,CMP0004,524,2026-01-24,0,0,0
6494,CMP0004,585,2026-01-24,0,0,0
6495,CMP0004,3754,2026-01-24,0,0,0
6496,CMP0004,2139,2026-01-24,1,0,0
6497,CMP0004,1659,2026-01-24,1,0,0
6498,CMP0004,133,2026-01-24,0,0,0
6499,CMP0004,3546,2026-01-24,1,0,0
6500,CMP0004,2682,2026-01-24,0,0,0
6501,CMP0004,3392,2026-01-24,0,0,0
6502,CMP0004,2431,2026-01-24,0,0,0
6503,CMP0004,1775,2026-01-24,0,0,0
6504,CMP0004,3614,2026-01-24,1,0,0
6505,CMP0004,566,2026-01-24,0,0,0
6506,CMP0004,2819,2026-01-24,1,0,0
6507,CMP0004,796,2026-01-24,0,0,0
6508,CMP0004,3607,2026-01-24,0,0,0
6509,CMP0004,788,2026-01-24,0,0,0
6510,CMP0004,24,2026-01-24,1,0,0
6511,CMP0004,3746,2026-01-24,0,0,0
6512,CMP0004,2673,2026-01-24,0,0,0
6513,CMP0004,137,2026-01-24,0,0,0
6514,CMP0004,2351,2026-01-24,1,0,0
6515,CMP0004,1401,2026-01-24,0,0,0
6516,CMP0004,599,2026-01-24,0,0,0
6517,CMP0004,596,2026-01-24,1,1,0
6518,CMP0004,1377,2026-01-24,1,1,0
6519,CMP0004,3459,2026-01-24,0,0,0
6520,CMP0004,3342,2026-01-24,0,0,0
6521,CMP0004,3834,2026-01-24,1,1,0
6522,CMP0004,940,2026-01-24,0,0,0
6523,CMP0004,2874,2026-01-24,0,0,0
6524,CMP0004,2296,2026-01-24,0,0,0
6525,CMP0004,1803,2026-01-24,1,0,0
6526,CMP0004,3222,2026-01-24,0,0,0
6527,CMP0004,35,2026-01-24,1,0,0
6528,CMP0004,3001,2026-01-24,0,0,0
6529,CMP0004,3146,2026-01-24,0,0,0
6530,CMP0004,3317,2026-01-24,0,0,0
6531,CMP0004,2328,2026-01-24,0,0,0
6532,CMP0004,177,2026-01-24,0,0,0
6533,CMP0004,2083,2026-01-24,0,0,0
6534,CMP0004,2411,2026-01-24,1,0,0
6535,CMP0004,2694,2026-01-24,0,0,0
6536,CMP0004,780,2026-01-24,0,0,0
6537,CMP0004,3095,2026-01-24,0,0,0
6538,CMP0004,1140,2026-01-24,0,0,0
6539,CMP0004,2930,2026-01-24,0,0,0
6540,CMP0004,2495,2026-01-24,0,0,0
6541,CMP0004,2188,2026-01-24,0,0,0
6542,CMP0004,1378,2026-01-24,1,1,0
6543,CMP0004,1595,2026-01-24,1,1,0
6544,CMP0004,2653,2026-01-24,0,0,0
6545,CMP0004,2845,2026-01-24,0,0,0
6546,CMP0004,740,2026-01-24,0,0,0
6547,CMP0004,2333,2026-01-24,0,1,0
6548,CMP0004,1480,2026-01-24,0,0,0
6549,CMP0004,398,2026-01-24,0,0,0
6550,CMP0004,115,2026-01-24,0,0,0
6551,CMP0004,2660,2026-01-24,0,0,0
6552,CMP0004,1914,2026-01-24,0,0,0
6553,CMP0004,2556,2026-01-24,0,0,0
6554,CMP0004,2851,2026-01-24,0,0,0
6555,CMP0004,3816,2026-01-24,0,0,0
6556,CMP0004,3685,2026-01-24,1,0,0
6557,CMP0004,298,2026-01-24,0,0,0
6558,CMP0004,3011,2026-01-24,0,0,0
6559,CMP0004,996,2026-01-24,0,0,0
6560,CMP0004,654,2026-01-24,0,0,0
6561,CMP0004,1640,2026-01-24,0,0,0
6562,CMP0004,2700,2026-01-24,1,0,0
6563,CMP0004,1675,2026-01-24,0,0,0
6564,CMP0004,882,2026-01-24,0,0,0
6565,CMP0004,2566,2026-01-24,0,0,0
6566,CMP0004,3554,2026-01-24,0,0,0
6567,CMP0004,823,2026-01-24,0,0,0
6568,CMP0004,397,2026-01-24,0,0,0
6569,CMP0004,3234,2026-01-24,0,0,0
6570,CMP0004,1036,2026-01-24,0,0,0
6571,CMP0004,1482,2026-01-24,0,0,0
6572,CMP0004,761,2026-01-24,0,0,0
6573,CMP0004,680,2026-01-24,0,0,0
6574,CMP0004,3427,2026-01-24,0,0,0
6575,CMP0004,2376,2026-01-24,0,0,0
6576,CMP0004,2982,2026-01-24,0,0,0
6577,CMP0004,116,2026-01-24,0,0,0
6578,CMP0004,3561,2026-01-24,1,0,0
6579,CMP0004,3433,2026-01-24,0,0,0
6580,CMP0004,1362,2026-01-24,0,0,0
6581,CMP0004,509,2026-01-24,0,0,0
6582,CMP0004,1317,2026-01-24,1,0,0
6583,CMP0004,1899,2026-01-24,0,0,0
6584,CMP0004,2876,2026-01-24,1,0,0
6585,CMP0004,2335,2026-01-24,0,0,0
6586,CMP0004,531,2026-01-24,1,0,0
6587,CMP0004,2462,2026-01-24,0,0,0
6588,CMP0004,1269,2026-01-24,1,0,0
6589,CMP0004,2479,2026-01-24,1,0,0
6590,CMP0004,3197,2026-01-24,0,0,0
6591,CMP0004,1262,2026-01-24,1,0,0
6592,CMP0004,1724,2026-01-24,0,0,0
6593,CMP0004,973,2026-01-24,1,0,0
6594,CMP0004,325,2026-01-24,0,0,0
6595,CMP0004,2428,2026-01-24,0,0,0
6596,CMP0004,2485,2026-01-24,0,0,0
6597,CMP0004,2738,2026-01-24,0,0,0
6598,CMP0004,3022,2026-01-24,1,0,0
6599,CMP0004,1678,2026-01-24,0,0,0
6600,CMP0004,62,2026-01-24,1,0,0
6601,CMP0004,3788,2026-01-24,1,0,0
6602,CMP0004,1327,2026-01-24,0,0,0
6603,CMP0004,2021,2026-01-24,0,0,0
6604,CMP0004,1273,2026-01-24,0,0,0
6605,CMP0004,3133,2026-01-24,1,1,0
6606,CMP0004,3650,2026-01-24,0,0,0
6607,CMP0004,1517,2026-01-24,0,0,0
6608,CMP0004,1264,2026-01-24,1,0,0
6609,CMP0004,3466,2026-01-24,1,0,0
6610,CMP0004,1114,2026-01-24,0,0,0
6611,CMP0004,102,2026-01-24,0,0,0
6612,CMP0004,954,2026-01-24,0,0,0
6613,CMP0004,791,2026-01-24,0,0,0
6614,CMP0004,2513,2026-01-24,1,0,0
6615,CMP0004,179,2026-01-24,1,0,0
6616,CMP0004,966,2026-01-24,0,0,1
6617,CMP0004,3771,2026-01-24,1,0,0
6618,CMP0004,1243,2026-01-24,1,0,0
6619,CMP0004,1446,2026-01-24,0,0,0
6620,CMP0004,3711,2026-01-24,1,0,0
6621,CMP0004,763,2026-01-24,1,0,0
6622,CMP0004,3937,2026-01-24,0,0,0
6623,CMP0004,749,2026-01-24,0,0,0
6624,CMP0004,1650,2026-01-24,1,0,0
6625,CMP0004,2755,2026-01-24,1,0,0
6626,CMP0004,2643,2026-01-24,0,0,0
6627,CMP0004,109,2026-01-24,1,0,0
6628,CMP0004,2724,2026-01-24,1,0,0
6629,CMP0004,1717,2026-01-24,0,0,0
6630,CMP0004,540,2026-01-24,0,0,0
6631,CMP0004,606,2026-01-24,1,1,0
6632,CMP0004,3660,2026-01-24,0,0,0
6633,CMP0004,1002,2026-01-24,0,0,0
6634,CMP0004,521,2026-01-24,0,0,0
6635,CMP0004,99,2026-01-24,0,0,0
6636,CMP0004,867,2026-01-24,0,0,0
6637,CMP0004,1616,2026-01-24,1,0,0
6638,CMP0004,460,2026-01-24,0,0,0
6639,CMP0004,2776,2026-01-24,0,0,0
6640,CMP0004,219,2026-01-24,0,0,0
6641,CMP0004,111,2026-01-24,1,0,0
6642,CMP0004,1155,2026-01-24,0,0,0
6643,CMP0004,2683,2026-01-24,0,0,0
6644,CMP0004,3151,2026-01-24,1,0,0
6645,CMP0004,2405,2026-01-24,1,0,0
6646,CMP0004,2647,2026-01-24,1,0,0
6647,CMP0004,621,2026-01-24,0,0,0
6648,CMP0004,1288,2026-01-24,0,0,0
6649,CMP0004,1384,2026-01-24,0,0,0
6650,CMP0004,1795,2026-01-24,0,0,0
6651,CMP0004,2598,2026-01-24,0,0,0
6652,CMP0004,662,2026-01-24,0,0,0
6653,CMP0004,2980,2026-01-24,0,0,0
6654,CMP0004,725,2026-01-24,1,0,0
6655,CMP0004,710,2026-01-24,0,0,0
6656,CMP0004,2097,2026-01-24,0,0,0
6657,CMP0004,402,2026-01-24,1,0,0
6658,CMP0004,2570,2026-01-24,0,0,0
6659,CMP0004,2196,2026-01-24,1,0,0
6660,CMP0004,3967,2026-01-24,0,0,0
6661,CMP0004,1541,2026-01-24,0,0,0
6662,CMP0004,1783,2026-01-24,0,0,0
6663,CMP0055,3819,2022-12-12,0,0,0
6664,CMP0055,2509,2022-12-12,0,0,0
6665,CMP0055,2278,2022-12-12,1,0,0
6666,CMP0055,3943,2022-12-12,1,0,0
6667,CMP0055,3582,2022-12-12,1,0,0
6668,CMP0055,1198,2022-12-12,0,0,0
6669,CMP0055,1160,2022-12-12,0,0,0
6670,CMP0055,95,2022-12-12,0,0,0
6671,CMP0055,489,2022-12-12,0,0,0
6672,CMP0055,2083,2022-12-12,0,0,0
6673,CMP0055,91,2022-12-12,0,0,0
6674,CMP0055,498,2022-12-12,0,0,0
6675,CMP0055,2881,2022-12-12,0,0,0
6676,CMP0055,1170,2022-12-12,0,0,0
6677,CMP0055,3643,2022-12-12,1,0,0
6678,CMP0055,1372,2022-12-12,0,0,0
6679,CMP0055,1071,2022-12-12,1,0,0
6680,CMP0055,2066,2022-12-12,0,0,0
6681,CMP0055,3658,2022-12-12,1,1,0
6682,CMP0055,1385,2022-12-12,0,0,0
6683,CMP0055,1109,2022-12-12,1,0,0
6684,CMP0055,670,2022-12-12,0,0,0
6685,CMP0055,3685,2022-12-12,1,0,0
6686,CMP0055,3423,2022-12-12,0,0,0
6687,CMP0055,1650,2022-12-12,0,0,0
6688,CMP0055,2349,2022-12-12,0,0,0
6689,CMP0055,1787,2022-12-12,1,0,0
6690,CMP0055,3604,2022-12-12,0,0,0
6691,CMP0055,2896,2022-12-12,0,0,0
6692,CMP0055,515,2022-12-12,1,0,0
6693,CMP0055,3154,2022-12-12,0,0,0
6694,CMP0055,3383,2022-12-12,1,0,0
6695,CMP0055,2093,2022-12-12,0,0,0
6696,CMP0055,3548,2022-12-12,1,0,0
6697,CMP0055,317,2022-12-12,0,0,0
6698,CMP0055,1517,2022-12-12,0,0,0
6699,CMP0055,1759,2022-12-12,1,0,0
6700,CMP0055,602,2022-12-12,0,0,0
6701,CMP0055,2546,2022-12-12,1,1,0
6702,CMP0055,662,2022-12-12,1,0,0
6703,CMP0055,860,2022-12-12,0,0,0
6704,CMP0055,2495,2022-12-12,1,0,0
6705,CMP0055,1264,2022-12-12,0,0,0
6706,CMP0055,3196,2022-12-12,0,0,0
6707,CMP0055,192,2022-12-12,0,0,0
6708,CMP0055,2839,2022-12-12,0,0,0
6709,CMP0055,3487,2022-12-12,0,0,0
6710,CMP0055,1553,2022-12-12,0,0,0
6711,CMP0055,2405,2022-12-12,0,0,0
6712,CMP0055,1574,2022-12-12,0,0,0
6713,CMP0055,1633,2022-12-12,0,0,0
6714,CMP0055,1636,2022-12-12,0,0,0
6715,CMP0055,513,2022-12-12,0,0,0
6716,CMP0055,3729,2022-12-12,1,0,0
6717,CMP0055,2340,2022-12-12,0,0,0
6718,CMP0055,1217,2022-12-12,0,0,0
6719,CMP0055,1058,2022-12-12,0,0,0
6720,CMP0055,3539,2022-12-12,1,0,0
6721,CMP0055,408,2022-12-12,0,0,0
6722,CMP0055,246,2022-12-12,0,0,0
6723,CMP0055,465,2022-12-12,0,0,0
6724,CMP0055,1637,2022-12-12,0,0,0
6725,CMP0055,419,2022-12-12,1,1,0
6726,CMP0055,2626,2022-12-12,0,0,0
6727,CMP0055,820,2022-12-12,0,0,0
6728,CMP0055,1307,2022-12-12,0,0,0
6729,CMP0055,1940,2022-12-12,0,0,0
6730,CMP0055,2685,2022-12-12,1,0,0
6731,CMP0055,2704,2022-12-12,0,0,0
6732,CMP0055,1983,2022-12-12,0,0,0
6733,CMP0055,1493,2022-12-12,1,0,0
6734,CMP0055,3557,2022-12-12,1,1,0
6735,CMP0055,255,2022-12-12,0,0,0
6736,CMP0055,56,2022-12-12,0,0,0
6737,CMP0055,3426,2022-12-12,1,0,0
6738,CMP0055,3846,2022-12-12,1,0,0
6739,CMP0055,4015,2022-12-12,1,0,0
6740,CMP0055,3766,2022-12-12,0,0,0
6741,CMP0055,1905,2022-12-12,0,0,0
6742,CMP0055,2566,2022-12-12,0,0,0
6743,CMP0055,964,2022-12-12,0,0,0
6744,CMP0055,724,2022-12-12,0,0,0
6745,CMP0055,2930,2022-12-12,1,0,0
6746,CMP0055,1698,2022-12-12,0,0,0
6747,CMP0055,2752,2022-12-12,1,0,0
6748,CMP0055,3875,2022-12-12,0,0,0
6749,CMP0055,1541,2022-12-12,1,0,0
6750,CMP0055,996,2022-12-12,1,0,0
6751,CMP0055,1935,2022-12-12,0,0,0
6752,CMP0055,1459,2022-12-12,0,0,0
6753,CMP0055,167,2022-12-12,0,0,0
6754,CMP0055,3117,2022-12-12,0,0,0
6755,CMP0055,2570,2022-12-12,0,0,0
6756,CMP0055,3450,2022-12-12,0,0,0
6757,CMP0055,1577,2022-12-12,0,0,0
6758,CMP0055,2051,2022-12-12,0,0,0
6759,CMP0055,3856,2022-12-12,0,0,0
6760,CMP0055,1260,2022-12-12,1,0,0
6761,CMP0055,3230,2022-12-12,0,0,0
6762,CMP0055,2788,2022-12-12,1,0,0
6763,CMP0055,1591,2022-12-12,0,0,0
6764,CMP0055,3983,2022-12-12,0,0,0
6765,CMP0055,1059,2022-12-12,0,0,0
6766,CMP0055,32,2022-12-12,1,0,0
6767,CMP0055,823,2022-12-12,1,0,0
6768,CMP0055,2261,2022-12-12,0,0,0
6769,CMP0055,3665,2022-12-12,0,0,0
6770,CMP0055,1092,2022-12-12,1,0,0
6771,CMP0055,280,2022-12-12,0,0,0
6772,CMP0055,2293,2022-12-12,0,0,0
6773,CMP0055,3220,2022-12-12,0,0,0
6774,CMP0055,221,2022-12-12,0,0,0
6775,CMP0055,568,2022-12-12,0,0,0
6776,CMP0055,2456,2022-12-12,1,1,0
6777,CMP0055,2903,2022-12-12,1,0,0
6778,CMP0055,38,2022-12-12,1,0,0
6779,CMP0055,605,2022-12-12,0,0,0
6780,CMP0055,2221,2022-12-12,0,0,0
6781,CMP0055,3089,2022-12-12,1,1,0
6782,CMP0055,2911,2022-12-12,0,0,0
6783,CMP0055,779,2022-12-12,0,0,0
6784,CMP0055,1822,2022-12-12,1,0,0
6785,CMP0055,2513,2022-12-12,1,0,0
6786,CMP0055,1244,2022-12-12,0,0,0
6787,CMP0055,1569,2022-12-12,0,0,0
6788,CMP0055,3727,2022-12-12,1,0,0
6789,CMP0055,1463,2022-12-12,0,0,0
6790,CMP0055,222,2022-12-12,1,0,0
6791,CMP0055,1951,2022-12-12,0,0,0
6792,CMP0055,2037,2022-12-12,0,0,0
6793,CMP0055,62,2022-12-12,1,0,0
6794,CMP0055,1971,2022-12-12,0,0,0
6795,CMP0055,2689,2022-12-12,0,0,0
6796,CMP0055,2922,2022-12-12,1,0,0
6797,CMP0055,2193,2022-12-12,0,0,0
6798,CMP0055,3342,2022-12-12,1,0,0
6799,CMP0055,3641,2022-12-12,0,0,0
6800,CMP0055,3416,2022-12-12,0,0,0
6801,CMP0055,2013,2022-12-12,1,0,0
6802,CMP0055,2038,2022-12-12,0,0,0
6803,CMP0055,1908,2022-12-12,0,0,0
6804,CMP0055,1980,2022-12-12,1,1,0
6805,CMP0055,569,2022-12-12,0,0,0
6806,CMP0055,2401,2022-12-12,0,0,0
6807,CMP0055,1299,2022-12-12,1,0,0
6808,CMP0055,1789,2022-12-12,1,1,0
6809,CMP0055,3149,2022-12-12,1,0,0
6810,CMP0055,1234,2022-12-12,0,0,0
6811,CMP0055,3800,2022-12-12,1,0,0
6812,CMP0055,3495,2022-12-12,0,0,0
6813,CMP0055,3761,2022-12-12,1,0,0
6814,CMP0055,3113,2022-12-12,1,0,0
6815,CMP0055,3711,2022-12-12,0,0,0
6816,CMP0055,2326,2022-12-12,1,0,0
6817,CMP0055,922,2022-12-12,1,0,0
6818,CMP0055,248,2022-12-12,1,0,0
6819,CMP0055,391,2022-12-12,0,0,0
6820,CMP0055,3536,2022-12-12,1,1,0
6821,CMP0055,2654,2022-12-12,1,0,0
6822,CMP0055,743,2022-12-12,0,0,0
6823,CMP0055,2700,2022-12-12,0,0,0
6824,CMP0055,237,2022-12-12,0,0,0
6825,CMP0055,692,2022-12-12,1,1,0
6826,CMP0055,3355,2022-12-12,0,0,0
6827,CMP0055,2679,2022-12-12,1,0,0
6828,CMP0055,484,2022-12-12,0,0,0
6829,CMP0055,3191,2022-12-12,0,0,0
6830,CMP0055,625,2022-12-12,1,0,0
6831,CMP0055,2519,2022-12-12,0,0,0
6832,CMP0055,2524,2022-12-12,0,0,0
6833,CMP0055,1848,2022-12-12,1,0,0
6834,CMP0055,3499,2022-12-12,1,0,0
6835,CMP0055,2290,2022-12-12,0,0,0
6836,CMP0055,1012,2022-12-12,0,0,0
6837,CMP0055,2727,2022-12-12,0,0,0
6838,CMP0055,551,2022-12-12,0,0,0
6839,CMP0055,2288,2022-12-12,0,0,0
6840,CMP0055,1914,2022-12-12,1,0,0
6841,CMP0055,3845,2022-12-12,0,0,0
6842,CMP0055,2385,2022-12-12,0,0,0
6843,CMP0055,3554,2022-12-12,0,0,0
6844,CMP0055,1452,2022-12-12,1,0,0
6845,CMP0055,2710,2022-12-12,0,0,0
6846,CMP0055,494,2022-12-12,0,0,0
6847,CMP0055,2437,2022-12-12,0,0,0
6848,CMP0055,770,2022-12-12,0,0,0
6849,CMP0055,3714,2022-12-12,0,0,0
6850,CMP0055,2084,2022-12-12,0,0,0
6851,CMP0055,1809,2022-12-12,0,0,0
6852,CMP0055,1915,2022-12-12,1,0,0
6853,CMP0055,2996,2022-12-12,0,0,0
6854,CMP0055,2812,2022-12-12,1,0,0
6855,CMP0055,2057,2022-12-12,0,0,0
6856,CMP0055,1479,2022-12-12,0,0,0
6857,CMP0055,1250,2022-12-12,0,0,0
6858,CMP0055,3155,2022-12-12,0,0,0
6859,CMP0055,453,2022-12-12,1,0,0
6860,CMP0055,1387,2022-12-12,0,0,0
6861,CMP0055,3561,2022-12-12,0,0,0
6862,CMP0055,404,2022-12-12,0,0,0
6863,CMP0055,3476,2022-12-12,1,0,0
6864,CMP0055,2541,2022-12-12,1,0,0
6865,CMP0055,1769,2022-12-12,0,0,0
6866,CMP0055,1526,2022-12-12,1,0,0
6867,CMP0055,1579,2022-12-12,0,0,0
6868,CMP0055,3756,2022-12-12,1,1,0
6869,CMP0055,3413,2022-12-12,0,0,0
6870,CMP0055,3436,2022-12-12,1,0,0
6871,CMP0055,1450,2022-12-12,0,0,0
6872,CMP0055,643,2022-12-12,1,0,0
6873,CMP0055,974,2022-12-12,0,0,0
6874,CMP0055,2146,2022-12-12,0,0,0
6875,CMP0055,3676,2022-12-12,0,0,0
6876,CMP0055,3688,2022-12-12,0,0,0
6877,CMP0055,1334,2022-12-12,0,0,0
6878,CMP0055,2439,2022-12-12,0,0,0
6879,CMP0055,414,2022-12-12,0,0,0
6880,CMP0055,2180,2022-12-12,0,0,0
6881,CMP0055,517,2022-12-12,0,0,0
6882,CMP0055,3309,2022-12-12,0,0,0
6883,CMP0055,2949,2022-12-12,1,0,0
6884,CMP0055,3510,2022-12-12,0,0,0
6885,CMP0055,322,2022-12-12,1,0,0
6886,CMP0055,3837,2022-12-12,0,0,0
6887,CMP0055,657,2022-12-12,1,0,0
6888,CMP0055,3443,2022-12-12,0,0,0
6889,CMP0055,185,2022-12-12,0,0,0
6890,CMP0055,2270,2022-12-12,0,0,0
6891,CMP0055,2951,2022-12-12,0,0,0
6892,CMP0055,3452,2022-12-12,0,0,0
6893,CMP0055,2252,2022-12-12,1,0,0
6894,CMP0055,3232,2022-12-12,0,0,0
6895,CMP0055,2499,2022-12-12,1,1,0
6896,CMP0055,797,2022-12-12,1,0,0
6897,CMP0055,673,2022-12-12,0,0,0
6898,CMP0055,733,2022-12-12,0,0,0
6899,CMP0055,1158,2022-12-12,0,0,0
6900,CMP0055,2272,2022-12-12,0,0,0
6901,CMP0055,1568,2022-12-12,0,0,0
6902,CMP0055,3493,2022-12-12,0,0,0
6903,CMP0055,1280,2022-12-12,0,0,0
6904,CMP0055,642,2022-12-12,0,0,0
6905,CMP0055,1816,2022-12-12,0,0,0
6906,CMP0055,2398,2022-12-12,0,0,0
6907,CMP0055,2228,2022-12-12,0,0,0
6908,CMP0055,1021,2022-12-12,1,0,0
6909,CMP0055,146,2022-12-12,1,1,0
6910,CMP0055,2232,2022-12-12,0,0,0
6911,CMP0055,982,2022-12-12,1,0,0
6912,CMP0055,2819,2022-12-12,0,0,0
6913,CMP0055,2476,2022-12-12,0,0,0
6914,CMP0055,2971,2022-12-12,0,0,0
6915,CMP0055,420,2022-12-12,1,0,0
6916,CMP0055,866,2022-12-12,0,0,0
6917,CMP0055,682,2022-12-12,1,1,0
6918,CMP0055,559,2022-12-12,0,0,0
6919,CMP0055,3581,2022-12-12,1,0,0
6920,CMP0055,3816,2022-12-12,0,0,0
6921,CMP0055,2138,2022-12-12,1,1,0
6922,CMP0055,805,2022-12-12,1,1,0
6923,CMP0055,3868,2022-12-12,0,0,0
6924,CMP0055,2363,2022-12-12,0,0,0
6925,CMP0055,626,2022-12-12,0,0,0
6926,CMP0055,2609,2022-12-12,0,0,0
6927,CMP0055,2047,2022-12-12,1,1,0
6928,CMP0055,355,2022-12-12,0,0,0
6929,CMP0055,1523,2022-12-12,0,0,0
6930,CMP0055,1011,2022-12-12,1,0,0
6931,CMP0055,2397,2022-12-12,1,0,0
6932,CMP0055,3429,2022-12-12,0,0,0
6933,CMP0055,2998,2022-12-12,0,0,0
6934,CMP0055,3267,2022-12-12,0,0,0
6935,CMP0055,621,2022-12-12,1,1,0
6936,CMP0055,1397,2022-12-12,1,0,0
6937,CMP0055,534,2022-12-12,0,0,0
6938,CMP0055,2361,2022-12-12,0,0,0
6939,CMP0055,3519,2022-12-12,0,0,0
6940,CMP0055,3858,2022-12-12,0,0,0
6941,CMP0055,1439,2022-12-12,0,0,0
6942,CMP0055,2421,2022-12-12,1,0,0
6943,CMP0055,281,2022-12-12,0,0,0
6944,CMP0055,3066,2022-12-12,0,0,0
6945,CMP0055,808,2022-12-12,0,0,0
6946,CMP0055,836,2022-12-12,0,0,0
6947,CMP0055,3776,2022-12-12,1,0,0
6948,CMP0055,2460,2022-12-12,1,0,0
6949,CMP0055,1710,2022-12-12,1,0,0
6950,CMP0055,1532,2022-12-12,0,0,0
6951,CMP0055,1891,2022-12-12,1,0,0
6952,CMP0055,1745,2022-12-12,0,0,0
6953,CMP0055,2226,2022-12-12,0,0,0
6954,CMP0055,2756,2022-12-12,1,1,1
6955,CMP0055,3366,2022-12-12,0,0,0
6956,CMP0055,3884,2022-12-12,0,0,0
6957,CMP0055,313,2022-12-12,0,0,0
6958,CMP0055,3920,2022-12-12,1,0,0
6959,CMP0055,752,2022-12-12,0,0,0
6960,CMP0055,132,2022-12-12,1,1,0
6961,CMP0055,1243,2022-12-12,0,0,0
6962,CMP0055,2759,2022-12-12,0,0,0
6963,CMP0055,1519,2022-12-12,1,0,0
6964,CMP0055,466,2022-12-12,1,1,0
6965,CMP0055,2384,2022-12-12,0,0,0
6966,CMP0055,2323,2022-12-12,1,0,0
6967,CMP0055,2583,2022-12-12,0,0,0
6968,CMP0055,2556,2022-12-12,0,0,0
6969,CMP0055,2182,2022-12-12,0,0,0
6970,CMP0055,2463,2022-12-12,0,0,0
6971,CMP0055,1678,2022-12-12,0,0,0
6972,CMP0055,3480,2022-12-12,1,1,0
6973,CMP0055,1597,2022-12-12,0,0,0
6974,CMP0055,1205,2022-12-12,0,0,0
6975,CMP0055,2722,2022-12-12,0,0,0
6976,CMP0055,3401,2022-12-12,0,0,0
6977,CMP0055,543,2022-12-12,1,0,0
6978,CMP0055,2803,2022-12-12,0,0,0
6979,CMP0055,1404,2022-12-12,0,0,0
6980,CMP0055,2861,2022-12-12,0,0,0
6981,CMP0055,2711,2022-12-12,0,0,0
6982,CMP0055,3369,2022-12-12,0,0,0
6983,CMP0055,2447,2022-12-12,0,0,0
6984,CMP0055,3627,2022-12-12,0,0,0
6985,CMP0055,3496,2022-12-12,0,0,0
6986,CMP0055,3541,2022-12-12,1,0,0
6987,CMP0055,3206,2022-12-12,0,0,0
6988,CMP0055,3494,2022-12-12,0,0,0
6989,CMP0055,409,2022-12-12,0,0,0
6990,CMP0055,1893,2022-12-12,0,0,0
6991,CMP0055,302,2022-12-12,0,0,0
6992,CMP0055,2776,2022-12-12,1,0,0
6993,CMP0055,3087,2022-12-12,0,0,0
6994,CMP0055,3282,2022-12-12,1,0,0
6995,CMP0055,2869,2022-12-12,0,0,0
6996,CMP0055,125,2022-12-12,1,0,0
6997,CMP0055,2760,2022-12-12,0,0,0
6998,CMP0055,2329,2022-12-12,1,0,0
6999,CMP0055,1631,2022-12-12,1,1,0
7000,CMP0055,2571,2022-12-12,1,0,0
7001,CMP0055,1431,2022-12-12,1,0,0
7002,CMP0055,1918,2022-12-12,1,1,0
7003,CMP0055,3730,2022-12-12,0,0,0
7004,CMP0055,1405,2022-12-12,1,0,0
7005,CMP0055,653,2022-12-12,0,0,0
7006,CMP0055,739,2022-12-12,0,0,0
7007,CMP0055,2003,2022-12-12,0,0,0
7008,CMP0055,1401,2022-12-12,1,0,0
7009,CMP0055,303,2022-12-12,0,0,0
7010,CMP0055,1936,2022-12-12,1,0,0
7011,CMP0055,3517,2022-12-12,0,0,0
7012,CMP0055,741,2022-12-12,0,0,0
7013,CMP0055,576,2022-12-12,1,0,0
7014,CMP0055,2127,2022-12-12,1,0,0
7015,CMP0055,2859,2022-12-12,1,0,0
7016,CMP0055,252,2022-12-12,1,0,0
7017,CMP0055,583,2022-12-12,1,1,0
7018,CMP0055,1757,2022-12-12,1,0,0
7019,CMP0055,1048,2022-12-12,1,0,0
7020,CMP0055,2769,2022-12-12,0,0,0
7021,CMP0055,1793,2022-12-12,1,1,0
7022,CMP0055,2823,2022-12-12,0,0,0
7023,CMP0055,1329,2022-12-12,1,0,0
7024,CMP0055,186,2022-12-12,0,0,0
7025,CMP0055,245,2022-12-12,1,0,0
7026,CMP0055,1392,2022-12-12,0,0,0
7027,CMP0055,388,2022-12-12,1,0,0
7028,CMP0055,1502,2022-12-12,0,0,0
7029,CMP0055,2371,2022-12-12,1,1,0
7030,CMP0055,326,2022-12-12,0,0,0
7031,CMP0055,2561,2022-12-12,0,0,0
7032,CMP0055,3321,2022-12-12,0,0,0
7033,CMP0055,3248,2022-12-12,0,0,0
7034,CMP0055,3407,2022-12-12,0,0,0
7035,CMP0055,995,2022-12-12,0,0,0
7036,CMP0055,3832,2022-12-12,0,0,0
7037,CMP0055,3437,2022-12-12,0,0,0
7038,CMP0055,3903,2022-12-12,0,0,0
7039,CMP0055,1352,2022-12-12,1,0,0
7040,CMP0055,2019,2022-12-12,0,0,0
7041,CMP0055,1516,2022-12-12,0,0,0
7042,CMP0055,1467,2022-12-12,1,1,0
7043,CMP0055,106,2022-12-12,0,0,0
7044,CMP0055,2779,2022-12-12,0,0,0
7045,CMP0055,3842,2022-12-12,0,0,0
7046,CMP0055,2836,2022-12-12,0,0,0
7047,CMP0055,2331,2022-12-12,0,0,0
7048,CMP0055,2416,2022-12-12,0,0,0
7049,CMP0055,757,2022-12-12,0,0,0
7050,CMP0055,1253,2022-12-12,1,0,0
7051,CMP0055,615,2022-12-12,1,0,0
7052,CMP0055,3497,2022-12-12,1,0,0
7053,CMP0055,2562,2022-12-12,1,0,0
7054,CMP0055,1725,2022-12-12,0,0,0
7055,CMP0055,2376,2022-12-12,0,0,0
7056,CMP0055,804,2022-12-12,0,0,0
7057,CMP0055,3160,2022-12-12,0,0,0
7058,CMP0055,2422,2022-12-12,1,0,0
7059,CMP0055,300,2022-12-12,0,0,0
7060,CMP0055,3664,2022-12-12,0,0,0
7061,CMP0055,475,2022-12-12,0,0,0
7062,CMP0055,3177,2022-12-12,0,0,0
7063,CMP0055,1140,2022-12-12,0,0,0
7064,CMP0055,2662,2022-12-12,0,1,0
7065,CMP0055,1925,2022-12-12,1,0,0
7066,CMP0055,3315,2022-12-12,0,0,0
7067,CMP0055,1386,2022-12-12,0,0,0
7068,CMP0055,2997,2022-12-12,1,0,0
7069,CMP0055,1149,2022-12-12,0,0,0
7070,CMP0055,3033,2022-12-12,1,1,0
7071,CMP0055,2382,2022-12-12,1,0,0
7072,CMP0055,2483,2022-12-12,1,1,0
7073,CMP0055,224,2022-12-12,0,0,0
7074,CMP0055,1327,2022-12-12,0,0,0
7075,CMP0055,3219,2022-12-12,0,0,0
7076,CMP0055,2381,2022-12-12,1,0,0
7077,CMP0055,1835,2022-12-12,0,0,0
7078,CMP0055,1795,2022-12-12,0,0,1
7079,CMP0055,1024,2022-12-12,0,0,0
7080,CMP0055,2590,2022-12-12,0,0,0
7081,CMP0055,3866,2022-12-12,0,0,0
7082,CMP0055,3016,2022-12-12,0,0,0
7083,CMP0055,3528,2022-12-12,0,0,0
7084,CMP0055,3298,2022-12-12,1,1,0
7085,CMP0055,3254,2022-12-12,1,0,0
7086,CMP0055,1717,2022-12-12,1,1,0
7087,CMP0055,3754,2022-12-12,0,0,0
7088,CMP0055,243,2022-12-12,0,0,0
7089,CMP0055,1310,2022-12-12,1,0,0
7090,CMP0055,3648,2022-12-12,0,0,0
7091,CMP0055,2833,2022-12-12,0,0,0
7092,CMP0055,1912,2022-12-12,1,1,0
7093,CMP0055,356,2022-12-12,0,0,0
7094,CMP0055,3424,2022-12-12,0,0,0
7095,CMP0055,604,2022-12-12,0,0,0
7096,CMP0055,469,2022-12-12,0,0,0
7097,CMP0055,162,2022-12-12,1,0,0
7098,CMP0055,3717,2022-12-12,0,0,0
7099,CMP0055,3817,2022-12-12,0,0,0
7100,CMP0055,945,2022-12-12,0,0,0
7101,CMP0055,3311,2022-12-12,0,0,0
7102,CMP0055,3619,2022-12-12,0,0,0
7103,CMP0055,1670,2022-12-12,0,0,0
7104,CMP0055,2387,2022-12-12,0,0,0
7105,CMP0055,2866,2022-12-12,0,0,0
7106,CMP0055,2328,2022-12-12,0,0,1
7107,CMP0055,2946,2022-12-12,0,0,0
7108,CMP0055,2096,2022-12-12,0,0,0
7109,CMP0055,3197,2022-12-12,0,0,0
7110,CMP0055,2350,2022-12-12,0,0,0
7111,CMP0055,3530,2022-12-12,1,0,0
7112,CMP0055,1906,2022-12-12,0,0,0
7113,CMP0055,1877,2022-12-12,1,1,0
7114,CMP0055,537,2022-12-12,0,0,0
7115,CMP0055,865,2022-12-12,0,0,0
7116,CMP0055,2781,2022-12-12,1,0,0
7117,CMP0055,3075,2022-12-12,0,0,0
7118,CMP0055,3813,2022-12-12,1,0,0
7119,CMP0055,1134,2022-12-12,0,0,0
7120,CMP0055,1640,2022-12-12,1,1,0
7121,CMP0055,2094,2022-12-12,1,0,0
7122,CMP0055,1742,2022-12-12,1,1,0
7123,CMP0055,3170,2022-12-12,0,0,0
7124,CMP0055,3666,2022-12-12,1,1,0
7125,CMP0055,668,2022-12-12,0,0,0
7126,CMP0055,2468,2022-12-12,1,1,0
7127,CMP0055,2878,2022-12-12,0,0,0
7128,CMP0055,2126,2022-12-12,0,0,0
7129,CMP0055,3207,2022-12-12,0,0,0
7130,CMP0055,2106,2022-12-12,1,0,0
7131,CMP0055,1304,2022-12-12,0,0,0
7132,CMP0055,1528,2022-12-12,0,0,0
7133,CMP0055,3327,2022-12-12,0,0,0
7134,CMP0055,978,2022-12-12,0,0,0
7135,CMP0055,452,2022-12-12,0,0,0
7136,CMP0055,691,2022-12-12,0,0,0
7137,CMP0055,3299,2022-12-12,0,0,0
7138,CMP0055,828,2022-12-12,0,0,0
7139,CMP0055,1356,2022-12-12,0,0,0
7140,CMP0055,3782,2022-12-12,1,0,0
7141,CMP0055,4,2022-12-12,0,0,0
7142,CMP0055,1779,2022-12-12,1,0,0
7143,CMP0055,2109,2022-12-12,0,0,0
7144,CMP0055,1974,2022-12-12,0,0,0
7145,CMP0055,3982,2022-12-12,0,0,0
7146,CMP0055,1869,2022-12-12,0,0,0
7147,CMP0055,2538,2022-12-12,0,0,0
7148,CMP0055,2305,2022-12-12,0,0,0
7149,CMP0055,2201,2022-12-12,0,0,0
7150,CMP0055,2498,2022-12-12,0,0,0
7151,CMP0055,3318,2022-12-12,0,0,0
7152,CMP0055,1241,2022-12-12,1,0,0
7153,CMP0055,991,2022-12-12,0,0,0
7154,CMP0055,2993,2022-12-12,1,0,0
7155,CMP0055,1373,2022-12-12,1,0,0
7156,CMP0055,3171,2022-12-12,0,0,0
7157,CMP0055,2166,2022-12-12,0,0,0
7158,CMP0055,1342,2022-12-12,0,0,0
7159,CMP0055,822,2022-12-12,0,0,0
7160,CMP0055,3482,2022-12-12,0,0,0
7161,CMP0055,3984,2022-12-12,0,0,0
7162,CMP0055,492,2022-12-12,0,0,0
7163,CMP0055,3184,2022-12-12,0,0,0
7164,CMP0055,3969,2022-12-12,0,0,0
7165,CMP0055,295,2022-12-12,0,0,0
7166,CMP0055,854,2022-12-12,0,0,0
7167,CMP0055,2111,2022-12-12,0,0,0
7168,CMP0055,3709,2022-12-12,1,1,0
7169,CMP0055,3414,2022-12-12,1,0,0
7170,CMP0055,1755,2022-12-12,0,0,0
7171,CMP0055,3835,2022-12-12,0,0,0
7172,CMP0055,331,2022-12-12,0,0,0
7173,CMP0055,999,2022-12-12,0,0,0
7174,CMP0055,3025,2022-12-12,1,0,0
7175,CMP0055,2154,2022-12-12,1,0,0
7176,CMP0055,3340,2022-12-12,1,0,0
7177,CMP0055,2409,2022-12-12,1,0,0
7178,CMP0055,2765,2022-12-12,1,0,0
7179,CMP0055,976,2022-12-12,1,0,0
7180,CMP0055,3301,2022-12-12,1,1,0
7181,CMP0055,3199,2022-12-12,0,0,0
7182,CMP0055,883,2022-12-12,0,0,0
7183,CMP0055,1108,2022-12-12,1,0,0
7184,CMP0055,3404,2022-12-12,0,0,0
7185,CMP0055,3053,2022-12-12,0,0,0
7186,CMP0055,416,2022-12-12,0,0,0
7187,CMP0055,3735,2022-12-12,0,0,0
7188,CMP0055,1096,2022-12-12,1,0,0
7189,CMP0055,2928,2022-12-12,1,0,0
7190,CMP0055,1922,2022-12-12,0,0,0
7191,CMP0055,1692,2022-12-12,0,0,0
7192,CMP0055,1235,2022-12-12,1,0,0
7193,CMP0055,3857,2022-12-12,0,0,0
7194,CMP0055,1970,2022-12-12,0,0,0
7195,CMP0055,378,2022-12-12,0,0,0
7196,CMP0055,2171,2022-12-12,0,0,0
7197,CMP0055,1100,2022-12-12,0,0,0
7198,CMP0055,2832,2022-12-12,0,0,0
7199,CMP0055,2742,2022-12-12,0,0,0
7200,CMP0055,1917,2022-12-12,0,0,0
7201,CMP0055,152,2022-12-12,1,0,0
7202,CMP0055,259,2022-12-12,0,0,0
7203,CMP0055,3054,2022-12-12,1,0,0
7204,CMP0055,3489,2022-12-12,1,0,0
7205,CMP0055,443,2022-12-12,1,0,0
7206,CMP0055,2948,2022-12-12,0,0,0
7207,CMP0055,2399,2022-12-12,0,0,0
7208,CMP0055,3696,2022-12-12,1,0,0
7209,CMP0055,3247,2022-12-12,1,0,0
7210,CMP0055,2156,2022-12-12,0,0,0
7211,CMP0055,849,2022-12-12,1,0,0
7212,CMP0055,3141,2022-12-12,0,0,0
7213,CMP0055,2251,2022-12-12,0,0,0
7214,CMP0055,3394,2022-12-12,0,0,0
7215,CMP0055,4018,2022-12-12,0,0,0
7216,CMP0055,1705,2022-12-12,1,1,0
7217,CMP0055,998,2022-12-12,0,0,0
7218,CMP0055,1895,2022-12-12,1,0,0
7219,CMP0055,36,2022-12-12,0,0,0
7220,CMP0055,2894,2022-12-12,0,0,0
7221,CMP0055,2592,2022-12-12,0,0,0
7222,CMP0055,2455,2022-12-12,0,0,0
7223,CMP0055,2798,2022-12-12,1,0,0
7224,CMP0055,1827,2022-12-12,0,0,0
7225,CMP0055,573,2022-12-12,0,0,0
7226,CMP0055,180,2022-12-12,0,0,0
7227,CMP0055,3769,2022-12-12,0,0,0
7228,CMP0055,1880,2022-12-12,0,0,0
7229,CMP0055,2692,2022-12-12,1,0,0
7230,CMP0055,200,2022-12-12,0,0,0
7231,CMP0055,3287,2022-12-12,0,0,0
7232,CMP0055,477,2022-12-12,0,0,0
7233,CMP0055,1866,2022-12-12,0,0,0
7234,CMP0055,3492,2022-12-12,0,0,0
7235,CMP0055,3827,2022-12-12,1,0,0
7236,CMP0055,2236,2022-12-12,1,0,0
7237,CMP0055,3773,2022-12-12,1,1,0
7238,CMP0055,3970,2022-12-12,0,0,0
7239,CMP0055,603,2022-12-12,0,0,0
7240,CMP0055,1748,2022-12-12,0,0,0
7241,CMP0055,1614,2022-12-12,0,0,0
7242,CMP0055,2477,2022-12-12,0,0,0
7243,CMP0055,2454,2022-12-12,0,0,0
7244,CMP0055,3784,2022-12-12,0,0,0
7245,CMP0055,842,2022-12-12,1,0,0
7246,CMP0055,1271,2022-12-12,0,0,0
7247,CMP0055,3273,2022-12-12,0,0,0
7248,CMP0055,397,2022-12-12,0,0,0
7249,CMP0055,2490,2022-12-12,0,0,0
7250,CMP0055,3214,2022-12-12,0,0,0
7251,CMP0055,671,2022-12-12,0,0,0
7252,CMP0055,3672,2022-12-12,1,0,0
7253,CMP0055,65,2022-12-12,0,0,0
7254,CMP0055,193,2022-12-12,1,1,0
7255,CMP0055,623,2022-12-12,1,0,0
7256,CMP0055,3209,2022-12-12,0,0,0
7257,CMP0055,3228,2022-12-12,1,0,0
7258,CMP0055,2218,2022-12-12,1,0,0
7259,CMP0055,2888,2022-12-12,1,0,0
7260,CMP0055,680,2022-12-12,0,0,0
7261,CMP0055,588,2022-12-12,0,0,0
7262,CMP0055,3000,2022-12-12,1,0,0
7263,CMP0055,2854,2022-12-12,1,1,0
7264,CMP0055,894,2022-12-12,0,0,0
7265,CMP0055,2618,2022-12-12,0,0,0
7266,CMP0055,2494,2022-12-12,0,0,0
7267,CMP0055,1708,2022-12-12,1,0,0
7268,CMP0055,1436,2022-12-12,0,0,0
7269,CMP0055,2687,2022-12-12,1,0,0
7270,CMP0055,3185,2022-12-12,0,0,0
7271,CMP0055,758,2022-12-12,0,0,0
7272,CMP0055,2436,2022-12-12,1,1,0
7273,CMP0055,197,2022-12-12,0,0,0
7274,CMP0055,1362,2022-12-12,1,1,0
7275,CMP0055,1186,2022-12-12,0,0,0
7276,CMP0055,1433,2022-12-12,1,0,0
7277,CMP0055,2190,2022-12-12,0,0,0
7278,CMP0055,177,2022-12-12,1,0,0
7279,CMP0055,793,2022-12-12,0,0,0
7280,CMP0055,323,2022-12-12,0,0,0
7281,CMP0055,532,2022-12-12,1,0,0
7282,CMP0055,1193,2022-12-12,1,0,0
7283,CMP0055,1064,2022-12-12,1,0,0
7284,CMP0055,3937,2022-12-12,0,0,0
7285,CMP0055,2133,2022-12-12,0,0,0
7286,CMP0055,1911,2022-12-12,0,0,0
7287,CMP0055,1183,2022-12-12,1,0,0
7288,CMP0055,3745,2022-12-12,0,0,0
7289,CMP0055,2243,2022-12-12,1,0,0
7290,CMP0188,3199,2024-10-20,0,0,0
7291,CMP0188,1949,2024-10-20,0,0,0
7292,CMP0188,2757,2024-10-20,0,0,0
7293,CMP0188,3181,2024-10-20,1,1,0
7294,CMP0188,1478,2024-10-20,0,0,0
7295,CMP0188,215,2024-10-20,0,0,0
7296,CMP0188,1541,2024-10-20,0,0,0
7297,CMP0188,2792,2024-10-20,1,0,0
7298,CMP0188,2346,2024-10-20,0,0,0
7299,CMP0188,2548,2024-10-20,1,0,0
7300,CMP0188,3754,2024-10-20,0,0,0
7301,CMP0188,1623,2024-10-20,0,0,0
7302,CMP0188,1886,2024-10-20,1,1,0
7303,CMP0188,3142,2024-10-20,1,0,0
7304,CMP0188,2629,2024-10-20,0,0,0
7305,CMP0188,1379,2024-10-20,0,0,0
7306,CMP0188,2310,2024-10-20,0,0,0
7307,CMP0188,676,2024-10-20,1,0,0
7308,CMP0188,1696,2024-10-20,0,0,0
7309,CMP0188,2182,2024-10-20,1,0,0
7310,CMP0188,1439,2024-10-20,0,0,0
7311,CMP0188,3257,2024-10-20,1,0,0
7312,CMP0188,3738,2024-10-20,0,0,0
7313,CMP0188,3614,2024-10-20,1,0,0
7314,CMP0188,1652,2024-10-20,0,0,0
7315,CMP0188,452,2024-10-20,0,0,0
7316,CMP0188,1029,2024-10-20,1,1,0
7317,CMP0188,2127,2024-10-20,0,0,0
7318,CMP0188,414,2024-10-20,0,0,0
7319,CMP0188,2480,2024-10-20,0,0,0
7320,CMP0188,2651,2024-10-20,1,0,0
7321,CMP0188,152,2024-10-20,1,0,0
7322,CMP0188,2609,2024-10-20,1,0,0
7323,CMP0188,1061,2024-10-20,0,0,0
7324,CMP0188,2164,2024-10-20,1,0,0
7325,CMP0188,985,2024-10-20,0,0,0
7326,CMP0188,55,2024-10-20,0,0,0
7327,CMP0188,3745,2024-10-20,0,0,0
7328,CMP0188,224,2024-10-20,1,1,0
7329,CMP0188,563,2024-10-20,0,0,0
7330,CMP0188,3845,2024-10-20,1,0,0
7331,CMP0188,2951,2024-10-20,0,0,0
7332,CMP0188,1601,2024-10-20,1,0,0
7333,CMP0188,2294,2024-10-20,0,0,0
7334,CMP0188,1960,2024-10-20,0,0,0
7335,CMP0188,446,2024-10-20,0,0,0
7336,CMP0188,393,2024-10-20,0,0,0
7337,CMP0188,1406,2024-10-20,1,0,0
7338,CMP0188,2714,2024-10-20,1,0,0
7339,CMP0188,867,2024-10-20,0,0,0
7340,CMP0188,1633,2024-10-20,0,0,0
7341,CMP0188,2475,2024-10-20,0,0,0
7342,CMP0188,1446,2024-10-20,0,0,0
7343,CMP0188,3167,2024-10-20,0,0,0
7344,CMP0188,3758,2024-10-20,0,0,0
7345,CMP0188,3816,2024-10-20,1,1,0
7346,CMP0188,3249,2024-10-20,1,0,0
7347,CMP0188,2815,2024-10-20,0,0,0
7348,CMP0188,1521,2024-10-20,1,1,0
7349,CMP0188,2587,2024-10-20,1,1,0
7350,CMP0188,3409,2024-10-20,0,0,0
7351,CMP0188,643,2024-10-20,1,0,0
7352,CMP0188,2102,2024-10-20,1,0,0
7353,CMP0188,698,2024-10-20,0,0,0
7354,CMP0188,1557,2024-10-20,1,0,0
7355,CMP0188,10,2024-10-20,0,0,0
7356,CMP0188,2961,2024-10-20,0,0,0
7357,CMP0188,3487,2024-10-20,0,0,0
7358,CMP0188,3221,2024-10-20,0,0,0
7359,CMP0188,1665,2024-10-20,1,0,0
7360,CMP0188,3907,2024-10-20,1,1,0
7361,CMP0188,3191,2024-10-20,0,0,0
7362,CMP0188,212,2024-10-20,0,0,0
7363,CMP0188,181,2024-10-20,0,0,0
7364,CMP0188,3867,2024-10-20,1,0,0
7365,CMP0188,498,2024-10-20,1,0,0
7366,CMP0188,3563,2024-10-20,1,1,0
7367,CMP0188,3471,2024-10-20,1,0,0
7368,CMP0188,1174,2024-10-20,1,0,0
7369,CMP0188,971,2024-10-20,0,0,0
7370,CMP0188,621,2024-10-20,0,0,0
7371,CMP0188,2653,2024-10-20,0,0,0
7372,CMP0188,1315,2024-10-20,0,0,0
7373,CMP0188,2731,2024-10-20,1,0,0
7374,CMP0188,16,2024-10-20,1,0,0
7375,CMP0188,1603,2024-10-20,0,0,0
7376,CMP0188,1953,2024-10-20,0,0,0
7377,CMP0188,3447,2024-10-20,0,0,0
7378,CMP0188,3318,2024-10-20,1,0,0
7379,CMP0188,2452,2024-10-20,1,1,0
7380,CMP0188,2665,2024-10-20,0,0,0
7381,CMP0188,3389,2024-10-20,1,1,0
7382,CMP0188,3671,2024-10-20,0,0,0
7383,CMP0188,2490,2024-10-20,0,0,0
7384,CMP0188,2908,2024-10-20,1,0,0
7385,CMP0188,3052,2024-10-20,0,0,0
7386,CMP0188,722,2024-10-20,1,0,0
7387,CMP0188,3071,2024-10-20,1,0,0
7388,CMP0188,1285,2024-10-20,0,0,0
7389,CMP0188,3546,2024-10-20,0,0,0
7390,CMP0188,36,2024-10-20,0,0,0
7391,CMP0188,2476,2024-10-20,0,0,0
7392,CMP0188,2334,2024-10-20,0,0,0
7393,CMP0188,3241,2024-10-20,1,0,0
7394,CMP0188,1594,2024-10-20,0,0,0
7395,CMP0188,3710,2024-10-20,0,0,0
7396,CMP0188,2477,2024-10-20,0,0,0
7397,CMP0188,1381,2024-10-20,0,0,0
7398,CMP0188,791,2024-10-20,1,0,0
7399,CMP0188,1377,2024-10-20,0,0,0
7400,CMP0188,1753,2024-10-20,0,0,0
7401,CMP0188,2014,2024-10-20,0,0,0
7402,CMP0188,1428,2024-10-20,1,0,0
7403,CMP0188,1598,2024-10-20,0,0,0
7404,CMP0188,1090,2024-10-20,1,1,0
7405,CMP0188,2503,2024-10-20,1,0,0
7406,CMP0188,3493,2024-10-20,1,0,0
7407,CMP0188,1986,2024-10-20,0,0,0
7408,CMP0188,3437,2024-10-20,1,1,0
7409,CMP0188,584,2024-10-20,1,0,0
7410,CMP0188,1523,2024-10-20,0,0,0
7411,CMP0188,2498,2024-10-20,1,0,0
7412,CMP0188,3567,2024-10-20,0,0,0
7413,CMP0188,2333,2024-10-20,0,0,0
7414,CMP0188,2846,2024-10-20,0,0,0
7415,CMP0188,810,2024-10-20,0,0,0
7416,CMP0188,1038,2024-10-20,1,0,0
7417,CMP0188,3858,2024-10-20,1,0,0
7418,CMP0188,1363,2024-10-20,0,0,0
7419,CMP0188,1848,2024-10-20,1,0,0
7420,CMP0188,1001,2024-10-20,1,0,0
7421,CMP0188,3193,2024-10-20,0,0,0
7422,CMP0188,3746,2024-10-20,0,0,0
7423,CMP0188,3015,2024-10-20,1,0,0
7424,CMP0188,618,2024-10-20,0,0,0
7425,CMP0188,3132,2024-10-20,0,0,0
7426,CMP0188,2130,2024-10-20,0,0,0
7427,CMP0188,2409,2024-10-20,0,0,0
7428,CMP0188,1435,2024-10-20,1,0,0
7429,CMP0188,1021,2024-10-20,1,1,0
7430,CMP0188,3705,2024-10-20,1,0,0
7431,CMP0188,1904,2024-10-20,0,0,0
7432,CMP0188,1364,2024-10-20,0,0,0
7433,CMP0188,38,2024-10-20,1,1,0
7434,CMP0188,1917,2024-10-20,0,0,0
7435,CMP0188,1423,2024-10-20,0,0,0
7436,CMP0188,3270,2024-10-20,1,0,0
7437,CMP0188,2401,2024-10-20,1,0,0
7438,CMP0188,3955,2024-10-20,0,0,0
7439,CMP0188,2546,2024-10-20,0,0,0
7440,CMP0188,1663,2024-10-20,0,0,0
7441,CMP0188,303,2024-10-20,0,0,0
7442,CMP0188,3943,2024-10-20,0,0,0
7443,CMP0188,1710,2024-10-20,0,0,0
7444,CMP0188,2866,2024-10-20,1,0,0
7445,CMP0188,625,2024-10-20,1,1,0
7446,CMP0188,3011,2024-10-20,0,0,0
7447,CMP0188,485,2024-10-20,0,0,0
7448,CMP0188,2439,2024-10-20,0,0,0
7449,CMP0188,1533,2024-10-20,0,0,0
7450,CMP0188,360,2024-10-20,1,1,0
7451,CMP0188,510,2024-10-20,0,0,0
7452,CMP0188,602,2024-10-20,0,0,0
7453,CMP0188,3914,2024-10-20,0,0,0
7454,CMP0188,3610,2024-10-20,0,0,0
7455,CMP0188,2126,2024-10-20,0,0,0
7456,CMP0188,1248,2024-10-20,0,0,0
7457,CMP0188,1942,2024-10-20,0,0,0
7458,CMP0188,27,2024-10-20,0,0,0
7459,CMP0188,1295,2024-10-20,1,0,0
7460,CMP0188,607,2024-10-20,1,0,0
7461,CMP0188,1224,2024-10-20,0,0,0
7462,CMP0188,1051,2024-10-20,1,1,0
7463,CMP0188,3126,2024-10-20,0,0,0
7464,CMP0188,2550,2024-10-20,0,0,0
7465,CMP0188,2478,2024-10-20,0,0,0
7466,CMP0188,2166,2024-10-20,1,1,0
7467,CMP0188,321,2024-10-20,1,0,0
7468,CMP0188,2300,2024-10-20,0,0,0
7469,CMP0188,2466,2024-10-20,0,0,0
7470,CMP0188,657,2024-10-20,1,0,0
7471,CMP0188,1099,2024-10-20,0,0,0
7472,CMP0188,1506,2024-10-20,0,0,0
7473,CMP0188,2506,2024-10-20,0,0,0
7474,CMP0188,127,2024-10-20,0,0,0
7475,CMP0188,1494,2024-10-20,0,0,0
7476,CMP0188,506,2024-10-20,0,0,0
7477,CMP0188,2538,2024-10-20,0,0,0
7478,CMP0188,2348,2024-10-20,1,0,0
7479,CMP0188,3024,2024-10-20,0,0,0
7480,CMP0188,2845,2024-10-20,1,0,0
7481,CMP0188,2812,2024-10-20,0,0,0
7482,CMP0188,3792,2024-10-20,0,0,0
7483,CMP0188,2636,2024-10-20,0,0,0
7484,CMP0188,814,2024-10-20,0,0,0
7485,CMP0188,884,2024-10-20,1,0,0
7486,CMP0188,3903,2024-10-20,0,0,0
7487,CMP0188,219,2024-10-20,0,0,0
7488,CMP0188,2570,2024-10-20,0,0,0
7489,CMP0188,2067,2024-10-20,1,0,0
7490,CMP0188,1141,2024-10-20,0,0,0
7491,CMP0188,2015,2024-10-20,0,0,0
7492,CMP0188,2876,2024-10-20,0,0,0
7493,CMP0188,1855,2024-10-20,0,0,0
7494,CMP0188,279,2024-10-20,0,0,0
7495,CMP0188,3300,2024-10-20,1,0,0
7496,CMP0188,3548,2024-10-20,1,0,0
7497,CMP0188,3214,2024-10-20,0,0,0
7498,CMP0188,3730,2024-10-20,0,0,0
7499,CMP0188,1060,2024-10-20,0,0,0
7500,CMP0188,709,2024-10-20,0,0,0
7501,CMP0188,381,2024-10-20,0,0,0
7502,CMP0188,3034,2024-10-20,0,0,0
7503,CMP0188,2957,2024-10-20,0,0,0
7504,CMP0188,3238,2024-10-20,0,0,0
7505,CMP0188,669,2024-10-20,0,0,0
7506,CMP0188,2424,2024-10-20,0,0,0
7507,CMP0188,3558,2024-10-20,0,0,0
7508,CMP0188,2030,2024-10-20,0,0,0
7509,CMP0188,3331,2024-10-20,0,0,0
7510,CMP0188,125,2024-10-20,0,0,0
7511,CMP0188,3460,2024-10-20,1,1,0
7512,CMP0188,3870,2024-10-20,0,0,0
7513,CMP0188,3733,2024-10-20,0,0,0
7514,CMP0188,633,2024-10-20,0,0,0
7515,CMP0188,1873,2024-10-20,1,0,0
7516,CMP0188,2374,2024-10-20,0,0,0
7517,CMP0188,3996,2024-10-20,0,0,0
7518,CMP0188,3466,2024-10-20,0,0,0
7519,CMP0188,3833,2024-10-20,1,0,0
7520,CMP0188,700,2024-10-20,0,0,0
7521,CMP0188,576,2024-10-20,1,0,0
7522,CMP0188,1999,2024-10-20,1,0,0
7523,CMP0188,751,2024-10-20,0,0,0
7524,CMP0188,3449,2024-10-20,0,0,0
7525,CMP0188,3876,2024-10-20,1,0,0
7526,CMP0188,851,2024-10-20,0,0,0
7527,CMP0188,3329,2024-10-20,1,0,0
7528,CMP0188,1255,2024-10-20,0,0,0
7529,CMP0188,1033,2024-10-20,0,0,0
7530,CMP0188,3229,2024-10-20,1,0,0
7531,CMP0188,344,2024-10-20,1,0,0
7532,CMP0188,2675,2024-10-20,0,0,0
7533,CMP0188,3453,2024-10-20,1,0,0
7534,CMP0188,1901,2024-10-20,0,0,0
7535,CMP0188,745,2024-10-20,0,0,0
7536,CMP0188,1869,2024-10-20,1,1,0
7537,CMP0188,2289,2024-10-20,0,0,0
7538,CMP0188,2148,2024-10-20,0,0,0
7539,CMP0188,401,2024-10-20,0,0,0
7540,CMP0188,1920,2024-10-20,0,0,0
7541,CMP0188,1014,2024-10-20,1,0,0
7542,CMP0188,1893,2024-10-20,0,0,0
7543,CMP0188,3462,2024-10-20,0,0,0
7544,CMP0188,1084,2024-10-20,1,0,0
7545,CMP0188,361,2024-10-20,0,0,0
7546,CMP0188,2917,2024-10-20,0,0,0
7547,CMP0188,185,2024-10-20,0,0,0
7548,CMP0188,1864,2024-10-20,0,0,0
7549,CMP0188,3150,2024-10-20,1,0,0
7550,CMP0188,3228,2024-10-20,0,0,0
7551,CMP0188,3666,2024-10-20,1,0,0
7552,CMP0188,1721,2024-10-20,0,0,0
7553,CMP0188,1895,2024-10-20,0,0,0
7554,CMP0188,1319,2024-10-20,1,1,0
7555,CMP0188,1581,2024-10-20,0,0,0
7556,CMP0188,1939,2024-10-20,0,0,0
7557,CMP0188,3871,2024-10-20,1,0,0
7558,CMP0188,1216,2024-10-20,0,0,0
7559,CMP0188,350,2024-10-20,0,0,0
7560,CMP0188,2269,2024-10-20,0,0,0
7561,CMP0188,945,2024-10-20,1,0,0
7562,CMP0188,1416,2024-10-20,0,0,0
7563,CMP0188,1747,2024-10-20,0,0,0
7564,CMP0188,2168,2024-10-20,0,0,0
7565,CMP0188,2479,2024-10-20,1,0,0
7566,CMP0188,2783,2024-10-20,0,0,0
7567,CMP0188,1142,2024-10-20,1,1,0
7568,CMP0188,2329,2024-10-20,1,0,0
7569,CMP0188,3889,2024-10-20,0,0,0
7570,CMP0188,2759,2024-10-20,0,0,0
7571,CMP0188,2906,2024-10-20,0,0,0
7572,CMP0188,3367,2024-10-20,0,0,0
7573,CMP0188,3075,2024-10-20,0,0,0
7574,CMP0188,3154,2024-10-20,1,0,0
7575,CMP0188,640,2024-10-20,0,0,0
7576,CMP0188,3880,2024-10-20,0,0,0
7577,CMP0188,3898,2024-10-20,0,0,0
7578,CMP0188,3534,2024-10-20,0,0,0
7579,CMP0188,3287,2024-10-20,0,0,0
7580,CMP0188,2428,2024-10-20,0,0,0
7581,CMP0188,996,2024-10-20,1,0,0
7582,CMP0188,3496,2024-10-20,0,0,0
7583,CMP0188,3178,2024-10-20,1,0,0
7584,CMP0188,306,2024-10-20,1,0,0
7585,CMP0188,2322,2024-10-20,0,0,0
7586,CMP0188,2646,2024-10-20,1,0,0
7587,CMP0188,469,2024-10-20,0,0,0
7588,CMP0188,2798,2024-10-20,1,0,0
7589,CMP0188,3565,2024-10-20,0,0,0
7590,CMP0188,135,2024-10-20,0,0,0
7591,CMP0188,2075,2024-10-20,0,0,0
7592,CMP0188,3892,2024-10-20,1,0,0
7593,CMP0188,1767,2024-10-20,1,0,0
7594,CMP0188,1768,2024-10-20,1,0,0
7595,CMP0188,2332,2024-10-20,0,0,0
7596,CMP0188,766,2024-10-20,0,0,0
7597,CMP0188,3954,2024-10-20,1,0,0
7598,CMP0188,2595,2024-10-20,1,1,0
7599,CMP0188,1556,2024-10-20,1,0,0
7600,CMP0188,3835,2024-10-20,0,0,0
7601,CMP0188,2912,2024-10-20,0,0,0
7602,CMP0188,2802,2024-10-20,0,0,0
7603,CMP0188,109,2024-10-20,1,0,0
7604,CMP0188,1317,2024-10-20,0,0,0
7605,CMP0188,2536,2024-10-20,0,0,0
7606,CMP0188,780,2024-10-20,1,0,0
7607,CMP0188,2656,2024-10-20,1,0,0
7608,CMP0188,24,2024-10-20,1,0,0
7609,CMP0188,2270,2024-10-20,0,0,0
7610,CMP0188,222,2024-10-20,0,0,0
7611,CMP0188,1235,2024-10-20,1,0,0
7612,CMP0188,707,2024-10-20,1,1,0
7613,CMP0188,245,2024-10-20,0,0,0
7614,CMP0188,2561,2024-10-20,0,0,0
7615,CMP0188,3787,2024-10-20,0,0,0
7616,CMP0188,2711,2024-10-20,0,0,0
7617,CMP0188,278,2024-10-20,1,0,0
7618,CMP0188,3948,2024-10-20,0,0,0
7619,CMP0188,817,2024-10-20,0,0,0
7620,CMP0188,3641,2024-10-20,0,0,0
7621,CMP0188,2589,2024-10-20,1,0,0
7622,CMP0188,3982,2024-10-20,1,0,0
7623,CMP0188,126,2024-10-20,0,0,0
7624,CMP0188,1636,2024-10-20,0,0,0
7625,CMP0188,3494,2024-10-20,1,0,0
7626,CMP0188,3968,2024-10-20,1,0,0
7627,CMP0188,1148,2024-10-20,1,0,0
7628,CMP0188,2491,2024-10-20,0,0,0
7629,CMP0188,342,2024-10-20,1,0,0
7630,CMP0188,836,2024-10-20,0,0,0
7631,CMP0188,1156,2024-10-20,0,0,0
7632,CMP0188,3168,2024-10-20,1,0,0
7633,CMP0188,2189,2024-10-20,0,0,0
7634,CMP0188,227,2024-10-20,0,0,0
7635,CMP0188,2047,2024-10-20,0,0,0
7636,CMP0188,2735,2024-10-20,1,1,0
7637,CMP0188,34,2024-10-20,0,0,0
7638,CMP0188,1385,2024-10-20,0,0,0
7639,CMP0188,2275,2024-10-20,1,1,0
7640,CMP0188,1659,2024-10-20,0,0,0
7641,CMP0188,1127,2024-10-20,0,0,0
7642,CMP0188,369,2024-10-20,0,0,0
7643,CMP0188,3042,2024-10-20,1,0,0
7644,CMP0188,1344,2024-10-20,1,0,0
7645,CMP0188,3995,2024-10-20,0,0,0
7646,CMP0188,2894,2024-10-20,0,0,0
7647,CMP0188,1832,2024-10-20,0,0,0
7648,CMP0188,900,2024-10-20,1,0,0
7649,CMP0188,297,2024-10-20,1,0,0
7650,CMP0188,472,2024-10-20,0,0,0
7651,CMP0188,672,2024-10-20,0,0,0
7652,CMP0188,2877,2024-10-20,0,0,0
7653,CMP0188,684,2024-10-20,1,0,0
7654,CMP0188,947,2024-10-20,0,0,0
7655,CMP0188,353,2024-10-20,0,0,0
7656,CMP0188,3528,2024-10-20,0,0,0
7657,CMP0188,3380,2024-10-20,0,0,0
7658,CMP0188,160,2024-10-20,1,1,0
7659,CMP0188,3261,2024-10-20,0,0,0
7660,CMP0188,3581,2024-10-20,0,0,0
7661,CMP0188,1511,2024-10-20,0,0,0
7662,CMP0188,1842,2024-10-20,1,0,0
7663,CMP0188,229,2024-10-20,0,0,0
7664,CMP0188,1769,2024-10-20,0,0,0
7665,CMP0188,338,2024-10-20,0,0,0
7666,CMP0188,1118,2024-10-20,0,0,0
7667,CMP0188,2782,2024-10-20,0,0,0
7668,CMP0188,3690,2024-10-20,0,0,0
7669,CMP0188,2184,2024-10-20,1,0,0
7670,CMP0188,1683,2024-10-20,0,0,0
7671,CMP0188,2488,2024-10-20,0,0,0
7672,CMP0188,3676,2024-10-20,1,0,0
7673,CMP0188,2429,2024-10-20,1,0,0
7674,CMP0188,3136,2024-10-20,1,0,0
7675,CMP0188,1360,2024-10-20,1,0,0
7676,CMP0188,729,2024-10-20,0,0,0
7677,CMP0188,3089,2024-10-20,0,0,0
7678,CMP0188,841,2024-10-20,1,0,0
7679,CMP0188,1620,2024-10-20,1,0,0
7680,CMP0188,537,2024-10-20,0,0,0
7681,CMP0188,559,2024-10-20,0,0,0
7682,CMP0188,286,2024-10-20,0,0,0
7683,CMP0188,2131,2024-10-20,0,0,0
7684,CMP0188,1032,2024-10-20,1,0,0
7685,CMP0188,578,2024-10-20,0,0,0
7686,CMP0188,3171,2024-10-20,1,0,0
7687,CMP0188,1451,2024-10-20,0,0,0
7688,CMP0188,2154,2024-10-20,0,0,0
7689,CMP0188,2021,2024-10-20,0,0,0
7690,CMP0188,805,2024-10-20,0,0,0
7691,CMP0188,748,2024-10-20,0,0,0
7692,CMP0188,908,2024-10-20,0,0,0
7693,CMP0188,3226,2024-10-20,1,0,0
7694,CMP0188,137,2024-10-20,0,0,0
7695,CMP0188,2360,2024-10-20,0,0,0
7696,CMP0188,2887,2024-10-20,1,1,0
7697,CMP0188,2905,2024-10-20,0,0,0
7698,CMP0188,2172,2024-10-20,0,0,0
7699,CMP0188,1217,2024-10-20,1,0,0
7700,CMP0188,1927,2024-10-20,1,1,0
7701,CMP0188,2537,2024-10-20,0,0,0
7702,CMP0188,9,2024-10-20,0,0,0
7703,CMP0188,1745,2024-10-20,0,0,0
7704,CMP0188,2497,2024-10-20,0,0,0
7705,CMP0188,209,2024-10-20,1,0,0
7706,CMP0188,3065,2024-10-20,0,0,0
7707,CMP0188,3201,2024-10-20,0,0,0
7708,CMP0188,1977,2024-10-20,0,0,0
7709,CMP0188,1625,2024-10-20,0,0,0
7710,CMP0188,585,2024-10-20,0,0,0
7711,CMP0188,2219,2024-10-20,0,0,0
7712,CMP0188,3366,2024-10-20,0,0,0
7713,CMP0188,946,2024-10-20,0,0,0
7714,CMP0188,1841,2024-10-20,0,0,0
7715,CMP0188,3350,2024-10-20,1,0,0
7716,CMP0188,807,2024-10-20,0,0,0
7717,CMP0188,2335,2024-10-20,0,0,0
7718,CMP0188,3501,2024-10-20,0,0,0
7719,CMP0188,1970,2024-10-20,0,0,0
7720,CMP0188,1940,2024-10-20,1,0,0
7721,CMP0188,3887,2024-10-20,1,0,0
7722,CMP0188,2949,2024-10-20,1,1,0
7723,CMP0188,1372,2024-10-20,1,0,0
7724,CMP0188,1732,2024-10-20,1,0,0
7725,CMP0188,2218,2024-10-20,1,0,0
7726,CMP0188,1937,2024-10-20,0,0,0
7727,CMP0188,3477,2024-10-20,0,0,0
7728,CMP0188,1517,2024-10-20,0,0,0
7729,CMP0188,3022,2024-10-20,1,0,0
7730,CMP0188,2508,2024-10-20,0,0,0
7731,CMP0188,417,2024-10-20,0,0,0
7732,CMP0188,2600,2024-10-20,0,0,0
7733,CMP0188,2683,2024-10-20,0,0,0
7734,CMP0188,1493,2024-10-20,0,0,0
7735,CMP0188,2768,2024-10-20,1,0,0
7736,CMP0188,3037,2024-10-20,0,0,0
7737,CMP0188,1355,2024-10-20,0,0,0
7738,CMP0188,3385,2024-10-20,1,1,0
7739,CMP0188,1086,2024-10-20,1,1,0
7740,CMP0188,970,2024-10-20,0,0,0
7741,CMP0188,419,2024-10-20,1,0,0
7742,CMP0188,605,2024-10-20,0,0,0
7743,CMP0188,1714,2024-10-20,1,0,0
7744,CMP0188,2878,2024-10-20,0,0,0
7745,CMP0188,1774,2024-10-20,0,0,0
7746,CMP0188,2422,2024-10-20,0,0,0
7747,CMP0188,1805,2024-10-20,1,0,0
7748,CMP0188,3117,2024-10-20,0,0,0
7749,CMP0188,1705,2024-10-20,1,0,0
7750,CMP0188,2010,2024-10-20,0,0,0
7751,CMP0188,1924,2024-10-20,0,0,0
7752,CMP0188,1551,2024-10-20,0,0,0
7753,CMP0188,654,2024-10-20,0,0,0
7754,CMP0188,1265,2024-10-20,0,0,0
7755,CMP0188,3607,2024-10-20,0,0,0
7756,CMP0188,2922,2024-10-20,0,0,0
7757,CMP0188,808,2024-10-20,0,0,0
7758,CMP0188,162,2024-10-20,0,0,0
7759,CMP0188,3066,2024-10-20,0,0,0
7760,CMP0188,392,2024-10-20,0,0,0
7761,CMP0188,1476,2024-10-20,1,0,0
7762,CMP0188,1143,2024-10-20,0,0,0
7763,CMP0188,688,2024-10-20,1,0,0
7764,CMP0188,416,2024-10-20,1,0,0
7765,CMP0188,2328,2024-10-20,0,0,0
7766,CMP0188,3343,2024-10-20,0,0,0
7767,CMP0188,1698,2024-10-20,0,0,0
7768,CMP0188,2388,2024-10-20,0,0,0
7769,CMP0188,3665,2024-10-20,0,0,0
7770,CMP0188,882,2024-10-20,0,0,0
7771,CMP0188,2692,2024-10-20,1,0,0
7772,CMP0188,2698,2024-10-20,0,0,0
7773,CMP0188,1585,2024-10-20,0,0,0
7774,CMP0188,2235,2024-10-20,0,0,0
7775,CMP0188,2313,2024-10-20,1,1,0
7776,CMP0188,3337,2024-10-20,0,0,1
7777,CMP0188,815,2024-10-20,0,0,0
7778,CMP0188,2571,2024-10-20,1,0,0
7779,CMP0188,2883,2024-10-20,1,0,0
7780,CMP0188,3060,2024-10-20,1,0,0
7781,CMP0188,955,2024-10-20,0,0,0
7782,CMP0188,192,2024-10-20,0,0,0
7783,CMP0188,1910,2024-10-20,1,0,0
7784,CMP0188,3413,2024-10-20,0,0,0
7785,CMP0188,3008,2024-10-20,0,0,0
7786,CMP0188,527,2024-10-20,0,0,0
7787,CMP0188,1240,2024-10-20,0,0,0
7788,CMP0188,3420,2024-10-20,0,0,0
7789,CMP0188,2972,2024-10-20,0,0,0
7790,CMP0188,3788,2024-10-20,0,0,0
7791,CMP0188,37,2024-10-20,1,0,0
7792,CMP0188,1349,2024-10-20,0,0,0
7793,CMP0188,3965,2024-10-20,0,0,0
7794,CMP0188,1091,2024-10-20,1,0,0
7795,CMP0188,3931,2024-10-20,0,0,0
7796,CMP0188,3967,2024-10-20,0,0,0
7797,CMP0188,3807,2024-10-20,1,0,0
7798,CMP0188,1403,2024-10-20,1,1,0
7799,CMP0188,3418,2024-10-20,0,0,0
7800,CMP0188,772,2024-10-20,1,0,0
7801,CMP0188,1292,2024-10-20,0,0,0
7802,CMP0188,1702,2024-10-20,0,0,0
7803,CMP0188,3720,2024-10-20,0,0,0
7804,CMP0188,3054,2024-10-20,0,0,0
7805,CMP0188,313,2024-10-20,0,0,0
7806,CMP0188,259,2024-10-20,1,0,0
7807,CMP0188,1788,2024-10-20,0,0,0
7808,CMP0188,2357,2024-10-20,0,0,0
7809,CMP0188,1071,2024-10-20,0,0,0
7810,CMP0188,2001,2024-10-20,1,1,0
7811,CMP0188,3101,2024-10-20,0,0,0
7812,CMP0188,1715,2024-10-20,0,0,0
7813,CMP0188,3114,2024-10-20,0,0,0
7814,CMP0188,3822,2024-10-20,0,0,0
7815,CMP0188,1870,2024-10-20,0,0,0
7816,CMP0188,1866,2024-10-20,1,0,0
7817,CMP0188,1100,2024-10-20,0,0,0
7818,CMP0188,3321,2024-10-20,1,0,0
7819,CMP0188,3801,2024-10-20,1,0,0
7820,CMP0188,1569,2024-10-20,0,0,0
7821,CMP0188,2256,2024-10-20,0,0,0
7822,CMP0188,1298,2024-10-20,0,0,0
7823,CMP0188,3547,2024-10-20,0,0,0
7824,CMP0188,2689,2024-10-20,0,0,0
7825,CMP0188,1362,2024-10-20,1,1,0
7826,CMP0188,1283,2024-10-20,0,0,0
7827,CMP0188,3335,2024-10-20,0,0,0
7828,CMP0188,2724,2024-10-20,0,0,0
7829,CMP0188,2237,2024-10-20,0,0,0
7830,CMP0188,1200,2024-10-20,0,0,0
7831,CMP0188,2556,2024-10-20,0,0,0
7832,CMP0188,1724,2024-10-20,1,0,0
7833,CMP0188,3832,2024-10-20,1,0,0
7834,CMP0188,20,2024-10-20,0,0,0
7835,CMP0188,1692,2024-10-20,1,0,0
7836,CMP0188,1849,2024-10-20,0,0,0
7837,CMP0188,2024,2024-10-20,1,0,0
7838,CMP0188,2093,2024-10-20,1,1,0
7839,CMP0188,2496,2024-10-20,0,0,0
7840,CMP0188,1482,2024-10-20,1,1,0
7841,CMP0188,2264,2024-10-20,0,0,0
7842,CMP0188,1132,2024-10-20,1,0,0
7843,CMP0188,670,2024-10-20,0,0,0
7844,CMP0188,2832,2024-10-20,1,1,0
7845,CMP0188,2323,2024-10-20,1,0,0
7846,CMP0188,3152,2024-10-20,0,0,0
7847,CMP0188,962,2024-10-20,1,1,0
7848,CMP0188,2643,2024-10-20,0,0,0
7849,CMP0188,2331,2024-10-20,0,0,0
7850,CMP0188,3361,2024-10-20,0,0,0
7851,CMP0188,1761,2024-10-20,0,0,0
7852,CMP0188,3682,2024-10-20,0,0,0
7853,CMP0188,284,2024-10-20,1,0,0
7854,CMP0188,3445,2024-10-20,0,0,0
7855,CMP0188,653,2024-10-20,0,0,0
7856,CMP0188,2002,2024-10-20,0,0,0
7857,CMP0188,3804,2024-10-20,1,0,0
7858,CMP0188,3195,2024-10-20,0,0,0
7859,CMP0188,1827,2024-10-20,0,0,0
7860,CMP0188,2437,2024-10-20,0,0,0
7861,CMP0188,556,2024-10-20,0,0,0
7862,CMP0188,515,2024-10-20,0,0,0
7863,CMP0188,3846,2024-10-20,0,0,0
7864,CMP0188,2776,2024-10-20,1,0,0
7865,CMP0188,2652,2024-10-20,1,0,0
7866,CMP0188,2227,2024-10-20,1,0,0
7867,CMP0188,2340,2024-10-20,1,0,0
7868,CMP0188,1401,2024-10-20,0,0,0
7869,CMP0188,927,2024-10-20,1,0,0
7870,CMP0188,3677,2024-10-20,0,0,0
7871,CMP0188,1140,2024-10-20,0,0,0
7872,CMP0188,522,2024-10-20,1,0,0
7873,CMP0188,2954,2024-10-20,1,1,0
7874,CMP0188,2509,2024-10-20,0,0,0
7875,CMP0188,3110,2024-10-20,1,0,0
7876,CMP0188,2472,2024-10-20,1,0,0
7877,CMP0188,2362,2024-10-20,0,0,0
7878,CMP0188,3719,2024-10-20,0,0,0
7879,CMP0188,3061,2024-10-20,0,0,0
7880,CMP0188,3414,2024-10-20,0,0,0
7881,CMP0188,691,2024-10-20,1,0,0
7882,CMP0188,1925,2024-10-20,0,0,0
7883,CMP0188,2662,2024-10-20,1,0,0
7884,CMP0188,3139,2024-10-20,1,0,0
7885,CMP0188,728,2024-10-20,0,0,0
7886,CMP0188,3207,2024-10-20,0,0,0
7887,CMP0188,3458,2024-10-20,0,0,0
7888,CMP0188,1463,2024-10-20,1,0,0
7889,CMP0188,1554,2024-10-20,0,0,0
7890,CMP0188,3190,2024-10-20,0,0,0
7891,CMP0188,573,2024-10-20,0,0,0
7892,CMP0188,2699,2024-10-20,1,1,0
7893,CMP0188,1067,2024-10-20,1,0,0
7894,CMP0188,3794,2024-10-20,0,0,0
7895,CMP0188,913,2024-10-20,1,0,0
7896,CMP0188,1342,2024-10-20,1,1,0
7897,CMP0188,2287,2024-10-20,0,0,0
7898,CMP0188,1329,2024-10-20,0,0,0
7899,CMP0188,1791,2024-10-20,0,1,0
7900,CMP0188,820,2024-10-20,0,0,0
7901,CMP0188,197,2024-10-20,0,0,0
7902,CMP0188,271,2024-10-20,1,0,0
7903,CMP0188,294,2024-10-20,0,0,0
7904,CMP0188,1676,2024-10-20,1,0,0
7905,CMP0188,995,2024-10-20,1,0,0
7906,CMP0188,329,2024-10-20,1,0,0
7907,CMP0188,164,2024-10-20,0,0,0
7908,CMP0188,3575,2024-10-20,0,0,0
7909,CMP0188,2238,2024-10-20,0,0,0
7910,CMP0188,827,2024-10-20,0,0,0
7911,CMP0188,2647,2024-10-20,0,0,0
7912,CMP0188,3127,2024-10-20,0,0,0
7913,CMP0188,2242,2024-10-20,0,0,0
7914,CMP0188,2123,2024-10-20,0,0,0
7915,CMP0188,3057,2024-10-20,0,0,0
7916,CMP0188,2659,2024-10-20,0,0,0
7917,CMP0188,3594,2024-10-20,1,0,0
7918,CMP0188,1040,2024-10-20,0,0,0
7919,CMP0188,2356,2024-10-20,0,0,0
7920,CMP0188,2603,2024-10-20,0,0,0
7921,CMP0188,1891,2024-10-20,0,0,0
7922,CMP0188,1650,2024-10-20,1,0,0
7923,CMP0188,3577,2024-10-20,0,0,0
7924,CMP0188,2923,2024-10-20,0,0,0
7925,CMP0188,2705,2024-10-20,0,0,0
7926,CMP0188,2084,2024-10-20,0,0,0
7927,CMP0188,1296,2024-10-20,0,0,0
7928,CMP0188,3740,2024-10-20,0,0,0
7929,CMP0188,520,2024-10-20,1,1,0
7930,CMP0188,3726,2024-10-20,0,0,0
7931,CMP0188,2839,2024-10-20,1,1,0
7932,CMP0188,1834,2024-10-20,0,0,0
7933,CMP0188,3750,2024-10-20,1,0,0
7934,CMP0188,76,2024-10-20,0,0,0
7935,CMP0188,3213,2024-10-20,0,0,0
7936,CMP0188,2195,2024-10-20,0,0,0
7937,CMP0188,2891,2024-10-20,1,0,0
7938,CMP0188,2370,2024-10-20,0,0,0
7939,CMP0188,1112,2024-10-20,0,0,0
7940,CMP0188,3209,2024-10-20,0,0,0
7941,CMP0188,960,2024-10-20,1,0,0
7942,CMP0188,2467,2024-10-20,1,0,0
7943,CMP0188,3672,2024-10-20,1,0,0
7944,CMP0188,523,2024-10-20,0,0,0
7945,CMP0188,2860,2024-10-20,0,0,0
7946,CMP0188,2431,2024-10-20,0,0,0
7947,CMP0188,1110,2024-10-20,0,0,0
7948,CMP0188,2350,2024-10-20,0,0,0
7949,CMP0188,536,2024-10-20,0,0,0
7950,CMP0188,2745,2024-10-20,1,0,0
7951,CMP0188,2397,2024-10-20,0,0,0
7952,CMP0188,914,2024-10-20,0,0,0
7953,CMP0188,96,2024-10-20,0,0,0
7954,CMP0188,2345,2024-10-20,1,1,0
7955,CMP0188,2158,2024-10-20,1,0,0
7956,CMP0188,304,2024-10-20,0,0,0
7957,CMP0188,1180,2024-10-20,0,0,0
7958,CMP0188,2520,2024-10-20,1,1,0
7959,CMP0188,3891,2024-10-20,0,0,0
7960,CMP0188,856,2024-10-20,0,0,0
7961,CMP0188,3401,2024-10-20,0,0,0
7962,CMP0188,115,2024-10-20,0,0,0
7963,CMP0188,3683,2024-10-20,0,0,0
7964,CMP0188,634,2024-10-20,0,0,0
7965,CMP0188,1415,2024-10-20,1,0,0
7966,CMP0188,4,2024-10-20,1,1,0
7967,CMP0188,3457,2024-10-20,1,0,0
7968,CMP0188,1307,2024-10-20,0,0,0
7969,CMP0188,3919,2024-10-20,0,0,0
7970,CMP0188,3317,2024-10-20,1,0,0
7971,CMP0188,2732,2024-10-20,0,0,0
7972,CMP0188,2215,2024-10-20,0,0,0
7973,CMP0188,1169,2024-10-20,1,0,0
7974,CMP0188,1514,2024-10-20,0,0,0
7975,CMP0188,465,2024-10-20,0,0,0
7976,CMP0188,771,2024-10-20,1,0,0
7977,CMP0188,2704,2024-10-20,0,0,0
7978,CMP0188,50,2024-10-20,0,0,0
7979,CMP0188,1475,2024-10-20,0,0,0
7980,CMP0188,4008,2024-10-20,0,0,0
7981,CMP0188,2293,2024-10-20,1,0,0
7982,CMP0188,1193,2024-10-20,0,0,0
7983,CMP0188,1102,2024-10-20,0,0,0
7984,CMP0188,2312,2024-10-20,1,0,0
7985,CMP0188,2982,2024-10-20,1,0,0
7986,CMP0188,2042,2024-10-20,0,0,0
7987,CMP0188,2913,2024-10-20,0,0,0
7988,CMP0188,2562,2024-10-20,1,0,0
7989,CMP0188,2586,2024-10-20,1,0,0
7990,CMP0188,2619,2024-10-20,1,0,0
7991,CMP0188,736,2024-10-20,0,0,0
7992,CMP0188,2504,2024-10-20,1,0,0
7993,CMP0188,2393,2024-10-20,0,0,0
7994,CMP0188,2139,2024-10-20,0,0,0
7995,CMP0188,3443,2024-10-20,0,0,0
7996,CMP0188,2928,2024-10-20,0,0,0
7997,CMP0188,432,2024-10-20,1,0,0
7998,CMP0188,1149,2024-10-20,0,0,0
7999,CMP0188,3521,2024-10-20,0,0,0
8000,CMP0188,2003,2024-10-20,1,0,0
8001,CMP0188,1348,2024-10-20,1,0,0
8002,CMP0188,1036,2024-10-20,0,0,0
8003,CMP0188,642,2024-10-20,0,0,0
8004,CMP0188,3404,2024-10-20,0,0,0
8005,CMP0188,375,2024-10-20,0,0,0
8006,CMP0188,2272,2024-10-20,0,0,0
8007,CMP0188,1293,2024-10-20,0,0,0
8008,CMP0188,1429,2024-10-20,1,0,0
8009,CMP0188,3798,2024-10-20,1,0,0
8010,CMP0188,2468,2024-10-20,1,0,0
8011,CMP0188,1106,2024-10-20,0,0,0
8012,CMP0188,909,2024-10-20,0,0,0
8013,CMP0188,2053,2024-10-20,0,0,0
8014,CMP0188,2378,2024-10-20,0,0,0
8015,CMP0188,2902,2024-10-20,0,0,0
8016,CMP0188,977,2024-10-20,1,1,0
8017,CMP0188,1558,2024-10-20,1,0,0
8018,CMP0188,1872,2024-10-20,0,0,0
8019,CMP0188,2671,2024-10-20,0,0,0
8020,CMP0188,3025,2024-10-20,0,0,0
8021,CMP0188,1564,2024-10-20,0,0,0
8022,CMP0188,1168,2024-10-20,0,0,0
8023,CMP0188,3440,2024-10-20,1,1,0
8024,CMP0188,3103,2024-10-20,1,0,0
8025,CMP0188,1321,2024-10-20,0,0,0
8026,CMP0188,2881,2024-10-20,0,0,0
8027,CMP0188,1456,2024-10-20,0,0,0
8028,CMP0188,673,2024-10-20,1,1,0
8029,CMP0188,1037,2024-10-20,0,0,0
8030,CMP0188,966,2024-10-20,1,0,0
8031,CMP0188,548,2024-10-20,0,0,0
8032,CMP0188,2658,2024-10-20,1,0,0
8033,CMP0188,521,2024-10-20,0,0,0
8034,CMP0188,2326,2024-10-20,0,0,0
8035,CMP0188,2545,2024-10-20,1,0,0
8036,CMP0188,2379,2024-10-20,1,0,0
8037,CMP0188,275,2024-10-20,0,0,0
8038,CMP0188,2489,2024-10-20,0,0,0
8039,CMP0188,136,2024-10-20,0,0,0
8040,CMP0188,1770,2024-10-20,1,0,0
8041,CMP0188,1057,2024-10-20,1,0,0
8042,CMP0188,1096,2024-10-20,0,0,0
8043,CMP0032,1591,2024-10-07,0,0,0
8044,CMP0032,3034,2024-10-07,0,0,0
8045,CMP0032,2022,2024-10-07,0,0,0
8046,CMP0032,1627,2024-10-07,1,0,0
8047,CMP0032,2587,2024-10-07,0,0,0
8048,CMP0032,2779,2024-10-07,0,0,0
8049,CMP0032,1148,2024-10-07,0,0,0
8050,CMP0032,1631,2024-10-07,0,0,0
8051,CMP0032,3020,2024-10-07,1,0,0
8052,CMP0032,3619,2024-10-07,0,0,0
8053,CMP0032,3321,2024-10-07,0,0,0
8054,CMP0032,3447,2024-10-07,1,0,0
8055,CMP0032,3536,2024-10-07,0,0,0
8056,CMP0032,2067,2024-10-07,0,0,0
8057,CMP0032,1730,2024-10-07,0,0,0
8058,CMP0032,2488,2024-10-07,1,0,0
8059,CMP0032,796,2024-10-07,0,0,0
8060,CMP0032,3806,2024-10-07,1,1,0
8061,CMP0032,1377,2024-10-07,0,0,0
8062,CMP0032,2495,2024-10-07,0,0,0
8063,CMP0032,3800,2024-10-07,0,0,0
8064,CMP0032,2326,2024-10-07,0,0,0
8065,CMP0032,2227,2024-10-07,0,0,0
8066,CMP0032,99,2024-10-07,1,0,0
8067,CMP0032,200,2024-10-07,0,0,0
8068,CMP0032,1033,2024-10-07,0,0,0
8069,CMP0032,3155,2024-10-07,0,0,0
8070,CMP0032,3833,2024-10-07,0,0,0
8071,CMP0032,3705,2024-10-07,0,0,0
8072,CMP0032,2234,2024-10-07,1,0,0
8073,CMP0032,3315,2024-10-07,0,0,0
8074,CMP0032,1623,2024-10-07,0,0,0
8075,CMP0032,3497,2024-10-07,0,0,0
8076,CMP0032,3867,2024-10-07,0,0,0
8077,CMP0032,3327,2024-10-07,0,0,0
8078,CMP0032,62,2024-10-07,1,0,0
8079,CMP0032,2796,2024-10-07,1,0,0
8080,CMP0032,1639,2024-10-07,0,0,0
8081,CMP0032,913,2024-10-07,0,0,0
8082,CMP0032,2,2024-10-07,1,1,0
8083,CMP0032,1840,2024-10-07,0,0,0
8084,CMP0032,1511,2024-10-07,0,0,0
8085,CMP0032,3698,2024-10-07,0,0,0
8086,CMP0032,2475,2024-10-07,1,1,0
8087,CMP0032,2021,2024-10-07,0,0,0
8088,CMP0032,2658,2024-10-07,0,0,0
8089,CMP0032,1155,2024-10-07,0,0,0
8090,CMP0032,1725,2024-10-07,0,0,0
8091,CMP0032,2607,2024-10-07,0,0,0
8092,CMP0032,1813,2024-10-07,1,0,0
8093,CMP0032,2974,2024-10-07,0,0,0
8094,CMP0032,909,2024-10-07,0,0,0
8095,CMP0032,3819,2024-10-07,0,0,0
8096,CMP0032,2251,2024-10-07,0,0,0
8097,CMP0032,2789,2024-10-07,0,0,0
8098,CMP0032,2382,2024-10-07,0,0,0
8099,CMP0032,1226,2024-10-07,1,1,0
8100,CMP0032,1537,2024-10-07,0,0,0
8101,CMP0032,3458,2024-10-07,0,0,0
8102,CMP0032,3977,2024-10-07,0,0,0
8103,CMP0032,1315,2024-10-07,0,0,1
8104,CMP0032,3792,2024-10-07,0,0,0
8105,CMP0032,133,2024-10-07,1,0,0
8106,CMP0032,105,2024-10-07,1,0,0
8107,CMP0032,2265,2024-10-07,1,0,0
8108,CMP0032,531,2024-10-07,0,0,0
8109,CMP0032,1318,2024-10-07,0,0,0
8110,CMP0032,628,2024-10-07,1,0,0
8111,CMP0032,373,2024-10-07,1,0,0
8112,CMP0032,2566,2024-10-07,0,0,0
8113,CMP0032,1409,2024-10-07,0,0,0
8114,CMP0032,2881,2024-10-07,0,0,0
8115,CMP0032,1132,2024-10-07,0,0,0
8116,CMP0032,2813,2024-10-07,0,0,0
8117,CMP0032,568,2024-10-07,0,0,0
8118,CMP0032,3016,2024-10-07,1,0,0
8119,CMP0032,1090,2024-10-07,0,0,0
8120,CMP0032,3401,2024-10-07,1,0,0
8121,CMP0032,2348,2024-10-07,0,0,0
8122,CMP0032,3709,2024-10-07,0,0,0
8123,CMP0032,1048,2024-10-07,0,0,0
8124,CMP0032,2189,2024-10-07,1,1,0
8125,CMP0032,2066,2024-10-07,1,0,0
8126,CMP0032,2529,2024-10-07,0,0,0
8127,CMP0032,2384,2024-10-07,0,0,0
8128,CMP0032,1596,2024-10-07,1,0,0
8129,CMP0032,3970,2024-10-07,0,0,0
8130,CMP0032,3877,2024-10-07,0,0,0
8131,CMP0032,277,2024-10-07,0,0,0
8132,CMP0032,3614,2024-10-07,0,0,0
8133,CMP0032,3273,2024-10-07,0,0,0
8134,CMP0032,523,2024-10-07,0,0,0
8135,CMP0032,3595,2024-10-07,1,0,0
8136,CMP0032,1340,2024-10-07,0,0,0
8137,CMP0032,2546,2024-10-07,0,0,0
8138,CMP0032,2261,2024-10-07,0,0,0
8139,CMP0032,3410,2024-10-07,0,0,0
8140,CMP0032,1619,2024-10-07,0,0,0
8141,CMP0032,3541,2024-10-07,1,1,0
8142,CMP0032,1358,2024-10-07,1,0,0
8143,CMP0032,3127,2024-10-07,0,0,0
8144,CMP0032,425,2024-10-07,0,0,0
8145,CMP0032,692,2024-10-07,1,0,0
8146,CMP0032,2626,2024-10-07,0,0,0
8147,CMP0032,3876,2024-10-07,0,0,0
8148,CMP0032,70,2024-10-07,0,0,0
8149,CMP0032,1269,2024-10-07,0,0,0
8150,CMP0032,2457,2024-10-07,1,0,0
8151,CMP0032,308,2024-10-07,0,0,0
8152,CMP0032,2636,2024-10-07,0,0,0
8153,CMP0032,733,2024-10-07,0,0,0
8154,CMP0032,3495,2024-10-07,1,1,0
8155,CMP0032,2815,2024-10-07,0,0,0
8156,CMP0032,179,2024-10-07,0,0,0
8157,CMP0032,3052,2024-10-07,0,0,0
8158,CMP0032,2740,2024-10-07,0,0,0
8159,CMP0032,819,2024-10-07,0,0,0
8160,CMP0032,2416,2024-10-07,0,0,0
8161,CMP0032,3704,2024-10-07,0,0,0
8162,CMP0032,826,2024-10-07,0,0,0
8163,CMP0032,1616,2024-10-07,0,0,0
8164,CMP0032,2940,2024-10-07,0,0,0
8165,CMP0032,3875,2024-10-07,0,0,0
8166,CMP0032,498,2024-10-07,0,0,0
8167,CMP0032,494,2024-10-07,0,0,0
8168,CMP0032,161,2024-10-07,0,0,0
8169,CMP0032,2295,2024-10-07,0,0,0
8170,CMP0032,985,2024-10-07,1,0,0
8171,CMP0032,3135,2024-10-07,1,1,0
8172,CMP0032,3727,2024-10-07,0,0,0
8173,CMP0032,361,2024-10-07,0,0,0
8174,CMP0032,3788,2024-10-07,1,0,0
8175,CMP0032,3033,2024-10-07,0,0,0
8176,CMP0032,662,2024-10-07,1,1,0
8177,CMP0032,1589,2024-10-07,0,0,0
8178,CMP0032,3172,2024-10-07,1,0,0
8179,CMP0032,2541,2024-10-07,0,0,0
8180,CMP0032,621,2024-10-07,0,0,0
8181,CMP0032,2392,2024-10-07,0,0,0
8182,CMP0032,1661,2024-10-07,0,0,0
8183,CMP0032,3661,2024-10-07,0,0,0
8184,CMP0032,1329,2024-10-07,0,0,0
8185,CMP0032,3530,2024-10-07,1,0,0
8186,CMP0032,2201,2024-10-07,0,0,0
8187,CMP0032,771,2024-10-07,0,0,0
8188,CMP0032,1745,2024-10-07,0,0,0
8189,CMP0032,1258,2024-10-07,0,0,0
8190,CMP0032,304,2024-10-07,0,0,0
8191,CMP0032,634,2024-10-07,0,0,0
8192,CMP0032,513,2024-10-07,0,0,0
8193,CMP0032,2385,2024-10-07,0,0,0
8194,CMP0032,466,2024-10-07,0,0,0
8195,CMP0032,1177,2024-10-07,1,0,0
8196,CMP0032,3907,2024-10-07,0,0,0
8197,CMP0032,464,2024-10-07,0,0,0
8198,CMP0032,697,2024-10-07,1,0,0
8199,CMP0032,641,2024-10-07,0,0,0
8200,CMP0032,2296,2024-10-07,0,0,0
8201,CMP0032,3230,2024-10-07,0,0,0
8202,CMP0032,300,2024-10-07,0,0,0
8203,CMP0032,2903,2024-10-07,1,0,0
8204,CMP0032,1835,2024-10-07,0,0,0
8205,CMP0032,3548,2024-10-07,0,0,0
8206,CMP0032,2345,2024-10-07,1,0,0
8207,CMP0032,1663,2024-10-07,0,0,0
8208,CMP0032,2301,2024-10-07,1,0,0
8209,CMP0032,2218,2024-10-07,0,0,0
8210,CMP0032,1467,2024-10-07,0,0,0
8211,CMP0032,56,2024-10-07,0,0,0
8212,CMP0032,805,2024-10-07,1,0,0
8213,CMP0032,1231,2024-10-07,0,0,0
8214,CMP0032,1809,2024-10-07,1,1,0
8215,CMP0032,75,2024-10-07,0,0,0
8216,CMP0032,3311,2024-10-07,1,0,0
8217,CMP0032,1299,2024-10-07,1,1,0
8218,CMP0032,2665,2024-10-07,0,0,0
8219,CMP0032,1819,2024-10-07,1,0,0
8220,CMP0032,3866,2024-10-07,0,0,0
8221,CMP0032,2653,2024-10-07,0,0,0
8222,CMP0032,2052,2024-10-07,0,0,0
8223,CMP0032,3084,2024-10-07,0,0,0
8224,CMP0032,307,2024-10-07,1,0,0
8225,CMP0032,1169,2024-10-07,1,0,0
8226,CMP0032,3414,2024-10-07,1,0,0
8227,CMP0032,832,2024-10-07,0,0,0
8228,CMP0032,2526,2024-10-07,0,0,0
8229,CMP0032,3676,2024-10-07,0,0,0
8230,CMP0032,2030,2024-10-07,0,0,0
8231,CMP0032,3512,2024-10-07,0,0,0
8232,CMP0032,1405,2024-10-07,0,0,0
8233,CMP0032,3784,2024-10-07,0,0,0
8234,CMP0032,3298,2024-10-07,0,0,0
8235,CMP0032,3888,2024-10-07,1,0,0
8236,CMP0032,222,2024-10-07,0,0,0
8237,CMP0032,2817,2024-10-07,0,0,0
8238,CMP0032,2042,2024-10-07,0,0,0
8239,CMP0032,1023,2024-10-07,1,0,0
8240,CMP0032,852,2024-10-07,0,0,0
8241,CMP0032,127,2024-10-07,0,0,0
8242,CMP0032,3484,2024-10-07,1,0,0
8243,CMP0032,1754,2024-10-07,1,1,0
8244,CMP0032,1977,2024-10-07,1,0,0
8245,CMP0032,352,2024-10-07,0,0,0
8246,CMP0032,884,2024-10-07,0,0,0
8247,CMP0032,2494,2024-10-07,0,0,0
8248,CMP0032,2806,2024-10-07,1,0,0
8249,CMP0032,3639,2024-10-07,0,0,0
8250,CMP0032,3481,2024-10-07,0,0,0
8251,CMP0032,865,2024-10-07,0,0,0
8252,CMP0032,946,2024-10-07,0,0,0
8253,CMP0032,1825,2024-10-07,0,0,0
8254,CMP0032,3720,2024-10-07,1,0,0
8255,CMP0032,1937,2024-10-07,1,0,0
8256,CMP0032,1558,2024-10-07,0,0,0
8257,CMP0032,2849,2024-10-07,0,0,0
8258,CMP0032,3542,2024-10-07,0,0,0
8259,CMP0032,3071,2024-10-07,0,0,0
8260,CMP0032,3525,2024-10-07,1,0,0
8261,CMP0032,3983,2024-10-07,1,0,0
8262,CMP0032,2162,2024-10-07,0,0,0
8263,CMP0032,3178,2024-10-07,0,0,0
8264,CMP0032,1434,2024-10-07,0,0,0
8265,CMP0032,2825,2024-10-07,1,0,0
8266,CMP0032,532,2024-10-07,1,0,0
8267,CMP0032,2070,2024-10-07,1,0,0
8268,CMP0032,3350,2024-10-07,1,0,0
8269,CMP0032,652,2024-10-07,1,0,0
8270,CMP0032,920,2024-10-07,1,0,0
8271,CMP0032,1141,2024-10-07,1,0,0
8272,CMP0032,59,2024-10-07,0,0,0
8273,CMP0032,2931,2024-10-07,0,0,0
8274,CMP0032,2363,2024-10-07,1,0,0
8275,CMP0032,3831,2024-10-07,0,0,0
8276,CMP0032,1429,2024-10-07,1,0,0
8277,CMP0032,3967,2024-10-07,0,0,0
8278,CMP0032,2037,2024-10-07,1,0,0
8279,CMP0032,2624,2024-10-07,1,0,0
8280,CMP0032,2374,2024-10-07,0,0,0
8281,CMP0032,2133,2024-10-07,0,0,0
8282,CMP0032,3238,2024-10-07,0,0,0
8283,CMP0032,2499,2024-10-07,0,0,0
8284,CMP0032,1787,2024-10-07,0,0,0
8285,CMP0032,3641,2024-10-07,0,0,0
8286,CMP0032,416,2024-10-07,1,0,0
8287,CMP0032,2594,2024-10-07,0,0,0
8288,CMP0032,1225,2024-10-07,1,0,0
8289,CMP0032,3197,2024-10-07,0,0,0
8290,CMP0032,2675,2024-10-07,0,0,0
8291,CMP0032,2597,2024-10-07,0,0,0
8292,CMP0032,3953,2024-10-07,1,0,0
8293,CMP0032,1091,2024-10-07,1,0,0
8294,CMP0032,2146,2024-10-07,1,0,0
8295,CMP0032,3044,2024-10-07,0,0,0
8296,CMP0032,245,2024-10-07,0,0,0
8297,CMP0032,3846,2024-10-07,0,0,0
8298,CMP0032,1284,2024-10-07,1,1,0
8299,CMP0032,3258,2024-10-07,0,0,0
8300,CMP0032,1349,2024-10-07,0,0,1
8301,CMP0032,452,2024-10-07,0,0,0
8302,CMP0032,1714,2024-10-07,0,0,0
8303,CMP0032,1416,2024-10-07,0,0,0
8304,CMP0032,2520,2024-10-07,1,0,0
8305,CMP0032,488,2024-10-07,0,0,0
8306,CMP0032,1304,2024-10-07,0,0,0
8307,CMP0032,2697,2024-10-07,0,0,0
8308,CMP0032,2490,2024-10-07,0,0,0
8309,CMP0032,749,2024-10-07,0,0,0
8310,CMP0032,2964,2024-10-07,0,0,0
8311,CMP0032,3947,2024-10-07,0,0,0
8312,CMP0032,3561,2024-10-07,1,0,0
8313,CMP0032,1450,2024-10-07,0,0,1
8314,CMP0032,2619,2024-10-07,1,1,0
8315,CMP0032,581,2024-10-07,0,0,0
8316,CMP0032,1911,2024-10-07,0,0,0
8317,CMP0032,3682,2024-10-07,0,0,0
8318,CMP0032,2270,2024-10-07,0,0,0
8319,CMP0032,2097,2024-10-07,0,0,0
8320,CMP0032,1262,2024-10-07,0,0,0
8321,CMP0032,149,2024-10-07,0,0,0
8322,CMP0032,1924,2024-10-07,0,0,0
8323,CMP0032,2781,2024-10-07,0,0,0
8324,CMP0032,383,2024-10-07,0,0,0
8325,CMP0032,2673,2024-10-07,0,0,0
8326,CMP0032,1886,2024-10-07,1,0,0
8327,CMP0032,2583,2024-10-07,0,0,0
8328,CMP0032,419,2024-10-07,1,0,0
8329,CMP0032,3077,2024-10-07,1,1,0
8330,CMP0032,1880,2024-10-07,0,0,0
8331,CMP0032,757,2024-10-07,0,0,0
8332,CMP0032,2200,2024-10-07,0,0,0
8333,CMP0032,1110,2024-10-07,0,0,0
8334,CMP0032,804,2024-10-07,1,0,0
8335,CMP0032,196,2024-10-07,1,0,0
8336,CMP0032,45,2024-10-07,0,0,0
8337,CMP0032,2962,2024-10-07,0,0,0
8338,CMP0032,3287,2024-10-07,0,0,0
8339,CMP0032,3612,2024-10-07,0,0,0
8340,CMP0032,165,2024-10-07,1,0,0
8341,CMP0032,2586,2024-10-07,0,0,0
8342,CMP0032,2333,2024-10-07,1,1,0
8343,CMP0032,3220,2024-10-07,0,0,0
8344,CMP0032,3518,2024-10-07,1,0,0
8345,CMP0032,1317,2024-10-07,1,0,0
8346,CMP0032,2287,2024-10-07,1,1,0
8347,CMP0032,140,2024-10-07,0,0,0
8348,CMP0032,3914,2024-10-07,0,0,0
8349,CMP0032,2289,2024-10-07,0,0,0
8350,CMP0032,3340,2024-10-07,1,0,0
8351,CMP0032,1735,2024-10-07,1,0,0
8352,CMP0032,1702,2024-10-07,0,0,0
8353,CMP0032,283,2024-10-07,0,0,0
8354,CMP0032,673,2024-10-07,0,0,0
8355,CMP0032,1016,2024-10-07,0,0,0
8356,CMP0032,376,2024-10-07,0,0,0
8357,CMP0032,3219,2024-10-07,0,0,0
8358,CMP0032,1569,2024-10-07,0,0,0
8359,CMP0032,1869,2024-10-07,1,0,0
8360,CMP0032,246,2024-10-07,0,0,0
8361,CMP0032,2609,2024-10-07,0,0,0
8362,CMP0032,1482,2024-10-07,0,0,0
8363,CMP0032,1463,2024-10-07,1,0,0
8364,CMP0032,2739,2024-10-07,0,0,0
8365,CMP0032,3842,2024-10-07,0,0,0
8366,CMP0032,945,2024-10-07,0,0,0
8367,CMP0032,2672,2024-10-07,0,0,0
8368,CMP0032,646,2024-10-07,0,0,0
8369,CMP0032,3927,2024-10-07,0,0,0
8370,CMP0032,3897,2024-10-07,0,0,0
8371,CMP0032,2183,2024-10-07,0,0,0
8372,CMP0032,1866,2024-10-07,0,0,0
8373,CMP0032,392,2024-10-07,0,0,0
8374,CMP0032,2238,2024-10-07,0,0,0
8375,CMP0032,344,2024-10-07,0,0,0
8376,CMP0032,2595,2024-10-07,0,0,0
8377,CMP0032,3078,2024-10-07,0,0,0
8378,CMP0032,3221,2024-10-07,0,0,0
8379,CMP0032,3417,2024-10-07,0,0,0
8380,CMP0032,1423,2024-10-07,1,0,0
8381,CMP0032,2122,2024-10-07,0,0,0
8382,CMP0032,791,2024-10-07,0,0,0
8383,CMP0032,402,2024-10-07,1,0,0
8384,CMP0032,2578,2024-10-07,1,0,0
8385,CMP0032,573,2024-10-07,0,0,0
8386,CMP0032,3068,2024-10-07,0,1,0
8387,CMP0032,3547,2024-10-07,0,0,0
8388,CMP0032,3453,2024-10-07,1,0,0
8389,CMP0032,2859,2024-10-07,1,1,0
8390,CMP0032,186,2024-10-07,1,1,0
8391,CMP0032,205,2024-10-07,1,1,0
8392,CMP0032,1255,2024-10-07,0,0,0
8393,CMP0032,3827,2024-10-07,1,0,0
8394,CMP0032,1903,2024-10-07,0,1,0
8395,CMP0032,1940,2024-10-07,1,1,0
8396,CMP0032,2998,2024-10-07,0,0,0
8397,CMP0032,2628,2024-10-07,0,0,0
8398,CMP0032,3710,2024-10-07,0,0,0
8399,CMP0032,981,2024-10-07,0,0,0
8400,CMP0032,3130,2024-10-07,1,0,0
8401,CMP0032,1844,2024-10-07,0,0,0
8402,CMP0032,3317,2024-10-07,0,0,0
8403,CMP0032,2757,2024-10-07,0,0,0
8404,CMP0032,1353,2024-10-07,0,0,0
8405,CMP0032,2823,2024-10-07,1,0,0
8406,CMP0032,3007,2024-10-07,0,0,0
8407,CMP0032,3496,2024-10-07,0,0,0
8408,CMP0032,1296,2024-10-07,0,0,0
8409,CMP0032,1709,2024-10-07,1,1,0
8410,CMP0032,1789,2024-10-07,1,0,0
8411,CMP0032,2763,2024-10-07,0,0,0
8412,CMP0032,2136,2024-10-07,0,0,0
8413,CMP0032,2875,2024-10-07,1,0,0
8414,CMP0032,2235,2024-10-07,1,0,0
8415,CMP0032,1399,2024-10-07,0,0,0
8416,CMP0032,91,2024-10-07,0,0,0
8417,CMP0032,1293,2024-10-07,0,0,0
8418,CMP0032,3322,2024-10-07,0,0,0
8419,CMP0032,1906,2024-10-07,0,0,0
8420,CMP0032,3249,2024-10-07,0,0,0
8421,CMP0032,2874,2024-10-07,1,1,0
8422,CMP0032,1918,2024-10-07,0,0,0
8423,CMP0032,3835,2024-10-07,0,0,0
8424,CMP0032,3570,2024-10-07,0,0,0
8425,CMP0032,3385,2024-10-07,0,0,0
8426,CMP0032,954,2024-10-07,1,0,0
8427,CMP0032,1352,2024-10-07,0,0,0
8428,CMP0032,1198,2024-10-07,1,0,0
8429,CMP0032,2635,2024-10-07,0,0,0
8430,CMP0032,2710,2024-10-07,0,0,0
8431,CMP0032,2850,2024-10-07,0,0,0
8432,CMP0032,302,2024-10-07,1,0,0
8433,CMP0032,691,2024-10-07,1,0,0
8434,CMP0032,3719,2024-10-07,0,0,0
8435,CMP0032,2199,2024-10-07,1,0,0
8436,CMP0032,530,2024-10-07,0,0,0
8437,CMP0032,401,2024-10-07,0,0,0
8438,CMP0032,1877,2024-10-07,0,0,0
8439,CMP0032,2795,2024-10-07,0,0,0
8440,CMP0032,2329,2024-10-07,1,1,0
8441,CMP0032,957,2024-10-07,0,0,0
8442,CMP0032,3119,2024-10-07,0,0,0
8443,CMP0032,1494,2024-10-07,0,0,0
8444,CMP0032,707,2024-10-07,0,0,0
8445,CMP0032,138,2024-10-07,0,0,0
8446,CMP0032,3948,2024-10-07,0,0,0
8447,CMP0032,2010,2024-10-07,0,0,0
8448,CMP0032,3493,2024-10-07,1,0,0
8449,CMP0032,683,2024-10-07,1,0,0
8450,CMP0032,3916,2024-10-07,0,0,0
8451,CMP0032,2013,2024-10-07,0,0,0
8452,CMP0032,1446,2024-10-07,0,0,0
8453,CMP0032,2671,2024-10-07,1,0,0
8454,CMP0032,982,2024-10-07,0,0,0
8455,CMP0032,35,2024-10-07,0,0,0
8456,CMP0032,2303,2024-10-07,0,0,0
8457,CMP0032,1205,2024-10-07,0,0,0
8458,CMP0032,2379,2024-10-07,0,0,0
8459,CMP0032,3112,2024-10-07,1,1,0
8460,CMP0032,1900,2024-10-07,1,1,0
8461,CMP0032,3402,2024-10-07,0,0,0
8462,CMP0032,3804,2024-10-07,0,0,0
8463,CMP0032,2497,2024-10-07,1,0,0
8464,CMP0032,3856,2024-10-07,0,0,0
8465,CMP0032,1243,2024-10-07,1,1,0
8466,CMP0032,3596,2024-10-07,0,0,0
8467,CMP0032,475,2024-10-07,0,0,0
8468,CMP0032,3853,2024-10-07,0,0,0
8469,CMP0032,3399,2024-10-07,1,1,0
8470,CMP0032,2503,2024-10-07,0,0,0
8471,CMP0032,3247,2024-10-07,1,0,0
8472,CMP0032,600,2024-10-07,0,0,0
8473,CMP0032,814,2024-10-07,0,0,0
8474,CMP0032,2759,2024-10-07,0,0,0
8475,CMP0032,535,2024-10-07,0,0,0
8476,CMP0032,2768,2024-10-07,0,0,0
8477,CMP0032,766,2024-10-07,0,0,0
8478,CMP0032,1974,2024-10-07,0,0,0
8479,CMP0032,1554,2024-10-07,1,0,0
8480,CMP0032,2359,2024-10-07,1,0,0
8481,CMP0032,1363,2024-10-07,0,0,0
8482,CMP0032,2308,2024-10-07,0,0,0
8483,CMP0032,1891,2024-10-07,1,0,0
8484,CMP0032,514,2024-10-07,1,0,0
8485,CMP0032,3807,2024-10-07,0,0,0
8486,CMP0032,1439,2024-10-07,1,0,0
8487,CMP0032,1674,2024-10-07,0,0,0
8488,CMP0032,3816,2024-10-07,1,0,0
8489,CMP0032,1362,2024-10-07,1,0,0
8490,CMP0032,2961,2024-10-07,1,1,0
8491,CMP0032,3062,2024-10-07,0,0,0
8492,CMP0032,1901,2024-10-07,0,0,0
8493,CMP0032,2431,2024-10-07,0,0,0
8494,CMP0032,1770,2024-10-07,0,0,0
8495,CMP0032,1769,2024-10-07,1,0,0
8496,CMP0032,325,2024-10-07,0,0,0
8497,CMP0032,2279,2024-10-07,1,0,0
8498,CMP0032,3494,2024-10-07,1,1,0
8499,CMP0032,3196,2024-10-07,0,0,0
8500,CMP0032,1086,2024-10-07,0,0,0
8501,CMP0032,1791,2024-10-07,1,0,0
8502,CMP0032,1481,2024-10-07,0,0,0
8503,CMP0032,2335,2024-10-07,1,0,0
8504,CMP0032,1675,2024-10-07,1,1,0
8505,CMP0032,3622,2024-10-07,1,0,0
8506,CMP0032,3931,2024-10-07,0,0,0
8507,CMP0032,2007,2024-10-07,0,0,0
8508,CMP0032,3574,2024-10-07,0,0,0
8509,CMP0032,1068,2024-10-07,0,0,0
8510,CMP0032,2239,2024-10-07,1,0,0
8511,CMP0032,720,2024-10-07,0,0,0
8512,CMP0032,2977,2024-10-07,1,1,0
8513,CMP0032,1795,2024-10-07,0,0,0
8514,CMP0032,209,2024-10-07,0,0,0
8515,CMP0032,1936,2024-10-07,0,0,0
8516,CMP0032,160,2024-10-07,0,1,0
8517,CMP0032,1681,2024-10-07,1,1,0
8518,CMP0032,3443,2024-10-07,1,0,0
8519,CMP0032,3942,2024-10-07,0,0,0
8520,CMP0032,2193,2024-10-07,0,0,0
8521,CMP0032,822,2024-10-07,0,0,0
8522,CMP0032,294,2024-10-07,1,1,0
8523,CMP0032,1334,2024-10-07,0,0,0
8524,CMP0032,2755,2024-10-07,0,0,0
8525,CMP0032,2582,2024-10-07,0,0,0
8526,CMP0032,3229,2024-10-07,0,0,0
8527,CMP0032,1980,2024-10-07,1,0,0
8528,CMP0032,2792,2024-10-07,1,1,0
8529,CMP0032,2830,2024-10-07,0,0,0
8530,CMP0032,971,2024-10-07,0,0,0
8531,CMP0032,3968,2024-10-07,1,0,0
8532,CMP0032,3037,2024-10-07,0,0,0
8533,CMP0032,1182,2024-10-07,1,0,0
8534,CMP0032,116,2024-10-07,0,0,0
8535,CMP0032,1222,2024-10-07,0,0,0
8536,CMP0032,1066,2024-10-07,0,0,0
8537,CMP0032,1185,2024-10-07,0,0,0
8538,CMP0032,3930,2024-10-07,0,0,0
8539,CMP0032,1406,2024-10-07,0,0,0
8540,CMP0032,180,2024-10-07,0,0,0
8541,CMP0032,3438,2024-10-07,1,0,0
8542,CMP0032,3562,2024-10-07,0,0,0
8543,CMP0032,469,2024-10-07,0,0,0
8544,CMP0032,1507,2024-10-07,1,0,0
8545,CMP0032,1683,2024-10-07,0,0,0
8546,CMP0032,2832,2024-10-07,0,0,0
8547,CMP0032,1159,2024-10-07,0,0,0
8548,CMP0032,2711,2024-10-07,1,0,0
8549,CMP0032,286,2024-10-07,0,0,0
8550,CMP0032,2788,2024-10-07,0,0,0
8551,CMP0032,343,2024-10-07,0,0,0
8552,CMP0032,1201,2024-10-07,0,0,0
8553,CMP0032,4011,2024-10-07,0,0,0
8554,CMP0032,281,2024-10-07,0,0,0
8555,CMP0032,1868,2024-10-07,0,0,0
8556,CMP0032,1633,2024-10-07,1,0,0
8557,CMP0032,1170,2024-10-07,0,0,0
8558,CMP0032,3437,2024-10-07,0,0,0
8559,CMP0032,2477,2024-10-07,0,0,0
8560,CMP0032,2356,2024-10-07,0,0,0
8561,CMP0032,215,2024-10-07,0,0,0
8562,CMP0032,3845,2024-10-07,0,0,0
8563,CMP0032,2752,2024-10-07,1,0,0
8564,CMP0032,2692,2024-10-07,0,0,0
8565,CMP0032,111,2024-10-07,0,0,0
8566,CMP0032,605,2024-10-07,0,0,0
8567,CMP0032,1670,2024-10-07,0,0,0
8568,CMP0032,1635,2024-10-07,1,0,0
8569,CMP0032,3766,2024-10-07,1,0,0
8570,CMP0032,820,2024-10-07,0,0,0
8571,CMP0032,248,2024-10-07,1,0,0
8572,CMP0032,521,2024-10-07,1,1,0
8573,CMP0032,1301,2024-10-07,0,0,0
8574,CMP0032,682,2024-10-07,0,0,0
8575,CMP0032,3168,2024-10-07,0,0,0
8576,CMP0032,2185,2024-10-07,1,0,0
8577,CMP0032,492,2024-10-07,1,0,0
8578,CMP0032,1842,2024-10-07,0,0,0
8579,CMP0032,1140,2024-10-07,0,0,0
8580,CMP0032,1822,2024-10-07,0,0,0
8581,CMP0032,3870,2024-10-07,0,0,0
8582,CMP0032,2924,2024-10-07,0,0,0
8583,CMP0032,1452,2024-10-07,1,0,0
8584,CMP0032,216,2024-10-07,0,0,0
8585,CMP0032,1961,2024-10-07,1,0,0
8586,CMP0032,2428,2024-10-07,0,0,0
8587,CMP0032,2252,2024-10-07,1,1,0
8588,CMP0032,3857,2024-10-07,0,0,0
8589,CMP0032,1902,2024-10-07,1,0,0
8590,CMP0032,3577,2024-10-07,1,1,0
8591,CMP0032,802,2024-10-07,1,0,0
8592,CMP0032,3567,2024-10-07,0,0,0
8593,CMP0032,3087,2024-10-07,0,0,0
8594,CMP0032,2948,2024-10-07,0,0,0
8595,CMP0032,566,2024-10-07,1,1,0
8596,CMP0032,3647,2024-10-07,1,0,0
8597,CMP0032,1894,2024-10-07,0,0,0
8598,CMP0032,1692,2024-10-07,1,0,0
8599,CMP0032,296,2024-10-07,1,0,0
8600,CMP0032,3117,2024-10-07,0,0,0
8601,CMP0032,989,2024-10-07,1,0,0
8602,CMP0032,2338,2024-10-07,0,0,0
8603,CMP0032,38,2024-10-07,0,0,0
8604,CMP0032,3579,2024-10-07,0,0,0
8605,CMP0032,3462,2024-10-07,1,0,0
8606,CMP0032,504,2024-10-07,1,0,0
8607,CMP0032,3815,2024-10-07,1,0,0
8608,CMP0032,729,2024-10-07,1,0,0
8609,CMP0032,1480,2024-10-07,1,0,0
8610,CMP0032,3858,2024-10-07,1,1,0
8611,CMP0032,322,2024-10-07,1,0,0
8612,CMP0032,457,2024-10-07,0,0,0
8613,CMP0032,1248,2024-10-07,0,0,0
8614,CMP0032,1360,2024-10-07,0,0,0
8615,CMP0032,420,2024-10-07,0,0,0
8616,CMP0032,1864,2024-10-07,1,0,0
8617,CMP0032,123,2024-10-07,0,0,0
8618,CMP0032,3211,2024-10-07,1,0,0
8619,CMP0032,1370,2024-10-07,0,0,0
8620,CMP0032,2357,2024-10-07,0,0,0
8621,CMP0032,867,2024-10-07,0,0,0
8622,CMP0032,1715,2024-10-07,1,0,0
8623,CMP0032,1099,2024-10-07,0,0,0
8624,CMP0032,279,2024-10-07,1,0,0
8625,CMP0032,2911,2024-10-07,0,0,0
8626,CMP0032,254,2024-10-07,0,0,0
8627,CMP0032,136,2024-10-07,0,0,0
8628,CMP0032,3177,2024-10-07,0,0,0
8629,CMP0032,3459,2024-10-07,0,0,0
8630,CMP0032,3426,2024-10-07,0,0,0
8631,CMP0032,2916,2024-10-07,0,0,0
8632,CMP0032,1933,2024-10-07,0,0,0
8633,CMP0032,3604,2024-10-07,0,0,0
8634,CMP0032,2785,2024-10-07,0,0,0
8635,CMP0032,1827,2024-10-07,1,1,0
8636,CMP0032,3887,2024-10-07,0,0,0
8637,CMP0032,2571,2024-10-07,1,0,0
8638,CMP0032,3891,2024-10-07,1,1,0
8639,CMP0032,3756,2024-10-07,0,0,0
8640,CMP0032,3167,2024-10-07,1,0,0
8641,CMP0032,1493,2024-10-07,0,0,0
8642,CMP0032,1092,2024-10-07,0,0,0
8643,CMP0032,3798,2024-10-07,0,0,0
8644,CMP0032,991,2024-10-07,0,0,0
8645,CMP0032,137,2024-10-07,1,0,0
8646,CMP0032,3960,2024-10-07,0,0,0
8647,CMP0099,3036,2024-03-18,0,0,0
8648,CMP0099,3798,2024-03-18,1,0,0
8649,CMP0099,1872,2024-03-18,0,0,0
8650,CMP0099,3837,2024-03-18,1,0,0
8651,CMP0099,2254,2024-03-18,0,0,0
8652,CMP0099,2759,2024-03-18,0,0,0
8653,CMP0099,490,2024-03-18,1,0,0
8654,CMP0099,2037,2024-03-18,1,0,0
8655,CMP0099,1835,2024-03-18,0,0,0
8656,CMP0099,1231,2024-03-18,1,0,0
8657,CMP0099,3739,2024-03-18,0,0,0
8658,CMP0099,3941,2024-03-18,0,0,0
8659,CMP0099,3480,2024-03-18,1,0,0
8660,CMP0099,1631,2024-03-18,1,0,0
8661,CMP0099,212,2024-03-18,0,0,0
8662,CMP0099,3660,2024-03-18,1,0,0
8663,CMP0099,2682,2024-03-18,1,0,0
8664,CMP0099,605,2024-03-18,1,1,0
8665,CMP0099,40,2024-03-18,1,0,0
8666,CMP0099,2685,2024-03-18,0,0,0
8667,CMP0099,1912,2024-03-18,1,0,0
8668,CMP0099,1186,2024-03-18,1,1,0
8669,CMP0099,2400,2024-03-18,0,0,0
8670,CMP0099,3784,2024-03-18,0,0,0
8671,CMP0099,3714,2024-03-18,0,0,0
8672,CMP0099,3180,2024-03-18,1,0,0
8673,CMP0099,1554,2024-03-18,1,0,0
8674,CMP0099,2911,2024-03-18,0,0,0
8675,CMP0099,3230,2024-03-18,0,0,0
8676,CMP0099,166,2024-03-18,0,0,0
8677,CMP0099,858,2024-03-18,1,0,0
8678,CMP0099,1183,2024-03-18,1,0,0
8679,CMP0099,607,2024-03-18,1,0,0
8680,CMP0099,1091,2024-03-18,1,0,0
8681,CMP0099,3889,2024-03-18,1,0,0
8682,CMP0099,2875,2024-03-18,0,0,0
8683,CMP0099,3199,2024-03-18,0,0,0
8684,CMP0099,1822,2024-03-18,0,0,0
8685,CMP0099,3793,2024-03-18,0,0,0
8686,CMP0099,3338,2024-03-18,0,0,0
8687,CMP0099,3536,2024-03-18,0,0,0
8688,CMP0099,1828,2024-03-18,1,0,0
8689,CMP0099,642,2024-03-18,0,0,0
8690,CMP0099,1844,2024-03-18,0,0,0
8691,CMP0099,328,2024-03-18,0,0,0
8692,CMP0099,581,2024-03-18,0,0,0
8693,CMP0099,3996,2024-03-18,0,0,0
8694,CMP0099,2156,2024-03-18,0,0,0
8695,CMP0099,2468,2024-03-18,0,0,0
8696,CMP0099,3521,2024-03-18,0,0,0
8697,CMP0099,1903,2024-03-18,0,0,0
8698,CMP0099,882,2024-03-18,0,0,0
8699,CMP0099,3612,2024-03-18,1,0,0
8700,CMP0099,2130,2024-03-18,1,0,0
8701,CMP0099,254,2024-03-18,0,0,0
8702,CMP0099,1304,2024-03-18,0,0,0
8703,CMP0099,3995,2024-03-18,0,0,0
8704,CMP0099,2526,2024-03-18,0,0,0
8705,CMP0099,606,2024-03-18,0,0,0
8706,CMP0099,1788,2024-03-18,0,0,0
8707,CMP0099,998,2024-03-18,0,0,0
8708,CMP0099,3211,2024-03-18,1,0,0
8709,CMP0099,3386,2024-03-18,1,0,0
8710,CMP0099,1439,2024-03-18,0,0,0
8711,CMP0099,1678,2024-03-18,1,0,0
8712,CMP0099,2371,2024-03-18,0,0,0
8713,CMP0099,3648,2024-03-18,0,0,0
8714,CMP0099,115,2024-03-18,0,0,0
8715,CMP0099,3622,2024-03-18,0,0,0
8716,CMP0099,3729,2024-03-18,0,0,0
8717,CMP0099,556,2024-03-18,0,0,0
8718,CMP0099,836,2024-03-18,1,1,0
8719,CMP0099,3201,2024-03-18,1,0,0
8720,CMP0099,908,2024-03-18,1,0,0
8721,CMP0099,997,2024-03-18,0,0,0
8722,CMP0099,1625,2024-03-18,0,0,0
8723,CMP0099,3132,2024-03-18,1,0,0
8724,CMP0099,2201,2024-03-18,1,0,0
8725,CMP0099,438,2024-03-18,1,0,0
8726,CMP0099,2262,2024-03-18,0,0,0
8727,CMP0099,3884,2024-03-18,0,1,0
8728,CMP0099,3668,2024-03-18,1,0,0
8729,CMP0099,1663,2024-03-18,0,0,0
8730,CMP0099,2566,2024-03-18,1,0,0
8731,CMP0099,962,2024-03-18,0,0,0
8732,CMP0099,3554,2024-03-18,1,1,0
8733,CMP0099,1230,2024-03-18,0,0,0
8734,CMP0099,50,2024-03-18,1,1,0
8735,CMP0099,3721,2024-03-18,0,0,0
8736,CMP0099,3457,2024-03-18,0,0,0
8737,CMP0099,1201,2024-03-18,0,0,0
8738,CMP0099,10,2024-03-18,0,0,0
8739,CMP0099,3643,2024-03-18,0,0,0
8740,CMP0099,1900,2024-03-18,0,0,0
8741,CMP0099,75,2024-03-18,0,0,0
8742,CMP0099,2039,2024-03-18,0,0,0
8743,CMP0099,3094,2024-03-18,1,0,0
8744,CMP0099,1609,2024-03-18,0,0,0
8745,CMP0099,1000,2024-03-18,0,0,0
8746,CMP0099,1795,2024-03-18,0,0,1
8747,CMP0099,999,2024-03-18,1,1,0
8748,CMP0099,3913,2024-03-18,0,0,0
8749,CMP0099,3534,2024-03-18,0,0,0
8750,CMP0099,3101,2024-03-18,0,0,0
8751,CMP0099,1032,2024-03-18,0,0,1
8752,CMP0099,3426,2024-03-18,0,0,0
8753,CMP0099,3252,2024-03-18,1,0,0
8754,CMP0099,3227,2024-03-18,0,0,0
8755,CMP0099,3414,2024-03-18,1,0,0
8756,CMP0099,1434,2024-03-18,1,1,0
8757,CMP0099,2428,2024-03-18,0,0,0
8758,CMP0099,569,2024-03-18,0,0,0
8759,CMP0099,1174,2024-03-18,0,0,0
8760,CMP0099,1507,2024-03-18,0,0,0
8761,CMP0099,252,2024-03-18,0,0,0
8762,CMP0099,582,2024-03-18,0,0,0
8763,CMP0099,1768,2024-03-18,0,0,0
8764,CMP0099,3443,2024-03-18,0,0,0
8765,CMP0099,3196,2024-03-18,0,0,0
8766,CMP0099,3661,2024-03-18,0,0,0
8767,CMP0099,4,2024-03-18,0,0,0
8768,CMP0099,2736,2024-03-18,1,0,0
8769,CMP0099,977,2024-03-18,0,0,0
8770,CMP0099,140,2024-03-18,0,0,0
8771,CMP0099,216,2024-03-18,1,0,0
8772,CMP0099,1038,2024-03-18,0,0,0
8773,CMP0099,3717,2024-03-18,0,0,0
8774,CMP0099,3482,2024-03-18,0,0,0
8775,CMP0099,1060,2024-03-18,0,0,0
8776,CMP0099,2334,2024-03-18,0,0,0
8777,CMP0099,3771,2024-03-18,0,0,0
8778,CMP0099,2642,2024-03-18,0,0,0
8779,CMP0099,3581,2024-03-18,1,0,0
8780,CMP0099,3880,2024-03-18,0,0,0
8781,CMP0099,3267,2024-03-18,0,0,0
8782,CMP0099,1960,2024-03-18,0,0,0
8783,CMP0099,2570,2024-03-18,0,0,0
8784,CMP0099,3562,2024-03-18,0,0,0
8785,CMP0099,2783,2024-03-18,0,0,0
8786,CMP0099,3415,2024-03-18,0,0,0
8787,CMP0099,17,2024-03-18,1,0,0
8788,CMP0099,2393,2024-03-18,0,0,0
8789,CMP0099,2734,2024-03-18,0,0,0
8790,CMP0099,3833,2024-03-18,0,0,0
8791,CMP0099,3223,2024-03-18,0,0,0
8792,CMP0099,2135,2024-03-18,0,0,0
8793,CMP0099,2839,2024-03-18,1,0,0
8794,CMP0099,2597,2024-03-18,0,0,0
8795,CMP0099,500,2024-03-18,1,0,0
8796,CMP0099,3704,2024-03-18,0,0,0
8797,CMP0099,2817,2024-03-18,1,0,0
8798,CMP0099,3773,2024-03-18,0,0,0
8799,CMP0099,1024,2024-03-18,0,0,0
8800,CMP0099,255,2024-03-18,0,0,0
8801,CMP0099,1040,2024-03-18,0,0,0
8802,CMP0099,2890,2024-03-18,0,0,0
8803,CMP0099,673,2024-03-18,0,0,0
8804,CMP0099,649,2024-03-18,1,1,0
8805,CMP0099,3146,2024-03-18,1,0,0
8806,CMP0099,1620,2024-03-18,0,0,0
8807,CMP0099,778,2024-03-18,1,0,0
8808,CMP0099,2279,2024-03-18,1,0,0
8809,CMP0099,1021,2024-03-18,1,0,0
8810,CMP0099,1832,2024-03-18,0,0,0
8811,CMP0099,3329,2024-03-18,0,0,0
8812,CMP0099,2850,2024-03-18,0,0,0
8813,CMP0099,1029,2024-03-18,1,0,0
8814,CMP0099,2261,2024-03-18,0,0,0
8815,CMP0099,682,2024-03-18,0,0,0
8816,CMP0099,1264,2024-03-18,0,0,0
8817,CMP0099,3658,2024-03-18,0,0,0
8818,CMP0099,314,2024-03-18,1,0,0
8819,CMP0099,2226,2024-03-18,1,0,0
8820,CMP0099,1030,2024-03-18,1,0,0
8821,CMP0099,297,2024-03-18,1,1,0
8822,CMP0099,730,2024-03-18,0,0,0
8823,CMP0099,566,2024-03-18,1,0,0
8824,CMP0099,2347,2024-03-18,0,0,0
8825,CMP0099,3405,2024-03-18,1,0,0
8826,CMP0099,3733,2024-03-18,0,0,0
8827,CMP0099,1974,2024-03-18,0,0,0
8828,CMP0099,1478,2024-03-18,0,0,0
8829,CMP0099,2405,2024-03-18,0,0,0
8830,CMP0099,2902,2024-03-18,0,0,0
8831,CMP0099,127,2024-03-18,0,0,0
8832,CMP0099,3567,2024-03-18,0,0,0
8833,CMP0099,3528,2024-03-18,0,0,0
8834,CMP0099,2774,2024-03-18,0,0,0
8835,CMP0099,304,2024-03-18,0,0,0
8836,CMP0099,1757,2024-03-18,1,0,0
8837,CMP0099,521,2024-03-18,0,0,0
8838,CMP0099,629,2024-03-18,0,0,0
8839,CMP0099,307,2024-03-18,0,0,0
8840,CMP0099,2210,2024-03-18,0,0,0
8841,CMP0099,3221,2024-03-18,1,0,0
8842,CMP0099,1106,2024-03-18,0,0,0
8843,CMP0099,1250,2024-03-18,0,0,0
8844,CMP0099,2380,2024-03-18,0,0,0
8845,CMP0099,1596,2024-03-18,1,0,0
8846,CMP0099,2329,2024-03-18,0,0,0
8847,CMP0099,1783,2024-03-18,0,0,0
8848,CMP0099,3183,2024-03-18,0,0,0
8849,CMP0099,944,2024-03-18,0,0,0
8850,CMP0099,2785,2024-03-18,0,0,0
8851,CMP0099,3012,2024-03-18,0,0,0
8852,CMP0099,323,2024-03-18,0,0,0
8853,CMP0099,849,2024-03-18,1,0,0
8854,CMP0099,698,2024-03-18,0,0,0
8855,CMP0099,1200,2024-03-18,0,0,1
8856,CMP0099,2546,2024-03-18,0,0,0
8857,CMP0099,2561,2024-03-18,0,0,0
8858,CMP0099,1205,2024-03-18,1,0,0
8859,CMP0099,110,2024-03-18,0,0,0
8860,CMP0099,2930,2024-03-18,0,0,0
8861,CMP0099,785,2024-03-18,0,0,0
8862,CMP0099,851,2024-03-18,0,0,0
8863,CMP0099,3948,2024-03-18,0,0,0
8864,CMP0099,3007,2024-03-18,0,0,0
8865,CMP0099,1014,2024-03-18,1,0,0
8866,CMP0099,2067,2024-03-18,0,0,0
8867,CMP0099,2509,2024-03-18,0,0,0
8868,CMP0099,420,2024-03-18,1,0,0
8869,CMP0099,2256,2024-03-18,1,0,0
8870,CMP0099,2251,2024-03-18,0,0,0
8871,CMP0099,2320,2024-03-18,0,0,0
8872,CMP0099,3234,2024-03-18,0,0,0
8873,CMP0099,1661,2024-03-18,0,0,0
8874,CMP0099,1121,2024-03-18,0,0,0
8875,CMP0099,5,2024-03-18,0,0,0
8876,CMP0099,751,2024-03-18,0,0,0
8877,CMP0099,8,2024-03-18,1,0,0
8878,CMP0099,2739,2024-03-18,1,0,0
8879,CMP0099,1585,2024-03-18,0,0,0
8880,CMP0099,1436,2024-03-18,1,0,0
8881,CMP0099,1446,2024-03-18,1,0,0
8882,CMP0099,3664,2024-03-18,1,0,0
8883,CMP0099,1092,2024-03-18,1,0,0
8884,CMP0099,419,2024-03-18,0,0,0
8885,CMP0099,3460,2024-03-18,0,0,0
8886,CMP0099,2878,2024-03-18,1,0,0
8887,CMP0099,766,2024-03-18,1,0,0
8888,CMP0099,1096,2024-03-18,1,0,0
8889,CMP0099,357,2024-03-18,0,1,0
8890,CMP0099,2586,2024-03-18,0,0,0
8891,CMP0099,2795,2024-03-18,0,0,0
8892,CMP0099,187,2024-03-18,0,0,0
8893,CMP0099,3429,2024-03-18,1,0,0
8894,CMP0099,2741,2024-03-18,0,0,0
8895,CMP0099,650,2024-03-18,0,0,0
8896,CMP0099,321,2024-03-18,0,0,0
8897,CMP0099,684,2024-03-18,1,0,0
8898,CMP0099,652,2024-03-18,0,0,0
8899,CMP0099,2106,2024-03-18,1,0,0
8900,CMP0099,3931,2024-03-18,1,0,0
8901,CMP0099,1112,2024-03-18,0,0,0
8902,CMP0099,733,2024-03-18,1,1,0
8903,CMP0099,1327,2024-03-18,0,0,0
8904,CMP0099,2929,2024-03-18,1,0,0
8905,CMP0099,3106,2024-03-18,1,0,0
8906,CMP0099,782,2024-03-18,0,0,0
8907,CMP0099,162,2024-03-18,0,0,0
8908,CMP0099,3436,2024-03-18,1,0,0
8909,CMP0099,2439,2024-03-18,0,0,0
8910,CMP0099,1284,2024-03-18,1,0,0
8911,CMP0099,2887,2024-03-18,0,0,0
8912,CMP0099,870,2024-03-18,0,0,0
8913,CMP0099,2711,2024-03-18,0,0,0
8914,CMP0099,1789,2024-03-18,0,0,0
8915,CMP0099,278,2024-03-18,1,0,0
8916,CMP0099,1159,2024-03-18,0,0,0
8917,CMP0099,1298,2024-03-18,0,0,0
8918,CMP0099,3138,2024-03-18,0,0,0
8919,CMP0099,1433,2024-03-18,0,0,0
8920,CMP0099,1999,2024-03-18,0,0,0
8921,CMP0099,1696,2024-03-18,1,0,0
8922,CMP0099,1340,2024-03-18,0,0,0
8923,CMP0099,2357,2024-03-18,0,0,0
8924,CMP0099,1387,2024-03-18,0,0,0
8925,CMP0099,3120,2024-03-18,0,0,0
8926,CMP0099,2218,2024-03-18,1,0,0
8927,CMP0099,313,2024-03-18,0,0,0
8928,CMP0099,1360,2024-03-18,0,0,0
8929,CMP0099,2303,2024-03-18,0,0,0
8930,CMP0099,3417,2024-03-18,1,0,0
8931,CMP0099,3487,2024-03-18,0,0,0
8932,CMP0099,353,2024-03-18,0,0,0
8933,CMP0099,3575,2024-03-18,0,0,0
8934,CMP0099,2763,2024-03-18,0,0,0
8935,CMP0099,2619,2024-03-18,0,0,0
8936,CMP0099,1353,2024-03-18,1,0,0
8937,CMP0099,2478,2024-03-18,0,0,0
8938,CMP0099,2126,2024-03-18,0,0,0
8939,CMP0099,585,2024-03-18,0,0,0
8940,CMP0099,2397,2024-03-18,1,0,0
8941,CMP0099,3128,2024-03-18,0,0,0
8942,CMP0099,446,2024-03-18,0,0,0
8943,CMP0099,3557,2024-03-18,0,0,0
8944,CMP0099,826,2024-03-18,0,0,0
8945,CMP0099,3679,2024-03-18,1,1,0
8946,CMP0099,1352,2024-03-18,1,0,0
8947,CMP0099,1855,2024-03-18,1,0,0
8948,CMP0099,1574,2024-03-18,0,0,0
8949,CMP0099,432,2024-03-18,0,0,0
8950,CMP0099,729,2024-03-18,1,0,0
8951,CMP0099,2557,2024-03-18,0,0,0
8952,CMP0099,3033,2024-03-18,0,0,0
8953,CMP0099,2919,2024-03-18,1,0,0
8954,CMP0099,1674,2024-03-18,0,0,0
8955,CMP0099,3171,2024-03-18,0,0,0
8956,CMP0099,1940,2024-03-18,1,0,0
8957,CMP0099,3875,2024-03-18,0,0,0
8958,CMP0099,2287,2024-03-18,0,0,0
8959,CMP0099,1640,2024-03-18,1,0,0
8960,CMP0099,229,2024-03-18,0,0,0
8961,CMP0099,1285,2024-03-18,0,0,0
8962,CMP0099,2735,2024-03-18,0,0,0
8963,CMP0099,1877,2024-03-18,0,0,0
8964,CMP0099,2874,2024-03-18,1,0,0
8965,CMP0099,1992,2024-03-18,1,0,0
8966,CMP0099,3977,2024-03-18,0,0,0
8967,CMP0099,2846,2024-03-18,1,0,0
8968,CMP0099,1550,2024-03-18,1,0,0
8969,CMP0099,3114,2024-03-18,0,0,0
8970,CMP0099,1905,2024-03-18,1,0,0
8971,CMP0099,4015,2024-03-18,1,0,0
8972,CMP0099,2492,2024-03-18,1,0,0
8973,CMP0099,1986,2024-03-18,0,0,0
8974,CMP0099,867,2024-03-18,1,0,0
8975,CMP0099,2034,2024-03-18,0,0,0
8976,CMP0099,2883,2024-03-18,0,0,0
8977,CMP0099,1749,2024-03-18,1,0,0
8978,CMP0099,1459,2024-03-18,0,0,0
8979,CMP0099,1538,2024-03-18,0,0,0
8980,CMP0099,123,2024-03-18,0,0,0
8981,CMP0099,408,2024-03-18,0,0,0
8982,CMP0099,2141,2024-03-18,0,0,0
8983,CMP0099,1011,2024-03-18,0,0,0
8984,CMP0099,2571,2024-03-18,0,0,0
8985,CMP0099,1528,2024-03-18,1,0,0
8986,CMP0099,2802,2024-03-18,0,0,0
8987,CMP0099,2520,2024-03-18,0,0,0
8988,CMP0099,1185,2024-03-18,0,0,0
8989,CMP0099,3805,2024-03-18,1,0,0
8990,CMP0099,3109,2024-03-18,0,0,0
8991,CMP0099,1885,2024-03-18,0,0,0
8992,CMP0099,2289,2024-03-18,1,1,0
8993,CMP0099,3337,2024-03-18,0,0,0
8994,CMP0099,3982,2024-03-18,0,0,0
8995,CMP0099,1416,2024-03-18,1,0,0
8996,CMP0099,3690,2024-03-18,1,1,0
8997,CMP0099,3380,2024-03-18,0,0,0
8998,CMP0099,3676,2024-03-18,0,0,0
8999,CMP0099,880,2024-03-18,0,0,0
9000,CMP0099,3220,2024-03-18,0,0,0
9001,CMP0099,2859,2024-03-18,1,0,0
9002,CMP0099,205,2024-03-18,0,0,0
9003,CMP0099,2742,2024-03-18,0,0,0
9004,CMP0099,1613,2024-03-18,0,0,0
9005,CMP0099,2620,2024-03-18,1,0,0
9006,CMP0099,27,2024-03-18,0,0,0
9007,CMP0099,2833,2024-03-18,0,0,0
9008,CMP0099,2073,2024-03-18,0,0,0
9009,CMP0099,2331,2024-03-18,1,0,0
9010,CMP0099,2335,2024-03-18,0,0,0
9011,CMP0099,3579,2024-03-18,0,0,0
9012,CMP0099,1473,2024-03-18,1,0,0
9013,CMP0099,3530,2024-03-18,0,0,0
9014,CMP0099,638,2024-03-18,0,0,0
9015,CMP0099,381,2024-03-18,0,0,0
9016,CMP0099,3256,2024-03-18,0,0,0
9017,CMP0099,1086,2024-03-18,0,0,0
9018,CMP0099,111,2024-03-18,0,0,0
9019,CMP0099,2392,2024-03-18,0,0,0
9020,CMP0099,181,2024-03-18,0,0,0
9021,CMP0099,161,2024-03-18,0,0,0
9022,CMP0099,2097,2024-03-18,0,0,0
9023,CMP0099,3682,2024-03-18,0,0,0
9024,CMP0099,417,2024-03-18,0,0,0
9025,CMP0099,2410,2024-03-18,1,0,0
9026,CMP0099,2806,2024-03-18,1,0,0
9027,CMP0099,2052,2024-03-18,0,0,0
9028,CMP0099,3892,2024-03-18,0,0,0
9029,CMP0099,662,2024-03-18,0,0,0
9030,CMP0099,2972,2024-03-18,0,0,0
9031,CMP0099,1023,2024-03-18,0,0,0
9032,CMP0099,2296,2024-03-18,1,0,0
9033,CMP0099,1502,2024-03-18,1,0,0
9034,CMP0099,2963,2024-03-18,0,0,0
9035,CMP0099,1902,2024-03-18,0,0,0
9036,CMP0099,3049,2024-03-18,0,0,0
9037,CMP0099,2042,2024-03-18,1,0,0
9038,CMP0099,3121,2024-03-18,0,0,0
9039,CMP0099,522,2024-03-18,1,0,0
9040,CMP0099,2370,2024-03-18,0,0,0
9041,CMP0099,3888,2024-03-18,0,0,0
9042,CMP0099,2138,2024-03-18,0,0,0
9043,CMP0099,2933,2024-03-18,1,0,0
9044,CMP0099,3113,2024-03-18,1,0,0
9045,CMP0099,2788,2024-03-18,0,0,0
9046,CMP0099,133,2024-03-18,0,0,0
9047,CMP0099,1866,2024-03-18,0,0,0
9048,CMP0099,3061,2024-03-18,1,0,0
9049,CMP0099,1805,2024-03-18,0,0,0
9050,CMP0099,3570,2024-03-18,0,0,0
9051,CMP0099,2227,2024-03-18,0,0,0
9052,CMP0099,1303,2024-03-18,1,0,0
9053,CMP0099,1226,2024-03-18,0,0,0
9054,CMP0099,2095,2024-03-18,1,0,0
9055,CMP0099,2350,2024-03-18,0,0,0
9056,CMP0099,3085,2024-03-18,0,0,0
9057,CMP0099,610,2024-03-18,0,0,0
9058,CMP0099,2755,2024-03-18,0,0,0
9059,CMP0099,2127,2024-03-18,1,0,0
9060,CMP0099,3119,2024-03-18,1,0,0
9061,CMP0099,3466,2024-03-18,1,1,0
9062,CMP0099,636,2024-03-18,1,0,0
9063,CMP0099,520,2024-03-18,0,0,0
9064,CMP0099,3745,2024-03-18,0,0,0
9065,CMP0099,1533,2024-03-18,1,1,0
9066,CMP0099,2534,2024-03-18,1,0,0
9067,CMP0099,2894,2024-03-18,0,0,0
9068,CMP0099,3343,2024-03-18,0,0,0
9069,CMP0099,3438,2024-03-18,1,1,0
9070,CMP0099,489,2024-03-18,0,0,0
9071,CMP0099,3216,2024-03-18,1,0,0
9072,CMP0099,3471,2024-03-18,1,0,0
9073,CMP0099,240,2024-03-18,0,0,0
9074,CMP0099,2744,2024-03-18,0,0,0
9075,CMP0099,1141,2024-03-18,0,0,0
9076,CMP0099,1493,2024-03-18,0,0,0
9077,CMP0099,2891,2024-03-18,1,0,0
9078,CMP0099,1526,2024-03-18,1,0,0
9079,CMP0099,3583,2024-03-18,0,0,0
9080,CMP0099,2002,2024-03-18,0,0,0
9081,CMP0099,3135,2024-03-18,0,0,0
9082,CMP0099,1899,2024-03-18,0,0,0
9083,CMP0099,350,2024-03-18,1,1,0
9084,CMP0099,615,2024-03-18,1,0,0
9085,CMP0099,2908,2024-03-18,1,0,0
9086,CMP0099,469,2024-03-18,1,0,0
9087,CMP0099,2768,2024-03-18,0,0,0
9088,CMP0099,329,2024-03-18,1,1,0
9089,CMP0099,1517,2024-03-18,1,0,0
9090,CMP0099,2738,2024-03-18,0,0,0
9091,CMP0099,1384,2024-03-18,0,0,0
9092,CMP0099,3693,2024-03-18,0,0,0
9093,CMP0099,1154,2024-03-18,1,0,0
9094,CMP0099,1614,2024-03-18,1,0,0
9095,CMP0099,3517,2024-03-18,0,0,0
9096,CMP0099,2672,2024-03-18,0,0,1
9097,CMP0099,296,2024-03-18,0,0,0
9098,CMP0099,2221,2024-03-18,1,0,0
9099,CMP0099,2340,2024-03-18,1,0,0
9100,CMP0099,1516,2024-03-18,0,0,0
9101,CMP0099,1348,2024-03-18,1,0,0
9102,CMP0099,1110,2024-03-18,1,0,0
9103,CMP0099,656,2024-03-18,1,0,0
9104,CMP0099,3389,2024-03-18,1,0,0
9105,CMP0099,1583,2024-03-18,0,0,0
9106,CMP0099,2745,2024-03-18,0,0,0
9107,CMP0099,692,2024-03-18,0,0,0
9108,CMP0099,2590,2024-03-18,1,1,0
9109,CMP0099,3030,2024-03-18,0,0,0
9110,CMP0099,3066,2024-03-18,0,0,0
9111,CMP0099,374,2024-03-18,1,0,0
9112,CMP0099,3409,2024-03-18,0,0,1
9113,CMP0099,2854,2024-03-18,0,0,0
9114,CMP0099,1244,2024-03-18,0,0,0
9115,CMP0099,360,2024-03-18,0,0,0
9116,CMP0099,3257,2024-03-18,0,0,0
9117,CMP0099,1627,2024-03-18,0,0,0
9118,CMP0099,2692,2024-03-18,1,0,0
9119,CMP0099,1561,2024-03-18,0,0,0
9120,CMP0099,3086,2024-03-18,0,0,0
9121,CMP0099,3933,2024-03-18,1,0,0
9122,CMP0099,709,2024-03-18,0,0,0
9123,CMP0099,981,2024-03-18,1,0,0
9124,CMP0099,2866,2024-03-18,0,0,0
9125,CMP0099,2663,2024-03-18,1,0,0
9126,CMP0099,1102,2024-03-18,1,0,0
9127,CMP0099,780,2024-03-18,1,1,0
9128,CMP0099,3907,2024-03-18,1,1,0
9129,CMP0099,173,2024-03-18,0,0,0
9130,CMP0099,3782,2024-03-18,1,1,0
9131,CMP0099,1221,2024-03-18,0,0,0
9132,CMP0099,167,2024-03-18,0,0,0
9133,CMP0099,1401,2024-03-18,1,0,0
9134,CMP0099,3870,2024-03-18,0,0,0
9135,CMP0099,1532,2024-03-18,0,0,0
9136,CMP0099,2472,2024-03-18,0,0,0
9137,CMP0099,3795,2024-03-18,1,0,0
9138,CMP0099,299,2024-03-18,1,1,0
9139,CMP0099,3816,2024-03-18,0,0,0
9140,CMP0099,2504,2024-03-18,0,0,0
9141,CMP0099,2609,2024-03-18,1,0,0
9142,CMP0099,224,2024-03-18,0,0,0
9143,CMP0099,1679,2024-03-18,0,0,0
9144,CMP0099,3207,2024-03-18,1,0,0
9145,CMP0099,2993,2024-03-18,0,0,0
9146,CMP0099,1225,2024-03-18,0,0,0
9147,CMP0099,640,2024-03-18,0,0,0
9148,CMP0099,3627,2024-03-18,0,0,0
9149,CMP0099,532,2024-03-18,0,0,0
9150,CMP0099,3561,2024-03-18,1,1,0
9151,CMP0099,815,2024-03-18,0,0,0
9152,CMP0099,2406,2024-03-18,0,0,0
9153,CMP0099,2196,2024-03-18,0,0,0
9154,CMP0099,3232,2024-03-18,0,0,0
9155,CMP0099,1420,2024-03-18,0,0,0
9156,CMP0099,770,2024-03-18,0,0,0
9157,CMP0099,540,2024-03-18,0,0,0
9158,CMP0099,2699,2024-03-18,0,0,0
9159,CMP0099,2384,2024-03-18,1,0,0
9160,CMP0099,3961,2024-03-18,0,0,0
9161,CMP0099,1883,2024-03-18,1,0,0
9162,CMP0099,2421,2024-03-18,0,0,0
9163,CMP0099,1170,2024-03-18,0,0,0
9164,CMP0099,1908,2024-03-18,0,0,0
9165,CMP0099,2457,2024-03-18,0,0,0
9166,CMP0099,308,2024-03-18,0,0,0
9167,CMP0099,3297,2024-03-18,0,0,0
9168,CMP0099,1450,2024-03-18,0,0,0
9169,CMP0099,3872,2024-03-18,1,0,0
9170,CMP0099,3248,2024-03-18,0,0,0
9171,CMP0099,1403,2024-03-18,0,0,0
9172,CMP0099,1747,2024-03-18,0,0,0
9173,CMP0099,2869,2024-03-18,1,0,0
9174,CMP0099,283,2024-03-18,1,0,0
9175,CMP0099,2164,2024-03-18,0,0,0
9176,CMP0099,3074,2024-03-18,0,0,0
9177,CMP0099,2385,2024-03-18,0,0,0
9178,CMP0099,974,2024-03-18,0,0,0
9179,CMP0099,1639,2024-03-18,0,0,0
9180,CMP0099,485,2024-03-18,0,0,0
9181,CMP0099,516,2024-03-18,0,0,0
9182,CMP0099,1129,2024-03-18,0,0,0
9183,CMP0099,3819,2024-03-18,1,0,0
9184,CMP0099,1607,2024-03-18,1,0,0
9185,CMP0099,1243,2024-03-18,1,1,0
9186,CMP0099,1597,2024-03-18,0,0,0
9187,CMP0099,284,2024-03-18,0,0,0
9188,CMP0099,971,2024-03-18,0,0,0
9189,CMP0099,2905,2024-03-18,1,0,0
9190,CMP0099,2332,2024-03-18,0,0,0
9191,CMP0099,1077,2024-03-18,1,0,0
9192,CMP0099,668,2024-03-18,0,0,0
9193,CMP0099,1016,2024-03-18,0,0,0
9194,CMP0099,927,2024-03-18,0,0,0
9195,CMP0099,2010,2024-03-18,1,0,0
9196,CMP0099,2980,2024-03-18,1,0,0
9197,CMP0099,2607,2024-03-18,0,0,0
9198,CMP0099,171,2024-03-18,0,0,0
9199,CMP0099,2731,2024-03-18,1,0,0
9200,CMP0099,859,2024-03-18,0,0,0
9201,CMP0099,286,2024-03-18,0,0,0
9202,CMP0099,3635,2024-03-18,0,0,0
9203,CMP0099,3970,2024-03-18,1,0,1
9204,CMP0099,409,2024-03-18,0,0,0
9205,CMP0099,3258,2024-03-18,1,0,0
9206,CMP0099,2466,2024-03-18,1,0,0
9207,CMP0099,1541,2024-03-18,1,1,0
9208,CMP0099,95,2024-03-18,0,0,0
9209,CMP0099,3407,2024-03-18,1,1,0
9210,CMP0099,3025,2024-03-18,0,0,0
9211,CMP0099,2888,2024-03-18,1,1,0
9212,CMP0099,1265,2024-03-18,1,0,0
9213,CMP0099,2139,2024-03-18,1,0,0
9214,CMP0099,1915,2024-03-18,0,0,0
9215,CMP0099,2382,2024-03-18,0,0,0
9216,CMP0099,1118,2024-03-18,0,0,0
9217,CMP0099,2917,2024-03-18,0,0,0
9218,CMP0099,4003,2024-03-18,0,0,0
9219,CMP0099,3539,2024-03-18,1,0,0
9220,CMP0099,775,2024-03-18,0,0,0
9221,CMP0099,223,2024-03-18,0,0,0
9222,CMP0099,1248,2024-03-18,0,0,0
9223,CMP0099,3340,2024-03-18,0,0,0
9224,CMP0099,1192,2024-03-18,0,0,0
9225,CMP0099,616,2024-03-18,0,0,0
9226,CMP0099,3278,2024-03-18,1,1,0
9227,CMP0099,1057,2024-03-18,0,0,0
9228,CMP0099,1975,2024-03-18,0,0,0
9229,CMP0099,2348,2024-03-18,0,0,0
9230,CMP0099,3078,2024-03-18,0,0,0
9231,CMP0099,2658,2024-03-18,1,0,0
9232,CMP0099,3188,2024-03-18,0,0,0
9233,CMP0099,215,2024-03-18,0,0,0
9234,CMP0099,1431,2024-03-18,0,0,0
9235,CMP0099,3361,2024-03-18,0,0,0
9236,CMP0099,2867,2024-03-18,0,0,0
9237,CMP0099,3932,2024-03-18,1,0,0
9238,CMP0099,2013,2024-03-18,0,0,1
9239,CMP0099,3472,2024-03-18,0,0,0
9240,CMP0099,1910,2024-03-18,0,0,0
9241,CMP0099,1565,2024-03-18,0,0,0
9242,CMP0099,1556,2024-03-18,1,0,0
9243,CMP0099,3022,2024-03-18,1,0,0
9244,CMP0099,3286,2024-03-18,1,0,0
9245,CMP0099,3855,2024-03-18,1,0,0
9246,CMP0099,209,2024-03-18,0,0,0
9247,CMP0099,796,2024-03-18,0,0,0
9248,CMP0099,982,2024-03-18,0,0,0
9249,CMP0099,2562,2024-03-18,0,0,0
9250,CMP0099,2712,2024-03-18,0,0,0
9251,CMP0099,583,2024-03-18,1,0,0
9252,CMP0099,3044,2024-03-18,1,1,0
9253,CMP0099,771,2024-03-18,0,0,0
9254,CMP0099,2424,2024-03-18,1,0,0
9255,CMP0099,1949,2024-03-18,0,0,0
9256,CMP0127,3548,2025-01-19,0,0,0
9257,CMP0127,3965,2025-01-19,1,0,0
9258,CMP0127,2180,2025-01-19,1,0,0
9259,CMP0127,2067,2025-01-19,1,1,0
9260,CMP0127,2496,2025-01-19,0,0,0
9261,CMP0127,3955,2025-01-19,0,0,0
9262,CMP0127,323,2025-01-19,1,0,0
9263,CMP0127,2322,2025-01-19,0,0,0
9264,CMP0127,3914,2025-01-19,0,1,0
9265,CMP0127,132,2025-01-19,1,1,0
9266,CMP0127,1988,2025-01-19,0,0,0
9267,CMP0127,1719,2025-01-19,1,0,0
9268,CMP0127,2497,2025-01-19,1,0,0
9269,CMP0127,1695,2025-01-19,0,0,0
9270,CMP0127,691,2025-01-19,0,0,0
9271,CMP0127,2454,2025-01-19,0,0,0
9272,CMP0127,2433,2025-01-19,0,0,0
9273,CMP0127,3473,2025-01-19,0,0,0
9274,CMP0127,3425,2025-01-19,0,0,0
9275,CMP0127,2490,2025-01-19,0,0,0
9276,CMP0127,3859,2025-01-19,1,0,0
9277,CMP0127,294,2025-01-19,1,0,0
9278,CMP0127,1788,2025-01-19,1,0,0
9279,CMP0127,1558,2025-01-19,0,0,0
9280,CMP0127,1269,2025-01-19,0,0,0
9281,CMP0127,2368,2025-01-19,0,0,0
9282,CMP0127,2158,2025-01-19,1,0,0
9283,CMP0127,2447,2025-01-19,1,1,0
9284,CMP0127,64,2025-01-19,0,0,0
9285,CMP0127,3046,2025-01-19,0,0,0
9286,CMP0127,1870,2025-01-19,0,0,0
9287,CMP0127,927,2025-01-19,1,0,0
9288,CMP0127,2692,2025-01-19,0,0,0
9289,CMP0127,3661,2025-01-19,0,0,0
9290,CMP0127,2226,2025-01-19,0,0,0
9291,CMP0127,782,2025-01-19,0,0,0
9292,CMP0127,774,2025-01-19,0,0,0
9293,CMP0127,908,2025-01-19,0,0,0
9294,CMP0127,3255,2025-01-19,0,0,0
9295,CMP0127,2044,2025-01-19,0,0,0
9296,CMP0127,807,2025-01-19,0,0,0
9297,CMP0127,296,2025-01-19,0,0,0
9298,CMP0127,966,2025-01-19,0,0,0
9299,CMP0127,1414,2025-01-19,0,0,0
9300,CMP0127,2237,2025-01-19,0,0,0
9301,CMP0127,2526,2025-01-19,0,0,0
9302,CMP0127,2819,2025-01-19,1,0,0
9303,CMP0127,2940,2025-01-19,0,0,0
9304,CMP0127,20,2025-01-19,1,0,0
9305,CMP0127,1198,2025-01-19,1,0,0
9306,CMP0127,2095,2025-01-19,0,0,0
9307,CMP0127,1747,2025-01-19,0,0,0
9308,CMP0127,326,2025-01-19,0,0,0
9309,CMP0127,3688,2025-01-19,0,0,0
9310,CMP0127,3781,2025-01-19,0,0,0
9311,CMP0127,2855,2025-01-19,0,0,0
9312,CMP0127,3094,2025-01-19,1,0,0
9313,CMP0127,625,2025-01-19,0,0,0
9314,CMP0127,411,2025-01-19,0,0,0
9315,CMP0127,1348,2025-01-19,0,0,0
9316,CMP0127,1902,2025-01-19,0,0,0
9317,CMP0127,2982,2025-01-19,0,0,0
9318,CMP0127,2788,2025-01-19,1,0,0
9319,CMP0127,3521,2025-01-19,0,0,0
9320,CMP0127,2050,2025-01-19,0,0,0
9321,CMP0127,645,2025-01-19,0,0,0
9322,CMP0127,1114,2025-01-19,0,0,0
9323,CMP0127,3257,2025-01-19,1,0,0
9324,CMP0127,2779,2025-01-19,0,0,0
9325,CMP0127,996,2025-01-19,0,0,0
9326,CMP0127,2273,2025-01-19,0,0,0
9327,CMP0127,681,2025-01-19,0,0,0
9328,CMP0127,1220,2025-01-19,0,0,0
9329,CMP0127,3905,2025-01-19,0,0,0
9330,CMP0127,3569,2025-01-19,0,0,0
9331,CMP0127,3710,2025-01-19,0,0,0
9332,CMP0127,3343,2025-01-19,1,0,0
9333,CMP0127,1974,2025-01-19,0,0,0
9334,CMP0127,1381,2025-01-19,0,0,0
9335,CMP0127,1386,2025-01-19,0,0,0
9336,CMP0127,728,2025-01-19,0,0,0
9337,CMP0127,745,2025-01-19,0,0,0
9338,CMP0127,836,2025-01-19,1,0,0
9339,CMP0127,3459,2025-01-19,1,0,0
9340,CMP0127,2476,2025-01-19,1,0,0
9341,CMP0127,463,2025-01-19,0,0,0
9342,CMP0127,2680,2025-01-19,0,0,0
9343,CMP0127,1377,2025-01-19,0,0,0
9344,CMP0127,1193,2025-01-19,1,0,0
9345,CMP0127,2463,2025-01-19,1,1,0
9346,CMP0127,3614,2025-01-19,0,0,0
9347,CMP0127,1568,2025-01-19,0,0,0
9348,CMP0127,2494,2025-01-19,1,0,0
9349,CMP0127,1910,2025-01-19,1,0,0
9350,CMP0127,138,2025-01-19,1,1,0
9351,CMP0127,3230,2025-01-19,0,0,0
9352,CMP0127,600,2025-01-19,0,0,0
9353,CMP0127,93,2025-01-19,0,0,0
9354,CMP0127,2495,2025-01-19,1,1,0
9355,CMP0127,2400,2025-01-19,0,0,0
9356,CMP0127,3983,2025-01-19,0,0,0
9357,CMP0127,3932,2025-01-19,0,0,0
9358,CMP0127,2521,2025-01-19,0,0,0
9359,CMP0127,1678,2025-01-19,0,0,0
9360,CMP0127,1502,2025-01-19,1,0,0
9361,CMP0127,3401,2025-01-19,0,0,0
9362,CMP0127,2244,2025-01-19,0,0,0
9363,CMP0127,3223,2025-01-19,0,0,0
9364,CMP0127,3947,2025-01-19,0,0,0
9365,CMP0127,2968,2025-01-19,0,0,0
9366,CMP0127,2340,2025-01-19,0,0,0
9367,CMP0127,224,2025-01-19,0,0,0
9368,CMP0127,89,2025-01-19,0,0,0
9369,CMP0127,197,2025-01-19,1,0,0
9370,CMP0127,417,2025-01-19,1,0,0
9371,CMP0127,2783,2025-01-19,1,1,0
9372,CMP0127,3690,2025-01-19,1,0,0
9373,CMP0127,3128,2025-01-19,0,0,0
9374,CMP0127,2675,2025-01-19,0,0,0
9375,CMP0127,3114,2025-01-19,1,0,0
9376,CMP0127,10,2025-01-19,0,0,0
9377,CMP0127,3150,2025-01-19,0,0,0
9378,CMP0127,1975,2025-01-19,0,0,0
9379,CMP0127,277,2025-01-19,0,0,0
9380,CMP0127,2489,2025-01-19,0,0,0
9381,CMP0127,2042,2025-01-19,0,0,0
9382,CMP0127,2015,2025-01-19,1,0,0
9383,CMP0127,633,2025-01-19,1,0,0
9384,CMP0127,568,2025-01-19,1,0,0
9385,CMP0127,1717,2025-01-19,1,0,0
9386,CMP0127,3745,2025-01-19,1,1,0
9387,CMP0127,2894,2025-01-19,1,0,0
9388,CMP0127,1403,2025-01-19,0,0,0
9389,CMP0127,3252,2025-01-19,1,0,0
9390,CMP0127,316,2025-01-19,0,0,0
9391,CMP0127,2583,2025-01-19,0,0,0
9392,CMP0127,2832,2025-01-19,0,0,0
9393,CMP0127,356,2025-01-19,0,0,0
9394,CMP0127,514,2025-01-19,1,0,0
9395,CMP0127,716,2025-01-19,0,0,0
9396,CMP0127,3180,2025-01-19,1,0,0
9397,CMP0127,1340,2025-01-19,1,0,0
9398,CMP0127,2052,2025-01-19,0,0,0
9399,CMP0127,1091,2025-01-19,1,0,0
9400,CMP0127,1235,2025-01-19,0,0,0
9401,CMP0127,3788,2025-01-19,0,0,0
9402,CMP0127,3269,2025-01-19,0,0,0
9403,CMP0127,3042,2025-01-19,0,0,0
9404,CMP0127,2466,2025-01-19,1,0,0
9405,CMP0127,860,2025-01-19,0,0,0
9406,CMP0127,2393,2025-01-19,0,0,0
9407,CMP0127,3458,2025-01-19,1,0,0
9408,CMP0127,2951,2025-01-19,0,0,0
9409,CMP0127,2183,2025-01-19,0,0,0
9410,CMP0127,510,2025-01-19,0,0,0
9411,CMP0127,2084,2025-01-19,1,0,0
9412,CMP0127,2993,2025-01-19,0,0,0
9413,CMP0127,2705,2025-01-19,0,0,0
9414,CMP0127,1768,2025-01-19,0,0,0
9415,CMP0127,1891,2025-01-19,1,0,0
9416,CMP0127,314,2025-01-19,0,0,0
9417,CMP0127,3967,2025-01-19,1,0,0
9418,CMP0127,1894,2025-01-19,0,0,0
9419,CMP0127,3423,2025-01-19,0,0,0
9420,CMP0127,3050,2025-01-19,0,0,0
9421,CMP0127,181,2025-01-19,0,0,0
9422,CMP0127,757,2025-01-19,0,0,0
9423,CMP0127,1479,2025-01-19,0,0,0
9424,CMP0127,225,2025-01-19,0,0,0
9425,CMP0127,2275,2025-01-19,0,0,0
9426,CMP0127,2546,2025-01-19,0,0,0
9427,CMP0127,2131,2025-01-19,0,0,0
9428,CMP0127,3321,2025-01-19,0,0,0
9429,CMP0127,2767,2025-01-19,0,0,0
9430,CMP0127,3033,2025-01-19,0,0,0
9431,CMP0127,811,2025-01-19,0,0,0
9432,CMP0127,289,2025-01-19,0,0,0
9433,CMP0127,99,2025-01-19,0,0,0
9434,CMP0127,3436,2025-01-19,0,0,0
9435,CMP0127,1177,2025-01-19,1,0,0
9436,CMP0127,867,2025-01-19,1,0,0
9437,CMP0127,3870,2025-01-19,1,0,0
9438,CMP0127,671,2025-01-19,0,0,0
9439,CMP0127,2144,2025-01-19,0,0,0
9440,CMP0127,1906,2025-01-19,0,0,0
9441,CMP0127,2001,2025-01-19,0,0,0
9442,CMP0127,3835,2025-01-19,1,0,0
9443,CMP0127,621,2025-01-19,1,0,0
9444,CMP0127,3135,2025-01-19,0,0,0
9445,CMP0127,3315,2025-01-19,0,0,0
9446,CMP0127,3306,2025-01-19,1,0,0
9447,CMP0127,3542,2025-01-19,1,0,0
9448,CMP0127,3518,2025-01-19,0,0,0
9449,CMP0127,788,2025-01-19,0,0,0
9450,CMP0127,3044,2025-01-19,1,0,0
9451,CMP0127,1038,2025-01-19,1,0,0
9452,CMP0127,1903,2025-01-19,1,1,0
9453,CMP0127,2291,2025-01-19,0,0,0
9454,CMP0127,2628,2025-01-19,0,0,0
9455,CMP0127,3880,2025-01-19,0,0,0
9456,CMP0127,3367,2025-01-19,0,0,0
9457,CMP0127,3501,2025-01-19,0,0,0
9458,CMP0127,1855,2025-01-19,0,0,0
9459,CMP0127,493,2025-01-19,0,0,0
9460,CMP0127,3359,2025-01-19,1,1,0
9461,CMP0127,2,2025-01-19,0,0,0
9462,CMP0127,3286,2025-01-19,0,0,0
9463,CMP0127,2289,2025-01-19,1,0,0
9464,CMP0127,1477,2025-01-19,0,0,0
9465,CMP0127,820,2025-01-19,0,0,0
9466,CMP0127,874,2025-01-19,1,0,0
9467,CMP0127,2234,2025-01-19,0,0,0
9468,CMP0127,3442,2025-01-19,0,0,0
9469,CMP0127,1231,2025-01-19,0,0,0
9470,CMP0127,1840,2025-01-19,0,0,0
9471,CMP0127,2535,2025-01-19,0,0,0
9472,CMP0127,2002,2025-01-19,0,0,0
9473,CMP0127,3414,2025-01-19,0,0,0
9474,CMP0127,1541,2025-01-19,0,0,0
9475,CMP0127,1109,2025-01-19,0,0,0
9476,CMP0127,2312,2025-01-19,0,0,0
9477,CMP0127,3942,2025-01-19,0,0,0
9478,CMP0127,2836,2025-01-19,1,0,0
9479,CMP0127,1709,2025-01-19,1,0,0
9480,CMP0127,2538,2025-01-19,0,0,0
9481,CMP0127,2088,2025-01-19,1,1,0
9482,CMP0127,2924,2025-01-19,0,0,0
9483,CMP0127,3085,2025-01-19,0,0,0
9484,CMP0127,2421,2025-01-19,0,0,0
9485,CMP0127,1350,2025-01-19,0,0,0
9486,CMP0127,2437,2025-01-19,0,0,0
9487,CMP0127,950,2025-01-19,0,0,0
9488,CMP0127,1819,2025-01-19,0,0,0
9489,CMP0127,2683,2025-01-19,0,0,0
9490,CMP0127,3162,2025-01-19,1,0,0
9491,CMP0127,3234,2025-01-19,0,0,0
9492,CMP0127,3089,2025-01-19,0,0,0
9493,CMP0127,2356,2025-01-19,0,0,0
9494,CMP0127,1753,2025-01-19,0,0,0
9495,CMP0127,2668,2025-01-19,1,0,0
9496,CMP0127,797,2025-01-19,1,1,0
9497,CMP0127,242,2025-01-19,0,0,0
9498,CMP0127,2218,2025-01-19,0,0,0
9499,CMP0127,3036,2025-01-19,1,0,0
9500,CMP0127,1730,2025-01-19,0,0,0
9501,CMP0127,2638,2025-01-19,1,0,0
9502,CMP0127,3596,2025-01-19,0,0,0
9503,CMP0127,2520,2025-01-19,1,0,0
9504,CMP0127,3784,2025-01-19,1,0,0
9505,CMP0127,1186,2025-01-19,1,0,0
9506,CMP0127,1937,2025-01-19,0,0,0
9507,CMP0127,3335,2025-01-19,1,0,0
9508,CMP0127,2881,2025-01-19,0,0,0
9509,CMP0127,1258,2025-01-19,0,0,0
9510,CMP0127,2663,2025-01-19,0,0,0
9511,CMP0127,1170,2025-01-19,0,0,0
9512,CMP0127,585,2025-01-19,0,0,0
9513,CMP0127,2201,2025-01-19,0,0,0
9514,CMP0127,2902,2025-01-19,0,0,0
9515,CMP0127,1244,2025-01-19,0,0,0
9516,CMP0127,3705,2025-01-19,0,0,0
9517,CMP0127,1379,2025-01-19,0,0,0
9518,CMP0127,1182,2025-01-19,1,1,0
9519,CMP0127,1375,2025-01-19,0,0,0
9520,CMP0127,1791,2025-01-19,0,0,0
9521,CMP0127,1872,2025-01-19,0,0,0
9522,CMP0127,1353,2025-01-19,0,0,0
9523,CMP0127,880,2025-01-19,0,0,0
9524,CMP0127,2671,2025-01-19,0,0,0
9525,CMP0127,1494,2025-01-19,0,0,0
9526,CMP0127,17,2025-01-19,0,0,0
9527,CMP0127,1705,2025-01-19,0,0,0
9528,CMP0127,3937,2025-01-19,0,0,0
9529,CMP0127,3183,2025-01-19,0,0,0
9530,CMP0127,3892,2025-01-19,0,0,0
9531,CMP0127,3415,2025-01-19,0,0,0
9532,CMP0127,1077,2025-01-19,0,0,0
9533,CMP0127,1108,2025-01-19,0,0,0
9534,CMP0127,2278,2025-01-19,1,0,0
9535,CMP0127,2336,2025-01-19,0,0,0
9536,CMP0127,653,2025-01-19,0,0,0
9537,CMP0127,3012,2025-01-19,0,0,0
9538,CMP0127,2140,2025-01-19,1,0,0
9539,CMP0127,1439,2025-01-19,0,0,0
9540,CMP0127,3141,2025-01-19,0,0,0
9541,CMP0127,2249,2025-01-19,0,0,0
9542,CMP0127,248,2025-01-19,1,0,0
9543,CMP0127,3215,2025-01-19,0,0,0
9544,CMP0127,3086,2025-01-19,1,0,0
9545,CMP0127,1635,2025-01-19,1,0,0
9546,CMP0127,60,2025-01-19,0,0,0
9547,CMP0127,2280,2025-01-19,1,0,0
9548,CMP0127,2752,2025-01-19,0,0,0
9549,CMP0127,1912,2025-01-19,1,0,0
9550,CMP0127,2556,2025-01-19,0,0,0
9551,CMP0127,335,2025-01-19,1,0,0
9552,CMP0127,1803,2025-01-19,0,0,0
9553,CMP0127,8,2025-01-19,0,0,0
9554,CMP0127,2379,2025-01-19,0,0,0
9555,CMP0127,1149,2025-01-19,0,0,0
9556,CMP0127,640,2025-01-19,0,0,0
9557,CMP0127,2672,2025-01-19,0,0,0
9558,CMP0127,2122,2025-01-19,0,0,0
9559,CMP0127,3113,2025-01-19,0,0,0
9560,CMP0127,920,2025-01-19,0,0,0
9561,CMP0127,1174,2025-01-19,0,0,0
9562,CMP0127,2024,2025-01-19,0,0,0
9563,CMP0127,1623,2025-01-19,0,0,0
9564,CMP0127,1569,2025-01-19,1,0,0
9565,CMP0127,1292,2025-01-19,1,0,0
9566,CMP0127,164,2025-01-19,1,0,0
9567,CMP0127,3428,2025-01-19,0,0,0
9568,CMP0127,1086,2025-01-19,0,0,0
9569,CMP0127,2997,2025-01-19,0,0,0
9570,CMP0127,3324,2025-01-19,0,0,0
9571,CMP0127,2648,2025-01-19,0,0,0
9572,CMP0127,3844,2025-01-19,0,0,0
9573,CMP0127,349,2025-01-19,0,0,0
9574,CMP0127,2704,2025-01-19,0,0,0
9575,CMP0127,628,2025-01-19,0,0,0
9576,CMP0127,881,2025-01-19,1,0,0
9577,CMP0127,922,2025-01-19,0,0,0
9578,CMP0127,2964,2025-01-19,0,0,0
9579,CMP0127,2876,2025-01-19,0,0,0
9580,CMP0127,2755,2025-01-19,1,0,0
9581,CMP0127,909,2025-01-19,1,0,0
9582,CMP0127,1795,2025-01-19,0,0,0
9583,CMP0127,3071,2025-01-19,1,1,0
9584,CMP0127,1616,2025-01-19,1,0,0
9585,CMP0127,499,2025-01-19,0,0,0
9586,CMP0127,146,2025-01-19,1,0,0
9587,CMP0127,894,2025-01-19,1,0,0
9588,CMP0127,2083,2025-01-19,0,0,0
9589,CMP0127,626,2025-01-19,1,0,0
9590,CMP0127,3541,2025-01-19,0,0,0
9591,CMP0127,2221,2025-01-19,0,0,0
9592,CMP0127,817,2025-01-19,0,0,0
9593,CMP0127,2626,2025-01-19,0,0,0
9594,CMP0127,284,2025-01-19,1,0,0
9595,CMP0127,1416,2025-01-19,0,0,0
9596,CMP0127,793,2025-01-19,1,0,0
9597,CMP0127,991,2025-01-19,0,0,0
9598,CMP0127,1158,2025-01-19,0,0,0
9599,CMP0127,2714,2025-01-19,0,0,0
9600,CMP0127,837,2025-01-19,1,0,0
9601,CMP0127,1476,2025-01-19,0,0,0
9602,CMP0127,328,2025-01-19,0,0,0
9603,CMP0127,3756,2025-01-19,1,1,0
9604,CMP0127,551,2025-01-19,0,0,0
9605,CMP0127,981,2025-01-19,0,0,0
9606,CMP0127,465,2025-01-19,0,0,0
9607,CMP0127,724,2025-01-19,1,0,0
9608,CMP0127,999,2025-01-19,1,0,0
9609,CMP0127,2430,2025-01-19,0,0,0
9610,CMP0127,1459,2025-01-19,0,0,0
9611,CMP0127,1980,2025-01-19,0,0,0
9612,CMP0127,3066,2025-01-19,0,0,0
9613,CMP0127,308,2025-01-19,0,1,0
9614,CMP0127,2850,2025-01-19,1,1,0
9615,CMP0127,949,2025-01-19,0,0,0
9616,CMP0127,2503,2025-01-19,1,0,0
9617,CMP0127,1157,2025-01-19,0,0,0
9618,CMP0127,601,2025-01-19,0,0,0
9619,CMP0127,736,2025-01-19,0,0,0
9620,CMP0127,3588,2025-01-19,0,0,0
9621,CMP0127,6,2025-01-19,1,0,0
9622,CMP0127,741,2025-01-19,0,0,0
9623,CMP0127,3562,2025-01-19,1,0,0
9624,CMP0127,610,2025-01-19,0,0,0
9625,CMP0127,1433,2025-01-19,0,0,0
9626,CMP0127,2759,2025-01-19,0,0,0
9627,CMP0127,331,2025-01-19,0,0,0
9628,CMP0127,3078,2025-01-19,1,0,0
9629,CMP0127,1280,2025-01-19,1,0,0
9630,CMP0127,2266,2025-01-19,1,0,0
9631,CMP0127,1554,2025-01-19,0,0,0
9632,CMP0127,48,2025-01-19,1,0,0
9633,CMP0127,1813,2025-01-19,0,0,0
9634,CMP0127,1745,2025-01-19,1,0,0
9635,CMP0127,1572,2025-01-19,1,0,0
9636,CMP0127,2003,2025-01-19,0,0,0
9637,CMP0127,3872,2025-01-19,0,0,0
9638,CMP0127,974,2025-01-19,1,1,0
9639,CMP0127,1521,2025-01-19,0,0,0
9640,CMP0127,3496,2025-01-19,0,0,0
9641,CMP0127,1240,2025-01-19,1,1,0
9642,CMP0127,2397,2025-01-19,0,0,0
9643,CMP0127,4011,2025-01-19,1,0,0
9644,CMP0127,1352,2025-01-19,1,0,0
9645,CMP0127,188,2025-01-19,1,0,0
9646,CMP0127,1607,2025-01-19,1,0,0
9647,CMP0127,776,2025-01-19,0,0,0
9648,CMP0127,2803,2025-01-19,0,0,0
9649,CMP0127,2845,2025-01-19,0,0,0
9650,CMP0127,1161,2025-01-19,0,0,0
9651,CMP0127,3370,2025-01-19,0,0,0
9652,CMP0127,2146,2025-01-19,0,0,0
9653,CMP0127,3426,2025-01-19,1,1,0
9654,CMP0127,3261,2025-01-19,1,0,0
9655,CMP0127,165,2025-01-19,0,0,0
9656,CMP0127,2265,2025-01-19,0,0,0
9657,CMP0127,779,2025-01-19,1,1,0
9658,CMP0127,2156,2025-01-19,0,0,0
9659,CMP0127,521,2025-01-19,0,0,0
9660,CMP0127,2954,2025-01-19,0,0,0
9661,CMP0127,3025,2025-01-19,0,0,0
9662,CMP0127,1864,2025-01-19,0,0,0
9663,CMP0127,122,2025-01-19,0,0,0
9664,CMP0127,1851,2025-01-19,0,0,0
9665,CMP0127,2727,2025-01-19,1,0,0
9666,CMP0127,983,2025-01-19,0,0,0
9667,CMP0127,71,2025-01-19,1,0,0
9668,CMP0127,2809,2025-01-19,1,0,0
9669,CMP0127,3011,2025-01-19,1,0,0
9670,CMP0127,376,2025-01-19,0,0,0
9671,CMP0127,823,2025-01-19,0,0,0
9672,CMP0127,1022,2025-01-19,1,0,0
9673,CMP0127,851,2025-01-19,0,0,0
9674,CMP0127,2351,2025-01-19,1,0,0
9675,CMP0127,254,2025-01-19,0,0,0
9676,CMP0127,3057,2025-01-19,0,0,0
9677,CMP0127,3142,2025-01-19,0,0,0
9678,CMP0127,701,2025-01-19,0,0,0
9679,CMP0127,2617,2025-01-19,1,0,0
9680,CMP0127,2980,2025-01-19,0,0,0
9681,CMP0127,361,2025-01-19,0,0,0
9682,CMP0127,205,2025-01-19,0,0,0
9683,CMP0127,945,2025-01-19,0,0,0
9684,CMP0127,1901,2025-01-19,0,0,0
9685,CMP0127,1770,2025-01-19,1,0,0
9686,CMP0127,2560,2025-01-19,0,0,0
9687,CMP0127,1360,2025-01-19,0,0,0
9688,CMP0127,1665,2025-01-19,1,0,0
9689,CMP0127,2385,2025-01-19,0,0,0
9690,CMP0127,1693,2025-01-19,0,0,0
9691,CMP0127,822,2025-01-19,0,0,0
9692,CMP0127,1035,2025-01-19,1,0,0
9693,CMP0127,3120,2025-01-19,0,0,0
9694,CMP0127,420,2025-01-19,1,0,0
9695,CMP0127,103,2025-01-19,0,0,0
9696,CMP0127,3510,2025-01-19,0,0,0
9697,CMP0127,3761,2025-01-19,1,0,0
9698,CMP0127,237,2025-01-19,0,0,0
9699,CMP0127,3981,2025-01-19,0,0,0
9700,CMP0127,3540,2025-01-19,0,0,0
9701,CMP0127,27,2025-01-19,0,0,0
9702,CMP0127,1406,2025-01-19,0,0,0
9703,CMP0127,2499,2025-01-19,0,0,0
9704,CMP0127,1809,2025-01-19,0,0,0
9705,CMP0127,2239,2025-01-19,0,0,0
9706,CMP0127,943,2025-01-19,1,0,0
9707,CMP0127,3424,2025-01-19,0,0,0
9708,CMP0127,91,2025-01-19,1,0,0
9709,CMP0127,2202,2025-01-19,0,0,0
9710,CMP0127,1869,2025-01-19,0,0,0
9711,CMP0127,3480,2025-01-19,0,0,0
9712,CMP0127,3060,2025-01-19,0,0,0
9713,CMP0127,275,2025-01-19,1,0,0
9714,CMP0127,1873,2025-01-19,0,0,0
9715,CMP0127,2300,2025-01-19,0,0,0
9716,CMP0127,1557,2025-01-19,0,0,0
9717,CMP0127,3769,2025-01-19,0,0,0
9718,CMP0127,1112,2025-01-19,0,0,0
9719,CMP0127,461,2025-01-19,0,0,0
9720,CMP0127,2132,2025-01-19,1,0,0
9721,CMP0127,2846,2025-01-19,0,0,0
9722,CMP0127,2596,2025-01-19,0,0,0
9723,CMP0127,2347,2025-01-19,1,0,0
9724,CMP0127,70,2025-01-19,0,0,0
9725,CMP0127,2401,2025-01-19,0,0,0
9726,CMP0127,2658,2025-01-19,0,0,0
9727,CMP0127,3342,2025-01-19,0,0,0
9728,CMP0127,2961,2025-01-19,0,0,0
9729,CMP0127,3525,2025-01-19,1,0,0
9730,CMP0127,3049,2025-01-19,1,0,0
9731,CMP0127,2138,2025-01-19,1,0,0
9732,CMP0127,3861,2025-01-19,1,1,0
9733,CMP0127,2215,2025-01-19,0,0,0
9734,CMP0127,286,2025-01-19,1,0,0
9735,CMP0127,2786,2025-01-19,0,0,0
9736,CMP0127,1148,2025-01-19,0,0,0
9737,CMP0127,2329,2025-01-19,0,0,0
9738,CMP0127,3155,2025-01-19,0,0,0
9739,CMP0127,1759,2025-01-19,1,0,0
9740,CMP0127,1057,2025-01-19,1,0,0
9741,CMP0127,2127,2025-01-19,1,0,0
9742,CMP0127,350,2025-01-19,1,0,0
9743,CMP0127,3297,2025-01-19,0,0,0
9744,CMP0127,3102,2025-01-19,0,0,0
9745,CMP0127,2957,2025-01-19,0,0,0
9746,CMP0127,3130,2025-01-19,1,0,0
9747,CMP0127,940,2025-01-19,0,0,0
9748,CMP0127,3020,2025-01-19,0,0,0
9749,CMP0127,1525,2025-01-19,1,0,0
9750,CMP0127,2308,2025-01-19,1,0,0
9751,CMP0127,298,2025-01-19,0,0,0
9752,CMP0127,1364,2025-01-19,1,0,0
9753,CMP0127,101,2025-01-19,1,0,0
9754,CMP0127,3856,2025-01-19,0,0,0
9755,CMP0127,3427,2025-01-19,0,0,0
9756,CMP0127,3660,2025-01-19,0,0,0
9757,CMP0127,2579,2025-01-19,0,0,0
9758,CMP0127,2236,2025-01-19,1,0,0
9759,CMP0127,523,2025-01-19,0,0,0
9760,CMP0127,1123,2025-01-19,0,0,0
9761,CMP0127,563,2025-01-19,0,0,0
9762,CMP0127,1415,2025-01-19,1,0,0
9763,CMP0127,3557,2025-01-19,0,0,0
9764,CMP0127,562,2025-01-19,0,0,0
9765,CMP0127,3682,2025-01-19,1,0,0
9766,CMP0127,2519,2025-01-19,1,0,0
9767,CMP0127,2076,2025-01-19,0,0,0
9768,CMP0127,1649,2025-01-19,0,0,0
9769,CMP0127,1362,2025-01-19,1,0,0
9770,CMP0127,40,2025-01-19,0,0,0
9771,CMP0127,2903,2025-01-19,0,0,0
9772,CMP0127,3574,2025-01-19,1,0,0
9773,CMP0127,2303,2025-01-19,0,0,0
9774,CMP0127,3193,2025-01-19,0,0,0
9775,CMP0127,2264,2025-01-19,0,0,0
9776,CMP0127,259,2025-01-19,0,0,0
9777,CMP0127,2384,2025-01-19,0,0,0
9778,CMP0127,1749,2025-01-19,1,0,0
9779,CMP0127,3648,2025-01-19,1,0,0
9780,CMP0127,3635,2025-01-19,0,0,0
9781,CMP0127,789,2025-01-19,0,0,0
9782,CMP0127,1989,2025-01-19,0,0,0
9783,CMP0127,825,2025-01-19,1,1,0
9784,CMP0127,162,2025-01-19,0,0,0
9785,CMP0127,2595,2025-01-19,0,0,0
9786,CMP0127,766,2025-01-19,0,0,0
9787,CMP0127,3730,2025-01-19,0,0,0
9788,CMP0127,2906,2025-01-19,0,0,0
9789,CMP0127,1443,2025-01-19,0,0,0
9790,CMP0127,1475,2025-01-19,0,0,0
9791,CMP0127,582,2025-01-19,0,0,0
9792,CMP0069,284,2026-04-30,0,0,0
9793,CMP0069,1835,2026-04-30,0,0,0
9794,CMP0069,3053,2026-04-30,1,0,0
9795,CMP0069,3891,2026-04-30,0,0,0
9796,CMP0069,2796,2026-04-30,0,0,0
9797,CMP0069,1034,2026-04-30,1,0,0
9798,CMP0069,2275,2026-04-30,0,0,0
9799,CMP0069,1205,2026-04-30,0,0,0
9800,CMP0069,572,2026-04-30,0,0,0
9801,CMP0069,3735,2026-04-30,0,0,0
9802,CMP0069,2529,2026-04-30,0,0,0
9803,CMP0069,1789,2026-04-30,0,0,0
9804,CMP0069,445,2026-04-30,0,0,0
9805,CMP0069,133,2026-04-30,1,0,0
9806,CMP0069,221,2026-04-30,0,0,0
9807,CMP0069,2589,2026-04-30,0,0,0
9808,CMP0069,1266,2026-04-30,0,0,0
9809,CMP0069,1775,2026-04-30,1,0,0
9810,CMP0069,1902,2026-04-30,0,0,0
9811,CMP0069,3074,2026-04-30,0,0,0
9812,CMP0069,299,2026-04-30,0,0,0
9813,CMP0069,3423,2026-04-30,0,0,0
9814,CMP0069,2020,2026-04-30,1,0,0
9815,CMP0069,1334,2026-04-30,0,0,0
9816,CMP0069,3176,2026-04-30,0,0,0
9817,CMP0069,1381,2026-04-30,0,0,0
9818,CMP0069,1478,2026-04-30,0,0,0
9819,CMP0069,1507,2026-04-30,0,0,0
9820,CMP0069,1108,2026-04-30,0,0,0
9821,CMP0069,2171,2026-04-30,1,0,0
9822,CMP0069,670,2026-04-30,1,0,0
9823,CMP0069,1624,2026-04-30,0,0,0
9824,CMP0069,3517,2026-04-30,0,0,0
9825,CMP0069,3698,2026-04-30,0,0,0
9826,CMP0069,115,2026-04-30,1,0,0
9827,CMP0069,2545,2026-04-30,0,0,0
9828,CMP0069,1678,2026-04-30,0,0,0
9829,CMP0069,3183,2026-04-30,0,0,0
9830,CMP0069,446,2026-04-30,0,0,0
9831,CMP0069,2479,2026-04-30,1,0,0
9832,CMP0069,1268,2026-04-30,0,0,0
9833,CMP0069,828,2026-04-30,1,0,0
9834,CMP0069,517,2026-04-30,0,0,0
9835,CMP0069,1702,2026-04-30,0,0,0
9836,CMP0069,2491,2026-04-30,0,0,0
9837,CMP0069,4005,2026-04-30,0,0,0
9838,CMP0069,3036,2026-04-30,1,1,0
9839,CMP0069,224,2026-04-30,0,0,0
9840,CMP0069,1431,2026-04-30,0,0,0
9841,CMP0069,1106,2026-04-30,0,0,0
9842,CMP0069,1013,2026-04-30,0,0,0
9843,CMP0069,2136,2026-04-30,0,0,0
9844,CMP0069,355,2026-04-30,0,0,0
9845,CMP0069,859,2026-04-30,0,0,0
9846,CMP0069,3462,2026-04-30,0,0,0
9847,CMP0069,2951,2026-04-30,1,0,0
9848,CMP0069,1683,2026-04-30,0,0,0
9849,CMP0069,1158,2026-04-30,0,0,0
9850,CMP0069,3737,2026-04-30,0,0,0
9851,CMP0069,3870,2026-04-30,1,0,0
9852,CMP0069,2497,2026-04-30,0,0,0
9853,CMP0069,3257,2026-04-30,0,0,0
9854,CMP0069,3761,2026-04-30,0,0,0
9855,CMP0069,3546,2026-04-30,0,0,0
9856,CMP0069,1591,2026-04-30,1,0,0
9857,CMP0069,3924,2026-04-30,1,0,0
9858,CMP0069,649,2026-04-30,1,0,0
9859,CMP0069,35,2026-04-30,0,0,0
9860,CMP0069,815,2026-04-30,0,0,0
9861,CMP0069,983,2026-04-30,0,0,0
9862,CMP0069,2879,2026-04-30,0,0,0
9863,CMP0069,3055,2026-04-30,0,0,0
9864,CMP0069,270,2026-04-30,1,0,0
9865,CMP0069,1722,2026-04-30,0,0,0
9866,CMP0069,2196,2026-04-30,0,0,0
9867,CMP0069,1102,2026-04-30,1,0,0
9868,CMP0069,1000,2026-04-30,0,0,0
9869,CMP0069,3476,2026-04-30,0,0,0
9870,CMP0069,2327,2026-04-30,0,0,0
9871,CMP0069,3575,2026-04-30,0,0,0
9872,CMP0069,3338,2026-04-30,1,0,0
9873,CMP0069,2388,2026-04-30,0,0,0
9874,CMP0069,2381,2026-04-30,1,0,0
9875,CMP0069,900,2026-04-30,1,0,0
9876,CMP0069,640,2026-04-30,1,0,0
9877,CMP0069,2724,2026-04-30,0,0,0
9878,CMP0069,3709,2026-04-30,1,0,0
9879,CMP0069,1885,2026-04-30,0,0,0
9880,CMP0069,2812,2026-04-30,0,0,0
9881,CMP0069,884,2026-04-30,1,0,0
9882,CMP0069,641,2026-04-30,0,0,0
9883,CMP0069,2732,2026-04-30,0,0,0
9884,CMP0069,1909,2026-04-30,0,0,0
9885,CMP0069,2280,2026-04-30,0,0,0
9886,CMP0069,2926,2026-04-30,0,0,0
9887,CMP0069,1895,2026-04-30,0,0,0
9888,CMP0069,1553,2026-04-30,0,0,0
9889,CMP0069,1423,2026-04-30,1,0,0
9890,CMP0069,1551,2026-04-30,0,0,0
9891,CMP0069,3084,2026-04-30,0,0,0
9892,CMP0069,1432,2026-04-30,0,0,0
9893,CMP0069,1557,2026-04-30,1,0,0
9894,CMP0069,3152,2026-04-30,0,0,0
9895,CMP0069,2617,2026-04-30,1,1,0
9896,CMP0069,2202,2026-04-30,0,0,0
9897,CMP0069,2338,2026-04-30,1,0,0
9898,CMP0069,1283,2026-04-30,1,0,0
9899,CMP0069,3822,2026-04-30,0,0,0
9900,CMP0069,2166,2026-04-30,0,0,0
9901,CMP0069,1211,2026-04-30,1,1,0
9902,CMP0069,3471,2026-04-30,0,0,0
9903,CMP0069,1721,2026-04-30,0,0,0
9904,CMP0069,556,2026-04-30,1,0,0
9905,CMP0069,2289,2026-04-30,0,0,0
9906,CMP0069,531,2026-04-30,0,0,0
9907,CMP0069,3496,2026-04-30,1,0,0
9908,CMP0069,3335,2026-04-30,0,0,0
9909,CMP0069,789,2026-04-30,0,0,0
9910,CMP0069,3337,2026-04-30,0,0,0
9911,CMP0069,3114,2026-04-30,1,1,0
9912,CMP0069,293,2026-04-30,0,0,0
9913,CMP0069,3904,2026-04-30,0,0,0
9914,CMP0069,1132,2026-04-30,0,0,0
9915,CMP0069,720,2026-04-30,0,0,0
9916,CMP0069,2786,2026-04-30,0,0,0
9917,CMP0069,3409,2026-04-30,0,0,0
9918,CMP0069,2683,2026-04-30,0,0,0
9919,CMP0069,624,2026-04-30,1,0,0
9920,CMP0069,3792,2026-04-30,1,1,0
9921,CMP0069,3884,2026-04-30,0,0,0
9922,CMP0069,1597,2026-04-30,0,0,0
9923,CMP0069,2480,2026-04-30,0,0,0
9924,CMP0069,1177,2026-04-30,0,0,0
9925,CMP0069,1143,2026-04-30,1,0,0
9926,CMP0069,3829,2026-04-30,1,1,0
9927,CMP0069,2636,2026-04-30,0,0,0
9928,CMP0069,1988,2026-04-30,0,0,0
9929,CMP0069,1883,2026-04-30,0,0,0
9930,CMP0069,3275,2026-04-30,1,1,0
9931,CMP0069,2265,2026-04-30,1,0,0
9932,CMP0069,2362,2026-04-30,0,0,0
9933,CMP0069,2194,2026-04-30,0,0,0
9934,CMP0069,3406,2026-04-30,1,0,0
9935,CMP0069,696,2026-04-30,0,0,0
9936,CMP0069,2145,2026-04-30,0,0,0
9937,CMP0069,949,2026-04-30,0,0,0
9938,CMP0069,1561,2026-04-30,1,1,0
9939,CMP0069,3438,2026-04-30,1,0,0
9940,CMP0069,2359,2026-04-30,0,0,0
9941,CMP0069,3733,2026-04-30,1,0,0
9942,CMP0069,2759,2026-04-30,0,0,0
9943,CMP0069,3181,2026-04-30,0,0,0
9944,CMP0069,562,2026-04-30,1,0,0
9945,CMP0069,2109,2026-04-30,1,0,0
9946,CMP0069,164,2026-04-30,1,0,0
9947,CMP0069,381,2026-04-30,0,0,0
9948,CMP0069,2252,2026-04-30,0,0,0
9949,CMP0069,3867,2026-04-30,0,0,0
9950,CMP0069,298,2026-04-30,0,0,0
9951,CMP0069,2462,2026-04-30,0,0,0
9952,CMP0069,2269,2026-04-30,0,0,0
9953,CMP0069,27,2026-04-30,1,0,0
9954,CMP0069,1925,2026-04-30,1,1,0
9955,CMP0069,505,2026-04-30,0,0,0
9956,CMP0069,3230,2026-04-30,1,0,0
9957,CMP0069,2971,2026-04-30,0,0,0
9958,CMP0069,1848,2026-04-30,0,0,0
9959,CMP0069,3256,2026-04-30,0,0,0
9960,CMP0069,3211,2026-04-30,0,0,0
9961,CMP0069,2806,2026-04-30,0,0,0
9962,CMP0069,3355,2026-04-30,1,0,0
9963,CMP0069,1783,2026-04-30,0,0,0
9964,CMP0069,3450,2026-04-30,0,0,0
9965,CMP0069,136,2026-04-30,0,0,0
9966,CMP0069,3540,2026-04-30,1,0,0
9967,CMP0069,3539,2026-04-30,0,0,0
9968,CMP0069,1747,2026-04-30,0,0,0
9969,CMP0069,725,2026-04-30,0,0,0
9970,CMP0069,1577,2026-04-30,0,0,0
9971,CMP0069,3138,2026-04-30,0,0,0
9972,CMP0069,2815,2026-04-30,0,0,1
9973,CMP0069,3229,2026-04-30,0,0,0
9974,CMP0069,75,2026-04-30,1,0,0
9975,CMP0069,3150,2026-04-30,0,0,0
9976,CMP0069,3339,2026-04-30,0,0,0
9977,CMP0069,200,2026-04-30,0,0,0
9978,CMP0069,1216,2026-04-30,0,0,0
9979,CMP0069,190,2026-04-30,0,0,0
9980,CMP0069,288,2026-04-30,0,0,0
9981,CMP0069,1745,2026-04-30,0,0,0
9982,CMP0069,1870,2026-04-30,0,0,0
9983,CMP0069,4003,2026-04-30,0,0,0
9984,CMP0069,122,2026-04-30,1,0,0
9985,CMP0069,2237,2026-04-30,1,0,0
9986,CMP0069,3892,2026-04-30,0,0,0
9987,CMP0069,1022,2026-04-30,1,0,0
9988,CMP0069,945,2026-04-30,0,0,0
9989,CMP0069,3297,2026-04-30,1,0,0
9990,CMP0069,3627,2026-04-30,0,0,0
9991,CMP0069,3343,2026-04-30,0,0,0
9992,CMP0069,1182,2026-04-30,1,0,0
9993,CMP0069,3089,2026-04-30,1,1,0
9994,CMP0069,1761,2026-04-30,1,0,0
9995,CMP0069,229,2026-04-30,0,0,0
9996,CMP0069,2339,2026-04-30,0,0,0
9997,CMP0069,1665,2026-04-30,0,0,0
9998,CMP0069,3623,2026-04-30,0,0,0
9999,CMP0069,3563,2026-04-30,1,0,0
10000,CMP0069,1030,2026-04-30,0,0,0
10001,CMP0069,3586,2026-04-30,1,0,0
10002,CMP0069,1574,2026-04-30,0,0,0
10003,CMP0069,333,2026-04-30,0,0,0
10004,CMP0069,534,2026-04-30,0,0,0
10005,CMP0069,180,2026-04-30,0,0,0
10006,CMP0069,2184,2026-04-30,0,0,0
10007,CMP0069,2352,2026-04-30,1,1,0
10008,CMP0069,2347,2026-04-30,1,0,0
10009,CMP0069,3188,2026-04-30,0,0,0
10010,CMP0069,2659,2026-04-30,0,0,0
10011,CMP0069,252,2026-04-30,0,0,0
10012,CMP0069,1435,2026-04-30,0,0,0
10013,CMP0069,2755,2026-04-30,1,0,0
10014,CMP0069,1011,2026-04-30,1,1,0
10015,CMP0069,1589,2026-04-30,1,0,0
10016,CMP0069,2357,2026-04-30,1,0,0
10017,CMP0069,431,2026-04-30,0,0,0
10018,CMP0069,2464,2026-04-30,1,0,0
10019,CMP0069,3147,2026-04-30,0,0,0
10020,CMP0069,3668,2026-04-30,1,1,0
10021,CMP0069,563,2026-04-30,0,0,0
10022,CMP0069,636,2026-04-30,0,0,0
10023,CMP0069,409,2026-04-30,0,0,0
10024,CMP0069,1362,2026-04-30,0,0,0
10025,CMP0069,2146,2026-04-30,0,0,0
10026,CMP0069,3016,2026-04-30,0,0,0
10027,CMP0069,2592,2026-04-30,1,0,0
10028,CMP0069,3193,2026-04-30,0,0,0
10029,CMP0069,349,2026-04-30,1,0,0
10030,CMP0069,3107,2026-04-30,1,0,0
10031,CMP0069,2244,2026-04-30,0,0,0
10032,CMP0069,1493,2026-04-30,1,0,0
10033,CMP0069,2411,2026-04-30,1,0,0
10034,CMP0069,3442,2026-04-30,0,0,0
10035,CMP0069,2556,2026-04-30,1,0,0
10036,CMP0069,2851,2026-04-30,1,0,0
10037,CMP0069,2421,2026-04-30,0,0,0
10038,CMP0069,2854,2026-04-30,1,0,0
10039,CMP0069,2172,2026-04-30,0,0,0
10040,CMP0069,3317,2026-04-30,1,1,0
10041,CMP0069,1241,2026-04-30,0,0,0
10042,CMP0069,2697,2026-04-30,0,0,0
10043,CMP0069,2038,2026-04-30,0,0,0
10044,CMP0069,1109,2026-04-30,0,0,0
10045,CMP0069,428,2026-04-30,0,0,0
10046,CMP0069,3954,2026-04-30,0,0,0
10047,CMP0069,3473,2026-04-30,1,0,0
10048,CMP0069,524,2026-04-30,0,0,0
10049,CMP0069,1307,2026-04-30,0,0,0
10050,CMP0069,3861,2026-04-30,1,0,0
10051,CMP0069,3941,2026-04-30,0,0,0
10052,CMP0069,197,2026-04-30,0,0,0
10053,CMP0069,2954,2026-04-30,1,0,0
10054,CMP0069,2675,2026-04-30,1,0,0
10055,CMP0069,479,2026-04-30,0,0,0
10056,CMP0069,688,2026-04-30,1,1,0
10057,CMP0069,3569,2026-04-30,1,0,0
10058,CMP0069,1476,2026-04-30,0,0,0
10059,CMP0069,1198,2026-04-30,0,0,0
10060,CMP0069,1061,2026-04-30,1,0,0
10061,CMP0069,2141,2026-04-30,0,0,0
10062,CMP0069,308,2026-04-30,0,0,0
10063,CMP0069,2832,2026-04-30,0,0,0
10064,CMP0069,2825,2026-04-30,0,0,0
10065,CMP0069,1719,2026-04-30,0,0,0
10066,CMP0069,2097,2026-04-30,0,0,0
10067,CMP0069,1943,2026-04-30,0,0,0
10068,CMP0069,2348,2026-04-30,0,0,0
10069,CMP0069,2515,2026-04-30,1,0,0
10070,CMP0069,2398,2026-04-30,1,0,0
10071,CMP0069,998,2026-04-30,1,0,0
10072,CMP0069,11,2026-04-30,0,0,0
10073,CMP0069,2643,2026-04-30,0,0,0
10074,CMP0069,3547,2026-04-30,1,0,0
10075,CMP0069,3418,2026-04-30,0,0,0
10076,CMP0069,1467,2026-04-30,1,0,0
10077,CMP0069,3331,2026-04-30,0,0,0
10078,CMP0069,2957,2026-04-30,0,0,0
10079,CMP0069,684,2026-04-30,0,0,0
10080,CMP0069,3117,2026-04-30,1,0,0
10081,CMP0069,1016,2026-04-30,1,1,0
10082,CMP0069,2647,2026-04-30,0,0,0
10083,CMP0069,736,2026-04-30,1,1,0
10084,CMP0069,105,2026-04-30,1,0,0
10085,CMP0069,3311,2026-04-30,1,0,0
10086,CMP0069,3327,2026-04-30,0,0,0
10087,CMP0069,277,2026-04-30,1,0,0
10088,CMP0069,95,2026-04-30,0,0,0
10089,CMP0069,2660,2026-04-30,0,0,0
10090,CMP0069,1284,2026-04-30,0,0,0
10091,CMP0069,3215,2026-04-30,1,0,0
10092,CMP0069,1940,2026-04-30,1,0,0
10093,CMP0069,1806,2026-04-30,1,0,0
10094,CMP0069,1038,2026-04-30,1,0,0
10095,CMP0069,2023,2026-04-30,0,0,0
10096,CMP0069,814,2026-04-30,1,0,0
10097,CMP0069,306,2026-04-30,0,0,0
10098,CMP0069,3781,2026-04-30,0,0,0
10099,CMP0069,2584,2026-04-30,0,0,0
10100,CMP0069,1849,2026-04-30,0,0,0
10101,CMP0069,3334,2026-04-30,0,0,0
10102,CMP0069,3595,2026-04-30,0,0,0
10103,CMP0069,1033,2026-04-30,0,0,0
10104,CMP0069,3440,2026-04-30,0,0,0
10105,CMP0069,3782,2026-04-30,1,0,0
10106,CMP0069,2260,2026-04-30,0,0,0
10107,CMP0069,3151,2026-04-30,1,0,0
10108,CMP0069,805,2026-04-30,0,0,0
10109,CMP0069,2700,2026-04-30,0,0,0
10110,CMP0069,865,2026-04-30,1,0,0
10111,CMP0069,3086,2026-04-30,0,0,0
10112,CMP0069,378,2026-04-30,0,0,0
10113,CMP0069,752,2026-04-30,1,0,0
10114,CMP0069,1868,2026-04-30,0,0,0
10115,CMP0069,278,2026-04-30,1,0,0
10116,CMP0069,1904,2026-04-30,0,0,0
10117,CMP0069,2329,2026-04-30,0,0,0
10118,CMP0069,1841,2026-04-30,0,0,0
10119,CMP0069,2095,2026-04-30,1,0,0
10120,CMP0069,2030,2026-04-30,1,0,0
10121,CMP0069,740,2026-04-30,0,0,0
10122,CMP0069,3282,2026-04-30,0,0,0
10123,CMP0069,1928,2026-04-30,0,0,0
10124,CMP0069,1880,2026-04-30,0,0,0
10125,CMP0069,3739,2026-04-30,1,0,0
10126,CMP0069,1170,2026-04-30,1,0,0
10127,CMP0069,3102,2026-04-30,0,0,0
10128,CMP0069,2698,2026-04-30,1,0,0
10129,CMP0069,3965,2026-04-30,0,0,0
10130,CMP0069,536,2026-04-30,0,0,0
10131,CMP0069,3519,2026-04-30,0,0,0
10132,CMP0069,432,2026-04-30,0,0,0
10133,CMP0069,242,2026-04-30,0,0,0
10134,CMP0069,1480,2026-04-30,1,0,0
10135,CMP0069,1140,2026-04-30,0,0,0
10136,CMP0069,3445,2026-04-30,1,0,0
10137,CMP0069,570,2026-04-30,0,0,0
10138,CMP0069,3300,2026-04-30,0,0,0
10139,CMP0069,1479,2026-04-30,0,0,0
10140,CMP0069,109,2026-04-30,0,0,0
10141,CMP0069,535,2026-04-30,0,0,0
10142,CMP0069,146,2026-04-30,1,0,0
10143,CMP0069,2433,2026-04-30,0,0,0
10144,CMP0069,2457,2026-04-30,0,0,0
10145,CMP0069,369,2026-04-30,0,0,0
10146,CMP0069,730,2026-04-30,1,0,0
10147,CMP0069,974,2026-04-30,0,0,0
10148,CMP0069,1225,2026-04-30,0,0,0
10149,CMP0069,2520,2026-04-30,0,0,0
10150,CMP0069,393,2026-04-30,0,0,0
10151,CMP0069,2135,2026-04-30,0,0,0
10152,CMP0069,3321,2026-04-30,0,0,0
10153,CMP0069,1222,2026-04-30,0,0,0
10154,CMP0069,1285,2026-04-30,0,0,0
10155,CMP0069,1397,2026-04-30,0,0,0
10156,CMP0069,1429,2026-04-30,0,0,0
10157,CMP0069,2859,2026-04-30,1,0,0
10158,CMP0069,682,2026-04-30,1,0,0
10159,CMP0069,3227,2026-04-30,0,0,0
10160,CMP0069,1971,2026-04-30,0,0,0
10161,CMP0069,2744,2026-04-30,1,0,0
10162,CMP0069,1185,2026-04-30,0,0,0
10163,CMP0069,2238,2026-04-30,1,0,0
10164,CMP0069,3033,2026-04-30,0,0,0
10165,CMP0069,1049,2026-04-30,0,0,0
10166,CMP0069,212,2026-04-30,1,1,0
10167,CMP0069,856,2026-04-30,1,1,0
10168,CMP0069,976,2026-04-30,0,0,0
10169,CMP0069,2909,2026-04-30,0,0,0
10170,CMP0069,1301,2026-04-30,0,0,0
10171,CMP0069,1803,2026-04-30,0,0,0
10172,CMP0069,719,2026-04-30,0,0,0
10173,CMP0069,1142,2026-04-30,0,0,0
10174,CMP0069,1001,2026-04-30,1,0,0
10175,CMP0069,318,2026-04-30,0,0,0
10176,CMP0069,2769,2026-04-30,0,0,0
10177,CMP0069,2496,2026-04-30,0,0,0
10178,CMP0069,2093,2026-04-30,0,0,0
10179,CMP0069,1125,2026-04-30,0,0,0
10180,CMP0069,779,2026-04-30,1,1,0
10181,CMP0069,1985,2026-04-30,0,0,0
10182,CMP0069,2874,2026-04-30,0,0,0
10183,CMP0069,3487,2026-04-30,0,0,0
10184,CMP0069,2466,2026-04-30,0,0,0
10185,CMP0069,466,2026-04-30,1,0,0
10186,CMP0069,295,2026-04-30,1,0,0
10187,CMP0069,64,2026-04-30,0,0,0
10188,CMP0069,1477,2026-04-30,0,0,0
10189,CMP0069,2070,2026-04-30,0,0,0
10190,CMP0069,1911,2026-04-30,1,0,0
10191,CMP0069,1248,2026-04-30,0,0,0
10192,CMP0069,1914,2026-04-30,0,0,0
10193,CMP0069,2007,2026-04-30,0,0,0
10194,CMP0069,3106,2026-04-30,0,0,0
10195,CMP0069,1259,2026-04-30,0,0,0
10196,CMP0069,3856,2026-04-30,0,0,0
10197,CMP0069,3694,2026-04-30,0,0,0
10198,CMP0069,3871,2026-04-30,0,0,0
10199,CMP0069,522,2026-04-30,0,0,0
10200,CMP0069,2306,2026-04-30,0,0,0
10201,CMP0069,1157,2026-04-30,0,0,0
10202,CMP0069,1155,2026-04-30,1,0,0
10203,CMP0069,848,2026-04-30,1,0,0
10204,CMP0069,3261,2026-04-30,0,0,0
10205,CMP0069,3831,2026-04-30,0,0,0
10206,CMP0069,1356,2026-04-30,1,0,0
10207,CMP0069,944,2026-04-30,0,0,0
10208,CMP0069,2809,2026-04-30,0,0,0
10209,CMP0069,673,2026-04-30,0,0,0
10210,CMP0069,2240,2026-04-30,0,0,0
10211,CMP0069,2139,2026-04-30,0,0,0
10212,CMP0069,167,2026-04-30,0,0,0
10213,CMP0069,1809,2026-04-30,0,0,0
10214,CMP0069,3995,2026-04-30,0,0,0
10215,CMP0069,313,2026-04-30,1,0,0
10216,CMP0069,1192,2026-04-30,0,0,0
10217,CMP0069,3093,2026-04-30,0,0,0
10218,CMP0069,656,2026-04-30,0,0,0
10219,CMP0069,1709,2026-04-30,1,0,0
10220,CMP0069,1169,2026-04-30,0,0,0
10221,CMP0069,2323,2026-04-30,0,0,0
10222,CMP0069,3389,2026-04-30,0,0,0
10223,CMP0069,3842,2026-04-30,0,0,0
10224,CMP0069,3222,2026-04-30,1,0,0
10225,CMP0069,1936,2026-04-30,0,0,0
10226,CMP0069,2662,2026-04-30,0,0,0
10227,CMP0069,2042,2026-04-30,0,0,0
10228,CMP0069,1910,2026-04-30,1,0,0
10229,CMP0069,216,2026-04-30,1,0,0
10230,CMP0069,1342,2026-04-30,0,0,0
10231,CMP0069,2597,2026-04-30,0,0,0
10232,CMP0069,3286,2026-04-30,1,1,0
10233,CMP0069,294,2026-04-30,0,0,0
10234,CMP0069,2399,2026-04-30,0,0,0
10235,CMP0069,3567,2026-04-30,0,0,0
10236,CMP0069,2714,2026-04-30,1,0,0
10237,CMP0069,2998,2026-04-30,0,0,0
10238,CMP0069,2536,2026-04-30,1,0,0
10239,CMP0069,3901,2026-04-30,0,0,0
10240,CMP0069,3437,2026-04-30,0,0,0
10241,CMP0069,3837,2026-04-30,0,0,0
10242,CMP0069,584,2026-04-30,0,0,0
10243,CMP0069,3025,2026-04-30,0,0,0
10244,CMP0069,165,2026-04-30,1,0,0
10245,CMP0069,222,2026-04-30,0,0,0
10246,CMP0069,1900,2026-04-30,0,0,0
10247,CMP0069,551,2026-04-30,1,0,0
10248,CMP0069,2789,2026-04-30,1,0,0
10249,CMP0069,1769,2026-04-30,0,0,0
10250,CMP0069,2350,2026-04-30,1,0,0
10251,CMP0069,2401,2026-04-30,0,0,0
10252,CMP0069,2060,2026-04-30,0,0,0
10253,CMP0069,643,2026-04-30,0,0,0
10254,CMP0069,3817,2026-04-30,0,0,0
10255,CMP0069,858,2026-04-30,1,0,0
10256,CMP0069,2293,2026-04-30,0,0,0
10257,CMP0069,2802,2026-04-30,0,0,0
10258,CMP0069,2268,2026-04-30,0,0,0
10259,CMP0069,1732,2026-04-30,1,1,0
10260,CMP0069,2088,2026-04-30,0,0,0
10261,CMP0069,2443,2026-04-30,1,0,0
10262,CMP0069,380,2026-04-30,0,0,0
10263,CMP0069,991,2026-04-30,1,0,0
10264,CMP0069,2272,2026-04-30,0,0,0
10265,CMP0069,775,2026-04-30,0,0,0
10266,CMP0069,3255,2026-04-30,1,0,0
10267,CMP0069,950,2026-04-30,0,0,0
10268,CMP0069,2058,2026-04-30,0,1,0
10269,CMP0069,2183,2026-04-30,0,0,0
10270,CMP0069,3110,2026-04-30,0,0,0
10271,CMP0069,1174,2026-04-30,0,0,0
10272,CMP0069,2785,2026-04-30,0,0,0
10273,CMP0069,3679,2026-04-30,1,0,0
10274,CMP0069,2705,2026-04-30,1,0,0
10275,CMP0069,1768,2026-04-30,0,0,0
10276,CMP0069,1166,2026-04-30,0,0,0
10277,CMP0069,3530,2026-04-30,1,1,0
10278,CMP0069,2595,2026-04-30,0,0,0
10279,CMP0069,3228,2026-04-30,1,1,0
10280,CMP0069,3394,2026-04-30,1,0,0
10281,CMP0069,1244,2026-04-30,1,0,0
10282,CMP0069,3052,2026-04-30,0,0,0
10283,CMP0069,1271,2026-04-30,0,0,0
10284,CMP0069,2641,2026-04-30,0,0,0
10285,CMP0069,1650,2026-04-30,1,0,0
10286,CMP0069,1321,2026-04-30,0,0,0
10287,CMP0069,3066,2026-04-30,1,0,0
10288,CMP0069,1168,2026-04-30,0,0,0
10289,CMP0069,1409,2026-04-30,0,0,0
10290,CMP0069,1253,2026-04-30,0,0,0
10291,CMP0069,3823,2026-04-30,0,0,0
10292,CMP0069,2579,2026-04-30,0,0,0
10293,CMP0069,988,2026-04-30,0,0,0
10294,CMP0069,3370,2026-04-30,0,0,0
10295,CMP0069,882,2026-04-30,0,0,0
10296,CMP0069,2858,2026-04-30,1,0,0
10297,CMP0069,3982,2026-04-30,1,0,0
10298,CMP0069,947,2026-04-30,0,0,0
10299,CMP0069,836,2026-04-30,0,0,0
10300,CMP0069,401,2026-04-30,0,0,0
10301,CMP0069,2460,2026-04-30,1,0,0
10302,CMP0069,1735,2026-04-30,1,0,0
10303,CMP0069,629,2026-04-30,1,0,0
10304,CMP0069,638,2026-04-30,1,0,0
10305,CMP0069,3683,2026-04-30,0,0,0
10306,CMP0069,1903,2026-04-30,0,0,0
10307,CMP0069,3641,2026-04-30,1,0,0
10308,CMP0069,970,2026-04-30,0,0,0
10309,CMP0069,484,2026-04-30,0,0,0
10310,CMP0069,3754,2026-04-30,0,0,0
10311,CMP0069,926,2026-04-30,1,0,0
10312,CMP0069,2133,2026-04-30,0,0,0
10313,CMP0069,3639,2026-04-30,0,0,0
10314,CMP0069,1372,2026-04-30,0,0,0
10315,CMP0069,1644,2026-04-30,0,0,0
10316,CMP0069,50,2026-04-30,0,0,0
10317,CMP0069,279,2026-04-30,0,0,0
10318,CMP0069,1636,2026-04-30,0,0,0
10319,CMP0069,1349,2026-04-30,1,1,0
10320,CMP0069,4011,2026-04-30,0,0,0
10321,CMP0069,3459,2026-04-30,0,0,0
10322,CMP0069,2869,2026-04-30,0,0,0
10323,CMP0069,3961,2026-04-30,0,0,0
10324,CMP0069,3361,2026-04-30,0,0,0
10325,CMP0069,514,2026-04-30,1,0,0
10326,CMP0069,2846,2026-04-30,0,0,0
10327,CMP0069,1261,2026-04-30,0,0,0
10328,CMP0069,352,2026-04-30,0,0,0
10329,CMP0069,3457,2026-04-30,0,0,0
10330,CMP0069,2652,2026-04-30,1,0,0
10331,CMP0069,3380,2026-04-30,0,0,0
10332,CMP0069,2743,2026-04-30,1,0,0
10333,CMP0069,2908,2026-04-30,1,1,0
10334,CMP0069,2997,2026-04-30,0,0,0
10335,CMP0069,2256,2026-04-30,0,0,0
10336,CMP0069,860,2026-04-30,0,0,0
10337,CMP0069,1659,2026-04-30,0,0,0
10338,CMP0069,909,2026-04-30,1,0,0
10339,CMP0069,360,2026-04-30,0,0,0
10340,CMP0069,3721,2026-04-30,0,0,0
10341,CMP0069,2254,2026-04-30,0,0,0
10342,CMP0069,3810,2026-04-30,0,0,0
10343,CMP0069,91,2026-04-30,1,0,0
10344,CMP0069,2470,2026-04-30,0,0,0
10345,CMP0069,1619,2026-04-30,1,0,0
10346,CMP0069,3914,2026-04-30,0,0,0
10347,CMP0069,642,2026-04-30,0,0,0
10348,CMP0069,3062,2026-04-30,0,0,0
10349,CMP0069,223,2026-04-30,0,0,0
10350,CMP0069,3827,2026-04-30,0,0,0
10351,CMP0069,179,2026-04-30,0,0,0
10352,CMP0069,1310,2026-04-30,0,0,0
10353,CMP0069,2734,2026-04-30,0,0,0
10354,CMP0069,3501,2026-04-30,0,0,0
10355,CMP0069,2345,2026-04-30,0,0,0
10356,CMP0069,1960,2026-04-30,0,0,0
10357,CMP0069,2235,2026-04-30,0,0,0
10358,CMP0069,2727,2026-04-30,1,0,0
10359,CMP0069,1405,2026-04-30,1,0,0
10360,CMP0069,3141,2026-04-30,0,0,0
10361,CMP0069,2436,2026-04-30,0,0,0
10362,CMP0069,710,2026-04-30,1,1,0
10363,CMP0069,3758,2026-04-30,1,0,0
10364,CMP0069,473,2026-04-30,1,1,0
10365,CMP0069,1358,2026-04-30,1,0,0
10366,CMP0069,2860,2026-04-30,0,0,0
10367,CMP0069,3984,2026-04-30,1,0,0
10368,CMP0069,3461,2026-04-30,1,0,0
10369,CMP0069,3804,2026-04-30,0,0,0
10370,CMP0069,999,2026-04-30,0,0,0
10371,CMP0069,647,2026-04-30,1,0,0
10372,CMP0069,3429,2026-04-30,0,0,0
10373,CMP0069,1663,2026-04-30,0,0,0
10374,CMP0069,421,2026-04-30,0,0,0
10375,CMP0069,3527,2026-04-30,0,0,0
10376,CMP0069,2903,2026-04-30,0,0,0
10377,CMP0069,671,2026-04-30,0,0,0
10378,CMP0069,532,2026-04-30,1,0,0
10379,CMP0069,322,2026-04-30,0,0,0
10380,CMP0069,271,2026-04-30,1,0,0
10381,CMP0069,3480,2026-04-30,0,0,0
10382,CMP0069,3565,2026-04-30,0,0,0
10383,CMP0069,24,2026-04-30,0,0,0
10384,CMP0069,2689,2026-04-30,0,0,0
10385,CMP0069,3868,2026-04-30,1,0,0
10386,CMP0069,1350,2026-04-30,0,0,0
10387,CMP0069,1127,2026-04-30,0,0,0
10388,CMP0069,453,2026-04-30,1,0,0
10389,CMP0069,3042,2026-04-30,0,0,0
10390,CMP0069,343,2026-04-30,0,0,0
10391,CMP0069,1250,2026-04-30,0,0,0
10392,CMP0069,1970,2026-04-30,0,0,0
10393,CMP0069,852,2026-04-30,1,1,0
10394,CMP0069,3676,2026-04-30,1,0,0
10395,CMP0069,3258,2026-04-30,0,0,0
10396,CMP0069,1506,2026-04-30,1,1,0
10397,CMP0069,1726,2026-04-30,0,0,0
10398,CMP0069,143,2026-04-30,0,0,0
10399,CMP0069,2199,2026-04-30,1,0,0
10400,CMP0069,1092,2026-04-30,0,0,0
10401,CMP0069,3730,2026-04-30,0,0,0
10402,CMP0069,785,2026-04-30,1,0,0
10403,CMP0069,300,2026-04-30,0,0,0
10404,CMP0069,1533,2026-04-30,0,0,0
10405,CMP0069,3897,2026-04-30,1,1,0
10406,CMP0069,761,2026-04-30,1,0,0
10407,CMP0069,2346,2026-04-30,0,0,0
10408,CMP0069,2210,2026-04-30,1,0,0
10409,CMP0069,3197,2026-04-30,1,0,0
10410,CMP0069,782,2026-04-30,0,0,0
10411,CMP0069,2137,2026-04-30,0,0,0
10412,CMP0069,420,2026-04-30,1,1,0
10413,CMP0069,338,2026-04-30,0,0,0
10414,CMP0069,977,2026-04-30,0,0,0
10415,CMP0069,3012,2026-04-30,0,0,0
10416,CMP0069,2,2026-04-30,1,0,0
10417,CMP0069,881,2026-04-30,0,0,0
10418,CMP0069,1897,2026-04-30,1,0,0
10419,CMP0069,3769,2026-04-30,0,0,0
10420,CMP0069,3812,2026-04-30,0,0,0
10421,CMP0069,2739,2026-04-30,0,0,0
10422,CMP0069,1556,2026-04-30,0,0,0
10423,CMP0069,1086,2026-04-30,1,0,0
10424,CMP0069,10,2026-04-30,0,0,0
10425,CMP0069,1436,2026-04-30,0,0,0
10426,CMP0069,1403,2026-04-30,1,1,0
10427,CMP0069,1664,2026-04-30,1,0,0
10428,CMP0069,3955,2026-04-30,0,0,0
10429,CMP0069,3299,2026-04-30,0,1,0
10430,CMP0069,2911,2026-04-30,0,0,0
10431,CMP0069,2624,2026-04-30,0,0,0
10432,CMP0071,3157,2026-07-12,0,0,0
10433,CMP0071,1909,2026-07-12,0,0,0
10434,CMP0071,3413,2026-07-12,0,0,0
10435,CMP0071,779,2026-07-12,0,0,0
10436,CMP0071,531,2026-07-12,1,0,0
10437,CMP0071,3324,2026-07-12,0,0,0
10438,CMP0071,584,2026-07-12,0,0,0
10439,CMP0071,1692,2026-07-12,1,0,0
10440,CMP0071,2636,2026-07-12,0,0,0
10441,CMP0071,3385,2026-07-12,0,0,0
10442,CMP0071,1474,2026-07-12,0,0,0
10443,CMP0071,621,2026-07-12,1,0,0
10444,CMP0071,165,2026-07-12,0,0,0
10445,CMP0071,3610,2026-07-12,0,0,0
10446,CMP0071,2226,2026-07-12,0,0,0
10447,CMP0071,2830,2026-07-12,1,0,0
10448,CMP0071,3978,2026-07-12,1,0,0
10449,CMP0071,1062,2026-07-12,0,0,0
10450,CMP0071,2673,2026-07-12,1,0,0
10451,CMP0071,2371,2026-07-12,1,1,0
10452,CMP0071,3932,2026-07-12,0,0,0
10453,CMP0071,3433,2026-07-12,0,0,0
10454,CMP0071,3252,2026-07-12,1,0,0
10455,CMP0071,3443,2026-07-12,1,0,0
10456,CMP0071,1269,2026-07-12,1,0,0
10457,CMP0071,3931,2026-07-12,1,1,0
10458,CMP0071,1724,2026-07-12,0,0,0
10459,CMP0071,295,2026-07-12,0,0,0
10460,CMP0071,2948,2026-07-12,0,0,0
10461,CMP0071,293,2026-07-12,0,0,0
10462,CMP0071,3671,2026-07-12,1,0,0
10463,CMP0071,2682,2026-07-12,1,0,0
10464,CMP0071,1161,2026-07-12,0,0,0
10465,CMP0071,1589,2026-07-12,1,1,0
10466,CMP0071,3321,2026-07-12,1,0,0
10467,CMP0071,2312,2026-07-12,0,0,0
10468,CMP0071,2832,2026-07-12,0,0,0
10469,CMP0071,1029,2026-07-12,0,0,0
10470,CMP0071,271,2026-07-12,0,0,0
10471,CMP0071,874,2026-07-12,0,0,0
10472,CMP0071,3261,2026-07-12,0,0,0
10473,CMP0071,3476,2026-07-12,0,0,0
10474,CMP0071,3338,2026-07-12,1,0,0
10475,CMP0071,378,2026-07-12,1,0,0
10476,CMP0071,2272,2026-07-12,0,0,0
10477,CMP0071,1672,2026-07-12,0,0,0
10478,CMP0071,1234,2026-07-12,1,0,0
10479,CMP0071,143,2026-07-12,1,0,0
10480,CMP0071,3278,2026-07-12,0,0,0
10481,CMP0071,2172,2026-07-12,0,0,0
10482,CMP0071,431,2026-07-12,1,0,0
10483,CMP0071,2736,2026-07-12,0,0,1
10484,CMP0071,3424,2026-07-12,0,0,0
10485,CMP0071,1899,2026-07-12,1,0,0
10486,CMP0071,3221,2026-07-12,1,0,0
10487,CMP0071,222,2026-07-12,0,0,0
10488,CMP0071,2131,2026-07-12,1,0,0
10489,CMP0071,3458,2026-07-12,1,1,0
10490,CMP0071,3510,2026-07-12,0,0,0
10491,CMP0071,3036,2026-07-12,0,0,0
10492,CMP0071,1423,2026-07-12,0,0,0
10493,CMP0071,284,2026-07-12,1,0,0
10494,CMP0071,1315,2026-07-12,0,0,0
10495,CMP0071,862,2026-07-12,1,0,0
10496,CMP0071,3102,2026-07-12,1,1,0
10497,CMP0071,1350,2026-07-12,0,0,0
10498,CMP0071,2294,2026-07-12,1,0,0
10499,CMP0071,1058,2026-07-12,0,0,0
10500,CMP0071,1880,2026-07-12,1,0,0
10501,CMP0071,1414,2026-07-12,0,0,0
10502,CMP0071,3095,2026-07-12,1,0,0
10503,CMP0071,3844,2026-07-12,0,0,0
10504,CMP0071,543,2026-07-12,0,0,0
10505,CMP0071,1627,2026-07-12,0,0,0
10506,CMP0071,2018,2026-07-12,0,0,0
10507,CMP0071,697,2026-07-12,0,0,0
10508,CMP0071,2295,2026-07-12,1,0,0
10509,CMP0071,237,2026-07-12,1,0,0
10510,CMP0071,3495,2026-07-12,1,1,0
10511,CMP0071,3919,2026-07-12,1,0,0
10512,CMP0071,3618,2026-07-12,0,0,0
10513,CMP0071,2541,2026-07-12,1,1,0
10514,CMP0071,1310,2026-07-12,1,0,0
10515,CMP0071,3366,2026-07-12,0,0,0
10516,CMP0071,2335,2026-07-12,0,0,0
10517,CMP0071,3434,2026-07-12,1,1,0
10518,CMP0071,1933,2026-07-12,0,0,0
10519,CMP0071,3586,2026-07-12,0,0,0
10520,CMP0071,3973,2026-07-12,0,0,0
10521,CMP0071,2266,2026-07-12,0,0,0
10522,CMP0071,1463,2026-07-12,0,0,0
10523,CMP0071,1159,2026-07-12,0,0,0
10524,CMP0071,1132,2026-07-12,0,0,0
10525,CMP0071,2088,2026-07-12,0,0,0
10526,CMP0071,2094,2026-07-12,0,0,0
10527,CMP0071,1834,2026-07-12,0,0,0
10528,CMP0071,212,2026-07-12,0,0,0
10529,CMP0071,2397,2026-07-12,0,0,0
10530,CMP0071,1262,2026-07-12,0,0,0
10531,CMP0071,3020,2026-07-12,0,0,0
10532,CMP0071,357,2026-07-12,1,0,0
10533,CMP0071,625,2026-07-12,0,0,0
10534,CMP0071,397,2026-07-12,0,0,0
10535,CMP0071,3174,2026-07-12,0,0,0
10536,CMP0071,38,2026-07-12,0,0,0
10537,CMP0071,1553,2026-07-12,1,0,0
10538,CMP0071,1579,2026-07-12,1,1,0
10539,CMP0071,14,2026-07-12,0,0,0
10540,CMP0071,3947,2026-07-12,0,0,0
10541,CMP0071,2388,2026-07-12,0,0,0
10542,CMP0071,329,2026-07-12,0,0,0
10543,CMP0071,3402,2026-07-12,0,0,0
10544,CMP0071,3300,2026-07-12,0,0,0
10545,CMP0071,629,2026-07-12,0,0,0
10546,CMP0071,1726,2026-07-12,0,0,0
10547,CMP0071,3196,2026-07-12,0,0,0
10548,CMP0071,322,2026-07-12,1,1,0
10549,CMP0071,1222,2026-07-12,0,0,0
10550,CMP0071,177,2026-07-12,0,0,0
10551,CMP0071,1903,2026-07-12,0,0,0
10552,CMP0071,2416,2026-07-12,0,0,0
10553,CMP0071,1177,2026-07-12,0,0,0
10554,CMP0071,775,2026-07-12,1,0,0
10555,CMP0071,2912,2026-07-12,0,0,0
10556,CMP0071,2486,2026-07-12,1,0,0
10557,CMP0071,2133,2026-07-12,0,0,0
10558,CMP0071,960,2026-07-12,0,0,0
10559,CMP0071,692,2026-07-12,0,0,0
10560,CMP0071,1373,2026-07-12,1,0,0
10561,CMP0071,2665,2026-07-12,1,0,0
10562,CMP0071,2734,2026-07-12,0,0,0
10563,CMP0071,618,2026-07-12,1,0,0
10564,CMP0071,1989,2026-07-12,0,0,0
10565,CMP0071,3011,2026-07-12,0,0,0
10566,CMP0071,2851,2026-07-12,1,0,0
10567,CMP0071,3594,2026-07-12,1,0,0
10568,CMP0071,2305,2026-07-12,0,0,0
10569,CMP0071,1739,2026-07-12,1,0,0
10570,CMP0071,610,2026-07-12,1,0,0
10571,CMP0071,537,2026-07-12,1,1,0
10572,CMP0071,2836,2026-07-12,1,1,0
10573,CMP0071,1099,2026-07-12,1,1,0
10574,CMP0071,1574,2026-07-12,0,0,0
10575,CMP0071,2648,2026-07-12,0,0,0
10576,CMP0071,945,2026-07-12,0,0,0
10577,CMP0071,791,2026-07-12,0,0,0
10578,CMP0071,2782,2026-07-12,0,0,0
10579,CMP0071,962,2026-07-12,0,0,0
10580,CMP0071,11,2026-07-12,1,0,0
10581,CMP0071,2917,2026-07-12,0,0,0
10582,CMP0071,3959,2026-07-12,1,1,0
10583,CMP0071,757,2026-07-12,0,0,0
10584,CMP0071,3666,2026-07-12,0,0,0
10585,CMP0071,2819,2026-07-12,0,0,0
10586,CMP0071,3065,2026-07-12,1,0,0
10587,CMP0071,3061,2026-07-12,0,0,0
10588,CMP0071,883,2026-07-12,1,0,0
10589,CMP0071,1705,2026-07-12,0,0,0
10590,CMP0071,2381,2026-07-12,1,0,0
10591,CMP0071,2463,2026-07-12,0,0,0
10592,CMP0071,3969,2026-07-12,1,0,0
10593,CMP0071,3877,2026-07-12,1,0,0
10594,CMP0071,1064,2026-07-12,0,0,0
10595,CMP0071,242,2026-07-12,0,0,0
10596,CMP0071,446,2026-07-12,0,0,0
10597,CMP0071,1637,2026-07-12,0,0,0
10598,CMP0071,2679,2026-07-12,0,0,0
10599,CMP0071,3089,2026-07-12,0,0,0
10600,CMP0071,3846,2026-07-12,0,0,0
10601,CMP0071,3270,2026-07-12,1,0,0
10602,CMP0071,1294,2026-07-12,0,0,0
10603,CMP0071,1000,2026-07-12,0,0,0
10604,CMP0071,2571,2026-07-12,1,0,0
10605,CMP0071,464,2026-07-12,1,0,0
10606,CMP0071,1918,2026-07-12,0,0,0
10607,CMP0071,374,2026-07-12,0,0,0
10608,CMP0071,1842,2026-07-12,0,0,0
10609,CMP0071,1960,2026-07-12,1,0,0
10610,CMP0071,301,2026-07-12,0,0,0
10611,CMP0071,943,2026-07-12,1,1,0
10612,CMP0071,2874,2026-07-12,0,0,0
10613,CMP0071,1990,2026-07-12,1,0,0
10614,CMP0071,1154,2026-07-12,0,0,0
10615,CMP0071,3845,2026-07-12,0,0,0
10616,CMP0071,1883,2026-07-12,0,0,0
10617,CMP0071,2877,2026-07-12,0,0,0
10618,CMP0071,3474,2026-07-12,0,0,0
10619,CMP0071,3924,2026-07-12,0,0,0
10620,CMP0071,1667,2026-07-12,0,0,0
10621,CMP0071,3682,2026-07-12,0,0,0
10622,CMP0071,246,2026-07-12,0,0,0
10623,CMP0071,127,2026-07-12,1,1,0
10624,CMP0071,3152,2026-07-12,0,0,0
10625,CMP0071,2039,2026-07-12,0,0,0
10626,CMP0071,1917,2026-07-12,1,0,0
10627,CMP0071,3437,2026-07-12,0,0,0
10628,CMP0071,369,2026-07-12,1,1,0
10629,CMP0071,3185,2026-07-12,0,0,0
10630,CMP0071,1283,2026-07-12,0,0,0
10631,CMP0071,2680,2026-07-12,0,0,0
10632,CMP0071,2430,2026-07-12,1,0,0
10633,CMP0071,2378,2026-07-12,0,0,0
10634,CMP0071,3046,2026-07-12,0,0,0
10635,CMP0071,3306,2026-07-12,0,0,0
10636,CMP0071,2489,2026-07-12,0,0,0
10637,CMP0071,569,2026-07-12,0,0,0
10638,CMP0071,3481,2026-07-12,0,0,0
10639,CMP0071,2776,2026-07-12,1,0,0
10640,CMP0071,1022,2026-07-12,0,0,0
10641,CMP0071,1663,2026-07-12,0,0,0
10642,CMP0071,4013,2026-07-12,1,1,0
10643,CMP0071,683,2026-07-12,0,0,0
10644,CMP0071,1614,2026-07-12,0,0,0
10645,CMP0071,568,2026-07-12,0,0,0
10646,CMP0071,2933,2026-07-12,0,0,0
10647,CMP0071,3804,2026-07-12,0,0,0
10648,CMP0071,1258,2026-07-12,0,0,0
10649,CMP0071,4011,2026-07-12,0,0,0
10650,CMP0071,3912,2026-07-12,1,0,0
10651,CMP0071,634,2026-07-12,0,0,0
10652,CMP0071,1872,2026-07-12,0,0,0
10653,CMP0071,3565,2026-07-12,0,0,0
10654,CMP0071,3427,2026-07-12,0,0,0
10655,CMP0071,1565,2026-07-12,0,0,0
10656,CMP0071,197,2026-07-12,0,0,0
10657,CMP0071,416,2026-07-12,0,0,0
10658,CMP0071,771,2026-07-12,1,0,0
10659,CMP0071,2065,2026-07-12,1,0,0
10660,CMP0071,105,2026-07-12,0,0,0
10661,CMP0071,2651,2026-07-12,1,0,0
10662,CMP0071,2635,2026-07-12,0,0,0
10663,CMP0071,280,2026-07-12,1,0,0
10664,CMP0071,2592,2026-07-12,1,0,0
10665,CMP0071,1123,2026-07-12,1,1,0
10666,CMP0071,460,2026-07-12,0,0,0
10667,CMP0071,1556,2026-07-12,1,0,0
10668,CMP0071,1943,2026-07-12,0,0,0
10669,CMP0071,2977,2026-07-12,1,1,0
10670,CMP0071,1083,2026-07-12,1,0,0
10671,CMP0071,3816,2026-07-12,0,0,0
10672,CMP0071,436,2026-07-12,0,0,0
10673,CMP0071,2257,2026-07-12,0,0,0
10674,CMP0071,645,2026-07-12,0,0,0
10675,CMP0071,3008,2026-07-12,0,0,0
10676,CMP0071,3055,2026-07-12,1,0,0
10677,CMP0071,1231,2026-07-12,1,0,0
10678,CMP0071,1855,2026-07-12,1,0,0
10679,CMP0071,2239,2026-07-12,0,0,0
10680,CMP0071,302,2026-07-12,0,0,0
10681,CMP0071,2052,2026-07-12,0,0,0
10682,CMP0071,3658,2026-07-12,0,0,0
10683,CMP0071,288,2026-07-12,0,0,0
10684,CMP0071,2290,2026-07-12,0,0,0
10685,CMP0071,2969,2026-07-12,0,0,0
10686,CMP0071,317,2026-07-12,0,0,0
10687,CMP0071,2597,2026-07-12,0,0,0
10688,CMP0071,2444,2026-07-12,0,0,0
10689,CMP0071,1478,2026-07-12,1,0,0
10690,CMP0071,827,2026-07-12,0,0,0
10691,CMP0071,2384,2026-07-12,0,0,0
10692,CMP0071,2249,2026-07-12,1,0,0
10693,CMP0071,3870,2026-07-12,0,0,0
10694,CMP0071,404,2026-07-12,0,0,0
10695,CMP0071,1904,2026-07-12,0,0,0
10696,CMP0071,3459,2026-07-12,1,0,0
10697,CMP0071,3423,2026-07-12,0,0,0
10698,CMP0071,2477,2026-07-12,0,0,0
10699,CMP0071,2215,2026-07-12,0,0,0
10700,CMP0071,3996,2026-07-12,1,0,0
10701,CMP0071,90,2026-07-12,1,1,0
10702,CMP0071,1493,2026-07-12,1,0,0
10703,CMP0071,382,2026-07-12,0,0,0
10704,CMP0071,3494,2026-07-12,0,0,0
10705,CMP0071,1012,2026-07-12,0,0,0
10706,CMP0071,2740,2026-07-12,0,0,0
10707,CMP0071,4008,2026-07-12,0,0,0
10708,CMP0071,1415,2026-07-12,1,0,0
10709,CMP0071,2584,2026-07-12,0,0,0
10710,CMP0071,780,2026-07-12,0,0,0
10711,CMP0071,2752,2026-07-12,0,0,0
10712,CMP0071,3574,2026-07-12,0,0,0
10713,CMP0071,3418,2026-07-12,0,0,0
10714,CMP0071,807,2026-07-12,0,0,0
10715,CMP0071,3085,2026-07-12,0,0,0
10716,CMP0071,946,2026-07-12,1,0,0
10717,CMP0071,2067,2026-07-12,0,0,0
10718,CMP0071,642,2026-07-12,0,0,0
10719,CMP0071,1030,2026-07-12,0,0,0
10720,CMP0071,691,2026-07-12,1,0,0
10721,CMP0071,1243,2026-07-12,0,0,0
10722,CMP0071,2196,2026-07-12,0,0,0
10723,CMP0071,2875,2026-07-12,0,0,0
10724,CMP0071,1961,2026-07-12,0,0,0
10725,CMP0071,585,2026-07-12,0,0,0
10726,CMP0071,913,2026-07-12,0,0,0
10727,CMP0071,1363,2026-07-12,1,1,0
10728,CMP0071,3892,2026-07-12,1,1,0
10729,CMP0071,1482,2026-07-12,0,0,0
10730,CMP0071,2265,2026-07-12,0,0,0
10731,CMP0071,1215,2026-07-12,1,0,0
10732,CMP0071,2738,2026-07-12,0,0,0
10733,CMP0071,1516,2026-07-12,0,0,0
10734,CMP0071,2400,2026-07-12,0,0,1
10735,CMP0071,3386,2026-07-12,0,0,0
10736,CMP0071,2296,2026-07-12,0,0,0
10737,CMP0071,866,2026-07-12,0,0,0
10738,CMP0071,3149,2026-07-12,0,0,0
10739,CMP0071,4015,2026-07-12,0,0,0
10740,CMP0071,3367,2026-07-12,1,0,0
10741,CMP0071,797,2026-07-12,0,0,0
10742,CMP0071,8,2026-07-12,0,0,0
10743,CMP0071,1975,2026-07-12,0,0,0
10744,CMP0071,2288,2026-07-12,1,0,0
10745,CMP0071,2300,2026-07-12,0,0,0
10746,CMP0071,3916,2026-07-12,0,0,0
10747,CMP0071,2526,2026-07-12,0,0,0
10748,CMP0071,3857,2026-07-12,1,0,0
10749,CMP0071,649,2026-07-12,1,0,0
10750,CMP0071,2242,2026-07-12,0,0,0
10751,CMP0071,1220,2026-07-12,0,0,0
10752,CMP0071,1129,2026-07-12,0,0,0
10753,CMP0071,2095,2026-07-12,1,0,0
10754,CMP0071,1452,2026-07-12,0,0,0
10755,CMP0071,2256,2026-07-12,1,0,0
10756,CMP0071,227,2026-07-12,0,0,0
10757,CMP0071,245,2026-07-12,0,0,0
10758,CMP0071,4,2026-07-12,0,0,0
10759,CMP0071,2,2026-07-12,1,0,0
10760,CMP0071,3660,2026-07-12,0,0,0
10761,CMP0071,3903,2026-07-12,0,0,0
10762,CMP0071,2951,2026-07-12,1,0,0
10763,CMP0071,751,2026-07-12,0,0,0
10764,CMP0071,2919,2026-07-12,1,0,0
10765,CMP0071,2130,2026-07-12,1,1,0
10766,CMP0071,1090,2026-07-12,0,0,0
10767,CMP0071,3756,2026-07-12,0,0,0
10768,CMP0071,2896,2026-07-12,0,0,0
10769,CMP0071,409,2026-07-12,1,0,0
10770,CMP0071,820,2026-07-12,0,0,0
10771,CMP0071,3208,2026-07-12,1,1,0
10772,CMP0071,3977,2026-07-12,1,0,0
10773,CMP0071,2138,2026-07-12,0,0,0
10774,CMP0071,1134,2026-07-12,1,0,0
10775,CMP0071,373,2026-07-12,0,0,0
10776,CMP0071,2998,2026-07-12,1,0,0
10777,CMP0071,2244,2026-07-12,0,0,0
10778,CMP0071,2060,2026-07-12,1,0,0
10779,CMP0071,1828,2026-07-12,0,0,0
10780,CMP0071,1183,2026-07-12,1,1,0
10781,CMP0071,2339,2026-07-12,1,0,0
10782,CMP0071,2358,2026-07-12,1,0,0
10783,CMP0071,186,2026-07-12,1,0,0
10784,CMP0071,3823,2026-07-12,1,1,0
10785,CMP0071,1356,2026-07-12,1,0,0
10786,CMP0071,3930,2026-07-12,0,0,0
10787,CMP0071,2380,2026-07-12,0,0,0
10788,CMP0071,1935,2026-07-12,0,0,0
10789,CMP0071,270,2026-07-12,1,0,0
10790,CMP0071,2850,2026-07-12,1,0,0
10791,CMP0071,3558,2026-07-12,0,0,0
10792,CMP0071,1477,2026-07-12,1,0,0
10793,CMP0071,3127,2026-07-12,0,0,0
10794,CMP0071,3190,2026-07-12,1,1,0
10795,CMP0071,2692,2026-07-12,0,0,0
10796,CMP0071,3980,2026-07-12,1,0,0
10797,CMP0071,6,2026-07-12,0,0,0
10798,CMP0071,3786,2026-07-12,0,0,0
10799,CMP0071,1424,2026-07-12,1,0,0
10800,CMP0071,3726,2026-07-12,0,0,0
10801,CMP0071,1992,2026-07-12,0,0,0
10802,CMP0071,350,2026-07-12,1,0,0
10803,CMP0071,1334,2026-07-12,0,0,0
10804,CMP0071,3290,2026-07-12,0,0,0
10805,CMP0071,3139,2026-07-12,0,0,0
10806,CMP0071,2620,2026-07-12,1,0,0
10807,CMP0071,137,2026-07-12,0,0,0
10808,CMP0071,2273,2026-07-12,0,0,0
10809,CMP0071,3582,2026-07-12,0,0,0
10810,CMP0071,1868,2026-07-12,0,0,0
10811,CMP0071,3719,2026-07-12,0,0,0
10812,CMP0071,283,2026-07-12,0,0,0
10813,CMP0071,3715,2026-07-12,0,0,0
10814,CMP0071,3383,2026-07-12,1,0,0
10815,CMP0071,438,2026-07-12,0,0,0
10816,CMP0071,3370,2026-07-12,1,0,0
10817,CMP0071,2891,2026-07-12,0,0,0
10818,CMP0071,2587,2026-07-12,1,0,0
10819,CMP0071,793,2026-07-12,1,0,0
10820,CMP0071,229,2026-07-12,1,0,0
10821,CMP0071,1353,2026-07-12,0,0,0
10822,CMP0071,3771,2026-07-12,0,0,0
10823,CMP0071,515,2026-07-12,0,0,0
10824,CMP0071,2376,2026-07-12,0,0,0
10825,CMP0071,2529,2026-07-12,0,0,0
10826,CMP0071,881,2026-07-12,0,0,0
10827,CMP0071,2232,2026-07-12,0,0,0
10828,CMP0071,1594,2026-07-12,1,0,0
10829,CMP0071,963,2026-07-12,0,0,0
10830,CMP0071,1071,2026-07-12,0,0,0
10831,CMP0071,259,2026-07-12,0,0,0
10832,CMP0071,3195,2026-07-12,1,0,0
10833,CMP0071,2860,2026-07-12,0,0,0
10834,CMP0071,2137,2026-07-12,0,0,0
10835,CMP0071,3548,2026-07-12,0,0,0
10836,CMP0071,3438,2026-07-12,0,0,0
10837,CMP0071,2182,2026-07-12,0,0,0
10838,CMP0071,3471,2026-07-12,1,0,0
10839,CMP0071,210,2026-07-12,0,0,0
10840,CMP0071,586,2026-07-12,0,0,0
10841,CMP0071,3311,2026-07-12,0,0,0
10842,CMP0071,445,2026-07-12,0,0,0
10843,CMP0071,748,2026-07-12,0,0,0
10844,CMP0071,224,2026-07-12,0,0,0
10845,CMP0071,707,2026-07-12,0,0,0
10846,CMP0071,1481,2026-07-12,0,0,0
10847,CMP0071,138,2026-07-12,1,0,0
10848,CMP0071,3812,2026-07-12,0,0,0
10849,CMP0071,914,2026-07-12,0,0,0
10850,CMP0071,3788,2026-07-12,0,0,0
10851,CMP0071,3827,2026-07-12,0,0,0
10852,CMP0071,48,2026-07-12,1,0,0
10853,CMP0071,2802,2026-07-12,0,0,0
10854,CMP0071,532,2026-07-12,0,0,0
10855,CMP0071,3361,2026-07-12,0,0,0
10856,CMP0071,1352,2026-07-12,1,1,0
10857,CMP0071,2963,2026-07-12,0,0,0
10858,CMP0071,263,2026-07-12,0,0,0
10859,CMP0071,673,2026-07-12,0,0,0
10860,CMP0071,761,2026-07-12,0,0,0
10861,CMP0071,3499,2026-07-12,1,1,0
10862,CMP0071,1462,2026-07-12,1,0,0
10863,CMP0071,2742,2026-07-12,0,0,0
10864,CMP0071,3518,2026-07-12,0,0,0
10865,CMP0013,3093,2024-04-16,0,0,0
10866,CMP0013,3905,2024-04-16,0,0,0
10867,CMP0013,3407,2024-04-16,0,0,0
10868,CMP0013,4011,2024-04-16,0,0,0
10869,CMP0013,692,2024-04-16,0,0,0
10870,CMP0013,2076,2024-04-16,0,0,0
10871,CMP0013,1482,2024-04-16,0,0,0
10872,CMP0013,633,2024-04-16,1,0,0
10873,CMP0013,1240,2024-04-16,1,0,0
10874,CMP0013,1016,2024-04-16,0,0,0
10875,CMP0013,2221,2024-04-16,1,0,0
10876,CMP0013,3050,2024-04-16,0,0,0
10877,CMP0013,3211,2024-04-16,1,0,0
10878,CMP0013,1877,2024-04-16,1,0,0
10879,CMP0013,1260,2024-04-16,1,1,0
10880,CMP0013,3340,2024-04-16,1,0,0
10881,CMP0013,460,2024-04-16,1,0,0
10882,CMP0013,2352,2024-04-16,0,0,0
10883,CMP0013,40,2024-04-16,1,0,0
10884,CMP0013,2851,2024-04-16,0,0,0
10885,CMP0013,1102,2024-04-16,1,0,0
10886,CMP0013,1864,2024-04-16,1,0,0
10887,CMP0013,1160,2024-04-16,0,0,0
10888,CMP0013,3904,2024-04-16,0,0,0
10889,CMP0013,3275,2024-04-16,1,0,0
10890,CMP0013,1990,2024-04-16,0,0,0
10891,CMP0013,164,2024-04-16,1,0,0
10892,CMP0013,2158,2024-04-16,1,1,0
10893,CMP0013,2156,2024-04-16,1,0,0
10894,CMP0013,2390,2024-04-16,0,0,0
10895,CMP0013,670,2024-04-16,0,0,0
10896,CMP0013,3849,2024-04-16,0,0,0
10897,CMP0013,2003,2024-04-16,0,0,0
10898,CMP0013,1585,2024-04-16,0,0,0
10899,CMP0013,4015,2024-04-16,0,0,0
10900,CMP0013,1653,2024-04-16,0,0,0
10901,CMP0013,245,2024-04-16,1,0,0
10902,CMP0013,1852,2024-04-16,1,1,0
10903,CMP0013,669,2024-04-16,0,0,0
10904,CMP0013,3542,2024-04-16,0,0,0
10905,CMP0013,1385,2024-04-16,1,0,0
10906,CMP0013,3955,2024-04-16,0,0,0
10907,CMP0013,1429,2024-04-16,1,1,0
10908,CMP0013,1606,2024-04-16,0,0,0
10909,CMP0013,1083,2024-04-16,0,0,0
10910,CMP0013,103,2024-04-16,0,0,0
10911,CMP0013,167,2024-04-16,0,0,0
10912,CMP0013,93,2024-04-16,0,0,0
10913,CMP0013,1462,2024-04-16,1,0,0
10914,CMP0013,3718,2024-04-16,0,0,0
10915,CMP0013,2094,2024-04-16,1,0,0
10916,CMP0013,3859,2024-04-16,0,0,0
10917,CMP0013,2526,2024-04-16,0,0,0
10918,CMP0013,304,2024-04-16,0,0,0
10919,CMP0013,3870,2024-04-16,0,0,0
10920,CMP0013,819,2024-04-16,0,0,0
10921,CMP0013,691,2024-04-16,0,0,0
10922,CMP0013,3474,2024-04-16,1,0,0
10923,CMP0013,3461,2024-04-16,0,0,0
10924,CMP0013,2371,2024-04-16,0,0,0
10925,CMP0013,3548,2024-04-16,1,0,0
10926,CMP0013,3177,2024-04-16,0,0,0
10927,CMP0013,313,2024-04-16,1,0,0
10928,CMP0013,2067,2024-04-16,0,0,0
10929,CMP0013,322,2024-04-16,0,0,0
10930,CMP0013,937,2024-04-16,0,0,0
10931,CMP0013,3136,2024-04-16,0,0,0
10932,CMP0013,2075,2024-04-16,1,0,0
10933,CMP0013,229,2024-04-16,0,0,0
10934,CMP0013,521,2024-04-16,1,0,0
10935,CMP0013,3996,2024-04-16,0,0,0
10936,CMP0013,3846,2024-04-16,1,0,0
10937,CMP0013,584,2024-04-16,0,0,0
10938,CMP0013,1907,2024-04-16,0,0,0
10939,CMP0013,2714,2024-04-16,0,0,0
10940,CMP0013,1917,2024-04-16,0,0,0
10941,CMP0013,3788,2024-04-16,1,0,0
10942,CMP0013,190,2024-04-16,0,0,0
10943,CMP0013,1216,2024-04-16,1,0,0
10944,CMP0013,981,2024-04-16,0,0,0
10945,CMP0013,2146,2024-04-16,0,0,0
10946,CMP0013,995,2024-04-16,0,0,0
10947,CMP0013,865,2024-04-16,1,0,0
10948,CMP0013,3436,2024-04-16,0,0,0
10949,CMP0013,2711,2024-04-16,0,0,0
10950,CMP0013,216,2024-04-16,0,0,0
10951,CMP0013,2590,2024-04-16,1,0,0
10952,CMP0013,3151,2024-04-16,0,0,0
10953,CMP0013,2786,2024-04-16,1,0,0
10954,CMP0013,1620,2024-04-16,0,1,0
10955,CMP0013,3258,2024-04-16,0,0,0
10956,CMP0013,1834,2024-04-16,0,0,0
10957,CMP0013,3219,2024-04-16,0,0,0
10958,CMP0013,1373,2024-04-16,1,0,0
10959,CMP0013,1616,2024-04-16,0,0,0
10960,CMP0013,3898,2024-04-16,1,0,0
10961,CMP0013,3557,2024-04-16,0,0,0
10962,CMP0013,2815,2024-04-16,0,0,0
10963,CMP0013,2587,2024-04-16,1,0,0
10964,CMP0013,1170,2024-04-16,0,0,0
10965,CMP0013,3348,2024-04-16,0,0,0
10966,CMP0013,1674,2024-04-16,0,0,0
10967,CMP0013,1939,2024-04-16,0,0,0
10968,CMP0013,1901,2024-04-16,0,0,0
10969,CMP0013,2919,2024-04-16,1,0,0
10970,CMP0013,2199,2024-04-16,0,0,0
10971,CMP0013,1061,2024-04-16,0,0,0
10972,CMP0013,1953,2024-04-16,1,0,0
10973,CMP0013,2651,2024-04-16,1,0,0
10974,CMP0013,1803,2024-04-16,0,0,0
10975,CMP0013,1225,2024-04-16,1,0,0
10976,CMP0013,583,2024-04-16,0,0,0
10977,CMP0013,2228,2024-04-16,0,0,0
10978,CMP0013,563,2024-04-16,1,0,0
10979,CMP0013,2741,2024-04-16,0,0,0
10980,CMP0013,2698,2024-04-16,1,0,0
10981,CMP0013,3924,2024-04-16,0,0,0
10982,CMP0013,1884,2024-04-16,0,0,0
10983,CMP0013,3293,2024-04-16,0,0,0
10984,CMP0013,3162,2024-04-16,0,0,0
10985,CMP0013,1350,2024-04-16,0,0,1
10986,CMP0013,2429,2024-04-16,0,0,0
10987,CMP0013,2971,2024-04-16,1,0,0
10988,CMP0013,1513,2024-04-16,0,0,0
10989,CMP0013,248,2024-04-16,1,1,0
10990,CMP0013,757,2024-04-16,0,0,0
10991,CMP0013,3278,2024-04-16,0,0,0
10992,CMP0013,2789,2024-04-16,1,0,0
10993,CMP0013,2010,2024-04-16,1,0,0
10994,CMP0013,1583,2024-04-16,0,0,0
10995,CMP0013,1084,2024-04-16,0,0,0
10996,CMP0013,2339,2024-04-16,0,0,0
10997,CMP0013,224,2024-04-16,0,0,0
10998,CMP0013,743,2024-04-16,0,0,0
10999,CMP0013,343,2024-04-16,1,0,0
11000,CMP0013,2176,2024-04-16,1,0,0
11001,CMP0013,3618,2024-04-16,0,0,0
11002,CMP0013,534,2024-04-16,0,0,0
11003,CMP0013,259,2024-04-16,1,0,0
11004,CMP0013,3671,2024-04-16,0,0,0
11005,CMP0013,227,2024-04-16,0,0,0
11006,CMP0013,2486,2024-04-16,0,0,0
11007,CMP0013,221,2024-04-16,1,0,0
11008,CMP0013,2269,2024-04-16,0,0,0
11009,CMP0013,996,2024-04-16,0,0,0
11010,CMP0013,914,2024-04-16,0,0,0
11011,CMP0013,1661,2024-04-16,1,0,0
11012,CMP0013,2961,2024-04-16,1,1,0
11013,CMP0013,1954,2024-04-16,0,0,0
11014,CMP0013,2673,2024-04-16,1,0,0
11015,CMP0013,1106,2024-04-16,0,0,0
11016,CMP0013,2047,2024-04-16,0,0,0
11017,CMP0013,2387,2024-04-16,0,0,0
11018,CMP0013,3546,2024-04-16,1,0,0
11019,CMP0013,2416,2024-04-16,1,0,0
11020,CMP0013,964,2024-04-16,1,0,0
11021,CMP0013,1665,2024-04-16,1,0,0
11022,CMP0013,1401,2024-04-16,1,0,0
11023,CMP0013,111,2024-04-16,0,0,0
11024,CMP0013,2327,2024-04-16,0,0,0
11025,CMP0013,2993,2024-04-16,0,0,0
11026,CMP0013,532,2024-04-16,0,0,0
11027,CMP0013,3311,2024-04-16,0,0,0
11028,CMP0013,551,2024-04-16,0,0,0
11029,CMP0013,3569,2024-04-16,0,0,0
11030,CMP0013,1051,2024-04-16,0,0,0
11031,CMP0013,2607,2024-04-16,0,0,0
11032,CMP0013,2509,2024-04-16,0,0,0
11033,CMP0013,1924,2024-04-16,0,0,0
11034,CMP0013,2617,2024-04-16,1,0,0
11035,CMP0013,946,2024-04-16,0,0,0
11036,CMP0013,3720,2024-04-16,0,0,0
11037,CMP0013,515,2024-04-16,1,0,0
11038,CMP0013,772,2024-04-16,0,0,0
11039,CMP0013,870,2024-04-16,0,0,0
11040,CMP0013,3494,2024-04-16,0,0,0
11041,CMP0013,2022,2024-04-16,0,0,0
11042,CMP0013,2647,2024-04-16,1,0,0
11043,CMP0013,709,2024-04-16,0,0,0
11044,CMP0013,1937,2024-04-16,0,0,0
11045,CMP0013,610,2024-04-16,0,0,0
11046,CMP0013,1894,2024-04-16,0,0,0
11047,CMP0013,2579,2024-04-16,0,0,0
11048,CMP0013,710,2024-04-16,0,0,0
11049,CMP0013,3155,2024-04-16,1,1,0
11050,CMP0013,1299,2024-04-16,0,0,0
11051,CMP0013,3394,2024-04-16,0,0,0
11052,CMP0013,2096,2024-04-16,0,0,0
11053,CMP0013,2846,2024-04-16,0,0,0
11054,CMP0013,696,2024-04-16,0,0,0
11055,CMP0013,2040,2024-04-16,0,0,0
11056,CMP0013,1678,2024-04-16,1,0,0
11057,CMP0013,278,2024-04-16,0,0,0
11058,CMP0013,2452,2024-04-16,0,0,0
11059,CMP0013,638,2024-04-16,1,0,0
11060,CMP0013,2136,2024-04-16,1,0,0
11061,CMP0013,2335,2024-04-16,0,0,0
11062,CMP0013,822,2024-04-16,0,0,0
11063,CMP0013,2447,2024-04-16,1,0,0
11064,CMP0013,804,2024-04-16,1,0,0
11065,CMP0013,3462,2024-04-16,1,0,0
11066,CMP0013,2363,2024-04-16,0,0,0
11067,CMP0013,2845,2024-04-16,1,0,0
11068,CMP0013,3321,2024-04-16,0,0,0
11069,CMP0013,2767,2024-04-16,0,0,0
11070,CMP0013,225,2024-04-16,0,0,0
11071,CMP0013,293,2024-04-16,1,0,0
11072,CMP0013,3143,2024-04-16,0,0,0
11073,CMP0013,3113,2024-04-16,1,0,0
11074,CMP0013,2015,2024-04-16,0,0,0
11075,CMP0013,446,2024-04-16,0,0,0
11076,CMP0013,3410,2024-04-16,0,0,0
11077,CMP0013,2625,2024-04-16,0,0,0
11078,CMP0013,1185,2024-04-16,1,0,0
11079,CMP0013,3547,2024-04-16,0,0,0
11080,CMP0013,3968,2024-04-16,0,0,0
11081,CMP0013,277,2024-04-16,0,0,0
11082,CMP0013,1415,2024-04-16,1,0,0
11083,CMP0013,1991,2024-04-16,0,0,0
11084,CMP0013,1526,2024-04-16,0,0,0
11085,CMP0013,1732,2024-04-16,0,0,0
11086,CMP0013,3913,2024-04-16,0,0,0
11087,CMP0013,3045,2024-04-16,0,0,0
11088,CMP0013,2628,2024-04-16,1,0,0
11089,CMP0013,3449,2024-04-16,0,0,0
11090,CMP0013,90,2024-04-16,0,0,0
11091,CMP0013,3071,2024-04-16,0,0,0
11092,CMP0013,425,2024-04-16,0,0,0
11093,CMP0013,300,2024-04-16,0,0,0
11094,CMP0013,3266,2024-04-16,1,0,0
11095,CMP0013,520,2024-04-16,0,0,0
11096,CMP0013,1652,2024-04-16,0,0,0
11097,CMP0013,1169,2024-04-16,0,0,0
11098,CMP0013,2218,2024-04-16,1,1,0
11099,CMP0013,2600,2024-04-16,1,0,0
11100,CMP0013,2906,2024-04-16,0,0,0
11101,CMP0013,2183,2024-04-16,0,0,0
11102,CMP0013,2749,2024-04-16,0,0,0
11103,CMP0013,1827,2024-04-16,0,0,0
11104,CMP0013,2905,2024-04-16,0,0,0
11105,CMP0013,846,2024-04-16,1,1,0
11106,CMP0013,2891,2024-04-16,0,0,0
11107,CMP0013,485,2024-04-16,0,0,0
11108,CMP0013,1266,2024-04-16,0,0,0
11109,CMP0013,1735,2024-04-16,1,0,0
11110,CMP0013,133,2024-04-16,0,0,0
11111,CMP0013,3801,2024-04-16,0,0,0
11112,CMP0013,3109,2024-04-16,0,0,0
11113,CMP0013,2232,2024-04-16,0,0,0
11114,CMP0013,2506,2024-04-16,0,0,0
11115,CMP0013,1125,2024-04-16,0,0,0
11116,CMP0013,200,2024-04-16,0,0,0
11117,CMP0013,2431,2024-04-16,0,0,0
11118,CMP0013,1494,2024-04-16,0,0,0
11119,CMP0013,2384,2024-04-16,1,0,0
11120,CMP0013,205,2024-04-16,0,0,0
11121,CMP0013,2545,2024-04-16,0,0,0
11122,CMP0013,1100,2024-04-16,1,1,0
11123,CMP0013,2596,2024-04-16,1,0,0
11124,CMP0013,1650,2024-04-16,0,0,0
11125,CMP0013,383,2024-04-16,1,0,0
11126,CMP0013,1062,2024-04-16,0,0,0
11127,CMP0013,1835,2024-04-16,0,0,0
11128,CMP0013,1071,2024-04-16,0,0,0
11129,CMP0013,3733,2024-04-16,0,0,0
11130,CMP0013,615,2024-04-16,0,0,0
11131,CMP0013,2894,2024-04-16,1,0,0
11132,CMP0013,2782,2024-04-16,1,1,0
11133,CMP0013,2641,2024-04-16,0,0,0
11134,CMP0013,2260,2024-04-16,0,0,0
11135,CMP0013,1743,2024-04-16,0,0,0
11136,CMP0013,2712,2024-04-16,0,0,0
11137,CMP0013,1840,2024-04-16,1,0,0
11138,CMP0013,3350,2024-04-16,0,0,0
11139,CMP0013,3581,2024-04-16,0,0,0
11140,CMP0013,3650,2024-04-16,1,0,0
11141,CMP0013,3565,2024-04-16,0,0,0
11142,CMP0013,1180,2024-04-16,0,0,0
11143,CMP0013,3066,2024-04-16,1,0,0
11144,CMP0013,1057,2024-04-16,0,0,0
11145,CMP0013,1900,2024-04-16,0,0,0
11146,CMP0013,1273,2024-04-16,0,0,0
11147,CMP0013,3309,2024-04-16,0,0,0
11148,CMP0013,3704,2024-04-16,0,0,0
11149,CMP0013,2466,2024-04-16,0,0,0
11150,CMP0013,1205,2024-04-16,1,0,0
11151,CMP0013,3661,2024-04-16,0,0,0
11152,CMP0013,536,2024-04-16,0,0,0
11153,CMP0013,1221,2024-04-16,1,0,0
11154,CMP0013,1060,2024-04-16,1,0,0
11155,CMP0013,307,2024-04-16,0,0,0
11156,CMP0013,3737,2024-04-16,1,1,0
11157,CMP0013,1789,2024-04-16,0,0,0
11158,CMP0013,2421,2024-04-16,0,0,0
11159,CMP0013,3897,2024-04-16,1,0,0
11160,CMP0013,3493,2024-04-16,0,0,0
11161,CMP0013,1268,2024-04-16,1,1,0
11162,CMP0013,1805,2024-04-16,1,0,0
11163,CMP0013,444,2024-04-16,0,0,0
11164,CMP0013,2463,2024-04-16,0,0,0
11165,CMP0013,2052,2024-04-16,1,1,0
11166,CMP0013,2436,2024-04-16,0,0,0
11167,CMP0013,2541,2024-04-16,0,0,0
11168,CMP0013,1514,2024-04-16,0,0,0
11169,CMP0013,1905,2024-04-16,0,0,0
11170,CMP0013,3794,2024-04-16,1,0,0
11171,CMP0013,2333,2024-04-16,1,1,0
11172,CMP0013,3607,2024-04-16,1,0,0
11173,CMP0013,1927,2024-04-16,0,0,0
11174,CMP0013,2776,2024-04-16,0,0,0
11175,CMP0013,571,2024-04-16,0,0,0
11176,CMP0013,3139,2024-04-16,1,0,0
11177,CMP0013,306,2024-04-16,0,0,0
11178,CMP0013,3190,2024-04-16,1,0,0
11179,CMP0013,1378,2024-04-16,0,0,0
11180,CMP0013,2841,2024-04-16,0,0,0
11181,CMP0013,880,2024-04-16,0,0,0
11182,CMP0013,308,2024-04-16,0,0,0
11183,CMP0013,2909,2024-04-16,1,0,0
11184,CMP0013,3685,2024-04-16,0,0,0
11185,CMP0013,3257,2024-04-16,0,0,0
11186,CMP0013,2133,2024-04-16,0,0,0
11187,CMP0013,657,2024-04-16,0,0,0
11188,CMP0013,3383,2024-04-16,0,0,0
11189,CMP0013,3193,2024-04-16,1,1,0
11190,CMP0013,2954,2024-04-16,1,0,0
11191,CMP0013,316,2024-04-16,1,0,0
11192,CMP0013,3588,2024-04-16,0,0,0
11193,CMP0013,2428,2024-04-16,0,0,0
11194,CMP0013,2656,2024-04-16,0,0,0
11195,CMP0013,2929,2024-04-16,0,0,0
11196,CMP0013,3142,2024-04-16,0,0,0
11197,CMP0013,2280,2024-04-16,0,0,0
11198,CMP0013,3222,2024-04-16,1,1,0
11199,CMP0013,1754,2024-04-16,0,0,0
11200,CMP0013,1243,2024-04-16,0,0,0
11201,CMP0013,2992,2024-04-16,0,0,0
11202,CMP0013,27,2024-04-16,1,0,0
11203,CMP0013,1717,2024-04-16,1,0,0
11204,CMP0013,355,2024-04-16,0,0,0
11205,CMP0013,342,2024-04-16,0,0,0
11206,CMP0013,1741,2024-04-16,0,0,0
11207,CMP0013,1292,2024-04-16,0,0,0
11208,CMP0013,3698,2024-04-16,0,0,0
11209,CMP0013,827,2024-04-16,1,0,0
11210,CMP0013,3739,2024-04-16,1,1,0
11211,CMP0013,979,2024-04-16,0,0,0
11212,CMP0013,1633,2024-04-16,0,0,0
11213,CMP0013,1134,2024-04-16,0,0,0
11214,CMP0013,1806,2024-04-16,1,0,0
11215,CMP0013,2467,2024-04-16,1,1,0
11216,CMP0013,2535,2024-04-16,0,0,0
11217,CMP0013,741,2024-04-16,0,0,0
11218,CMP0013,1977,2024-04-16,0,0,0
11219,CMP0013,3679,2024-04-16,0,0,0
11220,CMP0013,132,2024-04-16,0,0,0
11221,CMP0013,3519,2024-04-16,1,0,0
11222,CMP0013,1224,2024-04-16,0,0,0
11223,CMP0013,1598,2024-04-16,0,0,0
11224,CMP0013,3711,2024-04-16,0,0,0
11225,CMP0013,3437,2024-04-16,0,0,0
11226,CMP0013,3901,2024-04-16,0,0,0
11227,CMP0013,3842,2024-04-16,0,0,0
11228,CMP0013,1108,2024-04-16,0,0,0
11229,CMP0013,1631,2024-04-16,0,0,0
11230,CMP0013,1467,2024-04-16,0,0,0
11231,CMP0013,3061,2024-04-16,0,0,0
11232,CMP0013,1014,2024-04-16,0,0,0
11233,CMP0013,1813,2024-04-16,0,0,0
11234,CMP0013,1259,2024-04-16,1,0,0
11235,CMP0013,3106,2024-04-16,0,0,0
11236,CMP0013,2913,2024-04-16,1,0,0
11237,CMP0013,3899,2024-04-16,1,0,0
11238,CMP0013,2334,2024-04-16,0,0,0
11239,CMP0013,1873,2024-04-16,0,0,0
11240,CMP0013,76,2024-04-16,0,0,0
11241,CMP0013,1021,2024-04-16,1,0,0
11242,CMP0013,1362,2024-04-16,0,0,0
11243,CMP0013,531,2024-04-16,0,0,0
11244,CMP0013,1155,2024-04-16,1,0,0
11245,CMP0013,3234,2024-04-16,0,0,0
11246,CMP0013,1428,2024-04-16,0,0,0
11247,CMP0013,1683,2024-04-16,1,0,0
11248,CMP0013,2546,2024-04-16,0,0,0
11249,CMP0013,2392,2024-04-16,0,0,0
11250,CMP0013,2556,2024-04-16,1,0,0
11251,CMP0013,472,2024-04-16,0,0,0
11252,CMP0013,1624,2024-04-16,1,0,0
11253,CMP0013,1293,2024-04-16,0,0,0
11254,CMP0013,2530,2024-04-16,1,0,0
11255,CMP0013,1918,2024-04-16,0,0,0
11256,CMP0013,3053,2024-04-16,1,0,0
11257,CMP0013,3822,2024-04-16,1,0,0
11258,CMP0013,3741,2024-04-16,0,0,0
11259,CMP0013,3536,2024-04-16,0,0,0
11260,CMP0013,392,2024-04-16,0,0,0
11261,CMP0013,3459,2024-04-16,0,0,0
11262,CMP0013,453,2024-04-16,0,0,0
11263,CMP0013,3418,2024-04-16,0,0,0
11264,CMP0013,1406,2024-04-16,0,0,0
11265,CMP0013,3807,2024-04-16,1,0,0
11266,CMP0013,3610,2024-04-16,0,0,0
11267,CMP0013,2264,2024-04-16,0,0,0
11268,CMP0013,160,2024-04-16,1,0,0
11269,CMP0013,3132,2024-04-16,0,0,0
11270,CMP0013,775,2024-04-16,0,0,0
11271,CMP0013,1565,2024-04-16,0,0,0
11272,CMP0013,209,2024-04-16,0,0,0
11273,CMP0013,135,2024-04-16,0,0,0
11274,CMP0013,3639,2024-04-16,0,0,0
11275,CMP0013,1775,2024-04-16,0,0,0
11276,CMP0013,3065,2024-04-16,1,1,0
11277,CMP0013,360,2024-04-16,1,0,0
11278,CMP0013,1904,2024-04-16,0,0,0
11279,CMP0013,2268,2024-04-16,0,0,0
11280,CMP0013,3586,2024-04-16,0,0,0
11281,CMP0013,947,2024-04-16,0,0,0
11282,CMP0013,3170,2024-04-16,0,0,0
11283,CMP0013,64,2024-04-16,0,0,0
11284,CMP0013,3521,2024-04-16,0,0,0
11285,CMP0013,3270,2024-04-16,0,0,0
11286,CMP0013,2034,2024-04-16,0,0,0
11287,CMP0013,3563,2024-04-16,0,0,0
11288,CMP0013,439,2024-04-16,1,0,0
11289,CMP0013,3033,2024-04-16,0,0,0
11290,CMP0013,3970,2024-04-16,1,1,0
11291,CMP0013,3812,2024-04-16,1,1,0
11292,CMP0013,1506,2024-04-16,0,0,0
11293,CMP0013,2437,2024-04-16,0,0,0
11294,CMP0013,2648,2024-04-16,1,0,0
11295,CMP0013,1903,2024-04-16,1,0,0
11296,CMP0013,3959,2024-04-16,0,0,0
11297,CMP0013,242,2024-04-16,0,0,0
11298,CMP0013,1199,2024-04-16,0,0,0
11299,CMP0013,2357,2024-04-16,1,0,0
11300,CMP0013,1866,2024-04-16,1,0,0
11301,CMP0013,3767,2024-04-16,1,0,0
11302,CMP0013,375,2024-04-16,0,0,0
11303,CMP0013,566,2024-04-16,1,0,0
11304,CMP0013,136,2024-04-16,0,0,0
11305,CMP0013,3481,2024-04-16,0,0,0
11306,CMP0013,3501,2024-04-16,0,0,0
11307,CMP0013,3324,2024-04-16,0,0,0
11308,CMP0013,494,2024-04-16,0,0,0
11309,CMP0013,688,2024-04-16,0,0,0
11310,CMP0013,3117,2024-04-16,0,0,0
11311,CMP0013,1607,2024-04-16,0,0,0
11312,CMP0013,1928,2024-04-16,0,0,0
11313,CMP0013,1666,2024-04-16,1,0,0
11314,CMP0013,1770,2024-04-16,0,0,0
11315,CMP0013,2529,2024-04-16,0,0,0
11316,CMP0013,2088,2024-04-16,0,0,0
11317,CMP0013,3967,2024-04-16,1,0,0
11318,CMP0013,2503,2024-04-16,0,0,0
11319,CMP0013,2854,2024-04-16,0,0,0
11320,CMP0013,1479,2024-04-16,0,0,0
11321,CMP0013,3983,2024-04-16,1,0,0
11322,CMP0013,3943,2024-04-16,0,0,0
11323,CMP0013,1059,2024-04-16,1,0,0
11324,CMP0013,3128,2024-04-16,0,0,0
11325,CMP0013,559,2024-04-16,0,0,0
11326,CMP0013,1639,2024-04-16,0,0,0
11327,CMP0013,1725,2024-04-16,0,0,0
11328,CMP0013,3594,2024-04-16,0,0,0
11329,CMP0013,3942,2024-04-16,1,0,0
11330,CMP0013,299,2024-04-16,0,0,0
11331,CMP0013,3424,2024-04-16,0,0,0
11332,CMP0013,3291,2024-04-16,0,0,0
11333,CMP0013,724,2024-04-16,0,0,0
11334,CMP0013,3026,2024-04-16,1,0,0
11335,CMP0013,2636,2024-04-16,1,1,0
11336,CMP0013,3298,2024-04-16,1,1,0
11337,CMP0013,1296,2024-04-16,0,0,0
11338,CMP0013,2322,2024-04-16,0,0,0
11339,CMP0013,3781,2024-04-16,0,0,0
11340,CMP0013,4018,2024-04-16,0,0,0
11341,CMP0013,2626,2024-04-16,1,0,0
11342,CMP0013,2313,2024-04-16,1,1,0
11343,CMP0013,110,2024-04-16,0,0,0
11344,CMP0013,543,2024-04-16,0,0,0
11345,CMP0013,761,2024-04-16,0,0,0
11346,CMP0013,381,2024-04-16,1,1,0
11347,CMP0013,430,2024-04-16,1,0,0
11348,CMP0013,2727,2024-04-16,1,0,0
11349,CMP0013,509,2024-04-16,0,0,0
11350,CMP0013,1463,2024-04-16,1,0,0
11351,CMP0013,3249,2024-04-16,0,0,0
11352,CMP0013,2019,2024-04-16,0,0,0
11353,CMP0013,2362,2024-04-16,0,0,0
11354,CMP0013,3183,2024-04-16,0,0,0
11355,CMP0013,3404,2024-04-16,0,0,0
11356,CMP0013,3888,2024-04-16,0,0,0
11357,CMP0013,48,2024-04-16,1,1,0
11358,CMP0013,2525,2024-04-16,1,0,0
11359,CMP0013,1855,2024-04-16,1,0,0
11360,CMP0013,1498,2024-04-16,1,0,0
11361,CMP0013,3977,2024-04-16,1,0,0
11362,CMP0013,2550,2024-04-16,1,0,0
11363,CMP0013,1348,2024-04-16,0,0,0
11364,CMP0013,3450,2024-04-16,0,0,0
11365,CMP0013,3567,2024-04-16,1,0,0
11366,CMP0013,3554,2024-04-16,0,0,0
11367,CMP0013,1825,2024-04-16,0,0,0
11368,CMP0013,2866,2024-04-16,1,0,0
11369,CMP0013,2745,2024-04-16,0,0,0
11370,CMP0013,1791,2024-04-16,0,0,0
11371,CMP0013,1318,2024-04-16,0,0,0
11372,CMP0013,1397,2024-04-16,1,0,0
11373,CMP0013,2358,2024-04-16,0,0,0
11374,CMP0013,3191,2024-04-16,0,0,0
11375,CMP0013,2180,2024-04-16,1,0,0
11376,CMP0013,3114,2024-04-16,1,1,0
11377,CMP0013,3756,2024-04-16,0,0,0
11378,CMP0013,2497,2024-04-16,0,0,0
11379,CMP0013,3730,2024-04-16,0,0,0
11380,CMP0013,601,2024-04-16,0,0,0
11381,CMP0013,3062,2024-04-16,0,0,0
11382,CMP0013,99,2024-04-16,0,0,0
11383,CMP0013,3941,2024-04-16,0,0,0
11384,CMP0013,1664,2024-04-16,0,0,0
11385,CMP0013,997,2024-04-16,0,0,0
11386,CMP0013,3220,2024-04-16,0,0,0
11387,CMP0013,1655,2024-04-16,0,0,0
11388,CMP0013,1301,2024-04-16,0,0,0
11389,CMP0013,3046,2024-04-16,0,0,0
11390,CMP0013,1321,2024-04-16,0,0,0
11391,CMP0013,1886,2024-04-16,0,0,0
11392,CMP0013,2409,2024-04-16,1,0,0
11393,CMP0013,3089,2024-04-16,1,0,0
11394,CMP0013,2976,2024-04-16,0,0,0
11395,CMP0013,3339,2024-04-16,0,0,0
11396,CMP0013,401,2024-04-16,0,0,0
11397,CMP0013,607,2024-04-16,0,0,0
11398,CMP0013,605,2024-04-16,1,0,0
11399,CMP0013,3497,2024-04-16,0,0,0
11400,CMP0013,960,2024-04-16,0,0,0
11401,CMP0013,1726,2024-04-16,1,1,0
11402,CMP0013,2238,2024-04-16,0,0,0
11403,CMP0013,1755,2024-04-16,0,0,0
11404,CMP0013,2876,2024-04-16,0,0,0
11405,CMP0013,636,2024-04-16,0,0,0
11406,CMP0013,3984,2024-04-16,1,0,0
11407,CMP0013,3856,2024-04-16,0,0,0
11408,CMP0013,586,2024-04-16,0,0,0
11409,CMP0013,288,2024-04-16,1,1,0
11410,CMP0013,1375,2024-04-16,0,0,0
11411,CMP0013,2331,2024-04-16,0,0,0
11412,CMP0013,3806,2024-04-16,0,0,0
11413,CMP0013,1538,2024-04-16,0,0,0
11414,CMP0013,649,2024-04-16,1,1,0
11415,CMP0013,2498,2024-04-16,0,0,0
11416,CMP0013,2653,2024-04-16,0,0,0
11417,CMP0013,514,2024-04-16,0,0,0
11418,CMP0013,2624,2024-04-16,0,0,0
11419,CMP0013,2058,2024-04-16,1,0,0
11420,CMP0013,504,2024-04-16,0,0,0
11421,CMP0013,1914,2024-04-16,0,0,0
11422,CMP0013,1609,2024-04-16,1,0,0
11423,CMP0013,2066,2024-04-16,0,0,0
11424,CMP0013,329,2024-04-16,0,0,0
11425,CMP0013,634,2024-04-16,0,0,0
11426,CMP0013,1090,2024-04-16,0,0,0
11427,CMP0013,3049,2024-04-16,0,0,0
11428,CMP0013,1795,2024-04-16,0,0,0
11429,CMP0013,3776,2024-04-16,1,0,0
11430,CMP0013,1177,2024-04-16,0,0,0
11431,CMP0090,3311,2024-08-29,1,0,0
11432,CMP0090,1136,2024-08-29,0,0,0
11433,CMP0090,2188,2024-08-29,0,0,0
11434,CMP0090,149,2024-08-29,0,0,0
11435,CMP0090,3233,2024-08-29,0,0,0
11436,CMP0090,3471,2024-08-29,1,0,0
11437,CMP0090,3007,2024-08-29,0,0,0
11438,CMP0090,3832,2024-08-29,0,0,0
11439,CMP0090,3776,2024-08-29,0,0,0
11440,CMP0090,788,2024-08-29,0,0,0
11441,CMP0090,2854,2024-08-29,0,0,0
11442,CMP0090,1290,2024-08-29,0,0,0
11443,CMP0090,3871,2024-08-29,0,0,0
11444,CMP0090,1624,2024-08-29,0,0,0
11445,CMP0090,1295,2024-08-29,1,0,0
11446,CMP0090,3880,2024-08-29,0,0,0
11447,CMP0090,355,2024-08-29,0,1,0
11448,CMP0090,2830,2024-08-29,1,0,0
11449,CMP0090,3216,2024-08-29,1,1,0
11450,CMP0090,3410,2024-08-29,1,0,0
11451,CMP0090,2497,2024-08-29,0,0,0
11452,CMP0090,2200,2024-08-29,0,0,0
11453,CMP0090,3291,2024-08-29,0,0,0
11454,CMP0090,4003,2024-08-29,0,0,0
11455,CMP0090,596,2024-08-29,0,0,0
11456,CMP0090,2590,2024-08-29,1,0,0
11457,CMP0090,582,2024-08-29,0,0,0
11458,CMP0090,3266,2024-08-29,0,0,0
11459,CMP0090,2185,2024-08-29,0,0,0
11460,CMP0090,1238,2024-08-29,0,0,0
11461,CMP0090,1057,2024-08-29,1,0,0
11462,CMP0090,2556,2024-08-29,0,0,0
11463,CMP0090,1828,2024-08-29,0,0,0
11464,CMP0090,2416,2024-08-29,0,0,0
11465,CMP0090,181,2024-08-29,1,1,0
11466,CMP0090,2054,2024-08-29,1,0,0
11467,CMP0090,1594,2024-08-29,0,0,0
11468,CMP0090,1513,2024-08-29,0,0,0
11469,CMP0090,1377,2024-08-29,0,0,0
11470,CMP0090,960,2024-08-29,1,0,0
11471,CMP0090,2535,2024-08-29,0,0,0
11472,CMP0090,71,2024-08-29,0,0,0
11473,CMP0090,3084,2024-08-29,1,0,0
11474,CMP0090,3623,2024-08-29,0,0,0
11475,CMP0090,1021,2024-08-29,0,0,0
11476,CMP0090,3267,2024-08-29,0,0,1
11477,CMP0090,836,2024-08-29,0,0,0
11478,CMP0090,3577,2024-08-29,0,0,0
11479,CMP0090,343,2024-08-29,1,0,0
11480,CMP0090,308,2024-08-29,1,1,0
11481,CMP0090,3733,2024-08-29,0,0,0
11482,CMP0090,1157,2024-08-29,1,0,0
11483,CMP0090,225,2024-08-29,0,0,0
11484,CMP0090,293,2024-08-29,0,0,0
11485,CMP0090,3461,2024-08-29,0,0,0
11486,CMP0090,684,2024-08-29,1,0,0
11487,CMP0090,1894,2024-08-29,0,0,0
11488,CMP0090,2135,2024-08-29,0,0,0
11489,CMP0090,2735,2024-08-29,0,0,0
11490,CMP0090,534,2024-08-29,0,0,0
11491,CMP0090,1037,2024-08-29,0,0,0
11492,CMP0090,862,2024-08-29,0,0,0
11493,CMP0090,3668,2024-08-29,1,0,0
11494,CMP0090,3445,2024-08-29,1,0,0
11495,CMP0090,288,2024-08-29,1,0,0
11496,CMP0090,3095,2024-08-29,0,0,0
11497,CMP0090,1661,2024-08-29,0,0,0
11498,CMP0090,774,2024-08-29,1,0,0
11499,CMP0090,1722,2024-08-29,1,1,0
11500,CMP0090,2269,2024-08-29,0,0,0
11501,CMP0090,116,2024-08-29,0,0,0
11502,CMP0090,2173,2024-08-29,0,0,0
11503,CMP0090,1329,2024-08-29,0,0,0
11504,CMP0090,401,2024-08-29,0,0,0
11505,CMP0090,1250,2024-08-29,1,0,0
11506,CMP0090,633,2024-08-29,0,0,0
11507,CMP0090,3120,2024-08-29,1,0,0
11508,CMP0090,2682,2024-08-29,0,0,0
11509,CMP0090,2037,2024-08-29,0,0,0
11510,CMP0090,24,2024-08-29,0,0,0
11511,CMP0090,770,2024-08-29,1,1,0
11512,CMP0090,2326,2024-08-29,0,0,0
11513,CMP0090,634,2024-08-29,0,0,0
11514,CMP0090,3176,2024-08-29,0,0,0
11515,CMP0090,686,2024-08-29,0,0,0
11516,CMP0090,825,2024-08-29,0,0,0
11517,CMP0090,1631,2024-08-29,1,0,0
11518,CMP0090,3350,2024-08-29,1,0,0
11519,CMP0090,1358,2024-08-29,1,0,0
11520,CMP0090,3085,2024-08-29,0,0,0
11521,CMP0090,1999,2024-08-29,0,0,1
11522,CMP0090,2334,2024-08-29,1,0,0
11523,CMP0090,3913,2024-08-29,0,0,0
11524,CMP0090,682,2024-08-29,0,0,0
11525,CMP0090,1977,2024-08-29,1,0,0
11526,CMP0090,3214,2024-08-29,0,0,0
11527,CMP0090,1064,2024-08-29,1,0,0
11528,CMP0090,1379,2024-08-29,0,0,0
11529,CMP0090,3876,2024-08-29,0,0,0
11530,CMP0090,3146,2024-08-29,0,0,0
11531,CMP0090,2592,2024-08-29,0,0,0
11532,CMP0090,2776,2024-08-29,0,0,0
11533,CMP0090,1695,2024-08-29,1,0,0
11534,CMP0090,2138,2024-08-29,0,0,0
11535,CMP0090,2867,2024-08-29,0,0,0
11536,CMP0090,3842,2024-08-29,0,0,0
11537,CMP0090,1148,2024-08-29,0,0,0
11538,CMP0090,3413,2024-08-29,1,0,0
11539,CMP0090,1852,2024-08-29,0,0,0
11540,CMP0090,404,2024-08-29,0,0,0
11541,CMP0090,3066,2024-08-29,0,0,0
11542,CMP0090,2294,2024-08-29,0,0,0
11543,CMP0090,3477,2024-08-29,0,0,0
11544,CMP0090,1974,2024-08-29,0,0,0
11545,CMP0090,1280,2024-08-29,0,0,0
11546,CMP0090,1129,2024-08-29,1,0,0
11547,CMP0090,748,2024-08-29,1,0,0
11548,CMP0090,3709,2024-08-29,1,0,0
11549,CMP0090,2447,2024-08-29,1,0,0
11550,CMP0090,793,2024-08-29,0,0,0
11551,CMP0090,3409,2024-08-29,0,0,0
11552,CMP0090,3026,2024-08-29,1,0,0
11553,CMP0090,1154,2024-08-29,0,0,0
11554,CMP0090,607,2024-08-29,0,0,0
11555,CMP0090,3181,2024-08-29,1,0,0
11556,CMP0090,2137,2024-08-29,0,0,0
11557,CMP0090,2795,2024-08-29,1,0,0
11558,CMP0090,89,2024-08-29,0,0,0
11559,CMP0090,866,2024-08-29,0,0,0
11560,CMP0090,3139,2024-08-29,0,0,0
11561,CMP0090,431,2024-08-29,1,0,0
11562,CMP0090,3106,2024-08-29,1,0,0
11563,CMP0090,3947,2024-08-29,1,0,0
11564,CMP0090,3372,2024-08-29,0,0,0
11565,CMP0090,2411,2024-08-29,1,0,0
11566,CMP0090,1439,2024-08-29,0,0,0
11567,CMP0090,3102,2024-08-29,1,0,0
11568,CMP0090,1623,2024-08-29,1,1,0
11569,CMP0090,2635,2024-08-29,0,0,0
11570,CMP0090,1058,2024-08-29,0,0,0
11571,CMP0090,867,2024-08-29,0,0,0
11572,CMP0090,1866,2024-08-29,0,0,0
11573,CMP0090,1813,2024-08-29,0,0,0
11574,CMP0090,2734,2024-08-29,0,0,0
11575,CMP0090,1606,2024-08-29,0,0,0
11576,CMP0090,1110,2024-08-29,1,1,0
11577,CMP0090,2406,2024-08-29,0,0,0
11578,CMP0090,2705,2024-08-29,0,0,0
11579,CMP0090,2779,2024-08-29,1,1,0
11580,CMP0090,3937,2024-08-29,0,0,0
11581,CMP0090,2783,2024-08-29,1,0,0
11582,CMP0090,2400,2024-08-29,0,0,0
11583,CMP0090,2940,2024-08-29,0,0,0
11584,CMP0090,3912,2024-08-29,0,0,0
11585,CMP0090,3575,2024-08-29,0,0,0
11586,CMP0090,425,2024-08-29,1,1,0
11587,CMP0090,2239,2024-08-29,0,0,0
11588,CMP0090,2859,2024-08-29,0,0,0
11589,CMP0090,281,2024-08-29,1,0,0
11590,CMP0090,654,2024-08-29,1,0,0
11591,CMP0090,3665,2024-08-29,1,0,0
11592,CMP0090,229,2024-08-29,0,0,0
11593,CMP0090,3801,2024-08-29,1,0,0
11594,CMP0090,3833,2024-08-29,0,0,0
11595,CMP0090,2740,2024-08-29,0,0,0
11596,CMP0090,1363,2024-08-29,1,1,0
11597,CMP0090,1572,2024-08-29,0,0,0
11598,CMP0090,3470,2024-08-29,0,0,0
11599,CMP0090,460,2024-08-29,1,0,0
11600,CMP0090,1891,2024-08-29,0,0,0
11601,CMP0090,2803,2024-08-29,1,0,0
11602,CMP0090,45,2024-08-29,0,0,0
11603,CMP0090,3334,2024-08-29,0,0,0
11604,CMP0090,50,2024-08-29,0,0,0
11605,CMP0090,2221,2024-08-29,1,1,0
11606,CMP0090,3001,2024-08-29,1,0,0
11607,CMP0090,926,2024-08-29,0,0,0
11608,CMP0090,74,2024-08-29,0,0,0
11609,CMP0090,3704,2024-08-29,0,0,0
11610,CMP0090,284,2024-08-29,0,0,0
11611,CMP0090,1212,2024-08-29,1,0,0
11612,CMP0090,2144,2024-08-29,0,0,0
11613,CMP0090,822,2024-08-29,0,0,0
11614,CMP0090,3269,2024-08-29,1,0,0
11615,CMP0090,3728,2024-08-29,0,0,0
11616,CMP0090,1960,2024-08-29,0,0,0
11617,CMP0090,3583,2024-08-29,1,0,0
11618,CMP0090,562,2024-08-29,0,0,0
11619,CMP0090,1215,2024-08-29,0,0,0
11620,CMP0090,2028,2024-08-29,0,0,0
11621,CMP0090,3758,2024-08-29,0,0,0
11622,CMP0090,3138,2024-08-29,0,0,0
11623,CMP0090,849,2024-08-29,0,0,0
11624,CMP0090,2428,2024-08-29,0,0,0
11625,CMP0090,3273,2024-08-29,1,0,0
11626,CMP0090,167,2024-08-29,1,0,0
11627,CMP0090,2617,2024-08-29,0,0,0
11628,CMP0090,162,2024-08-29,0,0,0
11629,CMP0090,2251,2024-08-29,0,0,0
11630,CMP0090,2809,2024-08-29,1,1,0
11631,CMP0090,353,2024-08-29,1,0,0
11632,CMP0090,482,2024-08-29,1,1,0
11633,CMP0090,3573,2024-08-29,1,0,0
11634,CMP0090,1741,2024-08-29,0,0,0
11635,CMP0090,1156,2024-08-29,1,0,0
11636,CMP0090,2602,2024-08-29,0,0,0
11637,CMP0090,2336,2024-08-29,0,0,0
11638,CMP0090,3711,2024-08-29,1,1,0
11639,CMP0090,771,2024-08-29,1,1,0
11640,CMP0090,3087,2024-08-29,0,0,0
11641,CMP0090,378,2024-08-29,0,0,0
11642,CMP0090,3474,2024-08-29,1,1,0
11643,CMP0090,2759,2024-08-29,0,0,0
11644,CMP0090,2176,2024-08-29,0,0,0
11645,CMP0090,3846,2024-08-29,0,0,0
11646,CMP0090,802,2024-08-29,0,0,0
11647,CMP0090,2550,2024-08-29,0,0,0
11648,CMP0090,3853,2024-08-29,1,1,0
11649,CMP0090,375,2024-08-29,0,0,0
11650,CMP0090,2358,2024-08-29,0,0,0
11651,CMP0090,2470,2024-08-29,0,0,0
11652,CMP0090,3133,2024-08-29,1,0,0
11653,CMP0090,490,2024-08-29,1,1,0
11654,CMP0090,2896,2024-08-29,0,0,0
11655,CMP0090,1216,2024-08-29,0,0,0
11656,CMP0090,1796,2024-08-29,0,0,0
11657,CMP0090,1791,2024-08-29,0,0,0
11658,CMP0090,105,2024-08-29,0,0,0
11659,CMP0090,540,2024-08-29,0,0,0
11660,CMP0090,408,2024-08-29,1,0,0
11661,CMP0090,3327,2024-08-29,0,0,0
11662,CMP0090,2724,2024-08-29,0,0,0
11663,CMP0090,3982,2024-08-29,0,0,0
11664,CMP0090,3394,2024-08-29,1,0,0
11665,CMP0090,858,2024-08-29,0,0,0
11666,CMP0090,2905,2024-08-29,0,0,0
11667,CMP0090,3933,2024-08-29,1,0,0
11668,CMP0090,3726,2024-08-29,1,1,0
11669,CMP0090,2499,2024-08-29,0,0,0
11670,CMP0090,2227,2024-08-29,0,0,0
11671,CMP0090,1805,2024-08-29,0,0,0
11672,CMP0090,1640,2024-08-29,0,0,0
11673,CMP0090,772,2024-08-29,1,0,0
11674,CMP0090,1659,2024-08-29,0,0,0
11675,CMP0090,3386,2024-08-29,1,1,0
11676,CMP0090,3206,2024-08-29,1,0,0
11677,CMP0090,161,2024-08-29,0,0,0
11678,CMP0090,3211,2024-08-29,0,0,0
11679,CMP0090,1710,2024-08-29,1,0,0
11680,CMP0090,1678,2024-08-29,1,0,0
11681,CMP0090,3856,2024-08-29,0,0,0
11682,CMP0090,3331,2024-08-29,1,0,0
11683,CMP0090,3089,2024-08-29,1,0,0
11684,CMP0090,2665,2024-08-29,0,0,0
11685,CMP0090,2306,2024-08-29,0,0,0
11686,CMP0090,3317,2024-08-29,0,0,0
11687,CMP0090,1904,2024-08-29,0,0,0
11688,CMP0090,3954,2024-08-29,0,0,0
11689,CMP0090,1561,2024-08-29,1,0,0
11690,CMP0090,1627,2024-08-29,0,0,0
11691,CMP0090,2351,2024-08-29,1,0,0
11692,CMP0090,2680,2024-08-29,0,0,0
11693,CMP0090,3879,2024-08-29,1,0,0
11694,CMP0090,2388,2024-08-29,1,0,0
11695,CMP0090,1537,2024-08-29,0,0,0
11696,CMP0090,3298,2024-08-29,0,0,0
11697,CMP0090,219,2024-08-29,0,0,0
11698,CMP0090,1625,2024-08-29,0,0,0
11699,CMP0090,2712,2024-08-29,1,0,0
11700,CMP0090,2825,2024-08-29,0,0,0
11701,CMP0090,1462,2024-08-29,0,0,0
11702,CMP0090,2589,2024-08-29,0,0,0
11703,CMP0090,1235,2024-08-29,0,0,0
11704,CMP0090,1198,2024-08-29,0,0,0
11705,CMP0090,1488,2024-08-29,0,0,0
11706,CMP0090,3306,2024-08-29,1,1,0
11707,CMP0090,1034,2024-08-29,0,0,0
11708,CMP0090,3717,2024-08-29,0,0,0
11709,CMP0090,1269,2024-08-29,0,0,0
11710,CMP0090,2571,2024-08-29,1,0,0
11711,CMP0090,2244,2024-08-29,1,1,0
11712,CMP0090,2598,2024-08-29,0,0,0
11713,CMP0090,1016,2024-08-29,1,0,0
11714,CMP0090,3309,2024-08-29,0,0,0
11715,CMP0090,3499,2024-08-29,0,0,0
11716,CMP0090,1409,2024-08-29,0,0,0
11717,CMP0090,1344,2024-08-29,1,0,0
11718,CMP0090,2437,2024-08-29,1,0,0
11719,CMP0090,650,2024-08-29,0,0,0
11720,CMP0090,2962,2024-08-29,0,0,0
11721,CMP0090,1480,2024-08-29,1,0,0
11722,CMP0090,2683,2024-08-29,0,0,0
11723,CMP0090,1062,2024-08-29,1,1,0
11724,CMP0090,2293,2024-08-29,0,0,0
11725,CMP0090,2268,2024-08-29,0,0,0
11726,CMP0090,1961,2024-08-29,0,0,0
11727,CMP0090,3877,2024-08-29,1,1,0
11728,CMP0090,417,2024-08-29,0,0,0
11729,CMP0090,543,2024-08-29,1,0,0
11730,CMP0090,2422,2024-08-29,0,0,0
11731,CMP0090,841,2024-08-29,0,0,0
11732,CMP0090,1858,2024-08-29,1,0,0
11733,CMP0090,1949,2024-08-29,0,0,0
11734,CMP0090,1935,2024-08-29,1,0,0
11735,CMP0090,1726,2024-08-29,0,0,0
11736,CMP0090,3476,2024-08-29,0,0,0
11737,CMP0090,1315,2024-08-29,0,0,0
11738,CMP0090,618,2024-08-29,1,0,0
11739,CMP0090,3721,2024-08-29,0,0,0
11740,CMP0090,1650,2024-08-29,0,0,0
11741,CMP0090,1788,2024-08-29,0,0,0
11742,CMP0090,38,2024-08-29,0,0,0
11743,CMP0090,517,2024-08-29,0,0,0
11744,CMP0090,808,2024-08-29,1,0,0
11745,CMP0090,3077,2024-08-29,1,0,0
11746,CMP0090,1609,2024-08-29,0,0,0
11747,CMP0090,3916,2024-08-29,1,1,0
11748,CMP0090,264,2024-08-29,0,0,0
11749,CMP0090,2145,2024-08-29,0,0,0
11750,CMP0090,397,2024-08-29,0,0,0
11751,CMP0090,1261,2024-08-29,0,0,0
11752,CMP0090,3075,2024-08-29,0,0,0
11753,CMP0090,510,2024-08-29,1,1,0
11754,CMP0090,3300,2024-08-29,0,0,0
11755,CMP0090,647,2024-08-29,0,1,0
11756,CMP0090,2308,2024-08-29,0,0,0
11757,CMP0090,2060,2024-08-29,1,0,0
11758,CMP0090,1868,2024-08-29,0,0,0
11759,CMP0090,2215,2024-08-29,1,0,0
11760,CMP0090,1271,2024-08-29,1,0,0
11761,CMP0090,2218,2024-08-29,0,0,0
11762,CMP0090,807,2024-08-29,0,0,0
11763,CMP0090,943,2024-08-29,1,0,0
11764,CMP0090,1992,2024-08-29,0,0,0
11765,CMP0090,361,2024-08-29,0,0,0
11766,CMP0090,1636,2024-08-29,1,0,0
11767,CMP0090,3588,2024-08-29,0,0,0
11768,CMP0090,1022,2024-08-29,0,0,0
11769,CMP0090,307,2024-08-29,1,0,0
11770,CMP0090,466,2024-08-29,0,0,0
11771,CMP0090,1870,2024-08-29,1,0,0
11772,CMP0090,301,2024-08-29,0,0,0
11773,CMP0090,1033,2024-08-29,0,0,0
11774,CMP0090,3960,2024-08-29,0,0,0
11775,CMP0090,3038,2024-08-29,0,0,0
11776,CMP0090,823,2024-08-29,0,0,0
11777,CMP0090,2860,2024-08-29,1,0,0
11778,CMP0090,3220,2024-08-29,0,0,0
11779,CMP0090,259,2024-08-29,1,0,0
11780,CMP0090,115,2024-08-29,0,0,0
11781,CMP0090,2891,2024-08-29,0,0,0
11782,CMP0090,1451,2024-08-29,0,0,0
11783,CMP0090,4011,2024-08-29,0,0,0
11784,CMP0090,1827,2024-08-29,0,0,0
11785,CMP0090,2361,2024-08-29,0,0,0
11786,CMP0090,1851,2024-08-29,0,0,0
11787,CMP0090,2123,2024-08-29,0,0,0
11788,CMP0090,2679,2024-08-29,0,0,0
11789,CMP0090,2084,2024-08-29,0,0,0
11790,CMP0090,3338,2024-08-29,0,0,0
11791,CMP0090,3534,2024-08-29,0,0,0
11792,CMP0090,3322,2024-08-29,0,0,0
11793,CMP0090,1255,2024-08-29,1,0,0
11794,CMP0090,2659,2024-08-29,0,0,0
11795,CMP0090,2071,2024-08-29,0,0,0
11796,CMP0090,2003,2024-08-29,0,0,0
11797,CMP0090,1265,2024-08-29,0,0,0
11798,CMP0090,2739,2024-08-29,0,0,0
11799,CMP0090,22,2024-08-29,0,0,0
11800,CMP0090,2148,2024-08-29,0,0,0
11801,CMP0090,3720,2024-08-29,0,0,0
11802,CMP0090,1091,2024-08-29,0,0,0
11803,CMP0090,2270,2024-08-29,0,0,0
11804,CMP0090,3370,2024-08-29,0,0,0
11805,CMP0090,3760,2024-08-29,1,0,0
11806,CMP0090,1023,2024-08-29,0,0,0
11807,CMP0090,3238,2024-08-29,1,0,0
11808,CMP0090,1024,2024-08-29,1,0,0
11809,CMP0090,2619,2024-08-29,1,0,0
11810,CMP0090,237,2024-08-29,1,0,0
11811,CMP0090,1183,2024-08-29,0,0,0
11812,CMP0090,2287,2024-08-29,0,0,0
11813,CMP0090,246,2024-08-29,1,0,0
11814,CMP0090,3907,2024-08-29,0,0,0
11815,CMP0090,3361,2024-08-29,0,0,0
11816,CMP0090,418,2024-08-29,0,0,0
11817,CMP0090,3459,2024-08-29,0,0,0
11818,CMP0090,335,2024-08-29,0,0,0
11819,CMP0090,3293,2024-08-29,0,0,0
11820,CMP0090,945,2024-08-29,0,0,0
11821,CMP0090,2340,2024-08-29,1,0,0
11822,CMP0090,1002,2024-08-29,1,0,0
11823,CMP0090,2478,2024-08-29,0,0,0
11824,CMP0090,2815,2024-08-29,0,0,0
11825,CMP0090,1897,2024-08-29,0,0,0
11826,CMP0090,192,2024-08-29,0,0,0
11827,CMP0090,2310,2024-08-29,0,0,0
11828,CMP0090,1942,2024-08-29,0,0,0
11829,CMP0115,2215,2026-07-17,0,0,0
11830,CMP0115,221,2026-07-17,0,0,0
11831,CMP0115,3214,2026-07-17,1,0,0
11832,CMP0115,946,2026-07-17,1,0,0
11833,CMP0115,349,2026-07-17,0,0,0
11834,CMP0115,1757,2026-07-17,0,0,0
11835,CMP0115,2102,2026-07-17,1,1,0
11836,CMP0115,2705,2026-07-17,1,0,0
11837,CMP0115,1399,2026-07-17,0,0,0
11838,CMP0115,180,2026-07-17,0,0,0
11839,CMP0115,1655,2026-07-17,0,0,0
11840,CMP0115,2714,2026-07-17,0,0,0
11841,CMP0115,1379,2026-07-17,0,0,0
11842,CMP0115,2238,2026-07-17,0,0,0
11843,CMP0115,3983,2026-07-17,1,0,0
11844,CMP0115,2074,2026-07-17,1,0,0
11845,CMP0115,2795,2026-07-17,1,0,0
11846,CMP0115,3827,2026-07-17,0,0,0
11847,CMP0115,2400,2026-07-17,0,0,0
11848,CMP0115,584,2026-07-17,0,0,0
11849,CMP0115,59,2026-07-17,0,0,0
11850,CMP0115,37,2026-07-17,1,0,0
11851,CMP0115,3782,2026-07-17,1,0,0
11852,CMP0115,361,2026-07-17,1,0,0
11853,CMP0115,509,2026-07-17,0,0,0
11854,CMP0115,2244,2026-07-17,1,0,0
11855,CMP0115,465,2026-07-17,0,0,0
11856,CMP0115,3133,2026-07-17,0,0,0
11857,CMP0115,3065,2026-07-17,0,0,0
11858,CMP0115,607,2026-07-17,0,0,0
11859,CMP0115,1513,2026-07-17,1,1,0
11860,CMP0115,1024,2026-07-17,1,0,0
11861,CMP0115,1530,2026-07-17,0,0,0
11862,CMP0115,2592,2026-07-17,0,0,0
11863,CMP0115,3022,2026-07-17,0,0,0
11864,CMP0115,444,2026-07-17,0,0,0
11865,CMP0115,1840,2026-07-17,0,0,0
11866,CMP0115,3996,2026-07-17,0,0,0
11867,CMP0115,2618,2026-07-17,0,0,0
11868,CMP0115,1532,2026-07-17,0,0,0
11869,CMP0115,3682,2026-07-17,0,0,0
11870,CMP0115,2022,2026-07-17,1,0,0
11871,CMP0115,3518,2026-07-17,0,0,0
11872,CMP0115,3338,2026-07-17,1,1,0
11873,CMP0115,212,2026-07-17,0,0,0
11874,CMP0115,807,2026-07-17,0,0,0
11875,CMP0115,2388,2026-07-17,0,0,0
11876,CMP0115,2180,2026-07-17,0,0,0
11877,CMP0115,3135,2026-07-17,1,1,0
11878,CMP0115,63,2026-07-17,0,0,0
11879,CMP0115,1478,2026-07-17,0,0,0
11880,CMP0115,2786,2026-07-17,0,0,0
11881,CMP0115,2,2026-07-17,0,0,0
11882,CMP0115,3219,2026-07-17,0,0,0
11883,CMP0115,2232,2026-07-17,1,0,0
11884,CMP0115,3981,2026-07-17,1,0,0
11885,CMP0115,2982,2026-07-17,0,0,0
11886,CMP0115,137,2026-07-17,0,0,0
11887,CMP0115,3829,2026-07-17,0,0,0
11888,CMP0115,3466,2026-07-17,0,0,0
11889,CMP0115,1899,2026-07-17,0,0,0
11890,CMP0115,3867,2026-07-17,0,0,0
11891,CMP0115,110,2026-07-17,0,0,0
11892,CMP0115,950,2026-07-17,0,0,0
11893,CMP0115,373,2026-07-17,0,0,0
11894,CMP0115,48,2026-07-17,1,0,0
11895,CMP0115,1123,2026-07-17,0,0,0
11896,CMP0115,1581,2026-07-17,0,0,0
11897,CMP0115,1259,2026-07-17,0,0,0
11898,CMP0115,2237,2026-07-17,1,0,0
11899,CMP0115,3060,2026-07-17,0,0,0
11900,CMP0115,393,2026-07-17,0,0,0
11901,CMP0115,1233,2026-07-17,0,0,0
11902,CMP0115,3693,2026-07-17,0,0,0
11903,CMP0115,2013,2026-07-17,1,0,0
11904,CMP0115,2727,2026-07-17,1,0,0
11905,CMP0115,2576,2026-07-17,0,0,0
11906,CMP0115,2264,2026-07-17,1,0,0
11907,CMP0115,3767,2026-07-17,1,1,0
11908,CMP0115,3046,2026-07-17,1,1,0
11909,CMP0115,2351,2026-07-17,1,0,0
11910,CMP0115,3171,2026-07-17,0,0,0
11911,CMP0115,3573,2026-07-17,0,0,0
11912,CMP0115,281,2026-07-17,0,0,0
11913,CMP0115,2913,2026-07-17,0,0,0
11914,CMP0115,1550,2026-07-17,0,0,0
11915,CMP0115,2529,2026-07-17,1,1,0
11916,CMP0115,2699,2026-07-17,0,0,0
11917,CMP0115,1382,2026-07-17,1,0,0
11918,CMP0115,970,2026-07-17,1,0,0
11919,CMP0115,3216,2026-07-17,0,0,0
11920,CMP0115,1342,2026-07-17,0,0,0
11921,CMP0115,1988,2026-07-17,0,0,0
11922,CMP0115,2578,2026-07-17,1,0,0
11923,CMP0115,615,2026-07-17,0,1,1
11924,CMP0115,2182,2026-07-17,1,0,0
11925,CMP0115,1636,2026-07-17,0,0,0
11926,CMP0115,779,2026-07-17,0,0,0
11927,CMP0115,355,2026-07-17,0,0,0
11928,CMP0115,2227,2026-07-17,1,1,0
11929,CMP0115,1521,2026-07-17,0,0,0
11930,CMP0115,848,2026-07-17,0,0,0
11931,CMP0115,788,2026-07-17,0,0,0
11932,CMP0115,1554,2026-07-17,0,0,0
11933,CMP0115,2189,2026-07-17,1,0,0
11934,CMP0115,1406,2026-07-17,1,0,0
11935,CMP0115,2184,2026-07-17,0,0,0
11936,CMP0115,1494,2026-07-17,0,0,0
11937,CMP0115,1125,2026-07-17,0,0,0
11938,CMP0115,2845,2026-07-17,0,0,0
11939,CMP0115,1451,2026-07-17,0,0,0
11940,CMP0115,3903,2026-07-17,1,0,0
11941,CMP0115,1603,2026-07-17,1,1,0
11942,CMP0115,626,2026-07-17,1,0,0
11943,CMP0115,730,2026-07-17,0,0,0
11944,CMP0115,2405,2026-07-17,0,0,0
11945,CMP0115,2785,2026-07-17,0,0,0
11946,CMP0115,3618,2026-07-17,0,0,0
11947,CMP0115,425,2026-07-17,0,0,0
11948,CMP0115,1708,2026-07-17,0,0,0
11949,CMP0115,1473,2026-07-17,1,1,0
11950,CMP0115,3610,2026-07-17,0,0,0
11951,CMP0115,3152,2026-07-17,1,0,0
11952,CMP0115,352,2026-07-17,1,0,0
11953,CMP0115,3473,2026-07-17,0,0,0
11954,CMP0115,3071,2026-07-17,1,0,0
11955,CMP0115,3227,2026-07-17,1,0,0
11956,CMP0115,2595,2026-07-17,1,1,0
11957,CMP0115,2397,2026-07-17,0,0,0
11958,CMP0115,3189,2026-07-17,0,0,0
11959,CMP0115,123,2026-07-17,0,0,0
11960,CMP0115,3489,2026-07-17,0,0,0
11961,CMP0115,3853,2026-07-17,0,0,0
11962,CMP0115,1149,2026-07-17,1,1,0
11963,CMP0115,654,2026-07-17,1,0,0
11964,CMP0115,920,2026-07-17,1,0,0
11965,CMP0115,3273,2026-07-17,0,0,0
11966,CMP0115,2145,2026-07-17,0,0,0
11967,CMP0115,640,2026-07-17,1,0,0
11968,CMP0115,2976,2026-07-17,1,0,0
11969,CMP0115,482,2026-07-17,0,0,0
11970,CMP0115,3248,2026-07-17,1,1,0
11971,CMP0115,1090,2026-07-17,0,0,0
11972,CMP0115,2506,2026-07-17,0,0,0
11973,CMP0115,973,2026-07-17,1,0,0
11974,CMP0115,2075,2026-07-17,0,0,0
11975,CMP0115,1676,2026-07-17,0,0,0
11976,CMP0115,1265,2026-07-17,0,0,0
11977,CMP0115,1767,2026-07-17,0,0,0
11978,CMP0115,3708,2026-07-17,1,0,0
11979,CMP0115,1949,2026-07-17,1,0,0
11980,CMP0115,1834,2026-07-17,0,0,0
11981,CMP0115,166,2026-07-17,1,0,0
11982,CMP0115,3730,2026-07-17,1,0,0
11983,CMP0115,698,2026-07-17,0,0,0
11984,CMP0115,3510,2026-07-17,0,0,0
11985,CMP0115,2291,2026-07-17,0,0,0
11986,CMP0115,216,2026-07-17,1,0,0
11987,CMP0115,1018,2026-07-17,0,0,0
11988,CMP0115,313,2026-07-17,0,0,0
11989,CMP0115,1456,2026-07-17,0,0,0
11990,CMP0115,2896,2026-07-17,0,0,0
11991,CMP0115,858,2026-07-17,1,0,0
11992,CMP0115,3301,2026-07-17,0,0,0
11993,CMP0115,3183,2026-07-17,0,0,0
11994,CMP0115,2890,2026-07-17,0,0,0
11995,CMP0115,3931,2026-07-17,1,0,0
11996,CMP0115,2424,2026-07-17,0,0,0
11997,CMP0115,2269,2026-07-17,0,0,0
11998,CMP0115,890,2026-07-17,0,0,0
11999,CMP0115,1885,2026-07-17,1,0,0
12000,CMP0115,89,2026-07-17,0,0,0
12001,CMP0115,3801,2026-07-17,1,0,0
12002,CMP0115,2275,2026-07-17,0,1,0
12003,CMP0115,494,2026-07-17,0,0,0
12004,CMP0115,1201,2026-07-17,1,0,0
12005,CMP0115,1813,2026-07-17,0,0,0
12006,CMP0115,490,2026-07-17,0,0,0
12007,CMP0115,2333,2026-07-17,0,0,0
12008,CMP0115,1910,2026-07-17,0,0,0
12009,CMP0115,3809,2026-07-17,0,0,0
12010,CMP0115,1488,2026-07-17,1,0,0
12011,CMP0115,1169,2026-07-17,1,0,0
12012,CMP0115,1266,2026-07-17,0,0,0
12013,CMP0115,2646,2026-07-17,0,0,0
12014,CMP0115,2710,2026-07-17,1,0,0
12015,CMP0115,1099,2026-07-17,0,0,0
12016,CMP0115,3834,2026-07-17,0,0,0
12017,CMP0115,3750,2026-07-17,1,0,0
12018,CMP0115,280,2026-07-17,0,0,0
12019,CMP0115,3215,2026-07-17,1,0,0
12020,CMP0115,805,2026-07-17,0,0,0
12021,CMP0115,1816,2026-07-17,0,0,0
12022,CMP0115,1401,2026-07-17,0,0,0
12023,CMP0115,1565,2026-07-17,1,0,0
12024,CMP0115,2930,2026-07-17,0,0,0
12025,CMP0115,3176,2026-07-17,0,0,0
12026,CMP0115,1558,2026-07-17,1,0,0
12027,CMP0115,1016,2026-07-17,0,0,0
12028,CMP0115,3842,2026-07-17,1,0,0
12029,CMP0115,3119,2026-07-17,0,0,0
12030,CMP0115,56,2026-07-17,0,0,0
12031,CMP0115,1193,2026-07-17,0,0,0
12032,CMP0115,2589,2026-07-17,0,0,0
12033,CMP0115,599,2026-07-17,0,0,0
12034,CMP0115,2908,2026-07-17,1,1,0
12035,CMP0115,1433,2026-07-17,1,0,0
12036,CMP0115,152,2026-07-17,1,1,0
12037,CMP0115,3795,2026-07-17,0,0,0
12038,CMP0115,2743,2026-07-17,1,0,0
12039,CMP0115,3229,2026-07-17,0,0,0
12040,CMP0115,3180,2026-07-17,0,0,0
12041,CMP0115,3504,2026-07-17,0,0,0
12042,CMP0115,378,2026-07-17,0,0,0
12043,CMP0115,3804,2026-07-17,0,0,0
12044,CMP0115,140,2026-07-17,0,0,0
12045,CMP0115,2584,2026-07-17,0,0,0
12046,CMP0115,2219,2026-07-17,0,0,0
12047,CMP0115,3776,2026-07-17,0,0,0
12048,CMP0115,3704,2026-07-17,0,0,0
12049,CMP0115,1019,2026-07-17,0,0,0
12050,CMP0115,1091,2026-07-17,0,0,0
12051,CMP0115,3267,2026-07-17,0,0,0
12052,CMP0115,3737,2026-07-17,0,0,0
12053,CMP0115,343,2026-07-17,0,0,0
12054,CMP0115,1523,2026-07-17,1,0,0
12055,CMP0115,1159,2026-07-17,0,0,0
12056,CMP0115,3823,2026-07-17,0,0,0
12057,CMP0115,3710,2026-07-17,0,0,0
12058,CMP0115,1640,2026-07-17,0,0,0
12059,CMP0115,3888,2026-07-17,0,0,0
12060,CMP0115,1439,2026-07-17,1,1,0
12061,CMP0115,1875,2026-07-17,1,0,0
12062,CMP0115,2972,2026-07-17,0,0,0
12063,CMP0115,515,2026-07-17,0,0,0
12064,CMP0115,2326,2026-07-17,1,1,0
12065,CMP0115,1681,2026-07-17,0,0,0
12066,CMP0115,369,2026-07-17,0,0,0
12067,CMP0115,2466,2026-07-17,0,0,0
12068,CMP0115,105,2026-07-17,0,0,0
12069,CMP0115,1057,2026-07-17,0,0,0
12070,CMP0115,3238,2026-07-17,1,0,0
12071,CMP0115,302,2026-07-17,1,0,0
12072,CMP0115,576,2026-07-17,0,0,0
12073,CMP0115,1329,2026-07-17,1,0,0
12074,CMP0115,3127,2026-07-17,0,0,0
12075,CMP0115,3546,2026-07-17,0,0,0
12076,CMP0115,1579,2026-07-17,0,0,0
12077,CMP0115,3813,2026-07-17,0,0,0
12078,CMP0115,789,2026-07-17,0,0,0
12079,CMP0115,1030,2026-07-17,1,0,0
12080,CMP0115,656,2026-07-17,1,1,0
12081,CMP0115,3181,2026-07-17,1,0,0
12082,CMP0115,2933,2026-07-17,0,0,0
12083,CMP0115,1970,2026-07-17,1,0,0
12084,CMP0115,770,2026-07-17,1,0,0
12085,CMP0115,3856,2026-07-17,1,1,0
12086,CMP0115,2948,2026-07-17,1,0,0
12087,CMP0115,329,2026-07-17,0,0,0
12088,CMP0115,453,2026-07-17,0,0,0
12089,CMP0115,2724,2026-07-17,1,0,0
12090,CMP0115,1819,2026-07-17,0,0,0
12091,CMP0115,2780,2026-07-17,1,0,0
12092,CMP0115,129,2026-07-17,0,0,0
12093,CMP0115,3437,2026-07-17,1,1,0
12094,CMP0115,3370,2026-07-17,0,0,0
12095,CMP0115,1084,2026-07-17,0,0,0
12096,CMP0115,3612,2026-07-17,1,0,0
12097,CMP0115,2711,2026-07-17,0,0,0
12098,CMP0115,3879,2026-07-17,1,0,0
12099,CMP0115,3394,2026-07-17,0,0,0
12100,CMP0115,3877,2026-07-17,0,0,0
12101,CMP0115,1420,2026-07-17,0,0,0
12102,CMP0115,473,2026-07-17,0,0,0
12103,CMP0115,2398,2026-07-17,0,0,0
12104,CMP0115,2607,2026-07-17,0,0,0
12105,CMP0115,3297,2026-07-17,0,0,0
12106,CMP0115,1143,2026-07-17,0,0,0
12107,CMP0115,2334,2026-07-17,1,0,0
12108,CMP0115,2429,2026-07-17,1,0,0
12109,CMP0115,3096,2026-07-17,0,0,0
12110,CMP0115,2668,2026-07-17,0,0,0
12111,CMP0115,160,2026-07-17,0,0,0
12112,CMP0115,582,2026-07-17,1,0,0
12113,CMP0115,3367,2026-07-17,0,0,0
12114,CMP0115,923,2026-07-17,1,0,0
12115,CMP0115,2850,2026-07-17,0,0,0
12116,CMP0115,136,2026-07-17,0,0,0
12117,CMP0115,1754,2026-07-17,0,0,0
12118,CMP0115,2188,2026-07-17,0,0,0
12119,CMP0115,270,2026-07-17,1,0,0
12120,CMP0115,2916,2026-07-17,1,1,0
12121,CMP0115,1953,2026-07-17,0,0,0
12122,CMP0115,1021,2026-07-17,1,0,0
12123,CMP0115,1884,2026-07-17,1,1,0
12124,CMP0115,2673,2026-07-17,0,0,0
12125,CMP0115,1624,2026-07-17,0,0,0
12126,CMP0115,243,2026-07-17,0,0,0
12127,CMP0115,3326,2026-07-17,0,0,0
12128,CMP0115,1683,2026-07-17,0,0,0
12129,CMP0115,543,2026-07-17,0,0,0
12130,CMP0115,2860,2026-07-17,1,1,0
12131,CMP0115,3668,2026-07-17,0,0,0
12132,CMP0115,1048,2026-07-17,0,0,0
12133,CMP0115,2629,2026-07-17,1,1,0
12134,CMP0115,3494,2026-07-17,0,0,0
12135,CMP0115,308,2026-07-17,0,0,0
12136,CMP0115,1971,2026-07-17,1,0,0
12137,CMP0115,1609,2026-07-17,1,0,0
12138,CMP0115,1502,2026-07-17,0,0,0
12139,CMP0115,736,2026-07-17,0,0,0
12140,CMP0115,1086,2026-07-17,0,0,0
12141,CMP0115,4018,2026-07-17,1,0,0
12142,CMP0115,883,2026-07-17,0,0,0
12143,CMP0115,1770,2026-07-17,1,0,0
12144,CMP0115,3527,2026-07-17,1,0,0
12145,CMP0115,2416,2026-07-17,0,0,0
12146,CMP0115,914,2026-07-17,1,0,0
12147,CMP0115,2582,2026-07-17,0,0,0
12148,CMP0115,1659,2026-07-17,1,0,0
12149,CMP0115,859,2026-07-17,0,0,0
12150,CMP0115,3554,2026-07-17,0,0,0
12151,CMP0115,1387,2026-07-17,0,0,0
12152,CMP0115,3110,2026-07-17,0,0,0
12153,CMP0115,633,2026-07-17,1,0,0
12154,CMP0115,2836,2026-07-17,1,0,0
12155,CMP0115,1591,2026-07-17,0,0,0
12156,CMP0115,996,2026-07-17,0,0,0
12157,CMP0115,2146,2026-07-17,0,0,0
12158,CMP0115,2210,2026-07-17,0,0,0
12159,CMP0115,1564,2026-07-17,0,0,0
12160,CMP0115,3232,2026-07-17,0,0,0
12161,CMP0115,1064,2026-07-17,1,0,0
12162,CMP0115,60,2026-07-17,1,0,0
12163,CMP0115,1809,2026-07-17,1,1,0
12164,CMP0115,3257,2026-07-17,0,0,0
12165,CMP0115,3676,2026-07-17,0,0,0
12166,CMP0115,1134,2026-07-17,0,0,0
12167,CMP0115,192,2026-07-17,0,0,0
12168,CMP0115,1619,2026-07-17,0,0,0
12169,CMP0115,2949,2026-07-17,1,0,0
12170,CMP0115,10,2026-07-17,1,0,0
12171,CMP0115,3512,2026-07-17,1,0,0
12172,CMP0115,284,2026-07-17,1,0,0
12173,CMP0115,2759,2026-07-17,0,0,0
12174,CMP0115,793,2026-07-17,0,0,0
12175,CMP0115,2406,2026-07-17,0,0,0
12176,CMP0115,2260,2026-07-17,0,0,0
12177,CMP0115,3162,2026-07-17,0,0,0
12178,CMP0115,573,2026-07-17,0,0,0
12179,CMP0115,962,2026-07-17,0,0,0
12180,CMP0115,1631,2026-07-17,1,0,0
12181,CMP0115,3570,2026-07-17,0,0,0
12182,CMP0115,3898,2026-07-17,0,0,0
12183,CMP0115,2974,2026-07-17,0,0,0
12184,CMP0115,333,2026-07-17,1,0,0
12185,CMP0115,1238,2026-07-17,1,0,0
12186,CMP0115,1158,2026-07-17,1,0,0
12187,CMP0115,1434,2026-07-17,0,0,0
12188,CMP0115,2515,2026-07-17,0,0,0
12189,CMP0115,3861,2026-07-17,0,0,0
12190,CMP0115,2911,2026-07-17,1,0,0
12191,CMP0115,1870,2026-07-17,1,0,0
12192,CMP0115,101,2026-07-17,0,0,0
12193,CMP0115,3761,2026-07-17,1,0,0
12194,CMP0115,997,2026-07-17,1,0,0
12195,CMP0115,2109,2026-07-17,0,0,0
12196,CMP0115,785,2026-07-17,0,0,1
12197,CMP0115,1859,2026-07-17,1,0,0
12198,CMP0115,798,2026-07-17,1,0,0
12199,CMP0115,2303,2026-07-17,0,0,0
12200,CMP0115,3540,2026-07-17,1,0,0
12201,CMP0115,2833,2026-07-17,0,0,0
12202,CMP0115,1180,2026-07-17,0,0,0
12203,CMP0115,205,2026-07-17,0,0,0
12204,CMP0115,3787,2026-07-17,0,0,0
12205,CMP0115,1321,2026-07-17,0,0,0
12206,CMP0115,2798,2026-07-17,0,0,0
12207,CMP0115,2883,2026-07-17,0,0,0
12208,CMP0115,2243,2026-07-17,0,0,0
12209,CMP0115,3241,2026-07-17,1,0,0
12210,CMP0115,2122,2026-07-17,1,1,0
12211,CMP0115,499,2026-07-17,0,0,0
12212,CMP0115,3665,2026-07-17,0,0,0
12213,CMP0115,771,2026-07-17,0,0,0
12214,CMP0115,722,2026-07-17,0,0,0
12215,CMP0115,2587,2026-07-17,0,0,0
12216,CMP0115,3121,2026-07-17,1,0,0
12217,CMP0115,531,2026-07-17,0,0,0
12218,CMP0115,820,2026-07-17,1,0,0
12219,CMP0115,466,2026-07-17,0,0,0
12220,CMP0115,2980,2026-07-17,0,0,0
12221,CMP0115,1557,2026-07-17,1,0,0
12222,CMP0115,966,2026-07-17,0,0,0
12223,CMP0115,2534,2026-07-17,0,0,0
12224,CMP0115,2537,2026-07-17,1,0,0
12225,CMP0115,381,2026-07-17,0,0,0
12226,CMP0115,271,2026-07-17,0,0,0
12227,CMP0115,2739,2026-07-17,0,0,0
12228,CMP0115,2738,2026-07-17,0,0,0
12229,CMP0115,516,2026-07-17,0,0,0
12230,CMP0115,3174,2026-07-17,1,0,0
12231,CMP0115,3450,2026-07-17,0,0,0
12232,CMP0115,2957,2026-07-17,0,0,0
12233,CMP0115,2235,2026-07-17,1,1,0
12234,CMP0115,1327,2026-07-17,0,0,0
12235,CMP0115,3433,2026-07-17,1,0,0
12236,CMP0115,1538,2026-07-17,1,0,0
12237,CMP0115,2809,2026-07-17,0,0,0
12238,CMP0115,1868,2026-07-17,0,0,0
12239,CMP0115,2443,2026-07-17,1,0,0
12240,CMP0115,3977,2026-07-17,1,0,0
12241,CMP0115,691,2026-07-17,1,0,0
12242,CMP0115,1215,2026-07-17,0,0,0
12243,CMP0115,3424,2026-07-17,0,0,0
12244,CMP0115,3845,2026-07-17,1,0,0
12245,CMP0115,2454,2026-07-17,0,1,0
12246,CMP0115,1224,2026-07-17,1,0,0
12247,CMP0115,3101,2026-07-17,0,0,0
12248,CMP0115,2619,2026-07-17,1,1,0
12249,CMP0115,3322,2026-07-17,0,0,0
12250,CMP0115,2652,2026-07-17,1,1,0
12251,CMP0115,2431,2026-07-17,0,0,0
12252,CMP0115,3948,2026-07-17,0,0,0
12253,CMP0115,884,2026-07-17,1,1,0
12254,CMP0115,469,2026-07-17,0,0,0
12255,CMP0115,3068,2026-07-17,0,0,0
12256,CMP0115,1880,2026-07-17,0,0,0
12257,CMP0115,190,2026-07-17,0,0,0
12258,CMP0115,672,2026-07-17,0,0,0
12259,CMP0115,3623,2026-07-17,0,0,0
12260,CMP0115,716,2026-07-17,0,0,0
12261,CMP0115,74,2026-07-17,0,0,0
12262,CMP0115,2508,2026-07-17,0,0,0
12263,CMP0115,135,2026-07-17,0,0,0
12264,CMP0115,2494,2026-07-17,1,1,0
12265,CMP0115,2158,2026-07-17,0,0,0
12266,CMP0115,2436,2026-07-17,0,0,0
12267,CMP0115,34,2026-07-17,1,1,0
12268,CMP0115,3201,2026-07-17,0,0,0
12269,CMP0115,3348,2026-07-17,0,0,0
12270,CMP0115,1678,2026-07-17,0,0,0
12271,CMP0115,2496,2026-07-17,0,0,0
12272,CMP0115,2354,2026-07-17,1,0,0
12273,CMP0115,2382,2026-07-17,0,0,0
12274,CMP0115,3984,2026-07-17,1,0,0
12275,CMP0115,559,2026-07-17,1,0,0
12276,CMP0115,2658,2026-07-17,0,0,0
12277,CMP0115,2381,2026-07-17,1,0,0
12278,CMP0115,3042,2026-07-17,0,0,0
12279,CMP0115,2997,2026-07-17,1,0,0
12280,CMP0115,3184,2026-07-17,1,0,0
12281,CMP0115,3561,2026-07-17,0,0,1
12282,CMP0115,3754,2026-07-17,1,0,0
12283,CMP0115,3024,2026-07-17,0,0,0
12284,CMP0115,223,2026-07-17,1,0,0
12285,CMP0115,1140,2026-07-17,0,0,0
12286,CMP0115,2345,2026-07-17,0,0,0
12287,CMP0115,3154,2026-07-17,0,0,0
12288,CMP0115,3727,2026-07-17,1,1,0
12289,CMP0115,998,2026-07-17,1,0,0
12290,CMP0115,3778,2026-07-17,0,0,0
12291,CMP0115,860,2026-07-17,1,0,0
12292,CMP0115,2294,2026-07-17,1,0,0
12293,CMP0115,2221,2026-07-17,0,0,0
12294,CMP0115,2362,2026-07-17,1,0,0
12295,CMP0115,683,2026-07-17,0,0,0
12296,CMP0115,2195,2026-07-17,0,0,0
12297,CMP0115,2439,2026-07-17,1,0,0
12298,CMP0115,2968,2026-07-17,1,1,0
12299,CMP0115,3085,2026-07-17,1,0,0
12300,CMP0115,550,2026-07-17,1,0,0
12301,CMP0115,2741,2026-07-17,0,0,0
12302,CMP0115,298,2026-07-17,1,0,0
12303,CMP0115,186,2026-07-17,1,0,0
12304,CMP0115,1855,2026-07-17,1,0,0
12305,CMP0115,1243,2026-07-17,0,0,0
12306,CMP0115,102,2026-07-17,1,0,0
12307,CMP0115,2037,2026-07-17,0,0,0
12308,CMP0115,1059,2026-07-17,1,1,0
12309,CMP0115,2663,2026-07-17,1,0,0
12310,CMP0115,2374,2026-07-17,1,0,0
12311,CMP0115,171,2026-07-17,1,0,0
12312,CMP0115,3458,2026-07-17,1,0,0
12313,CMP0115,537,2026-07-17,1,1,0
12314,CMP0115,3339,2026-07-17,0,0,0
12315,CMP0115,1933,2026-07-17,0,0,0
12316,CMP0115,1745,2026-07-17,1,0,0
12317,CMP0115,927,2026-07-17,0,0,0
12318,CMP0115,3547,2026-07-17,0,0,0
12319,CMP0115,1106,2026-07-17,1,0,0
12320,CMP0115,2867,2026-07-17,0,0,0
12321,CMP0115,3530,2026-07-17,1,1,0
12322,CMP0115,1036,2026-07-17,0,0,0
12323,CMP0115,2861,2026-07-17,0,0,0
12324,CMP0115,3223,2026-07-17,1,0,0
12325,CMP0115,411,2026-07-17,0,0,0
12326,CMP0115,808,2026-07-17,1,0,0
12327,CMP0115,1788,2026-07-17,0,0,0
12328,CMP0115,1597,2026-07-17,0,0,0
12329,CMP0115,676,2026-07-17,1,0,0
12330,CMP0115,2875,2026-07-17,0,0,0
12331,CMP0115,1253,2026-07-17,0,0,0
12332,CMP0115,2815,2026-07-17,1,0,0
12333,CMP0115,2651,2026-07-17,0,0,0
12334,CMP0115,1872,2026-07-17,1,0,0
12335,CMP0115,827,2026-07-17,0,0,0
12336,CMP0115,624,2026-07-17,1,0,0
12337,CMP0115,1067,2026-07-17,0,0,0
12338,CMP0115,1299,2026-07-17,1,0,0
12339,CMP0115,1405,2026-07-17,0,0,0
12340,CMP0115,196,2026-07-17,0,0,0
12341,CMP0115,246,2026-07-17,0,0,0
12342,CMP0115,696,2026-07-17,1,0,0
12343,CMP0115,1735,2026-07-17,0,0,0
12344,CMP0115,2880,2026-07-17,1,0,0
12345,CMP0115,2849,2026-07-17,0,0,0
12346,CMP0115,40,2026-07-17,1,0,0
12347,CMP0115,1596,2026-07-17,0,0,0
12348,CMP0115,3167,2026-07-17,0,0,0
12349,CMP0115,3805,2026-07-17,0,0,0
12350,CMP0115,2768,2026-07-17,0,0,0
12351,CMP0115,2478,2026-07-17,0,0,0
12352,CMP0115,2524,2026-07-17,0,0,0
12353,CMP0115,318,2026-07-17,1,0,0
12354,CMP0115,45,2026-07-17,0,0,0
12355,CMP0115,3103,2026-07-17,0,0,0
12356,CMP0115,1946,2026-07-17,0,0,0
12357,CMP0115,1142,2026-07-17,0,0,0
12358,CMP0115,1230,2026-07-17,0,0,0
12359,CMP0115,3155,2026-07-17,0,0,0
12360,CMP0115,2185,2026-07-17,1,0,0
12361,CMP0115,2855,2026-07-17,0,0,0
12362,CMP0115,3418,2026-07-17,1,0,0
12363,CMP0115,219,2026-07-17,1,0,0
12364,CMP0115,2671,2026-07-17,0,0,0
12365,CMP0115,523,2026-07-17,0,0,0
12366,CMP0115,2130,2026-07-17,0,0,0
12367,CMP0115,909,2026-07-17,0,0,0
12368,CMP0115,3195,2026-07-17,0,0,0
12369,CMP0115,1715,2026-07-17,0,0,0
12370,CMP0115,2047,2026-07-17,1,1,0
12371,CMP0115,908,2026-07-17,0,0,0
12372,CMP0115,1748,2026-07-17,0,0,0
12373,CMP0115,2594,2026-07-17,0,0,0
12374,CMP0115,408,2026-07-17,0,0,0
12375,CMP0115,2071,2026-07-17,0,0,0
12376,CMP0115,288,2026-07-17,0,0,0
12377,CMP0115,3901,2026-07-17,0,0,0
12378,CMP0115,2131,2026-07-17,0,0,0
12379,CMP0115,2295,2026-07-17,1,0,0
12380,CMP0115,3924,2026-07-17,0,0,0
12381,CMP0115,3650,2026-07-17,0,0,0
12382,CMP0115,2557,2026-07-17,0,0,1
12383,CMP0115,1319,2026-07-17,0,0,0
12384,CMP0115,2951,2026-07-17,1,0,0
12385,CMP0115,1977,2026-07-17,0,0,0
12386,CMP0115,748,2026-07-17,0,0,0
12387,CMP0115,1296,2026-07-17,1,0,0
12388,CMP0115,2546,2026-07-17,0,0,0
12389,CMP0115,3185,2026-07-17,1,0,0
12390,CMP0115,1725,2026-07-17,0,0,0
12391,CMP0115,1925,2026-07-17,0,0,0
12392,CMP0115,572,2026-07-17,0,0,0
12393,CMP0115,2455,2026-07-17,1,1,0
12394,CMP0115,2530,2026-07-17,0,0,0
12395,CMP0115,1480,2026-07-17,0,0,0
12396,CMP0115,1585,2026-07-17,0,0,0
12397,CMP0115,1937,2026-07-17,0,0,0
12398,CMP0115,127,2026-07-17,0,0,0
12399,CMP0115,2050,2026-07-17,0,0,0
12400,CMP0115,3558,2026-07-17,0,0,0
12401,CMP0115,2301,2026-07-17,1,0,0
12402,CMP0115,2273,2026-07-17,1,0,0
12403,CMP0115,3290,2026-07-17,0,0,0
12404,CMP0115,2832,2026-07-17,1,0,0
12405,CMP0115,568,2026-07-17,0,0,0
12406,CMP0115,3781,2026-07-17,1,0,0
12407,CMP0115,1759,2026-07-17,0,0,0
12408,CMP0115,2525,2026-07-17,0,0,0
12409,CMP0115,2065,2026-07-17,1,0,0
12410,CMP0115,392,2026-07-17,1,0,0
12411,CMP0115,224,2026-07-17,0,0,0
12412,CMP0115,3001,2026-07-17,0,0,0
12413,CMP0115,1459,2026-07-17,1,1,0
12414,CMP0115,1726,2026-07-17,0,0,0
12415,CMP0115,3438,2026-07-17,1,0,0
12416,CMP0115,1623,2026-07-17,0,0,0
12417,CMP0115,1841,2026-07-17,0,0,0
12418,CMP0115,2583,2026-07-17,0,0,0
12419,CMP0115,836,2026-07-17,1,0,0
12420,CMP0115,535,2026-07-17,1,0,0
12421,CMP0115,652,2026-07-17,0,0,0
12422,CMP0115,146,2026-07-17,0,0,0
12423,CMP0115,3596,2026-07-17,1,0,0
12424,CMP0115,1273,2026-07-17,0,0,0
12425,CMP0115,3982,2026-07-17,0,0,0
12426,CMP0115,681,2026-07-17,1,0,0
12427,CMP0115,1721,2026-07-17,0,0,0
12428,CMP0115,1269,2026-07-17,1,1,0
12429,CMP0115,2228,2026-07-17,0,0,0
12430,CMP0115,3769,2026-07-17,0,0,0
12431,CMP0115,1428,2026-07-17,0,0,0
12432,CMP0115,350,2026-07-17,1,0,0
12433,CMP0115,776,2026-07-17,0,0,0
12434,CMP0115,1049,2026-07-17,0,0,0
12435,CMP0115,2411,2026-07-17,0,0,0
12436,CMP0115,3855,2026-07-17,0,0,0
12437,CMP0115,1793,2026-07-17,1,0,0
12438,CMP0115,314,2026-07-17,0,0,0
12439,CMP0115,3282,2026-07-17,0,0,0
12440,CMP0115,955,2026-07-17,0,0,0
12441,CMP0115,1568,2026-07-17,0,0,0
12442,CMP0115,2685,2026-07-17,0,0,0
12443,CMP0115,1577,2026-07-17,1,0,0
12444,CMP0115,3943,2026-07-17,0,0,0
12445,CMP0115,3912,2026-07-17,1,0,0
12446,CMP0115,2504,2026-07-17,1,0,0
12447,CMP0115,2338,2026-07-17,0,0,0
12448,CMP0115,3087,2026-07-17,0,0,0
12449,CMP0115,3327,2026-07-17,1,1,0
12450,CMP0115,3399,2026-07-17,0,0,0
12451,CMP0115,2393,2026-07-17,1,0,0
12452,CMP0115,1928,2026-07-17,0,0,0
12453,CMP0115,602,2026-07-17,1,1,0
12454,CMP0115,3583,2026-07-17,1,0,0
12455,CMP0115,1386,2026-07-17,0,0,0
12456,CMP0115,75,2026-07-17,0,0,0
12457,CMP0115,2597,2026-07-17,1,1,0
12458,CMP0115,1742,2026-07-17,0,0,0
12459,CMP0115,1702,2026-07-17,0,0,0
12460,CMP0115,3973,2026-07-17,0,0,0
12461,CMP0115,1318,2026-07-17,1,0,0
12462,CMP0115,2992,2026-07-17,0,0,0
12463,CMP0115,505,2026-07-17,0,0,0
12464,CMP0115,2679,2026-07-17,0,0,0
12465,CMP0115,865,2026-07-17,0,0,0
12466,CMP0115,2687,2026-07-17,0,0,0
12467,CMP0115,3230,2026-07-17,0,0,0
12468,CMP0115,2498,2026-07-17,0,0,0
12469,CMP0115,301,2026-07-17,1,0,0
12470,CMP0115,3311,2026-07-17,1,1,0
12471,CMP0115,707,2026-07-17,0,0,0
12472,CMP0115,2126,2026-07-17,1,0,0
12473,CMP0115,775,2026-07-17,0,0,0
12474,CMP0115,2561,2026-07-17,0,0,0
12475,CMP0115,828,2026-07-17,0,0,0
12476,CMP0115,985,2026-07-17,1,0,0
12477,CMP0115,498,2026-07-17,0,0,0
12478,CMP0115,2854,2026-07-17,0,0,0
12479,CMP0115,1161,2026-07-17,0,0,0
12480,CMP0115,3766,2026-07-17,1,0,0
12481,CMP0115,3837,2026-07-17,0,0,0
12482,CMP0115,3905,2026-07-17,1,0,0
12483,CMP0115,922,2026-07-17,1,0,0
12484,CMP0115,62,2026-07-17,1,0,0
12485,CMP0115,307,2026-07-17,0,0,0
12486,CMP0115,3120,2026-07-17,1,0,0
12487,CMP0115,3033,2026-07-17,0,0,0
12488,CMP0115,3480,2026-07-17,0,0,0
12489,CMP0115,3457,2026-07-17,0,0,0
12490,CMP0115,1474,2026-07-17,0,0,0
12491,CMP0115,1353,2026-07-17,0,0,0
12492,CMP0115,3020,2026-07-17,0,0,0
12493,CMP0115,3128,2026-07-17,0,0,0
12494,CMP0115,3222,2026-07-17,0,0,0
12495,CMP0115,3648,2026-07-17,0,0,0
12496,CMP0115,1435,2026-07-17,0,0,0
12497,CMP0115,3177,2026-07-17,0,0,0
12498,CMP0115,188,2026-07-17,1,0,0
12499,CMP0115,3932,2026-07-17,1,0,0
12500,CMP0115,125,2026-07-17,1,0,0
12501,CMP0115,749,2026-07-17,0,0,0
12502,CMP0115,2735,2026-07-17,0,0,0
12503,CMP0115,1561,2026-07-17,0,0,0
12504,CMP0115,162,2026-07-17,0,0,0
12505,CMP0115,3331,2026-07-17,0,0,0
12506,CMP0115,3425,2026-07-17,0,0,0
12507,CMP0115,826,2026-07-17,1,1,0
12508,CMP0115,3738,2026-07-17,0,0,0
12509,CMP0115,2401,2026-07-17,0,0,0
12510,CMP0115,900,2026-07-17,0,0,0
12511,CMP0115,1992,2026-07-17,1,0,0
12512,CMP0115,2242,2026-07-17,1,0,0
12513,CMP0115,758,2026-07-17,0,0,0
12514,CMP0115,3324,2026-07-17,0,0,0
12515,CMP0115,2305,2026-07-17,0,0,0
12516,CMP0115,2626,2026-07-17,0,0,0
12517,CMP0115,2293,2026-07-17,1,0,0
12518,CMP0115,2801,2026-07-17,0,0,0
12519,CMP0115,1301,2026-07-17,1,0,0
12520,CMP0115,757,2026-07-17,1,0,0
12521,CMP0115,1936,2026-07-17,0,0,0
12522,CMP0115,1199,2026-07-17,1,0,0
12523,CMP0115,1825,2026-07-17,1,0,0
12524,CMP0115,3415,2026-07-17,1,0,0
12525,CMP0115,2817,2026-07-17,0,0,0
12526,CMP0115,999,2026-07-17,0,0,0
12527,CMP0115,4008,2026-07-17,1,0,0
12528,CMP0115,3947,2026-07-17,1,0,0
12529,CMP0115,2323,2026-07-17,1,0,0
12530,CMP0115,2752,2026-07-17,0,0,0
12531,CMP0115,1761,2026-07-17,1,0,0
12532,CMP0115,671,2026-07-17,0,0,0
12533,CMP0115,1185,2026-07-17,0,0,0
12534,CMP0115,510,2026-07-17,0,0,0
12535,CMP0115,1666,2026-07-17,0,0,0
12536,CMP0115,3234,2026-07-17,1,0,0
12537,CMP0115,317,2026-07-17,0,0,0
12538,CMP0115,3172,2026-07-17,0,0,0
12539,CMP0115,375,2026-07-17,0,0,0
12540,CMP0115,460,2026-07-17,0,0,0
12541,CMP0115,974,2026-07-17,0,0,0
12542,CMP0115,556,2026-07-17,0,0,0
12543,CMP0115,1038,2026-07-17,1,0,0
12544,CMP0115,2742,2026-07-17,0,0,0
12545,CMP0115,2111,2026-07-17,0,0,0
12546,CMP0115,1378,2026-07-17,0,0,0
12547,CMP0115,957,2026-07-17,0,0,0
12548,CMP0115,1541,2026-07-17,1,0,0
12549,CMP0115,3635,2026-07-17,0,0,0
12550,CMP0115,353,2026-07-17,0,0,0
12551,CMP0115,240,2026-07-17,0,0,0
12552,CMP0115,1148,2026-07-17,0,0,0
12553,CMP0115,3643,2026-07-17,0,0,0
12554,CMP0115,1340,2026-07-17,0,0,0
12555,CMP0115,3807,2026-07-17,0,0,0
12556,CMP0115,2697,2026-07-17,0,0,0
12557,CMP0115,3442,2026-07-17,0,0,0
12558,CMP0115,2963,2026-07-17,0,0,0
12559,CMP0115,1595,2026-07-17,0,0,0
12560,CMP0115,2028,2026-07-17,1,1,0
12561,CMP0115,475,2026-07-17,1,1,0
12562,CMP0115,3541,2026-07-17,0,0,0
12563,CMP0115,3715,2026-07-17,0,0,0
12564,CMP0115,1212,2026-07-17,0,0,0
12565,CMP0115,2106,2026-07-17,0,0,0
12566,CMP0115,3460,2026-07-17,1,0,0
12567,CMP0115,2403,2026-07-17,0,0,0
12568,CMP0115,1280,2026-07-17,0,0,0
12569,CMP0115,2421,2026-07-17,0,0,0
12570,CMP0115,3211,2026-07-17,0,0,0
12571,CMP0115,2042,2026-07-17,1,0,0
12572,CMP0115,1002,2026-07-17,1,0,0
12573,CMP0115,3696,2026-07-17,0,0,0
12574,CMP0115,1231,2026-07-17,0,0,0
12575,CMP0115,3965,2026-07-17,0,0,0
12576,CMP0115,380,2026-07-17,0,0,0
12577,CMP0115,2052,2026-07-17,0,0,0
12578,CMP0115,960,2026-07-17,1,1,0
12579,CMP0115,1864,2026-07-17,0,0,0
12580,CMP0115,1392,2026-07-17,1,0,0
12581,CMP0115,2127,2026-07-17,0,0,0
12582,CMP0115,1553,2026-07-17,0,0,0
12583,CMP0115,3423,2026-07-17,0,0,0
12584,CMP0115,1511,2026-07-17,0,0,0
12585,CMP0115,3440,2026-07-17,0,0,0
12586,CMP0115,2058,2026-07-17,0,0,0
12587,CMP0115,3933,2026-07-17,0,0,0
12588,CMP0115,2476,2026-07-17,1,1,0
12589,CMP0115,3139,2026-07-17,0,0,0
12590,CMP0115,2335,2026-07-17,1,0,0
12591,CMP0115,1514,2026-07-17,0,0,0
12592,CMP0115,3025,2026-07-17,1,1,0
12593,CMP0115,3941,2026-07-17,0,0,0
12594,CMP0115,977,2026-07-17,0,0,0
12595,CMP0115,156,2026-07-17,1,1,0
12596,CMP0115,2704,2026-07-17,0,0,0
12597,CMP0115,2444,2026-07-17,0,0,0
12598,CMP0115,3614,2026-07-17,0,0,0
12599,CMP0115,3093,2026-07-17,0,0,0
12600,CMP0115,2665,2026-07-17,0,0,0
12601,CMP0115,940,2026-07-17,0,0,0
12602,CMP0115,832,2026-07-17,1,0,0
12603,CMP0115,2744,2026-07-17,0,0,0
12604,CMP0115,2479,2026-07-17,0,0,0
12605,CMP0187,788,2023-02-26,1,0,0
12606,CMP0187,2228,2023-02-26,0,0,0
12607,CMP0187,2457,2023-02-26,0,0,0
12608,CMP0187,171,2023-02-26,0,0,0
12609,CMP0187,3794,2023-02-26,1,0,0
12610,CMP0187,2806,2023-02-26,0,0,0
12611,CMP0187,2819,2023-02-26,0,0,0
12612,CMP0187,3530,2023-02-26,0,0,0
12613,CMP0187,1248,2023-02-26,0,0,0
12614,CMP0187,3679,2023-02-26,1,0,0
12615,CMP0187,983,2023-02-26,0,0,0
12616,CMP0187,2477,2023-02-26,0,0,0
12617,CMP0187,3835,2023-02-26,1,0,0
12618,CMP0187,1352,2023-02-26,0,0,0
12619,CMP0187,1110,2023-02-26,0,0,0
12620,CMP0187,2028,2023-02-26,0,0,0
12621,CMP0187,657,2023-02-26,0,0,0
12622,CMP0187,472,2023-02-26,0,0,0
12623,CMP0187,849,2023-02-26,1,0,0
12624,CMP0187,3188,2023-02-26,0,0,0
12625,CMP0187,2849,2023-02-26,0,0,0
12626,CMP0187,1537,2023-02-26,1,0,0
12627,CMP0187,625,2023-02-26,0,0,0
12628,CMP0187,1631,2023-02-26,0,0,0
12629,CMP0187,3011,2023-02-26,0,0,0
12630,CMP0187,2240,2023-02-26,0,0,0
12631,CMP0187,1319,2023-02-26,0,0,0
12632,CMP0187,3141,2023-02-26,1,0,0
12633,CMP0187,3853,2023-02-26,0,0,0
12634,CMP0187,3233,2023-02-26,0,0,0
12635,CMP0187,1240,2023-02-26,0,0,0
12636,CMP0187,1832,2023-02-26,0,0,0
12637,CMP0187,2594,2023-02-26,0,0,0
12638,CMP0187,1516,2023-02-26,1,0,0
12639,CMP0187,3758,2023-02-26,0,0,0
12640,CMP0187,3726,2023-02-26,0,0,0
12641,CMP0187,3933,2023-02-26,0,0,0
12642,CMP0187,3899,2023-02-26,0,0,0
12643,CMP0187,1858,2023-02-26,1,0,0
12644,CMP0187,1141,2023-02-26,0,0,0
12645,CMP0187,991,2023-02-26,0,0,0
12646,CMP0187,3482,2023-02-26,0,0,0
12647,CMP0187,3519,2023-02-26,0,0,0
12648,CMP0187,2825,2023-02-26,1,0,0
12649,CMP0187,2378,2023-02-26,0,0,0
12650,CMP0187,2030,2023-02-26,0,0,0
12651,CMP0187,3394,2023-02-26,0,0,0
12652,CMP0187,1241,2023-02-26,1,0,0
12653,CMP0187,1154,2023-02-26,0,0,0
12654,CMP0187,3229,2023-02-26,0,0,0
12655,CMP0187,99,2023-02-26,0,0,0
12656,CMP0187,3461,2023-02-26,0,0,0
12657,CMP0187,2660,2023-02-26,0,0,0
12658,CMP0187,543,2023-02-26,0,0,0
12659,CMP0187,3433,2023-02-26,0,0,0
12660,CMP0187,3719,2023-02-26,1,0,0
12661,CMP0187,2683,2023-02-26,0,0,0
12662,CMP0187,3627,2023-02-26,1,0,0
12663,CMP0187,3492,2023-02-26,0,0,0
12664,CMP0187,2642,2023-02-26,1,0,0
12665,CMP0187,1488,2023-02-26,0,0,0
12666,CMP0187,3407,2023-02-26,0,0,0
12667,CMP0187,1013,2023-02-26,0,0,0
12668,CMP0187,1596,2023-02-26,0,0,0
12669,CMP0187,2370,2023-02-26,0,0,0
12670,CMP0187,2265,2023-02-26,1,1,0
12671,CMP0187,576,2023-02-26,0,0,0
12672,CMP0187,3061,2023-02-26,0,0,0
12673,CMP0187,1614,2023-02-26,0,0,0
12674,CMP0187,3960,2023-02-26,1,0,0
12675,CMP0187,1029,2023-02-26,0,0,0
12676,CMP0187,3954,2023-02-26,0,0,0
12677,CMP0187,3476,2023-02-26,0,0,0
12678,CMP0187,3404,2023-02-26,0,0,0
12679,CMP0187,669,2023-02-26,0,0,0
12680,CMP0187,3380,2023-02-26,1,0,0
12681,CMP0187,568,2023-02-26,0,0,0
12682,CMP0187,2084,2023-02-26,0,0,0
12683,CMP0187,610,2023-02-26,0,0,0
12684,CMP0187,2671,2023-02-26,1,0,0
12685,CMP0187,2789,2023-02-26,0,0,0
12686,CMP0187,61,2023-02-26,0,0,0
12687,CMP0187,1344,2023-02-26,0,0,0
12688,CMP0187,3982,2023-02-26,0,0,0
12689,CMP0187,1825,2023-02-26,1,0,0
12690,CMP0187,1885,2023-02-26,0,0,0
12691,CMP0187,709,2023-02-26,0,0,0
12692,CMP0187,2499,2023-02-26,1,1,0
12693,CMP0187,2251,2023-02-26,0,0,0
12694,CMP0187,736,2023-02-26,1,0,0
12695,CMP0187,3431,2023-02-26,1,0,0
12696,CMP0187,3452,2023-02-26,0,0,0
12697,CMP0187,2097,2023-02-26,0,0,0
12698,CMP0187,3085,2023-02-26,1,0,0
12699,CMP0187,2232,2023-02-26,0,0,0
12700,CMP0187,443,2023-02-26,0,0,0
12701,CMP0187,286,2023-02-26,0,0,0
12702,CMP0187,3443,2023-02-26,0,0,0
12703,CMP0187,3275,2023-02-26,0,0,0
12704,CMP0187,3981,2023-02-26,0,0,0
12705,CMP0187,3953,2023-02-26,0,0,0
12706,CMP0187,1883,2023-02-26,0,0,0
12707,CMP0187,3234,2023-02-26,0,0,0
12708,CMP0187,775,2023-02-26,1,0,0
12709,CMP0187,2785,2023-02-26,0,0,0
12710,CMP0187,3270,2023-02-26,0,0,0
12711,CMP0187,867,2023-02-26,1,0,0
12712,CMP0187,3588,2023-02-26,0,0,0
12713,CMP0187,353,2023-02-26,0,0,0
12714,CMP0187,3527,2023-02-26,0,0,0
12715,CMP0187,300,2023-02-26,0,0,0
12716,CMP0187,527,2023-02-26,1,0,0
12717,CMP0187,2705,2023-02-26,0,0,0
12718,CMP0187,3677,2023-02-26,1,0,0
12719,CMP0187,417,2023-02-26,1,0,0
12720,CMP0187,3859,2023-02-26,0,0,0
12721,CMP0187,74,2023-02-26,1,0,0
12722,CMP0187,3773,2023-02-26,0,0,0
12723,CMP0187,2437,2023-02-26,0,0,0
12724,CMP0187,193,2023-02-26,1,1,0
12725,CMP0187,856,2023-02-26,1,0,0
12726,CMP0187,1869,2023-02-26,1,0,0
12727,CMP0187,438,2023-02-26,0,0,0
12728,CMP0187,3208,2023-02-26,1,0,0
12729,CMP0187,3392,2023-02-26,0,0,0
12730,CMP0187,1200,2023-02-26,1,0,0
12731,CMP0187,1907,2023-02-26,0,0,0
12732,CMP0187,1775,2023-02-26,0,0,0
12733,CMP0187,1066,2023-02-26,0,0,0
12734,CMP0187,583,2023-02-26,1,0,0
12735,CMP0187,109,2023-02-26,0,0,0
12736,CMP0187,2930,2023-02-26,1,0,0
12737,CMP0187,2301,2023-02-26,0,0,0
12738,CMP0187,2463,2023-02-26,0,0,0
12739,CMP0187,173,2023-02-26,0,0,0
12740,CMP0187,2841,2023-02-26,0,0,0
12741,CMP0187,2076,2023-02-26,1,0,0
12742,CMP0187,2783,2023-02-26,0,0,0
12743,CMP0187,2168,2023-02-26,0,0,0
12744,CMP0187,1266,2023-02-26,0,0,0
12745,CMP0187,3445,2023-02-26,1,0,0
12746,CMP0187,656,2023-02-26,1,1,0
12747,CMP0187,826,2023-02-26,1,0,0
12748,CMP0187,3290,2023-02-26,0,0,0
12749,CMP0187,517,2023-02-26,0,1,0
12750,CMP0187,2,2023-02-26,1,0,0
12751,CMP0187,1848,2023-02-26,0,0,0
12752,CMP0187,3871,2023-02-26,0,0,0
12753,CMP0187,3892,2023-02-26,0,0,0
12754,CMP0187,874,2023-02-26,1,1,0
12755,CMP0187,2262,2023-02-26,0,0,0
12756,CMP0187,1301,2023-02-26,0,0,0
12757,CMP0187,166,2023-02-26,0,0,0
12758,CMP0187,1526,2023-02-26,1,0,0
12759,CMP0187,3855,2023-02-26,0,0,0
12760,CMP0187,1216,2023-02-26,0,0,0
12761,CMP0187,2704,2023-02-26,1,0,0
12762,CMP0187,3256,2023-02-26,0,0,0
12763,CMP0187,3888,2023-02-26,0,0,0
12764,CMP0187,3020,2023-02-26,0,0,0
12765,CMP0187,2614,2023-02-26,1,1,0
12766,CMP0187,2323,2023-02-26,0,0,0
12767,CMP0187,3190,2023-02-26,0,0,0
12768,CMP0187,2136,2023-02-26,0,0,0
12769,CMP0187,1259,2023-02-26,0,0,0
12770,CMP0187,3607,2023-02-26,1,0,0
12771,CMP0187,1528,2023-02-26,1,0,0
12772,CMP0187,3024,2023-02-26,0,0,0
12773,CMP0187,2486,2023-02-26,0,0,0
12774,CMP0187,494,2023-02-26,1,0,0
12775,CMP0187,1271,2023-02-26,1,0,0
12776,CMP0187,1884,2023-02-26,0,0,0
12777,CMP0187,1019,2023-02-26,0,0,0
12778,CMP0187,913,2023-02-26,0,0,0
12779,CMP0187,2917,2023-02-26,0,0,0
12780,CMP0187,3253,2023-02-26,1,0,0
12781,CMP0187,3055,2023-02-26,0,0,0
12782,CMP0187,3195,2023-02-26,1,0,0
12783,CMP0187,444,2023-02-26,0,0,0
12784,CMP0187,3130,2023-02-26,0,0,0
12785,CMP0187,95,2023-02-26,0,0,0
12786,CMP0187,2928,2023-02-26,1,0,0
12787,CMP0187,3919,2023-02-26,1,0,0
12788,CMP0187,2712,2023-02-26,0,0,0
12789,CMP0187,2648,2023-02-26,0,0,0
12790,CMP0187,1432,2023-02-26,0,0,0
12791,CMP0187,1381,2023-02-26,1,1,0
12792,CMP0187,2529,2023-02-26,0,0,0
12793,CMP0187,1585,2023-02-26,1,0,0
12794,CMP0187,3547,2023-02-26,1,0,0
12795,CMP0187,1099,2023-02-26,0,0,0
12796,CMP0187,411,2023-02-26,0,0,0
12797,CMP0187,3000,2023-02-26,0,0,0
12798,CMP0187,966,2023-02-26,0,0,0
12799,CMP0187,2361,2023-02-26,0,0,0
12800,CMP0187,641,2023-02-26,1,0,0
12801,CMP0187,3228,2023-02-26,0,0,0
12802,CMP0187,1986,2023-02-26,1,1,0
12803,CMP0187,2646,2023-02-26,1,1,0
12804,CMP0187,2040,2023-02-26,0,0,0
12805,CMP0187,469,2023-02-26,0,0,0
12806,CMP0187,1273,2023-02-26,0,0,0
12807,CMP0187,4,2023-02-26,0,0,0
12808,CMP0187,3739,2023-02-26,0,0,0
12809,CMP0187,404,2023-02-26,0,0,0
12810,CMP0187,3583,2023-02-26,0,0,0
12811,CMP0187,3369,2023-02-26,0,0,0
12812,CMP0187,1649,2023-02-26,1,0,0
12813,CMP0187,1057,2023-02-26,1,0,0
12814,CMP0187,1937,2023-02-26,0,0,0
12815,CMP0187,3077,2023-02-26,1,1,0
12816,CMP0187,1693,2023-02-26,0,0,0
12817,CMP0187,2293,2023-02-26,0,0,0
12818,CMP0187,571,2023-02-26,1,0,0
12819,CMP0187,3891,2023-02-26,1,1,0
12820,CMP0187,2576,2023-02-26,1,1,0
12821,CMP0187,2556,2023-02-26,0,0,0
12822,CMP0187,3389,2023-02-26,1,0,0
12823,CMP0187,3300,2023-02-26,0,0,0
12824,CMP0187,3690,2023-02-26,0,0,0
12825,CMP0187,2926,2023-02-26,1,0,0
12826,CMP0187,2406,2023-02-26,0,0,0
12827,CMP0187,2741,2023-02-26,0,0,0
12828,CMP0187,129,2023-02-26,0,0,0
12829,CMP0187,2269,2023-02-26,0,0,0
12830,CMP0187,3232,2023-02-26,1,1,0
12831,CMP0187,944,2023-02-26,0,0,0
12832,CMP0187,1855,2023-02-26,0,0,0
12833,CMP0187,707,2023-02-26,0,0,0
12834,CMP0187,1739,2023-02-26,0,0,0
12835,CMP0187,3457,2023-02-26,0,0,0
12836,CMP0187,950,2023-02-26,0,0,0
12837,CMP0187,3800,2023-02-26,0,0,0
12838,CMP0187,603,2023-02-26,0,0,0
12839,CMP0187,3466,2023-02-26,0,0,0
12840,CMP0187,974,2023-02-26,1,0,0
12841,CMP0187,431,2023-02-26,0,0,0
12842,CMP0187,2268,2023-02-26,0,0,0
12843,CMP0187,2946,2023-02-26,0,0,0
12844,CMP0187,2398,2023-02-26,1,1,0
12845,CMP0187,2583,2023-02-26,0,0,0
12846,CMP0187,2974,2023-02-26,0,0,0
12847,CMP0187,3760,2023-02-26,0,0,0
12848,CMP0187,2202,2023-02-26,0,0,0
12849,CMP0187,2586,2023-02-26,0,0,0
12850,CMP0187,3672,2023-02-26,0,0,0
12851,CMP0187,2867,2023-02-26,0,0,0
12852,CMP0187,2798,2023-02-26,0,0,0
12853,CMP0187,3050,2023-02-26,0,0,1
12854,CMP0187,3750,2023-02-26,1,0,0
12855,CMP0187,523,2023-02-26,0,0,0
12856,CMP0187,3177,2023-02-26,0,0,0
12857,CMP0187,453,2023-02-26,0,0,0
12858,CMP0187,3181,2023-02-26,0,0,0
12859,CMP0187,514,2023-02-26,0,0,0
12860,CMP0187,2443,2023-02-26,0,0,0
12861,CMP0187,2256,2023-02-26,0,0,0
12862,CMP0187,900,2023-02-26,1,1,0
12863,CMP0187,922,2023-02-26,1,0,0
12864,CMP0187,3113,2023-02-26,0,0,0
12865,CMP0187,421,2023-02-26,0,0,0
12866,CMP0187,2183,2023-02-26,1,0,0
12867,CMP0187,3887,2023-02-26,1,0,0
12868,CMP0187,1321,2023-02-26,0,0,0
12869,CMP0187,1911,2023-02-26,1,0,0
12870,CMP0187,432,2023-02-26,0,0,0
12871,CMP0187,2053,2023-02-26,0,0,0
12872,CMP0187,2424,2023-02-26,0,0,0
12873,CMP0187,645,2023-02-26,0,0,0
12874,CMP0187,3287,2023-02-26,0,0,0
12875,CMP0187,3034,2023-02-26,0,0,0
12876,CMP0187,3343,2023-02-26,0,0,0
12877,CMP0187,1663,2023-02-26,0,0,0
12878,CMP0187,923,2023-02-26,0,0,0
12879,CMP0187,3030,2023-02-26,0,0,0
12880,CMP0187,2546,2023-02-26,0,0,0
12881,CMP0187,596,2023-02-26,0,0,0
12882,CMP0187,3907,2023-02-26,0,0,0
12883,CMP0187,24,2023-02-26,0,0,0
12884,CMP0187,3570,2023-02-26,1,0,0
12885,CMP0187,2595,2023-02-26,0,0,0
12886,CMP0187,2609,2023-02-26,0,0,0
12887,CMP0187,3822,2023-02-26,0,0,0
12888,CMP0187,2755,2023-02-26,0,0,0
12889,CMP0187,3155,2023-02-26,0,0,0
12890,CMP0187,3643,2023-02-26,0,0,0
12891,CMP0187,1519,2023-02-26,0,0,0
12892,CMP0187,3103,2023-02-26,1,0,0
12893,CMP0187,2617,2023-02-26,0,0,0
12894,CMP0187,1909,2023-02-26,0,0,0
12895,CMP0187,2336,2023-02-26,0,0,0
12896,CMP0187,1709,2023-02-26,0,0,0
12897,CMP0187,3093,2023-02-26,1,0,0
12898,CMP0187,640,2023-02-26,0,0,0
12899,CMP0187,521,2023-02-26,1,0,0
12900,CMP0187,1431,2023-02-26,0,0,0
12901,CMP0187,2668,2023-02-26,1,0,0
12902,CMP0187,955,2023-02-26,1,0,0
12903,CMP0187,2162,2023-02-26,0,0,0
12904,CMP0187,91,2023-02-26,0,0,0
12905,CMP0187,1114,2023-02-26,0,0,0
12906,CMP0187,3866,2023-02-26,1,1,0
12907,CMP0187,2075,2023-02-26,1,0,0
12908,CMP0187,789,2023-02-26,1,0,0
12909,CMP0187,3121,2023-02-26,0,0,0
12910,CMP0187,2254,2023-02-26,0,0,0
12911,CMP0187,882,2023-02-26,1,0,0
12912,CMP0187,2492,2023-02-26,0,0,0
12913,CMP0187,1722,2023-02-26,0,0,0
12914,CMP0187,1719,2023-02-26,1,0,0
12915,CMP0187,2534,2023-02-26,0,0,0
12916,CMP0187,465,2023-02-26,0,0,0
12917,CMP0187,3698,2023-02-26,0,0,0
12918,CMP0187,466,2023-02-26,1,1,0
12919,CMP0187,296,2023-02-26,0,0,0
12920,CMP0187,2971,2023-02-26,0,0,0
12921,CMP0187,2270,2023-02-26,1,0,0
12922,CMP0187,2619,2023-02-26,0,0,0
12923,CMP0187,1757,2023-02-26,1,0,0
12924,CMP0187,1708,2023-02-26,0,0,0
12925,CMP0187,1265,2023-02-26,0,0,0
12926,CMP0187,2792,2023-02-26,0,0,0
12927,CMP0187,2472,2023-02-26,0,0,0
12928,CMP0187,263,2023-02-26,0,0,0
12929,CMP0187,763,2023-02-26,0,0,0
12930,CMP0187,3914,2023-02-26,0,0,0
12931,CMP0187,559,2023-02-26,0,0,0
12932,CMP0187,3001,2023-02-26,0,0,0
12933,CMP0187,1180,2023-02-26,1,0,0
12934,CMP0187,3801,2023-02-26,1,0,0
12935,CMP0187,1936,2023-02-26,0,0,0
12936,CMP0187,1640,2023-02-26,0,0,0
12937,CMP0187,3837,2023-02-26,0,0,0
12938,CMP0187,295,2023-02-26,1,0,0
12939,CMP0187,3844,2023-02-26,0,0,0
12940,CMP0187,3650,2023-02-26,0,0,0
12941,CMP0187,1702,2023-02-26,0,0,0
12942,CMP0187,1918,2023-02-26,0,0,0
12943,CMP0187,3417,2023-02-26,0,0,0
12944,CMP0187,1633,2023-02-26,0,0,0
12945,CMP0187,3223,2023-02-26,0,0,0
12946,CMP0187,2020,2023-02-26,0,0,0
12947,CMP0187,2769,2023-02-26,0,0,0
12948,CMP0187,3214,2023-02-26,0,0,0
12949,CMP0187,3685,2023-02-26,0,0,0
12950,CMP0187,3459,2023-02-26,1,0,0
12951,CMP0187,3309,2023-02-26,0,0,0
12952,CMP0187,1625,2023-02-26,0,0,0
12953,CMP0187,2347,2023-02-26,0,0,0
12954,CMP0187,3539,2023-02-26,0,0,0
12955,CMP0187,3806,2023-02-26,0,0,0
12956,CMP0187,890,2023-02-26,1,0,0
12957,CMP0187,3562,2023-02-26,1,1,0
12958,CMP0187,1954,2023-02-26,1,0,0
12959,CMP0187,1759,2023-02-26,1,0,0
12960,CMP0187,3877,2023-02-26,0,0,0
12961,CMP0187,2291,2023-02-26,1,0,0
12962,CMP0187,805,2023-02-26,0,0,0
12963,CMP0187,2515,2023-02-26,0,0,0
12964,CMP0187,2491,2023-02-26,0,0,0
12965,CMP0187,2483,2023-02-26,0,0,0
12966,CMP0187,3694,2023-02-26,0,0,0
12967,CMP0187,3171,2023-02-26,1,0,0
12968,CMP0187,3521,2023-02-26,0,0,0
12969,CMP0187,1000,2023-02-26,0,0,0
12970,CMP0187,996,2023-02-26,0,0,0
12971,CMP0187,1372,2023-02-26,1,0,0
12972,CMP0187,3132,2023-02-26,0,0,0
12973,CMP0187,2659,2023-02-26,0,0,0
12974,CMP0187,2054,2023-02-26,0,0,0
12975,CMP0187,1132,2023-02-26,0,0,0
12976,CMP0187,3089,2023-02-26,0,0,0
12977,CMP0187,3015,2023-02-26,0,0,0
12978,CMP0187,2782,2023-02-26,0,0,0
12979,CMP0187,4015,2023-02-26,0,0,0
12980,CMP0187,2880,2023-02-26,0,0,0
12981,CMP0187,585,2023-02-26,1,0,0
12982,CMP0187,2948,2023-02-26,0,0,0
12983,CMP0187,771,2023-02-26,1,0,0
12984,CMP0187,1469,2023-02-26,0,0,0
12985,CMP0187,323,2023-02-26,0,0,0
12986,CMP0187,3884,2023-02-26,0,0,0
12987,CMP0187,1456,2023-02-26,0,0,0
12988,CMP0187,2566,2023-02-26,0,0,0
12989,CMP0187,2679,2023-02-26,0,0,0
12990,CMP0187,2801,2023-02-26,0,0,0
12991,CMP0187,3095,2023-02-26,0,0,0
12992,CMP0187,3614,2023-02-26,0,0,0
12993,CMP0187,1889,2023-02-26,0,0,0
12994,CMP0187,2416,2023-02-26,0,0,0
12995,CMP0187,3741,2023-02-26,1,1,0
12996,CMP0187,106,2023-02-26,0,0,0
12997,CMP0187,110,2023-02-26,0,0,0
12998,CMP0187,132,2023-02-26,0,0,0
12999,CMP0187,3383,2023-02-26,0,0,0
13000,CMP0187,1616,2023-02-26,0,0,0
13001,CMP0187,2802,2023-02-26,1,0,0
13002,CMP0187,2010,2023-02-26,0,0,0
13003,CMP0187,1637,2023-02-26,1,0,0
13004,CMP0187,2102,2023-02-26,0,0,0
13005,CMP0187,848,2023-02-26,0,0,0
13006,CMP0187,2876,2023-02-26,0,0,0
13007,CMP0187,293,2023-02-26,0,0,0
13008,CMP0187,836,2023-02-26,0,0,0
13009,CMP0187,210,2023-02-26,1,0,0
13010,CMP0187,1060,2023-02-26,0,0,0
13011,CMP0187,4008,2023-02-26,0,0,0
13012,CMP0187,1439,2023-02-26,0,1,0
13013,CMP0187,2144,2023-02-26,1,0,0
13014,CMP0187,2584,2023-02-26,0,0,0
13015,CMP0187,2294,2023-02-26,0,0,0
13016,CMP0187,1912,2023-02-26,1,1,0
13017,CMP0187,2193,2023-02-26,0,0,0
13018,CMP0187,1397,2023-02-26,1,0,0
13019,CMP0187,464,2023-02-26,1,0,0
13020,CMP0187,485,2023-02-26,1,0,0
13021,CMP0187,3334,2023-02-26,1,0,0
13022,CMP0187,3481,2023-02-26,0,0,0
13023,CMP0187,3066,2023-02-26,0,0,0
13024,CMP0187,3585,2023-02-26,0,0,0
13025,CMP0187,186,2023-02-26,1,0,0
13026,CMP0187,971,2023-02-26,1,1,0
13027,CMP0187,819,2023-02-26,0,0,0
13028,CMP0187,837,2023-02-26,0,0,0
13029,CMP0187,2495,2023-02-26,0,0,0
13030,CMP0187,279,2023-02-26,0,0,0
13031,CMP0187,3180,2023-02-26,1,1,0
13032,CMP0187,291,2023-02-26,0,0,0
13033,CMP0187,1149,2023-02-26,0,0,0
13034,CMP0187,1789,2023-02-26,1,1,0
13035,CMP0187,1914,2023-02-26,1,0,0
13036,CMP0187,2635,2023-02-26,0,0,0
13037,CMP0187,3359,2023-02-26,0,0,0
13038,CMP0187,223,2023-02-26,0,0,0
13039,CMP0187,2146,2023-02-26,0,0,0
13040,CMP0187,1268,2023-02-26,1,1,0
13041,CMP0187,2968,2023-02-26,0,0,0
13042,CMP0187,2735,2023-02-26,0,0,0
13043,CMP0187,2919,2023-02-26,0,0,0
13044,CMP0187,3941,2023-02-26,1,0,0
13045,CMP0187,3930,2023-02-26,0,0,0
13046,CMP0187,3080,2023-02-26,1,1,0
13047,CMP0187,513,2023-02-26,0,0,0
13048,CMP0187,2903,2023-02-26,0,0,0
13049,CMP0187,1284,2023-02-26,1,0,0
13050,CMP0187,1741,2023-02-26,0,0,0
13051,CMP0187,243,2023-02-26,0,0,0
13052,CMP0187,2287,2023-02-26,0,0,0
13053,CMP0187,105,2023-02-26,1,0,0
13054,CMP0187,1905,2023-02-26,0,0,0
13055,CMP0187,3075,2023-02-26,1,1,0
13056,CMP0187,3434,2023-02-26,1,0,0
13057,CMP0187,37,2023-02-26,0,0,0
13058,CMP0187,289,2023-02-26,0,0,0
13059,CMP0187,2429,2023-02-26,1,0,0
13060,CMP0187,791,2023-02-26,0,0,0
13061,CMP0187,445,2023-02-26,0,0,0
13062,CMP0187,3405,2023-02-26,0,0,0
13063,CMP0187,1062,2023-02-26,0,0,0
13064,CMP0187,1168,2023-02-26,1,0,0
13065,CMP0187,1134,2023-02-26,0,0,0
13066,CMP0187,16,2023-02-26,1,0,0
13067,CMP0187,2497,2023-02-26,0,0,0
13068,CMP0187,1212,2023-02-26,0,0,0
13069,CMP0187,3106,2023-02-26,1,0,0
13070,CMP0187,1809,2023-02-26,1,0,0
13071,CMP0187,1607,2023-02-26,0,0,0
13072,CMP0187,3191,2023-02-26,0,0,0
13073,CMP0187,3060,2023-02-26,1,0,0
13074,CMP0187,158,2023-02-26,0,0,0
13075,CMP0187,2399,2023-02-26,0,0,0
13076,CMP0187,621,2023-02-26,1,1,0
13077,CMP0187,793,2023-02-26,1,0,0
13078,CMP0187,3927,2023-02-26,1,0,0
13079,CMP0187,1002,2023-02-26,1,0,0
13080,CMP0187,3219,2023-02-26,1,0,0
13081,CMP0187,1939,2023-02-26,0,0,0
13082,CMP0187,2038,2023-02-26,0,0,0
13083,CMP0187,3647,2023-02-26,0,0,0
13084,CMP0187,3733,2023-02-26,0,0,0
13085,CMP0187,3813,2023-02-26,1,0,0
13086,CMP0187,2138,2023-02-26,1,0,0
13087,CMP0187,1672,2023-02-26,0,0,0
13088,CMP0187,778,2023-02-26,1,0,0
13089,CMP0187,3767,2023-02-26,1,0,0
13090,CMP0187,318,2023-02-26,0,0,0
13091,CMP0187,1403,2023-02-26,0,0,0
13092,CMP0187,1788,2023-02-26,0,0,0
13093,CMP0187,1644,2023-02-26,0,0,0
13094,CMP0187,3399,2023-02-26,0,0,0
13095,CMP0187,3401,2023-02-26,0,0,0
13096,CMP0187,1262,2023-02-26,0,0,0
13097,CMP0187,1084,2023-02-26,0,0,0
13098,CMP0187,17,2023-02-26,0,0,0
13099,CMP0187,1071,2023-02-26,1,0,0
13100,CMP0187,2809,2023-02-26,0,0,0
13101,CMP0187,2380,2023-02-26,0,0,0
13102,CMP0187,1127,2023-02-26,0,1,0
13103,CMP0187,3965,2023-02-26,0,0,0
13104,CMP0187,3761,2023-02-26,1,0,0
13105,CMP0187,3241,2023-02-26,0,0,0
13106,CMP0187,1416,2023-02-26,0,0,0
13107,CMP0187,3967,2023-02-26,0,0,0
13108,CMP0187,3472,2023-02-26,0,0,0
13109,CMP0187,3138,2023-02-26,1,0,0
13110,CMP0187,2023,2023-02-26,1,0,0
13111,CMP0187,566,2023-02-26,0,0,0
13112,CMP0187,680,2023-02-26,0,0,0
13113,CMP0187,307,2023-02-26,1,0,0
13114,CMP0187,3189,2023-02-26,1,0,0
13115,CMP0187,2687,2023-02-26,0,0,0
13116,CMP0187,1606,2023-02-26,0,0,0
13117,CMP0187,3209,2023-02-26,0,0,0
13118,CMP0187,965,2023-02-26,0,0,0
13119,CMP0187,801,2023-02-26,0,0,0
13120,CMP0187,1092,2023-02-26,0,0,0
13121,CMP0187,255,2023-02-26,0,0,0
13122,CMP0187,2341,2023-02-26,0,0,0
13123,CMP0187,618,2023-02-26,0,0,0
13124,CMP0187,2940,2023-02-26,0,0,0
13125,CMP0187,2504,2023-02-26,0,0,1
13126,CMP0187,401,2023-02-26,0,0,0
13127,CMP0187,3068,2023-02-26,0,0,0
13128,CMP0187,692,2023-02-26,0,0,0
13129,CMP0187,653,2023-02-26,0,0,0
13130,CMP0187,3573,2023-02-26,0,0,0
13131,CMP0187,1917,2023-02-26,1,0,0
13132,CMP0187,2734,2023-02-26,0,0,0
13133,CMP0187,569,2023-02-26,0,0,0
13134,CMP0187,3413,2023-02-26,0,0,0
13135,CMP0187,626,2023-02-26,1,0,0
13136,CMP0187,221,2023-02-26,0,0,0
13137,CMP0187,388,2023-02-26,0,0,0
13138,CMP0187,196,2023-02-26,0,0,0
13139,CMP0187,1034,2023-02-26,1,0,0
13140,CMP0187,3834,2023-02-26,0,0,0
13141,CMP0187,3696,2023-02-26,1,0,0
13142,CMP0187,192,2023-02-26,0,0,0
13143,CMP0187,562,2023-02-26,1,0,0
13144,CMP0187,2057,2023-02-26,0,0,0
13145,CMP0187,1387,2023-02-26,1,0,0
13146,CMP0187,945,2023-02-26,1,0,0
13147,CMP0187,851,2023-02-26,0,0,0
13148,CMP0187,739,2023-02-26,0,0,0
13149,CMP0187,3754,2023-02-26,0,0,0
13150,CMP0187,2278,2023-02-26,1,0,0
13151,CMP0187,1990,2023-02-26,0,0,0
13152,CMP0187,822,2023-02-26,0,0,0
13153,CMP0187,1748,2023-02-26,0,0,0
13154,CMP0187,1601,2023-02-26,0,0,0
13155,CMP0187,870,2023-02-26,0,0,0
13156,CMP0187,3139,2023-02-26,0,0,0
13157,CMP0187,34,2023-02-26,1,1,0
13158,CMP0187,3832,2023-02-26,1,0,0
13159,CMP0187,1292,2023-02-26,0,0,0
13160,CMP0187,3406,2023-02-26,0,0,0
13161,CMP0187,2397,2023-02-26,1,0,0
13162,CMP0187,1452,2023-02-26,1,1,0
13163,CMP0187,3721,2023-02-26,1,1,0
13164,CMP0187,1873,2023-02-26,0,0,0
13165,CMP0187,2221,2023-02-26,0,0,0
13166,CMP0187,1589,2023-02-26,0,0,0
13167,CMP0187,881,2023-02-26,0,0,0
13168,CMP0187,369,2023-02-26,0,0,0
13169,CMP0187,2039,2023-02-26,1,0,0
13170,CMP0187,2095,2023-02-26,0,0,0
13171,CMP0187,3619,2023-02-26,0,0,0
13172,CMP0187,2467,2023-02-26,0,0,0
13173,CMP0187,2749,2023-02-26,0,0,0
13174,CMP0187,551,2023-02-26,1,1,0
13175,CMP0187,937,2023-02-26,0,0,0
13176,CMP0187,701,2023-02-26,0,0,0
13177,CMP0187,2699,2023-02-26,0,0,0
13178,CMP0187,997,2023-02-26,1,0,0
13179,CMP0187,1732,2023-02-26,0,0,0
13180,CMP0187,3784,2023-02-26,1,0,0
13181,CMP0187,1399,2023-02-26,0,0,0
13182,CMP0187,1174,2023-02-26,0,0,0
13183,CMP0187,2194,2023-02-26,0,0,0
13184,CMP0187,301,2023-02-26,1,1,0
13185,CMP0187,1556,2023-02-26,0,0,0
13186,CMP0187,1161,2023-02-26,0,0,0
13187,CMP0187,1868,2023-02-26,0,0,0
13188,CMP0187,3804,2023-02-26,1,1,0
13189,CMP0187,940,2023-02-26,0,0,0
13190,CMP0187,3120,2023-02-26,1,0,0
13191,CMP0187,976,2023-02-26,0,0,0
13192,CMP0187,1234,2023-02-26,0,0,0
13193,CMP0187,3306,2023-02-26,1,0,0
13194,CMP0187,2587,2023-02-26,1,0,0
13195,CMP0187,3477,2023-02-26,0,0,0
13196,CMP0187,1813,2023-02-26,0,0,0
13197,CMP0187,1591,2023-02-26,1,0,0
13198,CMP0187,825,2023-02-26,0,0,0
13199,CMP0187,1415,2023-02-26,0,0,0
13200,CMP0187,3618,2023-02-26,0,0,0
13201,CMP0187,1342,2023-02-26,0,0,0
13202,CMP0187,321,2023-02-26,0,0,0
13203,CMP0187,1059,2023-02-26,0,0,0
13204,CMP0187,749,2023-02-26,1,0,0
13205,CMP0187,2235,2023-02-26,1,0,0
13206,CMP0187,2141,2023-02-26,0,0,0
13207,CMP0187,1255,2023-02-26,0,0,0
13208,CMP0187,2620,2023-02-26,1,0,0
13209,CMP0187,3639,2023-02-26,0,0,0
13210,CMP0187,3160,2023-02-26,0,0,0
13211,CMP0187,322,2023-02-26,0,0,0
13212,CMP0187,3429,2023-02-26,1,0,0
13213,CMP0187,2007,2023-02-26,0,0,0
13214,CMP0187,1433,2023-02-26,0,0,0
13215,CMP0187,2929,2023-02-26,1,0,0
13216,CMP0187,439,2023-02-26,0,0,0
13217,CMP0187,2363,2023-02-26,1,1,0
13218,CMP0187,2803,2023-02-26,0,0,0
13219,CMP0187,3688,2023-02-26,1,0,0
13220,CMP0187,2653,2023-02-26,0,0,0
13221,CMP0187,866,2023-02-26,1,0,0
13222,CMP0187,2334,2023-02-26,1,0,0
13223,CMP0187,814,2023-02-26,0,0,0
13224,CMP0187,2295,2023-02-26,0,0,0
13225,CMP0187,2405,2023-02-26,0,0,0
13226,CMP0187,500,2023-02-26,0,0,0
13227,CMP0187,1304,2023-02-26,1,0,0
13228,CMP0187,2602,2023-02-26,0,0,0
13229,CMP0187,798,2023-02-26,0,0,0
13230,CMP0187,2243,2023-02-26,0,0,0
13231,CMP0187,1340,2023-02-26,0,0,0
13232,CMP0187,2877,2023-02-26,0,0,0
13233,CMP0187,50,2023-02-26,0,0,0
13234,CMP0187,2582,2023-02-26,0,0,0
13235,CMP0187,3254,2023-02-26,0,0,0
13236,CMP0187,2308,2023-02-26,0,0,0
13237,CMP0187,1514,2023-02-26,0,0,0
13238,CMP0187,758,2023-02-26,1,1,0
13239,CMP0187,156,2023-02-26,0,0,0
13240,CMP0187,2067,2023-02-26,1,0,0
13241,CMP0187,688,2023-02-26,1,0,0
13242,CMP0187,1620,2023-02-26,1,0,0
13243,CMP0187,1779,2023-02-26,1,0,0
13244,CMP0187,1022,2023-02-26,0,0,0
13245,CMP0187,532,2023-02-26,0,0,0
13246,CMP0187,1961,2023-02-26,0,0,0
13247,CMP0187,3269,2023-02-26,0,0,0
13248,CMP0187,2628,2023-02-26,1,0,0
13249,CMP0187,671,2023-02-26,0,0,0
13250,CMP0187,102,2023-02-26,0,0,0
13251,CMP0187,3109,2023-02-26,0,0,0
13252,CMP0187,1901,2023-02-26,0,0,0
13253,CMP0120,837,2025-07-15,0,0,0
13254,CMP0120,2057,2025-07-15,0,0,0
13255,CMP0120,636,2025-07-15,0,0,0
13256,CMP0120,922,2025-07-15,0,0,0
13257,CMP0120,2339,2025-07-15,0,0,0
13258,CMP0120,3855,2025-07-15,1,1,0
13259,CMP0120,2400,2025-07-15,1,0,0
13260,CMP0120,479,2025-07-15,1,0,0
13261,CMP0120,1352,2025-07-15,0,0,0
13262,CMP0120,4011,2025-07-15,1,0,0
13263,CMP0120,3740,2025-07-15,1,0,0
13264,CMP0120,1864,2025-07-15,0,0,0
13265,CMP0120,75,2025-07-15,0,0,0
13266,CMP0120,296,2025-07-15,0,0,0
13267,CMP0120,123,2025-07-15,1,1,0
13268,CMP0120,923,2025-07-15,0,0,0
13269,CMP0120,645,2025-07-15,1,0,0
13270,CMP0120,1488,2025-07-15,1,1,0
13271,CMP0120,3103,2025-07-15,0,0,0
13272,CMP0120,6,2025-07-15,0,0,0
13273,CMP0120,583,2025-07-15,0,0,0
13274,CMP0120,615,2025-07-15,0,0,0
13275,CMP0120,2740,2025-07-15,1,0,0
13276,CMP0120,610,2025-07-15,0,0,0
13277,CMP0120,2239,2025-07-15,0,0,0
13278,CMP0120,2456,2025-07-15,1,0,0
13279,CMP0120,1748,2025-07-15,0,0,0
13280,CMP0120,2013,2025-07-15,1,0,0
13281,CMP0120,1924,2025-07-15,1,0,0
13282,CMP0120,2329,2025-07-15,0,0,0
13283,CMP0120,3570,2025-07-15,0,0,0
13284,CMP0120,2051,2025-07-15,1,0,0
13285,CMP0120,1620,2025-07-15,1,1,0
13286,CMP0120,2303,2025-07-15,0,0,0
13287,CMP0120,2378,2025-07-15,0,0,0
13288,CMP0120,3562,2025-07-15,0,0,0
13289,CMP0120,1835,2025-07-15,0,0,0
13290,CMP0120,3809,2025-07-15,0,0,0
13291,CMP0120,586,2025-07-15,1,1,0
13292,CMP0120,2587,2025-07-15,0,0,0
13293,CMP0120,3350,2025-07-15,0,0,0
13294,CMP0120,2042,2025-07-15,0,0,0
13295,CMP0120,1129,2025-07-15,0,0,0
13296,CMP0120,634,2025-07-15,0,0,0
13297,CMP0120,2221,2025-07-15,1,0,0
13298,CMP0120,3292,2025-07-15,0,0,0
13299,CMP0120,328,2025-07-15,1,1,0
13300,CMP0120,2846,2025-07-15,1,0,0
13301,CMP0120,3452,2025-07-15,1,0,0
13302,CMP0120,3429,2025-07-15,0,0,0
13303,CMP0120,3065,2025-07-15,0,0,0
13304,CMP0120,2629,2025-07-15,1,0,0
13305,CMP0120,2070,2025-07-15,1,0,0
13306,CMP0120,2909,2025-07-15,1,0,0
13307,CMP0120,513,2025-07-15,1,0,0
13308,CMP0120,3778,2025-07-15,0,0,0
13309,CMP0120,2591,2025-07-15,0,0,0
13310,CMP0120,1475,2025-07-15,0,1,0
13311,CMP0120,3912,2025-07-15,0,0,0
13312,CMP0120,3133,2025-07-15,1,0,0
13313,CMP0120,1553,2025-07-15,0,0,0
13314,CMP0120,2053,2025-07-15,0,0,0
13315,CMP0120,74,2025-07-15,0,0,0
13316,CMP0120,1911,2025-07-15,0,0,0
13317,CMP0120,2236,2025-07-15,0,0,0
13318,CMP0120,1225,2025-07-15,0,0,0
13319,CMP0120,996,2025-07-15,0,0,0
13320,CMP0120,3369,2025-07-15,0,0,0
13321,CMP0120,2486,2025-07-15,0,0,0
13322,CMP0120,329,2025-07-15,0,0,0
13323,CMP0120,143,2025-07-15,1,1,0
13324,CMP0120,2093,2025-07-15,0,0,0
13325,CMP0120,3128,2025-07-15,1,0,0
13326,CMP0120,281,2025-07-15,0,0,0
13327,CMP0120,3955,2025-07-15,1,0,0
13328,CMP0120,3594,2025-07-15,0,0,0
13329,CMP0120,122,2025-07-15,0,0,0
13330,CMP0120,271,2025-07-15,1,0,0
13331,CMP0120,820,2025-07-15,0,0,0
13332,CMP0120,1340,2025-07-15,0,0,0
13333,CMP0120,307,2025-07-15,1,1,0
13334,CMP0120,944,2025-07-15,1,0,0
13335,CMP0120,1722,2025-07-15,1,1,0
13336,CMP0120,995,2025-07-15,1,0,0
13337,CMP0120,2021,2025-07-15,0,0,0
13338,CMP0120,1943,2025-07-15,0,0,0
13339,CMP0120,2393,2025-07-15,0,0,0
13340,CMP0120,1092,2025-07-15,1,0,0
13341,CMP0120,1516,2025-07-15,0,0,0
13342,CMP0120,1954,2025-07-15,0,0,0
13343,CMP0120,2929,2025-07-15,1,0,0
13344,CMP0120,1096,2025-07-15,1,1,0
13345,CMP0120,3474,2025-07-15,0,0,0
13346,CMP0120,3760,2025-07-15,0,0,0
13347,CMP0120,2037,2025-07-15,0,0,0
13348,CMP0120,3258,2025-07-15,0,0,0
13349,CMP0120,2073,2025-07-15,1,1,0
13350,CMP0120,3476,2025-07-15,0,0,0
13351,CMP0120,3547,2025-07-15,0,0,0
13352,CMP0120,1271,2025-07-15,0,0,0
13353,CMP0120,1327,2025-07-15,0,0,0
13354,CMP0120,187,2025-07-15,1,1,0
13355,CMP0120,3585,2025-07-15,1,1,0
13356,CMP0120,3208,2025-07-15,1,0,0
13357,CMP0120,1568,2025-07-15,0,0,0
13358,CMP0120,3045,2025-07-15,1,0,0
13359,CMP0120,585,2025-07-15,0,0,0
13360,CMP0120,2399,2025-07-15,0,0,0
13361,CMP0120,2038,2025-07-15,1,1,0
13362,CMP0120,3114,2025-07-15,1,0,0
13363,CMP0120,3337,2025-07-15,1,0,0
13364,CMP0120,1084,2025-07-15,0,0,0
13365,CMP0120,2971,2025-07-15,0,0,0
13366,CMP0120,1258,2025-07-15,0,0,0
13367,CMP0120,1572,2025-07-15,1,0,0
13368,CMP0120,3718,2025-07-15,1,0,0
13369,CMP0120,3614,2025-07-15,0,0,0
13370,CMP0120,688,2025-07-15,0,0,0
13371,CMP0120,453,2025-07-15,0,0,0
13372,CMP0120,2738,2025-07-15,0,0,0
13373,CMP0120,306,2025-07-15,1,0,0
13374,CMP0120,1013,2025-07-15,0,0,0
13375,CMP0120,1200,2025-07-15,0,0,0
13376,CMP0120,374,2025-07-15,1,0,0
13377,CMP0120,3050,2025-07-15,0,0,0
13378,CMP0120,3730,2025-07-15,0,0,0
13379,CMP0120,3066,2025-07-15,0,0,0
13380,CMP0120,1378,2025-07-15,0,0,0
13381,CMP0120,1787,2025-07-15,0,0,0
13382,CMP0120,3794,2025-07-15,1,0,0
13383,CMP0120,3887,2025-07-15,1,0,0
13384,CMP0120,576,2025-07-15,1,0,0
13385,CMP0120,300,2025-07-15,0,0,0
13386,CMP0120,3420,2025-07-15,0,0,0
13387,CMP0120,2659,2025-07-15,0,0,0
13388,CMP0120,3978,2025-07-15,0,0,0
13389,CMP0120,2237,2025-07-15,1,0,0
13390,CMP0120,3746,2025-07-15,1,0,0
13391,CMP0120,255,2025-07-15,0,0,0
13392,CMP0120,3074,2025-07-15,1,0,0
13393,CMP0120,874,2025-07-15,1,1,0
13394,CMP0120,1655,2025-07-15,0,0,1
13395,CMP0120,2140,2025-07-15,0,0,0
13396,CMP0120,3135,2025-07-15,0,0,0
13397,CMP0120,2974,2025-07-15,1,0,0
13398,CMP0120,2132,2025-07-15,0,0,0
13399,CMP0120,1350,2025-07-15,0,0,0
13400,CMP0120,436,2025-07-15,0,0,0
13401,CMP0120,884,2025-07-15,0,0,0
13402,CMP0120,2617,2025-07-15,0,0,0
13403,CMP0120,487,2025-07-15,0,0,0
13404,CMP0120,2305,2025-07-15,0,0,0
13405,CMP0120,2210,2025-07-15,0,0,0
13406,CMP0120,819,2025-07-15,1,0,0
13407,CMP0120,743,2025-07-15,1,0,0
13408,CMP0120,1299,2025-07-15,1,0,0
13409,CMP0120,3199,2025-07-15,1,0,0
13410,CMP0120,848,2025-07-15,0,0,0
13411,CMP0120,1715,2025-07-15,1,0,0
13412,CMP0120,1372,2025-07-15,0,0,0
13413,CMP0120,3109,2025-07-15,0,0,0
13414,CMP0120,2054,2025-07-15,0,0,0
13415,CMP0120,1348,2025-07-15,1,1,0
13416,CMP0120,221,2025-07-15,0,0,0
13417,CMP0120,2906,2025-07-15,1,0,0
13418,CMP0120,625,2025-07-15,0,0,0
13419,CMP0120,2874,2025-07-15,0,0,0
13420,CMP0120,2488,2025-07-15,0,0,0
13421,CMP0120,2891,2025-07-15,0,0,0
13422,CMP0120,3270,2025-07-15,0,0,0
13423,CMP0120,3037,2025-07-15,0,0,0
13424,CMP0120,3143,2025-07-15,0,0,0
13425,CMP0120,3078,2025-07-15,1,1,0
13426,CMP0120,2590,2025-07-15,0,0,0
13427,CMP0120,2562,2025-07-15,0,0,0
13428,CMP0120,940,2025-07-15,0,0,0
13429,CMP0120,578,2025-07-15,1,0,0
13430,CMP0120,1177,2025-07-15,0,0,0
13431,CMP0120,3095,2025-07-15,0,0,0
13432,CMP0120,3800,2025-07-15,1,0,0
13433,CMP0120,146,2025-07-15,0,0,0
13434,CMP0120,1596,2025-07-15,0,0,0
13435,CMP0120,670,2025-07-15,0,0,0
13436,CMP0120,3306,2025-07-15,0,0,0
13437,CMP0120,3685,2025-07-15,0,0,0
13438,CMP0120,2675,2025-07-15,0,0,0
13439,CMP0120,1040,2025-07-15,1,0,0
13440,CMP0120,3054,2025-07-15,0,0,0
13441,CMP0120,188,2025-07-15,0,0,0
13442,CMP0120,2961,2025-07-15,0,0,0
13443,CMP0120,1473,2025-07-15,0,0,0
13444,CMP0120,3942,2025-07-15,0,0,0
13445,CMP0120,2351,2025-07-15,0,0,0
13446,CMP0120,1283,2025-07-15,1,0,0
13447,CMP0120,1914,2025-07-15,1,0,0
13448,CMP0120,530,2025-07-15,0,0,0
13449,CMP0120,3150,2025-07-15,1,1,0
13450,CMP0120,788,2025-07-15,0,0,0
13451,CMP0120,2931,2025-07-15,0,0,0
13452,CMP0120,1693,2025-07-15,1,1,0
13453,CMP0120,3493,2025-07-15,1,0,0
13454,CMP0120,2930,2025-07-15,0,0,0
13455,CMP0120,466,2025-07-15,0,0,0
13456,CMP0120,1834,2025-07-15,0,0,0
13457,CMP0120,343,2025-07-15,0,0,0
13458,CMP0120,3157,2025-07-15,0,0,0
13459,CMP0120,3947,2025-07-15,0,0,0
13460,CMP0120,3870,2025-07-15,0,0,0
13461,CMP0120,1123,2025-07-15,1,0,0
13462,CMP0120,2809,2025-07-15,1,0,0
13463,CMP0120,3102,2025-07-15,0,0,0
13464,CMP0120,1114,2025-07-15,0,0,0
13465,CMP0120,102,2025-07-15,0,0,0
13466,CMP0120,1795,2025-07-15,1,1,0
13467,CMP0120,1657,2025-07-15,0,0,0
13468,CMP0120,849,2025-07-15,0,0,0
13469,CMP0120,2710,2025-07-15,0,0,0
13470,CMP0120,2825,2025-07-15,1,0,0
13471,CMP0120,2683,2025-07-15,1,0,0
13472,CMP0120,1243,2025-07-15,1,0,0
13473,CMP0120,2040,2025-07-15,0,0,0
13474,CMP0120,3130,2025-07-15,1,0,0
13475,CMP0120,3414,2025-07-15,0,0,0
13476,CMP0120,3879,2025-07-15,0,0,0
13477,CMP0120,763,2025-07-15,0,0,0
13478,CMP0120,2509,2025-07-15,1,0,0
13479,CMP0120,291,2025-07-15,0,0,0
13480,CMP0120,1401,2025-07-15,0,0,0
13481,CMP0120,179,2025-07-15,0,0,0
13482,CMP0120,883,2025-07-15,1,0,0
13483,CMP0120,3682,2025-07-15,0,0,0
13484,CMP0120,3443,2025-07-15,0,0,0
13485,CMP0120,618,2025-07-15,0,0,0
13486,CMP0120,2326,2025-07-15,0,0,0
13487,CMP0120,3813,2025-07-15,1,0,0
13488,CMP0120,2699,2025-07-15,1,0,0
13489,CMP0120,171,2025-07-15,0,0,0
13490,CMP0120,1259,2025-07-15,0,0,0
13491,CMP0120,2734,2025-07-15,0,0,0
13492,CMP0120,3868,2025-07-15,0,0,0
13493,CMP0120,1099,2025-07-15,0,0,0
13494,CMP0120,1404,2025-07-15,1,0,0
13495,CMP0120,341,2025-07-15,0,0,0
13496,CMP0120,3016,2025-07-15,0,0,0
13497,CMP0120,870,2025-07-15,0,0,0
13498,CMP0120,2190,2025-07-15,0,0,0
13499,CMP0120,778,2025-07-15,0,0,0
13500,CMP0120,2656,2025-07-15,0,0,0
13501,CMP0120,3366,2025-07-15,0,0,0
13502,CMP0120,411,2025-07-15,0,0,0
13503,CMP0120,804,2025-07-15,1,0,0
13504,CMP0120,1813,2025-07-15,1,0,0
13505,CMP0120,745,2025-07-15,0,0,0
13506,CMP0120,3106,2025-07-15,1,0,0
13507,CMP0120,1597,2025-07-15,0,0,0
13508,CMP0120,1775,2025-07-15,0,0,0
13509,CMP0120,2529,2025-07-15,0,0,0
13510,CMP0120,1960,2025-07-15,0,0,0
13511,CMP0120,3980,2025-07-15,0,0,0
13512,CMP0120,1262,2025-07-15,0,0,0
13513,CMP0120,3856,2025-07-15,1,0,0
13514,CMP0120,2361,2025-07-15,1,1,0
13515,CMP0120,983,2025-07-15,0,0,0
13516,CMP0120,950,2025-07-15,0,0,0
13517,CMP0120,841,2025-07-15,0,0,0
13518,CMP0120,2992,2025-07-15,0,0,0
13519,CMP0120,1429,2025-07-15,0,0,0
13520,CMP0120,1909,2025-07-15,0,0,0
13521,CMP0120,2227,2025-07-15,0,0,0
13522,CMP0120,149,2025-07-15,0,0,0
13523,CMP0120,2582,2025-07-15,0,0,0
13524,CMP0120,469,2025-07-15,0,0,0
13525,CMP0120,791,2025-07-15,0,0,0
13526,CMP0120,388,2025-07-15,0,0,0
13527,CMP0120,2597,2025-07-15,0,0,0
13528,CMP0120,1493,2025-07-15,1,0,0
13529,CMP0120,1363,2025-07-15,1,0,0
13530,CMP0120,2454,2025-07-15,0,0,0
13531,CMP0120,2300,2025-07-15,0,0,0
13532,CMP0120,2288,2025-07-15,0,0,0
13533,CMP0120,2264,2025-07-15,1,1,0
13534,CMP0120,2278,2025-07-15,0,0,0
13535,CMP0120,3141,2025-07-15,0,0,0
13536,CMP0120,1768,2025-07-15,1,0,0
13537,CMP0120,565,2025-07-15,0,0,0
13538,CMP0120,505,2025-07-15,0,0,0
13539,CMP0120,2519,2025-07-15,0,0,0
13540,CMP0120,955,2025-07-15,1,1,0
13541,CMP0120,2739,2025-07-15,0,0,0
13542,CMP0120,719,2025-07-15,0,0,0
13543,CMP0120,1059,2025-07-15,0,0,0
13544,CMP0120,642,2025-07-15,0,0,0
13545,CMP0120,3973,2025-07-15,1,0,0
13546,CMP0120,2881,2025-07-15,0,0,0
13547,CMP0120,1182,2025-07-15,0,0,0
13548,CMP0120,2795,2025-07-15,0,0,0
13549,CMP0120,2636,2025-07-15,1,0,0
13550,CMP0120,2052,2025-07-15,0,0,0
13551,CMP0120,3155,2025-07-15,0,0,0
13552,CMP0120,138,2025-07-15,0,0,0
13553,CMP0120,1730,2025-07-15,0,0,0
13554,CMP0120,62,2025-07-15,1,1,0
13555,CMP0120,2741,2025-07-15,0,0,0
13556,CMP0120,680,2025-07-15,0,0,0
13557,CMP0120,156,2025-07-15,1,1,0
13558,CMP0120,3758,2025-07-15,0,0,0
13559,CMP0120,2352,2025-07-15,0,0,0
13560,CMP0120,1809,2025-07-15,1,0,0
13561,CMP0120,1334,2025-07-15,0,0,0
13562,CMP0120,2181,2025-07-15,1,0,0
13563,CMP0120,2836,2025-07-15,0,0,0
13564,CMP0120,2362,2025-07-15,1,1,0
13565,CMP0120,2537,2025-07-15,0,0,0
13566,CMP0120,1897,2025-07-15,0,0,0
13567,CMP0120,3464,2025-07-15,1,0,0
13568,CMP0120,1183,2025-07-15,0,0,0
13569,CMP0120,607,2025-07-15,1,0,0
13570,CMP0120,133,2025-07-15,0,0,0
13571,CMP0120,1166,2025-07-15,0,0,0
13572,CMP0120,2607,2025-07-15,1,0,0
13573,CMP0120,3835,2025-07-15,1,0,0
13574,CMP0120,1415,2025-07-15,0,0,0
13575,CMP0120,200,2025-07-15,0,0,0
13576,CMP0120,167,2025-07-15,1,1,0
13577,CMP0120,2171,2025-07-15,0,0,0
13578,CMP0120,1678,2025-07-15,0,0,0
13579,CMP0120,2672,2025-07-15,0,0,0
13580,CMP0120,774,2025-07-15,1,0,0
13581,CMP0120,3719,2025-07-15,0,0,0
13582,CMP0120,1467,2025-07-15,0,0,0
13583,CMP0120,444,2025-07-15,0,0,0
13584,CMP0120,2137,2025-07-15,0,0,0
13585,CMP0120,973,2025-07-15,0,0,0
13586,CMP0120,3249,2025-07-15,0,0,0
13587,CMP0120,2179,2025-07-15,1,1,0
13588,CMP0120,1086,2025-07-15,1,0,0
13589,CMP0120,3567,2025-07-15,0,0,0
13590,CMP0120,1672,2025-07-15,0,0,0
13591,CMP0120,3576,2025-07-15,1,0,0
13592,CMP0120,3036,2025-07-15,0,0,0
13593,CMP0120,50,2025-07-15,1,0,0
13594,CMP0120,2096,2025-07-15,1,0,0
13595,CMP0120,1901,2025-07-15,1,0,0
13596,CMP0120,2600,2025-07-15,0,0,0
13597,CMP0120,1294,2025-07-15,1,0,0
13598,CMP0120,1925,2025-07-15,0,0,0
13599,CMP0120,3979,2025-07-15,0,0,0
13600,CMP0120,3876,2025-07-15,0,0,0
13601,CMP0120,494,2025-07-15,0,0,0
13602,CMP0120,1321,2025-07-15,0,0,0
13603,CMP0120,1436,2025-07-15,1,1,0
13604,CMP0120,1676,2025-07-15,0,0,0
13605,CMP0120,1511,2025-07-15,1,0,0
13606,CMP0120,3300,2025-07-15,1,1,0
13607,CMP0120,3461,2025-07-15,1,1,0
13608,CMP0120,1169,2025-07-15,0,0,0
13609,CMP0120,2635,2025-07-15,0,0,0
13610,CMP0120,1273,2025-07-15,1,0,0
13611,CMP0120,3449,2025-07-15,0,0,0
13612,CMP0120,785,2025-07-15,1,0,0
13613,CMP0120,949,2025-07-15,1,0,0
13614,CMP0120,3290,2025-07-15,0,0,0
13615,CMP0120,1160,2025-07-15,0,0,0
13616,CMP0120,3471,2025-07-15,0,0,0
13617,CMP0120,2792,2025-07-15,0,0,0
13618,CMP0120,2913,2025-07-15,1,0,0
13619,CMP0120,1530,2025-07-15,0,1,0
13620,CMP0120,1754,2025-07-15,1,0,0
13621,CMP0120,3932,2025-07-15,0,0,0
13622,CMP0120,3721,2025-07-15,1,0,0
13623,CMP0120,3324,2025-07-15,0,0,0
13624,CMP0120,381,2025-07-15,0,0,0
13625,CMP0120,2185,2025-07-15,0,0,0
13626,CMP0120,3447,2025-07-15,0,0,0
13627,CMP0120,3227,2025-07-15,0,0,0
13628,CMP0120,3829,2025-07-15,0,0,0
13629,CMP0120,2850,2025-07-15,0,0,0
13630,CMP0120,3729,2025-07-15,1,1,0
13631,CMP0120,22,2025-07-15,0,0,0
13632,CMP0120,166,2025-07-15,0,0,0
13633,CMP0120,2916,2025-07-15,0,0,0
13634,CMP0120,506,2025-07-15,0,0,0
13635,CMP0120,2803,2025-07-15,0,0,0
13636,CMP0120,3226,2025-07-15,0,0,0
13637,CMP0120,2290,2025-07-15,0,0,0
13638,CMP0120,2215,2025-07-15,0,0,0
13639,CMP0120,1912,2025-07-15,0,0,0
13640,CMP0120,1477,2025-07-15,0,0,0
13641,CMP0120,2088,2025-07-15,1,0,0
13642,CMP0120,2323,2025-07-15,0,0,0
13643,CMP0120,280,2025-07-15,0,0,0
13644,CMP0120,1392,2025-07-15,0,0,0
13645,CMP0120,36,2025-07-15,1,0,0
13646,CMP0120,1461,2025-07-15,1,0,0
13647,CMP0120,2380,2025-07-15,1,0,0
13648,CMP0120,2111,2025-07-15,1,0,0
13649,CMP0120,401,2025-07-15,0,0,0
13650,CMP0120,1581,2025-07-15,1,0,0
13651,CMP0120,2202,2025-07-15,0,0,0
13652,CMP0120,1185,2025-07-15,0,0,0
13653,CMP0120,225,2025-07-15,0,0,0
13654,CMP0120,3882,2025-07-15,0,0,0
13655,CMP0120,196,2025-07-15,1,0,0
13656,CMP0120,3930,2025-07-15,0,0,0
13657,CMP0120,3188,2025-07-15,0,0,0
13658,CMP0120,1319,2025-07-15,0,0,0
13659,CMP0120,2428,2025-07-15,0,0,0
13660,CMP0120,3219,2025-07-15,0,0,0
13661,CMP0120,2403,2025-07-15,0,0,0
13662,CMP0120,2180,2025-07-15,0,0,0
13663,CMP0120,2785,2025-07-15,1,1,0
13664,CMP0120,2178,2025-07-15,0,0,0
13665,CMP0120,628,2025-07-15,1,0,0
13666,CMP0120,563,2025-07-15,1,0,0
13667,CMP0120,1637,2025-07-15,1,0,0
13668,CMP0120,3152,2025-07-15,0,0,0
13669,CMP0120,1695,2025-07-15,0,0,0
13670,CMP0120,2496,2025-07-15,0,0,0
13671,CMP0120,3899,2025-07-15,0,0,0
13672,CMP0120,2345,2025-07-15,0,0,0
13673,CMP0120,3025,2025-07-15,0,0,0
13674,CMP0120,2679,2025-07-15,0,0,0
13675,CMP0120,716,2025-07-15,0,0,0
13676,CMP0120,1513,2025-07-15,0,0,0
13677,CMP0120,858,2025-07-15,0,0,0
13678,CMP0120,989,2025-07-15,0,0,0
13679,CMP0120,1561,2025-07-15,1,0,0
13680,CMP0120,3110,2025-07-15,0,0,0
13681,CMP0120,3704,2025-07-15,0,0,0
13682,CMP0120,945,2025-07-15,1,0,0
13683,CMP0120,1238,2025-07-15,0,0,0
13684,CMP0120,3658,2025-07-15,0,0,0
13685,CMP0120,3970,2025-07-15,1,0,0
13686,CMP0120,127,2025-07-15,0,0,0
13687,CMP0120,1397,2025-07-15,0,0,0
13688,CMP0120,1902,2025-07-15,0,0,0
13689,CMP0120,3022,2025-07-15,0,0,0
13690,CMP0120,3434,2025-07-15,1,0,0
13691,CMP0120,3943,2025-07-15,1,1,0
13692,CMP0120,1362,2025-07-15,0,0,0
13693,CMP0120,1541,2025-07-15,1,0,0
13694,CMP0120,2756,2025-07-15,0,0,0
13695,CMP0120,3301,2025-07-15,1,0,0
13696,CMP0120,2504,2025-07-15,0,0,0
13697,CMP0120,624,2025-07-15,0,0,0
13698,CMP0120,3694,2025-07-15,0,0,0
13699,CMP0120,3392,2025-07-15,0,0,0
13700,CMP0120,3211,2025-07-15,0,0,0
13701,CMP0120,103,2025-07-15,0,0,0
13702,CMP0120,2624,2025-07-15,0,0,0
13703,CMP0120,3728,2025-07-15,0,0,0
13704,CMP0120,1988,2025-07-15,1,0,0
13705,CMP0120,3297,2025-07-15,0,0,0
13706,CMP0120,2594,2025-07-15,0,0,0
13707,CMP0120,913,2025-07-15,0,0,0
13708,CMP0120,2541,2025-07-15,0,0,0
13709,CMP0120,669,2025-07-15,1,0,0
13710,CMP0120,1432,2025-07-15,0,0,0
13711,CMP0120,215,2025-07-15,1,0,0
13712,CMP0120,2272,2025-07-15,1,0,0
13713,CMP0120,894,2025-07-15,1,0,0
13714,CMP0120,3858,2025-07-15,1,0,0
13715,CMP0120,357,2025-07-15,0,0,0
13716,CMP0120,3168,2025-07-15,0,0,0
13717,CMP0120,1012,2025-07-15,1,1,0
13718,CMP0120,3810,2025-07-15,0,0,0
13719,CMP0120,1381,2025-07-15,0,0,0
13720,CMP0120,1061,2025-07-15,0,0,0
13721,CMP0120,493,2025-07-15,0,0,0
13722,CMP0120,1224,2025-07-15,0,0,0
13723,CMP0120,2020,2025-07-15,0,0,0
13724,CMP0120,1789,2025-07-15,0,0,0
13725,CMP0120,998,2025-07-15,1,1,0
13726,CMP0120,710,2025-07-15,1,1,0
13727,CMP0120,3528,2025-07-15,0,0,0
13728,CMP0120,1623,2025-07-15,1,0,0
13729,CMP0120,430,2025-07-15,1,0,0
13730,CMP0120,350,2025-07-15,0,0,0
13731,CMP0120,439,2025-07-15,0,0,0
13732,CMP0120,27,2025-07-15,1,1,0
13733,CMP0120,3171,2025-07-15,0,0,0
13734,CMP0120,1414,2025-07-15,1,0,0
13735,CMP0120,2138,2025-07-15,0,0,0
13736,CMP0120,748,2025-07-15,0,0,0
13737,CMP0120,24,2025-07-15,1,0,0
13738,CMP0120,3913,2025-07-15,0,0,0
13739,CMP0120,376,2025-07-15,0,0,0
13740,CMP0120,2663,2025-07-15,1,0,0
13741,CMP0120,3184,2025-07-15,0,0,0
13742,CMP0120,335,2025-07-15,0,0,0
13743,CMP0120,2924,2025-07-15,0,0,0
13744,CMP0120,1822,2025-07-15,1,0,0
13745,CMP0120,3038,2025-07-15,1,0,0
13746,CMP0120,3581,2025-07-15,0,0,0
13747,CMP0120,2499,2025-07-15,0,0,0
13748,CMP0120,1463,2025-07-15,1,0,0
13749,CMP0120,2331,2025-07-15,0,0,0
13750,CMP0120,1375,2025-07-15,1,1,0
13751,CMP0120,604,2025-07-15,1,1,0
13752,CMP0120,500,2025-07-15,1,1,0
13753,CMP0120,1318,2025-07-15,0,0,0
13754,CMP0120,2765,2025-07-15,0,0,0
13755,CMP0120,2760,2025-07-15,0,0,0
13756,CMP0120,2472,2025-07-15,1,0,0
13757,CMP0120,2869,2025-07-15,0,0,0
13758,CMP0120,2736,2025-07-15,1,0,0
13759,CMP0120,1670,2025-07-15,1,1,0
13760,CMP0120,2030,2025-07-15,0,0,0
13761,CMP0120,1285,2025-07-15,0,0,0
13762,CMP0120,1456,2025-07-15,1,0,0
13763,CMP0120,190,2025-07-15,0,0,0
13764,CMP0120,3427,2025-07-15,0,0,0
13765,CMP0120,3317,2025-07-15,1,1,0
13766,CMP0120,1640,2025-07-15,0,0,0
13767,CMP0120,1779,2025-07-15,0,0,0
13768,CMP0120,1198,2025-07-15,0,0,0
13769,CMP0120,2596,2025-07-15,0,0,0
13770,CMP0120,1975,2025-07-15,0,0,0
13771,CMP0120,277,2025-07-15,0,0,0
13772,CMP0120,140,2025-07-15,0,0,0
13773,CMP0120,2879,2025-07-15,1,0,0
13774,CMP0120,1625,2025-07-15,0,0,0
13775,CMP0120,770,2025-07-15,0,0,0
13776,CMP0120,3007,2025-07-15,1,0,0
13777,CMP0120,3370,2025-07-15,1,0,0
13778,CMP0120,2584,2025-07-15,0,0,0
13779,CMP0120,681,2025-07-15,0,0,0
13780,CMP0120,1409,2025-07-15,1,0,0
13781,CMP0120,2769,2025-07-15,0,0,0
13782,CMP0120,3845,2025-07-15,0,0,0
13783,CMP0120,3859,2025-07-15,1,0,0
13784,CMP0120,3498,2025-07-15,0,0,0
13785,CMP0120,3496,2025-07-15,1,0,0
13786,CMP0120,3191,2025-07-15,0,0,0
13787,CMP0120,295,2025-07-15,0,0,0
13788,CMP0120,3735,2025-07-15,0,0,0
13789,CMP0120,2903,2025-07-15,0,0,0
13790,CMP0120,2228,2025-07-15,0,0,0
13791,CMP0120,3113,2025-07-15,1,0,0
13792,CMP0120,1215,2025-07-15,0,0,0
13793,CMP0120,2028,2025-07-15,0,0,0
13794,CMP0120,3154,2025-07-15,0,0,0
13795,CMP0120,527,2025-07-15,1,0,0
13796,CMP0120,797,2025-07-15,1,0,0
13797,CMP0120,1937,2025-07-15,0,0,0
13798,CMP0120,937,2025-07-15,0,0,0
13799,CMP0120,3815,2025-07-15,1,0,0
13800,CMP0120,3068,2025-07-15,0,0,0
13801,CMP0120,2815,2025-07-15,0,0,0
13802,CMP0120,2619,2025-07-15,0,0,0
13803,CMP0120,2876,2025-07-15,0,0,0
13804,CMP0120,289,2025-07-15,1,0,0
13805,CMP0120,3710,2025-07-15,0,0,0
13806,CMP0120,91,2025-07-15,0,0,0
13807,CMP0120,3322,2025-07-15,0,0,0
13808,CMP0120,1355,2025-07-15,0,0,0
13809,CMP0120,1261,2025-07-15,0,0,0
13810,CMP0120,1852,2025-07-15,0,0,0
13811,CMP0120,2722,2025-07-15,0,0,0
13812,CMP0120,1478,2025-07-15,1,1,0
13813,CMP0120,438,2025-07-15,0,0,0
13814,CMP0120,3228,2025-07-15,1,0,0
13815,CMP0120,212,2025-07-15,1,0,0
13816,CMP0120,2312,2025-07-15,0,0,0
13817,CMP0120,1034,2025-07-15,0,0,0
13818,CMP0120,2855,2025-07-15,0,0,0
13819,CMP0120,105,2025-07-15,1,0,0
13820,CMP0120,3711,2025-07-15,0,0,0
13821,CMP0120,3222,2025-07-15,0,0,0
13822,CMP0120,3253,2025-07-15,0,0,0
13823,CMP0120,3641,2025-07-15,0,0,0
13824,CMP0120,219,2025-07-15,0,0,0
13825,CMP0120,192,2025-07-15,1,0,0
13826,CMP0120,1885,2025-07-15,0,0,0
13827,CMP0120,1502,2025-07-15,0,0,0
13828,CMP0120,2443,2025-07-15,1,0,0
13829,CMP0120,352,2025-07-15,1,0,0
13830,CMP0120,3033,2025-07-15,0,0,0
13831,CMP0120,3916,2025-07-15,1,0,0
13832,CMP0120,1935,2025-07-15,1,0,0
13833,CMP0120,1234,2025-07-15,0,0,0
13834,CMP0120,811,2025-07-15,1,0,0
13835,CMP0120,2570,2025-07-15,0,0,0
13836,CMP0120,2336,2025-07-15,1,0,0
13837,CMP0120,180,2025-07-15,0,0,0
13838,CMP0120,510,2025-07-15,1,0,0
13839,CMP0120,3189,2025-07-15,0,0,0
13840,CMP0120,2464,2025-07-15,1,0,0
13841,CMP0120,2998,2025-07-15,0,0,0
13842,CMP0120,1661,2025-07-15,0,0,0
13843,CMP0120,985,2025-07-15,0,0,0
13844,CMP0120,2757,2025-07-15,1,0,0
13845,CMP0120,2095,2025-07-15,0,0,0
13846,CMP0120,683,2025-07-15,1,0,0
13847,CMP0120,3415,2025-07-15,0,0,0
13848,CMP0120,3660,2025-07-15,0,0,0
13849,CMP0120,1719,2025-07-15,1,1,0
13850,CMP0120,3401,2025-07-15,0,0,0
13851,CMP0120,2660,2025-07-15,1,0,0
13852,CMP0120,4003,2025-07-15,1,0,0
13853,CMP0120,3793,2025-07-15,0,0,0
13854,CMP0120,2287,2025-07-15,0,0,0
13855,CMP0120,2546,2025-07-15,1,0,0
13856,CMP0120,3960,2025-07-15,0,0,0
13857,CMP0120,2849,2025-07-15,0,0,0
13858,CMP0120,303,2025-07-15,0,0,0
13859,CMP0120,316,2025-07-15,0,0,0
13860,CMP0120,3174,2025-07-15,1,0,0
13861,CMP0120,1858,2025-07-15,0,0,0
13862,CMP0120,641,2025-07-15,0,0,0
13863,CMP0120,568,2025-07-15,0,0,0
13864,CMP0120,3817,2025-07-15,0,0,0
13865,CMP0120,3015,2025-07-15,0,0,0
13866,CMP0120,3984,2025-07-15,0,0,0
13867,CMP0120,1474,2025-07-15,1,1,0
13868,CMP0120,3801,2025-07-15,1,0,0
13869,CMP0120,2506,2025-07-15,0,0,0
13870,CMP0120,1446,2025-07-15,0,0,0
13871,CMP0120,3213,2025-07-15,0,0,0
13872,CMP0120,2520,2025-07-15,0,0,0
13873,CMP0120,3871,2025-07-15,1,0,0
13874,CMP0120,2905,2025-07-15,0,0,0
13875,CMP0120,2265,2025-07-15,0,0,0
13876,CMP0120,1462,2025-07-15,0,0,0
13877,CMP0120,584,2025-07-15,1,0,0
13878,CMP0120,1983,2025-07-15,0,0,0
13879,CMP0120,2359,2025-07-15,0,0,0
13880,CMP0120,34,2025-07-15,0,0,0
13881,CMP0120,3866,2025-07-15,0,0,0
13882,CMP0120,1793,2025-07-15,0,0,0
13883,CMP0120,571,2025-07-15,0,0,0
13884,CMP0120,2166,2025-07-15,1,0,0
13885,CMP0120,209,2025-07-15,0,0,0
13886,CMP0120,3177,2025-07-15,0,0,0
13887,CMP0120,136,2025-07-15,0,0,0
13888,CMP0120,326,2025-07-15,0,0,0
13889,CMP0120,3407,2025-07-15,1,0,0
13890,CMP0120,882,2025-07-15,0,0,0
13891,CMP0120,3477,2025-07-15,0,0,0
13892,CMP0120,2232,2025-07-15,0,0,0
13893,CMP0120,1614,2025-07-15,0,0,0
13894,CMP0120,2406,2025-07-15,0,0,0
13895,CMP0120,3355,2025-07-15,0,0,0
13896,CMP0120,1170,2025-07-15,0,0,0
13897,CMP0120,1985,2025-07-15,0,0,0
13898,CMP0120,1674,2025-07-15,1,0,0
13899,CMP0120,3666,2025-07-15,0,0,0
13900,CMP0120,3698,2025-07-15,0,0,0
13901,CMP0120,2658,2025-07-15,0,0,1
13902,CMP0120,2148,2025-07-15,0,0,0
13903,CMP0120,2256,2025-07-15,0,0,0
13904,CMP0120,2583,2025-07-15,0,0,0
13905,CMP0120,20,2025-07-15,0,0,0
13906,CMP0120,1601,2025-07-15,0,0,0
13907,CMP0120,3857,2025-07-15,0,0,0
13908,CMP0120,2429,2025-07-15,0,0,0
13909,CMP0120,736,2025-07-15,0,0,0
13910,CMP0120,333,2025-07-15,0,0,0
13911,CMP0120,962,2025-07-15,0,0,0
13912,CMP0120,3798,2025-07-15,1,0,0
13913,CMP0120,398,2025-07-15,0,0,0
13914,CMP0120,3278,2025-07-15,0,0,0
13915,CMP0120,1538,2025-07-15,0,0,0
13916,CMP0120,2156,2025-07-15,0,0,0
13917,CMP0120,1840,2025-07-15,0,0,0
13918,CMP0120,1051,2025-07-15,1,0,0
13919,CMP0120,3394,2025-07-15,0,0,0
13920,CMP0120,2651,2025-07-15,1,0,0
13921,CMP0120,572,2025-07-15,1,0,0
13922,CMP0120,697,2025-07-15,1,1,0
13923,CMP0120,2976,2025-07-15,0,0,0
13924,CMP0120,1652,2025-07-15,1,1,0
13925,CMP0120,3904,2025-07-15,0,0,0
13926,CMP0120,1293,2025-07-15,0,0,0
13927,CMP0120,2249,2025-07-15,0,0,0
13928,CMP0120,3953,2025-07-15,0,0,0
13929,CMP0120,1142,2025-07-15,0,0,0
13930,CMP0120,550,2025-07-15,1,0,0
13931,CMP0120,2201,2025-07-15,0,0,0
13932,CMP0120,428,2025-07-15,0,0,0
13933,CMP0120,1292,2025-07-15,0,0,0
13934,CMP0120,2652,2025-07-15,0,0,0
13935,CMP0120,836,2025-07-15,1,1,0
13936,CMP0120,3112,2025-07-15,1,1,0
13937,CMP0120,498,2025-07-15,0,0,0
13938,CMP0120,2320,2025-07-15,0,0,0
13939,CMP0120,419,2025-07-15,0,0,0
13940,CMP0120,3087,2025-07-15,1,1,0
13941,CMP0120,2003,2025-07-15,1,1,0
13942,CMP0120,2957,2025-07-15,0,0,0
13943,CMP0120,1452,2025-07-15,0,0,0
13944,CMP0120,2007,2025-07-15,1,0,0
13945,CMP0120,3484,2025-07-15,1,0,0
13946,CMP0120,3738,2025-07-15,0,0,0
13947,CMP0120,2039,2025-07-15,0,0,0
13948,CMP0120,418,2025-07-15,1,0,0
13949,CMP0120,1220,2025-07-15,0,0,0
13950,CMP0120,860,2025-07-15,0,0,0
13951,CMP0120,3343,2025-07-15,1,0,0
13952,CMP0120,490,2025-07-15,0,0,0
13953,CMP0120,1109,2025-07-15,0,0,0
13954,CMP0120,977,2025-07-15,0,0,0
13955,CMP0120,2447,2025-07-15,1,1,0
13956,CMP0120,391,2025-07-15,1,1,0
13957,CMP0120,3554,2025-07-15,1,1,1
13958,CMP0120,2845,2025-07-15,0,0,0
13959,CMP0120,1859,2025-07-15,1,1,0
13960,CMP0120,1253,2025-07-15,0,0,0
13961,CMP0120,3807,2025-07-15,1,0,0
13962,CMP0120,59,2025-07-15,0,0,0
13963,CMP0120,56,2025-07-15,0,0,0
13964,CMP0120,3057,2025-07-15,0,0,0
13965,CMP0120,3061,2025-07-15,1,0,0
13966,CMP0120,1619,2025-07-15,1,0,0
13967,CMP0120,201,2025-07-15,0,0,0
13968,CMP0120,3842,2025-07-15,0,0,0
13969,CMP0120,2641,2025-07-15,0,0,0
13970,CMP0120,534,2025-07-15,0,0,0
13971,CMP0120,2084,2025-07-15,0,0,0
13972,CMP0120,602,2025-07-15,0,0,0
13973,CMP0120,1284,2025-07-15,1,0,0
13974,CMP0120,3342,2025-07-15,0,0,0
13975,CMP0120,3924,2025-07-15,0,0,0
13976,CMP0120,349,2025-07-15,1,0,0
13977,CMP0120,3176,2025-07-15,0,0,0
13978,CMP0120,60,2025-07-15,0,0,0
13979,CMP0120,2483,2025-07-15,0,0,0
13980,CMP0120,3676,2025-07-15,1,0,0
13981,CMP0120,686,2025-07-15,0,0,0
13982,CMP0120,1904,2025-07-15,0,0,0
13983,CMP0120,1633,2025-07-15,0,0,0
13984,CMP0120,914,2025-07-15,1,0,0
13985,CMP0120,3127,2025-07-15,0,0,0
13986,CMP0120,616,2025-07-15,0,0,0
13987,CMP0120,1889,2025-07-15,1,0,0
13988,CMP0120,1226,2025-07-15,0,0,0
13989,CMP0120,852,2025-07-15,0,0,0
13990,CMP0120,3959,2025-07-15,0,0,0
13991,CMP0120,2940,2025-07-15,1,1,0
13992,CMP0120,740,2025-07-15,1,0,0
13993,CMP0120,3668,2025-07-15,0,0,0
13994,CMP0120,1296,2025-07-15,1,0,0
13995,CMP0120,3607,2025-07-15,0,0,0
13996,CMP0120,2436,2025-07-15,0,0,0
13997,CMP0120,3101,2025-07-15,0,0,0
13998,CMP0120,2034,2025-07-15,0,0,0
13999,CMP0120,3440,2025-07-15,0,0,0
14000,CMP0120,599,2025-07-15,0,0,0
14001,CMP0120,1855,2025-07-15,1,0,0
14002,CMP0120,1875,2025-07-15,1,0,0
14003,CMP0120,263,2025-07-15,1,1,0
14004,CMP0120,2926,2025-07-15,1,0,0
14005,CMP0120,275,2025-07-15,0,0,0
14006,CMP0120,1551,2025-07-15,0,0,0
14007,CMP0120,484,2025-07-15,0,0,0
14008,CMP0120,779,2025-07-15,1,1,0
14009,CMP0120,2859,2025-07-15,0,0,0
14010,CMP0120,979,2025-07-15,1,0,0
14011,CMP0120,3416,2025-07-15,0,0,0
14012,CMP0120,3901,2025-07-15,0,0,0
14013,CMP0120,802,2025-07-15,0,0,0
14014,CMP0120,3588,2025-07-15,0,0,0
14015,CMP0120,3117,2025-07-15,0,0,0
14016,CMP0120,3436,2025-07-15,1,0,0
14017,CMP0120,2358,2025-07-15,0,0,0
14018,CMP0120,137,2025-07-15,0,0,0
14019,CMP0120,3527,2025-07-15,0,0,0
14020,CMP0120,3563,2025-07-15,0,0,0
14021,CMP0120,865,2025-07-15,1,0,0
14022,CMP0120,3849,2025-07-15,0,0,0
14023,CMP0120,2962,2025-07-15,0,0,0
14024,CMP0120,3948,2025-07-15,0,0,0
14025,CMP0120,452,2025-07-15,0,0,0
14026,CMP0120,570,2025-07-15,0,0,0
14027,CMP0120,2071,2025-07-15,0,0,0
14028,CMP0120,2173,2025-07-15,0,0,0
14029,CMP0120,246,2025-07-15,0,0,0
14030,CMP0120,3677,2025-07-15,0,0,0
14031,CMP0120,2242,2025-07-15,1,0,0
14032,CMP0120,842,2025-07-15,0,0,0
14033,CMP0120,3497,2025-07-15,0,0,0
14034,CMP0120,3891,2025-07-15,1,1,0
14035,CMP0120,2697,2025-07-15,0,0,0
14036,CMP0120,293,2025-07-15,0,0,0
14037,CMP0120,1298,2025-07-15,0,0,0
14038,CMP0120,1260,2025-07-15,0,0,0
14039,CMP0120,1068,2025-07-15,0,0,0
14040,CMP0120,2763,2025-07-15,0,0,0
14041,CMP0120,3981,2025-07-15,0,0,0
14042,CMP0120,1963,2025-07-15,0,0,0
14043,CMP0026,1676,2024-11-14,1,1,0
14044,CMP0026,1528,2024-11-14,0,0,0
14045,CMP0026,3046,2024-11-14,0,0,0
14046,CMP0026,430,2024-11-14,1,0,0
14047,CMP0026,1514,2024-11-14,0,0,0
14048,CMP0026,1974,2024-11-14,0,0,0
14049,CMP0026,344,2024-11-14,0,0,0
14050,CMP0026,3011,2024-11-14,0,0,0
14051,CMP0026,880,2024-11-14,1,1,0
14052,CMP0026,32,2024-11-14,1,1,0
14053,CMP0026,2050,2024-11-14,0,0,0
14054,CMP0026,3361,2024-11-14,0,0,0
14055,CMP0026,1918,2024-11-14,1,0,0
14056,CMP0026,3512,2024-11-14,0,0,0
14057,CMP0026,1933,2024-11-14,1,1,0
14058,CMP0026,1920,2024-11-14,1,0,0
14059,CMP0026,836,2024-11-14,0,0,0
14060,CMP0026,2755,2024-11-14,1,0,0
14061,CMP0026,3180,2024-11-14,0,0,0
14062,CMP0026,1880,2024-11-14,0,0,0
14063,CMP0026,2357,2024-11-14,0,0,0
14064,CMP0026,3311,2024-11-14,1,0,0
14065,CMP0026,3033,2024-11-14,0,0,0
14066,CMP0026,2210,2024-11-14,0,0,0
14067,CMP0026,3146,2024-11-14,0,0,0
14068,CMP0026,2786,2024-11-14,0,0,0
14069,CMP0026,3167,2024-11-14,1,0,0
14070,CMP0026,2439,2024-11-14,0,0,0
14071,CMP0026,186,2024-11-14,0,0,0
14072,CMP0026,2711,2024-11-14,1,0,0
14073,CMP0026,352,2024-11-14,0,0,0
14074,CMP0026,3380,2024-11-14,0,0,0
14075,CMP0026,1387,2024-11-14,0,0,0
14076,CMP0026,1479,2024-11-14,0,0,0
14077,CMP0026,2530,2024-11-14,1,0,0
14078,CMP0026,3525,2024-11-14,0,0,0
14079,CMP0026,3117,2024-11-14,1,0,0
14080,CMP0026,3459,2024-11-14,0,0,0
14081,CMP0026,2381,2024-11-14,0,0,0
14082,CMP0026,841,2024-11-14,1,0,0
14083,CMP0026,3489,2024-11-14,1,0,0
14084,CMP0026,1284,2024-11-14,0,0,0
14085,CMP0026,988,2024-11-14,1,0,0
14086,CMP0026,1435,2024-11-14,1,0,0
14087,CMP0026,2306,2024-11-14,0,0,0
14088,CMP0026,3931,2024-11-14,0,0,0
14089,CMP0026,2536,2024-11-14,0,0,0
14090,CMP0026,2628,2024-11-14,0,0,0
14091,CMP0026,2582,2024-11-14,0,0,0
14092,CMP0026,1259,2024-11-14,0,0,0
14093,CMP0026,3286,2024-11-14,0,0,0
14094,CMP0026,3899,2024-11-14,1,0,0
14095,CMP0026,2218,2024-11-14,0,0,0
14096,CMP0026,2379,2024-11-14,1,0,0
14097,CMP0026,2137,2024-11-14,1,1,0
14098,CMP0026,45,2024-11-14,0,0,0
14099,CMP0026,3741,2024-11-14,0,1,0
14100,CMP0026,469,2024-11-14,1,0,0
14101,CMP0026,3418,2024-11-14,0,0,0
14102,CMP0026,2457,2024-11-14,0,0,0
14103,CMP0026,3739,2024-11-14,0,0,0
14104,CMP0026,3943,2024-11-14,0,0,0
14105,CMP0026,2675,2024-11-14,0,0,0
14106,CMP0026,1159,2024-11-14,1,0,0
14107,CMP0026,782,2024-11-14,0,0,0
14108,CMP0026,2358,2024-11-14,1,0,0
14109,CMP0026,3916,2024-11-14,0,0,0
14110,CMP0026,464,2024-11-14,0,0,0
14111,CMP0026,1864,2024-11-14,1,0,0
14112,CMP0026,3266,2024-11-14,0,0,0
14113,CMP0026,1129,2024-11-14,0,0,0
14114,CMP0026,3080,2024-11-14,0,0,0
14115,CMP0026,209,2024-11-14,0,0,0
14116,CMP0026,1071,2024-11-14,1,0,0
14117,CMP0026,299,2024-11-14,1,0,0
14118,CMP0026,1415,2024-11-14,0,1,0
14119,CMP0026,2067,2024-11-14,0,0,0
14120,CMP0026,2020,2024-11-14,0,0,0
14121,CMP0026,463,2024-11-14,0,0,0
14122,CMP0026,701,2024-11-14,1,0,0
14123,CMP0026,3767,2024-11-14,0,0,0
14124,CMP0026,61,2024-11-14,1,0,0
14125,CMP0026,804,2024-11-14,0,0,0
14126,CMP0026,1030,2024-11-14,0,0,0
14127,CMP0026,438,2024-11-14,0,0,0
14128,CMP0026,1906,2024-11-14,0,0,0
14129,CMP0026,2467,2024-11-14,0,0,0
14130,CMP0026,621,2024-11-14,1,0,0
14131,CMP0026,90,2024-11-14,0,0,0
14132,CMP0026,2524,2024-11-14,0,0,0
14133,CMP0026,1942,2024-11-14,0,0,0
14134,CMP0026,2140,2024-11-14,0,0,0
14135,CMP0026,1019,2024-11-14,0,0,0
14136,CMP0026,1342,2024-11-14,1,0,0
14137,CMP0026,3209,2024-11-14,1,0,0
14138,CMP0026,4015,2024-11-14,0,0,0
14139,CMP0026,2697,2024-11-14,0,0,0
14140,CMP0026,283,2024-11-14,0,0,0
14141,CMP0026,3892,2024-11-14,1,0,0
14142,CMP0026,374,2024-11-14,0,0,0
14143,CMP0026,3181,2024-11-14,0,0,0
14144,CMP0026,970,2024-11-14,1,0,0
14145,CMP0026,2629,2024-11-14,1,0,0
14146,CMP0026,1199,2024-11-14,1,0,0
14147,CMP0026,652,2024-11-14,1,1,0
14148,CMP0026,3855,2024-11-14,1,0,0
14149,CMP0026,3093,2024-11-14,0,0,0
14150,CMP0026,432,2024-11-14,0,0,0
14151,CMP0026,1121,2024-11-14,0,0,0
14152,CMP0026,1924,2024-11-14,0,0,0
14153,CMP0026,2295,2024-11-14,1,0,0
14154,CMP0026,216,2024-11-14,0,0,0
14155,CMP0026,1754,2024-11-14,1,0,0
14156,CMP0026,2268,2024-11-14,1,0,0
14157,CMP0026,2312,2024-11-14,0,0,0
14158,CMP0026,436,2024-11-14,0,0,0
14159,CMP0026,3714,2024-11-14,0,0,0
14160,CMP0026,492,2024-11-14,0,0,0
14161,CMP0026,3517,2024-11-14,0,0,0
14162,CMP0026,1775,2024-11-14,0,0,0
14163,CMP0026,2682,2024-11-14,0,0,0
14164,CMP0026,2656,2024-11-14,0,0,0
14165,CMP0026,212,2024-11-14,0,0,0
14166,CMP0026,381,2024-11-14,0,0,0
14167,CMP0026,3278,2024-11-14,0,0,0
14168,CMP0026,3967,2024-11-14,1,1,0
14169,CMP0026,3904,2024-11-14,0,0,0
14170,CMP0026,649,2024-11-14,0,0,0
14171,CMP0026,3573,2024-11-14,0,0,0
14172,CMP0026,1029,2024-11-14,1,0,0
14173,CMP0026,982,2024-11-14,0,0,0
14174,CMP0026,3889,2024-11-14,1,0,0
14175,CMP0026,672,2024-11-14,0,0,0
14176,CMP0026,2322,2024-11-14,1,0,0
14177,CMP0026,2562,2024-11-14,0,0,0
14178,CMP0026,3919,2024-11-14,0,0,0
14179,CMP0026,2646,2024-11-14,1,0,0
14180,CMP0026,2226,2024-11-14,1,0,0
14181,CMP0026,1902,2024-11-14,0,0,0
14182,CMP0026,2249,2024-11-14,0,0,0
14183,CMP0026,641,2024-11-14,1,1,0
14184,CMP0026,2972,2024-11-14,0,0,0
14185,CMP0026,2768,2024-11-14,1,0,0
14186,CMP0026,2668,2024-11-14,0,0,0
14187,CMP0026,392,2024-11-14,0,0,0
14188,CMP0026,361,2024-11-14,0,1,0
14189,CMP0026,2378,2024-11-14,1,0,0
14190,CMP0026,3160,2024-11-14,0,0,0
14191,CMP0026,1169,2024-11-14,0,0,0
14192,CMP0026,74,2024-11-14,0,0,0
14193,CMP0026,3831,2024-11-14,0,0,0
14194,CMP0026,2626,2024-11-14,0,0,0
14195,CMP0026,3103,2024-11-14,0,0,0
14196,CMP0026,2878,2024-11-14,1,0,0
14197,CMP0026,3876,2024-11-14,1,1,0
14198,CMP0026,1624,2024-11-14,0,0,0
14199,CMP0026,2075,2024-11-14,0,0,0
14200,CMP0026,3837,2024-11-14,0,1,0
14201,CMP0026,3683,2024-11-14,0,0,0
14202,CMP0026,1304,2024-11-14,0,0,0
14203,CMP0026,36,2024-11-14,0,0,0
14204,CMP0026,3495,2024-11-14,1,0,0
14205,CMP0026,1434,2024-11-14,1,0,0
14206,CMP0026,3623,2024-11-14,0,0,0
14207,CMP0026,445,2024-11-14,1,0,0
14208,CMP0026,9,2024-11-14,1,1,0
14209,CMP0026,2272,2024-11-14,1,0,0
14210,CMP0026,1653,2024-11-14,1,0,0
14211,CMP0026,1243,2024-11-14,0,0,0
14212,CMP0026,490,2024-11-14,0,0,0
14213,CMP0026,3677,2024-11-14,1,0,0
14214,CMP0026,500,2024-11-14,0,0,0
14215,CMP0026,3527,2024-11-14,1,1,0
14216,CMP0026,1321,2024-11-14,0,0,0
14217,CMP0026,3832,2024-11-14,1,0,0
14218,CMP0026,3898,2024-11-14,1,0,0
14219,CMP0026,676,2024-11-14,0,0,0
14220,CMP0026,3112,2024-11-14,0,0,0
14221,CMP0026,1036,2024-11-14,0,0,0
14222,CMP0026,2705,2024-11-14,1,0,0
14223,CMP0026,1594,2024-11-14,1,0,0
14224,CMP0026,570,2024-11-14,1,0,0
14225,CMP0026,2362,2024-11-14,0,0,0
14226,CMP0026,1344,2024-11-14,0,0,0
14227,CMP0026,1827,2024-11-14,0,0,0
14228,CMP0026,225,2024-11-14,0,0,0
14229,CMP0026,3547,2024-11-14,0,0,0
14230,CMP0026,585,2024-11-14,1,0,0
14231,CMP0026,1379,2024-11-14,0,0,0
14232,CMP0026,2620,2024-11-14,0,0,0
14233,CMP0026,1717,2024-11-14,1,0,0
14234,CMP0026,1432,2024-11-14,0,0,0
14235,CMP0026,3497,2024-11-14,1,0,0
14236,CMP0026,3128,2024-11-14,0,0,0
14237,CMP0026,2698,2024-11-14,0,0,0
14238,CMP0026,3440,2024-11-14,0,0,0
14239,CMP0026,489,2024-11-14,0,0,0
14240,CMP0026,1637,2024-11-14,0,0,0
14241,CMP0026,3291,2024-11-14,1,0,0
14242,CMP0026,524,2024-11-14,0,0,0
14243,CMP0026,629,2024-11-14,0,0,0
14244,CMP0026,17,2024-11-14,0,0,0
14245,CMP0026,70,2024-11-14,0,0,0
14246,CMP0026,1327,2024-11-14,1,0,0
14247,CMP0026,1741,2024-11-14,0,0,0
14248,CMP0026,2280,2024-11-14,0,0,0
14249,CMP0026,2801,2024-11-14,0,0,0
14250,CMP0026,3528,2024-11-14,0,0,0
14251,CMP0026,1970,2024-11-14,0,0,0
14252,CMP0026,3933,2024-11-14,0,0,0
14253,CMP0026,761,2024-11-14,0,0,0
14254,CMP0026,160,2024-11-14,0,0,0
14255,CMP0026,1428,2024-11-14,0,0,0
14256,CMP0026,1714,2024-11-14,0,0,0
14257,CMP0026,3317,2024-11-14,0,0,0
14258,CMP0026,2782,2024-11-14,1,1,0
14259,CMP0026,2658,2024-11-14,0,0,0
14260,CMP0026,323,2024-11-14,1,0,0
14261,CMP0026,1702,2024-11-14,0,0,0
14262,CMP0026,2890,2024-11-14,0,0,0
14263,CMP0026,2097,2024-11-14,0,0,0
14264,CMP0026,3496,2024-11-14,0,0,0
14265,CMP0026,3428,2024-11-14,0,0,0
14266,CMP0026,2546,2024-11-14,0,0,0
14267,CMP0026,770,2024-11-14,0,0,0
14268,CMP0026,504,2024-11-14,1,0,0
14269,CMP0026,444,2024-11-14,0,0,0
14270,CMP0026,1859,2024-11-14,0,0,0
14271,CMP0026,3101,2024-11-14,0,0,0
14272,CMP0026,289,2024-11-14,1,0,0
14273,CMP0026,1517,2024-11-14,0,0,0
14274,CMP0026,697,2024-11-14,0,0,0
14275,CMP0026,1732,2024-11-14,0,0,0
14276,CMP0026,1791,2024-11-14,0,0,0
14277,CMP0026,2498,2024-11-14,0,0,0
14278,CMP0026,3812,2024-11-14,0,0,0
14279,CMP0026,3719,2024-11-14,1,0,0
14280,CMP0026,1382,2024-11-14,0,0,0
14281,CMP0026,785,2024-11-14,1,0,0
14282,CMP0026,3912,2024-11-14,0,0,0
14283,CMP0026,1340,2024-11-14,0,0,0
14284,CMP0026,2257,2024-11-14,0,0,0
14285,CMP0026,3510,2024-11-14,0,0,0
14286,CMP0026,2308,2024-11-14,0,0,0
14287,CMP0026,2798,2024-11-14,1,0,0
14288,CMP0026,1216,2024-11-14,0,0,0
14289,CMP0026,3327,2024-11-14,1,1,0
14290,CMP0026,3682,2024-11-14,0,0,0
14291,CMP0026,874,2024-11-14,1,0,0
14292,CMP0026,2860,2024-11-14,0,0,0
14293,CMP0026,1565,2024-11-14,1,0,0
14294,CMP0026,2571,2024-11-14,0,0,0
14295,CMP0026,707,2024-11-14,0,0,0
14296,CMP0026,1013,2024-11-14,1,0,0
14297,CMP0026,2244,2024-11-14,1,0,0
14298,CMP0026,2239,2024-11-14,1,0,0
14299,CMP0026,3197,2024-11-14,0,0,0
14300,CMP0026,3817,2024-11-14,0,0,0
14301,CMP0026,616,2024-11-14,1,0,0
14302,CMP0026,1692,2024-11-14,1,0,0
14303,CMP0026,3882,2024-11-14,0,0,0
14304,CMP0026,3292,2024-11-14,0,0,0
14305,CMP0026,825,2024-11-14,0,0,0
14306,CMP0026,2145,2024-11-14,1,1,0
14307,CMP0026,2494,2024-11-14,1,1,0
14308,CMP0026,2506,2024-11-14,1,0,0
14309,CMP0026,3786,2024-11-14,0,0,0
14310,CMP0026,1757,2024-11-14,0,0,0
14311,CMP0026,3766,2024-11-14,0,0,0
14312,CMP0026,60,2024-11-14,0,1,0
14313,CMP0026,2789,2024-11-14,0,0,0
14314,CMP0026,771,2024-11-14,0,0,0
14315,CMP0026,865,2024-11-14,0,0,0
14316,CMP0026,2535,2024-11-14,0,0,0
14317,CMP0026,171,2024-11-14,1,0,0
14318,CMP0026,1568,2024-11-14,1,0,0
14319,CMP0026,3392,2024-11-14,0,0,0
14320,CMP0026,2076,2024-11-14,1,0,0
14321,CMP0026,945,2024-11-14,0,0,0
14322,CMP0026,3176,2024-11-14,1,1,0
14323,CMP0026,2739,2024-11-14,0,0,0
14324,CMP0026,3417,2024-11-14,0,0,0
14325,CMP0026,62,2024-11-14,1,0,0
14326,CMP0026,2340,2024-11-14,1,0,0
14327,CMP0026,1399,2024-11-14,1,1,0
14328,CMP0026,2388,2024-11-14,1,0,0
14329,CMP0026,3995,2024-11-14,0,0,0
14330,CMP0026,2813,2024-11-14,0,0,0
14331,CMP0026,736,2024-11-14,0,0,0
14332,CMP0026,101,2024-11-14,0,0,0
14333,CMP0026,820,2024-11-14,0,0,0
14334,CMP0026,1334,2024-11-14,0,0,0
14335,CMP0026,517,2024-11-14,0,0,0
14336,CMP0026,1502,2024-11-14,0,0,0
14337,CMP0026,3436,2024-11-14,1,0,0
14338,CMP0026,1803,2024-11-14,0,0,0
14339,CMP0026,3460,2024-11-14,0,0,0
14340,CMP0026,40,2024-11-14,0,0,0
14341,CMP0026,297,2024-11-14,0,0,0
14342,CMP0026,3661,2024-11-14,0,0,0
14343,CMP0026,3888,2024-11-14,0,0,0
14344,CMP0026,1873,2024-11-14,0,0,0
14345,CMP0026,1180,2024-11-14,0,0,0
14346,CMP0026,3554,2024-11-14,0,0,0
14347,CMP0026,2393,2024-11-14,0,0,0
14348,CMP0026,376,2024-11-14,1,0,0
14349,CMP0026,2158,2024-11-14,0,0,0
14350,CMP0026,2444,2024-11-14,0,0,0
14351,CMP0026,2139,2024-11-14,1,0,0
14352,CMP0026,2486,2024-11-14,1,1,0
14353,CMP0026,2273,2024-11-14,0,0,0
14354,CMP0026,1620,2024-11-14,0,0,0
14355,CMP0026,3800,2024-11-14,1,0,0
14356,CMP0026,2968,2024-11-14,0,0,0
14357,CMP0026,860,2024-11-14,0,0,0
14358,CMP0026,1034,2024-11-14,0,0,0
14359,CMP0026,3960,2024-11-14,1,0,0
14360,CMP0026,1283,2024-11-14,1,0,0
14361,CMP0026,2736,2024-11-14,1,0,0
14362,CMP0026,3875,2024-11-14,1,1,0
14363,CMP0026,11,2024-11-14,0,0,0
14364,CMP0026,1446,2024-11-14,0,0,0
14365,CMP0026,1556,2024-11-14,1,0,0
14366,CMP0026,196,2024-11-14,0,0,0
14367,CMP0026,3679,2024-11-14,0,0,0
14368,CMP0026,27,2024-11-14,1,1,0
14369,CMP0026,2194,2024-11-14,1,0,0
14370,CMP0026,1869,2024-11-14,1,0,0
14371,CMP0154,2757,2024-02-06,0,0,0
14372,CMP0154,1884,2024-02-06,0,0,0
14373,CMP0154,2256,2024-02-06,0,0,0
14374,CMP0154,1123,2024-02-06,0,0,0
14375,CMP0154,1603,2024-02-06,0,0,0
14376,CMP0154,3561,2024-02-06,0,0,0
14377,CMP0154,1362,2024-02-06,0,0,0
14378,CMP0154,3121,2024-02-06,0,0,0
14379,CMP0154,286,2024-02-06,0,0,0
14380,CMP0154,2050,2024-02-06,0,0,0
14381,CMP0154,532,2024-02-06,0,0,0
14382,CMP0154,3075,2024-02-06,1,0,0
14383,CMP0154,1356,2024-02-06,0,0,0
14384,CMP0154,248,2024-02-06,0,0,0
14385,CMP0154,3510,2024-02-06,1,0,0
14386,CMP0154,1443,2024-02-06,0,0,0
14387,CMP0154,2491,2024-02-06,0,0,0
14388,CMP0154,943,2024-02-06,0,0,0
14389,CMP0154,509,2024-02-06,0,0,0
14390,CMP0154,822,2024-02-06,0,0,0
14391,CMP0154,2755,2024-02-06,1,1,0
14392,CMP0154,200,2024-02-06,0,0,0
14393,CMP0154,2196,2024-02-06,1,0,0
14394,CMP0154,3370,2024-02-06,1,0,0
14395,CMP0154,1092,2024-02-06,0,0,0
14396,CMP0154,1344,2024-02-06,1,0,0
14397,CMP0154,2675,2024-02-06,1,0,0
14398,CMP0154,2457,2024-02-06,0,0,0
14399,CMP0154,884,2024-02-06,1,0,0
14400,CMP0154,2878,2024-02-06,1,0,0
14401,CMP0154,504,2024-02-06,0,0,0
14402,CMP0154,914,2024-02-06,1,1,0
14403,CMP0154,22,2024-02-06,1,0,0
14404,CMP0154,3459,2024-02-06,0,0,0
14405,CMP0154,3199,2024-02-06,1,0,0
14406,CMP0154,1375,2024-02-06,1,0,0
14407,CMP0154,1141,2024-02-06,0,0,0
14408,CMP0154,1392,2024-02-06,0,0,1
14409,CMP0154,2525,2024-02-06,1,0,0
14410,CMP0154,1561,2024-02-06,0,0,0
14411,CMP0154,3241,2024-02-06,0,0,0
14412,CMP0154,995,2024-02-06,1,1,0
14413,CMP0154,2370,2024-02-06,0,0,0
14414,CMP0154,698,2024-02-06,0,0,0
14415,CMP0154,2704,2024-02-06,0,0,0
14416,CMP0154,313,2024-02-06,1,0,0
14417,CMP0154,1873,2024-02-06,0,0,0
14418,CMP0154,2096,2024-02-06,0,0,0
14419,CMP0154,3367,2024-02-06,0,0,0
14420,CMP0154,2996,2024-02-06,0,0,0
14421,CMP0154,288,2024-02-06,1,1,0
14422,CMP0154,3266,2024-02-06,0,0,0
14423,CMP0154,2851,2024-02-06,0,0,0
14424,CMP0154,2172,2024-02-06,0,0,0
14425,CMP0154,1106,2024-02-06,0,0,0
14426,CMP0154,535,2024-02-06,1,0,0
14427,CMP0154,2705,2024-02-06,0,0,0
14428,CMP0154,1474,2024-02-06,0,0,0
14429,CMP0154,1355,2024-02-06,0,0,0
14430,CMP0154,572,2024-02-06,0,0,0
14431,CMP0154,1475,2024-02-06,0,0,0
14432,CMP0154,3167,2024-02-06,0,0,0
14433,CMP0154,2940,2024-02-06,0,0,0
14434,CMP0154,388,2024-02-06,1,0,0
14435,CMP0154,1429,2024-02-06,1,1,0
14436,CMP0154,2288,2024-02-06,0,0,0
14437,CMP0154,1730,2024-02-06,0,0,0
14438,CMP0154,2806,2024-02-06,0,0,0
14439,CMP0154,1653,2024-02-06,0,0,0
14440,CMP0154,3414,2024-02-06,1,1,0
14441,CMP0154,772,2024-02-06,0,0,0
14442,CMP0154,3343,2024-02-06,1,0,0
14443,CMP0154,3093,2024-02-06,0,0,0
14444,CMP0154,1450,2024-02-06,1,0,0
14445,CMP0154,464,2024-02-06,0,0,0
14446,CMP0154,245,2024-02-06,0,0,0
14447,CMP0154,745,2024-02-06,0,0,0
14448,CMP0154,445,2024-02-06,0,0,0
14449,CMP0154,1016,2024-02-06,0,0,0
14450,CMP0154,1493,2024-02-06,0,0,0
14451,CMP0154,3424,2024-02-06,1,0,0
14452,CMP0154,2148,2024-02-06,0,0,0
14453,CMP0154,2189,2024-02-06,0,0,0
14454,CMP0154,2656,2024-02-06,1,0,0
14455,CMP0154,240,2024-02-06,0,0,0
14456,CMP0154,2724,2024-02-06,0,0,0
14457,CMP0154,1387,2024-02-06,0,0,0
14458,CMP0154,808,2024-02-06,0,0,0
14459,CMP0154,1201,2024-02-06,1,0,0
14460,CMP0154,798,2024-02-06,1,1,0
14461,CMP0154,3206,2024-02-06,0,0,0
14462,CMP0154,1280,2024-02-06,1,0,0
14463,CMP0154,404,2024-02-06,0,0,0
14464,CMP0154,32,2024-02-06,1,0,0
14465,CMP0154,3810,2024-02-06,0,0,0
14466,CMP0154,3541,2024-02-06,0,0,0
14467,CMP0154,75,2024-02-06,0,0,0
14468,CMP0154,27,2024-02-06,0,0,0
14469,CMP0154,3740,2024-02-06,1,0,0
14470,CMP0154,2336,2024-02-06,0,0,0
14471,CMP0154,1350,2024-02-06,0,0,0
14472,CMP0154,730,2024-02-06,0,0,0
14473,CMP0154,59,2024-02-06,0,0,0
14474,CMP0154,473,2024-02-06,0,0,0
14475,CMP0154,1920,2024-02-06,0,0,0
14476,CMP0154,99,2024-02-06,1,0,0
14477,CMP0154,3912,2024-02-06,0,0,0
14478,CMP0154,431,2024-02-06,1,0,0
14479,CMP0154,2236,2024-02-06,1,0,0
14480,CMP0154,3301,2024-02-06,0,0,0
14481,CMP0154,71,2024-02-06,0,0,0
14482,CMP0154,2335,2024-02-06,0,0,0
14483,CMP0154,3258,2024-02-06,0,0,0
14484,CMP0154,527,2024-02-06,0,0,0
14485,CMP0154,3767,2024-02-06,0,0,0
14486,CMP0154,1121,2024-02-06,0,0,0
14487,CMP0154,2300,2024-02-06,0,0,0
14488,CMP0154,74,2024-02-06,1,0,0
14489,CMP0154,2193,2024-02-06,0,0,0
14490,CMP0154,1191,2024-02-06,0,0,0
14491,CMP0154,156,2024-02-06,0,0,0
14492,CMP0154,2916,2024-02-06,1,0,0
14493,CMP0154,2782,2024-02-06,1,1,0
14494,CMP0154,2249,2024-02-06,1,1,0
14495,CMP0154,2534,2024-02-06,1,0,0
14496,CMP0154,84,2024-02-06,0,0,0
14497,CMP0154,1161,2024-02-06,0,0,0
14498,CMP0154,160,2024-02-06,0,0,0
14499,CMP0154,3542,2024-02-06,0,0,0
14500,CMP0154,1851,2024-02-06,1,0,0
14501,CMP0154,3536,2024-02-06,1,1,0
14502,CMP0154,2949,2024-02-06,1,1,0
14503,CMP0154,741,2024-02-06,1,0,0
14504,CMP0154,2295,2024-02-06,1,0,0
14505,CMP0154,2880,2024-02-06,0,0,0
14506,CMP0154,1813,2024-02-06,1,0,0
14507,CMP0154,3705,2024-02-06,0,0,0
14508,CMP0154,3792,2024-02-06,0,0,0
14509,CMP0154,2537,2024-02-06,0,0,0
14510,CMP0154,419,2024-02-06,0,0,0
14511,CMP0154,3130,2024-02-06,1,0,0
14512,CMP0154,522,2024-02-06,0,0,0
14513,CMP0154,1597,2024-02-06,0,0,0
14514,CMP0154,2948,2024-02-06,0,0,0
14515,CMP0154,1264,2024-02-06,1,0,0
14516,CMP0154,254,2024-02-06,1,0,0
14517,CMP0154,2689,2024-02-06,0,0,0
14518,CMP0154,1759,2024-02-06,0,0,0
14519,CMP0154,2487,2024-02-06,1,1,0
14520,CMP0154,562,2024-02-06,0,0,0
14521,CMP0154,2022,2024-02-06,0,0,0
14522,CMP0154,1451,2024-02-06,0,0,0
14523,CMP0154,1558,2024-02-06,0,0,0
14524,CMP0154,2734,2024-02-06,0,0,0
14525,CMP0154,2598,2024-02-06,0,0,0
14526,CMP0154,793,2024-02-06,0,0,0
14527,CMP0154,1992,2024-02-06,0,0,0
14528,CMP0154,281,2024-02-06,1,0,0
14529,CMP0154,2234,2024-02-06,0,0,0
14530,CMP0154,3968,2024-02-06,0,0,0
14531,CMP0154,1767,2024-02-06,0,0,0
14532,CMP0154,2672,2024-02-06,0,0,0
14533,CMP0154,2850,2024-02-06,0,0,0
14534,CMP0154,3428,2024-02-06,1,0,0
14535,CMP0154,2265,2024-02-06,0,0,0
14536,CMP0154,922,2024-02-06,0,0,0
14537,CMP0154,3324,2024-02-06,1,0,0
14538,CMP0154,626,2024-02-06,0,0,0
14539,CMP0154,1928,2024-02-06,0,0,0
14540,CMP0154,3290,2024-02-06,0,0,0
14541,CMP0154,1265,2024-02-06,1,1,0
14542,CMP0154,1303,2024-02-06,0,0,0
14543,CMP0154,2896,2024-02-06,1,0,0
14544,CMP0154,683,2024-02-06,0,0,0
14545,CMP0154,3127,2024-02-06,0,0,0
14546,CMP0154,1461,2024-02-06,0,0,0
14547,CMP0154,297,2024-02-06,0,0,0
14548,CMP0154,2146,2024-02-06,1,1,0
14549,CMP0154,2749,2024-02-06,1,0,0
14550,CMP0154,1816,2024-02-06,0,0,0
14551,CMP0154,2683,2024-02-06,1,0,0
14552,CMP0154,3315,2024-02-06,0,0,0
14553,CMP0154,2652,2024-02-06,0,0,0
14554,CMP0154,530,2024-02-06,1,1,0
14555,CMP0154,129,2024-02-06,1,0,0
14556,CMP0154,940,2024-02-06,0,0,0
14557,CMP0154,1364,2024-02-06,1,1,0
14558,CMP0154,707,2024-02-06,0,0,0
14559,CMP0154,298,2024-02-06,1,1,0
14560,CMP0154,109,2024-02-06,0,0,0
14561,CMP0154,219,2024-02-06,1,0,0
14562,CMP0154,350,2024-02-06,0,0,1
14563,CMP0154,3470,2024-02-06,1,0,0
14564,CMP0154,1432,2024-02-06,0,0,0
14565,CMP0154,2310,2024-02-06,1,1,0
14566,CMP0154,61,2024-02-06,1,1,0
14567,CMP0154,2088,2024-02-06,0,0,0
14568,CMP0154,492,2024-02-06,0,0,0
14569,CMP0154,1625,2024-02-06,1,0,0
14570,CMP0154,1741,2024-02-06,0,0,0
14571,CMP0154,3011,2024-02-06,0,0,0
14572,CMP0154,1255,2024-02-06,0,0,0
14573,CMP0154,1294,2024-02-06,0,0,0
14574,CMP0154,2444,2024-02-06,0,0,0
14575,CMP0154,3438,2024-02-06,0,0,0
14576,CMP0154,125,2024-02-06,0,0,0
14577,CMP0154,3875,2024-02-06,0,0,0
14578,CMP0154,343,2024-02-06,0,0,0
14579,CMP0154,653,2024-02-06,0,0,0
14580,CMP0154,1663,2024-02-06,0,0,0
14581,CMP0154,1948,2024-02-06,1,1,0
14582,CMP0154,2530,2024-02-06,0,0,0
14583,CMP0154,40,2024-02-06,0,0,0
14584,CMP0154,3658,2024-02-06,0,0,0
14585,CMP0154,2815,2024-02-06,0,0,0
14586,CMP0154,3445,2024-02-06,0,0,0
14587,CMP0154,3845,2024-02-06,0,0,0
14588,CMP0154,186,2024-02-06,1,0,0
14589,CMP0154,1166,2024-02-06,0,0,0
14590,CMP0154,3558,2024-02-06,1,1,0
14591,CMP0154,3948,2024-02-06,0,0,0
14592,CMP0154,996,2024-02-06,0,0,0
14593,CMP0154,63,2024-02-06,0,0,0
14594,CMP0154,1719,2024-02-06,0,0,0
14595,CMP0154,569,2024-02-06,1,1,0
14596,CMP0154,3557,2024-02-06,1,0,0
14597,CMP0154,1787,2024-02-06,0,0,0
14598,CMP0154,3227,2024-02-06,0,0,0
14599,CMP0154,1806,2024-02-06,0,0,0
14600,CMP0154,3496,2024-02-06,0,0,0
14601,CMP0154,3577,2024-02-06,0,0,0
14602,CMP0154,2930,2024-02-06,0,0,0
14603,CMP0154,212,2024-02-06,1,0,0
14604,CMP0154,91,2024-02-06,1,0,0
14605,CMP0154,3827,2024-02-06,0,0,0
14606,CMP0154,316,2024-02-06,0,0,0
14607,CMP0154,1761,2024-02-06,1,0,0
14608,CMP0154,1382,2024-02-06,0,0,0
14609,CMP0154,1268,2024-02-06,0,0,0
14610,CMP0154,1125,2024-02-06,0,0,0
14611,CMP0154,126,2024-02-06,1,0,0
14612,CMP0154,2093,2024-02-06,1,0,0
14613,CMP0154,4003,2024-02-06,1,0,0
14614,CMP0154,3471,2024-02-06,0,0,0
14615,CMP0154,3622,2024-02-06,0,0,0
14616,CMP0154,499,2024-02-06,0,0,0
14617,CMP0154,1377,2024-02-06,1,0,0
14618,CMP0154,2561,2024-02-06,1,0,0
14619,CMP0154,3359,2024-02-06,0,0,0
14620,CMP0154,2877,2024-02-06,1,0,0
14621,CMP0154,3113,2024-02-06,0,0,0
14622,CMP0154,2867,2024-02-06,0,0,0
14623,CMP0154,2556,2024-02-06,0,0,0
14624,CMP0154,3585,2024-02-06,0,0,0
14625,CMP0154,2736,2024-02-06,0,0,0
14626,CMP0154,457,2024-02-06,0,0,0
14627,CMP0154,2076,2024-02-06,0,0,0
14628,CMP0154,565,2024-02-06,0,0,0
14629,CMP0154,2913,2024-02-06,0,0,0
14630,CMP0154,1118,2024-02-06,0,0,0
14631,CMP0154,671,2024-02-06,0,0,0
14632,CMP0154,3394,2024-02-06,0,0,0
14633,CMP0154,3996,2024-02-06,0,0,0
14634,CMP0154,2279,2024-02-06,0,0,0
14635,CMP0154,270,2024-02-06,0,0,0
14636,CMP0154,329,2024-02-06,0,0,0
14637,CMP0154,607,2024-02-06,0,0,0
14638,CMP0154,2001,2024-02-06,1,0,0
14639,CMP0154,1370,2024-02-06,0,0,0
14640,CMP0154,1991,2024-02-06,0,0,0
14641,CMP0154,3709,2024-02-06,0,0,0
14642,CMP0154,2891,2024-02-06,0,0,0
14643,CMP0154,303,2024-02-06,0,0,0
14644,CMP0154,2322,2024-02-06,0,0,0
14645,CMP0154,1912,2024-02-06,0,0,0
14646,CMP0154,3138,2024-02-06,0,0,0
14647,CMP0154,1018,2024-02-06,0,0,0
14648,CMP0154,1614,2024-02-06,0,0,0
14649,CMP0154,1530,2024-02-06,0,0,0
14650,CMP0154,3177,2024-02-06,0,0,0
14651,CMP0154,1709,2024-02-06,0,0,0
14652,CMP0154,3322,2024-02-06,0,0,0
14653,CMP0154,1986,2024-02-06,0,0,0
14654,CMP0154,1216,2024-02-06,0,0,0
14655,CMP0154,1142,2024-02-06,1,0,0
14656,CMP0154,3889,2024-02-06,0,0,0
14657,CMP0154,243,2024-02-06,0,0,0
14658,CMP0154,3877,2024-02-06,0,0,0
14659,CMP0154,96,2024-02-06,0,0,0
14660,CMP0154,2538,2024-02-06,0,0,0
14661,CMP0154,2138,2024-02-06,0,0,0
14662,CMP0154,4005,2024-02-06,0,0,0
14663,CMP0154,913,2024-02-06,0,0,0
14664,CMP0154,1742,2024-02-06,1,0,0
14665,CMP0154,2825,2024-02-06,0,0,0
14666,CMP0154,185,2024-02-06,1,0,0
14667,CMP0154,1363,2024-02-06,0,0,0
14668,CMP0154,523,2024-02-06,0,0,0
14669,CMP0154,293,2024-02-06,1,1,0
14670,CMP0154,640,2024-02-06,0,0,0
14671,CMP0154,2038,2024-02-06,1,1,0
14672,CMP0154,378,2024-02-06,1,0,0
14673,CMP0154,446,2024-02-06,0,0,0
14674,CMP0154,1481,2024-02-06,1,0,0
14675,CMP0154,2057,2024-02-06,1,0,0
14676,CMP0154,3287,2024-02-06,0,0,0
14677,CMP0154,1013,2024-02-06,0,0,0
14678,CMP0154,428,2024-02-06,1,0,0
14679,CMP0154,3436,2024-02-06,1,0,0
14680,CMP0154,2933,2024-02-06,0,0,0
14681,CMP0154,3548,2024-02-06,0,0,0
14682,CMP0154,3189,2024-02-06,0,0,0
14683,CMP0154,2352,2024-02-06,0,0,0
14684,CMP0154,1012,2024-02-06,0,0,0
14685,CMP0154,3639,2024-02-06,0,0,0
14686,CMP0154,3661,2024-02-06,0,0,0
14687,CMP0154,2894,2024-02-06,0,0,0
14688,CMP0154,3128,2024-02-06,0,0,0
14689,CMP0154,3979,2024-02-06,0,0,0
14690,CMP0154,2883,2024-02-06,0,0,0
14691,CMP0154,973,2024-02-06,0,0,0
14692,CMP0154,1304,2024-02-06,1,0,0
14693,CMP0154,2188,2024-02-06,0,0,0
14694,CMP0154,2210,2024-02-06,0,0,0
14695,CMP0154,3666,2024-02-06,0,0,0
14696,CMP0154,2374,2024-02-06,1,0,0
14697,CMP0154,1551,2024-02-06,0,0,0
14698,CMP0154,1397,2024-02-06,1,0,0
14699,CMP0154,102,2024-02-06,0,0,0
14700,CMP0154,3196,2024-02-06,1,0,0
14701,CMP0154,1579,2024-02-06,1,0,0
14702,CMP0154,45,2024-02-06,0,0,0
14703,CMP0154,791,2024-02-06,1,0,0
14704,CMP0154,1609,2024-02-06,0,0,0
14705,CMP0154,1745,2024-02-06,1,0,0
14706,CMP0154,1258,2024-02-06,0,0,0
14707,CMP0154,2272,2024-02-06,0,0,0
14708,CMP0154,2919,2024-02-06,0,0,0
14709,CMP0154,691,2024-02-06,1,0,0
14710,CMP0154,1090,2024-02-06,1,0,0
14711,CMP0154,1361,2024-02-06,0,0,0
14712,CMP0154,1463,2024-02-06,1,0,0
14713,CMP0154,1889,2024-02-06,0,0,0
14714,CMP0154,3643,2024-02-06,0,0,0
14715,CMP0154,3693,2024-02-06,0,0,0
14716,CMP0154,2869,2024-02-06,0,0,0
14717,CMP0154,2740,2024-02-06,1,0,0
14718,CMP0154,2454,2024-02-06,1,0,0
14719,CMP0154,3044,2024-02-06,0,0,0
14720,CMP0154,3119,2024-02-06,1,1,0
14721,CMP0154,2464,2024-02-06,0,0,0
14722,CMP0154,2699,2024-02-06,0,0,0
14723,CMP0154,570,2024-02-06,0,0,0
14724,CMP0154,2513,2024-02-06,0,0,0
14725,CMP0154,3756,2024-02-06,0,0,0
14726,CMP0154,1250,2024-02-06,0,0,0
14727,CMP0154,566,2024-02-06,0,0,0
14728,CMP0154,338,2024-02-06,0,0,0
14729,CMP0154,3499,2024-02-06,0,0,0
14730,CMP0154,923,2024-02-06,0,0,0
14731,CMP0154,3758,2024-02-06,0,0,0
14732,CMP0154,3745,2024-02-06,0,0,0
14733,CMP0154,2679,2024-02-06,0,0,0
14734,CMP0154,3521,2024-02-06,0,0,0
14735,CMP0154,2830,2024-02-06,1,0,0
14736,CMP0154,2293,2024-02-06,1,1,0
14737,CMP0154,3813,2024-02-06,0,0,0
14738,CMP0154,2566,2024-02-06,0,0,0
14739,CMP0154,3355,2024-02-06,1,0,0
14740,CMP0154,588,2024-02-06,0,0,0
14741,CMP0154,2562,2024-02-06,1,0,0
14742,CMP0154,1506,2024-02-06,0,0,0
14743,CMP0154,1521,2024-02-06,0,0,0
14744,CMP0154,1832,2024-02-06,0,0,0
14745,CMP0154,1683,2024-02-06,1,0,0
14746,CMP0154,2614,2024-02-06,0,0,0
14747,CMP0154,1886,2024-02-06,0,0,0
14748,CMP0154,3493,2024-02-06,0,0,0
14749,CMP0154,1110,2024-02-06,0,0,0
14750,CMP0154,1999,2024-02-06,0,0,0
14751,CMP0154,2739,2024-02-06,1,0,0
14752,CMP0154,2379,2024-02-06,0,0,0
14753,CMP0154,3853,2024-02-06,0,0,0
14754,CMP0154,2013,2024-02-06,1,0,0
14755,CMP0154,3380,2024-02-06,0,0,0
14756,CMP0154,4018,2024-02-06,0,0,0
14757,CMP0154,2504,2024-02-06,0,0,0
14758,CMP0154,2136,2024-02-06,0,0,0
14759,CMP0154,1939,2024-02-06,0,0,0
14760,CMP0154,2557,2024-02-06,1,0,0
14761,CMP0154,1132,2024-02-06,0,0,0
14762,CMP0154,2477,2024-02-06,1,0,0
14763,CMP0154,2194,2024-02-06,1,0,0
14764,CMP0154,3519,2024-02-06,0,0,0
14765,CMP0154,2154,2024-02-06,0,0,0
14766,CMP0154,2594,2024-02-06,1,0,0
14767,CMP0154,2743,2024-02-06,1,0,0
14768,CMP0154,3668,2024-02-06,0,0,0
14769,CMP0154,2472,2024-02-06,1,0,0
14770,CMP0154,634,2024-02-06,0,0,0
14771,CMP0154,2768,2024-02-06,0,0,0
14772,CMP0154,2769,2024-02-06,0,0,0
14773,CMP0154,2039,2024-02-06,1,1,0
14774,CMP0154,2508,2024-02-06,0,0,0
14775,CMP0154,1378,2024-02-06,0,0,0
14776,CMP0154,2776,2024-02-06,0,0,0
14777,CMP0154,1423,2024-02-06,0,0,0
14778,CMP0154,3433,2024-02-06,0,0,0
14779,CMP0154,909,2024-02-06,0,0,0
14780,CMP0154,1933,2024-02-06,0,0,0
14781,CMP0154,2176,2024-02-06,0,0,0
14782,CMP0154,56,2024-02-06,0,0,0
14783,CMP0154,3473,2024-02-06,0,0,0
14784,CMP0154,624,2024-02-06,0,0,0
14785,CMP0154,2455,2024-02-06,0,0,0
14786,CMP0154,2488,2024-02-06,1,0,0
14787,CMP0154,3729,2024-02-06,0,0,0
14788,CMP0154,1722,2024-02-06,0,0,0
14789,CMP0154,3650,2024-02-06,0,0,0
14790,CMP0154,3983,2024-02-06,1,0,0
14791,CMP0154,1893,2024-02-06,0,0,0
14792,CMP0154,380,2024-02-06,0,0,0
14793,CMP0154,3664,2024-02-06,1,0,0
14794,CMP0154,3804,2024-02-06,0,0,0
14795,CMP0154,805,2024-02-06,1,0,0
14796,CMP0154,264,2024-02-06,1,1,0
14797,CMP0154,2411,2024-02-06,1,0,0
14798,CMP0154,299,2024-02-06,1,0,0
14799,CMP0154,391,2024-02-06,1,0,0
14800,CMP0154,1478,2024-02-06,1,0,0
14801,CMP0154,1211,2024-02-06,0,0,0
14802,CMP0154,3420,2024-02-06,1,0,0
14803,CMP0154,2392,2024-02-06,0,0,0
14804,CMP0154,571,2024-02-06,0,0,0
14805,CMP0154,2273,2024-02-06,1,0,0
14806,CMP0154,725,2024-02-06,1,0,0
14807,CMP0154,2301,2024-02-06,1,1,0
14808,CMP0154,3891,2024-02-06,1,0,0
14809,CMP0154,2912,2024-02-06,0,0,0
14810,CMP0154,540,2024-02-06,0,0,0
14811,CMP0154,3800,2024-02-06,1,0,0
14812,CMP0154,2323,2024-02-06,0,0,0
14813,CMP0154,190,2024-02-06,0,0,0
14814,CMP0154,1224,2024-02-06,0,0,0
14815,CMP0154,1140,2024-02-06,0,0,0
14816,CMP0154,1989,2024-02-06,0,0,0
14817,CMP0154,333,2024-02-06,0,0,0
14818,CMP0154,2185,2024-02-06,1,0,0
14819,CMP0154,2269,2024-02-06,0,0,0
14820,CMP0154,1583,2024-02-06,1,1,0
14821,CMP0154,774,2024-02-06,0,0,0
14822,CMP0154,2054,2024-02-06,0,0,0
14823,CMP0154,2887,2024-02-06,0,0,0
14824,CMP0154,2929,2024-02-06,0,0,0
14825,CMP0154,1200,2024-02-06,0,0,0
14826,CMP0154,2294,2024-02-06,0,0,0
14827,CMP0154,1789,2024-02-06,0,0,0
14828,CMP0154,122,2024-02-06,1,0,0
14829,CMP0154,3077,2024-02-06,1,0,0
14830,CMP0154,438,2024-02-06,1,0,0
14831,CMP0154,657,2024-02-06,0,0,0
14832,CMP0154,3562,2024-02-06,0,0,0
14833,CMP0154,2609,2024-02-06,0,0,0
14834,CMP0154,3139,2024-02-06,1,0,0
14835,CMP0154,1416,2024-02-06,1,1,0
14836,CMP0154,2560,2024-02-06,0,0,0
14837,CMP0154,3610,2024-02-06,0,0,0
14838,CMP0154,3872,2024-02-06,0,0,0
14839,CMP0154,2497,2024-02-06,1,0,0
14840,CMP0154,1272,2024-02-06,0,0,0
14841,CMP0154,3185,2024-02-06,1,0,0
14842,CMP0154,2467,2024-02-06,0,0,0
14843,CMP0154,867,2024-02-06,0,0,0
14844,CMP0154,1852,2024-02-06,1,0,0
14845,CMP0154,3565,2024-02-06,1,0,0
14846,CMP0154,452,2024-02-06,1,0,0
14847,CMP0154,1310,2024-02-06,0,0,0
14848,CMP0154,3941,2024-02-06,0,0,0
14849,CMP0154,2619,2024-02-06,1,0,0
14850,CMP0154,2682,2024-02-06,1,0,0
14851,CMP0154,3183,2024-02-06,1,0,0
14852,CMP0154,1753,2024-02-06,0,0,0
14853,CMP0154,3278,2024-02-06,1,0,0
14854,CMP0154,181,2024-02-06,0,0,0
14855,CMP0154,1708,2024-02-06,1,0,0
14856,CMP0154,3050,2024-02-06,0,0,0
14857,CMP0154,676,2024-02-06,0,0,0
14858,CMP0154,162,2024-02-06,0,0,0
14859,CMP0154,2485,2024-02-06,0,0,0
14860,CMP0154,510,2024-02-06,0,0,0
14861,CMP0154,3016,2024-02-06,0,0,0
14862,CMP0154,692,2024-02-06,0,0,0
14863,CMP0154,623,2024-02-06,0,0,0
14864,CMP0154,2860,2024-02-06,0,0,0
14865,CMP0154,988,2024-02-06,0,0,0
14866,CMP0154,1066,2024-02-06,0,0,0
14867,CMP0154,1533,2024-02-06,1,0,0
14868,CMP0154,2483,2024-02-06,1,1,0
14869,CMP0154,14,2024-02-06,0,0,0
14870,CMP0154,3942,2024-02-06,0,0,0
14871,CMP0154,2387,2024-02-06,0,0,0
14872,CMP0154,3074,2024-02-06,0,0,0
14873,CMP0154,3087,2024-02-06,1,0,0
14874,CMP0154,2158,2024-02-06,0,0,0
14875,CMP0154,2156,2024-02-06,0,0,0
14876,CMP0154,2977,2024-02-06,0,0,0
14877,CMP0154,3778,2024-02-06,0,0,0
14878,CMP0154,1644,2024-02-06,0,0,0
14879,CMP0154,2798,2024-02-06,0,0,0
14880,CMP0154,520,2024-02-06,1,1,0
14881,CMP0154,2671,2024-02-06,1,0,0
14882,CMP0154,2433,2024-02-06,0,0,0
14883,CMP0154,1748,2024-02-06,0,0,0
14884,CMP0154,1601,2024-02-06,0,0,0
14885,CMP0154,2368,2024-02-06,0,0,0
14886,CMP0154,275,2024-02-06,1,1,0
14887,CMP0154,2620,2024-02-06,0,0,0
14888,CMP0154,3892,2024-02-06,0,0,0
14889,CMP0154,3539,2024-02-06,1,0,0
14890,CMP0154,3708,2024-02-06,1,0,0
14891,CMP0154,3207,2024-02-06,0,0,0
14892,CMP0154,2774,2024-02-06,1,0,0
14893,CMP0154,3660,2024-02-06,1,0,0
14894,CMP0154,1855,2024-02-06,1,0,0
14895,CMP0154,1431,2024-02-06,1,0,0
14896,CMP0154,2429,2024-02-06,0,0,0
14897,CMP0154,355,2024-02-06,0,0,0
14898,CMP0154,3209,2024-02-06,0,0,0
14899,CMP0154,1915,2024-02-06,1,0,0
14900,CMP0154,1971,2024-02-06,0,0,0
14901,CMP0154,398,2024-02-06,0,0,0
14902,CMP0154,1842,2024-02-06,0,0,0
14903,CMP0154,216,2024-02-06,1,0,0
14904,CMP0154,3350,2024-02-06,1,0,0
14905,CMP0154,1983,2024-02-06,1,0,0
14906,CMP0154,1198,2024-02-06,0,0,0
14907,CMP0154,1096,2024-02-06,0,0,0
14908,CMP0154,636,2024-02-06,0,0,0
14909,CMP0154,3257,2024-02-06,0,0,0
14910,CMP0154,669,2024-02-06,0,0,0
14911,CMP0154,2326,2024-02-06,1,0,0
14912,CMP0154,2685,2024-02-06,0,0,0
14913,CMP0154,1001,2024-02-06,0,0,0
14914,CMP0154,3488,2024-02-06,0,0,0
14915,CMP0154,862,2024-02-06,1,1,0
14916,CMP0154,3168,2024-02-06,1,0,0
14917,CMP0154,1640,2024-02-06,0,0,0
14918,CMP0154,1185,2024-02-06,1,0,0
14919,CMP0154,3418,2024-02-06,0,0,0
14920,CMP0154,656,2024-02-06,1,0,0
14921,CMP0154,2362,2024-02-06,0,0,0
14922,CMP0154,2280,2024-02-06,0,0,0
14923,CMP0154,3053,2024-02-06,1,1,0
14924,CMP0154,1319,2024-02-06,0,0,0
14925,CMP0154,1317,2024-02-06,0,0,0
14926,CMP0154,3805,2024-02-06,0,0,0
14927,CMP0154,393,2024-02-06,1,0,0
14928,CMP0154,3859,2024-02-06,0,0,0
14929,CMP0154,3335,2024-02-06,0,0,0
14930,CMP0154,48,2024-02-06,1,0,0
14931,CMP0154,673,2024-02-06,0,0,0
14932,CMP0154,2195,2024-02-06,0,0,0
14933,CMP0154,3142,2024-02-06,0,0,0
14934,CMP0154,1974,2024-02-06,1,0,0
14935,CMP0154,484,2024-02-06,0,0,0
14936,CMP0154,650,2024-02-06,0,0,0
14937,CMP0154,2463,2024-02-06,0,0,0
14938,CMP0154,8,2024-02-06,1,0,0
14939,CMP0154,2173,2024-02-06,0,0,0
14940,CMP0154,3823,2024-02-06,0,0,0
14941,CMP0154,771,2024-02-06,0,0,0
14942,CMP0154,1585,2024-02-06,0,0,0
14943,CMP0154,2139,2024-02-06,0,1,0
14944,CMP0154,357,2024-02-06,1,0,0
14945,CMP0154,1086,2024-02-06,1,0,0
14946,CMP0154,2738,2024-02-06,0,0,0
14947,CMP0154,1866,2024-02-06,1,0,0
14948,CMP0154,2789,2024-02-06,1,0,0
14949,CMP0154,2305,2024-02-06,1,0,0
14950,CMP0154,3220,2024-02-06,0,0,0
14951,CMP0154,3176,2024-02-06,0,0,0
14952,CMP0154,820,2024-02-06,0,0,0
14953,CMP0154,307,2024-02-06,1,0,0
14954,CMP0154,2654,2024-02-06,1,0,0
14955,CMP0154,1977,2024-02-06,0,0,0
14956,CMP0154,3171,2024-02-06,0,0,0
14957,CMP0154,3049,2024-02-06,1,0,0
14958,CMP0154,3025,2024-02-06,0,0,0
14959,CMP0154,954,2024-02-06,1,0,0
14960,CMP0154,1927,2024-02-06,1,0,0
14961,CMP0154,842,2024-02-06,0,0,0
14962,CMP0154,2023,2024-02-06,0,0,0
14963,CMP0154,3457,2024-02-06,0,0,0
14964,CMP0154,2607,2024-02-06,0,0,0
14965,CMP0154,222,2024-02-06,0,0,0
14966,CMP0154,1193,2024-02-06,1,1,0
14967,CMP0154,3228,2024-02-06,0,0,0
14968,CMP0154,1108,2024-02-06,1,1,0
14969,CMP0154,2341,2024-02-06,1,0,0
14970,CMP0154,1061,2024-02-06,0,0,0
14971,CMP0154,2731,2024-02-06,0,0,0
14972,CMP0154,2629,2024-02-06,0,0,0
14973,CMP0154,1681,2024-02-06,1,0,0
14974,CMP0154,328,2024-02-06,0,0,0
14975,CMP0154,3447,2024-02-06,0,0,0
14976,CMP0154,2416,2024-02-06,0,0,0
14977,CMP0154,3641,2024-02-06,0,0,0
14978,CMP0154,2545,2024-02-06,1,0,0
14979,CMP0154,1349,2024-02-06,0,0,0
14980,CMP0154,1631,2024-02-06,1,1,0
14981,CMP0154,2171,2024-02-06,1,0,0
14982,CMP0154,882,2024-02-06,0,0,0
14983,CMP0154,166,2024-02-06,0,0,0
14984,CMP0154,3588,2024-02-06,0,0,0
14985,CMP0154,2786,2024-02-06,0,0,0
14986,CMP0154,475,2024-02-06,0,0,0
14987,CMP0154,3409,2024-02-06,0,0,0
14988,CMP0154,1721,2024-02-06,0,0,0
14989,CMP0154,3300,2024-02-06,0,0,0
14990,CMP0154,2651,2024-02-06,1,0,0
14991,CMP0154,3970,2024-02-06,0,0,0
14992,CMP0154,2221,2024-02-06,0,0,0
14993,CMP0154,3761,2024-02-06,0,0,0
14994,CMP0154,576,2024-02-06,1,1,0
14995,CMP0154,1885,2024-02-06,0,0,0
14996,CMP0154,1248,2024-02-06,1,1,0
14997,CMP0154,2809,2024-02-06,1,0,0
14998,CMP0154,2403,2024-02-06,0,0,0
14999,CMP0154,1439,2024-02-06,1,1,0
15000,CMP0154,349,2024-02-06,0,0,0
15001,CMP0154,3150,2024-02-06,0,0,0
15002,CMP0154,563,2024-02-06,0,0,0
15003,CMP0154,1827,2024-02-06,0,0,0
15004,CMP0154,1480,2024-02-06,0,0,0
15005,CMP0154,2452,2024-02-06,1,0,0
15006,CMP0154,2858,2024-02-06,0,0,0
15007,CMP0154,331,2024-02-06,1,0,0
15008,CMP0154,3534,2024-02-06,0,0,0
15009,CMP0154,295,2024-02-06,0,0,0
15010,CMP0154,3096,2024-02-06,0,0,0
15011,CMP0154,1985,2024-02-06,0,0,0
15012,CMP0154,1404,2024-02-06,0,0,0
15013,CMP0154,1849,2024-02-06,0,0,0
15014,CMP0154,2909,2024-02-06,1,1,0
15015,CMP0154,3270,2024-02-06,0,0,0
15016,CMP0154,1769,2024-02-06,1,0,0
15017,CMP0154,1034,2024-02-06,0,0,0
15018,CMP0154,1036,2024-02-06,0,0,0
15019,CMP0154,2817,2024-02-06,0,0,0
15020,CMP0154,417,2024-02-06,1,0,0
15021,CMP0154,2421,2024-02-06,1,0,0
15022,CMP0154,1693,2024-02-06,1,1,0
15023,CMP0154,3525,2024-02-06,1,1,0
15024,CMP0154,2586,2024-02-06,0,0,0
15025,CMP0154,1435,2024-02-06,0,0,0
15026,CMP0154,1805,2024-02-06,0,0,0
15027,CMP0154,2360,2024-02-06,0,0,0
15028,CMP0154,165,2024-02-06,0,0,0
15029,CMP0154,2752,2024-02-06,0,0,0
15030,CMP0154,1675,2024-02-06,0,0,0
15031,CMP0154,778,2024-02-06,0,0,0
15032,CMP0154,3407,2024-02-06,0,0,0
15033,CMP0154,1030,2024-02-06,0,0,0
15034,CMP0154,3337,2024-02-06,0,0,0
15035,CMP0154,1980,2024-02-06,0,0,0
15036,CMP0154,3149,2024-02-06,0,0,0
15037,CMP0154,2240,2024-02-06,1,0,0
15038,CMP0154,1040,2024-02-06,1,0,0
15039,CMP0154,1386,2024-02-06,1,0,0
15040,CMP0154,3798,2024-02-06,1,0,0
15041,CMP0154,1899,2024-02-06,0,0,0
15042,CMP0154,1951,2024-02-06,0,0,0
15043,CMP0154,1678,2024-02-06,0,0,0
15044,CMP0154,2058,2024-02-06,0,0,0
15045,CMP0154,551,2024-02-06,1,0,0
15046,CMP0154,945,2024-02-06,0,0,0
15047,CMP0154,2393,2024-02-06,0,0,0
15048,CMP0154,2060,2024-02-06,0,0,0
15049,CMP0154,296,2024-02-06,1,1,0
15050,CMP0154,3683,2024-02-06,1,0,0
15051,CMP0154,2133,2024-02-06,1,1,0
15052,CMP0154,1783,2024-02-06,1,1,0
15053,CMP0154,1894,2024-02-06,1,0,0
15054,CMP0154,229,2024-02-06,0,0,0
15055,CMP0154,3480,2024-02-06,1,0,0
15056,CMP0154,801,2024-02-06,0,0,0
15057,CMP0154,2680,2024-02-06,0,0,0
15058,CMP0154,817,2024-02-06,1,0,0
15059,CMP0154,135,2024-02-06,0,0,0
15060,CMP0154,524,2024-02-06,0,0,0
15061,CMP0154,548,2024-02-06,1,0,0
15062,CMP0154,2180,2024-02-06,0,0,0
15063,CMP0154,2839,2024-02-06,0,0,0
15064,CMP0154,1222,2024-02-06,0,0,0
15065,CMP0154,1755,2024-02-06,0,0,0
15066,CMP0154,866,2024-02-06,0,0,0
15067,CMP0154,2849,2024-02-06,1,0,0
15068,CMP0154,599,2024-02-06,0,0,0
15069,CMP0154,1452,2024-02-06,0,0,0
15070,CMP0154,3293,2024-02-06,0,0,0
15071,CMP0154,1914,2024-02-06,0,0,0
15072,CMP0154,3103,2024-02-06,0,0,0
15073,CMP0154,2380,2024-02-06,0,0,0
15074,CMP0154,36,2024-02-06,1,1,0
15075,CMP0154,596,2024-02-06,0,0,0
15076,CMP0154,3338,2024-02-06,0,0,0
15077,CMP0154,1724,2024-02-06,0,0,0
15078,CMP0154,3299,2024-02-06,0,0,0
15079,CMP0154,2313,2024-02-06,1,0,0
15080,CMP0154,1556,2024-02-06,0,0,0
15081,CMP0154,3769,2024-02-06,0,0,0
15082,CMP0154,782,2024-02-06,1,0,0
15083,CMP0154,2647,2024-02-06,0,0,0
15084,CMP0154,686,2024-02-06,0,0,0
15085,CMP0154,425,2024-02-06,1,0,0
15086,CMP0154,3213,2024-02-06,0,0,0
15087,CMP0154,223,2024-02-06,1,0,0
15088,CMP0154,1988,2024-02-06,0,0,0
15089,CMP0154,2339,2024-02-06,1,0,0
15090,CMP0154,1244,2024-02-06,0,0,0
15091,CMP0154,1825,2024-02-06,0,0,0
15092,CMP0154,3181,2024-02-06,0,0,0
15093,CMP0154,2796,2024-02-06,1,0,0
15094,CMP0154,1649,2024-02-06,0,0,0
15095,CMP0154,2015,2024-02-06,1,0,0
15096,CMP0154,2227,2024-02-06,0,0,0
15097,CMP0154,2783,2024-02-06,0,0,0
15098,CMP0154,263,2024-02-06,0,0,0
15099,CMP0154,2546,2024-02-06,0,0,0
15100,CMP0154,1664,2024-02-06,1,0,0
15101,CMP0154,2954,2024-02-06,1,0,0
15102,CMP0154,559,2024-02-06,0,0,0
15103,CMP0154,2971,2024-02-06,1,0,0
15104,CMP0154,2073,2024-02-06,1,0,0
15105,CMP0154,3540,2024-02-06,1,0,0
15106,CMP0154,573,2024-02-06,1,0,0
15107,CMP0154,1975,2024-02-06,0,0,0
15108,CMP0154,1315,2024-02-06,0,0,0
15109,CMP0154,2486,2024-02-06,1,0,0
15110,CMP0154,2710,2024-02-06,0,0,0
15111,CMP0154,1234,2024-02-06,1,0,0
15112,CMP0154,749,2024-02-06,0,0,0
15113,CMP0154,2714,2024-02-06,0,0,0
15114,CMP0154,682,2024-02-06,0,0,0
15115,CMP0154,3882,2024-02-06,0,0,0
15116,CMP0154,3754,2024-02-06,0,0,0
15117,CMP0154,140,2024-02-06,1,0,0
15118,CMP0154,2823,2024-02-06,0,0,0
15119,CMP0154,2624,2024-02-06,0,0,0
15120,CMP0154,2254,2024-02-06,0,0,0
15121,CMP0154,2447,2024-02-06,0,0,0
15122,CMP0154,719,2024-02-06,0,0,0
15123,CMP0154,962,2024-02-06,0,0,0
15124,CMP0154,1822,2024-02-06,1,0,0
15125,CMP0154,3596,2024-02-06,0,0,0
15126,CMP0154,3071,2024-02-06,1,0,0
15127,CMP0154,2051,2024-02-06,0,0,0
15128,CMP0154,2084,2024-02-06,0,0,0
15129,CMP0154,3735,2024-02-06,0,0,0
15130,CMP0154,1157,2024-02-06,0,0,0
15131,CMP0154,430,2024-02-06,1,0,0
15132,CMP0154,411,2024-02-06,1,0,0
15133,CMP0154,1869,2024-02-06,0,0,0
15134,CMP0154,1635,2024-02-06,0,0,0
15135,CMP0154,1670,2024-02-06,0,0,0
15136,CMP0154,1557,2024-02-06,0,0,0
15137,CMP0154,3157,2024-02-06,0,0,0
15138,CMP0154,1949,2024-02-06,0,0,0
15139,CMP0154,3392,2024-02-06,1,0,0
15140,CMP0154,2074,2024-02-06,0,0,0
15141,CMP0154,2479,2024-02-06,0,0,0
15142,CMP0154,2583,2024-02-06,0,0,0
15143,CMP0154,3190,2024-02-06,0,0,0
15144,CMP0154,1613,2024-02-06,0,0,0
15145,CMP0154,536,2024-02-06,0,0,0
15146,CMP0154,582,2024-02-06,0,0,0
15147,CMP0154,2961,2024-02-06,0,0,0
15148,CMP0154,1606,2024-02-06,0,0,0
15149,CMP0154,643,2024-02-06,0,0,0
15150,CMP0154,2357,2024-02-06,0,0,0
15151,CMP0154,3405,2024-02-06,0,0,0
15152,CMP0154,2668,2024-02-06,0,0,0
15153,CMP0154,515,2024-02-06,0,0,0
15154,CMP0154,3054,2024-02-06,0,0,0
15155,CMP0154,3563,2024-02-06,1,0,0
15156,CMP0154,3721,2024-02-06,1,0,0
15157,CMP0154,2431,2024-02-06,0,0,0
15158,CMP0154,3607,2024-02-06,0,0,0
15159,CMP0154,1581,2024-02-06,1,0,0
15160,CMP0154,2548,2024-02-06,0,0,0
15161,CMP0154,1513,2024-02-06,0,0,0
15162,CMP0154,1519,2024-02-06,1,0,0
15163,CMP0154,779,2024-02-06,0,0,0
15164,CMP0154,20,2024-02-06,0,0,0
15165,CMP0154,3440,2024-02-06,0,0,0
15166,CMP0154,662,2024-02-06,1,1,0
15167,CMP0154,3084,2024-02-06,0,0,0
15168,CMP0154,192,2024-02-06,0,0,0
15169,CMP0154,215,2024-02-06,0,0,0
15170,CMP0154,2875,2024-02-06,0,0,0
15171,CMP0154,1068,2024-02-06,0,0,0
15172,CMP0154,976,2024-02-06,0,0,0
15173,CMP0154,3110,2024-02-06,0,0,0
15174,CMP0154,3635,2024-02-06,1,0,0
15175,CMP0154,2521,2024-02-06,0,0,0
15176,CMP0154,2597,2024-02-06,0,0,0
15177,CMP0154,1156,2024-02-06,1,0,0
15178,CMP0154,3221,2024-02-06,0,0,0
15179,CMP0154,3901,2024-02-06,0,0,0
15180,CMP0154,3728,2024-02-06,1,0,0
15181,CMP0154,246,2024-02-06,1,0,0
15182,CMP0154,2976,2024-02-06,0,0,0
15183,CMP0154,3030,2024-02-06,1,0,0
15184,CMP0154,1225,2024-02-06,0,0,0
15185,CMP0154,1910,2024-02-06,1,0,0
15186,CMP0154,2638,2024-02-06,0,0,0
15187,CMP0154,302,2024-02-06,1,0,0
15188,CMP0154,90,2024-02-06,0,0,0
15189,CMP0154,3151,2024-02-06,0,0,0
15190,CMP0154,335,2024-02-06,1,0,0
15191,CMP0164,3891,2023-08-05,0,0,0
15192,CMP0164,2361,2023-08-05,0,0,0
15193,CMP0164,2582,2023-08-05,0,0,0
15194,CMP0164,531,2023-08-05,0,0,0
15195,CMP0164,1451,2023-08-05,1,1,0
15196,CMP0164,1514,2023-08-05,1,1,0
15197,CMP0164,3727,2023-08-05,0,0,0
15198,CMP0164,3498,2023-08-05,0,0,0
15199,CMP0164,2982,2023-08-05,0,0,0
15200,CMP0164,2356,2023-08-05,1,0,0
15201,CMP0164,3916,2023-08-05,1,0,0
15202,CMP0164,1889,2023-08-05,0,0,0
15203,CMP0164,116,2023-08-05,1,0,0
15204,CMP0164,3927,2023-08-05,1,0,0
15205,CMP0164,3136,2023-08-05,0,0,0
15206,CMP0164,1420,2023-08-05,0,0,0
15207,CMP0164,2949,2023-08-05,0,0,0
15208,CMP0164,3209,2023-08-05,0,0,0
15209,CMP0164,3521,2023-08-05,0,0,0
15210,CMP0164,2430,2023-08-05,0,0,0
15211,CMP0164,3489,2023-08-05,0,0,0
15212,CMP0164,1583,2023-08-05,1,1,0
15213,CMP0164,2013,2023-08-05,0,0,0
15214,CMP0164,3191,2023-08-05,0,0,0
15215,CMP0164,3968,2023-08-05,0,0,0
15216,CMP0164,378,2023-08-05,0,0,0
15217,CMP0164,1121,2023-08-05,0,0,0
15218,CMP0164,1770,2023-08-05,0,0,0
15219,CMP0164,2326,2023-08-05,0,0,0
15220,CMP0164,1198,2023-08-05,1,0,0
15221,CMP0164,3504,2023-08-05,0,0,0
15222,CMP0164,2341,2023-08-05,1,0,0
15223,CMP0164,3420,2023-08-05,0,0,0
15224,CMP0164,1897,2023-08-05,0,0,0
15225,CMP0164,2460,2023-08-05,1,0,0
15226,CMP0164,106,2023-08-05,0,0,0
15227,CMP0164,1949,2023-08-05,0,0,0
15228,CMP0164,3370,2023-08-05,1,0,0
15229,CMP0164,127,2023-08-05,0,0,0
15230,CMP0164,1653,2023-08-05,1,0,0
15231,CMP0164,2504,2023-08-05,1,0,0
15232,CMP0164,894,2023-08-05,0,0,0
15233,CMP0164,3286,2023-08-05,1,1,0
15234,CMP0164,880,2023-08-05,1,1,0
15235,CMP0164,2053,2023-08-05,0,0,0
15236,CMP0164,63,2023-08-05,0,0,0
15237,CMP0164,2024,2023-08-05,0,0,0
15238,CMP0164,2424,2023-08-05,0,0,0
15239,CMP0164,1169,2023-08-05,1,0,0
15240,CMP0164,2300,2023-08-05,0,0,0
15241,CMP0164,1298,2023-08-05,1,0,0
15242,CMP0164,1877,2023-08-05,0,0,0
15243,CMP0164,2136,2023-08-05,0,0,0
15244,CMP0164,2923,2023-08-05,0,0,0
15245,CMP0164,3238,2023-08-05,1,0,0
15246,CMP0164,2166,2023-08-05,1,0,0
15247,CMP0164,489,2023-08-05,1,0,0
15248,CMP0164,3677,2023-08-05,1,0,0
15249,CMP0164,654,2023-08-05,0,0,0
15250,CMP0164,1917,2023-08-05,0,0,0
15251,CMP0164,1250,2023-08-05,0,0,0
15252,CMP0164,1842,2023-08-05,1,0,0
15253,CMP0164,3664,2023-08-05,0,0,0
15254,CMP0164,3133,2023-08-05,0,0,0
15255,CMP0164,1702,2023-08-05,0,0,0
15256,CMP0164,822,2023-08-05,0,0,0
15257,CMP0164,2492,2023-08-05,1,0,0
15258,CMP0164,2146,2023-08-05,1,0,0
15259,CMP0164,1428,2023-08-05,0,0,0
15260,CMP0164,596,2023-08-05,0,0,0
15261,CMP0164,2488,2023-08-05,0,0,0
15262,CMP0164,179,2023-08-05,1,0,0
15263,CMP0164,1597,2023-08-05,0,0,0
15264,CMP0164,586,2023-08-05,0,0,0
15265,CMP0164,963,2023-08-05,1,0,0
15266,CMP0164,3211,2023-08-05,0,0,0
15267,CMP0164,521,2023-08-05,0,0,0
15268,CMP0164,1675,2023-08-05,0,0,0
15269,CMP0164,3089,2023-08-05,0,0,0
15270,CMP0164,1657,2023-08-05,0,0,0
15271,CMP0164,1806,2023-08-05,0,0,0
15272,CMP0164,791,2023-08-05,0,0,0
15273,CMP0164,2570,2023-08-05,0,0,0
15274,CMP0164,2513,2023-08-05,0,0,0
15275,CMP0164,2566,2023-08-05,0,0,0
15276,CMP0164,2001,2023-08-05,0,0,0
15277,CMP0164,3816,2023-08-05,1,0,0
15278,CMP0164,1479,2023-08-05,0,0,0
15279,CMP0164,2280,2023-08-05,0,0,0
15280,CMP0164,2760,2023-08-05,0,0,0
15281,CMP0164,1066,2023-08-05,0,0,0
15282,CMP0164,2548,2023-08-05,0,0,0
15283,CMP0164,682,2023-08-05,1,0,0
15284,CMP0164,32,2023-08-05,0,0,0
15285,CMP0164,3769,2023-08-05,0,0,0
15286,CMP0164,2054,2023-08-05,0,0,0
15287,CMP0164,398,2023-08-05,0,0,0
15288,CMP0164,3745,2023-08-05,0,0,0
15289,CMP0164,3741,2023-08-05,1,0,0
15290,CMP0164,224,2023-08-05,0,0,0
15291,CMP0164,3464,2023-08-05,0,1,0
15292,CMP0164,2712,2023-08-05,1,0,0
15293,CMP0164,570,2023-08-05,0,0,0
15294,CMP0164,3060,2023-08-05,0,0,0
15295,CMP0164,8,2023-08-05,0,0,0
15296,CMP0164,1954,2023-08-05,0,0,0
15297,CMP0164,1848,2023-08-05,0,0,0
15298,CMP0164,3512,2023-08-05,1,0,0
15299,CMP0164,1920,2023-08-05,1,1,0
15300,CMP0164,1870,2023-08-05,1,0,0
15301,CMP0164,1342,2023-08-05,0,0,0
15302,CMP0164,56,2023-08-05,0,0,0
15303,CMP0164,393,2023-08-05,0,0,0
15304,CMP0164,2270,2023-08-05,1,0,0
15305,CMP0164,2262,2023-08-05,0,0,0
15306,CMP0164,2680,2023-08-05,0,0,0
15307,CMP0164,3355,2023-08-05,1,0,0
15308,CMP0164,2759,2023-08-05,0,0,0
15309,CMP0164,3914,2023-08-05,0,0,0
15310,CMP0164,2182,2023-08-05,1,1,0
15311,CMP0164,2977,2023-08-05,1,0,0
15312,CMP0164,357,2023-08-05,0,0,0
15313,CMP0164,2854,2023-08-05,0,0,0
15314,CMP0164,927,2023-08-05,1,0,0
15315,CMP0164,985,2023-08-05,1,0,0
15316,CMP0164,215,2023-08-05,0,0,0
15317,CMP0164,3176,2023-08-05,1,0,0
15318,CMP0164,3562,2023-08-05,0,0,0
15319,CMP0164,3372,2023-08-05,0,0,0
15320,CMP0164,3049,2023-08-05,0,0,0
15321,CMP0164,3143,2023-08-05,0,0,0
15322,CMP0164,300,2023-08-05,0,0,0
15323,CMP0164,2234,2023-08-05,0,0,0
15324,CMP0164,3809,2023-08-05,0,0,0
15325,CMP0164,1334,2023-08-05,1,1,0
15326,CMP0164,3112,2023-08-05,0,0,0
15327,CMP0164,2525,2023-08-05,0,0,0
15328,CMP0164,1695,2023-08-05,0,0,0
15329,CMP0164,559,2023-08-05,1,0,0
15330,CMP0164,2397,2023-08-05,0,0,0
15331,CMP0164,3094,2023-08-05,0,0,0
15332,CMP0164,1933,2023-08-05,1,1,0
15333,CMP0164,1774,2023-08-05,0,0,0
15334,CMP0164,3547,2023-08-05,0,0,0
15335,CMP0164,4003,2023-08-05,1,1,0
15336,CMP0164,2788,2023-08-05,1,0,0
15337,CMP0164,22,2023-08-05,0,0,0
15338,CMP0164,3282,2023-08-05,0,1,0
15339,CMP0164,709,2023-08-05,0,0,0
15340,CMP0164,146,2023-08-05,0,0,0
15341,CMP0164,922,2023-08-05,1,0,0
15342,CMP0164,3648,2023-08-05,0,0,0
15343,CMP0164,3361,2023-08-05,0,0,0
15344,CMP0164,2168,2023-08-05,0,0,0
15345,CMP0164,3718,2023-08-05,0,0,0
15346,CMP0164,1307,2023-08-05,0,0,0
15347,CMP0164,3113,2023-08-05,0,0,0
15348,CMP0164,2034,2023-08-05,1,1,0
15349,CMP0164,314,2023-08-05,0,0,0
15350,CMP0164,1212,2023-08-05,0,0,0
15351,CMP0164,2609,2023-08-05,0,0,0
15352,CMP0164,1180,2023-08-05,0,0,0
15353,CMP0164,2536,2023-08-05,0,0,0
15354,CMP0164,93,2023-08-05,1,0,0
15355,CMP0164,2065,2023-08-05,0,0,0
15356,CMP0164,1174,2023-08-05,0,0,0
15357,CMP0164,2833,2023-08-05,0,0,0
15358,CMP0164,1285,2023-08-05,0,0,0
15359,CMP0164,1724,2023-08-05,0,1,0
15360,CMP0164,2591,2023-08-05,0,0,0
15361,CMP0164,96,2023-08-05,0,0,0
15362,CMP0164,2653,2023-08-05,0,0,0
15363,CMP0164,2971,2023-08-05,0,0,0
15364,CMP0164,3643,2023-08-05,0,0,0
15365,CMP0164,3385,2023-08-05,1,0,0
15366,CMP0164,3057,2023-08-05,1,0,0
15367,CMP0164,1681,2023-08-05,0,0,0
15368,CMP0164,1717,2023-08-05,0,0,0
15369,CMP0164,188,2023-08-05,0,0,0
15370,CMP0164,3496,2023-08-05,1,0,0
15371,CMP0164,3710,2023-08-05,0,0,0
15372,CMP0164,397,2023-08-05,0,0,0
15373,CMP0164,3786,2023-08-05,1,0,0
15374,CMP0164,383,2023-08-05,1,1,0
15375,CMP0164,3292,2023-08-05,0,0,0
15376,CMP0164,3849,2023-08-05,1,1,0
15377,CMP0164,2290,2023-08-05,1,0,0
15378,CMP0164,294,2023-08-05,0,1,0
15379,CMP0164,3208,2023-08-05,0,0,0
15380,CMP0164,3402,2023-08-05,0,0,0
15381,CMP0164,914,2023-08-05,0,0,0
15382,CMP0164,2519,2023-08-05,0,0,0
15383,CMP0164,3322,2023-08-05,1,0,0
15384,CMP0164,2698,2023-08-05,1,0,0
15385,CMP0164,1352,2023-08-05,1,0,0
15386,CMP0164,3433,2023-08-05,1,0,0
15387,CMP0164,2202,2023-08-05,0,0,0
15388,CMP0164,2288,2023-08-05,0,0,0
15389,CMP0164,2347,2023-08-05,1,1,0
15390,CMP0164,326,2023-08-05,0,0,0
15391,CMP0164,3170,2023-08-05,0,0,0
15392,CMP0164,2021,2023-08-05,1,0,0
15393,CMP0164,3561,2023-08-05,0,0,0
15394,CMP0164,263,2023-08-05,0,0,0
15395,CMP0164,2405,2023-08-05,0,0,0
15396,CMP0164,295,2023-08-05,0,0,0
15397,CMP0164,420,2023-08-05,0,0,0
15398,CMP0164,1301,2023-08-05,0,0,0
15399,CMP0164,520,2023-08-05,0,0,0
15400,CMP0164,3461,2023-08-05,0,0,0
15401,CMP0164,3595,2023-08-05,1,0,0
15402,CMP0164,138,2023-08-05,1,0,0
15403,CMP0164,615,2023-08-05,1,0,0
15404,CMP0164,2819,2023-08-05,0,0,0
15405,CMP0164,3729,2023-08-05,0,0,0
15406,CMP0164,1067,2023-08-05,0,0,0
15407,CMP0164,1789,2023-08-05,0,0,0
15408,CMP0164,2789,2023-08-05,0,0,0
15409,CMP0164,1290,2023-08-05,1,0,0
15410,CMP0164,477,2023-08-05,0,0,0
15411,CMP0164,3715,2023-08-05,0,0,0
15412,CMP0164,3596,2023-08-05,0,0,0
15413,CMP0164,3034,2023-08-05,1,1,0
15414,CMP0164,2019,2023-08-05,0,1,0
15415,CMP0164,1601,2023-08-05,0,0,0
15416,CMP0164,3635,2023-08-05,0,0,0
15417,CMP0164,856,2023-08-05,0,0,0
15418,CMP0164,1819,2023-08-05,1,1,0
15419,CMP0164,1922,2023-08-05,0,0,0
15420,CMP0164,2836,2023-08-05,0,0,0
15421,CMP0164,1461,2023-08-05,0,0,0
15422,CMP0164,190,2023-08-05,0,0,0
15423,CMP0164,2496,2023-08-05,0,0,0
15424,CMP0164,408,2023-08-05,1,0,0
15425,CMP0164,243,2023-08-05,1,0,0
15426,CMP0164,1880,2023-08-05,1,0,0
15427,CMP0164,2382,2023-08-05,0,0,0
15428,CMP0164,2931,2023-08-05,0,0,0
15429,CMP0164,606,2023-08-05,0,0,0
15430,CMP0164,445,2023-08-05,0,0,0
15431,CMP0164,1640,2023-08-05,0,0,0
15432,CMP0164,1914,2023-08-05,0,0,0
15433,CMP0164,301,2023-08-05,0,0,0
15434,CMP0164,3854,2023-08-05,0,0,0
15435,CMP0164,158,2023-08-05,0,0,0
15436,CMP0164,1386,2023-08-05,0,0,0
15437,CMP0164,1721,2023-08-05,1,0,0
15438,CMP0164,3150,2023-08-05,0,0,0
15439,CMP0164,1433,2023-08-05,0,0,0
15440,CMP0164,1988,2023-08-05,0,0,0
15441,CMP0164,670,2023-08-05,1,0,0
15442,CMP0164,3815,2023-08-05,0,0,0
15443,CMP0164,3407,2023-08-05,0,0,0
15444,CMP0164,1935,2023-08-05,0,0,0
15445,CMP0164,248,2023-08-05,0,0,0
15446,CMP0164,989,2023-08-05,0,0,0
15447,CMP0164,2905,2023-08-05,0,0,0
15448,CMP0164,2557,2023-08-05,0,0,0
15449,CMP0164,3119,2023-08-05,0,0,0
15450,CMP0164,2896,2023-08-05,0,0,0
15451,CMP0164,205,2023-08-05,1,0,0
15452,CMP0164,848,2023-08-05,0,0,0
15453,CMP0164,2371,2023-08-05,0,0,0
15454,CMP0164,722,2023-08-05,0,0,0
15455,CMP0164,2489,2023-08-05,0,0,0
15456,CMP0164,2796,2023-08-05,0,0,0
15457,CMP0164,3121,2023-08-05,0,0,0
15458,CMP0164,3413,2023-08-05,0,0,0
15459,CMP0164,2265,2023-08-05,0,0,0
15460,CMP0164,1980,2023-08-05,0,0,0
15461,CMP0164,1904,2023-08-05,0,0,0
15462,CMP0164,289,2023-08-05,1,0,0
15463,CMP0164,2227,2023-08-05,0,0,0
15464,CMP0164,2801,2023-08-05,0,0,0
15465,CMP0164,338,2023-08-05,1,0,0
15466,CMP0164,2812,2023-08-05,1,1,0
15467,CMP0164,353,2023-08-05,0,0,0
15468,CMP0164,3704,2023-08-05,0,0,0
15469,CMP0164,3788,2023-08-05,0,0,0
15470,CMP0164,3008,2023-08-05,1,0,0
15471,CMP0164,2171,2023-08-05,0,0,0
15472,CMP0164,264,2023-08-05,0,0,0
15473,CMP0164,1670,2023-08-05,0,0,0
15474,CMP0164,1319,2023-08-05,1,0,0
15475,CMP0164,3623,2023-08-05,1,0,0
15476,CMP0164,1893,2023-08-05,0,0,0
15477,CMP0164,3293,2023-08-05,0,0,0
15478,CMP0164,3981,2023-08-05,1,0,0
15479,CMP0164,2301,2023-08-05,0,0,0
15480,CMP0164,3253,2023-08-05,1,1,0
15481,CMP0164,3190,2023-08-05,0,0,0
15482,CMP0164,2042,2023-08-05,0,0,0
15483,CMP0164,1220,2023-08-05,1,0,0
15484,CMP0164,352,2023-08-05,1,1,0
15485,CMP0164,656,2023-08-05,1,1,0
15486,CMP0164,281,2023-08-05,1,0,0
15487,CMP0164,1585,2023-08-05,1,0,0
15488,CMP0164,2144,2023-08-05,0,0,0
15489,CMP0164,2830,2023-08-05,0,0,0
15490,CMP0164,1488,2023-08-05,1,0,0
15491,CMP0164,1404,2023-08-05,0,0,0
15492,CMP0164,2251,2023-08-05,0,0,0
15493,CMP0164,618,2023-08-05,0,0,0
15494,CMP0164,826,2023-08-05,0,0,0
15495,CMP0164,2722,2023-08-05,0,0,0
15496,CMP0164,1293,2023-08-05,0,0,0
15497,CMP0164,2803,2023-08-05,0,0,0
15498,CMP0164,1714,2023-08-05,1,0,0
15499,CMP0164,828,2023-08-05,0,0,0
15500,CMP0164,2472,2023-08-05,0,0,0
15501,CMP0164,810,2023-08-05,0,0,0
15502,CMP0164,2697,2023-08-05,0,0,0
15503,CMP0164,167,2023-08-05,1,0,0
15504,CMP0164,3558,2023-08-05,0,0,0
15505,CMP0164,3460,2023-08-05,0,0,0
15506,CMP0164,3367,2023-08-05,0,0,0
15507,CMP0164,2740,2023-08-05,0,0,0
15508,CMP0164,3813,2023-08-05,1,1,0
15509,CMP0164,3199,2023-08-05,0,0,0
15510,CMP0164,1177,2023-08-05,1,0,0
15511,CMP0164,2682,2023-08-05,0,0,0
15512,CMP0164,3594,2023-08-05,1,0,0
15513,CMP0164,286,2023-08-05,0,0,0
15514,CMP0164,1034,2023-08-05,0,0,0
15515,CMP0164,603,2023-08-05,1,0,0
15516,CMP0164,3152,2023-08-05,0,0,0
15517,CMP0164,3392,2023-08-05,1,0,0
15518,CMP0164,14,2023-08-05,0,0,0
15519,CMP0164,2780,2023-08-05,0,0,0
15520,CMP0164,2940,2023-08-05,1,0,0
15521,CMP0164,2520,2023-08-05,0,0,0
15522,CMP0164,1005,2023-08-05,0,0,0
15523,CMP0164,860,2023-08-05,0,0,0
15524,CMP0164,3157,2023-08-05,0,0,0
15525,CMP0164,2452,2023-08-05,1,1,0
15526,CMP0164,4015,2023-08-05,0,0,0
15527,CMP0164,3776,2023-08-05,1,0,0
15528,CMP0164,2594,2023-08-05,0,0,0
15529,CMP0164,2145,2023-08-05,0,0,0
15530,CMP0164,2888,2023-08-05,0,0,0
15531,CMP0164,129,2023-08-05,1,0,0
15532,CMP0164,3872,2023-08-05,0,0,0
15533,CMP0164,602,2023-08-05,0,0,0
15534,CMP0164,801,2023-08-05,1,0,0
15535,CMP0164,757,2023-08-05,1,0,0
15536,CMP0164,453,2023-08-05,0,0,0
15537,CMP0164,1143,2023-08-05,1,0,0
15538,CMP0164,1974,2023-08-05,0,0,0
15539,CMP0164,2948,2023-08-05,0,0,0
15540,CMP0164,1568,2023-08-05,0,0,0
15541,CMP0164,624,2023-08-05,1,1,0
15542,CMP0164,805,2023-08-05,0,0,0
15543,CMP0164,2487,2023-08-05,1,0,0
15544,CMP0164,1561,2023-08-05,0,0,0
15545,CMP0164,1240,2023-08-05,0,0,0
15546,CMP0164,2476,2023-08-05,0,0,0
15547,CMP0164,1511,2023-08-05,1,0,0
15548,CMP0164,1200,2023-08-05,0,0,0
15549,CMP0164,438,2023-08-05,1,0,0
15550,CMP0164,2860,2023-08-05,0,1,0
15551,CMP0164,302,2023-08-05,0,0,0
15552,CMP0164,1463,2023-08-05,0,0,0
15553,CMP0164,2421,2023-08-05,0,0,0
15554,CMP0164,2238,2023-08-05,0,0,0
15555,CMP0164,2597,2023-08-05,0,0,0
15556,CMP0164,500,2023-08-05,0,0,0
15557,CMP0164,1963,2023-08-05,0,0,0
15558,CMP0164,3309,2023-08-05,0,0,0
15559,CMP0164,3256,2023-08-05,0,0,0
15560,CMP0164,3342,2023-08-05,0,0,0
15561,CMP0164,530,2023-08-05,0,0,0
15562,CMP0164,1377,2023-08-05,1,0,0
15563,CMP0164,1280,2023-08-05,1,0,0
15564,CMP0164,1977,2023-08-05,0,0,0
15565,CMP0164,1157,2023-08-05,1,0,0
15566,CMP0164,1909,2023-08-05,0,0,0
15567,CMP0164,3875,2023-08-05,1,0,0
15568,CMP0164,2802,2023-08-05,0,0,0
15569,CMP0164,436,2023-08-05,0,0,0
15570,CMP0164,825,2023-08-05,0,0,0
15571,CMP0164,2732,2023-08-05,0,0,0
15572,CMP0164,1541,2023-08-05,0,0,0
15573,CMP0164,2439,2023-08-05,0,0,0
15574,CMP0164,3879,2023-08-05,0,0,0
15575,CMP0164,988,2023-08-05,0,0,0
15576,CMP0164,3193,2023-08-05,0,0,0
15577,CMP0164,846,2023-08-05,1,0,0
15578,CMP0164,1754,2023-08-05,0,0,0
15579,CMP0164,949,2023-08-05,0,0,0
15580,CMP0164,3221,2023-08-05,0,0,0
15581,CMP0164,3007,2023-08-05,0,0,0
15582,CMP0164,1161,2023-08-05,0,0,0
15583,CMP0164,1557,2023-08-05,0,0,0
15584,CMP0164,1743,2023-08-05,1,0,0
15585,CMP0164,3924,2023-08-05,0,0,0
15586,CMP0164,900,2023-08-05,0,0,0
15587,CMP0164,991,2023-08-05,0,0,0
15588,CMP0164,2689,2023-08-05,0,0,0
15589,CMP0164,2094,2023-08-05,1,1,0
15590,CMP0164,999,2023-08-05,1,0,0
15591,CMP0164,814,2023-08-05,0,0,0
15592,CMP0164,1748,2023-08-05,0,0,0
15593,CMP0164,391,2023-08-05,1,1,0
15594,CMP0164,926,2023-08-05,0,0,0
15595,CMP0164,180,2023-08-05,1,0,0
15596,CMP0164,2757,2023-08-05,1,0,0
15597,CMP0164,3249,2023-08-05,0,0,0
15598,CMP0164,2625,2023-08-05,0,0,0
15599,CMP0164,3442,2023-08-05,1,0,0
15600,CMP0164,2541,2023-08-05,0,0,0
15601,CMP0164,771,2023-08-05,0,0,0
15602,CMP0164,356,2023-08-05,0,0,0
15603,CMP0164,3622,2023-08-05,0,0,0
15604,CMP0164,998,2023-08-05,0,0,0
15605,CMP0164,1911,2023-08-05,0,0,0
15606,CMP0164,3853,2023-08-05,1,0,0
15607,CMP0164,1768,2023-08-05,0,0,0
15608,CMP0164,3449,2023-08-05,0,0,0
15609,CMP0164,1683,2023-08-05,0,0,0
15610,CMP0164,1572,2023-08-05,0,0,0
15611,CMP0164,1526,2023-08-05,1,1,0
15612,CMP0164,1633,2023-08-05,1,0,0
15613,CMP0164,1725,2023-08-05,0,0,0
15614,CMP0164,61,2023-08-05,1,0,0
15615,CMP0164,2887,2023-08-05,0,0,0
15616,CMP0164,1825,2023-08-05,0,0,0
15617,CMP0164,1355,2023-08-05,0,0,0
15618,CMP0164,2289,2023-08-05,1,0,0
15619,CMP0164,2491,2023-08-05,1,0,0
15620,CMP0164,1435,2023-08-05,1,0,0
15621,CMP0164,2550,2023-08-05,0,0,0
15622,CMP0164,284,2023-08-05,1,0,0
15623,CMP0164,2296,2023-08-05,0,0,0
15624,CMP0164,1059,2023-08-05,0,0,0
15625,CMP0164,1970,2023-08-05,1,0,0
15626,CMP0164,3868,2023-08-05,0,0,0
15627,CMP0164,3665,2023-08-05,1,0,0
15628,CMP0164,3973,2023-08-05,0,0,0
15629,CMP0164,1397,2023-08-05,0,0,0
15630,CMP0164,1902,2023-08-05,1,0,0
15631,CMP0164,2409,2023-08-05,0,0,0
15632,CMP0164,3426,2023-08-05,0,0,0
15633,CMP0164,3095,2023-08-05,0,0,0
15634,CMP0164,493,2023-08-05,0,0,0
15635,CMP0164,858,2023-08-05,0,0,0
15636,CMP0164,115,2023-08-05,0,0,0
15637,CMP0164,3297,2023-08-05,0,0,0
15638,CMP0164,1231,2023-08-05,0,0,0
15639,CMP0164,3233,2023-08-05,0,0,0
15640,CMP0164,920,2023-08-05,0,0,0
15641,CMP0164,3195,2023-08-05,1,0,0
15642,CMP0164,2378,2023-08-05,0,0,0
15643,CMP0164,2237,2023-08-05,0,0,0
15644,CMP0164,3110,2023-08-05,0,0,0
15645,CMP0164,3075,2023-08-05,0,0,0
15646,CMP0164,3739,2023-08-05,0,0,0
15647,CMP0164,2704,2023-08-05,0,0,0
15648,CMP0164,3149,2023-08-05,1,0,0
15649,CMP0164,414,2023-08-05,0,0,0
15650,CMP0164,3287,2023-08-05,1,0,0
15651,CMP0164,3012,2023-08-05,0,0,0
15652,CMP0164,1260,2023-08-05,1,0,0
15653,CMP0164,3109,2023-08-05,0,0,0
15654,CMP0164,2463,2023-08-05,0,0,0
15655,CMP0164,1443,2023-08-05,0,0,0
15656,CMP0164,522,2023-08-05,0,0,0
15657,CMP0164,2164,2023-08-05,0,0,0
15658,CMP0164,2815,2023-08-05,0,0,0
15659,CMP0164,2526,2023-08-05,0,0,0
15660,CMP0164,3517,2023-08-05,0,0,0
15661,CMP0164,2924,2023-08-05,0,0,0
15662,CMP0164,3162,2023-08-05,1,0,0
15663,CMP0164,1895,2023-08-05,0,0,0
15664,CMP0164,649,2023-08-05,0,0,0
15665,CMP0164,2291,2023-08-05,0,0,0
15666,CMP0164,3761,2023-08-05,0,0,0
15667,CMP0164,638,2023-08-05,1,0,0
15668,CMP0164,2260,2023-08-05,0,0,0
15669,CMP0164,64,2023-08-05,0,0,0
15670,CMP0164,2022,2023-08-05,0,0,0
15671,CMP0164,3784,2023-08-05,0,0,0
15672,CMP0164,1841,2023-08-05,0,0,0
15673,CMP0164,492,2023-08-05,0,0,0
15674,CMP0164,1661,2023-08-05,1,0,0
15675,CMP0164,751,2023-08-05,0,0,0
15676,CMP0164,1295,2023-08-05,0,0,0
15677,CMP0164,430,2023-08-05,0,0,0
15678,CMP0164,3383,2023-08-05,0,0,0
15679,CMP0164,457,2023-08-05,1,0,0
15680,CMP0164,1238,2023-08-05,0,0,0
15681,CMP0164,1816,2023-08-05,0,0,0
15682,CMP0164,1091,2023-08-05,0,0,0
15683,CMP0164,2996,2023-08-05,0,0,0
15684,CMP0164,1832,2023-08-05,1,0,0
15685,CMP0164,3120,2023-08-05,0,0,0
15686,CMP0164,3229,2023-08-05,1,0,0
15687,CMP0164,962,2023-08-05,0,0,0
15688,CMP0164,1048,2023-08-05,0,0,0
15689,CMP0164,2869,2023-08-05,0,0,0
15690,CMP0164,3581,2023-08-05,0,0,0
15691,CMP0164,2755,2023-08-05,0,0,0
15692,CMP0164,60,2023-08-05,1,0,0
15693,CMP0164,2039,2023-08-05,0,0,0
15694,CMP0164,3528,2023-08-05,0,0,0
15695,CMP0164,1474,2023-08-05,0,0,0
15696,CMP0164,3576,2023-08-05,0,0,0
15697,CMP0164,2060,2023-08-05,0,0,0
15698,CMP0164,2663,2023-08-05,0,0,0
15699,CMP0164,446,2023-08-05,0,0,0
15700,CMP0164,3901,2023-08-05,0,0,0
15701,CMP0164,229,2023-08-05,1,0,0
15702,CMP0164,2305,2023-08-05,0,0,0
15703,CMP0164,601,2023-08-05,0,0,0
15704,CMP0164,1171,2023-08-05,1,0,0
15705,CMP0164,2102,2023-08-05,0,0,0
15706,CMP0164,1123,2023-08-05,0,0,0
15707,CMP0164,1715,2023-08-05,1,0,0
15708,CMP0164,3525,2023-08-05,1,0,0
15709,CMP0164,937,2023-08-05,1,0,0
15710,CMP0164,1014,2023-08-05,0,0,0
15711,CMP0164,629,2023-08-05,0,0,0
15712,CMP0164,3135,2023-08-05,0,0,0
15713,CMP0164,2340,2023-08-05,1,0,0
15714,CMP0164,3452,2023-08-05,0,0,0
15715,CMP0164,3222,2023-08-05,1,0,0
15716,CMP0164,1999,2023-08-05,1,0,0
15717,CMP0164,3932,2023-08-05,0,0,0
15718,CMP0164,2731,2023-08-05,1,0,0
15719,CMP0164,479,2023-08-05,0,0,0
15720,CMP0164,2140,2023-08-05,0,0,0
15721,CMP0164,3189,2023-08-05,0,0,0
15722,CMP0164,3541,2023-08-05,0,0,0
15723,CMP0164,2845,2023-08-05,1,0,0
15724,CMP0164,1732,2023-08-05,0,0,0
15725,CMP0164,3607,2023-08-05,1,1,0
15726,CMP0164,137,2023-08-05,0,0,0
15727,CMP0164,2071,2023-08-05,0,0,0
15728,CMP0164,1793,2023-08-05,0,0,0
15729,CMP0164,1650,2023-08-05,1,0,0
15730,CMP0164,1990,2023-08-05,0,0,0
15731,CMP0164,2874,2023-08-05,0,0,0
15732,CMP0164,2052,2023-08-05,1,0,0
15733,CMP0164,3913,2023-08-05,0,0,0
15734,CMP0164,578,2023-08-05,0,0,0
15735,CMP0164,913,2023-08-05,1,1,0
15736,CMP0164,3228,2023-08-05,1,1,0
15737,CMP0164,1013,2023-08-05,1,0,0
15738,CMP0164,2007,2023-08-05,0,0,0
15739,CMP0164,1129,2023-08-05,0,0,0
15740,CMP0164,3298,2023-08-05,1,0,0
15741,CMP0164,149,2023-08-05,1,1,0
15742,CMP0164,2603,2023-08-05,1,0,0
15743,CMP0164,647,2023-08-05,1,0,0
15744,CMP0164,1927,2023-08-05,0,0,0
15745,CMP0164,2374,2023-08-05,0,0,0
15746,CMP0164,2903,2023-08-05,0,0,0
15747,CMP0164,3880,2023-08-05,1,0,0
15748,CMP0164,3477,2023-08-05,0,0,0
15749,CMP0164,3470,2023-08-05,1,0,0
15750,CMP0164,2671,2023-08-05,0,0,0
15751,CMP0164,3458,2023-08-05,0,0,0
15752,CMP0164,1241,2023-08-05,0,0,0
15753,CMP0164,3417,2023-08-05,1,1,0
15754,CMP0164,3327,2023-08-05,0,0,0
15755,CMP0164,1321,2023-08-05,0,0,0
15756,CMP0164,1234,2023-08-05,0,0,0
15757,CMP0164,1362,2023-08-05,0,0,0
15758,CMP0164,341,2023-08-05,0,0,0
15759,CMP0164,2529,2023-08-05,0,0,0
15760,CMP0164,3301,2023-08-05,0,0,0
15761,CMP0164,779,2023-08-05,0,0,0
15762,CMP0164,1303,2023-08-05,0,0,0
15763,CMP0164,811,2023-08-05,0,0,0
15764,CMP0164,944,2023-08-05,0,0,0
15765,CMP0164,71,2023-08-05,0,0,0
15766,CMP0164,2444,2023-08-05,1,0,0
15767,CMP0164,997,2023-08-05,0,0,0
15768,CMP0164,3036,2023-08-05,0,0,0
15769,CMP0164,2646,2023-08-05,0,0,0
15770,CMP0164,995,2023-08-05,0,0,0
15771,CMP0164,729,2023-08-05,0,0,0
15772,CMP0164,3181,2023-08-05,0,0,0
15773,CMP0164,2014,2023-08-05,0,0,0
15774,CMP0164,2752,2023-08-05,0,0,0
15775,CMP0164,2779,2023-08-05,0,0,0
15776,CMP0164,1083,2023-08-05,1,0,0
15777,CMP0164,2130,2023-08-05,0,0,0
15778,CMP0164,1666,2023-08-05,0,0,0
15779,CMP0164,2456,2023-08-05,0,0,0
15780,CMP0164,74,2023-08-05,0,0,0
15781,CMP0164,3965,2023-08-05,0,0,0
15782,CMP0164,308,2023-08-05,0,0,0
15783,CMP0164,1431,2023-08-05,1,0,0
15784,CMP0164,2083,2023-08-05,0,0,0
15785,CMP0164,2249,2023-08-05,1,0,0
15786,CMP0164,2357,2023-08-05,0,0,0
15787,CMP0164,3016,2023-08-05,0,0,0
15788,CMP0164,1414,2023-08-05,1,1,0
15789,CMP0164,1507,2023-08-05,0,0,0
15790,CMP0164,2151,2023-08-05,0,0,0
15791,CMP0164,1193,2023-08-05,1,0,0
15792,CMP0164,2023,2023-08-05,1,0,0
15793,CMP0164,288,2023-08-05,0,0,0
15794,CMP0164,1696,2023-08-05,0,0,0
15795,CMP0164,2349,2023-08-05,0,0,0
15796,CMP0164,3888,2023-08-05,0,0,0
15797,CMP0164,1077,2023-08-05,1,0,0
15798,CMP0164,2658,2023-08-05,0,0,0
15799,CMP0164,3068,2023-08-05,1,0,0
15800,CMP0164,1018,2023-08-05,0,0,0
15801,CMP0164,196,2023-08-05,0,0,0
15802,CMP0164,1596,2023-08-05,1,0,0
15803,CMP0164,1363,2023-08-05,0,0,0
15804,CMP0164,2352,2023-08-05,0,0,0
15805,CMP0164,2636,2023-08-05,1,0,0
15806,CMP0164,588,2023-08-05,1,0,0
15807,CMP0164,2240,2023-08-05,0,0,0
15808,CMP0164,1614,2023-08-05,0,0,0
15809,CMP0164,237,2023-08-05,1,0,0
15810,CMP0164,1361,2023-08-05,0,0,0
15811,CMP0164,485,2023-08-05,1,0,0
15812,CMP0164,3887,2023-08-05,1,0,0
15813,CMP0164,1757,2023-08-05,0,0,0
15814,CMP0164,3127,2023-08-05,0,0,0
15815,CMP0164,1730,2023-08-05,0,0,0
15816,CMP0164,1672,2023-08-05,0,0,0
15817,CMP0164,1655,2023-08-05,1,0,0
15818,CMP0164,3740,2023-08-05,0,0,0
15819,CMP0164,3660,2023-08-05,0,0,0
15820,CMP0164,1983,2023-08-05,0,0,0
15821,CMP0164,2739,2023-08-05,0,0,0
15822,CMP0164,1406,2023-08-05,1,0,0
15823,CMP0164,782,2023-08-05,0,0,0
15824,CMP0164,1099,2023-08-05,0,0,0
15825,CMP0164,3546,2023-08-05,0,0,0
15826,CMP0164,1924,2023-08-05,1,0,0
15827,CMP0164,3746,2023-08-05,0,0,0
15828,CMP0164,1532,2023-08-05,1,0,0
15829,CMP0164,2312,2023-08-05,1,0,0
15830,CMP0164,3721,2023-08-05,0,0,0
15831,CMP0164,908,2023-08-05,0,0,0
15832,CMP0164,3471,2023-08-05,0,0,0
15833,CMP0164,1508,2023-08-05,0,0,0
15834,CMP0164,3996,2023-08-05,0,0,0
15835,CMP0164,2088,2023-08-05,1,0,0
15836,CMP0164,3102,2023-08-05,1,0,0
15837,CMP0164,2201,2023-08-05,1,1,0
15838,CMP0164,964,2023-08-05,0,0,0
15839,CMP0164,2851,2023-08-05,0,0,0
15840,CMP0164,3767,2023-08-05,1,0,0
15841,CMP0164,3266,2023-08-05,0,0,0
15842,CMP0164,254,2023-08-05,1,0,0
15843,CMP0164,306,2023-08-05,0,0,0
15844,CMP0164,3252,2023-08-05,0,0,0
15845,CMP0164,3416,2023-08-05,0,0,0
15846,CMP0164,2917,2023-08-05,0,0,0
15847,CMP0164,255,2023-08-05,1,1,0
15848,CMP0164,3196,2023-08-05,0,0,0
15849,CMP0164,2890,2023-08-05,1,0,0
15850,CMP0164,2047,2023-08-05,1,1,0
15851,CMP0164,2741,2023-08-05,0,0,0
15852,CMP0164,884,2023-08-05,1,0,0
15853,CMP0164,1595,2023-08-05,0,0,0
15854,CMP0164,789,2023-08-05,0,0,0
15855,CMP0164,499,2023-08-05,0,0,0
15856,CMP0164,2879,2023-08-05,0,0,0
15857,CMP0164,1125,2023-08-05,0,0,0
15858,CMP0164,140,2023-08-05,0,0,0
15859,CMP0164,2962,2023-08-05,0,0,0
15860,CMP0164,3905,2023-08-05,0,0,0
15861,CMP0164,135,2023-08-05,0,0,0
15862,CMP0164,2744,2023-08-05,0,0,0
15863,CMP0164,3835,2023-08-05,1,0,0
15864,CMP0164,1767,2023-08-05,1,0,0
15865,CMP0164,1589,2023-08-05,0,0,0
15866,CMP0164,3033,2023-08-05,1,0,0
15867,CMP0164,2221,2023-08-05,0,0,0
15868,CMP0164,1664,2023-08-05,0,0,0
15869,CMP0164,3995,2023-08-05,0,0,0
15870,CMP0164,3487,2023-08-05,0,0,0
15871,CMP0164,1040,2023-08-05,1,0,0
15872,CMP0164,439,2023-08-05,0,0,0
15873,CMP0164,2066,2023-08-05,0,0,0
15874,CMP0164,3066,2023-08-05,0,0,0
15875,CMP0164,1230,2023-08-05,1,0,0
15876,CMP0164,161,2023-08-05,0,0,0
15877,CMP0164,1462,2023-08-05,0,0,0
15878,CMP0164,1616,2023-08-05,0,0,0
15879,CMP0164,2028,2023-08-05,0,0,0
15880,CMP0164,1905,2023-08-05,1,1,0
15881,CMP0164,3898,2023-08-05,0,0,0
15882,CMP0164,556,2023-08-05,1,0,0
15883,CMP0164,568,2023-08-05,0,0,0
15884,CMP0164,3837,2023-08-05,0,0,0
15885,CMP0164,488,2023-08-05,0,0,0
15886,CMP0164,275,2023-08-05,1,0,0
15887,CMP0164,3612,2023-08-05,0,0,0
15888,CMP0164,3414,2023-08-05,0,0,0
15889,CMP0164,2244,2023-08-05,0,0,0
15890,CMP0164,3666,2023-08-05,0,0,0
15891,CMP0164,1901,2023-08-05,0,0,0
15892,CMP0164,3024,2023-08-05,0,0,0
15893,CMP0164,763,2023-08-05,0,0,0
15894,CMP0164,2629,2023-08-05,1,0,0
15895,CMP0164,3778,2023-08-05,0,0,0
15896,CMP0164,971,2023-08-05,0,0,0
15897,CMP0164,84,2023-08-05,0,0,0
15898,CMP0164,3714,2023-08-05,1,1,0
15899,CMP0164,2641,2023-08-05,0,0,0
15900,CMP0164,2756,2023-08-05,0,0,0
15901,CMP0164,836,2023-08-05,0,0,0
15902,CMP0164,2264,2023-08-05,1,0,0
15903,CMP0164,278,2023-08-05,0,0,0
15904,CMP0164,3074,2023-08-05,0,0,0
15905,CMP0164,1859,2023-08-05,0,0,0
15906,CMP0164,1024,2023-08-05,0,0,0
15907,CMP0164,527,2023-08-05,1,0,0
15908,CMP0164,2477,2023-08-05,1,0,0
15909,CMP0164,2379,2023-08-05,0,0,0
15910,CMP0164,2133,2023-08-05,0,0,0
15911,CMP0164,3480,2023-08-05,0,0,0
15912,CMP0164,2468,2023-08-05,0,0,0
15913,CMP0164,2774,2023-08-05,1,0,0
15914,CMP0164,1092,2023-08-05,0,0,0
15915,CMP0164,1401,2023-08-05,1,0,0
15916,CMP0164,2919,2023-08-05,0,0,0
15917,CMP0164,1021,2023-08-05,1,0,0
15918,CMP0164,2368,2023-08-05,0,0,0
15919,CMP0164,960,2023-08-05,1,1,0
15920,CMP0164,1475,2023-08-05,1,0,0
15921,CMP0164,2515,2023-08-05,1,0,0
15922,CMP0164,827,2023-08-05,0,0,0
15923,CMP0164,1992,2023-08-05,0,0,0
15924,CMP0164,1866,2023-08-05,1,0,0
15925,CMP0164,2188,2023-08-05,0,0,0
15926,CMP0164,851,2023-08-05,0,0,0
15927,CMP0164,2462,2023-08-05,0,0,0
15928,CMP0164,2545,2023-08-05,1,0,0
15929,CMP0164,3793,2023-08-05,0,0,0
15930,CMP0164,621,2023-08-05,0,0,0
15931,CMP0164,691,2023-08-05,0,0,0
15932,CMP0164,70,2023-08-05,0,0,0
15933,CMP0164,859,2023-08-05,1,0,0
15934,CMP0164,89,2023-08-05,0,0,0
15935,CMP0164,1607,2023-08-05,1,0,0
15936,CMP0164,2817,2023-08-05,0,0,0
15937,CMP0164,2571,2023-08-05,0,0,0
15938,CMP0164,772,2023-08-05,1,0,0
15939,CMP0164,2084,2023-08-05,1,0,0
15940,CMP0164,1942,2023-08-05,1,0,0
15941,CMP0164,2393,2023-08-05,0,0,0
15942,CMP0164,2218,2023-08-05,0,0,0
15943,CMP0164,3394,2023-08-05,0,0,0
15944,CMP0164,409,2023-08-05,0,0,0
15945,CMP0164,2643,2023-08-05,1,0,0
15946,CMP0164,1372,2023-08-05,0,0,0
15947,CMP0164,62,2023-08-05,1,0,0
15948,CMP0164,2384,2023-08-05,0,0,0
15949,CMP0164,2590,2023-08-05,1,1,0
15950,CMP0164,2454,2023-08-05,1,0,0
15951,CMP0164,2672,2023-08-05,1,0,0
15952,CMP0164,3539,2023-08-05,0,0,0
15953,CMP0164,1266,2023-08-05,0,0,0
15954,CMP0164,3142,2023-08-05,1,0,0
15955,CMP0164,1849,2023-08-05,1,0,0
15956,CMP0164,181,2023-08-05,0,0,0
15957,CMP0164,1382,2023-08-05,0,0,0
15958,CMP0164,983,2023-08-05,0,0,0
15959,CMP0164,3406,2023-08-05,0,0,0
15960,CMP0164,1558,2023-08-05,0,0,0
15961,CMP0164,3685,2023-08-05,0,0,0
15962,CMP0164,1625,2023-08-05,0,0,0
15963,CMP0164,1554,2023-08-05,1,0,0
15964,CMP0164,2015,2023-08-05,0,0,0
15965,CMP0164,2832,2023-08-05,0,0,0
15966,CMP0164,815,2023-08-05,0,0,0
15967,CMP0164,2768,2023-08-05,0,0,0
15968,CMP0164,1348,2023-08-05,0,0,0
15969,CMP0164,2652,2023-08-05,0,0,0
15970,CMP0164,2749,2023-08-05,0,0,0
15971,CMP0164,2416,2023-08-05,1,0,0
15972,CMP0164,9,2023-08-05,1,0,0
15973,CMP0164,2306,2023-08-05,0,0,0
15974,CMP0164,1036,2023-08-05,0,0,0
15975,CMP0164,1948,2023-08-05,1,0,0
15976,CMP0164,2401,2023-08-05,0,0,0
15977,CMP0164,1631,2023-08-05,0,0,0
15978,CMP0164,3569,2023-08-05,1,0,0
15979,CMP0164,182,2023-08-05,0,0,0
15980,CMP0164,1530,2023-08-05,0,0,0
15981,CMP0164,3819,2023-08-05,0,0,0
15982,CMP0164,1739,2023-08-05,1,1,0
15983,CMP0164,2867,2023-08-05,1,0,0
15984,CMP0164,2179,2023-08-05,1,0,0
15985,CMP0164,2638,2023-08-05,1,0,0
15986,CMP0164,3459,2023-08-05,1,0,0
15987,CMP0164,1216,2023-08-05,0,0,0
15988,CMP0164,1985,2023-08-05,0,0,0
15989,CMP0164,1564,2023-08-05,0,0,0
15990,CMP0164,523,2023-08-05,0,0,0
15991,CMP0164,820,2023-08-05,1,0,0
15992,CMP0164,3427,2023-08-05,0,0,0
15993,CMP0164,2403,2023-08-05,0,0,0
15994,CMP0164,2776,2023-08-05,0,0,0
15995,CMP0164,1159,2023-08-05,1,0,0
15996,CMP0164,3960,2023-08-05,1,0,0
15997,CMP0164,1726,2023-08-05,1,0,0
15998,CMP0164,3340,2023-08-05,0,0,0
15999,CMP0164,3967,2023-08-05,1,0,0
16000,CMP0164,3696,2023-08-05,0,0,0
16001,CMP0164,1476,2023-08-05,0,0,0
16002,CMP0164,3577,2023-08-05,1,0,0
16003,CMP0164,2132,2023-08-05,0,0,0
16004,CMP0164,2576,2023-08-05,0,0,0
16005,CMP0164,2928,2023-08-05,0,0,0
16006,CMP0164,382,2023-08-05,1,1,0
16007,CMP0164,416,2023-08-05,1,0,0
16008,CMP0164,2358,2023-08-05,0,0,0
16009,CMP0164,1960,2023-08-05,0,0,0
16010,CMP0164,909,2023-08-05,1,0,0
16011,CMP0164,223,2023-08-05,1,1,0
16012,CMP0164,2498,2023-08-05,0,0,0
16013,CMP0164,745,2023-08-05,0,0,0
16014,CMP0164,2859,2023-08-05,1,0,0
16015,CMP0164,3306,2023-08-05,1,0,0
16016,CMP0164,17,2023-08-05,1,0,0
16017,CMP0164,2328,2023-08-05,1,0,0
16018,CMP0164,1761,2023-08-05,0,0,0
16019,CMP0164,3493,2023-08-05,0,0,0
16020,CMP0164,50,2023-08-05,0,0,0
16021,CMP0164,460,2023-08-05,1,0,0
16022,CMP0164,3756,2023-08-05,0,0,0
16023,CMP0164,1436,2023-08-05,0,0,0
16024,CMP0164,1478,2023-08-05,0,0,0
16025,CMP0164,572,2023-08-05,1,0,0
16026,CMP0164,2578,2023-08-05,0,0,0
16027,CMP0164,160,2023-08-05,0,0,0
16028,CMP0164,2437,2023-08-05,0,0,0
16029,CMP0164,2964,2023-08-05,0,0,0
16030,CMP0164,2127,2023-08-05,0,0,0
16031,CMP0164,2497,2023-08-05,0,0,0
16032,CMP0164,625,2023-08-05,0,0,0
16033,CMP0164,3750,2023-08-05,0,0,0
16034,CMP0164,1805,2023-08-05,0,0,0
16035,CMP0164,2287,2023-08-05,0,0,0
16036,CMP0164,524,2023-08-05,0,0,0
16037,CMP0164,3833,2023-08-05,1,0,0
16038,CMP0164,3554,2023-08-05,0,0,0
16039,CMP0164,623,2023-08-05,1,0,0
16040,CMP0164,2769,2023-08-05,0,0,0
16041,CMP0164,1032,2023-08-05,0,0,0
16042,CMP0164,1385,2023-08-05,0,0,0
16043,CMP0164,1517,2023-08-05,0,0,0
16044,CMP0164,1613,2023-08-05,0,0,0
16045,CMP0164,3126,2023-08-05,0,0,0
16046,CMP0164,2333,2023-08-05,0,0,0
16047,CMP0164,132,2023-08-05,0,0,0
16048,CMP0164,2710,2023-08-05,1,0,0
16049,CMP0164,192,2023-08-05,0,0,0
16050,CMP0164,3795,2023-08-05,0,0,0
16051,CMP0164,3474,2023-08-05,1,0,0
16052,CMP0164,6,2023-08-05,0,0,0
16053,CMP0164,2057,2023-08-05,0,0,0
16054,CMP0164,563,2023-08-05,0,0,0
16055,CMP0164,472,2023-08-05,1,0,0
16056,CMP0164,3168,2023-08-05,0,0,0
16057,CMP0164,1759,2023-08-05,0,0,0
16058,CMP0164,3311,2023-08-05,1,1,0
16059,CMP0164,2913,2023-08-05,1,0,0
16060,CMP0164,1037,2023-08-05,0,0,0
16061,CMP0164,3800,2023-08-05,0,0,0
16062,CMP0164,2406,2023-08-05,1,0,0
16063,CMP0157,2497,2023-09-17,0,0,0
16064,CMP0157,1091,2023-09-17,1,0,0
16065,CMP0157,3685,2023-09-17,0,0,0
16066,CMP0157,766,2023-09-17,0,0,0
16067,CMP0157,2557,2023-09-17,1,0,0
16068,CMP0157,436,2023-09-17,0,0,0
16069,CMP0157,3074,2023-09-17,0,0,0
16070,CMP0157,523,2023-09-17,0,0,0
16071,CMP0157,222,2023-09-17,1,0,0
16072,CMP0157,3726,2023-09-17,1,0,0
16073,CMP0157,196,2023-09-17,0,0,0
16074,CMP0157,1911,2023-09-17,1,0,0
16075,CMP0157,3102,2023-09-17,0,0,0
16076,CMP0157,540,2023-09-17,1,0,0
16077,CMP0157,649,2023-09-17,0,0,0
16078,CMP0157,2382,2023-09-17,0,0,0
16079,CMP0157,1653,2023-09-17,1,0,0
16080,CMP0157,270,2023-09-17,0,0,0
16081,CMP0157,329,2023-09-17,0,0,0
16082,CMP0157,1301,2023-09-17,0,0,0
16083,CMP0157,1606,2023-09-17,0,0,0
16084,CMP0157,707,2023-09-17,0,0,0
16085,CMP0157,3142,2023-09-17,0,0,0
16086,CMP0157,3884,2023-09-17,0,0,0
16087,CMP0157,606,2023-09-17,1,1,0
16088,CMP0157,1747,2023-09-17,0,0,0
16089,CMP0157,8,2023-09-17,1,0,0
16090,CMP0157,2384,2023-09-17,1,1,0
16091,CMP0157,3136,2023-09-17,1,0,0
16092,CMP0157,2350,2023-09-17,1,0,0
16093,CMP0157,3718,2023-09-17,0,0,0
16094,CMP0157,3141,2023-09-17,0,0,0
16095,CMP0157,3688,2023-09-17,0,0,0
16096,CMP0157,1234,2023-09-17,0,0,0
16097,CMP0157,499,2023-09-17,0,0,0
16098,CMP0157,109,2023-09-17,1,0,0
16099,CMP0157,913,2023-09-17,1,1,0
16100,CMP0157,565,2023-09-17,0,0,0
16101,CMP0157,70,2023-09-17,0,0,0
16102,CMP0157,2007,2023-09-17,0,0,0
16103,CMP0157,3816,2023-09-17,0,0,0
16104,CMP0157,1574,2023-09-17,0,0,0
16105,CMP0157,2456,2023-09-17,1,0,0
16106,CMP0157,1293,2023-09-17,1,0,0
16107,CMP0157,2625,2023-09-17,0,0,0
16108,CMP0157,50,2023-09-17,0,0,0
16109,CMP0157,1652,2023-09-17,1,0,0
16110,CMP0157,536,2023-09-17,0,0,0
16111,CMP0157,2428,2023-09-17,0,0,0
16112,CMP0157,2228,2023-09-17,0,0,0
16113,CMP0157,1970,2023-09-17,0,0,0
16114,CMP0157,884,2023-09-17,0,0,0
16115,CMP0157,2982,2023-09-17,0,0,0
16116,CMP0157,1695,2023-09-17,1,0,0
16117,CMP0157,2235,2023-09-17,0,0,0
16118,CMP0157,2803,2023-09-17,0,0,0
16119,CMP0157,1583,2023-09-17,1,0,0
16120,CMP0157,1873,2023-09-17,0,0,0
16121,CMP0157,775,2023-09-17,0,0,0
16122,CMP0157,3782,2023-09-17,1,0,0
16123,CMP0157,2294,2023-09-17,1,0,0
16124,CMP0157,3457,2023-09-17,0,0,0
16125,CMP0157,772,2023-09-17,0,0,0
16126,CMP0157,1258,2023-09-17,1,1,0
16127,CMP0157,2028,2023-09-17,0,0,0
16128,CMP0157,3665,2023-09-17,0,0,0
16129,CMP0157,2371,2023-09-17,1,0,0
16130,CMP0157,1264,2023-09-17,1,0,0
16131,CMP0157,3573,2023-09-17,1,0,0
16132,CMP0157,2172,2023-09-17,1,0,0
16133,CMP0157,3920,2023-09-17,0,0,0
16134,CMP0157,1866,2023-09-17,0,0,0
16135,CMP0157,2093,2023-09-17,1,0,0
16136,CMP0157,132,2023-09-17,0,0,0
16137,CMP0157,3562,2023-09-17,0,0,0
16138,CMP0157,3804,2023-09-17,1,1,0
16139,CMP0157,513,2023-09-17,0,0,0
16140,CMP0157,3426,2023-09-17,1,1,0
16141,CMP0157,2272,2023-09-17,0,0,0
16142,CMP0157,2665,2023-09-17,1,0,0
16143,CMP0157,2148,2023-09-17,0,0,0
16144,CMP0157,1661,2023-09-17,0,0,0
16145,CMP0157,2328,2023-09-17,0,0,0
16146,CMP0157,2397,2023-09-17,1,0,0
16147,CMP0157,1360,2023-09-17,1,0,0
16148,CMP0157,1730,2023-09-17,1,0,0
16149,CMP0157,102,2023-09-17,0,0,0
16150,CMP0157,3133,2023-09-17,0,0,0
16151,CMP0157,3536,2023-09-17,1,0,0
16152,CMP0157,2530,2023-09-17,0,0,0
16153,CMP0157,2154,2023-09-17,0,0,0
16154,CMP0157,3859,2023-09-17,1,0,0
16155,CMP0157,378,2023-09-17,0,0,0
16156,CMP0157,2210,2023-09-17,0,0,0
16157,CMP0157,2582,2023-09-17,1,0,0
16158,CMP0157,1940,2023-09-17,1,1,0
16159,CMP0157,2462,2023-09-17,0,0,0
16160,CMP0157,1356,2023-09-17,0,0,0
16161,CMP0157,443,2023-09-17,1,0,0
16162,CMP0157,3078,2023-09-17,0,0,0
16163,CMP0157,223,2023-09-17,0,0,0
16164,CMP0157,212,2023-09-17,0,0,0
16165,CMP0157,3872,2023-09-17,1,0,0
16166,CMP0157,650,2023-09-17,0,0,0
16167,CMP0157,2911,2023-09-17,0,0,0
16168,CMP0157,3324,2023-09-17,1,0,1
16169,CMP0157,2215,2023-09-17,0,0,0
16170,CMP0157,978,2023-09-17,0,0,0
16171,CMP0157,369,2023-09-17,0,0,0
16172,CMP0157,1851,2023-09-17,0,0,0
16173,CMP0157,3887,2023-09-17,0,0,0
16174,CMP0157,3471,2023-09-17,0,0,1
16175,CMP0157,2957,2023-09-17,0,0,0
16176,CMP0157,2760,2023-09-17,0,0,0
16177,CMP0157,2579,2023-09-17,0,0,0
16178,CMP0157,1405,2023-09-17,0,0,0
16179,CMP0157,2906,2023-09-17,0,0,0
16180,CMP0157,2405,2023-09-17,1,0,0
16181,CMP0157,3252,2023-09-17,0,0,0
16182,CMP0157,237,2023-09-17,0,0,0
16183,CMP0157,2594,2023-09-17,0,0,0
16184,CMP0157,2189,2023-09-17,1,1,0
16185,CMP0157,280,2023-09-17,1,0,0
16186,CMP0157,1625,2023-09-17,0,0,0
16187,CMP0157,1917,2023-09-17,1,0,0
16188,CMP0157,494,2023-09-17,0,0,0
16189,CMP0157,2138,2023-09-17,1,0,0
16190,CMP0157,484,2023-09-17,0,0,0
16191,CMP0157,1877,2023-09-17,0,0,0
16192,CMP0157,2905,2023-09-17,0,0,0
16193,CMP0157,2875,2023-09-17,0,0,0
16194,CMP0157,1841,2023-09-17,0,0,0
16195,CMP0157,3612,2023-09-17,0,0,0
16196,CMP0157,1757,2023-09-17,0,0,0
16197,CMP0157,2656,2023-09-17,0,0,0
16198,CMP0157,3117,2023-09-17,0,0,0
16199,CMP0157,979,2023-09-17,0,0,0
16200,CMP0157,1637,2023-09-17,0,0,0
16201,CMP0157,2359,2023-09-17,1,0,0
16202,CMP0157,2464,2023-09-17,1,1,0
16203,CMP0157,2374,2023-09-17,0,0,0
16204,CMP0157,2178,2023-09-17,0,0,0
16205,CMP0157,2106,2023-09-17,0,0,0
16206,CMP0157,2849,2023-09-17,0,0,0
16207,CMP0157,227,2023-09-17,0,0,0
16208,CMP0157,570,2023-09-17,0,0,0
16209,CMP0157,2137,2023-09-17,1,0,0
16210,CMP0157,2825,2023-09-17,0,0,0
16211,CMP0157,4018,2023-09-17,1,0,0
16212,CMP0157,535,2023-09-17,0,0,0
16213,CMP0157,3898,2023-09-17,1,0,0
16214,CMP0157,2699,2023-09-17,0,0,0
16215,CMP0157,1783,2023-09-17,0,0,0
16216,CMP0157,629,2023-09-17,0,0,0
16217,CMP0157,657,2023-09-17,0,0,0
16218,CMP0157,2813,2023-09-17,0,0,0
16219,CMP0157,180,2023-09-17,0,0,0
16220,CMP0157,479,2023-09-17,1,0,0
16221,CMP0157,3437,2023-09-17,0,0,0
16222,CMP0157,2538,2023-09-17,1,0,0
16223,CMP0157,439,2023-09-17,0,0,0
16224,CMP0157,2711,2023-09-17,1,0,0
16225,CMP0157,3128,2023-09-17,0,0,0
16226,CMP0157,2490,2023-09-17,1,1,0
16227,CMP0157,3453,2023-09-17,0,0,0
16228,CMP0157,1295,2023-09-17,0,0,0
16229,CMP0157,3087,2023-09-17,1,0,0
16230,CMP0157,341,2023-09-17,0,0,0
16231,CMP0157,2094,2023-09-17,1,0,0
16232,CMP0157,2158,2023-09-17,0,0,0
16233,CMP0157,2269,2023-09-17,1,0,0
16234,CMP0157,374,2023-09-17,0,0,0
16235,CMP0157,776,2023-09-17,1,0,0
16236,CMP0157,672,2023-09-17,0,0,0
16237,CMP0157,3253,2023-09-17,0,0,0
16238,CMP0157,988,2023-09-17,0,0,0
16239,CMP0157,2400,2023-09-17,1,0,0
16240,CMP0157,1754,2023-09-17,0,0,0
16241,CMP0157,3496,2023-09-17,0,0,0
16242,CMP0157,1176,2023-09-17,0,0,0
16243,CMP0157,3854,2023-09-17,0,0,0
16244,CMP0157,2173,2023-09-17,1,0,0
16245,CMP0157,344,2023-09-17,0,0,0
16246,CMP0157,316,2023-09-17,0,0,0
16247,CMP0157,1822,2023-09-17,1,0,0
16248,CMP0157,2850,2023-09-17,0,0,0
16249,CMP0157,2455,2023-09-17,0,0,0
16250,CMP0157,392,2023-09-17,0,0,0
16251,CMP0157,1157,2023-09-17,0,0,0
16252,CMP0157,2437,2023-09-17,0,0,0
16253,CMP0157,1086,2023-09-17,0,0,0
16254,CMP0157,125,2023-09-17,0,0,0
16255,CMP0157,3068,2023-09-17,0,0,0
16256,CMP0157,420,2023-09-17,0,0,0
16257,CMP0157,3392,2023-09-17,0,0,0
16258,CMP0157,93,2023-09-17,0,0,0
16259,CMP0157,1021,2023-09-17,0,0,0
16260,CMP0157,1121,2023-09-17,0,0,0
16261,CMP0157,2685,2023-09-17,0,0,0
16262,CMP0157,3813,2023-09-17,0,0,0
16263,CMP0157,3510,2023-09-17,1,0,0
16264,CMP0157,1363,2023-09-17,0,0,0
16265,CMP0157,779,2023-09-17,1,0,0
16266,CMP0157,1038,2023-09-17,1,0,0
16267,CMP0157,3380,2023-09-17,0,0,0
16268,CMP0157,3046,2023-09-17,0,0,0
16269,CMP0157,2591,2023-09-17,0,0,0
16270,CMP0157,3152,2023-09-17,1,0,0
16271,CMP0157,416,2023-09-17,0,0,0
16272,CMP0157,326,2023-09-17,0,0,0
16273,CMP0157,1424,2023-09-17,1,0,0
16274,CMP0157,1479,2023-09-17,0,0,0
16275,CMP0157,2876,2023-09-17,1,0,0
16276,CMP0157,1541,2023-09-17,0,0,0
16277,CMP0157,2184,2023-09-17,0,0,0
16278,CMP0157,3683,2023-09-17,0,0,0
16279,CMP0157,3819,2023-09-17,0,0,0
16280,CMP0157,2705,2023-09-17,1,1,0
16281,CMP0157,2731,2023-09-17,0,0,0
16282,CMP0157,444,2023-09-17,0,0,0
16283,CMP0157,944,2023-09-17,1,0,0
16284,CMP0157,3901,2023-09-17,0,0,0
16285,CMP0157,3698,2023-09-17,1,0,0
16286,CMP0157,2883,2023-09-17,1,0,0
16287,CMP0157,314,2023-09-17,1,0,0
16288,CMP0157,1657,2023-09-17,0,0,0
16289,CMP0157,331,2023-09-17,1,0,0
16290,CMP0157,1392,2023-09-17,0,0,0
16291,CMP0157,1809,2023-09-17,1,0,0
16292,CMP0157,1842,2023-09-17,0,0,0
16293,CMP0157,973,2023-09-17,0,0,0
16294,CMP0157,1382,2023-09-17,0,0,0
16295,CMP0157,3060,2023-09-17,0,0,0
16296,CMP0157,1975,2023-09-17,0,0,0
16297,CMP0157,2515,2023-09-17,0,0,0
16298,CMP0157,2890,2023-09-17,1,0,0
16299,CMP0157,909,2023-09-17,1,0,0
16300,CMP0157,1875,2023-09-17,1,0,0
16301,CMP0157,1721,2023-09-17,0,0,0
16302,CMP0157,2894,2023-09-17,0,0,0
16303,CMP0157,550,2023-09-17,0,0,0
16304,CMP0157,193,2023-09-17,0,0,0
16305,CMP0157,1525,2023-09-17,0,0,0
16306,CMP0157,1108,2023-09-17,0,0,0
16307,CMP0157,3842,2023-09-17,0,0,0
16308,CMP0157,1200,2023-09-17,0,0,0
16309,CMP0157,1225,2023-09-17,1,0,0
16310,CMP0157,2305,2023-09-17,0,0,0
16311,CMP0157,1735,2023-09-17,0,0,0
16312,CMP0157,289,2023-09-17,1,0,0
16313,CMP0157,3482,2023-09-17,0,0,0
16314,CMP0157,2792,2023-09-17,1,1,0
16315,CMP0157,3565,2023-09-17,0,0,0
16316,CMP0157,1745,2023-09-17,0,0,0
16317,CMP0157,2891,2023-09-17,0,0,0
16318,CMP0157,3470,2023-09-17,0,0,0
16319,CMP0157,3223,2023-09-17,1,1,1
16320,CMP0157,2759,2023-09-17,0,0,0
16321,CMP0157,381,2023-09-17,1,0,0
16322,CMP0157,2352,2023-09-17,1,0,0
16323,CMP0157,2815,2023-09-17,0,0,0
16324,CMP0157,3835,2023-09-17,0,0,0
16325,CMP0157,3794,2023-09-17,0,0,0
16326,CMP0157,3071,2023-09-17,1,0,0
16327,CMP0157,1795,2023-09-17,0,0,0
16328,CMP0157,1327,2023-09-17,1,1,0
16329,CMP0157,2424,2023-09-17,0,0,0
16330,CMP0157,1664,2023-09-17,0,0,0
16331,CMP0157,1498,2023-09-17,0,0,0
16332,CMP0157,789,2023-09-17,1,0,0
16333,CMP0157,3287,2023-09-17,0,0,0
16334,CMP0157,3126,2023-09-17,0,0,0
16335,CMP0157,2576,2023-09-17,1,1,0
16336,CMP0157,976,2023-09-17,0,0,0
16337,CMP0157,3817,2023-09-17,0,0,0
16338,CMP0157,2180,2023-09-17,1,0,0
16339,CMP0157,162,2023-09-17,0,0,0
16340,CMP0157,3367,2023-09-17,0,0,0
16341,CMP0157,1154,2023-09-17,1,0,0
16342,CMP0157,920,2023-09-17,0,0,0
16343,CMP0157,2583,2023-09-17,0,0,0
16344,CMP0157,3180,2023-09-17,0,0,0
16345,CMP0157,3595,2023-09-17,0,0,0
16346,CMP0157,137,2023-09-17,0,0,0
16347,CMP0157,3795,2023-09-17,0,0,0
16348,CMP0157,2202,2023-09-17,0,0,0
16349,CMP0157,3113,2023-09-17,0,0,0
16350,CMP0157,2922,2023-09-17,0,0,0
16351,CMP0157,2301,2023-09-17,1,0,0
16352,CMP0157,3905,2023-09-17,0,0,0
16353,CMP0157,3517,2023-09-17,0,0,0
16354,CMP0157,36,2023-09-17,1,0,0
16355,CMP0157,578,2023-09-17,1,0,0
16356,CMP0157,22,2023-09-17,0,0,0
16357,CMP0157,1581,2023-09-17,0,0,0
16358,CMP0157,2736,2023-09-17,0,0,0
16359,CMP0157,1334,2023-09-17,1,0,0
16360,CMP0157,2221,2023-09-17,1,0,0
16361,CMP0157,2452,2023-09-17,1,0,0
16362,CMP0157,2349,2023-09-17,0,0,0
16363,CMP0157,99,2023-09-17,0,0,0
16364,CMP0157,3798,2023-09-17,0,0,0
16365,CMP0157,1060,2023-09-17,1,0,0
16366,CMP0157,1631,2023-09-17,0,0,0
16367,CMP0157,1423,2023-09-17,0,0,0
16368,CMP0157,90,2023-09-17,0,0,0
16369,CMP0157,745,2023-09-17,0,0,0
16370,CMP0157,3405,2023-09-17,0,0,0
16371,CMP0157,3947,2023-09-17,1,1,0
16372,CMP0157,1083,2023-09-17,0,0,0
16373,CMP0157,505,2023-09-17,1,0,0
16374,CMP0157,2570,2023-09-17,1,0,0
16375,CMP0157,3903,2023-09-17,0,0,0
16376,CMP0157,2102,2023-09-17,0,0,0
16377,CMP0157,264,2023-09-17,1,0,0
16378,CMP0157,3024,2023-09-17,1,0,0
16379,CMP0157,325,2023-09-17,0,0,0
16380,CMP0157,1315,2023-09-17,1,0,0
16381,CMP0157,3767,2023-09-17,0,0,0
16382,CMP0157,586,2023-09-17,0,0,0
16383,CMP0157,110,2023-09-17,0,0,0
16384,CMP0157,1724,2023-09-17,0,0,0
16385,CMP0157,2130,2023-09-17,1,0,0
16386,CMP0157,3546,2023-09-17,0,0,0
16387,CMP0157,2339,2023-09-17,0,0,0
16388,CMP0157,3969,2023-09-17,0,0,0
16389,CMP0157,2714,2023-09-17,1,1,0
16390,CMP0157,3996,2023-09-17,0,0,0
16391,CMP0157,401,2023-09-17,1,0,0
16392,CMP0157,393,2023-09-17,1,1,0
16393,CMP0157,3495,2023-09-17,0,0,0
16394,CMP0157,2260,2023-09-17,0,0,0
16395,CMP0157,248,2023-09-17,0,0,0
16396,CMP0157,3442,2023-09-17,0,0,0
16397,CMP0157,3708,2023-09-17,1,0,0
16398,CMP0157,61,2023-09-17,1,0,0
16399,CMP0157,1530,2023-09-17,0,0,0
16400,CMP0157,698,2023-09-17,0,0,0
16401,CMP0157,2492,2023-09-17,0,0,0
16402,CMP0157,2360,2023-09-17,0,0,0
16403,CMP0157,3222,2023-09-17,1,0,0
16404,CMP0157,1717,2023-09-17,0,0,0
16405,CMP0157,353,2023-09-17,1,0,0
16406,CMP0157,472,2023-09-17,0,0,0
16407,CMP0157,2997,2023-09-17,0,0,0
16408,CMP0157,2331,2023-09-17,0,0,0
16409,CMP0157,1294,2023-09-17,0,0,0
16410,CMP0157,3257,2023-09-17,0,0,0
16411,CMP0157,2749,2023-09-17,0,0,0
16412,CMP0157,2472,2023-09-17,1,0,0
16413,CMP0157,2548,2023-09-17,0,0,0
16414,CMP0157,3096,2023-09-17,0,0,0
16415,CMP0157,16,2023-09-17,0,0,0
16416,CMP0157,2859,2023-09-17,1,0,0
16417,CMP0157,1253,2023-09-17,0,0,0
16418,CMP0157,1018,2023-09-17,0,0,0
16419,CMP0157,4011,2023-09-17,1,0,0
16420,CMP0157,2127,2023-09-17,1,0,0
16421,CMP0157,2948,2023-09-17,0,0,0
16422,CMP0157,1401,2023-09-17,0,0,0
16423,CMP0157,3366,2023-09-17,0,0,0
16424,CMP0157,998,2023-09-17,0,0,0
16425,CMP0157,252,2023-09-17,0,0,0
16426,CMP0157,2188,2023-09-17,1,0,0
16427,CMP0157,971,2023-09-17,0,0,0
16428,CMP0157,3995,2023-09-17,1,0,0
16429,CMP0157,1243,2023-09-17,0,0,0
16430,CMP0157,808,2023-09-17,0,0,0
16431,CMP0157,3967,2023-09-17,0,0,0
16432,CMP0157,3643,2023-09-17,0,0,0
16433,CMP0157,2073,2023-09-17,1,0,0
16434,CMP0157,2460,2023-09-17,0,0,0
16435,CMP0157,1901,2023-09-17,0,0,0
16436,CMP0157,3301,2023-09-17,0,0,0
16437,CMP0157,3738,2023-09-17,1,0,0
16438,CMP0157,3761,2023-09-17,0,0,0
16439,CMP0157,2700,2023-09-17,0,0,0
16440,CMP0157,2732,2023-09-17,0,0,0
16441,CMP0157,1261,2023-09-17,0,0,0
16442,CMP0157,240,2023-09-17,0,0,1
16443,CMP0157,3044,2023-09-17,1,1,0
16444,CMP0157,482,2023-09-17,1,0,0
16445,CMP0157,3211,2023-09-17,1,0,0
16446,CMP0157,2030,2023-09-17,1,0,0
16447,CMP0157,2692,2023-09-17,1,0,0
16448,CMP0157,3968,2023-09-17,1,0,0
16449,CMP0157,1788,2023-09-17,1,0,0
16450,CMP0157,3248,2023-09-17,1,0,0
16451,CMP0157,1404,2023-09-17,0,0,0
16452,CMP0157,751,2023-09-17,0,0,0
16453,CMP0157,3760,2023-09-17,0,0,0
16454,CMP0157,3740,2023-09-17,0,0,0
16455,CMP0157,2122,2023-09-17,0,0,0
16456,CMP0157,1211,2023-09-17,0,0,0
16457,CMP0157,3256,2023-09-17,0,0,0
16458,CMP0157,1693,2023-09-17,1,0,0
16459,CMP0157,2095,2023-09-17,0,0,0
16460,CMP0157,3666,2023-09-17,0,0,0
16461,CMP0157,3189,2023-09-17,1,0,0
16462,CMP0157,1870,2023-09-17,1,0,0
16463,CMP0157,373,2023-09-17,1,0,0
16464,CMP0157,2652,2023-09-17,0,0,0
16465,CMP0157,3788,2023-09-17,0,0,0
16466,CMP0157,1886,2023-09-17,0,0,0
16467,CMP0157,1016,2023-09-17,0,0,0
16468,CMP0157,1889,2023-09-17,0,0,0
16469,CMP0157,1774,2023-09-17,0,0,0
16470,CMP0157,3554,2023-09-17,0,0,0
16471,CMP0157,2141,2023-09-17,0,0,0
16472,CMP0157,71,2023-09-17,0,0,0
16473,CMP0157,126,2023-09-17,0,0,0
16474,CMP0157,788,2023-09-17,1,0,0
16475,CMP0157,2037,2023-09-17,1,0,0
16476,CMP0157,758,2023-09-17,1,0,0
16477,CMP0157,75,2023-09-17,0,0,0
16478,CMP0157,3127,2023-09-17,0,0,0
16479,CMP0157,1904,2023-09-17,0,0,0
16480,CMP0157,3409,2023-09-17,0,0,0
16481,CMP0157,3777,2023-09-17,0,0,0
16482,CMP0157,3401,2023-09-17,0,0,0
16483,CMP0157,1910,2023-09-17,1,0,0
16484,CMP0157,2097,2023-09-17,1,0,0
16485,CMP0157,1674,2023-09-17,0,0,0
16486,CMP0157,414,2023-09-17,0,0,0
16487,CMP0157,743,2023-09-17,0,0,0
16488,CMP0157,3579,2023-09-17,0,0,0
16489,CMP0157,160,2023-09-17,1,0,0
16490,CMP0157,2401,2023-09-17,0,0,0
16491,CMP0157,6,2023-09-17,1,0,0
16492,CMP0157,3715,2023-09-17,0,0,0
16493,CMP0157,2047,2023-09-17,0,0,0
16494,CMP0157,791,2023-09-17,0,0,0
16495,CMP0157,3888,2023-09-17,1,0,0
16496,CMP0157,1248,2023-09-17,0,1,0
16497,CMP0157,1719,2023-09-17,1,0,0
16498,CMP0157,2182,2023-09-17,0,0,0
16499,CMP0157,2278,2023-09-17,0,0,0
16500,CMP0157,3106,2023-09-17,1,0,0
16501,CMP0157,3727,2023-09-17,0,0,0
16502,CMP0157,275,2023-09-17,1,0,0
16503,CMP0157,1816,2023-09-17,1,0,0
16504,CMP0157,3519,2023-09-17,0,0,0
16505,CMP0157,11,2023-09-17,0,0,0
16506,CMP0157,1825,2023-09-17,1,1,0
16507,CMP0157,3882,2023-09-17,1,0,0
16508,CMP0157,2020,2023-09-17,0,0,0
16509,CMP0157,1770,2023-09-17,0,0,0
16510,CMP0157,616,2023-09-17,0,0,0
16511,CMP0157,3015,2023-09-17,0,0,0
16512,CMP0157,963,2023-09-17,0,0,0
16513,CMP0157,728,2023-09-17,0,0,0
16514,CMP0157,2727,2023-09-17,0,0,0
16515,CMP0157,3518,2023-09-17,0,0,0
16516,CMP0157,1709,2023-09-17,1,0,0
16517,CMP0157,3498,2023-09-17,0,0,0
16518,CMP0157,566,2023-09-17,0,0,0
16519,CMP0157,356,2023-09-17,1,0,0
16520,CMP0157,1649,2023-09-17,1,0,0
16521,CMP0157,2809,2023-09-17,0,0,0
16522,CMP0157,3197,2023-09-17,0,0,0
16523,CMP0157,584,2023-09-17,1,1,0
16524,CMP0157,2673,2023-09-17,0,0,0
16525,CMP0157,2795,2023-09-17,0,0,0
16526,CMP0157,1030,2023-09-17,0,0,0
16527,CMP0157,846,2023-09-17,1,0,0
16528,CMP0157,865,2023-09-17,0,0,0
16529,CMP0157,778,2023-09-17,0,0,0
16530,CMP0157,186,2023-09-17,0,0,0
16531,CMP0157,3823,2023-09-17,1,0,0
16532,CMP0157,3171,2023-09-17,0,0,0
16533,CMP0157,1990,2023-09-17,0,0,0
16534,CMP0157,3007,2023-09-17,0,0,0
16535,CMP0157,662,2023-09-17,0,0,0
16536,CMP0157,2974,2023-09-17,1,0,0
16537,CMP0157,1523,2023-09-17,1,0,0
16538,CMP0157,122,2023-09-17,0,0,0
16539,CMP0157,2406,2023-09-17,0,0,0
16540,CMP0157,38,2023-09-17,0,0,0
16541,CMP0157,3953,2023-09-17,0,0,0
16542,CMP0157,3677,2023-09-17,0,0,0
16543,CMP0157,3109,2023-09-17,0,0,0
16544,CMP0157,2499,2023-09-17,0,0,0
16545,CMP0157,947,2023-09-17,0,0,0
16546,CMP0157,3576,2023-09-17,0,0,0
16547,CMP0157,1532,2023-09-17,0,0,0
16548,CMP0157,1384,2023-09-17,0,0,0
16549,CMP0157,3110,2023-09-17,0,0,0
16550,CMP0157,1259,2023-09-17,1,0,0
16551,CMP0157,2879,2023-09-17,0,0,0
16552,CMP0157,1446,2023-09-17,0,0,0
16553,CMP0157,653,2023-09-17,0,0,0
16554,CMP0157,957,2023-09-17,0,0,0
16555,CMP0157,56,2023-09-17,0,0,0
16556,CMP0157,1613,2023-09-17,1,1,0
16557,CMP0157,3216,2023-09-17,0,0,0
16558,CMP0157,307,2023-09-17,1,0,0
16559,CMP0157,3157,2023-09-17,1,0,0
16560,CMP0157,1640,2023-09-17,0,0,0
16561,CMP0157,1692,2023-09-17,0,0,0
16562,CMP0157,3443,2023-09-17,0,0,0
16563,CMP0157,1238,2023-09-17,1,0,0
16564,CMP0157,2617,2023-09-17,1,0,0
16565,CMP0157,2756,2023-09-17,0,0,0
16566,CMP0157,2289,2023-09-17,0,0,0
16567,CMP0157,1134,2023-09-17,0,0,0
16568,CMP0157,556,2023-09-17,0,0,0
16569,CMP0157,1670,2023-09-17,0,0,0
16570,CMP0157,3022,2023-09-17,0,0,0
16571,CMP0157,1409,2023-09-17,0,0,0
16572,CMP0157,3315,2023-09-17,0,0,0
16573,CMP0157,3879,2023-09-17,0,0,0
16574,CMP0157,446,2023-09-17,0,0,0
16575,CMP0157,1100,2023-09-17,1,0,0
16576,CMP0157,2322,2023-09-17,0,0,0
16577,CMP0157,2014,2023-09-17,0,0,0
16578,CMP0157,3335,2023-09-17,0,0,0
16579,CMP0157,2403,2023-09-17,0,0,0
16580,CMP0157,3647,2023-09-17,0,0,0
16581,CMP0157,1753,2023-09-17,1,0,0
16582,CMP0157,2052,2023-09-17,0,0,0
16583,CMP0157,1980,2023-09-17,0,0,0
16584,CMP0157,3832,2023-09-17,1,0,0
16585,CMP0157,2768,2023-09-17,0,0,0
16586,CMP0157,636,2023-09-17,1,0,0
16587,CMP0157,2218,2023-09-17,0,0,0
16588,CMP0157,3585,2023-09-17,0,0,0
16589,CMP0157,3266,2023-09-17,0,0,0
16590,CMP0157,3930,2023-09-17,1,0,0
16591,CMP0157,3916,2023-09-17,0,0,0
16592,CMP0157,1379,2023-09-17,0,0,0
16593,CMP0157,811,2023-09-17,0,0,0
16594,CMP0157,770,2023-09-17,0,0,0
16595,CMP0157,2140,2023-09-17,0,0,0
16596,CMP0157,1526,2023-09-17,0,0,0
16597,CMP0157,3112,2023-09-17,0,0,0
16598,CMP0157,752,2023-09-17,0,0,0
16599,CMP0157,498,2023-09-17,0,0,0
16600,CMP0157,283,2023-09-17,0,0,0
16601,CMP0157,2076,2023-09-17,0,0,0
16602,CMP0157,1741,2023-09-17,1,0,0
16603,CMP0157,1049,2023-09-17,1,0,0
16604,CMP0157,3919,2023-09-17,0,0,0
16605,CMP0157,3693,2023-09-17,1,0,0
16606,CMP0157,2057,2023-09-17,0,0,0
16607,CMP0157,2387,2023-09-17,0,0,0
16608,CMP0157,3954,2023-09-17,1,0,0
16609,CMP0157,671,2023-09-17,0,0,0
16610,CMP0157,730,2023-09-17,0,0,0
16611,CMP0157,3329,2023-09-17,0,0,0
16612,CMP0157,103,2023-09-17,1,1,0
16613,CMP0157,3037,2023-09-17,0,0,0
16614,CMP0157,996,2023-09-17,0,0,0
16615,CMP0157,3539,2023-09-17,0,0,0
16616,CMP0157,243,2023-09-17,0,0,0
16617,CMP0157,2602,2023-09-17,1,0,0
16618,CMP0157,2545,2023-09-17,1,0,0
16619,CMP0157,84,2023-09-17,0,0,0
16620,CMP0157,1906,2023-09-17,0,0,0
16621,CMP0157,1280,2023-09-17,1,1,0
16622,CMP0157,729,2023-09-17,0,0,0
16623,CMP0157,3855,2023-09-17,0,0,0
16624,CMP0157,1933,2023-09-17,0,0,0
16625,CMP0157,832,2023-09-17,0,0,0
16626,CMP0157,831,2023-09-17,0,0,0
16627,CMP0157,65,2023-09-17,0,0,0
16628,CMP0157,1034,2023-09-17,0,0,0
16629,CMP0157,3858,2023-09-17,0,0,0
16630,CMP0157,2356,2023-09-17,0,0,0
16631,CMP0157,1986,2023-09-17,1,0,0
16632,CMP0157,945,2023-09-17,0,0,0
16633,CMP0157,3822,2023-09-17,0,0,0
16634,CMP0157,3119,2023-09-17,0,0,0
16635,CMP0157,1806,2023-09-17,0,0,0
16636,CMP0157,3258,2023-09-17,0,0,0
16637,CMP0157,2738,2023-09-17,0,0,0
16638,CMP0157,2854,2023-09-17,0,0,0
16639,CMP0157,1655,2023-09-17,0,0,0
16640,CMP0157,1905,2023-09-17,0,0,0
16641,CMP0157,1909,2023-09-17,0,0,0
16642,CMP0157,1013,2023-09-17,1,0,0
16643,CMP0157,3311,2023-09-17,1,0,0
16644,CMP0157,3327,2023-09-17,0,0,0
16645,CMP0157,2624,2023-09-17,0,0,0
16646,CMP0157,2642,2023-09-17,0,0,0
16647,CMP0157,1077,2023-09-17,1,0,0
16648,CMP0157,129,2023-09-17,0,0,0
16649,CMP0157,2963,2023-09-17,0,0,0
16650,CMP0157,3450,2023-09-17,0,0,0
16651,CMP0157,2018,2023-09-17,0,0,0
16652,CMP0157,3167,2023-09-17,0,0,0
16653,CMP0157,24,2023-09-17,0,0,0
16654,CMP0157,3299,2023-09-17,0,0,0
16655,CMP0157,2998,2023-09-17,0,0,0
16656,CMP0157,2951,2023-09-17,1,0,0
16657,CMP0157,2887,2023-09-17,0,0,0
16658,CMP0157,3856,2023-09-17,1,0,0
16659,CMP0157,2179,2023-09-17,0,0,0
16660,CMP0157,352,2023-09-17,0,0,0
16661,CMP0157,3000,2023-09-17,0,0,0
16662,CMP0157,278,2023-09-17,1,1,0
16663,CMP0157,3234,2023-09-17,1,0,0
16664,CMP0157,2755,2023-09-17,1,0,0
16665,CMP0157,1620,2023-09-17,1,0,0
16666,CMP0157,733,2023-09-17,0,0,0
16667,CMP0157,2710,2023-09-17,0,0,0
16668,CMP0157,35,2023-09-17,0,0,0
16669,CMP0157,1193,2023-09-17,0,0,0
16670,CMP0157,1855,2023-09-17,0,0,0
16671,CMP0157,995,2023-09-17,1,0,0
16672,CMP0157,288,2023-09-17,0,0,0
16673,CMP0157,1170,2023-09-17,0,0,0
16674,CMP0157,281,2023-09-17,0,0,0
16675,CMP0157,2609,2023-09-17,0,0,0
16676,CMP0157,1022,2023-09-17,0,0,0
16677,CMP0157,3466,2023-09-17,1,1,0
16678,CMP0157,3548,2023-09-17,0,0,0
16679,CMP0157,1420,2023-09-17,1,0,0
16680,CMP0157,2126,2023-09-17,1,0,0
16681,CMP0157,20,2023-09-17,1,0,0
16682,CMP0157,409,2023-09-17,0,0,0
16683,CMP0157,224,2023-09-17,0,0,0
16684,CMP0157,3001,2023-09-17,0,0,0
16685,CMP0157,999,2023-09-17,0,0,0
16686,CMP0157,161,2023-09-17,0,0,0
16687,CMP0157,983,2023-09-17,1,0,0
16688,CMP0157,970,2023-09-17,1,0,0
16689,CMP0157,302,2023-09-17,1,0,0
16690,CMP0157,2643,2023-09-17,0,0,0
16691,CMP0157,1370,2023-09-17,1,1,0
16692,CMP0157,296,2023-09-17,0,0,0
16693,CMP0157,2636,2023-09-17,0,0,0
16694,CMP0157,1481,2023-09-17,0,0,0
16695,CMP0157,2597,2023-09-17,0,0,0
16696,CMP0157,2273,2023-09-17,0,0,0
16697,CMP0157,974,2023-09-17,0,0,0
16698,CMP0157,1925,2023-09-17,0,0,0
16699,CMP0157,229,2023-09-17,0,0,0
16700,CMP0157,3658,2023-09-17,0,0,0
16701,CMP0157,3199,2023-09-17,0,0,0
16702,CMP0157,464,2023-09-17,0,0,0
16703,CMP0157,3150,2023-09-17,0,0,0
16704,CMP0157,3042,2023-09-17,1,1,0
16705,CMP0157,3912,2023-09-17,1,0,0
16706,CMP0157,1183,2023-09-17,1,0,0
16707,CMP0157,576,2023-09-17,0,0,0
16708,CMP0157,3195,2023-09-17,1,0,0
16709,CMP0157,2131,2023-09-17,1,0,0
16710,CMP0157,3979,2023-09-17,1,0,0
16711,CMP0157,2249,2023-09-17,1,0,0
16712,CMP0157,1361,2023-09-17,0,0,0
16713,CMP0157,3735,2023-09-17,0,0,0
16714,CMP0157,676,2023-09-17,0,0,0
16715,CMP0157,1644,2023-09-17,0,0,0
16716,CMP0157,152,2023-09-17,0,0,0
16717,CMP0157,1416,2023-09-17,0,0,0
16718,CMP0157,3771,2023-09-17,0,0,0
16719,CMP0157,2931,2023-09-17,1,0,0
16720,CMP0157,2603,2023-09-17,0,0,0
16721,CMP0157,1169,2023-09-17,1,1,0
16722,CMP0157,1353,2023-09-17,0,0,0
16723,CMP0157,2776,2023-09-17,0,0,0
16724,CMP0157,2924,2023-09-17,0,0,0
16725,CMP0157,1199,2023-09-17,0,0,0
16726,CMP0157,3278,2023-09-17,1,0,0
16727,CMP0157,3402,2023-09-17,0,0,0
16728,CMP0157,1403,2023-09-17,0,0,0
16729,CMP0157,1517,2023-09-17,0,0,0
16730,CMP0157,3034,2023-09-17,0,0,0
16731,CMP0157,2370,2023-09-17,0,1,0
16732,CMP0157,2421,2023-09-17,0,0,0
16733,CMP0157,1035,2023-09-17,1,0,0
16734,CMP0157,669,2023-09-17,0,0,0
16735,CMP0157,3188,2023-09-17,0,0,0
16736,CMP0157,2961,2023-09-17,0,0,0
16737,CMP0157,870,2023-09-17,0,0,0
16738,CMP0157,295,2023-09-17,0,0,0
16739,CMP0157,851,2023-09-17,0,0,0
16740,CMP0157,3190,2023-09-17,0,0,0
16741,CMP0157,1478,2023-09-17,0,0,0
16742,CMP0157,2739,2023-09-17,0,0,0
16743,CMP0157,2916,2023-09-17,1,0,0
16744,CMP0157,2724,2023-09-17,0,0,0
16745,CMP0157,890,2023-09-17,1,0,0
16746,CMP0157,2529,2023-09-17,1,0,0
16747,CMP0157,2841,2023-09-17,0,0,0
16748,CMP0157,2626,2023-09-17,0,0,0
16749,CMP0157,1872,2023-09-17,0,0,0
16750,CMP0157,3660,2023-09-17,0,0,0
16751,CMP0157,1373,2023-09-17,0,0,0
16752,CMP0157,313,2023-09-17,0,0,0
16753,CMP0157,1796,2023-09-17,0,0,0
16754,CMP0157,618,2023-09-17,1,0,0
16755,CMP0157,1032,2023-09-17,0,0,0
16756,CMP0157,4,2023-09-17,0,0,0
16757,CMP0157,1296,2023-09-17,0,0,0
16758,CMP0157,860,2023-09-17,0,0,0
16759,CMP0157,1891,2023-09-17,0,0,0
16760,CMP0157,3943,2023-09-17,1,0,0
16761,CMP0157,2487,2023-09-17,0,0,0
16762,CMP0157,1205,2023-09-17,1,0,0
16763,CMP0157,303,2023-09-17,1,0,0
16764,CMP0157,2303,2023-09-17,1,0,0
16765,CMP0157,2782,2023-09-17,0,0,0
16766,CMP0157,1372,2023-09-17,0,0,0
16767,CMP0157,3868,2023-09-17,0,0,0
16768,CMP0157,1696,2023-09-17,1,0,0
16769,CMP0157,1868,2023-09-17,0,0,0
16770,CMP0157,4005,2023-09-17,0,0,0
16771,CMP0157,55,2023-09-17,0,0,0
16772,CMP0157,940,2023-09-17,0,0,0
16773,CMP0157,2201,2023-09-17,0,0,0
16774,CMP0157,1432,2023-09-17,1,0,0
16775,CMP0157,603,2023-09-17,0,0,0
16776,CMP0157,2338,2023-09-17,0,0,0
16777,CMP0157,874,2023-09-17,0,0,0
16778,CMP0157,105,2023-09-17,0,0,0
16779,CMP0157,438,2023-09-17,1,0,0
16780,CMP0157,3730,2023-09-17,0,0,0
16781,CMP0157,185,2023-09-17,1,0,0
16782,CMP0157,2429,2023-09-17,0,0,0
16783,CMP0157,1186,2023-09-17,0,0,0
16784,CMP0157,64,2023-09-17,0,0,0
16785,CMP0157,14,2023-09-17,0,0,0
16786,CMP0157,182,2023-09-17,1,0,0
16787,CMP0157,3462,2023-09-17,1,0,0
16788,CMP0157,801,2023-09-17,1,1,0
16789,CMP0157,201,2023-09-17,0,0,0
16790,CMP0157,3369,2023-09-17,1,0,0
16791,CMP0157,1385,2023-09-17,0,0,0
16792,CMP0157,568,2023-09-17,1,0,0
16793,CMP0157,3534,2023-09-17,0,0,0
16794,CMP0157,3696,2023-09-17,0,0,0
16795,CMP0157,2132,2023-09-17,0,0,0
16796,CMP0157,652,2023-09-17,0,0,0
16797,CMP0157,2869,2023-09-17,0,0,0
16798,CMP0157,297,2023-09-17,0,0,0
16799,CMP0157,1477,2023-09-17,0,0,0
16800,CMP0157,215,2023-09-17,0,0,0
16801,CMP0157,3461,2023-09-17,0,0,0
16802,CMP0157,457,2023-09-17,0,0,0
16803,CMP0157,1260,2023-09-17,0,0,0
16804,CMP0157,1974,2023-09-17,0,0,0
16805,CMP0157,375,2023-09-17,0,0,0
16806,CMP0157,2498,2023-09-17,0,0,0
16807,CMP0157,724,2023-09-17,0,0,0
16808,CMP0157,2562,2023-09-17,0,0,0
16809,CMP0157,380,2023-09-17,0,0,0
16810,CMP0157,2641,2023-09-17,0,0,0
16811,CMP0157,2780,2023-09-17,0,0,0
16812,CMP0157,2393,2023-09-17,0,0,0
16813,CMP0157,3521,2023-09-17,1,0,0
16814,CMP0157,3168,2023-09-17,0,0,0
16815,CMP0157,2023,2023-09-17,0,0,0
16816,CMP0157,3342,2023-09-17,0,0,0
16817,CMP0157,1268,2023-09-17,1,0,0
16818,CMP0157,3317,2023-09-17,0,0,0
16819,CMP0157,927,2023-09-17,0,0,0
16820,CMP0157,1201,2023-09-17,1,1,0
16821,CMP0157,3207,2023-09-17,1,0,0
16822,CMP0157,3238,2023-09-17,0,0,0
16823,CMP0157,1250,2023-09-17,0,0,0
16824,CMP0157,3704,2023-09-17,0,0,0
16825,CMP0157,2525,2023-09-17,0,0,0
16826,CMP0157,670,2023-09-17,0,0,0
16827,CMP0157,532,2023-09-17,0,0,0
16828,CMP0157,2479,2023-09-17,0,0,0
16829,CMP0157,2084,2023-09-17,0,0,0
16830,CMP0157,2757,2023-09-17,0,0,0
16831,CMP0157,643,2023-09-17,0,0,0
16832,CMP0157,2071,2023-09-17,0,0,0
16833,CMP0157,774,2023-09-17,1,0,0
16834,CMP0157,1585,2023-09-17,0,0,0
16835,CMP0157,74,2023-09-17,1,0,0
16836,CMP0157,1954,2023-09-17,0,0,0
16837,CMP0157,1350,2023-09-17,1,1,0
16838,CMP0157,3709,2023-09-17,0,0,0
16839,CMP0157,782,2023-09-17,0,0,0
16840,CMP0157,2648,2023-09-17,0,0,0
16841,CMP0157,1924,2023-09-17,1,0,0
16842,CMP0157,3664,2023-09-17,1,0,0
16843,CMP0157,2964,2023-09-17,0,0,0
16844,CMP0157,1789,2023-09-17,1,0,0
16845,CMP0157,357,2023-09-17,0,0,0
16846,CMP0157,3710,2023-09-17,0,0,0
16847,CMP0157,3618,2023-09-17,0,0,0
16848,CMP0157,1942,2023-09-17,0,0,0
16849,CMP0157,1434,2023-09-17,0,0,0
16850,CMP0157,225,2023-09-17,0,0,0
16851,CMP0157,2735,2023-09-17,0,0,0
16852,CMP0157,2254,2023-09-17,1,0,0
16853,CMP0157,964,2023-09-17,0,0,0
16854,CMP0157,3899,2023-09-17,0,0,1
16855,CMP0157,2858,2023-09-17,0,0,0
16856,CMP0157,40,2023-09-17,0,0,0
16857,CMP0157,200,2023-09-17,0,0,0
16858,CMP0157,3309,2023-09-17,0,0,0
16859,CMP0157,3418,2023-09-17,0,0,0
16860,CMP0157,3049,2023-09-17,0,0,0
16861,CMP0157,3758,2023-09-17,0,0,0
16862,CMP0157,1431,2023-09-17,1,0,0
16863,CMP0157,623,2023-09-17,0,0,0
16864,CMP0157,3714,2023-09-17,1,1,0
16865,CMP0157,647,2023-09-17,0,0,0
16866,CMP0157,3261,2023-09-17,0,0,0
16867,CMP0157,2743,2023-09-17,0,0,0
16868,CMP0157,2798,2023-09-17,1,1,0
16869,CMP0157,1355,2023-09-17,0,0,0
16870,CMP0157,2763,2023-09-17,0,0,0
16871,CMP0157,3338,2023-09-17,1,0,0
16872,CMP0157,3829,2023-09-17,1,1,0
16873,CMP0157,3880,2023-09-17,1,1,0
16874,CMP0157,2598,2023-09-17,0,0,0
16875,CMP0157,4013,2023-09-17,0,0,0
16876,CMP0157,2335,2023-09-17,1,0,0
16877,CMP0157,1118,2023-09-17,0,0,0
16878,CMP0157,2251,2023-09-17,0,0,0
16879,CMP0157,3221,2023-09-17,0,0,0
16880,CMP0157,2257,2023-09-17,0,0,0
16881,CMP0157,1768,2023-09-17,0,0,0
16882,CMP0157,2332,2023-09-17,0,0,0
16883,CMP0157,192,2023-09-17,0,0,0
16884,CMP0157,96,2023-09-17,0,0,0
16885,CMP0157,1513,2023-09-17,0,0,0
16886,CMP0157,2566,2023-09-17,1,0,0
16887,CMP0157,828,2023-09-17,0,0,0
16888,CMP0157,3420,2023-09-17,0,0,0
16889,CMP0157,3528,2023-09-17,0,0,0
16890,CMP0157,3160,2023-09-17,0,0,0
16891,CMP0157,3857,2023-09-17,1,0,0
16892,CMP0157,1506,2023-09-17,0,0,0
16893,CMP0157,761,2023-09-17,1,0,0
16894,CMP0157,2475,2023-09-17,0,0,0
16895,CMP0157,328,2023-09-17,1,1,0
16896,CMP0157,2969,2023-09-17,0,0,0
16897,CMP0157,3737,2023-09-17,0,0,0
16898,CMP0157,2578,2023-09-17,0,0,0
16899,CMP0157,2347,2023-09-17,0,0,0
16900,CMP0157,543,2023-09-17,1,0,0
16901,CMP0157,323,2023-09-17,0,0,0
16902,CMP0157,2196,2023-09-17,0,0,0
16903,CMP0157,2410,2023-09-17,0,0,0
16904,CMP0157,1057,2023-09-17,0,0,0
16905,CMP0157,1848,2023-09-17,1,0,0
16906,CMP0157,60,2023-09-17,0,0,0
16907,CMP0157,2280,2023-09-17,1,0,0
16908,CMP0157,1607,2023-09-17,0,0,0
16909,CMP0157,2788,2023-09-17,0,0,0
16910,CMP0157,1832,2023-09-17,1,0,0
16911,CMP0157,3298,2023-09-17,1,1,0
16912,CMP0157,398,2023-09-17,0,0,0
16913,CMP0157,3086,2023-09-17,1,0,0
16914,CMP0157,408,2023-09-17,1,0,0
16915,CMP0157,2340,2023-09-17,0,0,0
16916,CMP0157,3209,2023-09-17,0,0,0
16917,CMP0157,2054,2023-09-17,0,0,0
16918,CMP0157,1051,2023-09-17,0,0,0
16919,CMP0157,1106,2023-09-17,1,0,0
16920,CMP0157,2444,2023-09-17,0,0,0
16921,CMP0157,2912,2023-09-17,1,0,0
16922,CMP0157,3193,2023-09-17,1,0,0
16923,CMP0157,2275,2023-09-17,1,1,0
16924,CMP0091,3643,2024-01-18,0,0,0
16925,CMP0091,1481,2024-01-18,0,0,0
16926,CMP0091,2727,2024-01-18,0,0,0
16927,CMP0091,991,2024-01-18,0,0,0
16928,CMP0091,3167,2024-01-18,1,0,0
16929,CMP0091,820,2024-01-18,1,0,0
16930,CMP0091,2635,2024-01-18,0,0,0
16931,CMP0091,2218,2024-01-18,0,0,0
16932,CMP0091,2151,2024-01-18,1,0,0
16933,CMP0091,1903,2024-01-18,1,1,0
16934,CMP0091,2909,2024-01-18,0,0,0
16935,CMP0091,1235,2024-01-18,0,0,0
16936,CMP0091,465,2024-01-18,1,0,0
16937,CMP0091,3269,2024-01-18,1,0,0
16938,CMP0091,1469,2024-01-18,0,0,0
16939,CMP0091,32,2024-01-18,0,0,0
16940,CMP0091,3292,2024-01-18,0,0,0
16941,CMP0091,70,2024-01-18,0,0,0
16942,CMP0091,2906,2024-01-18,0,0,0
16943,CMP0091,1379,2024-01-18,0,0,0
16944,CMP0091,524,2024-01-18,1,1,0
16945,CMP0091,1021,2024-01-18,1,0,0
16946,CMP0091,3413,2024-01-18,1,1,0
16947,CMP0091,210,2024-01-18,0,0,0
16948,CMP0091,1358,2024-01-18,0,0,0
16949,CMP0091,3968,2024-01-18,0,0,0
16950,CMP0091,2106,2024-01-18,1,0,0
16951,CMP0091,819,2024-01-18,0,0,0
16952,CMP0091,3015,2024-01-18,1,0,0
16953,CMP0091,3238,2024-01-18,0,0,0
16954,CMP0091,566,2024-01-18,1,1,0
16955,CMP0091,1109,2024-01-18,1,0,0
16956,CMP0091,2219,2024-01-18,0,0,0
16957,CMP0091,419,2024-01-18,0,0,0
16958,CMP0091,2922,2024-01-18,0,0,0
16959,CMP0091,492,2024-01-18,1,0,0
16960,CMP0091,602,2024-01-18,1,0,0
16961,CMP0091,143,2024-01-18,1,0,0
16962,CMP0091,248,2024-01-18,1,0,0
16963,CMP0091,522,2024-01-18,0,0,0
16964,CMP0091,1852,2024-01-18,0,0,0
16965,CMP0091,3154,2024-01-18,0,0,0
16966,CMP0091,1928,2024-01-18,1,0,0
16967,CMP0091,3359,2024-01-18,1,0,0
16968,CMP0091,2508,2024-01-18,1,0,0
16969,CMP0091,3546,2024-01-18,1,0,0
16970,CMP0091,3937,2024-01-18,0,0,0
16971,CMP0091,2700,2024-01-18,1,0,0
16972,CMP0091,3437,2024-01-18,0,0,0
16973,CMP0091,865,2024-01-18,1,1,0
16974,CMP0091,1759,2024-01-18,0,0,0
16975,CMP0091,1796,2024-01-18,0,0,0
16976,CMP0091,1895,2024-01-18,1,0,0
16977,CMP0091,2122,2024-01-18,1,0,0
16978,CMP0091,2578,2024-01-18,1,0,0
16979,CMP0091,3766,2024-01-18,1,1,0
16980,CMP0091,1717,2024-01-18,0,0,0
16981,CMP0091,1199,2024-01-18,0,0,0
16982,CMP0091,3901,2024-01-18,0,0,0
16983,CMP0091,1889,2024-01-18,1,1,0
16984,CMP0091,1435,2024-01-18,0,0,0
16985,CMP0091,3726,2024-01-18,0,0,0
16986,CMP0091,3089,2024-01-18,0,0,0
16987,CMP0091,728,2024-01-18,1,0,0
16988,CMP0091,2322,2024-01-18,0,0,0
16989,CMP0091,414,2024-01-18,0,0,0
16990,CMP0091,3835,2024-01-18,0,0,0
16991,CMP0091,2860,2024-01-18,0,0,0
16992,CMP0091,3170,2024-01-18,0,0,0
16993,CMP0091,823,2024-01-18,0,0,0
16994,CMP0091,3147,2024-01-18,0,0,0
16995,CMP0091,1513,2024-01-18,0,0,0
16996,CMP0091,2866,2024-01-18,1,0,0
16997,CMP0091,6,2024-01-18,1,1,0
16998,CMP0091,1664,2024-01-18,1,1,0
16999,CMP0091,146,2024-01-18,0,0,0
17000,CMP0091,443,2024-01-18,1,1,0
17001,CMP0091,804,2024-01-18,1,1,0
17002,CMP0091,1066,2024-01-18,1,0,0
17003,CMP0091,2305,2024-01-18,0,0,0
17004,CMP0091,1679,2024-01-18,0,0,0
17005,CMP0091,2070,2024-01-18,0,0,0
17006,CMP0091,1155,2024-01-18,0,0,0
17007,CMP0091,3338,2024-01-18,1,0,0
17008,CMP0091,604,2024-01-18,0,0,0
17009,CMP0091,3618,2024-01-18,0,0,0
17010,CMP0091,2851,2024-01-18,0,0,0
17011,CMP0091,3334,2024-01-18,1,0,0
17012,CMP0091,1387,2024-01-18,0,0,0
17013,CMP0091,3740,2024-01-18,0,0,0
17014,CMP0091,1663,2024-01-18,1,0,0
17015,CMP0091,3817,2024-01-18,0,0,0
17016,CMP0091,2779,2024-01-18,0,0,0
17017,CMP0091,2040,2024-01-18,0,0,0
17018,CMP0091,3355,2024-01-18,0,0,0
17019,CMP0091,2378,2024-01-18,1,0,0
17020,CMP0091,3561,2024-01-18,1,0,0
17021,CMP0091,1623,2024-01-18,1,1,0
17022,CMP0091,3142,2024-01-18,0,0,0
17023,CMP0091,698,2024-01-18,0,0,0
17024,CMP0091,2018,2024-01-18,1,0,0
17025,CMP0091,2292,2024-01-18,1,0,0
17026,CMP0091,164,2024-01-18,1,0,0
17027,CMP0091,1191,2024-01-18,0,0,0
17028,CMP0091,3001,2024-01-18,1,0,0
17029,CMP0091,1704,2024-01-18,0,0,0
17030,CMP0091,1186,2024-01-18,0,0,0
17031,CMP0091,2663,2024-01-18,0,1,0
17032,CMP0091,3558,2024-01-18,1,0,0
17033,CMP0091,1334,2024-01-18,0,0,0
17034,CMP0091,3861,2024-01-18,1,0,0
17035,CMP0091,1295,2024-01-18,0,0,0
17036,CMP0091,650,2024-01-18,0,0,0
17037,CMP0091,1873,2024-01-18,0,0,0
17038,CMP0091,350,2024-01-18,0,0,0
17039,CMP0091,286,2024-01-18,1,1,0
17040,CMP0091,2148,2024-01-18,1,0,0
17041,CMP0091,559,2024-01-18,0,0,0
17042,CMP0091,2368,2024-01-18,1,0,0
17043,CMP0091,1375,2024-01-18,0,0,0
17044,CMP0091,101,2024-01-18,0,0,0
17045,CMP0091,3464,2024-01-18,1,1,0
17046,CMP0091,2951,2024-01-18,1,0,0
17047,CMP0091,515,2024-01-18,0,0,0
17048,CMP0091,1606,2024-01-18,1,1,0
17049,CMP0091,3417,2024-01-18,0,0,0
17050,CMP0091,3045,2024-01-18,1,0,0
17051,CMP0091,2341,2024-01-18,1,0,0
17052,CMP0091,3086,2024-01-18,1,0,0
17053,CMP0091,376,2024-01-18,0,0,0
17054,CMP0091,2467,2024-01-18,0,0,0
17055,CMP0091,166,2024-01-18,1,0,0
17056,CMP0091,1224,2024-01-18,0,0,0
17057,CMP0091,3380,2024-01-18,0,0,0
17058,CMP0091,1083,2024-01-18,0,0,0
17059,CMP0091,1416,2024-01-18,1,0,0
17060,CMP0091,2961,2024-01-18,0,0,0
17061,CMP0091,3570,2024-01-18,1,1,0
17062,CMP0091,2628,2024-01-18,0,0,0
17063,CMP0091,3567,2024-01-18,1,0,0
17064,CMP0091,3409,2024-01-18,0,0,0
17065,CMP0091,2504,2024-01-18,1,0,0
17066,CMP0091,177,2024-01-18,1,0,0
17067,CMP0091,1541,2024-01-18,0,0,0
17068,CMP0091,322,2024-01-18,0,0,0
17069,CMP0091,2521,2024-01-18,0,0,0
17070,CMP0091,1855,2024-01-18,1,1,0
17071,CMP0091,182,2024-01-18,1,0,0
17072,CMP0091,867,2024-01-18,0,0,0
17073,CMP0091,3510,2024-01-18,1,0,0
17074,CMP0091,473,2024-01-18,1,0,0
17075,CMP0091,856,2024-01-18,1,1,0
17076,CMP0091,2399,2024-01-18,0,0,0
17077,CMP0091,848,2024-01-18,1,0,0
17078,CMP0091,3256,2024-01-18,1,1,0
17079,CMP0091,1816,2024-01-18,1,0,0
17080,CMP0091,654,2024-01-18,0,0,0
17081,CMP0091,2262,2024-01-18,0,0,0
17082,CMP0091,1183,2024-01-18,0,0,0
17083,CMP0091,4013,2024-01-18,0,0,0
17084,CMP0091,1477,2024-01-18,0,0,0
17085,CMP0091,1609,2024-01-18,0,0,0
17086,CMP0091,1724,2024-01-18,0,0,0
17087,CMP0091,1577,2024-01-18,0,0,0
17088,CMP0091,3899,2024-01-18,0,0,1
17089,CMP0091,2682,2024-01-18,0,0,0
17090,CMP0091,601,2024-01-18,0,0,0
17091,CMP0091,999,2024-01-18,0,0,0
17092,CMP0091,778,2024-01-18,0,0,0
17093,CMP0091,1350,2024-01-18,0,0,0
17094,CMP0091,3322,2024-01-18,1,0,0
17095,CMP0091,2584,2024-01-18,0,0,0
17096,CMP0091,2792,2024-01-18,0,0,0
17097,CMP0091,1086,2024-01-18,1,0,0
17098,CMP0091,439,2024-01-18,0,0,0
17099,CMP0091,2060,2024-01-18,0,0,0
17100,CMP0091,1285,2024-01-18,0,0,0
17101,CMP0091,460,2024-01-18,1,0,0
17102,CMP0091,2430,2024-01-18,0,0,0
17103,CMP0091,3721,2024-01-18,0,0,0
17104,CMP0091,1832,2024-01-18,0,0,0
17105,CMP0091,1114,2024-01-18,0,0,0
17106,CMP0091,2890,2024-01-18,0,0,0
17107,CMP0091,3586,2024-01-18,1,0,0
17108,CMP0091,2199,2024-01-18,1,0,0
17109,CMP0091,676,2024-01-18,1,0,0
17110,CMP0091,2529,2024-01-18,1,0,0
17111,CMP0091,3300,2024-01-18,0,0,0
17112,CMP0091,757,2024-01-18,0,0,0
17113,CMP0091,1125,2024-01-18,0,0,0
17114,CMP0091,3458,2024-01-18,1,0,0
17115,CMP0091,2327,2024-01-18,0,0,0
17116,CMP0091,1866,2024-01-18,0,0,0
17117,CMP0091,629,2024-01-18,0,0,0
17118,CMP0091,3746,2024-01-18,0,0,0
17119,CMP0091,2675,2024-01-18,0,0,0
17120,CMP0091,2350,2024-01-18,1,0,0
17121,CMP0091,109,2024-01-18,1,1,0
17122,CMP0091,1352,2024-01-18,0,0,0
17123,CMP0091,2561,2024-01-18,0,0,0
17124,CMP0091,3037,2024-01-18,0,0,0
17125,CMP0091,2765,2024-01-18,0,0,0
17126,CMP0091,417,2024-01-18,0,0,0
17127,CMP0091,2940,2024-01-18,1,0,0
17128,CMP0091,296,2024-01-18,1,0,0
17129,CMP0091,2405,2024-01-18,0,0,0
17130,CMP0091,2662,2024-01-18,1,1,0
17131,CMP0091,527,2024-01-18,0,0,0
17132,CMP0091,3995,2024-01-18,0,0,0
17133,CMP0091,669,2024-01-18,0,0,0
17134,CMP0091,3581,2024-01-18,0,0,0
17135,CMP0091,84,2024-01-18,0,0,0
17136,CMP0091,2039,2024-01-18,0,0,0
17137,CMP0091,3996,2024-01-18,0,0,0
17138,CMP0091,2683,2024-01-18,1,0,0
17139,CMP0091,3983,2024-01-18,1,0,0
17140,CMP0091,1884,2024-01-18,0,0,0
17141,CMP0091,3188,2024-01-18,0,0,0
17142,CMP0091,2265,2024-01-18,0,0,0
17143,CMP0091,3324,2024-01-18,0,0,0
17144,CMP0091,3078,2024-01-18,0,0,0
17145,CMP0091,3965,2024-01-18,0,0,0
17146,CMP0091,2609,2024-01-18,1,1,0
17147,CMP0091,3967,2024-01-18,0,0,0
17148,CMP0091,2154,2024-01-18,1,1,0
17149,CMP0091,2496,2024-01-18,1,0,0
17150,CMP0091,796,2024-01-18,1,0,0
17151,CMP0091,1933,2024-01-18,0,0,0
17152,CMP0091,3404,2024-01-18,0,0,0
17153,CMP0091,297,2024-01-18,0,0,0
17154,CMP0091,1269,2024-01-18,0,0,0
17155,CMP0091,3149,2024-01-18,1,0,0
17156,CMP0091,653,2024-01-18,0,0,0
17157,CMP0091,2926,2024-01-18,0,0,0
17158,CMP0091,3801,2024-01-18,0,0,0
17159,CMP0091,2180,2024-01-18,0,0,0
17160,CMP0091,3046,2024-01-18,0,0,0
17161,CMP0091,2189,2024-01-18,1,0,0
17162,CMP0091,1635,2024-01-18,1,0,0
17163,CMP0091,2300,2024-01-18,1,1,0
17164,CMP0091,34,2024-01-18,0,0,0
17165,CMP0091,1787,2024-01-18,1,1,0
17166,CMP0091,2694,2024-01-18,0,0,0
17167,CMP0091,3249,2024-01-18,0,0,0
17168,CMP0091,531,2024-01-18,0,0,0
17169,CMP0091,1983,2024-01-18,1,0,0
17170,CMP0091,2875,2024-01-18,0,0,0
17171,CMP0091,3942,2024-01-18,0,0,0
17172,CMP0091,2382,2024-01-18,0,0,0
17173,CMP0091,1436,2024-01-18,0,0,0
17174,CMP0091,1180,2024-01-18,0,0,0
17175,CMP0091,2054,2024-01-18,1,0,0
17176,CMP0091,1428,2024-01-18,0,0,0
17177,CMP0091,3690,2024-01-18,1,0,0
17178,CMP0091,3970,2024-01-18,1,0,0
17179,CMP0091,3720,2024-01-18,0,0,0
17180,CMP0091,3610,2024-01-18,0,0,0
17181,CMP0091,3080,2024-01-18,0,0,0
17182,CMP0091,3138,2024-01-18,0,0,0
17183,CMP0091,190,2024-01-18,0,0,0
17184,CMP0091,303,2024-01-18,1,0,0
17185,CMP0091,1556,2024-01-18,0,0,0
17186,CMP0091,201,2024-01-18,0,0,0
17187,CMP0091,2515,2024-01-18,0,0,0
17188,CMP0091,3876,2024-01-18,1,0,0
17189,CMP0091,3367,2024-01-18,0,0,0
17190,CMP0091,2499,2024-01-18,0,1,0
17191,CMP0091,1568,2024-01-18,0,0,0
17192,CMP0091,1329,2024-01-18,0,0,0
17193,CMP0091,259,2024-01-18,0,0,0
17194,CMP0091,3150,2024-01-18,0,0,0
17195,CMP0091,3471,2024-01-18,1,0,0
17196,CMP0091,817,2024-01-18,1,0,0
17197,CMP0091,3049,2024-01-18,1,0,0
17198,CMP0091,314,2024-01-18,0,0,0
17199,CMP0091,766,2024-01-18,1,0,0
17200,CMP0091,615,2024-01-18,1,0,0
17201,CMP0091,509,2024-01-18,1,0,0
17202,CMP0091,2388,2024-01-18,0,0,0
17203,CMP0091,2178,2024-01-18,0,0,0
17204,CMP0091,3189,2024-01-18,0,0,0
17205,CMP0091,3335,2024-01-18,1,0,0
17206,CMP0091,4003,2024-01-18,0,0,0
17207,CMP0091,2744,2024-01-18,1,1,0
17208,CMP0091,774,2024-01-18,0,0,0
17209,CMP0091,1670,2024-01-18,0,0,0
17210,CMP0091,1650,2024-01-18,0,0,0
17211,CMP0091,582,2024-01-18,0,0,0
17212,CMP0091,2024,2024-01-18,0,0,0
17213,CMP0091,1134,2024-01-18,1,0,0
17214,CMP0091,1498,2024-01-18,1,0,0
17215,CMP0091,1030,2024-01-18,0,0,0
17216,CMP0091,634,2024-01-18,0,0,0
17217,CMP0091,3823,2024-01-18,0,0,0
17218,CMP0091,2668,2024-01-18,0,0,0
17219,CMP0091,1805,2024-01-18,0,0,0
17220,CMP0091,686,2024-01-18,0,0,0
17221,CMP0091,3903,2024-01-18,0,0,0
17222,CMP0091,323,2024-01-18,1,0,0
17223,CMP0091,3916,2024-01-18,1,0,0
17224,CMP0091,3211,2024-01-18,0,0,0
17225,CMP0091,937,2024-01-18,0,0,0
17226,CMP0091,325,2024-01-18,0,0,0
17227,CMP0091,3879,2024-01-18,0,0,0
17228,CMP0091,724,2024-01-18,0,0,0
17229,CMP0091,1014,2024-01-18,0,0,0
17230,CMP0091,2642,2024-01-18,0,0,0
17231,CMP0091,568,2024-01-18,1,0,0
17232,CMP0091,1877,2024-01-18,1,0,0
17233,CMP0091,643,2024-01-18,0,0,0
17234,CMP0091,909,2024-01-18,0,0,0
17235,CMP0091,9,2024-01-18,0,0,0
17236,CMP0091,3728,2024-01-18,0,0,0
17237,CMP0091,3178,2024-01-18,1,0,0
17238,CMP0091,2679,2024-01-18,0,0,0
17239,CMP0091,3833,2024-01-18,0,0,0
17240,CMP0091,2596,2024-01-18,0,0,0
17241,CMP0091,1999,2024-01-18,1,0,0
17242,CMP0091,852,2024-01-18,1,0,0
17243,CMP0091,246,2024-01-18,0,0,0
17244,CMP0091,1661,2024-01-18,0,0,0
17245,CMP0091,2345,2024-01-18,0,0,0
17246,CMP0091,2242,2024-01-18,1,0,0
17247,CMP0091,1250,2024-01-18,0,0,0
17248,CMP0091,2042,2024-01-18,0,0,0
17249,CMP0091,3084,2024-01-18,1,0,0
17250,CMP0091,3139,2024-01-18,0,0,0
17251,CMP0091,2358,2024-01-18,0,0,0
17252,CMP0091,2257,2024-01-18,0,0,0
17253,CMP0091,1399,2024-01-18,0,0,0
17254,CMP0091,2475,2024-01-18,0,0,0
17255,CMP0091,3809,2024-01-18,0,0,0
17256,CMP0091,2326,2024-01-18,0,0,0
17257,CMP0091,2097,2024-01-18,1,0,0
17258,CMP0091,2974,2024-01-18,0,0,0
17259,CMP0091,3569,2024-01-18,0,0,0
17260,CMP0091,1514,2024-01-18,0,0,0
17261,CMP0091,697,2024-01-18,1,0,0
17262,CMP0091,3329,2024-01-18,1,0,0
17263,CMP0091,985,2024-01-18,0,0,0
17264,CMP0091,3407,2024-01-18,1,0,0
17265,CMP0091,3837,2024-01-18,0,0,0
17266,CMP0091,3729,2024-01-18,0,0,0
17267,CMP0091,1319,2024-01-18,1,0,0
17268,CMP0091,2010,2024-01-18,0,0,0
17269,CMP0091,3730,2024-01-18,0,0,0
17270,CMP0091,2312,2024-01-18,0,0,0
17271,CMP0091,1118,2024-01-18,1,0,0
17272,CMP0091,2755,2024-01-18,0,0,0
17273,CMP0091,392,2024-01-18,0,0,0
17274,CMP0091,2887,2024-01-18,1,1,0
17275,CMP0091,2757,2024-01-18,0,0,0
17276,CMP0091,1259,2024-01-18,0,0,0
17277,CMP0091,171,2024-01-18,0,0,0
17278,CMP0091,3093,2024-01-18,0,0,0
17279,CMP0091,2037,2024-01-18,0,0,0
17280,CMP0091,670,2024-01-18,0,0,0
17281,CMP0091,1344,2024-01-18,1,0,0
17282,CMP0091,2660,2024-01-18,0,0,0
17283,CMP0091,2614,2024-01-18,1,0,0
17284,CMP0091,2361,2024-01-18,1,0,0
17285,CMP0091,3858,2024-01-18,0,0,0
17286,CMP0091,1748,2024-01-18,0,0,0
17287,CMP0091,510,2024-01-18,0,0,0
17288,CMP0091,3694,2024-01-18,0,0,0
17289,CMP0091,2172,2024-01-18,0,0,0
17290,CMP0091,2734,2024-01-18,0,0,0
17291,CMP0091,181,2024-01-18,0,0,0
17292,CMP0091,3781,2024-01-18,0,0,0
17293,CMP0091,1002,2024-01-18,0,0,0
17294,CMP0091,3450,2024-01-18,1,1,0
17295,CMP0091,2625,2024-01-18,1,1,0
17296,CMP0091,1265,2024-01-18,0,0,0
17297,CMP0091,3565,2024-01-18,0,0,0
17298,CMP0091,642,2024-01-18,0,0,0
17299,CMP0091,1261,2024-01-18,1,0,0
17300,CMP0091,1665,2024-01-18,0,0,0
17301,CMP0091,2030,2024-01-18,1,0,0
17302,CMP0091,1574,2024-01-18,0,0,0
17303,CMP0091,1726,2024-01-18,0,0,0
17304,CMP0091,573,2024-01-18,1,0,0
17305,CMP0091,962,2024-01-18,0,0,0
17306,CMP0091,2293,2024-01-18,0,0,0
17307,CMP0091,2269,2024-01-18,1,0,0
17308,CMP0091,3761,2024-01-18,1,0,0
17309,CMP0091,3030,2024-01-18,1,0,0
17310,CMP0091,2239,2024-01-18,0,0,0
17311,CMP0091,2144,2024-01-18,0,0,0
17312,CMP0091,499,2024-01-18,0,0,0
17313,CMP0091,814,2024-01-18,0,0,0
17314,CMP0091,681,2024-01-18,1,1,0
17315,CMP0091,701,2024-01-18,0,0,0
17316,CMP0091,401,2024-01-18,0,0,0
17317,CMP0091,2583,2024-01-18,0,0,0
17318,CMP0091,3978,2024-01-18,0,0,0
17319,CMP0091,2905,2024-01-18,0,0,0
17320,CMP0091,2996,2024-01-18,0,0,0
17321,CMP0091,3318,2024-01-18,0,0,0
17322,CMP0091,1382,2024-01-18,1,0,0
17323,CMP0091,822,2024-01-18,0,0,0
17324,CMP0091,770,2024-01-18,0,0,0
17325,CMP0091,3297,2024-01-18,0,0,0
17326,CMP0091,388,2024-01-18,0,0,0
17327,CMP0091,3470,2024-01-18,1,1,0
17328,CMP0091,3528,2024-01-18,0,0,0
17329,CMP0091,2195,2024-01-18,1,1,0
17330,CMP0091,2185,2024-01-18,1,0,0
17331,CMP0091,2869,2024-01-18,0,0,0
17332,CMP0091,62,2024-01-18,1,0,0
17333,CMP0091,3480,2024-01-18,0,0,0
17334,CMP0091,1714,2024-01-18,0,0,0
17335,CMP0091,3152,2024-01-18,0,0,0
17336,CMP0091,328,2024-01-18,1,0,0
17337,CMP0091,2303,2024-01-18,0,0,0
17338,CMP0091,610,2024-01-18,0,0,0
17339,CMP0091,2140,2024-01-18,0,0,0
17340,CMP0091,2306,2024-01-18,1,0,0
17341,CMP0091,2071,2024-01-18,0,0,0
17342,CMP0091,3614,2024-01-18,0,0,0
17343,CMP0091,38,2024-01-18,0,0,0
17344,CMP0091,2759,2024-01-18,0,0,0
17345,CMP0091,3254,2024-01-18,0,0,0
17346,CMP0091,2883,2024-01-18,0,0,0
17347,CMP0091,1988,2024-01-18,0,0,0
17348,CMP0091,858,2024-01-18,0,0,0
17349,CMP0091,2323,2024-01-18,0,0,0
17350,CMP0091,1904,2024-01-18,1,0,0
17351,CMP0091,859,2024-01-18,0,0,0
17352,CMP0091,1553,2024-01-18,1,0,0
17353,CMP0091,2252,2024-01-18,1,0,0
17354,CMP0091,3337,2024-01-18,0,0,0
17355,CMP0091,3868,2024-01-18,0,0,0
17356,CMP0091,3053,2024-01-18,0,0,0
17357,CMP0091,156,2024-01-18,0,0,0
17358,CMP0091,1238,2024-01-18,0,0,0
17359,CMP0091,3829,2024-01-18,0,0,0
17360,CMP0091,2397,2024-01-18,0,0,0
17361,CMP0091,576,2024-01-18,0,0,0
17362,CMP0091,2692,2024-01-18,0,0,0
17363,CMP0091,2767,2024-01-18,1,0,0
17364,CMP0091,2494,2024-01-18,0,0,0
17365,CMP0091,3805,2024-01-18,0,0,0
17366,CMP0091,1595,2024-01-18,0,0,0
17367,CMP0091,2902,2024-01-18,0,0,0
17368,CMP0091,1409,2024-01-18,0,0,0
17369,CMP0091,421,2024-01-18,1,0,0
17370,CMP0091,61,2024-01-18,0,0,0
17371,CMP0091,3800,2024-01-18,0,0,0
17372,CMP0091,923,2024-01-18,0,0,0
17373,CMP0091,578,2024-01-18,0,0,0
17374,CMP0091,572,2024-01-18,1,0,0
17375,CMP0091,3831,2024-01-18,0,0,0
17376,CMP0091,3168,2024-01-18,0,0,0
17377,CMP0091,2470,2024-01-18,0,0,0
17378,CMP0091,1253,2024-01-18,0,0,0
17379,CMP0091,2251,2024-01-18,0,0,0
17380,CMP0091,1868,2024-01-18,0,0,0
17381,CMP0091,2597,2024-01-18,0,0,0
17382,CMP0091,866,2024-01-18,1,0,0
17383,CMP0091,3583,2024-01-18,1,0,0
17384,CMP0091,2275,2024-01-18,1,0,0
17385,CMP0091,3842,2024-01-18,1,0,0
17386,CMP0091,1462,2024-01-18,1,1,0
17387,CMP0091,1990,2024-01-18,1,0,0
17388,CMP0091,3119,2024-01-18,0,0,0
17389,CMP0091,3420,2024-01-18,1,1,0
17390,CMP0091,2346,2024-01-18,0,0,0
17391,CMP0091,3120,2024-01-18,1,0,0
17392,CMP0091,2541,2024-01-18,0,1,0
17393,CMP0091,302,2024-01-18,0,0,0
17394,CMP0091,965,2024-01-18,1,0,0
17395,CMP0091,691,2024-01-18,0,0,0
17396,CMP0091,106,2024-01-18,1,0,0
17397,CMP0091,2240,2024-01-18,1,0,0
17398,CMP0091,2260,2024-01-18,1,1,0
17399,CMP0091,880,2024-01-18,0,0,0
17400,CMP0091,1243,2024-01-18,1,0,0
17401,CMP0091,353,2024-01-18,0,0,0
17402,CMP0091,2483,2024-01-18,1,0,0
17403,CMP0091,3191,2024-01-18,0,0,0
17404,CMP0091,722,2024-01-18,1,1,0
17405,CMP0091,1059,2024-01-18,0,0,0
17406,CMP0091,2226,2024-01-18,1,1,0
17407,CMP0091,506,2024-01-18,0,0,0
17408,CMP0091,306,2024-01-18,1,0,0
17409,CMP0091,3754,2024-01-18,0,0,0
17410,CMP0091,2520,2024-01-18,0,0,0
17411,CMP0091,1225,2024-01-18,0,0,0
17412,CMP0091,1598,2024-01-18,0,0,0
17413,CMP0091,3038,2024-01-18,0,0,0
17414,CMP0091,3688,2024-01-18,0,0,0
17415,CMP0091,2798,2024-01-18,0,0,0
17416,CMP0091,2249,2024-01-18,0,0,0
17417,CMP0091,3794,2024-01-18,1,0,0
17418,CMP0091,209,2024-01-18,0,0,0
17419,CMP0091,2976,2024-01-18,1,0,0
17420,CMP0091,2334,2024-01-18,0,1,0
17421,CMP0091,3143,2024-01-18,0,0,0
17422,CMP0091,1424,2024-01-18,0,0,0
17423,CMP0091,357,2024-01-18,0,0,0
17424,CMP0091,998,2024-01-18,0,0,0
17425,CMP0091,2076,2024-01-18,0,0,0
17426,CMP0091,2795,2024-01-18,1,0,0
17427,CMP0091,1260,2024-01-18,0,0,0
17428,CMP0091,2093,2024-01-18,0,0,0
17429,CMP0091,165,2024-01-18,0,0,0
17430,CMP0091,565,2024-01-18,0,0,0
17431,CMP0091,3197,2024-01-18,0,0,0
17432,CMP0091,341,2024-01-18,0,0,0
17433,CMP0091,3361,2024-01-18,1,0,0
17434,CMP0091,2472,2024-01-18,1,0,0
17435,CMP0091,2756,2024-01-18,0,0,0
17436,CMP0091,1625,2024-01-18,1,0,0
17437,CMP0091,2964,2024-01-18,1,0,0
17438,CMP0091,1742,2024-01-18,0,0,0
17439,CMP0091,1233,2024-01-18,0,0,0
17440,CMP0091,977,2024-01-18,1,0,0
17441,CMP0091,3261,2024-01-18,1,0,0
17442,CMP0091,2410,2024-01-18,0,0,0
17443,CMP0091,3832,2024-01-18,1,0,0
17444,CMP0091,3401,2024-01-18,0,0,0
17445,CMP0091,2654,2024-01-18,1,0,0
17446,CMP0091,2969,2024-01-18,0,0,0
17447,CMP0091,3255,2024-01-18,1,0,0
17448,CMP0091,2234,2024-01-18,1,0,0
17449,CMP0091,1755,2024-01-18,0,0,0
17450,CMP0091,1880,2024-01-18,1,0,0
17451,CMP0091,342,2024-01-18,0,0,0
17452,CMP0091,793,2024-01-18,1,0,0
17453,CMP0091,2687,2024-01-18,0,0,0
17454,CMP0091,2913,2024-01-18,0,0,0
17455,CMP0091,1757,2024-01-18,1,0,0
17456,CMP0091,772,2024-01-18,0,0,0
17457,CMP0091,3438,2024-01-18,1,1,0
17458,CMP0091,2537,2024-01-18,1,0,0
17459,CMP0091,3016,2024-01-18,0,0,0
17460,CMP0107,3970,2025-07-16,0,0,0
17461,CMP0107,2066,2025-07-16,1,0,0
17462,CMP0107,2323,2025-07-16,0,0,0
17463,CMP0107,408,2025-07-16,0,0,0
17464,CMP0107,1473,2025-07-16,0,0,0
17465,CMP0107,2357,2025-07-16,1,0,0
17466,CMP0107,3155,2025-07-16,0,0,0
17467,CMP0107,3682,2025-07-16,0,0,0
17468,CMP0107,3641,2025-07-16,1,1,0
17469,CMP0107,3781,2025-07-16,1,0,0
17470,CMP0107,1183,2025-07-16,0,0,0
17471,CMP0107,1975,2025-07-16,0,0,0
17472,CMP0107,1493,2025-07-16,0,0,0
17473,CMP0107,770,2025-07-16,0,0,0
17474,CMP0107,3913,2025-07-16,0,0,0
17475,CMP0107,670,2025-07-16,0,0,0
17476,CMP0107,1149,2025-07-16,0,0,0
17477,CMP0107,2566,2025-07-16,0,0,0
17478,CMP0107,177,2025-07-16,0,0,0
17479,CMP0107,2181,2025-07-16,0,0,0
17480,CMP0107,3792,2025-07-16,0,0,1
17481,CMP0107,2556,2025-07-16,0,0,0
17482,CMP0107,2890,2025-07-16,0,0,0
17483,CMP0107,3078,2025-07-16,1,0,0
17484,CMP0107,2802,2025-07-16,0,0,0
17485,CMP0107,3149,2025-07-16,0,0,0
17486,CMP0107,3309,2025-07-16,0,0,0
17487,CMP0107,1948,2025-07-16,1,0,0
17488,CMP0107,3462,2025-07-16,1,0,0
17489,CMP0107,1755,2025-07-16,1,1,0
17490,CMP0107,2358,2025-07-16,0,0,0
17491,CMP0107,186,2025-07-16,0,0,0
17492,CMP0107,2541,2025-07-16,1,1,0
17493,CMP0107,3813,2025-07-16,1,0,0
17494,CMP0107,3219,2025-07-16,0,0,0
17495,CMP0107,2126,2025-07-16,1,0,0
17496,CMP0107,2340,2025-07-16,0,0,0
17497,CMP0107,1083,2025-07-16,0,0,0
17498,CMP0107,3573,2025-07-16,0,0,0
17499,CMP0107,2334,2025-07-16,0,0,0
17500,CMP0107,866,2025-07-16,0,0,0
17501,CMP0107,1885,2025-07-16,0,0,0
17502,CMP0107,2704,2025-07-16,0,0,0
17503,CMP0107,132,2025-07-16,0,0,0
17504,CMP0107,3258,2025-07-16,0,0,0
17505,CMP0107,1581,2025-07-16,1,0,0
17506,CMP0107,3174,2025-07-16,1,0,0
17507,CMP0107,3541,2025-07-16,1,0,0
17508,CMP0107,3810,2025-07-16,1,0,0
17509,CMP0107,3805,2025-07-16,0,0,0
17510,CMP0107,3046,2025-07-16,1,0,0
17511,CMP0107,4011,2025-07-16,1,0,0
17512,CMP0107,1986,2025-07-16,1,0,0
17513,CMP0107,2074,2025-07-16,0,0,0
17514,CMP0107,193,2025-07-16,0,0,0
17515,CMP0107,3981,2025-07-16,0,0,0
17516,CMP0107,1038,2025-07-16,0,0,0
17517,CMP0107,1624,2025-07-16,1,0,0
17518,CMP0107,1086,2025-07-16,0,0,0
17519,CMP0107,1156,2025-07-16,0,0,0
17520,CMP0107,1058,2025-07-16,0,0,0
17521,CMP0107,392,2025-07-16,0,0,0
17522,CMP0107,27,2025-07-16,1,0,0
17523,CMP0107,24,2025-07-16,1,0,0
17524,CMP0107,3581,2025-07-16,1,0,0
17525,CMP0107,3033,2025-07-16,1,0,0
17526,CMP0107,966,2025-07-16,0,0,0
17527,CMP0107,1779,2025-07-16,0,0,0
17528,CMP0107,3437,2025-07-16,0,0,0
17529,CMP0107,2122,2025-07-16,0,0,0
17530,CMP0107,3415,2025-07-16,1,1,0
17531,CMP0107,2190,2025-07-16,0,0,0
17532,CMP0107,3685,2025-07-16,0,0,0
17533,CMP0107,1235,2025-07-16,1,0,0
17534,CMP0107,2651,2025-07-16,1,0,0
17535,CMP0107,3404,2025-07-16,1,0,0
17536,CMP0107,3054,2025-07-16,0,0,0
17537,CMP0107,841,2025-07-16,0,0,0
17538,CMP0107,2526,2025-07-16,0,0,0
17539,CMP0107,1241,2025-07-16,0,0,0
17540,CMP0107,1659,2025-07-16,1,0,0
17541,CMP0107,1123,2025-07-16,0,0,0
17542,CMP0107,4018,2025-07-16,0,0,0
17543,CMP0107,3795,2025-07-16,0,0,0
17544,CMP0107,3484,2025-07-16,0,0,0
17545,CMP0107,709,2025-07-16,1,0,0
17546,CMP0107,1109,2025-07-16,0,0,0
17547,CMP0107,2860,2025-07-16,0,0,0
17548,CMP0107,369,2025-07-16,0,0,0
17549,CMP0107,1437,2025-07-16,0,0,0
17550,CMP0107,1016,2025-07-16,0,0,0
17551,CMP0107,3197,2025-07-16,0,0,0
17552,CMP0107,3216,2025-07-16,0,0,0
17553,CMP0107,300,2025-07-16,0,0,0
17554,CMP0107,2179,2025-07-16,0,0,0
17555,CMP0107,3428,2025-07-16,1,1,0
17556,CMP0107,808,2025-07-16,0,0,0
17557,CMP0107,1912,2025-07-16,0,0,0
17558,CMP0107,37,2025-07-16,0,0,0
17559,CMP0107,2488,2025-07-16,0,0,0
17560,CMP0107,4,2025-07-16,0,0,0
17561,CMP0107,2393,2025-07-16,0,0,0
17562,CMP0107,2194,2025-07-16,0,0,0
17563,CMP0107,3721,2025-07-16,1,0,0
17564,CMP0107,645,2025-07-16,0,0,0
17565,CMP0107,2368,2025-07-16,0,0,0
17566,CMP0107,3086,2025-07-16,1,0,0
17567,CMP0107,2462,2025-07-16,0,0,0
17568,CMP0107,1974,2025-07-16,1,1,0
17569,CMP0107,3392,2025-07-16,0,0,0
17570,CMP0107,3647,2025-07-16,0,0,0
17571,CMP0107,2273,2025-07-16,0,0,0
17572,CMP0107,3853,2025-07-16,1,0,0
17573,CMP0107,2236,2025-07-16,0,0,0
17574,CMP0107,3434,2025-07-16,0,0,0
17575,CMP0107,1848,2025-07-16,0,0,0
17576,CMP0107,607,2025-07-16,0,0,0
17577,CMP0107,605,2025-07-16,0,0,0
17578,CMP0107,3965,2025-07-16,0,0,0
17579,CMP0107,559,2025-07-16,0,0,0
17580,CMP0107,722,2025-07-16,0,0,0
17581,CMP0107,1702,2025-07-16,0,0,0
17582,CMP0107,2202,2025-07-16,0,0,0
17583,CMP0107,338,2025-07-16,0,0,0
17584,CMP0107,185,2025-07-16,0,0,0
17585,CMP0107,733,2025-07-16,0,0,0
17586,CMP0107,2672,2025-07-16,1,0,0
17587,CMP0107,2659,2025-07-16,0,0,0
17588,CMP0107,3643,2025-07-16,0,0,0
17589,CMP0107,3080,2025-07-16,0,0,0
17590,CMP0107,3754,2025-07-16,0,0,0
17591,CMP0107,2040,2025-07-16,1,0,0
17592,CMP0107,1795,2025-07-16,1,0,0
17593,CMP0107,3905,2025-07-16,1,0,0
17594,CMP0107,3133,2025-07-16,1,1,0
17595,CMP0107,2521,2025-07-16,1,0,0
17596,CMP0107,1813,2025-07-16,0,0,0
17597,CMP0107,3492,2025-07-16,1,0,0
17598,CMP0107,2219,2025-07-16,1,0,0
17599,CMP0107,1526,2025-07-16,1,0,0
17600,CMP0107,3334,2025-07-16,0,0,0
17601,CMP0107,3209,2025-07-16,0,0,0
17602,CMP0107,823,2025-07-16,1,0,0
17603,CMP0107,3715,2025-07-16,1,0,0
17604,CMP0107,3899,2025-07-16,0,0,0
17605,CMP0107,573,2025-07-16,1,0,0
17606,CMP0107,2993,2025-07-16,0,0,0
17607,CMP0107,3548,2025-07-16,0,0,0
17608,CMP0107,1730,2025-07-16,0,0,0
17609,CMP0107,1022,2025-07-16,0,0,0
17610,CMP0107,3833,2025-07-16,1,1,0
17611,CMP0107,2240,2025-07-16,0,0,0
17612,CMP0107,3157,2025-07-16,0,0,0
17613,CMP0107,65,2025-07-16,0,0,0
17614,CMP0107,1569,2025-07-16,0,0,0
17615,CMP0107,1233,2025-07-16,1,0,0
17616,CMP0107,223,2025-07-16,0,0,0
17617,CMP0107,1909,2025-07-16,0,0,0
17618,CMP0107,673,2025-07-16,0,0,0
17619,CMP0107,179,2025-07-16,1,0,0
17620,CMP0107,1875,2025-07-16,0,0,0
17621,CMP0107,1200,2025-07-16,0,0,0
17622,CMP0107,302,2025-07-16,0,0,0
17623,CMP0107,2740,2025-07-16,0,0,0
17624,CMP0107,3679,2025-07-16,1,0,0
17625,CMP0107,1143,2025-07-16,0,0,0
17626,CMP0107,2687,2025-07-16,0,0,0
17627,CMP0107,3473,2025-07-16,0,0,0
17628,CMP0107,3948,2025-07-16,0,0,0
17629,CMP0107,1040,2025-07-16,1,0,0
17630,CMP0107,2519,2025-07-16,0,0,0
17631,CMP0107,2929,2025-07-16,0,0,0
17632,CMP0107,3452,2025-07-16,1,0,0
17633,CMP0107,2275,2025-07-16,0,0,0
17634,CMP0107,707,2025-07-16,0,0,0
17635,CMP0107,3904,2025-07-16,0,0,0
17636,CMP0107,484,2025-07-16,0,0,0
17637,CMP0107,2002,2025-07-16,0,0,0
17638,CMP0107,3214,2025-07-16,1,0,0
17639,CMP0107,3980,2025-07-16,0,0,0
17640,CMP0107,3832,2025-07-16,1,0,0
17641,CMP0107,1310,2025-07-16,0,0,0
17642,CMP0107,1774,2025-07-16,1,1,0
17643,CMP0107,584,2025-07-16,0,0,0
17644,CMP0107,1554,2025-07-16,1,0,0
17645,CMP0107,3442,2025-07-16,0,0,0
17646,CMP0107,2166,2025-07-16,0,0,0
17647,CMP0107,1317,2025-07-16,0,0,0
17648,CMP0107,375,2025-07-16,0,0,0
17649,CMP0107,188,2025-07-16,1,0,0
17650,CMP0107,2757,2025-07-16,1,1,0
17651,CMP0107,571,2025-07-16,1,1,0
17652,CMP0107,2289,2025-07-16,0,0,0
17653,CMP0107,445,2025-07-16,0,0,0
17654,CMP0107,586,2025-07-16,1,0,0
17655,CMP0107,1271,2025-07-16,0,0,0
17656,CMP0107,3858,2025-07-16,1,1,0
17657,CMP0107,306,2025-07-16,1,0,0
17658,CMP0107,2928,2025-07-16,1,0,0
17659,CMP0107,1439,2025-07-16,0,0,0
17660,CMP0107,3714,2025-07-16,0,0,0
17661,CMP0107,101,2025-07-16,0,0,0
17662,CMP0107,1619,2025-07-16,0,0,0
17663,CMP0107,2972,2025-07-16,1,0,0
17664,CMP0107,1910,2025-07-16,1,0,0
17665,CMP0107,1914,2025-07-16,0,0,0
17666,CMP0107,2946,2025-07-16,0,0,0
17667,CMP0107,3117,2025-07-16,0,0,0
17668,CMP0107,3466,2025-07-16,0,0,0
17669,CMP0107,156,2025-07-16,1,0,0
17670,CMP0107,122,2025-07-16,0,0,0
17671,CMP0107,1215,2025-07-16,0,0,0
17672,CMP0107,1924,2025-07-16,0,0,0
17673,CMP0107,40,2025-07-16,1,0,0
17674,CMP0107,1353,2025-07-16,0,0,0
17675,CMP0107,2561,2025-07-16,0,0,0
17676,CMP0107,1479,2025-07-16,0,0,0
17677,CMP0107,1424,2025-07-16,1,0,0
17678,CMP0107,3188,2025-07-16,1,0,0
17679,CMP0107,3414,2025-07-16,0,0,0
17680,CMP0107,2329,2025-07-16,0,0,0
17681,CMP0107,1963,2025-07-16,0,0,0
17682,CMP0107,1301,2025-07-16,1,0,0
17683,CMP0107,2638,2025-07-16,0,0,0
17684,CMP0107,3037,2025-07-16,0,0,0
17685,CMP0109,3074,2024-01-05,0,0,0
17686,CMP0109,3321,2024-01-05,0,0,0
17687,CMP0109,949,2024-01-05,0,0,0
17688,CMP0109,3495,2024-01-05,0,0,0
17689,CMP0109,3758,2024-01-05,0,0,0
17690,CMP0109,2308,2024-01-05,0,0,0
17691,CMP0109,1695,2024-01-05,0,0,0
17692,CMP0109,32,2024-01-05,1,0,0
17693,CMP0109,1018,2024-01-05,1,0,0
17694,CMP0109,890,2024-01-05,0,0,0
17695,CMP0109,1284,2024-01-05,0,0,0
17696,CMP0109,926,2024-01-05,1,0,0
17697,CMP0109,1370,2024-01-05,0,0,0
17698,CMP0109,682,2024-01-05,0,0,0
17699,CMP0109,2736,2024-01-05,0,0,0
17700,CMP0109,2424,2024-01-05,0,0,0
17701,CMP0109,1975,2024-01-05,0,0,0
17702,CMP0109,3238,2024-01-05,0,0,0
17703,CMP0109,3618,2024-01-05,1,1,0
17704,CMP0109,2193,2024-01-05,0,0,0
17705,CMP0109,569,2024-01-05,0,0,0
17706,CMP0109,3342,2024-01-05,0,0,0
17707,CMP0109,3103,2024-01-05,0,0,0
17708,CMP0109,1721,2024-01-05,0,0,0
17709,CMP0109,568,2024-01-05,0,0,0
17710,CMP0109,540,2024-01-05,0,0,0
17711,CMP0109,950,2024-01-05,0,0,0
17712,CMP0109,3334,2024-01-05,1,0,0
17713,CMP0109,306,2024-01-05,0,0,0
17714,CMP0109,2704,2024-01-05,0,0,0
17715,CMP0109,1415,2024-01-05,0,0,0
17716,CMP0109,2257,2024-01-05,1,0,0
17717,CMP0109,2264,2024-01-05,0,0,0
17718,CMP0109,259,2024-01-05,1,0,0
17719,CMP0109,1224,2024-01-05,0,0,0
17720,CMP0109,2273,2024-01-05,0,0,0
17721,CMP0109,2619,2024-01-05,0,0,0
17722,CMP0109,1809,2024-01-05,0,0,0
17723,CMP0109,1480,2024-01-05,0,0,0
17724,CMP0109,3413,2024-01-05,0,0,0
17725,CMP0109,1290,2024-01-05,0,0,0
17726,CMP0109,333,2024-01-05,0,0,0
17727,CMP0109,158,2024-01-05,0,0,0
17728,CMP0109,2381,2024-01-05,0,0,0
17729,CMP0109,3904,2024-01-05,0,0,0
17730,CMP0109,3708,2024-01-05,1,0,0
17731,CMP0109,2219,2024-01-05,1,0,0
17732,CMP0109,408,2024-01-05,0,0,0
17733,CMP0109,463,2024-01-05,0,0,0
17734,CMP0109,3405,2024-01-05,1,0,0
17735,CMP0109,1373,2024-01-05,1,0,0
17736,CMP0109,132,2024-01-05,0,0,0
17737,CMP0109,1361,2024-01-05,0,0,0
17738,CMP0109,2437,2024-01-05,0,0,0
17739,CMP0109,221,2024-01-05,1,1,0
17740,CMP0109,3060,2024-01-05,0,0,0
17741,CMP0109,3750,2024-01-05,1,1,0
17742,CMP0109,2262,2024-01-05,1,0,0
17743,CMP0109,2849,2024-01-05,0,0,0
17744,CMP0109,2054,2024-01-05,0,0,0
17745,CMP0109,322,2024-01-05,1,0,0
17746,CMP0109,2798,2024-01-05,0,0,0
17747,CMP0109,3157,2024-01-05,0,0,0
17748,CMP0109,643,2024-01-05,0,0,0
17749,CMP0109,1709,2024-01-05,1,0,0
17750,CMP0109,1280,2024-01-05,0,0,0
17751,CMP0109,2687,2024-01-05,1,0,0
17752,CMP0109,3415,2024-01-05,0,0,0
17753,CMP0109,1248,2024-01-05,0,0,0
17754,CMP0109,559,2024-01-05,0,0,0
17755,CMP0109,375,2024-01-05,1,0,0
17756,CMP0109,1061,2024-01-05,0,0,0
17757,CMP0109,307,2024-01-05,0,0,0
17758,CMP0109,2053,2024-01-05,0,0,0
17759,CMP0109,976,2024-01-05,0,0,0
17760,CMP0109,957,2024-01-05,0,0,0
17761,CMP0109,1558,2024-01-05,1,1,0
17762,CMP0109,2019,2024-01-05,0,0,0
17763,CMP0109,3738,2024-01-05,0,0,0
17764,CMP0109,2270,2024-01-05,0,0,0
17765,CMP0109,3121,2024-01-05,0,0,0
17766,CMP0109,4008,2024-01-05,0,0,0
17767,CMP0109,2513,2024-01-05,1,0,0
17768,CMP0109,3576,2024-01-05,1,0,0
17769,CMP0109,3870,2024-01-05,1,0,0
17770,CMP0109,506,2024-01-05,0,0,0
17771,CMP0109,2924,2024-01-05,0,0,0
17772,CMP0109,2028,2024-01-05,0,0,0
17773,CMP0109,1667,2024-01-05,1,0,0
17774,CMP0109,2287,2024-01-05,1,1,0
17775,CMP0109,662,2024-01-05,0,0,0
17776,CMP0109,3933,2024-01-05,0,0,0
17777,CMP0109,3859,2024-01-05,1,0,0
17778,CMP0109,1783,2024-01-05,0,0,0
17779,CMP0109,3497,2024-01-05,0,0,0
17780,CMP0109,2457,2024-01-05,0,0,0
17781,CMP0109,2682,2024-01-05,1,0,0
17782,CMP0109,3335,2024-01-05,0,0,0
17783,CMP0109,2042,2024-01-05,0,0,0
17784,CMP0109,3230,2024-01-05,0,0,0
17785,CMP0109,60,2024-01-05,0,0,0
17786,CMP0109,751,2024-01-05,1,0,0
17787,CMP0109,1704,2024-01-05,1,1,0
17788,CMP0109,3953,2024-01-05,0,0,0
17789,CMP0109,2288,2024-01-05,0,0,0
17790,CMP0109,2349,2024-01-05,0,0,0
17791,CMP0109,201,2024-01-05,1,0,0
17792,CMP0109,11,2024-01-05,0,0,0
17793,CMP0109,3714,2024-01-05,0,0,0
17794,CMP0109,2144,2024-01-05,0,0,0
17795,CMP0109,3343,2024-01-05,0,0,0
17796,CMP0109,84,2024-01-05,0,0,0
17797,CMP0109,3424,2024-01-05,1,1,0
17798,CMP0109,1951,2024-01-05,0,0,0
17799,CMP0109,1698,2024-01-05,0,0,0
17800,CMP0109,3112,2024-01-05,0,0,0
17801,CMP0109,35,2024-01-05,0,0,0
17802,CMP0109,1397,2024-01-05,0,0,0
17803,CMP0109,3880,2024-01-05,0,0,0
17804,CMP0109,1653,2024-01-05,0,0,0
17805,CMP0109,3942,2024-01-05,0,0,0
17806,CMP0109,3077,2024-01-05,0,0,0
17807,CMP0109,2240,2024-01-05,0,0,0
17808,CMP0109,826,2024-01-05,0,0,0
17809,CMP0109,2969,2024-01-05,0,0,0
17810,CMP0109,1498,2024-01-05,0,0,0
17811,CMP0109,636,2024-01-05,1,0,0
17812,CMP0109,815,2024-01-05,1,0,0
17813,CMP0109,1528,2024-01-05,0,0,0
17814,CMP0109,1401,2024-01-05,0,0,0
17815,CMP0109,3128,2024-01-05,0,0,0
17816,CMP0109,2234,2024-01-05,1,0,0
17817,CMP0109,524,2024-01-05,1,0,0
17818,CMP0109,2982,2024-01-05,0,0,0
17819,CMP0109,1918,2024-01-05,1,0,0
17820,CMP0109,2479,2024-01-05,0,0,0
17821,CMP0109,856,2024-01-05,0,0,0
17822,CMP0109,3174,2024-01-05,1,0,0
17823,CMP0109,1201,2024-01-05,0,0,0
17824,CMP0109,126,2024-01-05,0,0,0
17825,CMP0109,3042,2024-01-05,0,0,0
17826,CMP0109,623,2024-01-05,1,0,0
17827,CMP0109,2185,2024-01-05,0,0,0
17828,CMP0109,1859,2024-01-05,1,0,0
17829,CMP0109,1523,2024-01-05,0,0,0
17830,CMP0109,430,2024-01-05,0,0,0
17831,CMP0109,125,2024-01-05,0,0,0
17832,CMP0109,2891,2024-01-05,0,0,0
17833,CMP0109,510,2024-01-05,0,0,0
17834,CMP0109,772,2024-01-05,0,0,0
17835,CMP0109,2526,2024-01-05,0,0,0
17836,CMP0109,2656,2024-01-05,1,0,0
17837,CMP0109,2393,2024-01-05,1,0,0
17838,CMP0109,3955,2024-01-05,0,0,0
17839,CMP0109,3436,2024-01-05,1,0,0
17840,CMP0109,3919,2024-01-05,0,0,0
17841,CMP0109,414,2024-01-05,0,0,0
17842,CMP0109,3534,2024-01-05,0,0,0
17843,CMP0109,974,2024-01-05,0,0,0
17844,CMP0109,710,2024-01-05,0,0,0
17845,CMP0109,1983,2024-01-05,0,0,0
17846,CMP0109,1769,2024-01-05,0,0,0
17847,CMP0109,3433,2024-01-05,1,0,0
17848,CMP0109,741,2024-01-05,1,0,0
17849,CMP0109,692,2024-01-05,0,0,0
17850,CMP0109,1295,2024-01-05,0,0,0
17851,CMP0109,1579,2024-01-05,0,0,0
17852,CMP0109,3816,2024-01-05,0,0,0
17853,CMP0109,3016,2024-01-05,1,0,0
17854,CMP0109,1530,2024-01-05,0,0,0
17855,CMP0109,1265,2024-01-05,1,0,0
17856,CMP0109,2741,2024-01-05,0,0,0
17857,CMP0109,27,2024-01-05,0,0,0
17858,CMP0109,2836,2024-01-05,0,0,0
17859,CMP0109,1352,2024-01-05,1,0,0
17860,CMP0109,3287,2024-01-05,1,0,0
17861,CMP0109,2,2024-01-05,1,0,0
17862,CMP0109,55,2024-01-05,0,0,0
17863,CMP0109,3232,2024-01-05,0,0,0
17864,CMP0109,854,2024-01-05,1,0,0
17865,CMP0109,1033,2024-01-05,0,0,0
17866,CMP0109,3119,2024-01-05,0,0,0
17867,CMP0109,2362,2024-01-05,1,0,0
17868,CMP0109,3183,2024-01-05,0,0,0
17869,CMP0109,1494,2024-01-05,0,0,0
17870,CMP0109,719,2024-01-05,0,0,0
17871,CMP0109,1942,2024-01-05,1,0,0
17872,CMP0109,3965,2024-01-05,1,0,0
17873,CMP0109,2358,2024-01-05,1,0,0
17874,CMP0109,982,2024-01-05,0,0,0
17875,CMP0109,2951,2024-01-05,1,0,0
17876,CMP0109,2327,2024-01-05,0,0,0
17877,CMP0109,2227,2024-01-05,0,0,0
17878,CMP0109,2763,2024-01-05,0,0,0
17879,CMP0109,2508,2024-01-05,0,0,0
17880,CMP0109,3389,2024-01-05,0,0,0
17881,CMP0109,378,2024-01-05,0,0,0
17882,CMP0109,3612,2024-01-05,0,0,0
17883,CMP0109,3117,2024-01-05,0,0,0
17884,CMP0109,1350,2024-01-05,0,0,0
17885,CMP0109,1032,2024-01-05,1,0,0
17886,CMP0109,254,2024-01-05,1,0,0
17887,CMP0109,1936,2024-01-05,0,0,0
17888,CMP0109,216,2024-01-05,0,0,0
17889,CMP0109,3882,2024-01-05,0,0,0
17890,CMP0109,469,2024-01-05,0,0,0
17891,CMP0109,852,2024-01-05,1,1,0
17892,CMP0109,2815,2024-01-05,1,0,0
17893,CMP0109,277,2024-01-05,0,0,0
17894,CMP0109,488,2024-01-05,1,0,0
17895,CMP0109,3170,2024-01-05,1,0,0
17896,CMP0109,2400,2024-01-05,0,0,0
17897,CMP0109,2600,2024-01-05,1,0,0
17898,CMP0109,317,2024-01-05,1,0,0
17899,CMP0109,1793,2024-01-05,0,0,0
17900,CMP0109,3326,2024-01-05,1,0,0
17901,CMP0109,616,2024-01-05,1,0,0
17902,CMP0109,224,2024-01-05,0,0,0
17903,CMP0109,3449,2024-01-05,0,0,0
17904,CMP0109,2974,2024-01-05,0,0,0
17905,CMP0109,2181,2024-01-05,1,1,0
17906,CMP0109,2348,2024-01-05,0,0,0
17907,CMP0109,606,2024-01-05,0,0,0
17908,CMP0109,3101,2024-01-05,1,0,0
17909,CMP0109,3530,2024-01-05,0,0,0
17910,CMP0109,1446,2024-01-05,0,0,0
17911,CMP0109,1761,2024-01-05,0,0,0
17912,CMP0109,1775,2024-01-05,0,0,0
17913,CMP0109,3641,2024-01-05,0,0,0
17914,CMP0109,295,2024-01-05,0,0,0
17915,CMP0109,3053,2024-01-05,1,0,0
17916,CMP0109,3196,2024-01-05,0,0,0
17917,CMP0109,3705,2024-01-05,0,0,0
17918,CMP0109,2692,2024-01-05,1,1,0
17919,CMP0109,2060,2024-01-05,1,0,0
17920,CMP0109,105,2024-01-05,0,0,0
17921,CMP0109,672,2024-01-05,0,0,0
17922,CMP0109,1561,2024-01-05,0,0,0
17923,CMP0109,373,2024-01-05,0,0,0
17924,CMP0109,3829,2024-01-05,1,0,0
17925,CMP0109,981,2024-01-05,0,0,0
17926,CMP0109,2151,2024-01-05,0,0,0
17927,CMP0109,229,2024-01-05,1,0,0
17928,CMP0109,439,2024-01-05,0,0,0
17929,CMP0109,1939,2024-01-05,1,0,0
17930,CMP0109,3220,2024-01-05,0,0,0
17931,CMP0109,1166,2024-01-05,0,0,0
17932,CMP0109,1637,2024-01-05,0,0,0
17933,CMP0109,817,2024-01-05,0,0,0
17934,CMP0109,3782,2024-01-05,0,0,0
17935,CMP0109,1463,2024-01-05,0,0,0
17936,CMP0109,443,2024-01-05,1,0,0
17937,CMP0109,832,2024-01-05,0,0,0
17938,CMP0109,2603,2024-01-05,1,0,0
17939,CMP0109,2007,2024-01-05,1,0,0
17940,CMP0109,615,2024-01-05,1,0,0
17941,CMP0109,761,2024-01-05,0,0,0
17942,CMP0109,188,2024-01-05,0,0,0
17943,CMP0109,3297,2024-01-05,0,0,0
17944,CMP0109,3273,2024-01-05,0,0,0
17945,CMP0109,766,2024-01-05,1,0,0
17946,CMP0109,996,2024-01-05,0,0,0
17947,CMP0109,3301,2024-01-05,0,0,0
17948,CMP0109,3442,2024-01-05,0,1,0
17949,CMP0109,3078,2024-01-05,0,0,0
17950,CMP0109,945,2024-01-05,1,0,0
17951,CMP0109,1872,2024-01-05,1,0,0
17952,CMP0109,3065,2024-01-05,1,0,0
17953,CMP0109,2796,2024-01-05,0,0,0
17954,CMP0109,572,2024-01-05,1,1,0
17955,CMP0109,3959,2024-01-05,0,0,0
17956,CMP0109,1774,2024-01-05,0,0,0
17957,CMP0109,3437,2024-01-05,0,0,0
17958,CMP0109,2496,2024-01-05,1,0,0
17959,CMP0109,3827,2024-01-05,1,1,0
17960,CMP0109,1835,2024-01-05,1,0,0
17961,CMP0109,2378,2024-01-05,0,0,0
17962,CMP0109,1066,2024-01-05,0,0,0
17963,CMP0109,2083,2024-01-05,0,0,0
17964,CMP0109,707,2024-01-05,1,1,0
17965,CMP0109,2376,2024-01-05,0,0,0
17966,CMP0109,291,2024-01-05,1,0,0
17967,CMP0109,2110,2024-01-05,1,0,0
17968,CMP0109,828,2024-01-05,0,0,0
17969,CMP0109,825,2024-01-05,0,0,0
17970,CMP0109,1358,2024-01-05,0,0,0
17971,CMP0109,3610,2024-01-05,0,0,0
17972,CMP0109,2963,2024-01-05,1,0,0
17973,CMP0109,2379,2024-01-05,0,0,0
17974,CMP0109,1715,2024-01-05,0,0,0
17975,CMP0109,1475,2024-01-05,1,0,0
17976,CMP0109,2997,2024-01-05,0,0,0
17977,CMP0109,2140,2024-01-05,0,0,0
17978,CMP0109,2846,2024-01-05,1,0,0
17979,CMP0109,709,2024-01-05,0,0,0
17980,CMP0109,1296,2024-01-05,0,0,0
17981,CMP0109,2755,2024-01-05,0,0,0
17982,CMP0109,2148,2024-01-05,0,0,0
17983,CMP0109,2803,2024-01-05,1,0,0
17984,CMP0109,3837,2024-01-05,0,0,0
17985,CMP0109,3146,2024-01-05,1,0,0
17986,CMP0109,62,2024-01-05,0,0,0
17987,CMP0109,461,2024-01-05,1,0,0
17988,CMP0109,3733,2024-01-05,1,0,1
17989,CMP0109,1521,2024-01-05,0,0,0
17990,CMP0109,966,2024-01-05,1,0,0
17991,CMP0109,2194,2024-01-05,0,0,0
17992,CMP0109,3401,2024-01-05,1,0,0
17993,CMP0109,1661,2024-01-05,1,0,0
17994,CMP0109,1149,2024-01-05,0,0,0
17995,CMP0109,3643,2024-01-05,1,1,0
17996,CMP0109,48,2024-01-05,1,0,0
17997,CMP0109,2141,2024-01-05,0,0,0
17998,CMP0109,509,2024-01-05,1,0,0
17999,CMP0109,417,2024-01-05,0,0,0
18000,CMP0109,652,2024-01-05,0,0,0
18001,CMP0109,3968,2024-01-05,0,0,0
18002,CMP0109,393,2024-01-05,0,0,0
18003,CMP0109,1583,2024-01-05,0,0,0
18004,CMP0109,3460,2024-01-05,0,0,0
18005,CMP0109,3954,2024-01-05,0,0,0
18006,CMP0109,1136,2024-01-05,0,0,0
18007,CMP0109,3517,2024-01-05,0,0,0
18008,CMP0109,2722,2024-01-05,0,0,0
18009,CMP0109,1479,2024-01-05,0,0,0
18010,CMP0109,2495,2024-01-05,1,0,0
18011,CMP0109,2329,2024-01-05,0,0,0
18012,CMP0109,1696,2024-01-05,0,0,0
18013,CMP0109,3172,2024-01-05,0,0,0
18014,CMP0109,197,2024-01-05,0,0,0
18015,CMP0109,3055,2024-01-05,1,0,0
18016,CMP0109,1186,2024-01-05,1,0,0
18017,CMP0109,3518,2024-01-05,1,0,0
18018,CMP0109,2931,2024-01-05,0,0,0
18019,CMP0109,1650,2024-01-05,1,0,0
18020,CMP0109,3948,2024-01-05,0,0,0
18021,CMP0109,205,2024-01-05,0,0,0
18022,CMP0109,1129,2024-01-05,0,0,0
18023,CMP0109,588,2024-01-05,0,0,0
18024,CMP0109,3819,2024-01-05,0,0,0
18025,CMP0109,776,2024-01-05,1,1,0
18026,CMP0109,983,2024-01-05,0,0,0
18027,CMP0109,3854,2024-01-05,0,0,0
18028,CMP0109,3139,2024-01-05,1,1,0
18029,CMP0109,3668,2024-01-05,1,0,0
18030,CMP0109,3176,2024-01-05,1,0,0
18031,CMP0109,2350,2024-01-05,0,0,0
18032,CMP0109,193,2024-01-05,1,0,0
18033,CMP0109,1211,2024-01-05,0,0,0
18034,CMP0109,2888,2024-01-05,0,0,0
18035,CMP0109,2923,2024-01-05,0,0,0
18036,CMP0109,698,2024-01-05,1,0,0
18037,CMP0109,3746,2024-01-05,0,0,0
18038,CMP0109,2422,2024-01-05,0,0,0
18039,CMP0109,3472,2024-01-05,0,0,0
18040,CMP0109,1170,2024-01-05,0,0,0
18041,CMP0109,641,2024-01-05,0,0,0
18042,CMP0109,880,2024-01-05,0,0,0
18043,CMP0109,3474,2024-01-05,1,0,0
18044,CMP0109,3383,2024-01-05,0,0,0
18045,CMP0109,3771,2024-01-05,1,0,0
18046,CMP0109,1556,2024-01-05,0,0,0
18047,CMP0109,2744,2024-01-05,1,0,0
18048,CMP0109,3546,2024-01-05,0,0,0
18049,CMP0109,499,2024-01-05,0,0,0
18050,CMP0109,2279,2024-01-05,1,0,0
18051,CMP0109,2911,2024-01-05,0,0,0
18052,CMP0109,2057,2024-01-05,1,0,0
18053,CMP0109,1159,2024-01-05,0,0,0
18054,CMP0109,3810,2024-01-05,0,0,0
18055,CMP0109,22,2024-01-05,0,0,0
18056,CMP0109,1285,2024-01-05,0,0,0
18057,CMP0109,2561,2024-01-05,0,0,0
18058,CMP0109,2596,2024-01-05,1,0,0
18059,CMP0109,805,2024-01-05,0,0,0
18060,CMP0109,3547,2024-01-05,1,0,0
18061,CMP0109,793,2024-01-05,1,0,0
18062,CMP0109,298,2024-01-05,0,0,0
18063,CMP0109,3337,2024-01-05,0,0,0
18064,CMP0109,1908,2024-01-05,0,0,0
18065,CMP0109,2001,2024-01-05,0,0,0
18066,CMP0109,2998,2024-01-05,0,0,0
18067,CMP0109,2504,2024-01-05,0,0,0
18068,CMP0109,2168,2024-01-05,0,0,0
18069,CMP0109,1272,2024-01-05,1,1,0
18070,CMP0109,3106,2024-01-05,0,0,0
18071,CMP0109,464,2024-01-05,0,0,0
18072,CMP0109,2464,2024-01-05,1,0,0
18073,CMP0109,1057,2024-01-05,0,0,0
18074,CMP0109,326,2024-01-05,0,0,0
18075,CMP0109,1375,2024-01-05,0,0,0
18076,CMP0109,101,2024-01-05,1,1,0
18077,CMP0109,95,2024-01-05,0,0,0
18078,CMP0109,2652,2024-01-05,0,0,0
18079,CMP0109,1725,2024-01-05,0,0,0
18080,CMP0109,676,2024-01-05,1,0,0
18081,CMP0109,2570,2024-01-05,1,0,0
18082,CMP0109,563,2024-01-05,0,0,0
18083,CMP0109,352,2024-01-05,0,0,0
18084,CMP0109,2788,2024-01-05,0,0,0
18085,CMP0109,2476,2024-01-05,0,0,0
18086,CMP0109,3473,2024-01-05,1,0,0
18087,CMP0109,720,2024-01-05,0,0,0
18088,CMP0109,1564,2024-01-05,0,0,0
18089,CMP0109,2614,2024-01-05,1,0,0
18090,CMP0109,1301,2024-01-05,0,0,0
18091,CMP0109,3423,2024-01-05,0,0,0
18092,CMP0109,1212,2024-01-05,1,1,0
18093,CMP0109,2976,2024-01-05,1,1,0
18094,CMP0109,822,2024-01-05,0,0,0
18095,CMP0109,3489,2024-01-05,0,0,0
18096,CMP0109,1516,2024-01-05,1,0,0
18097,CMP0109,3563,2024-01-05,0,0,0
18098,CMP0109,2877,2024-01-05,1,0,0
18099,CMP0109,3190,2024-01-05,1,0,0
18100,CMP0109,3776,2024-01-05,0,0,0
18101,CMP0109,1068,2024-01-05,1,0,0
18102,CMP0109,1681,2024-01-05,1,0,0
18103,CMP0109,106,2024-01-05,0,0,0
18104,CMP0109,1869,2024-01-05,0,0,0
18105,CMP0109,190,2024-01-05,0,0,0
18106,CMP0109,1258,2024-01-05,1,1,0
18107,CMP0109,1067,2024-01-05,0,0,0
18108,CMP0109,1748,2024-01-05,0,0,0
18109,CMP0109,1991,2024-01-05,0,0,0
18110,CMP0109,2537,2024-01-05,1,0,0
18111,CMP0109,1222,2024-01-05,1,0,0
18112,CMP0109,3735,2024-01-05,0,0,0
18113,CMP0109,3431,2024-01-05,0,0,0
18114,CMP0109,1910,2024-01-05,0,0,0
18115,CMP0109,2313,2024-01-05,0,0,0
18116,CMP0109,61,2024-01-05,0,1,0
18117,CMP0109,37,2024-01-05,0,0,0
18118,CMP0109,1889,2024-01-05,1,1,0
18119,CMP0109,302,2024-01-05,0,0,0
18120,CMP0109,913,2024-01-05,1,0,0
18121,CMP0109,3185,2024-01-05,0,0,0
18122,CMP0109,2534,2024-01-05,0,0,0
18123,CMP0109,278,2024-01-05,0,0,0
18124,CMP0109,2370,2024-01-05,0,0,0
18125,CMP0109,3359,2024-01-05,0,0,0
18126,CMP0109,3425,2024-01-05,0,0,0
18127,CMP0109,3290,2024-01-05,0,0,0
18128,CMP0109,3409,2024-01-05,0,0,0
18129,CMP0109,2126,2024-01-05,0,0,0
18130,CMP0109,908,2024-01-05,0,0,0
18131,CMP0109,1948,2024-01-05,0,0,0
18132,CMP0109,3109,2024-01-05,1,1,0
18133,CMP0109,3635,2024-01-05,1,0,0
18134,CMP0109,3845,2024-01-05,0,0,0
18135,CMP0109,1157,2024-01-05,1,0,0
18136,CMP0109,2183,2024-01-05,0,0,0
18137,CMP0109,3912,2024-01-05,1,0,0
18138,CMP0109,3150,2024-01-05,1,1,0
18139,CMP0109,99,2024-01-05,1,1,0
18140,CMP0109,814,2024-01-05,0,0,0
18141,CMP0109,634,2024-01-05,0,0,0
18142,CMP0109,1917,2024-01-05,1,0,0
18143,CMP0109,701,2024-01-05,0,0,0
18144,CMP0109,2841,2024-01-05,0,0,0
18145,CMP0109,3650,2024-01-05,1,1,0
18146,CMP0109,520,2024-01-05,1,1,0
18147,CMP0109,1705,2024-01-05,1,0,0
18148,CMP0109,2636,2024-01-05,0,0,0
18149,CMP0109,536,2024-01-05,0,0,0
18150,CMP0109,3719,2024-01-05,0,0,0
18151,CMP0109,3740,2024-01-05,0,0,0
18152,CMP0109,3011,2024-01-05,0,0,0
18153,CMP0109,5,2024-01-05,0,0,0
18154,CMP0109,485,2024-01-05,0,0,0
18155,CMP0109,1768,2024-01-05,0,0,0
18156,CMP0109,2371,2024-01-05,0,0,0
18157,CMP0109,2557,2024-01-05,1,0,0
18158,CMP0109,2018,2024-01-05,0,0,0
18159,CMP0109,1108,2024-01-05,1,0,0
18160,CMP0109,2659,2024-01-05,0,0,0
18161,CMP0109,102,2024-01-05,0,1,0
18162,CMP0109,3127,2024-01-05,1,0,0
18163,CMP0109,2173,2024-01-05,0,0,0
18164,CMP0109,2306,2024-01-05,0,0,0
18165,CMP0109,248,2024-01-05,0,0,0
18166,CMP0109,2280,2024-01-05,0,0,0
18167,CMP0109,3095,2024-01-05,0,0,0
18168,CMP0109,1848,2024-01-05,0,0,0
18169,CMP0109,1747,2024-01-05,0,0,0
18170,CMP0109,989,2024-01-05,1,1,0
18171,CMP0109,3898,2024-01-05,1,0,0
18172,CMP0109,3329,2024-01-05,0,0,0
18173,CMP0109,1672,2024-01-05,0,0,0
18174,CMP0109,2486,2024-01-05,0,0,0
18175,CMP0109,360,2024-01-05,1,0,0
18176,CMP0109,1013,2024-01-05,1,0,0
18177,CMP0109,1538,2024-01-05,0,0,0
18178,CMP0109,1922,2024-01-05,0,0,0
18179,CMP0109,3372,2024-01-05,0,0,0
18180,CMP0109,2111,2024-01-05,0,0,0
18181,CMP0109,2406,2024-01-05,0,0,0
18182,CMP0109,3872,2024-01-05,0,0,0
18183,CMP0109,1900,2024-01-05,0,0,0
18184,CMP0109,1655,2024-01-05,1,0,0
18185,CMP0109,700,2024-01-05,1,0,0
18186,CMP0109,782,2024-01-05,0,0,0
18187,CMP0109,3007,2024-01-05,0,0,0
18188,CMP0109,3891,2024-01-05,0,0,0
18189,CMP0109,2399,2024-01-05,1,0,0
18190,CMP0109,2109,2024-01-05,0,0,0
18191,CMP0109,1482,2024-01-05,0,0,0
18192,CMP0109,638,2024-01-05,0,0,0
18193,CMP0109,1749,2024-01-05,0,0,0
18194,CMP0109,626,2024-01-05,1,0,0
18195,CMP0109,3658,2024-01-05,1,0,0
18196,CMP0109,514,2024-01-05,0,0,0
18197,CMP0109,2429,2024-01-05,0,0,0
18198,CMP0109,2894,2024-01-05,1,0,0
18199,CMP0109,2130,2024-01-05,1,0,0
18200,CMP0109,1880,2024-01-05,0,0,0
18201,CMP0109,2756,2024-01-05,0,0,0
18202,CMP0109,550,2024-01-05,1,0,0
18203,CMP0109,1855,2024-01-05,0,0,0
18204,CMP0109,3875,2024-01-05,1,0,0
18205,CMP0109,2388,2024-01-05,0,0,0
18206,CMP0109,1851,2024-01-05,0,0,0
18207,CMP0109,3476,2024-01-05,0,0,0
18208,CMP0109,831,2024-01-05,1,0,0
18209,CMP0109,3420,2024-01-05,0,0,0
18210,CMP0109,3846,2024-01-05,0,0,0
18211,CMP0109,3331,2024-01-05,1,0,0
18212,CMP0109,343,2024-01-05,1,1,0
18213,CMP0109,1526,2024-01-05,0,0,0
18214,CMP0109,2929,2024-01-05,1,1,0
18215,CMP0109,3110,2024-01-05,0,0,0
18216,CMP0109,1943,2024-01-05,1,1,0
18217,CMP0109,1363,2024-01-05,0,0,0
18218,CMP0109,2638,2024-01-05,0,0,0
18219,CMP0109,2044,2024-01-05,0,0,0
18220,CMP0109,1349,2024-01-05,0,0,0
18221,CMP0109,1035,2024-01-05,0,0,0
18222,CMP0109,2524,2024-01-05,1,1,0
18223,CMP0109,3835,2024-01-05,0,0,0
18224,CMP0109,1329,2024-01-05,0,0,0
18225,CMP0109,3012,2024-01-05,0,0,0
18226,CMP0109,3193,2024-01-05,0,0,0
18227,CMP0109,2618,2024-01-05,0,0,0
18228,CMP0109,3970,2024-01-05,0,0,0
18229,CMP0109,1554,2024-01-05,0,0,0
18230,CMP0109,849,2024-01-05,0,0,0
18231,CMP0109,374,2024-01-05,1,1,0
18232,CMP0109,1625,2024-01-05,0,0,0
18233,CMP0109,263,2024-01-05,0,0,0
18234,CMP0109,3690,2024-01-05,1,0,0
18235,CMP0109,1620,2024-01-05,0,0,0
18236,CMP0109,2908,2024-01-05,1,0,0
18237,CMP0109,2845,2024-01-05,0,0,0
18238,CMP0109,1340,2024-01-05,0,0,0
18239,CMP0109,645,2024-01-05,0,0,0
18240,CMP0109,722,2024-01-05,0,0,0
18241,CMP0109,3554,2024-01-05,1,0,0
18242,CMP0109,3453,2024-01-05,0,0,0
18243,CMP0109,1310,2024-01-05,1,0,0
18244,CMP0109,3247,2024-01-05,0,0,0
18245,CMP0109,2940,2024-01-05,0,0,0
18246,CMP0109,2024,2024-01-05,0,0,0
18247,CMP0109,2786,2024-01-05,0,0,0
18248,CMP0109,1262,2024-01-05,0,0,0
18249,CMP0109,1024,2024-01-05,0,0,0
18250,CMP0109,1832,2024-01-05,0,0,0
18251,CMP0109,3581,2024-01-05,1,0,0
18252,CMP0109,1989,2024-01-05,1,0,0
18253,CMP0109,2361,2024-01-05,0,0,0
18254,CMP0109,725,2024-01-05,1,0,0
18255,CMP0109,3977,2024-01-05,0,0,0
18256,CMP0109,3482,2024-01-05,0,0,0
18257,CMP0109,865,2024-01-05,1,0,0
18258,CMP0109,1377,2024-01-05,0,0,0
18259,CMP0109,1726,2024-01-05,1,1,0
18260,CMP0109,804,2024-01-05,0,0,0
18261,CMP0109,3026,2024-01-05,1,0,0
18262,CMP0109,1525,2024-01-05,0,0,0
18263,CMP0109,1019,2024-01-05,1,0,0
18264,CMP0109,884,2024-01-05,0,0,0
18265,CMP0109,3871,2024-01-05,0,0,0
18266,CMP0109,3932,2024-01-05,1,0,0
18267,CMP0109,2249,2024-01-05,1,0,0
18268,CMP0109,2699,2024-01-05,1,0,0
18269,CMP0109,179,2024-01-05,1,1,0
18270,CMP0109,2660,2024-01-05,1,0,0
18271,CMP0109,927,2024-01-05,1,0,0
18272,CMP0109,2065,2024-01-05,0,0,0
18273,CMP0109,56,2024-01-05,1,1,0
18274,CMP0109,1143,2024-01-05,0,0,0
18275,CMP0109,1627,2024-01-05,1,0,0
18276,CMP0109,527,2024-01-05,1,0,0
18277,CMP0109,2930,2024-01-05,1,0,0
18278,CMP0109,3094,2024-01-05,0,0,0
18279,CMP0109,353,2024-01-05,0,0,0
18280,CMP0109,2712,2024-01-05,0,0,0
18281,CMP0109,3607,2024-01-05,1,1,0
18282,CMP0109,1060,2024-01-05,1,0,0
18283,CMP0109,3369,2024-01-05,1,0,0
18284,CMP0109,1118,2024-01-05,0,0,0
18285,CMP0109,3595,2024-01-05,1,0,0
18286,CMP0109,2832,2024-01-05,0,0,0
18287,CMP0109,2949,2024-01-05,0,0,0
18288,CMP0109,2739,2024-01-05,0,0,0
18289,CMP0109,1029,2024-01-05,0,0,0
18290,CMP0109,3445,2024-01-05,0,0,0
18291,CMP0109,2456,2024-01-05,0,0,0
18292,CMP0109,453,2024-01-05,0,0,0
18293,CMP0109,3877,2024-01-05,0,0,0
18294,CMP0109,1474,2024-01-05,1,1,0
18295,CMP0109,1927,2024-01-05,1,1,0
18296,CMP0109,640,2024-01-05,0,0,0
18297,CMP0109,10,2024-01-05,0,0,0
18298,CMP0109,3191,2024-01-05,1,0,0
18299,CMP0109,1198,2024-01-05,1,0,0
18300,CMP0109,1866,2024-01-05,0,0,0
18301,CMP0109,3501,2024-01-05,0,0,0
18302,CMP0109,3188,2024-01-05,1,0,0
18303,CMP0109,691,2024-01-05,1,0,0
18304,CMP0109,3086,2024-01-05,0,0,0
18305,CMP0109,3484,2024-01-05,0,0,0
18306,CMP0109,647,2024-01-05,0,0,0
18307,CMP0109,3623,2024-01-05,1,0,0
18308,CMP0109,1595,2024-01-05,1,0,0
18309,CMP0109,3066,2024-01-05,0,0,0
18310,CMP0109,1825,2024-01-05,0,0,0
18311,CMP0109,350,2024-01-05,0,0,0
18312,CMP0109,494,2024-01-05,0,0,0
18313,CMP0109,1038,2024-01-05,0,0,0
18314,CMP0109,1233,2024-01-05,0,0,0
18315,CMP0109,2403,2024-01-05,1,1,0
18316,CMP0109,2881,2024-01-05,0,0,0
18317,CMP0109,681,2024-01-05,0,0,0
18318,CMP0109,2922,2024-01-05,1,1,0
18319,CMP0109,2903,2024-01-05,0,0,0
18320,CMP0109,3786,2024-01-05,0,0,0
18321,CMP0109,2171,2024-01-05,0,0,0
18322,CMP0109,280,2024-01-05,0,0,0
18323,CMP0109,3937,2024-01-05,0,0,0
18324,CMP0109,2548,2024-01-05,0,0,0
18325,CMP0109,65,2024-01-05,1,0,0
18326,CMP0109,562,2024-01-05,1,0,0
18327,CMP0109,3189,2024-01-05,1,0,0
18328,CMP0109,3619,2024-01-05,1,0,0
18329,CMP0109,780,2024-01-05,0,0,0
18330,CMP0109,388,2024-01-05,0,0,0
18331,CMP0109,3114,2024-01-05,0,0,0
18332,CMP0109,2658,2024-01-05,1,0,0
18333,CMP0109,1907,2024-01-05,0,0,0
18334,CMP0109,3812,2024-01-05,0,0,0
18335,CMP0109,2071,2024-01-05,0,0,0
18336,CMP0109,2813,2024-01-05,0,0,0
18337,CMP0109,1891,2024-01-05,0,0,0
18338,CMP0109,20,2024-01-05,0,0,0
18339,CMP0109,196,2024-01-05,1,0,0
18340,CMP0109,1877,2024-01-05,0,0,0
18341,CMP0109,991,2024-01-05,0,0,0
18342,CMP0109,962,2024-01-05,0,0,0
18343,CMP0109,381,2024-01-05,0,0,0
18344,CMP0109,789,2024-01-05,1,0,0
18345,CMP0109,3907,2024-01-05,0,0,0
18346,CMP0109,1191,2024-01-05,1,1,0
18347,CMP0109,498,2024-01-05,0,0,0
18348,CMP0109,3466,2024-01-05,1,0,0
18349,CMP0109,1770,2024-01-05,0,0,0
18350,CMP0109,2906,2024-01-05,0,0,0
18351,CMP0109,1177,2024-01-05,0,0,0
18352,CMP0109,1022,2024-01-05,1,0,0
18353,CMP0109,210,2024-01-05,0,0,0
18354,CMP0109,3087,2024-01-05,0,0,0
18355,CMP0109,2014,2024-01-05,0,0,0
18356,CMP0109,2421,2024-01-05,0,0,0
18357,CMP0109,143,2024-01-05,0,0,0
18358,CMP0109,2221,2024-01-05,1,0,0
18359,CMP0109,2646,2024-01-05,0,0,0
18360,CMP0109,284,2024-01-05,0,0,0
18361,CMP0109,2541,2024-01-05,0,0,0
18362,CMP0109,1767,2024-01-05,0,0,0
18363,CMP0109,3967,2024-01-05,1,1,0
18364,CMP0109,3709,2024-01-05,0,0,0
18365,CMP0109,3858,2024-01-05,0,0,0
18366,CMP0109,3339,2024-01-05,0,0,0
18367,CMP0109,212,2024-01-05,1,0,0
18368,CMP0109,1121,2024-01-05,0,0,0
18369,CMP0109,2933,2024-01-05,1,0,0
18370,CMP0109,181,2024-01-05,0,0,0
18371,CMP0109,2037,2024-01-05,0,0,0
18372,CMP0109,973,2024-01-05,0,0,0
18373,CMP0109,2919,2024-01-05,0,0,0
18374,CMP0109,3093,2024-01-05,0,0,1
18375,CMP0109,3542,2024-01-05,0,0,0
18376,CMP0109,2475,2024-01-05,1,0,0
18377,CMP0109,192,2024-01-05,0,0,0
18378,CMP0109,227,2024-01-05,0,0,0
18379,CMP0160,3269,2025-07-05,0,0,0
18380,CMP0160,3317,2025-07-05,0,0,0
18381,CMP0160,3806,2025-07-05,0,0,0
18382,CMP0160,3020,2025-07-05,1,0,0
18383,CMP0160,1774,2025-07-05,1,0,0
18384,CMP0160,342,2025-07-05,0,0,0
18385,CMP0160,2996,2025-07-05,0,0,0
18386,CMP0160,3767,2025-07-05,1,0,0
18387,CMP0160,3258,2025-07-05,0,0,0
18388,CMP0160,3879,2025-07-05,0,0,0
18389,CMP0160,851,2025-07-05,0,0,0
18390,CMP0160,438,2025-07-05,0,0,0
18391,CMP0160,397,2025-07-05,0,0,0
18392,CMP0160,70,2025-07-05,1,0,0
18393,CMP0160,3457,2025-07-05,0,0,0
18394,CMP0160,3045,2025-07-05,0,0,0
18395,CMP0160,3726,2025-07-05,0,0,0
18396,CMP0160,2659,2025-07-05,0,0,0
18397,CMP0160,3871,2025-07-05,0,0,0
18398,CMP0160,3462,2025-07-05,0,0,0
18399,CMP0160,246,2025-07-05,0,0,0
18400,CMP0160,2127,2025-07-05,0,0,0
18401,CMP0160,3223,2025-07-05,0,0,0
18402,CMP0160,1676,2025-07-05,0,0,0
18403,CMP0160,3348,2025-07-05,0,0,0
18404,CMP0160,1825,2025-07-05,0,0,0
18405,CMP0160,240,2025-07-05,0,0,0
18406,CMP0160,2788,2025-07-05,0,0,0
18407,CMP0160,2010,2025-07-05,1,0,0
18408,CMP0160,2351,2025-07-05,1,0,0
18409,CMP0160,1301,2025-07-05,0,0,0
18410,CMP0160,409,2025-07-05,0,0,0
18411,CMP0160,748,2025-07-05,0,0,0
18412,CMP0160,642,2025-07-05,0,0,0
18413,CMP0160,16,2025-07-05,0,0,0
18414,CMP0160,1708,2025-07-05,1,0,0
18415,CMP0160,1561,2025-07-05,0,0,0
18416,CMP0160,3581,2025-07-05,0,0,0
18417,CMP0160,854,2025-07-05,1,0,0
18418,CMP0160,1459,2025-07-05,0,0,0
18419,CMP0160,1948,2025-07-05,0,0,0
18420,CMP0160,1516,2025-07-05,1,0,0
18421,CMP0160,1086,2025-07-05,0,0,0
18422,CMP0160,3795,2025-07-05,1,0,0
18423,CMP0160,3266,2025-07-05,0,0,0
18424,CMP0160,2399,2025-07-05,0,0,0
18425,CMP0160,1494,2025-07-05,0,0,0
18426,CMP0160,2288,2025-07-05,0,0,0
18427,CMP0160,2705,2025-07-05,0,0,0
18428,CMP0160,2757,2025-07-05,0,0,0
18429,CMP0160,1481,2025-07-05,0,0,0
18430,CMP0160,846,2025-07-05,0,0,0
18431,CMP0160,805,2025-07-05,0,0,0
18432,CMP0160,1909,2025-07-05,0,0,0
18433,CMP0160,937,2025-07-05,1,0,0
18434,CMP0160,2368,2025-07-05,0,0,0
18435,CMP0160,3327,2025-07-05,0,0,0
18436,CMP0160,2890,2025-07-05,1,0,0
18437,CMP0160,3062,2025-07-05,0,0,0
18438,CMP0160,1148,2025-07-05,0,0,0
18439,CMP0160,2768,2025-07-05,1,0,0
18440,CMP0160,3080,2025-07-05,0,0,0
18441,CMP0160,1977,2025-07-05,1,0,0
18442,CMP0160,3912,2025-07-05,1,1,0
18443,CMP0160,3110,2025-07-05,1,1,0
18444,CMP0160,3913,2025-07-05,0,0,0
18445,CMP0160,293,2025-07-05,0,0,1
18446,CMP0160,1933,2025-07-05,0,0,0
18447,CMP0160,1434,2025-07-05,0,0,1
18448,CMP0160,656,2025-07-05,1,0,0
18449,CMP0160,578,2025-07-05,0,0,0
18450,CMP0160,1061,2025-07-05,0,0,0
18451,CMP0160,1216,2025-07-05,0,0,0
18452,CMP0160,3185,2025-07-05,1,0,0
18453,CMP0160,1920,2025-07-05,0,0,0
18454,CMP0160,510,2025-07-05,1,0,0
18455,CMP0160,1809,2025-07-05,1,0,0
18456,CMP0160,3434,2025-07-05,0,0,0
18457,CMP0160,2489,2025-07-05,0,0,0
18458,CMP0160,223,2025-07-05,0,0,0
18459,CMP0160,1159,2025-07-05,0,0,0
18460,CMP0160,2102,2025-07-05,0,0,0
18461,CMP0160,944,2025-07-05,0,0,0
18462,CMP0160,255,2025-07-05,1,0,0
18463,CMP0160,3343,2025-07-05,0,0,0
18464,CMP0160,3576,2025-07-05,0,0,0
18465,CMP0160,3065,2025-07-05,0,0,0
18466,CMP0160,1897,2025-07-05,0,0,0
18467,CMP0160,3340,2025-07-05,1,0,0
18468,CMP0160,303,2025-07-05,0,0,0
18469,CMP0160,216,2025-07-05,1,0,0
18470,CMP0160,201,2025-07-05,0,0,0
18471,CMP0160,2145,2025-07-05,0,0,0
18472,CMP0160,1721,2025-07-05,0,0,0
18473,CMP0160,3577,2025-07-05,1,1,0
18474,CMP0160,307,2025-07-05,0,0,0
18475,CMP0160,2052,2025-07-05,0,0,0
18476,CMP0160,3174,2025-07-05,1,0,0
18477,CMP0160,3234,2025-07-05,0,0,0
18478,CMP0160,2020,2025-07-05,0,0,0
18479,CMP0160,3157,2025-07-05,0,0,0
18480,CMP0160,890,2025-07-05,1,0,0
18481,CMP0160,3201,2025-07-05,1,0,0
18482,CMP0160,388,2025-07-05,0,0,0
18483,CMP0160,2359,2025-07-05,0,0,0
18484,CMP0160,263,2025-07-05,0,0,0
18485,CMP0160,2135,2025-07-05,0,0,0
18486,CMP0160,981,2025-07-05,0,0,0
18487,CMP0160,3139,2025-07-05,0,0,0
18488,CMP0160,3449,2025-07-05,1,0,0
18489,CMP0160,1235,2025-07-05,0,1,0
18490,CMP0160,1318,2025-07-05,0,0,0
18491,CMP0160,3562,2025-07-05,0,0,0
18492,CMP0160,3891,2025-07-05,0,0,0
18493,CMP0160,3981,2025-07-05,0,0,0
18494,CMP0160,2626,2025-07-05,0,0,0
18495,CMP0160,1352,2025-07-05,0,0,0
18496,CMP0160,2479,2025-07-05,1,0,0
18497,CMP0160,2738,2025-07-05,0,0,0
18498,CMP0160,3960,2025-07-05,0,0,0
18499,CMP0160,2350,2025-07-05,0,0,0
18500,CMP0160,2919,2025-07-05,0,0,0
18501,CMP0160,296,2025-07-05,0,0,0
18502,CMP0160,3416,2025-07-05,0,0,0
18503,CMP0160,3967,2025-07-05,1,1,0
18504,CMP0160,3132,2025-07-05,0,0,0
18505,CMP0160,457,2025-07-05,0,0,0
18506,CMP0160,2519,2025-07-05,0,0,0
18507,CMP0160,1775,2025-07-05,1,0,0
18508,CMP0160,9,2025-07-05,0,0,0
18509,CMP0160,1217,2025-07-05,1,0,0
18510,CMP0160,344,2025-07-05,0,0,0
18511,CMP0160,2243,2025-07-05,1,0,0
18512,CMP0160,1569,2025-07-05,0,0,0
18513,CMP0160,2463,2025-07-05,0,0,0
18514,CMP0160,1021,2025-07-05,0,0,0
18515,CMP0160,3496,2025-07-05,1,0,0
18516,CMP0160,3466,2025-07-05,0,0,0
18517,CMP0160,1372,2025-07-05,1,0,0
18518,CMP0160,2464,2025-07-05,0,0,0
18519,CMP0160,3534,2025-07-05,1,0,0
18520,CMP0160,3837,2025-07-05,0,0,0
18521,CMP0160,841,2025-07-05,0,0,0
18522,CMP0160,3494,2025-07-05,0,0,0
18523,CMP0160,3694,2025-07-05,0,0,0
18524,CMP0160,2819,2025-07-05,0,0,0
18525,CMP0160,125,2025-07-05,0,0,0
18526,CMP0160,2139,2025-07-05,1,0,0
18527,CMP0160,3290,2025-07-05,0,0,0
18528,CMP0160,464,2025-07-05,0,0,1
18529,CMP0160,1293,2025-07-05,0,0,0
18530,CMP0160,3189,2025-07-05,0,0,0
18531,CMP0160,149,2025-07-05,0,0,0
18532,CMP0160,1386,2025-07-05,1,0,0
18533,CMP0160,822,2025-07-05,0,0,0
18534,CMP0160,775,2025-07-05,1,0,0
18535,CMP0160,3437,2025-07-05,1,0,0
18536,CMP0160,1292,2025-07-05,0,0,0
18537,CMP0160,1989,2025-07-05,0,0,0
18538,CMP0160,3399,2025-07-05,1,1,0
18539,CMP0160,3275,2025-07-05,0,0,0
18540,CMP0160,1565,2025-07-05,0,0,0
18541,CMP0160,477,2025-07-05,1,0,0
18542,CMP0160,2133,2025-07-05,1,0,0
18543,CMP0160,1285,2025-07-05,0,0,0
18544,CMP0160,671,2025-07-05,1,0,0
18545,CMP0160,2476,2025-07-05,1,0,0
18546,CMP0160,245,2025-07-05,1,0,0
18547,CMP0160,2745,2025-07-05,1,0,0
18548,CMP0160,837,2025-07-05,0,0,0
18549,CMP0160,1340,2025-07-05,1,0,0
18550,CMP0160,2480,2025-07-05,0,0,0
18551,CMP0160,530,2025-07-05,0,0,0
18552,CMP0160,2380,2025-07-05,1,0,0
18553,CMP0160,3647,2025-07-05,0,0,0
18554,CMP0160,3973,2025-07-05,0,0,0
18555,CMP0160,2256,2025-07-05,1,0,0
18556,CMP0160,115,2025-07-05,0,0,0
18557,CMP0160,688,2025-07-05,0,0,0
18558,CMP0160,2291,2025-07-05,0,0,0
18559,CMP0160,669,2025-07-05,1,0,0
18560,CMP0160,1870,2025-07-05,0,0,0
18561,CMP0160,1264,2025-07-05,0,0,0
18562,CMP0160,882,2025-07-05,1,0,0
18563,CMP0160,1480,2025-07-05,0,0,0
18564,CMP0160,758,2025-07-05,0,0,0
18565,CMP0160,1905,2025-07-05,0,0,0
18566,CMP0160,56,2025-07-05,0,0,0
18567,CMP0160,1911,2025-07-05,1,0,0
18568,CMP0160,1693,2025-07-05,1,0,0
18569,CMP0160,1049,2025-07-05,0,0,0
18570,CMP0160,1243,2025-07-05,0,0,0
18571,CMP0160,3473,2025-07-05,0,0,0
18572,CMP0160,1307,2025-07-05,1,0,0
18573,CMP0160,2014,2025-07-05,0,0,0
18574,CMP0160,536,2025-07-05,0,0,0
18575,CMP0160,2902,2025-07-05,0,0,0
18576,CMP0160,3238,2025-07-05,1,1,0
18577,CMP0160,2171,2025-07-05,0,0,0
18578,CMP0160,2929,2025-07-05,0,0,0
18579,CMP0160,1423,2025-07-05,1,0,0
18580,CMP0160,1379,2025-07-05,0,0,0
18581,CMP0160,1835,2025-07-05,1,1,0
18582,CMP0160,2912,2025-07-05,0,0,0
18583,CMP0160,341,2025-07-05,1,1,0
18584,CMP0160,430,2025-07-05,0,0,0
18585,CMP0160,2312,2025-07-05,0,0,0
18586,CMP0160,801,2025-07-05,1,1,0
18587,CMP0160,2498,2025-07-05,0,0,0
18588,CMP0160,304,2025-07-05,0,0,0
18589,CMP0160,2232,2025-07-05,0,0,0
18590,CMP0160,828,2025-07-05,0,0,0
18591,CMP0160,1675,2025-07-05,0,0,0
18592,CMP0160,2963,2025-07-05,0,0,0
18593,CMP0160,38,2025-07-05,0,0,0
18594,CMP0160,460,2025-07-05,0,0,0
18595,CMP0160,270,2025-07-05,1,0,0
18596,CMP0160,1234,2025-07-05,0,0,0
18597,CMP0160,1639,2025-07-05,0,0,0
18598,CMP0160,3959,2025-07-05,0,0,0
18599,CMP0160,2792,2025-07-05,0,0,0
18600,CMP0160,2846,2025-07-05,0,0,0
18601,CMP0160,569,2025-07-05,1,0,0
18602,CMP0160,3370,2025-07-05,1,0,0
18603,CMP0160,3195,2025-07-05,1,0,0
18604,CMP0160,811,2025-07-05,1,0,0
18605,CMP0160,996,2025-07-05,0,0,0
18606,CMP0160,1244,2025-07-05,0,0,0
18607,CMP0160,1143,2025-07-05,1,0,0
18608,CMP0160,135,2025-07-05,1,0,0
18609,CMP0160,3257,2025-07-05,1,1,0
18610,CMP0160,3109,2025-07-05,0,0,0
18611,CMP0160,1788,2025-07-05,0,0,0
18612,CMP0160,1498,2025-07-05,0,0,0
18613,CMP0160,2487,2025-07-05,1,0,0
18614,CMP0160,297,2025-07-05,0,0,0
18615,CMP0160,3579,2025-07-05,0,0,0
18616,CMP0160,3980,2025-07-05,0,0,0
18617,CMP0160,3619,2025-07-05,1,0,0
18618,CMP0160,3907,2025-07-05,1,0,0
18619,CMP0160,3429,2025-07-05,0,0,0
18620,CMP0160,654,2025-07-05,0,0,0
18621,CMP0160,3639,2025-07-05,0,0,0
18622,CMP0160,2470,2025-07-05,0,0,0
18623,CMP0160,2430,2025-07-05,0,0,0
18624,CMP0160,2387,2025-07-05,0,0,0
18625,CMP0160,3142,2025-07-05,0,0,0
18626,CMP0160,196,2025-07-05,0,0,0
18627,CMP0160,3428,2025-07-05,0,0,0
18628,CMP0160,1001,2025-07-05,0,0,0
18629,CMP0160,417,2025-07-05,0,0,0
18630,CMP0160,2349,2025-07-05,1,0,0
18631,CMP0160,1868,2025-07-05,0,0,0
18632,CMP0160,3044,2025-07-05,0,0,0
18633,CMP0160,3730,2025-07-05,0,0,0
18634,CMP0160,2878,2025-07-05,1,0,0
18635,CMP0160,2323,2025-07-05,0,0,0
18636,CMP0160,2329,2025-07-05,0,0,0
18637,CMP0160,2679,2025-07-05,0,0,0
18638,CMP0160,2685,2025-07-05,1,1,0
18639,CMP0160,2739,2025-07-05,0,0,0
18640,CMP0160,3719,2025-07-05,0,0,0
18641,CMP0160,4015,2025-07-05,0,0,0
18642,CMP0160,2883,2025-07-05,1,0,0
18643,CMP0160,2687,2025-07-05,0,0,0
18644,CMP0160,2536,2025-07-05,0,0,0
18645,CMP0160,3735,2025-07-05,0,0,0
18646,CMP0160,3781,2025-07-05,0,0,0
18647,CMP0160,537,2025-07-05,0,0,0
18648,CMP0160,1198,2025-07-05,1,1,0
18649,CMP0160,1551,2025-07-05,0,0,0
18650,CMP0160,957,2025-07-05,0,0,0
18651,CMP0160,2584,2025-07-05,0,0,0
18652,CMP0160,1033,2025-07-05,1,1,0
18653,CMP0160,161,2025-07-05,0,0,0
18654,CMP0160,408,2025-07-05,1,0,0
18655,CMP0160,625,2025-07-05,1,0,0
18656,CMP0160,2506,2025-07-05,0,0,0
18657,CMP0160,2235,2025-07-05,0,0,0
18658,CMP0160,1739,2025-07-05,0,0,0
18659,CMP0160,1090,2025-07-05,1,0,0
18660,CMP0160,482,2025-07-05,0,0,0
18661,CMP0160,3298,2025-07-05,1,0,0
18662,CMP0160,2176,2025-07-05,0,0,0
18663,CMP0160,3227,2025-07-05,0,0,0
18664,CMP0160,2951,2025-07-05,0,0,0
18665,CMP0160,3101,2025-07-05,1,0,0
18666,CMP0160,2436,2025-07-05,0,0,0
18667,CMP0160,3404,2025-07-05,0,0,0
18668,CMP0160,1753,2025-07-05,1,0,0
18669,CMP0160,2578,2025-07-05,0,0,0
18670,CMP0160,2173,2025-07-05,0,0,0
18671,CMP0160,1910,2025-07-05,1,0,0
18672,CMP0160,2869,2025-07-05,0,0,0
18673,CMP0160,1360,2025-07-05,0,0,0
18674,CMP0160,3066,2025-07-05,1,0,0
18675,CMP0160,1428,2025-07-05,0,0,0
18676,CMP0160,2769,2025-07-05,0,0,0
18677,CMP0160,111,2025-07-05,1,0,0
18678,CMP0160,607,2025-07-05,0,0,0
18679,CMP0160,3877,2025-07-05,0,0,0
18680,CMP0160,2806,2025-07-05,1,0,0
18681,CMP0160,1288,2025-07-05,0,0,0
18682,CMP0160,3738,2025-07-05,1,0,0
18683,CMP0160,3078,2025-07-05,0,0,0
18684,CMP0160,3278,2025-07-05,0,0,0
18685,CMP0160,1581,2025-07-05,0,0,0
18686,CMP0160,1705,2025-07-05,0,0,0
18687,CMP0160,3460,2025-07-05,0,0,0
18688,CMP0160,709,2025-07-05,0,0,0
18689,CMP0160,279,2025-07-05,0,0,0
18690,CMP0160,3389,2025-07-05,0,0,0
18691,CMP0160,858,2025-07-05,0,0,0
18692,CMP0160,3306,2025-07-05,0,0,0
18693,CMP0160,2710,2025-07-05,0,0,0
18694,CMP0160,1230,2025-07-05,1,0,0
18695,CMP0160,143,2025-07-05,0,0,0
18696,CMP0160,3623,2025-07-05,1,1,0
18697,CMP0160,2400,2025-07-05,0,0,0
18698,CMP0160,3255,2025-07-05,1,0,0
18699,CMP0160,1452,2025-07-05,0,0,0
18700,CMP0160,1922,2025-07-05,1,0,0
18701,CMP0160,3650,2025-07-05,0,0,0
18702,CMP0160,2850,2025-07-05,1,0,0
18703,CMP0160,2266,2025-07-05,0,0,0
18704,CMP0160,2040,2025-07-05,0,0,0
18705,CMP0160,162,2025-07-05,0,0,0
18706,CMP0160,3554,2025-07-05,0,0,0
18707,CMP0160,1284,2025-07-05,0,0,0
18708,CMP0160,3426,2025-07-05,0,0,0
18709,CMP0160,2219,2025-07-05,0,0,0
18710,CMP0160,3754,2025-07-05,0,0,0
18711,CMP0160,1971,2025-07-05,1,0,0
18712,CMP0160,22,2025-07-05,1,0,0
18713,CMP0160,3418,2025-07-05,0,0,0
18714,CMP0160,1848,2025-07-05,0,0,0
18715,CMP0160,99,2025-07-05,0,0,0
18716,CMP0160,2756,2025-07-05,1,0,0
18717,CMP0160,1517,2025-07-05,1,0,0
18718,CMP0160,976,2025-07-05,1,0,0
18719,CMP0160,3596,2025-07-05,0,0,0
18720,CMP0160,2781,2025-07-05,0,0,0
18721,CMP0160,2736,2025-07-05,0,0,0
18722,CMP0160,1985,2025-07-05,0,0,0
18723,CMP0160,2273,2025-07-05,0,0,0
18724,CMP0160,1168,2025-07-05,0,0,0
18725,CMP0160,1828,2025-07-05,0,0,0
18726,CMP0160,1980,2025-07-05,1,0,0
18727,CMP0160,3607,2025-07-05,0,0,0
18728,CMP0160,2196,2025-07-05,0,0,0
18729,CMP0160,3480,2025-07-05,1,1,0
18730,CMP0160,225,2025-07-05,0,0,0
18731,CMP0160,3756,2025-07-05,0,0,0
18732,CMP0160,3178,2025-07-05,0,0,0
18733,CMP0160,102,2025-07-05,1,0,0
18734,CMP0160,740,2025-07-05,0,0,0
18735,CMP0160,973,2025-07-05,0,0,0
18736,CMP0160,2371,2025-07-05,1,0,0
18737,CMP0160,431,2025-07-05,0,0,0
18738,CMP0160,164,2025-07-05,0,0,0
18739,CMP0160,3060,2025-07-05,1,0,0
18740,CMP0160,1171,2025-07-05,0,0,0
18741,CMP0160,2663,2025-07-05,0,0,0
18742,CMP0160,2917,2025-07-05,0,0,0
18743,CMP0160,2735,2025-07-05,1,0,0
18744,CMP0160,950,2025-07-05,0,0,0
18745,CMP0160,3933,2025-07-05,1,0,0
18746,CMP0160,701,2025-07-05,1,0,0
18747,CMP0160,2881,2025-07-05,0,0,0
18748,CMP0160,3610,2025-07-05,0,0,0
18749,CMP0160,2111,2025-07-05,1,0,0
18750,CMP0160,1268,2025-07-05,0,0,0
18751,CMP0160,1283,2025-07-05,0,0,0
18752,CMP0160,3038,2025-07-05,0,0,0
18753,CMP0160,2683,2025-07-05,0,0,0
18754,CMP0160,3477,2025-07-05,0,0,0
18755,CMP0160,3776,2025-07-05,0,0,0
18756,CMP0160,978,2025-07-05,1,0,0
18757,CMP0160,1770,2025-07-05,1,0,0
18758,CMP0160,2166,2025-07-05,1,0,0
18759,CMP0160,1364,2025-07-05,1,1,0
18760,CMP0160,691,2025-07-05,1,0,0
18761,CMP0160,1702,2025-07-05,0,0,0
18762,CMP0160,123,2025-07-05,1,0,0
18763,CMP0160,3497,2025-07-05,1,1,0
18764,CMP0160,2280,2025-07-05,0,0,0
18765,CMP0160,2855,2025-07-05,0,0,0
18766,CMP0160,3103,2025-07-05,0,0,0
18767,CMP0160,445,2025-07-05,0,0,0
18768,CMP0160,3489,2025-07-05,1,0,0
18769,CMP0160,2503,2025-07-05,0,0,0
18770,CMP0160,2673,2025-07-05,0,0,0
18771,CMP0160,3219,2025-07-05,1,0,0
18772,CMP0160,2039,2025-07-05,0,0,0
18773,CMP0160,1304,2025-07-05,0,0,0
18774,CMP0160,2579,2025-07-05,0,0,0
18775,CMP0160,3440,2025-07-05,0,0,0
18776,CMP0160,1231,2025-07-05,1,0,0
18777,CMP0160,2261,2025-07-05,0,0,0
18778,CMP0160,3409,2025-07-05,0,0,0
18779,CMP0160,521,2025-07-05,0,0,0
18780,CMP0160,3787,2025-07-05,0,0,0
18781,CMP0160,1451,2025-07-05,1,0,0
18782,CMP0160,1635,2025-07-05,0,0,0
18783,CMP0160,1461,2025-07-05,1,0,0
18784,CMP0160,2028,2025-07-05,0,0,0
18785,CMP0160,3372,2025-07-05,0,0,0
18786,CMP0160,1250,2025-07-05,0,0,0
18787,CMP0160,1022,2025-07-05,0,0,0
18788,CMP0160,1375,2025-07-05,0,0,0
18789,CMP0160,3120,2025-07-05,0,0,0
18790,CMP0160,724,2025-07-05,1,0,0
18791,CMP0160,3168,2025-07-05,1,0,0
18792,CMP0160,1779,2025-07-05,1,1,0
18793,CMP0160,3093,2025-07-05,0,0,0
18794,CMP0160,2301,2025-07-05,0,0,0
18795,CMP0160,1895,2025-07-05,0,0,0
18796,CMP0160,3318,2025-07-05,0,0,0
18797,CMP0160,601,2025-07-05,1,0,0
18798,CMP0160,2002,2025-07-05,1,0,0
18799,CMP0160,1382,2025-07-05,1,0,0
18800,CMP0160,2466,2025-07-05,1,0,0
18801,CMP0160,3087,2025-07-05,0,0,0
18802,CMP0160,2656,2025-07-05,1,0,0
18803,CMP0160,1724,2025-07-05,0,0,0
18804,CMP0160,2272,2025-07-05,0,0,0
18805,CMP0160,3882,2025-07-05,1,0,0
18806,CMP0160,977,2025-07-05,1,0,0
18807,CMP0160,3604,2025-07-05,0,0,0
18808,CMP0160,1816,2025-07-05,1,0,0
18809,CMP0160,252,2025-07-05,0,0,0
18810,CMP0160,1885,2025-07-05,1,0,0
18811,CMP0160,1014,2025-07-05,1,1,0
18812,CMP0160,2007,2025-07-05,0,0,0
18813,CMP0160,1725,2025-07-05,0,0,0
18814,CMP0160,2548,2025-07-05,0,0,0
18815,CMP0160,2106,2025-07-05,1,0,0
18816,CMP0160,1401,2025-07-05,0,0,0
18817,CMP0160,3130,2025-07-05,1,0,0
18818,CMP0160,335,2025-07-05,0,0,0
18819,CMP0160,2861,2025-07-05,0,0,0
18820,CMP0160,286,2025-07-05,0,0,0
18821,CMP0160,1880,2025-07-05,1,0,0
18822,CMP0160,2303,2025-07-05,0,0,0
18823,CMP0160,766,2025-07-05,1,1,0
18824,CMP0160,3001,2025-07-05,0,0,0
18825,CMP0160,2065,2025-07-05,0,0,0
18826,CMP0160,1121,2025-07-05,0,0,0
18827,CMP0160,626,2025-07-05,1,0,0
18828,CMP0160,3518,2025-07-05,0,0,0
18829,CMP0160,1160,2025-07-05,0,0,0
18830,CMP0160,2880,2025-07-05,0,0,0
18831,CMP0160,1211,2025-07-05,0,0,0
18832,CMP0160,133,2025-07-05,0,0,0
18833,CMP0160,3784,2025-07-05,1,0,0
18834,CMP0160,2200,2025-07-05,0,0,0
18835,CMP0160,1875,2025-07-05,0,0,0
18836,CMP0160,416,2025-07-05,0,0,0
18837,CMP0160,4011,2025-07-05,0,0,0
18838,CMP0160,392,2025-07-05,0,0,0
18839,CMP0160,1182,2025-07-05,1,0,0
18840,CMP0160,2,2025-07-05,1,0,0
18841,CMP0160,229,2025-07-05,1,0,0
18842,CMP0160,182,2025-07-05,1,0,0
18843,CMP0160,469,2025-07-05,0,0,0
18844,CMP0160,1327,2025-07-05,0,0,0
18845,CMP0160,2913,2025-07-05,0,0,0
18846,CMP0160,943,2025-07-05,0,0,0
18847,CMP0160,3829,2025-07-05,0,0,0
18848,CMP0160,3835,2025-07-05,1,0,0
18849,CMP0160,3300,2025-07-05,1,1,0
18850,CMP0160,3095,2025-07-05,0,0,0
18851,CMP0160,3170,2025-07-05,0,0,0
18852,CMP0160,295,2025-07-05,0,0,0
18853,CMP0160,1603,2025-07-05,0,0,0
18854,CMP0160,374,2025-07-05,1,0,0
18855,CMP0160,3106,2025-07-05,0,0,0
18856,CMP0160,3136,2025-07-05,0,0,0
18857,CMP0160,243,2025-07-05,0,0,0
18858,CMP0160,522,2025-07-05,0,0,0
18859,CMP0160,1493,2025-07-05,0,0,0
18860,CMP0160,1633,2025-07-05,0,0,0
18861,CMP0160,2140,2025-07-05,1,0,0
18862,CMP0160,3311,2025-07-05,0,0,0
18863,CMP0051,3769,2024-12-03,0,0,0
18864,CMP0051,524,2024-12-03,0,0,0
18865,CMP0051,1747,2024-12-03,1,1,0
18866,CMP0051,940,2024-12-03,0,0,0
18867,CMP0051,3907,2024-12-03,0,0,0
18868,CMP0051,3340,2024-12-03,0,0,0
18869,CMP0051,2362,2024-12-03,0,0,0
18870,CMP0051,138,2024-12-03,0,0,0
18871,CMP0051,2256,2024-12-03,0,0,0
18872,CMP0051,3801,2024-12-03,0,0,0
18873,CMP0051,883,2024-12-03,0,0,0
18874,CMP0051,3943,2024-12-03,1,1,0
18875,CMP0051,2823,2024-12-03,0,0,0
18876,CMP0051,1739,2024-12-03,1,0,0
18877,CMP0051,444,2024-12-03,0,0,0
18878,CMP0051,3191,2024-12-03,1,0,0
18879,CMP0051,1640,2024-12-03,0,0,0
18880,CMP0051,2376,2024-12-03,1,1,0
18881,CMP0051,2624,2024-12-03,1,1,0
18882,CMP0051,2280,2024-12-03,0,0,0
18883,CMP0051,3300,2024-12-03,0,0,0
18884,CMP0051,3953,2024-12-03,0,0,0
18885,CMP0051,2279,2024-12-03,0,0,0
18886,CMP0051,1240,2024-12-03,1,0,0
18887,CMP0051,2460,2024-12-03,0,0,0
18888,CMP0051,2040,2024-12-03,0,0,0
18889,CMP0051,1463,2024-12-03,1,1,0
18890,CMP0051,1988,2024-12-03,1,1,0
18891,CMP0051,2393,2024-12-03,0,0,0
18892,CMP0051,1352,2024-12-03,0,0,0
18893,CMP0051,509,2024-12-03,1,1,0
18894,CMP0051,2030,2024-12-03,0,0,0
18895,CMP0051,3807,2024-12-03,0,0,0
18896,CMP0051,1516,2024-12-03,0,0,0
18897,CMP0051,1868,2024-12-03,0,0,0
18898,CMP0051,3474,2024-12-03,0,0,0
18899,CMP0051,438,2024-12-03,0,0,0
18900,CMP0051,1655,2024-12-03,0,0,0
18901,CMP0051,357,2024-12-03,0,0,0
18902,CMP0051,2168,2024-12-03,1,0,0
18903,CMP0051,2694,2024-12-03,0,0,0
18904,CMP0051,3777,2024-12-03,0,0,0
18905,CMP0051,745,2024-12-03,1,0,0
18906,CMP0051,1635,2024-12-03,0,0,0
18907,CMP0051,3457,2024-12-03,0,0,0
18908,CMP0051,3215,2024-12-03,0,0,0
18909,CMP0051,411,2024-12-03,0,0,0
18910,CMP0051,1581,2024-12-03,1,1,0
18911,CMP0051,1538,2024-12-03,0,0,0
18912,CMP0051,3623,2024-12-03,0,0,0
18913,CMP0051,1708,2024-12-03,0,0,0
18914,CMP0051,1157,2024-12-03,0,0,0
18915,CMP0051,3813,2024-12-03,1,0,0
18916,CMP0051,1265,2024-12-03,0,0,0
18917,CMP0051,430,2024-12-03,1,0,0
18918,CMP0051,3355,2024-12-03,0,0,0
18919,CMP0051,61,2024-12-03,0,0,0
18920,CMP0051,2618,2024-12-03,1,1,0
18921,CMP0051,1051,2024-12-03,0,0,0
18922,CMP0051,1851,2024-12-03,1,0,0
18923,CMP0051,3172,2024-12-03,0,0,0
18924,CMP0051,2894,2024-12-03,0,0,0
18925,CMP0051,3269,2024-12-03,0,0,0
18926,CMP0051,841,2024-12-03,0,0,0
18927,CMP0051,3078,2024-12-03,1,1,0
18928,CMP0051,551,2024-12-03,1,0,0
18929,CMP0051,487,2024-12-03,0,0,0
18930,CMP0051,1230,2024-12-03,1,0,0
18931,CMP0051,2381,2024-12-03,1,0,0
18932,CMP0051,1825,2024-12-03,0,0,0
18933,CMP0051,3266,2024-12-03,0,0,0
18934,CMP0051,571,2024-12-03,0,0,0
18935,CMP0051,3367,2024-12-03,1,0,0
18936,CMP0051,2382,2024-12-03,1,0,0
18937,CMP0051,3221,2024-12-03,0,0,0
18938,CMP0051,3093,2024-12-03,1,0,0
18939,CMP0051,1350,2024-12-03,0,0,0
18940,CMP0051,2050,2024-12-03,0,0,0
18941,CMP0051,2596,2024-12-03,0,0,0
18942,CMP0051,2226,2024-12-03,0,0,0
18943,CMP0051,3635,2024-12-03,0,0,0
18944,CMP0051,3730,2024-12-03,1,0,0
18945,CMP0051,1160,2024-12-03,0,0,0
18946,CMP0051,1423,2024-12-03,1,0,0
18947,CMP0051,3261,2024-12-03,0,0,0
18948,CMP0051,4005,2024-12-03,0,0,0
18949,CMP0051,3854,2024-12-03,0,0,0
18950,CMP0051,506,2024-12-03,1,0,0
18951,CMP0051,2374,2024-12-03,0,0,0
18952,CMP0051,1894,2024-12-03,0,0,0
18953,CMP0051,2742,2024-12-03,1,0,0
18954,CMP0051,772,2024-12-03,0,0,0
18955,CMP0051,2385,2024-12-03,0,0,0
18956,CMP0051,329,2024-12-03,0,0,0
18957,CMP0051,1494,2024-12-03,0,0,0
18958,CMP0051,865,2024-12-03,0,0,0
18959,CMP0051,2662,2024-12-03,0,0,0
18960,CMP0051,3183,2024-12-03,0,0,0
18961,CMP0051,2789,2024-12-03,1,1,0
18962,CMP0051,3054,2024-12-03,0,0,0
18963,CMP0051,1827,2024-12-03,1,0,0
18964,CMP0051,1936,2024-12-03,0,0,0
18965,CMP0051,1650,2024-12-03,0,0,0
18966,CMP0051,719,2024-12-03,0,0,0
18967,CMP0051,1910,2024-12-03,1,0,0
18968,CMP0051,2476,2024-12-03,0,0,0
18969,CMP0051,657,2024-12-03,1,0,0
18970,CMP0051,944,2024-12-03,0,0,0
18971,CMP0051,210,2024-12-03,0,0,0
18972,CMP0051,2744,2024-12-03,0,0,0
18973,CMP0051,286,2024-12-03,1,0,0
18974,CMP0051,1695,2024-12-03,0,0,0
18975,CMP0051,927,2024-12-03,0,0,0
18976,CMP0051,3234,2024-12-03,1,0,0
18977,CMP0051,1375,2024-12-03,0,0,0
18978,CMP0051,3682,2024-12-03,0,0,0
18979,CMP0051,1266,2024-12-03,0,0,0
18980,CMP0051,1553,2024-12-03,0,0,0
18981,CMP0051,3042,2024-12-03,0,0,0
18982,CMP0051,532,2024-12-03,0,0,0
18983,CMP0051,999,2024-12-03,0,0,0
18984,CMP0051,989,2024-12-03,0,0,0
18985,CMP0051,3431,2024-12-03,0,0,0
18986,CMP0051,3223,2024-12-03,0,0,0
18987,CMP0051,1704,2024-12-03,0,0,0
18988,CMP0051,2431,2024-12-03,1,0,0
18989,CMP0051,2452,2024-12-03,0,0,0
18990,CMP0051,922,2024-12-03,0,0,0
18991,CMP0051,419,2024-12-03,0,0,0
18992,CMP0051,1037,2024-12-03,0,0,0
18993,CMP0051,3575,2024-12-03,0,0,0
18994,CMP0051,3433,2024-12-03,0,0,0
18995,CMP0051,1381,2024-12-03,0,0,0
18996,CMP0051,1480,2024-12-03,0,0,0
18997,CMP0051,111,2024-12-03,0,0,0
18998,CMP0051,1796,2024-12-03,1,0,0
18999,CMP0051,3947,2024-12-03,0,0,0
19000,CMP0051,1154,2024-12-03,0,0,0
19001,CMP0051,2922,2024-12-03,0,0,0
19002,CMP0051,237,2024-12-03,0,0,0
19003,CMP0051,3359,2024-12-03,0,0,0
19004,CMP0051,1789,2024-12-03,1,1,0
19005,CMP0051,3247,2024-12-03,0,0,0
19006,CMP0051,56,2024-12-03,1,0,0
19007,CMP0051,3213,2024-12-03,1,1,0
19008,CMP0051,3442,2024-12-03,1,0,0
19009,CMP0051,540,2024-12-03,0,0,0
19010,CMP0051,1099,2024-12-03,1,0,0
19011,CMP0051,2237,2024-12-03,1,0,0
19012,CMP0051,2562,2024-12-03,0,0,0
19013,CMP0051,3967,2024-12-03,0,0,0
19014,CMP0051,2293,2024-12-03,0,0,0
19015,CMP0051,352,2024-12-03,1,0,0
19016,CMP0051,105,2024-12-03,0,0,1
19017,CMP0051,2619,2024-12-03,1,0,0
19018,CMP0051,3809,2024-12-03,1,0,0
19019,CMP0051,2780,2024-12-03,0,0,0
19020,CMP0051,1665,2024-12-03,0,0,0
19021,CMP0051,3788,2024-12-03,0,0,0
19022,CMP0051,2336,2024-12-03,0,0,0
19023,CMP0051,2948,2024-12-03,0,0,0
19024,CMP0051,3256,2024-12-03,0,0,0
19025,CMP0051,2166,2024-12-03,0,0,0
19026,CMP0051,288,2024-12-03,1,0,0
19027,CMP0051,3089,2024-12-03,0,0,0
19028,CMP0051,2646,2024-12-03,0,0,0
19029,CMP0051,1084,2024-12-03,0,0,0
19030,CMP0051,3227,2024-12-03,0,0,0
19031,CMP0051,1436,2024-12-03,0,0,0
19032,CMP0051,778,2024-12-03,0,0,0
19033,CMP0051,791,2024-12-03,0,0,0
19034,CMP0051,2825,2024-12-03,1,0,0
19035,CMP0051,3253,2024-12-03,1,0,0
19036,CMP0051,1676,2024-12-03,0,0,0
19037,CMP0051,2042,2024-12-03,0,0,0
19038,CMP0051,2351,2024-12-03,0,0,0
19039,CMP0051,3527,2024-12-03,0,0,0
19040,CMP0051,215,2024-12-03,0,0,0
19041,CMP0051,3350,2024-12-03,1,1,0
19042,CMP0051,908,2024-12-03,0,0,0
19043,CMP0051,356,2024-12-03,0,0,0
19044,CMP0051,1234,2024-12-03,1,1,0
19045,CMP0051,1906,2024-12-03,0,0,0
19046,CMP0051,492,2024-12-03,0,0,0
19047,CMP0051,1977,2024-12-03,1,0,0
19048,CMP0051,212,2024-12-03,1,0,0
19049,CMP0051,3837,2024-12-03,0,0,0
19050,CMP0051,3639,2024-12-03,0,0,0
19051,CMP0051,3147,2024-12-03,0,0,0
19052,CMP0051,3077,2024-12-03,0,0,0
19053,CMP0051,382,2024-12-03,0,0,0
19054,CMP0051,3980,2024-12-03,0,0,0
19055,CMP0051,1864,2024-12-03,0,0,0
19056,CMP0051,1211,2024-12-03,0,0,0
19057,CMP0051,3057,2024-12-03,0,0,0
19058,CMP0051,1372,2024-12-03,0,0,0
19059,CMP0051,1844,2024-12-03,0,0,0
19060,CMP0051,3136,2024-12-03,0,0,0
19061,CMP0051,2788,2024-12-03,0,0,0
19062,CMP0051,3413,2024-12-03,0,0,0
19063,CMP0051,1280,2024-12-03,0,0,0
19064,CMP0051,913,2024-12-03,0,0,0
19065,CMP0051,2869,2024-12-03,0,0,0
19066,CMP0051,3496,2024-12-03,0,0,0
19067,CMP0051,698,2024-12-03,0,0,0
19068,CMP0051,3771,2024-12-03,0,0,0
19069,CMP0051,1134,2024-12-03,1,0,0
19070,CMP0051,955,2024-12-03,0,0,0
19071,CMP0051,3062,2024-12-03,1,0,0
19072,CMP0051,606,2024-12-03,1,0,0
19073,CMP0051,3309,2024-12-03,0,0,0
19074,CMP0051,1295,2024-12-03,0,0,0
19075,CMP0051,2636,2024-12-03,1,0,0
19076,CMP0051,3756,2024-12-03,0,0,0
19077,CMP0051,3831,2024-12-03,1,1,0
19078,CMP0051,3871,2024-12-03,1,0,0
19079,CMP0051,1118,2024-12-03,1,0,0
19080,CMP0051,749,2024-12-03,1,1,0
19081,CMP0051,1880,2024-12-03,0,0,0
19082,CMP0051,3034,2024-12-03,0,0,0
19083,CMP0051,583,2024-12-03,1,0,0
19084,CMP0051,479,2024-12-03,1,0,0
19085,CMP0051,2682,2024-12-03,0,0,0
19086,CMP0051,2972,2024-12-03,0,0,0
19087,CMP0051,3405,2024-12-03,1,0,0
19088,CMP0051,3542,2024-12-03,0,0,0
19089,CMP0051,3206,2024-12-03,0,0,0
19090,CMP0051,970,2024-12-03,0,0,0
19091,CMP0051,2322,2024-12-03,0,0,0
19092,CMP0051,3861,2024-12-03,0,0,0
19093,CMP0051,2164,2024-12-03,1,1,0
19094,CMP0051,2421,2024-12-03,0,0,0
19095,CMP0051,2595,2024-12-03,0,0,0
19096,CMP0051,1064,2024-12-03,0,0,0
19097,CMP0051,3815,2024-12-03,1,0,0
19098,CMP0051,2181,2024-12-03,1,1,0
19099,CMP0051,3139,2024-12-03,1,0,0
19100,CMP0051,2340,2024-12-03,1,0,0
19101,CMP0051,164,2024-12-03,1,0,0
19102,CMP0051,297,2024-12-03,0,0,0
19103,CMP0051,2583,2024-12-03,0,0,0
19104,CMP0051,1753,2024-12-03,1,1,0
19105,CMP0051,3193,2024-12-03,0,0,0
19106,CMP0051,3912,2024-12-03,0,0,0
19107,CMP0051,2403,2024-12-03,0,0,0
19108,CMP0051,1125,2024-12-03,0,0,0
19109,CMP0051,2487,2024-12-03,1,0,0
19110,CMP0051,3177,2024-12-03,0,0,0
19111,CMP0051,291,2024-12-03,0,0,0
19112,CMP0051,3084,2024-12-03,1,0,0
19113,CMP0051,3786,2024-12-03,0,0,0
19114,CMP0051,709,2024-12-03,0,0,0
19115,CMP0051,1506,2024-12-03,1,0,0
19116,CMP0051,2969,2024-12-03,1,0,0
19117,CMP0051,461,2024-12-03,0,0,0
19118,CMP0051,3721,2024-12-03,1,1,0
19119,CMP0051,683,2024-12-03,1,1,0
19120,CMP0051,1016,2024-12-03,0,0,0
19121,CMP0051,1726,2024-12-03,0,0,0
19122,CMP0051,1068,2024-12-03,0,0,0
19123,CMP0051,3119,2024-12-03,1,0,0
19124,CMP0051,3834,2024-12-03,0,0,0
19125,CMP0051,196,2024-12-03,0,0,0
19126,CMP0051,1774,2024-12-03,0,0,0
19127,CMP0051,761,2024-12-03,0,0,0
19128,CMP0051,188,2024-12-03,0,0,0
19129,CMP0051,3610,2024-12-03,0,0,0
19130,CMP0051,2262,2024-12-03,1,0,0
19131,CMP0051,3445,2024-12-03,1,0,0
19132,CMP0051,2749,2024-12-03,0,0,0
19133,CMP0051,2196,2024-12-03,0,0,0
19134,CMP0051,4003,2024-12-03,1,0,0
19135,CMP0051,50,2024-12-03,1,0,0
19136,CMP0051,1755,2024-12-03,1,0,0
19137,CMP0051,3414,2024-12-03,0,0,0
19138,CMP0051,3416,2024-12-03,0,0,0
19139,CMP0051,316,2024-12-03,0,0,0
19140,CMP0051,3488,2024-12-03,0,0,0
19141,CMP0051,2141,2024-12-03,0,0,0
19142,CMP0051,1100,2024-12-03,1,0,0
19143,CMP0051,3960,2024-12-03,0,0,0
19144,CMP0051,556,2024-12-03,0,0,0
19145,CMP0051,2249,2024-12-03,0,0,0
19146,CMP0051,3157,2024-12-03,0,0,0
19147,CMP0051,60,2024-12-03,0,0,0
19148,CMP0051,1198,2024-12-03,0,0,0
19149,CMP0051,3969,2024-12-03,0,0,0
19150,CMP0051,2589,2024-12-03,0,0,0
19151,CMP0051,1714,2024-12-03,0,0,0
19152,CMP0051,623,2024-12-03,0,0,0
19153,CMP0051,2272,2024-12-03,1,0,0
19154,CMP0051,2763,2024-12-03,0,0,0
19155,CMP0051,2876,2024-12-03,0,0,0
19156,CMP0051,3450,2024-12-03,0,0,0
19157,CMP0051,521,2024-12-03,1,0,0
19158,CMP0051,649,2024-12-03,0,0,0
19159,CMP0051,978,2024-12-03,0,0,0
19160,CMP0051,3676,2024-12-03,0,0,0
19161,CMP0051,588,2024-12-03,1,1,0
19162,CMP0051,3095,2024-12-03,0,0,0
19163,CMP0051,1517,2024-12-03,0,0,0
19164,CMP0051,2908,2024-12-03,0,0,0
19165,CMP0051,696,2024-12-03,1,0,0
19166,CMP0051,634,2024-12-03,0,0,0
19167,CMP0051,197,2024-12-03,0,0,0
19168,CMP0051,2576,2024-12-03,0,0,0
19169,CMP0051,2243,2024-12-03,0,0,0
19170,CMP0051,1185,2024-12-03,1,1,0
19171,CMP0051,3643,2024-12-03,0,0,0
19172,CMP0051,2235,2024-12-03,1,0,0
19173,CMP0051,2398,2024-12-03,0,0,0
19174,CMP0051,1404,2024-12-03,0,0,0
19175,CMP0051,3517,2024-12-03,0,0,0
19176,CMP0051,1625,2024-12-03,1,0,0
19177,CMP0051,981,2024-12-03,0,0,0
19178,CMP0051,1012,2024-12-03,1,0,0
19179,CMP0051,2774,2024-12-03,1,0,0
19180,CMP0051,2479,2024-12-03,0,0,0
19181,CMP0051,2483,2024-12-03,0,0,0
19182,CMP0051,2179,2024-12-03,0,0,0
19183,CMP0051,1951,2024-12-03,1,1,0
19184,CMP0051,137,2024-12-03,0,0,0
19185,CMP0051,1999,2024-12-03,0,0,0
19186,CMP0051,2839,2024-12-03,1,0,0
19187,CMP0051,2782,2024-12-03,0,0,0
19188,CMP0051,38,2024-12-03,0,0,0
19189,CMP0051,618,2024-12-03,0,0,0
19190,CMP0051,1071,2024-12-03,0,0,0
19191,CMP0051,2609,2024-12-03,0,0,0
19192,CMP0051,2106,2024-12-03,0,0,0
19193,CMP0051,527,2024-12-03,1,1,0
19194,CMP0051,3292,2024-12-03,0,0,0
19195,CMP0051,3978,2024-12-03,0,0,0
19196,CMP0051,1603,2024-12-03,0,0,0
19197,CMP0051,1474,2024-12-03,0,0,0
19198,CMP0051,1907,2024-12-03,0,0,0
19199,CMP0051,3641,2024-12-03,0,0,0
19200,CMP0051,3331,2024-12-03,0,0,0
19201,CMP0051,1092,2024-12-03,1,1,0
19202,CMP0051,3845,2024-12-03,0,0,0
19203,CMP0051,3326,2024-12-03,0,0,0
19204,CMP0051,2963,2024-12-03,1,0,0
19205,CMP0051,2735,2024-12-03,0,0,0
19206,CMP0051,3399,2024-12-03,0,1,0
19207,CMP0051,2881,2024-12-03,0,0,0
19208,CMP0051,294,2024-12-03,0,0,0
19209,CMP0051,3016,2024-12-03,0,0,0
19210,CMP0051,2503,2024-12-03,0,0,0
19211,CMP0051,3548,2024-12-03,0,0,0
19212,CMP0051,1415,2024-12-03,0,0,0
19213,CMP0051,3189,2024-12-03,0,0,0
19214,CMP0051,2556,2024-12-03,0,0,0
19215,CMP0051,2251,2024-12-03,0,0,0
19216,CMP0051,59,2024-12-03,0,0,0
19217,CMP0051,2188,2024-12-03,0,0,0
19218,CMP0051,460,2024-12-03,0,0,0
19219,CMP0051,2356,2024-12-03,0,0,0
19220,CMP0051,3891,2024-12-03,1,0,0
19221,CMP0051,943,2024-12-03,0,0,0
19222,CMP0051,3694,2024-12-03,1,0,0
19223,CMP0051,1110,2024-12-03,0,0,0
19224,CMP0051,3343,2024-12-03,0,0,0
19225,CMP0051,409,2024-12-03,1,0,0
19226,CMP0051,758,2024-12-03,0,0,0
19227,CMP0051,2916,2024-12-03,0,0,0
19228,CMP0051,2470,2024-12-03,0,0,0
19229,CMP0051,3229,2024-12-03,0,0,0
19230,CMP0051,2360,2024-12-03,0,0,0
19231,CMP0051,2288,2024-12-03,0,0,0
19232,CMP0051,1607,2024-12-03,1,1,0
19233,CMP0051,1702,2024-12-03,0,0,0
19234,CMP0051,466,2024-12-03,1,0,0
19235,CMP0051,880,2024-12-03,1,0,0
19236,CMP0051,328,2024-12-03,1,0,0
19237,CMP0051,530,2024-12-03,0,0,0
19238,CMP0051,867,2024-12-03,0,0,0
19239,CMP0051,1842,2024-12-03,0,0,0
19240,CMP0051,1636,2024-12-03,0,0,0
19241,CMP0051,3190,2024-12-03,0,0,0
19242,CMP0051,3061,2024-12-03,0,0,0
19243,CMP0051,3127,2024-12-03,0,0,0
19244,CMP0051,1414,2024-12-03,1,0,0
19245,CMP0051,2468,2024-12-03,0,0,0
19246,CMP0051,1217,2024-12-03,0,0,0
19247,CMP0051,568,2024-12-03,0,0,0
19248,CMP0051,2759,2024-12-03,0,0,0
19249,CMP0051,3735,2024-12-03,0,0,0
19250,CMP0051,2171,2024-12-03,0,0,0
19251,CMP0051,3968,2024-12-03,0,0,0
19252,CMP0051,2135,2024-12-03,1,0,0
19253,CMP0051,1672,2024-12-03,1,0,0
19254,CMP0051,3074,2024-12-03,0,0,0
19255,CMP0051,375,2024-12-03,0,0,0
19256,CMP0051,2454,2024-12-03,0,0,0
19257,CMP0051,2578,2024-12-03,0,0,0
19258,CMP0051,1000,2024-12-03,1,0,0
19259,CMP0051,1476,2024-12-03,0,0,0
19260,CMP0051,1905,2024-12-03,0,0,0
19261,CMP0051,2047,2024-12-03,1,0,0
19262,CMP0051,1698,2024-12-03,0,0,0
19263,CMP0051,3498,2024-12-03,1,0,0
19264,CMP0051,224,2024-12-03,1,0,0
19265,CMP0051,3470,2024-12-03,0,0,0
19266,CMP0051,425,2024-12-03,0,0,0
19267,CMP0051,1370,2024-12-03,0,0,0
19268,CMP0051,2566,2024-12-03,0,0,0
19269,CMP0051,1273,2024-12-03,1,0,0
19270,CMP0051,115,2024-12-03,0,0,0
19271,CMP0051,177,2024-12-03,0,0,0
19272,CMP0051,909,2024-12-03,0,0,0
19273,CMP0051,2292,2024-12-03,0,0,0
19274,CMP0051,2796,2024-12-03,0,0,0
19275,CMP0051,603,2024-12-03,0,0,0
19276,CMP0051,743,2024-12-03,0,0,0
19277,CMP0051,2190,2024-12-03,0,0,0
19278,CMP0051,171,2024-12-03,0,0,0
19279,CMP0051,3793,2024-12-03,0,0,0
19280,CMP0051,2492,2024-12-03,1,0,0
19281,CMP0051,2266,2024-12-03,1,0,0
19282,CMP0051,192,2024-12-03,1,1,0
19283,CMP0051,2022,2024-12-03,0,0,0
19284,CMP0051,135,2024-12-03,0,0,0
19285,CMP0051,626,2024-12-03,0,0,0
19286,CMP0051,1060,2024-12-03,0,0,0
19287,CMP0051,383,2024-12-03,0,0,0
19288,CMP0051,1585,2024-12-03,0,0,0
19289,CMP0051,672,2024-12-03,1,0,0
19290,CMP0051,2021,2024-12-03,0,0,0
19291,CMP0051,3794,2024-12-03,0,0,0
19292,CMP0051,720,2024-12-03,0,0,0
19293,CMP0051,2854,2024-12-03,1,0,0
19294,CMP0051,985,2024-12-03,1,1,0
19295,CMP0051,1835,2024-12-03,0,0,0
19296,CMP0051,645,2024-12-03,0,0,0
19297,CMP0051,3504,2024-12-03,0,0,0
19298,CMP0051,2156,2024-12-03,1,0,0
19299,CMP0051,93,2024-12-03,0,0,0
19300,CMP0051,2992,2024-12-03,1,0,0
19301,CMP0051,1649,2024-12-03,0,0,0
19302,CMP0051,3664,2024-12-03,0,0,0
19303,CMP0051,3476,2024-12-03,0,0,0
19304,CMP0051,1532,2024-12-03,1,0,0
19305,CMP0051,2088,2024-12-03,1,1,0
19306,CMP0051,2180,2024-12-03,0,0,0
19307,CMP0051,1822,2024-12-03,0,0,0
19308,CMP0051,599,2024-12-03,0,0,0
19309,CMP0051,3955,2024-12-03,0,0,0
19310,CMP0051,1406,2024-12-03,0,0,0
19311,CMP0051,1224,2024-12-03,1,0,0
19312,CMP0051,3677,2024-12-03,0,0,0
19313,CMP0051,3471,2024-12-03,0,0,0
19314,CMP0051,776,2024-12-03,1,0,0
19315,CMP0051,2951,2024-12-03,1,0,0
19316,CMP0051,11,2024-12-03,0,0,0
19317,CMP0051,1475,2024-12-03,0,0,0
19318,CMP0051,3248,2024-12-03,0,0,0
19319,CMP0051,3672,2024-12-03,0,0,0
19320,CMP0051,2731,2024-12-03,1,0,0
19321,CMP0051,317,2024-12-03,1,0,0
19322,CMP0051,576,2024-12-03,0,0,0
19323,CMP0051,3982,2024-12-03,1,0,0
19324,CMP0051,64,2024-12-03,0,0,0
19325,CMP0051,2997,2024-12-03,0,0,0
19326,CMP0051,1191,2024-12-03,0,0,0
19327,CMP0051,1216,2024-12-03,0,0,0
19328,CMP0051,1624,2024-12-03,0,0,0
19329,CMP0051,3973,2024-12-03,0,0,0
19330,CMP0051,741,2024-12-03,0,0,0
19331,CMP0051,3710,2024-12-03,1,1,0
19332,CMP0051,779,2024-12-03,0,0,0
19333,CMP0051,3389,2024-12-03,1,0,0
19334,CMP0051,4013,2024-12-03,0,0,0
19335,CMP0051,3596,2024-12-03,0,0,0
19336,CMP0051,1525,2024-12-03,1,0,0
19337,CMP0051,3298,2024-12-03,0,0,0
19338,CMP0051,1005,2024-12-03,0,0,0
19339,CMP0051,3068,2024-12-03,1,0,0
19340,CMP0051,1168,2024-12-03,0,0,0
19341,CMP0051,3168,2024-12-03,0,0,0
19342,CMP0051,304,2024-12-03,0,0,0
19343,CMP0051,1002,2024-12-03,1,1,0
19344,CMP0051,862,2024-12-03,0,0,0
19345,CMP0051,3085,2024-12-03,0,0,0
19346,CMP0051,2756,2024-12-03,0,0,0
19347,CMP0051,205,2024-12-03,0,0,0
19348,CMP0051,2422,2024-12-03,0,0,0
19349,CMP0051,1439,2024-12-03,1,0,0
19350,CMP0051,3453,2024-12-03,1,0,0
19351,CMP0051,2257,2024-12-03,0,0,0
19352,CMP0051,3518,2024-12-03,1,1,0
19353,CMP0051,1564,2024-12-03,1,0,0
19354,CMP0051,3075,2024-12-03,0,0,0
19355,CMP0051,20,2024-12-03,0,0,0
19356,CMP0051,1021,2024-12-03,0,0,0
19357,CMP0051,3184,2024-12-03,1,0,0
19358,CMP0051,870,2024-12-03,1,1,0
19359,CMP0051,259,2024-12-03,0,0,0
19360,CMP0051,2924,2024-12-03,1,0,0
19361,CMP0051,2138,2024-12-03,1,0,0
19362,CMP0051,1248,2024-12-03,0,0,0
19363,CMP0051,2660,2024-12-03,1,1,0
19364,CMP0051,2806,2024-12-03,1,0,0
19365,CMP0051,3812,2024-12-03,1,0,0
19366,CMP0051,1657,2024-12-03,0,0,0
19367,CMP0051,3795,2024-12-03,0,0,0
19368,CMP0051,3782,2024-12-03,0,0,0
19369,CMP0051,2486,2024-12-03,0,0,0
19370,CMP0051,534,2024-12-03,1,1,0
19371,CMP0051,173,2024-12-03,0,0,0
19372,CMP0051,48,2024-12-03,0,0,0
19373,CMP0051,3510,2024-12-03,0,0,0
19374,CMP0051,3704,2024-12-03,0,0,0
19375,CMP0051,3143,2024-12-03,1,0,0
19376,CMP0051,397,2024-12-03,0,0,0
19377,CMP0051,2635,2024-12-03,0,0,1
19378,CMP0051,3984,2024-12-03,1,1,0
19379,CMP0051,1989,2024-12-03,1,0,0
19380,CMP0051,499,2024-12-03,0,0,0
19381,CMP0051,418,2024-12-03,0,0,0
19382,CMP0051,2504,2024-12-03,0,0,0
19383,CMP0051,1775,2024-12-03,1,1,0
19384,CMP0051,314,2024-12-03,1,0,0
19385,CMP0051,484,2024-12-03,0,0,0
19386,CMP0051,2363,2024-12-03,1,0,0
19387,CMP0051,45,2024-12-03,1,0,0
19388,CMP0051,494,2024-12-03,1,0,0
19389,CMP0051,3299,2024-12-03,0,0,0
19390,CMP0051,3438,2024-12-03,1,0,0
19391,CMP0051,255,2024-12-03,0,0,0
19392,CMP0051,2976,2024-12-03,0,0,0
19393,CMP0051,1606,2024-12-03,1,1,0
19394,CMP0051,1902,2024-12-03,0,0,0
19395,CMP0051,3053,2024-12-03,0,0,0
19396,CMP0051,3113,2024-12-03,0,0,0
19397,CMP0051,1528,2024-12-03,0,0,0
19398,CMP0051,3045,2024-12-03,0,0,0
19399,CMP0051,736,2024-12-03,0,0,0
19400,CMP0051,1148,2024-12-03,0,0,0
19401,CMP0051,1244,2024-12-03,0,0,0
19402,CMP0051,3487,2024-12-03,0,0,0
19403,CMP0051,710,2024-12-03,1,0,0
19404,CMP0051,3429,2024-12-03,0,0,0
19405,CMP0051,1066,2024-12-03,1,1,0
19406,CMP0051,2740,2024-12-03,0,0,0
19407,CMP0051,2273,2024-12-03,0,0,0
19408,CMP0051,1303,2024-12-03,0,0,0
19409,CMP0051,3842,2024-12-03,0,0,0
19410,CMP0051,2466,2024-12-03,0,0,0
19411,CMP0051,3607,2024-12-03,0,0,0
19412,CMP0051,1293,2024-12-03,1,0,1
19413,CMP0051,757,2024-12-03,0,0,0
19414,CMP0051,10,2024-12-03,0,0,0
19415,CMP0051,2051,2024-12-03,1,1,0
19416,CMP0051,1255,2024-12-03,0,0,0
19417,CMP0051,1403,2024-12-03,0,0,0
19418,CMP0051,333,2024-12-03,1,0,0
19419,CMP0051,2846,2024-12-03,0,0,0
19420,CMP0051,2232,2024-12-03,1,0,0
19421,CMP0051,3932,2024-12-03,0,0,0
19422,CMP0051,798,2024-12-03,0,0,0
19423,CMP0051,827,2024-12-03,0,0,0
19424,CMP0051,1943,2024-12-03,0,0,0
19425,CMP0051,3833,2024-12-03,0,0,0
19426,CMP0051,1659,2024-12-03,1,0,0
19427,CMP0051,1294,2024-12-03,1,0,0
19428,CMP0051,2926,2024-12-03,1,0,0
19429,CMP0051,3688,2024-12-03,1,1,0
19430,CMP0051,950,2024-12-03,0,0,0
19431,CMP0051,3562,2024-12-03,1,0,0
19432,CMP0051,2968,2024-12-03,1,0,0
19433,CMP0051,74,2024-12-03,1,0,0
19434,CMP0051,2557,2024-12-03,0,0,0
19435,CMP0051,158,2024-12-03,0,0,0
19436,CMP0051,2940,2024-12-03,0,0,0
19437,CMP0051,2903,2024-12-03,1,1,0
19438,CMP0051,24,2024-12-03,0,0,0
19439,CMP0051,3286,2024-12-03,0,0,0
19440,CMP0051,469,2024-12-03,1,0,0
19441,CMP0051,1696,2024-12-03,1,0,0
19442,CMP0051,1745,2024-12-03,1,0,0
19443,CMP0051,646,2024-12-03,0,0,0
19444,CMP0051,279,2024-12-03,0,0,0
19445,CMP0051,559,2024-12-03,1,0,0
19446,CMP0051,884,2024-12-03,0,0,0
19447,CMP0051,190,2024-12-03,0,0,0
19448,CMP0051,1903,2024-12-03,0,0,0
19449,CMP0051,270,2024-12-03,0,0,0
19450,CMP0051,937,2024-12-03,1,0,0
19451,CMP0051,3554,2024-12-03,0,0,0
19452,CMP0051,307,2024-12-03,0,0,0
19453,CMP0051,2813,2024-12-03,1,0,0
19454,CMP0051,2851,2024-12-03,1,0,0
19455,CMP0051,243,2024-12-03,0,0,0
19456,CMP0051,1029,2024-12-03,1,0,0
19457,CMP0051,3879,2024-12-03,0,0,0
19458,CMP0051,3339,2024-12-03,1,1,0
19459,CMP0051,2184,2024-12-03,1,0,0
19460,CMP0051,3941,2024-12-03,0,0,0
19461,CMP0051,1791,2024-12-03,0,0,0
19462,CMP0051,1161,2024-12-03,0,0,0
19463,CMP0051,707,2024-12-03,0,0,0
19464,CMP0051,3428,2024-12-03,0,0,0
19465,CMP0051,1432,2024-12-03,1,0,0
19466,CMP0051,822,2024-12-03,0,0,0
19467,CMP0051,3983,2024-12-03,0,0,0
19468,CMP0051,1724,2024-12-03,1,0,0
19469,CMP0051,3784,2024-12-03,1,0,0
19470,CMP0051,628,2024-12-03,0,0,0
19471,CMP0051,2430,2024-12-03,0,0,0
19472,CMP0051,1971,2024-12-03,0,0,0
19473,CMP0051,2275,2024-12-03,0,0,0
19474,CMP0051,167,2024-12-03,0,0,0
19475,CMP0051,1975,2024-12-03,0,0,0
19476,CMP0051,3977,2024-12-03,0,0,0
19477,CMP0051,3888,2024-12-03,0,0,0
19478,CMP0051,3151,2024-12-03,0,0,0
19479,CMP0051,3008,2024-12-03,1,0,0
19480,CMP0051,1533,2024-12-03,0,0,0
19481,CMP0051,1883,2024-12-03,1,1,0
19482,CMP0051,3708,2024-12-03,0,0,0
19483,CMP0051,277,2024-12-03,0,0,0
19484,CMP0051,1678,2024-12-03,0,0,0
19485,CMP0051,1667,2024-12-03,1,0,0
19486,CMP0051,814,2024-12-03,0,0,0
19487,CMP0051,751,2024-12-03,0,0,0
19488,CMP0051,3366,2024-12-03,1,1,0
19489,CMP0051,37,2024-12-03,0,0,0
19490,CMP0051,3423,2024-12-03,0,0,0
19491,CMP0051,1186,2024-12-03,0,0,0
19492,CMP0051,355,2024-12-03,1,0,0
19493,CMP0051,2294,2024-12-03,1,0,0
19494,CMP0051,2541,2024-12-03,1,0,0
19495,CMP0051,3436,2024-12-03,1,1,0
19496,CMP0051,1519,2024-12-03,0,0,0
19497,CMP0051,1288,2024-12-03,1,0,0
19498,CMP0051,3927,2024-12-03,1,0,0
19499,CMP0051,2384,2024-12-03,0,0,0
19500,CMP0051,3846,2024-12-03,1,0,0
19501,CMP0051,848,2024-12-03,0,0,0
19502,CMP0051,3679,2024-12-03,0,0,0
19503,CMP0051,1805,2024-12-03,1,1,0
19504,CMP0051,1614,2024-12-03,0,0,0
19505,CMP0051,2727,2024-12-03,0,0,0
19506,CMP0051,2378,2024-12-03,0,0,0
19507,CMP0051,1692,2024-12-03,0,0,0
19508,CMP0051,1803,2024-12-03,0,0,0
19509,CMP0051,789,2024-12-03,0,0,0
19510,CMP0051,1732,2024-12-03,0,0,0
19511,CMP0051,2308,2024-12-03,0,0,0
19512,CMP0051,3582,2024-12-03,0,0,0
19513,CMP0051,2003,2024-12-03,0,0,0
19514,CMP0051,3383,2024-12-03,0,0,0
19515,CMP0051,1307,2024-12-03,0,0,0
19516,CMP0051,1272,2024-12-03,0,0,0
19517,CMP0051,2861,2024-12-03,1,0,0
19518,CMP0051,1477,2024-12-03,0,0,0
19519,CMP0051,1301,2024-12-03,0,0,0
19520,CMP0051,219,2024-12-03,1,0,0
19521,CMP0051,654,2024-12-03,0,0,0
19522,CMP0051,1663,2024-12-03,0,0,0
19523,CMP0051,146,2024-12-03,0,0,0
19524,CMP0051,3766,2024-12-03,0,0,0
19525,CMP0051,2620,2024-12-03,0,0,0
19526,CMP0051,3167,2024-12-03,1,0,0
19527,CMP0051,240,2024-12-03,0,0,0
19528,CMP0051,700,2024-12-03,0,0,0
19529,CMP0051,2891,2024-12-03,0,0,0
19530,CMP0051,1225,2024-12-03,0,0,0
19531,CMP0051,2278,2024-12-03,0,0,0
19532,CMP0051,3258,2024-12-03,0,0,0
19533,CMP0051,3546,2024-12-03,1,1,0
19534,CMP0051,101,2024-12-03,1,0,0
19535,CMP0051,3447,2024-12-03,0,0,0
19536,CMP0051,2836,2024-12-03,1,0,0
19537,CMP0051,1717,2024-12-03,1,1,0
19538,CMP0051,3415,2024-12-03,0,0,0
19539,CMP0051,3745,2024-12-03,0,0,0
19540,CMP0051,2227,2024-12-03,1,0,0
19541,CMP0051,1922,2024-12-03,1,0,0
19542,CMP0051,2607,2024-12-03,0,0,0
19543,CMP0051,3380,2024-12-03,1,0,0
19544,CMP0051,3931,2024-12-03,0,0,0
19545,CMP0051,2888,2024-12-03,0,0,0
19546,CMP0051,3372,2024-12-03,0,0,0
19547,CMP0051,1991,2024-12-03,0,0,0
19548,CMP0051,3226,2024-12-03,0,0,0
19549,CMP0051,851,2024-12-03,0,0,0
19550,CMP0051,2002,2024-12-03,0,0,0
19551,CMP0051,3579,2024-12-03,0,0,0
19552,CMP0051,2260,2024-12-03,1,0,0
19553,CMP0051,652,2024-12-03,0,0,0
19554,CMP0051,457,2024-12-03,0,0,0
19555,CMP0051,2849,2024-12-03,0,0,0
19556,CMP0051,2880,2024-12-03,0,0,0
19557,CMP0051,2724,2024-12-03,0,0,0
19558,CMP0051,2270,2024-12-03,0,0,0
19559,CMP0051,1980,2024-12-03,1,1,0
19560,CMP0051,2242,2024-12-03,0,0,0
19561,CMP0051,1058,2024-12-03,0,0,0
19562,CMP0051,1627,2024-12-03,1,0,0
19563,CMP0051,1193,2024-12-03,1,0,0
19564,CMP0051,836,2024-12-03,1,0,0
19565,CMP0051,9,2024-12-03,0,0,0
19566,CMP0051,563,2024-12-03,0,0,0
19567,CMP0051,116,2024-12-03,0,0,0
19568,CMP0051,3420,2024-12-03,0,0,0
19569,CMP0051,3647,2024-12-03,0,0,0
19570,CMP0051,96,2024-12-03,1,1,0
19571,CMP0051,1927,2024-12-03,0,0,0
19572,CMP0051,3162,2024-12-03,1,0,0
19573,CMP0051,2332,2024-12-03,0,0,0
19574,CMP0051,3103,2024-12-03,0,0,0
19575,CMP0051,1683,2024-12-03,0,0,0
19576,CMP0051,3773,2024-12-03,0,0,0
19577,CMP0051,3740,2024-12-03,0,0,0
19578,CMP0051,1953,2024-12-03,1,0,0
19579,CMP0051,3859,2024-12-03,0,0,0
19580,CMP0051,2199,2024-12-03,1,1,0
19581,CMP0051,3369,2024-12-03,0,0,0
19582,CMP0051,2801,2024-12-03,0,0,0
19583,CMP0051,3275,2024-12-03,1,0,0
19584,CMP0051,1269,2024-12-03,0,0,0
19585,CMP0051,3022,2024-12-03,0,0,0
19586,CMP0051,1873,2024-12-03,0,0,0
19587,CMP0051,2757,2024-12-03,1,0,0
19588,CMP0051,341,2024-12-03,0,0,0
19589,CMP0051,890,2024-12-03,0,0,0
19590,CMP0051,1783,2024-12-03,0,0,0
19591,CMP0051,2447,2024-12-03,0,0,0
19592,CMP0051,1382,2024-12-03,1,0,0
19593,CMP0051,771,2024-12-03,1,0,0
19594,CMP0051,2651,2024-12-03,0,0,0
19595,CMP0051,3822,2024-12-03,0,0,0
19596,CMP0051,1329,2024-12-03,0,0,0
19597,CMP0051,1319,2024-12-03,0,0,0
19598,CMP0051,2765,2024-12-03,0,0,0
19599,CMP0051,1231,2024-12-03,0,0,0
19600,CMP0051,748,2024-12-03,0,0,0
19601,CMP0051,2462,2024-12-03,0,0,0
19602,CMP0051,1770,2024-12-03,0,0,0
19603,CMP0051,3458,2024-12-03,0,0,0
19604,CMP0051,3117,2024-12-03,0,0,0
19605,CMP0051,2291,2024-12-03,0,0,0
19606,CMP0051,2602,2024-12-03,0,0,0
19607,CMP0051,1914,2024-12-03,0,0,0
19608,CMP0051,3727,2024-12-03,0,0,0
19609,CMP0051,810,2024-12-03,1,0,0
19610,CMP0051,1215,2024-12-03,0,0,0
19611,CMP0051,2497,2024-12-03,0,0,0
19612,CMP0051,3880,2024-12-03,1,0,0
19613,CMP0051,2313,2024-12-03,1,0,0
19614,CMP0051,602,2024-12-03,0,0,0
19615,CMP0051,2525,2024-12-03,0,0,0
19616,CMP0051,264,2024-12-03,0,0,0
19617,CMP0051,2329,2024-12-03,0,0,0
19618,CMP0051,1741,2024-12-03,0,0,0
19619,CMP0051,62,2024-12-03,0,0,0
19620,CMP0051,3317,2024-12-03,1,1,0
19621,CMP0051,1478,2024-12-03,0,0,0
19622,CMP0051,2779,2024-12-03,0,0,0
19623,CMP0051,1159,2024-12-03,1,0,0
19624,CMP0051,248,2024-12-03,0,0,0
19625,CMP0051,1392,2024-12-03,1,0,0
19626,CMP0051,983,2024-12-03,1,0,0
19627,CMP0051,1033,2024-12-03,0,0,0
19628,CMP0051,1090,2024-12-03,0,0,0
19629,CMP0051,1924,2024-12-03,0,0,0
19630,CMP0051,439,2024-12-03,1,0,0
19631,CMP0051,2084,2024-12-03,0,0,0
19632,CMP0051,671,2024-12-03,0,0,0
19633,CMP0051,1170,2024-12-03,0,0,0
19634,CMP0051,1348,2024-12-03,0,0,0
19635,CMP0051,1595,2024-12-03,0,0,0
19636,CMP0051,402,2024-12-03,0,0,0
19637,CMP0051,1925,2024-12-03,1,0,0
19638,CMP0051,3916,2024-12-03,0,0,0
19639,CMP0051,585,2024-12-03,0,0,0
19640,CMP0051,1222,2024-12-03,0,0,0
19641,CMP0051,2439,2024-12-03,0,0,0
19642,CMP0051,3361,2024-12-03,0,0,0
19643,CMP0051,2464,2024-12-03,0,0,0
19644,CMP0051,1601,2024-12-03,0,0,0
19645,CMP0051,3293,2024-12-03,1,0,0
19646,CMP0051,1057,2024-12-03,1,0,0
19647,CMP0051,2845,2024-12-03,0,0,0
19648,CMP0035,2106,2025-05-09,0,0,0
19649,CMP0035,1451,2025-05-09,0,0,0
19650,CMP0035,34,2025-05-09,0,0,0
19651,CMP0035,946,2025-05-09,0,0,0
19652,CMP0035,1112,2025-05-09,1,0,0
19653,CMP0035,2948,2025-05-09,1,0,0
19654,CMP0035,1424,2025-05-09,1,0,0
19655,CMP0035,3228,2025-05-09,1,1,0
19656,CMP0035,2902,2025-05-09,1,0,0
19657,CMP0035,286,2025-05-09,0,0,0
19658,CMP0035,3540,2025-05-09,0,0,0
19659,CMP0035,954,2025-05-09,0,0,0
19660,CMP0035,3977,2025-05-09,0,0,0
19661,CMP0035,3942,2025-05-09,0,0,0
19662,CMP0035,1217,2025-05-09,0,0,0
19663,CMP0035,219,2025-05-09,1,0,0
19664,CMP0035,2374,2025-05-09,0,0,0
19665,CMP0035,3829,2025-05-09,0,0,0
19666,CMP0035,1248,2025-05-09,0,0,0
19667,CMP0035,3856,2025-05-09,0,0,0
19668,CMP0035,446,2025-05-09,1,0,0
19669,CMP0035,3887,2025-05-09,0,0,0
19670,CMP0035,1084,2025-05-09,1,0,0
19671,CMP0035,510,2025-05-09,1,0,0
19672,CMP0035,2193,2025-05-09,0,0,0
19673,CMP0035,1983,2025-05-09,1,0,0
19674,CMP0035,2130,2025-05-09,1,0,0
19675,CMP0035,2257,2025-05-09,0,0,0
19676,CMP0035,2273,2025-05-09,0,0,0
19677,CMP0035,3106,2025-05-09,1,0,0
19678,CMP0035,874,2025-05-09,0,0,0
19679,CMP0035,270,2025-05-09,0,0,0
19680,CMP0035,3901,2025-05-09,1,0,0
19681,CMP0035,14,2025-05-09,0,0,0
19682,CMP0035,2880,2025-05-09,1,0,0
19683,CMP0035,2380,2025-05-09,0,0,0
19684,CMP0035,725,2025-05-09,1,0,0
19685,CMP0035,1191,2025-05-09,0,0,0
19686,CMP0035,3258,2025-05-09,0,0,0
19687,CMP0035,3415,2025-05-09,0,0,0
19688,CMP0035,2940,2025-05-09,0,0,0
19689,CMP0035,2290,2025-05-09,1,0,0
19690,CMP0035,1900,2025-05-09,0,0,0
19691,CMP0035,2926,2025-05-09,1,0,0
19692,CMP0035,3120,2025-05-09,0,0,0
19693,CMP0035,4008,2025-05-09,1,0,0
19694,CMP0035,212,2025-05-09,1,0,0
19695,CMP0035,2162,2025-05-09,1,0,0
19696,CMP0035,3573,2025-05-09,0,0,0
19697,CMP0035,1157,2025-05-09,0,0,0
19698,CMP0035,2073,2025-05-09,1,0,0
19699,CMP0035,2738,2025-05-09,1,1,0
19700,CMP0035,2268,2025-05-09,0,0,0
19701,CMP0035,1726,2025-05-09,1,0,0
19702,CMP0035,3913,2025-05-09,0,0,0
19703,CMP0035,998,2025-05-09,1,0,0
19704,CMP0035,1296,2025-05-09,0,0,0
19705,CMP0035,414,2025-05-09,0,0,0
19706,CMP0035,3782,2025-05-09,0,0,0
19707,CMP0035,3385,2025-05-09,0,0,0
19708,CMP0035,2296,2025-05-09,0,0,0
19709,CMP0035,2825,2025-05-09,0,0,0
19710,CMP0035,1476,2025-05-09,0,0,0
19711,CMP0035,461,2025-05-09,0,0,0
19712,CMP0035,1557,2025-05-09,0,0,0
19713,CMP0035,402,2025-05-09,0,0,0
19714,CMP0035,3306,2025-05-09,1,0,0
19715,CMP0035,2682,2025-05-09,1,0,0
19716,CMP0035,3176,2025-05-09,0,0,0
19717,CMP0035,1493,2025-05-09,0,0,0
19718,CMP0035,1285,2025-05-09,0,0,0
19719,CMP0035,1620,2025-05-09,0,0,0
19720,CMP0035,2421,2025-05-09,1,0,0
19721,CMP0035,3961,2025-05-09,1,0,0
19722,CMP0035,378,2025-05-09,0,0,0
19723,CMP0035,3875,2025-05-09,1,0,0
19724,CMP0035,3315,2025-05-09,0,0,0
19725,CMP0035,3278,2025-05-09,1,0,0
19726,CMP0035,870,2025-05-09,1,1,0
19727,CMP0035,2798,2025-05-09,0,0,0
19728,CMP0035,668,2025-05-09,1,0,0
19729,CMP0035,1467,2025-05-09,0,0,0
19730,CMP0035,1844,2025-05-09,0,0,0
19731,CMP0035,1581,2025-05-09,0,0,0
19732,CMP0035,3270,2025-05-09,1,1,0
19733,CMP0035,299,2025-05-09,0,0,0
19734,CMP0035,2731,2025-05-09,0,0,0
19735,CMP0035,1123,2025-05-09,0,0,0
19736,CMP0035,2513,2025-05-09,0,0,0
19737,CMP0035,796,2025-05-09,1,0,0
19738,CMP0035,323,2025-05-09,0,0,0
19739,CMP0035,3499,2025-05-09,0,0,0
19740,CMP0035,2705,2025-05-09,1,0,0
19741,CMP0035,858,2025-05-09,1,0,0
19742,CMP0035,3093,2025-05-09,0,0,0
19743,CMP0035,2227,2025-05-09,0,0,0
19744,CMP0035,1226,2025-05-09,0,0,0
19745,CMP0035,3154,2025-05-09,1,0,0
19746,CMP0035,1319,2025-05-09,0,0,0
19747,CMP0035,254,2025-05-09,0,0,0
19748,CMP0035,1310,2025-05-09,1,0,0
19749,CMP0035,3868,2025-05-09,0,0,0
19750,CMP0035,2833,2025-05-09,0,0,0
19751,CMP0035,466,2025-05-09,0,0,0
19752,CMP0035,1377,2025-05-09,0,0,0
19753,CMP0035,181,2025-05-09,0,0,0
19754,CMP0035,2529,2025-05-09,0,0,0
19755,CMP0035,3416,2025-05-09,1,0,0
19756,CMP0035,1409,2025-05-09,1,0,0
19757,CMP0035,965,2025-05-09,0,0,0
19758,CMP0035,3690,2025-05-09,0,0,0
19759,CMP0035,2141,2025-05-09,0,0,0
19760,CMP0035,2546,2025-05-09,1,0,0
19761,CMP0035,3897,2025-05-09,0,0,0
19762,CMP0035,1221,2025-05-09,0,0,0
19763,CMP0035,2582,2025-05-09,1,0,0
19764,CMP0035,2809,2025-05-09,0,0,0
19765,CMP0035,1186,2025-05-09,1,0,0
19766,CMP0035,2051,2025-05-09,1,0,0
19767,CMP0035,2416,2025-05-09,1,0,0
19768,CMP0035,527,2025-05-09,0,0,0
19769,CMP0035,3338,2025-05-09,0,0,0
19770,CMP0035,473,2025-05-09,0,0,0
19771,CMP0035,3804,2025-05-09,0,0,0
19772,CMP0035,3380,2025-05-09,1,0,0
19773,CMP0035,2912,2025-05-09,0,0,0
19774,CMP0035,1143,2025-05-09,0,0,0
19775,CMP0035,3425,2025-05-09,1,0,0
19776,CMP0035,3343,2025-05-09,0,0,0
19777,CMP0035,3255,2025-05-09,1,1,0
19778,CMP0035,1616,2025-05-09,0,0,0
19779,CMP0035,3647,2025-05-09,1,0,0
19780,CMP0035,3053,2025-05-09,0,0,0
19781,CMP0035,3399,2025-05-09,0,0,0
19782,CMP0035,2874,2025-05-09,0,0,0
19783,CMP0035,278,2025-05-09,1,1,0
19784,CMP0035,2410,2025-05-09,0,0,0
19785,CMP0035,3920,2025-05-09,1,0,0
19786,CMP0035,2561,2025-05-09,0,0,0
19787,CMP0035,3337,2025-05-09,0,0,0
19788,CMP0035,1183,2025-05-09,0,0,0
19789,CMP0035,2903,2025-05-09,0,0,0
19790,CMP0035,3024,2025-05-09,1,1,0
19791,CMP0035,2763,2025-05-09,0,0,0
19792,CMP0035,3735,2025-05-09,1,0,0
19793,CMP0035,780,2025-05-09,0,0,0
19794,CMP0035,1420,2025-05-09,1,0,0
19795,CMP0035,2768,2025-05-09,0,0,0
19796,CMP0035,730,2025-05-09,0,0,0
19797,CMP0035,831,2025-05-09,0,0,0
19798,CMP0035,1770,2025-05-09,0,0,0
19799,CMP0035,1067,2025-05-09,1,0,0
19800,CMP0035,109,2025-05-09,1,1,0
19801,CMP0035,3267,2025-05-09,0,0,0
19802,CMP0035,2047,2025-05-09,0,0,0
19803,CMP0035,2888,2025-05-09,0,0,0
19804,CMP0035,1379,2025-05-09,1,0,0
19805,CMP0035,140,2025-05-09,0,0,0
19806,CMP0035,2038,2025-05-09,1,0,0
19807,CMP0035,1940,2025-05-09,0,0,0
19808,CMP0035,2021,2025-05-09,0,0,0
19809,CMP0035,2801,2025-05-09,0,0,0
19810,CMP0035,3361,2025-05-09,1,0,0
19811,CMP0035,2362,2025-05-09,0,0,0
19812,CMP0035,3739,2025-05-09,1,0,0
19813,CMP0035,3061,2025-05-09,0,0,0
19814,CMP0035,3180,2025-05-09,1,1,0
19815,CMP0035,2668,2025-05-09,0,0,0
19816,CMP0035,3534,2025-05-09,0,0,0
19817,CMP0035,601,2025-05-09,0,0,0
19818,CMP0035,2,2025-05-09,0,0,0
19819,CMP0035,563,2025-05-09,0,0,0
19820,CMP0035,1199,2025-05-09,0,0,0
19821,CMP0035,867,2025-05-09,0,0,0
19822,CMP0035,2182,2025-05-09,1,0,0
19823,CMP0035,1971,2025-05-09,0,0,0
19824,CMP0035,883,2025-05-09,0,0,0
19825,CMP0035,1403,2025-05-09,0,0,0
19826,CMP0035,2923,2025-05-09,0,0,0
19827,CMP0035,2877,2025-05-09,1,0,0
19828,CMP0035,3162,2025-05-09,1,0,0
19829,CMP0035,3190,2025-05-09,1,1,0
19830,CMP0035,913,2025-05-09,0,0,0
19831,CMP0035,789,2025-05-09,1,0,0
19832,CMP0035,943,2025-05-09,1,0,0
19833,CMP0035,1795,2025-05-09,1,0,0
19834,CMP0035,3481,2025-05-09,0,0,0
19835,CMP0035,2428,2025-05-09,0,0,0
19836,CMP0035,3298,2025-05-09,0,0,0
19837,CMP0035,224,2025-05-09,1,0,0
19838,CMP0035,322,2025-05-09,1,0,0
19839,CMP0035,3727,2025-05-09,0,0,0
19840,CMP0035,2370,2025-05-09,1,0,0
19841,CMP0035,1048,2025-05-09,0,0,0
19842,CMP0035,707,2025-05-09,0,0,0
19843,CMP0035,3386,2025-05-09,1,0,0
19844,CMP0035,638,2025-05-09,1,0,0
19845,CMP0035,3709,2025-05-09,0,0,0
19846,CMP0035,3612,2025-05-09,1,0,0
19847,CMP0035,2136,2025-05-09,0,0,0
19848,CMP0078,3139,2024-06-21,0,0,0
19849,CMP0078,109,2024-06-21,0,0,0
19850,CMP0078,1174,2024-06-21,0,0,0
19851,CMP0078,1416,2024-06-21,0,0,0
19852,CMP0078,3472,2024-06-21,1,0,0
19853,CMP0078,3682,2024-06-21,0,0,0
19854,CMP0078,1269,2024-06-21,1,0,0
19855,CMP0078,3180,2024-06-21,0,0,0
19856,CMP0078,1842,2024-06-21,1,1,0
19857,CMP0078,326,2024-06-21,0,0,0
19858,CMP0078,2362,2024-06-21,1,0,0
19859,CMP0078,343,2024-06-21,0,0,0
19860,CMP0078,698,2024-06-21,0,0,0
19861,CMP0078,3211,2024-06-21,0,0,0
19862,CMP0078,697,2024-06-21,0,0,0
19863,CMP0078,1284,2024-06-21,0,0,0
19864,CMP0078,381,2024-06-21,0,0,0
19865,CMP0078,160,2024-06-21,0,0,0
19866,CMP0078,2883,2024-06-21,0,0,0
19867,CMP0078,991,2024-06-21,0,0,0
19868,CMP0078,827,2024-06-21,0,0,0
19869,CMP0078,373,2024-06-21,1,0,0
19870,CMP0078,56,2024-06-21,1,1,0
19871,CMP0078,1678,2024-06-21,0,0,0
19872,CMP0078,572,2024-06-21,0,0,0
19873,CMP0078,1911,2024-06-21,0,0,0
19874,CMP0078,2019,2024-06-21,0,0,0
19875,CMP0078,1625,2024-06-21,0,0,0
19876,CMP0078,3367,2024-06-21,0,0,0
19877,CMP0078,1809,2024-06-21,0,0,0
19878,CMP0078,1508,2024-06-21,0,0,0
19879,CMP0078,2172,2024-06-21,1,1,0
19880,CMP0078,1431,2024-06-21,0,0,0
19881,CMP0078,3834,2024-06-21,1,0,0
19882,CMP0078,3049,2024-06-21,1,0,0
19883,CMP0078,3539,2024-06-21,0,0,0
19884,CMP0078,1450,2024-06-21,0,0,0
19885,CMP0078,2548,2024-06-21,1,0,0
19886,CMP0078,3845,2024-06-21,0,0,0
19887,CMP0078,3093,2024-06-21,0,0,0
19888,CMP0078,1627,2024-06-21,1,0,0
19889,CMP0078,2095,2024-06-21,0,0,0
19890,CMP0078,2466,2024-06-21,0,0,0
19891,CMP0078,2182,2024-06-21,0,0,0
19892,CMP0078,2037,2024-06-21,1,0,0
19893,CMP0078,1446,2024-06-21,0,0,0
19894,CMP0078,2106,2024-06-21,1,0,0
19895,CMP0078,1477,2024-06-21,0,0,0
19896,CMP0078,2093,2024-06-21,0,0,0
19897,CMP0078,2388,2024-06-21,1,0,0
19898,CMP0078,91,2024-06-21,1,1,0
19899,CMP0078,2331,2024-06-21,0,0,0
19900,CMP0078,562,2024-06-21,1,1,0
19901,CMP0078,1528,2024-06-21,0,0,0
19902,CMP0078,606,2024-06-21,0,0,0
19903,CMP0078,3635,2024-06-21,0,0,0
19904,CMP0078,179,2024-06-21,0,0,0
19905,CMP0078,243,2024-06-21,0,0,0
19906,CMP0078,2851,2024-06-21,1,0,0
19907,CMP0078,3995,2024-06-21,0,0,0
19908,CMP0078,1170,2024-06-21,0,0,0
19909,CMP0078,3171,2024-06-21,1,0,0
19910,CMP0078,432,2024-06-21,0,0,0
19911,CMP0078,1161,2024-06-21,1,0,0
19912,CMP0078,3504,2024-06-21,0,0,0
19913,CMP0078,1655,2024-06-21,1,1,0
19914,CMP0078,1461,2024-06-21,0,0,0
19915,CMP0078,1953,2024-06-21,1,0,1
19916,CMP0078,3904,2024-06-21,0,0,0
19917,CMP0078,1970,2024-06-21,1,1,0
19918,CMP0078,2376,2024-06-21,1,0,0
19919,CMP0078,995,2024-06-21,1,0,0
19920,CMP0078,3016,2024-06-21,1,0,0
19921,CMP0078,629,2024-06-21,0,0,0
19922,CMP0078,3287,2024-06-21,0,0,0
19923,CMP0078,2232,2024-06-21,0,0,0
19924,CMP0078,444,2024-06-21,0,0,0
19925,CMP0078,2578,2024-06-21,1,0,0
19926,CMP0078,3512,2024-06-21,0,0,0
19927,CMP0078,2692,2024-06-21,0,0,0
19928,CMP0078,793,2024-06-21,0,0,0
19929,CMP0078,382,2024-06-21,1,0,0
19930,CMP0078,2133,2024-06-21,0,0,0
19931,CMP0078,3558,2024-06-21,0,0,0
19932,CMP0078,3261,2024-06-21,1,0,0
19933,CMP0078,825,2024-06-21,0,0,0
19934,CMP0078,3178,2024-06-21,1,0,0
19935,CMP0078,3270,2024-06-21,1,0,0
19936,CMP0078,1557,2024-06-21,0,0,0
19937,CMP0078,3499,2024-06-21,0,0,0
19938,CMP0078,970,2024-06-21,0,0,0
19939,CMP0078,581,2024-06-21,0,0,0
19940,CMP0078,1747,2024-06-21,0,0,0
19941,CMP0078,978,2024-06-21,0,0,0
19942,CMP0078,1014,2024-06-21,0,0,0
19943,CMP0078,610,2024-06-21,1,0,0
19944,CMP0078,3746,2024-06-21,0,0,0
19945,CMP0078,1474,2024-06-21,0,0,0
19946,CMP0078,3335,2024-06-21,0,0,0
19947,CMP0078,341,2024-06-21,1,0,0
19948,CMP0078,1990,2024-06-21,0,0,0
19949,CMP0078,2219,2024-06-21,0,0,0
19950,CMP0078,2538,2024-06-21,0,0,0
19951,CMP0078,3496,2024-06-21,1,0,0
19952,CMP0078,3117,2024-06-21,0,0,0
19953,CMP0078,741,2024-06-21,0,0,0
19954,CMP0078,601,2024-06-21,0,0,0
19955,CMP0078,828,2024-06-21,0,0,0
19956,CMP0078,1363,2024-06-21,0,0,0
19957,CMP0078,2948,2024-06-21,0,0,0
19958,CMP0078,2929,2024-06-21,0,0,0
19959,CMP0078,2136,2024-06-21,1,0,0
19960,CMP0078,2127,2024-06-21,1,0,0
19961,CMP0078,691,2024-06-21,1,0,0
19962,CMP0078,1710,2024-06-21,0,0,0
19963,CMP0078,4005,2024-06-21,0,0,0
19964,CMP0078,3206,2024-06-21,0,0,0
19965,CMP0078,774,2024-06-21,0,0,0
19966,CMP0078,3738,2024-06-21,0,0,0
19967,CMP0078,3854,2024-06-21,0,1,0
19968,CMP0078,1942,2024-06-21,1,0,0
19969,CMP0078,1480,2024-06-21,0,0,0
19970,CMP0078,1023,2024-06-21,0,0,0
19971,CMP0078,1058,2024-06-21,0,0,0
19972,CMP0078,3493,2024-06-21,1,1,0
19973,CMP0078,3337,2024-06-21,0,0,0
19974,CMP0078,3474,2024-06-21,0,0,0
19975,CMP0078,3933,2024-06-21,1,0,0
19976,CMP0078,1541,2024-06-21,0,0,0
19977,CMP0078,3128,2024-06-21,0,0,0
19978,CMP0078,2576,2024-06-21,0,0,0
19979,CMP0078,515,2024-06-21,0,0,0
19980,CMP0078,2806,2024-06-21,1,0,0
19981,CMP0078,530,2024-06-21,1,0,0
19982,CMP0078,2830,2024-06-21,0,0,0
19983,CMP0078,3781,2024-06-21,0,0,0
19984,CMP0078,96,2024-06-21,0,0,0
19985,CMP0078,2924,2024-06-21,1,0,0
19986,CMP0078,2858,2024-06-21,0,0,0
19987,CMP0078,785,2024-06-21,0,0,0
19988,CMP0078,280,2024-06-21,0,0,0
19989,CMP0078,2272,2024-06-21,1,0,0
19990,CMP0078,1907,2024-06-21,0,0,0
19991,CMP0078,3576,2024-06-21,1,0,0
19992,CMP0078,634,2024-06-21,1,0,0
19993,CMP0078,1880,2024-06-21,0,0,0
19994,CMP0078,752,2024-06-21,1,0,0
19995,CMP0078,949,2024-06-21,1,0,0
19996,CMP0078,2802,2024-06-21,0,0,0
19997,CMP0078,2643,2024-06-21,0,0,0
19998,CMP0078,3583,2024-06-21,0,0,0
19999,CMP0078,1264,2024-06-21,0,0,0
20000,CMP0078,2705,2024-06-21,1,0,0
20001,CMP0078,1999,2024-06-21,1,0,0
20002,CMP0078,2603,2024-06-21,0,0,0
20003,CMP0078,1016,2024-06-21,0,0,0
20004,CMP0078,1977,2024-06-21,0,0,0
20005,CMP0078,1667,2024-06-21,1,0,0
20006,CMP0078,1537,2024-06-21,1,0,0
20007,CMP0078,730,2024-06-21,0,0,0
20008,CMP0078,2001,2024-06-21,0,0,0
20009,CMP0078,4003,2024-06-21,1,0,0
20010,CMP0078,3154,2024-06-21,0,0,0
20011,CMP0078,2346,2024-06-21,1,0,0
20012,CMP0078,270,2024-06-21,0,0,0
20013,CMP0078,2173,2024-06-21,0,0,0
20014,CMP0078,3853,2024-06-21,1,0,0
20015,CMP0078,683,2024-06-21,0,0,0
20016,CMP0078,3185,2024-06-21,0,0,0
20017,CMP0078,2154,2024-06-21,0,0,0
20018,CMP0078,1624,2024-06-21,0,0,0
20019,CMP0078,1649,2024-06-21,0,0,0
20020,CMP0078,3066,2024-06-21,1,0,0
20021,CMP0078,2278,2024-06-21,0,0,0
20022,CMP0078,3696,2024-06-21,0,0,0
20023,CMP0078,1754,2024-06-21,0,0,0
20024,CMP0078,2236,2024-06-21,0,0,0
20025,CMP0078,188,2024-06-21,1,0,0
20026,CMP0078,3089,2024-06-21,0,0,0
20027,CMP0078,1538,2024-06-21,0,0,0
20028,CMP0078,3671,2024-06-21,0,0,0
20029,CMP0078,3979,2024-06-21,0,0,1
20030,CMP0078,2788,2024-06-21,0,0,0
20031,CMP0078,670,2024-06-21,1,0,0
20032,CMP0078,1908,2024-06-21,0,0,0
20033,CMP0078,1476,2024-06-21,1,1,0
20034,CMP0078,277,2024-06-21,0,0,0
20035,CMP0078,1985,2024-06-21,0,0,0
20036,CMP0078,2189,2024-06-21,0,0,0
20037,CMP0078,3269,2024-06-21,1,0,0
20038,CMP0078,3688,2024-06-21,0,0,0
20039,CMP0078,240,2024-06-21,0,0,0
20040,CMP0078,682,2024-06-21,1,0,0
20041,CMP0078,3366,2024-06-21,0,0,0
20042,CMP0078,3907,2024-06-21,0,0,0
20043,CMP0078,543,2024-06-21,0,0,0
20044,CMP0078,3970,2024-06-21,0,0,0
20045,CMP0078,1619,2024-06-21,1,0,0
20046,CMP0078,2379,2024-06-21,0,0,0
20047,CMP0078,2786,2024-06-21,0,0,0
20048,CMP0078,300,2024-06-21,0,0,0
20049,CMP0078,3832,2024-06-21,0,1,0
20050,CMP0078,1767,2024-06-21,0,0,0
20051,CMP0078,224,2024-06-21,0,0,0
20052,CMP0078,894,2024-06-21,1,1,0
20053,CMP0078,3557,2024-06-21,0,0,0
20054,CMP0078,3399,2024-06-21,0,0,0
20055,CMP0078,3110,2024-06-21,0,0,0
20056,CMP0078,2053,2024-06-21,1,0,0
20057,CMP0078,2020,2024-06-21,0,0,0
20058,CMP0078,920,2024-06-21,0,0,0
20059,CMP0078,420,2024-06-21,0,0,0
20060,CMP0078,3788,2024-06-21,0,0,0
20061,CMP0078,831,2024-06-21,1,0,0
20062,CMP0078,460,2024-06-21,0,0,0
20063,CMP0078,1721,2024-06-21,0,0,0
20064,CMP0078,1212,2024-06-21,0,0,0
20065,CMP0078,2070,2024-06-21,0,0,0
20066,CMP0078,1244,2024-06-21,0,1,0
20067,CMP0078,3892,2024-06-21,1,0,0
20068,CMP0078,643,2024-06-21,0,0,0
20069,CMP0078,646,2024-06-21,0,0,0
20070,CMP0078,252,2024-06-21,0,0,0
20071,CMP0078,1609,2024-06-21,0,0,0
20072,CMP0078,1387,2024-06-21,0,0,0
20073,CMP0078,352,2024-06-21,0,0,0
20074,CMP0078,2339,2024-06-21,1,0,0
20075,CMP0078,3318,2024-06-21,0,0,0
20076,CMP0078,1644,2024-06-21,1,0,0
20077,CMP0078,673,2024-06-21,0,0,0
20078,CMP0078,2047,2024-06-21,1,0,0
20079,CMP0078,2712,2024-06-21,0,0,0
20080,CMP0078,3266,2024-06-21,0,0,0
20081,CMP0078,521,2024-06-21,0,0,0
20082,CMP0078,1038,2024-06-21,0,0,0
20083,CMP0078,35,2024-06-21,0,0,0
20084,CMP0078,1049,2024-06-21,0,0,0
20085,CMP0078,2202,2024-06-21,1,0,0
20086,CMP0078,2470,2024-06-21,0,0,0
20087,CMP0078,2387,2024-06-21,1,0,0
20088,CMP0078,1574,2024-06-21,1,0,0
20089,CMP0078,3077,2024-06-21,0,0,0
20090,CMP0078,1352,2024-06-21,1,0,0
20091,CMP0078,1948,2024-06-21,0,0,0
20092,CMP0078,59,2024-06-21,1,0,0
20093,CMP0078,3438,2024-06-21,1,0,0
20094,CMP0078,2042,2024-06-21,0,0,0
20095,CMP0078,1143,2024-06-21,0,0,0
20096,CMP0078,1704,2024-06-21,0,0,0
20097,CMP0078,2280,2024-06-21,0,0,0
20098,CMP0078,2374,2024-06-21,0,0,0
20099,CMP0078,2530,2024-06-21,0,0,0
20100,CMP0078,2509,2024-06-21,0,0,0
20101,CMP0078,2234,2024-06-21,0,0,0
20102,CMP0078,2158,2024-06-21,1,0,0
20103,CMP0078,1577,2024-06-21,1,0,0
20104,CMP0078,187,2024-06-21,0,0,0
20105,CMP0078,2238,2024-06-21,0,0,0
20106,CMP0078,2619,2024-06-21,1,0,0
20107,CMP0078,3575,2024-06-21,1,0,0
20108,CMP0078,1272,2024-06-21,0,0,0
20109,CMP0078,1569,2024-06-21,1,0,0
20110,CMP0078,979,2024-06-21,0,0,0
20111,CMP0078,1084,2024-06-21,1,0,0
20112,CMP0078,325,2024-06-21,0,0,0
20113,CMP0078,2635,2024-06-21,1,0,0
20114,CMP0078,1404,2024-06-21,0,0,0
20115,CMP0078,2140,2024-06-21,1,1,0
20116,CMP0078,3426,2024-06-21,0,0,0
20117,CMP0078,1553,2024-06-21,0,0,0
20118,CMP0078,1360,2024-06-21,0,0,0
20119,CMP0078,129,2024-06-21,0,0,0
20120,CMP0078,2476,2024-06-21,0,0,0
20121,CMP0078,3291,2024-06-21,1,1,0
20122,CMP0078,2368,2024-06-21,0,0,0
20123,CMP0078,3001,2024-06-21,1,0,0
20124,CMP0078,1225,2024-06-21,1,0,0
20125,CMP0078,106,2024-06-21,0,0,0
20126,CMP0078,2887,2024-06-21,0,0,0
20127,CMP0078,2756,2024-06-21,1,0,0
20128,CMP0078,1092,2024-06-21,0,0,0
20129,CMP0078,1349,2024-06-21,1,0,0
20130,CMP0078,1261,2024-06-21,0,0,0
20131,CMP0078,3665,2024-06-21,0,0,0
20132,CMP0078,3806,2024-06-21,1,0,0
20133,CMP0078,1606,2024-06-21,0,0,0
20134,CMP0078,1925,2024-06-21,0,0,0
20135,CMP0078,2328,2024-06-21,0,0,0
20136,CMP0078,1118,2024-06-21,1,0,0
20137,CMP0078,1177,2024-06-21,0,0,0
20138,CMP0078,190,2024-06-21,0,0,0
20139,CMP0078,1319,2024-06-21,1,1,0
20140,CMP0078,2146,2024-06-21,0,0,0
20141,CMP0078,295,2024-06-21,0,0,0
20142,CMP0078,3414,2024-06-21,0,0,0
20143,CMP0078,3086,2024-06-21,0,0,0
20144,CMP0078,1361,2024-06-21,1,0,0
20145,CMP0078,2485,2024-06-21,0,0,0
20146,CMP0078,506,2024-06-21,0,0,0
20147,CMP0078,1373,2024-06-21,0,0,0
20148,CMP0078,2436,2024-06-21,0,0,0
20149,CMP0078,2244,2024-06-21,1,0,0
20150,CMP0078,3982,2024-06-21,0,0,0
20151,CMP0078,3437,2024-06-21,1,0,0
20152,CMP0078,4013,2024-06-21,0,0,0
20153,CMP0078,633,2024-06-21,0,0,0
20154,CMP0078,1917,2024-06-21,0,0,0
20155,CMP0078,2597,2024-06-21,0,0,0
20156,CMP0078,2656,2024-06-21,0,0,0
20157,CMP0078,1012,2024-06-21,0,0,0
20158,CMP0078,1770,2024-06-21,1,0,0
20159,CMP0078,2537,2024-06-21,0,0,0
20160,CMP0078,465,2024-06-21,0,0,0
20161,CMP0078,3327,2024-06-21,1,0,0
20162,CMP0078,3898,2024-06-21,0,0,0
20163,CMP0078,2879,2024-06-21,1,0,0
20164,CMP0078,1253,2024-06-21,0,0,0
20165,CMP0078,3804,2024-06-21,1,0,0
20166,CMP0078,299,2024-06-21,0,0,0
20167,CMP0078,3177,2024-06-21,1,0,0
20168,CMP0078,989,2024-06-21,0,0,0
20169,CMP0078,402,2024-06-21,1,0,0
20170,CMP0078,2421,2024-06-21,0,0,1
20171,CMP0078,333,2024-06-21,0,0,0
20172,CMP0078,976,2024-06-21,0,0,0
20173,CMP0078,2767,2024-06-21,1,1,0
20174,CMP0078,3102,2024-06-21,0,0,0
20175,CMP0078,550,2024-06-21,0,0,0
20176,CMP0078,1230,2024-06-21,0,0,0
20177,CMP0078,1193,2024-06-21,0,0,0
20178,CMP0078,1835,2024-06-21,0,0,0
20179,CMP0078,221,2024-06-21,0,0,0
20180,CMP0078,2050,2024-06-21,0,0,0
20181,CMP0078,3418,2024-06-21,1,1,0
20182,CMP0078,880,2024-06-21,0,0,0
20183,CMP0078,3024,2024-06-21,0,0,0
20184,CMP0078,3888,2024-06-21,0,0,0
20185,CMP0078,74,2024-06-21,1,0,0
20186,CMP0078,3977,2024-06-21,1,1,0
20187,CMP0078,2912,2024-06-21,0,0,0
20188,CMP0078,3407,2024-06-21,0,0,0
20189,CMP0078,996,2024-06-21,0,0,0
20190,CMP0078,1379,2024-06-21,0,0,0
20191,CMP0078,227,2024-06-21,0,0,0
20192,CMP0078,3183,2024-06-21,1,0,0
20193,CMP0078,61,2024-06-21,0,0,0
20194,CMP0078,2264,2024-06-21,0,0,0
20195,CMP0078,2535,2024-06-21,1,0,0
20196,CMP0078,841,2024-06-21,0,0,0
20197,CMP0078,2566,2024-06-21,0,0,0
20198,CMP0078,2359,2024-06-21,0,0,0
20199,CMP0078,2397,2024-06-21,1,0,0
20200,CMP0078,1870,2024-06-21,0,0,0
20201,CMP0078,3230,2024-06-21,1,0,0
20202,CMP0078,3216,2024-06-21,0,0,0
20203,CMP0078,3234,2024-06-21,0,0,0
20204,CMP0078,527,2024-06-21,0,0,0
20205,CMP0078,3823,2024-06-21,1,0,0
20206,CMP0078,3080,2024-06-21,1,1,0
20207,CMP0078,1157,2024-06-21,0,0,0
20208,CMP0078,3542,2024-06-21,0,0,0
20209,CMP0078,401,2024-06-21,1,0,0
20210,CMP0078,2809,2024-06-21,0,0,0
20211,CMP0078,1886,2024-06-21,1,1,0
20212,CMP0078,3464,2024-06-21,1,0,0
20213,CMP0078,3677,2024-06-21,0,0,0
20214,CMP0078,2495,2024-06-21,0,0,0
20215,CMP0078,490,2024-06-21,1,0,0
20216,CMP0078,323,2024-06-21,1,0,0
20217,CMP0078,196,2024-06-21,1,0,0
20218,CMP0078,1091,2024-06-21,1,0,0
20219,CMP0078,3436,2024-06-21,0,0,0
20220,CMP0078,1334,2024-06-21,1,0,0
20221,CMP0078,143,2024-06-21,1,0,0
20222,CMP0078,1414,2024-06-21,0,0,0
20223,CMP0078,2700,2024-06-21,1,0,0
20224,CMP0078,361,2024-06-21,0,0,0
20225,CMP0078,1525,2024-06-21,1,0,0
20226,CMP0078,2320,2024-06-21,0,0,0
20227,CMP0078,3758,2024-06-21,0,0,0
20228,CMP0078,3036,2024-06-21,0,0,0
20229,CMP0078,164,2024-06-21,0,0,0
20230,CMP0078,222,2024-06-21,0,0,0
20231,CMP0078,3071,2024-06-21,0,0,0
20232,CMP0078,571,2024-06-21,0,0,0
20233,CMP0078,1943,2024-06-21,0,0,0
20234,CMP0078,3721,2024-06-21,0,0,0
20235,CMP0078,2974,2024-06-21,0,0,0
20236,CMP0078,1451,2024-06-21,0,0,0
20237,CMP0078,3045,2024-06-21,0,0,0
20238,CMP0078,3150,2024-06-21,1,0,0
20239,CMP0078,3207,2024-06-21,1,0,0
20240,CMP0078,464,2024-06-21,1,0,0
20241,CMP0078,2024,2024-06-21,1,1,0
20242,CMP0078,1937,2024-06-21,1,0,0
20243,CMP0078,1062,2024-06-21,0,0,0
20244,CMP0078,487,2024-06-21,1,0,0
20245,CMP0078,2312,2024-06-21,1,0,0
20246,CMP0078,2795,2024-06-21,1,0,0
20247,CMP0078,2478,2024-06-21,0,0,0
20248,CMP0078,3756,2024-06-21,0,0,0
20249,CMP0078,1221,2024-06-21,0,0,0
20250,CMP0078,3299,2024-06-21,0,0,0
20251,CMP0078,3577,2024-06-21,1,0,0
20252,CMP0078,245,2024-06-21,1,1,0
20253,CMP0078,360,2024-06-21,0,0,0
20254,CMP0078,1640,2024-06-21,1,0,0
20255,CMP0078,3619,2024-06-21,0,0,0
20256,CMP0078,1828,2024-06-21,1,0,0
20257,CMP0078,264,2024-06-21,0,0,0
20258,CMP0078,3326,2024-06-21,0,0,0
20259,CMP0078,2731,2024-06-21,0,0,0
20260,CMP0078,408,2024-06-21,1,1,0
20261,CMP0078,2812,2024-06-21,0,0,0
20262,CMP0078,76,2024-06-21,1,1,0
20263,CMP0078,1927,2024-06-21,0,0,0
20264,CMP0078,3052,2024-06-21,0,0,0
20265,CMP0078,1241,2024-06-21,0,0,0
20266,CMP0078,3887,2024-06-21,1,0,0
20267,CMP0078,1271,2024-06-21,0,0,0
20268,CMP0078,817,2024-06-21,0,0,0
20269,CMP0078,2144,2024-06-21,0,0,0
20270,CMP0078,1024,2024-06-21,0,0,0
20271,CMP0078,1914,2024-06-21,0,0,0
20272,CMP0078,3109,2024-06-21,0,0,0
20273,CMP0078,662,2024-06-21,0,0,0
20274,CMP0078,3585,2024-06-21,0,0,0
20275,CMP0078,1005,2024-06-21,1,0,0
20276,CMP0078,2651,2024-06-21,1,0,0
20277,CMP0078,962,2024-06-21,0,0,0
20278,CMP0078,1356,2024-06-21,0,0,0
20279,CMP0078,2916,2024-06-21,0,0,0
20280,CMP0078,2497,2024-06-21,0,0,0
20281,CMP0078,1745,2024-06-21,0,0,0
20282,CMP0078,2060,2024-06-21,0,0,0
20283,CMP0078,2503,2024-06-21,0,0,0
20284,CMP0078,2141,2024-06-21,1,0,0
20285,CMP0078,3054,2024-06-21,0,0,0
20286,CMP0078,624,2024-06-21,1,0,0
20287,CMP0078,2443,2024-06-21,0,0,0
20288,CMP0078,1905,2024-06-21,0,0,0
20289,CMP0078,3554,2024-06-21,1,0,0
20290,CMP0078,2345,2024-06-21,0,0,0
20291,CMP0078,751,2024-06-21,0,0,0
20292,CMP0078,3214,2024-06-21,0,0,0
20293,CMP0078,166,2024-06-21,0,0,0
20294,CMP0078,749,2024-06-21,0,0,0
20295,CMP0078,2003,2024-06-21,1,0,0
20296,CMP0078,710,2024-06-21,0,0,0
20297,CMP0078,842,2024-06-21,0,0,0
20298,CMP0078,684,2024-06-21,1,0,0
20299,CMP0078,2638,2024-06-21,0,0,0
20300,CMP0078,982,2024-06-21,1,0,0
20301,CMP0078,2908,2024-06-21,0,0,0
20302,CMP0078,3728,2024-06-21,0,0,0
20303,CMP0078,3877,2024-06-21,0,0,0
20304,CMP0078,3709,2024-06-21,1,0,0
20305,CMP0078,1594,2024-06-21,0,0,0
20306,CMP0078,1488,2024-06-21,1,1,0
20307,CMP0078,3948,2024-06-21,0,0,0
20308,CMP0078,2065,2024-06-21,1,0,0
20309,CMP0078,1832,2024-06-21,0,0,0
20310,CMP0078,3433,2024-06-21,1,0,0
20311,CMP0078,2196,2024-06-21,0,0,0
20312,CMP0078,3872,2024-06-21,0,0,0
20313,CMP0078,1735,2024-06-21,0,0,0
20314,CMP0078,3720,2024-06-21,0,0,0
20315,CMP0078,1581,2024-06-21,0,0,0
20316,CMP0078,1722,2024-06-21,1,0,0
20317,CMP0078,532,2024-06-21,0,0,0
20318,CMP0078,826,2024-06-21,1,0,0
20319,CMP0078,1841,2024-06-21,0,0,0
20320,CMP0078,2888,2024-06-21,1,0,0
20321,CMP0078,2487,2024-06-21,0,0,0
20322,CMP0078,2242,2024-06-21,0,0,0
20323,CMP0078,3209,2024-06-21,0,0,0
20324,CMP0078,1558,2024-06-21,1,0,0
20325,CMP0078,985,2024-06-21,0,0,0
20326,CMP0078,2239,2024-06-21,1,0,0
20327,CMP0078,3477,2024-06-21,0,0,0
20328,CMP0078,3913,2024-06-21,0,0,0
20329,CMP0078,955,2024-06-21,0,0,0
20330,CMP0078,2896,2024-06-21,0,0,0
20331,CMP0078,3255,2024-06-21,1,1,0
20332,CMP0078,505,2024-06-21,1,0,0
20333,CMP0078,819,2024-06-21,1,0,0
20334,CMP0078,3452,2024-06-21,1,0,0
20335,CMP0078,2039,2024-06-21,1,0,0
20336,CMP0078,1768,2024-06-21,0,0,0
20337,CMP0078,914,2024-06-21,1,0,0
20338,CMP0078,1142,2024-06-21,0,0,0
20339,CMP0078,836,2024-06-21,0,0,0
20340,CMP0078,3348,2024-06-21,1,0,0
20341,CMP0078,3782,2024-06-21,0,0,0
20342,CMP0078,3068,2024-06-21,0,0,0
20343,CMP0078,1033,2024-06-21,0,0,0
20344,CMP0078,499,2024-06-21,0,0,0
20345,CMP0078,2682,2024-06-21,0,0,0
20346,CMP0078,586,2024-06-21,1,0,0
20347,CMP0078,1034,2024-06-21,0,0,0
20348,CMP0078,926,2024-06-21,0,0,0
20349,CMP0078,2071,2024-06-21,1,0,0
20350,CMP0078,3223,2024-06-21,0,0,0
20351,CMP0078,1299,2024-06-21,0,0,0
20352,CMP0078,2946,2024-06-21,0,0,0
20353,CMP0078,3487,2024-06-21,0,0,0
20354,CMP0078,122,2024-06-21,0,0,1
20355,CMP0078,724,2024-06-21,0,0,0
20356,CMP0078,1295,2024-06-21,1,0,0
20357,CMP0078,3249,2024-06-21,0,0,0
20358,CMP0078,1224,2024-06-21,1,0,0
20359,CMP0078,149,2024-06-21,1,0,0
20360,CMP0078,71,2024-06-21,0,0,0
20361,CMP0078,3868,2024-06-21,0,0,0
20362,CMP0078,3466,2024-06-21,1,1,0
20363,CMP0078,965,2024-06-21,1,0,0
20364,CMP0078,2845,2024-06-21,1,0,0
20365,CMP0078,2922,2024-06-21,0,1,0
20366,CMP0078,1415,2024-06-21,1,1,0
20367,CMP0078,3219,2024-06-21,0,0,0
20368,CMP0078,3143,2024-06-21,1,0,0
20369,CMP0078,823,2024-06-21,0,0,0
20370,CMP0078,2490,2024-06-21,0,0,0
20371,CMP0078,2289,2024-06-21,0,0,0
20372,CMP0078,1755,2024-06-21,0,0,0
20373,CMP0078,1478,2024-06-21,0,0,0
20374,CMP0078,807,2024-06-21,0,0,0
20375,CMP0078,3833,2024-06-21,1,0,0
20376,CMP0078,2358,2024-06-21,0,0,0
20377,CMP0078,1030,2024-06-21,1,0,0
20378,CMP0078,569,2024-06-21,1,0,0
20379,CMP0078,3817,2024-06-21,0,0,0
20380,CMP0078,1327,2024-06-21,1,0,0
20381,CMP0078,2982,2024-06-21,0,0,0
20382,CMP0078,2179,2024-06-21,0,0,0
20383,CMP0078,298,2024-06-21,0,0,0
20384,CMP0078,2335,2024-06-21,0,0,0
20385,CMP0078,696,2024-06-21,0,0,0
20386,CMP0078,2145,2024-06-21,1,1,0
20387,CMP0078,473,2024-06-21,1,0,0
20388,CMP0078,870,2024-06-21,0,0,0
20389,CMP0078,1851,2024-06-21,0,0,0
20390,CMP0078,3226,2024-06-21,1,0,0
20391,CMP0078,1565,2024-06-21,0,0,0
20392,CMP0078,2480,2024-06-21,1,0,0
20393,CMP0078,3484,2024-06-21,0,0,0
20394,CMP0078,3761,2024-06-21,1,0,0
20395,CMP0078,2876,2024-06-21,0,0,0
20396,CMP0078,3416,2024-06-21,0,0,0
20397,CMP0078,1665,2024-06-21,1,0,0
20398,CMP0078,313,2024-06-21,0,0,0
20399,CMP0078,2763,2024-06-21,0,0,0
20400,CMP0078,485,2024-06-21,0,0,0
20401,CMP0078,2385,2024-06-21,1,0,0
20402,CMP0078,947,2024-06-21,0,0,0
20403,CMP0078,1502,2024-06-21,0,0,0
20404,CMP0078,805,2024-06-21,1,0,0
20405,CMP0078,2587,2024-06-21,0,0,0
20406,CMP0078,11,2024-06-21,0,0,0
20407,CMP0078,2752,2024-06-21,1,0,0
20408,CMP0078,2126,2024-06-21,0,0,0
20409,CMP0078,2424,2024-06-21,0,0,0
20410,CMP0078,3528,2024-06-21,1,0,0
20411,CMP0078,2591,2024-06-21,0,0,0
20412,CMP0078,1991,2024-06-21,0,0,0
20413,CMP0078,2066,2024-06-21,0,0,0
20414,CMP0078,573,2024-06-21,0,0,0
20415,CMP0078,37,2024-06-21,1,1,0
20416,CMP0078,1100,2024-06-21,0,0,0
20417,CMP0078,859,2024-06-21,0,0,0
20418,CMP0078,3517,2024-06-21,1,0,0
20419,CMP0078,1285,2024-06-21,1,0,0
20420,CMP0078,832,2024-06-21,0,0,0
20421,CMP0078,2732,2024-06-21,0,0,0
20422,CMP0078,851,2024-06-21,0,0,0
20423,CMP0078,3431,2024-06-21,0,0,0
20424,CMP0078,2536,2024-06-21,1,0,0
20425,CMP0078,156,2024-06-21,0,0,0
20426,CMP0078,439,2024-06-21,0,0,0
20427,CMP0078,3350,2024-06-21,0,0,0
20428,CMP0078,162,2024-06-21,0,0,1
20429,CMP0078,75,2024-06-21,0,0,0
20430,CMP0078,2513,2024-06-21,0,0,0
20431,CMP0078,2798,2024-06-21,0,0,0
20432,CMP0078,1156,2024-06-21,0,0,0
20433,CMP0078,3740,2024-06-21,0,0,0
20434,CMP0078,3955,2024-06-21,0,0,0
20435,CMP0078,780,2024-06-21,0,0,0
20436,CMP0078,2287,2024-06-21,0,0,0
20437,CMP0078,3739,2024-06-21,0,0,0
20438,CMP0078,2880,2024-06-21,0,0,0
20439,CMP0078,615,2024-06-21,0,0,0
20440,CMP0078,3227,2024-06-21,0,0,0
20441,CMP0078,716,2024-06-21,1,1,0
20442,CMP0078,1434,2024-06-21,0,0,0
20443,CMP0078,2757,2024-06-21,0,0,0
20444,CMP0078,3065,2024-06-21,0,0,0
20445,CMP0078,493,2024-06-21,0,0,0
20446,CMP0078,3815,2024-06-21,0,0,0
20447,CMP0078,173,2024-06-21,0,0,0
20448,CMP0078,3943,2024-06-21,0,0,0
20449,CMP0078,167,2024-06-21,1,0,0
20450,CMP0078,3459,2024-06-21,0,0,0
20451,CMP0078,2923,2024-06-21,0,0,0
20452,CMP0078,3184,2024-06-21,0,0,0
20453,CMP0078,1963,2024-06-21,0,0,0
20454,CMP0078,10,2024-06-21,0,0,0
20455,CMP0078,2462,2024-06-21,0,0,0
20456,CMP0078,860,2024-06-21,0,0,0
20457,CMP0078,2768,2024-06-21,1,0,0
20458,CMP0078,1679,2024-06-21,0,0,0
20459,CMP0078,1873,2024-06-21,0,0,0
20460,CMP0078,3672,2024-06-21,1,0,0
20461,CMP0078,3920,2024-06-21,0,0,0
20462,CMP0078,2363,2024-06-21,0,0,0
20463,CMP0078,102,2024-06-21,0,0,0
20464,CMP0078,4,2024-06-21,1,0,0
20465,CMP0078,3588,2024-06-21,1,0,0
20466,CMP0078,1526,2024-06-21,0,1,0
20467,CMP0078,3647,2024-06-21,0,0,0
20468,CMP0078,2641,2024-06-21,1,0,0
20469,CMP0078,1071,2024-06-21,1,0,0
20470,CMP0078,729,2024-06-21,0,0,0
20471,CMP0078,2665,2024-06-21,0,0,0
20472,CMP0078,3392,2024-06-21,1,0,0
20473,CMP0078,618,2024-06-21,1,0,0
20474,CMP0078,3170,2024-06-21,0,0,0
20475,CMP0078,1884,2024-06-21,1,0,0
20476,CMP0078,2390,2024-06-21,0,0,0
20477,CMP0078,3798,2024-06-21,0,0,0
20478,CMP0078,453,2024-06-21,1,1,0
20479,CMP0078,2084,2024-06-21,0,0,0
20480,CMP0078,523,2024-06-21,0,0,0
20481,CMP0078,3715,2024-06-21,1,0,0
20482,CMP0078,1650,2024-06-21,1,0,0
20483,CMP0078,3146,2024-06-21,0,0,0
20484,CMP0078,2698,2024-06-21,1,0,0
20485,CMP0078,3618,2024-06-21,0,0,0
20486,CMP0078,1788,2024-06-21,1,0,0
20487,CMP0078,3708,2024-06-21,0,0,0
20488,CMP0078,3984,2024-06-21,0,0,0
20489,CMP0078,1022,2024-06-21,0,0,0
20490,CMP0078,3941,2024-06-21,0,0,0
20491,CMP0078,2313,2024-06-21,0,0,0
20492,CMP0078,2783,2024-06-21,1,1,0
20493,CMP0078,2957,2024-06-21,0,0,0
20494,CMP0078,865,2024-06-21,0,0,0
20495,CMP0078,3870,2024-06-21,0,0,0
20496,CMP0078,1381,2024-06-21,0,0,0
20497,CMP0078,3541,2024-06-21,0,0,0
20498,CMP0078,2354,2024-06-21,1,0,0
20499,CMP0078,1109,2024-06-21,0,0,0
20500,CMP0078,3481,2024-06-21,0,0,0
20501,CMP0078,1226,2024-06-21,0,0,0
20502,CMP0078,3827,2024-06-21,0,0,0
20503,CMP0078,725,2024-06-21,1,0,0
20504,CMP0078,2123,2024-06-21,1,0,0
20505,CMP0078,628,2024-06-21,0,0,0
20506,CMP0078,3229,2024-06-21,0,0,0
20507,CMP0078,1148,2024-06-21,0,0,0
20508,CMP0078,600,2024-06-21,0,0,0
20509,CMP0078,866,2024-06-21,0,0,0
20510,CMP0078,1714,2024-06-21,1,0,0
20511,CMP0078,3062,2024-06-21,0,0,0
20512,CMP0078,1595,2024-06-21,1,0,0
20513,CMP0078,1992,2024-06-21,1,1,0
20514,CMP0078,2472,2024-06-21,0,0,0
20515,CMP0078,219,2024-06-21,1,0,0
20516,CMP0078,1899,2024-06-21,1,1,0
20517,CMP0078,2672,2024-06-21,0,0,0
20518,CMP0078,504,2024-06-21,1,1,0
20519,CMP0078,1018,2024-06-21,0,0,0
20520,CMP0078,582,2024-06-21,1,0,0
20521,CMP0078,1748,2024-06-21,1,0,0
20522,CMP0078,1348,2024-06-21,1,0,0
20523,CMP0078,534,2024-06-21,0,0,0
20524,CMP0078,516,2024-06-21,0,0,0
20525,CMP0078,3961,2024-06-21,0,0,0
20526,CMP0078,2815,2024-06-21,0,0,0
20527,CMP0078,3037,2024-06-21,0,0,0
20528,CMP0078,551,2024-06-21,0,0,0
20529,CMP0078,301,2024-06-21,0,0,0
20530,CMP0078,2295,2024-06-21,0,0,0
20531,CMP0078,2833,2024-06-21,0,0,0
20532,CMP0078,24,2024-06-21,0,0,0
20533,CMP0078,2406,2024-06-21,0,0,0
20534,CMP0078,3409,2024-06-21,0,0,0
20535,CMP0078,1598,2024-06-21,1,0,0
20536,CMP0078,2738,2024-06-21,0,0,0
20537,CMP0078,3562,2024-06-21,0,0,0
20538,CMP0078,281,2024-06-21,0,0,0
20539,CMP0078,3103,2024-06-21,0,0,0
20540,CMP0124,2663,2025-11-13,0,0,0
20541,CMP0124,569,2025-11-13,0,0,0
20542,CMP0124,3297,2025-11-13,0,0,0
20543,CMP0124,1215,2025-11-13,0,0,0
20544,CMP0124,573,2025-11-13,0,1,0
20545,CMP0124,2866,2025-11-13,0,0,0
20546,CMP0124,2356,2025-11-13,1,0,0
20547,CMP0124,974,2025-11-13,0,0,0
20548,CMP0124,1960,2025-11-13,0,0,0
20549,CMP0124,3060,2025-11-13,0,0,0
20550,CMP0124,3474,2025-11-13,1,0,0
20551,CMP0124,1132,2025-11-13,0,0,0
20552,CMP0124,1788,2025-11-13,0,0,0
20553,CMP0124,3222,2025-11-13,0,0,0
20554,CMP0124,317,2025-11-13,0,0,0
20555,CMP0124,1598,2025-11-13,0,0,0
20556,CMP0124,2136,2025-11-13,1,0,0
20557,CMP0124,551,2025-11-13,0,0,0
20558,CMP0124,1702,2025-11-13,0,0,0
20559,CMP0124,1434,2025-11-13,1,0,0
20560,CMP0124,452,2025-11-13,1,0,0
20561,CMP0124,3219,2025-11-13,0,0,0
20562,CMP0124,808,2025-11-13,1,1,0
20563,CMP0124,3126,2025-11-13,0,0,0
20564,CMP0124,398,2025-11-13,0,0,0
20565,CMP0124,3109,2025-11-13,1,0,0
20566,CMP0124,2296,2025-11-13,1,0,0
20567,CMP0124,2836,2025-11-13,0,0,0
20568,CMP0124,1084,2025-11-13,0,0,0
20569,CMP0124,1710,2025-11-13,0,0,0
20570,CMP0124,2845,2025-11-13,0,0,0
20571,CMP0124,2279,2025-11-13,0,0,0
20572,CMP0124,1513,2025-11-13,0,0,0
20573,CMP0124,3982,2025-11-13,0,0,0
20574,CMP0124,2789,2025-11-13,1,0,0
20575,CMP0124,3519,2025-11-13,0,0,0
20576,CMP0124,3458,2025-11-13,0,0,0
20577,CMP0124,3215,2025-11-13,0,0,0
20578,CMP0124,2422,2025-11-13,1,0,0
20579,CMP0124,2234,2025-11-13,0,0,0
20580,CMP0124,1363,2025-11-13,1,0,0
20581,CMP0124,1670,2025-11-13,0,0,0
20582,CMP0124,3030,2025-11-13,0,0,0
20583,CMP0124,1511,2025-11-13,0,0,0
20584,CMP0124,2428,2025-11-13,1,1,0
20585,CMP0124,1594,2025-11-13,1,0,0
20586,CMP0124,300,2025-11-13,0,0,0
20587,CMP0124,264,2025-11-13,1,0,0
20588,CMP0124,3290,2025-11-13,0,0,0
20589,CMP0124,1864,2025-11-13,1,0,0
20590,CMP0124,3643,2025-11-13,1,1,0
20591,CMP0124,2433,2025-11-13,0,0,0
20592,CMP0124,2305,2025-11-13,1,0,0
20593,CMP0124,3800,2025-11-13,0,0,0
20594,CMP0124,3846,2025-11-13,0,1,0
20595,CMP0124,1754,2025-11-13,0,0,0
20596,CMP0124,1118,2025-11-13,0,0,0
20597,CMP0124,425,2025-11-13,0,0,0
20598,CMP0124,2193,2025-11-13,0,0,0
20599,CMP0124,983,2025-11-13,1,1,0
20600,CMP0124,2122,2025-11-13,0,0,0
20601,CMP0124,1437,2025-11-13,1,0,0
20602,CMP0124,1971,2025-11-13,0,0,0
20603,CMP0124,966,2025-11-13,0,0,0
20604,CMP0124,3466,2025-11-13,0,0,0
20605,CMP0124,870,2025-11-13,0,0,0
20606,CMP0124,3133,2025-11-13,0,0,0
20607,CMP0124,122,2025-11-13,0,0,0
20608,CMP0124,1019,2025-11-13,1,0,0
20609,CMP0124,785,2025-11-13,0,0,0
20610,CMP0124,135,2025-11-13,0,0,0
20611,CMP0124,2765,2025-11-13,0,0,0
20612,CMP0124,2876,2025-11-13,1,0,0
20613,CMP0124,3321,2025-11-13,0,0,0
20614,CMP0124,1963,2025-11-13,0,0,0
20615,CMP0124,2951,2025-11-13,1,0,0
20616,CMP0124,89,2025-11-13,0,0,0
20617,CMP0124,2178,2025-11-13,1,0,0
20618,CMP0124,1749,2025-11-13,0,0,0
20619,CMP0124,3897,2025-11-13,1,0,0
20620,CMP0124,3216,2025-11-13,1,1,0
20621,CMP0124,3558,2025-11-13,0,0,0
20622,CMP0124,1158,2025-11-13,0,0,0
20623,CMP0124,1768,2025-11-13,1,0,0
20624,CMP0124,970,2025-11-13,0,0,0
20625,CMP0124,989,2025-11-13,0,0,0
20626,CMP0124,2963,2025-11-13,0,0,0
20627,CMP0124,3879,2025-11-13,0,0,0
20628,CMP0124,2447,2025-11-13,0,0,0
20629,CMP0124,1902,2025-11-13,0,0,0
20630,CMP0124,2232,2025-11-13,0,0,0
20631,CMP0124,1951,2025-11-13,1,0,0
20632,CMP0124,1572,2025-11-13,0,0,0
20633,CMP0124,1290,2025-11-13,0,0,0
20634,CMP0124,490,2025-11-13,1,1,0
20635,CMP0124,940,2025-11-13,1,1,0
20636,CMP0124,979,2025-11-13,1,0,0
20637,CMP0124,772,2025-11-13,1,0,0
20638,CMP0124,3162,2025-11-13,0,0,0
20639,CMP0124,2741,2025-11-13,1,0,0
20640,CMP0124,2969,2025-11-13,0,0,0
20641,CMP0124,2123,2025-11-13,1,0,0
20642,CMP0124,1828,2025-11-13,1,0,0
20643,CMP0124,1478,2025-11-13,0,0,0
20644,CMP0124,1037,2025-11-13,0,0,0
20645,CMP0124,11,2025-11-13,0,0,0
20646,CMP0124,913,2025-11-13,0,0,0
20647,CMP0124,1384,2025-11-13,0,0,0
20648,CMP0124,770,2025-11-13,0,0,0
20649,CMP0124,1292,2025-11-13,0,0,0
20650,CMP0124,3372,2025-11-13,1,0,0
20651,CMP0124,493,2025-11-13,0,0,0
20652,CMP0124,361,2025-11-13,0,0,0
20653,CMP0124,4013,2025-11-13,1,0,0
20654,CMP0124,2270,2025-11-13,0,0,1
20655,CMP0124,2546,2025-11-13,0,0,0
20656,CMP0124,3383,2025-11-13,1,0,0
20657,CMP0124,2855,2025-11-13,0,0,0
20658,CMP0124,2692,2025-11-13,0,0,0
20659,CMP0124,1568,2025-11-13,0,0,0
20660,CMP0124,167,2025-11-13,0,0,0
20661,CMP0124,3300,2025-11-13,0,0,0
20662,CMP0124,963,2025-11-13,0,0,0
20663,CMP0124,1405,2025-11-13,0,0,0
20664,CMP0124,1977,2025-11-13,0,0,0
20665,CMP0124,1907,2025-11-13,1,1,0
20666,CMP0124,2264,2025-11-13,0,0,0
20667,CMP0124,2262,2025-11-13,0,0,0
20668,CMP0124,278,2025-11-13,0,0,0
20669,CMP0124,1983,2025-11-13,1,0,0
20670,CMP0124,420,2025-11-13,1,1,0
20671,CMP0124,2183,2025-11-13,1,0,0
20672,CMP0124,3121,2025-11-13,1,0,0
20673,CMP0124,3447,2025-11-13,1,0,0
20674,CMP0124,1806,2025-11-13,1,0,0
20675,CMP0124,137,2025-11-13,1,1,0
20676,CMP0124,2326,2025-11-13,0,0,0
20677,CMP0124,1661,2025-11-13,0,0,0
20678,CMP0124,171,2025-11-13,1,0,0
20679,CMP0124,3355,2025-11-13,1,0,0
20680,CMP0124,1057,2025-11-13,1,0,0
20681,CMP0124,3180,2025-11-13,0,0,0
20682,CMP0124,499,2025-11-13,0,0,0
20683,CMP0124,475,2025-11-13,1,1,0
20684,CMP0124,2052,2025-11-13,0,0,0
20685,CMP0124,3077,2025-11-13,0,0,0
20686,CMP0124,2060,2025-11-13,0,0,0
20687,CMP0124,210,2025-11-13,0,0,0
20688,CMP0124,2320,2025-11-13,1,1,0
20689,CMP0124,1883,2025-11-13,0,0,0
20690,CMP0124,2179,2025-11-13,1,0,0
20691,CMP0124,281,2025-11-13,0,0,0
20692,CMP0124,3493,2025-11-13,1,0,0
20693,CMP0124,2595,2025-11-13,1,0,0
20694,CMP0124,3954,2025-11-13,0,0,0
20695,CMP0124,1319,2025-11-13,0,0,0
20696,CMP0124,3721,2025-11-13,1,0,0
20697,CMP0124,671,2025-11-13,0,0,0
20698,CMP0124,1222,2025-11-13,0,0,0
20699,CMP0124,1985,2025-11-13,0,0,0
20700,CMP0124,1516,2025-11-13,1,1,0
20701,CMP0124,3084,2025-11-13,0,0,0
20702,CMP0124,2094,2025-11-13,0,0,0
20703,CMP0124,2102,2025-11-13,0,0,0
20704,CMP0124,291,2025-11-13,0,0,0
20705,CMP0124,3252,2025-11-13,0,0,0
20706,CMP0124,943,2025-11-13,0,0,0
20707,CMP0124,1299,2025-11-13,0,0,0
20708,CMP0124,954,2025-11-13,0,0,0
20709,CMP0124,2146,2025-11-13,0,0,0
20710,CMP0124,246,2025-11-13,0,0,0
20711,CMP0124,3464,2025-11-13,0,0,0
20712,CMP0124,1927,2025-11-13,0,0,0
20713,CMP0124,2774,2025-11-13,1,1,0
20714,CMP0124,3960,2025-11-13,0,0,0
20715,CMP0124,215,2025-11-13,0,0,0
20716,CMP0124,2779,2025-11-13,0,0,0
20717,CMP0124,2583,2025-11-13,0,0,0
20718,CMP0124,601,2025-11-13,1,0,0
20719,CMP0124,2349,2025-11-13,1,0,0
20720,CMP0124,3326,2025-11-13,1,1,0
20721,CMP0124,318,2025-11-13,0,0,0
20722,CMP0124,1859,2025-11-13,0,0,0
20723,CMP0124,752,2025-11-13,1,0,0
20724,CMP0124,2110,2025-11-13,1,1,0
20725,CMP0124,2278,2025-11-13,1,0,0
20726,CMP0124,3370,2025-11-13,0,0,0
20727,CMP0124,3981,2025-11-13,0,0,0
20728,CMP0124,2071,2025-11-13,0,0,0
20729,CMP0124,1106,2025-11-13,1,0,0
20730,CMP0124,1058,2025-11-13,1,0,0
20731,CMP0124,2697,2025-11-13,0,0,0
20732,CMP0124,3342,2025-11-13,0,0,0
20733,CMP0124,2584,2025-11-13,1,1,0
20734,CMP0124,2536,2025-11-13,0,0,0
20735,CMP0124,1061,2025-11-13,0,0,0
20736,CMP0124,1318,2025-11-13,0,0,0
20737,CMP0124,1462,2025-11-13,0,0,0
20738,CMP0124,600,2025-11-13,0,0,0
20739,CMP0124,162,2025-11-13,0,0,0
20740,CMP0124,3920,2025-11-13,1,0,0
20741,CMP0124,4018,2025-11-13,1,0,0
20742,CMP0124,2801,2025-11-13,0,0,0
20743,CMP0124,1416,2025-11-13,0,0,0
20744,CMP0124,995,2025-11-13,1,0,0
20745,CMP0124,216,2025-11-13,0,0,0
20746,CMP0124,186,2025-11-13,1,0,0
20747,CMP0124,585,2025-11-13,0,0,0
20748,CMP0124,880,2025-11-13,0,0,0
20749,CMP0124,2475,2025-11-13,0,0,0
20750,CMP0124,3815,2025-11-13,1,0,0
20751,CMP0124,1655,2025-11-13,1,1,0
20752,CMP0124,2803,2025-11-13,0,0,0
20753,CMP0124,1791,2025-11-13,0,0,0
20754,CMP0124,3892,2025-11-13,0,0,0
20755,CMP0124,3932,2025-11-13,0,0,0
20756,CMP0124,3730,2025-11-13,1,0,0
20757,CMP0124,3329,2025-11-13,0,0,0
20758,CMP0124,2744,2025-11-13,1,0,0
20759,CMP0124,3806,2025-11-13,1,0,0
20760,CMP0124,1253,2025-11-13,0,0,0
20761,CMP0124,1805,2025-11-13,1,1,0
20762,CMP0124,3898,2025-11-13,0,0,0
20763,CMP0124,1372,2025-11-13,0,0,0
20764,CMP0124,2916,2025-11-13,1,0,0
20765,CMP0124,1048,2025-11-13,0,0,0
20766,CMP0124,2781,2025-11-13,1,0,0
20767,CMP0124,1954,2025-11-13,0,0,0
20768,CMP0124,3462,2025-11-13,0,0,0
20769,CMP0124,38,2025-11-13,0,0,0
20770,CMP0124,103,2025-11-13,0,0,0
20771,CMP0124,1155,2025-11-13,1,0,0
20772,CMP0124,2429,2025-11-13,0,0,0
20773,CMP0124,856,2025-11-13,1,0,0
20774,CMP0124,485,2025-11-13,1,0,0
20775,CMP0124,1350,2025-11-13,0,0,0
20776,CMP0124,2380,2025-11-13,1,1,0
20777,CMP0124,1835,2025-11-13,0,0,0
20778,CMP0124,2037,2025-11-13,0,0,0
20779,CMP0124,3183,2025-11-13,0,0,0
20780,CMP0124,2698,2025-11-13,0,0,0
20781,CMP0124,1265,2025-11-13,1,1,1
20782,CMP0124,3973,2025-11-13,0,0,0
20783,CMP0124,729,2025-11-13,1,0,0
20784,CMP0124,1787,2025-11-13,0,0,0
20785,CMP0124,3404,2025-11-13,1,1,0
20786,CMP0124,464,2025-11-13,0,0,0
20787,CMP0124,3711,2025-11-13,1,0,0
20788,CMP0124,1349,2025-11-13,1,0,0
20789,CMP0124,280,2025-11-13,0,0,0
20790,CMP0124,2704,2025-11-13,0,0,0
20791,CMP0124,1433,2025-11-13,0,0,0
20792,CMP0124,1903,2025-11-13,0,0,0
20793,CMP0124,1068,2025-11-13,0,0,0
20794,CMP0124,1169,2025-11-13,0,0,0
20795,CMP0124,96,2025-11-13,0,0,0
20796,CMP0124,3822,2025-11-13,1,1,0
20797,CMP0124,1961,2025-11-13,1,0,0
20798,CMP0124,2200,2025-11-13,0,0,0
20799,CMP0124,3877,2025-11-13,0,0,0
20800,CMP0124,1200,2025-11-13,0,0,0
20801,CMP0124,3361,2025-11-13,0,0,0
20802,CMP0124,749,2025-11-13,0,0,0
20803,CMP0124,3337,2025-11-13,0,0,0
20804,CMP0124,2682,2025-11-13,0,0,0
20805,CMP0124,3739,2025-11-13,1,0,0
20806,CMP0124,3293,2025-11-13,0,0,0
20807,CMP0124,646,2025-11-13,0,0,0
20808,CMP0124,2340,2025-11-13,0,0,0
20809,CMP0124,2312,2025-11-13,0,0,0
20810,CMP0124,1625,2025-11-13,0,0,0
20811,CMP0124,2561,2025-11-13,0,0,0
20812,CMP0124,1170,2025-11-13,0,0,0
20813,CMP0124,3521,2025-11-13,0,0,0
20814,CMP0124,60,2025-11-13,0,0,0
20815,CMP0124,1922,2025-11-13,0,0,0
20816,CMP0124,3996,2025-11-13,1,0,0
20817,CMP0124,391,2025-11-13,0,0,0
20818,CMP0124,2815,2025-11-13,0,0,0
20819,CMP0124,296,2025-11-13,0,0,0
20820,CMP0124,2776,2025-11-13,0,0,0
20821,CMP0124,3425,2025-11-13,0,0,0
20822,CMP0124,3754,2025-11-13,1,0,0
20823,CMP0124,35,2025-11-13,0,0,0
20824,CMP0124,1619,2025-11-13,0,0,0
20825,CMP0124,381,2025-11-13,0,0,0
20826,CMP0124,1880,2025-11-13,1,0,0
20827,CMP0124,2463,2025-11-13,0,0,0
20828,CMP0124,227,2025-11-13,0,0,0
20829,CMP0124,1681,2025-11-13,1,0,0
20830,CMP0124,2243,2025-11-13,0,0,0
20831,CMP0124,2495,2025-11-13,0,0,0
20832,CMP0124,757,2025-11-13,1,0,0
20833,CMP0124,2335,2025-11-13,0,0,0
20834,CMP0124,1795,2025-11-13,1,0,0
20835,CMP0124,1769,2025-11-13,0,0,0
20836,CMP0124,3420,2025-11-13,1,0,0
20837,CMP0124,3380,2025-11-13,1,0,0
20838,CMP0124,1924,2025-11-13,1,1,0
20839,CMP0124,2652,2025-11-13,1,0,0
20840,CMP0124,3693,2025-11-13,1,1,0
20841,CMP0124,682,2025-11-13,0,0,0
20842,CMP0124,2238,2025-11-13,0,0,0
20843,CMP0124,1451,2025-11-13,0,0,0
20844,CMP0124,909,2025-11-13,0,0,0
20845,CMP0124,1868,2025-11-13,0,0,0
20846,CMP0124,3813,2025-11-13,0,0,0
20847,CMP0124,1385,2025-11-13,1,0,0
20848,CMP0124,1272,2025-11-13,0,0,0
20849,CMP0124,3859,2025-11-13,0,0,0
20850,CMP0124,3582,2025-11-13,0,0,0
20851,CMP0124,2002,2025-11-13,0,0,0
20852,CMP0124,3119,2025-11-13,0,0,0
20853,CMP0124,2489,2025-11-13,1,0,0
20854,CMP0124,820,2025-11-13,0,0,0
20855,CMP0124,418,2025-11-13,0,0,0
20856,CMP0124,3113,2025-11-13,0,0,0
20857,CMP0124,1793,2025-11-13,0,0,0
20858,CMP0124,3066,2025-11-13,0,0,0
20859,CMP0124,284,2025-11-13,0,0,0
20860,CMP0124,2928,2025-11-13,0,0,0
20861,CMP0124,854,2025-11-13,0,0,0
20862,CMP0124,2018,2025-11-13,0,0,0
20863,CMP0124,1127,2025-11-13,0,0,0
20864,CMP0124,1370,2025-11-13,0,0,0
20865,CMP0124,3385,2025-11-13,0,0,0
20866,CMP0124,2269,2025-11-13,0,0,0
20867,CMP0124,2256,2025-11-13,0,0,0
20868,CMP0124,2849,2025-11-13,1,0,0
20869,CMP0124,2734,2025-11-13,0,0,0
20870,CMP0124,1554,2025-11-13,0,0,0
20871,CMP0124,1809,2025-11-13,0,0,0
20872,CMP0124,2685,2025-11-13,0,0,0
20873,CMP0124,3189,2025-11-13,1,0,0
20874,CMP0124,1260,2025-11-13,1,0,0
20875,CMP0124,2139,2025-11-13,0,0,0
20876,CMP0124,550,2025-11-13,0,0,0
20877,CMP0124,2909,2025-11-13,0,0,0
20878,CMP0124,2376,2025-11-13,0,0,0
20879,CMP0124,1244,2025-11-13,1,0,0
20880,CMP0124,1225,2025-11-13,0,0,0
20881,CMP0124,1717,2025-11-13,0,0,0
20882,CMP0124,2736,2025-11-13,1,0,0
20883,CMP0124,299,2025-11-13,1,0,0
20884,CMP0124,2850,2025-11-13,0,0,0
20885,CMP0124,1091,2025-11-13,1,0,0
20886,CMP0124,3054,2025-11-13,0,0,0
20887,CMP0124,2974,2025-11-13,0,0,0
20888,CMP0124,3477,2025-11-13,1,0,0
20889,CMP0124,453,2025-11-13,0,0,0
20890,CMP0124,672,2025-11-13,0,0,0
20891,CMP0124,1741,2025-11-13,0,0,0
20892,CMP0124,2648,2025-11-13,1,0,0
20893,CMP0124,976,2025-11-13,0,0,0
20894,CMP0124,3904,2025-11-13,0,0,0
20895,CMP0124,3197,2025-11-13,1,0,0
20896,CMP0124,3150,2025-11-13,1,1,0
20897,CMP0124,1990,2025-11-13,1,0,0
20898,CMP0124,1156,2025-11-13,0,0,0
20899,CMP0124,2619,2025-11-13,1,0,0
20900,CMP0124,3416,2025-11-13,1,0,0
20901,CMP0124,2596,2025-11-13,0,0,0
20902,CMP0124,3428,2025-11-13,0,0,0
20903,CMP0124,2851,2025-11-13,0,0,0
20904,CMP0124,563,2025-11-13,1,1,0
20905,CMP0124,105,2025-11-13,1,0,0
20906,CMP0124,133,2025-11-13,0,0,0
20907,CMP0124,1774,2025-11-13,0,0,0
20908,CMP0124,2586,2025-11-13,0,0,0
20909,CMP0124,1403,2025-11-13,0,0,0
20910,CMP0124,3588,2025-11-13,0,0,0
20911,CMP0124,624,2025-11-13,0,0,0
20912,CMP0124,3823,2025-11-13,0,0,0
20913,CMP0124,3907,2025-11-13,0,0,0
20914,CMP0124,957,2025-11-13,0,0,0
20915,CMP0124,2479,2025-11-13,1,1,0
20916,CMP0124,182,2025-11-13,1,0,0
20917,CMP0124,2992,2025-11-13,0,0,0
20918,CMP0124,2929,2025-11-13,0,0,0
20919,CMP0124,1013,2025-11-13,1,1,0
20920,CMP0124,2626,2025-11-13,0,0,0
20921,CMP0124,294,2025-11-13,0,0,0
20922,CMP0124,2756,2025-11-13,0,0,0
20923,CMP0124,3299,2025-11-13,0,0,0
20924,CMP0124,110,2025-11-13,0,0,0
20925,CMP0124,102,2025-11-13,1,0,0
20926,CMP0124,136,2025-11-13,0,0,0
20927,CMP0124,2132,2025-11-13,1,0,0
20928,CMP0124,1674,2025-11-13,0,0,0
20929,CMP0124,2600,2025-11-13,0,0,0
20930,CMP0124,2076,2025-11-13,0,0,0
20931,CMP0124,698,2025-11-13,0,0,0
20932,CMP0124,2347,2025-11-13,0,0,0
20933,CMP0124,3661,2025-11-13,0,0,0
20934,CMP0124,2436,2025-11-13,1,0,0
20935,CMP0124,3541,2025-11-13,0,0,0
20936,CMP0124,1558,2025-11-13,0,0,0
20937,CMP0124,3787,2025-11-13,0,0,0
20938,CMP0124,2665,2025-11-13,1,0,0
20939,CMP0124,1698,2025-11-13,1,0,0
20940,CMP0124,2476,2025-11-13,0,0,0
20941,CMP0124,2571,2025-11-13,0,0,0
20942,CMP0124,2358,2025-11-13,0,0,0
20943,CMP0124,3570,2025-11-13,0,0,0
20944,CMP0124,1595,2025-11-13,0,0,0
20945,CMP0124,2841,2025-11-13,0,0,0
20946,CMP0124,1310,2025-11-13,0,0,0
20947,CMP0124,588,2025-11-13,0,0,0
20948,CMP0124,1476,2025-11-13,1,1,0
20949,CMP0124,2742,2025-11-13,0,0,0
20950,CMP0124,1855,2025-11-13,1,0,0
20951,CMP0124,3931,2025-11-13,1,1,0
20952,CMP0124,2603,2025-11-13,1,0,0
20953,CMP0124,804,2025-11-13,0,0,0
20954,CMP0124,1637,2025-11-13,1,0,0
20955,CMP0124,1480,2025-11-13,0,0,0
20956,CMP0124,388,2025-11-13,0,0,0
20957,CMP0124,2067,2025-11-13,0,0,0
20958,CMP0124,1235,2025-11-13,0,0,0
20959,CMP0124,1770,2025-11-13,1,1,0
20960,CMP0124,460,2025-11-13,0,0,0
20961,CMP0124,3627,2025-11-13,1,0,0
20962,CMP0124,349,2025-11-13,0,0,0
20963,CMP0124,3142,2025-11-13,0,0,0
20964,CMP0124,193,2025-11-13,0,0,0
20965,CMP0124,3715,2025-11-13,0,0,0
20966,CMP0124,1704,2025-11-13,0,0,0
20967,CMP0124,3207,2025-11-13,0,0,0
20968,CMP0124,2875,2025-11-13,1,0,0
20969,CMP0124,76,2025-11-13,0,0,0
20970,CMP0124,488,2025-11-13,0,0,0
20971,CMP0124,1102,2025-11-13,0,0,0
20972,CMP0124,3407,2025-11-13,0,0,0
20973,CMP0124,599,2025-11-13,0,0,0
20974,CMP0124,1789,2025-11-13,1,0,0
20975,CMP0124,859,2025-11-13,0,0,0
20976,CMP0124,2861,2025-11-13,1,0,0
20977,CMP0124,3557,2025-11-13,1,0,0
20978,CMP0124,3817,2025-11-13,0,0,0
20979,CMP0124,3331,2025-11-13,0,0,0
20980,CMP0124,1193,2025-11-13,1,0,0
20981,CMP0124,3094,2025-11-13,0,0,0
20982,CMP0124,3829,2025-11-13,0,0,0
20983,CMP0124,1481,2025-11-13,0,0,0
20984,CMP0124,920,2025-11-13,0,0,0
20985,CMP0124,302,2025-11-13,1,0,0
20986,CMP0124,2520,2025-11-13,0,0,0
20987,CMP0124,3738,2025-11-13,0,0,0
20988,CMP0124,3306,2025-11-13,0,0,0
20989,CMP0124,2712,2025-11-13,1,0,0
20990,CMP0124,2711,2025-11-13,0,0,0
20991,CMP0124,152,2025-11-13,1,1,0
20992,CMP0124,2030,2025-11-13,0,0,0
20993,CMP0124,1550,2025-11-13,0,0,0
20994,CMP0124,414,2025-11-13,1,0,0
20995,CMP0124,259,2025-11-13,0,0,0
20996,CMP0124,3849,2025-11-13,0,0,0
20997,CMP0124,62,2025-11-13,1,0,0
20998,CMP0124,3046,2025-11-13,0,0,0
20999,CMP0124,522,2025-11-13,0,0,0
21000,CMP0124,3196,2025-11-13,0,0,0
21001,CMP0124,628,2025-11-13,0,0,0
21002,CMP0124,2780,2025-11-13,0,0,0
21003,CMP0124,383,2025-11-13,0,0,0
21004,CMP0124,1238,2025-11-13,0,0,0
21005,CMP0124,1730,2025-11-13,1,1,0
21006,CMP0124,3223,2025-11-13,0,0,0
21007,CMP0124,1463,2025-11-13,1,0,0
21008,CMP0124,316,2025-11-13,0,0,0
21009,CMP0124,3889,2025-11-13,0,0,0
21010,CMP0124,860,2025-11-13,0,0,0
21011,CMP0124,3720,2025-11-13,1,0,0
21012,CMP0124,2830,2025-11-13,0,0,0
21013,CMP0124,2457,2025-11-13,0,0,0
21014,CMP0124,301,2025-11-13,1,0,0
21015,CMP0124,3038,2025-11-13,0,0,0
21016,CMP0124,1767,2025-11-13,0,0,1
21017,CMP0124,3489,2025-11-13,0,0,0
21018,CMP0124,2083,2025-11-13,0,0,0
21019,CMP0124,789,2025-11-13,0,1,0
21020,CMP0124,1355,2025-11-13,0,0,0
21021,CMP0124,3795,2025-11-13,0,0,0
21022,CMP0124,205,2025-11-13,0,0,0
21023,CMP0124,3488,2025-11-13,0,0,0
21024,CMP0124,1834,2025-11-13,0,0,0
21025,CMP0124,3943,2025-11-13,0,0,0
21026,CMP0124,2903,2025-11-13,1,0,0
21027,CMP0124,3106,2025-11-13,1,0,0
21028,CMP0124,532,2025-11-13,1,0,0
21029,CMP0124,2694,2025-11-13,0,0,0
21030,CMP0124,3437,2025-11-13,0,0,0
21031,CMP0124,2625,2025-11-13,0,0,0
21032,CMP0124,2860,2025-11-13,0,0,0
21033,CMP0124,1284,2025-11-13,0,0,0
21034,CMP0124,2530,2025-11-13,0,0,0
21035,CMP0124,1035,2025-11-13,1,1,0
21036,CMP0124,1640,2025-11-13,0,0,0
21037,CMP0124,1844,2025-11-13,0,0,0
21038,CMP0124,3132,2025-11-13,0,0,0
21039,CMP0124,2280,2025-11-13,0,0,0
21040,CMP0124,1475,2025-11-13,0,0,0
21041,CMP0124,1918,2025-11-13,0,0,0
21042,CMP0124,3548,2025-11-13,0,0,0
21043,CMP0124,3698,2025-11-13,0,0,0
21044,CMP0124,3103,2025-11-13,1,0,0
21045,CMP0124,27,2025-11-13,0,0,0
21046,CMP0124,2594,2025-11-13,0,0,0
21047,CMP0124,2329,2025-11-13,0,0,0
21048,CMP0124,2880,2025-11-13,1,1,0
21049,CMP0124,3961,2025-11-13,0,0,0
21050,CMP0124,161,2025-11-13,1,0,0
21051,CMP0124,1574,2025-11-13,1,0,0
21052,CMP0124,3269,2025-11-13,1,0,0
21053,CMP0124,1603,2025-11-13,1,1,0
21054,CMP0124,3247,2025-11-13,0,0,0
21055,CMP0124,728,2025-11-13,0,0,0
21056,CMP0124,1092,2025-11-13,1,0,0
21057,CMP0124,2226,2025-11-13,0,0,0
21058,CMP0124,3942,2025-11-13,1,0,0
21059,CMP0124,2653,2025-11-13,1,0,0
21060,CMP0124,2578,2025-11-13,0,0,0
21061,CMP0124,668,2025-11-13,0,0,0
21062,CMP0124,1461,2025-11-13,0,0,0
21063,CMP0124,1517,2025-11-13,1,0,0
21064,CMP0124,1909,2025-11-13,0,0,0
21065,CMP0124,1742,2025-11-13,0,0,0
21066,CMP0124,101,2025-11-13,0,0,0
21067,CMP0124,2687,2025-11-13,0,0,0
21068,CMP0124,836,2025-11-13,1,0,0
21069,CMP0124,1096,2025-11-13,0,0,0
21070,CMP0124,1915,2025-11-13,0,0,0
21071,CMP0124,3429,2025-11-13,1,0,0
21072,CMP0124,3206,2025-11-13,0,0,0
21073,CMP0124,2858,2025-11-13,0,0,0
21074,CMP0124,2867,2025-11-13,1,0,0
21075,CMP0124,1062,2025-11-13,1,1,0
21076,CMP0124,3760,2025-11-13,0,0,0
21077,CMP0124,1949,2025-11-13,0,0,0
21078,CMP0124,2998,2025-11-13,0,0,0
21079,CMP0124,802,2025-11-13,0,0,0
21080,CMP0124,3436,2025-11-13,0,0,0
21081,CMP0124,1373,2025-11-13,0,0,0
21082,CMP0124,1884,2025-11-13,0,0,0
21083,CMP0124,2869,2025-11-13,0,0,0
21084,CMP0124,719,2025-11-13,0,0,0
21085,CMP0124,1975,2025-11-13,0,0,0
21086,CMP0124,1541,2025-11-13,1,0,0
21087,CMP0124,2368,2025-11-13,0,0,0
21088,CMP0124,2144,2025-11-13,0,0,0
21089,CMP0124,736,2025-11-13,0,0,0
21090,CMP0124,3666,2025-11-13,0,0,0
21091,CMP0124,1176,2025-11-13,0,0,0
21092,CMP0124,3022,2025-11-13,0,0,0
21093,CMP0124,2659,2025-11-13,0,0,0
21094,CMP0124,3614,2025-11-13,0,0,0
21095,CMP0124,3184,2025-11-13,0,0,0
21096,CMP0124,3866,2025-11-13,0,0,0
21097,CMP0124,2384,2025-11-13,0,0,0
21098,CMP0124,1601,2025-11-13,0,0,0
21099,CMP0124,3919,2025-11-13,0,0,0
21100,CMP0124,3714,2025-11-13,1,0,0
21101,CMP0124,473,2025-11-13,1,0,0
21102,CMP0124,3798,2025-11-13,1,0,0
21103,CMP0124,65,2025-11-13,0,0,0
21104,CMP0124,3854,2025-11-13,1,0,0
21105,CMP0124,3781,2025-11-13,1,0,0
21106,CMP0124,95,2025-11-13,1,1,0
21107,CMP0124,1901,2025-11-13,0,0,0
21108,CMP0124,2786,2025-11-13,0,0,0
21109,CMP0124,2196,2025-11-13,1,0,0
21110,CMP0124,1014,2025-11-13,0,0,0
21111,CMP0124,2964,2025-11-13,1,0,0
21112,CMP0124,2735,2025-11-13,1,1,0
21113,CMP0124,1722,2025-11-13,1,0,0
21114,CMP0124,2406,2025-11-13,0,0,0
21115,CMP0124,411,2025-11-13,0,0,0
21116,CMP0124,3542,2025-11-13,1,0,0
21117,CMP0124,2051,2025-11-13,1,0,0
21118,CMP0124,1029,2025-11-13,0,0,0
21119,CMP0124,2755,2025-11-13,0,0,0
21120,CMP0124,807,2025-11-13,1,0,0
21121,CMP0124,3291,2025-11-13,0,0,0
21122,CMP0124,1980,2025-11-13,0,0,0
21123,CMP0124,2683,2025-11-13,1,0,0
21124,CMP0124,3410,2025-11-13,0,0,0
21125,CMP0124,2662,2025-11-13,1,0,0
21126,CMP0124,582,2025-11-13,0,0,0
21127,CMP0124,2643,2025-11-13,0,0,0
21128,CMP0124,3208,2025-11-13,0,0,0
21129,CMP0124,2817,2025-11-13,1,0,0
21130,CMP0124,3191,2025-11-13,1,0,0
21131,CMP0124,1657,2025-11-13,0,0,0
21132,CMP0124,1569,2025-11-13,1,0,0
21133,CMP0124,654,2025-11-13,0,0,0
21134,CMP0124,775,2025-11-13,0,0,0
21135,CMP0124,3359,2025-11-13,0,0,0
21136,CMP0124,1018,2025-11-13,0,0,0
21137,CMP0124,2524,2025-11-13,1,0,0
21138,CMP0124,2647,2025-11-13,0,0,0
21139,CMP0124,1066,2025-11-13,1,1,0
21140,CMP0124,1695,2025-11-13,0,0,0
21141,CMP0124,846,2025-11-13,1,1,0
21142,CMP0124,2487,2025-11-13,0,0,0
21143,CMP0124,409,2025-11-13,0,0,0
21144,CMP0124,1295,2025-11-13,0,0,0
21145,CMP0124,1564,2025-11-13,1,0,0
21146,CMP0124,401,2025-11-13,0,0,0
21147,CMP0124,3034,2025-11-13,1,0,0
21148,CMP0124,2879,2025-11-13,1,1,0
21149,CMP0124,149,2025-11-13,1,0,0
21150,CMP0124,2541,2025-11-13,0,0,0
21151,CMP0124,2491,2025-11-13,1,0,0
21152,CMP0124,1436,2025-11-13,0,0,0
21153,CMP0124,3899,2025-11-13,1,0,0
21154,CMP0124,2859,2025-11-13,0,0,0
21155,CMP0124,527,2025-11-13,0,0,0
21156,CMP0124,1650,2025-11-13,0,0,0
21157,CMP0124,1525,2025-11-13,0,0,0
21158,CMP0124,1375,2025-11-13,1,0,0
21159,CMP0124,3311,2025-11-13,1,0,0
21160,CMP0124,949,2025-11-13,0,0,0
21161,CMP0124,2111,2025-11-13,0,0,0
21162,CMP0124,2926,2025-11-13,1,0,0
21163,CMP0124,3209,2025-11-13,1,1,0
21164,CMP0124,3000,2025-11-13,0,0,0
21165,CMP0124,874,2025-11-13,0,0,0
21166,CMP0124,3562,2025-11-13,1,1,0
21167,CMP0124,3301,2025-11-13,0,0,0
21168,CMP0124,2526,2025-11-13,0,0,0
21169,CMP0124,1819,2025-11-13,1,0,0
21170,CMP0124,6,2025-11-13,0,0,0
21171,CMP0124,1583,2025-11-13,0,0,0
21172,CMP0124,2148,2025-11-13,0,0,0
21173,CMP0124,3461,2025-11-13,1,0,0
21174,CMP0124,2550,2025-11-13,1,0,0
21175,CMP0124,2015,2025-11-13,0,0,0
21176,CMP0124,3136,2025-11-13,0,0,0
21177,CMP0124,355,2025-11-13,1,0,0
21178,CMP0124,1783,2025-11-13,0,0,0
21179,CMP0124,3948,2025-11-13,1,0,0
21180,CMP0124,2260,2025-11-13,0,0,0
21181,CMP0124,275,2025-11-13,1,0,0
21182,CMP0124,2360,2025-11-13,1,0,0
21183,CMP0124,1872,2025-11-13,0,0,0
21184,CMP0124,1849,2025-11-13,0,0,0
21185,CMP0124,2727,2025-11-13,1,0,0
21186,CMP0124,602,2025-11-13,0,0,0
21187,CMP0124,3174,2025-11-13,1,1,0
21188,CMP0124,1719,2025-11-13,0,0,0
21189,CMP0124,1129,2025-11-13,1,0,0
21190,CMP0124,416,2025-11-13,1,0,0
21191,CMP0124,3536,2025-11-13,0,0,0
21192,CMP0124,2275,2025-11-13,0,0,0
21193,CMP0124,2249,2025-11-13,0,0,0
21194,CMP0124,3201,2025-11-13,0,0,0
21195,CMP0124,1099,2025-11-13,0,0,0
21196,CMP0124,2088,2025-11-13,0,0,0
21197,CMP0124,1241,2025-11-13,1,0,0
21198,CMP0124,3492,2025-11-13,0,0,0
21199,CMP0124,229,2025-11-13,0,0,0
21200,CMP0124,2158,2025-11-13,0,0,0
21201,CMP0124,2295,2025-11-13,0,0,0
21202,CMP0124,255,2025-11-13,0,0,0
21203,CMP0124,1631,2025-11-13,0,0,0
21204,CMP0124,1431,2025-11-13,0,0,0
21205,CMP0124,286,2025-11-13,1,0,0
21206,CMP0124,3139,2025-11-13,0,0,0
21207,CMP0124,1123,2025-11-13,0,0,0
21208,CMP0124,2759,2025-11-13,0,0,0
21209,CMP0124,1083,2025-11-13,1,0,0
21210,CMP0124,3195,2025-11-13,0,0,0
21211,CMP0124,3740,2025-11-13,1,1,0
21212,CMP0124,1271,2025-11-13,0,0,0
21213,CMP0124,1675,2025-11-13,0,0,0
21214,CMP0124,2097,2025-11-13,1,0,0
21215,CMP0124,2548,2025-11-13,0,0,0
21216,CMP0124,2236,2025-11-13,0,0,0
21217,CMP0124,793,2025-11-13,0,0,0
21218,CMP0124,84,2025-11-13,0,0,0
21219,CMP0124,638,2025-11-13,0,0,0
21220,CMP0124,2348,2025-11-13,0,0,0
21221,CMP0124,2534,2025-11-13,0,0,0
21222,CMP0124,3401,2025-11-13,0,0,0
21223,CMP0124,2996,2025-11-13,1,0,0
21224,CMP0124,3085,2025-11-13,1,0,0
21225,CMP0124,1672,2025-11-13,0,0,0
21226,CMP0124,1623,2025-11-13,0,0,0
21227,CMP0124,40,2025-11-13,1,0,0
21228,CMP0124,2251,2025-11-13,1,1,0
21229,CMP0124,10,2025-11-13,0,0,0
21230,CMP0124,964,2025-11-13,0,0,0
21231,CMP0124,707,2025-11-13,1,1,0
21232,CMP0124,1387,2025-11-13,1,0,0
21233,CMP0124,393,2025-11-13,1,1,0
21234,CMP0124,2954,2025-11-13,1,0,0
21235,CMP0124,1360,2025-11-13,0,0,0
21236,CMP0124,647,2025-11-13,1,0,0
21237,CMP0124,3230,2025-11-13,0,0,0
21238,CMP0124,1652,2025-11-13,0,0,0
21239,CMP0124,2743,2025-11-13,1,0,0
21240,CMP0124,3309,2025-11-13,0,0,0
21241,CMP0124,2757,2025-11-13,1,0,0
21242,CMP0124,649,2025-11-13,0,0,0
21243,CMP0124,2359,2025-11-13,0,0,0
21244,CMP0124,776,2025-11-13,0,0,0
21245,CMP0124,1414,2025-11-13,1,0,0
21246,CMP0124,2164,2025-11-13,0,0,0
21247,CMP0124,2254,2025-11-13,0,0,0
21248,CMP0124,2294,2025-11-13,0,0,0
21249,CMP0124,514,2025-11-13,0,0,0
21250,CMP0124,1121,2025-11-13,1,0,0
21251,CMP0124,3266,2025-11-13,0,0,0
21252,CMP0124,248,2025-11-13,0,0,0
21253,CMP0124,1217,2025-11-13,0,0,0
21254,CMP0124,1344,2025-11-13,1,0,0
21255,CMP0124,2739,2025-11-13,1,0,0
21256,CMP0124,3452,2025-11-13,0,0,0
21257,CMP0124,3482,2025-11-13,0,0,0
21258,CMP0124,837,2025-11-13,0,0,0
21259,CMP0124,3565,2025-11-13,1,1,0
21260,CMP0124,2194,2025-11-13,1,0,0
21261,CMP0124,3068,2025-11-13,0,0,0
21262,CMP0124,2210,2025-11-13,0,0,0
21263,CMP0124,1551,2025-11-13,1,0,0
21264,CMP0124,2362,2025-11-13,0,0,0
21265,CMP0124,1060,2025-11-13,0,0,0
21266,CMP0124,946,2025-11-13,0,0,0
21267,CMP0124,2261,2025-11-13,1,1,0
21268,CMP0124,333,2025-11-13,1,1,0
21269,CMP0124,2065,2025-11-13,0,0,0
21270,CMP0124,3947,2025-11-13,0,0,0
21271,CMP0124,504,2025-11-13,0,0,0
21272,CMP0124,3758,2025-11-13,1,0,0
21273,CMP0124,1352,2025-11-13,1,0,0
21274,CMP0124,2410,2025-11-13,0,0,0
21275,CMP0124,1185,2025-11-13,1,0,0
21276,CMP0124,3367,2025-11-13,0,0,0
21277,CMP0124,2819,2025-11-13,0,0,0
21278,CMP0124,3232,2025-11-13,1,0,0
21279,CMP0124,3837,2025-11-13,0,0,0
21280,CMP0124,1307,2025-11-13,0,0,0
21281,CMP0124,3746,2025-11-13,1,0,0
21282,CMP0124,111,2025-11-13,1,1,0
21283,CMP0124,3348,2025-11-13,0,0,0
21284,CMP0124,1614,2025-11-13,0,0,0
21285,CMP0124,3641,2025-11-13,0,0,0
21286,CMP0124,3561,2025-11-13,0,0,0
21287,CMP0124,3450,2025-11-13,0,0,0
21288,CMP0124,3016,2025-11-13,0,0,0
21289,CMP0124,2582,2025-11-13,0,0,0
21290,CMP0124,1553,2025-11-13,0,0,0
21291,CMP0124,192,2025-11-13,0,0,0
21292,CMP0124,465,2025-11-13,0,0,0
21293,CMP0124,1243,2025-11-13,0,0,0
21294,CMP0124,3708,2025-11-13,1,0,0
21295,CMP0124,3190,2025-11-13,1,1,0
21296,CMP0124,2268,2025-11-13,0,0,0
21297,CMP0124,1159,2025-11-13,0,0,0
21298,CMP0124,1038,2025-11-13,1,0,0
21299,CMP0124,3546,2025-11-13,0,0,0
21300,CMP0124,683,2025-11-13,0,0,0
21301,CMP0124,3261,2025-11-13,0,0,0
21302,CMP0124,621,2025-11-13,0,0,0
21303,CMP0124,3476,2025-11-13,1,1,0
21304,CMP0124,352,2025-11-13,0,0,0
21305,CMP0124,3138,2025-11-13,0,0,0
21306,CMP0124,36,2025-11-13,0,0,0
21307,CMP0124,3660,2025-11-13,1,0,0
21308,CMP0124,565,2025-11-13,0,0,0
21309,CMP0124,1446,2025-11-13,1,1,0
21310,CMP0124,1021,2025-11-13,0,0,0
21311,CMP0124,1362,2025-11-13,0,0,0
21312,CMP0045,1199,2024-10-26,1,0,0
21313,CMP0045,2812,2024-10-26,1,0,0
21314,CMP0045,3727,2024-10-26,1,0,0
21315,CMP0045,2788,2024-10-26,0,0,0
21316,CMP0045,2905,2024-10-26,1,0,0
21317,CMP0045,3287,2024-10-26,0,0,0
21318,CMP0045,3741,2024-10-26,0,0,0
21319,CMP0045,2290,2024-10-26,0,0,0
21320,CMP0045,3842,2024-10-26,0,0,0
21321,CMP0045,1399,2024-10-26,0,0,0
21322,CMP0045,1092,2024-10-26,1,0,0
21323,CMP0045,684,2024-10-26,0,0,0
21324,CMP0045,1653,2024-10-26,0,0,0
21325,CMP0045,2221,2024-10-26,0,0,0
21326,CMP0045,2520,2024-10-26,1,0,0
21327,CMP0045,475,2024-10-26,0,0,0
21328,CMP0045,1166,2024-10-26,1,0,0
21329,CMP0045,1290,2024-10-26,0,0,0
21330,CMP0045,810,2024-10-26,0,0,0
21331,CMP0045,40,2024-10-26,0,0,0
21332,CMP0045,1392,2024-10-26,0,0,0
21333,CMP0045,3025,2024-10-26,1,0,0
21334,CMP0045,2819,2024-10-26,0,0,0
21335,CMP0045,313,2024-10-26,0,0,0
21336,CMP0045,3247,2024-10-26,0,0,0
21337,CMP0045,3119,2024-10-26,0,0,0
21338,CMP0045,537,2024-10-26,0,0,0
21339,CMP0045,492,2024-10-26,1,0,0
21340,CMP0045,1102,2024-10-26,1,0,0
21341,CMP0045,3238,2024-10-26,0,0,0
21342,CMP0045,3858,2024-10-26,0,1,0
21343,CMP0045,2928,2024-10-26,1,0,0
21344,CMP0045,2443,2024-10-26,0,0,0
21345,CMP0045,380,2024-10-26,0,0,0
21346,CMP0045,1019,2024-10-26,1,0,0
21347,CMP0045,3050,2024-10-26,0,0,0
21348,CMP0045,1937,2024-10-26,0,0,0
21349,CMP0045,3071,2024-10-26,0,0,0
21350,CMP0045,3954,2024-10-26,1,0,0
21351,CMP0045,883,2024-10-26,0,0,0
21352,CMP0045,3530,2024-10-26,1,0,0
21353,CMP0045,2289,2024-10-26,1,0,0
21354,CMP0045,3735,2024-10-26,1,0,0
21355,CMP0045,2362,2024-10-26,1,0,0
21356,CMP0045,60,2024-10-26,0,0,0
21357,CMP0045,2781,2024-10-26,0,0,0
21358,CMP0045,1954,2024-10-26,1,0,0
21359,CMP0045,2270,2024-10-26,0,0,0
21360,CMP0045,532,2024-10-26,0,0,0
21361,CMP0045,2215,2024-10-26,0,0,0
21362,CMP0045,1294,2024-10-26,0,0,0
21363,CMP0045,909,2024-10-26,0,0,0
21364,CMP0045,944,2024-10-26,1,1,0
21365,CMP0045,3440,2024-10-26,1,0,0
21366,CMP0045,728,2024-10-26,0,0,0
21367,CMP0045,3261,2024-10-26,0,0,0
21368,CMP0045,979,2024-10-26,0,0,0
21369,CMP0045,2963,2024-10-26,0,0,0
21370,CMP0045,356,2024-10-26,1,0,0
21371,CMP0045,789,2024-10-26,1,0,0
21372,CMP0045,2673,2024-10-26,1,0,0
21373,CMP0045,2242,2024-10-26,0,0,0
21374,CMP0045,3995,2024-10-26,0,0,0
21375,CMP0045,2020,2024-10-26,0,0,0
21376,CMP0045,3575,2024-10-26,1,0,0
21377,CMP0045,3857,2024-10-26,0,0,0
21378,CMP0045,881,2024-10-26,1,0,0
21379,CMP0045,2132,2024-10-26,1,0,0
21380,CMP0045,3473,2024-10-26,0,0,0
21381,CMP0045,3290,2024-10-26,0,0,0
21382,CMP0045,2341,2024-10-26,0,0,0
21383,CMP0045,2881,2024-10-26,1,0,0
21384,CMP0045,2356,2024-10-26,0,0,0
21385,CMP0045,2306,2024-10-26,0,0,0
21386,CMP0045,3136,2024-10-26,0,0,0
21387,CMP0045,995,2024-10-26,0,0,0
21388,CMP0045,3870,2024-10-26,0,0,0
21389,CMP0045,177,2024-10-26,0,0,0
21390,CMP0045,581,2024-10-26,0,0,0
21391,CMP0045,634,2024-10-26,1,0,0
21392,CMP0045,3453,2024-10-26,1,0,0
21393,CMP0045,900,2024-10-26,0,0,0
21394,CMP0045,209,2024-10-26,0,0,0
21395,CMP0045,3060,2024-10-26,0,0,0
21396,CMP0045,210,2024-10-26,0,0,0
21397,CMP0045,3498,2024-10-26,0,0,0
21398,CMP0045,3534,2024-10-26,1,0,0
21399,CMP0045,126,2024-10-26,0,0,0
21400,CMP0045,957,2024-10-26,0,0,0
21401,CMP0045,2545,2024-10-26,0,0,0
21402,CMP0045,2272,2024-10-26,0,0,0
21403,CMP0045,1664,2024-10-26,1,0,0
21404,CMP0045,3128,2024-10-26,0,0,0
21405,CMP0045,3053,2024-10-26,0,0,0
21406,CMP0045,3980,2024-10-26,0,0,0
21407,CMP0045,515,2024-10-26,0,0,0
21408,CMP0045,3418,2024-10-26,1,0,0
21409,CMP0045,2431,2024-10-26,1,0,0
21410,CMP0045,3078,2024-10-26,1,0,0
21411,CMP0045,1307,2024-10-26,1,0,0
21412,CMP0045,318,2024-10-26,1,0,0
21413,CMP0045,3329,2024-10-26,0,0,0
21414,CMP0045,2470,2024-10-26,0,0,0
21415,CMP0045,3286,2024-10-26,0,0,0
21416,CMP0045,2479,2024-10-26,0,0,0
21417,CMP0045,1155,2024-10-26,0,0,0
21418,CMP0045,3155,2024-10-26,0,0,0
21419,CMP0045,3518,2024-10-26,0,0,0
21420,CMP0045,2439,2024-10-26,0,0,0
21421,CMP0045,862,2024-10-26,0,0,0
21422,CMP0045,1714,2024-10-26,0,0,0
21423,CMP0045,477,2024-10-26,0,0,0
21424,CMP0045,2351,2024-10-26,1,0,0
21425,CMP0045,1725,2024-10-26,0,0,0
21426,CMP0045,245,2024-10-26,1,0,0
21427,CMP0045,298,2024-10-26,0,0,0
21428,CMP0045,1639,2024-10-26,0,0,0
21429,CMP0045,1693,2024-10-26,1,0,0
21430,CMP0045,1241,2024-10-26,0,0,0
21431,CMP0045,3253,2024-10-26,0,0,0
21432,CMP0045,3457,2024-10-26,1,0,0
21433,CMP0045,1288,2024-10-26,1,0,0
21434,CMP0045,2582,2024-10-26,0,0,0
21435,CMP0045,3258,2024-10-26,0,0,0
21436,CMP0045,3569,2024-10-26,1,0,0
21437,CMP0045,2504,2024-10-26,0,0,0
21438,CMP0045,1939,2024-10-26,0,0,0
21439,CMP0045,61,2024-10-26,1,0,0
21440,CMP0045,443,2024-10-26,0,0,0
21441,CMP0045,2521,2024-10-26,1,0,0
21442,CMP0045,3676,2024-10-26,0,0,0
21443,CMP0045,1683,2024-10-26,0,0,0
21444,CMP0045,3648,2024-10-26,0,0,0
21445,CMP0045,479,2024-10-26,0,0,0
21446,CMP0045,1463,2024-10-26,1,0,0
21447,CMP0045,2487,2024-10-26,0,0,0
21448,CMP0045,3184,2024-10-26,0,0,0
21449,CMP0045,1127,2024-10-26,0,0,0
21450,CMP0045,3899,2024-10-26,1,1,0
21451,CMP0045,3038,2024-10-26,0,0,0
21452,CMP0045,3504,2024-10-26,1,1,0
21453,CMP0045,2614,2024-10-26,0,0,0
21454,CMP0045,1428,2024-10-26,0,0,0
21455,CMP0045,2972,2024-10-26,0,0,0
21456,CMP0045,3812,2024-10-26,1,0,0
21457,CMP0045,3781,2024-10-26,1,1,0
21458,CMP0045,1443,2024-10-26,1,0,0
21459,CMP0045,1439,2024-10-26,1,1,0
21460,CMP0045,2917,2024-10-26,1,1,0
21461,CMP0045,1183,2024-10-26,0,0,0
21462,CMP0045,534,2024-10-26,0,0,0
21463,CMP0045,3193,2024-10-26,0,0,0
21464,CMP0045,3141,2024-10-26,1,0,0
21465,CMP0045,306,2024-10-26,1,0,0
21466,CMP0045,2034,2024-10-26,0,0,0
21467,CMP0045,4005,2024-10-26,0,0,1
21468,CMP0045,3149,2024-10-26,1,0,0
21469,CMP0045,401,2024-10-26,0,0,0
21470,CMP0045,1488,2024-10-26,0,0,0
21471,CMP0045,325,2024-10-26,0,0,0
21472,CMP0045,3495,2024-10-26,0,0,0
21473,CMP0045,3427,2024-10-26,1,1,0
21474,CMP0045,3464,2024-10-26,0,0,0
21475,CMP0045,1521,2024-10-26,0,0,0
21476,CMP0045,1791,2024-10-26,1,1,0
21477,CMP0045,636,2024-10-26,0,0,0
21478,CMP0045,1317,2024-10-26,0,0,0
21479,CMP0045,2345,2024-10-26,0,0,0
21480,CMP0045,181,2024-10-26,0,0,0
21481,CMP0045,1476,2024-10-26,1,0,0
21482,CMP0045,1516,2024-10-26,0,0,0
21483,CMP0045,1636,2024-10-26,0,0,0
21484,CMP0045,3024,2024-10-26,0,0,0
21485,CMP0045,2486,2024-10-26,0,0,0
21486,CMP0045,1842,2024-10-26,0,0,0
21487,CMP0045,2123,2024-10-26,0,0,0
21488,CMP0045,3168,2024-10-26,0,0,0
21489,CMP0045,2327,2024-10-26,0,0,0
21490,CMP0045,3919,2024-10-26,1,0,0
21491,CMP0045,3306,2024-10-26,0,0,0
21492,CMP0045,2954,2024-10-26,1,0,0
21493,CMP0045,3020,2024-10-26,0,0,0
21494,CMP0045,27,2024-10-26,1,1,0
21495,CMP0045,2682,2024-10-26,0,0,0
21496,CMP0045,1806,2024-10-26,0,0,0
21497,CMP0045,2196,2024-10-26,0,0,0
21498,CMP0045,2550,2024-10-26,0,0,0
21499,CMP0045,1775,2024-10-26,0,0,0
21500,CMP0045,2416,2024-10-26,1,0,0
21501,CMP0045,445,2024-10-26,0,0,0
21502,CMP0045,3270,2024-10-26,0,0,0
21503,CMP0045,300,2024-10-26,0,0,0
21504,CMP0045,3867,2024-10-26,1,0,0
21505,CMP0045,2472,2024-10-26,0,0,0
21506,CMP0045,3298,2024-10-26,0,0,0
21507,CMP0045,2592,2024-10-26,0,0,0
21508,CMP0045,1659,2024-10-26,0,0,0
21509,CMP0045,3126,2024-10-26,0,0,0
21510,CMP0045,2700,2024-10-26,0,0,0
21511,CMP0045,2462,2024-10-26,1,0,0
21512,CMP0045,3809,2024-10-26,0,0,0
21513,CMP0045,1169,2024-10-26,0,0,0
21514,CMP0045,3213,2024-10-26,1,0,0
21515,CMP0045,2933,2024-10-26,0,0,0
21516,CMP0045,1949,2024-10-26,0,0,0
21517,CMP0045,3903,2024-10-26,0,0,0
21518,CMP0045,3206,2024-10-26,0,0,0
21519,CMP0045,2663,2024-10-26,1,0,0
21520,CMP0045,2625,2024-10-26,0,0,0
21521,CMP0045,432,2024-10-26,0,0,0
21522,CMP0045,570,2024-10-26,1,0,0
21523,CMP0045,2535,2024-10-26,0,0,0
21524,CMP0045,2839,2024-10-26,0,0,0
21525,CMP0045,317,2024-10-26,0,0,0
21526,CMP0045,2243,2024-10-26,1,0,0
21527,CMP0045,3214,2024-10-26,0,0,0
21528,CMP0045,3931,2024-10-26,1,1,0
21529,CMP0045,1788,2024-10-26,0,0,0
21530,CMP0045,1904,2024-10-26,1,0,0
21531,CMP0045,2489,2024-10-26,0,0,0
21532,CMP0045,3120,2024-10-26,0,0,0
21533,CMP0045,2570,2024-10-26,0,0,0
21534,CMP0045,752,2024-10-26,0,0,0
21535,CMP0045,805,2024-10-26,1,0,0
21536,CMP0045,1603,2024-10-26,0,0,0
21537,CMP0045,316,2024-10-26,0,0,0
21538,CMP0045,1474,2024-10-26,0,0,0
21539,CMP0045,3033,2024-10-26,0,0,0
21540,CMP0045,3623,2024-10-26,0,0,0
21541,CMP0045,1108,2024-10-26,1,1,0
21542,CMP0045,1364,2024-10-26,0,0,0
21543,CMP0045,836,2024-10-26,0,0,0
21544,CMP0045,1983,2024-10-26,0,0,0
21545,CMP0045,1051,2024-10-26,0,0,0
21546,CMP0045,3425,2024-10-26,0,0,0
21547,CMP0045,1652,2024-10-26,0,0,0
21548,CMP0045,37,2024-10-26,0,0,0
21549,CMP0045,884,2024-10-26,0,0,0
21550,CMP0045,2660,2024-10-26,1,0,0
21551,CMP0045,647,2024-10-26,1,0,0
21552,CMP0045,3436,2024-10-26,0,0,0
21553,CMP0045,1238,2024-10-26,1,0,0
21554,CMP0045,461,2024-10-26,0,0,0
21555,CMP0045,1695,2024-10-26,1,0,0
21556,CMP0045,2530,2024-10-26,0,0,0
21557,CMP0045,640,2024-10-26,1,0,0
21558,CMP0045,2931,2024-10-26,1,0,0
21559,CMP0045,2156,2024-10-26,0,0,0
21560,CMP0045,1620,2024-10-26,0,0,0
21561,CMP0045,2913,2024-10-26,0,0,0
21562,CMP0045,1259,2024-10-26,0,0,0
21563,CMP0045,2313,2024-10-26,0,0,0
21564,CMP0045,3898,2024-10-26,0,0,0
21565,CMP0045,1212,2024-10-26,1,0,0
21566,CMP0045,2699,2024-10-26,0,0,0
21567,CMP0045,3343,2024-10-26,0,0,0
21568,CMP0045,3252,2024-10-26,1,0,0
21569,CMP0045,487,2024-10-26,0,0,0
21570,CMP0045,808,2024-10-26,1,0,0
21571,CMP0045,2097,2024-10-26,0,0,0
21572,CMP0045,2909,2024-10-26,0,0,0
21573,CMP0045,1910,2024-10-26,0,0,0
21574,CMP0045,1342,2024-10-26,1,0,0
21575,CMP0045,2040,2024-10-26,0,0,0
21576,CMP0045,1414,2024-10-26,0,0,0
21577,CMP0045,2154,2024-10-26,0,0,0
21578,CMP0045,71,2024-10-26,1,0,0
21579,CMP0045,2028,2024-10-26,0,0,0
21580,CMP0045,949,2024-10-26,0,0,0
21581,CMP0045,2030,2024-10-26,1,0,0
21582,CMP0045,1264,2024-10-26,0,0,0
21583,CMP0045,832,2024-10-26,0,0,0
21584,CMP0045,1269,2024-10-26,0,0,0
21585,CMP0045,2595,2024-10-26,1,0,0
21586,CMP0045,1064,2024-10-26,0,0,0
21587,CMP0045,2467,2024-10-26,0,0,0
21588,CMP0045,1068,2024-10-26,1,0,0
21589,CMP0045,585,2024-10-26,0,0,0
21590,CMP0045,326,2024-10-26,0,0,0
21591,CMP0045,111,2024-10-26,0,0,0
21592,CMP0045,129,2024-10-26,0,0,0
21593,CMP0045,645,2024-10-26,1,0,0
21594,CMP0045,1363,2024-10-26,0,0,0
21595,CMP0045,1086,2024-10-26,0,0,0
21596,CMP0045,943,2024-10-26,1,0,0
21597,CMP0045,793,2024-10-26,1,1,0
21598,CMP0045,3924,2024-10-26,1,1,0
21599,CMP0045,3171,2024-10-26,1,0,0
21600,CMP0045,670,2024-10-26,0,0,0
21601,CMP0045,2478,2024-10-26,0,0,0
21602,CMP0045,3604,2024-10-26,0,0,0
21603,CMP0045,697,2024-10-26,1,0,0
21604,CMP0045,3233,2024-10-26,0,0,0
21605,CMP0045,3037,2024-10-26,0,0,0
21606,CMP0045,2767,2024-10-26,1,0,0
21607,CMP0045,1698,2024-10-26,0,0,0
21608,CMP0045,3913,2024-10-26,0,0,0
21609,CMP0045,1779,2024-10-26,0,0,0
21610,CMP0045,3146,2024-10-26,0,0,0
21611,CMP0045,976,2024-10-26,1,1,0
21612,CMP0045,1722,2024-10-26,0,0,0
21613,CMP0045,908,2024-10-26,0,0,0
21614,CMP0045,3481,2024-10-26,1,0,0
21615,CMP0045,1298,2024-10-26,1,0,0
21616,CMP0045,1822,2024-10-26,0,0,0
21617,CMP0045,2509,2024-10-26,1,0,0
21618,CMP0045,3806,2024-10-26,0,0,0
21619,CMP0045,1649,2024-10-26,1,1,0
21620,CMP0045,1479,2024-10-26,1,0,0
21621,CMP0045,3746,2024-10-26,0,0,0
21622,CMP0045,3882,2024-10-26,1,0,0
21623,CMP0045,2801,2024-10-26,0,0,0
21624,CMP0045,1375,2024-10-26,0,0,0
21625,CMP0045,1002,2024-10-26,0,0,0
21626,CMP0045,1859,2024-10-26,0,0,0
21627,CMP0045,3191,2024-10-26,1,0,0
21628,CMP0045,2659,2024-10-26,0,0,0
21629,CMP0045,3730,2024-10-26,0,0,0
21630,CMP0045,2070,2024-10-26,1,0,0
21631,CMP0045,2526,2024-10-26,0,0,0
21632,CMP0045,1948,2024-10-26,1,0,0
21633,CMP0045,2480,2024-10-26,1,0,0
21634,CMP0045,1568,2024-10-26,0,0,0
21635,CMP0045,2689,2024-10-26,1,0,0
21636,CMP0045,3269,2024-10-26,0,0,0
21637,CMP0045,2071,2024-10-26,0,0,0
21638,CMP0045,425,2024-10-26,0,0,0
21639,CMP0045,3138,2024-10-26,0,0,0
21640,CMP0045,3102,2024-10-26,0,0,0
21641,CMP0045,3452,2024-10-26,0,0,0
21642,CMP0045,3879,2024-10-26,0,0,0
21643,CMP0045,373,2024-10-26,0,0,0
21644,CMP0045,3773,2024-10-26,0,0,0
21645,CMP0045,2607,2024-10-26,1,0,0
21646,CMP0045,1666,2024-10-26,0,0,0
21647,CMP0045,2393,2024-10-26,0,0,0
21648,CMP0045,2475,2024-10-26,0,0,0
21649,CMP0045,3157,2024-10-26,1,0,0
21650,CMP0045,3117,2024-10-26,1,0,0
21651,CMP0045,673,2024-10-26,1,0,0
21652,CMP0045,2711,2024-10-26,0,0,0
21653,CMP0045,1292,2024-10-26,0,0,0
21654,CMP0045,1606,2024-10-26,0,0,0
21655,CMP0045,3369,2024-10-26,0,0,0
21656,CMP0045,3720,2024-10-26,0,0,0
21657,CMP0045,798,2024-10-26,0,0,0
21658,CMP0045,2178,2024-10-26,0,0,0
21659,CMP0045,2494,2024-10-26,1,0,0
21660,CMP0045,264,2024-10-26,0,0,0
21661,CMP0045,3228,2024-10-26,1,0,0
21662,CMP0045,571,2024-10-26,0,0,0
21663,CMP0045,1670,2024-10-26,0,0,0
21664,CMP0045,3769,2024-10-26,0,0,0
21665,CMP0045,243,2024-10-26,0,0,0
21666,CMP0045,102,2024-10-26,0,1,0
21667,CMP0045,1211,2024-10-26,0,0,0
21668,CMP0045,2780,2024-10-26,0,0,0
21669,CMP0045,1819,2024-10-26,0,0,0
21670,CMP0045,3837,2024-10-26,1,1,0
21671,CMP0045,2802,2024-10-26,0,0,0
21672,CMP0045,2759,2024-10-26,0,0,0
21673,CMP0045,3540,2024-10-26,1,0,0
21674,CMP0045,2903,2024-10-26,0,0,0
21675,CMP0045,3728,2024-10-26,0,0,0
21676,CMP0045,2158,2024-10-26,0,0,0
21677,CMP0045,1770,2024-10-26,0,0,0
21678,CMP0045,2476,2024-10-26,1,0,0
21679,CMP0045,3941,2024-10-26,0,0,0
21680,CMP0045,1266,2024-10-26,1,0,0
21681,CMP0045,3844,2024-10-26,0,0,0
21682,CMP0045,3267,2024-10-26,1,1,0
21683,CMP0045,856,2024-10-26,1,1,0
21684,CMP0045,3300,2024-10-26,0,0,0
21685,CMP0045,152,2024-10-26,1,0,0
21686,CMP0045,1268,2024-10-26,0,0,0
21687,CMP0045,1384,2024-10-26,0,0,0
21688,CMP0045,3573,2024-10-26,0,0,0
21689,CMP0045,1198,2024-10-26,0,0,0
21690,CMP0045,500,2024-10-26,0,0,0
21691,CMP0045,328,2024-10-26,0,0,0
21692,CMP0045,3557,2024-10-26,0,0,0
21693,CMP0045,3914,2024-10-26,1,0,0
21694,CMP0045,216,2024-10-26,1,0,0
21695,CMP0045,2262,2024-10-26,0,0,0
21696,CMP0045,2287,2024-10-26,0,0,0
21697,CMP0045,2734,2024-10-26,0,0,0
21698,CMP0045,3777,2024-10-26,1,1,0
21699,CMP0045,2148,2024-10-26,0,0,0
21700,CMP0045,3460,2024-10-26,0,0,0
21701,CMP0045,2760,2024-10-26,1,0,0
21702,CMP0045,596,2024-10-26,0,0,0
21703,CMP0045,3299,2024-10-26,0,0,0
21704,CMP0045,2013,2024-10-26,0,0,0
21705,CMP0045,3103,2024-10-26,0,0,0
21706,CMP0045,1091,2024-10-26,0,0,0
21707,CMP0045,826,2024-10-26,0,0,0
21708,CMP0045,418,2024-10-26,0,0,0
21709,CMP0045,1301,2024-10-26,0,0,0
21710,CMP0045,391,2024-10-26,0,0,0
21711,CMP0045,1067,2024-10-26,0,0,0
21712,CMP0045,776,2024-10-26,0,0,0
21713,CMP0045,1974,2024-10-26,0,0,0
21714,CMP0045,1538,2024-10-26,1,0,0
21715,CMP0045,621,2024-10-26,0,0,0
21716,CMP0045,1280,2024-10-26,0,0,0
21717,CMP0045,1182,2024-10-26,0,0,0
21718,CMP0045,1960,2024-10-26,0,0,0
21719,CMP0045,3106,2024-10-26,1,0,0
21720,CMP0045,2139,2024-10-26,0,0,0
21721,CMP0045,3834,2024-10-26,0,0,0
21722,CMP0045,1851,2024-10-26,0,0,0
21723,CMP0045,2359,2024-10-26,0,0,0
21724,CMP0045,1250,2024-10-26,1,0,0
21725,CMP0045,1889,2024-10-26,0,0,0
21726,CMP0045,988,2024-10-26,0,0,0
21727,CMP0045,3855,2024-10-26,0,0,0
21728,CMP0045,331,2024-10-26,0,0,0
21729,CMP0045,408,2024-10-26,0,0,0
21730,CMP0045,1185,2024-10-26,0,0,0
21731,CMP0045,1665,2024-10-26,1,1,0
21732,CMP0045,1908,2024-10-26,0,0,0
21733,CMP0045,17,2024-10-26,1,0,0
21734,CMP0045,3492,2024-10-26,0,0,0
21735,CMP0045,76,2024-10-26,1,1,0
21736,CMP0045,303,2024-10-26,0,0,0
21737,CMP0045,629,2024-10-26,1,0,0
21738,CMP0045,1473,2024-10-26,1,0,0
21739,CMP0045,633,2024-10-26,0,0,0
21740,CMP0045,2003,2024-10-26,0,0,0
21741,CMP0045,722,2024-10-26,1,0,0
21742,CMP0045,568,2024-10-26,1,0,0
21743,CMP0045,2636,2024-10-26,0,0,0
21744,CMP0045,1032,2024-10-26,0,0,0
21745,CMP0045,846,2024-10-26,0,0,0
21746,CMP0045,2219,2024-10-26,0,0,0
21747,CMP0045,2685,2024-10-26,0,0,0
21748,CMP0045,1434,2024-10-26,0,0,0
21749,CMP0045,2018,2024-10-26,0,0,0
21750,CMP0045,2962,2024-10-26,1,0,0
21751,CMP0045,3933,2024-10-26,0,0,0
21752,CMP0045,3410,2024-10-26,0,0,0
21753,CMP0045,2109,2024-10-26,0,0,0
21754,CMP0020,2659,2026-03-26,1,0,0
21755,CMP0020,3898,2026-03-26,0,0,0
21756,CMP0020,3495,2026-03-26,1,0,0
21757,CMP0020,700,2026-03-26,0,0,0
21758,CMP0020,2393,2026-03-26,0,0,0
21759,CMP0020,1177,2026-03-26,0,0,0
21760,CMP0020,1948,2026-03-26,0,0,0
21761,CMP0020,668,2026-03-26,0,0,0
21762,CMP0020,361,2026-03-26,0,0,0
21763,CMP0020,1900,2026-03-26,0,0,0
21764,CMP0020,2538,2026-03-26,0,0,0
21765,CMP0020,2823,2026-03-26,1,0,0
21766,CMP0020,3540,2026-03-26,1,0,0
21767,CMP0020,3978,2026-03-26,0,0,0
21768,CMP0020,3914,2026-03-26,0,0,0
21769,CMP0020,1759,2026-03-26,0,0,0
21770,CMP0020,1198,2026-03-26,0,0,0
21771,CMP0020,2295,2026-03-26,0,0,0
21772,CMP0020,3000,2026-03-26,1,0,0
21773,CMP0020,492,2026-03-26,0,0,0
21774,CMP0020,212,2026-03-26,0,0,0
21775,CMP0020,3761,2026-03-26,0,0,0
21776,CMP0020,3060,2026-03-26,1,0,0
21777,CMP0020,482,2026-03-26,0,0,0
21778,CMP0020,2854,2026-03-26,0,0,0
21779,CMP0020,3833,2026-03-26,1,0,0
21780,CMP0020,937,2026-03-26,1,0,0
21781,CMP0020,342,2026-03-26,0,0,0
21782,CMP0020,3471,2026-03-26,1,0,0
21783,CMP0020,2922,2026-03-26,0,0,0
21784,CMP0020,3449,2026-03-26,0,0,0
21785,CMP0020,3008,2026-03-26,0,0,0
21786,CMP0020,2658,2026-03-26,1,0,0
21787,CMP0020,2356,2026-03-26,0,0,0
21788,CMP0020,1038,2026-03-26,0,0,0
21789,CMP0020,2148,2026-03-26,0,0,0
21790,CMP0020,1859,2026-03-26,0,0,0
21791,CMP0020,1910,2026-03-26,0,0,0
21792,CMP0020,65,2026-03-26,0,0,0
21793,CMP0020,2499,2026-03-26,1,0,0
21794,CMP0020,725,2026-03-26,0,0,0
21795,CMP0020,3327,2026-03-26,0,0,0
21796,CMP0020,1951,2026-03-26,0,0,0
21797,CMP0020,556,2026-03-26,0,0,0
21798,CMP0020,2154,2026-03-26,0,0,0
21799,CMP0020,516,2026-03-26,0,0,0
21800,CMP0020,3267,2026-03-26,0,0,0
21801,CMP0020,1577,2026-03-26,0,0,0
21802,CMP0020,2188,2026-03-26,0,0,0
21803,CMP0020,2171,2026-03-26,1,0,0
21804,CMP0020,2196,2026-03-26,0,0,0
21805,CMP0020,2998,2026-03-26,1,0,0
21806,CMP0020,1058,2026-03-26,0,0,0
21807,CMP0020,3383,2026-03-26,1,0,0
21808,CMP0020,177,2026-03-26,0,0,0
21809,CMP0020,1434,2026-03-26,0,0,0
21810,CMP0020,2485,2026-03-26,1,1,0
21811,CMP0020,1125,2026-03-26,0,0,0
21812,CMP0020,1795,2026-03-26,0,0,0
21813,CMP0020,1108,2026-03-26,1,0,0
21814,CMP0020,3223,2026-03-26,0,0,0
21815,CMP0020,2232,2026-03-26,0,0,0
21816,CMP0020,2193,2026-03-26,1,0,0
21817,CMP0020,3147,2026-03-26,0,0,0
21818,CMP0020,1893,2026-03-26,0,0,0
21819,CMP0020,103,2026-03-26,1,1,0
21820,CMP0020,1806,2026-03-26,1,0,0
21821,CMP0020,180,2026-03-26,0,0,0
21822,CMP0020,376,2026-03-26,1,0,0
21823,CMP0020,1639,2026-03-26,1,0,0
21824,CMP0020,304,2026-03-26,1,0,0
21825,CMP0020,2607,2026-03-26,0,0,0
21826,CMP0020,1258,2026-03-26,0,0,0
21827,CMP0020,1200,2026-03-26,1,0,0
21828,CMP0020,1005,2026-03-26,0,0,0
21829,CMP0020,2866,2026-03-26,1,0,0
21830,CMP0020,1743,2026-03-26,0,0,0
21831,CMP0020,45,2026-03-26,0,0,0
21832,CMP0020,1940,2026-03-26,1,0,0
21833,CMP0020,752,2026-03-26,0,0,0
21834,CMP0020,1255,2026-03-26,1,1,0
21835,CMP0020,1596,2026-03-26,0,0,0
21836,CMP0020,3030,2026-03-26,0,0,0
21837,CMP0020,1318,2026-03-26,0,0,0
21838,CMP0020,1835,2026-03-26,0,0,0
21839,CMP0020,1397,2026-03-26,0,0,0
21840,CMP0020,3214,2026-03-26,1,0,0
21841,CMP0020,3445,2026-03-26,0,0,0
21842,CMP0020,2643,2026-03-26,0,0,0
21843,CMP0020,162,2026-03-26,0,0,0
21844,CMP0020,3619,2026-03-26,0,0,0
21845,CMP0020,3737,2026-03-26,0,0,0
21846,CMP0020,2869,2026-03-26,0,0,0
21847,CMP0020,3970,2026-03-26,0,0,0
21848,CMP0020,3433,2026-03-26,0,0,0
21849,CMP0020,271,2026-03-26,0,0,0
21850,CMP0020,3238,2026-03-26,0,0,0
21851,CMP0020,1554,2026-03-26,1,0,0
21852,CMP0020,24,2026-03-26,0,0,0
21853,CMP0020,3658,2026-03-26,1,0,0
21854,CMP0020,531,2026-03-26,0,0,0
21855,CMP0020,3178,2026-03-26,1,0,0
21856,CMP0020,2,2026-03-26,1,0,0
21857,CMP0020,1475,2026-03-26,0,0,0
21858,CMP0020,350,2026-03-26,1,0,0
21859,CMP0020,3189,2026-03-26,1,0,0
21860,CMP0020,2592,2026-03-26,0,0,0
21861,CMP0020,3569,2026-03-26,1,0,0
21862,CMP0020,74,2026-03-26,0,0,0
21863,CMP0020,2496,2026-03-26,1,0,0
21864,CMP0020,1032,2026-03-26,0,0,0
21865,CMP0020,2380,2026-03-26,0,0,1
21866,CMP0020,1183,2026-03-26,1,0,0
21867,CMP0020,1528,2026-03-26,0,0,0
21868,CMP0020,3168,2026-03-26,0,0,0
21869,CMP0020,1735,2026-03-26,0,0,0
21870,CMP0020,378,2026-03-26,0,0,0
21871,CMP0020,2184,2026-03-26,0,0,0
21872,CMP0020,2734,2026-03-26,0,0,0
21873,CMP0020,2349,2026-03-26,0,0,0
21874,CMP0020,3760,2026-03-26,1,0,0
21875,CMP0020,1084,2026-03-26,0,0,0
21876,CMP0020,1317,2026-03-26,0,0,0
21877,CMP0020,56,2026-03-26,1,0,0
21878,CMP0020,2249,2026-03-26,0,0,0
21879,CMP0020,2665,2026-03-26,0,0,0
21880,CMP0020,1498,2026-03-26,1,0,0
21881,CMP0020,2301,2026-03-26,0,0,0
21882,CMP0020,2454,2026-03-26,0,0,0
21883,CMP0020,1307,2026-03-26,0,0,0
21884,CMP0020,2166,2026-03-26,0,0,0
21885,CMP0020,3407,2026-03-26,1,0,0
21886,CMP0020,3879,2026-03-26,0,0,0
21887,CMP0020,313,2026-03-26,1,0,0
21888,CMP0020,2433,2026-03-26,0,0,0
21889,CMP0020,1235,2026-03-26,1,0,0
21890,CMP0020,3714,2026-03-26,1,0,0
21891,CMP0020,3842,2026-03-26,1,0,0
21892,CMP0020,2940,2026-03-26,0,0,0
21893,CMP0020,2390,2026-03-26,0,0,0
21894,CMP0020,3786,2026-03-26,0,0,0
21895,CMP0020,720,2026-03-26,0,0,0
21896,CMP0020,2083,2026-03-26,0,0,0
21897,CMP0020,2663,2026-03-26,1,0,0
21898,CMP0020,1960,2026-03-26,0,0,0
21899,CMP0020,306,2026-03-26,0,0,0
21900,CMP0020,2815,2026-03-26,1,1,0
21901,CMP0020,164,2026-03-26,1,0,0
21902,CMP0020,1755,2026-03-26,1,0,0
21903,CMP0020,254,2026-03-26,0,0,0
21904,CMP0020,2462,2026-03-26,1,0,0
21905,CMP0020,1121,2026-03-26,0,0,0
21906,CMP0020,2584,2026-03-26,0,0,0
21907,CMP0020,99,2026-03-26,1,1,0
21908,CMP0020,1693,2026-03-26,0,0,0
21909,CMP0020,2095,2026-03-26,0,0,0
21910,CMP0020,2560,2026-03-26,1,0,0
21911,CMP0020,1568,2026-03-26,1,0,0
21912,CMP0020,2456,2026-03-26,1,0,0
21913,CMP0020,1606,2026-03-26,0,0,0
21914,CMP0020,1683,2026-03-26,1,0,0
21915,CMP0020,513,2026-03-26,0,0,0
21916,CMP0020,852,2026-03-26,0,0,0
21917,CMP0020,3253,2026-03-26,0,0,0
21918,CMP0020,1262,2026-03-26,0,0,0
21919,CMP0020,205,2026-03-26,0,0,0
21920,CMP0020,3461,2026-03-26,1,0,0
21921,CMP0020,1939,2026-03-26,0,0,0
21922,CMP0020,3315,2026-03-26,1,0,0
21923,CMP0020,2859,2026-03-26,0,0,0
21924,CMP0020,866,2026-03-26,1,0,0
21925,CMP0020,193,2026-03-26,1,0,0
21926,CMP0020,2874,2026-03-26,1,0,0
21927,CMP0020,2503,2026-03-26,0,0,0
21928,CMP0020,789,2026-03-26,0,0,0
21929,CMP0020,3447,2026-03-26,1,0,0
21930,CMP0020,2320,2026-03-26,0,0,0
21931,CMP0020,1725,2026-03-26,1,1,0
21932,CMP0020,1283,2026-03-26,0,0,0
21933,CMP0020,3247,2026-03-26,0,0,0
21934,CMP0020,1293,2026-03-26,0,0,1
21935,CMP0020,1753,2026-03-26,0,0,0
21936,CMP0020,3810,2026-03-26,1,0,0
21937,CMP0020,2273,2026-03-26,0,0,0
21938,CMP0020,1953,2026-03-26,1,0,0
21939,CMP0020,2888,2026-03-26,1,1,0
21940,CMP0020,2534,2026-03-26,1,0,0
21941,CMP0020,326,2026-03-26,0,0,0
21942,CMP0020,940,2026-03-26,1,0,0
21943,CMP0020,3459,2026-03-26,0,0,0
21944,CMP0020,537,2026-03-26,1,0,0
21945,CMP0020,1620,2026-03-26,0,0,0
21946,CMP0020,2689,2026-03-26,0,0,0
21947,CMP0020,1416,2026-03-26,0,0,0
21948,CMP0020,3464,2026-03-26,0,0,0
21949,CMP0020,623,2026-03-26,0,0,0
21950,CMP0020,1724,2026-03-26,0,0,0
21951,CMP0020,602,2026-03-26,1,0,0
21952,CMP0020,3639,2026-03-26,0,0,0
21953,CMP0020,2270,2026-03-26,1,0,0
21954,CMP0020,2635,2026-03-26,1,0,0
21955,CMP0020,2228,2026-03-26,1,0,0
21956,CMP0020,14,2026-03-26,0,0,0
21957,CMP0020,149,2026-03-26,0,0,0
21958,CMP0020,788,2026-03-26,1,1,0
21959,CMP0020,2671,2026-03-26,0,0,0
21960,CMP0020,1301,2026-03-26,1,0,0
21961,CMP0020,3835,2026-03-26,0,0,0
21962,CMP0020,3331,2026-03-26,0,0,0
21963,CMP0020,1205,2026-03-26,1,0,0
21964,CMP0020,4003,2026-03-26,0,0,0
21965,CMP0020,1971,2026-03-26,0,0,0
21966,CMP0020,2617,2026-03-26,0,0,0
21967,CMP0020,3661,2026-03-26,0,0,0
21968,CMP0020,3829,2026-03-26,0,0,0
21969,CMP0020,1362,2026-03-26,0,0,0
21970,CMP0020,3948,2026-03-26,1,0,0
21971,CMP0020,3402,2026-03-26,0,0,0
21972,CMP0020,2256,2026-03-26,0,0,0
21973,CMP0020,2817,2026-03-26,0,0,0
21974,CMP0020,2521,2026-03-26,1,1,0
21975,CMP0020,3423,2026-03-26,1,0,0
21976,CMP0020,173,2026-03-26,0,0,0
21977,CMP0020,2182,2026-03-26,1,0,0
21978,CMP0020,1404,2026-03-26,1,0,0
21979,CMP0020,2957,2026-03-26,0,0,0
21980,CMP0020,3719,2026-03-26,0,0,0
21981,CMP0020,2867,2026-03-26,0,0,0
21982,CMP0020,2374,2026-03-26,0,0,0
21983,CMP0020,3369,2026-03-26,0,0,0
21984,CMP0020,3530,2026-03-26,1,0,0
21985,CMP0020,2312,2026-03-26,0,0,0
21986,CMP0020,2618,2026-03-26,0,0,0
21987,CMP0020,2173,2026-03-26,0,0,0
21988,CMP0020,2949,2026-03-26,0,0,0
21989,CMP0020,1272,2026-03-26,0,0,0
21990,CMP0020,1149,2026-03-26,0,0,0
21991,CMP0020,2478,2026-03-26,0,0,0
21992,CMP0020,851,2026-03-26,0,0,0
21993,CMP0020,3924,2026-03-26,0,0,0
21994,CMP0020,1927,2026-03-26,0,0,0
21995,CMP0020,1698,2026-03-26,0,0,0
21996,CMP0020,3778,2026-03-26,0,0,0
21997,CMP0020,1816,2026-03-26,0,0,0
21998,CMP0020,3126,2026-03-26,1,0,0
21999,CMP0020,510,2026-03-26,0,0,0
22000,CMP0020,3033,2026-03-26,1,0,0
22001,CMP0020,701,2026-03-26,0,0,0
22002,CMP0020,2902,2026-03-26,1,0,0
22003,CMP0020,1494,2026-03-26,1,1,0
22004,CMP0020,2653,2026-03-26,0,0,0
22005,CMP0020,2600,2026-03-26,0,0,0
22006,CMP0020,3174,2026-03-26,0,0,0
22007,CMP0020,2190,2026-03-26,0,0,0
22008,CMP0020,1244,2026-03-26,0,0,0
22009,CMP0020,3457,2026-03-26,0,0,0
22010,CMP0020,270,2026-03-26,0,0,0
22011,CMP0020,2403,2026-03-26,0,0,0
22012,CMP0020,2782,2026-03-26,0,0,0
22013,CMP0020,2951,2026-03-26,1,0,0
22014,CMP0020,2310,2026-03-26,0,0,0
22015,CMP0020,2201,2026-03-26,0,0,0
22016,CMP0020,3698,2026-03-26,0,0,0
22017,CMP0020,1288,2026-03-26,1,0,0
22018,CMP0020,2487,2026-03-26,0,0,0
22019,CMP0020,3664,2026-03-26,0,0,0
22020,CMP0020,2591,2026-03-26,1,0,0
22021,CMP0020,757,2026-03-26,1,0,0
22022,CMP0020,3891,2026-03-26,0,0,0
22023,CMP0020,2341,2026-03-26,0,0,0
22024,CMP0020,782,2026-03-26,1,0,0
22025,CMP0020,3832,2026-03-26,0,0,0
22026,CMP0020,1358,2026-03-26,1,1,0
22027,CMP0020,652,2026-03-26,0,0,0
22028,CMP0020,288,2026-03-26,0,0,0
22029,CMP0020,1675,2026-03-26,1,0,0
22030,CMP0020,804,2026-03-26,0,0,0
22031,CMP0020,3424,2026-03-26,1,0,0
22032,CMP0020,1745,2026-03-26,0,1,0
22033,CMP0020,859,2026-03-26,0,0,0
22034,CMP0020,240,2026-03-26,1,1,0
22035,CMP0020,2350,2026-03-26,0,0,0
22036,CMP0020,1661,2026-03-26,0,0,0
22037,CMP0020,2546,2026-03-26,0,0,0
22038,CMP0020,3298,2026-03-26,0,0,0
22039,CMP0020,328,2026-03-26,1,0,0
22040,CMP0020,562,2026-03-26,1,0,0
22041,CMP0020,3366,2026-03-26,0,0,0
22042,CMP0020,2392,2026-03-26,0,0,0
22043,CMP0020,3258,2026-03-26,0,0,0
22044,CMP0020,681,2026-03-26,1,0,0
22045,CMP0020,1936,2026-03-26,0,0,0
22046,CMP0020,2742,2026-03-26,0,0,0
22047,CMP0020,3001,2026-03-26,0,0,0
22048,CMP0020,1849,2026-03-26,0,0,0
22049,CMP0020,3498,2026-03-26,0,0,0
22050,CMP0020,3282,2026-03-26,0,0,0
22051,CMP0020,3086,2026-03-26,0,0,0
22052,CMP0020,3558,2026-03-26,0,0,0
22053,CMP0020,76,2026-03-26,0,0,0
22054,CMP0020,3801,2026-03-26,1,0,0
22055,CMP0020,3788,2026-03-26,1,0,0
22056,CMP0020,2535,2026-03-26,0,0,0
22057,CMP0020,466,2026-03-26,0,0,0
22058,CMP0020,2387,2026-03-26,0,0,0
22059,CMP0020,2961,2026-03-26,1,1,0
22060,CMP0020,801,2026-03-26,0,0,0
22061,CMP0020,2570,2026-03-26,1,0,0
22062,CMP0020,3452,2026-03-26,1,0,0
22063,CMP0020,3782,2026-03-26,0,0,0
22064,CMP0020,3197,2026-03-26,0,0,0
22065,CMP0020,90,2026-03-26,0,0,0
22066,CMP0020,846,2026-03-26,1,1,0
22067,CMP0020,568,2026-03-26,1,0,0
22068,CMP0020,408,2026-03-26,1,0,0
22069,CMP0020,2976,2026-03-26,1,1,0
22070,CMP0020,116,2026-03-26,1,0,0
22071,CMP0020,2846,2026-03-26,0,0,0
22072,CMP0020,1517,2026-03-26,0,0,0
22073,CMP0020,3575,2026-03-26,0,0,0
22074,CMP0020,132,2026-03-26,0,0,0
22075,CMP0020,1040,2026-03-26,1,1,0
22076,CMP0020,2065,2026-03-26,0,0,0
22077,CMP0020,3536,2026-03-26,1,0,0
22078,CMP0020,2700,2026-03-26,0,0,0
22079,CMP0020,3570,2026-03-26,0,0,0
22080,CMP0020,2830,2026-03-26,0,0,0
22081,CMP0020,1866,2026-03-26,1,0,0
22082,CMP0020,1230,2026-03-26,0,0,0
22083,CMP0020,3858,2026-03-26,0,0,0
22084,CMP0020,955,2026-03-26,0,0,0
22085,CMP0020,3209,2026-03-26,1,0,0
22086,CMP0020,1169,2026-03-26,0,0,0
22087,CMP0020,2629,2026-03-26,0,0,0
22088,CMP0020,1726,2026-03-26,0,0,0
22089,CMP0020,2106,2026-03-26,0,0,0
22090,CMP0020,3335,2026-03-26,0,0,0
22091,CMP0020,647,2026-03-26,1,0,0
22092,CMP0020,3106,2026-03-26,0,0,0
22093,CMP0020,1924,2026-03-26,0,0,0
22094,CMP0020,1420,2026-03-26,1,0,0
22095,CMP0020,2903,2026-03-26,0,0,0
22096,CMP0020,3920,2026-03-26,0,0,0
22097,CMP0020,2332,2026-03-26,0,0,0
22098,CMP0020,2429,2026-03-26,0,0,0
22099,CMP0020,439,2026-03-26,0,0,0
22100,CMP0020,3309,2026-03-26,0,0,0
22101,CMP0020,2923,2026-03-26,0,0,0
22102,CMP0020,2136,2026-03-26,0,0,0
22103,CMP0020,2694,2026-03-26,1,0,0
22104,CMP0020,222,2026-03-26,0,0,0
22105,CMP0020,3107,2026-03-26,0,0,0
22106,CMP0020,3410,2026-03-26,1,1,0
22107,CMP0020,2673,2026-03-26,0,0,0
22108,CMP0020,1273,2026-03-26,0,0,0
22109,CMP0020,572,2026-03-26,0,0,0
22110,CMP0020,2210,2026-03-26,0,0,0
22111,CMP0020,3142,2026-03-26,1,0,0
22112,CMP0020,1099,2026-03-26,1,0,0
22113,CMP0020,559,2026-03-26,0,0,0
22114,CMP0020,995,2026-03-26,1,0,0
22115,CMP0020,3773,2026-03-26,0,0,0
22116,CMP0020,2057,2026-03-26,0,0,0
22117,CMP0020,2741,2026-03-26,0,0,0
22118,CMP0020,296,2026-03-26,0,0,0
22119,CMP0020,3822,2026-03-26,0,0,0
22120,CMP0020,3290,2026-03-26,0,0,0
22121,CMP0020,3548,2026-03-26,1,0,0
22122,CMP0020,999,2026-03-26,1,0,0
22123,CMP0020,707,2026-03-26,0,0,0
22124,CMP0020,419,2026-03-26,1,0,0
22125,CMP0020,1493,2026-03-26,0,0,0
22126,CMP0020,629,2026-03-26,0,0,0
22127,CMP0020,1356,2026-03-26,1,0,0
22128,CMP0020,1382,2026-03-26,0,0,0
22129,CMP0020,1732,2026-03-26,0,0,0
22130,CMP0020,2058,2026-03-26,0,0,0
22131,CMP0020,1123,2026-03-26,0,0,0
22132,CMP0020,894,2026-03-26,0,0,0
22133,CMP0020,3708,2026-03-26,0,0,0
22134,CMP0020,2158,2026-03-26,0,0,0
22135,CMP0020,2964,2026-03-26,1,0,0
22136,CMP0020,2397,2026-03-26,1,0,0
22137,CMP0020,3431,2026-03-26,0,0,0
22138,CMP0020,2624,2026-03-26,1,0,0
22139,CMP0020,624,2026-03-26,0,0,0
22140,CMP0020,683,2026-03-26,1,0,0
22141,CMP0020,2672,2026-03-26,0,0,0
22142,CMP0020,1565,2026-03-26,1,0,0
22143,CMP0020,2145,2026-03-26,1,0,0
22144,CMP0020,343,2026-03-26,0,0,0
22145,CMP0020,2381,2026-03-26,0,0,0
22146,CMP0020,3721,2026-03-26,1,0,0
22147,CMP0020,3746,2026-03-26,0,0,0
22148,CMP0020,2013,2026-03-26,0,0,0
22149,CMP0020,645,2026-03-26,0,0,0
22150,CMP0020,1975,2026-03-26,1,0,0
22151,CMP0020,200,2026-03-26,0,0,0
22152,CMP0020,604,2026-03-26,0,0,0
22153,CMP0020,1118,2026-03-26,1,0,0
22154,CMP0020,3136,2026-03-26,0,0,0
22155,CMP0020,2242,2026-03-26,1,0,0
22156,CMP0020,375,2026-03-26,0,0,0
22157,CMP0020,2638,2026-03-26,0,0,0
22158,CMP0020,2562,2026-03-26,0,0,0
22159,CMP0020,2980,2026-03-26,1,1,0
22160,CMP0020,3453,2026-03-26,0,0,0
22161,CMP0020,1433,2026-03-26,0,0,0
22162,CMP0020,2146,2026-03-26,0,0,0
22163,CMP0020,1060,2026-03-26,0,0,0
22164,CMP0020,192,2026-03-26,0,0,0
22165,CMP0020,1911,2026-03-26,1,0,0
22166,CMP0020,1594,2026-03-26,0,0,0
22167,CMP0020,2024,2026-03-26,1,1,0
22168,CMP0020,3798,2026-03-26,1,0,0
22169,CMP0020,3473,2026-03-26,0,0,0
22170,CMP0020,3899,2026-03-26,1,0,0
22171,CMP0020,1933,2026-03-26,0,0,0
22172,CMP0020,2668,2026-03-26,0,0,0
22173,CMP0020,584,2026-03-26,1,0,0
22174,CMP0020,798,2026-03-26,0,0,0
22175,CMP0020,3581,2026-03-26,0,0,0
22176,CMP0020,1384,2026-03-26,0,0,0
22177,CMP0020,2279,2026-03-26,0,0,0
22178,CMP0020,1349,2026-03-26,0,0,0
22179,CMP0020,3046,2026-03-26,0,0,0
22180,CMP0020,2603,2026-03-26,0,0,0
22181,CMP0020,729,2026-03-26,0,0,0
22182,CMP0020,1250,2026-03-26,0,0,0
22183,CMP0020,3953,2026-03-26,1,1,0
22184,CMP0020,2180,2026-03-26,1,0,0
22185,CMP0020,61,2026-03-26,0,0,0
22186,CMP0020,2436,2026-03-26,0,0,0
22187,CMP0020,22,2026-03-26,0,0,0
22188,CMP0020,2609,2026-03-26,0,0,0
22189,CMP0020,1666,2026-03-26,0,0,0
22190,CMP0020,3927,2026-03-26,0,0,0
22191,CMP0020,828,2026-03-26,0,0,0
22192,CMP0020,805,2026-03-26,0,0,0
22193,CMP0020,2682,2026-03-26,0,0,0
22194,CMP0020,1269,2026-03-26,0,0,0
22195,CMP0020,1315,2026-03-26,1,0,0
22196,CMP0020,37,2026-03-26,0,0,0
22197,CMP0020,640,2026-03-26,0,0,0
22198,CMP0020,1696,2026-03-26,1,0,0
22199,CMP0020,1352,2026-03-26,0,0,0
22200,CMP0020,2037,2026-03-26,0,0,0
22201,CMP0020,1914,2026-03-26,0,0,0
22202,CMP0020,3567,2026-03-26,0,0,0
22203,CMP0020,978,2026-03-26,0,0,0
22204,CMP0020,1064,2026-03-26,0,0,0
22205,CMP0020,3055,2026-03-26,1,0,0
22206,CMP0020,3635,2026-03-26,1,1,0
22207,CMP0020,341,2026-03-26,0,0,0
22208,CMP0020,1891,2026-03-26,0,0,0
22209,CMP0020,1220,2026-03-26,0,0,0
22210,CMP0020,1558,2026-03-26,1,0,0
22211,CMP0020,3849,2026-03-26,0,0,0
22212,CMP0020,152,2026-03-26,0,0,0
22213,CMP0020,3102,2026-03-26,0,0,0
22214,CMP0020,2982,2026-03-26,0,0,0
22215,CMP0020,3141,2026-03-26,0,0,0
22216,CMP0020,2801,2026-03-26,0,0,0
22217,CMP0020,2712,2026-03-26,0,0,0
22218,CMP0020,811,2026-03-26,0,0,0
22219,CMP0020,3735,2026-03-26,0,0,0
22220,CMP0020,858,2026-03-26,1,0,0
22221,CMP0020,3612,2026-03-26,0,0,0
22222,CMP0020,3053,2026-03-26,1,0,0
22223,CMP0020,2463,2026-03-26,0,0,0
22224,CMP0020,3696,2026-03-26,1,0,0
22225,CMP0020,2179,2026-03-26,0,0,0
22226,CMP0020,2252,2026-03-26,0,0,0
22227,CMP0020,2779,2026-03-26,1,0,0
22228,CMP0020,1019,2026-03-26,0,0,0
22229,CMP0020,402,2026-03-26,1,1,0
22230,CMP0020,3418,2026-03-26,0,0,0
22231,CMP0020,360,2026-03-26,0,0,0
22232,CMP0020,3085,2026-03-26,0,0,0
22233,CMP0020,2280,2026-03-26,0,0,0
22234,CMP0020,1692,2026-03-26,1,0,0
22235,CMP0020,106,2026-03-26,0,0,0
22236,CMP0020,1450,2026-03-26,0,0,0
22237,CMP0020,2529,2026-03-26,1,0,0
22238,CMP0020,2727,2026-03-26,0,0,0
22239,CMP0020,11,2026-03-26,0,0,0
22240,CMP0020,331,2026-03-26,1,0,0
22241,CMP0020,2240,2026-03-26,0,0,0
22242,CMP0020,1451,2026-03-26,1,1,0
22243,CMP0020,3207,2026-03-26,1,1,0
22244,CMP0020,356,2026-03-26,0,0,0
22245,CMP0020,3190,2026-03-26,1,1,0
22246,CMP0020,294,2026-03-26,0,0,0
22247,CMP0020,1423,2026-03-26,0,0,0
22248,CMP0020,2265,2026-03-26,0,0,0
22249,CMP0020,2651,2026-03-26,0,0,0
22250,CMP0020,2424,2026-03-26,0,0,0
22251,CMP0020,2738,2026-03-26,0,0,0
22252,CMP0020,3078,2026-03-26,0,0,0
22253,CMP0020,286,2026-03-26,0,0,0
22254,CMP0020,3113,2026-03-26,0,0,0
22255,CMP0020,1906,2026-03-26,1,0,0
22256,CMP0020,3562,2026-03-26,1,0,0
22257,CMP0020,137,2026-03-26,0,0,0
22258,CMP0020,2266,2026-03-26,0,0,0
22259,CMP0020,444,2026-03-26,0,0,0
22260,CMP0020,3042,2026-03-26,1,0,0
22261,CMP0020,3162,2026-03-26,0,0,0
22262,CMP0020,3685,2026-03-26,0,0,0
22263,CMP0020,2422,2026-03-26,1,0,0
22264,CMP0020,295,2026-03-26,0,0,0
22265,CMP0020,1990,2026-03-26,0,0,0
22266,CMP0020,2548,2026-03-26,0,0,0
22267,CMP0020,1166,2026-03-26,0,0,0
22268,CMP0020,1530,2026-03-26,0,0,0
22269,CMP0020,1261,2026-03-26,0,0,0
22270,CMP0020,1748,2026-03-26,0,0,0
22271,CMP0020,2054,2026-03-26,0,0,0
22272,CMP0020,2444,2026-03-26,0,0,0
22273,CMP0020,2411,2026-03-26,1,0,0
22274,CMP0020,1033,2026-03-26,0,0,0
22275,CMP0020,2358,2026-03-26,0,0,0
22276,CMP0020,534,2026-03-26,0,0,0
22277,CMP0020,566,2026-03-26,0,0,0
22278,CMP0020,344,2026-03-26,0,0,0
22279,CMP0020,489,2026-03-26,0,0,0
22280,CMP0020,197,2026-03-26,1,0,0
22281,CMP0020,3119,2026-03-26,0,0,0
22282,CMP0020,1271,2026-03-26,0,0,0
22283,CMP0020,2597,2026-03-26,1,0,0
22284,CMP0020,2479,2026-03-26,1,0,0
22285,CMP0020,1071,2026-03-26,0,0,0
22286,CMP0020,926,2026-03-26,1,0,0
22287,CMP0020,2410,2026-03-26,1,0,0
22288,CMP0020,854,2026-03-26,0,0,0
22289,CMP0020,303,2026-03-26,0,0,0
22290,CMP0020,2906,2026-03-26,0,0,0
22291,CMP0020,1986,2026-03-26,0,0,0
22292,CMP0020,505,2026-03-26,0,0,0
22293,CMP0020,3711,2026-03-26,0,0,0
22294,CMP0020,318,2026-03-26,0,0,0
22295,CMP0020,263,2026-03-26,0,0,0
22296,CMP0020,1556,2026-03-26,1,0,0
22297,CMP0020,3781,2026-03-26,0,0,0
22298,CMP0020,3534,2026-03-26,0,0,0
22299,CMP0020,2227,2026-03-26,0,0,0
22300,CMP0020,2122,2026-03-26,1,0,0
22301,CMP0020,1170,2026-03-26,0,0,0
22302,CMP0020,2382,2026-03-26,0,0,0
22303,CMP0020,3080,2026-03-26,0,0,0
22304,CMP0020,3872,2026-03-26,1,0,0
22305,CMP0020,3727,2026-03-26,0,0,0
22306,CMP0020,3437,2026-03-26,0,0,0
22307,CMP0020,2525,2026-03-26,1,0,0
22308,CMP0020,710,2026-03-26,0,0,0
22309,CMP0020,2724,2026-03-26,0,0,0
22310,CMP0020,1858,2026-03-26,0,0,0
22311,CMP0020,728,2026-03-26,0,0,0
22312,CMP0020,3213,2026-03-26,0,0,0
22313,CMP0020,3813,2026-03-26,0,0,0
22314,CMP0020,3739,2026-03-26,0,0,0
22315,CMP0020,1437,2026-03-26,1,0,0
22316,CMP0020,3916,2026-03-26,0,0,0
22317,CMP0020,775,2026-03-26,0,0,0
22318,CMP0020,522,2026-03-26,0,0,0
22319,CMP0020,1903,2026-03-26,1,0,0
22320,CMP0020,2336,2026-03-26,1,0,0
22321,CMP0020,284,2026-03-26,0,0,0
22322,CMP0020,3882,2026-03-26,0,0,0
22323,CMP0020,1822,2026-03-26,1,1,0
22324,CMP0020,1909,2026-03-26,0,0,0
22325,CMP0020,1963,2026-03-26,1,0,0
22326,CMP0020,2138,2026-03-26,0,0,0
22327,CMP0020,2326,2026-03-26,0,0,0
22328,CMP0020,1988,2026-03-26,0,0,0
22329,CMP0020,3221,2026-03-26,0,0,0
22330,CMP0020,3226,2026-03-26,0,0,0
22331,CMP0020,971,2026-03-26,1,0,0
22332,CMP0020,1112,2026-03-26,0,0,0
22333,CMP0020,672,2026-03-26,1,0,0
22334,CMP0020,1233,2026-03-26,0,0,0
22335,CMP0020,3718,2026-03-26,1,0,0
22336,CMP0020,3868,2026-03-26,0,0,0
22337,CMP0020,1295,2026-03-26,1,0,0
22338,CMP0020,1294,2026-03-26,0,0,0
22339,CMP0020,223,2026-03-26,1,0,0
22340,CMP0020,2378,2026-03-26,0,0,0
22341,CMP0020,1852,2026-03-26,1,0,0
22342,CMP0020,3380,2026-03-26,1,0,0
22343,CMP0020,3887,2026-03-26,1,0,0
22344,CMP0020,1399,2026-03-26,0,0,0
22345,CMP0020,3024,2026-03-26,0,0,0
22346,CMP0020,3776,2026-03-26,1,0,0
22347,CMP0020,3704,2026-03-26,0,0,0
22348,CMP0020,2331,2026-03-26,0,0,0
22349,CMP0020,957,2026-03-26,0,0,0
22350,CMP0020,3201,2026-03-26,0,0,0
22351,CMP0020,3876,2026-03-26,0,0,0
22352,CMP0020,1011,2026-03-26,1,0,0
22353,CMP0020,2162,2026-03-26,1,1,0
22354,CMP0020,2602,2026-03-26,0,0,0
22355,CMP0020,3806,2026-03-26,1,0,0
22356,CMP0020,2139,2026-03-26,0,0,0
22357,CMP0020,2732,2026-03-26,0,0,0
22358,CMP0020,3416,2026-03-26,0,0,0
22359,CMP0020,2360,2026-03-26,1,0,0
22360,CMP0020,2357,2026-03-26,0,0,0
22361,CMP0020,569,2026-03-26,0,0,0
22362,CMP0020,2490,2026-03-26,1,1,0
22363,CMP0020,1051,2026-03-26,0,0,0
22364,CMP0020,1030,2026-03-26,0,0,0
22365,CMP0020,1102,2026-03-26,0,0,0
22366,CMP0020,1918,2026-03-26,0,0,0
22367,CMP0020,3337,2026-03-26,0,0,0
22368,CMP0020,3196,2026-03-26,0,0,0
22369,CMP0020,3291,2026-03-26,1,0,0
22370,CMP0020,1855,2026-03-26,1,1,0
22371,CMP0020,1884,2026-03-26,0,0,0
22372,CMP0020,3756,2026-03-26,0,0,0
22373,CMP0020,2662,2026-03-26,1,0,0
22374,CMP0020,417,2026-03-26,1,0,0
22375,CMP0020,565,2026-03-26,1,0,0
22376,CMP0020,391,2026-03-26,1,0,0
22377,CMP0020,1721,2026-03-26,0,0,0
22378,CMP0020,1180,2026-03-26,0,0,0
22379,CMP0020,2236,2026-03-26,0,0,0
22380,CMP0020,1511,2026-03-26,1,1,0
22381,CMP0020,976,2026-03-26,1,0,0
22382,CMP0020,3230,2026-03-26,1,0,0
22383,CMP0020,1717,2026-03-26,0,0,0
22384,CMP0020,946,2026-03-26,1,0,0
22385,CMP0020,1280,2026-03-26,0,0,0
22386,CMP0020,1899,2026-03-26,0,0,0
22387,CMP0020,2905,2026-03-26,0,0,0
22388,CMP0020,1340,2026-03-26,0,0,0
22389,CMP0020,3677,2026-03-26,0,0,0
22390,CMP0020,3183,2026-03-26,0,0,0
22391,CMP0020,1809,2026-03-26,0,0,0
22392,CMP0020,2887,2026-03-26,0,0,0
22393,CMP0020,2498,2026-03-26,0,0,1
22394,CMP0020,2296,2026-03-26,0,0,0
22395,CMP0020,2306,2026-03-26,0,0,0
22396,CMP0020,2294,2026-03-26,1,0,0
22397,CMP0020,59,2026-03-26,0,0,0
22398,CMP0020,3579,2026-03-26,0,0,0
22399,CMP0020,1603,2026-03-26,0,0,0
22400,CMP0020,2272,2026-03-26,0,0,0
22401,CMP0020,1186,2026-03-26,0,0,0
22402,CMP0020,865,2026-03-26,0,0,0
22403,CMP0020,688,2026-03-26,0,0,0
22404,CMP0020,509,2026-03-26,0,0,0
22405,CMP0020,3745,2026-03-26,0,0,0
22406,CMP0020,3348,2026-03-26,0,0,0
22407,CMP0020,1678,2026-03-26,0,0,0
22408,CMP0020,2052,2026-03-26,0,0,0
22409,CMP0020,2641,2026-03-26,0,0,0
22410,CMP0020,479,2026-03-26,0,0,0
22411,CMP0020,2470,2026-03-26,0,0,0
22412,CMP0020,2993,2026-03-26,1,1,0
22413,CMP0020,641,2026-03-26,1,0,0
22414,CMP0020,2437,2026-03-26,0,0,0
22415,CMP0020,2579,2026-03-26,0,0,0
22416,CMP0020,3026,2026-03-26,0,0,0
22417,CMP0020,2194,2026-03-26,0,0,0
22418,CMP0020,3717,2026-03-26,0,0,0
22419,CMP0020,133,2026-03-26,0,0,0
22420,CMP0020,2916,2026-03-26,0,0,0
22421,CMP0020,3094,2026-03-26,0,0,0
22422,CMP0020,3961,2026-03-26,0,0,0
22423,CMP0020,3427,2026-03-26,0,0,0
22424,CMP0020,2841,2026-03-26,0,0,0
22425,CMP0020,3800,2026-03-26,1,0,0
22426,CMP0020,3525,2026-03-26,0,0,0
22427,CMP0020,2930,2026-03-26,1,0,0
22428,CMP0020,115,2026-03-26,1,1,0
22429,CMP0020,3979,2026-03-26,0,0,0
22430,CMP0020,322,2026-03-26,1,1,0
22431,CMP0020,3322,2026-03-26,0,0,0
22432,CMP0020,1385,2026-03-26,0,0,0
22433,CMP0020,3488,2026-03-26,0,0,0
22434,CMP0020,1961,2026-03-26,1,0,0
22435,CMP0020,2891,2026-03-26,1,0,0
22436,CMP0020,472,2026-03-26,0,0,0
22437,CMP0020,3857,2026-03-26,0,0,0
22438,CMP0020,349,2026-03-26,0,0,0
22439,CMP0020,1016,2026-03-26,0,0,0
22440,CMP0020,914,2026-03-26,1,0,0
22441,CMP0020,2034,2026-03-26,0,0,0
22442,CMP0020,3241,2026-03-26,0,0,0
22443,CMP0020,3232,2026-03-26,0,0,0
22444,CMP0020,1917,2026-03-26,1,0,0
22445,CMP0020,867,2026-03-26,1,0,0
22446,CMP0020,2710,2026-03-26,0,0,0
22447,CMP0020,2221,2026-03-26,1,0,0
22448,CMP0020,2736,2026-03-26,1,0,0
22449,CMP0020,963,2026-03-26,1,0,0
22450,CMP0020,3034,2026-03-26,1,0,0
22451,CMP0020,1533,2026-03-26,0,0,0
22452,CMP0020,1657,2026-03-26,0,0,0
22453,CMP0020,774,2026-03-26,0,0,0
22454,CMP0020,697,2026-03-26,0,0,0
22455,CMP0020,570,2026-03-26,1,0,0
22456,CMP0020,432,2026-03-26,0,0,0
22457,CMP0020,949,2026-03-26,0,0,0
22458,CMP0020,161,2026-03-26,1,0,0
22459,CMP0020,3905,2026-03-26,0,0,0
22460,CMP0020,3492,2026-03-26,0,0,0
22461,CMP0020,2699,2026-03-26,0,0,0
22462,CMP0020,3817,2026-03-26,0,0,0
22463,CMP0020,716,2026-03-26,0,0,0
22464,CMP0020,4015,2026-03-26,0,0,0
22465,CMP0020,2774,2026-03-26,0,0,0
22466,CMP0020,3233,2026-03-26,1,0,0
22467,CMP0020,3819,2026-03-26,0,0,0
22468,CMP0020,111,2026-03-26,0,0,0
22469,CMP0020,1415,2026-03-26,0,0,0
22470,CMP0020,653,2026-03-26,1,1,0
22471,CMP0020,2786,2026-03-26,0,0,0
22472,CMP0020,10,2026-03-26,1,0,0
22473,CMP0020,1387,2026-03-26,1,0,0
22474,CMP0020,1989,2026-03-26,0,0,0
22475,CMP0020,1140,2026-03-26,1,0,0
22476,CMP0020,2680,2026-03-26,0,0,0
22477,CMP0020,3172,2026-03-26,0,0,0
22478,CMP0020,3065,2026-03-26,1,0,0
22479,CMP0020,3394,2026-03-26,0,0,0
22480,CMP0020,1259,2026-03-26,0,0,0
22481,CMP0020,862,2026-03-26,1,0,0
22482,CMP0020,2656,2026-03-26,1,0,0
22483,CMP0020,123,2026-03-26,0,0,0
22484,CMP0020,1873,2026-03-26,0,0,0
22485,CMP0020,514,2026-03-26,0,0,0
22486,CMP0020,463,2026-03-26,1,0,0
22487,CMP0020,245,2026-03-26,1,0,0
22488,CMP0020,2002,2026-03-26,1,0,0
22489,CMP0020,2376,2026-03-26,1,0,0
22490,CMP0020,3066,2026-03-26,0,0,0
22491,CMP0020,1361,2026-03-26,0,0,0
22492,CMP0020,2475,2026-03-26,1,0,0
22493,CMP0020,1943,2026-03-26,1,0,0
22494,CMP0020,1841,2026-03-26,0,0,0
22495,CMP0020,3694,2026-03-26,0,0,0
22496,CMP0020,3504,2026-03-26,0,0,0
22497,CMP0020,3754,2026-03-26,0,0,0
22498,CMP0020,242,2026-03-26,0,0,0
22499,CMP0020,279,2026-03-26,1,0,0
22500,CMP0020,1513,2026-03-26,0,0,0
22501,CMP0020,70,2026-03-26,0,0,0
22502,CMP0020,1625,2026-03-26,0,0,0
22503,CMP0020,2096,2026-03-26,0,0,0
22504,CMP0020,2200,2026-03-26,0,0,0
22505,CMP0020,3769,2026-03-26,0,0,0
22506,CMP0020,3614,2026-03-26,0,0,0
22507,CMP0020,2545,2026-03-26,0,0,0
22508,CMP0020,1872,2026-03-26,1,0,0
22509,CMP0020,621,2026-03-26,1,0,0
22510,CMP0020,3679,2026-03-26,1,0,0
22511,CMP0020,1793,2026-03-26,0,0,0
22512,CMP0020,4,2026-03-26,0,0,0
22513,CMP0020,3827,2026-03-26,0,0,0
22514,CMP0020,3720,2026-03-26,0,0,0
22515,CMP0020,1364,2026-03-26,1,0,0
22516,CMP0020,3510,2026-03-26,1,1,0
22517,CMP0020,3089,2026-03-26,0,0,0
22518,CMP0020,603,2026-03-26,0,0,0
22519,CMP0020,409,2026-03-26,1,0,0
22520,CMP0020,2123,2026-03-26,0,0,0
22521,CMP0020,601,2026-03-26,0,0,0
22522,CMP0020,2219,2026-03-26,0,0,0
22523,CMP0020,2322,2026-03-26,0,0,0
22524,CMP0020,3477,2026-03-26,0,0,0
22525,CMP0020,190,2026-03-26,0,0,0
22526,CMP0020,540,2026-03-26,0,0,0
22527,CMP0020,167,2026-03-26,0,0,0
22528,CMP0020,2566,2026-03-26,0,0,0
22529,CMP0020,3647,2026-03-26,1,0,0
22530,CMP0020,2447,2026-03-26,1,0,0
22531,CMP0020,2388,2026-03-26,0,0,0
22532,CMP0020,1201,2026-03-26,1,0,0
22533,CMP0020,3623,2026-03-26,0,0,0
22534,CMP0020,2042,2026-03-26,0,0,0
22535,CMP0020,3228,2026-03-26,1,0,0
22536,CMP0020,1148,2026-03-26,0,0,0
22537,CMP0020,3208,2026-03-26,1,0,0
22538,CMP0020,3299,2026-03-26,1,1,0
22539,CMP0020,1386,2026-03-26,0,0,0
22540,CMP0020,2495,2026-03-26,0,0,0
22541,CMP0020,2151,2026-03-26,1,0,0
22542,CMP0020,740,2026-03-26,1,1,0
22543,CMP0020,3517,2026-03-26,0,0,0
22544,CMP0020,3389,2026-03-26,0,0,0
22545,CMP0020,3311,2026-03-26,0,0,0
22546,CMP0020,1029,2026-03-26,1,0,0
22547,CMP0020,27,2026-03-26,0,0,0
22548,CMP0020,3904,2026-03-26,0,0,0
22549,CMP0020,3458,2026-03-26,0,0,0
22550,CMP0020,649,2026-03-26,0,0,0
22551,CMP0020,856,2026-03-26,1,0,0
22552,CMP0020,991,2026-03-26,0,0,0
22553,CMP0020,2679,2026-03-26,0,0,0
22554,CMP0020,1469,2026-03-26,1,0,0
22555,CMP0020,3436,2026-03-26,1,0,0
22556,CMP0020,3434,2026-03-26,0,0,0
22557,CMP0020,1538,2026-03-26,1,0,0
22558,CMP0020,3093,2026-03-26,1,1,0
22559,CMP0020,2010,2026-03-26,1,0,0
22560,CMP0020,1436,2026-03-26,1,0,0
22561,CMP0020,2494,2026-03-26,0,1,0
22562,CMP0020,1290,2026-03-26,0,0,0
22563,CMP0020,1077,2026-03-26,0,0,0
22564,CMP0020,2476,2026-03-26,1,0,0
22565,CMP0020,1915,2026-03-26,1,0,0
22566,CMP0020,1160,2026-03-26,1,0,0
22567,CMP0020,1819,2026-03-26,1,1,0
22568,CMP0020,3409,2026-03-26,0,0,0
22569,CMP0020,2251,2026-03-26,0,0,0
22570,CMP0020,1110,2026-03-26,0,0,0
22571,CMP0020,810,2026-03-26,0,0,0
22572,CMP0020,524,2026-03-26,0,0,0
22573,CMP0020,837,2026-03-26,1,1,0
22574,CMP0020,129,2026-03-26,0,0,0
22575,CMP0020,2763,2026-03-26,0,0,0
22576,CMP0020,2156,2026-03-26,0,0,0
22577,CMP0020,1954,2026-03-26,1,0,0
22578,CMP0020,3157,2026-03-26,0,0,0
22579,CMP0020,3690,2026-03-26,1,0,0
22580,CMP0020,1022,2026-03-26,0,0,0
22581,CMP0020,2877,2026-03-26,1,0,0
22582,CMP0020,634,2026-03-26,0,0,0
22583,CMP0020,884,2026-03-26,0,0,0
22584,CMP0020,1035,2026-03-26,0,0,0
22585,CMP0020,3576,2026-03-26,1,1,0
22586,CMP0020,443,2026-03-26,1,0,0
22587,CMP0020,814,2026-03-26,0,0,0
22588,CMP0020,960,2026-03-26,1,0,0
22589,CMP0020,3052,2026-03-26,1,0,0
22590,CMP0020,2022,2026-03-26,0,0,0
22591,CMP0020,1248,2026-03-26,0,0,0
