donation_id,supporter_id,donation_date,amount_gbp,campaign_code,payment_method,gift_aid,refunded
3671,1230,2026-06-09,150.0,CMP0075,Cheque,1,0
6491,2143,2026-07-22,20,CMP0021,Card,0,0
10725,3491,2026-02-02,5,CMP0185,Direct Debit,0,0
10730,3492,2025-08-14,20,CMP0014,Online,1,0
7808,2550,2026-04-14,50,CMP0004,Direct Debit,0,0
7643,2496,2026-03-02,50,CMP0068,Online,1,0
12103,3940,2023-09-04,30,CMP0062,Online,0,0
1149,383,2023-02-22,40,CMP0092,Cash,0,0
7428,2427,2025-06-25,100,CMP0141,Online,0,0
9622,3140,2023-06-21,22.5,CMP0044,Standing Order,1,0
4399,1462,2022-01-04,250,CMP0077,Cash,1,0
4349,1441,2025-05-30,10,CMP0036,Cash,0,0
11191,3621,2025-09-08,50,CMP0186,Online,1,0
3949,1327,2025-06-10,500,CMP0024,Direct Debit,0,0
183,52,2024-02-21,10,CMP0190,Standing Order,0,0
8437,2751,2026-03-17,50,CMP0091,Standing Order,0,0
215,61,2026-05-08,5,CMP0141,Direct Debit,1,0
2015,673,2023-04-18,15,CMP0056,Cash,0,0
5843,1917,2023-10-18,200,CMP0091,Cheque,0,0
10681,3483,2025-07-15,20,CMP0072,Direct Debit,0,0
4504,1502,2025-07-28,30.0,CMP0075,Direct Debit,1,0
10534,3436,2023-02-20,15,CMP0062,Standing Order,0,0
6193,2037,2023-09-28,10,CMP0026,Cash,0,0
9251,3020,2020-11-29,20,CMP0026,Direct Debit,1,1
8604,2806,2026-04-06,20,CMP0024,Cheque,0,0
8571,2790,2020-10-20,250,CMP0043,Direct Debit,0,0
8223,2685,2025-08-30,22.5,CMP0108,Card,0,0
3643,1222,2022-09-09,7.5,CMP0042,Direct Debit,1,0
709,228,2025-04-24,50,CMP0064,Cash,1,0
1016,336,2025-11-14,25,CMP0026,Online,1,0
9091,2963,2023-02-24,100,CMP0062,Standing Order,0,0
7099,2320,2021-07-22,150.0,CMP0059,Online,0,0
5769,1892,2024-11-21,22.5,CMP0176,Standing Order,1,0
71,22,2025-09-12,250,CMP0040,Cash,1,0
12221,3975,2023-06-28,40,CMP0060,Standing Order,1,0
2394,815,2019-07-18,500,CMP0086,Cash,1,0
4467,1484,2026-07-27,150.0,CMP0055,Cheque,1,0
8978,2932,2024-05-09,50,CMP0173,Card,0,0
7496,2448,2025-12-23,50,CMP0039,Online,1,0
4202,1394,2024-12-15,20,CMP0162,Standing Order,1,0
1585,534,2026-05-21,50,CMP0088,Online,1,0
399,129,2026-07-15,250,CMP0070,Online,0,0
5770,1892,2021-05-15,10,CMP0042,Card,0,0
5616,1841,2026-03-21,22.5,CMP0014,Online,1,0
232,69,2023-06-26,22.5,CMP0015,Online,1,0
3082,1044,2025-12-11,250,CMP0170,Online,0,0
5907,1935,2026-02-19,25,CMP0128,Card,1,0
9184,2997,2025-01-15,30.0,CMP0154,Cash,0,0
1901,636,2026-07-10,15,CMP0032,Card,1,0
9859,3220,2025-11-07,250,CMP0023,Cheque,0,0
5580,1835,2025-11-04,100,CMP0177,Direct Debit,0,0
5040,1672,2023-09-28,75.0,CMP0112,Cheque,0,0
6096,1991,2023-08-31,375.0,CMP0076,Direct Debit,0,0
11078,3587,2025-04-09,150.0,CMP0123,Online,0,0
1973,664,2023-08-18,250,CMP0045,Cash,0,0
3814,1281,2023-06-11,10,CMP0117,Card,0,0
6820,2241,2022-10-06,15.0,CMP0183,Direct Debit,1,0
363,117,2023-02-19,150.0,CMP0058,Direct Debit,1,0
578,186,2022-06-05,10,CMP0046,Cash,1,0
8745,2862,2022-05-30,200,CMP0099,Standing Order,1,0
10039,3287,2021-01-24,20,CMP0185,Standing Order,0,0
5511,1816,2024-04-04,20,CMP0049,Card,0,0
11414,3682,2024-05-01,25,CMP0059,Online,1,0
2792,953,2023-10-09,37.5,CMP0170,Direct Debit,1,0
1242,408,2024-10-31,22.5,CMP0129,Direct Debit,1,0
6872,2256,2021-02-14,20,CMP0166,Direct Debit,0,0
1305,428,2025-11-08,250,CMP0030,Direct Debit,0,0
4388,1456,2024-06-23,100,CMP0154,Direct Debit,0,0
4983,1651,2023-09-08,200,CMP0186,Cash,1,0
9866,3222,2024-11-26,10,CMP0101,Direct Debit,1,0
8089,2635,2023-07-24,20,CMP0190,Direct Debit,0,0
10199,3334,2019-04-13,375.0,CMP0141,Online,1,0
1628,548,2025-04-09,20,CMP0077,Cheque,0,0
3796,1271,2025-04-09,375.0,CMP0155,Cheque,0,0
2095,694,2021-09-26,10,CMP0080,Card,0,0
11086,3588,2022-04-04,10,CMP0189,Cheque,1,0
1664,558,2025-04-13,500,CMP0095,Direct Debit,0,0
1654,555,2025-03-15,40,CMP0109,Online,1,0
2509,851,2021-12-01,30,CMP0002,Cheque,1,0
4702,1572,2024-05-10,25,CMP0093,Direct Debit,0,0
8927,2912,2021-04-13,20,CMP0165,Standing Order,0,0
1623,548,2026-01-23,250,CMP0188,Online,1,0
12226,3976,2024-03-20,7.5,CMP0135,Direct Debit,1,0
4792,1599,2024-09-11,20,CMP0102,Cash,1,0
5314,1760,2018-08-24,20,CMP0184,Online,0,0
5592,1837,2021-04-27,30.0,CMP0076,Cash,0,0
2772,943,2019-02-19,50,CMP0190,Standing Order,1,0
11585,3732,2021-12-23,30,CMP0131,Cheque,1,0
4137,1370,2024-09-09,15,CMP0007,Cheque,0,0
6051,1978,2024-04-06,200,CMP0140,Cash,0,0
8750,2862,2024-12-29,20,CMP0177,Card,0,0
5736,1882,2025-05-31,375.0,CMP0043,Standing Order,0,0
11409,3680,2019-09-18,20,CMP0138,Cash,0,0
2443,824,2025-03-06,5,CMP0026,Cheque,1,0
7464,2439,2024-01-05,50,CMP0177,Card,1,0
10317,3368,2021-08-25,375.0,CMP0001,Card,0,0
6583,2178,2025-06-20,50,CMP0192,Standing Order,1,0
3315,1110,2021-07-30,50,CMP0117,Cash,1,0
11728,3792,2024-06-20,30.0,CMP0164,Standing Order,1,0
2693,915,2026-01-28,250,CMP0179,Direct Debit,1,0
10804,3514,2023-09-25,10,CMP0179,Online,0,0
5341,1763,2023-01-13,20,CMP0055,Standing Order,1,0
6226,2049,2022-11-11,50,CMP0148,Direct Debit,0,0
1762,590,2024-05-06,10,CMP0044,Cash,0,0
8425,2750,2025-08-06,100,CMP0170,Direct Debit,1,0
10233,3342,2026-03-26,100,CMP0164,Direct Debit,0,0
11998,3899,2026-05-21,10,CMP0095,Cheque,1,0
9988,3267,2024-06-17,100,CMP0016,Standing Order,0,0
5724,1878,2022-08-03,75.0,CMP0051,Cheque,1,0
2184,733,2023-04-06,15,CMP0189,Card,1,0
11130,3599,2023-05-21,25,CMP0065,Cash,0,0
8032,2620,2022-09-29,375.0,CMP0191,Cheque,0,0
2229,744,2023-07-16,15,CMP0039,Cash,0,0
2797,955,2023-02-01,7.5,CMP0124,Cash,1,0
2729,933,2025-03-12,500,CMP0011,Online,0,0
6887,2258,2026-06-27,10,CMP0105,Card,0,0
1962,658,2024-09-01,25,CMP0012,Cheque,0,0
10727,3491,2025-11-15,100,CMP0009,Direct Debit,0,0
10422,3394,2026-06-27,75.0,CMP0022,Cheque,0,0
8403,2744,2024-12-11,37.5,CMP0006,Cheque,1,0
462,147,2023-03-14,25,CMP0143,Cheque,1,0
2121,704,2025-04-18,50,CMP0015,Cash,0,1
7431,2427,2022-06-15,10,CMP0185,Cheque,0,0
1603,543,2025-01-08,15.0,CMP0058,Direct Debit,1,0
1845,623,2020-01-26,150.0,CMP0157,Cash,1,0
11677,3765,2022-08-13,100,CMP0170,Cheque,1,0
7362,2400,2026-05-27,100,CMP0111,Card,0,0
11219,3627,2022-11-09,22.5,CMP0042,Standing Order,1,0
2374,812,2023-11-04,15,CMP0111,Cash,0,0
1505,506,2025-01-10,20,CMP0165,Online,1,0
2055,686,2023-12-03,200,CMP0110,Cash,1,0
5572,1834,2024-02-05,250,CMP0112,Standing Order,1,0
4750,1582,2018-07-29,15,CMP0041,Standing Order,0,0
5461,1799,2024-12-22,100,CMP0184,Online,1,0
9038,2949,2024-04-04,5,CMP0102,Standing Order,0,0
1535,518,2026-03-21,7.5,CMP0165,Standing Order,0,0
8341,2724,2024-01-01,250,CMP0185,Direct Debit,0,0
7600,2485,2025-08-12,5,CMP0160,Online,1,0
10732,3492,2024-03-11,10,CMP0079,Cash,0,0
1138,381,2024-04-23,40,CMP0062,Direct Debit,0,0
12329,4019,2025-09-08,37.5,CMP0143,Standing Order,1,0
4636,1549,2025-01-25,20,CMP0082,Cash,0,0
10639,3472,2026-03-02,50,CMP0066,Online,1,0
6483,2140,2024-10-22,10,CMP0071,Cash,1,0
9486,3097,2020-02-13,50,CMP0155,Card,1,0
2842,969,2020-06-02,15,CMP0149,Online,0,0
8059,2628,2024-02-05,375.0,CMP0087,Card,0,0
2320,790,2025-12-06,50,CMP0105,Online,1,0
11116,3595,2022-10-06,20,CMP0067,Cash,0,0
6965,2284,2023-11-04,10,CMP0104,Cheque,0,0
4642,1551,2026-07-24,50,CMP0178,Cheque,0,0
530,170,2025-01-05,5,CMP0108,Cheque,0,0
1054,349,2022-03-28,50,CMP0055,Cheque,0,0
7587,2481,2025-05-13,15,CMP0100,Standing Order,1,0
4793,1599,2025-08-08,100,CMP0031,Card,1,0
5773,1894,2025-03-27,15,CMP0050,Cheque,0,0
2478,838,2025-06-24,10,CMP0089,Direct Debit,1,0
12118,3945,2022-12-20,20,CMP0145,Direct Debit,1,0
6205,2042,2023-10-24,37.5,CMP0032,Direct Debit,1,0
10853,3526,2023-01-27,250,CMP0141,Cheque,0,0
5407,1787,2021-07-22,10,CMP0024,Cash,1,0
8514,2775,2018-09-15,40,CMP0124,Card,1,0
2369,810,2026-08-05,50,CMP0079,Standing Order,1,0
11426,3684,2024-03-16,15,CMP0140,Standing Order,0,0
9135,2980,2024-06-08,22.5,CMP0078,Online,0,0
5405,1787,2022-07-18,25,CMP0166,Card,1,0
1379,454,2022-11-15,150.0,CMP0129,Online,1,0
5412,1787,2024-09-23,250,CMP0115,Online,1,0
9914,3238,2024-12-02,375.0,CMP0128,Online,1,0
5127,1700,2020-09-04,100,CMP0165,Cheque,0,0
9006,2942,2026-01-13,15,CMP0006,Card,0,0
1337,438,2019-11-25,50,CMP0079,Direct Debit,1,0
9213,3006,2024-03-01,500,CMP0071,Direct Debit,1,0
1990,666,2023-01-09,40,CMP0190,Online,0,0
3099,1049,2019-07-01,5,CMP0105,Card,1,0
9054,2958,2021-10-11,10,CMP0058,Cheque,0,0
3549,1186,2020-02-12,25,CMP0104,Cash,1,0
9253,3020,2025-10-30,5,CMP0063,Online,1,0
3955,1328,2025-07-02,75.0,CMP0147,Cheque,1,0
831,276,2019-11-24,20,CMP0174,Standing Order,1,0
4093,1359,2024-12-27,20,CMP0168,Online,0,0
5612,1839,2019-06-14,50,CMP0065,Online,0,0
4719,1578,2025-09-09,10,CMP0179,Standing Order,0,1
7372,2405,2022-08-07,25,CMP0171,Online,1,0
8133,2650,2024-09-11,40,CMP0028,Card,0,0
10604,3459,2026-06-30,50,CMP0080,Card,1,0
12239,3982,2025-02-19,25,CMP0147,Cheque,0,0
522,165,2025-06-07,30.0,CMP0172,Direct Debit,0,0
3633,1218,2026-07-22,50,CMP0003,Online,1,0
8789,2871,2023-08-30,10,CMP0079,Online,1,0
4112,1364,2021-12-21,100,CMP0168,Cheque,0,0
1963,658,2020-10-14,22.5,CMP0167,Direct Debit,1,0
10566,3445,2026-02-12,50,CMP0038,Cheque,0,1
9170,2993,2025-12-26,10,CMP0089,Card,0,0
9048,2955,2024-09-07,500,CMP0161,Cash,0,0
4617,1543,2022-05-24,15.0,CMP0042,Cheque,0,0
7872,2569,2025-11-02,100,CMP0039,Online,1,0
4439,1473,2024-09-23,200,CMP0013,Online,0,0
11097,3590,2026-02-13,150.0,CMP0063,Direct Debit,0,0
7391,2412,2023-01-23,150.0,CMP0060,Cheque,0,0
8559,2788,2023-05-23,375.0,CMP0180,Online,0,0
7433,2427,2024-04-15,100,CMP0041,Cash,1,0
6496,2149,2025-09-02,25,CMP0166,Standing Order,0,0
10627,3464,2025-11-02,100,CMP0136,Direct Debit,1,0
8814,2876,2026-01-15,5,CMP0087,Online,0,0
8046,2625,2024-01-08,30.0,CMP0123,Cheque,0,0
734,236,2023-08-12,15.0,CMP0031,Online,1,0
3831,1285,2019-02-13,10,CMP0097,Standing Order,1,0
5775,1895,2021-06-27,22.5,CMP0035,Direct Debit,0,0
7053,2307,2022-04-04,5,CMP0060,Direct Debit,1,0
3702,1245,2026-01-31,7.5,CMP0061,Standing Order,1,0
641,201,2024-12-19,375.0,CMP0041,Online,1,0
2444,824,2021-09-11,15.0,CMP0175,Cash,0,0
10690,3484,2025-12-09,250,CMP0030,Standing Order,1,0
6117,1996,2022-12-04,40,CMP0076,Standing Order,0,0
4949,1641,2025-10-09,150.0,CMP0187,Cheque,1,0
11188,3621,2026-03-05,100,CMP0061,Cash,0,0
96,29,2024-02-13,100,CMP0019,Cash,1,0
12228,3980,2025-11-30,150.0,CMP0101,Cash,0,0
7503,2450,2025-01-08,100,CMP0128,Card,0,0
8135,2651,2026-04-13,500,CMP0008,Online,0,0
3330,1112,2021-07-21,100,CMP0140,Card,1,0
2231,747,2023-03-31,30,CMP0136,Cheque,0,0
4884,1627,2018-11-13,10,CMP0091,Online,0,0
9095,2964,2024-08-08,150.0,CMP0016,Direct Debit,0,0
11411,3680,2018-10-13,500,CMP0139,Cheque,0,0
5944,1944,2025-04-13,375.0,CMP0034,Direct Debit,1,0
868,288,2024-05-05,100,CMP0062,Card,1,0
1463,486,2024-02-16,50,CMP0095,Cash,0,0
1633,551,2023-02-28,22.5,CMP0134,Standing Order,1,0
3545,1185,2018-10-15,5,CMP0017,Card,0,0
3850,1288,2025-11-02,250,CMP0120,Card,1,0
7038,2305,2026-01-26,20,CMP0077,Cheque,0,0
6582,2176,2026-05-16,22.5,CMP0012,Online,1,0
6041,1975,2026-05-09,10,CMP0057,Direct Debit,1,0
10571,3447,2026-01-14,250,CMP0075,Cash,0,0
5652,1856,2025-03-14,50,CMP0102,Cash,1,0
3778,1265,2025-06-08,50,CMP0175,Cheque,0,0
414,136,2024-08-25,15,CMP0136,Standing Order,1,0
8489,2768,2023-06-27,100,CMP0109,Online,0,0
496,155,2024-04-12,150.0,CMP0100,Standing Order,0,0
376,123,2026-02-28,15,CMP0156,Online,0,0
73,24,2022-11-07,50,CMP0093,Cheque,1,0
11182,3619,2024-04-13,200,CMP0055,Online,0,0
1287,422,2026-03-25,25,CMP0180,Online,1,0
2982,1012,2026-05-19,150.0,CMP0102,Cash,1,0
3705,1246,2023-12-25,15,CMP0008,Standing Order,0,0
11113,3595,2024-02-07,15,CMP0167,Standing Order,0,0
1922,645,2024-03-08,15,CMP0107,Standing Order,0,0
8692,2838,2023-04-22,10,CMP0120,Standing Order,0,0
1036,343,2025-02-12,250,CMP0013,Standing Order,1,0
12322,4016,2022-09-10,22.5,CMP0010,Online,1,0
4909,1633,2021-01-03,10,CMP0156,Cash,0,0
11081,3587,2023-09-18,20,CMP0064,Online,0,0
9753,3185,2025-04-01,50,CMP0029,Online,1,0
9151,2984,2024-12-11,15.0,CMP0048,Cash,1,0
2515,852,2026-01-15,50,CMP0005,Card,0,0
9987,3267,2023-12-18,50,CMP0107,Card,1,0
2648,892,2025-12-03,15,CMP0061,Cash,0,0
407,135,2024-09-01,20,CMP0111,Card,1,0
9225,3011,2025-03-31,500,CMP0011,Online,1,0
6555,2167,2024-05-06,22.5,CMP0136,Cheque,0,0
9394,3065,2025-01-07,100,CMP0187,Card,0,0
10546,3440,2026-02-11,200,CMP0002,Cheque,0,0
6073,1987,2026-02-01,5,CMP0180,Card,1,0
51,17,2020-01-09,50,CMP0190,Online,1,0
11349,3661,2025-12-01,5,CMP0083,Cheque,0,0
1052,347,2018-04-10,15,CMP0039,Standing Order,0,0
11088,3589,2019-11-19,15.0,CMP0128,Cash,1,0
12144,3953,2023-11-18,15,CMP0073,Cash,1,0
12292,4003,2024-04-03,5,CMP0131,Online,0,0
5714,1873,2024-04-12,5,CMP0083,Direct Debit,1,0
2546,860,2025-04-01,100,CMP0047,Direct Debit,0,0
6711,2214,2025-01-11,100,CMP0091,Cheque,1,0
2385,814,2025-03-07,7.5,CMP0070,Card,0,0
8074,2632,2025-07-26,100,CMP0042,Cash,0,0
10914,3544,2024-06-19,100,CMP0115,Direct Debit,0,0
2632,887,2026-05-12,200,CMP0096,Cash,0,0
4787,1598,2024-09-28,250,CMP0123,Cash,0,0
135,40,2023-07-20,150.0,CMP0052,Cash,0,0
2540,858,2022-11-28,5,CMP0061,Cheque,0,0
2988,1016,2023-01-17,100,CMP0107,Cash,0,0
5188,1717,2024-08-27,50,CMP0150,Direct Debit,0,0
10175,3326,2017-04-12,5,CMP0169,Online,1,0
5793,1900,2019-07-31,30,CMP0154,Card,0,0
4317,1429,2025-07-22,25,CMP0186,Direct Debit,0,0
597,191,2026-01-19,50,CMP0023,Standing Order,0,0
510,159,2019-09-24,7.5,CMP0153,Online,0,0
8835,2890,2020-04-28,37.5,CMP0067,Online,0,0
10921,3545,2026-07-03,10,CMP0175,Card,0,0
7676,2507,2025-08-31,20,CMP0036,Cheque,1,0
8667,2829,2023-01-27,10,CMP0167,Card,0,0
6084,1989,2025-07-09,5,CMP0094,Cash,0,0
5921,1938,2020-03-08,15,CMP0098,Standing Order,0,0
9552,3119,2024-07-22,10,CMP0148,Standing Order,1,0
4410,1464,2021-05-05,20,CMP0085,Card,0,0
7228,2363,2021-06-22,37.5,CMP0171,Card,1,0
4967,1644,2025-10-26,15,CMP0192,Card,0,0
6722,2216,2025-05-17,50,CMP0051,Standing Order,0,0
7789,2546,2023-08-17,100,CMP0070,Card,1,0
38,11,2024-11-04,250,CMP0180,Cheque,0,0
7169,2343,2025-11-10,15,CMP0169,Online,0,0
9327,3046,2022-01-29,375.0,CMP0132,Cash,1,1
421,137,2025-10-25,50,CMP0186,Standing Order,1,0
12198,3967,2023-03-18,50,CMP0004,Standing Order,0,0
6458,2134,2022-09-06,25,CMP0092,Standing Order,1,0
10893,3541,2023-01-04,75.0,CMP0046,Direct Debit,1,0
11673,3765,2019-11-24,150.0,CMP0012,Card,1,0
5332,1761,2026-02-20,10,CMP0114,Cash,0,0
3930,1316,2024-02-16,50,CMP0161,Standing Order,0,0
2024,674,2021-06-13,250,CMP0174,Direct Debit,1,0
4263,1414,2026-08-12,5,CMP0168,Cheque,0,0
3535,1182,2021-06-29,15,CMP0009,Cash,0,0
5117,1695,2022-10-03,200,CMP0055,Online,1,0
7093,2319,2026-03-31,30.0,CMP0132,Standing Order,0,0
8354,2728,2025-12-29,50,CMP0154,Cash,0,0
3193,1074,2021-11-18,30,CMP0008,Card,1,0
7028,2301,2022-03-11,50,CMP0035,Card,1,0
3358,1125,2026-04-19,10,CMP0129,Direct Debit,0,0
8470,2762,2023-10-22,15,CMP0098,Cash,0,0
8504,2773,2025-01-18,10,CMP0145,Cash,1,0
10213,3338,2023-02-16,15,CMP0022,Card,0,1
9412,3070,2020-12-20,5,CMP0094,Cash,0,0
9661,3156,2020-10-19,22.5,CMP0093,Online,0,0
9384,3062,2025-05-31,250,CMP0168,Standing Order,0,0
3477,1162,2024-04-27,25,CMP0190,Standing Order,0,0
8145,2654,2024-05-16,30.0,CMP0067,Card,1,0
1187,390,2022-03-02,7.5,CMP0039,Online,1,0
11723,3788,2020-01-28,100,CMP0141,Cash,1,0
5763,1891,2026-04-14,5,CMP0050,Direct Debit,1,0
12047,3920,2026-07-07,150.0,CMP0065,Cash,0,0
4902,1631,2026-03-17,250,CMP0025,Cheque,1,0
11616,3740,2026-03-15,20,CMP0106,Cash,0,0
4882,1621,2023-09-16,10,CMP0089,Card,1,0
6763,2225,2025-03-05,25,CMP0142,Direct Debit,1,0
6730,2217,2025-07-20,50,CMP0111,Card,0,0
3198,1074,2022-11-29,200,CMP0068,Direct Debit,1,0
4345,1440,2024-06-16,20,CMP0088,Card,0,0
4648,1551,2024-11-06,100,CMP0107,Standing Order,1,0
11485,3708,2025-07-11,50,CMP0146,Cheque,1,0
9078,2962,2024-04-26,15,CMP0041,Online,1,0
3639,1220,2024-04-04,-50,CMP0027,Cash,0,0
3738,1251,2020-03-01,100,CMP0004,Cheque,1,0
4634,1547,2023-07-26,5,CMP0104,Cheque,1,0
5327,1761,2021-09-02,25,CMP0174,Cheque,0,0
11415,3682,2023-03-16,15,CMP0092,Standing Order,0,0
6539,2164,2019-07-30,5,CMP0099,Online,0,0
6279,2067,2025-04-24,15,CMP0052,Direct Debit,0,0
11321,3657,2025-09-06,250,CMP0157,Cheque,0,0
7771,2537,2024-09-20,25,CMP0104,Direct Debit,0,0
3363,1127,2020-09-25,37.5,CMP0036,Direct Debit,1,0
6150,2014,2022-01-29,20,CMP0006,Cash,0,0
7427,2427,2022-11-19,50,CMP0153,Direct Debit,1,1
11331,3659,2023-07-02,20,CMP0060,Online,1,0
11581,3730,2026-04-01,375.0,CMP0023,Direct Debit,1,0
5113,1695,2023-03-20,25,CMP0059,Direct Debit,1,0
1682,566,2019-08-17,25,CMP0139,Standing Order,1,0
2292,775,2020-03-14,50,CMP0173,Card,0,0
6790,2231,2025-03-24,500,CMP0054,Cheque,1,0
1909,640,2024-09-16,50,CMP0061,Online,1,0
3777,1265,2026-04-20,25,CMP0089,Card,1,0
1696,571,2024-10-24,20,CMP0167,Cheque,1,0
5410,1787,2024-09-29,10,CMP0085,Cash,0,0
5441,1793,2024-05-31,250,CMP0148,Cash,1,0
7190,2350,2022-02-12,5,CMP0081,Cheque,0,0
11650,3757,2023-05-10,25,CMP0174,Direct Debit,1,0
4575,1527,2023-05-19,25,CMP0010,Standing Order,0,0
7334,2391,2025-08-23,5,CMP0092,Online,1,0
3218,1083,2025-04-30,10,CMP0072,Direct Debit,0,0
10212,3338,2025-05-31,200,CMP0147,Standing Order,1,0
4033,1344,2026-05-03,25,CMP0047,Direct Debit,0,0
1598,539,2025-12-12,15.0,CMP0062,Cheque,1,0
1427,473,2023-07-01,30,CMP0030,Card,1,0
10244,3346,2023-05-14,5,CMP0033,Cheque,1,0
7229,2363,2023-04-09,40,CMP0008,Online,1,0
8300,2712,2025-02-10,75.0,CMP0072,Direct Debit,0,0
11104,3592,2022-06-30,75.0,CMP0171,Online,1,0
5494,1806,2023-03-22,50,CMP0177,Cash,1,0
4275,1415,2021-04-25,250,CMP0186,Cash,1,0
6519,2156,2025-02-25,50,CMP0058,Card,0,0
10014,3280,2022-09-06,50,CMP0158,Cheque,0,0
9575,3126,2026-06-26,20,CMP0108,Cash,0,0
7462,2439,2026-05-03,25,CMP0133,Online,1,0
4165,1380,2022-12-15,50,CMP0079,Cash,0,0
636,200,2025-01-23,100,CMP0036,Standing Order,1,0
4837,1606,2025-10-02,250,CMP0113,Cash,0,0
10989,3563,2024-07-25,100,CMP0114,Card,1,0
7429,2427,2024-04-11,100,CMP0062,Standing Order,0,0
2956,1005,2025-08-31,200,CMP0063,Card,0,0
36,11,2024-12-04,75.0,CMP0157,Standing Order,0,0
9403,3068,2023-08-29,20,CMP0074,Direct Debit,0,0
4226,1400,2024-05-22,250,CMP0052,Cheque,0,0
10798,3510,2021-01-28,10,CMP0095,Cash,0,0
3662,1227,2025-09-15,40,CMP0138,Card,0,0
4879,1620,2024-07-10,50,CMP0027,Online,1,0
7928,2582,2025-08-13,20,CMP0051,Online,0,0
685,214,2023-06-26,20,CMP0059,Cash,1,0
2614,883,2025-08-23,150.0,CMP0038,Direct Debit,0,0
10123,3316,2026-05-09,15,CMP0097,Card,0,0
7224,2362,2026-03-31,5,CMP0087,Standing Order,0,0
10629,3466,2026-03-28,30,CMP0189,Standing Order,0,0
9042,2953,2023-04-25,22.5,CMP0097,Direct Debit,0,0
9805,3199,2024-03-29,5,CMP0124,Online,0,0
6982,2289,2025-03-17,200,CMP0016,Online,0,0
5348,1766,2023-02-15,50,CMP0136,Cash,1,0
4194,1393,2025-06-18,30.0,CMP0067,Standing Order,1,0
4840,1607,2026-04-05,10,CMP0103,Standing Order,0,0
8468,2761,2024-10-26,40,CMP0085,Online,0,0
6835,2249,2025-10-08,100,CMP0117,Cash,0,0
9780,3194,2021-01-27,37.5,CMP0117,Cash,1,0
6554,2167,2021-03-28,20,CMP0094,Standing Order,0,0
182,52,2025-09-29,200,CMP0159,Online,0,0
3788,1269,2023-12-26,250,CMP0010,Direct Debit,1,0
8648,2824,2024-05-20,10,CMP0153,Cheque,0,0
3779,1265,2022-05-18,5,CMP0066,Card,1,0
3083,1044,2017-12-27,20,CMP0140,Online,0,0
336,106,2024-05-21,15,CMP0127,Cheque,0,0
11858,3852,2023-01-06,10,CMP0100,Online,0,0
3486,1164,2021-07-25,15,CMP0105,Cash,0,0
4324,1432,2019-01-19,100,CMP0135,Standing Order,0,0
5940,1944,2024-09-02,20,CMP0043,Online,1,0
3226,1085,2024-06-04,15,CMP0022,Online,1,1
963,321,2025-08-22,10,CMP0006,Card,0,0
3690,1239,2026-01-04,20,CMP0165,Cash,0,0
6014,1969,2018-10-14,25,CMP0069,Direct Debit,0,0
9515,3105,2024-11-05,20,CMP0093,Direct Debit,0,0
11888,3857,2026-07-17,30,CMP0172,Standing Order,1,0
374,120,2026-07-16,100,CMP0106,Cash,0,0
4774,1591,2024-03-10,25,CMP0095,Cheque,1,0
9399,3068,2024-04-04,200,CMP0114,Card,1,0
8491,2770,2024-01-22,20,CMP0134,Standing Order,0,0
4955,1643,2021-04-06,250,CMP0128,Standing Order,1,0
12218,3975,2022-11-11,20,CMP0112,Direct Debit,0,0
8622,2815,2022-01-31,5,CMP0023,Cheque,0,0
5463,1799,2022-07-09,25,CMP0071,Cash,1,0
4869,1617,2021-08-07,30,CMP0035,Cheque,0,0
184,52,2019-06-04,30.0,CMP0070,Cheque,1,0
10587,3454,2025-08-28,30,CMP0018,Card,1,0
7849,2561,2023-08-31,20,CMP0125,Direct Debit,0,0
4603,1534,2026-07-14,20,CMP0102,Cheque,1,0
6378,2104,2026-08-13,15.0,CMP0089,Cheque,0,0
684,214,2023-05-31,100,CMP0092,Cheque,1,0
2451,826,2026-03-14,100,CMP0109,Direct Debit,1,0
10256,3349,2025-03-26,20,CMP0164,Cash,1,0
6323,2085,2024-08-28,250,CMP0143,Direct Debit,1,0
7335,2391,2025-01-28,20,CMP0001,Card,0,0
1830,618,2026-03-24,15,CMP0038,Standing Order,1,0
4035,1346,2020-05-30,50,CMP0115,Online,1,0
4455,1479,2026-05-25,10,CMP0094,Card,0,0
2906,990,2023-03-07,250,CMP0097,Online,1,0
4529,1506,2026-07-05,25,CMP0113,Cheque,0,0
2416,818,2021-12-09,250,CMP0164,Cheque,0,0
917,306,2024-01-30,50,CMP0049,Cash,1,0
10557,3441,2022-02-05,50,CMP0099,Standing Order,0,0
6139,2003,2021-08-21,100,CMP0068,Direct Debit,0,0
11631,3744,2025-03-02,10,CMP0145,Online,1,0
3744,1253,2024-03-15,375.0,CMP0062,Cheque,1,0
4623,1544,2026-01-31,50,CMP0116,Cheque,1,0
2468,835,2020-09-09,15,CMP0078,Cash,1,0
12001,3899,2026-08-02,100,CMP0057,Cheque,0,0
11594,3734,2024-12-01,15,CMP0087,Direct Debit,1,0
2173,728,2023-11-07,25,CMP0096,Cheque,1,0
4300,1422,2025-02-16,500,CMP0122,Cash,1,0
11371,3669,2025-12-17,50,CMP0093,Card,0,0
9981,3265,2019-02-07,40,CMP0116,Card,0,0
1,1,2024-05-31,75.0,CMP0184,Cash,1,0
8329,2721,2022-12-04,50,CMP0073,Standing Order,0,0
9127,2977,2021-12-08,150.0,CMP0090,Cash,0,0
3981,1332,2025-08-18,250,CMP0153,Card,1,0
2889,987,2026-05-26,15.0,CMP0070,Standing Order,1,0
4583,1529,2025-12-07,15,CMP0173,Cheque,1,0
5917,1938,2024-12-29,10,CMP0174,Standing Order,1,0
10459,3408,2023-12-09,37.5,CMP0155,Standing Order,1,0
11379,3670,2026-07-12,10,CMP0033,Cheque,0,0
4989,1652,2026-06-27,100,CMP0017,Card,1,0
9266,3029,2022-05-17,100,CMP0045,Online,0,0
1433,475,2022-06-14,15.0,CMP0055,Cash,0,0
4772,1590,2024-04-09,25,CMP0025,Cash,0,0
8249,2694,2025-07-05,20,CMP0025,Standing Order,1,0
6591,2179,2022-09-19,5,CMP0183,Direct Debit,0,0
9739,3181,2025-08-08,100,CMP0089,Cheque,1,0
9435,3078,2023-05-30,20,CMP0188,Card,0,0
10939,3547,2022-04-15,5,CMP0047,Cheque,0,0
10326,3371,2025-04-29,22.5,CMP0192,Online,0,0
11456,3699,2022-08-15,37.5,CMP0015,Online,1,0
6992,2292,2020-03-02,5,CMP0113,Card,0,0
6336,2090,2024-12-07,100,CMP0076,Card,0,0
12044,3920,2021-11-26,100,CMP0092,Standing Order,1,0
859,283,2023-04-10,37.5,CMP0192,Card,0,0
3391,1134,2026-02-16,20,CMP0026,Standing Order,0,0
11737,3793,2026-08-13,10,CMP0104,Online,1,0
7082,2317,2023-07-08,15,CMP0183,Cash,1,0
6768,2226,2026-07-14,10,CMP0064,Cash,1,0
2753,938,2024-10-30,7.5,CMP0173,Direct Debit,1,0
7312,2384,2025-06-16,50,CMP0049,Online,0,0
6405,2115,2025-05-27,5,CMP0071,Cash,1,0
6453,94209,2025-05-06,20,CMP0127,Standing Order,0,0
6057,93984,2024-09-07,10,CMP0090,Cheque,1,0
6451,2133,2026-07-03,10,CMP0181,Standing Order,0,0
8830,2888,2021-01-26,50,CMP0048,Standing Order,0,0
3929,1315,2024-07-02,150.0,CMP0092,Card,0,0
5090,1688,2025-01-20,10,CMP0189,Direct Debit,0,0
1181,388,2025-05-27,50,CMP0074,Card,0,0
2319,790,2026-01-18,22.5,CMP0099,Direct Debit,0,0
9737,3180,2026-03-11,20,CMP0068,Cash,1,0
1770,593,2025-10-02,5,CMP0120,Online,0,0
5764,1892,2022-10-22,250,CMP0028,Standing Order,1,0
8702,2849,2019-08-28,15,CMP0066,Online,0,0
11236,3631,2021-02-06,100,CMP0054,Cash,0,0
10938,3547,2022-10-17,50,CMP0076,Online,0,0
1372,448,2023-09-14,5,CMP0023,Standing Order,1,0
7373,2405,2018-10-24,20,CMP0015,Standing Order,0,0
4457,1483,2024-06-27,100,CMP0138,Card,1,0
7932,2582,2022-01-09,150.0,CMP0124,Card,0,0
11031,3578,2022-07-08,5,CMP0174,Online,1,0
2603,881,2022-08-14,25,CMP0034,Online,1,0
5284,1751,2026-06-19,30.0,CMP0192,Direct Debit,1,0
4835,1606,2022-05-23,20,CMP0008,Standing Order,0,0
4588,1531,2024-06-21,500,CMP0139,Online,1,0
11624,3741,2024-03-23,250,CMP0099,Online,0,0
10924,3545,2024-09-17,375.0,CMP0115,Cash,0,0
8623,2816,2021-09-12,5,CMP0160,Cheque,0,0
2465,835,2026-03-26,75.0,CMP0025,Card,0,0
10330,3371,2025-08-01,50,CMP0153,Direct Debit,1,0
5452,1796,2024-12-12,100,CMP0110,Card,0,0
3336,1118,2023-08-01,40,CMP0143,Direct Debit,0,0
3924,1313,2020-03-03,15.0,CMP0012,Cheque,0,0
2963,1008,2025-03-10,375.0,CMP0145,Standing Order,0,0
6170,2023,2023-08-07,15,CMP0170,Online,1,0
11223,3627,2022-09-12,5,CMP0153,Card,0,0
5368,1773,2026-07-31,5,CMP0002,Direct Debit,0,0
6998,2293,2019-09-15,100,CMP0017,Cash,1,0
2893,987,2018-01-01,50,CMP0025,Direct Debit,1,0
665,207,2023-11-27,5,CMP0088,Online,1,1
862,284,2022-01-27,5,CMP0192,Cheque,1,0
8204,2680,2025-06-14,5,CMP0127,Cash,1,0
2981,1012,2026-07-13,25,CMP0066,Standing Order,1,0
4818,1603,2023-08-23,100,CMP0056,Direct Debit,1,0
11919,3869,2025-06-12,100,CMP0100,Standing Order,0,0
3475,1162,2020-11-30,200,CMP0182,Cheque,1,0
8193,2676,2026-01-05,22.5,CMP0012,Card,0,0
8058,2628,2026-05-09,10,CMP0095,Cheque,1,0
4201,1394,2022-05-13,10,CMP0148,Card,0,0
5047,1674,2026-07-10,100,CMP0187,Direct Debit,0,0
2390,815,2024-11-18,50,CMP0181,Standing Order,0,0
8529,2781,2022-01-19,15.0,CMP0037,Direct Debit,0,0
4780,1594,2026-03-20,15,CMP0149,Standing Order,0,0
10110,3311,2026-06-05,25,CMP0076,Cheque,0,0
11338,3661,2022-03-21,25,CMP0067,Direct Debit,0,0
10925,3546,2019-10-22,20,CMP0130,Cash,1,0
2350,804,2023-04-15,30,CMP0069,Online,0,0
1925,96908,2024-03-24,10,CMP0110,Cash,1,0
7784,2545,2024-09-11,100,CMP0152,Direct Debit,0,1
2847,971,2025-08-17,20,CMP0151,Cash,1,0
369,117,2025-03-30,5,CMP0182,Card,0,0
6192,2036,2021-12-18,7.5,CMP0033,Cash,1,0
6394,2110,2026-06-17,100,CMP0144,Online,1,0
2469,835,2023-10-19,37.5,CMP0098,Cheque,0,0
2821,962,2026-07-06,100,CMP0097,Cheque,1,0
9105,2969,2026-01-09,100,CMP0098,Direct Debit,0,0
11713,3783,2025-10-03,250,CMP0073,Cash,0,0
9625,3140,2024-06-24,20,CMP0187,Direct Debit,0,0
5581,1835,2023-07-28,250,CMP0115,Direct Debit,1,0
8167,2663,2024-03-26,30.0,CMP0117,Standing Order,0,0
1198,393,2022-02-26,250,CMP0035,Cash,1,0
7661,2499,2021-11-12,50,CMP0064,Standing Order,0,0
2748,938,2022-07-03,100,CMP0138,Cash,0,0
10890,3541,2022-12-20,100,CMP0004,Standing Order,0,0
3660,1227,2026-04-18,30.0,CMP0182,Card,1,0
5448,1794,2023-02-17,15.0,CMP0027,Direct Debit,0,0
8595,2801,2022-08-09,20,CMP0013,Online,1,0
5844,1917,2025-12-02,15.0,CMP0027,Cash,0,0
1761,589,2026-04-21,10,CMP0049,Card,1,0
6107,1993,2022-06-12,30.0,CMP0094,Card,1,0
10471,3411,2026-06-06,50,CMP0042,Direct Debit,1,0
4419,1468,2025-08-29,10,CMP0123,Online,1,0
3051,1034,2025-05-09,7.5,CMP0148,Standing Order,0,0
9017,2943,2023-10-19,5,CMP0057,Online,1,0
11355,3662,2023-07-23,375.0,CMP0192,Cheque,1,0
67,20,2019-09-21,100,CMP0109,Card,1,0
10862,3529,2021-03-08,10,CMP0005,Standing Order,1,0
11753,3802,2026-02-02,40,CMP0155,Cash,1,0
9351,3052,2021-04-22,37.5,CMP0191,Card,0,0
9889,3229,2026-07-25,30.0,CMP0048,Cash,0,0
7215,2358,2023-11-16,15,CMP0110,Card,1,0
8943,2924,2024-07-31,10,CMP0160,Cheque,1,0
11960,3885,2019-08-23,30.0,CMP0107,Cheque,0,0
5322,1761,2019-09-27,50,CMP0056,Cheque,0,0
10606,3459,2023-07-26,22.5,CMP0132,Standing Order,0,0
3282,1102,2024-01-16,250,CMP0173,Standing Order,0,0
5366,1772,2026-03-02,5,CMP0146,Cash,1,0
10765,3498,2026-02-27,5,CMP0169,Cheque,0,0
5004,1658,2025-05-18,15.0,CMP0169,Direct Debit,0,0
7145,2338,2026-06-22,50,CMP0045,Card,1,0
4162,1378,2024-07-04,25,CMP0146,Direct Debit,1,0
6354,2092,2021-10-02,100,CMP0147,Online,0,0
935,314,2021-11-27,20,CMP0131,Cheque,0,0
6832,2246,2026-02-21,10,CMP0004,Direct Debit,0,0
11345,3661,2023-02-06,150.0,CMP0079,Card,1,0
10506,3426,2020-11-29,100,CMP0038,Direct Debit,0,0
4318,1431,2024-01-26,250,CMP0069,Direct Debit,1,0
5081,1683,2022-03-15,15,CMP0070,Online,1,0
5540,1822,2020-09-23,7.5,CMP0056,Standing Order,0,0
2951,1004,2025-08-26,5,CMP0143,Card,1,0
6413,2117,2024-03-26,15.0,CMP0016,Card,0,0
400,129,2025-01-08,5,CMP0155,Standing Order,0,0
7509,2451,2023-08-24,5,CMP0141,Online,0,0
5908,1935,2023-11-17,30.0,CMP0142,Direct Debit,0,0
6122,1997,2026-03-27,20,CMP0154,Cheque,0,0
7628,2493,2024-04-30,5,CMP0189,Direct Debit,1,0
2177,99048,2023-03-19,50,CMP0022,Card,0,0
3550,1186,2025-07-30,50,CMP0182,Card,1,0
9446,3083,2025-06-23,50,CMP0161,Standing Order,1,0
7234,2364,2023-08-13,75.0,CMP0032,Cash,1,0
9703,3171,2020-04-18,37.5,CMP0181,Standing Order,1,0
11600,3735,2023-11-13,250,CMP0166,Online,1,0
11839,3845,2026-01-11,40,CMP0015,Standing Order,0,0
6215,2046,2024-08-06,15,CMP0105,Online,1,0
35,11,2025-04-10,20,CMP0089,Direct Debit,1,0
6032,1974,2025-09-15,100,CMP0176,Card,1,0
2514,851,2026-06-01,250,CMP0155,Cash,0,0
808,265,2023-11-12,20,CMP0100,Standing Order,0,0
297,88,2022-01-23,50,CMP0087,Cash,0,0
5554,1826,2025-10-04,7.5,CMP0033,Online,1,0
3663,1227,2022-05-07,15,CMP0035,Direct Debit,0,0
4799,1600,2025-07-12,37.5,CMP0098,Cheque,1,0
4126,1368,2026-07-04,250,CMP0012,Direct Debit,1,0
639,201,2026-07-10,250,CMP0007,Card,0,0
9520,3107,2024-04-29,37.5,CMP0072,Direct Debit,0,0
10676,3482,2024-09-29,150.0,CMP0040,Cash,0,0
2133,712,2025-11-05,100,CMP0069,Card,1,0
4914,1633,2023-08-01,22.5,CMP0184,Cheque,1,0
1290,422,2020-10-21,100,CMP0070,Card,0,0
8665,2829,2026-08-13,22.5,CMP0046,Online,0,0
7722,2522,2020-10-20,250,CMP0157,Direct Debit,1,0
7764,2535,2024-02-04,40,CMP0117,Standing Order,0,0
9992,3268,2020-07-25,100,CMP0023,Standing Order,0,0
7182,2345,2026-05-30,250,CMP0136,Cash,1,0
11630,3744,2023-02-18,15,CMP0033,Direct Debit,1,0
1331,437,2026-04-08,100,CMP0119,Standing Order,1,0
5904,1934,2024-08-18,250,CMP0091,Card,1,0
8984,2933,2022-06-07,25,CMP0024,Direct Debit,0,0
990,331,2023-09-04,30,CMP0039,Card,1,0
8497,2771,2025-06-04,5,CMP0122,Cheque,0,0
8554,2788,2026-08-11,20,CMP0114,Cash,0,0
10737,3493,2021-09-19,250,CMP0087,Online,0,0
1272,416,2023-08-05,50,CMP0020,Card,0,0
11281,3644,2017-12-30,100,CMP0036,Direct Debit,1,0
8007,2609,2026-03-30,250,CMP0100,Cheque,0,0
11431,3687,2024-02-28,37.5,CMP0162,Cheque,1,0
3130,1058,2025-07-21,200,CMP0184,Card,0,0
2442,824,2026-01-30,15,CMP0192,Direct Debit,0,0
5496,1809,2024-10-24,500,CMP0101,Cheque,1,0
1128,379,2024-02-08,50,CMP0155,Standing Order,1,0
3441,1154,2026-04-29,22.5,CMP0044,Standing Order,1,0
6440,2125,2023-06-21,100,CMP0016,Online,1,0
1240,407,2026-01-09,20,CMP0132,Standing Order,1,0
9074,2960,2021-02-28,100,CMP0036,Direct Debit,0,0
2346,803,2025-09-02,5,CMP0184,Card,1,0
12071,3931,2023-05-14,22.5,CMP0037,Direct Debit,0,0
7501,2450,2019-08-24,37.5,CMP0055,Cash,1,0
11540,3726,2022-02-16,75.0,CMP0074,Card,1,0
12090,3937,2023-02-11,50,CMP0023,Standing Order,1,0
6252,2053,2023-12-09,15,CMP0043,Card,0,0
5182,1715,2022-02-03,200,CMP0190,Card,0,0
7025,2301,2021-12-04,200,CMP0002,Card,0,0
6966,2284,2025-10-22,37.5,CMP0166,Online,0,0
9203,3002,2025-10-20,200,CMP0042,Cash,1,0
1131,379,2025-04-23,37.5,CMP0025,Cash,1,0
8448,2755,2025-04-24,15.0,CMP0089,Cash,1,0
4463,1483,2019-05-19,15,CMP0022,Cash,1,0
11412,3680,2025-02-14,200,CMP0105,Direct Debit,0,0
1841,623,2021-06-17,100,CMP0070,Online,0,0
12036,3919,2026-07-01,40,CMP0091,Card,1,0
8965,2930,2022-03-11,50,CMP0121,Cash,0,0
11265,3641,2025-11-26,25,CMP0121,Card,1,0
6359,2094,2023-04-04,22.5,CMP0050,Standing Order,1,0
12351,3670,2024-09-04,250,CMP0153,Cash,0,0
5953,1948,2021-02-18,50,CMP0032,Cash,1,0
7712,2518,2020-03-30,7.5,CMP0189,Cash,0,0
9746,3184,2024-11-20,30.0,CMP0088,Online,1,0
5956,1949,2025-07-23,5,CMP0093,Standing Order,0,0
5109,1695,2026-08-16,100,CMP0050,Cheque,1,0
2852,973,2026-04-12,25,CMP0098,Standing Order,1,0
12058,3927,2026-06-12,25,CMP0063,Direct Debit,1,0
9838,3208,2023-04-07,25,CMP0013,Direct Debit,1,0
764,252,2021-11-04,50,CMP0077,Standing Order,0,1
8737,2856,2022-06-29,22.5,CMP0147,Card,0,0
5497,1809,2024-06-08,25,CMP0169,Direct Debit,0,0
6609,2182,2020-11-18,150.0,CMP0024,Online,1,0
10806,3515,2025-04-05,7.5,CMP0077,Standing Order,0,0
10333,3371,2023-07-05,10,CMP0123,Cheque,1,0
2751,938,2025-02-08,20,CMP0032,Online,0,0
2736,934,2026-03-19,5,CMP0088,Standing Order,1,0
10168,3326,2020-09-13,15,CMP0126,Cash,1,0
7002,2293,2019-09-27,20,CMP0159,Direct Debit,0,0
8684,2834,2017-10-07,15.0,CMP0134,Cash,0,0
1602,543,2025-02-27,100,CMP0141,Standing Order,0,0
3962,1330,2022-08-03,30.0,CMP0017,Online,1,0
9358,3055,2020-02-06,25,CMP0140,Cash,0,0
11481,3707,2025-11-15,500,CMP0135,Direct Debit,0,0
11387,3672,2020-08-15,50,CMP0005,Card,0,0
10577,3451,2020-08-29,10,CMP0022,Cheque,1,0
1416,471,2025-03-28,20,CMP0082,Cheque,1,0
11682,3765,2025-05-04,20,CMP0149,Card,0,0
6720,2216,2026-05-24,250,CMP0172,Direct Debit,0,0
4270,1415,2020-04-30,150.0,CMP0181,Online,0,0
1529,515,2020-06-07,40,CMP0022,Online,1,0
5824,1909,2024-10-04,25,CMP0124,Standing Order,0,0
6486,2140,2024-09-08,22.5,CMP0001,Direct Debit,1,0
8434,2751,2019-03-28,22.5,CMP0152,Direct Debit,0,0
11937,3873,2023-05-21,200,CMP0075,Standing Order,0,0
10756,3496,2021-03-27,15,CMP0004,Online,0,0
2730,933,2022-01-09,50,CMP0085,Direct Debit,0,0
9165,2991,2025-03-27,250,CMP0122,Card,0,0
1668,560,2025-04-15,37.5,CMP0180,Online,1,0
9493,3097,2026-07-19,25,CMP0073,Card,1,0
1247,409,2022-05-17,25,CMP0142,Direct Debit,0,0
2578,872,2023-02-17,10,CMP0042,Direct Debit,1,0
9244,3017,2025-03-16,15,CMP0143,Cheque,0,0
4755,1582,2024-05-16,50,CMP0013,Direct Debit,1,0
12227,3980,2026-07-29,15,CMP0120,Direct Debit,0,0
932,314,2025-09-02,15,CMP0021,Standing Order,0,0
1459,486,2023-03-16,50,CMP0084,Direct Debit,0,0
6830,2245,2022-01-26,15,CMP0015,Online,1,0
7904,2577,2021-03-25,20,CMP0160,Standing Order,0,0
9260,3027,2025-04-13,5,CMP0013,Direct Debit,1,0
955,319,2019-01-11,250,CMP0034,Card,0,0
4743,1581,2025-10-01,375.0,CMP0142,Cash,1,0
4185,1389,2023-09-03,15,CMP0190,Direct Debit,0,0
9710,3172,2026-03-28,15.0,CMP0150,Standing Order,1,0
12154,3956,2024-10-25,15,CMP0108,Standing Order,1,0
7931,2582,2024-10-15,37.5,CMP0052,Online,1,0
6683,2208,2025-07-30,375.0,CMP0002,Cheque,0,0
873,289,2026-07-05,30,CMP0015,Online,1,0
11987,3894,2023-11-11,250,CMP9112,Standing Order,1,0
6795,2233,2026-05-09,22.5,CMP0147,Standing Order,1,0
4867,1616,2022-06-17,7.5,CMP0050,Online,0,0
10313,3368,2025-06-05,150.0,CMP0178,Cheque,1,0
8776,2870,2024-05-27,250,CMP0167,Cheque,0,0
8884,2898,2024-10-16,5,CMP0172,Online,0,0
3416,1143,2020-06-07,30,CMP0056,Cheque,1,0
9569,3125,2025-10-04,15.0,CMP0060,Direct Debit,1,0
2794,953,2024-11-02,100,CMP0097,Direct Debit,0,0
8929,2918,2025-07-30,50,CMP0098,Cheque,1,0
967,327,2025-01-13,22.5,CMP0052,Cash,0,0
10241,3346,2023-10-18,15,CMP0063,Card,0,0
61,20,2021-03-24,250,CMP0129,Standing Order,1,0
11009,3570,2024-11-29,30.0,CMP0062,Cash,1,0
11187,3621,2025-06-18,15,CMP0129,Standing Order,1,0
6918,2271,2022-10-27,5,CMP0124,Direct Debit,0,0
386,125,2023-11-11,200,CMP0153,Standing Order,1,0
4494,1497,2023-04-03,375.0,CMP0190,Standing Order,1,0
8970,2931,2025-03-15,50,CMP0106,Cash,1,0
8778,2870,2019-07-26,25,CMP0127,Card,0,0
3357,1125,2025-12-11,50,CMP0105,Cheque,0,0
2216,739,2025-11-01,40,CMP0137,Standing Order,1,0
11971,3891,2024-08-20,15.0,CMP0043,Cheque,1,0
1913,641,2025-06-29,50,CMP0133,Cash,0,1
4252,1409,2025-11-11,75.0,CMP0083,Online,1,0
4922,1636,2023-12-23,10,CMP0065,Standing Order,1,0
190,52,2023-01-18,20,CMP0175,Online,1,0
1085,360,2024-06-20,5,CMP0100,Cheque,0,0
4966,1644,2025-02-03,10,CMP0134,Cash,1,0
11758,3803,2025-11-15,5,CMP0019,Standing Order,0,0
1064,352,2023-10-14,100,CMP0155,Direct Debit,1,0
3806,1275,2026-03-20,5,CMP0144,Online,1,0
10191,3331,2024-08-04,30.0,CMP0149,Direct Debit,1,0
10663,3478,2023-09-07,40,CMP0173,Standing Order,0,0
11141,3603,2025-07-29,15,CMP0142,Standing Order,1,0
7966,2595,2021-10-17,100,CMP0085,Online,0,0
1286,422,2022-03-23,10,CMP0129,Card,1,0
7702,2517,2025-05-11,15,CMP0092,Card,0,0
11242,3631,2024-05-23,15,CMP0155,Card,0,0
8586,2796,2022-05-04,150.0,CMP0019,Card,0,0
3429,1146,2019-12-09,250,CMP0186,Online,0,0
5451,1795,2024-05-24,10,CMP0180,Cash,0,0
3399,1137,2025-08-12,15,CMP0112,Cheque,1,0
5306,1756,2026-08-05,50,CMP0070,Cheque,0,0
91,28,2024-06-09,50,CMP0094,Standing Order,1,0
31,5,2025-05-28,22.5,CMP0156,Standing Order,0,0
8214,2684,2025-05-31,100,CMP0019,Online,0,0
9763,3187,2025-03-18,22.5,CMP0042,Cash,0,0
2597,879,2021-11-03,250,CMP0013,Cheque,0,0
3870,1298,2025-05-26,100,CMP0115,Cash,0,0
6648,2196,2024-02-07,10,CMP0080,Cash,1,0
4442,1473,2025-04-20,250,CMP0093,Card,1,0
1062,352,2026-08-10,200,CMP0099,Cash,0,0
1808,605,2022-06-24,25,CMP0098,Direct Debit,1,0
11789,3814,2020-09-16,10,CMP0085,Direct Debit,0,0
12291,4003,2022-10-06,50,CMP0189,Direct Debit,0,0
7123,2327,2023-10-28,37.5,CMP0034,Cheque,0,0
4551,1514,2026-06-07,5,CMP0055,Standing Order,0,0
1489,499,2025-05-30,10,CMP0123,Cash,0,0
11578,3730,2024-07-24,50,CMP0037,Cheque,0,0
2100,696,2026-06-17,250,CMP0145,Standing Order,0,0
8829,2888,2021-01-07,50,CMP0076,Online,1,0
10172,3326,2025-01-04,100,CMP0126,Online,0,0
5480,1805,2024-05-18,10,CMP0005,Cash,0,0
1157,384,2026-03-21,15.0,CMP0077,Standing Order,0,0
7971,2596,2022-04-10,15,CMP0108,Cash,1,0
2281,771,2024-01-17,22.5,CMP0125,Card,1,0
1401,468,2024-12-23,10,CMP0018,Online,0,0
4767,1589,2025-03-04,75.0,CMP0027,Direct Debit,0,0
12152,3956,2026-07-16,5,CMP0150,Standing Order,1,0
11622,3740,2026-06-28,25,CMP0024,Card,1,0
7705,2517,2025-06-28,150.0,CMP0001,Cash,0,0
7656,2498,2025-02-16,20,CMP0105,Cash,0,0
2528,855,2024-05-21,250,CMP0142,Online,1,0
6615,2182,2025-09-07,50,CMP0075,Cheque,1,0
4425,1471,2025-08-08,500,CMP0009,Direct Debit,0,0
7208,2354,2021-03-24,10,CMP0144,Cash,0,0
7068,2314,2022-01-10,7.5,CMP0069,Direct Debit,1,0
9660,3156,2025-05-27,500,CMP0176,Cheque,0,0
9909,3234,2026-03-20,20,CMP0158,Card,0,0
8717,2850,2023-06-10,250,CMP0116,Card,0,0
8869,2898,2020-08-27,10,CMP0122,Cheque,0,0
1110,90490,2026-05-01,50,CMP0172,Online,1,0
10146,3320,2024-03-26,5,CMP0047,Online,0,0
12247,3985,2026-01-29,15,CMP0085,Direct Debit,0,0
7802,2549,2025-07-29,15,CMP0042,Card,0,0
11662,3759,2024-01-04,25,CMP0175,Cheque,1,0
3487,1164,2026-05-07,50,CMP0035,Standing Order,0,0
11964,3890,2023-07-01,37.5,CMP0173,Online,0,0
8136,2651,2020-12-12,15,CMP0118,Standing Order,1,0
4537,1508,2023-04-19,20,CMP0192,Cheque,0,0
2622,884,2025-07-07,15,CMP0150,Online,1,0
7467,2441,2025-10-05,250,CMP0010,Cheque,1,0
6572,2175,2024-07-16,25,CMP0118,Standing Order,1,0
5955,1949,2023-10-19,10,CMP0144,Online,1,0
1453,484,2026-05-26,75.0,CMP0101,Direct Debit,1,0
9802,3199,2024-11-16,100,CMP0153,Cheque,0,0
9920,3239,2026-06-05,10,CMP0162,Direct Debit,1,0
5053,1676,2025-12-14,100,CMP0090,Standing Order,0,0
930,313,2025-10-07,100,CMP0142,Card,0,0
2625,885,2021-12-22,250,CMP0040,Cheque,1,0
8084,2635,2022-03-17,50,CMP0106,Card,0,0
8428,2751,2018-03-07,10,CMP0173,Card,0,0
2535,857,2024-04-10,20,CMP0081,Standing Order,0,0
3306,1108,2026-08-06,20,CMP0123,Cash,1,0
2307,783,2025-12-03,37.5,CMP0185,Standing Order,1,0
13,3,2026-08-09,20,CMP0018,Cash,0,0
4982,1651,2023-08-28,200,CMP0059,Cheque,1,0
7498,2449,2025-07-10,375.0,CMP0124,Card,1,0
1165,385,2024-05-20,5,CMP0066,Cash,1,0
3270,1099,2021-01-21,20,CMP0070,Standing Order,0,0
5868,1923,2023-07-02,100,CMP0117,Direct Debit,0,0
9337,3046,2022-04-08,100,CMP0118,Online,0,0
5856,1918,2020-06-14,20,CMP0016,Card,0,0
11493,3709,2025-05-08,20,CMP0156,Online,1,0
11213,3626,2024-12-14,50,CMP0083,Card,0,0
9766,3187,2018-06-01,500,CMP0192,Online,1,0
4807,1601,2019-08-08,5,CMP0103,Card,1,0
2537,857,2025-12-12,75.0,CMP0059,Card,0,0
6657,2197,2022-02-22,200,CMP0029,Cash,1,0
4065,1351,2026-01-29,30,CMP0056,Card,0,0
3570,1197,2023-05-19,20,CMP0020,Standing Order,0,0
7689,2509,2025-08-10,5,CMP0167,Card,0,0
4904,1632,2024-04-05,50,CMP0172,Card,0,0
9291,3034,2022-10-03,250,CMP0181,Card,0,0
7240,2366,2022-08-11,15,CMP0108,Standing Order,0,0
8244,2690,2024-11-07,10,CMP0063,Card,1,0
8438,2751,2017-09-06,5,CMP0024,Standing Order,1,0
5582,1835,2022-09-02,50,CMP0099,Cheque,1,0
1428,473,2024-03-12,75.0,CMP0016,Standing Order,1,0
1667,560,2026-04-08,20,CMP0075,Standing Order,0,0
1936,648,2024-12-01,100,CMP0157,Card,1,0
10960,3552,2024-05-04,15,CMP0128,Cheque,0,0
10952,3550,2021-08-29,20,CMP0114,Card,1,0
11394,3674,2026-07-05,5,CMP0047,Direct Debit,0,0
885,292,2023-09-08,150.0,CMP0105,Cash,0,0
10284,3364,2021-01-02,37.5,CMP0032,Standing Order,1,0
1704,577,2025-06-24,40,CMP0040,Cash,1,0
3552,1191,2026-07-01,10,CMP0189,Cheque,1,0
2646,892,2025-10-05,20,CMP0079,Card,0,0
5259,1742,2020-02-11,15,CMP0153,Cheque,1,0
9381,3062,2025-09-20,50,CMP0065,Online,0,0
2226,743,2025-10-13,20,CMP0173,Card,0,0
646,203,2025-02-17,5,CMP0086,Cheque,0,0
3069,1036,2022-09-14,250,CMP0106,Online,1,0
480,151,2025-06-22,20,CMP0096,Cheque,1,0
3266,1099,2021-06-22,40,CMP0041,Card,0,1
5864,1922,2025-11-20,7.5,CMP0134,Cash,0,0
3600,1209,2026-07-18,5,CMP0131,Online,0,0
6322,2085,2023-03-12,20,CMP0063,Standing Order,1,0
8535,2783,2024-07-11,22.5,CMP0027,Standing Order,1,0
10588,3454,2025-04-09,15.0,CMP0133,Cash,1,0
8628,2818,2025-09-25,50,CMP0031,Standing Order,0,0
4729,1579,2025-10-04,22.5,CMP0086,Cash,0,0
2138,715,2024-12-17,7.5,CMP0138,Online,1,1
4447,1476,2022-03-21,50,CMP0071,Online,1,0
10720,3490,2024-05-11,15,CMP0030,Cheque,0,0
7620,2491,2018-10-29,250,CMP0141,Cheque,0,0
4233,1403,2024-11-16,150.0,CMP0145,Card,0,0
2172,728,2022-04-04,150.0,CMP0181,Online,1,0
8187,2671,2025-08-03,100,CMP0048,Cheque,1,0
4395,1462,2022-04-24,50,CMP0020,Cash,1,0
5095,1690,2026-02-03,15.0,CMP0034,Cash,1,0
861,283,2022-06-14,50,CMP0171,Online,1,0
2862,977,2026-04-20,50,CMP0158,Cheque,1,0
9998,3268,2025-02-17,15,CMP0137,Card,0,0
1018,338,2022-09-19,40,CMP0170,Standing Order,1,0
7486,2443,2024-04-07,250,CMP0157,Standing Order,1,0
10707,3487,2023-05-04,10,CMP0141,Direct Debit,0,0
11557,3727,2023-03-05,10,CMP0083,Cash,0,0
10033,3285,2023-12-09,5,CMP0024,Card,1,0
11790,3814,2024-07-06,25,CMP0069,Card,1,0
8429,2751,2023-08-05,5,CMP0023,Direct Debit,0,0
449,145,2024-12-29,25,CMP0132,Cheque,0,0
11953,3884,2024-09-15,5,CMP0087,Card,0,0
9528,3110,2026-04-27,22.5,CMP0171,Cash,1,0
10232,3342,2025-11-12,5,CMP0103,Online,0,0
7151,2339,2026-03-12,100,CMP0081,Standing Order,0,0
8241,2690,2025-06-05,100,CMP0121,Direct Debit,0,0
8071,2630,2026-06-18,5,CMP0085,Online,1,0
7729,2525,2024-07-09,20,CMP0003,Cheque,0,0
1475,493,2025-06-23,20,CMP0086,Card,1,0
4993,1655,2026-05-25,15.0,CMP0114,Online,1,0
11138,3603,2025-09-20,5,CMP0095,Cash,1,0
3,1,2020-12-26,5,CMP0141,Standing Order,1,0
6450,2133,2025-08-20,5,CMP0037,Cheque,0,0
10851,3526,2023-04-13,250,CMP0144,Online,0,0
4488,1495,2024-10-03,100,CMP0023,Card,0,0
3467,1158,2026-05-14,100,CMP0100,Direct Debit,1,0
7375,2406,2024-07-27,5,CMP0167,Standing Order,0,0
8359,2732,2024-11-15,250,CMP0132,Standing Order,0,0
4134,1369,2021-05-21,15,CMP0090,Cheque,1,0
10768,3498,2022-06-25,100,CMP0085,Direct Debit,0,0
4230,1402,2026-03-23,25,CMP0032,Direct Debit,1,0
7019,2298,2025-03-18,7.5,CMP0108,Standing Order,0,0
6805,2237,2023-12-01,25,CMP0173,Cash,1,0
6773,2227,2022-06-01,50,CMP0154,Direct Debit,0,0
6476,2137,2025-06-10,50,CMP0162,Cheque,1,0
5669,1861,2026-06-18,75.0,CMP0061,Cash,1,0
9106,2970,2024-03-26,37.5,CMP0121,Card,1,0
6955,2280,2025-07-23,30.0,CMP0148,Cheque,1,0
8785,2871,2020-03-24,15.0,CMP0177,Standing Order,1,0
3867,1297,2026-04-25,150.0,CMP0047,Cheque,1,0
2321,791,2025-04-27,40,CMP0131,Standing Order,1,0
4657,1558,2024-02-04,25,CMP0079,Direct Debit,0,0
10726,3491,2024-10-02,40,CMP0119,Direct Debit,1,0
3036,1029,2025-08-30,15,CMP0024,Online,1,0
6890,2259,2026-03-13,150.0,CMP0143,Direct Debit,0,0
9117,2977,2024-06-15,50,CMP0077,Cash,0,0
10388,3387,2022-12-08,37.5,CMP0123,Direct Debit,0,0
8854,2892,2024-07-03,30,CMP9065,Direct Debit,1,0
6807,2239,2022-08-30,75.0,CMP0044,Card,1,0
3741,1253,2024-09-13,500,CMP0011,Direct Debit,0,0
7408,2418,2024-10-28,50,CMP0018,Card,0,0
8968,2930,2025-06-30,10,CMP0090,Cash,1,0
4080,1359,2020-07-15,10,CMP0115,Direct Debit,1,0
7840,2556,2020-02-06,100,CMP0057,Standing Order,1,0
10742,3496,2023-08-23,30,CMP9733,Online,1,0
4905,1632,2026-04-04,50,CMP0058,Cash,0,0
9465,3089,2023-02-04,10,CMP0075,Card,0,0
10015,3280,2024-08-23,30.0,CMP0104,Standing Order,1,0
5811,1905,2023-03-20,20,CMP0160,Standing Order,0,0
9336,3046,2024-07-15,100,CMP0115,Standing Order,1,0
11611,3739,2025-10-26,10,CMP0036,Standing Order,1,0
8519,2776,2022-11-13,10,CMP0182,Cheque,1,0
6799,2236,2025-05-31,250,CMP0143,Direct Debit,0,0
4568,1518,2023-05-05,10,CMP0075,Card,0,0
4250,1408,2026-03-01,100,CMP0021,Card,1,0
7773,2538,2021-07-27,500,CMP0157,Direct Debit,0,0
10911,3544,2024-03-17,37.5,CMP0124,Cheque,1,0
3242,1089,2025-04-16,10,CMP0170,Standing Order,1,0
5566,1833,2022-05-06,10,CMP0187,Cash,0,0
81,25,2018-12-25,50,CMP0067,Card,0,0
750,248,2025-06-03,250,CMP0066,Cash,1,0
6723,2216,2024-11-02,25,CMP0016,Standing Order,1,0
11709,3778,2021-06-22,20,CMP0041,Standing Order,0,0
4937,1638,2021-07-01,100,CMP0151,Cash,1,0
11754,3802,2025-08-21,375.0,CMP0112,Standing Order,0,0
6127,1999,2023-01-04,250,CMP0074,Card,1,0
9784,3195,2026-03-13,10,CMP0060,Direct Debit,0,0
6573,2175,2025-02-18,250,CMP0136,Direct Debit,0,0
10583,3452,2024-12-09,20,CMP0128,Standing Order,0,0
4406,1464,2020-06-05,22.5,CMP0155,Cash,0,0
1137,381,2026-07-24,5,CMP0055,Online,1,0
9856,3215,2024-02-14,15,CMP0100,Standing Order,0,0
7034,2303,2024-06-19,250,CMP0152,Card,0,0
5677,1863,2024-02-27,100,CMP0124,Online,0,0
632,200,2026-07-24,15,CMP0059,Standing Order,0,0
11599,3735,2022-04-09,250,CMP0126,Online,0,0
5574,1834,2025-08-02,5,CMP0099,Cheque,0,0
3411,1142,2023-09-29,100,CMP0064,Cash,0,0
10368,3380,2024-07-15,25,CMP0157,Direct Debit,1,0
3686,1239,2025-02-08,250,CMP0001,Online,1,0
7278,2377,2025-08-02,100,CMP0036,Standing Order,0,0
4007,1339,2025-09-20,250,CMP0126,Online,0,0
8386,2737,2021-10-15,30,CMP0008,Cheque,1,0
3113,1051,2021-11-02,50,CMP0165,Card,0,0
8679,2832,2024-04-03,15,CMP0025,Direct Debit,0,0
2074,691,2026-05-18,15,CMP0018,Direct Debit,1,0
10001,3268,2021-11-23,10,CMP0116,Cheque,0,0
6544,2164,2024-05-05,50,CMP0142,Online,0,0
8777,2870,2023-04-04,50,CMP0076,Card,0,0
4954,1643,2024-02-19,75.0,CMP0048,Card,0,0
7221,2361,2026-03-11,25,CMP0113,Card,1,0
2588,876,2024-08-04,5,CMP0023,Online,1,0
4881,1621,2026-05-24,5,CMP0004,Cash,1,1
3314,1110,2024-11-05,15.0,CMP0113,Online,0,0
11886,3857,2021-07-01,200,CMP0071,Online,0,0
9,1,2022-05-27,100,CMP0159,Direct Debit,0,0
8337,2723,2025-05-16,5,CMP0178,Standing Order,1,0
7607,2487,2023-09-06,375.0,CMP0124,Standing Order,0,0
4281,1419,2022-10-07,375.0,CMP0028,Card,0,0
8030,2617,2022-10-03,100,CMP0089,Standing Order,0,0
4396,1462,2021-08-01,5,CMP0128,Standing Order,1,0
5492,1806,2025-05-15,50,CMP0097,Cheque,0,0
7073,2314,2026-01-12,5,CMP0027,Direct Debit,0,0
12300,4004,2024-10-09,250,CMP0076,Direct Debit,0,0
6935,2275,2021-01-21,20,CMP0082,Standing Order,0,0
9362,3056,2022-03-22,5,CMP0157,Online,0,0
3195,1074,2025-03-06,20,CMP0148,Cheque,1,0
3875,1299,2022-06-03,250,CMP0125,Cheque,1,0
3855,1291,2020-05-29,250,CMP0159,Cheque,0,0
7504,2450,2021-07-12,37.5,CMP0146,Card,0,0
1643,553,2025-12-25,50,CMP0158,Cash,0,0
3016,1021,2026-03-31,30,CMP0110,Standing Order,1,0
1790,598,2026-07-16,5,CMP0147,Direct Debit,0,0
3509,1172,2024-12-17,25,CMP0159,Cheque,1,0
6267,2057,2022-11-11,100,CMP0058,Direct Debit,0,0
11633,3744,2025-04-10,25,CMP0131,Standing Order,1,0
643,201,2023-03-17,50,CMP0034,Cash,1,0
7133,2332,2024-01-01,25,CMP0152,Card,1,0
560,180,2022-10-03,500,CMP0032,Cheque,1,0
11878,3855,2024-01-27,150.0,CMP0192,Online,1,0
1164,384,2024-02-01,100,CMP0092,Online,1,0
7469,2441,2025-09-20,10,CMP0077,Cheque,0,0
3565,1194,2026-06-24,25,CMP0157,Card,0,0
7018,2298,2026-07-10,10,CMP0182,Standing Order,1,0
4548,1512,2024-03-16,500,CMP0044,Cheque,1,0
754,248,2025-11-04,10,CMP0007,Cash,0,0
7332,2389,2024-05-30,5,CMP0137,Standing Order,0,0
4285,1419,2023-12-06,7.5,CMP0121,Cash,1,0
11254,3635,2025-10-22,50,CMP0132,Cheque,0,0
2426,821,2022-06-19,250,CMP0107,Card,0,0
4193,1393,2026-01-07,30,CMP0026,Online,0,0
3737,1251,2022-10-23,22.5,CMP0063,Cheque,1,0
10605,3459,2023-09-27,15,CMP0094,Standing Order,1,0
6621,2184,2025-11-19,375.0,CMP0036,Standing Order,1,0
3904,1308,2022-01-30,15,CMP0059,Cheque,1,0
11293,3649,2025-12-19,375.0,CMP0116,Cheque,0,0
10957,3551,2025-09-30,15.0,CMP0081,Online,1,0
6392,2108,2022-11-07,15,CMP0057,Cash,0,0
9665,3157,2022-10-21,50,CMP0032,Cash,1,0
9492,3097,2025-12-18,20,CMP0102,Standing Order,0,0
965,323,2026-04-08,100,CMP0064,Direct Debit,1,0
1312,430,2025-02-03,30,CMP0014,Direct Debit,0,0
3338,1120,2024-03-11,100,CMP0049,Standing Order,1,0
12347,3524,2025-04-20,200,CMP0052,Online,0,0
11000,3567,2024-12-20,30,CMP0052,Cash,1,0
11199,3621,2026-05-14,15,CMP0062,Online,0,0
7578,2477,2026-07-01,5,CMP0023,Card,1,0
469,148,2025-12-01,30.0,CMP0095,Direct Debit,0,0
8020,2615,2017-05-29,30,CMP0048,Online,0,0
8127,2650,2020-01-21,5,CMP0006,Online,0,0
5741,1882,2022-10-12,20,CMP0052,Card,1,0
5254,1740,2023-12-22,5,CMP0083,Online,1,0
3414,1143,2025-02-12,500,CMP0191,Online,1,0
11405,3678,2020-12-17,25,CMP0112,Cash,0,0
7591,2482,2017-08-23,75.0,CMP0037,Direct Debit,1,0
3434,1149,2021-05-24,250,CMP0190,Online,0,0
11507,3715,2023-04-17,37.5,CMP0148,Standing Order,0,0
5046,1674,2025-11-19,50,CMP0022,Card,1,0
5738,1882,2023-04-08,15,CMP0013,Cheque,1,0
3379,1129,2020-02-18,100,CMP0184,Online,1,0
7986,2597,2024-06-19,10,CMP0165,Direct Debit,0,0
7885,2572,2024-04-06,20,CMP0125,Direct Debit,0,0
10223,3341,2019-12-18,100,CMP0174,Card,1,0
2580,873,2022-06-01,100,CMP0032,Cheque,1,0
1636,551,2024-07-16,25,CMP0050,Direct Debit,1,0
5479,1805,2025-08-26,25,CMP0091,Online,0,0
211,57,2023-06-01,15.0,CMP0037,Cash,0,0
11109,3595,2022-07-19,15,CMP0089,Cash,1,0
1931,646,2025-11-01,25,CMP0141,Cheque,1,1
6460,2135,2023-05-24,20,CMP0114,Standing Order,1,0
10479,3412,2025-07-08,50,CMP0167,Online,1,0
7734,2528,2024-10-07,22.5,CMP0146,Card,1,0
2587,874,2024-01-10,15,CMP0139,Cheque,1,0
11012,3573,2022-12-06,37.5,CMP0077,Card,1,0
11956,3885,2021-05-27,75.0,CMP0094,Cash,0,0
10130,3319,2024-08-10,10,CMP0108,Direct Debit,0,0
7846,2561,2023-01-19,75.0,CMP0130,Online,1,0
465,148,2023-05-26,250,CMP0191,Online,0,0
2051,683,2025-07-22,50,CMP0087,Cheque,1,0
9069,2959,2022-07-02,7.5,CMP0188,Standing Order,0,1
1173,386,2021-12-13,200,CMP0041,Direct Debit,0,0
12289,4000,2026-04-05,250,CMP0157,Standing Order,1,0
6812,2240,2024-02-26,150.0,CMP0145,Standing Order,0,0
2148,718,2026-05-16,20,CMP0096,Direct Debit,1,1
8707,2849,2021-01-25,200,CMP0043,Cash,1,0
11461,3699,2018-10-17,22.5,CMP0091,Direct Debit,1,0
12095,3938,2023-02-06,5,CMP0134,Cheque,1,0
3066,1036,2023-12-29,15,CMP0035,Card,1,0
6455,2133,2020-05-28,20,CMP0031,Cash,0,0
8926,2912,2025-06-10,100,CMP0043,Card,0,0
7832,2553,2023-10-08,20,CMP0059,Online,0,0
4974,1649,2023-12-20,50,CMP0120,Card,1,0
10006,3278,2023-06-25,30.0,CMP0184,Online,0,0
7913,2579,2025-03-25,15,CMP0047,Cash,0,0
11152,3610,2023-02-26,15,CMP0085,Standing Order,0,0
8642,2821,2025-02-13,5,CMP0155,Card,0,0
2169,727,2026-01-24,20,CMP0117,Standing Order,1,0
2380,813,2023-09-02,375.0,CMP0025,Direct Debit,0,0
8190,2676,2024-08-05,20,CMP0061,Cash,1,0
9382,3062,2026-08-01,37.5,CMP0038,Direct Debit,0,0
8355,2732,2021-03-05,75.0,CMP0156,Direct Debit,0,0
10651,3474,2025-03-31,37.5,CMP0124,Online,0,0
10940,3549,2026-07-29,75.0,CMP0019,Card,0,0
11591,3733,2025-05-20,15,CMP0165,Standing Order,0,0
1978,664,2022-01-26,20,CMP0017,Standing Order,0,0
4387,1456,2025-12-17,30.0,CMP0157,Standing Order,0,0
4219,1397,2026-07-28,40,CMP0114,Standing Order,0,0
11895,3862,2025-07-31,25,CMP0082,Cheque,0,0
77,25,2024-05-12,10,CMP0005,Card,0,0
3010,1019,2024-08-19,50,CMP0153,Standing Order,0,0
6515,2154,2024-06-22,22.5,CMP0062,Online,0,0
3368,1129,2025-09-16,25,CMP0087,Cheque,1,0
11777,3812,2025-08-18,10,CMP0154,Online,0,0
11274,3642,2023-03-24,250,CMP0017,Online,1,0
4786,1596,2025-06-30,500,CMP0119,Cash,0,1
9582,3127,2022-10-10,25,CMP0184,Cheque,0,0
4211,1395,2024-09-29,25,CMP0128,Online,0,1
8570,2790,2024-05-25,30.0,CMP0081,Online,1,0
6706,2212,2025-08-21,15,CMP0061,Card,1,0
12205,3968,2022-02-16,100,CMP0038,Direct Debit,1,0
6870,2256,2022-07-19,25,CMP0143,Online,0,0
3211,1080,2022-12-02,250,CMP0074,Cash,0,0
1527,515,2025-07-10,37.5,CMP0062,Card,1,0
3752,1260,2020-04-08,250,CMP0181,Standing Order,1,0
191,52,2024-03-12,50,CMP0128,Cheque,1,0
8252,2695,2023-11-08,30,CMP0061,Cash,1,0
345,109,2020-01-22,30.0,CMP0059,Standing Order,0,0
5221,1730,2022-09-29,75.0,CMP0113,Standing Order,1,0
5060,1677,2024-02-08,250,CMP0145,Card,1,0
567,181,2026-04-04,150.0,CMP0155,Standing Order,1,0
8378,2736,2023-12-09,250,CMP0079,Standing Order,0,0
1229,404,2021-07-03,20,CMP0035,Direct Debit,0,1
3107,1050,2024-08-18,50,CMP0040,Card,1,0
10174,3326,2016-11-21,250,CMP0081,Card,1,0
4595,1533,2024-02-04,5,CMP0119,Cash,1,0
760,249,2021-07-16,375.0,CMP0151,Standing Order,0,0
5693,1866,2026-07-22,5,CMP0116,Cash,0,0
322,98,2021-07-10,25,CMP0138,Card,0,0
2432,821,2023-12-02,20,CMP0181,Direct Debit,0,0
8254,2699,2022-12-27,30.0,CMP0041,Standing Order,1,0
2959,1005,2026-05-10,25,CMP0105,Direct Debit,0,0
10075,3295,2023-05-21,50,CMP0128,Online,0,0
777,255,2024-09-10,100,CMP0130,Card,0,0
854,281,2019-07-04,250,CMP0120,Cash,0,0
11183,3619,2019-12-14,150.0,CMP0002,Direct Debit,0,0
9768,3187,2024-03-12,37.5,CMP0094,Card,1,0
11114,3595,2021-10-21,20,CMP0169,Card,0,0
4376,1451,2021-12-18,75.0,CMP0050,Online,0,0
10362,3377,2024-02-11,250,CMP0002,Online,0,0
9715,3174,2025-04-22,5,CMP0191,Standing Order,0,0
3992,1336,2024-09-16,10,CMP0074,Cheque,1,0
9747,3184,2026-07-21,30,CMP0084,Online,0,0
2953,1004,2022-06-28,5,CMP0133,Cheque,0,0
58,19,2024-06-10,500,CMP0177,Standing Order,0,0
8296,2711,2018-10-11,375.0,CMP0132,Cheque,1,0
6005,1968,2025-12-20,40,CMP0025,Standing Order,1,0
1145,382,2024-03-11,100,CMP0056,Online,0,0
4956,1643,2020-06-08,10,CMP0031,Cash,1,0
2555,862,2023-04-05,30.0,CMP0160,Card,0,0
3068,1036,2025-05-30,20,CMP0101,Online,0,0
4639,1550,2024-10-14,30.0,CMP0189,Online,0,0
1010,336,2026-08-09,50,CMP0040,Cash,1,0
7066,2313,2026-06-28,250,CMP0160,Cash,1,0
6082,1989,2025-12-25,15,CMP0191,Direct Debit,0,0
4875,1619,2024-07-12,250,CMP0166,Card,1,0
4310,1426,2025-12-03,15,CMP0068,Cheque,0,0
12082,3935,2023-09-26,50,CMP0034,Cash,0,0
7796,2547,2022-05-25,15.0,CMP0130,Cheque,1,0
8616,2815,2026-06-22,5,CMP0143,Cash,0,0
1013,336,2025-06-03,150.0,CMP0082,Cheque,1,0
1217,401,2026-02-13,500,CMP0189,Standing Order,0,0
692,219,2025-04-16,10,CMP0072,Standing Order,0,0
11613,3739,2019-11-14,20,CMP0170,Card,1,0
3818,1283,2025-09-17,20,CMP0133,Online,0,1
11955,3884,2025-01-04,50,CMP0028,Card,1,0
2533,856,2023-05-04,10,CMP0041,Online,1,0
9884,3228,2026-03-30,20,CMP0010,Standing Order,0,0
10971,3556,2023-06-03,7.5,CMP0138,Cash,0,0
5946,1945,2026-01-10,50,CMP0137,Online,1,0
7,1,2021-02-19,150.0,CMP0177,Standing Order,0,0
5163,1706,2025-03-19,15,CMP0143,Cash,0,0
8714,2849,2022-02-15,25,CMP0031,Online,1,0
1552,523,2025-06-02,100,CMP0097,Cash,1,0
8615,2811,2022-04-27,250,CMP0119,Standing Order,0,0
5239,1735,2023-12-11,20,CMP0066,Card,1,0
791,256,2019-02-01,75.0,CMP0096,Standing Order,0,0
2324,794,2023-02-13,10,CMP0152,Cheque,0,0
2756,938,2022-06-26,30.0,CMP0060,Cash,0,0
5206,1726,2023-07-29,50,CMP0052,Direct Debit,1,0
1635,551,2021-09-07,40,CMP0078,Card,1,0
12346,397,2017-12-02,20,CMP0022,Card,0,0
5323,1761,2026-08-10,150.0,CMP0158,Online,0,0
4424,1470,2025-09-27,5,CMP0186,Cheque,1,0
11665,3760,2026-06-20,200,CMP0051,Direct Debit,0,0
778,255,2022-10-22,10,CMP0187,Cheque,0,0
10729,3492,2024-07-26,15,CMP0155,Cheque,1,0
1707,577,2020-12-24,50,CMP0119,Cheque,0,0
10043,3287,2022-07-23,10,CMP0019,Direct Debit,0,0
525,165,2025-06-08,20,CMP0080,Cheque,0,0
12327,4017,2026-01-01,22.5,CMP0008,Card,0,0
7421,2424,2026-02-02,10,CMP0051,Cash,1,0
11460,3699,2018-11-14,20,CMP0188,Cheque,0,0
7176,2344,2022-05-03,22.5,CMP0136,Card,0,0
375,123,2021-12-11,250,CMP0003,Cash,1,0
9330,3046,2022-06-12,10,CMP0048,Card,1,0
4596,1533,2023-04-18,250,CMP0092,Card,0,0
5360,1769,2024-02-29,150.0,CMP0106,Standing Order,0,0
6862,2253,2021-03-22,250,CMP0018,Standing Order,0,0
7561,2471,2018-05-15,22.5,CMP0004,Card,0,0
2204,736,2025-01-28,20,CMP0170,Online,1,0
12265,3992,2020-04-17,50,CMP0102,Direct Debit,0,0
2088,693,2023-06-23,50,CMP0082,Cheque,0,0
565,181,2025-05-22,20,CMP0020,Online,0,0
1042,345,2021-08-30,100,CMP0028,Cheque,0,0
8375,2736,2024-07-13,5,CMP0142,Direct Debit,0,0
6329,2089,2024-12-09,10,CMP0185,Cheque,1,0
11085,3588,2020-07-04,15,CMP0143,Cheque,1,0
10887,3539,2019-01-26,20,CMP0137,Cheque,1,0
5816,1907,2021-03-20,5,CMP0035,Standing Order,1,0
4765,1588,2022-07-28,20,CMP0053,Standing Order,0,0
9605,3138,2017-09-02,10,CMP0010,Online,1,0
1299,426,2020-02-07,25,CMP0128,Direct Debit,0,0
2463,835,2025-08-18,15,CMP0119,Standing Order,0,0
4558,1517,2023-08-20,500,CMP0116,Standing Order,0,0
9511,3104,2024-12-31,250,CMP0069,Cheque,0,0
1764,590,2026-06-28,30.0,CMP0167,Direct Debit,0,0
4854,1609,2022-04-30,100,CMP0140,Cash,1,0
3773,1265,2022-01-29,250,CMP0016,Card,0,0
2975,1010,2025-10-15,5,CMP0152,Cheque,1,0
10188,3330,2024-10-05,22.5,CMP0018,Online,0,0
330,104,2024-08-14,100,CMP0151,Online,0,0
6952,2280,2026-05-18,15,CMP0189,Cheque,1,0
7549,2469,2026-03-11,40,CMP0054,Card,1,0
11997,3897,2023-05-17,500,CMP0099,Card,0,0
10349,3376,2018-09-26,15.0,CMP0023,Direct Debit,0,0
1126,377,2023-09-19,30.0,CMP0034,Standing Order,1,0
1058,349,2022-12-18,20,CMP0003,Standing Order,1,0
6383,2106,2024-12-15,5,CMP0063,Cash,0,0
612,196,2024-05-19,10,CMP0029,Online,0,0
4375,1451,2021-10-31,10,CMP0132,Card,1,0
11318,3656,2025-03-03,100,CMP0032,Direct Debit,1,0
10932,3546,2019-07-24,5,CMP0104,Card,0,0
10230,3341,2024-09-22,75.0,CMP0018,Cash,1,0
3044,1033,2025-10-01,22.5,CMP0008,Card,1,0
1209,397,2023-05-16,40,CMP0178,Cheque,0,0
9222,3009,2026-01-27,250,CMP0161,Direct Debit,0,0
7841,2556,2022-03-09,20,CMP0056,Online,1,0
10329,3371,2026-07-11,100,CMP0102,Online,1,0
556,180,2024-10-05,375.0,CMP0069,Card,1,0
10485,3413,2020-10-22,15,CMP0185,Cheque,1,0
3959,1329,2023-12-19,50,CMP0105,Cash,1,0
579,188,2022-11-07,250,CMP0057,Cash,1,0
11288,3647,2024-09-18,75.0,CMP0124,Cash,1,0
10554,3441,2025-05-09,10,CMP0166,Online,1,0
2894,987,2022-09-04,5,CMP0106,Cash,0,0
2972,1010,2025-05-24,15.0,CMP0143,Direct Debit,0,0
4817,1603,2025-08-08,5,CMP0140,Card,0,0
8126,2650,2020-05-26,10,CMP0183,Online,0,0
4910,1633,2024-03-19,25,CMP0190,Card,0,0
11348,3661,2021-07-17,20,CMP0001,Cheque,0,0
7770,2537,2026-03-26,20,CMP0182,Cheque,1,0
4943,1640,2023-09-03,15,CMP0031,Standing Order,0,0
9449,3083,2025-03-26,200,CMP0026,Direct Debit,0,0
2766,940,2022-02-11,20,CMP0170,Direct Debit,1,0
120,36,2025-07-17,20,CMP0088,Online,1,0
7193,2351,2022-09-06,75.0,CMP0159,Direct Debit,1,0
837,276,2018-02-14,250,CMP0094,Card,1,0
5198,1724,2025-06-30,75.0,CMP0039,Direct Debit,0,0
8005,2609,2024-01-25,250,CMP0097,Standing Order,0,0
155,46,2025-01-27,100,CMP0165,Card,1,0
12301,4004,2024-04-16,7.5,CMP0021,Direct Debit,0,0
12043,3920,2022-01-02,10,CMP0132,Standing Order,1,0
4031,1344,2024-08-11,15,CMP0068,Cheque,0,0
7488,2443,2023-02-26,25,CMP0087,Online,0,0
9785,3195,2024-05-14,37.5,CMP0050,Online,0,0
1244,409,2022-12-01,50,CMP0025,Cash,0,0
8340,2724,2024-09-07,5,CMP0076,Online,1,0
874,289,2023-04-14,25,CMP0042,Cheque,1,0
10797,3510,2019-08-30,100,CMP0076,Cheque,0,0
11091,3589,2022-12-02,22.5,CMP0092,Direct Debit,0,0
3237,1088,2026-06-02,15.0,CMP0184,Card,0,0
8501,2772,2023-04-14,30.0,CMP0078,Cheque,1,0
9431,3075,2024-07-12,50,CMP0190,Cash,1,0
1435,478,2024-04-30,5,CMP0185,Standing Order,0,0
10739,3493,2024-03-04,50,CMP0024,Direct Debit,0,0
206,54,2021-07-05,25,CMP0161,Card,0,0
7585,2480,2020-12-07,10,CMP0061,Direct Debit,0,0
8753,2864,2026-02-21,25,CMP0067,Card,1,0
8264,2702,2025-01-21,22.5,CMP0046,Standing Order,1,1
10046,3288,2026-07-17,50,CMP0181,Direct Debit,0,0
1865,626,2025-02-09,10,CMP0049,Online,1,0
3898,1305,2021-11-26,250,CMP0122,Standing Order,0,0
10979,3561,2024-06-25,20,CMP0104,Online,1,0
5967,1955,2023-05-27,500,CMP0110,Card,0,0
2650,892,2025-09-02,250,CMP0134,Cheque,1,0
384,125,2026-01-15,40,CMP0005,Cash,0,1
12192,3966,2022-10-19,10,CMP0189,Cash,1,0
867,287,2026-04-03,250,CMP0160,Cheque,0,0
2800,957,2023-09-12,10,CMP0175,Direct Debit,0,0
1656,557,2024-11-16,100,CMP0182,Cash,1,0
1880,629,2025-09-05,375.0,CMP0154,Card,1,0
9332,3046,2024-04-09,15.0,CMP0001,Online,0,0
3388,1132,2025-10-25,250,CMP0039,Card,1,0
6943,2277,2026-07-25,100,CMP0089,Cash,1,0
6088,1991,2022-05-15,30,CMP0060,Card,0,0
10764,3498,2024-04-05,20,CMP0183,Cash,1,0
10647,3473,2023-10-07,15,CMP0166,Direct Debit,1,0
11225,3628,2026-05-26,50,CMP0098,Card,1,0
5037,1671,2025-06-26,30.0,CMP0009,Online,0,0
8478,2764,2025-04-12,7.5,CMP0057,Cheque,0,0
3775,1265,2026-01-31,20,CMP0141,Direct Debit,0,0
6079,1989,2023-07-13,50,CMP0182,Card,1,0
12269,3993,2023-06-30,15,CMP0176,Card,1,0
5100,1690,2024-08-21,150.0,CMP0076,Direct Debit,0,0
844,279,2024-06-27,150.0,CMP0157,Card,1,0
2239,748,2024-02-07,37.5,CMP0031,Card,0,0
5498,1809,2024-03-15,50,CMP0161,Card,0,0
9669,3160,2026-05-19,10,CMP0044,Cash,1,0
947,317,2023-09-22,5,CMP0176,Online,0,0
2726,933,2023-03-14,20,CMP0186,Standing Order,1,0
11344,3661,2023-03-23,20,CMP0040,Online,1,0
4367,1448,2023-03-05,10,CMP0191,Card,1,0
7033,2303,2024-07-31,15,CMP0052,Card,1,0
988,331,2021-09-02,40,CMP0018,Online,1,0
8411,2746,2025-05-27,40,CMP0163,Cash,1,0
8548,2784,2023-12-20,15,CMP0053,Direct Debit,0,0
6218,2047,2023-09-21,10,CMP0149,Online,0,0
601,193,2023-03-01,20,CMP0158,Standing Order,1,0
111,33,2022-04-27,75.0,CMP0049,Cheque,0,0
5523,1819,2026-05-22,20,CMP0178,Cash,0,0
1982,666,2018-02-24,10,CMP0053,Cash,1,0
6459,2134,2024-07-18,10,CMP0004,Card,0,0
8945,2924,2026-04-23,15,CMP0064,Card,1,0
10042,3287,2018-12-01,20,CMP0096,Standing Order,0,0
6468,2137,2023-09-26,500,CMP0049,Direct Debit,0,0
456,146,2025-01-17,100,CMP0034,Direct Debit,0,0
7767,2536,2024-05-12,500,CMP0037,Online,1,0
10789,3505,2021-04-21,100,CMP0012,Cheque,1,0
8826,2888,2024-04-17,250,CMP0183,Card,0,0
9549,3117,2025-10-27,500,CMP0153,Cash,1,0
7829,2553,2025-07-31,5,CMP0154,Cash,0,0
5177,1713,2022-07-26,50,CMP0033,Online,0,0
9586,3128,2023-04-02,100,CMP0001,Direct Debit,0,0
9113,2976,2021-04-07,40,CMP0119,Standing Order,1,0
1065,352,2024-08-08,10,CMP0032,Cash,0,0
10178,3327,2025-10-04,15.0,CMP0077,Cheque,1,0
10452,3407,2023-09-30,15,CMP0064,Online,1,0
2255,756,2022-07-20,250,CMP0033,Card,1,0
285,81,2023-04-27,100,CMP0135,Online,0,0
5229,1732,2023-04-16,5,CMP0186,Cheque,0,0
2360,806,2024-07-27,30,CMP0053,Online,0,0
7879,2571,2022-11-02,20,CMP0126,Card,1,0
7060,2312,2025-05-06,15,CMP0170,Cash,0,0
7439,2428,2022-06-29,100,CMP0012,Direct Debit,0,0
5695,1869,2023-07-31,75.0,CMP0053,Online,1,0
9023,2945,2020-07-29,250,CMP0149,Cheque,1,0
11818,3833,2026-07-07,200,CMP0025,Standing Order,1,0
8890,2899,2025-03-22,22.5,CMP0131,Standing Order,0,0
10812,3516,2021-07-21,500,CMP0191,Cash,1,0
10969,3556,2025-09-28,5,CMP0163,Direct Debit,0,0
2946,1003,2023-05-13,100,CMP0166,Card,1,0
11817,3833,2025-12-24,50,CMP0024,Card,0,0
4183,1389,2025-03-15,22.5,CMP0084,Card,1,0
11421,3683,2022-06-16,15,CMP0016,Cheque,1,0
5173,1710,2025-08-17,250,CMP0050,Standing Order,0,0
7365,2401,2021-08-17,30.0,CMP0012,Online,0,0
7477,2441,2025-02-25,100,CMP0180,Card,0,0
9775,3189,2026-01-05,10,CMP0171,Card,1,0
8861,2894,2026-03-21,37.5,CMP0049,Cheque,0,0
4567,1518,2025-07-06,5,CMP0070,Online,1,0
1132,379,2022-08-18,7.5,CMP0092,Cheque,1,0
7534,2467,2026-02-26,25,CMP0037,Direct Debit,0,0
8168,2663,2023-10-13,30,CMP0044,Standing Order,0,0
9662,3156,2024-01-17,200,CMP0086,Cash,1,0
8747,2862,2021-03-18,20,CMP0046,Cheque,1,0
9797,3197,2019-12-11,20,CMP0145,Cheque,0,0
1986,666,2022-07-07,100,CMP0137,Standing Order,1,0
5006,1658,2025-04-22,50,CMP0170,Card,1,0
3599,1209,2023-05-09,25,CMP0043,Cheque,1,0
8330,2722,2025-10-20,15,CMP0104,Cheque,1,0
3073,1040,2025-07-15,25,CMP0033,Online,1,0
4232,1402,2025-10-13,100,CMP0012,Card,1,0
4500,1501,2023-08-18,5,CMP0179,Standing Order,1,0
3220,1083,2025-05-01,100,CMP0134,Cash,1,0
5107,1693,2023-08-20,200,CMP0147,Standing Order,1,0
438,142,2025-05-18,50,CMP0068,Direct Debit,0,1
8173,2666,2025-04-30,50,CMP0082,Cash,0,0
4022,1341,2018-11-27,15,CMP0126,Direct Debit,0,0
8742,2862,2020-04-23,50,CMP0023,Direct Debit,0,0
7449,2437,2024-07-31,25,CMP0042,Card,1,0
2902,990,2025-06-25,5,CMP0128,Cheque,1,0
558,180,2020-06-22,15,CMP0192,Card,1,0
3927,1314,2024-05-27,10,CMP0137,Card,0,0
10892,3541,2025-01-03,100,CMP0177,Cash,1,0
2097,694,2019-09-04,25,CMP0179,Direct Debit,1,0
12339,3364,2020-12-19,100,CMP0155,Direct Debit,0,0
6018,1970,2025-02-09,100,CMP0114,Standing Order,1,0
1458,485,2018-09-02,25,CMP0010,Direct Debit,0,0
7417,2424,2025-08-30,5,CMP0164,Cash,0,0
11601,3737,2026-04-08,25,CMP0052,Online,1,0
5165,1709,2025-11-13,15.0,CMP0081,Cheque,0,0
8033,2620,2026-03-02,10,CMP0062,Online,0,0
11027,3578,2025-09-13,22.5,CMP0153,Standing Order,0,0
3558,1193,2026-01-30,10,CMP0031,Online,0,0
2027,674,2026-01-10,15,CMP0098,Direct Debit,0,0
9321,3041,2024-10-08,50,CMP0102,Standing Order,0,0
3887,1301,2026-07-02,20,CMP0140,Direct Debit,1,0
1354,443,2026-03-15,500,CMP0172,Card,0,0
3884,1300,2026-06-25,37.5,CMP0085,Card,1,0
6859,2253,2024-07-23,5,CMP0024,Direct Debit,0,0
11328,3659,2026-07-01,5,CMP0048,Cheque,0,0
6251,2053,2024-01-14,25,CMP0032,Cheque,0,0
10724,3491,2022-05-17,40,CMP0046,Cash,0,0
10165,3323,2024-06-22,20,CMP0064,Online,1,0
10642,3472,2026-01-22,200,CMP0031,Standing Order,1,0
2976,1011,2023-02-16,25,CMP0049,Card,1,0
11041,3580,2026-03-04,100,CMP0174,Cash,1,0
9898,3233,2023-05-28,25,CMP0006,Card,0,0
9590,3129,2022-04-16,20,CMP0135,Cash,0,0
1998,668,2023-07-04,10,CMP0083,Cheque,1,0
11069,3585,2024-12-06,25,CMP0191,Cash,0,0
4020,1341,2018-10-26,375.0,CMP0047,Cash,1,0
3836,1286,2023-06-25,20,CMP0032,Direct Debit,0,0
349,113,2025-05-15,40,CMP0186,Card,0,0
3951,1328,2024-10-12,20,CMP0132,Standing Order,0,0
11852,3851,2025-03-28,10,CMP0021,Cheque,0,0
2939,1002,2025-08-19,100,CMP0169,Direct Debit,1,0
5273,1744,2022-06-10,250,CMP0140,Standing Order,1,0
1871,627,2023-05-17,20,CMP0142,Cheque,1,0
7536,2467,2026-04-02,25,CMP0151,Direct Debit,0,0
9675,3161,2025-07-15,20,CMP0082,Cheque,0,0
8975,2932,2021-04-10,40,CMP0078,Online,0,0
12030,3912,2025-12-23,25,CMP0170,Online,0,0
3319,1110,2019-05-23,10,CMP0179,Standing Order,0,0
7470,2441,2021-07-05,150.0,CMP0141,Direct Debit,1,0
418,137,2025-02-23,25,CMP0091,Online,1,0
9809,3199,2023-08-09,40,CMP0028,Cash,0,0
9112,2976,2025-02-24,30,CMP0067,Card,1,0
10714,3488,2024-06-18,25,CMP0144,Standing Order,1,0
8696,2842,2021-02-18,10,CMP0067,Direct Debit,1,0
2420,818,2021-10-07,20,CMP0119,Cash,0,0
2063,688,2023-10-04,20,CMP0011,Direct Debit,1,0
6432,2122,2023-04-24,100,CMP0046,Online,0,0
12259,3991,2025-05-08,20,CMP0027,Online,1,0
3241,1089,2025-06-29,22.5,CMP0037,Card,0,0
4069,1354,2025-06-21,7.5,CMP0079,Standing Order,1,0
8423,2749,2024-11-03,25,CMP0092,Card,1,0
1123,377,2023-12-21,5,CMP0116,Direct Debit,0,0
9025,2945,2023-11-23,37.5,CMP0152,Card,0,0
4154,1377,2024-08-24,22.5,CMP0101,Cheque,1,0
7437,2428,2023-04-07,15,CMP0031,Cash,0,0
8404,2744,2023-07-21,5,CMP0050,Cheque,1,0
6304,2075,2025-07-27,20,CMP0133,Cheque,1,0
8563,2790,2026-07-06,100,CMP0109,Cash,1,0
10956,3551,2024-05-12,20,CMP0116,Standing Order,1,0
11179,3619,2025-01-30,20,CMP0080,Cheque,0,0
3724,1249,2024-11-28,40,CMP0134,Online,1,0
9284,3033,2024-07-07,30.0,CMP0173,Cash,0,0
9282,3033,2024-01-06,37.5,CMP0190,Cheque,1,0
7603,2486,2020-06-10,30,CMP0119,Cash,0,0
10983,3563,2022-12-30,250,CMP0095,Card,0,0
699,221,2026-05-17,25,CMP0119,Card,1,0
2979,1011,2024-01-02,37.5,CMP0123,Cheque,0,0
11444,3693,2023-06-27,100,CMP0068,Direct Debit,1,1
6400,2114,2025-09-19,100,CMP0099,Card,1,0
5164,1706,2026-05-17,20,CMP0178,Direct Debit,0,0
4010,1339,2023-05-04,5,CMP0061,Cash,1,0
1309,430,2022-10-20,100,CMP0135,Direct Debit,1,0
4968,1645,2023-10-14,5,CMP0022,Cash,1,0
3439,1153,2023-10-10,10,CMP0027,Cheque,1,0
11643,3748,2025-04-19,20,CMP0035,Cash,0,0
4784,1596,2025-12-24,500,CMP0138,Card,0,0
5945,1944,2022-09-29,7.5,CMP0170,Standing Order,0,0
4044,1346,2019-08-24,10,CMP0096,Direct Debit,0,0
10913,3544,2024-04-08,25,CMP0176,Standing Order,1,0
10071,3294,2026-05-05,30.0,CMP0013,Online,1,0
4451,1476,2022-01-23,50,CMP0045,Direct Debit,0,0
11941,3876,2026-06-24,50,CMP0121,Standing Order,0,0
10370,3380,2023-10-11,20,CMP0019,Direct Debit,0,0
10722,3491,2025-05-08,250,CMP0124,Cash,1,0
6066,1985,2019-12-31,30,CMP0022,Standing Order,1,0
1898,636,2023-04-14,100,CMP0023,Online,1,0
7710,2518,2025-07-12,15,CMP0186,Standing Order,0,0
4430,1472,2025-11-14,30.0,CMP0040,Cash,0,0
7695,2513,2024-07-26,100,CMP0010,Standing Order,1,1
12116,3945,2022-12-19,30.0,CMP0168,Online,1,0
2092,694,2022-02-21,5,CMP0128,Standing Order,1,0
9560,3120,2021-08-27,20,CMP0004,Cheque,1,0
6972,2284,2023-08-19,37.5,CMP0109,Cheque,1,0
7867,2567,2024-09-18,150.0,CMP0021,Online,0,0
5606,1838,2024-10-23,15,CMP0081,Cheque,1,0
10579,3451,2022-09-05,500,CMP0156,Cheque,1,0
10863,3529,2025-08-02,10,CMP0171,Cheque,0,0
8358,2732,2023-11-23,20,CMP0094,Direct Debit,0,0
10616,3462,2025-07-15,20,CMP0021,Online,1,0
2903,990,2025-05-25,75.0,CMP0050,Online,1,0
11122,3598,2023-08-06,375.0,CMP0041,Online,1,0
9296,3036,2026-08-01,250,CMP0077,Direct Debit,1,1
8963,2930,2021-10-23,25,CMP0141,Online,0,0
4527,1505,2025-06-21,20,CMP0109,Online,1,0
11634,3746,2019-07-10,25,CMP0177,Cheque,1,0
604,195,2021-05-23,30,CMP0001,Standing Order,1,0
2832,966,2025-02-05,100,CMP0082,Cash,0,0
5531,1820,2023-07-02,50,CMP0120,Cash,1,0
10103,3309,2024-02-03,5,CMP0030,Direct Debit,0,0
6759,2224,2023-10-11,10,CMP0151,Cheque,0,0
6757,2224,2024-12-05,500,CMP0161,Online,0,0
2612,882,2026-06-07,10,CMP0126,Standing Order,1,0
4876,1619,2023-03-14,50,CMP0077,Cash,1,0
9688,3167,2022-11-12,10,CMP0152,Standing Order,0,0
10461,3408,2026-01-24,250,CMP0109,Direct Debit,1,0
10374,3382,2021-04-07,50,CMP0024,Card,0,0
4672,1563,2021-05-15,100,CMP0015,Cash,0,0
1606,543,2021-10-24,100,CMP0055,Card,0,0
5809,1905,2025-05-21,37.5,CMP0171,Direct Debit,0,0
4482,1491,2024-10-13,20,CMP0140,Direct Debit,0,0
11965,3891,2026-03-01,250,CMP0029,Card,0,0
234,69,2024-06-05,7.5,CMP0121,Online,1,0
1049,347,2019-08-07,0,CMP0101,Cheque,0,0
8792,2871,2021-09-13,150.0,CMP0133,Cheque,1,0
1855,625,2020-04-17,15,CMP0190,Cash,1,0
12085,3935,2019-05-03,100,CMP0061,Standing Order,1,0
2106,697,2023-06-29,10,CMP0120,Online,0,0
11484,3708,2023-11-04,25,CMP0021,Standing Order,1,0
9312,3039,2022-05-03,20,CMP0151,Card,0,0
2345,803,2025-11-17,40,CMP0037,Direct Debit,1,0
11353,3661,2021-08-23,75.0,CMP0165,Card,1,0
5012,1663,2026-06-16,15.0,CMP0117,Card,0,0
1577,528,2018-12-19,25,CMP0140,Direct Debit,1,0
10808,3515,2025-02-07,150.0,CMP0009,Direct Debit,0,0
5647,1855,2021-06-13,22.5,CMP0025,Cash,0,0
12056,3927,2026-02-08,5,CMP0038,Direct Debit,1,0
2574,871,2024-10-30,25,CMP0030,Standing Order,1,0
8886,2898,2022-01-21,20,CMP0105,Direct Debit,1,0
7023,2301,2023-09-29,5,CMP0048,Cash,0,0
3941,1318,2025-07-25,100,CMP0005,Card,1,0
2954,1004,2022-04-30,25,CMP0163,Card,0,0
2525,854,2026-08-13,5,CMP0031,Standing Order,0,0
9810,3201,2026-08-09,25,CMP0065,Card,0,0
9114,2977,2026-08-16,500,CMP0140,Standing Order,1,0
11,3,2022-06-15,15,CMP0094,Cheque,1,0
7522,2458,2019-02-13,37.5,CMP0078,Standing Order,0,0
10167,3326,2018-03-27,5,CMP0039,Online,1,0
8024,2616,2026-04-05,375.0,CMP0165,Standing Order,0,0
10700,3487,2021-07-16,10,CMP0063,Cheque,1,0
5034,1671,2025-02-07,20,CMP0077,Card,1,0
2202,735,2023-12-11,5,CMP0014,Cash,0,0
3445,1154,2022-09-17,5,CMP0014,Direct Debit,0,0
3590,1207,2024-11-07,30.0,CMP0126,Card,1,0
9774,3189,2025-05-03,20,CMP0180,Cheque,1,0
5036,1671,2024-01-09,20,CMP0042,Card,1,0
2747,936,2022-05-22,500,CMP0118,Cheque,0,0
5143,1703,2025-04-14,375.0,CMP0030,Cheque,0,0
8577,2794,2024-03-11,30.0,CMP0062,Direct Debit,1,0
10990,3564,2025-02-18,100,CMP0049,Direct Debit,0,0
9966,3262,2025-06-01,250,CMP0048,Card,1,0
5099,1690,2025-08-06,5,CMP0133,Direct Debit,0,0
3280,1101,2023-10-16,100,CMP0008,Cash,0,0
6881,2257,2026-04-16,25,CMP0016,Cheque,1,0
7119,2326,2019-07-19,15,CMP0060,Standing Order,0,0
7245,2367,2025-07-18,500,CMP0125,Standing Order,0,0
7519,2458,2025-05-01,10,CMP0026,Standing Order,1,0
1204,394,2026-07-30,10,CMP0159,Standing Order,0,0
7381,2409,2022-05-13,7.5,CMP0166,Cash,1,0
2850,972,2022-11-29,20,CMP0091,Direct Debit,0,0
7148,2339,2023-05-18,10,CMP0075,Online,1,0
7696,2514,2023-02-27,150.0,CMP0096,Online,1,0
4890,1628,2025-04-02,10,CMP0125,Cheque,0,0
231,69,2020-03-06,200,CMP0106,Direct Debit,0,0
10986,3563,2024-02-28,50,CMP0089,Online,0,0
9349,3052,2021-10-01,75.0,CMP0154,Cheque,1,0
8775,2870,2019-12-19,10,CMP0075,Cheque,0,0
6112,1993,2023-11-27,50,CMP0042,Online,0,0
4068,1354,2025-10-16,25,CMP0184,Online,1,0
1340,438,2025-12-05,100,CMP0030,Standing Order,1,0
7681,2508,2022-07-31,200,CMP0017,Cash,0,0
116,34,2022-04-29,30,CMP0112,Direct Debit,0,0
11880,3855,2026-07-24,10,CMP0006,Cash,1,0
2323,794,2024-09-14,100,CMP0112,Cash,1,0
8725,2851,2024-02-06,25,CMP0055,Cash,0,0
8691,2838,2024-08-19,40,CMP0084,Standing Order,1,0
10414,3393,2021-12-07,22.5,CMP0054,Cheque,1,0
7892,2574,2024-09-07,7.5,CMP0170,Cash,1,0
3072,1040,2026-08-07,30,CMP0144,Card,0,0
1483,498,2019-12-15,100,CMP0090,Standing Order,0,0
11250,3634,2026-05-01,15,CMP0182,Direct Debit,1,0
380,123,2021-04-14,100,CMP0129,Card,1,0
7610,2489,2024-05-31,15,CMP0035,Standing Order,0,0
10016,3280,2025-11-24,20,CMP0115,Cash,0,0
10617,3462,2025-02-13,10,CMP0103,Online,1,0
3022,1023,2026-08-02,15,CMP0109,Direct Debit,1,0
11482,3707,2025-08-26,100,CMP0063,Online,1,0
12109,3941,2025-06-22,20,CMP0150,Standing Order,0,0
9749,3185,2026-03-20,100,CMP0011,Standing Order,0,0
5433,1793,2024-04-15,100,CMP0038,Cash,0,0
2266,760,2023-04-14,75.0,CMP0098,Cheque,0,0
10773,3500,2025-09-05,10,CMP0122,Cash,0,0
8251,2695,2020-07-15,15,CMP0055,Cash,0,0
9960,3259,2023-09-16,10,CMP0086,Standing Order,0,0
5202,1725,2025-05-23,40,CMP0171,Cash,1,0
2755,938,2023-03-01,30,CMP0127,Online,1,0
5910,1936,2025-10-30,100,CMP0071,Standing Order,1,0
11369,3669,2024-03-22,15.0,CMP0135,Standing Order,0,0
4136,1370,2020-12-02,375.0,CMP0112,Card,0,0
11299,3653,2026-06-04,7.5,CMP0081,Card,1,0
7583,2479,2022-02-14,100,CMP0192,Cheque,1,0
10705,3487,2024-10-17,20,CMP0024,Standing Order,1,0
2425,819,2025-08-10,22.5,CMP0171,Card,0,0
5974,1957,2021-11-11,100,CMP0102,Standing Order,1,0
11705,3778,2022-12-11,100,CMP0058,Card,1,0
7164,2342,2023-05-26,250,CMP0019,Card,1,0
9462,3086,2024-08-10,22.5,CMP0031,Online,1,0
1965,660,2026-04-30,22.5,CMP0060,Standing Order,0,0
879,291,2023-06-05,100,CMP0160,Direct Debit,0,0
4736,1579,2022-06-17,15.0,CMP0067,Cash,1,0
7706,2517,2024-08-30,500,CMP0036,Cash,1,0
8152,2654,2020-08-01,500,CMP0069,Standing Order,0,0
6097,1991,2022-01-27,30.0,CMP0161,Standing Order,1,0
2788,953,2024-06-12,250,CMP0098,Online,1,0
8624,2816,2020-08-11,25,CMP0088,Card,0,0
10051,3289,2026-01-04,20,CMP0041,Online,0,0
6276,2065,2021-08-15,250,CMP0053,Standing Order,1,0
10164,3323,2024-07-30,20,CMP0002,Standing Order,1,0
10307,3368,2020-05-05,150.0,CMP0079,Direct Debit,0,0
11467,3702,2024-05-16,75.0,CMP0043,Cash,0,0
2689,911,2024-10-14,10,CMP0125,Direct Debit,1,0
7352,2399,2020-09-26,10,CMP0159,Direct Debit,0,0
6382,2106,2024-08-16,10,CMP0014,Cash,1,0
1391,458,2023-03-29,100,CMP0026,Cash,0,0
6929,2275,2025-05-01,100,CMP0060,Cash,0,0
7380,2409,2022-12-24,250,CMP0038,Direct Debit,0,0
10793,3506,2026-06-03,150.0,CMP0167,Cash,1,0
8644,2821,2023-04-07,20,CMP0118,Card,1,0
7159,2340,2023-08-07,250,CMP0120,Cash,1,0
8279,2709,2026-07-29,10,CMP0155,Cheque,0,0
8416,2747,2021-10-26,375.0,CMP0138,Standing Order,1,0
385,125,2025-07-27,10,CMP0159,Standing Order,0,0
9469,3089,2021-12-10,25,CMP0054,Direct Debit,1,0
11343,3661,2023-05-19,50,CMP0175,Standing Order,1,0
11432,3687,2024-11-16,15.0,CMP0004,Online,1,0
8664,2829,2024-02-25,15,CMP0129,Direct Debit,1,0
10067,3293,2026-01-30,20,CMP0185,Card,1,0
1748,586,2025-01-25,5,CMP0181,Cheque,0,0
3866,1297,2025-11-16,250,CMP0134,Online,1,0
3935,1317,2020-07-19,150.0,CMP0174,Standing Order,1,0
1134,380,2024-02-08,7.5,CMP0129,Standing Order,0,0
6712,2214,2018-04-06,75.0,CMP0053,Online,0,0
4358,1444,2024-04-24,20,CMP0045,Cheque,0,0
573,186,2024-02-19,20,CMP0149,Online,1,0
789,256,2022-06-13,20,CMP0099,Cash,0,0
758,249,2020-05-07,15,CMP0049,Direct Debit,1,0
2790,953,2022-09-12,50,CMP0144,Direct Debit,1,0
3167,1066,2025-11-15,30.0,CMP0190,Card,1,0
8565,2790,2022-07-04,20,CMP0157,Cash,1,0
7061,2312,2023-10-18,50,CMP0107,Standing Order,1,0
8909,2904,2025-11-08,5,CMP0175,Standing Order,0,0
9311,3039,2023-01-06,22.5,CMP0034,Cheque,1,0
6910,2268,2026-06-27,10,CMP0087,Online,1,0
6854,2251,2022-12-09,375.0,CMP0163,Cash,0,0
592,191,2024-04-10,5,CMP0085,Card,1,0
97,29,2026-02-11,22.5,CMP0080,Cash,1,0
7835,2553,2019-04-16,15.0,CMP0079,Cash,0,0
11473,3704,2026-06-25,25,CMP0073,Cheque,0,0
9200,3001,2025-08-13,20,CMP0092,Direct Debit,0,0
6498,2149,2023-07-22,5,CMP0092,Direct Debit,0,0
11205,3623,2021-05-14,20,CMP0068,Cheque,1,0
12033,3914,2024-07-02,22.5,CMP0187,Online,0,0
10589,3454,2025-08-01,10,CMP0078,Cheque,1,0
10100,3308,2024-10-31,40,CMP0175,Cash,1,0
532,170,2024-07-05,100,CMP0087,Direct Debit,0,0
1328,436,2024-12-29,5,CMP0164,Standing Order,0,1
10440,3402,2022-04-13,75.0,CMP0185,Cheque,1,0
4698,1570,2023-07-13,100,CMP0108,Online,0,0
9021,2944,2021-04-08,10,CMP0153,Cheque,1,0
1802,603,2024-08-16,25,CMP0133,Standing Order,1,0
8245,2690,2024-10-08,20,CMP0119,Standing Order,1,0
9012,2943,2026-06-19,250,CMP0067,Cash,0,0
7377,2406,2025-08-22,150.0,CMP0057,Card,1,0
6839,2249,2023-03-24,50,CMP0044,Direct Debit,0,0
10822,3517,2019-08-26,50,CMP0008,Standing Order,1,0
10901,3542,2026-01-01,150.0,CMP0021,Cheque,1,0
2860,977,2024-08-28,100,CMP0079,Card,0,0
535,171,2026-05-23,37.5,CMP0099,Online,1,0
5882,1926,2025-05-01,75.0,CMP0029,Cash,0,0
4995,1656,2023-01-29,250,CMP0138,Online,1,0
5930,1940,2023-09-06,5,CMP0051,Cash,1,0
9765,3187,2019-09-05,25,CMP0117,Standing Order,1,0
8990,2936,2025-01-17,20,CMP0124,Standing Order,1,0
10769,3499,2024-10-08,5,CMP0102,Online,0,0
1317,431,2023-11-18,20,CMP0095,Direct Debit,0,0
3476,1162,2020-02-09,250,CMP0012,Card,1,0
9366,3057,2025-12-09,100,CMP0168,Direct Debit,1,0
8025,2616,2019-05-31,200,CMP0049,Cash,0,0
9680,3165,2024-03-13,50,CMP0149,Online,1,0
1040,344,2026-07-02,150.0,CMP0027,Online,1,0
427,139,2024-03-11,375.0,CMP0073,Online,0,0
7640,2494,2020-02-12,5,CMP0096,Cheque,1,0
2066,688,2025-02-16,10,CMP0045,Direct Debit,0,0
8179,2667,2023-12-25,20,CMP0129,Direct Debit,0,0
11658,3758,2026-05-31,5,CMP0094,Cheque,1,0
10194,3331,2025-06-13,40,CMP0162,Direct Debit,1,0
11879,3855,2025-06-12,25,CMP0152,Cash,0,0
5920,1938,2026-01-06,22.5,CMP0034,Cheque,1,0
9538,3115,2024-08-29,100,CMP0099,Cash,1,0
9428,3073,2024-01-02,10,CMP0157,Cheque,1,0
5138,1702,2019-04-30,25,CMP0022,Cash,1,0
5711,1872,2022-07-17,250,CMP0030,Card,0,0
5312,1757,2025-07-05,100,CMP0048,Cheque,1,0
11162,3611,2021-09-09,15,CMP0169,Card,1,0
1911,640,2025-10-02,10,CMP0071,Standing Order,0,0
11766,3808,2025-10-05,30.0,CMP0037,Cheque,0,0
6259,2055,2021-11-24,5,CMP0038,Online,1,1
2993,1016,2022-07-27,30.0,CMP0093,Cheque,1,0
807,265,2026-07-30,7.5,CMP0022,Cheque,1,0
11155,3610,2024-06-17,37.5,CMP0165,Card,0,0
4415,1464,2019-10-19,100,CMP0016,Standing Order,1,0
8138,2652,2022-01-26,25,CMP0180,Standing Order,0,0
4268,1415,2022-11-08,5,CMP0184,Cash,0,0
10490,3416,2025-09-24,100,CMP0085,Cash,0,0
1679,566,2025-10-16,15,CMP0183,Direct Debit,1,0
9599,3134,2024-11-04,100,CMP0157,Cash,0,0
11671,3764,2024-07-17,5,CMP0147,Standing Order,1,0
115,34,2022-07-24,150.0,CMP0170,Cash,0,0
6249,2051,2026-01-08,30.0,CMP0157,Cash,1,0
11674,3765,2019-12-29,15.0,CMP0124,Standing Order,0,0
12249,3986,2025-12-20,7.5,CMP0191,Cash,0,0
3793,1271,2020-02-23,15.0,CMP0146,Online,0,0
6343,2091,2026-02-03,5,CMP0015,Online,1,0
2701,918,2022-05-24,50,CMP0106,Direct Debit,1,0
7714,2520,2025-07-20,100,CMP0163,Direct Debit,1,0
8255,2699,2025-11-10,20,CMP0102,Standing Order,0,0
5651,1855,2025-08-12,15,CMP0146,Card,1,0
1713,578,2026-06-06,10,CMP0095,Standing Order,0,0
9630,3143,2024-06-13,7.5,CMP0008,Card,1,0
600,193,2025-09-08,20,CMP0105,Card,0,0
7736,2528,2026-02-10,10,CMP0122,Standing Order,1,0
8584,2795,2024-06-18,25,CMP0053,Cheque,1,0
9764,3187,2021-06-14,100,CMP0070,Standing Order,0,0
6667,2203,2025-03-09,15.0,CMP0180,Cash,1,0
10427,3395,2020-02-19,100,CMP0077,Online,1,0
11082,3587,2020-12-14,10,CMP0153,Direct Debit,1,0
1910,640,2026-07-25,30.0,CMP0057,Standing Order,0,0
11902,3863,2024-05-03,100,CMP0125,Card,1,0
5509,1815,2020-01-13,50,CMP0086,Card,0,0
10529,3434,2021-04-23,250,CMP0128,Standing Order,0,0
1724,582,2022-11-13,15.0,CMP0030,Direct Debit,0,0
4203,1394,2020-03-12,5,CMP0158,Card,0,0
6253,2053,2026-06-29,30.0,CMP0181,Online,0,0
6275,2065,2021-12-13,10,CMP0120,Cheque,0,0
7337,2391,2026-02-27,20,CMP0102,Standing Order,1,0
7844,2560,2023-07-02,200,CMP0040,Standing Order,0,0
8281,2709,2026-03-08,50,CMP0128,Direct Debit,1,0
6701,2212,2025-12-09,37.5,CMP0133,Cash,0,0
8895,2900,2019-02-19,25,CMP0025,Cash,0,0
1995,668,2020-12-11,7.5,CMP0076,Cheque,0,0
11833,3839,2024-09-06,50,CMP0030,Direct Debit,0,0
1367,447,2024-09-05,15,CMP0097,Cheque,0,0
10156,3322,2022-10-07,375.0,CMP0054,Cash,1,1
1351,443,2023-04-28,500,CMP0039,Standing Order,1,0
3833,1286,2017-10-05,50,CMP0106,Cheque,1,0
8213,2684,2026-04-10,500,CMP0099,Direct Debit,1,0
9149,2984,2024-03-19,20,CMP0166,Cheque,1,0
7256,2372,2024-03-07,20,CMP0188,Cheque,1,0
5689,1866,2023-05-22,20,CMP0114,Online,1,0
972,328,2024-08-05,10,CMP0119,Card,0,0
9645,3145,2025-11-28,10,CMP0157,Cheque,1,0
8569,2790,2023-07-12,20,CMP0070,Cash,1,0
7371,2404,2026-08-03,250,CMP0053,Standing Order,1,0
2475,836,2026-02-09,50,CMP0167,Online,1,0
6716,2215,2021-01-31,5,CMP0158,Standing Order,1,0
4502,1501,2021-08-01,7.5,CMP0059,Direct Debit,1,0
5369,1773,2026-03-29,375.0,CMP0048,Cash,1,0
16,3,2026-04-13,25,CMP0076,Direct Debit,1,0
5707,1872,2026-04-12,100,CMP0117,Direct Debit,1,0
1118,375,2021-12-17,22.5,CMP0096,Cheque,1,0
892,296,2025-11-30,100,CMP0101,Online,1,0
5898,1932,2022-07-17,15.0,CMP0139,Direct Debit,1,0
5054,1676,2024-06-16,15,CMP0011,Card,1,0
11716,3785,2020-03-28,50,CMP0036,Online,0,0
5526,1820,2022-03-09,200,CMP0096,Direct Debit,1,0
1439,478,2023-01-25,75.0,CMP0155,Cash,1,0
7446,2430,2022-07-09,22.5,CMP0096,Cheque,0,0
1104,364,2023-10-11,100,CMP0105,Direct Debit,0,0
6719,2216,2026-06-12,100,CMP0057,Standing Order,1,0
8908,2904,2024-03-08,250,CMP0020,Cheque,1,0
3739,1251,2019-05-03,40,CMP0156,Online,1,0
3054,1034,2025-01-13,37.5,CMP0165,Direct Debit,0,0
7248,2369,2024-07-15,50,CMP0161,Direct Debit,1,0
8949,2926,2024-12-27,7.5,CMP0184,Cheque,0,0
10367,3380,2021-10-12,250,CMP0022,Standing Order,0,0
6208,2042,2024-07-24,500,CMP0111,Cash,1,0
5147,1705,2023-10-11,100,CMP0067,Cheque,0,0
543,173,2024-02-23,25,CMP0131,Online,0,0
11513,3718,2024-12-15,75.0,CMP0059,Standing Order,0,0
3390,1132,2018-12-22,15,CMP0071,Card,0,0
3312,1110,2025-09-05,15,CMP0014,Cash,1,0
10762,3498,2024-01-24,50,CMP0065,Standing Order,1,0
2803,957,2022-03-28,200,CMP0190,Online,1,1
10518,3433,2024-08-26,375.0,CMP0133,Cheque,1,0
11311,3655,2025-01-30,20,CMP0082,Online,0,0
7880,2571,2023-06-17,10,CMP0052,Direct Debit,0,0
6332,2089,2018-09-23,15.0,CMP0162,Direct Debit,0,1
5656,1858,2023-03-05,50,CMP0131,Direct Debit,1,0
10567,3446,2025-11-26,150.0,CMP0122,Cash,0,0
11619,3740,2024-07-12,50,CMP0038,Cash,0,0
6330,2089,2023-06-09,25,CMP0098,Direct Debit,1,0
11168,3613,2024-04-29,15,CMP0171,Cheque,1,0
2143,716,2018-11-26,375.0,CMP0170,Cheque,0,0
9556,3120,2023-08-25,15,CMP0044,Cheque,0,0
290,86,2022-01-31,20,CMP0078,Online,1,0
11742,3795,2018-09-20,20,CMP0128,Cash,1,0
6774,2227,2021-12-01,25,CMP0090,Card,1,0
8050,2626,2025-01-04,250,CMP0152,Standing Order,0,0
10599,3457,2025-03-10,100,CMP0058,Card,1,0
9637,3144,2022-01-20,40,CMP0051,Card,1,0
805,265,2024-11-11,25,CMP0098,Standing Order,0,0
5965,1954,2022-08-27,100,CMP0098,Standing Order,1,0
3934,1316,2024-06-24,20,CMP0162,Cheque,0,0
933,314,2021-08-16,10,CMP0133,Standing Order,1,0
5599,1837,2019-04-16,25,CMP0006,Cheque,1,0
11982,3894,2026-04-06,22.5,CMP0064,Cheque,1,0
11305,3653,2024-08-15,75.0,CMP0129,Card,1,0
192,52,2022-05-29,50,CMP0014,Direct Debit,0,0
12275,3996,2026-02-21,25,CMP0077,Card,1,0
5007,1659,2023-05-13,375.0,CMP0003,Card,1,0
10775,3500,2025-12-22,15,CMP0168,Direct Debit,1,0
6235,2050,2021-05-06,15,CMP0075,Standing Order,1,0
10835,3522,2021-02-26,150.0,CMP0128,Direct Debit,0,0
3457,1156,2018-03-25,10,CMP0049,Card,0,0
8392,2740,2024-07-13,100,CMP0114,Direct Debit,0,0
6661,2198,2022-05-08,500,CMP0050,Cheque,0,0
5528,1820,2022-02-04,25,CMP0062,Cheque,1,0
5951,1947,2025-01-07,15.0,CMP0136,Standing Order,0,0
6315,2081,2026-07-21,5,CMP0122,Cash,1,0
8924,2912,2020-03-23,5,CMP0081,Cash,1,0
304,93,2025-09-04,22.5,CMP0128,Direct Debit,1,0
10858,3528,2025-03-03,37.5,CMP0158,Online,1,0
8885,2898,2019-06-15,20,CMP0183,Direct Debit,1,0
12246,3985,2025-12-28,250,CMP0023,Standing Order,0,0
590,190,2026-06-02,10,CMP0136,Cheque,0,0
5406,1787,2026-05-19,250,CMP0130,Cheque,1,0
2192,734,2024-04-24,10,CMP0052,Cash,0,0
3389,1132,2020-07-29,5,CMP0178,Online,1,0
9289,3034,2024-10-02,200,CMP0054,Cheque,0,1
11393,3673,2021-07-29,75.0,CMP0059,Cash,1,0
9672,3160,2025-12-10,10,CMP0146,Direct Debit,1,0
4073,1355,2024-12-05,5,CMP0017,Card,1,0
8457,2756,2024-02-26,25,CMP0162,Cheque,1,0
8898,90159,2019-06-18,30.0,CMP0147,Cheque,1,0
985,330,2026-07-11,250,CMP0155,Standing Order,0,0
3782,1267,2023-02-08,250,CMP0158,Direct Debit,1,0
11101,3591,2022-09-27,10,CMP0142,Standing Order,0,0
11903,3865,2025-12-04,375.0,CMP0074,Cheque,1,0
1562,525,2025-02-22,50,CMP0014,Direct Debit,1,0
8023,2615,2021-06-20,15,CMP0001,Online,1,0
6466,2136,2025-07-05,50,CMP0160,Online,1,0
8905,2903,2026-11-30,15,CMP0085,Direct Debit,1,0
7777,2542,2023-02-20,25,CMP0054,Cheque,1,0
7006,2294,2024-10-29,20,CMP0058,Standing Order,0,0
1208,397,2024-06-03,25,CMP0038,Standing Order,0,0
5803,1904,2023-05-28,100,CMP0192,Cash,0,0
8259,2700,2024-06-18,7.5,CMP0076,Card,0,0
11232,3630,2023-12-14,15,CMP0143,Online,0,0
4129,1368,2024-02-25,75.0,CMP0158,Card,0,0
6708,2213,2025-05-01,10,CMP0134,Card,1,0
11595,3734,2026-04-13,150.0,CMP0093,Standing Order,1,0
746,248,2023-12-26,15.0,CMP0035,Cheque,1,0
5571,1833,2024-05-28,10,CMP0166,Card,1,0
1929,646,2024-02-25,15,CMP0098,Cash,1,0
5500,1810,2026-06-21,25,CMP0074,Cheque,0,0
103,30,2026-07-20,10,CMP0154,Cheque,0,0
3795,1271,2020-08-15,20,CMP0079,Cash,1,0
1035,343,2026-05-30,5,CMP0079,Cheque,1,0
7562,2471,2023-11-13,150.0,CMP0111,Cash,1,0
8877,2898,2024-01-08,200,CMP0122,Standing Order,1,0
11224,3628,2026-08-02,10,CMP0191,Cash,0,0
12050,3920,2021-04-22,37.5,CMP0060,Direct Debit,1,0
3978,1332,2025-09-13,50,CMP0155,Direct Debit,1,0
7983,2596,2021-03-03,250,CMP0077,Cash,1,0
4908,1632,2026-01-28,25,CMP0098,Online,1,0
11003,3568,2024-03-22,100,CMP0115,Direct Debit,0,0
4712,1574,2026-01-14,250,CMP0130,Online,1,0
12180,3962,2025-04-26,200,CMP0150,Direct Debit,1,0
6715,2215,2023-09-04,100,CMP0046,Standing Order,0,0
11351,3661,2026-08-05,100,CMP0088,Direct Debit,0,0
10880,3537,2026-02-06,15,CMP0163,Cheque,0,0
12193,3966,2024-09-11,7.5,CMP0098,Direct Debit,0,0
11666,3760,2025-11-20,250,CMP0118,Cash,0,0
12126,3947,2026-06-30,22.5,CMP0172,Cash,0,0
7510,2454,2025-07-21,40,CMP0047,Card,1,0
4984,1651,2019-02-04,100,CMP0139,Direct Debit,0,0
851,280,2024-02-07,25,CMP0116,Cash,1,0
11944,3879,2026-03-13,200,CMP0022,Cheque,1,0
8894,2900,2020-02-04,375.0,CMP0018,Standing Order,1,0
3732,1250,2022-01-22,250,CMP0007,Online,1,0
7440,2428,2023-01-25,40,CMP0015,Card,1,0
2304,777,2023-03-08,100,CMP0175,Standing Order,1,0
4283,1419,2018-09-12,20,CMP0033,Cash,0,0
10752,3496,2021-11-16,75.0,CMP0067,Cheque,1,0
3966,1331,2022-09-18,20,CMP0087,Standing Order,1,0
11977,3892,2025-01-04,15.0,CMP0012,Direct Debit,0,0
8733,2855,2026-02-22,375.0,CMP0150,Card,0,0
2200,735,2023-03-06,5,CMP0102,Online,1,0
7974,2596,2020-11-25,20,CMP0108,Card,1,0
3458,1156,2023-06-01,15.0,CMP0139,Cash,1,0
148,45,2023-03-17,50,CMP0120,Direct Debit,1,0
908,303,2023-11-10,375.0,CMP0090,Card,0,0
2691,912,2019-01-23,100,CMP0098,Cash,0,0
9297,3037,2024-07-19,5,CMP0155,Standing Order,1,0
7505,2450,2018-11-12,20,CMP0121,Direct Debit,0,0
5345,1763,2025-04-02,22.5,CMP0099,Standing Order,0,0
817,271,2026-08-06,100,CMP0029,Direct Debit,1,0
10900,3542,2026-06-20,375.0,CMP0076,Cheque,0,0
11745,3797,2020-12-13,200,CMP0077,Card,0,0
1992,667,2024-10-17,30,CMP0124,Cheque,1,0
652,205,2023-01-07,20,CMP0058,Cheque,0,0
3308,1109,2026-08-09,22.5,CMP0107,Card,0,0
370,117,2023-02-16,5,CMP0026,Standing Order,1,0
2922,999,2019-12-12,15.0,CMP0039,Direct Debit,0,0
3853,1289,2024-05-20,250,CMP0050,Online,1,0
12287,4000,2026-06-05,10,CMP0107,Online,0,0
6154,2016,2024-01-13,150.0,CMP0065,Standing Order,1,0
5403,1787,2024-12-12,500,CMP0122,Direct Debit,1,0
4107,1362,2023-12-26,15,CMP0122,Cheque,1,0
6220,2048,2024-08-15,10,CMP0018,Card,1,0
7524,2458,2025-12-08,20,CMP0136,Cheque,1,0
3907,1308,2023-04-10,250,CMP0159,Cash,1,0
461,147,2025-06-22,20,CMP0121,Cash,0,0
6479,2138,2018-11-14,250,CMP0114,Cheque,0,0
9714,3174,2024-07-17,15.0,CMP0074,Cash,0,0
1496,500,2024-04-20,150.0,CMP0021,Online,1,0
218,61,2024-07-24,15.0,CMP0081,Cheque,1,0
7667,2501,2025-11-11,100,CMP0125,Standing Order,0,0
5419,1789,2025-07-13,20,CMP0030,Online,0,0
11644,3748,2026-02-25,75.0,CMP0142,Card,0,0
1835,619,2026-01-13,25,CMP0190,Direct Debit,0,0
6938,2276,2024-07-26,22.5,CMP0057,Cash,1,0
12131,3950,2025-12-10,100,CMP0047,Online,0,0
7491,2447,2021-11-21,30,CMP0055,Cheque,1,0
9134,2980,2023-07-11,150.0,CMP0013,Cash,1,0
6884,2258,2025-06-06,22.5,CMP0125,Standing Order,0,0
1902,637,2023-03-25,50,CMP0030,Online,1,0
296,88,2022-06-24,250,CMP0074,Cheque,1,0
3562,1193,2025-10-27,15,CMP0109,Cheque,0,0
10556,3441,2023-08-17,500,CMP0111,Cheque,1,0
9674,3161,2024-09-27,7.5,CMP0127,Cheque,0,0
8672,2830,2024-02-03,20,CMP0161,Online,1,0
4006,1338,2026-06-13,100,CMP0017,Card,1,0
7863,2566,2024-08-25,100,CMP0140,Direct Debit,1,0
6055,1979,2022-09-08,20,CMP0028,Cheque,0,0
7982,2596,2024-01-16,30.0,CMP0008,Cheque,1,0
5144,1703,2025-11-17,20,CMP0148,Cheque,1,0
1519,510,2024-08-23,40,CMP0165,Standing Order,1,0
10514,3433,2023-12-08,5,CMP0092,Card,0,0
5056,1676,2026-02-08,5,CMP0136,Direct Debit,1,0
4145,1374,2022-09-17,15.0,CMP0135,Standing Order,0,0
12117,3945,2022-05-10,75.0,CMP0104,Cheque,1,0
10831,3519,2024-05-28,30,CMP0186,Online,0,0
6726,2217,2023-04-07,100,CMP0036,Cash,0,0
5814,1905,2026-06-06,150.0,CMP0167,Card,1,0
681,212,2025-06-06,500,CMP0129,Cash,0,0
3915,1309,2022-01-02,50,CMP0149,Standing Order,0,0
1888,630,2026-01-24,100,CMP0052,Online,1,1
3819,1283,2026-02-15,15,CMP0086,Cash,1,0
3150,1062,2023-07-30,20,CMP0059,Direct Debit,1,0
7042,2306,2026-01-30,15,CMP0160,Standing Order,0,0
5080,1683,2021-09-09,30,CMP0056,Cash,1,0
4556,1515,2024-01-11,25,CMP0128,Online,1,0
10200,3334,2020-04-24,15.0,CMP0099,Cheque,0,1
8178,2667,2019-09-06,100,CMP0022,Online,1,0
2318,789,2025-03-13,30,CMP0089,Online,1,0
10524,3433,2021-12-06,15.0,CMP0030,Direct Debit,1,0
10791,3506,2019-11-25,15,CMP0051,Cheque,1,0
149,45,2023-08-23,5,CMP0186,Cheque,1,0
11324,3658,2025-09-12,100,CMP0018,Standing Order,0,0
11472,3702,2023-07-02,100,CMP0048,Cheque,0,0
2410,818,2025-02-01,20,CMP0175,Standing Order,0,0
7161,2340,2024-04-22,100,CMP0162,Standing Order,0,0
445,144,2026-03-12,10,CMP0125,Cash,1,0
3264,1097,2020-10-28,30.0,CMP0137,Cheque,0,0
8506,2773,2025-10-29,75.0,CMP0143,Cheque,1,0
1630,550,2021-12-15,10,CMP0179,Cheque,0,0
3395,1136,2025-02-02,50,CMP0022,Online,1,0
752,248,2024-05-19,30.0,CMP0180,Standing Order,0,0
1321,433,2025-12-10,250,CMP0173,Standing Order,0,0
9271,3029,2019-11-21,10,CMP0144,Direct Debit,1,0
10878,3535,2025-01-21,250,CMP0170,Standing Order,0,0
6932,2275,2023-11-22,20,CMP0098,Online,1,0
8220,2685,2025-12-17,25,CMP0153,Direct Debit,1,0
2245,753,2024-08-25,250,CMP0183,Online,0,0
266,80,2022-09-02,15,CMP0129,Card,1,0
7367,2401,2026-05-26,25,CMP0104,Standing Order,0,0
6734,2217,2025-10-13,50,CMP0099,Standing Order,0,0
3678,1230,2023-02-11,20,CMP0104,Cheque,0,0
10166,3326,2018-12-09,50,CMP0135,Cheque,1,0
11076,3587,2020-11-09,100,CMP0045,Cash,0,0
10160,3322,2019-11-16,250,CMP0015,Standing Order,0,0
4913,1633,2024-12-16,200,CMP0128,Cheque,0,0
5552,1826,2022-10-26,375.0,CMP0005,Online,1,0
11364,3668,2021-11-28,375.0,CMP0024,Online,0,0
8936,2922,2026-03-12,50,CMP0161,Cash,1,0
9644,3145,2023-08-12,250,CMP0064,Standing Order,1,0
10721,3491,2023-08-02,20,CMP0103,Card,0,0
11151,3610,2023-09-23,22.5,CMP0166,Direct Debit,1,0
9799,3197,2025-02-17,500,CMP0187,Cheque,0,0
779,255,2023-12-06,20,CMP0161,Direct Debit,1,0
3881,1300,2025-05-30,5,CMP0007,Direct Debit,0,0
7378,2407,2025-04-16,10,CMP0188,Direct Debit,0,0
8016,2614,2026-05-05,15.0,CMP0167,Direct Debit,1,0
6077,1988,2025-12-21,10,CMP0064,Card,1,0
2851,972,2019-09-05,15,CMP0040,Standing Order,0,0
3957,1329,2025-05-05,375.0,CMP0142,Card,0,1
911,305,2026-06-19,500,CMP0076,Online,1,0
5132,1700,2017-09-11,30.0,CMP0148,Cash,1,0
9835,3207,2025-04-13,10,CMP0088,Online,1,0
6427,2120,2022-04-12,25,CMP0175,Card,0,0
8053,2627,2020-07-23,100,CMP0085,Card,1,0
616,197,2026-03-21,22.5,CMP0163,Cheque,1,0
4739,1580,2024-10-29,7.5,CMP0121,Direct Debit,0,0
3563,1194,2019-03-23,22.5,CMP0067,Cheque,1,0
6526,2158,2023-05-22,250,CMP0146,Direct Debit,1,0
1508,508,2020-04-01,22.5,CMP0174,Cheque,0,0
4519,1503,2021-10-05,10,CMP0003,Standing Order,1,0
3822,1284,2025-10-13,25,CMP0032,Online,1,0
1303,428,2024-09-08,22.5,CMP0191,Cheque,1,0
9821,3204,2024-06-02,30,CMP0078,Cheque,0,0
2062,687,2024-10-17,5,CMP0164,Cheque,1,0
7044,2306,2023-01-28,250,CMP0069,Online,0,0
5142,1703,2025-09-25,5,CMP0131,Card,0,0
943,317,2026-07-13,5,CMP0189,Direct Debit,0,0
11106,3592,2022-10-18,100,CMP0153,Direct Debit,1,0
7865,2567,2021-11-25,500,CMP0143,Card,1,0
4764,1588,2024-09-19,500,CMP0144,Card,0,0
3830,1285,2022-06-26,22.5,CMP0039,Standing Order,1,0
5386,1780,2026-07-13,375.0,CMP0010,Direct Debit,0,0
9516,3107,2023-06-16,15,CMP0004,Standing Order,1,0
1878,628,2022-08-18,5,CMP0008,Cheque,1,0
8701,2844,2026-01-15,10,CMP0046,Standing Order,1,0
1307,430,2023-12-06,100,CMP0122,Direct Debit,0,0
5564,1833,2024-06-03,10,CMP0164,Cash,0,1
2125,708,2024-05-20,15.0,CMP0106,Standing Order,1,0
5542,1822,2025-02-04,40,CMP0055,Direct Debit,0,0
6404,2115,2023-12-25,100,CMP0025,Direct Debit,0,0
2510,851,2022-09-21,200,CMP0092,Online,0,0
3096,1047,2024-10-14,10,CMP0188,Card,1,0
4412,1464,2025-08-05,20,CMP0005,Standing Order,1,1
10563,3445,2024-10-04,25,CMP0167,Direct Debit,0,0
7457,2439,2025-09-25,250,CMP0190,Cash,1,0
1230,404,2022-01-08,37.5,CMP0038,Cash,0,0
3998,1337,2024-09-23,20,CMP0138,Cheque,0,0
12313,4013,2026-01-29,100,CMP0148,Card,0,0
8496,2771,2025-03-29,10,CMP0054,Card,0,0
4064,1351,2025-04-22,50,CMP0028,Card,0,0
1914,641,2024-03-26,100,CMP0118,Direct Debit,1,0
9993,3268,2019-06-14,37.5,CMP0036,Direct Debit,1,0
827,273,2022-06-20,500,CMP0031,Cash,0,0
12188,3963,2023-04-19,37.5,CMP0103,Online,1,0
11133,3601,2026-07-17,50,CMP0037,Online,1,0
11957,3885,2021-03-03,25,CMP0057,Cash,1,0
5286,1752,2026-03-24,50,CMP0039,Online,1,0
11724,3788,2024-07-09,250,CMP0041,Card,0,0
144,44,2021-10-06,100,CMP0183,Direct Debit,0,0
2642,890,2023-09-30,15,CMP0177,Cash,1,0
2633,887,2025-05-19,250,CMP0039,Card,0,0
7162,2341,2024-03-06,25,CMP0072,Cheque,0,0
3489,1164,2018-10-29,25,CMP0010,Cheque,1,0
511,159,2023-05-19,200,CMP0146,Direct Debit,0,0
2673,903,2023-11-30,50,CMP0033,Cheque,1,0
5236,1733,2025-04-11,20,CMP0191,Online,0,0
3578,1203,2021-04-16,200,CMP0055,Direct Debit,1,0
1614,543,2022-09-26,375.0,CMP0129,Card,0,0
8119,2645,2025-10-03,30.0,CMP0179,Online,0,0
9588,3128,2020-06-04,22.5,CMP0113,Cash,1,0
11715,3785,2026-03-20,100,CMP0111,Card,0,0
9279,3032,2025-07-17,5,CMP0174,Cheque,1,0
6782,2229,2022-03-11,15.0,CMP0079,Standing Order,1,0
5981,1958,2021-05-04,100,CMP0139,Cheque,1,0
11825,3834,2026-06-24,500,CMP0024,Standing Order,0,0
12064,3928,2019-08-07,30.0,CMP0056,Cash,1,0
2089,694,2026-03-30,25,CMP0061,Online,0,0
1025,341,2024-12-24,100,CMP0024,Card,1,0
9298,3037,2021-02-03,250,CMP0163,Online,0,0
2676,903,2022-09-06,20,CMP0002,Online,0,0
11824,3834,2025-05-14,100,CMP0125,Card,1,0
11341,3661,2022-12-23,40,CMP0061,Standing Order,0,0
809,268,2025-06-23,20,CMP0133,Cash,0,0
10520,3433,2019-03-15,25,CMP0100,Cash,1,0
10564,3445,2025-06-26,15,CMP0137,Card,1,0
12012,3905,2025-11-17,22.5,CMP0119,Online,1,0
7948,2589,2024-07-30,25,CMP0125,Card,0,0
4013,1339,2021-02-24,500,CMP0081,Direct Debit,1,0
2069,691,2023-03-18,50,CMP0061,Standing Order,1,0
9154,2989,2019-05-28,15,CMP0064,Cheque,0,0
10425,3395,2023-01-14,37.5,CMP0192,Card,1,0
4676,1564,2026-06-26,150.0,CMP0009,Cash,0,0
3377,1129,2022-11-29,100,CMP0111,Standing Order,1,0
351,113,2025-09-14,50,CMP0038,Cash,1,0
7134,2332,2026-06-08,30.0,CMP0141,Cheque,0,0
731,236,2021-12-19,375.0,CMP0122,Standing Order,1,0
9980,3264,2025-06-17,25,CMP0086,Card,1,0
2165,727,2023-11-21,22.5,CMP0073,Card,0,0
6837,2249,2022-10-07,10,CMP0098,Direct Debit,0,0
11837,3843,2025-09-05,20,CMP0149,Cash,0,0
3422,1144,2025-05-10,500,CMP0013,Online,1,0
2782,950,2026-07-25,20,CMP0050,Direct Debit,1,0
7500,2450,2022-08-28,5,CMP0100,Card,0,0
11237,3631,2025-10-14,30.0,CMP0063,Cheque,0,0
3994,1337,2026-03-03,25,CMP0069,Cheque,1,0
5156,1705,2022-05-28,200,CMP0125,Standing Order,0,0
6889,2258,2021-05-07,5,CMP0143,Cheque,1,0
4713,1577,2023-01-10,20,CMP0005,Direct Debit,1,0
9826,3206,2022-10-13,375.0,CMP0033,Direct Debit,1,0
8397,2743,2021-03-22,5,CMP0117,Standing Order,0,0
5477,1803,2021-09-09,5,CMP0099,Direct Debit,0,0
10621,3463,2024-11-12,7.5,CMP0055,Online,0,0
7623,2491,2025-01-22,5,CMP0044,Cash,1,0
6801,2236,2025-05-25,150.0,CMP0061,Direct Debit,1,0
3012,1020,2023-07-20,10,CMP0118,Cheque,1,0
3156,1064,2023-01-22,20,CMP0134,Online,1,0
2156,719,2022-01-07,10,CMP0155,Online,1,0
6262,2055,2020-11-08,22.5,CMP0063,Online,0,0
4638,1550,2023-11-21,100,CMP0049,Cheque,1,0
10030,3284,2025-05-26,100,CMP0021,Direct Debit,1,0
497,155,2024-01-31,50,CMP0192,Card,1,0
11210,3624,2023-08-25,250,CMP0169,Cheque,1,0
6976,2284,2023-08-03,25,CMP0030,Standing Order,0,0
3480,1164,2018-07-19,15,CMP0042,Cash,1,0
1266,415,2025-06-24,22.5,CMP0005,Cash,1,0
4815,1603,2026-03-18,75.0,CMP0078,Standing Order,0,0
738,241,2023-03-02,10,CMP0155,Standing Order,0,0
6040,1975,2026-04-29,5,CMP0005,Cash,1,0
8837,2890,2019-10-08,25,CMP0009,Cheque,0,0
8914,2910,2022-12-11,37.5,CMP0184,Standing Order,0,0
5615,1841,2019-08-10,50,CMP0035,Cash,1,0
9233,3014,2026-07-28,15,CMP0035,Card,0,0
10430,3397,2026-01-10,5,CMP0028,Direct Debit,0,1
6504,2151,2024-02-27,375.0,CMP0020,Online,0,0
11234,3630,2022-07-24,75.0,CMP0038,Online,1,0
9918,3239,2024-02-28,100,CMP0048,Cheque,0,0
6243,2051,2021-04-19,25,CMP0132,Online,1,0
3567,1195,2025-09-05,250,CMP0170,Card,0,0
3716,1248,2025-02-21,25,CMP0075,Online,1,0
1366,446,2025-07-26,10,CMP0120,Cash,0,0
3239,1088,2025-08-18,30,CMP0014,Direct Debit,1,0
6843,2250,2022-05-16,15,CMP0055,Cash,0,0
11509,3715,2025-12-04,40,CMP0160,Direct Debit,0,0
4785,1596,2023-02-15,25,CMP0017,Card,1,0
12281,3999,2026-01-30,40,CMP0075,Cash,1,0
9934,3250,2023-03-15,22.5,CMP0066,Direct Debit,1,0
6430,2122,2026-08-01,20,CMP0155,Online,0,0
9694,3167,2024-12-06,250,CMP0124,Direct Debit,1,0
4545,1511,2025-03-22,100,CMP0048,Direct Debit,1,0
1786,598,2019-11-11,375.0,CMP0189,Card,1,0
9529,3110,2025-07-13,50,CMP0142,Card,0,0
1945,650,2019-10-26,5,CMP0027,Cash,0,0
6590,2179,2025-01-28,5,CMP0132,Cash,0,0
6611,2182,2021-04-16,250,CMP0177,Card,0,0
9720,3177,2024-12-10,200,CMP0145,Online,1,0
8820,2885,2020-05-18,75.0,CMP0009,Cash,0,0
7323,2388,2024-11-13,75.0,CMP0167,Cash,1,0
12142,3952,2021-06-23,15,CMP0184,Standing Order,0,0
2661,896,2024-06-10,250,CMP0127,Direct Debit,0,0
11390,3673,2022-07-14,200,CMP0085,Cash,0,0
8864,2895,2025-10-10,20,CMP0066,Standing Order,1,0
10569,3447,2024-11-15,22.5,CMP0145,Card,1,0
9439,3078,2026-06-17,50,CMP0048,Cash,0,0
4906,1632,2024-05-28,375.0,CMP0038,Cheque,1,0
1837,620,2024-04-19,200,CMP0028,Cash,1,0
7397,2414,2025-05-08,15,CMP0063,Online,1,0
8960,2929,2025-06-24,5,CMP0023,Cash,0,0
6677,2207,2024-08-23,100,CMP0151,Cash,1,0
10104,3309,2022-05-23,20,CMP0187,Direct Debit,1,0
10610,3460,2025-09-15,250,CMP0158,Card,0,0
8287,2710,2026-01-01,37.5,CMP0057,Online,0,0
5973,1957,2021-07-12,5,CMP0144,Card,0,0
7619,2491,2018-10-29,375.0,CMP0148,Direct Debit,1,0
5607,1838,2021-09-07,5,CMP0035,Cash,0,0
9037,2948,2026-01-08,7.5,CMP0068,Cash,0,0
5226,1731,2026-08-10,100,CMP0134,Cash,1,0
10848,3525,2024-01-18,10,CMP0134,Direct Debit,0,0
1989,666,2018-04-12,75.0,CMP0178,Cheque,1,0
5579,1835,2023-12-15,30,CMP0018,Cash,1,0
3706,1247,2026-06-11,50,CMP0168,Cash,0,0
12163,3959,2023-02-16,10,CMP0075,Online,0,0
10277,3363,2018-12-06,20,CMP0153,Online,0,0
7078,2315,2025-10-08,30,CMP0041,Card,0,0
7152,2339,2021-07-03,30.0,CMP0137,Cheque,1,0
11166,3611,2022-03-26,25,CMP0079,Direct Debit,1,0
9731,3178,2024-07-02,22.5,CMP0184,Cheque,0,0
7877,2571,2025-09-07,200,CMP0120,Cheque,0,0
2539,858,2023-10-17,200,CMP0152,Card,0,0
10755,3496,2021-10-22,40,CMP0095,Card,1,0
12060,3928,2022-10-06,75.0,CMP0177,Cash,0,0
10745,3496,2026-05-15,50,CMP0101,Card,1,0
3396,1136,2026-02-17,7.5,CMP0192,Card,0,0
9955,3257,2024-07-05,15,CMP0090,Direct Debit,0,0
10294,3365,2023-09-21,100,CMP0192,Card,0,0
1284,422,2022-11-30,50,CMP0153,Direct Debit,1,0
4225,1400,2025-05-15,250,CMP0183,Cash,0,0
958,319,2024-11-02,15,CMP0142,Card,1,0
1256,412,2026-07-22,20,CMP0130,Online,0,0
9923,3243,2026-01-23,20,CMP0038,Standing Order,0,0
1657,557,2024-06-11,20,CMP0187,Direct Debit,1,0
9572,3126,2023-05-18,20,CMP0184,Cheque,0,0
10155,3322,2026-08-11,5,CMP0088,Online,1,0
11226,3628,2025-09-02,30,CMP0161,Standing Order,1,0
7102,2320,2025-12-05,50,CMP0172,Card,0,0
11377,3670,2023-07-27,25,CMP0001,Standing Order,1,0
11990,3895,2026-02-09,150.0,CMP0180,Standing Order,1,0
7468,2441,2025-03-01,500,CMP0058,Standing Order,0,0
9441,3080,2025-08-30,100,CMP0024,Standing Order,0,0
676,208,2022-01-26,10,CMP0076,Cash,0,0
10002,3275,2025-12-20,10,CMP0160,Cheque,0,0
9294,3034,2017-03-21,50,CMP0068,Online,0,0
4631,1545,2023-01-17,5,CMP0088,Cheque,0,0
4027,1344,2025-07-07,250,CMP0151,Cheque,1,0
2326,794,2023-06-08,100,CMP0182,Direct Debit,0,0
4878,1620,2019-03-22,20,CMP0042,Card,1,0
8322,2720,2024-04-09,30.0,CMP0122,Standing Order,1,0
10450,3407,2026-06-27,22.5,CMP0074,Cheque,0,0
1392,459,2024-05-10,100,CMP0124,Card,1,0
82,25,2025-11-12,25,CMP0040,Cheque,1,0
3037,1030,2022-04-16,20,CMP0073,Standing Order,1,0
9906,3233,2022-08-07,20,CMP0036,Direct Debit,1,0
6879,2257,2020-07-28,25,CMP0189,Online,0,0
6128,1999,2024-07-14,150.0,CMP0054,Cash,1,0
1583,533,2025-04-12,20,CMP0034,Cheque,0,0
6,1,2023-09-14,10,CMP0098,Cheque,1,0
1600,541,2023-12-10,200,CMP0019,Standing Order,0,0
12010,3905,2026-06-01,250,CMP0121,Standing Order,1,0
3256,1097,2025-09-22,20,CMP0112,Cash,0,0
4538,1508,2022-03-22,20,CMP0014,Cheque,1,0
1130,379,2020-09-30,20,CMP0189,Standing Order,1,0
6320,2085,2025-03-23,250,CMP0168,Direct Debit,1,0
4643,1551,2022-08-02,375.0,CMP0136,Cash,0,1
1233,405,2022-04-05,100,CMP0099,Card,1,0
11787,3814,2023-03-09,5,CMP0071,Online,0,0
6231,2049,2023-03-14,50,CMP0102,Cheque,0,0
4431,1472,2023-09-14,37.5,CMP0018,Standing Order,0,0
3431,1146,2017-10-23,30.0,CMP0037,Cash,0,0
10770,3499,2025-10-17,10,CMP0116,Direct Debit,1,0
2878,981,2024-03-14,15,CMP0005,Direct Debit,1,0
2664,897,2024-11-28,10,CMP0148,Online,0,0
11908,3866,2025-06-14,50,CMP0161,Card,1,0
9633,3143,2020-12-03,100,CMP0110,Standing Order,1,0
8265,2702,2026-07-16,7.5,CMP0068,Cash,1,0
2265,760,2024-09-17,20,CMP0052,Direct Debit,1,0
668,208,2025-06-06,15,CMP0029,Online,1,0
9824,3204,2025-08-03,10,CMP0089,Cash,0,0
7101,2320,2024-10-03,250,CMP0129,Standing Order,1,0
8263,2702,2026-01-20,15.0,CMP0097,Card,1,0
7942,2585,2021-11-19,20,CMP0146,Card,0,0
4972,1649,2023-10-29,20,CMP0138,Cash,0,0
4684,1565,2024-07-10,37.5,CMP0170,Cash,1,0
8636,2819,2024-06-11,7.5,CMP0062,Standing Order,0,0
11301,3653,2024-02-28,5,CMP0067,Cheque,1,0
6499,2149,2023-11-21,250,CMP0079,Standing Order,0,0
1952,651,2023-04-03,37.5,CMP0158,Direct Debit,1,0
582,189,2022-03-17,250,CMP0166,Cheque,0,0
3587,1204,2025-07-11,15,CMP0169,Direct Debit,0,1
7298,2381,2020-04-21,75.0,CMP0120,Standing Order,1,0
2225,742,2023-02-01,250,CMP0030,Cheque,0,0
6302,93604,2022-04-28,50,CMP0102,Card,1,0
8682,2834,2021-09-10,250,CMP0179,Direct Debit,0,0
9234,3014,2022-05-13,50,CMP0189,Card,1,0
12178,3961,2022-08-19,15.0,CMP0050,Standing Order,1,0
8382,2737,2021-09-02,30.0,CMP0154,Online,0,0
2594,879,2024-08-21,15,CMP0043,Direct Debit,0,0
7638,2493,2023-04-14,10,CMP0041,Standing Order,1,0
10105,3309,2021-07-06,15.0,CMP0069,Cheque,0,0
70,22,2026-06-24,20,CMP0013,Card,1,0
9075,2961,2024-11-28,37.5,CMP0049,Card,1,0
9188,2998,2024-12-18,37.5,CMP0056,Online,0,0
11553,3727,2023-11-19,5,CMP0028,Cash,1,0
6314,2081,2021-10-31,5,CMP0066,Cash,0,0
3281,1101,2020-09-13,5,CMP0124,Online,1,0
10081,3298,2023-12-17,25,CMP0096,Online,1,0
8039,2622,2024-02-06,20,CMP0011,Cheque,1,0
4612,1538,2025-12-18,10,CMP0169,Cash,0,0
7635,2493,2026-06-12,50,CMP0116,Direct Debit,0,0
5752,1886,2018-09-25,50,CMP0129,Standing Order,1,0
1710,578,2019-02-20,250,CMP0072,Direct Debit,1,0
6789,2231,2026-07-11,25,CMP0091,Online,0,0
2300,777,2023-05-19,37.5,CMP0189,Cheque,0,0
10057,3291,2023-11-25,50,CMP0056,Direct Debit,1,1
3229,1086,2023-10-31,15,CMP0112,Cash,0,0
11036,3578,2021-10-07,10,CMP0117,Cash,0,0
4600,1534,2024-10-28,100,CMP0004,Direct Debit,1,0
10985,3563,2023-01-05,50,CMP0107,Direct Debit,0,0
4099,1360,2021-08-16,10,CMP0082,Cheque,0,0
623,197,2024-01-09,50,CMP0054,Online,0,0
3974,1331,2023-07-13,15,CMP0071,Cash,1,0
2080,693,2020-01-17,50,CMP0172,Card,1,0
7682,2508,2020-08-06,50,CMP0131,Cheque,0,0
5440,1793,2023-07-31,100,CMP0063,Standing Order,1,0
6928,2275,2021-05-14,100,CMP0123,Card,1,0
7662,2499,2021-12-09,20,CMP0125,Direct Debit,0,0
6896,2259,2022-04-27,200,CMP0178,Direct Debit,0,0
5271,1743,2024-07-31,30,CMP0145,Standing Order,0,0
11021,3573,2026-07-25,40,CMP0087,Cash,1,0
690,218,2022-06-22,30,CMP0192,Card,0,0
9860,3220,2025-06-16,10,CMP0005,Standing Order,0,0
9664,3156,2022-03-06,375.0,CMP0093,Cheque,1,0
12080,3935,2021-04-12,375.0,CMP0106,Standing Order,1,0
4448,1476,2023-02-02,10,CMP0071,Direct Debit,1,0
11193,3621,2024-06-07,50,CMP0047,Cash,1,0
7284,2377,2020-06-15,50,CMP0083,Cheque,0,0
7719,2522,2023-11-08,250,CMP0055,Standing Order,1,0
8307,2714,2022-11-14,375.0,CMP0175,Cash,1,0
6386,2107,2026-02-18,50,CMP0012,Cash,0,0
5757,1891,2021-02-15,25,CMP0046,Direct Debit,0,0
3007,1019,2024-08-30,250,CMP0033,Cheque,0,0
3824,1284,2020-06-03,100,CMP0107,Direct Debit,0,0
5636,1847,2024-09-04,50,CMP0169,Direct Debit,0,0
10843,3525,2025-07-11,500,CMP0083,Cheque,1,0
9519,3107,2023-09-20,10,CMP0001,Card,1,1
5391,1781,2024-03-27,50,CMP0165,Card,1,0
3085,1044,2018-03-16,7.5,CMP0035,Online,0,0
9634,3143,2024-04-21,50,CMP0024,Card,1,0
3350,1124,2024-12-11,5,CMP0125,Online,0,0
2462,832,2026-05-01,37.5,CMP0175,Online,1,0
1362,445,2021-11-30,100,CMP0041,Standing Order,0,0
3670,1230,2022-03-07,40,CMP0010,Cheque,0,0
12092,3938,2025-09-09,15,CMP0125,Cash,0,0
3161,1064,2023-09-13,50,CMP0027,Card,0,0
9198,2999,2022-11-06,100,CMP0018,Cash,0,0
6552,2167,2025-01-18,50,CMP0020,Online,1,0
5785,1899,2025-06-20,100,CMP0102,Cash,0,0
3055,1034,2020-03-25,100,CMP0004,Direct Debit,0,0
865,284,2026-07-20,50,CMP0122,Standing Order,0,0
10716,3490,2024-02-26,15,CMP0072,Online,1,0
5392,1781,2023-08-21,10,CMP0175,Direct Debit,1,0
8105,2640,2020-05-02,15,CMP0027,Card,0,0
5148,1705,2025-09-10,10,CMP0030,Online,1,0
7816,2552,2026-05-03,50,CMP0109,Cash,0,0
10107,3311,2025-03-16,25,CMP0133,Direct Debit,1,0
12372,2892,2025-12-25,30.0,CMP0142,Card,1,0
8534,2783,2025-06-20,10,CMP0069,Card,1,0
5984,1959,2023-12-16,20,CMP0127,Card,0,0
4243,1405,2024-01-02,250,CMP0038,Standing Order,1,0
3206,1078,2022-11-25,25,CMP0084,Online,0,0
6299,2073,2019-11-06,20,CMP0050,Cash,0,0
4012,1339,2023-07-04,100,CMP0056,Standing Order,1,0
12271,3993,2021-03-28,5,CMP0086,Online,1,0
1346,442,2025-03-17,20,CMP0174,Direct Debit,0,0
4566,1518,2026-07-06,100,CMP0026,Online,0,0
11637,3746,2018-01-08,15,CMP0015,Direct Debit,0,0
7388,2412,2020-07-22,100,CMP0074,Cash,0,0
5666,1861,2025-11-18,5,CMP0034,Cheque,0,0
8732,2854,2023-10-27,375.0,CMP0163,Cash,0,0
3056,1034,2023-11-19,15,CMP0059,Cash,0,0
11132,3599,2023-12-03,40,CMP0082,Online,1,0
4298,1422,2023-06-25,20,CMP0105,Online,1,0
6255,2055,2022-04-18,22.5,CMP0168,Card,1,0
7881,2571,2022-08-01,15,CMP0179,Standing Order,1,0
6569,2175,2022-03-09,100,CMP0026,Card,0,0
5687,1865,2020-11-29,10,CMP0130,Cheque,0,0
5972,1956,2024-01-06,25,CMP0091,Standing Order,1,0
8433,2751,2019-06-24,7.5,CMP0020,Standing Order,1,0
6520,2157,2021-11-12,75.0,CMP0068,Online,0,0
6062,1982,2024-06-07,250,CMP0124,Card,1,0
5740,1882,2022-07-18,22.5,CMP0014,Card,0,0
1789,598,2023-05-05,10,CMP0006,Online,0,0
3154,1063,2021-08-24,30,CMP0036,Cash,1,0
9380,3061,2021-01-04,5,CMP0100,Cash,1,0
11646,3748,2024-07-20,50,CMP0012,Cheque,1,0
7887,2572,2024-02-17,40,CMP0151,Online,1,0
6067,1986,2026-04-06,25,CMP0039,Card,1,0
1339,438,2023-04-27,375.0,CMP0084,Online,0,1
5020,1666,2024-02-22,375.0,CMP0169,Online,0,0
5637,1848,2025-08-13,10,CMP0094,Card,0,0
9413,3070,2024-08-14,250,CMP0013,Online,0,0
3719,1249,2024-01-04,50,CMP0002,Standing Order,1,0
2299,777,2025-11-07,20,CMP0172,Cash,1,0
11064,3584,2025-07-31,25,CMP0178,Online,0,0
7927,2582,2024-09-20,15,CMP0103,Direct Debit,0,0
477,151,2025-06-21,100,CMP0085,Card,1,0
11171,3613,2025-11-08,250,CMP0038,Card,1,0
10948,3550,2024-06-13,20,CMP0163,Standing Order,0,0
6370,2100,2025-06-07,30.0,CMP0155,Cash,0,0
926,313,2025-08-22,30.0,CMP0118,Standing Order,0,0
9558,3120,2022-12-19,375.0,CMP0028,Cheque,0,0
4689,1566,2023-06-20,150.0,CMP0111,Standing Order,1,0
11580,3730,2021-07-23,15.0,CMP0149,Standing Order,1,0
7291,2378,2026-03-02,100,CMP0057,Cheque,1,0
7189,2349,2018-12-18,100,CMP0152,Online,0,0
5692,1866,2025-08-08,10,CMP0174,Card,1,0
11490,3709,2025-07-16,500,CMP0068,Card,1,0
130,38,2024-04-23,375.0,CMP0049,Direct Debit,0,0
4740,1580,2026-06-13,250,CMP0065,Cheque,1,0
6983,2290,2022-01-18,25,CMP0131,Standing Order,1,0
478,151,2022-02-24,100,CMP0042,Direct Debit,0,0
3488,1164,2021-02-28,10,CMP0076,Cash,1,0
8544,2784,2024-03-02,20,CMP0150,Cheque,1,0
11678,3765,2023-07-05,5,CMP0058,Direct Debit,0,0
5298,1754,2024-10-24,20,CMP0165,Direct Debit,0,0
2421,819,2024-02-03,15.0,CMP0118,Standing Order,0,0
5510,1816,2025-05-25,10,CMP0040,Standing Order,1,0
1942,649,2025-10-02,5,CMP0133,Cash,1,0
4437,1473,2026-05-31,25,CMP0127,Card,1,0
11054,3584,2019-09-06,50,CMP0078,Cash,0,0
442,144,2023-04-10,22.5,CMP0045,Cheque,1,0
8372,2735,2019-04-18,20,CMP0102,Direct Debit,1,0
7390,2412,2025-09-25,10,CMP0010,Cash,0,0
8409,2746,2024-08-05,30,CMP0103,Standing Order,1,0
4355,1444,2025-07-14,40,CMP0156,Online,1,0
920,307,2025-06-04,75.0,CMP0182,Standing Order,1,0
10512,3432,2026-03-17,50,CMP0190,Standing Order,1,0
8967,2930,2022-10-15,25,CMP0003,Card,0,0
672,208,2022-04-14,20,CMP0142,Online,1,0
3043,1031,2025-06-25,250,CMP0188,Cash,0,0
6494,2149,2023-05-20,15,CMP0107,Cash,0,0
624,197,2026-05-08,10,CMP0137,Card,1,1
7898,2574,2019-11-06,10,CMP0171,Cash,0,0
10463,3409,2023-09-23,375.0,CMP0073,Direct Debit,1,0
1053,348,2022-02-25,100,CMP0002,Card,0,0
5319,1760,2018-10-15,30.0,CMP0145,Cheque,0,0
5009,92204,2023-11-25,15,CMP0029,Card,1,0
1356,444,2023-11-14,5,CMP0123,Online,0,0
9584,3128,2022-12-03,100,CMP0060,Cheque,0,0
5583,1835,2025-05-19,15,CMP0186,Cash,0,0
7567,2476,2019-03-09,100,CMP0046,Cheque,1,1
6166,2020,2024-03-18,15.0,CMP0174,Cash,0,0
10375,3383,2024-08-04,25,CMP0053,Cash,1,0
4861,1614,2022-12-27,100,CMP0064,Standing Order,1,0
226,67,2024-01-14,37.5,CMP0168,Online,1,0
10814,3516,2021-04-24,375.0,CMP0132,Cheque,0,0
6698,2212,2022-10-20,15,CMP0119,Card,0,0
9723,3177,2026-05-10,150.0,CMP0001,Cheque,0,0
1294,423,2025-10-07,15.0,CMP0001,Standing Order,1,0
3519,1176,2023-11-22,5,CMP0051,Online,0,0
307,94,2019-06-17,10,CMP0112,Online,1,0
176,50,2026-06-14,250,CMP0190,Cash,1,0
4253,1409,2026-06-12,5,CMP0181,Cash,0,0
7759,2535,2022-02-07,15,CMP0008,Standing Order,0,0
5845,1917,2023-11-28,50,CMP0158,Online,1,0
8671,2830,2025-03-31,10,CMP0039,Direct Debit,0,0
6457,2134,2025-12-25,15,CMP0047,Card,1,0
20,3,2019-07-05,100,CMP0149,Online,0,0
2411,818,2024-11-26,100,CMP0137,Cash,0,0
48,14,2026-06-09,25,CMP0011,Card,0,0
8961,2930,2025-01-12,15,CMP0048,Standing Order,1,0
9968,3262,2025-08-11,250,CMP0001,Card,0,0
3452,1156,2025-09-10,25,CMP0172,Card,0,0
1858,625,2020-07-16,7.5,CMP0024,Direct Debit,0,0
4516,1503,2025-09-13,22.5,CMP0106,Direct Debit,1,0
9046,2953,2025-03-15,22.5,CMP0088,Cheque,0,0
9425,3072,2026-01-24,50,CMP0145,Cash,1,0
10088,3303,2024-05-30,40,CMP0046,Online,1,0
10650,3474,2023-05-19,100,CMP0180,Direct Debit,0,0
4741,1581,2022-12-07,25,CMP0003,Cheque,0,0
11813,3828,2023-04-26,500,CMP0095,Card,0,0
3794,1271,2021-08-04,5,CMP0025,Cheque,0,0
2699,918,2023-10-11,20,CMP0169,Cash,1,0
9211,3006,2026-07-05,50,CMP0041,Cheque,1,0
6176,2026,2025-05-06,100,CMP0147,Cheque,0,0
1384,454,2020-11-30,50,CMP0148,Cash,1,0
402,131,2025-10-10,20,CMP0027,Online,0,0
7473,2441,2026-07-09,100,CMP0177,Cheque,0,0
4374,1450,2023-02-02,250,CMP0094,Card,0,0
5990,1960,2022-08-17,20,CMP0102,Direct Debit,1,0
9933,3250,2023-03-11,22.5,CMP0183,Cash,0,0
10920,3545,2022-10-28,37.5,CMP0056,Online,1,0
10673,3481,2024-04-01,7.5,CMP0169,Card,1,0
3931,1316,2025-04-22,15,CMP0027,Card,1,0
4899,1631,2024-07-09,15,CMP0152,Cash,0,0
5168,1709,2025-11-09,50,CMP0150,Cheque,1,0
6824,2241,2023-02-27,37.5,CMP0129,Direct Debit,1,0
852,281,2023-07-31,15.0,CMP0075,Direct Debit,0,0
5070,1681,2025-09-10,25,CMP0129,Cheque,1,0
6395,2110,2026-04-15,100,CMP0155,Cheque,0,0
3061,1034,2019-12-27,375.0,CMP0032,Cash,0,0
10089,3303,2024-09-07,30,CMP0112,Online,1,0
3459,1156,2021-03-29,10,CMP0147,Online,0,0
7906,2577,2021-02-22,25,CMP0014,Standing Order,0,0
1582,533,2026-02-14,150.0,CMP0122,Standing Order,1,0
6817,2241,2024-06-12,15,CMP0173,Online,1,0
7013,2297,2023-03-31,100,CMP0166,Direct Debit,1,0
8686,2835,2019-02-28,15,CMP0128,Standing Order,1,0
9226,3013,2025-11-06,10,CMP0165,Cheque,0,0
2117,702,2026-01-26,50,CMP0178,Cheque,1,0
4476,1489,2025-11-24,10,CMP0119,Cash,0,0
7220,2361,2024-04-24,50,CMP0094,Standing Order,1,0
1854,625,2025-02-17,25,CMP0124,Card,1,0
9164,2991,2024-01-13,50,CMP0086,Cheque,0,0
9687,3167,2025-10-28,15,CMP0157,Standing Order,1,0
8112,2643,2023-11-21,100,CMP0086,Direct Debit,0,0
11161,3611,2020-10-19,50,CMP0114,Card,0,0
904,302,2023-11-18,100,CMP0149,Cash,0,0
8318,2719,2025-10-21,100,CMP0102,Online,1,0
7150,2339,2024-07-23,20,CMP0159,Cheque,0,0
8919,2910,2024-02-22,40,CMP0185,Direct Debit,1,0
5895,1932,2019-08-12,15,CMP0086,Online,1,0
11215,3626,2025-08-08,40,CMP0152,Card,0,0
1336,438,2025-06-11,30,CMP0011,Card,0,0
4724,1578,2023-07-23,250,CMP0147,Online,1,0
552,178,2025-08-22,200,CMP0059,Cash,0,0
9323,3043,2024-07-12,5,CMP0038,Cheque,1,0
4401,1463,2021-05-20,50,CMP0091,Cheque,0,0
2913,995,2023-03-31,10,CMP0073,Cash,0,0
694,219,2021-06-02,20,CMP0098,Direct Debit,0,0
3771,1265,2022-06-05,500,CMP0058,Cheque,0,1
2619,883,2019-09-10,15,CMP0172,Online,0,0
1856,625,2024-11-06,15,CMP0007,Cash,0,0
5214,1728,2025-08-25,5,CMP0094,Card,0,0
9307,3038,2026-07-26,10,CMP0129,Online,0,0
2731,933,2023-04-28,25,CMP0004,Cheque,0,0
22,3,2024-03-08,30.0,CMP0025,Cheque,1,0
7924,2580,2024-11-06,100,CMP0083,Cash,1,0
728,234,2026-06-23,40,CMP0119,Cash,1,0
2189,734,2023-07-06,30.0,CMP0134,Card,1,0
6841,2250,2024-06-13,20,CMP0005,Direct Debit,1,0
9811,3201,2020-11-12,250,CMP0181,Cash,1,0
2124,708,2021-09-27,375.0,CMP0061,Direct Debit,0,0
11178,3619,2022-01-13,15.0,CMP0170,Direct Debit,0,0
8218,2685,2020-11-21,250,CMP0079,Card,0,0
9119,2977,2026-06-07,15,CMP0121,Cheque,1,0
11861,3853,2022-02-06,5,CMP0096,Direct Debit,1,0
11125,3598,2025-02-16,250,CMP0027,Online,0,0
1988,666,2022-10-24,100,CMP0101,Online,0,0
8159,2656,2024-06-27,250,CMP0064,Cash,1,0
2655,895,2023-11-22,15,CMP0048,Standing Order,1,0
9014,2943,2021-05-05,375.0,CMP0120,Cheque,0,0
3386,1132,2026-04-10,30,CMP0040,Direct Debit,0,0
7087,2318,2025-09-13,250,CMP0168,Standing Order,1,0
3803,1274,2024-04-08,25,CMP0099,Card,0,0
8192,2676,2022-02-21,20,CMP0039,Cheque,1,0
994,331,2024-05-04,50,CMP0079,Cheque,1,0
500,157,2021-09-23,15,CMP0023,Cash,0,0
4525,1504,2023-09-01,20,CMP0073,Card,0,0
5025,1667,2024-12-08,10,CMP0154,Standing Order,0,0
7834,2553,2025-11-20,10,CMP0134,Direct Debit,0,0
2016,673,2023-03-08,40,CMP0160,Cash,0,0
1938,648,2025-03-25,30.0,CMP0097,Standing Order,0,0
3224,1085,2024-02-14,100,CMP0028,Card,0,0
2819,962,2024-07-07,5,CMP0170,Online,0,0
5810,1905,2026-02-03,10,CMP0063,Online,0,0
11807,3826,2025-09-26,100,CMP0055,Standing Order,0,0
10084,3300,2026-07-16,10,CMP0029,Cash,1,0
9600,3134,2024-05-23,100,CMP0047,Standing Order,0,0
2263,758,2021-07-01,100,CMP0118,Direct Debit,1,0
9000,2941,2026-07-26,30.0,CMP0102,Online,1,0
11011,3571,2025-12-09,100,CMP0164,Direct Debit,1,0
4891,1628,2026-05-04,15,CMP0113,Direct Debit,1,0
12020,3907,2023-12-20,100,CMP0112,Standing Order,0,0
7293,2378,2022-09-08,100,CMP0189,Online,0,0
10271,3356,2026-05-11,50,CMP0052,Cash,0,0
6675,2207,2025-10-17,375.0,CMP0048,Standing Order,0,0
3310,1109,2026-03-27,10,CMP0088,Card,1,0
2191,734,2025-11-15,375.0,CMP0156,Online,0,0
405,133,2026-07-22,50,CMP0116,Cheque,1,0
6707,2212,2026-05-16,30,CMP0120,Standing Order,0,0
10593,3455,2026-02-09,7.5,CMP0008,Cash,0,0
5605,1838,2024-12-27,50,CMP0062,Cash,0,0
7762,2535,2023-05-17,20,CMP0070,Cash,1,0
8076,2633,2024-10-29,10,CMP0063,Online,0,0
11326,3658,2020-11-02,250,CMP0011,Direct Debit,1,0
3215,1080,2023-10-23,15.0,CMP0099,Standing Order,1,0
7822,2552,2019-12-08,200,CMP0151,Cheque,0,0
3147,1062,2022-01-28,5,CMP0119,Cash,0,0
6012,1969,2026-07-11,250,CMP0185,Cheque,0,0
7772,2538,2024-02-23,20,CMP0065,Online,0,0
1099,363,2026-01-22,5,CMP0176,Cash,0,0
306,94,2024-02-20,50,CMP0118,Direct Debit,0,0
7654,2497,2023-06-12,20,CMP0052,Card,1,0
7156,2339,2020-11-21,200,CMP0104,Online,0,0
2553,862,2025-01-06,10,CMP0052,Online,0,0
4392,1462,2025-11-03,22.5,CMP0076,Cash,0,0
9083,2962,2022-06-08,50,CMP0059,Card,1,0
3252,1094,2024-08-20,5,CMP0013,Cheque,0,0
9652,3149,2022-09-25,250,CMP0086,Card,0,0
3753,1260,2020-05-15,15,CMP0167,Standing Order,1,0
12089,3935,2020-07-13,10,CMP0134,Cash,1,0
11300,3653,2024-11-16,150.0,CMP0090,Cheque,1,0
2467,835,2024-10-12,25,CMP0001,Direct Debit,0,0
4398,1462,2023-06-19,15,CMP0081,Cash,1,0
6513,2154,2026-06-07,20,CMP0011,Cash,0,0
12237,3982,2024-06-06,25,CMP0130,Cheque,1,0
6597,2181,2020-07-28,20,CMP0163,Cash,1,0
341,106,2022-03-29,10,CMP0121,Direct Debit,1,0
10719,3490,2024-03-06,7.5,CMP0124,Direct Debit,0,1
6416,2117,2023-10-12,150.0,CMP0113,Cash,0,0
4101,1360,2025-02-14,250,CMP0136,Standing Order,0,0
887,293,2025-06-20,15,CMP0031,Cash,0,0
10841,3524,2025-04-20,200,CMP0052,Online,0,0
1683,567,2023-12-02,15,CMP0121,Direct Debit,0,0
8782,2870,2021-05-26,375.0,CMP0177,Card,1,0
4509,1502,2019-10-08,15,CMP0012,Standing Order,1,0
3746,1254,2022-11-22,5,CMP0127,Cheque,1,0
4928,1637,2023-08-17,200,CMP0088,Cheque,0,0
10499,3419,2025-05-02,15.0,CMP0113,Cheque,1,0
2241,748,2023-11-21,30.0,CMP0164,Cash,0,0
8841,2890,2023-02-06,5,CMP0034,Direct Debit,0,0
1283,421,2025-01-15,15,CMP0159,Cash,0,0
583,189,2019-11-01,10,CMP0148,Direct Debit,1,0
11747,3799,2023-07-18,15,CMP0185,Cheque,0,0
6618,2184,2025-08-21,5,CMP0049,Card,0,0
11128,3599,2022-06-10,10,CMP0082,Card,1,0
11342,3661,2025-10-25,100,CMP0134,Standing Order,0,0
4397,1462,2026-01-27,200,CMP0015,Direct Debit,1,0
10809,3515,2022-01-25,10,CMP0123,Standing Order,1,0
6953,2280,2021-01-03,375.0,CMP0017,Card,1,0
6490,2142,2022-02-26,37.5,CMP0146,Cheque,0,0
4820,1603,2024-10-11,20,CMP0140,Cash,1,0
390,126,2026-07-31,7.5,CMP0018,Direct Debit,0,0
8463,2761,2025-10-01,250,CMP0141,Card,1,0
9204,3003,2023-11-15,15,CMP0144,Direct Debit,0,0
11294,3652,2026-03-21,22.5,CMP0066,Standing Order,0,0
3849,1288,2025-06-18,20,CMP0156,Cheque,0,0
9238,3015,2024-02-24,100,CMP0038,Standing Order,0,0
2193,734,2024-04-01,30.0,CMP0160,Card,0,0
9854,3215,2018-03-16,50,CMP0135,Standing Order,0,0
12331,4019,2023-11-11,15,CMP0051,Card,1,0
2378,813,2020-05-17,10,CMP0023,Direct Debit,0,0
8111,2643,2025-03-03,50,CMP0147,Card,0,0
11440,3692,2022-05-16,10,CMP0033,Direct Debit,1,0
8450,2755,2024-06-04,150.0,CMP0083,Online,1,0
5778,1895,2020-02-09,5,CMP0170,Online,1,0
3344,1122,2024-04-25,50,CMP0006,Standing Order,0,0
4338,1433,2023-01-20,20,CMP0018,Direct Debit,0,0
11074,3586,2024-12-02,25,CMP0089,Online,1,0
7958,2593,2023-09-26,200,CMP0085,Online,0,0
6797,2236,2023-03-31,15,CMP0143,Cash,1,0
4443,1474,2025-11-16,50,CMP0137,Online,1,0
8169,2665,2023-10-06,15,CMP0096,Online,1,0
12201,3967,2022-06-11,40,CMP0132,Direct Debit,0,0
10068,3293,2024-03-30,10,CMP0025,Online,0,0
4432,1473,2023-11-19,40,CMP0025,Cheque,0,0
2524,853,2026-06-11,50,CMP0026,Standing Order,1,0
3530,1180,2024-05-07,10,CMP0172,Cheque,1,0
6514,2154,2025-11-06,20,CMP0171,Cheque,1,0
982,329,2023-08-07,30.0,CMP0134,Standing Order,1,0
10093,3304,2023-04-29,100,CMP0176,Direct Debit,1,0
4173,1381,2025-04-13,20,CMP0051,Direct Debit,1,0
5409,1787,2024-01-08,250,CMP0083,Standing Order,1,0
9120,2977,2024-11-15,250,CMP0192,Cheque,1,0
6743,2220,2019-02-22,250,CMP0015,Standing Order,0,0
8211,2683,2025-06-08,25,CMP0071,Standing Order,0,0
2608,881,2026-04-30,250,CMP0085,Direct Debit,0,0
4322,1431,2024-08-24,100,CMP0127,Cheque,1,0
8922,2912,2023-05-24,25,CMP0051,Cash,0,0
11360,3667,2026-07-27,20,CMP0006,Online,1,0
2781,949,2026-04-18,5,CMP0075,Card,0,0
1777,596,2026-05-14,50,CMP0039,Cheque,0,0
10608,3460,2023-01-12,20,CMP0155,Direct Debit,0,0
6557,2167,2022-04-12,37.5,CMP0087,Cheque,1,0
3976,1331,2026-01-30,50,CMP0146,Standing Order,0,0
2858,975,2024-01-26,100,CMP0058,Card,0,0
8045,2625,2026-01-03,30,CMP0102,Cheque,0,0
5023,1666,2024-02-25,100,CMP0183,Direct Debit,1,0
2450,826,2025-07-29,250,CMP0122,Online,1,0
3625,1215,2025-01-30,50,CMP0017,Online,0,0
1291,422,2020-03-07,10,CMP0131,Card,1,0
7806,2549,2025-11-24,50,CMP0126,Standing Order,0,0
2859,975,2024-01-26,15,CMP0117,Cheque,0,0
7309,2384,2023-10-13,500,CMP0051,Online,0,0
6155,2016,2026-07-18,100,CMP0094,Card,1,0
10011,3279,2024-08-21,375.0,CMP0036,Card,1,0
5449,1795,2026-01-09,150.0,CMP0118,Standing Order,1,0
10028,3284,2025-08-18,22.5,CMP0087,Cash,1,0
10496,3417,2024-04-04,25,CMP0121,Card,0,0
1029,342,2023-03-21,25,CMP0020,Cash,1,0
8038,2622,2022-03-25,50,CMP0064,Standing Order,1,0
4224,1400,2023-12-21,20,CMP0163,Cheque,1,0
4531,1506,2022-07-08,37.5,CMP0101,Online,1,0
12254,3988,2022-11-15,375.0,CMP0158,Online,1,0
3067,1036,2026-01-15,200,CMP0183,Card,0,0
11089,3589,2024-06-04,30,CMP0152,Cash,1,0
9215,3008,2024-12-21,15,CMP0008,Card,0,0
3213,1080,2022-05-26,200,CMP0116,Cheque,1,0
10511,3431,2024-12-12,500,CMP0103,Card,1,0
10365,3379,2025-05-23,10,CMP0175,Cheque,1,0
5263,1742,2022-11-01,25,CMP0055,Cash,0,0
3149,1062,2025-08-02,25,CMP0099,Card,1,0
1493,499,2025-08-09,37.5,CMP9366,Card,0,0
8021,2615,2019-04-19,20,CMP0025,Cash,1,0
4635,1548,2025-09-20,200,CMP0105,Direct Debit,0,0
3436,1149,2026-03-06,15,CMP0050,Card,0,0
1545,521,2024-04-27,250,CMP0138,Card,1,0
9522,3107,2024-06-27,100,CMP0190,Standing Order,0,0
999,332,2023-03-31,75.0,CMP0110,Direct Debit,0,0
6651,2197,2021-02-13,75.0,CMP0061,Cheque,0,0
4662,1558,2024-09-17,37.5,CMP0117,Card,1,0
8092,2637,2025-05-07,250,CMP0101,Direct Debit,1,0
10481,3412,2019-03-15,100,CMP0072,Online,1,0
5253,1740,2025-07-21,50,CMP0088,Direct Debit,1,0
7692,2511,2025-07-12,15,CMP0178,Cash,0,0
2152,719,2025-06-21,500,CMP0001,Card,0,0
7297,2379,2025-04-20,10,CMP0041,Online,1,0
2991,1016,2026-08-10,40,CMP0129,Cheque,1,0
7430,2427,2025-11-04,250,CMP0040,Cheque,1,0
12268,3992,2025-07-18,15,CMP0153,Online,1,0
1940,649,2024-07-20,15.0,CMP0093,Online,1,0
6643,2194,2024-09-22,20,CMP0084,Standing Order,0,0
10568,3446,2025-09-04,15.0,CMP0105,Cheque,0,0
10786,3503,2023-10-21,15.0,CMP0142,Cash,0,0
8589,2799,2026-08-12,250,CMP0191,Standing Order,1,0
9907,3234,2024-03-08,100,CMP0088,Cash,1,0
3492,1169,2021-12-10,30,CMP0032,Cheque,0,0
10395,3390,2024-06-18,10,CMP0074,Online,0,1
11791,3816,2026-08-02,250,CMP0162,Direct Debit,0,0
2744,935,2025-12-08,250,CMP0054,Cheque,0,0
3946,1320,2026-04-04,50,CMP0115,Online,0,0
1803,603,2024-12-28,250,CMP0166,Direct Debit,1,0
11945,3880,2025-07-15,100,CMP0008,Card,1,0
8952,2926,2023-03-30,20,CMP0008,Direct Debit,1,0
4456,1481,2026-05-09,10,CMP0123,Cash,1,0
8129,2650,2021-07-26,50,CMP0044,Online,0,0
9392,3065,2025-07-02,250,CMP0122,Standing Order,1,0
1578,531,2026-01-04,20,CMP0135,Standing Order,0,0
12204,3968,2024-05-01,22.5,CMP0147,Online,0,0
10072,3294,2023-06-27,30.0,CMP0108,Card,1,0
10753,3496,2023-05-27,5,CMP0116,Cash,1,0
5247,1739,2024-10-15,15.0,CMP0048,Online,1,0
1645,553,2022-01-12,25,CMP0038,Card,0,0
3611,1212,2025-03-01,375.0,CMP0143,Standing Order,1,0
7797,2547,2021-02-16,15,CMP0028,Cash,0,0
5242,1735,2026-05-17,10,CMP0173,Cheque,1,1
10953,3550,2021-02-25,50,CMP0074,Cash,1,0
3993,1336,2022-03-26,25,CMP0079,Standing Order,0,0
10912,3544,2024-08-11,30.0,CMP0150,Cheque,1,0
1592,538,2025-10-03,200,CMP0133,Card,1,0
9818,3204,2024-05-20,7.5,CMP0143,Online,0,0
2641,890,2023-04-10,50,CMP0191,Cash,0,0
7466,2439,2022-03-18,20,CMP0119,Cheque,0,0
5569,1833,2022-01-20,22.5,CMP0142,Direct Debit,0,0
9276,3032,2024-06-02,20,CMP0125,Direct Debit,1,0
2331,797,2026-02-18,30.0,CMP0031,Direct Debit,0,0
2218,740,2026-07-23,100,CMP0006,Standing Order,0,0
7074,2314,2026-08-05,7.5,CMP0131,Cheque,0,0
2843,969,2022-04-20,10,CMP0127,Online,0,0
9285,3034,2022-06-24,50,CMP0189,Direct Debit,0,0
3510,1174,2025-10-14,30,CMP0043,Cheque,1,0
5367,1772,2024-12-18,250,CMP0007,Cheque,0,0
2053,684,2025-09-19,250,CMP0182,Direct Debit,1,0
4694,1566,2025-05-19,500,CMP0094,Card,1,0
838,277,2024-10-07,20,CMP0180,Cash,0,0
10217,3338,2026-04-30,15,CMP0158,Direct Debit,1,0
853,281,2024-06-16,100,CMP0081,Cheque,1,0
4501,1501,2024-03-02,50,CMP0131,Direct Debit,1,0
4084,1359,2021-03-17,150.0,CMP0110,Standing Order,1,0
5863,1919,2026-04-23,30,CMP0047,Online,0,0
774,255,2021-08-04,20,CMP0028,Cash,1,0
2130,712,2023-05-13,500,CMP0018,Online,0,0
1150,383,2026-02-10,15,CMP0013,Standing Order,0,0
1086,360,2026-04-01,100,CMP0022,Card,1,0
1543,521,2024-08-26,50,CMP0057,Cheque,1,0
2273,766,2020-10-13,250,CMP0081,Card,1,0
872,288,2025-10-10,150.0,CMP0120,Cheque,0,0
1197,393,2024-12-04,375.0,CMP0120,Cash,1,0
9501,3103,2025-11-04,30.0,CMP0088,Online,1,0
5680,1863,2025-02-22,10,CMP0081,Cheque,1,0
864,284,2022-06-16,250,CMP0065,Cheque,1,0
842,277,2022-05-22,20,CMP0134,Cash,0,1
4625,1544,2026-02-23,250,CMP0087,Cash,0,0
8518,2776,2026-05-22,30,CMP0098,Cheque,1,0
9317,3041,2026-02-13,15,CMP0065,Direct Debit,0,0
8250,2694,2025-02-23,15.0,CMP0080,Online,1,0
3455,1156,2025-10-04,250,CMP0131,Card,0,0
6933,2275,2023-01-16,10,CMP0004,Standing Order,1,0
8376,2736,2025-08-22,15,CMP0022,Card,1,0
5737,1882,2025-04-28,100,CMP0066,Card,0,0
12303,4007,2023-07-13,10,CMP0154,Standing Order,1,0
987,331,2019-10-15,20,CMP0006,Standing Order,0,0
7836,2553,2024-04-09,250,CMP0072,Online,1,0
9411,3070,2026-01-19,10,CMP0132,Online,1,1
3171,1066,2023-10-10,50,CMP0063,Card,1,0
3885,1300,2024-10-27,15,CMP0059,Direct Debit,1,0
1584,533,2026-06-10,250,CMP0070,Cash,0,0
332,106,2021-04-20,10,CMP0104,Card,1,0
8493,2770,2023-09-23,25,CMP0019,Direct Debit,1,0
8743,2862,2019-04-12,15,CMP0032,Cash,0,0
1566,526,2023-12-05,50,CMP0168,Cheque,1,0
2512,851,2026-08-04,100,CMP0181,Cheque,0,0
4658,1558,2023-01-06,7.5,CMP0058,Standing Order,1,0
11297,3652,2022-11-05,375.0,CMP0011,Standing Order,0,0
7254,2372,2018-10-01,500,CMP0042,Direct Debit,0,0
10585,3452,2024-04-05,22.5,CMP0095,Card,0,0
79,25,2024-07-18,250,CMP0008,Cash,1,0
9353,3052,2021-01-06,250,CMP0089,Online,0,0
998,95560,2024-04-18,375.0,CMP0125,Cash,1,0
2549,860,2022-12-21,7.5,CMP0040,Direct Debit,1,0
2009,670,2025-09-26,30,CMP0163,Cheque,0,0
11856,3852,2024-02-05,15.0,CMP0100,Online,1,0
5393,1781,2023-01-21,50,CMP0176,Cash,0,0
2105,697,2023-10-27,100,CMP0115,Standing Order,0,0
7969,2595,2023-10-28,5,CMP0014,Standing Order,1,0
11590,3733,2025-05-05,25,CMP0164,Standing Order,1,1
12155,3956,2026-08-11,250,CMP0067,Direct Debit,0,0
6134,1999,2023-11-28,5,CMP0082,Cheque,0,0
10652,3474,2022-10-22,100,CMP0149,Card,0,0
10813,3516,2022-05-19,5,CMP0061,Card,1,0
6396,2113,2024-02-27,50,CMP0031,Cash,0,0
12317,4016,2024-12-09,15,CMP0114,Cash,1,0
10108,3311,2023-10-07,100,CMP0044,Cheque,0,0
8901,2900,2024-01-12,150.0,CMP0073,Standing Order,1,0
9148,2984,2025-10-01,15,CMP0097,Online,1,0
3821,1284,2020-09-08,250,CMP0031,Online,0,0
902,301,2026-07-20,5,CMP0178,Direct Debit,1,0
7685,2508,2026-01-27,250,CMP0122,Online,0,0
4328,1432,2020-08-10,50,CMP0035,Cheque,1,0
1969,661,2017-04-09,10,CMP0164,Cheque,0,0
6414,2117,2025-09-08,250,CMP0002,Card,1,0
7094,2319,2025-10-02,22.5,CMP0045,Card,0,0
5172,1710,2024-11-25,10,CMP0056,Standing Order,1,0
11438,3691,2025-03-09,50,CMP0120,Online,1,0
9007,2942,2026-01-17,50,CMP0078,Online,0,0
1273,419,2026-02-24,20,CMP0016,Direct Debit,1,0
6168,2020,2023-12-10,7.5,CMP0181,Online,1,0
1926,645,2023-05-12,150.0,CMP0011,Online,1,0
10837,3522,2020-04-26,100,CMP0045,Cheque,1,0
12086,3935,2019-04-03,40,CMP0170,Cheque,0,0
5150,1705,2024-11-25,30,CMP0054,Direct Debit,1,0
12189,3965,2025-06-28,100,CMP0066,Standing Order,0,0
11797,3820,2018-06-10,15.0,CMP0139,Cheque,1,0
4303,90257,2025-09-09,20,CMP0007,Online,0,0
6410,2116,2024-12-18,22.5,CMP0083,Direct Debit,1,0
12102,3940,2023-07-23,10,CMP0054,Online,1,0
10761,3498,2022-09-22,37.5,CMP0004,Card,0,0
4615,1543,2021-02-19,40,CMP0023,Direct Debit,1,0
6239,2050,2020-12-27,15,CMP0110,Card,1,0
3478,1162,2021-05-20,10,CMP0053,Cash,1,0
1144,382,2024-04-07,5,CMP0031,Direct Debit,0,0
1815,607,2021-01-25,75.0,CMP0110,Cheque,0,0
6366,2099,2024-02-19,50,CMP0141,Direct Debit,1,0
6737,2217,2019-02-02,100,CMP0113,Card,1,0
2513,851,2025-04-15,20,CMP0089,Online,1,0
2606,881,2025-11-24,75.0,CMP0162,Direct Debit,1,0
10290,3365,2025-03-20,20,CMP0143,Standing Order,0,0
236,70,2023-10-31,5,CMP0032,Direct Debit,0,0
11541,3726,2022-12-08,7.5,CMP0043,Direct Debit,1,0
8171,2665,2026-05-04,100,CMP0035,Card,1,0
282,81,2025-04-07,-10,CMP0043,Online,1,0
10120,3314,2026-04-25,15,CMP0159,Direct Debit,1,0
6309,2078,2024-07-09,50,CMP0033,Card,0,0
8266,2702,2025-04-17,500,CMP0058,Card,0,0
9368,3057,2025-02-06,200,CMP0129,Card,0,1
674,208,2020-08-21,15,CMP0154,Cash,0,0
3973,1331,2020-04-13,75.0,CMP0164,Direct Debit,1,0
1868,627,2026-03-23,150.0,CMP0177,Cash,1,0
3511,1174,2026-05-24,5,CMP0124,Direct Debit,1,0
32,7,2023-05-19,75.0,CMP0136,Online,1,0
7136,2332,2025-01-01,7.5,CMP0127,Cash,1,0
10036,3287,2025-03-07,150.0,CMP0181,Standing Order,1,0
4287,1419,2024-11-28,100,CMP0042,Online,1,0
10580,3451,2022-02-06,20,CMP0181,Standing Order,1,0
7606,2487,2023-10-07,50,CMP0117,Direct Debit,1,0
1820,610,2026-05-22,15,CMP0064,Card,0,0
7144,2338,2024-01-30,10,CMP0039,Cash,0,0
6906,2266,2022-08-19,5,CMP0015,Card,1,0
2039,678,2023-03-14,250,CMP0131,Standing Order,1,0
11966,3891,2025-02-24,10,CMP0029,Direct Debit,1,0
11738,3793,2024-03-04,10,CMP0023,Online,1,0
4198,1394,2023-11-28,10,CMP0184,Standing Order,1,0
2019,674,2024-01-18,75.0,CMP0048,Cheque,0,0
1038,344,2025-11-14,20,CMP0097,Direct Debit,0,0
3375,1129,2023-09-21,30,CMP0080,Card,1,0
9592,3129,2025-09-08,10,CMP0003,Standing Order,1,0
7110,2324,2021-02-26,5,CMP0126,Online,0,0
4142,1370,2026-07-23,10,CMP0127,Direct Debit,0,0
3393,1136,2026-06-20,25,CMP0151,Direct Debit,0,0
5439,1793,2024-06-10,250,CMP0087,Cash,0,0
7934,2582,2022-02-04,10,CMP0069,Cheque,0,0
8356,2732,2021-02-12,37.5,CMP0184,Online,1,0
4147,1374,2022-10-20,20,CMP0090,Card,0,0
4002,1338,2025-07-30,75.0,CMP9787,Cheque,1,0
2538,857,2024-08-15,25,CMP0140,Direct Debit,1,0
11672,3764,2024-12-11,50,CMP0137,Direct Debit,0,0
6968,2284,2022-03-24,50,CMP0001,Cheque,1,0
1190,392,2025-11-03,10,CMP0108,Direct Debit,1,0
7258,2372,2020-12-08,75.0,CMP0034,Card,1,0
8626,2818,2026-08-09,50,CMP0110,Cash,0,0
9304,3037,2024-11-02,100,CMP0161,Cash,1,0
1105,366,2026-03-08,50,CMP0025,Cash,0,0
11134,3601,2024-01-29,100,CMP0006,Standing Order,1,0
1310,430,2024-09-20,200,CMP0163,Standing Order,0,0
10186,3329,2025-08-03,30.0,CMP0189,Standing Order,1,0
10116,3313,2025-11-25,50,CMP0175,Cash,1,0
9208,3004,2026-07-31,50,CMP0099,Card,1,0
857,281,2020-11-10,40,CMP0082,Card,0,0
2248,754,2024-11-01,100,CMP0069,Cash,0,0
11131,3599,2023-04-19,10,CMP0010,Online,1,0
4337,1433,2024-06-05,5,CMP0169,Cheque,0,1
8122,2649,2025-11-03,20,CMP0023,Online,0,0
1662,558,2026-02-06,100,CMP0098,Cash,1,0
6867,2253,2022-02-19,50,CMP0088,Cheque,1,0
5792,1900,2021-07-26,7.5,CMP0033,Online,0,0
8991,2937,2025-11-18,20,CMP0060,Card,0,0
11539,3726,2025-12-03,100,CMP0056,Online,1,0
11759,3806,2026-02-13,40,CMP0098,Card,1,0
1866,627,2024-07-27,7.5,CMP0132,Card,0,0
5776,1895,2022-08-14,20,CMP0041,Standing Order,0,0
9820,3204,2024-07-09,20,CMP0031,Online,0,0
6510,2151,2024-09-15,100,CMP0125,Standing Order,0,0
8933,2920,2025-08-27,37.5,CMP0078,Online,0,0
2223,742,2024-04-24,10,CMP0014,Cash,1,0
11381,3670,2022-08-10,15,CMP0125,Standing Order,1,0
3797,1271,2019-08-29,25,CMP0188,Card,0,0
763,252,2024-03-19,20,CMP0015,Card,1,0
8703,2849,2026-07-28,15,CMP0024,Direct Debit,0,0
5588,1836,2024-11-27,37.5,CMP0171,Card,1,0
6401,2115,2026-04-02,250,CMP0111,Online,1,0
10818,3516,2024-11-19,5,CMP0051,Online,1,0
2391,815,2020-01-28,150.0,CMP0011,Online,1,0
10316,3368,2019-09-19,30.0,CMP0012,Standing Order,0,0
640,201,2024-05-16,5,CMP0033,Cash,1,0
3177,1069,2026-03-27,20,CMP0184,Cheque,0,0
12297,4003,2024-11-16,75.0,CMP0091,Online,0,0
6662,2198,2023-04-03,20,CMP0153,Standing Order,0,0
2552,862,2025-05-31,250,CMP0067,Cheque,1,0
10045,3288,2026-06-12,15,CMP0131,Standing Order,1,0
8977,2932,2021-06-12,75.0,CMP0038,Direct Debit,1,0
11335,3660,2025-05-02,25,CMP0145,Card,1,0
10872,3533,2025-09-13,15,CMP0034,Card,0,0
6492,2143,2026-04-12,250,CMP0035,Cheque,0,0
1799,603,2025-01-05,100,CMP0163,Cheque,0,0
3009,1019,2025-06-09,10,CMP0047,Cheque,0,0
5115,1695,2025-06-22,30.0,CMP0136,Online,0,0
2786,952,2023-01-02,5,CMP0067,Cheque,1,0
12360,2523,2024-12-22,100,CMP0123,Standing Order,0,0
9787,3196,2025-02-20,20,CMP0028,Direct Debit,1,0
6180,2027,2026-05-23,22.5,CMP0062,Online,0,0
6714,2215,2018-11-22,30,CMP0020,Cash,0,0
10211,3338,2023-06-11,100,CMP0016,Cheque,0,0
737,240,2025-02-24,100,CMP0084,Cash,1,0
4911,1633,2024-11-04,100,CMP0037,Cheque,1,0
9109,2973,2026-06-11,25,CMP0107,Standing Order,1,0
8449,2755,2026-01-13,25,CMP0182,Standing Order,0,0
2565,865,2022-05-30,5,CMP0094,Direct Debit,1,0
6242,2051,2020-02-07,250,CMP0040,Online,0,0
6852,2251,2025-12-08,30.0,CMP0140,Standing Order,0,0
8022,2615,2023-05-11,100,CMP0119,Cheque,1,0
542,172,2024-06-10,7.5,CMP0089,Standing Order,1,0
4205,1394,2018-08-31,10,CMP0097,Direct Debit,0,0
125,37,2022-09-28,200,CMP0097,Online,1,0
10807,3515,2023-05-29,375.0,CMP0190,Direct Debit,0,0
2743,935,2021-05-27,5,CMP0153,Online,1,0
6666,2202,2025-11-01,25,CMP0103,Card,1,0
9123,2977,2022-01-25,250,CMP0129,Direct Debit,1,0
6944,2277,2022-12-13,5,CMP0035,Standing Order,1,0
11829,3837,2026-01-30,25,CMP0043,Direct Debit,0,0
9716,3174,2026-07-12,30,CMP0153,Card,1,0
5685,1865,2021-09-30,100,CMP0142,Cash,0,0
11487,3708,2025-07-01,30.0,CMP0189,Cash,1,0
3173,1067,2021-03-07,100,CMP0014,Card,1,0
689,218,2022-12-24,250,CMP0159,Standing Order,0,0
8833,2889,2023-06-12,15,CMP0010,Standing Order,1,0
4025,1344,2021-02-17,100,CMP0006,Cash,0,0
9302,3037,2020-10-03,25,CMP0111,Direct Debit,1,0
9089,2962,2019-12-30,5,CMP0031,Card,0,0
5508,1815,2019-11-11,500,CMP0151,Online,0,0
1306,428,2026-03-05,150.0,CMP0122,Cash,1,0
6894,2259,2025-01-30,200,CMP0079,Cash,1,0
9534,3112,2024-04-07,25,CMP0136,Direct Debit,1,0
6263,2055,2020-01-02,40,CMP0192,Cash,0,0
2554,862,2024-08-14,15,CMP0093,Card,0,0
11015,3573,2018-08-05,10,CMP0046,Cash,0,0
628,198,2023-08-06,30.0,CMP0089,Cheque,0,0
3602,1209,2025-03-12,100,CMP0185,Online,1,0
9831,3206,2025-08-17,50,CMP0083,Online,0,0
2833,966,2024-02-21,10,CMP0144,Cash,0,0
3725,1249,2022-06-30,375.0,CMP0175,Online,1,0
6556,2167,2025-09-26,100,CMP0161,Cash,0,0
1641,552,2024-06-29,25,CMP0186,Direct Debit,0,0
60,19,2026-05-24,50,CMP0183,Card,1,0
1267,416,2026-06-15,10,CMP0016,Online,1,0
9732,3178,2023-12-22,10,CMP0153,Cheque,0,0
9643,3145,2025-11-28,20,CMP0084,Cheque,0,0
9252,3020,2024-12-20,50,CMP0167,Direct Debit,1,0
10987,3563,2025-05-26,25,CMP0002,Online,0,0
7191,2350,2023-05-15,25,CMP0183,Card,1,0
7404,2417,2023-01-03,10,CMP0096,Cheque,0,0
2639,890,2026-04-04,250,CMP0129,Direct Debit,0,0
9254,3020,2021-09-04,100,CMP0120,Standing Order,1,0
9416,3071,2025-11-27,100,CMP0159,Online,1,0
3776,1265,2023-12-16,25,CMP0161,Cash,1,0
4278,1418,2025-06-14,250,CMP0093,Card,1,0
11820,3833,2026-05-07,250,CMP0086,Cheque,1,0
3059,1034,2025-12-27,25,CMP0118,Card,0,0
347,109,2020-08-13,20,CMP0159,Direct Debit,1,0
6897,2260,2026-03-25,7.5,CMP0162,Direct Debit,0,0
9221,3009,2023-09-01,25,CMP0012,Standing Order,0,0
4017,1341,2018-09-29,25,CMP0035,Standing Order,0,0
1075,356,2025-07-28,7.5,CMP0169,Online,1,0
5171,1710,2026-01-03,37.5,CMP0093,Online,1,0
3279,1101,2019-03-20,30.0,CMP0134,Online,1,0
11181,3619,2020-11-29,20,CMP0047,Card,0,0
2683,904,2017-09-15,75.0,CMP0189,Cheque,1,0
1424,472,2026-08-14,100,CMP0174,Cheque,1,0
2814,962,2023-03-18,50,CMP0147,Standing Order,1,0
4189,1392,2025-01-01,200,CMP0130,Online,1,0
2823,963,2025-08-09,15,CMP0023,Online,1,0
2059,686,2023-02-17,15,CMP0077,Cash,1,0
2249,754,2025-08-10,100,CMP0157,Standing Order,0,0
10040,3287,2021-12-10,5,CMP0192,Card,0,0
8556,2788,2025-11-28,25,CMP0011,Online,0,0
970,328,2019-10-17,500,CMP0191,Cash,0,0
5765,1892,2020-04-29,200,CMP0011,Card,0,0
6452,2133,2026-07-17,50,CMP0067,Direct Debit,1,0
5782,1897,2024-02-20,10,CMP0113,Cheque,0,0
12344,445,2026-08-05,25,CMP0132,Cheque,1,0
2719,931,2024-03-23,500,CMP0123,Standing Order,1,0
8091,2637,2024-09-09,20,CMP0113,Card,0,0
4951,1641,2025-07-23,200,CMP0167,Cheque,1,0
9904,3233,2023-09-11,22.5,CMP0167,Direct Debit,1,0
1955,657,2026-02-05,15,CMP0118,Standing Order,1,0
4614,1543,2022-11-07,250,CMP0057,Cash,1,0
9786,3196,2026-04-03,-100,CMP0118,Cash,0,0
9690,3167,2020-10-28,100,CMP0017,Direct Debit,1,0
5527,1820,2022-09-07,75.0,CMP0191,Direct Debit,0,0
10229,3341,2023-05-20,10,CMP0009,Cash,1,0
10796,3510,2023-03-20,5,CMP0039,Cheque,1,0
9846,3211,2022-07-31,50,CMP0120,Direct Debit,0,0
7046,2306,2018-05-07,100,CMP0001,Card,0,0
11909,3867,2025-12-03,30,CMP0048,Cheque,0,1
3356,1124,2022-06-06,100,CMP0052,Cash,1,0
11761,3808,2023-07-04,10,CMP0161,Cheque,0,0
247,74,2026-04-01,100,CMP0058,Cash,0,0
8201,2678,2026-03-25,25,CMP0181,Direct Debit,1,0
308,94,2020-07-19,7.5,CMP0125,Direct Debit,0,0
8103,2640,2018-07-30,375.0,CMP0091,Cash,0,0
5767,1892,2020-09-22,15,CMP0055,Online,1,0
4382,1454,2025-11-17,5,CMP0166,Cheque,0,0
5307,1756,2024-05-18,50,CMP0185,Cheque,0,0
9673,3160,2024-12-21,250,CMP0139,Direct Debit,1,0
10082,3298,2024-09-04,15,CMP0003,Direct Debit,0,0
9972,3263,2025-03-08,10,CMP0004,Direct Debit,0,0
3316,1110,2022-01-12,50,CMP0165,Online,0,0
7149,2339,2022-03-05,100,CMP0041,Card,0,0
6791,2231,2022-04-25,100,CMP0076,Standing Order,0,0
2705,922,2023-01-04,10,CMP0103,Standing Order,0,0
12031,3914,2022-04-02,20,CMP0156,Cash,0,0
11408,3680,2023-04-16,30,CMP0012,Cash,0,0
4139,1370,2022-07-14,30.0,CMP0003,Card,0,0
11722,3788,2023-05-12,10,CMP0083,Cheque,1,0
3392,1135,2026-06-13,7.5,CMP0068,Online,0,0
2428,821,2020-06-26,15.0,CMP0164,Standing Order,0,0
11287,3647,2021-02-09,100,CMP0032,Standing Order,1,0
7499,2449,2024-05-16,37.5,CMP0169,Direct Debit,0,0
10682,3483,2024-10-24,40,CMP0178,Card,0,0
10445,3405,2026-03-05,30,CMP0055,Card,0,0
9079,2962,2024-11-04,100,CMP0141,Cash,0,0
4220,1398,2023-12-06,250,CMP0036,Online,0,0
7206,2354,2024-07-23,22.5,CMP0187,Standing Order,0,0
8547,2784,2020-02-15,10,CMP0191,Online,1,0
2919,999,2025-12-25,100,CMP0023,Cash,1,0
6638,2192,2025-11-26,40,CMP0060,Online,0,0
1148,382,2025-05-16,75.0,CMP0046,Online,0,0
4936,1638,2025-12-21,25,CMP0105,Card,0,0
2064,688,2024-04-09,20,CMP0004,Cash,0,0
3710,1248,2022-07-24,100,CMP9977,Card,1,0
11976,3892,2025-10-02,100,CMP0186,Online,1,0
2964,1008,2026-05-04,25,CMP0077,Cash,1,1
1394,459,2026-06-22,250,CMP0135,Online,1,0
9718,3175,2026-01-11,20,CMP0083,Standing Order,0,0
1008,335,2024-04-26,25,CMP0151,Direct Debit,0,0
8566,2790,2026-02-05,20,CMP0022,Online,0,0
6030,1974,2023-06-19,15,CMP0100,Direct Debit,1,0
903,302,2025-05-11,200,CMP0093,Cheque,1,0
4919,1635,2026-05-09,250,CMP0134,Direct Debit,0,0
3052,1034,2025-02-22,10,CMP0050,Standing Order,1,0
8788,2871,2025-02-16,250,CMP0128,Online,0,0
12101,3939,2024-05-15,50,CMP0081,Direct Debit,1,0
9544,3117,2024-09-02,100,CMP0124,Online,0,0
5643,1852,2022-09-29,10,CMP0084,Cheque,1,0
11051,3581,2023-09-11,10,CMP0050,Card,1,0
9122,2977,2025-11-18,150.0,CMP0119,Online,0,0
1935,647,2026-02-21,30,CMP0133,Direct Debit,0,0
4003,1338,2026-02-10,15.0,CMP0039,Card,0,0
12203,3968,2025-12-01,10,CMP0141,Online,1,0
4381,1451,2025-05-16,20,CMP0108,Cheque,0,0
2986,1013,2024-11-06,20,CMP0018,Cash,0,0
10285,3364,2025-03-17,100,CMP0109,Direct Debit,0,0
5653,1856,2025-11-12,37.5,CMP0006,Cheque,1,0
11385,3671,2024-07-30,20,CMP0141,Cheque,1,0
11768,3811,2026-07-23,30,CMP0030,Standing Order,1,0
3261,1097,2021-02-10,10,CMP0168,Cash,1,0
12366,1005,2024-08-22,5,CMP0060,Cheque,1,0
9807,3199,2022-07-25,10,CMP0070,Online,0,0
2146,718,2025-10-07,10,CMP0149,Standing Order,1,0
1985,666,2022-09-04,22.5,CMP0033,Card,0,0
6054,1978,2026-06-26,37.5,CMP0053,Card,0,0
5878,1926,2018-03-02,200,CMP0079,Direct Debit,1,0
576,186,2025-11-29,5,CMP0112,Online,1,0
5404,1787,2025-10-10,100,CMP0097,Direct Debit,0,0
937,315,2023-04-27,20,CMP0109,Online,1,0
1490,499,2025-05-18,22.5,CMP0070,Cheque,0,0
8464,2761,2024-12-12,15,CMP0031,Standing Order,1,0
11572,3730,2017-02-27,15,CMP0085,Cash,0,0
7871,2568,2025-12-08,500,CMP0177,Cheque,1,0
4288,1419,2019-07-14,100,CMP0065,Direct Debit,0,0
10544,3438,2022-01-23,10,CMP0188,Standing Order,0,0
3868,1298,2026-02-16,25,CMP0049,Direct Debit,1,0
9485,3097,2019-05-06,100,CMP0065,Cash,0,0
2387,814,2021-02-26,500,CMP0039,Cash,1,0
5735,1882,2024-08-12,20,CMP0055,Card,1,0
12133,3950,2025-11-25,10,CMP0140,Direct Debit,0,0
4942,1639,2025-12-16,50,CMP0164,Cash,0,0
11961,3885,2018-06-04,30,CMP0189,Cheque,0,0
4893,1630,2024-11-28,250,CMP0019,Card,1,0
3683,1234,2025-07-05,100,CMP0036,Online,0,0
6825,2242,2025-10-26,20,CMP0186,Direct Debit,0,0
7815,2551,2022-07-06,5,CMP0110,Direct Debit,1,0
8741,2859,2022-11-25,200,CMP0110,Cheque,0,0
10056,3291,2020-04-23,250,CMP0079,Online,0,0
9277,3032,2023-10-19,375.0,CMP0108,Cash,1,0
11417,3683,2026-04-23,250,CMP0168,Direct Debit,1,0
5277,1748,2026-06-26,5,CMP0119,Standing Order,0,0
1540,520,2026-05-20,30,CMP0148,Standing Order,1,0
823,273,2022-06-02,250,CMP0073,Standing Order,1,0
8134,2651,2023-09-13,50,CMP0158,Card,0,1
10521,3433,2025-06-27,15,CMP0059,Standing Order,1,1
3560,1193,2024-07-08,50,CMP0051,Card,1,0
10741,3494,2024-10-03,22.5,CMP0130,Card,0,0
422,137,2024-02-26,25,CMP0131,Cash,1,0
3049,1034,2021-08-18,15.0,CMP0085,Cash,0,0
2915,995,2024-09-22,30.0,CMP0190,Cheque,0,0
4244,1405,2024-08-27,100,CMP0116,Card,1,0
5703,1872,2020-07-03,15,CMP0149,Cash,0,0
706,222,2025-11-16,250,CMP0116,Card,1,0
12175,3961,2023-08-28,15.0,CMP0056,Card,0,0
6646,2194,2025-09-03,75.0,CMP0010,Cash,0,0
11361,3667,2024-05-09,50,CMP0073,Cash,1,0
1257,412,2026-06-11,50,CMP0185,Cash,1,0
8363,95877,2026-04-07,15,CMP0085,Direct Debit,0,0
8362,2733,2024-11-03,20,CMP0012,Online,1,0
6367,2100,2026-05-01,20,CMP0005,Cheque,1,0
6391,2108,2025-06-06,30,CMP0152,Standing Order,1,0
6022,1972,2024-10-10,10,CMP0071,Cheque,1,0
675,208,2024-03-22,200,CMP0015,Standing Order,1,0
8221,2685,2023-04-27,25,CMP0077,Standing Order,1,0
5983,1958,2019-08-02,10,CMP0136,Direct Debit,0,0
10456,3408,2022-04-28,50,CMP0120,Cheque,0,0
4123,1366,2023-11-04,5,CMP0149,Standing Order,1,0
8673,2832,2026-06-28,50,CMP0067,Cash,0,0
3498,1170,2021-03-11,40,CMP0138,Online,1,0
9915,3239,2026-07-02,22.5,CMP0125,Card,0,0
6063,1983,2022-05-02,30,CMP0089,Standing Order,1,0
6553,2167,2020-10-17,10,CMP0047,Online,1,0
7847,2561,2024-01-09,30,CMP0051,Card,0,0
5244,1735,2024-04-01,15,CMP0023,Standing Order,0,0
508,159,2022-01-05,7.5,CMP0094,Online,0,1
228,68,2026-07-29,10,CMP0001,Card,1,0
4241,1405,2025-02-09,15,CMP0069,Card,1,0
3720,1249,2025-12-31,150.0,CMP0124,Cash,0,0
7199,2352,2024-01-19,375.0,CMP0088,Cash,0,0
9947,3255,2026-05-22,100,CMP0178,Direct Debit,1,0
7785,2545,2024-02-29,37.5,CMP0082,Direct Debit,0,0
415,136,2023-12-31,15,CMP0136,Cash,1,1
1007,335,2023-09-16,25,CMP0076,Direct Debit,0,0
7308,2384,2026-05-03,100,CMP0153,Direct Debit,0,0
3982,1333,2022-12-08,15,CMP0168,Cheque,1,0
2670,902,2024-02-27,10,CMP0058,Direct Debit,0,0
12357,598,2021-06-20,75.0,CMP0024,Online,1,0
3352,1124,2022-02-23,50,CMP0142,Cash,1,0
6115,1996,2024-12-04,7.5,CMP0139,Card,1,0
5829,1911,2020-07-17,25,CMP0034,Card,1,0
9758,3186,2026-04-22,5,CMP0108,Cheque,1,0
1565,525,2025-01-05,500,CMP0060,Standing Order,1,0
8325,2720,2020-02-18,25,CMP0151,Direct Debit,0,0
4421,1469,2024-03-30,250,CMP0159,Cheque,0,0
898,300,2019-11-25,10,CMP0078,Card,1,0
7289,2378,2025-03-15,7.5,CMP0174,Cash,0,0
214,60,2025-11-21,25,CMP0057,Direct Debit,0,0
5460,1799,2023-08-11,100,CMP0148,Direct Debit,1,0
7925,2582,2024-02-15,10,CMP0105,Online,0,0
3045,1033,2024-08-12,40,CMP0062,Online,1,0
10265,3353,2024-09-23,5,CMP0053,Online,0,0
5255,1741,2025-12-20,150.0,CMP0074,Standing Order,0,0
7962,2595,2023-02-06,250,CMP0066,Online,0,0
7453,2438,2026-03-07,20,CMP0046,Cheque,0,0
5838,1917,2023-02-18,100,CMP0122,Cash,1,0
2054,686,2025-04-05,375.0,CMP0030,Cheque,0,1
10003,3275,2024-10-16,30.0,CMP0093,Online,0,0
11139,3603,2023-03-06,100,CMP0145,Cheque,0,0
631,199,2024-02-27,50,CMP0021,Card,0,0
10625,3464,2025-08-03,100,CMP0018,Online,0,0
2596,879,2021-08-10,100,CMP0001,Cheque,0,0
10525,3433,2023-02-16,50,CMP0057,Card,1,0
5483,1805,2023-11-15,50,CMP0142,Standing Order,1,0
1570,526,2021-02-19,500,CMP0031,Cash,0,0
9663,3156,2022-02-25,75.0,CMP0154,Card,0,0
9283,3033,2024-05-30,150.0,CMP0119,Direct Debit,1,0
11620,3740,2019-12-05,375.0,CMP0099,Standing Order,0,0
1482,496,2026-07-08,5,CMP0073,Direct Debit,1,0
253,77,2024-03-17,5,CMP0155,Standing Order,0,0
7938,2583,2024-11-13,75.0,CMP0059,Cheque,1,0
138,40,2024-06-06,10,CMP0099,Direct Debit,0,0
2433,821,2024-10-09,250,CMP0030,Standing Order,1,0
5842,1917,2022-04-18,5,CMP0054,Standing Order,0,0
10600,3457,2024-03-13,75.0,CMP0183,Cash,0,0
5506,1815,2023-09-09,100,CMP0146,Cash,0,0
134,40,2024-04-05,5,CMP0117,Online,0,0
8393,2741,2026-03-09,50,CMP0059,Cash,1,0
6114,1996,2025-07-01,10,CMP0099,Card,0,0
2271,766,2025-01-21,100,CMP0141,Direct Debit,0,0
6532,2163,2023-09-12,5,CMP0176,Standing Order,0,0
1797,603,2025-05-14,250,CMP0078,Cheque,0,0
9482,3096,2023-07-26,20,CMP0096,Standing Order,0,0
368,117,2025-11-07,30.0,CMP0047,Standing Order,1,0
3765,1264,2024-12-05,37.5,CMP0067,Card,0,0
7957,2593,2025-09-16,100,CMP0066,Card,1,0
3461,1156,2021-09-01,500,CMP0011,Direct Debit,0,0
679,211,2025-10-27,15.0,CMP0039,Direct Debit,1,0
4359,1444,2024-11-04,10,CMP0110,Cheque,0,0
10693,3484,2019-11-11,50,CMP0171,Card,0,0
8165,2659,2025-11-29,15,CMP0084,Card,0,0
1829,618,2025-10-23,100,CMP0007,Card,0,0
1027,341,2025-07-11,40,CMP0019,Card,0,0
9140,2982,2019-10-19,15,CMP0122,Direct Debit,1,0
10094,3306,2024-07-16,20,CMP0005,Standing Order,0,0
3077,1042,2024-12-25,37.5,CMP0130,Cheque,0,0
3064,1036,2025-11-16,40,CMP0143,Cash,0,0
9080,2962,2022-03-01,10,CMP0143,Cheque,1,0
5014,1663,2026-06-23,5,CMP0163,Direct Debit,1,0
12185,3963,2026-07-09,50,CMP0027,Card,0,0
8847,2892,2024-08-31,30,CMP0083,Direct Debit,0,0
4761,1584,2026-03-21,20,CMP0013,Cash,0,0
9484,3096,2026-07-07,150.0,CMP0134,Cheque,1,0
5872,1925,2024-04-08,250,CMP0154,Direct Debit,1,0
7407,2417,2025-08-26,100,CMP0001,Online,0,0
7438,2428,2021-01-14,250,CMP0182,Cash,1,0
110,33,2025-04-06,15,CMP0049,Direct Debit,1,0
11240,3631,2023-11-02,15.0,CMP0169,Cheque,1,0
5485,1805,2021-01-19,250,CMP0006,Online,1,0
5831,1913,2020-04-28,10,CMP0147,Online,1,0
4964,1644,2024-06-10,10,CMP0056,Cheque,0,0
10457,3408,2024-08-31,37.5,CMP0008,Standing Order,0,0
6456,2134,2024-01-01,25,CMP0036,Standing Order,0,0
1436,478,2021-03-12,250,CMP0015,Cash,1,0
11564,3729,2023-11-02,100,CMP0036,Standing Order,1,0
2957,1005,2022-02-12,100,CMP0149,Cash,1,0
15,3,2018-03-06,15,CMP0019,Standing Order,0,0
6102,1991,2024-11-06,15,CMP0140,Direct Debit,1,0
1124,377,2025-10-05,-100,CMP0055,Standing Order,0,0
1690,570,2026-04-10,30.0,CMP0056,Standing Order,0,0
11260,3640,2021-01-06,10,CMP0123,Standing Order,0,0
6634,2192,2018-12-22,200,CMP0119,Card,0,0
2160,722,2025-03-22,50,CMP0043,Cheque,0,0
1260,414,2025-10-24,10,CMP0118,Direct Debit,0,0
10552,3441,2022-08-01,75.0,CMP0142,Cash,1,0
5140,1702,2018-10-11,100,CMP0168,Cash,1,0
7303,2382,2024-08-11,40,CMP0050,Cheque,1,0
3448,1155,2023-09-19,500,CMP0010,Direct Debit,0,0
813,270,2022-04-16,25,CMP0191,Standing Order,0,0
6863,2253,2020-02-20,50,CMP0132,Card,0,0
6635,2192,2017-07-10,75.0,CMP0043,Online,1,0
467,148,2023-07-01,40,CMP0087,Cheque,0,0
5720,1876,2026-05-08,37.5,CMP0046,Online,0,0
1579,532,2024-05-27,75.0,CMP0167,Cheque,0,0
8302,2713,2024-11-12,50,CMP0152,Direct Debit,1,0
10048,3289,2024-06-15,5,CMP0095,Card,0,0
11911,3867,2026-06-02,-50,CMP0188,Cash,0,0
9795,3197,2020-07-22,10,CMP0017,Direct Debit,0,0
12361,1288,2025-06-18,20,CMP0156,Cheque,0,0
3950,1327,2025-05-04,20,CMP0172,Cash,0,0
2082,693,2017-09-07,25,CMP0031,Direct Debit,1,0
2214,739,2021-02-22,20,CMP0060,Cheque,0,0
5865,1922,2025-02-04,100,CMP0030,Standing Order,0,0
9916,3239,2025-06-18,22.5,CMP0011,Cash,1,0
12328,4018,2026-05-06,250,CMP0095,Online,1,0
10403,3391,2021-04-15,100,CMP0113,Card,1,0
4216,1395,2023-07-11,250,CMP0166,Cheque,1,0
161,47,2022-11-04,22.5,CMP0184,Cash,1,0
3537,1182,2026-06-02,20,CMP0120,Standing Order,0,0
7766,2536,2024-03-04,20,CMP0110,Direct Debit,1,0
9424,3072,2022-06-27,10,CMP0169,Cheque,1,0
2283,772,2024-11-11,7.5,CMP0130,Online,1,0
287,82,2024-11-09,250,CMP0063,Online,0,0
9804,3199,2024-01-25,20,CMP0175,Standing Order,1,0
5192,1718,2026-06-24,25,CMP0190,Cheque,0,0
9965,3262,2026-03-28,250,CMP0113,Standing Order,0,0
7287,2378,2026-07-24,250,CMP0073,Card,1,0
9072,2959,2025-03-24,500,CMP0116,Cash,1,0
2645,892,2022-08-07,5,CMP0075,Direct Debit,0,0
5359,1769,2024-01-07,100,CMP0147,Direct Debit,1,0
4781,1594,2025-06-20,15,CMP0049,Standing Order,0,0
1227,403,2023-06-19,150.0,CMP0009,Standing Order,1,0
7964,2595,2023-02-14,100,CMP0165,Card,0,0
1224,402,2020-05-04,25,CMP0098,Direct Debit,1,0
773,254,2023-03-25,200,CMP0080,Online,1,0
6699,2212,2023-09-09,40,CMP0159,Card,1,0
2501,849,2021-05-05,20,CMP0002,Direct Debit,1,1
8313,2719,2025-07-28,100,CMP0179,Standing Order,1,0
8683,2834,2022-03-31,10,CMP0143,Online,1,0
8163,2656,2024-11-18,15,CMP0008,Cash,1,0
436,140,2025-02-16,22.5,CMP0191,Standing Order,0,0
3604,1209,2024-10-24,100,CMP0112,Card,1,0
10894,3541,2023-11-23,15,CMP0151,Card,1,0
8893,2900,2021-03-23,22.5,CMP0150,Online,0,0
8107,2640,2023-02-12,5,CMP0112,Cheque,0,0
2836,966,2025-08-10,25,CMP0055,Direct Debit,1,0
4144,1372,2025-08-01,250,CMP0005,Online,1,0
1161,384,2021-09-12,500,CMP0176,Online,0,0
11664,3760,2024-06-26,15,CMP0038,Direct Debit,0,0
11251,3634,2026-04-23,15.0,CMP0069,Card,0,0
1265,415,2026-06-08,500,CMP0023,Card,1,0
1112,370,2026-01-16,250,CMP0099,Card,0,0
1612,543,2023-08-31,100,CMP0070,Online,1,0
8818,2880,2025-04-24,30,CMP0159,Cheque,0,0
12212,3974,2025-06-28,15,CMP0168,Cheque,0,0
7001,2293,2021-03-16,100,CMP0187,Direct Debit,1,0
9339,3048,2023-05-12,10,CMP0026,Cheque,1,0
6864,93574,2023-12-01,100,CMP0032,Cash,1,0
5196,1722,2023-02-03,375.0,CMP0191,Card,1,0
5222,1730,2026-01-08,100,CMP0133,Cash,1,0
7129,2331,2023-03-29,100,CMP0184,Card,0,0
11102,3591,2023-06-29,100,CMP0063,Direct Debit,0,0
2104,697,2026-05-24,20,CMP0027,Standing Order,0,0
7556,2471,2024-06-06,100,CMP0060,Standing Order,0,0
9676,3163,2025-01-04,100,CMP0084,Online,0,0
5377,1775,2021-05-29,150.0,CMP0186,Cheque,1,0
4805,1601,2018-07-04,375.0,CMP0171,Standing Order,0,0
2663,897,2025-06-24,20,CMP0087,Standing Order,1,0
6417,2117,2024-02-11,250,CMP0052,Cash,0,0
5555,1830,2021-06-03,37.5,CMP0128,Card,1,0
6238,2050,2020-05-29,500,CMP0004,Online,1,0
4212,1395,2025-11-06,20,CMP0190,Cash,1,0
3343,1122,2024-01-12,100,CMP0134,Online,1,0
3648,1223,2026-04-12,20,CMP0125,Cheque,1,0
9734,3180,2026-06-04,15.0,CMP0078,Cash,1,0
5398,1784,2024-08-31,100,CMP0152,Direct Debit,1,0
11925,3871,2026-03-22,25,CMP0121,Cheque,0,0
6403,2115,2025-10-30,7.5,CMP0158,Online,0,0
2868,978,2026-01-17,10,CMP0191,Direct Debit,0,0
2765,940,2022-12-07,30.0,CMP0077,Standing Order,1,0
11359,3666,2026-03-15,75.0,CMP0031,Online,0,0
4831,1606,2025-11-15,22.5,CMP0030,Direct Debit,0,0
11683,3768,2025-06-01,375.0,CMP0067,Standing Order,0,0
9589,3128,2023-08-20,25,CMP0058,Cheque,0,0
545,173,2024-07-13,50,CMP0102,Online,1,0
7475,2441,2021-09-22,5,CMP0155,Direct Debit,1,0
5082,1684,2026-02-19,30.0,CMP0006,Direct Debit,1,0
9324,3043,2023-08-04,50,CMP0059,Cash,1,0
7711,2518,2019-11-20,20,CMP0088,Cash,0,0
9543,3117,2025-06-10,25,CMP0090,Cheque,0,0
5050,1676,2026-03-11,500,CMP0008,Direct Debit,1,0
8320,2719,2023-01-16,15,CMP0160,Online,0,0
9085,2962,2025-02-06,5,CMP0102,Cheque,1,0
12326,4016,2020-10-26,15,CMP0028,Direct Debit,1,0
9873,3225,2026-05-29,5,CMP0074,Cash,0,0
10811,3516,2022-12-16,5,CMP0021,Cash,0,0
2240,748,2026-06-03,5,CMP0034,Card,1,0
4665,1561,2026-04-21,5,CMP0066,Standing Order,0,0
4221,1398,2024-10-10,50,CMP0069,Standing Order,1,0
7368,2401,2018-03-22,250,CMP0074,Cheque,0,0
6353,2092,2023-03-15,20,CMP0157,Card,1,0
9832,3206,2026-07-24,20,CMP0163,Direct Debit,1,0
1405,468,2024-04-03,15.0,CMP0019,Card,0,0
2379,813,2024-01-07,200,CMP0030,Card,0,0
9704,3171,2020-04-27,100,CMP0085,Cash,1,0
5371,1773,2021-09-22,22.5,CMP0159,Cash,1,0
12107,3941,2025-11-23,5,CMP0174,Card,1,0
9118,2977,2020-07-03,15,CMP0032,Direct Debit,1,0
6846,2250,2026-06-09,50,CMP0048,Online,1,0
244,74,2025-12-05,500,CMP0039,Standing Order,0,0
11932,3873,2020-07-15,25,CMP0173,Online,0,1
8097,2640,2024-12-15,15,CMP0045,Direct Debit,0,0
10698,3485,2025-03-03,20,CMP0096,Cheque,0,0
12358,1940,2022-03-11,20,CMP0080,Online,0,0
3598,1209,2022-07-14,100,CMP0071,Cash,1,0
11718,3785,2019-10-02,30,CMP0004,Cheque,1,0
10794,3506,2024-04-05,50,CMP0058,Online,1,0
10834,3522,2022-06-18,250,CMP0136,Direct Debit,1,0
11687,3771,2024-11-26,10,CMP0019,Standing Order,0,0
9125,2977,2025-07-24,50,CMP0162,Cash,1,0
4946,1640,2024-02-02,15.0,CMP0088,Direct Debit,0,1
9578,3126,2022-01-08,100,CMP0147,Direct Debit,1,0
6100,1991,2021-09-17,15,CMP0141,Cash,0,0
4307,1425,2024-02-21,20,CMP0120,Standing Order,0,0
411,135,2025-06-03,100,CMP0180,Cheque,0,0
9142,2982,2021-10-19,37.5,CMP0079,Cheque,0,0
1685,568,2025-11-29,25,CMP0037,Card,0,0
10976,3561,2023-04-09,100,CMP0057,Cheque,1,0
8195,2677,2023-06-15,75.0,CMP0144,Card,1,0
2212,739,2022-02-22,50,CMP0154,Cheque,1,0
8950,2926,2022-07-14,7.5,CMP0038,Direct Debit,1,0
5968,1956,2023-09-24,100,CMP0177,Standing Order,1,0
3669,1230,2017-08-16,10,CMP0168,Direct Debit,0,0
3481,1164,2018-12-22,10,CMP0023,Direct Debit,0,0
12342,1818,2021-11-16,50,CMP0090,Direct Debit,1,0
7413,2421,2025-10-27,50,CMP0095,Online,0,0
5370,1773,2020-07-03,50,CMP0083,Direct Debit,1,0
9082,2962,2021-06-01,15,CMP0075,Standing Order,0,0
8746,2862,2024-11-13,20,CMP0128,Cheque,1,0
7907,2577,2025-01-21,20,CMP0076,Standing Order,0,0
680,212,2023-01-13,250,CMP0125,Direct Debit,0,0
1355,444,2024-03-16,25,CMP0142,Standing Order,1,0
6531,2163,2020-01-14,30,CMP0133,Standing Order,1,0
7830,2553,2025-11-04,50,CMP0124,Cheque,1,0
6500,2149,2025-06-03,100,CMP0187,Cheque,0,0
1784,597,2023-12-21,25,CMP0106,Cash,0,0
11264,3641,2019-05-11,25,CMP0035,Online,1,0
9581,3127,2023-11-29,50,CMP0099,Cheque,1,0
3148,1062,2025-08-21,150.0,CMP0076,Standing Order,0,0
3518,1176,2026-02-25,20,CMP0034,Direct Debit,0,0
8705,2849,2026-01-25,15,CMP0018,Online,1,0
6319,2085,2026-07-23,150.0,CMP0087,Direct Debit,1,0
7909,2578,2026-03-06,15,CMP0175,Cash,1,0
9631,3143,2023-07-01,75.0,CMP0074,Direct Debit,1,0
6927,2274,2023-03-28,5,CMP0151,Cash,1,0
2712,929,2026-01-31,50,CMP0150,Standing Order,0,0
4607,1537,2025-11-29,15,CMP0172,Cheque,0,0
2132,712,2026-03-16,25,CMP0050,Standing Order,0,0
7089,2318,2025-07-11,75.0,CMP0039,Online,1,0
7897,2574,2025-12-03,5,CMP0054,Cheque,1,0
1413,471,2025-09-22,5,CMP0114,Cash,0,0
10758,3497,2025-08-19,10,CMP0083,Cheque,0,0
8596,2803,2026-06-03,50,CMP0146,Online,0,0
10181,3328,2024-08-20,10,CMP0077,Cash,1,0
11258,3637,2024-07-31,50,CMP0153,Cash,0,0
2175,730,2022-01-16,20,CMP0122,Standing Order,1,0
150,46,2024-12-22,200,CMP0154,Cheque,1,0
2816,962,2026-05-29,100,CMP0086,Card,0,0
9654,3151,2021-12-03,250,CMP0140,Online,0,0
12005,3901,2025-11-14,375.0,CMP0118,Standing Order,1,0
1430,473,2025-01-27,100,CMP0182,Card,1,0
8001,2608,2025-12-23,15.0,CMP0098,Standing Order,0,0
11802,3825,2023-10-30,10,CMP0149,Cash,0,0
2861,977,2020-07-10,37.5,CMP0087,Card,0,1
6566,2174,2020-05-23,10,CMP0192,Cash,1,0
1860,625,2025-08-05,15,CMP0029,Standing Order,0,0
3284,1102,2023-04-26,20,CMP0021,Cash,0,0
4149,1374,2026-02-02,5,CMP0049,Standing Order,0,0
2314,785,2024-11-11,40,CMP0117,Cash,0,0
328,102,2025-09-12,375.0,CMP0186,Cash,0,0
2784,951,2025-01-15,75.0,CMP0154,Card,0,0
10024,3283,2024-08-06,100,CMP0158,Card,0,0
7992,2600,2025-10-04,250,CMP0012,Cash,1,0
3996,1337,2026-07-17,20,CMP0107,Cheque,1,0
10238,3343,2026-03-02,15,CMP0091,Online,1,0
5601,1837,2023-02-05,50,CMP0131,Cheque,1,0
6221,2048,2023-10-22,100,CMP0074,Cash,0,0
5805,1904,2020-04-23,50,CMP0185,Direct Debit,1,0
7243,2366,2024-06-30,40,CMP0061,Direct Debit,0,0
8867,2897,2020-11-06,50,CMP9950,Direct Debit,1,0
8278,2709,2019-03-24,50,CMP0086,Card,0,0
10497,3417,2025-03-17,10,CMP0113,Cash,1,0
3688,1239,2024-12-20,10,CMP0074,Standing Order,0,0
2418,818,2018-05-31,150.0,CMP0092,Online,1,0
3178,1069,2026-07-16,20,CMP0025,Standing Order,0,0
8593,2801,2023-11-26,15,CMP0177,Cheque,1,0
2844,969,2025-12-15,5,CMP0015,Cash,0,0
131,40,2023-08-14,250,CMP0180,Online,0,0
4668,1561,2025-09-09,5,CMP0157,Standing Order,0,0
180,51,2025-10-21,50,CMP0076,Card,0,0
4613,1540,2026-05-14,100,CMP0030,Online,1,0
5279,1749,2026-03-20,10,CMP0024,Direct Debit,1,0
10385,3385,2024-07-01,50,CMP0055,Standing Order,0,0
957,319,2020-11-18,250,CMP0135,Direct Debit,0,0
747,248,2022-08-12,100,CMP0070,Direct Debit,1,0
8666,2829,2023-08-23,10,CMP0073,Standing Order,1,0
877,289,2024-08-20,22.5,CMP0081,Direct Debit,0,0
2828,965,2021-05-21,25,CMP0014,Direct Debit,0,0
2278,769,2025-03-20,500,CMP0089,Cash,1,0
10283,3363,2019-11-03,100,CMP0135,Online,0,0
6847,2250,2025-06-02,25,CMP0169,Standing Order,1,0
8562,2788,2026-05-05,10,CMP0013,Standing Order,1,0
8635,2819,2024-12-29,30.0,CMP0043,Cheque,0,0
4688,1566,2021-01-27,500,CMP0161,Online,1,0
8735,2856,2022-02-28,50,CMP0138,Cash,1,0
6145,2004,2021-01-26,22.5,CMP0163,Online,1,0
5270,1743,2021-03-06,20,CMP0012,Cheque,0,0
4335,1433,2018-05-05,10,CMP0124,Cheque,1,0
7255,2372,2022-03-13,0,CMP0013,Cheque,0,0
342,107,2020-12-31,25,CMP0159,Cash,1,0
101,30,2025-05-22,100,CMP0128,Card,0,0
9131,2978,2024-02-03,22.5,CMP0126,Online,0,0
4348,1441,2026-06-07,5,CMP0106,Online,1,0
5888,1928,2023-07-02,22.5,CMP0137,Direct Debit,1,0
453,146,2024-06-17,10,CMP0117,Card,0,0
1541,520,2024-10-10,500,CMP0060,Card,1,0
7412,2420,2025-08-06,37.5,CMP0072,Online,0,0
8822,2885,2017-07-02,25,CMP0094,Card,1,0
6436,2122,2022-12-03,100,CMP0085,Standing Order,0,0
4918,1634,2021-09-08,25,CMP0145,Standing Order,1,0
3380,1129,2023-12-15,10,CMP0130,Online,1,0
6306,2077,2020-11-12,20,CMP0028,Direct Debit,1,0
2046,680,2026-01-02,37.5,CMP9755,Cheque,0,1
11065,3585,2019-12-01,5,CMP0159,Direct Debit,0,0
12335,3281,2021-02-04,25,CMP0159,Cash,1,0
2377,813,2021-08-19,22.5,CMP0117,Online,1,0
8625,2816,2023-10-29,50,CMP0050,Direct Debit,1,0
7973,2596,2022-03-03,25,CMP0095,Direct Debit,1,0
9002,2941,2023-11-05,25,CMP0047,Direct Debit,0,0
10396,3390,2023-02-11,375.0,CMP0043,Card,1,0
11149,3608,2025-08-16,100,CMP0152,Direct Debit,0,0
7861,2566,2025-02-21,10,CMP0093,Direct Debit,1,0
11471,3702,2023-07-14,50,CMP0172,Direct Debit,1,0
6475,2137,2023-07-08,10,CMP0154,Standing Order,1,0
11261,3641,2022-12-26,20,CMP0032,Online,1,0
12285,4000,2024-03-12,30,CMP0064,Cheque,1,0
1760,588,2022-08-22,500,CMP0074,Online,1,0
5507,1815,2025-12-26,500,CMP0153,Card,1,0
7652,2497,2019-09-30,20,CMP0107,Cash,1,0
10930,3546,2018-06-02,20,CMP0059,Online,0,0
8400,2743,2026-06-01,15.0,CMP0151,Standing Order,1,0
5481,1805,2023-12-07,20,CMP0068,Online,1,0
9308,3038,2024-05-26,5,CMP0166,Card,0,0
772,254,2024-08-22,10,CMP0059,Cheque,0,1
4622,1543,2020-06-23,20,CMP0174,Online,1,0
10746,3496,2023-08-22,100,CMP0022,Cash,0,0
9180,2996,2025-04-26,50,CMP0023,Direct Debit,1,1
10141,3320,2019-12-31,40,CMP0175,Standing Order,1,0
11045,3581,2020-12-25,500,CMP0059,Cash,1,1
2147,718,2024-12-15,50,CMP0014,Card,0,0
4975,1649,2020-03-12,10,CMP0085,Online,1,0
7290,2378,2026-04-26,10,CMP0035,Direct Debit,1,0
2918,997,2025-12-30,50,CMP0136,Cash,1,0
2938,1002,2024-10-19,22.5,CMP0084,Cash,0,0
11259,3637,2025-05-12,150.0,CMP0106,Cheque,0,0
2573,871,2025-02-15,15,CMP0127,Card,0,0
3005,1018,2024-12-27,100,CMP0145,Online,1,0
8958,2928,2025-04-07,250,CMP0179,Standing Order,1,0
995,331,2020-11-06,10,CMP0014,Cash,0,0
3989,1334,2025-05-30,20,CMP0050,Cheque,1,0
4715,1577,2022-11-25,15.0,CMP0101,Standing Order,0,0
4522,1504,2023-07-18,50,CMP0086,Cash,1,0
7112,2324,2026-07-18,100,CMP0128,Standing Order,0,0
8212,2683,2023-10-06,200,CMP0149,Standing Order,1,0
2995,1017,2023-02-08,500,CMP0040,Card,1,0
1883,630,2024-10-02,50,CMP0084,Direct Debit,1,0
7251,2369,2024-10-12,25,CMP0001,Direct Debit,1,0
5611,1839,2024-03-21,15,CMP0053,Cheque,1,0
6036,1975,2024-06-07,15,CMP0139,Cash,0,0
7864,2567,2020-12-04,25,CMP0077,Standing Order,0,0
8002,2609,2024-07-27,100,CMP0100,Direct Debit,0,0
8182,2668,2026-03-24,30.0,CMP0009,Online,1,0
10736,3493,2021-10-09,500,CMP0002,Standing Order,1,0
1678,566,2022-04-30,30,CMP0179,Online,1,0
9375,3061,2024-12-23,15,CMP0058,Standing Order,0,0
3200,1075,2024-12-01,15.0,CMP0080,Online,0,0
8326,2720,2023-02-13,30.0,CMP0017,Cash,1,0
5688,1866,2019-10-27,7.5,CMP0062,Cash,0,0
3995,1337,2023-12-18,10,CMP0015,Cash,1,0
1897,636,2023-02-21,50,CMP0182,Cash,0,0
3698,1244,2024-04-05,20,CMP0153,Direct Debit,1,0
3108,1051,2021-03-08,10,CMP0152,Cash,1,0
6178,2027,2024-05-16,100,CMP0116,Cash,0,0
1763,590,2023-11-14,15,CMP0180,Online,1,0
4132,1369,2024-04-24,37.5,CMP0124,Online,1,0
4920,1635,2025-08-30,5,CMP0048,Online,0,0
33,9,2023-06-09,200,CMP0046,Online,1,0
5039,1672,2025-08-27,5,CMP0177,Direct Debit,1,0
4313,1428,2025-05-21,40,CMP0135,Cheque,1,0
4744,1581,2023-08-28,15,CMP0020,Cheque,1,0
3323,1112,2018-07-21,5,CMP0129,Cash,0,0
6668,2203,2022-12-09,5,CMP0176,Cheque,1,0
11046,3581,2019-06-15,100,CMP0007,Online,0,0
12153,3956,2025-11-04,20,CMP0047,Online,1,0
3845,1288,2023-09-30,150.0,CMP0100,Cash,1,0
9836,3208,2021-04-25,20,CMP0050,Cash,0,0
8196,2677,2025-02-04,25,CMP0186,Direct Debit,0,1
174,50,2022-01-09,10,CMP0142,Cheque,0,0
175,50,2022-08-19,5,CMP0192,Direct Debit,1,0
3748,1254,2021-08-28,50,CMP0034,Card,1,0
5712,1873,2025-08-12,40,CMP0188,Direct Debit,0,0
4584,1529,2025-10-22,150.0,CMP0048,Cheque,1,0
127,38,2021-12-02,50,CMP0048,Card,0,0
5358,1769,2026-02-05,25,CMP0034,Online,0,0
5343,1763,2025-03-14,50,CMP0161,Standing Order,1,0
8441,2752,2025-02-27,22.5,CMP0132,Online,1,0
379,123,2024-11-06,20,CMP0190,Card,1,0
10522,3433,2018-09-16,100,CMP0153,Card,1,0
3940,1318,2022-09-02,20,CMP0029,Cheque,0,1
173,50,2024-02-07,25,CMP0014,Cash,0,0
9991,3268,2020-01-13,7.5,CMP0149,Standing Order,0,0
12264,3992,2022-04-17,10,CMP0106,Cheque,1,0
3624,1215,2024-02-12,25,CMP0056,Online,0,0
7933,2582,2021-05-03,20,CMP0079,Cheque,1,0
12068,3929,2024-10-16,20,CMP0108,Cheque,1,0
2997,1017,2021-06-09,15,CMP0028,Online,0,0
7246,2369,2023-09-30,100,CMP0057,Cash,1,0
7817,2552,2021-01-08,375.0,CMP0181,Standing Order,0,0
4083,1359,2019-05-26,30,CMP0175,Card,1,0
7866,2567,2024-03-23,375.0,CMP0022,Cash,0,0
5213,1728,2026-08-16,25,CMP0067,Cheque,1,0
9579,3126,2025-08-30,22.5,CMP0168,Standing Order,0,0
3785,1269,2024-01-20,15.0,CMP0087,Cheque,1,0
4156,1377,2020-12-12,25,CMP0153,Cash,0,0
1742,585,2022-05-04,15.0,CMP0047,Cash,0,0
4076,1356,2026-01-26,10,CMP0101,Direct Debit,1,0
2536,857,2024-06-08,100,CMP0129,Cash,1,0
4821,1604,2025-05-07,250,CMP0012,Standing Order,0,0
4015,1339,2025-05-29,7.5,CMP0019,Cash,1,0
8413,2747,2022-10-27,50,CMP0017,Cash,1,0
9310,3038,2024-06-28,5,CMP0161,Direct Debit,1,0
1043,345,2026-05-19,15,CMP0191,Direct Debit,0,0
8323,2720,2024-01-21,20,CMP0180,Online,1,0
11881,3855,2024-03-07,10,CMP0089,Direct Debit,1,0
3501,1171,2018-12-07,250,CMP0017,Card,0,0
6103,1992,2022-09-03,10,CMP0092,Standing Order,1,0
3581,1203,2023-12-07,5,CMP0186,Cheque,1,0
7418,2424,2024-12-06,50,CMP0040,Direct Debit,1,0
5627,1845,2021-04-26,75.0,CMP0159,Cash,0,0
6101,1991,2022-10-24,250,CMP0064,Standing Order,0,0
7735,2528,2022-02-06,5,CMP0116,Cheque,0,0
5801,1904,2020-01-30,50,CMP0182,Cheque,0,0
5517,1818,2023-03-19,100,CMP0171,Cheque,0,0
977,328,2021-08-13,10,CMP0055,Direct Debit,1,0
11279,3644,2017-02-20,20,CMP0046,Direct Debit,0,0
7517,2458,2020-07-07,100,CMP0029,Card,1,0
2516,852,2024-11-28,15.0,CMP0108,Card,1,0
168,49,2022-02-06,150.0,CMP0025,Card,1,0
10382,3384,2026-04-16,5,CMP0019,Card,1,0
4782,1594,2025-04-10,7.5,CMP0034,Card,0,0
3945,1320,2026-02-27,50,CMP0043,Cash,1,0
12055,3923,2023-10-11,20,CMP0015,Online,1,0
7539,2468,2021-07-15,10,CMP0019,Card,0,0
8832,2889,2022-06-28,250,CMP0167,Direct Debit,0,0
8377,2736,2025-04-20,30.0,CMP0172,Cash,1,0
4543,1511,2024-12-22,150.0,CMP0145,Direct Debit,1,0
1088,361,2025-02-04,50,CMP0169,Cheque,1,0
7346,2396,2026-03-07,15,CMP0086,Cash,0,0
6008,1969,2022-10-24,75.0,CMP0064,Direct Debit,1,0
11970,3891,2024-05-18,20,CMP0175,Direct Debit,0,0
1587,534,2024-01-03,5,CMP0039,Cash,0,0
3735,1251,2022-11-26,15.0,CMP0093,Cash,1,0
3259,1097,2019-04-10,5,CMP0014,Card,1,0
3529,1180,2026-08-17,250,CMP0053,Standing Order,1,0
5091,1688,2025-12-13,200,CMP0002,Cheque,0,0
10572,3451,2020-06-10,10,CMP0134,Cheque,1,0
8594,2801,2022-01-13,50,CMP0019,Card,0,0
3160,1064,2023-08-11,30,CMP0175,Direct Debit,1,0
6784,2229,2024-01-19,50,CMP0167,Card,0,0
2636,887,2025-05-09,20,CMP0051,Standing Order,1,0
12241,3982,2024-05-19,5,CMP0178,Online,1,0
10449,3407,2019-11-20,250,CMP0146,Standing Order,0,0
249,74,2021-07-02,22.5,CMP0138,Online,0,0
3877,1299,2022-06-28,100,CMP0182,Card,1,0
6530,2163,2025-03-09,7.5,CMP0108,Online,0,0
8494,2770,2020-04-23,40,CMP0192,Online,0,0
953,319,2020-02-22,25,CMP0032,Online,0,0
5084,1685,2025-05-28,25,CMP0013,Standing Order,0,0
1370,447,2025-04-21,15.0,CMP0016,Card,1,0
9935,3250,2024-03-22,5,CMP0021,Standing Order,1,0
4581,1527,2022-09-26,30,CMP0047,Direct Debit,0,0
1171,385,2024-02-07,20,CMP0022,Card,0,0
1419,472,2024-09-27,20,CMP0158,Standing Order,1,0
5276,1746,2026-05-06,250,CMP0097,Cheque,0,0
5308,1756,2026-08-17,50,CMP0177,Standing Order,0,0
327,101,2023-12-04,5,CMP0121,Online,1,0
627,198,2024-10-27,7.5,CMP0181,Online,1,0
8454,2756,2019-10-27,250,CMP0012,Direct Debit,0,0
9924,3246,2024-10-10,50,CMP0154,Direct Debit,1,0
7723,2523,2022-06-16,250,CMP0123,Direct Debit,0,0
10754,3496,2026-03-09,15,CMP0001,Standing Order,0,0
10134,3320,2020-01-04,250,CMP0020,Cash,0,0
11158,3611,2022-05-07,50,CMP0004,Direct Debit,1,0
2,1,2025-06-16,7.5,CMP0090,Card,1,0
10478,3412,2020-12-28,10,CMP0191,Online,1,0
7336,2391,2025-02-05,25,CMP0131,Online,0,0
1653,555,2026-04-17,10,CMP0171,Online,1,0
7325,2389,2024-08-24,10,CMP0052,Direct Debit,1,0
3823,1284,2025-02-03,10,CMP0005,Cash,1,0
923,312,2023-05-27,10,CMP0082,Cash,0,0
2490,848,2023-02-22,15.0,CMP0016,Online,1,0
1627,548,2024-10-17,7.5,CMP0070,Standing Order,0,0
6695,2212,2023-05-02,15,CMP0007,Card,1,0
9138,2982,2025-11-07,40,CMP0108,Cheque,1,0
10659,3475,2024-07-13,5,CMP0167,Cash,1,0
815,270,2026-03-30,250,CMP0050,Cheque,0,0
3018,1023,2025-10-26,50,CMP0103,Card,0,0
3837,1286,2023-12-28,7.5,CMP0146,Cash,0,0
7809,2550,2020-04-16,15,CMP0003,Cheque,0,0
2153,719,2026-05-18,50,CMP0090,Cheque,1,0
5197,1722,2025-01-14,5,CMP0178,Standing Order,0,0
6435,2122,2025-05-07,100,CMP0126,Cash,0,0
2023,674,2020-06-28,50,CMP0022,Cash,1,0
9147,2984,2023-01-16,75.0,CMP0008,Direct Debit,0,0
5799,1904,2021-07-08,15,CMP0182,Standing Order,0,0
6061,1982,2026-02-23,250,CMP0191,Cheque,1,0
4644,1551,2022-07-31,20,CMP0036,Online,0,0
5548,1824,2024-03-12,15,CMP0089,Cheque,0,0
1388,458,2019-10-14,75.0,CMP0160,Card,0,0
2337,799,2024-02-06,10,CMP0052,Online,0,0
6312,2081,2023-07-09,20,CMP0163,Direct Debit,1,0
10820,3516,2025-11-04,250,CMP0078,Card,1,0
5952,1948,2023-04-14,37.5,CMP0064,Standing Order,0,0
9967,3262,2024-07-19,50,CMP0009,Online,1,0
2955,1004,2024-04-16,7.5,CMP0061,Card,0,0
3183,1069,2023-04-16,10,CMP0126,Cash,1,0
1903,637,2024-07-04,100,CMP0005,Card,1,0
10935,3546,2024-12-04,10,CMP0137,Card,0,0
3712,1248,2020-05-17,10,CMP0184,Standing Order,0,0
6025,1973,2024-07-16,20,CMP0026,Cheque,0,1
8399,2743,2025-04-17,20,CMP0035,Cash,1,0
8656,2827,2024-10-04,5,CMP0022,Online,0,0
11604,3737,2026-02-16,250,CMP0161,Online,0,0
5545,1823,2026-04-22,37.5,CMP0109,Cheque,1,0
8694,2842,2024-03-05,10,CMP0042,Standing Order,1,1
9019,2944,2022-04-23,100,CMP0010,Standing Order,0,0
10371,3381,2025-11-28,100,CMP0096,Cash,0,0
2118,702,2025-09-03,20,CMP0004,Standing Order,0,0
4609,1537,2023-11-12,20,CMP0173,Direct Debit,0,0
1037,344,2025-06-06,15,CMP0154,Standing Order,0,0
7751,2531,2018-08-07,100,CMP0125,Cheque,0,0
3346,1122,2024-08-08,25,CMP0141,Cheque,1,0
3787,1269,2022-12-13,20,CMP0128,Card,0,0
393,129,2021-02-09,25,CMP0083,Cash,1,0
5135,1702,2025-07-29,50,CMP0120,Card,1,0
3714,1248,2026-06-06,10,CMP0054,Cash,1,0
1216,401,2026-07-30,5,CMP0045,Direct Debit,1,0
11910,3867,2024-01-17,10,CMP0165,Cash,0,0
11263,3641,2025-03-06,15,CMP0057,Cheque,1,0
9623,3140,2025-03-14,15.0,CMP0188,Cheque,1,0
5063,1677,2025-05-07,200,CMP0004,Standing Order,0,0
11173,3616,2023-11-05,100,CMP0084,Card,1,0
11685,3770,2025-03-08,200,CMP0035,Cheque,0,0
7541,2468,2020-09-21,200,CMP0032,Online,1,0
5828,1911,2025-04-09,75.0,CMP0162,Cheque,1,0
8015,2614,2021-09-06,20,CMP0097,Online,1,0
6753,2224,2024-01-01,10,CMP0007,Online,1,0
11214,3626,2024-12-31,25,CMP0082,Direct Debit,0,0
9817,3204,2021-08-26,150.0,CMP0040,Online,1,0
1967,660,2026-06-05,5,CMP0047,Card,0,0
6261,2055,2020-07-25,15,CMP0158,Standing Order,0,0
3629,1215,2022-09-27,100,CMP0045,Online,1,0
9497,3100,2022-05-10,100,CMP0181,Card,0,0
5333,1761,2021-12-04,15.0,CMP0118,Card,1,0
553,179,2025-08-03,75.0,CMP0183,Cash,1,0
10763,3498,2018-02-13,25,CMP0058,Online,0,0
2826,965,2019-11-15,15,CMP0031,Direct Debit,0,0
4110,1364,2024-05-05,50,CMP0185,Online,1,0
5484,1805,2020-09-02,100,CMP0145,Cheque,1,0
12053,3923,2023-11-29,500,CMP0043,Card,0,0
2399,816,2025-10-11,15,CMP0051,Cash,1,0
459,147,2025-01-23,5,CMP0030,Cash,1,1
8447,2755,2023-11-17,22.5,CMP0119,Cheque,1,0
7513,2455,2024-10-28,20,CMP0055,Standing Order,0,0
2611,882,2024-05-07,50,CMP0147,Cash,1,0
1915,642,2025-12-29,100,CMP0092,Direct Debit,0,0
1319,432,2024-12-03,20,CMP0051,Standing Order,1,0
8026,2616,2025-06-09,30.0,CMP0037,Cheque,0,0
8798,2873,2026-07-29,250,CMP0015,Direct Debit,0,0
5558,1832,2025-09-21,15.0,CMP0053,Cash,1,0
944,317,2025-12-27,500,CMP0157,Standing Order,0,0
12191,3966,2023-11-22,10,CMP0068,Card,1,0
4834,1606,2025-02-13,5,CMP0055,Cheque,0,0
7720,2522,2023-10-03,25,CMP0031,Card,1,0
6222,2048,2022-03-09,5,CMP0081,Direct Debit,0,0
3058,1034,2021-02-09,100,CMP0107,Online,0,0
5855,1918,2019-03-26,40,CMP0040,Cash,1,0
3607,1210,2025-10-12,10,CMP0037,Standing Order,0,0
5427,1791,2024-04-08,250,CMP0178,Online,0,0
7096,2320,2024-10-05,20,CMP0147,Card,1,0
7305,2382,2025-04-13,37.5,CMP0186,Online,0,0
7459,2439,2022-03-19,15,CMP0064,Card,0,0
7580,2479,2022-04-08,150.0,CMP0114,Cheque,1,0
2627,886,2026-01-07,10,CMP0014,Cheque,1,0
1980,664,2020-09-23,30,CMP0034,Direct Debit,1,0
1561,524,2024-06-24,200,CMP0086,Cash,0,0
2008,670,2023-10-24,150.0,CMP0114,Standing Order,1,0
1739,585,2024-12-23,30,CMP0142,Online,1,0
10774,3500,2024-03-20,25,CMP0097,Card,1,0
5833,1913,2019-04-02,20,CMP0181,Card,1,0
8902,2901,2026-05-26,20,CMP0067,Online,0,0
9922,3240,2022-05-16,30.0,CMP0015,Cheque,1,0
11950,3881,2026-04-30,37.5,CMP0173,Cash,1,0
5822,1909,2020-06-21,7.5,CMP0004,Card,0,0
5947,1945,2024-02-22,20,CMP0180,Card,1,0
928,313,2025-10-22,15,CMP0006,Online,1,0
5589,1836,2025-08-11,22.5,CMP0113,Cheque,1,0
9341,3048,2023-10-14,7.5,CMP0043,Standing Order,0,0
6381,2106,2023-12-28,25,CMP0130,Cash,1,0
8328,2721,2021-06-26,250,CMP0139,Cheque,0,0
7300,2382,2022-06-08,50,CMP0139,Cheque,0,0
12333,2815,2025-08-05,30,CMP0173,Standing Order,0,0
5342,1763,2023-04-05,20,CMP0105,Cheque,0,0
12316,4016,2025-08-17,500,CMP0079,Card,0,0
6969,2284,2025-06-29,50,CMP0007,Cheque,1,0
9888,3229,2024-06-06,500,CMP0068,Cheque,0,0
7739,2529,2026-02-24,50,CMP0052,Cash,1,0
12120,3945,2024-05-12,50,CMP0030,Cash,1,0
12029,3911,2025-03-31,50,CMP0189,Online,0,0
7930,2582,2022-11-16,250,CMP0080,Cheque,0,0
10202,3334,2024-11-07,250,CMP0088,Direct Debit,0,0
9039,2949,2025-10-05,500,CMP0057,Direct Debit,0,0
381,123,2025-03-06,40,CMP0004,Cash,1,0
157,47,2025-05-13,50,CMP0027,Online,0,0
5867,1923,2026-04-26,50,CMP0165,Online,0,0
2720,931,2021-02-15,75.0,CMP0105,Online,1,0
8044,2625,2024-12-18,5,CMP0017,Cash,0,0
1274,419,2020-12-15,15,CMP0043,Cash,0,0
5964,1954,2022-03-22,50,CMP0177,Direct Debit,0,0
11635,3746,2024-03-15,40,CMP0112,Cheque,1,0
119,36,2024-02-27,250,CMP0158,Cash,0,0
5862,1919,2025-01-07,15,CMP0119,Online,0,0
6130,1999,2023-09-05,50,CMP0057,Standing Order,0,0
6149,2014,2026-04-11,5,CMP0136,Online,1,0
4176,1384,2026-06-23,15.0,CMP0111,Direct Debit,1,0
2998,1017,2024-09-12,5,CMP0091,Cheque,0,0
362,116,2021-03-17,30,CMP0097,Standing Order,0,0
9956,3257,2026-03-30,15,CMP0110,Cash,1,0
10302,3367,2026-01-23,500,CMP0001,Card,1,0
1749,587,2023-01-27,50,CMP0052,Direct Debit,0,0
11712,3783,2025-10-23,100,CMP0037,Standing Order,0,0
4231,1402,2025-09-05,30.0,CMP0145,Cash,1,0
1295,423,2021-03-07,25,CMP0059,Cheque,1,0
6300,2073,2021-03-02,75.0,CMP0084,Card,1,0
6191,2036,2020-02-09,20,CMP0159,Cheque,0,0
8476,2764,2021-01-20,50,CMP0070,Standing Order,1,0
11354,3662,2024-10-12,15.0,CMP0005,Card,0,0
9912,3238,2023-10-06,5,CMP0163,Online,0,0
5894,1932,2021-07-12,10,CMP0174,Card,1,0
2879,983,2026-05-26,10,CMP0089,Cheque,0,0
10117,3313,2024-05-07,75.0,CMP0151,Card,1,0
3146,1061,2023-04-04,15,CMP0166,Cash,0,0
790,256,2024-04-29,100,CMP0079,Cheque,1,0
9641,3145,2025-11-04,15,CMP0132,Online,0,0
2101,696,2025-01-18,100,CMP0110,Cash,0,0
2176,730,2024-01-20,250,CMP0173,Cash,0,0
12286,4000,2026-01-26,25,CMP0172,Online,1,0
410,135,2025-01-09,15.0,CMP0047,Online,1,0
8148,2654,2019-09-01,30,CMP0138,Card,1,0
6612,2182,2023-05-23,5,CMP0101,Card,0,0
1756,588,2020-02-06,7.5,CMP0041,Online,1,0
7249,2369,2024-07-16,10,CMP0135,Cheque,0,0
8934,2920,2026-02-17,37.5,CMP0044,Direct Debit,1,0
5285,1751,2025-02-03,50,CMP0130,Cheque,0,0
7282,2377,2024-12-13,5,CMP0067,Cheque,0,0
10994,3564,2025-09-11,250,CMP0113,Direct Debit,0,0
11792,3818,2024-10-15,500,CMP0187,Online,0,0
5705,1872,2019-02-17,40,CMP0023,Card,0,0
9481,3095,2022-05-12,5,CMP0097,Cash,1,0
11729,3792,2025-07-11,20,CMP0131,Card,0,0
10339,3373,2024-05-16,25,CMP0018,Direct Debit,0,0
7800,2548,2024-12-27,25,CMP0132,Cheque,1,0
10353,3376,2023-08-05,75.0,CMP0056,Direct Debit,0,0
11774,3811,2021-12-22,100,CMP0037,Online,1,0
6802,2237,2022-09-23,50,CMP0020,Cheque,1,0
912,305,2025-01-13,5,CMP0118,Cash,0,0
9957,3257,2023-09-09,15.0,CMP0056,Direct Debit,1,0
3730,1250,2022-03-27,30.0,CMP0143,Standing Order,1,0
3682,1233,2024-11-07,50,CMP0084,Card,0,0
11396,3674,2025-05-07,5,CMP0037,Standing Order,1,0
574,186,2022-05-19,15.0,CMP0086,Cheque,1,0
9939,3252,2025-10-20,37.5,CMP0183,Standing Order,1,0
3781,1267,2022-03-25,20,CMP0169,Standing Order,0,0
7216,2358,2024-10-30,100,CMP0072,Card,0,0
3595,1207,2025-07-13,150.0,CMP0175,Cheque,1,0
12174,3960,2024-04-18,20,CMP0029,Online,0,0
5016,1663,2025-06-08,375.0,CMP0047,Direct Debit,0,0
8573,2791,2026-04-01,20,CMP0007,Cheque,1,0
7532,2466,2025-05-10,100,CMP0082,Cash,0,0
8483,2766,2018-11-03,100,CMP0074,Cheque,0,0
314,97,2022-08-08,50,CMP0157,Cash,1,0
1068,354,2026-05-07,20,CMP0043,Direct Debit,0,0
2339,799,2023-01-15,15.0,CMP0076,Card,0,0
3729,1250,2025-06-10,10,CMP0148,Online,0,0
9290,3034,2025-03-23,15,CMP0118,Standing Order,0,0
9685,3167,2026-04-03,100,CMP0039,Online,0,0
5241,1735,2019-08-24,375.0,CMP0146,Online,1,0
10760,3498,2023-07-29,250,CMP0031,Direct Debit,1,0
654,205,2025-08-22,10,CMP0107,Direct Debit,1,0
3592,1207,2021-05-04,5,CMP0064,Direct Debit,0,0
3642,1222,2022-04-13,50,CMP0067,Direct Debit,0,0
6962,2282,2024-07-18,15,CMP0183,Standing Order,1,0
7590,2482,2025-02-12,250,CMP0192,Cash,1,0
1409,471,2026-05-13,30.0,CMP0084,Cash,0,0
10060,3291,2023-02-11,7.5,CMP0148,Cash,0,0
4334,1433,2022-08-18,30,CMP0005,Cheque,0,0
12315,4015,2023-04-24,10,CMP0026,Card,1,0
5470,1801,2025-02-10,30,CMP0169,Cash,1,0
7946,2588,2025-04-22,10,CMP0189,Card,0,0
11776,3812,2024-06-15,50,CMP0025,Card,0,0
246,74,2023-09-01,10,CMP0087,Card,1,0
11545,3726,2025-06-22,5,CMP0112,Cash,1,0
6873,2256,2024-12-26,15,CMP0069,Cash,0,0
4900,1631,2024-01-09,10,CMP0181,Online,0,0
3265,1097,2024-04-08,50,CMP0107,Card,0,0
2058,686,2022-12-08,20,CMP0169,Cheque,0,0
768,252,2025-07-17,25,CMP0023,Standing Order,1,0
4047,1346,2018-09-22,150.0,CMP0053,Standing Order,0,0
4816,1603,2021-01-28,50,CMP0045,Cheque,1,0
3351,1124,2019-11-22,75.0,CMP0049,Cash,0,0
7559,2471,2022-02-21,50,CMP0056,Card,0,0
4269,1415,2022-04-12,50,CMP0076,Online,0,0
7970,2596,2022-02-14,30,CMP0073,Direct Debit,0,0
9429,3075,2019-06-24,7.5,CMP0157,Cheque,0,0
1712,578,2021-08-30,15.0,CMP0154,Card,1,0
8379,2737,2025-02-15,50,CMP0059,Direct Debit,1,0
1937,648,2025-06-18,50,CMP0011,Direct Debit,0,0
11834,3839,2023-10-27,10,CMP0162,Standing Order,1,0
2456,828,2025-02-04,20,CMP0113,Cash,1,0
5330,1761,2022-12-25,10,CMP0074,Card,0,0
1672,563,2025-12-25,50,CMP0173,Direct Debit,1,0
7141,2337,2022-04-25,25,CMP0182,Online,0,0
2971,1009,2023-02-19,100,CMP0160,Direct Debit,0,0
4762,1588,2023-07-11,15,CMP0080,Direct Debit,1,0
2634,887,2025-02-23,15.0,CMP0094,Standing Order,0,0
3086,1044,2026-03-19,100,CMP0064,Cheque,0,0
2036,675,2026-04-12,40,CMP0119,Online,1,0
3311,1109,2026-03-20,250,CMP0041,Cheque,1,0
2907,990,2024-10-10,10,CMP0063,Cash,0,0
9326,3046,2021-06-14,15,CMP0165,Direct Debit,1,0
2086,693,2025-01-28,50,CMP0012,Direct Debit,0,0
9562,3122,2023-01-18,375.0,CMP0088,Direct Debit,1,0
1920,644,2024-07-15,20,CMP0042,Direct Debit,0,0
6739,2218,2021-08-31,20,CMP0102,Direct Debit,1,0
6909,2266,2026-07-26,250,CMP0084,Direct Debit,1,0
564,180,2025-12-15,10,CMP0138,Card,0,0
3954,1328,2025-02-13,40,CMP0006,Standing Order,0,0
1060,350,2026-05-12,20,CMP0105,Standing Order,1,0
11512,3718,2023-08-27,15,CMP0016,Standing Order,0,0
6750,2223,2025-09-11,200,CMP0156,Standing Order,1,0
3333,1118,2022-11-06,5,CMP0009,Direct Debit,0,0
8710,2849,2020-09-09,100,CMP0147,Direct Debit,0,0
7201,2352,2020-07-06,15,CMP0107,Cheque,0,0
12277,3997,2023-08-04,15.0,CMP0062,Online,0,0
5999,1962,2024-01-08,25,CMP0086,Standing Order,1,0
12072,3931,2021-09-10,250,CMP0184,Card,0,0
2050,683,2024-08-04,37.5,CMP0067,Direct Debit,0,0
3275,1101,2023-01-11,50,CMP0059,Standing Order,0,0
7622,2491,2018-06-06,25,CMP0027,Standing Order,0,0
7995,2600,2025-04-05,10,CMP0020,Cash,0,0
6028,1973,2025-12-05,10,CMP0162,Cash,1,0
10854,3526,2026-04-30,10,CMP0187,Standing Order,1,0
4213,1395,2024-11-04,15.0,CMP0138,Card,0,0
9430,3075,2025-12-25,30.0,CMP0132,Standing Order,1,0
7758,2534,2025-01-25,15.0,CMP0161,Online,0,0
11325,3658,2023-08-11,15,CMP0102,Online,1,0
6197,2037,2026-04-21,22.5,CMP0094,Cash,1,0
4507,1502,2026-04-01,100,CMP0167,Standing Order,0,1
7195,2351,2025-05-15,100,CMP0144,Cheque,0,0
9121,2977,2020-04-15,15,CMP0105,Online,0,0
1444,482,2021-10-19,10,CMP0084,Cash,1,0
1094,361,2022-12-29,22.5,CMP0044,Cash,1,0
8749,2862,2025-11-27,15,CMP0107,Online,0,1
4628,1545,2025-06-15,150.0,CMP0103,Standing Order,1,0
9001,2941,2022-12-10,500,CMP0016,Card,1,0
730,236,2025-07-01,20,CMP0053,Cheque,1,0
294,86,2024-05-24,5,CMP0019,Direct Debit,0,0
12258,3990,2026-07-23,7.5,CMP0095,Card,0,0
11725,3788,2024-01-22,500,CMP0005,Card,0,0
12146,3953,2021-06-02,15,CMP0052,Online,1,0
8931,2919,2026-05-29,10,CMP0171,Cheque,1,0
6848,2250,2024-12-10,10,CMP0042,Cash,0,0
8475,2763,2025-08-10,20,CMP0013,Cash,1,0
5064,1679,2025-01-04,22.5,CMP0001,Direct Debit,1,0
2440,824,2024-04-17,20,CMP0096,Online,1,0
9056,2959,2023-10-17,25,CMP0153,Standing Order,0,0
5112,1695,2023-06-09,37.5,CMP0040,Standing Order,0,0
8297,2711,2021-02-23,10,CMP0078,Cash,0,0
4391,1461,2024-06-21,15,CMP0131,Direct Debit,0,0
2228,744,2023-05-27,250,CMP0071,Direct Debit,0,0
9871,3224,2024-05-12,50,CMP0124,Cash,0,0
9087,2962,2024-09-19,250,CMP0192,Direct Debit,1,0
2715,929,2026-03-15,7.5,CMP0127,Standing Order,1,0
9451,3083,2017-07-03,30,CMP0082,Cheque,1,0
5985,1959,2024-07-15,20,CMP0154,Online,1,0
6616,2182,2022-12-22,15.0,CMP0065,Direct Debit,0,0
3300,1107,2022-06-30,200,CMP0067,Card,1,0
11228,3628,2023-12-06,100,CMP0173,Cheque,0,0
10423,3394,2026-05-29,40,CMP0008,Cheque,0,0
9627,3142,2025-12-20,20,CMP0038,Card,0,0
762,251,2025-02-20,5,CMP0028,Cash,0,0
10328,3371,2023-05-28,5,CMP0101,Card,0,0
9869,3223,2024-08-11,100,CMP0001,Online,1,0
6937,2275,2024-07-25,15,CMP0082,Direct Debit,0,0
11249,3634,2026-03-22,10,CMP0123,Standing Order,1,0
1174,386,2021-09-03,20,CMP0154,Direct Debit,0,0
8539,2783,2026-06-19,5,CMP0092,Card,0,0
11268,3642,2022-06-07,25,CMP0015,Card,1,0
10257,3349,2023-07-14,7.5,CMP0171,Standing Order,1,0
989,331,2023-06-27,75.0,CMP0133,Standing Order,0,0
5766,1892,2023-02-22,15,CMP0033,Cash,1,0
4577,1527,2024-10-09,25,CMP0106,Standing Order,0,0
1342,439,2026-08-04,30,CMP0145,Online,0,0
12260,3991,2026-02-02,20,CMP0099,Cheque,1,0
4682,1565,2025-12-11,150.0,CMP0101,Direct Debit,0,0
4965,1644,2026-07-23,250,CMP0143,Standing Order,0,0
7608,2488,2026-03-30,10,CMP0165,Cash,1,0
7128,2331,2025-08-13,15.0,CMP0075,Direct Debit,0,0
8124,2649,2023-12-31,5,CMP0170,Card,1,0
9319,3041,2024-06-30,15,CMP0146,Cheque,1,0
12194,3966,2026-03-13,15,CMP0080,Card,0,0
250,74,2026-01-16,10,CMP0191,Card,1,0
9288,3034,2021-03-22,5,CMP0136,Direct Debit,1,0
803,264,2026-07-04,100,CMP0119,Online,1,0
11327,3659,2023-12-18,15.0,CMP0133,Cash,1,0
6290,2073,2023-01-23,20,CMP0188,Cheque,0,0
10143,3320,2023-02-26,15,CMP0053,Cheque,1,0
3277,1101,2025-03-23,50,CMP0163,Cheque,0,0
8998,2940,2024-10-16,100,CMP0077,Cheque,1,0
4161,1378,2022-11-08,20,CMP0173,Cheque,1,0
2593,878,2025-11-24,25,CMP0018,Cash,1,0
9024,2945,2026-02-15,75.0,CMP0126,Cash,0,0
489,152,2025-01-06,10,CMP0047,Cash,0,0
6305,2077,2021-09-13,100,CMP0123,Standing Order,0,0
1223,402,2023-03-23,75.0,CMP0159,Cash,0,0
11719,3787,2022-10-07,10,CMP0089,Cash,1,0
11973,3892,2022-09-24,100,CMP0100,Cash,1,0
11831,3838,2025-08-05,5,CMP0166,Card,0,0
6869,2255,2023-02-18,200,CMP0082,Cash,0,0
6377,2104,2023-12-13,20,CMP0004,Standing Order,1,0
9137,2982,2024-09-22,50,CMP0029,Cheque,1,0
2242,748,2025-07-15,50,CMP0104,Online,0,0
6133,1999,2023-12-12,20,CMP0040,Online,0,0
3102,1049,2020-09-20,20,CMP0001,Cash,0,0
8983,2933,2020-10-10,250,CMP0169,Cheque,1,0
1609,543,2025-02-22,50,CMP0056,Card,0,0
10860,3529,2025-06-01,10,CMP0084,Cheque,1,0
11146,3608,2023-06-08,250,CMP0086,Cash,1,0
1537,518,2025-06-06,75.0,CMP0029,Direct Debit,0,0
2492,848,2025-08-29,50,CMP0188,Card,1,0
718,230,2025-06-26,50,CMP0043,Online,0,0
11006,3570,2022-12-27,50,CMP0145,Standing Order,0,0
9145,2984,2024-08-12,250,CMP0137,Standing Order,1,0
89,26,2026-07-23,50,CMP0012,Standing Order,1,0
11866,3853,2025-09-28,500,CMP0145,Standing Order,1,0
11143,3608,2023-07-06,50,CMP0126,Cheque,1,0
1960,658,2024-04-06,30.0,CMP0001,Standing Order,0,0
8270,2705,2021-01-12,10,CMP0040,Cheque,1,0
6766,2226,2025-05-10,75.0,CMP0129,Cheque,1,0
7586,2480,2024-04-25,25,CMP0067,Direct Debit,1,0
1066,354,2023-06-25,20,CMP0033,Card,1,0
11535,3724,2024-02-28,30,CMP0092,Card,1,0
8716,2850,2021-11-02,37.5,CMP0104,Online,1,0
9361,3056,2023-02-12,10,CMP0007,Direct Debit,1,0
11830,3837,2023-09-02,250,CMP0157,Cash,0,0
3990,1336,2026-02-13,200,CMP0187,Cheque,1,0
9819,3204,2025-05-11,100,CMP0108,Direct Debit,0,0
996,332,2020-02-24,15.0,CMP0102,Card,1,0
1460,486,2025-04-21,250,CMP0024,Card,1,0
8711,2849,2024-01-31,20,CMP0119,Online,0,0
9789,3196,2024-06-27,250,CMP0139,Online,0,0
5486,1805,2023-01-16,20,CMP0061,Direct Debit,1,0
9883,3228,2023-11-09,5,CMP0178,Direct Debit,0,0
4592,1533,2024-04-25,25,CMP0157,Standing Order,1,0
2459,831,2026-03-08,37.5,CMP0123,Card,1,0
12363,1491,2024-10-13,20,CMP0140,Direct Debit,0,0
10832,3522,2024-08-04,20,CMP0190,Standing Order,1,0
40,11,2025-09-23,50,CMP0063,Direct Debit,1,0
7355,2399,2023-07-03,100,CMP0051,Standing Order,0,0
5749,1886,2019-03-28,25,CMP0037,Cash,0,0
4557,1516,2024-10-31,375.0,CMP0003,Online,1,0
8471,2763,2025-12-19,22.5,CMP0050,Standing Order,0,0
961,320,2026-02-09,30.0,CMP0148,Online,1,0
8918,2910,2022-02-14,250,CMP0034,Direct Debit,0,0
7918,2580,2021-07-12,100,CMP0036,Cheque,0,0
4630,1545,2022-03-10,15,CMP0021,Online,1,0
7669,2502,2025-10-05,40,CMP0185,Direct Debit,0,0
11356,3664,2026-04-10,5,CMP0006,Cash,0,0
9943,3253,2025-08-16,5,CMP0053,Card,0,0
11892,3858,2023-12-10,150.0,CMP0132,Online,0,0
2923,999,2018-03-17,250,CMP0016,Cash,1,0
4312,1427,2026-02-15,15,CMP0112,Online,1,0
11862,3853,2024-07-31,15,CMP0137,Online,0,0
1839,621,2025-04-04,15.0,CMP0180,Direct Debit,1,0
5315,1760,2023-08-05,25,CMP0055,Card,0,0
3482,1164,2016-08-16,22.5,CMP0140,Card,1,0
7132,2331,2023-10-06,7.5,CMP0141,Cash,0,0
8120,2645,2024-09-05,50,CMP0079,Cheque,1,0
2484,841,2025-02-04,25,CMP0119,Online,0,0
9769,3187,2023-06-28,37.5,CMP0061,Cheque,0,0
10575,3451,2023-06-17,500,CMP0098,Standing Order,1,0
9875,3225,2022-09-16,50,CMP0103,Online,0,0
1135,380,2024-12-15,40,CMP0108,Card,0,0
2815,962,2025-03-27,7.5,CMP0174,Card,0,0
638,201,2022-05-04,20,CMP0049,Standing Order,0,0
2912,994,2023-08-09,37.5,CMP0161,Online,0,0
11711,3781,2022-12-09,15,CMP0013,Cheque,1,0
7363,2401,2022-03-09,10,CMP0176,Standing Order,0,0
11203,3623,2023-01-24,25,CMP0157,Card,0,0
2855,975,2023-06-20,200,CMP0101,Cash,0,0
5134,1702,2018-11-08,15,CMP0099,Online,0,0
6697,2212,2026-06-10,50,CMP0098,Standing Order,1,0
6803,2237,2022-11-26,15,CMP0071,Cash,0,0
3369,1129,2021-08-13,75.0,CMP0001,Cheque,1,0
9513,3105,2021-03-31,100,CMP0139,Direct Debit,0,0
7936,2582,2025-01-26,50,CMP0091,Cash,1,0
7518,2458,2025-10-25,10,CMP0057,Card,0,0
7825,2553,2025-04-13,100,CMP0007,Direct Debit,0,1
5438,1793,2022-11-10,15.0,CMP0088,Cheque,0,0
10877,3535,2025-09-18,10,CMP0038,Card,0,0
6764,2225,2025-04-20,250,CMP0168,Cash,1,0
7870,2568,2025-03-18,40,CMP0105,Cheque,1,0
93,28,2024-03-17,20,CMP0019,Cash,1,0
166,49,2022-04-02,75.0,CMP0101,Card,0,0
732,236,2022-11-16,250,CMP0050,Cheque,0,1
11703,3777,2024-07-03,50,CMP0177,Online,1,0
5437,1793,2023-07-30,50,CMP0010,Standing Order,0,0
8064,2628,2024-04-10,50,CMP0012,Card,1,0
5780,1896,2025-11-27,20,CMP0037,Cheque,0,0
1393,459,2025-12-11,100,CMP0058,Direct Debit,1,0
8674,2832,2025-05-16,5,CMP0141,Direct Debit,1,0
6987,2290,2018-12-04,22.5,CMP0047,Direct Debit,1,0
559,180,2019-01-29,25,CMP0077,Online,0,0
5218,1729,2025-06-16,20,CMP0084,Cash,1,0
3891,1304,2026-07-29,20,CMP0168,Standing Order,0,0
4473,1485,2022-05-03,25,CMP0024,Online,0,0
7824,2552,2020-01-07,200,CMP0167,Standing Order,1,0
10680,3483,2023-08-19,25,CMP0068,Card,0,0
7279,2377,2026-08-16,10,CMP0048,Online,0,0
1695,571,2025-09-10,22.5,CMP0172,Cash,1,0
8273,2705,2021-01-09,25,CMP0017,Standing Order,0,0
2727,933,2023-07-27,10,CMP0069,Direct Debit,1,0
9767,3187,2025-11-09,50,CMP0185,Online,1,0
11980,3892,2022-03-10,30.0,CMP0090,Card,1,0
7993,2600,2024-08-18,15,CMP0188,Card,1,0
3750,1254,2020-05-02,10,CMP0143,Card,1,0
2368,810,2025-09-13,15,CMP0058,Standing Order,1,0
5534,1821,2026-01-02,20,CMP0022,Cash,1,0
4326,1432,2021-12-14,10,CMP0166,Direct Debit,1,0
6806,2239,2024-09-08,250,CMP0150,Online,0,0
8351,2724,2025-09-07,75.0,CMP0060,Cheque,0,0
5827,1911,2023-10-10,15.0,CMP0093,Cash,0,0
1818,607,2024-05-30,100,CMP0038,Direct Debit,1,0
6771,2227,2021-10-13,75.0,CMP0096,Standing Order,1,0
9647,3148,2026-06-24,375.0,CMP0066,Card,1,0
7810,2550,2021-05-27,40,CMP0143,Cheque,0,0
6419,2117,2026-04-17,100,CMP0167,Card,0,0
2219,741,2018-01-20,22.5,CMP0124,Cash,0,0
648,203,2022-09-29,10,CMP0156,Cash,1,0
557,180,2026-01-26,25,CMP0112,Standing Order,1,0
4070,1355,2025-03-03,20,CMP0008,Cheque,0,0
373,119,2025-09-02,25,CMP0016,Card,1,0
6878,2257,2021-09-21,10,CMP0003,Cash,0,0
10674,3481,2022-06-14,250,CMP0010,Direct Debit,0,0
10021,3281,2020-01-20,5,CMP0099,Direct Debit,1,0
11848,3849,2024-11-24,5,CMP0007,Card,0,0
8339,2724,2026-01-16,5,CMP0171,Card,1,0
669,208,2026-02-04,37.5,CMP0068,Standing Order,1,0
5490,1806,2025-04-18,22.5,CMP0010,Cash,1,0
10570,3447,2025-08-05,15,CMP0105,Cheque,0,0
9760,3186,2024-12-24,150.0,CMP0100,Direct Debit,0,0
3619,1215,2020-07-18,250,CMP0134,Cash,0,0
6564,2172,2025-12-23,20,CMP0089,Direct Debit,1,0
2624,885,2024-06-14,200,CMP0133,Cheque,1,0
2930,1001,2025-08-30,30.0,CMP0149,Cheque,1,0
8459,2757,2026-07-22,100,CMP0022,Standing Order,0,0
5057,1676,2022-10-17,100,CMP0047,Direct Debit,1,0
318,97,2025-07-24,75.0,CMP0088,Direct Debit,0,0
3143,1061,2023-10-13,375.0,CMP0138,Card,0,0
7781,2544,2026-01-29,100,CMP0079,Direct Debit,0,0
29,5,2024-10-28,15,CMP0178,Online,0,0
6767,2226,2026-08-06,25,CMP0167,Cash,0,0
3278,1101,2023-02-03,7.5,CMP0172,Card,1,0
1848,623,2024-11-06,50,CMP0056,Card,1,0
613,196,2026-06-12,7.5,CMP0098,Card,1,0
5648,1855,2022-05-17,10,CMP0065,Online,1,0
11706,3778,2024-04-11,10,CMP0048,Standing Order,0,0
10206,3335,2026-06-30,50,CMP0090,Standing Order,1,0
3274,1101,2024-01-20,30.0,CMP0105,Card,1,0
8756,2866,2021-10-26,20,CMP0036,Cheque,0,0
8590,2800,2025-01-14,75.0,CMP0025,Standing Order,1,0
2807,957,2021-12-03,5,CMP0018,Standing Order,1,0
1200,393,2020-07-02,25,CMP0048,Online,0,0
2678,903,2025-07-16,25,CMP0029,Standing Order,1,0
6442,2126,2020-09-17,250,CMP0014,Card,0,0
5670,1862,2024-12-05,50,CMP0136,Online,1,0
8080,2634,2025-12-02,15,CMP0109,Card,0,0
5362,1769,2026-06-01,25,CMP0131,Online,0,0
8962,2930,2021-07-03,25,CMP0142,Online,1,0
2695,915,2025-09-05,20,CMP0028,Cheque,0,0
11692,3773,2024-07-02,20,CMP0009,Online,0,0
9376,3061,2024-05-05,20,CMP0177,Standing Order,1,0
7384,2410,2023-10-19,150.0,CMP0160,Online,1,0
993,331,2026-05-11,10,CMP0030,Online,0,0
7029,2302,2024-03-11,15,CMP0086,Cash,0,0
11269,3642,2020-08-11,5,CMP0123,Standing Order,1,0
25,4,2025-11-15,15.0,CMP0002,Card,1,0
3894,1305,2025-10-31,250,CMP0178,Online,1,0
1325,436,2025-12-11,100,CMP0078,Online,0,0
4413,1464,2022-02-16,15.0,CMP0047,Direct Debit,1,0
8695,2842,2024-07-13,15.0,CMP0075,Online,1,0
1002,335,2023-01-18,20,CMP0062,Card,1,0
1360,445,2025-06-10,22.5,CMP0062,Cheque,1,0
4789,1598,2026-01-05,250,CMP0121,Cheque,1,0
6990,2290,2025-06-26,15,CMP0045,Direct Debit,1,0
6786,2229,2022-05-20,15.0,CMP0083,Cash,0,0
6445,2127,2025-09-03,250,CMP0164,Cash,1,0
539,172,2025-04-22,15,CMP0174,Direct Debit,1,0
256,77,2021-07-18,250,CMP0012,Direct Debit,0,0
4109,1362,2023-09-16,10,CMP0189,Direct Debit,0,0
5022,1666,2025-02-05,100,CMP0187,Direct Debit,1,0
10856,3526,2022-09-07,25,CMP0187,Standing Order,0,0
10151,3322,2025-09-01,20,CMP0077,Online,1,0
10135,3320,2023-10-11,75.0,CMP0059,Cash,0,0
3834,1286,2020-05-24,50,CMP0182,Standing Order,1,0
6836,2249,2026-06-06,15,CMP0098,Cheque,0,0
72,24,2024-03-29,375.0,CMP0074,Online,0,0
5338,1763,2021-02-06,100,CMP0018,Standing Order,0,0
10634,3468,2022-10-20,40,CMP0033,Direct Debit,1,0
6622,2184,2023-01-17,30,CMP0049,Cheque,0,0
4940,1638,2024-09-20,15,CMP0135,Card,1,0
10097,3308,2017-06-17,30.0,CMP0117,Direct Debit,0,0
9033,2946,2022-09-21,100,CMP0112,Online,1,0
2159,719,2024-09-22,25,CMP0040,Card,0,0
6072,1987,2024-03-16,75.0,CMP0179,Cash,1,0
7179,2345,2024-11-21,25,CMP0055,Cash,1,0
10821,3517,2020-02-01,100,CMP0068,Standing Order,0,0
9029,2946,2020-01-08,75.0,CMP0050,Cheque,0,0
6899,2260,2022-07-30,40,CMP0071,Standing Order,1,0
4474,1485,2018-06-02,10,CMP0048,Direct Debit,1,0
7961,2594,2026-02-17,50,CMP0039,Cheque,0,1
10947,3550,2021-06-08,50,CMP0066,Cheque,1,0
1434,476,2026-07-20,250,CMP0069,Standing Order,1,0
4591,1532,2024-05-06,100,CMP0018,Cheque,1,0
6577,2176,2025-07-27,500,CMP0187,Card,1,0
4756,1583,2026-08-07,250,CMP0161,Cash,1,0
2837,968,2026-06-16,5,CMP0073,Card,0,0
10169,3326,2017-02-20,200,CMP0131,Cheque,1,0
10303,3367,2025-01-05,37.5,CMP0015,Direct Debit,1,0
7886,2572,2025-08-10,10,CMP0128,Online,0,0
8597,2803,2021-02-16,25,CMP0173,Standing Order,1,0
7494,2447,2022-12-04,100,CMP0116,Online,0,0
4408,1464,2022-04-22,22.5,CMP0077,Standing Order,1,0
10038,3287,2021-02-20,30.0,CMP0081,Online,1,0
7525,2463,2022-11-01,50,CMP0063,Card,1,0
2083,693,2018-10-27,30.0,CMP0142,Online,0,0
5818,1907,2020-12-02,50,CMP0177,Card,1,0
5759,1891,2019-09-13,20,CMP0061,Online,1,0
270,80,2019-04-28,50,CMP0094,Card,1,0
1300,426,2025-04-28,250,CMP0125,Standing Order,1,0
4770,1590,2025-02-19,250,CMP0158,Cheque,1,0
114,34,2024-05-30,150.0,CMP0052,Card,1,0
5443,1793,2024-10-23,25,CMP0149,Direct Debit,1,0
10214,3338,2019-03-26,50,CMP0044,Online,0,0
11196,3621,2022-12-26,100,CMP0014,Card,1,0
6772,2227,2026-02-21,250,CMP0117,Card,0,0
4800,1600,2020-06-19,40,CMP0065,Standing Order,0,0
3398,1136,2024-06-11,7.5,CMP0024,Standing Order,1,0
5608,1838,2021-10-18,50,CMP0044,Online,0,0
4561,1518,2026-06-14,22.5,CMP0011,Cash,0,0
10801,3513,2018-11-08,20,CMP0110,Cheque,1,0
5191,1718,2025-07-04,250,CMP0165,Cash,0,0
2762,939,2024-06-18,150.0,CMP0152,Online,1,0
9691,3167,2019-10-26,5,CMP0182,Standing Order,0,0
4850,1609,2024-11-27,7.5,CMP0048,Cheque,0,0
10748,3496,2022-06-27,50,CMP0082,Cash,0,0
2944,1003,2024-10-05,5,CMP0044,Card,1,0
1525,514,2025-10-31,7.5,CMP0190,Cheque,1,0
1129,379,2019-07-24,50,CMP0030,Cash,1,0
3638,1220,2025-09-13,20,CMP0037,Cash,1,0
4886,1628,2026-08-15,10,CMP0091,Cheque,0,1
1201,393,2024-02-23,20,CMP0051,Cash,0,0
113,34,2026-08-16,10,CMP0056,Direct Debit,1,0
3632,1217,2023-09-08,250,CMP0030,Cheque,0,0
1376,451,2021-07-07,15,CMP0187,Online,1,0
10416,3393,2025-01-08,500,CMP0157,Cash,1,0
2908,990,2026-05-21,20,CMP0066,Online,0,0
9995,3268,2021-12-22,250,CMP0101,Online,0,0
5722,1877,2023-06-05,5,CMP0153,Cash,1,0
11928,3871,2024-07-12,25,CMP0144,Standing Order,1,0
7609,2489,2023-07-22,250,CMP0022,Standing Order,1,0
1825,614,2024-09-29,25,CMP0034,Direct Debit,0,0
6237,2050,2024-08-16,200,CMP0053,Cheque,0,0
7212,2356,2026-02-23,15,CMP0119,Standing Order,1,0
6043,1976,2025-11-21,100,CMP0185,Cash,0,0
4190,1392,2026-01-30,10,CMP0080,Cheque,0,0
4222,1398,2023-08-13,10,CMP0018,Cash,0,0
7596,2485,2021-01-19,100,CMP0053,Online,0,0
10747,3496,2021-09-01,20,CMP0190,Card,0,0
8823,2885,2019-10-16,15,CMP0044,Online,0,0
1514,509,2025-12-08,10,CMP0182,Standing Order,0,0
4513,1502,2026-03-10,15,CMP0009,Direct Debit,1,0
3847,1288,2025-10-19,100,CMP0044,Direct Debit,0,0
5562,1832,2024-09-01,250,CMP0163,Direct Debit,1,0
10915,3544,2025-02-08,10,CMP0036,Cash,1,0
10412,3393,2020-05-21,50,CMP0111,Card,1,1
7595,2485,2023-06-29,5,CMP0092,Cheque,0,0
6506,2151,2026-07-31,50,CMP0152,Cash,0,0
7631,2493,2021-08-09,250,CMP0011,Online,1,0
278,80,2023-12-06,25,CMP0041,Direct Debit,0,0
5570,1833,2024-07-01,50,CMP0113,Online,1,0
3651,1224,2021-08-07,50,CMP0034,Direct Debit,0,0
463,147,2018-05-03,150.0,CMP0089,Direct Debit,0,0
5002,1657,2023-02-03,5,CMP0057,Card,0,0
9946,3255,2024-12-20,7.5,CMP0080,Card,1,0
7944,2588,2022-08-17,30.0,CMP0108,Direct Debit,0,0
4254,1409,2025-01-22,15.0,CMP0070,Cheque,0,0
544,173,2025-05-27,5,CMP0084,Cash,0,0
12207,3968,2022-02-03,25,CMP0134,Online,0,0
11289,3648,2025-04-13,5,CMP0021,Cheque,0,0
10050,3289,2022-10-15,50,CMP0008,Online,0,0
10436,3402,2025-04-11,10,CMP0066,Card,0,0
2500,849,2024-01-09,250,CMP0138,Card,0,0
2112,700,2026-01-23,50,CMP0100,Cash,1,0
5516,1818,2024-12-29,5,CMP0192,Cheque,0,0
2187,733,2026-05-10,22.5,CMP0023,Online,0,0
2856,975,2024-04-02,25,CMP0097,Cash,0,0
11312,3655,2024-09-07,250,CMP0151,Standing Order,0,0
10962,3555,2024-08-12,375.0,CMP0075,Cash,1,0
9791,3197,2019-02-12,30.0,CMP0068,Standing Order,0,0
5761,1891,2024-12-03,50,CMP0144,Online,1,0
5590,1836,2024-08-17,10,CMP0192,Online,1,0
8349,2724,2024-06-23,15,CMP0097,Card,1,0
2579,873,2025-12-30,10,CMP0014,Card,0,0
11022,3576,2019-09-19,25,CMP0047,Standing Order,0,0
8132,2650,2024-07-04,500,CMP0008,Cheque,1,0
2493,848,2024-05-01,5,CMP0128,Card,1,0
6006,1968,2025-03-16,5,CMP0125,Standing Order,0,0
3236,1086,2020-06-17,100,CMP0097,Cash,0,0
4436,1473,2023-02-13,10,CMP0074,Cheque,1,0
5553,1826,2025-08-30,10,CMP0185,Online,1,0
1194,393,2024-11-05,75.0,CMP0040,Card,0,0
4851,1609,2023-04-11,25,CMP0139,Card,0,0
3636,1219,2026-05-17,5,CMP0057,Direct Debit,0,0
238,71,2025-11-19,15,CMP0023,Cash,1,0
5543,1822,2020-06-07,10,CMP0174,Direct Debit,1,0
7351,2399,2024-08-06,20,CMP0044,Cheque,0,0
7415,2424,2025-05-29,10,CMP0129,Direct Debit,1,0
3906,1308,2020-04-12,15.0,CMP0067,Cheque,0,0
7647,2497,2022-04-27,20,CMP0089,Cash,0,0
836,276,2020-05-27,15,CMP0025,Cash,0,0
11626,3741,2022-07-02,5,CMP0131,Direct Debit,0,0
4314,1428,2026-04-14,50,CMP0110,Direct Debit,0,0
11257,3637,2024-04-29,50,CMP0084,Card,1,0
2161,723,2026-07-30,37.5,CMP0182,Direct Debit,1,0
4188,1391,2026-06-30,5,CMP0097,Cheque,1,0
3605,1209,2026-06-24,37.5,CMP0173,Cash,1,0
10531,3435,2017-02-21,5,CMP0052,Standing Order,0,0
10460,3408,2025-01-12,10,CMP0027,Online,1,0
9812,3201,2024-07-14,15,CMP0037,Card,0,0
11156,3611,2025-12-10,40,CMP0010,Cheque,0,0
9829,3206,2026-07-29,30.0,CMP0187,Online,0,0
9777,3189,2025-03-08,40,CMP0175,Card,0,0
8394,2741,2025-05-20,150.0,CMP0166,Card,0,0
10062,3291,2018-11-05,10,CMP0127,Cash,0,0
7045,2306,2021-07-20,15,CMP0026,Standing Order,1,0
1006,335,2023-07-07,50,CMP0094,Cash,0,0
3484,1164,2023-08-31,15,CMP0033,Direct Debit,0,0
9049,2957,2023-10-08,75.0,CMP0100,Online,1,0
5883,1926,2021-02-12,5,CMP0191,Card,0,0
233,69,2022-05-24,25,CMP0129,Cheque,1,0
1507,506,2026-04-15,25,CMP0093,Card,1,0
5928,1940,2026-05-13,15,CMP0147,Cheque,1,0
8731,2854,2021-11-20,20,CMP0014,Online,1,0
505,159,2020-12-28,20,CMP0162,Cheque,0,0
10868,3531,2018-12-27,50,CMP0052,Cash,1,0
9115,2977,2021-07-07,30.0,CMP0111,Cheque,1,0
11551,3727,2024-06-28,30,CMP0137,Online,0,0
4586,1529,2023-11-10,250,CMP0006,Cash,0,0
7359,2399,2020-07-29,30,CMP0011,Direct Debit,0,0
419,137,2025-10-05,25,CMP0013,Card,0,0
1617,544,2025-12-24,75.0,CMP0029,Cash,1,0
1812,606,2025-03-24,375.0,CMP0170,Cash,0,0
5399,1784,2026-06-25,10,CMP0041,Online,1,0
7633,2493,2025-04-09,100,CMP0006,Direct Debit,1,0
1120,376,2025-05-15,50,CMP0022,Cash,0,0
8996,2940,2024-01-16,250,CMP0044,Standing Order,1,0
8062,2628,2025-10-05,20,CMP0070,Cash,0,0
9910,3236,2025-03-28,375.0,CMP0144,Cash,1,0
3556,1193,2025-08-23,50,CMP0025,Online,1,0
10361,3377,2023-07-17,15,CMP0147,Card,1,0
4809,1602,2023-06-25,25,CMP0013,Cash,1,0
11804,3826,2025-03-21,100,CMP0074,Card,0,0
8327,2720,2025-10-25,500,CMP0180,Card,0,0
11647,3750,2026-05-20,25,CMP0110,Cash,0,0
4295,1422,2026-01-25,5,CMP0109,Online,0,0
7601,2486,2024-08-29,50,CMP0063,Cheque,1,0
8121,2645,2024-07-02,200,CMP0102,Online,1,0
786,256,2022-05-31,50,CMP0177,Online,0,0
2758,939,2025-06-26,50,CMP0140,Card,0,0
7850,2562,2023-01-11,50,CMP0110,Direct Debit,1,0
4153,1377,2023-08-11,75.0,CMP0107,Standing Order,1,0
9502,3103,2024-10-29,7.5,CMP0022,Cheque,0,0
8904,2901,2024-09-23,20,CMP0171,Online,0,0
1404,468,2026-07-05,150.0,CMP0146,Standing Order,0,0
2941,1003,2022-10-06,30.0,CMP0084,Online,0,0
11100,3591,2023-04-20,50,CMP0023,Online,0,0
818,271,2025-04-28,15,CMP0148,Direct Debit,0,0
7812,2551,2026-03-19,15,CMP0106,Card,1,0
12104,93356,2025-09-28,50,CMP0044,Standing Order,1,0
3240,1088,2023-12-24,250,CMP0015,Online,1,0
7479,2443,2024-08-27,25,CMP0019,Standing Order,1,0
9219,3008,2024-11-20,250,CMP0124,Online,1,0
1090,361,2024-01-19,5,CMP0087,Cheque,0,0
1092,361,2024-12-10,20,CMP0120,Direct Debit,0,0
5374,1775,2021-11-11,250,CMP0107,Direct Debit,1,0
8992,2937,2025-04-10,5,CMP0105,Standing Order,0,0
433,140,2025-11-18,7.5,CMP0025,Cash,1,0
584,189,2026-02-02,50,CMP0074,Cash,1,0
5727,1879,2026-05-11,7.5,CMP0191,Standing Order,1,0
8505,2773,2023-08-14,20,CMP0050,Standing Order,0,0
11782,3813,2026-07-14,10,CMP0115,Online,1,0
2531,856,2024-11-04,7.5,CMP0006,Cash,0,0
11489,3709,2025-09-12,25,CMP0113,Cash,0,0
6718,2216,2023-04-10,15,CMP0090,Online,1,0
11243,3631,2020-02-22,200,CMP0175,Cheque,0,0
1231,404,2026-02-26,250,CMP0134,Standing Order,0,0
3733,1251,2026-03-13,375.0,CMP0144,Cheque,0,0
4130,1368,2024-04-25,20,CMP0071,Direct Debit,1,0
5251,1740,2022-04-06,50,CMP0057,Cheque,1,0
8365,2733,2024-11-04,30.0,CMP0115,Standing Order,0,0
6915,2271,2023-10-16,100,CMP0163,Standing Order,1,0
1323,435,2019-06-21,10,CMP0018,Cheque,1,0
8508,2774,2026-05-24,20,CMP0118,Standing Order,1,0
11717,3785,2021-12-27,250,CMP0012,Standing Order,1,0
4917,1634,2026-08-10,15,CMP0128,Standing Order,1,0
905,302,2025-12-10,5,CMP0143,Direct Debit,1,0
11865,3853,2025-08-13,10,CMP0142,Cheque,0,0
482,151,2025-04-07,10,CMP0080,Standing Order,0,0
5462,1799,2026-07-05,375.0,CMP0121,Cheque,1,0
1017,336,2023-09-09,5,CMP0129,Standing Order,1,0
10594,3456,2022-08-09,30.0,CMP0140,Cash,1,1
6174,2026,2026-06-09,22.5,CMP0109,Direct Debit,0,0
12182,3962,2024-12-02,50,CMP0060,Standing Order,0,0
11464,3699,2025-08-24,250,CMP0154,Direct Debit,0,0
4005,1338,2025-08-13,15.0,CMP0041,Online,0,0
12172,3960,2022-07-13,100,CMP0164,Cash,1,0
7317,2387,2024-12-28,200,CMP0183,Cheque,0,0
5092,1688,2025-01-18,10,CMP0106,Cheque,0,0
10289,3364,2021-07-01,10,CMP0122,Card,1,0
8172,2666,2025-11-09,25,CMP0015,Cheque,0,0
10916,3544,2024-02-16,15,CMP0012,Card,1,0
11428,3686,2024-10-09,25,CMP0062,Card,1,0
3515,1175,2026-06-24,500,CMP0042,Cheque,1,0
7392,2412,2022-03-31,30.0,CMP0191,Online,0,0
7071,2314,2024-11-27,15,CMP0008,Standing Order,1,0
9178,2996,2026-03-29,10,CMP0141,Online,1,1
691,219,2026-02-25,50,CMP0169,Cash,0,0
12078,3934,2025-08-12,100,CMP0107,Cheque,0,0
3253,1096,2025-08-07,375.0,CMP0153,Direct Debit,0,0
3126,1057,2025-11-24,22.5,CMP0083,Direct Debit,1,0
2681,904,2021-05-22,30.0,CMP0086,Cheque,1,0
10902,3542,2024-06-11,7.5,CMP0167,Standing Order,0,0
4695,1567,2026-04-15,200,CMP0083,Card,0,0
1775,596,2022-12-23,50,CMP0172,Card,0,0
2618,883,2019-06-27,200,CMP0089,Standing Order,1,0
10882,3538,2026-02-15,15,CMP0002,Card,1,0
4760,1584,2023-05-20,25,CMP0155,Standing Order,1,0
11907,3866,2021-12-22,25,CMP0012,Online,1,0
9343,3048,2023-01-16,22.5,CMP0022,Online,0,0
10780,3501,2024-06-13,25,CMP0035,Standing Order,1,0
416,136,2024-07-10,30.0,CMP0014,Cheque,1,0
845,279,2024-11-09,500,CMP0123,Cheque,1,0
4674,1563,2025-09-21,30.0,CMP0019,Cheque,0,0
3216,1080,2020-12-22,375.0,CMP0155,Online,1,0
3271,1099,2023-04-06,7.5,CMP0066,Standing Order,0,0
8331,2722,2026-01-02,375.0,CMP0184,Cheque,0,0
7448,2432,2025-08-04,250,CMP0048,Cash,0,0
5287,1752,2022-04-11,25,CMP0066,Standing Order,1,0
5320,1761,2019-07-09,5,CMP0094,Cash,0,0
12162,3959,2024-08-29,500,CMP0084,Card,0,0
8608,2807,2022-08-27,10,CMP0022,Cheque,1,0
5671,1862,2024-03-23,20,CMP0087,Direct Debit,0,0
11474,3704,2026-01-16,15,CMP0011,Cash,1,0
276,80,2024-10-22,5,CMP0168,Standing Order,1,0
12233,3981,2025-12-07,15,CMP0105,Cash,1,0
9638,3144,2021-05-21,20,CMP0116,Online,0,0
9748,3185,2023-03-02,25,CMP0043,Cash,1,0
4998,1656,2022-10-02,20,CMP0016,Card,1,0
5066,1679,2025-06-08,150.0,CMP0164,Cheque,0,0
9015,2943,2024-07-09,375.0,CMP0098,Cash,1,0
3826,1284,2023-01-16,15,CMP0176,Direct Debit,0,0
8734,2855,2026-03-29,40,CMP0139,Online,1,0
3196,1074,2023-03-25,25,CMP0026,Cheque,0,0
2892,987,2025-09-09,5,CMP0086,Direct Debit,0,0
7845,2560,2025-09-30,30.0,CMP0146,Card,1,0
9612,3139,2025-09-01,250,CMP0044,Cash,0,0
2079,693,2020-03-22,150.0,CMP0153,Direct Debit,1,0
913,305,2024-11-10,30.0,CMP0175,Direct Debit,1,0
9434,3078,2023-08-21,5,CMP0125,Cash,0,0
11524,3721,2024-06-20,15,CMP0121,Cheque,0,0
11449,3694,2026-08-12,50,CMP0035,Cheque,1,0
1446,483,2019-08-25,50,CMP0018,Card,1,0
10263,3352,2024-10-14,50,CMP0002,Standing Order,0,0
4769,1589,2025-04-13,7.5,CMP0151,Standing Order,1,0
9897,3232,2024-12-15,15,CMP0019,Standing Order,0,0
5673,1863,2024-09-23,25,CMP0039,Direct Debit,0,0
9561,3122,2025-08-21,500,CMP0175,Direct Debit,0,0
5114,1695,2023-08-07,150.0,CMP0069,Direct Debit,0,0
7083,2317,2022-08-31,25,CMP0170,Cash,0,0
7232,2363,2020-10-27,50,CMP0040,Standing Order,0,0
1927,646,2026-04-13,50,CMP0029,Card,0,0
3210,1080,2025-10-09,30.0,CMP0076,Cash,1,0
3288,1102,2023-07-26,50,CMP0097,Cheque,0,0
8842,2891,2021-12-02,10,CMP0072,Cash,0,0
952,319,2019-11-29,5,CMP0151,Direct Debit,1,0
9177,2996,2024-02-19,10,CMP0016,Cheque,0,0
10469,3411,2023-04-26,375.0,CMP0060,Direct Debit,0,0
12125,3947,2025-09-29,100,CMP0065,Cash,0,0
960,319,2022-08-24,75.0,CMP0017,Online,1,0
12332,4020,2025-09-12,250,CMP0034,Direct Debit,1,0
2087,693,2017-08-03,20,CMP0088,Online,1,0
2357,806,2023-11-18,375.0,CMP0068,Cheque,1,0
6119,1996,2024-03-31,75.0,CMP0187,Standing Order,1,0
570,183,2026-07-14,500,CMP0065,Card,1,0
895,299,2026-05-20,50,CMP0029,Standing Order,0,0
9287,3034,2026-05-02,100,CMP0147,Card,1,0
6141,2003,2022-10-20,250,CMP0120,Online,0,0
10507,3426,2020-07-21,30.0,CMP0100,Card,0,0
4633,1546,2026-03-12,10,CMP0023,Online,1,0
6518,2156,2024-01-25,15.0,CMP0162,Standing Order,1,0
10299,3367,2024-03-21,30,CMP0104,Cash,1,0
1377,453,2026-03-13,250,CMP0135,Cheque,1,0
11245,3631,2019-05-17,250,CMP0154,Standing Order,0,0
7012,2297,2023-11-27,10,CMP0111,Cash,1,0
11145,3608,2023-03-26,50,CMP0164,Cheque,0,0
2768,943,2017-03-04,30,CMP0141,Online,0,1
10176,3326,2018-05-18,25,CMP0023,Cash,0,0
7424,2425,2024-01-28,100,CMP0067,Cash,1,0
1258,413,2026-08-13,250,CMP0126,Cheque,1,0
2151,719,2019-06-03,40,CMP0134,Card,1,0
1766,592,2026-08-10,20,CMP0034,Online,0,0
12199,3967,2022-04-01,30,CMP0157,Cheque,0,0
6974,2284,2026-07-22,75.0,CMP0188,Card,0,0
2194,734,2024-08-10,37.5,CMP0081,Cheque,0,0
7869,2567,2024-08-09,10,CMP0080,Cheque,1,0
10685,3483,2026-06-21,100,CMP0081,Online,0,0
9354,3052,2020-06-27,50,CMP0023,Cash,1,0
4888,1628,2025-08-23,15,CMP0032,Direct Debit,1,0
4385,1456,2025-01-10,20,CMP0019,Card,1,0
1484,498,2019-09-27,40,CMP0084,Cash,1,0
5487,1805,2024-06-16,200,CMP0003,Standing Order,0,0
1438,478,2022-03-31,500,CMP0034,Cheque,1,0
11119,3596,2022-10-15,22.5,CMP0048,Standing Order,1,0
7548,2469,2023-02-15,100,CMP0015,Direct Debit,0,0
8073,2632,2024-06-01,5,CMP0032,Online,1,0
6408,2116,2024-06-17,20,CMP0073,Online,0,0
10407,3391,2022-10-27,100,CMP0056,Card,1,0
4778,1593,2025-07-31,100,CMP0071,Online,1,0
9719,3176,2024-08-13,20,CMP0041,Cheque,1,0
6349,2091,2026-01-06,500,CMP0151,Cheque,0,0
6227,2049,2023-01-12,15,CMP0050,Cheque,0,0
3197,1074,2024-06-15,250,CMP0167,Direct Debit,1,0
2085,693,2025-05-30,10,CMP0109,Direct Debit,1,0
4871,1617,2020-12-09,50,CMP0066,Cheque,1,0
6397,2113,2023-06-28,15,CMP0098,Cheque,1,0
4454,1476,2024-06-06,50,CMP0017,Cheque,1,0
11561,3728,2024-07-17,20,CMP0148,Card,1,0
3913,1309,2025-11-04,25,CMP0017,Standing Order,0,0
6570,2175,2023-06-13,100,CMP0172,Direct Debit,0,0
502,159,2026-07-22,30.0,CMP0092,Standing Order,1,0
1686,568,2026-03-25,100,CMP0144,Cash,1,0
2895,987,2019-04-19,25,CMP0053,Cheque,0,0
11639,3746,2020-07-06,7.5,CMP0035,Card,1,0
6374,2102,2024-10-25,250,CMP0095,Online,1,0
5119,1698,2020-05-15,20,CMP0175,Standing Order,0,0
5476,1803,2024-05-26,30.0,CMP0095,Cash,1,0
2414,818,2023-12-02,250,CMP0057,Cheque,1,0
5982,1958,2022-01-10,7.5,CMP0156,Card,0,0
4939,1638,2022-03-13,100,CMP0017,Cash,0,0
8754,2864,2025-05-29,100,CMP0138,Cheque,1,0
12077,3933,2024-12-17,20,CMP0047,Card,1,0
2305,781,2025-04-07,100,CMP0184,Direct Debit,0,0
4292,1420,2024-06-04,5,CMP0190,Cash,1,0
3634,1218,2026-08-12,10,CMP0006,Direct Debit,0,0
7160,2340,2022-01-28,15.0,CMP0076,Cheque,0,0
8532,2781,2020-02-14,20,CMP0041,Cheque,0,0
7172,2344,2024-01-03,10,CMP0022,Cheque,1,0
1735,583,2025-08-22,250,CMP0108,Direct Debit,0,0
2592,877,2026-05-04,250,CMP0031,Standing Order,1,0
5834,1913,2020-12-24,15,CMP0190,Cheque,0,0
9331,3046,2024-08-03,10,CMP0013,Direct Debit,1,0
1751,587,2022-02-20,10,CMP0159,Card,1,0
6565,2174,2020-01-24,500,CMP0178,Cash,0,0
8944,2924,2025-12-26,20,CMP0022,Direct Debit,1,0
7265,2375,2024-07-09,5,CMP0143,Cash,1,0
2402,816,2022-03-26,22.5,CMP0011,Cash,1,0
11767,3811,2026-01-03,250,CMP0165,Standing Order,1,0
2841,969,2021-02-09,30,CMP0027,Card,0,0
5620,1844,2019-09-25,15,CMP0160,Card,1,1
6988,2290,2022-09-05,10,CMP0112,Cheque,0,0
8903,2901,2026-02-21,10,CMP0026,Cheque,1,0
9173,2994,2024-09-12,15,CMP0102,Card,0,0
7454,2438,2022-02-07,30.0,CMP0166,Online,0,0
1304,428,2025-03-26,250,CMP0056,Cash,0,0
8955,2926,2025-11-01,10,CMP0058,Cash,1,0
1806,603,2024-11-25,100,CMP0048,Online,0,0
8217,2685,2023-04-10,5,CMP0124,Direct Debit,1,0
8530,2781,2022-12-17,100,CMP0162,Cheque,0,0
10439,3402,2022-07-10,5,CMP0056,Online,1,0
7659,2499,2024-03-26,5,CMP0103,Standing Order,1,0
9159,2990,2025-01-30,500,CMP0143,Online,0,0
12279,91751,2025-07-05,30.0,CMP0136,Cheque,0,0
8130,2650,2023-10-06,5,CMP0147,Standing Order,0,0
9126,2977,2019-09-10,7.5,CMP0034,Standing Order,0,0
10683,3483,2025-11-29,250,CMP0005,Card,1,0
5957,1952,2025-03-09,20,CMP0098,Direct Debit,0,0
10559,3443,2022-03-26,30,CMP0053,Standing Order,1,0
12067,3929,2023-06-21,100,CMP0134,Standing Order,0,0
2417,818,2020-03-22,25,CMP0130,Online,1,0
1488,499,2026-07-29,50,CMP0145,Cheque,1,0
10477,3412,2022-08-14,15.0,CMP0048,Cheque,1,0
1850,624,2022-08-20,30.0,CMP0062,Standing Order,0,0
7658,2498,2025-03-16,500,CMP0155,Cash,1,0
5420,1790,2019-04-15,20,CMP0059,Online,0,0
11212,3625,2025-03-14,10,CMP0040,Cheque,1,0
6489,2140,2025-12-25,15,CMP0072,Direct Debit,0,0
12169,3960,2018-03-29,10,CMP0066,Direct Debit,0,0
12319,4016,2021-02-07,50,CMP0166,Online,1,0
5235,1733,2025-08-29,100,CMP0117,Cheque,0,0
5992,1960,2025-05-18,100,CMP0106,Standing Order,1,0
540,172,2025-08-11,5,CMP0167,Online,0,0
10215,3338,2026-02-18,30.0,CMP0159,Card,1,0
9447,3083,2025-11-02,15,CMP0096,Standing Order,1,0
7173,2344,2019-07-11,10,CMP0138,Online,1,0
2905,990,2021-10-21,15,CMP0183,Direct Debit,1,0
9744,3183,2024-08-06,15,CMP0070,Cash,0,0
2666,901,2024-11-26,5,CMP0123,Online,0,0
1899,636,2026-06-11,250,CMP0057,Cash,0,0
3428,1145,2024-03-03,75.0,CMP0085,Online,1,0
11454,3698,2025-10-05,10,CMP0123,Direct Debit,1,0
6160,2019,2022-12-20,500,CMP0159,Cheque,0,0
12119,3945,2026-06-07,40,CMP0148,Direct Debit,0,0
1397,460,2026-02-01,250,CMP0079,Cash,1,0
2498,849,2024-12-27,22.5,CMP0007,Cash,0,0
9293,3034,2024-10-26,22.5,CMP0177,Online,1,0
2767,943,2022-04-05,75.0,CMP0059,Online,1,0
468,148,2024-12-25,200,CMP0148,Standing Order,0,0
12121,3945,2024-08-27,15,CMP0190,Card,1,0
11906,3866,2025-06-10,10,CMP0136,Direct Debit,1,0
3084,1044,2018-07-05,5,CMP0079,Standing Order,1,0
11641,3746,2018-08-31,20,CMP0148,Card,1,0
783,256,2020-01-15,25,CMP0008,Online,0,0
3965,1330,2024-05-02,20,CMP0187,Cash,0,0
10709,3488,2021-01-30,50,CMP0106,Direct Debit,1,0
10993,3564,2024-07-27,15.0,CMP0048,Cash,0,0
485,151,2024-11-04,100,CMP0179,Card,0,0
9722,3177,2025-05-09,20,CMP0105,Standing Order,1,1
588,190,2025-10-05,15,CMP0128,Card,1,0
717,230,2024-12-12,10,CMP0048,Card,1,0
10958,3552,2024-08-31,40,CMP0177,Standing Order,0,0
10417,3393,2020-04-13,7.5,CMP0173,Standing Order,0,0
4056,1349,2023-01-18,75.0,CMP0084,Cash,0,0
2167,727,2022-04-28,30,CMP0144,Online,1,0
1588,534,2025-11-29,150.0,CMP0127,Cash,1,0
9788,3196,2024-09-27,100,CMP0155,Direct Debit,1,0
9475,3095,2026-06-10,50,CMP0038,Direct Debit,1,0
4163,1380,2020-08-01,40,CMP0176,Direct Debit,1,0
651,204,2025-02-22,15,CMP0064,Card,0,1
3956,1329,2024-01-16,30,CMP0112,Card,0,0
8140,2652,2023-11-14,100,CMP0100,Direct Debit,0,0
5847,1918,2025-11-17,375.0,CMP0089,Standing Order,1,0
11744,3795,2021-08-25,15,CMP0001,Cheque,1,1
11988,3895,2023-04-04,50,CMP0115,Cheque,1,0
446,144,2025-06-21,15,CMP0147,Cheque,1,0
286,81,2024-01-17,10,CMP0097,Direct Debit,0,0
355,115,2025-12-04,200,CMP0158,Card,1,0
1737,583,2024-09-16,100,CMP0109,Cash,1,0
6409,2116,2025-05-06,75.0,CMP0017,Standing Order,1,0
9359,3056,2022-11-07,25,CMP0169,Online,0,0
1930,646,2024-08-08,25,CMP0161,Direct Debit,1,0
10027,3284,2022-02-23,150.0,CMP0111,Online,0,0
11197,3621,2023-10-10,15,CMP0156,Standing Order,0,0
4544,1511,2022-01-19,30.0,CMP0015,Cheque,1,0
10904,3542,2023-10-18,20,CMP0019,Online,1,0
7047,2306,2023-10-10,100,CMP0038,Cash,1,0
698,221,2025-02-22,30,CMP0016,Standing Order,1,0
11579,3730,2022-05-17,7.5,CMP0148,Cheque,1,0
2945,1003,2022-09-04,5,CMP0190,Card,1,0
7322,2388,2025-01-21,10,CMP0151,Direct Debit,0,0
2364,807,2025-12-20,250,CMP0086,Cheque,1,0
9925,3248,2023-02-04,20,CMP0108,Direct Debit,1,0
2481,841,2026-02-03,20,CMP0013,Cheque,1,0
431,139,2025-09-17,25,CMP0016,Online,1,0
4470,1484,2025-08-15,20,CMP0168,Online,1,0
12261,3991,2026-01-31,250,CMP0164,Online,0,0
9772,3188,2024-12-31,40,CMP0003,Direct Debit,0,0
6517,2156,2026-02-19,22.5,CMP0047,Cheque,0,0
2098,696,2024-10-21,20,CMP0186,Card,1,0
5646,1855,2020-08-18,250,CMP0167,Direct Debit,1,0
11372,3669,2025-05-24,500,CMP0080,Cheque,1,0
501,157,2021-12-09,100,CMP0119,Cheque,1,0
1014,336,2026-06-29,22.5,CMP0118,Cash,1,0
5464,1799,2023-04-09,20,CMP0190,Standing Order,1,0
1796,603,2023-12-05,10,CMP0158,Cheque,1,0
3228,1086,2023-12-13,50,CMP0006,Standing Order,1,0
7910,2578,2025-03-31,15,CMP0172,Cash,0,0
6272,2060,2026-03-09,37.5,CMP0091,Standing Order,1,0
2571,871,2022-05-24,250,CMP0068,Direct Debit,1,0
6550,2166,2026-02-17,10,CMP0013,Card,1,0
298,88,2023-07-11,15.0,CMP0002,Cheque,0,0
6017,1970,2025-08-06,25,CMP0016,Online,0,0
6042,1975,2023-07-03,5,CMP0096,Direct Debit,1,0
11972,3892,2021-08-07,10,CMP0101,Direct Debit,0,0
4873,1617,2024-07-03,5,CMP0013,Cash,1,0
9901,3233,2026-07-19,22.5,CMP0045,Direct Debit,1,1
4036,1346,2020-04-12,20,CMP0168,Card,1,0
1649,554,2021-08-07,15,CMP0178,Standing Order,0,0
8920,2910,2021-08-04,30,CMP0078,Cheque,0,0
2570,867,2026-05-21,250,CMP0077,Cheque,1,0
8806,2875,2023-12-12,25,CMP0080,Cash,1,0
11670,3761,2026-03-27,30,CMP0052,Online,1,0
11686,3771,2022-10-08,250,CMP0130,Online,1,0
1324,435,2020-04-18,22.5,CMP0096,Online,0,0
2365,810,2020-12-21,10,CMP0031,Standing Order,1,0
1608,543,2022-09-06,-15,CMP0170,Online,0,0
1943,650,2026-02-27,15,CMP0173,Cheque,0,0
5521,1818,2022-04-07,75.0,CMP0095,Cash,1,0
4796,1600,2020-03-01,5,CMP0019,Standing Order,0,0
11462,3699,2025-05-27,5,CMP0191,Cheque,1,0
8180,2667,2022-01-06,40,CMP0005,Cheque,1,0
8417,2747,2024-09-08,37.5,CMP0037,Online,1,0
8889,2899,2024-10-19,15.0,CMP0024,Cash,0,0
2958,1005,2024-08-22,5,CMP0060,Cheque,1,0
10694,3484,2021-06-15,10,CMP0102,Cash,0,0
10127,3317,2021-04-01,50,CMP0079,Card,1,0
8546,2784,2020-01-23,100,CMP0097,Direct Debit,0,0
7707,2517,2024-05-05,22.5,CMP0052,Cash,0,0
6559,2170,2024-06-25,20,CMP0188,Card,1,0
6984,2290,2024-11-02,25,CMP0045,Cheque,0,0
11292,3648,2025-10-09,10,CMP0067,Card,1,0
10966,3555,2022-04-22,30.0,CMP0102,Direct Debit,1,0
6904,2265,2025-11-10,100,CMP0114,Cash,0,0
2139,715,2020-10-06,150.0,CMP0131,Cash,1,0
487,151,2023-07-15,15,CMP0127,Online,1,0
12359,1633,2024-03-19,25,CMP0190,Card,0,0
2269,762,2022-09-24,15,CMP0039,Cash,1,0
4218,1397,2025-12-16,50,CMP0149,Cash,1,0
3254,1096,2023-12-15,10,CMP0169,Card,1,0
4308,1425,2025-03-21,5,CMP0028,Cheque,0,0
126,37,2022-06-26,20,CMP0078,Cheque,0,0
4306,1423,2024-10-12,25,CMP0079,Standing Order,1,0
7244,2367,2026-02-01,10,CMP0115,Direct Debit,1,0
7798,2548,2025-01-17,250,CMP0044,Standing Order,0,0
8474,2763,2024-04-02,5,CMP0179,Online,0,0
1528,515,2025-01-06,25,CMP0189,Cash,1,0
4360,1444,2026-06-03,22.5,CMP0170,Cash,1,0
4703,1572,2023-12-27,200,CMP0144,Online,1,0
6023,1972,2024-12-14,50,CMP0064,Direct Debit,1,0
4468,1484,2025-10-03,50,CMP0157,Online,0,0
7916,2580,2024-10-18,30.0,CMP0114,Card,0,0
1618,545,2022-08-03,30,CMP0012,Cheque,1,0
4417,1466,2025-12-08,40,CMP0115,Online,1,0
8461,2758,2026-04-07,15,CMP0108,Cheque,1,0
5426,1790,2022-08-13,10,CMP0040,Standing Order,1,0
10381,3384,2020-02-03,500,CMP0034,Direct Debit,1,0
9450,3083,2026-05-23,20,CMP0052,Standing Order,1,0
220,61,2025-05-23,250,CMP0180,Direct Debit,0,0
1723,582,2023-07-30,10,CMP0108,Card,0,0
102,30,2024-02-25,250,CMP0105,Standing Order,0,0
2799,955,2025-10-15,15,CMP0108,Online,0,0
9305,3037,2021-10-14,5,CMP0053,Standing Order,1,0
11498,3712,2025-11-18,7.5,CMP0124,Standing Order,0,0
8385,2737,2023-09-20,10,CMP0070,Cheque,1,0
6507,2151,2023-07-03,7.5,CMP0157,Cheque,0,0
11127,3599,2024-04-18,40,CMP0149,Standing Order,1,0
3869,1298,2025-04-26,25,CMP0106,Online,0,0
710,228,2025-08-20,20,CMP0125,Card,1,0
10114,3313,2025-11-02,20,CMP0028,Standing Order,0,0
7663,2499,2024-08-29,5,CMP0004,Standing Order,1,0
10246,3347,2024-08-03,5,CMP0057,Cash,1,0
10080,3298,2023-11-28,30,CMP0063,Standing Order,1,0
6600,2181,2022-12-19,10,CMP0041,Cash,1,0
5830,1911,2026-06-02,15,CMP0135,Cheque,0,0
7737,2528,2021-12-04,25,CMP0191,Card,1,0
4645,1551,2025-03-27,25,CMP0128,Online,1,0
5199,1724,2026-05-20,100,CMP0006,Cash,1,0
437,142,2023-07-31,25,CMP0036,Card,1,0
4855,1609,2021-04-16,75.0,CMP0158,Direct Debit,1,0
915,305,2023-08-19,200,CMP0015,Card,0,0
5283,1750,2022-10-01,30,CMP0135,Standing Order,0,0
11805,3826,2026-02-10,50,CMP0038,Standing Order,0,0
848,279,2025-03-11,100,CMP0017,Online,0,0
7709,2518,2024-04-05,20,CMP0090,Direct Debit,1,0
9045,2953,2022-03-05,37.5,CMP0068,Cheque,0,0
10009,3279,2026-06-18,500,CMP0117,Direct Debit,0,0
6070,1986,2022-09-15,250,CMP0103,Cash,0,0
8517,2776,2024-02-20,200,CMP0174,Card,1,0
9842,3209,2026-04-02,100,CMP0102,Standing Order,0,0
12334,2932,2021-04-10,40,CMP0078,Online,0,0
7978,2596,2019-02-13,20,CMP0121,Standing Order,0,0
4571,1521,2026-04-13,40,CMP0125,Online,0,0
4383,1454,2025-07-07,250,CMP0171,Cheque,0,0
11511,3715,2023-12-26,50,CMP0031,Standing Order,0,0
5641,1851,2021-08-24,25,CMP0147,Card,0,0
4279,1418,2025-04-08,7.5,CMP0045,Online,1,0
11308,3654,2022-08-25,5,CMP0182,Cheque,0,0
1020,339,2025-01-25,30,CMP0023,Online,0,0
4626,1544,2025-06-25,10,CMP0166,Cash,1,0
8154,2655,2023-06-27,15,CMP0042,Standing Order,1,0
2990,1016,2026-07-28,15,CMP0089,Online,0,0
3961,1330,2026-01-02,20,CMP0051,Cheque,1,0
6328,2089,2026-05-19,500,CMP0080,Card,1,0
1625,548,2024-03-21,10,CMP0034,Direct Debit,0,0
7288,2378,2022-04-01,25,CMP0134,Standing Order,0,0
4552,1514,2026-07-12,5,CMP0057,Standing Order,1,0
11001,3567,2026-02-07,25,CMP0115,Cheque,1,0
5035,1671,2025-06-04,15,CMP0058,Online,1,0
5250,1740,2020-05-01,10,CMP0090,Cheque,1,0
11926,3871,2024-11-16,10,CMP0192,Card,1,0
9954,3257,2024-04-01,10,CMP0168,Card,0,0
8258,2699,2024-11-17,5,CMP0174,Card,0,0
11184,3619,2021-09-15,10,CMP0075,Standing Order,1,0
8186,2670,2024-11-22,22.5,CMP0096,Direct Debit,0,0
2687,910,2025-10-20,30.0,CMP0009,Card,0,0
2996,1017,2022-07-14,5,CMP0078,Cheque,1,1
6431,2122,2025-03-26,100,CMP0106,Direct Debit,1,0
4493,1497,2024-05-31,250,CMP0052,Direct Debit,1,0
2825,963,2026-08-05,100,CMP0012,Direct Debit,1,0
358,115,2024-10-06,75.0,CMP0116,Cheque,0,0
4361,1444,2023-05-27,25,CMP0122,Standing Order,1,0
12081,3935,2022-12-26,7.5,CMP0140,Card,1,0
1186,390,2025-06-22,200,CMP0095,Standing Order,0,0
9128,2977,2021-09-29,10,CMP0074,Online,0,0
11676,3765,2025-02-04,150.0,CMP0083,Cheque,1,0
9580,3127,2022-12-28,10,CMP0027,Online,0,0
3187,1073,2020-04-25,50,CMP0074,Standing Order,1,0
10696,3485,2025-02-17,25,CMP0134,Standing Order,1,0
8828,2888,2024-05-27,10,CMP0010,Online,0,0
5444,1794,2025-11-10,30.0,CMP0042,Online,1,0
494,155,2024-12-01,10,CMP0183,Card,0,0
11142,3603,2023-11-01,25,CMP0099,Direct Debit,0,0
10543,3438,2025-02-03,22.5,CMP0183,Cash,0,0
1440,479,2022-10-13,15,CMP0094,Card,0,0
2099,696,2025-09-19,500,CMP0133,Standing Order,0,0
11962,3887,2026-08-17,100,CMP0066,Cash,1,0
10648,3474,2023-02-14,50,CMP0180,Direct Debit,0,0
324,100,2024-10-05,20,CMP0172,Card,0,0
198,54,2025-07-15,150.0,CMP0100,Card,0,0
8061,2628,2025-12-01,15,CMP0120,Direct Debit,1,0
7315,2386,2026-04-08,15,CMP0012,Cash,0,0
11320,3656,2024-11-28,250,CMP0105,Standing Order,1,0
6372,2102,2026-06-20,375.0,CMP0122,Standing Order,0,0
2796,955,2023-05-15,75.0,CMP0089,Cash,0,0
1473,491,2026-03-24,5,CMP0008,Direct Debit,1,0
2260,756,2026-03-09,50,CMP0053,Standing Order,1,0
5771,1892,2023-01-04,375.0,CMP0094,Direct Debit,0,0
637,200,2024-09-05,10,CMP0180,Standing Order,1,0
12013,3905,2023-04-21,100,CMP0188,Cash,0,0
8511,2775,2025-04-01,10,CMP0047,Direct Debit,1,0
11241,3631,2021-02-03,25,CMP0046,Online,0,0
9937,3250,2024-09-01,10,CMP0062,Card,0,0
5756,1890,2022-12-04,100,CMP0053,Cheque,0,0
9058,2959,2024-04-23,25,CMP0005,Cheque,0,0
98,29,2024-02-04,100,CMP0094,Standing Order,1,0
8816,2880,2025-01-19,25,CMP0085,Online,0,0
8232,2689,2026-05-15,10,CMP0041,Card,1,0
2904,990,2020-07-04,50,CMP0037,Online,0,0
2327,794,2025-03-05,20,CMP0080,Online,0,0
8610,2808,2025-02-15,5,CMP0080,Cheque,0,0
3505,1172,2025-06-13,5,CMP0105,Direct Debit,0,0
4063,1351,2020-03-14,100,CMP0019,Standing Order,0,0
2479,841,2023-06-21,7.5,CMP0137,Direct Debit,1,0
4757,1584,2025-06-05,5,CMP0073,Card,0,1
5654,1858,2022-01-13,15,CMP0185,Cheque,0,0
8879,2898,2026-01-04,10,CMP0006,Direct Debit,1,0
11661,3759,2026-02-07,20,CMP0115,Cheque,0,0
439,143,2023-06-29,50,CMP0025,Direct Debit,0,0
7217,2358,2024-11-19,10,CMP0189,Standing Order,1,0
6152,2014,2021-10-14,25,CMP0168,Standing Order,1,0
11395,3674,2025-12-08,15,CMP0080,Cheque,1,0
950,319,2020-03-09,100,CMP0030,Online,0,0
9506,3103,2019-10-07,15,CMP0173,Cash,1,0
10646,3473,2021-05-08,30,CMP0173,Cheque,0,0
11653,3757,2024-01-10,15,CMP0109,Direct Debit,0,0
6346,2091,2024-04-30,25,CMP0107,Standing Order,1,0
7621,2491,2020-08-30,75.0,CMP0160,Card,1,0
4469,1484,2024-02-10,15,CMP0018,Direct Debit,0,0
1660,558,2026-01-06,50,CMP0077,Cash,0,0
11835,3839,2024-01-23,10,CMP0035,Standing Order,0,0
9374,3061,2025-12-14,30.0,CMP0173,Direct Debit,1,0
6728,2217,2020-12-10,30.0,CMP0094,Online,1,0
722,231,2025-04-19,50,CMP0068,Card,1,0
551,178,2026-01-24,250,CMP0159,Online,1,0
8693,2842,2022-08-15,100,CMP0111,Cheque,0,0
3933,1316,2024-01-31,100,CMP0099,Cheque,1,0
4526,1505,2025-10-27,15,CMP0067,Direct Debit,1,0
2518,852,2020-11-05,200,CMP0092,Direct Debit,0,0
1765,590,2022-08-27,25,CMP0173,Online,0,0
4992,1655,2026-08-07,250,CMP0110,Cash,0,0
4152,1376,2024-04-02,250,CMP0014,Direct Debit,0,0
10476,3412,2018-03-12,20,CMP0158,Card,1,0
4619,1543,2025-04-03,50,CMP0094,Cheque,0,0
1822,93754,2025-09-09,20,CMP0036,Cash,1,0
10542,3438,2026-04-05,75.0,CMP0118,Standing Order,1,0
8143,2653,2025-09-02,10,CMP0037,Online,0,0
8773,2870,2022-12-13,10,CMP0018,Online,0,0
10684,3483,2024-09-16,5,CMP0045,Standing Order,0,0
10562,3445,2025-11-05,100,CMP0152,Direct Debit,1,0
4483,1492,2019-11-07,20,CMP0097,Online,0,0
5123,1700,2023-06-15,5,CMP0021,Card,1,0
5768,1892,2021-04-16,15,CMP0177,Cheque,0,0
4223,1400,2026-07-10,25,CMP0046,Card,0,0
11812,3828,2024-01-15,250,CMP0053,Direct Debit,1,0
12171,3960,2026-03-10,20,CMP0004,Direct Debit,1,0
3295,1105,2020-04-28,100,CMP0126,Online,1,0
258,78,2021-07-27,150.0,CMP0112,Standing Order,0,0
8321,2720,2020-02-17,25,CMP0191,Online,0,0
3559,1193,2025-08-30,250,CMP0137,Online,1,0
8277,2709,2024-07-19,25,CMP0183,Cheque,0,0
795,258,2025-12-14,500,CMP0179,Cash,0,0
12213,3974,2024-05-05,5,CMP0156,Cash,1,0
3666,1230,2025-10-25,250,CMP0066,Standing Order,1,1
1136,381,2023-10-29,25,CMP0107,Direct Debit,1,0
239,71,2025-01-12,15,CMP0162,Cash,1,0
9263,3028,2023-09-07,25,CMP0168,Cash,0,0
4594,1533,2023-02-17,250,CMP0063,Standing Order,1,0
1882,629,2025-04-02,50,CMP0189,Standing Order,1,0
4041,1346,2025-09-21,25,CMP0060,Online,1,0
3804,1274,2023-05-04,20,CMP0117,Standing Order,0,0
2033,675,2023-10-12,10,CMP0085,Standing Order,1,0
10734,3493,2021-12-13,500,CMP0099,Card,1,0
3318,1110,2018-06-23,25,CMP0093,Card,1,0
2060,687,2024-04-19,10,CMP0089,Cash,0,0
5667,1861,2020-06-22,100,CMP0164,Card,0,0
2722,932,2024-05-07,10,CMP0072,Cheque,1,0
24,4,2024-07-18,100,CMP0006,Direct Debit,1,0
6761,2224,2020-04-12,15,CMP0174,Cash,1,0
822,273,2022-12-15,20,CMP0153,Standing Order,1,0
9261,3028,2024-07-03,200,CMP0146,Direct Debit,0,0
6337,2090,2025-07-15,40,CMP0181,Cheque,0,0
1420,472,2023-10-30,30.0,CMP0170,Online,0,0
11266,3642,2022-11-15,22.5,CMP0034,Cash,1,0
3617,1214,2023-09-30,10,CMP0033,Standing Order,0,0
2896,987,2025-01-29,7.5,CMP0001,Cash,0,0
9655,3151,2021-02-15,50,CMP0139,Card,0,0
8858,2894,2023-08-27,100,CMP0101,Cash,1,0
2577,872,2021-12-05,20,CMP0107,Direct Debit,1,0
2789,953,2024-04-28,375.0,CMP0167,Online,1,0
6340,2091,2025-09-06,20,CMP0091,Cheque,1,0
5024,1666,2024-07-27,200,CMP0125,Card,1,0
7976,2596,2018-09-24,50,CMP0149,Cheque,1,0
6159,2018,2021-03-16,22.5,CMP0134,Cash,1,0
11660,3758,2024-01-05,75.0,CMP0044,Card,1,0
7782,2544,2024-07-24,150.0,CMP0047,Standing Order,0,0
2846,970,2026-06-14,10,CMP0129,Direct Debit,0,0
7008,2295,2024-09-12,22.5,CMP0088,Card,0,0
7210,2355,2026-04-09,7.5,CMP0029,Cheque,1,0
2466,835,2021-07-10,5,CMP0136,Cheque,0,0
5062,1677,2023-09-28,5,CMP0155,Cheque,0,0
1621,545,2022-02-06,500,CMP0107,Card,1,0
954,319,2025-08-09,15,CMP0018,Cash,0,0
7678,2507,2025-07-27,20,CMP0127,Cash,1,0
4151,1374,2022-12-10,37.5,CMP0045,Online,1,0
4510,1502,2026-04-08,10,CMP0082,Cheque,0,0
3971,1331,2018-09-12,37.5,CMP0063,Cheque,0,0
1011,336,2024-12-19,500,CMP0051,Cash,0,0
4692,1566,2022-01-23,150.0,CMP0114,Cheque,1,0
8343,2724,2024-05-13,5,CMP0123,Online,1,0
7774,2538,2025-06-29,250,CMP0029,Card,1,0
4564,1518,2022-07-24,75.0,CMP0176,Standing Order,1,0
1771,594,2026-03-11,5,CMP0163,Card,0,0
3001,1017,2024-07-09,250,CMP0024,Online,0,0
4081,1359,2020-10-21,22.5,CMP0019,Cheque,0,0
6710,2213,2019-06-12,10,CMP0039,Online,1,0
3916,1310,2026-03-04,15,CMP0112,Cheque,1,0
3759,1262,2025-10-17,10,CMP0014,Cheque,0,0
1211,397,2017-12-02,20,CMP0022,Card,0,0
2848,972,2022-04-13,10,CMP0014,Online,0,0
3863,1293,2024-12-02,50,CMP0067,Card,1,0
6373,2102,2024-05-07,15.0,CMP0004,Card,0,0
4671,1563,2025-05-27,100,CMP0022,Standing Order,1,0
7493,2447,2025-06-27,10,CMP0006,Cash,0,0
8976,2932,2021-12-09,15.0,CMP0112,Online,0,0
6508,2151,2022-12-20,50,CMP0145,Direct Debit,1,0
9458,3084,2026-05-18,250,CMP0048,Cash,1,0
1757,588,2022-09-29,200,CMP0098,Cheque,1,0
3820,1283,2025-09-01,15,CMP0054,Online,0,0
8620,2815,2025-08-05,30,CMP0173,Standing Order,0,0
7405,2417,2025-10-23,30.0,CMP0029,Cheque,0,0
3902,1307,2018-10-25,25,CMP0142,Direct Debit,0,0
7614,2490,2022-09-09,50,CMP0071,Direct Debit,1,0
9504,3103,2021-05-04,150.0,CMP0043,Cheque,1,0
1862,626,2022-07-14,10,CMP0101,Cash,1,0
12170,3960,2018-12-28,7.5,CMP0133,Online,1,0
5261,1742,2020-12-03,500,CMP0018,Cheque,1,0
5325,1761,2019-04-30,100,CMP0139,Direct Debit,1,0
523,165,2024-09-09,10,CMP0171,Cheque,1,0
7354,2399,2025-03-24,5,CMP0170,Standing Order,1,0
10715,3488,2022-07-13,250,CMP0161,Card,1,0
11883,3857,2020-04-27,50,CMP0178,Card,1,0
3606,1210,2025-04-18,250,CMP0067,Direct Debit,0,0
6016,1970,2025-08-16,75.0,CMP0124,Direct Debit,1,0
3174,1067,2022-12-06,30.0,CMP0158,Card,1,0
11823,3834,2024-10-14,375.0,CMP0008,Direct Debit,1,0
1381,454,2026-06-26,20,CMP0009,Cheque,1,0
3302,1107,2026-01-06,20,CMP0019,Direct Debit,0,0
1661,558,2026-04-23,25,CMP0129,Cash,0,0
5321,1761,2019-08-03,250,CMP0116,Standing Order,1,0
757,249,2022-01-17,15,CMP0101,Cheque,0,0
2109,699,2024-10-25,10,CMP0050,Direct Debit,0,0
4261,1413,2023-01-23,100,CMP0013,Card,1,0
11915,3868,2021-06-30,25,CMP0094,Direct Debit,1,0
881,291,2026-07-07,100,CMP0031,Standing Order,1,0
3860,1292,2022-03-21,50,CMP0139,Online,0,0
10077,3295,2023-03-22,150.0,CMP0044,Standing Order,1,0
1572,528,2025-05-04,50,CMP0011,Standing Order,0,0
2145,716,2020-02-29,40,CMP0077,Direct Debit,0,0
9396,3068,2021-05-28,100,CMP0080,Standing Order,0,0
6941,2276,2022-07-15,15.0,CMP0096,Cheque,1,0
3544,1185,2023-08-12,50,CMP0016,Standing Order,0,0
1278,420,2025-01-30,250,CMP0147,Standing Order,1,0
5568,1833,2023-08-26,20,CMP0136,Standing Order,1,0
3848,1288,2025-09-09,5,CMP0091,Online,1,0
1924,645,2022-05-08,25,CMP0048,Direct Debit,1,0
7791,2546,2025-03-19,10,CMP0114,Cash,1,0
2094,694,2022-07-28,75.0,CMP0053,Direct Debit,0,0
5233,1733,2022-05-13,22.5,CMP0188,Cheque,1,0
8578,2794,2026-01-06,500,CMP0138,Online,0,0
6861,2253,2025-11-07,250,CMP0189,Cheque,0,0
11756,3803,2024-05-25,10,CMP0028,Direct Debit,0,0
2407,817,2026-01-13,10,CMP0103,Standing Order,1,1
361,116,2026-02-20,50,CMP0131,Online,0,0
10596,3457,2023-01-23,50,CMP0132,Online,1,0
8993,2937,2025-12-03,375.0,CMP0071,Card,0,0
9621,3139,2021-12-16,20,CMP0016,Online,1,0
4237,1404,2023-08-25,10,CMP0066,Online,0,0
8964,2930,2025-12-06,100,CMP0085,Cheque,0,0
4423,1470,2025-07-19,10,CMP0052,Online,0,0
9698,3169,2024-08-19,15,CMP0133,Online,0,0
6624,2185,2023-11-01,15,CMP0056,Card,1,0
11918,3869,2025-10-07,100,CMP0091,Cheque,1,0
2199,735,2026-01-12,15,CMP0110,Cheque,1,0
1480,496,2024-09-02,10,CMP0096,Online,1,0
7269,2375,2025-10-06,100,CMP0156,Card,1,0
11654,3757,2026-04-22,37.5,CMP0053,Direct Debit,0,0
2398,816,2022-10-24,150.0,CMP0100,Standing Order,1,0
7757,2532,2024-01-30,250,CMP0089,Online,1,0
3109,1051,2019-06-17,20,CMP0150,Card,1,0
4696,1569,2019-10-23,250,CMP0124,Card,1,0
828,273,2020-11-16,22.5,CMP0134,Cash,1,0
10092,3303,2026-08-08,15,CMP0089,Standing Order,0,0
4256,1411,2026-05-17,100,CMP0110,Direct Debit,1,0
3668,1230,2021-01-01,20,CMP0117,Cheque,0,0
4251,1409,2026-07-24,30,CMP0104,Standing Order,1,0
2770,943,2021-12-30,15.0,CMP0017,Cash,1,1
7385,2411,2024-07-19,50,CMP0048,Card,1,0
6363,2098,2026-03-26,50,CMP0095,Online,0,0
11207,3623,2025-11-03,100,CMP0023,Card,0,0
869,288,2023-08-23,15.0,CMP0159,Card,0,0
2302,777,2023-02-06,40,CMP0135,Standing Order,0,0
7514,2455,2024-11-27,100,CMP0034,Cash,1,0
521,164,2025-12-04,10,CMP0104,Card,0,0
11034,3578,2023-03-17,200,CMP0064,Card,0,0
3140,1061,2024-11-18,50,CMP0145,Online,1,0
11627,3741,2025-12-02,75.0,CMP0069,Direct Debit,0,0
6470,2137,2023-10-15,500,CMP0068,Direct Debit,0,0
353,114,2024-02-15,250,CMP0020,Card,0,0
2914,995,2023-10-05,25,CMP0061,Direct Debit,1,0
3325,1112,2021-03-08,15,CMP0123,Direct Debit,0,0
1481,496,2024-01-29,50,CMP0054,Direct Debit,1,0
6980,2288,2024-12-14,37.5,CMP0152,Direct Debit,0,0
9405,3069,2024-05-20,375.0,CMP0137,Cheque,1,0
4929,1637,2022-01-27,50,CMP0180,Online,0,0
6371,2100,2025-06-24,25,CMP0036,Cheque,1,0
12008,3904,2026-04-14,5,CMP0111,Cash,0,0
726,233,2025-11-18,200,CMP0002,Standing Order,0,0
5690,1866,2022-04-07,22.5,CMP0088,Cash,1,0
3139,1060,2025-09-09,150.0,CMP0043,Standing Order,1,0
8769,2868,2025-12-04,30.0,CMP0077,Cash,0,0
11014,3573,2019-07-18,40,CMP0167,Cash,1,0
11392,3673,2022-01-16,30.0,CMP0035,Direct Debit,0,0
1624,548,2026-05-05,375.0,CMP0154,Online,1,0
7648,2497,2023-03-20,10,CMP0071,Card,0,0
2532,856,2024-04-25,15,CMP0180,Cash,1,0
1655,557,2023-06-06,10,CMP0047,Cheque,1,0
3406,1139,2023-10-07,22.5,CMP0131,Online,0,0
6735,2217,2026-08-13,50,CMP0092,Cheque,0,0
2973,1010,2024-07-04,15,CMP0155,Cheque,1,0
5795,1900,2017-12-20,20,CMP0112,Direct Debit,1,0
7839,2555,2025-09-30,150.0,CMP0124,Cash,1,0
4187,1389,2023-11-14,500,CMP0126,Card,1,0
350,113,2024-04-22,10,CMP0071,Direct Debit,0,0
9738,3181,2024-11-25,20,CMP0096,Standing Order,0,0
8408,2746,2022-01-15,30,CMP0045,Direct Debit,0,0
11295,3652,2023-01-15,30.0,CMP0104,Online,0,0
3382,1131,2024-10-08,10,CMP0018,Standing Order,1,0
8910,2904,2024-02-19,30,CMP0038,Cheque,0,0
12002,3899,2024-07-25,15,CMP0057,Standing Order,1,0
3610,1212,2024-11-14,150.0,CMP0138,Online,1,0
10203,3335,2026-05-09,15,CMP0152,Standing Order,0,0
12079,3935,2025-12-18,5,CMP0079,Standing Order,0,0
10622,3463,2024-08-12,75.0,CMP0177,Card,0,0
11629,3743,2023-10-20,50,CMP0180,Cash,1,0
2586,874,2025-11-10,20,CMP0046,Cheque,1,0
5619,1844,2024-12-19,20,CMP0149,Online,1,0
10287,3364,2021-02-13,25,CMP0005,Cash,0,0
6143,2003,2024-12-07,50,CMP0179,Direct Debit,1,0
6705,2212,2021-09-04,100,CMP0082,Direct Debit,1,0
7571,2476,2018-05-26,150.0,CMP0132,Online,0,0
4320,1431,2025-04-01,250,CMP0137,Online,1,0
4832,1606,2023-01-11,200,CMP0078,Online,0,0
9917,3239,2025-02-04,10,CMP0145,Cheque,0,0
3970,1331,2019-12-01,50,CMP0007,Card,1,0
10474,3411,2020-04-11,30,CMP0181,Standing Order,0,0
10231,3341,2020-03-12,150.0,CMP0153,Online,0,0
10771,3499,2026-03-16,25,CMP0091,Direct Debit,1,0
4608,1537,2024-07-30,30.0,CMP0035,Cash,1,0
8726,2851,2022-11-14,100,CMP0060,Direct Debit,1,0
10669,3479,2025-10-31,15,CMP0176,Online,1,0
10224,3341,2022-02-15,25,CMP0155,Card,1,0
8824,2885,2019-07-22,30.0,CMP0096,Standing Order,1,0
100,30,2024-06-29,100,CMP0038,Card,0,0
7760,2535,2025-10-30,15,CMP0145,Online,1,0
11843,3847,2021-01-18,30.0,CMP0069,Cash,1,0
4344,1440,2026-02-17,10,CMP0125,Cash,0,0
10208,3336,2024-12-02,15,CMP0178,Card,0,0
424,138,2025-11-16,100,CMP0127,Direct Debit,0,0
4103,1361,2026-08-01,100,CMP0073,Cash,1,0
9155,2989,2023-01-09,25,CMP0118,Card,1,0
3359,1127,2024-11-19,15,CMP0163,Online,1,0
9028,2946,2025-09-21,20,CMP0012,Direct Debit,1,0
9733,3180,2023-09-06,25,CMP0182,Cash,0,0
1461,486,2025-04-15,10,CMP0091,Cheque,1,0
7480,2443,2019-10-27,25,CMP0132,Card,1,0
12217,3975,2023-04-21,30,CMP0147,Card,1,0
7896,2574,2018-10-30,15,CMP0093,Direct Debit,0,0
11084,3587,2021-07-19,200,CMP0192,Direct Debit,0,0
7795,2547,2023-10-26,200,CMP0062,Direct Debit,0,0
5851,1918,2024-12-30,10,CMP0177,Card,1,0
4159,1378,2023-04-11,100,CMP0095,Cash,0,0
8360,2732,2021-08-07,30.0,CMP0166,Online,1,0
9066,2959,2026-05-03,10,CMP0148,Cash,1,0
8070,2630,2023-07-30,22.5,CMP0163,Cheque,0,0
6798,2236,2026-08-01,25,CMP0183,Standing Order,1,0
1357,444,2024-06-07,15,CMP0106,Cash,0,0
1398,460,2025-05-27,5,CMP0009,Card,1,0
5180,1715,2019-04-17,30,CMP0129,Card,1,0
8551,2785,2026-01-15,200,CMP0026,Cash,0,0
1478,493,2026-03-11,20,CMP0001,Online,1,0
4536,1507,2026-02-18,20,CMP0051,Standing Order,1,0
4105,1361,2025-02-05,100,CMP0063,Standing Order,0,0
11115,3595,2021-09-10,20,CMP0162,Card,0,0
2867,978,2023-08-01,10,CMP0080,Cheque,1,0
3911,1309,2018-10-29,250,CMP0016,Cheque,1,0
6586,2178,2025-07-19,500,CMP0094,Cash,0,0
5041,1672,2023-11-25,10,CMP0181,Cash,1,0
6947,2280,2021-02-03,20,CMP0156,Cheque,0,0
6942,2276,2022-01-26,100,CMP0073,Cash,0,0
5324,1761,2024-11-21,250,CMP0059,Direct Debit,1,0
12141,3952,2024-12-16,75.0,CMP0105,Cheque,0,0
5495,1809,2024-05-10,15,CMP0124,Direct Debit,0,0
9404,3069,2023-04-27,50,CMP0171,Standing Order,0,0
8947,2926,2022-01-18,250,CMP0086,Cash,0,0
5111,1695,2026-04-09,20,CMP0169,Direct Debit,1,0
10540,3437,2026-06-09,100,CMP0073,Direct Debit,1,0
7054,2307,2022-06-11,100,CMP0172,Cash,0,0
7679,2507,2024-01-12,15,CMP0078,Card,0,0
9077,2962,2020-07-17,50,CMP0028,Standing Order,0,0
10864,3529,2025-06-13,100,CMP0129,Direct Debit,0,0
10394,3390,2022-08-10,250,CMP0029,Cheque,0,0
10281,3363,2018-12-26,50,CMP0190,Card,1,0
2396,816,2020-06-06,100,CMP0012,Direct Debit,0,0
4535,1507,2021-11-25,15,CMP0013,Cheque,0,0
292,86,2024-04-14,7.5,CMP0163,Direct Debit,0,0
5418,1789,2026-03-15,20,CMP0003,Cash,0,0
10907,3543,2026-01-02,37.5,CMP0120,Standing Order,1,0
6895,2259,2025-04-03,100,CMP0002,Cheque,1,0
3006,1019,2024-06-16,30,CMP0035,Standing Order,1,0
3594,1207,2020-06-24,75.0,CMP0088,Cheque,1,0
11808,3826,2025-06-22,10,CMP0040,Cheque,0,0
7761,2535,2023-06-26,500,CMP0007,Direct Debit,0,0
1395,459,2024-06-26,75.0,CMP0184,Direct Debit,1,0
4342,1438,2021-07-06,50,CMP0121,Online,1,0
9940,3252,2026-04-02,5,CMP0185,Standing Order,1,0
829,276,2026-01-09,100,CMP0184,Online,0,0
11382,3670,2024-09-04,250,CMP0153,Cash,0,0
9666,3158,2024-11-01,30,CMP0053,Online,0,0
8055,2627,2022-08-25,100,CMP0018,Card,1,0
10672,3481,2024-07-31,100,CMP0059,Card,1,0
9971,3263,2023-05-25,25,CMP0104,Online,1,0
5696,1870,2026-02-02,15.0,CMP0013,Cash,0,0
11252,3634,2024-10-19,10,CMP0148,Cheque,0,0
9800,3197,2021-01-21,30,CMP0117,Cheque,0,0
1195,393,2025-06-05,500,CMP0029,Online,0,0
11851,3851,2022-04-20,15,CMP0048,Cash,1,0
8632,2819,2026-03-04,25,CMP0018,Online,1,0
4746,1582,2026-02-04,150.0,CMP0131,Cheque,0,0
1504,506,2024-10-06,100,CMP0035,Cheque,0,0
8874,2898,2025-01-08,10,CMP0037,Card,0,0
11165,3611,2021-02-15,15,CMP0188,Cash,0,0
835,276,2021-09-07,50,CMP0141,Cheque,1,0
4128,1368,2025-04-02,500,CMP0088,Cheque,0,0
3234,1086,2022-03-08,7.5,CMP0183,Direct Debit,0,0
4242,1405,2026-08-08,22.5,CMP0025,Online,1,0
9231,3014,2023-08-26,15,CMP0035,Standing Order,0,0
622,197,2023-03-11,100,CMP0126,Standing Order,0,0
9794,3197,2025-04-08,5,CMP0020,Direct Debit,0,0
8974,2931,2024-04-10,500,CMP0128,Cheque,0,0
170,50,2017-11-06,15.0,CMP0139,Direct Debit,0,0
8567,2790,2026-05-02,200,CMP0019,Online,0,0
1551,523,2026-06-05,25,CMP0141,Direct Debit,0,0
11614,3739,2025-07-01,375.0,CMP0143,Card,0,0
11778,3812,2024-11-27,10,CMP0045,Direct Debit,1,0
3579,1203,2023-02-11,20,CMP0082,Direct Debit,0,0
6924,2273,2024-05-27,15,CMP0009,Standing Order,0,0
8523,2777,2022-02-05,5,CMP0162,Standing Order,0,0
2992,1016,2025-09-27,5,CMP0069,Cheque,0,0
3731,1250,2024-02-06,10,CMP0038,Direct Debit,0,0
7095,2320,2020-12-10,7.5,CMP0045,Standing Order,1,0
10662,3477,2023-03-11,25,CMP0078,Direct Debit,1,0
11904,3866,2022-10-13,75.0,CMP0122,Direct Debit,1,0
5265,1742,2021-04-15,150.0,CMP0112,Cash,1,0
7321,2388,2023-08-30,75.0,CMP0130,Online,0,0
7022,2300,2024-04-28,30,CMP0128,Direct Debit,1,0
3235,1086,2023-08-21,250,CMP0070,Standing Order,0,0
9606,3138,2023-02-28,100,CMP0029,Standing Order,1,0
10735,3493,2025-12-12,25,CMP0143,Online,1,0
2885,983,2026-05-02,50,CMP0189,Direct Debit,0,0
3035,1029,2023-10-29,200,CMP0079,Standing Order,0,0
12046,3920,2021-10-04,20,CMP0174,Online,0,0
983,329,2023-09-11,20,CMP0130,Direct Debit,1,0
6599,2181,2023-06-15,7.5,CMP0146,Cash,0,0
1776,596,2023-08-03,15,CMP0041,Cheque,1,0
7328,2389,2024-07-17,375.0,CMP0169,Card,0,0
11636,3746,2024-11-29,10,CMP0099,Online,0,0
10842,3524,2021-10-18,30,CMP0004,Direct Debit,1,0
897,300,2025-05-02,250,CMP0191,Cash,0,0
11350,3661,2021-11-03,25,CMP0123,Cheque,1,0
11959,3885,2026-04-07,20,CMP0109,Card,1,0
8794,2871,2026-02-15,250,CMP0111,Cheque,0,0
697,220,2025-08-21,75.0,CMP0081,Online,1,0
3703,1246,2026-04-22,100,CMP0025,Cash,1,0
12307,4007,2025-04-27,22.5,CMP0092,Standing Order,0,0
9699,3169,2024-08-10,100,CMP0111,Standing Order,1,0
5565,1833,2022-05-24,20,CMP0161,Online,0,0
8436,2751,2026-01-06,30,CMP0028,Direct Debit,0,0
280,81,2023-11-26,20,CMP0114,Card,0,0
10140,3320,2022-11-04,500,CMP0075,Direct Debit,1,0
4472,1485,2019-02-14,30.0,CMP0023,Cheque,1,0
156,46,2026-02-23,30.0,CMP0174,Card,0,0
6296,2073,2019-03-12,250,CMP0175,Direct Debit,0,0
264,80,2022-04-03,30.0,CMP0132,Online,0,0
10335,3373,2024-05-28,75.0,CMP0007,Card,0,0
8941,2922,2023-04-22,15.0,CMP0103,Online,0,0
12176,3961,2021-12-09,50,CMP0106,Online,0,0
9239,3015,2025-08-23,10,CMP0046,Direct Debit,1,0
7064,2312,2022-06-29,10,CMP0156,Card,0,0
11986,3894,2024-08-09,150.0,CMP0121,Cash,0,0
1921,644,2022-11-24,100,CMP0081,Online,0,0
9711,3172,2023-05-28,15,CMP0040,Card,1,0
7111,2324,2022-12-09,250,CMP0028,Standing Order,0,0
3689,1239,2024-10-09,5,CMP0089,Standing Order,1,0
512,160,2021-04-28,50,CMP0165,Standing Order,0,0
1741,585,2024-07-10,10,CMP0064,Card,0,0
3273,1101,2020-01-22,5,CMP0001,Standing Order,1,0
9386,3062,2026-05-17,10,CMP0141,Direct Debit,0,0
397,129,2023-03-22,100,CMP0122,Cash,0,0
11346,3661,2024-10-26,20,CMP0088,Cheque,1,0
3407,1141,2019-08-07,20,CMP0141,Cheque,1,0
12114,3942,2023-04-22,20,CMP0015,Card,1,0
4970,1648,2023-11-14,250,CMP0006,Online,1,0
1595,538,2026-02-08,375.0,CMP0096,Direct Debit,1,0
5021,1666,2026-01-08,50,CMP0147,Cheque,1,0
6727,2217,2024-09-26,20,CMP0009,Cheque,1,0
11874,3854,2023-02-15,25,CMP0120,Cheque,0,0
7478,2443,2019-11-21,100,CMP0127,Online,1,0
1472,491,2024-02-27,40,CMP0033,Cash,1,0
2985,1013,2024-07-03,100,CMP0167,Online,1,0
6959,2282,2026-07-23,250,CMP0041,Cash,1,0
3557,1193,2024-12-04,375.0,CMP0016,Direct Debit,0,0
3770,1265,2021-05-25,25,CMP0024,Standing Order,1,0
3289,1104,2025-08-08,-375.0,CMP0127,Cash,1,0
2338,799,2026-07-16,15.0,CMP0178,Online,1,0
5546,1824,2020-08-15,30.0,CMP0099,Cheque,1,0
8445,2755,2024-09-06,20,CMP0083,Direct Debit,1,0
3249,1094,2022-09-05,10,CMP0124,Card,0,0
8415,2747,2017-11-26,150.0,CMP0071,Card,0,0
195,53,2026-08-15,7.5,CMP0119,Cash,0,0
10308,3368,2021-07-07,50,CMP0138,Cash,0,0
7324,2388,2024-05-01,15,CMP0165,Cash,1,0
647,203,2022-11-06,50,CMP0004,Cash,0,0
9377,3061,2026-03-01,20,CMP0164,Online,1,0
3115,1051,2020-09-26,250,CMP0146,Online,1,0
10539,3437,2024-12-15,15,CMP0086,Standing Order,1,0
10886,3539,2023-02-15,75.0,CMP0181,Standing Order,0,0
8576,2794,2023-10-01,30,CMP0145,Online,0,0
5734,1882,2021-08-05,20,CMP0072,Direct Debit,0,0
7356,2399,2019-03-29,5,CMP0115,Cash,1,0
12352,1514,2025-08-18,200,CMP0116,Standing Order,0,0
12310,4007,2026-04-08,15,CMP0159,Cheque,1,0
4258,1413,2020-01-07,150.0,CMP0073,Cheque,1,0
388,126,2026-08-10,25,CMP0067,Cash,1,0
7987,2597,2025-02-18,50,CMP0150,Online,1,0
12127,3949,2024-04-23,250,CMP0179,Cheque,1,0
392,129,2020-03-30,100,CMP0035,Direct Debit,1,0
1155,383,2023-12-13,100,CMP0062,Cheque,1,0
10012,3280,2022-07-31,50,CMP0009,Online,0,0
1553,523,2025-09-24,50,CMP0055,Direct Debit,1,0
720,230,2023-11-10,15,CMP0035,Card,1,0
8280,2709,2026-01-22,50,CMP0005,Cash,0,0
8271,2705,2024-11-27,30.0,CMP0058,Cash,1,0
9567,3123,2025-02-02,50,CMP0188,Cheque,1,0
3134,1060,2023-07-12,250,CMP0098,Cash,0,0
2873,981,2021-09-26,20,CMP0158,Cash,1,0
11222,3627,2022-04-11,15.0,CMP0150,Cheque,1,0
1693,570,2019-03-06,250,CMP0184,Card,1,0
12348,3722,2023-02-26,100,CMP0014,Card,1,0
9887,3229,2021-12-24,22.5,CMP0046,Card,1,0
11177,3619,2021-05-04,20,CMP0005,Standing Order,1,0
8639,2820,2026-06-24,20,CMP0154,Online,0,0
9872,3224,2023-03-07,25,CMP0132,Online,0,0
7235,2364,2026-01-27,50,CMP0094,Cheque,1,0
5675,1863,2024-02-22,100,CMP0143,Standing Order,0,0
6212,2044,2026-06-15,20,CMP0131,Standing Order,0,0
11726,3790,2024-11-14,10,CMP0087,Cash,0,0
2275,766,2021-11-04,10,CMP0097,Direct Debit,1,0
7749,2531,2018-07-16,20,CMP0179,Direct Debit,0,0
5267,1742,2019-04-17,75.0,CMP0086,Cash,1,0
4697,1570,2024-08-01,150.0,CMP0096,Cheque,0,0
2942,1003,2023-02-08,250,CMP0138,Online,0,0
360,116,2023-08-27,5,CMP0156,Card,0,0
10783,3503,2025-08-29,37.5,CMP0062,Standing Order,1,0
6574,2175,2025-03-01,20,CMP0042,Direct Debit,1,1
10926,3546,2023-08-18,25,CMP0119,Direct Debit,0,0
7624,2491,2018-08-20,40,CMP0106,Card,0,0
10805,3514,2024-04-03,50,CMP0055,Standing Order,1,0
5730,1880,2025-12-14,7.5,CMP0035,Cash,1,0
11651,3757,2022-06-27,10,CMP0186,Standing Order,1,0
8189,2672,2026-01-07,500,CMP0037,Cheque,0,0
975,328,2023-10-01,5,CMP0127,Online,1,0
8013,2614,2024-03-31,37.5,CMP0130,Standing Order,1,0
1842,623,2022-10-03,150.0,CMP0152,Card,0,0
147,45,2026-02-27,250,CMP0189,Direct Debit,1,0
4991,99773,2026-06-07,5,CMP0017,Standing Order,1,0
2604,881,2022-05-13,100,CMP0018,Standing Order,1,0
10988,3563,2024-09-02,30.0,CMP0115,Standing Order,1,0
5783,1898,2026-07-29,5,CMP0014,Direct Debit,1,0
4168,1380,2021-08-08,15,CMP0121,Cheque,1,0
1782,597,2020-12-30,5,CMP0101,Standing Order,0,0
4675,1563,2022-12-06,30,CMP0133,Online,1,0
11441,3692,2025-10-13,500,CMP0163,Direct Debit,1,0
9162,2991,2023-10-14,50,CMP0113,Standing Order,0,0
7109,2324,2021-02-07,40,CMP0045,Cash,0,0
3204,1078,2024-05-10,20,CMP0164,Card,1,0
4517,1503,2022-12-28,5,CMP0033,Standing Order,0,0
2251,756,2020-05-08,40,CMP0125,Online,1,0
1788,598,2026-02-09,20,CMP0153,Card,1,0
9395,3066,2026-04-03,50,CMP0093,Online,0,0
8149,2654,2019-02-08,10,CMP0081,Card,1,0
5603,1837,2020-09-24,100,CMP0130,Cheque,1,0
2306,782,2025-09-14,250,CMP0050,Cheque,0,0
11750,3799,2025-08-09,40,CMP0026,Card,1,0
10260,3350,2025-12-11,22.5,CMP0070,Standing Order,1,0
7055,2307,2023-06-01,50,CMP0084,Cash,1,0
3212,1080,2020-12-22,5,CMP0130,Standing Order,0,0
2542,859,2023-09-06,25,CMP0068,Direct Debit,1,0
5905,1934,2025-07-14,5,CMP0023,Direct Debit,1,0
3681,1230,2018-04-07,30.0,CMP0021,Card,1,0
3667,1230,2024-01-07,150.0,CMP0123,Card,0,0
10513,3433,2022-04-11,150.0,CMP0103,Standing Order,0,0
3119,1055,2025-10-20,5,CMP0102,Direct Debit,0,0
255,77,2024-06-15,15,CMP0093,Cheque,0,0
8580,2795,2022-12-14,250,CMP0045,Card,0,0
311,95,2023-12-02,500,CMP0161,Direct Debit,1,0
11933,3873,2020-03-30,25,CMP0032,Cash,1,0
7339,2391,2025-12-13,15,CMP0118,Cheque,1,0
11554,3727,2023-06-12,50,CMP0064,Cash,1,0
658,206,2024-01-27,100,CMP0114,Card,0,0
7274,2376,2026-06-11,40,CMP0004,Cash,1,0
1487,498,2021-12-02,40,CMP0042,Online,0,0
4380,1451,2026-07-19,20,CMP0031,Direct Debit,0,1
3420,1144,2024-07-15,50,CMP0054,Online,0,0
11543,3726,2026-04-22,100,CMP0152,Cheque,0,0
3673,1230,2017-12-02,100,CMP0081,Online,0,0
3717,1248,2021-11-11,15.0,CMP0013,Direct Debit,0,0
753,248,2019-11-03,25,CMP0103,Online,0,0
3121,1056,2024-04-07,15.0,CMP0094,Cheque,0,0
7455,2438,2021-10-30,150.0,CMP0094,Standing Order,0,0
8831,2889,2023-02-12,25,CMP0010,Standing Order,1,0
5292,1753,2025-03-06,500,CMP0157,Standing Order,1,0
9065,2959,2024-09-16,20,CMP0034,Cheque,1,0
6742,2220,2025-10-02,500,CMP0042,Standing Order,0,0
303,91,2026-02-19,250,CMP0126,Standing Order,0,0
7671,2505,2018-08-13,20,CMP0069,Online,1,0
991,331,2021-11-18,500,CMP0171,Card,1,0
7950,2589,2023-12-09,500,CMP0100,Direct Debit,0,0
2001,669,2026-08-07,20,CMP0124,Standing Order,0,0
5402,1785,2023-09-17,20,CMP0109,Standing Order,1,0
293,86,2022-02-25,15.0,CMP0076,Direct Debit,1,0
8333,2723,2025-06-26,375.0,CMP0077,Standing Order,0,0
10305,3367,2024-08-12,250,CMP0152,Standing Order,1,0
9712,3172,2021-08-13,37.5,CMP0022,Direct Debit,1,0
7947,2588,2025-01-23,25,CMP0080,Cheque,0,0
8561,2788,2025-09-21,100,CMP0074,Cash,1,0
6013,1969,2025-03-29,200,CMP0183,Direct Debit,0,0
4441,1473,2020-01-12,375.0,CMP0100,Cash,1,0
1526,515,2022-12-21,100,CMP0047,Cheque,0,0
164,48,2024-02-14,22.5,CMP0068,Standing Order,1,0
10300,3367,2025-11-07,5,CMP0003,Card,1,0
1581,532,2025-06-10,10,CMP0141,Cheque,0,0
1890,633,2025-05-09,250,CMP0174,Standing Order,1,0
3846,1288,2022-09-09,7.5,CMP0149,Standing Order,1,0
12149,3955,2026-05-16,150.0,CMP0173,Card,0,0
7277,2377,2024-11-27,20,CMP0090,Standing Order,0,0
5969,1956,2026-07-25,100,CMP0001,Cheque,1,0
8335,2723,2025-04-11,100,CMP0153,Cash,1,0
4923,1637,2019-10-19,75.0,CMP0049,Cheque,1,0
10772,3500,2024-01-10,30,CMP0023,Cash,0,0
12312,4013,2025-03-27,10,CMP0005,Cheque,0,0
3170,1066,2023-01-22,50,CMP0085,Cash,1,0
8651,2825,2022-08-02,7.5,CMP0105,Card,1,0
3313,1110,2022-10-29,375.0,CMP0105,Standing Order,1,0
6289,2071,2025-04-12,20,CMP0188,Cheque,0,0
5260,1742,2018-06-01,5,CMP0183,Standing Order,0,0
10322,3370,2026-01-10,500,CMP0132,Standing Order,0,0
2277,766,2025-02-11,50,CMP0124,Cheque,1,0
6385,2106,2024-04-18,375.0,CMP0118,Standing Order,1,0
1548,521,2025-10-26,375.0,CMP0107,Card,0,0
894,298,2025-07-29,10,CMP0158,Cash,1,0
3327,1112,2019-07-31,25,CMP0135,Standing Order,0,0
6325,2088,2025-05-21,75.0,CMP0177,Cheque,0,0
6484,2140,2023-12-16,25,CMP0056,Card,1,0
8294,2711,2017-11-15,100,CMP0036,Cheque,1,0
7108,2323,2024-10-31,22.5,CMP0120,Cash,1,0
6236,2050,2023-01-01,100,CMP0049,Direct Debit,1,0
1622,545,2023-11-08,200,CMP0155,Card,1,0
4641,1551,2025-04-17,30,CMP0102,Online,0,0
2917,997,2025-03-19,200,CMP0043,Cheque,0,0
6225,2048,2025-08-04,250,CMP0011,Cheque,1,0
7602,2486,2020-05-25,50,CMP0119,Cash,0,0
4872,1617,2021-12-06,22.5,CMP0094,Direct Debit,0,0
9191,2998,2026-05-27,10,CMP0013,Card,0,0
11974,3892,2025-08-20,50,CMP0044,Cheque,0,0
9689,3167,2018-12-26,250,CMP0134,Cash,1,0
1675,566,2025-12-19,15,CMP0121,Online,1,0
11836,3840,2025-09-24,100,CMP0093,Cheque,1,0
3984,1333,2026-05-28,30,CMP0053,Cash,1,0
7420,2424,2022-07-17,75.0,CMP0011,Card,0,0
4052,1348,2025-09-22,15.0,CMP0101,Standing Order,0,0
5587,1836,2023-11-18,15,CMP0105,Online,1,0
9870,3223,2025-01-19,50,CMP0187,Online,1,0
11282,3644,2025-03-31,100,CMP0066,Online,1,0
2488,848,2025-07-05,7.5,CMP0032,Standing Order,1,0
10189,3331,2024-09-11,25,CMP0053,Cheque,1,0
10145,3320,2018-10-24,250,CMP0123,Online,0,0
5786,1899,2025-04-08,22.5,CMP0117,Standing Order,0,0
3190,1074,2023-09-10,100,CMP0033,Direct Debit,1,0
10574,3451,2025-05-01,22.5,CMP0018,Online,1,0
6429,2120,2025-02-04,20,CMP0163,Cash,1,0
751,248,2022-11-06,100,CMP0167,Online,0,0
2830,965,2020-03-26,30,CMP0149,Online,1,0
775,255,2021-12-07,20,CMP0079,Online,0,0
5387,1781,2024-06-14,5,CMP0054,Cheque,1,0
1698,575,2024-12-27,15,CMP0071,Cheque,0,0
3159,1064,2023-07-06,25,CMP0159,Card,1,0
9834,3207,2025-11-23,250,CMP0014,Direct Debit,0,0
12210,3970,2024-09-21,30,CMP0185,Cheque,0,0
5201,1724,2025-09-14,50,CMP0074,Standing Order,0,0
11721,3788,2019-12-19,50,CMP0131,Direct Debit,0,0
5813,1905,2024-08-07,10,CMP0176,Direct Debit,1,0
3886,1301,2023-02-08,250,CMP0164,Card,0,0
11890,3858,2021-12-03,10,CMP0128,Direct Debit,0,0
8767,2867,2022-09-08,5,CMP0058,Direct Debit,0,0
781,255,2023-04-10,500,CMP0099,Direct Debit,1,0
7857,2565,2025-10-05,30,CMP0026,Cash,0,0
10026,3284,2026-03-12,30,CMP0044,Card,0,0
6411,2117,2025-05-17,25,CMP0182,Online,0,0
533,170,2023-12-20,7.5,CMP0033,Standing Order,0,0
10078,3295,2023-12-20,375.0,CMP0047,Card,1,0
939,315,2024-11-06,100,CMP0055,Online,1,1
2073,691,2024-04-07,250,CMP0012,Cheque,1,0
7576,2477,2025-04-05,15,CMP0063,Online,1,0
8791,2871,2024-02-22,250,CMP0020,Card,1,0
10184,3328,2026-04-09,15,CMP0102,Cash,0,0
4092,1359,2021-09-14,100,CMP0049,Direct Debit,1,0
10355,3376,2021-06-17,5,CMP0169,Card,1,0
7463,2439,2026-05-28,250,CMP0174,Standing Order,0,0
8809,2875,2025-03-26,40,CMP0172,Direct Debit,0,0
5245,1736,2025-08-06,15,CMP0146,Cheque,0,0
8222,2685,2023-08-20,500,CMP0175,Standing Order,1,0
4184,1389,2025-10-09,50,CMP0164,Cheque,1,0
3928,1315,2025-01-30,250,CMP0037,Card,0,0
10126,3317,2022-10-17,250,CMP0070,Standing Order,1,0
4262,1414,2025-10-18,10,CMP0075,Standing Order,0,0
2037,678,2025-02-21,30.0,CMP0073,Standing Order,0,0
1152,383,2023-12-30,10,CMP0111,Online,1,0
7103,2321,2023-03-31,20,CMP0135,Direct Debit,1,0
6770,2227,2020-08-15,20,CMP0046,Cash,1,0
483,151,2022-12-13,10,CMP0182,Card,1,0
9792,3197,2026-05-01,7.5,CMP0072,Direct Debit,0,0
6919,2271,2024-09-18,15,CMP0171,Cheque,0,0
8770,2868,2025-12-28,10,CMP0041,Online,0,0
4135,1369,2025-11-03,25,CMP0139,Card,0,0
8948,2926,2024-03-21,30.0,CMP0036,Cheque,1,0
7558,2471,2021-02-08,15,CMP0173,Standing Order,1,0
5840,1917,2021-10-18,10,CMP0044,Direct Debit,1,0
7555,2470,2024-12-01,20,CMP0024,Cheque,0,0
3851,1288,2024-07-07,20,CMP0003,Cash,0,0
8088,2635,2026-01-06,20,CMP0100,Standing Order,1,0
1122,377,2024-02-23,22.5,CMP0049,Cheque,0,0
696,219,2024-11-19,22.5,CMP0068,Cheque,1,0
2927,1000,2023-07-04,5,CMP0078,Online,1,0
5742,1882,2024-01-26,250,CMP0168,Online,1,0
2485,843,2025-10-07,30.0,CMP0084,Cash,1,0
9295,3035,2026-07-15,20,CMP0129,Standing Order,1,0
9951,3256,2023-07-28,50,CMP0179,Cash,1,0
2065,688,2025-09-16,20,CMP0067,Card,1,0
1501,505,2025-03-30,100,CMP0147,Online,1,1
5672,1862,2023-06-29,30,CMP0074,Online,0,0
7419,2424,2021-10-02,7.5,CMP0148,Card,0,0
6250,2053,2025-06-13,7.5,CMP0038,Cash,1,0
8560,2788,2024-04-03,20,CMP0096,Online,0,0
4996,1656,2024-06-27,250,CMP0014,Standing Order,0,0
3317,1110,2019-11-08,15,CMP0094,Direct Debit,0,0
1697,572,2026-06-03,150.0,CMP0040,Direct Debit,0,0
5725,1878,2023-05-02,50,CMP0091,Direct Debit,0,0
4484,1492,2023-01-02,10,CMP0033,Card,0,0
10447,3405,2022-10-26,250,CMP0173,Standing Order,1,0
4336,1433,2024-01-12,7.5,CMP0112,Standing Order,1,0
7741,2531,2022-11-19,100,CMP0178,Card,1,0
7996,2603,2026-01-20,20,CMP0186,Online,1,0
2749,938,2024-06-09,15.0,CMP0143,Cash,0,0
4844,1609,2022-09-13,50,CMP0124,Standing Order,0,0
10928,3546,2019-12-21,10,CMP0085,Direct Debit,1,0
10510,3431,2026-07-05,10,CMP0084,Cheque,0,0
9041,2953,2022-11-07,50,CMP0058,Standing Order,1,0
4305,1423,2026-07-18,20,CMP0150,Card,1,0
11854,3851,2021-07-02,10,CMP0097,Card,1,0
5519,1818,2021-11-16,50,CMP0090,Direct Debit,1,0
6444,2127,2025-05-19,10,CMP0182,Online,0,1
7747,2531,2023-06-25,500,CMP0108,Direct Debit,1,0
4978,1650,2025-06-14,100,CMP0147,Direct Debit,1,0
4677,1564,2020-08-28,7.5,CMP0071,Card,0,0
5414,1787,2025-04-05,5,CMP0038,Online,0,0
7990,2597,2025-06-02,5,CMP0017,Standing Order,0,0
5136,1702,2022-07-24,10,CMP0161,Cheque,1,0
84,25,2024-10-08,375.0,CMP0121,Card,1,0
4720,1578,2021-03-24,200,CMP0181,Cheque,1,0
2474,835,2023-02-06,30.0,CMP0169,Direct Debit,0,0
5293,1753,2026-05-31,20,CMP0125,Card,0,0
4343,1440,2024-07-13,375.0,CMP0170,Standing Order,1,0
5806,1904,2022-10-23,20,CMP0134,Online,1,0
7529,2466,2023-05-04,200,CMP0092,Cheque,0,0
10636,3469,2024-11-07,150.0,CMP0008,Standing Order,0,0
6741,2218,2024-06-04,15,CMP0126,Cheque,0,0
3715,1248,2020-11-19,10,CMP0171,Card,1,0
3111,1051,2021-07-12,37.5,CMP0025,Online,1,0
7139,2337,2026-03-13,22.5,CMP0074,Standing Order,1,0
9830,3206,2023-09-10,50,CMP0056,Online,0,0
9742,3183,2026-04-19,10,CMP0160,Cash,0,0
3812,1280,2024-11-15,20,CMP0110,Standing Order,1,0
403,131,2026-07-23,15.0,CMP0191,Cash,1,0
11110,3595,2025-09-16,250,CMP0130,Cheque,1,0
6567,2174,2024-10-28,100,CMP0192,Standing Order,1,0
678,210,2026-05-03,250,CMP0159,Cheque,1,0
1308,430,2026-01-27,100,CMP0088,Card,0,0
1892,636,2022-10-16,22.5,CMP0192,Standing Order,0,0
11148,3608,2023-03-09,50,CMP0040,Direct Debit,1,0
8257,2699,2024-10-27,25,CMP0082,Card,0,0
1226,403,2024-04-09,25,CMP0166,Cash,1,0
7564,2473,2024-12-06,25,CMP0190,Cheque,1,0
10419,3393,2024-02-23,25,CMP0138,Direct Debit,1,0
4265,1415,2023-04-25,100,CMP0162,Cash,0,0
713,229,2025-05-07,20,CMP0150,Cash,1,0
11248,3634,2025-11-04,30,CMP0019,Cheque,0,0
12295,4003,2022-04-29,250,CMP0149,Card,0,0
12234,3981,2025-10-31,20,CMP0101,Direct Debit,0,0
11751,3799,2022-03-21,100,CMP0034,Cash,1,0
10624,3464,2025-05-25,7.5,CMP0034,Card,1,0
2760,939,2024-03-10,50,CMP0091,Cheque,1,0
11077,3587,2024-03-15,10,CMP0006,Card,0,0
9206,3003,2025-09-24,25,CMP0114,Card,0,0
10139,3320,2024-03-30,20,CMP0062,Card,0,0
3699,1244,2026-01-26,200,CMP0047,Card,1,0
7593,2482,2023-11-24,10,CMP0010,Direct Debit,0,0
1205,396,2025-03-28,5,CMP0132,Online,1,0
7180,2345,2024-09-07,250,CMP0169,Online,1,0
5994,1960,2025-12-06,5,CMP0169,Cash,0,0
4826,1605,2025-06-06,30,CMP0046,Direct Debit,1,0
6106,1992,2024-02-23,15.0,CMP0018,Standing Order,1,0
9741,3183,2026-02-03,25,CMP0037,Cash,1,0
6124,1998,2025-10-13,20,CMP0116,Card,0,0
2268,760,2023-07-21,250,CMP0118,Standing Order,1,0
10437,3402,2022-06-22,10,CMP0159,Direct Debit,1,0
5003,1658,2019-07-20,100,CMP0163,Card,0,0
1311,430,2022-05-02,250,CMP0179,Online,0,0
9201,3001,2026-05-09,100,CMP0093,Cheque,0,0
2473,835,2024-09-10,50,CMP0020,Cheque,1,0
8083,2635,2021-08-09,30.0,CMP0041,Direct Debit,0,0
5372,1774,2025-06-07,20,CMP0102,Standing Order,1,0
6245,2051,2019-08-15,20,CMP0071,Cheque,0,0
5743,1882,2025-09-07,40,CMP0161,Card,1,0
4066,1351,2020-04-30,20,CMP0076,Direct Debit,0,0
6148,2009,2024-06-20,100,CMP0143,Online,1,0
11822,3834,2025-07-26,250,CMP0105,Online,1,0
372,118,2025-11-11,250,CMP0142,Card,0,0
4716,1577,2025-01-11,20,CMP0147,Cash,1,0
63,20,2022-02-10,200,CMP0139,Cheque,0,0
6731,2217,2024-04-27,10,CMP0146,Direct Debit,1,0
6039,1975,2024-05-04,250,CMP0188,Card,0,0
8469,2762,2026-07-22,15,CMP0129,Online,0,0
9532,3112,2022-09-30,25,CMP0040,Card,0,0
11992,3895,2026-01-08,50,CMP0192,Cheque,0,0
11560,3727,2023-12-08,30.0,CMP0186,Card,1,0
3800,1271,2019-02-04,100,CMP0153,Direct Debit,0,0
3616,1214,2024-09-14,10,CMP0079,Direct Debit,0,0
8442,2753,2024-09-01,40,CMP0151,Online,0,0
3892,1304,2024-07-22,10,CMP0075,Standing Order,1,0
4687,1565,2025-10-08,50,CMP0096,Standing Order,1,0
10074,3294,2021-05-23,20,CMP0188,Cash,1,0
1795,601,2024-10-10,375.0,CMP0059,Online,1,1
8760,2866,2019-06-02,100,CMP0032,Cheque,0,0
7721,2522,2024-01-03,375.0,CMP0104,Direct Debit,0,0
8558,2788,2024-12-18,25,CMP0169,Card,1,0
53,18,2024-09-21,10,CMP0123,Online,1,0
8368,2734,2024-05-15,20,CMP0110,Online,0,0
4960,1643,2024-04-16,100,CMP0170,Cheque,0,0
3181,1069,2024-10-16,22.5,CMP0074,Cash,1,0
1532,517,2023-06-25,150.0,CMP0160,Online,1,0
7540,2468,2026-05-30,50,CMP0187,Cheque,1,0
812,270,2023-09-06,5,CMP0019,Cheque,1,0
12023,3908,2025-04-04,30.0,CMP0148,Standing Order,0,0
7009,2296,2025-04-05,50,CMP0109,Card,0,0
9891,3231,2021-12-20,100,CMP0093,Cheque,0,0
10235,3343,2023-07-04,5,CMP0073,Card,1,0
4735,1579,2022-04-03,375.0,CMP0045,Standing Order,1,0
7994,2600,2026-04-07,75.0,CMP0134,Cheque,0,0
8888,2899,2026-08-14,10,CMP0022,Online,1,0
1968,661,2019-10-21,250,CMP0056,Cheque,1,1
9839,3208,2022-08-23,100,CMP0005,Cheque,0,0
11939,3874,2023-09-02,22.5,CMP0113,Direct Debit,1,0
5949,1947,2026-05-04,30,CMP0020,Cash,0,0
10179,3328,2023-03-04,15,CMP0064,Standing Order,1,0
8855,2892,2024-07-25,15.0,CMP0187,Cheque,1,0
2615,883,2026-07-29,15.0,CMP0138,Card,0,0
1207,397,2018-11-04,25,CMP0100,Online,1,0
11871,3853,2024-10-31,25,CMP0108,Cash,1,0
11068,3585,2025-08-29,100,CMP0015,Cheque,0,0
1517,510,2023-10-20,25,CMP0049,Cheque,1,0
858,282,2025-07-30,50,CMP0100,Card,0,0
11501,3714,2026-07-02,20,CMP0071,Cash,1,0
8766,2867,2026-04-23,20,CMP0033,Direct Debit,1,0
11931,3873,2024-05-12,15.0,CMP0030,Cash,1,0
4573,1522,2022-07-28,100,CMP0060,Direct Debit,0,0
11330,3659,2025-05-05,250,CMP0001,Online,1,0
12115,3942,2024-08-19,500,CMP0071,Direct Debit,1,0
4227,1401,2024-05-06,15,CMP0123,Cash,1,0
2075,692,2024-10-30,7.5,CMP0120,Standing Order,0,0
4572,1521,2026-08-02,30.0,CMP0139,Standing Order,1,0
7441,2429,2022-02-01,40,CMP0190,Online,1,0
6813,2240,2026-03-31,250,CMP0175,Card,1,0
6357,2094,2022-10-28,15,CMP0192,Cheque,0,0
8207,2681,2025-12-11,37.5,CMP0124,Cheque,1,0
1726,582,2020-11-19,7.5,CMP0162,Card,0,0
2244,751,2023-11-29,200,CMP0129,Cheque,0,0
1979,664,2022-08-03,37.5,CMP0013,Card,1,0
4833,1606,2024-09-27,25,CMP0016,Standing Order,1,0
4804,1601,2021-09-29,375.0,CMP0162,Direct Debit,0,0
796,259,2025-06-16,20,CMP0170,Direct Debit,1,0
6175,2026,2025-03-20,500,CMP0093,Online,1,0
1471,491,2024-04-23,50,CMP0065,Direct Debit,0,0
7912,2579,2024-08-15,100,CMP0004,Cheque,1,0
11663,3760,2024-10-25,50,CMP0131,Standing Order,1,0
1182,388,2022-08-20,10,CMP0057,Cheque,1,0
2629,886,2022-01-28,250,CMP0158,Online,0,0
2002,670,2024-02-15,375.0,CMP0103,Standing Order,1,0
1368,447,2022-07-14,25,CMP0030,Cash,0,0
8176,2667,2023-01-20,75.0,CMP0027,Cash,0,0
9861,3222,2024-12-28,5,CMP0111,Standing Order,0,0
870,288,2023-11-20,20,CMP0146,Card,0,0
1215,400,2025-06-07,37.5,CMP0144,Direct Debit,1,0
11500,3714,2025-04-15,20,CMP0122,Standing Order,1,0
976,328,2019-12-03,7.5,CMP0122,Standing Order,0,0
4862,1614,2020-10-18,50,CMP0149,Online,1,0
10879,3535,2024-04-16,250,CMP0167,Cheque,0,0
8752,2863,2024-06-02,50,CMP0173,Cheque,0,0
1322,435,2021-03-23,20,CMP0063,Card,0,0
3864,1293,2026-03-08,37.5,CMP0142,Standing Order,0,0
4009,1339,2021-04-18,10,CMP0112,Cheque,1,0
6047,1978,2024-12-22,5,CMP0096,Cash,0,0
11347,3661,2020-09-10,20,CMP0002,Cheque,1,0
4652,1551,2022-09-26,22.5,CMP0058,Cheque,0,0
11406,3678,2025-10-24,15,CMP0008,Cheque,1,0
3882,1300,2024-06-02,7.5,CMP0088,Cash,1,0
788,256,2022-08-27,20,CMP0121,Cash,0,0
6907,2266,2022-03-22,20,CMP0066,Cheque,1,0
7276,2377,2024-10-07,50,CMP0038,Card,1,0
820,272,2025-10-06,10,CMP0061,Direct Debit,0,0
3502,1171,2023-05-16,7.5,CMP0022,Online,1,0
3267,1099,2020-05-09,30.0,CMP0062,Cash,0,0
6083,1989,2023-03-22,25,CMP0185,Standing Order,0,0
11398,3674,2024-09-29,50,CMP0127,Card,0,0
8238,2689,2025-03-22,50,CMP0166,Cash,1,0
6610,2182,2021-01-17,37.5,CMP0145,Standing Order,1,0
1001,333,2024-11-23,100,CMP0114,Card,1,0
1971,662,2023-10-10,15.0,CMP0172,Cheque,1,0
5950,1947,2025-03-29,10,CMP0069,Card,0,0
11095,3589,2021-09-20,10,CMP0125,Standing Order,1,0
6593,2179,2023-03-19,15,CMP0123,Cheque,1,0
440,143,2025-12-15,25,CMP0078,Direct Debit,1,0
7331,2389,2024-03-05,50,CMP0024,Card,1,0
6551,2166,2023-08-07,5,CMP0154,Standing Order,1,0
921,309,2024-12-04,50,CMP0042,Online,0,0
9163,2991,2025-11-26,250,CMP0057,Standing Order,1,0
2315,785,2025-12-11,250,CMP0117,Standing Order,0,0
6811,2239,2023-10-21,20,CMP0121,Cash,0,0
2801,957,2023-12-14,250,CMP0184,Cash,1,0
9356,3053,2025-07-02,40,CMP0024,Cheque,0,0
3028,1026,2018-12-04,500,CMP0106,Cheque,0,0
5125,1700,2022-08-28,7.5,CMP0152,Card,0,0
8117,2644,2019-06-08,250,CMP0111,Standing Order,0,0
7650,2497,2023-04-04,100,CMP0082,Card,0,0
12122,3946,2025-12-03,50,CMP0015,Online,0,0
5376,1775,2023-12-25,37.5,CMP0173,Online,1,0
8862,2894,2025-03-05,25,CMP0165,Standing Order,1,0
7357,2399,2024-08-11,250,CMP0114,Cash,0,0
9262,3028,2025-09-02,50,CMP0084,Cheque,0,0
6421,2118,2025-02-20,100,CMP0154,Card,0,0
980,329,2025-02-26,15,CMP0017,Cash,0,0
3764,1263,2025-08-22,20,CMP0141,Cheque,0,0
2429,821,2025-09-05,5,CMP0136,Cheque,0,0
9116,2977,2022-09-29,10,CMP0043,Standing Order,0,0
1950,650,2022-05-26,200,CMP0104,Standing Order,1,0
8723,2851,2023-09-09,250,CMP0188,Direct Debit,0,0
12222,3975,2025-11-09,100,CMP0112,Cheque,0,0
9814,3201,2023-04-10,5,CMP0092,Cash,1,0
1879,629,2025-05-23,200,CMP0099,Standing Order,0,0
10949,3550,2023-05-07,15,CMP0142,Direct Debit,1,0
7262,2373,2025-12-23,30.0,CMP0013,Card,0,0
7086,2317,2024-08-17,75.0,CMP0178,Cash,0,0
11443,3692,2025-05-22,15.0,CMP0180,Standing Order,1,0
555,179,2022-11-08,10,CMP0032,Direct Debit,0,0
4067,1353,2026-03-28,50,CMP0060,Cheque,0,0
10708,3487,2023-12-25,10,CMP0009,Online,0,0
1651,555,2025-07-07,5,CMP0181,Card,1,0
11437,3690,2023-01-17,100,CMP0022,Direct Debit,1,0
11230,3630,2026-01-19,250,CMP0155,Cheque,1,0
8373,2735,2020-09-27,50,CMP0058,Online,0,0
10527,3434,2018-03-06,75.0,CMP0008,Online,0,0
10137,3320,2025-06-04,20,CMP0040,Direct Debit,1,0
5804,1904,2022-02-27,25,CMP0034,Standing Order,1,0
8744,2862,2023-09-21,20,CMP0039,Card,1,0
9498,3100,2024-09-13,-50,CMP0097,Card,1,0
10500,3424,2023-04-24,10,CMP0044,Card,0,0
203,54,2022-04-21,100,CMP0054,Direct Debit,1,0
5530,1820,2024-08-02,100,CMP0080,Direct Debit,0,0
3708,1247,2021-09-18,20,CMP0043,Cash,0,0
10418,3393,2021-11-17,15.0,CMP0050,Cash,0,0
10087,3301,2024-12-19,50,CMP0029,Direct Debit,1,0
1999,669,2026-03-09,30.0,CMP0055,Standing Order,1,0
11403,3678,2021-08-31,30,CMP0077,Cheque,0,0
7069,2314,2026-08-14,10,CMP0153,Direct Debit,1,0
7485,2443,2021-03-01,250,CMP0179,Standing Order,0,0
5869,1923,2023-12-17,50,CMP0191,Cash,1,0
4434,1473,2023-03-03,10,CMP0142,Cash,1,0
4710,1573,2019-11-12,40,CMP0155,Online,0,0
2078,693,2020-06-19,22.5,CMP0071,Direct Debit,1,0
4131,1369,2026-06-17,20,CMP0010,Cash,1,0
3953,1328,2026-02-26,15,CMP0091,Standing Order,1,0
1511,509,2024-11-09,50,CMP0122,Cash,0,0
11649,3757,2020-02-15,20,CMP0186,Direct Debit,1,0
10626,3464,2026-07-22,37.5,CMP0016,Cash,1,0
10829,3519,2022-10-05,15,CMP0022,Cash,0,0
216,61,2023-10-14,50,CMP0171,Cash,0,0
10981,3563,2021-11-01,250,CMP0088,Cheque,0,0
2652,892,2024-05-29,250,CMP0102,Cheque,1,0
12325,4016,2020-09-11,100,CMP0049,Cash,0,0
6926,2274,2023-07-11,50,CMP0005,Card,0,0
12015,3905,2019-05-25,30,CMP0080,Card,1,0
7538,2468,2024-01-08,20,CMP0170,Standing Order,0,0
12367,67,2024-01-14,37.5,CMP0168,Online,1,0
2737,934,2024-03-28,25,CMP0159,Cheque,0,0
12037,3919,2025-11-11,10,CMP0102,Cash,1,0
1642,553,2022-12-10,20,CMP0186,Standing Order,1,0
8422,2749,2024-02-28,37.5,CMP0146,Cheque,0,0
5010,1661,2024-08-09,100,CMP0135,Cash,0,0
2813,962,2022-01-28,375.0,CMP0054,Direct Debit,1,0
9521,3107,2020-11-19,20,CMP0105,Standing Order,1,0
8972,2931,2024-02-23,5,CMP0122,Cheque,0,0
3751,1259,2024-07-16,15,CMP0006,Cheque,1,0
7396,2414,2025-04-11,30.0,CMP0140,Cash,0,0
1432,475,2025-06-17,20,CMP0168,Standing Order,0,0
10345,3375,2020-12-17,22.5,CMP0190,Standing Order,1,0
4378,1451,2020-11-27,15,CMP0070,Cash,0,0
11532,3724,2024-02-22,500,CMP0009,Standing Order,1,0
10053,3290,2025-06-30,7.5,CMP0028,Cash,1,0
39,11,2025-05-07,10,CMP0089,Online,0,0
6087,1990,2026-06-26,250,CMP0089,Direct Debit,0,0
724,232,2025-09-18,15,CMP0124,Direct Debit,1,0
8655,2826,2025-12-13,5,CMP0111,Card,1,0
5045,1674,2023-10-24,250,CMP0117,Card,0,0
2679,904,2020-01-21,5,CMP0106,Standing Order,1,0
3711,1248,2023-09-04,375.0,CMP0006,Direct Debit,0,1
8369,2734,2024-05-03,50,CMP0106,Direct Debit,0,0
2732,933,2021-12-12,5,CMP0046,Cheque,0,0
4576,1527,2026-05-11,50,CMP0174,Standing Order,0,0
429,139,2025-09-13,30,CMP0151,Card,0,0
10547,3440,2021-08-26,15,CMP0071,Card,1,0
10293,3365,2022-08-21,150.0,CMP0091,Cheque,1,0
7140,2337,2023-01-26,15,CMP0006,Cash,0,0
1318,432,2025-08-17,100,CMP0035,Cheque,0,0
5788,1899,2024-08-22,20,CMP0141,Cheque,0,0
5278,1748,2025-04-23,50,CMP0041,Card,1,0
11062,3584,2017-02-02,100,CMP0032,Cash,0,0
6110,1993,2025-06-23,30,CMP0062,Cash,0,0
8465,2761,2025-12-13,5,CMP0007,Cheque,1,0
10846,3525,2023-10-20,25,CMP0091,Standing Order,1,0
11453,3698,2024-12-09,50,CMP0097,Direct Debit,1,0
1904,637,2023-12-27,22.5,CMP0053,Standing Order,1,0
1521,510,2026-05-10,10,CMP0020,Direct Debit,0,0
10706,3487,2022-08-15,500,CMP0180,Cash,1,0
7788,2546,2024-09-06,5,CMP0181,Standing Order,0,0
3512,1175,2026-01-14,15,CMP0145,Standing Order,0,0
12160,3958,2021-04-01,5,CMP0130,Direct Debit,1,0
9546,3117,2020-11-05,500,CMP0189,Standing Order,1,0
2499,849,2025-12-17,20,CMP0165,Direct Debit,0,0
5454,1796,2023-11-25,50,CMP0124,Standing Order,0,0
2205,738,2026-01-05,250,CMP0055,Standing Order,0,0
1933,647,2026-05-19,7.5,CMP0056,Cheque,1,0
9216,3008,2023-10-19,15,CMP0091,Standing Order,0,0
4353,1444,2023-10-16,150.0,CMP0054,Online,1,0
1809,605,2023-07-17,15,CMP0101,Cash,0,0
5096,1690,2026-03-31,100,CMP0145,Standing Order,1,0
1039,344,2025-07-07,100,CMP0150,Standing Order,1,0
1485,498,2020-08-28,250,CMP0134,Standing Order,1,0
7523,2458,2021-03-03,100,CMP0127,Card,0,0
541,172,2026-01-29,250,CMP0133,Direct Debit,1,0
4284,1419,2021-03-02,50,CMP0041,Cheque,0,0
6641,2194,2026-01-14,20,CMP0115,Direct Debit,0,0
9268,3029,2023-03-01,5,CMP0124,Cheque,0,0
10800,3513,2023-12-08,22.5,CMP0002,Standing Order,1,0
2135,714,2022-09-24,50,CMP0057,Cash,0,0
128,38,2023-11-05,50,CMP0056,Card,0,0
2877,981,2026-03-22,15,CMP0052,Direct Debit,0,0
12091,3938,2024-04-17,5,CMP0147,Card,0,0
2857,975,2026-03-06,250,CMP0004,Online,1,0
3861,1293,2025-02-24,500,CMP0024,Cheque,1,0
11529,3724,2021-07-17,75.0,CMP0085,Cheque,0,0
1791,601,2025-09-24,15,CMP0133,Cheque,1,0
9334,3046,2022-07-25,75.0,CMP0028,Standing Order,1,0
3169,1066,2023-01-29,30.0,CMP0166,Standing Order,1,0
749,248,2020-09-10,7.5,CMP0153,Cash,1,0
7665,2500,2025-05-03,100,CMP0008,Standing Order,1,0
11815,3831,2026-01-07,40,CMP0079,Card,1,0
2487,846,2025-11-09,50,CMP0047,Cheque,0,0
3967,1331,2026-04-20,50,CMP0112,Online,0,0
185,52,2026-03-09,20,CMP0092,Standing Order,0,0
8115,2644,2023-10-03,10,CMP0006,Cheque,1,0
6523,2157,2023-03-23,20,CMP0112,Card,1,0
8721,2850,2024-07-19,5,CMP0058,Card,1,0
9183,2996,2024-04-22,20,CMP0097,Standing Order,0,0
457,146,2026-06-07,100,CMP0036,Cheque,1,0
10776,3500,2024-10-07,500,CMP0189,Standing Order,0,0
8502,2772,2023-02-10,100,CMP0018,Cash,0,0
7076,2314,2023-12-05,20,CMP0063,Standing Order,1,0
8043,2623,2026-02-28,40,CMP0187,Cash,0,0
4704,1572,2024-07-20,50,CMP0143,Direct Debit,1,0
3060,1034,2023-01-20,7.5,CMP0054,Direct Debit,0,0
3523,1178,2022-11-11,25,CMP0006,Direct Debit,1,0
5889,1930,2025-01-02,375.0,CMP0141,Card,0,0
6700,2212,2022-04-01,15,CMP0106,Standing Order,0,0
9853,3214,2026-05-25,20,CMP0183,Online,0,0
5076,1683,2023-04-23,15,CMP0123,Online,0,0
1119,375,2026-04-15,250,CMP0102,Online,0,0
3192,1074,2024-02-16,15,CMP0126,Direct Debit,0,0
7175,2344,2019-05-20,100,CMP0136,Standing Order,1,0
6900,2262,2025-09-19,200,CMP0119,Cash,0,0
9043,2953,2025-12-22,50,CMP0058,Online,1,0
7063,2312,2021-04-13,25,CMP0070,Cash,1,0
5227,1732,2025-12-18,20,CMP0097,Online,1,0
11477,3706,2023-05-28,250,CMP0064,Cash,0,0
3118,1054,2026-04-15,5,CMP0170,Cash,0,0
7858,2565,2025-10-30,25,CMP0131,Online,1,0
8298,2711,2022-07-08,500,CMP0100,Cheque,1,0
8953,2926,2024-04-21,5,CMP0103,Card,1,0
4930,1637,2019-03-25,10,CMP0066,Card,1,0
8342,2724,2020-07-13,25,CMP0173,Card,0,0
4706,1573,2020-02-24,15,CMP0018,Cash,1,0
5794,1900,2018-03-29,200,CMP0150,Cheque,0,0
938,315,2024-03-02,150.0,CMP0084,Cheque,0,0
10852,3526,2026-05-04,15,CMP0043,Card,0,0
8587,2796,2021-12-13,375.0,CMP0070,Cash,1,0
1096,363,2024-11-12,50,CMP0055,Direct Debit,1,0
9959,3259,2024-03-27,5,CMP0175,Card,0,0
11167,3613,2024-01-12,10,CMP0071,Cheque,1,0
6970,2284,2021-10-21,15.0,CMP0028,Cash,1,0
5249,1740,2021-04-12,50,CMP0041,Direct Debit,0,0
1296,423,2023-07-28,75.0,CMP0117,Cash,0,0
152,46,2024-10-16,20,CMP0027,Online,1,0
11093,3589,2025-01-05,22.5,CMP0090,Cash,1,0
5337,1762,2024-12-04,7.5,CMP0066,Standing Order,1,0
470,148,2024-09-03,15,CMP0189,Cash,1,0
7003,2293,2025-01-14,200,CMP0166,Standing Order,1,0
11423,3683,2023-01-21,250,CMP0121,Direct Debit,0,0
8649,2824,2023-05-23,15,CMP0073,Card,1,0
10348,3376,2023-02-26,50,CMP0172,Standing Order,1,0
816,270,2026-08-13,30,CMP0186,Standing Order,1,0
9670,3160,2025-04-19,50,CMP0118,Online,0,0
9422,3072,2024-02-16,250,CMP0036,Cheque,0,0
2348,804,2025-10-18,5,CMP0040,Card,0,0
536,171,2025-04-04,5,CMP0060,Cash,0,0
11435,3690,2026-08-14,10,CMP0030,Standing Order,1,0
11070,3585,2023-01-11,15,CMP0137,Cash,0,0
6558,2167,2023-09-14,250,CMP0095,Direct Debit,0,0
8183,2669,2019-09-11,10,CMP0171,Direct Debit,0,0
7081,2317,2024-10-23,50,CMP0047,Card,1,0
3221,1085,2023-10-19,15,CMP0132,Direct Debit,1,0
8225,2686,2022-07-23,15,CMP0173,Card,0,0
871,288,2025-02-23,20,CMP0188,Online,1,0
3988,1334,2025-11-14,20,CMP0147,Cheque,0,0
5280,1750,2026-07-09,15,CMP0059,Cheque,0,0
3932,1316,2026-06-14,50,CMP0190,Cash,0,0
8738,2856,2024-03-05,30.0,CMP0110,Cheque,0,0
7704,2517,2023-12-28,250,CMP0121,Online,1,0
11794,3818,2024-09-03,100,CMP0146,Cash,1,0
11605,3737,2024-05-16,150.0,CMP0120,Cheque,1,0
5909,1935,2023-05-31,150.0,CMP0068,Card,0,0
6059,1979,2025-04-28,5,CMP0091,Cheque,0,0
4085,1359,2020-05-13,15,CMP0172,Standing Order,0,0
7778,2543,2026-01-22,25,CMP0043,Online,0,0
6957,2281,2025-11-30,20,CMP0130,Direct Debit,1,0
10095,3306,2026-07-22,5,CMP0082,Standing Order,1,0
11445,3693,2022-04-23,250,CMP0166,Online,0,0
11399,3675,2022-07-26,100,CMP0093,Card,0,0
5223,1730,2025-12-23,100,CMP0192,Card,0,0
6085,1989,2022-03-12,20,CMP0090,Direct Debit,0,0
2880,983,2026-02-06,375.0,CMP0048,Direct Debit,1,0
5939,1944,2025-06-09,37.5,CMP0047,Cash,0,0
10173,3326,2022-06-13,50,CMP0162,Direct Debit,0,0
10267,3355,2022-10-01,20,CMP0165,Card,0,0
8503,2772,2024-10-18,25,CMP0011,Cash,1,0
3859,1292,2023-08-05,50,CMP0140,Card,1,0
6293,2073,2021-04-27,250,CMP0129,Standing Order,0,0
1350,443,2023-07-27,10,CMP0177,Card,0,0
2582,874,2025-12-22,5,CMP0080,Online,0,0
8520,2776,2024-03-08,20,CMP0041,Direct Debit,1,0
9265,3028,2023-08-17,10,CMP0178,Cheque,1,0
3541,1183,2026-07-24,20,CMP0015,Cash,1,0
7530,2466,2023-12-18,10,CMP0125,Standing Order,1,0
1705,577,2024-07-26,250,CMP0025,Cheque,0,0
5640,1851,2024-05-04,20,CMP0099,Card,1,0
9837,3208,2021-07-14,250,CMP0165,Standing Order,0,0
4958,1643,2026-01-04,10,CMP0094,Cash,1,0
2707,922,2021-07-18,10,CMP0120,Online,1,0
3979,1332,2023-09-26,37.5,CMP0148,Online,0,0
9868,3223,2026-01-10,20,CMP0092,Direct Debit,1,0
4540,1508,2023-02-05,10,CMP0060,Cash,1,0
3305,1108,2026-01-21,20,CMP0048,Card,1,0
10664,3478,2023-03-08,40,CMP0087,Cheque,1,0
10711,3488,2024-03-30,37.5,CMP0126,Standing Order,1,0
11704,3778,2020-03-10,25,CMP0107,Online,0,0
4616,1543,2022-10-06,250,CMP0092,Card,1,0
8541,2784,2023-11-02,25,CMP0048,Cheque,1,0
2692,912,2020-09-04,150.0,CMP0100,Cheque,1,1
8657,2827,2023-01-23,100,CMP0158,Card,1,0
6311,2080,2025-11-11,50,CMP0112,Cheque,1,0
11448,3693,2025-04-11,250,CMP0116,Standing Order,0,0
2872,981,2024-04-15,10,CMP0120,Cheque,1,0
3415,1143,2024-11-24,25,CMP0106,Cash,1,0
9050,2957,2024-08-12,20,CMP0046,Cash,1,0
2455,827,2021-05-01,30,CMP0130,Cash,0,0
4602,1534,2025-07-22,75.0,CMP0071,Cash,1,0
3532,1182,2020-07-23,5,CMP0032,Standing Order,1,0
4731,1579,2023-06-26,200,CMP0126,Card,1,0
634,200,2023-10-15,150.0,CMP0051,Cash,1,0
1721,582,2023-05-16,25,CMP0020,Online,0,0
7554,2470,2026-04-30,250,CMP0053,Cash,0,0
9927,3248,2022-03-06,25,CMP0005,Online,1,0
4106,1361,2025-02-21,100,CMP0007,Card,0,0
7120,2326,2019-05-11,5,CMP0060,Standing Order,0,0
4422,1470,2026-07-11,10,CMP0112,Cheque,0,0
6912,2270,2025-02-15,40,CMP0041,Direct Debit,0,0
6546,2166,2026-07-18,75.0,CMP0189,Online,1,0
12308,4007,2023-07-15,10,CMP0165,Direct Debit,0,0
8334,2723,2025-09-21,250,CMP0105,Cheque,1,0
5541,1822,2021-09-12,20,CMP0045,Card,1,0
3548,1186,2024-12-13,100,CMP0139,Card,0,0
1896,636,2022-04-30,15,CMP0185,Standing Order,1,0
339,106,2023-02-20,250,CMP0142,Card,0,0
1113,370,2025-02-04,10,CMP0167,Direct Debit,0,0
11111,3595,2025-08-29,50,CMP0089,Direct Debit,0,0
202,54,2021-12-14,100,CMP0083,Card,1,0
10364,3378,2023-04-21,50,CMP0044,Standing Order,1,0
6623,2185,2022-10-05,15.0,CMP0040,Online,0,0
2739,934,2021-06-17,40,CMP0147,Cheque,0,0
9559,3120,2024-03-19,100,CMP0039,Card,0,0
11523,3721,2020-11-26,15.0,CMP0036,Card,0,0
5784,1898,2024-12-12,30,CMP0082,Cheque,0,0
3490,1164,2021-03-01,20,CMP0030,Card,1,0
771,254,2023-08-20,250,CMP0111,Card,1,0
3172,1067,2024-04-29,10,CMP0048,Cheque,1,0
86,25,2020-02-26,7.5,CMP0084,Cash,1,0
10744,3496,2021-08-04,250,CMP0175,Standing Order,1,0
7533,2467,2024-07-27,15,CMP0159,Cheque,0,0
1648,553,2025-06-19,50,CMP0165,Card,0,0
8871,2898,2024-02-21,22.5,CMP0164,Standing Order,0,1
1292,422,2026-05-11,10,CMP0090,Cash,1,0
4498,1501,2025-08-15,25,CMP0122,Cheque,0,0
1873,628,2025-11-15,375.0,CMP0158,Card,1,0
3446,1154,2022-08-24,7.5,CMP0167,Cash,1,0
10112,3311,2024-02-12,25,CMP0172,Card,1,0
8319,2719,2021-03-12,20,CMP0109,Standing Order,0,0
5335,1762,2024-11-10,22.5,CMP0105,Cash,1,0
10453,3408,2022-07-10,15,CMP0112,Cheque,0,0
9229,3014,2022-04-01,200,CMP0092,Card,0,0
10883,3538,2025-01-09,150.0,CMP0054,Online,1,1
6568,2174,2020-08-25,200,CMP0033,Direct Debit,0,0
12200,3967,2024-04-11,50,CMP0018,Card,0,0
8812,2875,2026-03-18,250,CMP0188,Direct Debit,0,0
10226,3341,2022-01-15,22.5,CMP0087,Card,0,0
3227,1086,2021-12-03,15,CMP0070,Standing Order,0,0
9240,3016,2025-07-16,7.5,CMP0172,Card,0,0
9189,2998,2024-02-10,375.0,CMP0121,Direct Debit,1,0
6342,2091,2023-12-31,100,CMP0113,Direct Debit,1,0
8527,2779,2024-08-28,10,CMP0014,Card,1,0
85,25,2024-08-20,25,CMP0082,Cash,0,0
8261,2700,2025-06-03,20,CMP0129,Cash,1,0
9489,3097,2024-04-20,50,CMP0141,Cheque,1,0
11042,3581,2025-03-07,10,CMP0044,Cheque,0,0
11610,3737,2024-12-20,15,CMP0058,Direct Debit,1,0
9825,3206,2023-08-31,15,CMP0123,Cheque,1,0
7320,2388,2021-08-09,50,CMP0065,Online,0,0
2595,879,2024-08-08,25,CMP0139,Cash,1,0
6732,2217,2024-11-16,20,CMP0032,Direct Debit,0,0
8063,2628,2024-07-04,20,CMP0162,Cheque,1,0
10836,3522,2022-06-24,250,CMP0022,Standing Order,1,0
7550,2469,2023-10-07,25,CMP0019,Direct Debit,0,0
733,236,2021-10-08,30.0,CMP0152,Online,1,0
5421,1790,2025-01-23,7.5,CMP0080,Card,0,0
6195,2037,2021-11-08,20,CMP0034,Cash,0,0
8757,2866,2025-02-16,50,CMP0125,Card,1,0
4728,1579,2022-08-15,75.0,CMP0009,Cheque,1,0
11898,3862,2024-11-12,250,CMP0190,Card,0,0
6679,2207,2021-11-16,100,CMP0073,Cheque,0,0
7653,2497,2024-02-15,20,CMP0155,Direct Debit,0,0
7632,2493,2022-12-18,20,CMP0138,Direct Debit,0,0
10603,3459,2024-10-26,25,CMP0107,Cash,0,0
3042,1031,2025-02-27,20,CMP0186,Cheque,0,0
10454,3408,2024-08-08,5,CMP0123,Standing Order,0,0
12368,3714,2026-07-02,20,CMP0071,Cash,1,0
6914,2270,2025-04-06,20,CMP0157,Cheque,1,0
10670,3479,2023-05-11,20,CMP0027,Direct Debit,1,0
5598,1837,2017-07-10,100,CMP0148,Cheque,0,0
8224,2686,2024-05-02,100,CMP0172,Cheque,1,0
3371,1129,2026-05-26,10,CMP0017,Cheque,1,0
7570,2476,2025-11-26,375.0,CMP0050,Standing Order,1,0
5357,1767,2018-11-28,15,CMP0161,Direct Debit,1,0
1476,493,2024-04-10,5,CMP0018,Direct Debit,1,0
5885,1926,2019-12-19,10,CMP0172,Direct Debit,1,0
3081,1044,2019-11-15,10,CMP0101,Direct Debit,0,0
8009,2612,2022-10-26,250,CMP0061,Online,1,0
12225,3976,2025-06-15,200,CMP0181,Card,1,0
11123,3598,2023-10-02,15,CMP0029,Cash,1,0
2068,691,2022-10-11,25,CMP0151,Standing Order,1,0
6776,2228,2022-01-29,500,CMP0116,Direct Debit,0,0
1059,349,2021-10-10,15,CMP0168,Online,1,0
1033,343,2025-03-25,375.0,CMP0001,Cheque,1,0
916,306,2023-02-12,200,CMP0103,Cash,0,0
8698,2844,2025-08-18,500,CMP0124,Card,1,0
3400,1137,2022-11-27,40,CMP0002,Standing Order,1,0
9088,2962,2022-05-20,250,CMP0152,Cash,1,0
9565,3122,2024-05-18,7.5,CMP0086,Cheque,1,0
3948,1324,2025-04-06,30,CMP0117,Cheque,1,0
274,80,2022-04-10,250,CMP0095,Card,0,0
7999,2608,2024-09-22,25,CMP0190,Online,0,0
7551,2469,2023-08-03,30.0,CMP0039,Card,1,0
4191,1392,2025-12-25,10,CMP0134,Cash,1,0
9828,3206,2025-10-23,25,CMP0079,Direct Debit,0,0
9646,3148,2025-01-11,20,CMP0143,Cash,1,0
602,193,2026-01-05,75.0,CMP9058,Cash,1,0
10379,3384,2026-03-09,50,CMP0079,Standing Order,0,0
6053,1978,2021-10-18,40,CMP0159,Card,1,0
10054,3290,2025-09-11,50,CMP0078,Cheque,0,0
7311,2384,2024-06-14,50,CMP0102,Cash,1,1
11991,3895,2022-09-14,25,CMP0135,Card,0,0
8645,2822,2026-03-27,20,CMP0121,Online,1,0
7223,2362,2024-10-09,20,CMP0092,Cash,0,0
5602,1837,2020-09-26,50,CMP0068,Cheque,0,0
7067,2313,2024-11-02,50,CMP0177,Direct Debit,0,0
10196,3331,2026-01-10,50,CMP0017,Cash,1,0
1659,557,2024-06-21,30,CMP0031,Direct Debit,0,0
64,20,2022-12-27,15,CMP0048,Cash,0,0
11952,3884,2024-07-25,30.0,CMP0087,Card,0,0
6488,2140,2024-09-07,5,CMP0112,Card,1,0
8229,2687,2024-11-29,20,CMP0075,Card,1,0
7732,2526,2024-11-20,250,CMP0052,Cash,1,0
1202,393,2022-08-23,25,CMP0149,Cash,0,0
7826,2553,2025-12-01,7.5,CMP0042,Standing Order,0,0
10661,3475,2024-01-03,5,CMP0088,Direct Debit,0,0
4133,1369,2019-12-16,30.0,CMP0031,Card,0,0
4323,1432,2020-06-29,75.0,CMP0178,Direct Debit,0,0
5758,1891,2023-08-24,500,CMP0077,Cash,0,0
2750,938,2021-10-25,500,CMP0009,Card,1,0
11144,3608,2023-10-21,50,CMP0015,Direct Debit,1,0
5728,1880,2023-11-27,30,CMP0109,Standing Order,0,0
7856,2565,2024-10-01,22.5,CMP0098,Standing Order,1,0
4286,1419,2025-11-09,5,CMP0144,Direct Debit,1,0
10255,3349,2023-03-05,50,CMP0048,Card,0,0
9999,3268,2019-11-17,50,CMP0090,Cash,1,0
9476,3095,2024-07-28,20,CMP0154,Card,1,0
5488,1805,2025-05-25,75.0,CMP0107,Direct Debit,0,0
7411,2419,2025-07-21,40,CMP0106,Online,0,0
3341,1120,2026-01-12,50,CMP0111,Direct Debit,1,0
9393,3065,2026-01-18,5,CMP0066,Direct Debit,0,0
1840,623,2025-10-27,50,CMP0126,Direct Debit,0,0
9857,3215,2022-01-29,150.0,CMP0089,Online,1,0
3114,1051,2026-07-05,50,CMP0131,Cheque,0,0
10850,3526,2024-12-24,5,CMP0137,Card,1,0
7239,2366,2021-11-09,10,CMP0079,Card,1,0
6418,2117,2023-11-12,10,CMP0048,Card,1,1
1520,510,2023-05-21,250,CMP0119,Direct Debit,0,0
5131,1700,2024-12-07,150.0,CMP0072,Cheque,1,0
4352,1443,2026-05-06,30.0,CMP0038,Standing Order,0,0
6425,2120,2020-06-05,200,CMP0096,Direct Debit,1,0
7395,2414,2024-09-18,100,CMP0062,Cash,0,0
5445,1794,2025-08-29,15,CMP0016,Cheque,0,0
7442,2429,2022-04-26,100,CMP0124,Cheque,0,0
4963,1644,2025-08-02,5,CMP0023,Cash,1,0
5557,1832,2022-11-07,25,CMP0126,Cash,1,0
2000,669,2026-02-12,375.0,CMP0108,Standing Order,1,0
335,106,2024-12-19,100,CMP0172,Cash,1,0
8275,2707,2022-09-22,5,CMP0146,Cash,0,0
464,148,2026-06-21,10,CMP0020,Cheque,0,0
899,300,2022-12-23,100,CMP0112,Direct Debit,1,0
9659,3154,2024-11-23,250,CMP0088,Card,1,0
11938,3874,2025-12-28,50,CMP0055,Cash,0,0
5556,1831,2024-04-12,250,CMP0169,Cheque,0,0
4673,1563,2025-11-07,250,CMP0132,Direct Debit,0,0
581,189,2018-08-07,15,CMP0134,Cash,0,0
423,138,2024-11-26,100,CMP0058,Standing Order,1,0
5491,1806,2026-05-15,10,CMP0006,Cheque,0,0
2093,694,2026-05-03,50,CMP0163,Card,0,0
11092,3589,2026-03-17,15.0,CMP0119,Direct Debit,1,0
11389,3672,2025-12-24,10,CMP0142,Online,1,0
5200,1724,2022-07-16,10,CMP0038,Cash,0,0
9192,2998,2026-08-17,200,CMP0045,Cash,1,0
5356,1767,2026-06-15,20,CMP0114,Cheque,0,0
11546,3726,2021-10-31,15,CMP0103,Standing Order,0,0
5384,1780,2024-11-21,10,CMP0102,Cheque,0,0
4014,1339,2023-02-01,100,CMP0089,Online,1,0
4384,1454,2025-10-21,20,CMP0109,Cash,0,0
6164,2019,2022-01-04,20,CMP0138,Direct Debit,1,0
9020,2944,2020-05-01,100,CMP0054,Standing Order,1,0
1380,454,2026-02-26,100,CMP0072,Card,1,0
1827,616,2024-12-14,10,CMP0083,Online,1,0
1408,471,2021-10-24,15.0,CMP0067,Cheque,0,0
6629,2185,2022-06-15,500,CMP0021,Standing Order,1,0
9455,3084,2025-03-15,10,CMP0101,Cheque,1,0
9566,3123,2024-11-20,7.5,CMP0107,Card,0,0
4365,1446,2023-06-04,100,CMP0108,Online,1,0
10163,3323,2026-06-17,75.0,CMP0060,Cheque,0,0
8697,2842,2025-10-30,10,CMP0105,Standing Order,1,0
10631,3466,2025-09-03,375.0,CMP0075,Standing Order,0,0
4122,1366,2025-08-16,250,CMP0027,Cheque,1,0
5678,1863,2023-09-16,500,CMP0149,Cash,0,0
160,47,2022-06-10,15,CMP0051,Online,1,0
2740,935,2025-09-24,10,CMP0128,Direct Debit,1,0
9893,3231,2026-07-29,20,CMP0129,Cash,1,0
7965,2595,2026-06-26,50,CMP0151,Cheque,0,0
4980,1651,2018-08-11,5,CMP0124,Cheque,1,0
10701,3487,2021-12-19,30,CMP0146,Online,0,0
9224,3009,2026-02-05,30.0,CMP0112,Standing Order,0,0
3533,1182,2024-04-22,375.0,CMP0085,Card,0,0
8921,2910,2023-04-24,7.5,CMP0067,Standing Order,1,0
11521,3721,2025-06-11,15,CMP0043,Cash,0,0
1666,558,2026-04-01,10,CMP0106,Standing Order,1,0
448,145,2025-09-30,22.5,CMP0070,Cheque,0,1
6636,2192,2021-03-22,20,CMP0161,Cheque,1,0
9355,3052,2025-09-02,5,CMP0114,Direct Debit,1,0
3335,1118,2024-05-27,37.5,CMP0049,Card,1,0
8414,2747,2024-11-17,100,CMP0117,Online,0,0
2545,859,2025-06-29,50,CMP0003,Cash,0,0
11218,3627,2022-09-10,20,CMP0164,Cheque,0,0
2547,860,2022-08-23,20,CMP0046,Cash,1,0
5380,1776,2024-07-15,40,CMP0141,Direct Debit,0,0
6696,2212,2024-05-19,15.0,CMP0029,Card,1,0
219,61,2023-08-21,25,CMP0172,Online,0,0
9303,3037,2022-08-30,30.0,CMP0172,Cheque,1,0
3303,1107,2023-07-31,75.0,CMP0139,Standing Order,0,0
4977,1649,2020-01-16,250,CMP0029,Cash,0,0
2795,953,2021-02-15,22.5,CMP0027,Cash,0,0
6422,2118,2021-01-09,30.0,CMP0053,Cash,0,0
1191,392,2025-12-29,37.5,CMP0109,Online,1,0
964,323,2026-04-19,100,CMP0139,Cash,1,0
6628,2185,2024-08-02,5,CMP0116,Direct Debit,1,0
1046,346,2024-09-14,100,CMP0096,Direct Debit,1,0
12059,3927,2025-08-01,250,CMP0093,Cash,1,0
5139,1702,2018-03-05,10,CMP0127,Cheque,0,0
11504,3714,2026-01-03,250,CMP0185,Cheque,0,0
6578,2176,2023-12-12,20,CMP0125,Direct Debit,0,0
10974,3560,2025-09-04,20,CMP0096,Direct Debit,0,1
5924,1938,2018-09-10,10,CMP0103,Cash,0,0
3854,1289,2026-02-15,40,CMP0151,Direct Debit,1,0
9713,3172,2024-05-29,10,CMP0151,Card,1,0
11563,3728,2025-08-23,75.0,CMP0053,Card,0,0
10743,3496,2024-06-11,200,CMP0023,Direct Debit,0,0
11701,3777,2025-05-08,75.0,CMP0008,Online,0,0
11912,3868,2022-02-13,15.0,CMP0184,Cash,0,0
9052,2957,2023-11-06,150.0,CMP0085,Online,0,0
5914,1937,2021-09-11,250,CMP0161,Card,0,0
1719,581,2023-12-25,25,CMP0047,Direct Debit,0,0
9539,3116,2026-01-29,5,CMP0070,Direct Debit,1,0
213,57,2026-03-11,250,CMP0121,Standing Order,1,0
1728,582,2024-01-23,20,CMP0162,Online,1,0
6630,2186,2025-12-16,100,CMP0037,Direct Debit,1,0
10767,3498,2020-02-05,10,CMP0056,Cash,0,0
5313,1759,2025-04-22,10,CMP0153,Direct Debit,0,0
9250,3020,2024-10-14,15,CMP0016,Online,1,0
11697,3775,2022-07-23,10,CMP0042,Cheque,0,1
6026,1973,2025-05-09,50,CMP0043,Cheque,1,0
10788,3505,2025-02-17,50,CMP0153,Standing Order,1,0
10319,3368,2019-06-21,20,CMP0082,Card,1,0
9432,3075,2017-11-01,25,CMP0185,Card,0,0
12362,3828,2023-06-16,20,CMP0073,Online,0,0
2274,766,2024-11-15,20,CMP0050,Cash,1,0
7903,2577,2026-07-14,10,CMP0054,Cheque,1,0
11452,3698,2024-10-26,20,CMP0054,Cash,0,0
10147,3320,2025-12-23,250,CMP0191,Online,1,0
5911,1936,2024-07-07,10,CMP0115,Standing Order,1,0
5524,1820,2021-10-11,5,CMP0043,Card,1,0
716,230,2025-09-14,15,CMP0175,Online,0,0
10468,3411,2020-01-18,15,CMP0138,Cash,0,0
11337,3660,2024-02-25,10,CMP0060,Cash,0,0
1877,628,2023-11-19,75.0,CMP0047,Online,1,0
11270,3642,2021-03-03,15,CMP0123,Standing Order,1,0
4541,1508,2025-09-29,10,CMP0069,Standing Order,0,0
6649,2196,2026-08-14,10,CMP0047,Cheque,0,0
2937,1002,2025-05-15,25,CMP0187,Cheque,1,0
5626,1845,2021-01-03,15,CMP0100,Direct Debit,1,0
7389,2412,2023-04-28,5,CMP0132,Standing Order,1,0
8997,2940,2024-12-13,50,CMP0137,Standing Order,1,0
11969,3891,2026-07-17,50,CMP0062,Card,0,0
10438,3402,2022-09-08,100,CMP0123,Direct Debit,0,0
7883,2572,2026-04-16,200,CMP0081,Standing Order,1,0
11434,3690,2024-06-19,50,CMP0052,Standing Order,0,0
11755,3803,2024-05-05,15,CMP0040,Direct Debit,0,0
10660,3475,2023-03-31,150.0,CMP0087,Cheque,1,0
6198,2037,2022-04-10,7.5,CMP0090,Direct Debit,0,0
11200,3622,2023-08-21,100,CMP0119,Card,1,0
11694,3773,2022-11-26,10,CMP0036,Standing Order,1,0
12151,3955,2022-11-13,10,CMP0015,Cheque,1,0
7476,2441,2025-05-14,375.0,CMP0189,Cash,0,0
3000,1017,2024-06-29,25,CMP0112,Cash,1,0
3637,1219,2026-01-30,5,CMP0095,Online,1,0
1276,419,2018-11-28,37.5,CMP0069,Standing Order,1,0
4302,1422,2024-07-20,22.5,CMP0088,Standing Order,1,0
5167,1709,2025-12-09,5,CMP0031,Standing Order,1,0
7941,2583,2023-06-12,5,CMP0085,Card,0,0
4976,1649,2022-07-03,20,CMP0181,Cash,1,0
4075,1356,2025-10-30,20,CMP0087,Card,1,0
4506,1502,2018-07-27,40,CMP0121,Direct Debit,1,0
2439,824,2024-04-04,10,CMP0148,Direct Debit,0,0
3603,1209,2023-02-27,30,CMP0018,Card,0,0
8066,2629,2023-02-06,30,CMP0049,Cheque,0,0
6292,2073,2026-01-17,15.0,CMP0062,Card,1,0
11780,3813,2026-03-13,25,CMP0162,Cheque,0,0
8916,2910,2026-01-14,15.0,CMP0081,Online,0,0
9994,3268,2025-03-06,250,CMP0087,Online,1,0
316,97,2024-02-01,375.0,CMP0102,Standing Order,0,0
5960,1952,2024-11-30,15.0,CMP0057,Direct Debit,1,0
3361,1127,2021-12-16,50,CMP0026,Card,0,0
10122,3314,2024-11-24,20,CMP0014,Direct Debit,1,0
1239,406,2021-11-19,15,CMP0182,Online,0,0
8685,2834,2023-06-23,75.0,CMP0149,Standing Order,0,0
3539,1182,2026-01-08,20,CMP0066,Card,1,0
10451,3407,2021-07-10,100,CMP0012,Online,1,0
10268,3356,2026-04-27,100,CMP0138,Online,0,0
849,280,2023-12-08,10,CMP0052,Standing Order,1,0
10247,3347,2022-05-27,22.5,CMP0011,Online,0,0
12236,3981,2025-07-21,5,CMP0135,Standing Order,0,0
10656,3475,2026-03-26,50,CMP0110,Direct Debit,1,0
5849,1918,2026-07-09,50,CMP0113,Card,0,0
12147,3954,2025-12-15,50,CMP0113,Online,0,0
1939,648,2025-03-29,50,CMP0184,Direct Debit,0,0
7989,2597,2023-04-12,50,CMP0147,Online,1,0
12034,3914,2022-01-14,50,CMP0029,Standing Order,1,0
6434,2122,2023-09-16,100,CMP0027,Cheque,0,0
9471,3093,2025-10-06,20,CMP0123,Standing Order,0,0
11499,3712,2025-03-13,25,CMP0093,Cheque,1,0
337,106,2020-09-25,30,CMP0163,Standing Order,0,0
42,11,2025-08-08,10,CMP0124,Online,0,0
2598,879,2023-04-05,75.0,CMP0028,Direct Debit,0,0
10717,99848,2025-07-20,5,CMP0010,Cheque,1,0
7481,2443,2020-12-13,37.5,CMP0050,Card,0,0
4046,1346,2020-08-30,15,CMP0002,Online,1,0
1620,545,2022-11-12,10,CMP0140,Online,1,0
10927,3546,2021-09-17,250,CMP0165,Cash,1,0
10413,3393,2017-08-22,150.0,CMP0050,Cheque,0,0
6606,2181,2026-08-07,50,CMP0069,Cheque,0,0
2714,929,2026-03-13,7.5,CMP0128,Online,1,0
3575,1203,2020-09-26,50,CMP0141,Card,1,0
2310,784,2022-09-27,15,CMP0047,Card,1,0
10209,3336,2026-06-27,15,CMP0046,Cash,1,0
11336,3660,2024-10-31,5,CMP0014,Standing Order,0,0
5745,1885,2024-01-22,500,CMP0128,Cheque,1,0
10297,3366,2024-01-12,37.5,CMP0073,Card,1,0
2230,746,2023-12-12,150.0,CMP0014,Cheque,1,0
2733,934,2021-11-13,5,CMP0145,Cash,1,1
11526,3722,2023-10-01,100,CMP0014,Card,1,0
6393,2109,2025-10-31,500,CMP0122,Cash,1,0
7142,2337,2025-12-09,15,CMP0126,Cash,0,0
4024,1344,2021-12-01,15,CMP0068,Cheque,1,0
3207,1078,2024-03-31,50,CMP0101,Direct Debit,1,0
814,270,2022-11-15,500,CMP0154,Standing Order,1,0
7130,2331,2024-04-19,250,CMP0086,Card,1,0
5051,1676,2021-09-02,15.0,CMP0106,Online,1,0
1555,524,2020-06-13,10,CMP0126,Card,0,0
7803,2549,2023-01-02,25,CMP0055,Online,1,0
9717,3175,2025-03-18,15,CMP0107,Cheque,1,0
5618,1844,2025-12-03,50,CMP0049,Cash,1,0
7547,2469,2023-06-11,50,CMP0111,Standing Order,0,0
6285,2070,2025-10-11,15,CMP0068,Standing Order,0,0
2011,671,2025-10-13,5,CMP0101,Direct Debit,0,0
596,191,2025-05-14,25,CMP0126,Online,0,0
11855,3852,2024-06-16,40,CMP0049,Cheque,1,0
221,61,2022-11-12,250,CMP0035,Online,0,0
11383,3670,2024-01-15,50,CMP0021,Standing Order,1,0
8268,2702,2026-06-24,7.5,CMP0127,Card,1,0
11221,3627,2025-10-02,150.0,CMP0192,Standing Order,0,0
5033,1671,2018-03-10,25,CMP0163,Card,1,0
714,230,2023-11-17,25,CMP0079,Cash,1,0
5153,1705,2023-12-29,20,CMP0116,Cheque,1,0
7098,2320,2023-06-20,15,CMP0165,Cheque,1,0
7444,2430,2024-08-04,5,CMP0051,Cash,0,0
447,145,2023-09-15,15,CMP0017,Cash,0,0
8269,2702,2024-07-26,75.0,CMP0071,Standing Order,0,0
1375,450,2024-12-31,50,CMP0111,Cheque,0,0
11869,3853,2024-07-03,30.0,CMP0191,Online,1,0
4747,1582,2022-05-15,5,CMP0102,Online,1,0
12099,3939,2024-04-06,250,CMP0037,Standing Order,0,0
2883,983,2023-07-25,75.0,CMP0158,Cheque,1,0
9783,3195,2023-06-11,5,CMP0036,Cash,1,0
2029,674,2021-09-18,75.0,CMP0112,Cheque,1,0
1875,628,2022-10-10,50,CMP0139,Online,1,0
1333,438,2026-03-20,375.0,CMP0122,Online,0,0
3208,1078,2023-09-15,25,CMP0083,Card,1,0
8370,2735,2024-09-15,200,CMP0113,Cheque,0,0
3736,1251,2023-05-12,10,CMP0185,Direct Debit,0,0
108,33,2024-05-06,25,CMP0047,Cheque,0,1
1944,650,2026-07-15,5,CMP0066,Cheque,1,0
9060,2959,2025-03-15,40,CMP0017,Cheque,1,0
6034,1974,2024-12-15,5,CMP0117,Cheque,0,0
10997,3566,2026-01-15,150.0,CMP0107,Online,0,0
4030,1344,2026-03-12,20,CMP0094,Card,1,0
5015,1663,2025-12-27,5,CMP0014,Card,1,0
8398,2743,2020-10-22,10,CMP0102,Online,0,0
3199,1075,2024-11-27,50,CMP0053,Cheque,0,0
2875,981,2025-02-17,50,CMP0029,Standing Order,0,0
8687,2835,2018-05-23,50,CMP0092,Direct Debit,1,0
10917,3545,2023-10-02,100,CMP0083,Standing Order,1,0
7544,2469,2025-02-08,37.5,CMP0125,Card,0,0
10455,3408,2023-05-17,20,CMP0031,Standing Order,1,0
1019,338,2024-06-08,5,CMP0139,Online,1,0
3194,1074,2026-02-21,20,CMP0130,Online,0,0
10000,3268,2019-07-07,15,CMP0188,Cash,1,1
5879,1926,2022-05-14,5,CMP0118,Cheque,0,0
4841,1607,2025-07-23,20,CMP0094,Standing Order,0,0
2527,855,2024-03-20,50,CMP0150,Online,1,0
7178,2345,2025-11-09,30.0,CMP0004,Online,1,0
1107,368,2025-04-02,15.0,CMP0132,Cash,1,0
7340,2394,2025-03-14,20,CMP0020,Cash,0,0
11072,3586,2024-02-26,15.0,CMP0106,Online,1,0
2697,918,2024-06-30,10,CMP0062,Cheque,1,0
12296,4003,2022-10-15,37.5,CMP0064,Cheque,1,0
7192,2351,2025-06-18,20,CMP0065,Cheque,1,0
9803,3199,2022-05-08,-5,CMP0156,Card,1,0
7450,2437,2025-10-29,250,CMP0076,Direct Debit,0,0
8935,2921,2019-07-24,20,CMP0071,Standing Order,1,0
9727,3177,2025-08-19,20,CMP0033,Online,1,0
1677,566,2024-04-22,10,CMP0052,Standing Order,1,0
5274,1746,2024-12-10,7.5,CMP0183,Standing Order,0,0
11948,3880,2024-07-28,100,CMP0151,Direct Debit,0,0
2171,728,2023-04-19,15.0,CMP0020,Direct Debit,1,0
607,195,2019-08-11,50,CMP0125,Card,1,0
1243,409,2023-07-26,15,CMP0108,Cash,0,0
9527,3110,2024-10-16,50,CMP0157,Standing Order,1,0
10582,3451,2020-03-07,20,CMP0079,Card,0,0
9107,2970,2024-06-03,50,CMP0191,Card,1,0
8844,2891,2020-12-23,5,CMP0037,Standing Order,1,0
3909,1308,2023-05-07,20,CMP0083,Online,0,0
7366,2401,2019-02-21,10,CMP0093,Standing Order,0,0
5294,1753,2022-06-21,100,CMP0128,Cash,0,0
8897,2900,2020-09-01,37.5,CMP0070,Direct Debit,0,0
9798,3197,2025-07-27,5,CMP0104,Card,0,0
11922,3869,2023-01-05,7.5,CMP0051,Card,1,0
3582,1204,2023-05-28,5,CMP0129,Standing Order,1,0
10489,3415,2025-04-05,75.0,CMP0152,Standing Order,1,0
9611,3139,2023-06-10,100,CMP0046,Card,0,0
3322,1112,2023-12-10,500,CMP0051,Card,1,0
10790,3505,2023-05-13,15,CMP0071,Standing Order,0,0
8315,2719,2024-02-16,10,CMP0012,Cheque,1,0
1831,619,2024-06-22,22.5,CMP0133,Standing Order,0,0
10638,3469,2024-03-03,10,CMP0057,Standing Order,1,0
1629,550,2024-06-16,15.0,CMP0103,Cheque,1,0
57,18,2024-08-09,15,CMP0063,Direct Debit,1,0
5186,1716,2024-06-24,40,CMP0026,Online,0,0
12321,4016,2022-11-23,15,CMP0078,Direct Debit,0,0
942,317,2024-08-19,37.5,CMP0026,Cash,1,0
11202,3623,2020-02-27,22.5,CMP0005,Cash,1,0
10182,3328,2024-02-14,30.0,CMP0100,Card,1,0
4368,1448,2025-06-10,25,CMP0014,Standing Order,0,0
5837,1917,2023-11-01,15,CMP0179,Standing Order,1,0
8709,2849,2025-09-21,20,CMP0146,Card,1,0
5181,1715,2021-04-09,100,CMP0131,Cash,1,0
12021,3907,2025-05-08,5,CMP0074,Cheque,0,0
8925,2912,2026-04-07,30,CMP0075,Cash,0,0
7753,2532,2024-09-24,15,CMP0148,Online,0,0
6752,2224,2023-05-04,75.0,CMP0109,Cash,0,0
12320,4016,2022-08-30,20,CMP0030,Card,1,0
7779,2543,2026-04-12,50,CMP0013,Direct Debit,0,1
10401,3391,2022-02-03,10,CMP0056,Direct Debit,0,0
7471,2441,2024-08-16,7.5,CMP0142,Cash,1,1
9985,3265,2022-11-02,25,CMP0139,Online,0,0
6201,2041,2025-08-08,22.5,CMP0052,Cheque,1,0
7605,2487,2024-02-22,37.5,CMP0170,Cash,0,0
2047,681,2025-09-09,150.0,CMP0187,Direct Debit,0,0
8795,2872,2026-04-11,10,CMP0144,Cash,0,0
3142,1061,2023-04-07,20,CMP0051,Standing Order,1,0
7664,2499,2023-05-17,250,CMP0146,Card,1,0
200,54,2022-07-06,5,CMP0105,Standing Order,1,0
9996,3268,2018-10-27,50,CMP0167,Online,1,0
6584,2178,2023-06-04,30.0,CMP0094,Direct Debit,1,0
4806,1601,2019-05-04,20,CMP0027,Card,1,0
3176,1067,2024-01-15,20,CMP0050,Online,1,0
1166,385,2026-08-01,37.5,CMP0191,Online,1,0
7731,2526,2025-11-09,30.0,CMP0103,Online,0,0
1270,416,2021-11-06,20,CMP0171,Cash,1,0
5237,1733,2025-01-14,250,CMP0054,Cash,0,0
1116,372,2026-06-22,250,CMP0134,Standing Order,0,0
4405,1463,2025-05-18,5,CMP0084,Cheque,1,0
2943,1003,2023-01-09,15.0,CMP0165,Cash,0,0
782,255,2021-02-09,150.0,CMP0171,Direct Debit,1,0
3175,1067,2022-10-25,75.0,CMP0065,Online,1,0
11495,3710,2026-02-23,10,CMP0065,Direct Debit,1,0
2127,709,2025-11-14,22.5,CMP0178,Online,1,0
8235,2689,2024-12-05,75.0,CMP0119,Standing Order,0,0
594,191,2026-08-05,22.5,CMP0061,Online,0,0
5798,1904,2021-07-26,10,CMP0058,Standing Order,1,0
7313,2384,2025-11-28,20,CMP0183,Cash,0,0
6693,2211,2020-11-09,37.5,CMP0043,Cheque,0,0
12311,4009,2026-06-12,30.0,CMP0074,Card,1,0
10671,3481,2021-12-18,15,CMP0145,Online,1,0
6232,2049,2021-03-03,10,CMP0021,Direct Debit,0,0
5466,1799,2025-08-09,20,CMP0019,Direct Debit,1,0
8786,2871,2019-09-24,10,CMP0029,Cheque,0,0
3449,1155,2023-08-17,25,CMP0100,Cheque,0,0
1708,578,2021-10-28,250,CMP0024,Cash,0,0
3517,1176,2023-04-26,30.0,CMP0045,Card,1,0
6745,2220,2020-09-14,250,CMP0060,Standing Order,1,0
10678,3482,2025-02-21,10,CMP0159,Direct Debit,1,0
548,175,2026-01-06,20,CMP0032,Direct Debit,1,0
10338,3373,2023-03-04,100,CMP0093,Standing Order,1,0
9102,2965,2026-05-25,375.0,CMP0027,Cheque,0,0
8843,2891,2018-04-01,250,CMP0048,Online,1,0
2882,983,2018-02-24,50,CMP0116,Online,1,0
5621,1844,2026-05-15,10,CMP0167,Cheque,0,0
11496,3710,2024-03-20,50,CMP0047,Cash,1,0
5373,1774,2025-06-08,40,CMP0125,Direct Debit,1,0
11821,3833,2025-05-16,22.5,CMP0085,Cheque,0,0
1396,459,2025-10-30,50,CMP0181,Standing Order,1,0
10409,3393,2026-01-24,50,CMP0095,Online,0,0
5817,1907,2025-03-23,15,CMP0031,Cash,1,0
224,64,2026-02-26,40,CMP0123,Direct Debit,0,0
165,48,2021-09-05,30.0,CMP0165,Direct Debit,1,0
5912,1936,2026-02-09,15,CMP0090,Cash,1,0
5211,1728,2022-10-12,20,CMP0006,Cheque,1,0
6426,2120,2024-09-01,100,CMP0180,Direct Debit,1,0
6010,1969,2026-07-23,5,CMP0032,Direct Debit,1,0
7890,2573,2025-11-27,5,CMP0061,Standing Order,1,0
5141,1702,2024-08-04,250,CMP0179,Online,1,0
11310,3655,2025-12-21,15,CMP0008,Standing Order,0,0
1759,588,2019-03-07,50,CMP0065,Direct Debit,0,0
3873,1299,2025-04-04,100,CMP0086,Card,1,0
10055,3291,2018-08-10,75.0,CMP0105,Card,0,0
4113,1364,2025-07-04,250,CMP0082,Standing Order,0,0
9770,3188,2025-06-12,50,CMP0096,Direct Debit,0,0
6317,2085,2026-02-28,25,CMP0110,Online,0,0
7461,2439,2021-11-23,5,CMP0065,Direct Debit,1,0
265,80,2023-09-22,200,CMP0132,Online,0,0
10360,3377,2024-09-28,50,CMP0137,Standing Order,0,0
7266,2375,2023-11-20,75.0,CMP0077,Online,1,0
12070,3930,2026-08-05,20,CMP0152,Cheque,1,0
10358,3376,2024-05-19,10,CMP0037,Standing Order,1,0
3513,1175,2025-10-25,25,CMP0002,Cheque,1,0
3888,1302,2026-04-10,30.0,CMP0118,Direct Debit,0,0
11340,3661,2020-09-07,375.0,CMP0035,Online,0,0
2415,818,2023-03-06,10,CMP0117,Cash,0,0
8153,2655,2023-06-24,20,CMP0168,Online,0,0
3718,1249,2022-08-19,30,CMP0119,Card,0,0
1050,347,2020-09-02,15.0,CMP0018,Online,1,0
395,129,2025-03-16,15,CMP0016,Cash,1,0
8174,2666,2025-07-21,15.0,CMP0118,Online,0,0
7399,2416,2021-12-25,10,CMP0172,Cheque,0,0
1078,357,2026-06-07,20,CMP0048,Cheque,1,0
2227,743,2025-07-25,20,CMP0014,Cash,1,0
6211,2043,2025-03-25,15,CMP0074,Direct Debit,1,0
6818,2241,2025-04-27,0,CMP0106,Cash,1,0
4714,1577,2023-05-28,25,CMP0049,Cheque,1,0
4679,1564,2022-04-28,5,CMP0130,Cash,1,0
4842,1609,2021-07-19,75.0,CMP0186,Cheque,0,0
4050,1348,2026-05-03,100,CMP0154,Standing Order,1,0
12049,3920,2026-08-14,5,CMP0029,Standing Order,1,0
12069,3929,2025-09-24,250,CMP0072,Online,1,0
1626,548,2023-05-18,10,CMP0192,Cheque,0,0
6692,2211,2025-02-23,20,CMP0177,Cheque,1,0
2853,974,2026-04-11,150.0,CMP0119,Standing Order,1,0
4140,1370,2016-12-17,25,CMP0072,Cheque,1,0
12106,3941,2025-11-24,7.5,CMP0186,Cheque,0,0
10252,3348,2026-01-08,25,CMP0160,Cash,1,0
10324,3370,2026-05-15,15.0,CMP0025,Direct Debit,1,0
4745,1582,2024-04-11,5,CMP0131,Card,0,0
2290,775,2022-10-02,250,CMP0017,Standing Order,1,0
635,200,2024-03-21,5,CMP0095,Card,1,0
1591,537,2021-11-18,100,CMP0035,Direct Debit,0,0
11995,3896,2020-03-15,30.0,CMP0009,Cash,0,0
7985,2597,2022-06-21,10,CMP0165,Cheque,0,0
1558,524,2020-05-16,15.0,CMP0120,Online,0,0
9806,3199,2024-05-24,100,CMP0117,Standing Order,1,0
11853,3851,2022-03-28,15.0,CMP0123,Online,1,0
5631,1846,2020-09-17,200,CMP0049,Online,1,0
11514,3718,2023-12-18,50,CMP0013,Standing Order,1,0
8274,2707,2022-12-25,10,CMP0017,Online,0,0
11943,3879,2025-01-03,500,CMP0047,Cash,0,0
2215,739,2025-05-19,200,CMP0053,Direct Debit,0,0
5504,1815,2019-09-15,375.0,CMP0079,Standing Order,1,0
5942,1944,2025-04-23,20,CMP0179,Cheque,1,0
9299,3037,2020-12-08,50,CMP0007,Standing Order,1,0
12365,801,2023-08-17,150.0,CMP0185,Cash,1,0
3469,1159,2025-05-12,150.0,CMP0144,Cash,0,0
12166,3960,2023-11-24,25,CMP0100,Standing Order,0,0
2363,806,2026-03-13,100,CMP0043,Cash,0,0
4040,1346,2023-03-11,5,CMP0128,Cash,0,0
5858,1918,2019-08-04,20,CMP0128,Cash,1,0
9931,3248,2020-11-11,0,CMP0133,Cheque,0,0
8188,2671,2025-07-03,100,CMP0108,Direct Debit,0,0
4979,1651,2018-07-09,20,CMP0138,Direct Debit,0,0
1906,638,2024-11-19,5,CMP0181,Cheque,1,0
8758,2866,2021-12-05,150.0,CMP0096,Online,0,0
11901,3863,2022-08-04,40,CMP0033,Online,0,0
7295,2379,2025-01-14,15,CMP0021,Cash,0,0
2340,801,2023-09-27,22.5,CMP0189,Online,0,0
3630,1217,2025-11-15,75.0,CMP0191,Cash,1,0
6595,2181,2021-05-28,250,CMP0097,Card,0,0
11302,3653,2025-08-24,37.5,CMP0069,Card,0,0
4170,1380,2020-03-05,100,CMP0034,Cash,0,0
2900,987,2022-10-01,10,CMP0189,Cash,1,0
4709,1573,2021-10-27,375.0,CMP0120,Direct Debit,1,0
6549,2166,2025-08-13,15,CMP0147,Cash,0,0
454,146,2025-05-18,30.0,CMP0093,Cash,1,0
2447,824,2025-04-27,15.0,CMP0023,Direct Debit,0,0
6015,1970,2025-06-14,5,CMP0146,Direct Debit,1,0
9328,3046,2022-11-23,250,CMP0176,Cash,1,0
4078,1356,2025-01-08,30,CMP0042,Direct Debit,0,0
104,30,2024-07-27,100,CMP0041,Cheque,1,0
4023,1341,2020-01-27,50,CMP0076,Direct Debit,0,0
4290,1420,2023-11-28,100,CMP0181,Direct Debit,0,0
6165,2020,2022-04-17,250,CMP0029,Direct Debit,0,0
5836,1915,2024-08-04,25,CMP0156,Cash,1,0
7752,2531,2023-08-25,100,CMP0120,Cash,1,0
5309,1756,2026-07-27,5,CMP0179,Card,0,0
6975,2284,2023-02-23,15,CMP0139,Card,0,0
8764,2866,2022-10-04,50,CMP0119,Card,1,0
1772,594,2023-04-11,25,CMP0085,Standing Order,0,0
7043,2306,2026-08-10,30.0,CMP0155,Card,0,0
1516,509,2025-12-23,75.0,CMP0136,Direct Debit,1,0
2449,824,2023-11-07,25,CMP0141,Cheque,1,0
3053,1034,2023-06-10,75.0,CMP0055,Standing Order,1,0
6362,2096,2026-06-30,50,CMP0102,Cheque,0,0
6471,2137,2021-02-23,100,CMP0122,Card,0,0
11469,3702,2022-01-05,100,CMP0190,Standing Order,0,0
2052,683,2024-10-27,250,CMP0175,Cheque,1,0
3899,1306,2026-01-06,15,CMP0096,Online,0,0
6845,2250,2025-06-26,20,CMP0007,Card,0,0
9018,2944,2023-01-09,40,CMP0069,Cheque,0,0
10613,3462,2026-02-03,25,CMP0032,Standing Order,0,0
8598,2804,2025-12-07,15,CMP0175,Online,1,0
5854,1918,2019-12-12,250,CMP0128,Standing Order,0,0
5055,1676,2025-01-22,100,CMP0074,Direct Debit,0,0
4095,1359,2024-12-20,25,CMP0180,Cheque,0,0
11586,3732,2023-02-25,100,CMP0005,Cheque,1,0
1946,650,2019-12-15,50,CMP0094,Cash,0,0
10264,3353,2025-09-28,5,CMP0120,Direct Debit,1,0
11129,3599,2025-03-27,50,CMP0118,Direct Debit,0,0
5389,95041,2024-08-31,100,CMP0018,Cash,1,0
5209,1728,2023-01-08,15.0,CMP0046,Cheque,0,0
5797,1904,2022-03-07,25,CMP0073,Online,1,0
12370,230,2025-09-14,15,CMP0175,Online,0,0
9379,3061,2020-05-06,25,CMP0025,Direct Debit,1,0
7884,2572,2023-08-22,500,CMP0143,Direct Debit,0,0
389,126,2024-11-22,15,CMP0083,Online,0,0
4723,1578,2022-02-04,50,CMP0160,Cash,0,0
491,153,2023-10-06,20,CMP0087,Online,1,0
10532,3436,2021-03-24,5,CMP0093,Cash,1,0
7058,2310,2025-12-01,10,CMP0135,Card,1,0
5281,1750,2024-11-11,150.0,CMP0171,Direct Debit,0,0
6384,2106,2024-09-30,50,CMP0050,Online,0,0
2599,880,2025-11-17,150.0,CMP0012,Cash,1,0
671,208,2025-12-21,100,CMP0107,Card,1,0
6004,1966,2026-02-14,375.0,CMP0088,Direct Debit,0,0
4887,1628,2024-10-13,15.0,CMP0114,Online,0,0
4808,1602,2024-02-02,22.5,CMP0031,Direct Debit,1,0
5622,1844,2023-04-18,500,CMP0189,Online,0,0
4952,1642,2026-07-01,100,CMP0057,Direct Debit,1,0
2341,801,2025-10-27,50,CMP0152,Cash,0,0
11291,3648,2022-08-13,37.5,CMP0068,Online,0,0
9470,3091,2026-04-23,20,CMP0072,Cheque,0,0
8772,2870,2021-03-15,100,CMP0064,Card,0,0
3246,1092,2024-10-15,100,CMP0125,Card,1,0
3680,1230,2026-05-12,500,CMP0148,Online,1,0
207,54,2025-01-21,375.0,CMP0045,Standing Order,0,0
1167,385,2022-11-10,250,CMP0053,Cheque,1,0
1816,607,2026-07-02,50,CMP0162,Standing Order,0,0
5505,1815,2023-09-22,20,CMP0085,Cash,1,0
8051,2626,2025-08-31,250,CMP0072,Standing Order,0,0
9258,3022,2025-03-30,20,CMP0088,Cash,0,0
2457,828,2025-04-11,37.5,CMP0104,Online,0,0
6875,2256,2026-03-13,50,CMP0004,Standing Order,1,0
8208,2682,2024-04-23,40,CMP0053,Online,1,0
856,281,2026-07-13,5,CMP0124,Cash,1,0
12018,3905,2025-01-22,100,CMP0057,Cash,0,0
3856,1291,2021-07-10,15,CMP0172,Direct Debit,1,0
12016,3905,2025-09-28,15,CMP0038,Standing Order,0,0
1402,468,2026-06-25,10,CMP0032,Card,1,0
5887,1928,2025-07-21,20,CMP0023,Direct Debit,0,0
7241,2366,2025-11-07,5,CMP0152,Online,1,0
2974,1010,2026-01-04,50,CMP0150,Standing Order,0,0
5948,1947,2026-04-11,5,CMP0137,Cash,0,0
7754,2532,2025-10-17,10,CMP0082,Online,1,0
2312,785,2025-06-10,150.0,CMP0113,Standing Order,0,0
8286,2710,2024-08-02,250,CMP0097,Direct Debit,0,0
4428,1472,2022-01-04,10,CMP0100,Cash,1,0
6725,2217,2018-09-13,25,CMP0059,Card,0,0
10749,3496,2022-06-13,100,CMP0078,Direct Debit,1,0
2178,732,2022-05-21,375.0,CMP0147,Cheque,1,0
2084,693,2020-11-06,150.0,CMP0052,Card,0,0
8549,2785,2025-03-13,30.0,CMP0135,Standing Order,1,0
766,252,2024-11-11,250,CMP0138,Online,0,0
11596,3734,2024-07-11,100,CMP0119,Cheque,0,0
4087,1359,2023-02-03,100,CMP0153,Standing Order,1,0
10136,3320,2019-12-06,37.5,CMP0072,Card,0,0
5252,1740,2022-02-08,30.0,CMP0091,Card,0,0
5532,1820,2020-11-12,50,CMP0154,Direct Debit,0,0
5059,1677,2023-09-20,25,CMP0018,Standing Order,1,0
1373,450,2025-08-19,10,CMP0164,Online,0,0
3238,1088,2025-01-13,25,CMP0171,Online,0,0
534,170,2025-02-04,25,CMP0116,Online,0,0
12306,4007,2024-06-28,100,CMP0098,Cheque,1,0
10063,3291,2021-09-06,250,CMP0044,Standing Order,1,0
10320,3369,2025-06-11,250,CMP0031,Card,1,0
4528,1505,2025-07-22,5,CMP0105,Direct Debit,1,0
9477,3095,2022-04-09,100,CMP0134,Online,1,0
3542,1185,2022-05-29,75.0,CMP0059,Cheque,0,0
4660,1558,2023-04-15,10,CMP0160,Standing Order,1,0
6948,2280,2026-07-18,100,CMP0053,Direct Debit,0,0
6973,2284,2024-02-24,100,CMP0044,Direct Debit,1,0
4593,1533,2025-04-25,500,CMP0108,Card,0,0
4659,1558,2023-11-05,20,CMP0032,Direct Debit,1,0
7899,2576,2026-07-20,10,CMP0166,Cash,1,0
8631,2819,2018-03-04,500,CMP0103,Direct Debit,0,0
1731,582,2020-12-12,250,CMP0046,Direct Debit,0,0
5295,1753,2024-08-30,50,CMP0001,Cash,1,0
2476,836,2025-11-04,50,CMP0131,Direct Debit,0,0
1706,577,2019-04-29,10,CMP0026,Cheque,0,0
10296,3365,2022-08-24,250,CMP0123,Cash,1,0
8486,2766,2025-10-06,30.0,CMP0109,Cash,1,0
1793,601,2026-06-03,10,CMP0064,Card,1,0
591,191,2023-08-14,50,CMP0002,Cash,0,0
11231,3630,2025-09-30,25,CMP0106,Direct Debit,0,0
9103,2966,2024-07-24,20,CMP0152,Cash,0,0
1874,628,2026-01-15,10,CMP0072,Standing Order,1,0
65,20,2019-07-03,7.5,CMP0026,Direct Debit,0,0
949,319,2017-02-24,20,CMP0125,Direct Debit,1,0
9781,3194,2020-11-17,15,CMP0158,Online,0,0
12244,3984,2026-07-15,25,CMP0012,Cheque,0,0
1196,393,2021-09-15,50,CMP0129,Card,1,0
10504,3426,2021-11-06,7.5,CMP0068,Cheque,1,0
7021,2300,2025-01-27,5,CMP0169,Cheque,1,0
8613,2811,2020-02-03,30.0,CMP0072,Online,1,0
10486,3415,2020-12-19,40,CMP0167,Cheque,1,0
11420,3683,2022-08-03,10,CMP0071,Card,1,0
8219,2685,2023-09-21,5,CMP0147,Card,1,0
6162,2019,2024-02-12,30,CMP0192,Direct Debit,1,0
7820,2552,2025-07-16,15,CMP0109,Direct Debit,0,0
12184,3963,2023-07-29,30,CMP0131,Cash,0,0
1646,553,2020-02-29,5,CMP0080,Cash,0,0
9433,3075,2017-08-28,25,CMP0152,Direct Debit,0,0
245,74,2026-06-06,100,CMP0045,Direct Debit,1,0
8006,2609,2023-06-28,25,CMP0038,Online,1,1
5533,1821,2026-02-24,25,CMP0057,Online,1,0
761,251,2026-07-19,50,CMP0183,Standing Order,0,0
5871,1925,2026-03-06,15,CMP0053,Card,1,0
7568,2476,2024-12-15,50,CMP0161,Cash,0,0
1358,444,2025-02-23,15,CMP0133,Standing Order,1,0
199,54,2024-07-09,100,CMP0131,Online,1,0
1810,605,2026-02-18,5,CMP0019,Cheque,0,0
9973,3263,2024-02-10,10,CMP0174,Standing Order,0,0
4115,1364,2024-09-05,5,CMP0078,Cash,1,0
2286,773,2024-06-14,40,CMP0187,Direct Debit,0,0
4072,1355,2024-09-14,30,CMP0094,Cash,1,0
5381,1776,2025-01-25,250,CMP0070,Cheque,1,0
11052,3582,2026-07-15,75.0,CMP0003,Online,0,0
425,138,2025-04-28,5,CMP0145,Standing Order,0,0
1245,409,2025-06-24,25,CMP0108,Cash,1,0
7862,2566,2024-11-24,10,CMP0172,Direct Debit,0,0
8836,2890,2025-04-12,7.5,CMP0189,Direct Debit,0,0
252,76,2025-05-28,30.0,CMP0010,Cheque,1,0
10955,3551,2024-10-06,100,CMP0168,Cheque,0,0
5650,1855,2024-09-15,10,CMP0148,Online,1,0
10906,3543,2026-01-24,200,CMP0050,Standing Order,1,0
4700,1571,2023-06-03,15,CMP0061,Cheque,0,0
2366,810,2022-10-28,375.0,CMP0133,Online,0,0
10612,3462,2023-08-23,40,CMP0124,Cash,1,0
10150,3320,2018-11-05,100,CMP0090,Card,0,0
2264,758,2026-08-09,22.5,CMP0187,Online,0,0
334,106,2026-02-28,25,CMP0055,Standing Order,1,0
5663,1861,2026-02-21,15,CMP0116,Online,0,0
1549,522,2025-02-10,15,CMP0190,Direct Debit,0,0
194,53,2025-11-15,250,CMP0022,Direct Debit,0,0
4783,1596,2024-06-02,7.5,CMP0041,Cash,0,0
900,300,2018-08-11,10,CMP0056,Online,1,0
1834,619,2025-11-28,100,CMP0095,Direct Debit,0,0
997,332,2022-05-11,10,CMP0161,Card,0,0
6954,2280,2019-02-05,10,CMP0144,Direct Debit,1,0
2685,907,2026-01-16,250,CMP0007,Direct Debit,1,0
8859,2894,2023-05-06,50,CMP0037,Cash,0,0
2183,732,2022-09-04,100,CMP0012,Standing Order,1,0
11480,3706,2026-01-08,5,CMP0161,Cheque,1,0
4091,1359,2025-05-26,15,CMP0069,Card,1,0
320,98,2021-06-11,250,CMP0119,Online,0,0
11536,3724,2024-01-06,250,CMP0007,Cash,0,0
10840,3523,2025-09-30,30.0,CMP0053,Online,0,0
5699,1870,2024-09-05,7.5,CMP0085,Direct Debit,1,0
2863,977,2019-01-03,100,CMP0030,Standing Order,0,0
5190,1718,2024-05-17,150.0,CMP0126,Cheque,1,0
7341,2394,2026-01-03,5,CMP0180,Cheque,0,0
9169,2993,2025-03-11,20,CMP0032,Standing Order,1,0
10148,3320,2024-12-07,20,CMP0037,Card,0,0
12302,4004,2023-07-16,250,CMP0083,Cash,0,0
8364,2733,2024-09-26,250,CMP0130,Card,1,0
8840,2890,2023-03-02,25,CMP0036,Card,1,0
6756,2224,2025-01-05,20,CMP0044,Card,0,0
8215,2684,2024-08-23,37.5,CMP0079,Cheque,0,0
727,234,2026-07-02,20,CMP0151,Standing Order,1,0
7807,2549,2026-04-19,15,CMP0011,Direct Debit,1,0
1912,641,2022-09-16,5,CMP0040,Cash,1,0
11934,3873,2019-06-30,15,CMP0101,Cheque,0,0
11159,3611,2022-08-18,25,CMP0019,Standing Order,0,0
10378,3383,2023-10-01,50,CMP0082,Online,1,0
6240,2051,2020-03-23,5,CMP0152,Card,0,0
2508,850,2026-02-12,375.0,CMP0023,Card,0,0
4294,1420,2026-08-06,25,CMP0161,Cheque,1,0
6280,2067,2023-03-21,100,CMP0038,Online,1,0
8954,2926,2024-09-19,50,CMP0044,Standing Order,1,0
11043,3581,2025-12-22,25,CMP0044,Direct Debit,0,0
7577,2477,2023-12-25,22.5,CMP0051,Cash,0,0
8396,2743,2025-08-31,10,CMP0188,Cheque,0,0
7960,2594,2018-02-28,25,CMP0016,Cheque,1,0
7914,2580,2022-10-20,250,CMP0181,Online,0,0
6891,2259,2026-06-20,30,CMP0133,Direct Debit,1,0
966,327,2025-08-14,20,CMP0033,Direct Debit,0,0
11316,3656,2024-03-05,250,CMP0001,Cash,1,0
9236,3014,2024-09-09,20,CMP0071,Direct Debit,1,0
3038,1030,2024-01-19,37.5,CMP0130,Standing Order,1,0
2186,733,2026-06-08,100,CMP0083,Standing Order,1,0
10251,3347,2020-11-03,100,CMP0009,Cheque,0,0
8999,2940,2024-07-19,10,CMP0071,Standing Order,0,0
6826,2243,2026-01-08,10,CMP0155,Cheque,1,0
1102,364,2025-09-22,20,CMP0095,Cash,0,0
3783,1267,2020-08-05,500,CMP0074,Cheque,1,0
3013,1020,2026-07-23,10,CMP0171,Cheque,0,0
398,129,2025-07-24,20,CMP0060,Standing Order,1,0
11436,3690,2026-01-10,37.5,CMP0054,Online,1,0
5682,1864,2025-09-17,40,CMP0149,Standing Order,0,0
11209,3624,2024-11-28,20,CMP0163,Cash,1,0
435,140,2022-11-19,10,CMP0143,Online,1,0
12223,3975,2023-05-28,25,CMP0146,Direct Debit,0,0
3287,1102,2026-06-29,15,CMP0051,Direct Debit,0,0
11731,3792,2024-04-02,200,CMP0033,Direct Debit,1,0
10597,3457,2023-07-04,250,CMP0094,Standing Order,1,0
2504,849,2020-06-01,10,CMP0061,Cash,1,0
2925,999,2021-04-21,500,CMP0063,Direct Debit,1,0
5525,1820,2022-03-21,30,CMP0119,Standing Order,1,0
2783,950,2025-06-11,50,CMP0005,Direct Debit,0,0
8347,2724,2023-06-30,30.0,CMP0079,Online,0,0
6880,2257,2024-12-15,10,CMP0117,Direct Debit,0,0
6266,2056,2024-11-23,20,CMP0162,Card,0,0
1250,410,2024-01-24,25,CMP0117,Online,1,0
2188,734,2022-12-30,20,CMP0113,Online,1,0
10810,3516,2021-11-06,50,CMP0087,Direct Debit,0,0
11689,3771,2022-08-19,10,CMP0078,Direct Debit,0,0
7684,2508,2021-08-30,50,CMP0164,Direct Debit,1,0
2259,756,2020-07-17,375.0,CMP0169,Standing Order,1,0
12097,3938,2024-01-11,15.0,CMP0122,Cheque,0,0
8160,2656,2025-08-16,50,CMP0129,Online,0,0
3972,1331,2025-06-13,7.5,CMP0191,Standing Order,1,0
11859,3852,2025-09-09,10,CMP0167,Cash,1,0
1575,528,2022-07-26,50,CMP0126,Cheque,1,0
11433,3687,2023-07-21,25,CMP0162,Direct Debit,1,0
7673,2505,2020-09-22,250,CMP0025,Direct Debit,1,0
10982,3563,2021-09-06,10,CMP0036,Online,0,0
1773,595,2020-09-18,250,CMP0071,Online,0,0
4495,1497,2025-01-16,7.5,CMP0084,Standing Order,0,0
12219,3975,2023-11-25,20,CMP0085,Card,1,0
5578,1835,2024-04-14,30.0,CMP0182,Card,1,0
7007,2294,2024-10-30,20,CMP0146,Cheque,0,0
1235,405,2026-02-15,250,CMP0074,Online,1,0
3944,1320,2023-11-20,5,CMP0143,Cash,0,0
7592,2482,2021-06-16,5,CMP0075,Cash,0,0
5683,1864,2024-12-13,20,CMP0179,Cash,1,0
5329,1761,2024-12-12,200,CMP0107,Online,1,0
6163,2019,2023-09-27,100,CMP0146,Direct Debit,0,0
8199,2677,2024-11-23,30.0,CMP0127,Direct Debit,0,0
2911,994,2025-03-20,100,CMP0120,Cheque,1,0
9614,3139,2022-08-27,20,CMP0055,Cheque,0,0
5733,1881,2023-01-03,5,CMP0027,Cheque,1,0
7738,2528,2023-04-10,200,CMP0067,Online,1,0
241,72,2025-01-06,100,CMP0045,Online,0,0
6278,2066,2026-03-22,10,CMP0051,Cash,1,0
5272,1744,2025-05-10,250,CMP0058,Cash,0,0
981,329,2022-02-23,10,CMP0050,Online,1,0
7497,2449,2026-06-26,5,CMP0088,Cash,0,0
12138,3952,2023-11-20,40,CMP0022,Cash,0,0
3608,1211,2025-09-21,10,CMP0186,Cheque,0,0
9402,3068,2025-09-06,10,CMP0176,Online,0,0
586,189,2019-09-16,50,CMP0150,Card,0,0
3453,1156,2020-02-09,75.0,CMP0049,Card,1,0
5819,1908,2023-11-08,10,CMP0091,Online,1,1
8802,2873,2025-01-28,250,CMP0168,Direct Debit,0,0
11229,3630,2022-05-28,50,CMP0166,Card,0,0
5796,1902,2025-08-06,25,CMP0192,Direct Debit,1,0
5893,1932,2022-02-23,200,CMP0053,Cash,0,0
7651,2497,2026-06-03,5,CMP0113,Card,1,0
3097,1048,2026-07-01,500,CMP0076,Cheque,1,0
10874,3535,2022-12-06,5,CMP0176,Standing Order,1,0
2591,877,2026-03-20,10,CMP0145,Cash,0,1
9969,3263,2024-07-21,30.0,CMP0048,Card,1,0
9247,3020,2023-03-22,25,CMP0051,Card,0,0
11994,3896,2020-10-10,10,CMP0051,Cash,0,1
8730,2852,2025-09-28,5,CMP0093,Cash,0,0
6589,2179,2024-01-14,10,CMP0178,Online,1,0
5726,1879,2023-10-23,250,CMP0152,Standing Order,1,0
3623,1215,2025-04-04,5,CMP0065,Cheque,0,0
4127,1368,2025-02-28,37.5,CMP0005,Cheque,0,0
9507,3103,2022-02-22,15,CMP0078,Direct Debit,0,0
10442,3402,2022-11-25,30,CMP0184,Standing Order,0,0
4711,1573,2026-06-17,7.5,CMP0160,Cash,1,0
5422,1790,2022-07-03,375.0,CMP0165,Cash,1,0
6402,2115,2025-10-01,25,CMP0018,Online,1,0
7330,2389,2023-02-11,75.0,CMP0072,Cash,1,0
2561,865,2021-12-22,500,CMP0058,Cheque,0,1
9921,3240,2025-12-25,7.5,CMP0055,Online,0,0
10350,3376,2018-03-01,10,CMP0118,Standing Order,1,0
9978,3264,2025-07-31,15.0,CMP0170,Cheque,1,0
5129,1700,2022-11-02,20,CMP0064,Cash,0,0
1524,514,2026-07-27,25,CMP0017,Direct Debit,0,0
56,18,2026-08-14,100,CMP0021,Cheque,1,0
9707,3171,2020-12-10,375.0,CMP0076,Online,0,0
4559,1518,2022-10-02,50,CMP0116,Standing Order,0,0
2297,776,2024-12-24,50,CMP0093,Online,1,0
4654,1558,2025-10-03,20,CMP9891,Online,1,0
8056,2627,2018-12-10,15,CMP0039,Cheque,1,0
3418,1143,2022-10-15,30.0,CMP0048,Cash,1,0
8887,2899,2024-04-06,5,CMP0043,Direct Debit,1,0
2116,702,2025-03-04,150.0,CMP0125,Standing Order,0,0
6433,2122,2025-05-01,150.0,CMP0138,Card,1,0
6104,1992,2026-03-24,50,CMP0182,Card,0,0
1100,364,2024-06-21,7.5,CMP0060,Online,0,0
4061,1351,2020-01-09,15.0,CMP0176,Standing Order,0,0
9593,3129,2022-08-19,20,CMP0072,Direct Debit,0,0
9667,3158,2021-08-11,100,CMP0007,Card,0,0
12140,3952,2024-07-16,50,CMP0137,Card,1,0
3919,1312,2026-01-12,50,CMP0011,Cheque,0,0
1870,627,2026-07-16,5,CMP0094,Online,1,0
3383,1132,2019-08-12,10,CMP0124,Standing Order,1,0
1399,467,2025-04-24,20,CMP0104,Card,0,0
8094,2638,2025-03-01,50,CMP0174,Direct Debit,0,0
9257,3022,2025-07-15,15,CMP0171,Card,0,0
9984,3265,2025-08-08,10,CMP0173,Standing Order,1,0
2887,985,2026-04-13,5,CMP0045,Direct Debit,1,0
1917,643,2025-10-03,37.5,CMP0049,Cash,0,0
2237,747,2019-12-17,20,CMP0174,Cash,1,0
7627,2493,2021-05-02,22.5,CMP0125,Cheque,0,0
11538,3725,2026-01-11,5,CMP0069,Standing Order,1,0
1637,551,2025-09-04,100,CMP0183,Online,0,0
10037,3287,2017-03-09,500,CMP0043,Cash,0,0
189,52,2021-05-12,250,CMP0166,Cheque,1,0
3641,1220,2026-08-11,20,CMP0017,Online,1,0
1987,666,2026-04-02,375.0,CMP0037,Card,0,0
10951,3550,2020-06-04,250,CMP0138,Online,1,0
1282,421,2023-05-22,20,CMP0076,Standing Order,0,0
2043,680,2025-08-24,10,CMP0052,Cash,1,0
4043,1346,2023-01-10,10,CMP0161,Standing Order,1,0
6997,2292,2022-06-08,10,CMP0052,Online,1,0
6669,2203,2024-10-25,50,CMP0157,Direct Debit,1,0
5963,1953,2025-08-27,250,CMP0026,Online,1,0
3381,1129,2021-01-22,5,CMP0097,Cash,0,0
8689,2838,2022-05-27,25,CMP0118,Online,0,0
1442,481,2025-06-12,25,CMP0025,Card,1,0
10710,3488,2022-08-30,20,CMP0032,Online,1,0
7342,2395,2023-09-26,5,CMP0143,Standing Order,1,0
3696,1243,2026-05-12,150.0,CMP0185,Cash,1,0
7526,2463,2023-06-10,100,CMP0181,Card,0,0
10922,3545,2022-08-10,50,CMP0190,Direct Debit,1,0
3440,1153,2024-08-25,100,CMP0083,Online,0,0
8181,2667,2023-08-17,5,CMP0104,Direct Debit,1,0
7097,2320,2026-03-25,250,CMP0104,Direct Debit,0,0
9848,3211,2021-01-10,7.5,CMP0079,Online,0,0
3014,1020,2025-08-14,250,CMP0085,Cash,1,0
10895,3541,2025-01-30,50,CMP0031,Online,1,0
1701,577,2025-06-04,10,CMP0002,Standing Order,0,0
4907,1632,2023-07-15,22.5,CMP0103,Standing Order,1,0
8348,2724,2026-08-14,5,CMP0143,Cash,0,0
6461,2135,2025-05-25,50,CMP0154,Standing Order,1,0
6575,2175,2022-10-30,100,CMP0098,Card,0,0
8451,2756,2025-09-21,5,CMP0106,Cash,0,0
7660,2499,2022-08-07,15,CMP0118,Cheque,1,0
3168,1066,2024-11-14,5,CMP0085,Direct Debit,1,0
9616,3139,2022-01-18,375.0,CMP0038,Direct Debit,1,0
412,136,2025-10-18,25,CMP0092,Online,0,0
6647,2194,2023-08-02,10,CMP0077,Standing Order,0,0
11275,3642,2025-01-18,20,CMP0094,Cheque,1,0
12087,3935,2021-03-28,15,CMP0043,Cheque,1,0
2256,756,2021-06-08,20,CMP0119,Cash,0,0
5559,1832,2023-05-25,25,CMP0087,Direct Debit,1,0
2822,962,2024-05-12,5,CMP0161,Card,1,0
1908,640,2024-11-13,100,CMP0137,Standing Order,1,0
5634,1847,2024-11-04,200,CMP0141,Standing Order,0,0
11923,3869,2025-02-01,30,CMP0081,Online,1,0
4553,1514,2024-10-30,20,CMP0180,Standing Order,0,0
9533,3112,2024-11-13,10,CMP0026,Online,1,1
11060,3584,2024-08-17,500,CMP0049,Cheque,0,0
4969,1645,2024-10-21,5,CMP0074,Cash,0,0
1348,442,2025-05-04,7.5,CMP0058,Cheque,0,0
3328,1112,2022-05-25,75.0,CMP0024,Online,0,0
7612,2489,2025-01-27,50,CMP0072,Card,1,0
5318,1760,2023-12-03,250,CMP0016,Cash,1,0
2631,886,2022-12-19,5,CMP0014,Online,1,0
10549,3441,2025-05-11,7.5,CMP0079,Card,1,0
9400,3068,2022-02-13,5,CMP0033,Cash,0,0
8075,2633,2025-02-23,15.0,CMP0182,Direct Debit,1,0
6021,1972,2025-12-10,200,CMP0056,Cash,0,0
5839,1917,2022-08-21,100,CMP0067,Card,0,0
2709,922,2026-04-26,375.0,CMP0088,Cash,1,0
8708,2849,2023-03-23,100,CMP0151,Standing Order,0,0
5613,1839,2025-05-23,10,CMP0108,Cash,1,0
8205,2680,2025-10-10,15,CMP0123,Cheque,1,0
4372,1448,2024-08-29,20,CMP0189,Direct Debit,0,0
4057,1351,2020-12-27,20,CMP0086,Direct Debit,0,0
9601,3137,2026-07-13,30.0,CMP0188,Cash,1,0
5781,1896,2026-01-01,15,CMP0083,Direct Debit,1,0
8455,2756,2023-10-12,5,CMP0071,Online,0,0
517,161,2024-09-18,50,CMP0114,Online,1,0
1725,582,2023-02-22,15,CMP0177,Cheque,1,0
2201,735,2024-02-09,250,CMP0031,Cheque,0,0
3554,1193,2025-11-01,250,CMP0075,Online,0,0
6463,2135,2024-10-01,10,CMP0068,Cheque,1,0
3089,1044,2021-03-06,100,CMP0189,Direct Debit,1,0
4178,1385,2023-09-21,20,CMP0086,Cash,0,0
3463,1158,2024-11-03,75.0,CMP0061,Cheque,1,1
10519,3433,2023-09-24,100,CMP0087,Standing Order,0,0
3531,1182,2025-11-15,10,CMP0104,Online,1,0
10404,3391,2024-12-16,37.5,CMP0122,Card,1,0
4239,1404,2025-08-24,50,CMP0074,Cheque,0,0
10059,3291,2018-06-26,100,CMP0171,Card,1,0
2294,775,2021-05-15,5,CMP0004,Standing Order,1,0
8069,2629,2025-07-16,500,CMP0055,Online,0,0
2759,939,2024-06-30,250,CMP0122,Direct Debit,1,0
9840,3208,2025-04-23,30.0,CMP0115,Card,1,0
3543,1185,2023-07-06,20,CMP0008,Online,0,0
5550,1824,2021-11-06,250,CMP0136,Cheque,1,0
9692,3167,2024-06-21,50,CMP0103,Cheque,0,0
4578,1527,2024-06-19,15,CMP0038,Direct Debit,1,0
7092,2319,2025-08-11,100,CMP0087,Online,0,0
11375,3670,2023-08-13,10,CMP0132,Cash,0,0
7358,2399,2025-11-20,15,CMP0078,Cash,0,0
279,80,2023-01-08,250,CMP0114,Card,1,0
9671,3160,2025-09-05,30.0,CMP0166,Direct Debit,1,0
7813,2551,2025-11-21,150.0,CMP0098,Cheque,0,0
7655,2498,2025-09-12,7.5,CMP0055,Online,1,0
3571,1197,2025-09-15,50,CMP0099,Online,0,0
5101,1691,2026-03-18,25,CMP0171,Direct Debit,1,0
562,180,2024-07-14,100,CMP0014,Cheque,1,0
9232,3014,2024-05-04,100,CMP0027,Cash,0,0
9104,2967,2025-10-27,37.5,CMP0022,Direct Debit,0,0
6958,2281,2024-03-16,7.5,CMP0124,Standing Order,0,0
5264,1742,2025-08-18,50,CMP0026,Card,0,0
7929,2582,2025-10-30,5,CMP0112,Card,1,0
2507,850,2024-12-24,10,CMP0010,Cheque,0,0
12231,3981,2024-04-21,50,CMP0071,Online,0,0
11656,3758,2024-11-23,250,CMP0123,Cheque,1,0
2845,970,2024-07-22,375.0,CMP0090,Cash,0,0
825,273,2024-10-03,5,CMP0086,Cash,0,0
1958,657,2026-01-08,100,CMP0164,Direct Debit,0,0
7393,2414,2024-02-15,150.0,CMP0184,Online,1,0
7207,2354,2021-04-20,50,CMP0153,Standing Order,1,0
3601,1209,2022-03-27,10,CMP0072,Standing Order,1,0
6986,2290,2019-03-02,5,CMP0002,Online,0,0
7959,2593,2025-01-15,5,CMP0007,Cash,1,0
8010,2612,2021-06-13,250,CMP0104,Direct Debit,1,0
3163,1064,2023-04-20,150.0,CMP0080,Online,1,0
6780,2229,2020-11-06,37.5,CMP0051,Cash,0,0
667,208,2019-09-03,10,CMP0076,Online,1,0
3828,1284,2025-07-16,50,CMP0002,Standing Order,1,0
8896,2900,2024-11-19,30,CMP0147,Online,0,0
2572,871,2021-07-11,250,CMP0118,Cheque,0,0
11272,3642,2021-11-30,10,CMP0125,Standing Order,1,0
8913,2910,2020-12-31,25,CMP0099,Card,1,0
6603,2181,2023-06-28,15.0,CMP0189,Cash,1,0
188,52,2022-07-12,37.5,CMP0146,Online,0,0
11094,3589,2024-01-08,5,CMP0072,Standing Order,1,0
9751,3185,2022-10-05,10,CMP0174,Cash,1,0
12294,4003,2023-07-30,50,CMP0156,Card,1,0
5954,1948,2022-05-25,25,CMP0050,Cash,1,0
6286,2071,2023-03-04,30.0,CMP0106,Cash,1,0
11013,3573,2019-02-03,5,CMP0119,Card,0,0
5085,1685,2025-04-24,10,CMP0022,Standing Order,0,0
5577,1835,2024-06-19,30.0,CMP0142,Standing Order,0,0
9193,2998,2023-04-29,20,CMP0096,Cash,1,0
4824,1605,2023-02-12,25,CMP0118,Online,1,0
1699,577,2023-09-19,10,CMP0166,Card,0,0
5378,1775,2022-02-11,40,CMP0130,Direct Debit,0,0
973,328,2026-06-28,20,CMP0071,Cheque,0,0
11743,3795,2020-05-04,20,CMP0018,Cheque,1,0
7026,2301,2017-08-27,5,CMP0081,Standing Order,0,0
9315,3041,2023-09-15,250,CMP0108,Direct Debit,0,0
54,18,2026-04-19,5,CMP0121,Online,1,0
6341,2091,2025-07-01,100,CMP0170,Card,1,0
3078,1044,2020-09-28,10,CMP0173,Card,1,0
11702,3777,2023-07-16,7.5,CMP0075,Cash,1,0
3394,1136,2024-04-18,50,CMP0188,Online,0,0
509,159,2022-07-17,20,CMP0043,Cheque,1,0
10996,3565,2025-04-05,250,CMP0012,Online,0,0
9036,2947,2026-01-16,100,CMP0182,Cash,1,0
5217,1729,2024-10-03,10,CMP0082,Cheque,0,0
8383,2737,2025-06-09,7.5,CMP0008,Card,1,0
1048,346,2023-07-28,5,CMP0147,Card,0,1
7733,2526,2024-05-19,100,CMP0177,Online,1,0
6888,2258,2022-05-17,30.0,CMP0161,Cheque,0,0
1787,598,2021-06-20,75.0,CMP0024,Online,1,0
5657,1858,2022-07-11,5,CMP0121,Card,1,0
8295,2711,2018-10-30,10,CMP0003,Standing Order,1,0
10356,3376,2023-10-30,100,CMP0012,Standing Order,0,0
2453,827,2026-06-21,25,CMP0148,Online,0,0
6511,2153,2024-02-18,30,CMP0047,Cheque,1,0
2960,1006,2025-05-05,100,CMP0170,Standing Order,0,0
8748,2862,2022-12-12,20,CMP0010,Cash,1,0
208,56,2025-07-10,15.0,CMP0127,Direct Debit,0,0
3755,1262,2022-03-30,500,CMP0165,Card,0,0
2491,848,2021-09-13,5,CMP0070,Standing Order,0,0
11147,3608,2021-10-29,25,CMP0190,Direct Debit,0,0
3182,1069,2025-12-20,500,CMP0192,Cheque,0,0
9880,3228,2024-06-27,40,CMP0053,Direct Debit,0,0
1792,601,2022-07-11,15,CMP0181,Card,0,0
4921,1636,2023-06-29,250,CMP0174,Card,0,0
4255,1411,2024-02-01,25,CMP0156,Cash,0,0
7727,2525,2025-04-23,5,CMP0128,Direct Debit,1,0
7911,2578,2024-04-19,150.0,CMP0142,Standing Order,0,0
7406,2417,2024-02-02,10,CMP0135,Card,0,0
615,196,2023-11-22,50,CMP0191,Cash,0,0
5108,1693,2026-07-21,100,CMP0076,Cheque,1,0
7967,2595,2022-03-19,40,CMP0060,Standing Order,0,0
7271,2376,2025-01-03,10,CMP0002,Cash,0,0
8912,2908,2024-06-12,20,CMP0187,Online,0,0
9761,3187,2025-10-07,15,CMP0013,Cash,0,0
10236,3343,2025-05-24,100,CMP0080,Standing Order,0,0
3503,1171,2019-06-17,500,CMP0048,Cash,0,0
10713,3488,2022-01-14,25,CMP0072,Cheque,0,0
2780,949,2021-03-04,50,CMP0134,Card,0,0
8675,2832,2024-06-21,10,CMP0152,Standing Order,1,0
3740,1251,2026-04-24,100,CMP0042,Cash,0,0
2775,948,2020-12-16,20,CMP0063,Online,0,0
9801,3197,2025-01-22,50,CMP0002,Cash,1,0
7104,2321,2024-07-03,5,CMP0136,Standing Order,1,0
9182,2996,2026-02-28,150.0,CMP0046,Cash,0,0
9438,3078,2023-03-29,20,CMP0117,Direct Debit,1,0
11550,3727,2025-12-21,25,CMP0134,Online,0,0
8599,2804,2025-03-22,25,CMP0082,Standing Order,0,0
1067,354,2022-04-02,200,CMP0071,Cash,0,0
4248,1408,2026-05-09,25,CMP0170,Online,1,0
6655,2197,2025-03-10,15,CMP0070,Standing Order,0,0
7218,2359,2025-03-11,75.0,CMP0057,Cash,1,0
4903,1631,2026-05-05,100,CMP0159,Direct Debit,1,0
5027,1668,2023-07-12,40,CMP0040,Standing Order,0,0
686,217,2024-02-23,25,CMP0069,Card,0,0
2656,896,2024-12-09,100,CMP0151,Cheque,1,0
10032,3285,2021-08-22,37.5,CMP0189,Card,1,0
9576,3126,2025-08-04,10,CMP0084,Online,0,0
11979,3892,2022-08-24,15,CMP0062,Online,0,0
2335,799,2023-09-18,10,CMP0138,Direct Debit,0,0
6324,2085,2025-03-06,100,CMP0172,Cash,0,0
806,265,2024-05-19,20,CMP0030,Online,0,0
3339,1120,2022-05-14,100,CMP0134,Online,0,0
642,201,2024-10-04,10,CMP0058,Cheque,0,0
6095,1991,2020-09-07,20,CMP0069,Online,0,0
5899,1934,2025-09-26,37.5,CMP0118,Cash,1,0
11603,3737,2025-04-16,5,CMP0087,Cash,1,0
5435,1793,2022-03-20,7.5,CMP0173,Direct Debit,1,0
10733,3492,2025-02-06,50,CMP0033,Online,1,0
6316,2083,2026-07-18,100,CMP0142,Cheque,1,0
3378,1129,2020-07-17,40,CMP0131,Cheque,0,0
498,157,2021-04-06,50,CMP0063,Standing Order,0,0
6295,2073,2018-09-14,100,CMP0183,Cheque,0,0
8851,2892,2025-03-18,5,CMP0033,Direct Debit,0,0
3811,1277,2026-03-09,20,CMP0120,Cash,1,0
1767,592,2025-09-06,5,CMP0104,Online,0,0
6619,2184,2022-05-26,375.0,CMP0052,Standing Order,0,0
2174,728,2022-07-26,15,CMP0008,Online,1,0
10005,3277,2025-09-02,5,CMP0087,Card,0,0
4669,1563,2022-01-21,10,CMP0134,Card,1,0
6473,2137,2025-06-24,100,CMP0102,Cheque,1,0
2723,932,2018-12-11,375.0,CMP0140,Direct Debit,0,0
154,46,2025-10-31,100,CMP0148,Direct Debit,0,0
11244,3631,2022-02-07,50,CMP0065,Cash,0,0
10444,3403,2026-04-27,50,CMP0004,Card,0,0
9259,3025,2026-05-01,100,CMP0008,Direct Debit,0,0
1639,552,2024-06-18,25,CMP0152,Online,1,0
3903,1308,2022-03-11,100,CMP0182,Standing Order,0,0
7014,2297,2023-12-04,22.5,CMP0003,Standing Order,0,0
9594,3130,2026-05-10,5,CMP0164,Card,0,0
7260,2373,2026-01-06,200,CMP0007,Card,0,0
2702,920,2025-11-18,30.0,CMP0181,Card,1,0
9495,3099,2024-02-01,250,CMP0034,Standing Order,1,0
889,294,2024-08-26,15.0,CMP0070,Card,0,0
6037,1975,2022-06-02,200,CMP0048,Card,1,0
6783,2229,2025-05-29,10,CMP0167,Card,1,0
3062,1034,2020-07-21,37.5,CMP0085,Direct Debit,1,0
9160,2990,2025-04-11,50,CMP0173,Cash,0,0
5397,1784,2024-04-30,200,CMP0172,Standing Order,0,0
2557,863,2026-06-29,25,CMP0065,Card,1,0
5989,1960,2024-03-08,20,CMP0170,Cash,1,0
9609,3138,2020-01-19,20,CMP0018,Cash,1,0
7196,2351,2023-12-24,250,CMP0180,Online,1,0
4779,1593,2025-04-08,25,CMP0050,Direct Debit,0,0
3324,1112,2026-07-25,20,CMP0056,Online,0,0
11576,3730,2022-10-08,25,CMP0177,Standing Order,1,0
4118,1364,2022-12-15,20,CMP0135,Standing Order,0,0
2179,732,2023-09-26,5,CMP0104,Cash,1,0
12063,3928,2022-09-09,40,CMP0084,Card,1,0
2757,939,2022-10-10,40,CMP0040,Cheque,1,0
8906,2904,2024-01-12,50,CMP0085,Direct Debit,1,0
924,313,2024-07-29,10,CMP0141,Cash,0,0
10869,3533,2024-10-15,75.0,CMP0049,Card,1,0
9547,3117,2023-04-29,10,CMP0145,Online,1,0
10728,3492,2026-04-24,250,CMP0098,Card,0,0
9700,3169,2026-08-02,20,CMP0003,Cash,0,0
925,313,2024-12-09,100,CMP0005,Online,1,0
5716,1874,2024-10-09,375.0,CMP0187,Direct Debit,1,0
3762,1263,2022-10-07,50,CMP0103,Standing Order,1,0
1544,521,2025-03-07,5,CMP0128,Standing Order,0,0
7166,2342,2024-07-02,15,CMP0076,Cheque,1,0
5628,1845,2026-01-21,10,CMP0026,Online,0,0
10198,3332,2026-02-02,250,CMP0094,Cheque,1,0
12150,3955,2022-04-16,150.0,CMP0034,Cheque,1,0
11164,3611,2021-07-16,30.0,CMP0090,Cheque,1,0
9602,3137,2025-08-14,250,CMP0115,Card,0,0
2397,816,2021-08-08,22.5,CMP0047,Card,0,1
5078,1683,2024-09-11,25,CMP0117,Standing Order,0,0
5375,1775,2024-12-27,75.0,CMP0152,Cash,0,0
5489,1806,2025-01-19,10,CMP0094,Card,0,0
5207,1726,2021-01-02,50,CMP0080,Card,0,0
10565,3445,2026-07-03,5,CMP0031,Cheque,1,0
2445,824,2025-05-21,15,CMP0043,Cheque,0,0
6828,2243,2025-04-12,50,CMP0009,Direct Debit,0,0
5231,1732,2022-11-21,40,CMP0132,Card,1,0
7209,2355,2026-02-09,50,CMP0017,Standing Order,0,0
343,109,2021-11-15,5,CMP0076,Standing Order,0,0
9246,3017,2024-04-21,37.5,CMP0175,Standing Order,1,0
5394,1781,2026-05-22,25,CMP0168,Standing Order,1,0
5732,1881,2024-11-25,75.0,CMP0100,Card,0,0
8719,2850,2022-09-22,150.0,CMP0137,Cash,1,0
876,289,2025-10-11,5,CMP0098,Standing Order,0,0
6829,2245,2025-04-05,10,CMP0090,Standing Order,0,0
2703,920,2025-10-31,20,CMP0174,Card,0,0
8139,2652,2024-01-10,20,CMP0016,Standing Order,0,0
10286,3364,2019-07-21,10,CMP0086,Standing Order,0,0
4440,1473,2018-08-20,50,CMP0168,Online,0,0
3299,1107,2024-04-14,150.0,CMP0013,Standing Order,1,0
3799,1271,2019-02-06,100,CMP0055,Cheque,0,0
11913,3868,2022-06-21,200,CMP0006,Direct Debit,1,0
7742,2531,2022-12-10,25,CMP0142,Standing Order,1,0
11760,3806,2022-12-28,5,CMP0144,Cheque,1,0
6775,2227,2022-01-16,50,CMP0105,Standing Order,0,0
3968,1331,2021-09-24,22.5,CMP0109,Cash,0,0
6939,2276,2026-08-13,15,CMP0071,Cheque,0,0
3331,1115,2023-10-16,20,CMP0117,Cash,0,0
8799,2873,2025-10-07,37.5,CMP0039,Cash,0,0
3947,1321,2024-12-13,200,CMP0101,Card,1,0
5346,1763,2024-06-16,50,CMP0184,Online,1,0
10337,3373,2024-03-13,75.0,CMP0122,Cash,1,0
5413,1787,2022-03-05,30,CMP0039,Standing Order,0,0
609,195,2023-03-07,100,CMP0057,Cash,1,0
11217,3627,2022-09-21,100,CMP0100,Standing Order,1,0
1934,647,2025-03-15,375.0,CMP0065,Card,0,0
6613,2182,2025-12-31,10,CMP0078,Cash,1,0
2347,803,2020-05-27,150.0,CMP0081,Standing Order,0,0
1423,472,2025-05-01,25,CMP0095,Direct Debit,0,0
3032,1026,2024-06-11,100,CMP0057,Online,1,0
3656,1224,2017-10-05,150.0,CMP0185,Cash,0,0
4166,1380,2020-08-29,100,CMP0175,Cash,1,0
10366,3379,2026-07-31,375.0,CMP0148,Direct Debit,1,0
7285,2377,2026-03-13,500,CMP0123,Card,0,0
563,180,2018-12-15,50,CMP0163,Online,0,0
11154,3610,2024-04-04,22.5,CMP0094,Card,0,0
310,95,2021-09-16,30,CMP0048,Card,1,0
1634,551,2019-08-21,50,CMP0131,Standing Order,1,0
1343,439,2025-06-30,30.0,CMP0078,Direct Debit,0,0
7979,2596,2022-06-20,25,CMP0116,Direct Debit,1,0
10044,3287,2025-01-16,25,CMP0030,Card,1,0
9209,3005,2024-07-26,15,CMP0061,Standing Order,1,0
6682,2208,2026-04-26,30.0,CMP0183,Online,0,0
6747,2222,2021-12-25,15,CMP0148,Direct Debit,1,0
7283,2377,2025-12-31,5,CMP0019,Card,1,0
6642,2194,2025-01-11,100,CMP0157,Standing Order,0,0
10995,3564,2019-09-17,10,CMP0185,Card,0,0
11277,3644,2020-04-20,250,CMP0005,Cash,1,0
12032,3914,2024-04-23,25,CMP0101,Cheque,1,0
10393,3390,2026-01-25,30.0,CMP0106,Cheque,0,0
9650,3149,2020-06-12,10,CMP0031,Online,0,0
1248,409,2024-12-09,30,CMP0006,Cash,0,0
1976,664,2026-06-01,30,CMP0150,Direct Debit,1,0
10623,3464,2025-06-21,20,CMP0098,Direct Debit,1,0
8401,2743,2022-10-26,20,CMP0080,Cash,1,0
3131,1059,2021-03-12,50,CMP0089,Cash,0,0
11030,3578,2026-07-17,5,CMP0142,Direct Debit,0,0
10274,3359,2021-07-21,50,CMP0029,Online,0,0
7644,2496,2023-10-04,30,CMP0123,Online,1,0
4192,1392,2025-11-24,50,CMP0095,Standing Order,0,0
5363,1769,2024-05-10,20,CMP0035,Cheque,0,0
11479,3706,2025-06-11,40,CMP0025,Online,0,0
554,179,2025-03-31,5,CMP0162,Online,1,0
8344,2724,2022-10-24,37.5,CMP0009,Cheque,0,0
9882,3228,2024-04-24,25,CMP0157,Cheque,0,0
10640,3472,2024-03-11,375.0,CMP0076,Online,1,0
6078,1988,2024-08-11,250,CMP0024,Cheque,1,0
1652,555,2025-01-17,100,CMP0121,Cheque,1,0
302,91,2026-07-28,22.5,CMP0146,Standing Order,1,0
6011,1969,2019-11-17,375.0,CMP0161,Cash,1,0
3291,1105,2022-07-07,15,CMP0119,Cash,0,0
1170,385,2022-02-13,250,CMP0143,Cheque,0,0
5067,1680,2024-12-11,20,CMP0059,Card,0,0
11332,3659,2023-09-19,10,CMP0181,Direct Debit,1,0
3798,1271,2021-02-06,15,CMP0017,Card,1,0
5225,1731,2024-10-17,15,CMP0178,Cash,1,0
3852,1289,2026-07-28,250,CMP0107,Online,0,0
11121,3596,2022-03-06,22.5,CMP0026,Direct Debit,0,0
12349,129,2021-02-09,25,CMP0083,Cash,1,0
5881,1926,2023-05-14,250,CMP0079,Standing Order,1,0
6709,2213,2024-06-16,10,CMP0125,Direct Debit,1,0
1947,650,2019-11-30,20,CMP0102,Online,1,0
6194,2037,2026-07-04,15.0,CMP0068,Card,1,0
329,104,2024-06-29,50,CMP0048,Cash,0,1
5943,1944,2020-09-11,250,CMP0183,Cheque,1,0
514,160,2022-02-08,15,CMP0106,Cash,1,0
7307,2384,2025-01-04,200,CMP0033,Standing Order,0,0
9427,3073,2025-07-18,20,CMP0031,Card,0,0
3074,1041,2024-07-04,100,CMP0132,Cash,0,0
1262,415,2026-02-28,10,CMP0083,Online,1,0
11786,3814,2021-07-19,25,CMP0102,Cheque,1,0
5591,1836,2023-04-07,20,CMP0173,Card,0,0
7280,2377,2023-04-27,100,CMP0120,Cheque,1,0
7434,2427,2026-01-25,100,CMP0111,Online,0,0
1745,586,2024-03-14,50,CMP0154,Standing Order,0,0
484,151,2023-10-23,25,CMP0083,Direct Debit,1,0
6147,2009,2026-03-08,40,CMP0100,Online,0,0
5305,1756,2026-04-27,200,CMP0065,Cash,1,0
3963,1330,2025-05-11,100,CMP0117,Card,0,1
12341,3063,2023-12-07,5,CMP0153,Cash,0,0
6449,2130,2026-05-26,100,CMP0091,Direct Debit,1,0
6528,2159,2025-11-29,40,CMP0178,Direct Debit,1,1
5351,1767,2021-12-01,50,CMP0169,Cheque,0,0
10357,3376,2020-08-31,7.5,CMP0028,Card,1,0
2682,904,2019-01-11,5,CMP0020,Direct Debit,0,0
11838,3843,2025-11-01,50,CMP0034,Standing Order,0,0
8718,2850,2024-01-28,5,CMP0061,Card,0,0
109,33,2022-02-10,10,CMP0126,Cheque,1,0
3201,1075,2025-11-13,10,CMP0078,Standing Order,1,0
1670,560,2020-06-06,15,CMP0139,Card,0,0
11118,3596,2023-02-11,5,CMP0172,Cash,0,0
452,145,2026-02-16,50,CMP0187,Cash,1,0
5635,1847,2023-06-02,250,CMP0038,Cheque,0,0
10429,3395,2018-06-15,15,CMP0053,Online,1,0
2409,818,2019-05-19,50,CMP0032,Online,1,0
9540,3116,2025-05-06,250,CMP0152,Direct Debit,0,0
7188,2349,2022-11-11,10,CMP0168,Cash,0,0
7194,2351,2023-02-12,100,CMP0161,Cheque,0,0
12196,3967,2020-12-10,15.0,CMP0075,Online,0,0
6860,2253,2026-03-09,5,CMP0102,Online,0,0
7793,2546,2024-03-09,50,CMP0103,Standing Order,1,0
7955,2591,2025-11-01,15.0,CMP0190,Card,1,0
1289,422,2020-11-21,20,CMP0161,Cheque,0,0
11256,3637,2025-07-25,50,CMP0081,Online,1,0
1556,524,2023-04-16,10,CMP0016,Cash,0,0
2393,815,2018-10-17,50,CMP0099,Standing Order,0,0
11832,3838,2025-08-21,25,CMP0009,Card,0,0
5458,1797,2024-03-16,40,CMP0085,Card,1,0
4386,1456,2022-08-07,200,CMP0066,Cash,1,0
3631,1217,2023-10-11,5,CMP0105,Online,1,0
8262,2700,2025-03-13,20,CMP0138,Cash,0,0
5105,1691,2024-02-09,50,CMP0070,Cash,1,0
1220,402,2024-09-25,22.5,CMP0010,Cash,0,0
10158,3322,2020-06-17,100,CMP0083,Cheque,0,1
4389,1456,2025-12-05,250,CMP0127,Cash,1,0
1687,568,2023-09-17,15,CMP0011,Card,0,0
11238,3631,2021-03-21,75.0,CMP0135,Online,0,0
1275,419,2020-01-07,5,CMP0161,Direct Debit,1,0
4125,1367,2026-04-02,100,CMP0050,Direct Debit,1,0
11757,3803,2022-06-06,15,CMP0143,Standing Order,0,0
9157,2989,2021-09-15,30.0,CMP0132,Cheque,0,0
90,27,2025-09-20,250,CMP0109,Cheque,0,0
4371,1448,2025-08-18,15,CMP0116,Standing Order,1,0
3004,1018,2022-10-24,15,CMP0094,Direct Debit,0,0
10432,3399,2020-12-18,10,CMP0023,Direct Debit,1,0
5503,1813,2023-10-28,15,CMP0152,Cheque,0,0
5993,1960,2025-08-04,20,CMP0186,Direct Debit,0,0
9876,3226,2025-05-04,5,CMP0041,Cheque,1,0
971,328,2023-07-26,10,CMP0122,Direct Debit,1,0
3374,1129,2026-01-28,250,CMP0061,Online,1,0
4060,1351,2024-10-25,5,CMP0014,Cash,0,0
4032,1344,2025-03-03,15.0,CMP0071,Card,0,0
1997,668,2020-11-06,500,CMP0161,Cheque,1,0
11698,3777,2023-03-13,20,CMP0088,Cheque,1,0
7273,2376,2020-01-07,50,CMP0104,Direct Debit,0,0
12048,3920,2021-11-29,30.0,CMP0165,Cash,0,0
8260,2700,2026-05-11,5,CMP0183,Standing Order,0,0
4332,1432,2025-08-18,40,CMP0179,Direct Debit,1,0
4038,1346,2023-04-05,200,CMP0100,Cheque,1,0
5162,1706,2023-08-16,10,CMP0046,Online,0,0
10344,3375,2023-11-06,500,CMP0123,Cheque,1,0
10472,3411,2022-04-11,250,CMP0165,Cheque,0,0
11981,3892,2024-06-18,500,CMP0166,Card,0,0
2600,881,2020-06-09,15.0,CMP0115,Cheque,1,0
10905,3542,2023-01-05,15,CMP0115,Online,1,0
9391,3065,2024-05-25,7.5,CMP0144,Cash,0,0
11370,3669,2024-08-14,75.0,CMP0103,Cash,1,0
10204,3335,2026-08-17,50,CMP0024,Direct Debit,1,0
3684,1235,2024-05-08,75.0,CMP0039,Standing Order,0,1
7641,2494,2024-09-17,10,CMP0136,Standing Order,0,0
10261,3350,2026-07-23,100,CMP0149,Cash,0,0
3685,1238,2025-05-29,10,CMP0140,Cash,0,0
10346,3375,2024-12-28,20,CMP0095,Cheque,1,0
9930,3248,2020-02-24,25,CMP0170,Direct Debit,0,0
4182,1387,2024-04-05,5,CMP0023,Cheque,1,0
377,123,2023-06-11,10,CMP0149,Direct Debit,1,0
3144,1061,2026-03-12,75.0,CMP0180,Card,0,0
4585,1529,2023-11-30,50,CMP0069,Cheque,0,0
4990,1653,2024-07-19,5,CMP0002,Online,1,0
6672,2205,2022-03-27,50,CMP0129,Cash,0,0
10943,3550,2021-08-18,500,CMP0077,Cheque,0,0
7636,2493,2021-12-17,15,CMP0031,Card,1,0
4582,1528,2024-07-30,10,CMP0112,Cheque,1,0
2710,926,2024-10-18,20,CMP0033,Card,0,0
1022,339,2023-09-23,30,CMP0031,Direct Debit,1,0
10311,3368,2023-12-13,375.0,CMP0121,Online,1,0
2881,983,2021-09-20,250,CMP0089,Online,1,0
715,230,2026-03-26,15,CMP0049,Online,1,0
112,34,2026-08-01,25,CMP0075,Online,0,0
12216,3975,2022-12-06,20,CMP0166,Cheque,1,0
8236,2689,2025-08-29,500,CMP0104,Online,1,0
6447,2130,2023-01-12,375.0,CMP0007,Card,1,0
4459,1483,2024-10-17,15,CMP0130,Standing Order,1,0
186,52,2026-07-26,37.5,CMP0059,Online,1,0
1599,539,2025-08-06,15.0,CMP0066,Cash,1,0
9551,3119,2025-11-18,20,CMP0157,Online,0,0
3472,1161,2025-08-15,10,CMP0135,Standing Order,0,0
6656,2197,2020-06-12,10,CMP0060,Card,0,0
5126,1700,2019-04-03,30.0,CMP0123,Cheque,0,0
11638,3746,2018-04-09,200,CMP0011,Standing Order,0,0
1857,625,2021-06-08,250,CMP0056,Direct Debit,1,0
1264,415,2026-08-06,30,CMP0056,Online,0,0
10109,3311,2024-07-28,37.5,CMP0008,Direct Debit,1,1
12181,3962,2025-05-30,250,CMP0153,Cash,0,0
11568,3729,2024-06-27,22.5,CMP0105,Direct Debit,1,0
1531,517,2025-03-10,100,CMP0071,Cheque,1,0
11905,3866,2022-03-01,100,CMP0113,Cheque,1,0
5977,1958,2021-07-23,50,CMP0076,Cheque,1,0
9545,3117,2024-11-19,20,CMP0034,Direct Debit,1,0
7851,2562,2023-12-06,30,CMP0139,Cheque,1,0
7831,2553,2022-02-15,5,CMP0129,Cheque,0,0
8390,2739,2024-11-06,15,CMP0069,Cheque,0,0
10435,3402,2025-06-19,15.0,CMP0039,Cash,1,0
8231,2689,2023-09-03,100,CMP0020,Direct Debit,1,0
8568,2790,2023-06-20,375.0,CMP0039,Online,1,0
4228,1401,2026-04-20,5,CMP0120,Standing Order,0,0
1219,402,2020-05-08,15,CMP0064,Direct Debit,0,0
8418,2747,2018-04-26,250,CMP0151,Card,1,0
11632,3744,2023-11-05,15,CMP0027,Standing Order,0,0
4304,1423,2026-04-24,10,CMP0123,Online,0,0
4860,1614,2025-08-17,7.5,CMP0172,Standing Order,1,0
6991,2292,2021-03-18,40,CMP0152,Standing Order,0,0
11025,3577,2024-08-05,5,CMP0058,Card,0,0
6075,1987,2026-08-04,22.5,CMP0003,Online,1,0
1640,552,2023-08-04,20,CMP0095,Card,0,0
3435,1149,2021-06-16,20,CMP0155,Online,1,0
4803,1600,2024-07-16,25,CMP0115,Card,0,0
10343,3374,2018-05-28,25,CMP0162,Card,0,0
6579,2176,2024-08-19,15.0,CMP0140,Online,1,0
515,160,2017-06-13,40,CMP0152,Direct Debit,1,0
7492,2447,2025-02-23,15,CMP0035,Cash,0,0
1188,390,2026-04-17,250,CMP0165,Standing Order,0,0
2213,739,2022-03-19,10,CMP0146,Direct Debit,1,0
3283,1102,2025-05-18,50,CMP0134,Card,0,0
10875,3535,2024-06-06,75.0,CMP0108,Card,0,0
271,80,2021-01-10,20,CMP0164,Direct Debit,1,0
2696,915,2026-01-30,200,CMP0168,Standing Order,1,0
7520,2458,2020-08-24,25,CMP0032,Online,1,0
10421,3394,2019-01-25,37.5,CMP0109,Online,0,0
243,74,2021-11-10,50,CMP0034,Standing Order,0,0
5151,1705,2023-04-17,100,CMP0033,Cash,1,0
6746,2222,2026-01-14,25,CMP0076,Direct Debit,0,0
8426,2750,2022-04-04,15.0,CMP0168,Cheque,0,0
2423,819,2024-08-11,22.5,CMP0070,Cheque,0,0
1542,520,2023-11-07,37.5,CMP0069,Cash,1,0
1468,490,2024-03-21,500,CMP0188,Online,1,0
5820,1908,2024-05-01,25,CMP0156,Cash,0,0
776,255,2022-04-05,100,CMP0049,Online,1,0
1590,534,2025-02-24,200,CMP0084,Direct Debit,0,0
3876,1299,2026-06-01,20,CMP0166,Cheque,0,0
5469,1801,2025-08-14,10,CMP0154,Cheque,0,0
6182,2030,2022-09-06,75.0,CMP0088,Cheque,0,0
11170,3613,2022-12-26,25,CMP0149,Cheque,1,0
1964,660,2026-04-01,25,CMP0148,Cheque,0,0
12248,3985,2025-08-04,25,CMP0078,Cash,1,0
3999,1337,2026-07-23,10,CMP0071,Standing Order,0,0
1426,472,2026-05-16,7.5,CMP0037,Card,0,0
9352,3052,2022-10-02,150.0,CMP0133,Online,0,1
4466,1483,2019-06-06,15,CMP0034,Card,1,0
1753,587,2021-11-07,250,CMP0176,Cash,0,0
5174,1711,2024-07-10,100,CMP0003,Cheque,0,0
12195,3966,2024-08-28,30.0,CMP0154,Standing Order,1,0
2835,966,2025-05-31,20,CMP0008,Cheque,0,0
391,126,2025-02-12,100,CMP0177,Cash,0,0
8156,2655,2025-11-02,250,CMP0186,Card,0,0
9369,3057,2025-01-03,25,CMP0100,Direct Debit,1,0
7296,2379,2025-06-16,50,CMP0132,Cash,0,0
4245,1407,2022-12-19,50,CMP0175,Direct Debit,1,0
1249,410,2026-01-20,10,CMP0142,Cash,1,0
8209,2682,2026-06-29,20,CMP0023,Cheque,1,0
9696,3168,2018-12-09,200,CMP0049,Cash,0,0
11696,3775,2023-08-29,40,CMP0127,Direct Debit,0,0
800,259,2024-12-05,40,CMP0015,Standing Order,0,0
8564,2790,2026-06-02,20,CMP0113,Online,1,0
12314,4015,2026-01-12,10,CMP0003,Direct Debit,0,0
2408,817,2025-03-14,100,CMP0040,Online,1,0
9728,3178,2025-01-13,20,CMP0127,Standing Order,1,0
9678,3163,2025-09-22,25,CMP0146,Cash,0,0
1610,543,2021-06-29,375.0,CMP0026,Card,0,0
4082,1359,2023-02-26,15.0,CMP0179,Online,0,0
417,137,2024-08-19,10,CMP0022,Standing Order,1,0
1744,586,2022-07-17,15,CMP0116,Cash,0,0
7252,2369,2026-07-10,15,CMP0117,Direct Debit,0,0
10867,3530,2026-05-04,375.0,CMP0035,Cash,0,0
2028,674,2022-06-19,10,CMP0002,Cash,1,0
11304,3653,2024-11-12,150.0,CMP0148,Online,0,0
5453,1796,2023-08-29,15,CMP0016,Cheque,1,0
11276,3644,2023-10-03,20,CMP0114,Cash,1,0
7943,2588,2026-01-27,50,CMP0177,Standing Order,0,0
1301,426,2020-10-31,50,CMP0108,Card,1,0
8301,2713,2022-12-31,200,CMP0103,Cash,1,0
7818,2552,2022-11-01,100,CMP0003,Cheque,1,0
6428,2120,2024-04-23,50,CMP0045,Cheque,0,0
10523,3433,2025-06-04,100,CMP0010,Standing Order,1,0
6892,2259,2025-10-27,50,CMP0041,Cheque,0,0
1083,359,2025-06-05,15,CMP0133,Direct Debit,1,0
8762,2866,2020-10-07,100,CMP0026,Cheque,0,0
5594,1837,2023-12-06,22.5,CMP0149,Online,0,0
529,169,2025-06-06,150.0,CMP0115,Card,0,0
1680,566,2020-07-03,100,CMP0159,Online,0,0
6838,2249,2023-04-27,10,CMP0044,Online,1,0
2328,797,2026-06-15,25,CMP0008,Cash,0,0
5161,1705,2026-06-26,20,CMP0051,Cash,0,0
5471,1801,2024-11-03,50,CMP0159,Card,1,0
2190,734,2024-04-20,20,CMP0043,Direct Debit,0,0
1106,366,2026-06-01,25,CMP0043,Cheque,1,0
6793,2232,2026-04-17,100,CMP0010,Card,0,0
2071,691,2026-08-05,20,CMP0179,Standing Order,0,0
5175,1712,2025-05-23,100,CMP0084,Card,1,0
11570,3730,2024-09-23,100,CMP0190,Card,1,0
11352,3661,2021-02-22,50,CMP0087,Cheque,0,0
4045,1346,2017-11-19,10,CMP0179,Cheque,0,0
5193,1718,2024-04-20,50,CMP0166,Cheque,1,0
6186,2035,2026-04-19,25,CMP0032,Direct Debit,1,0
7691,2511,2025-11-12,30.0,CMP0078,Cheque,0,0
7204,2354,2023-07-21,25,CMP0179,Direct Debit,1,0
8849,2892,2025-12-25,30.0,CMP0142,Card,1,0
855,281,2020-10-24,20,CMP0173,Cheque,0,0
4950,1641,2026-06-12,30,CMP0064,Online,1,0
1158,384,2023-03-07,25,CMP0049,Direct Debit,0,0
7143,2337,2024-09-24,30,CMP0005,Cash,1,0
12245,3984,2025-01-11,15,CMP0007,Standing Order,1,0
4852,1609,2021-07-23,10,CMP0146,Cash,1,0
9280,3033,2023-03-21,15,CMP0082,Cash,0,0
1218,402,2019-11-16,15,CMP0163,Cash,1,0
6659,2197,2020-04-18,10,CMP0122,Card,0,0
10258,3350,2022-09-08,100,CMP0137,Direct Debit,0,0
7242,2366,2026-05-06,200,CMP0185,Online,0,0
8652,2825,2024-07-11,7.5,CMP0169,Online,1,0
11090,3589,2024-05-13,25,CMP0175,Standing Order,0,0
11455,3698,2026-02-11,25,CMP0005,Standing Order,0,0
19,3,2019-03-02,5,CMP0162,Cash,0,0
7630,2493,2023-07-30,250,CMP0011,Cash,1,0
10171,3326,2023-06-26,10,CMP0044,Cash,1,0
8860,2894,2022-06-15,25,CMP0100,Cash,1,0
11466,3701,2026-05-03,37.5,CMP0109,Card,1,0
6478,2138,2022-02-08,15,CMP0024,Online,0,0
5936,1941,2023-06-23,100,CMP0145,Cash,1,0
2005,670,2024-12-06,20,CMP0111,Cash,0,0
2267,760,2022-08-18,375.0,CMP0119,Cheque,0,0
9053,2958,2022-02-01,100,CMP0184,Standing Order,1,0
3589,1207,2020-07-22,25,CMP0041,Online,0,0
8662,2829,2026-08-11,22.5,CMP0122,Cheque,1,0
9008,2943,2025-09-05,10,CMP0160,Card,1,0
3615,1214,2025-11-29,100,CMP0175,Cash,1,1
5639,1849,2024-02-05,150.0,CMP0122,Standing Order,0,0
9490,3097,2024-01-16,20,CMP0136,Standing Order,0,0
9626,3140,2021-09-02,10,CMP0156,Cheque,0,0
248,74,2026-04-14,30.0,CMP0093,Cheque,0,0
4497,1498,2025-03-25,5,CMP0051,Standing Order,0,0
11033,3578,2018-10-18,10,CMP0049,Cash,1,0
2694,915,2025-08-28,15.0,CMP0187,Cash,1,0
4961,1643,2025-10-24,50,CMP0056,Online,1,0
882,291,2024-06-24,50,CMP0116,Cheque,0,0
5103,1691,2025-06-10,50,CMP0180,Online,1,0
3495,1169,2022-07-21,100,CMP0076,Cheque,0,0
2534,856,2025-06-10,50,CMP0169,Cheque,1,0
10536,3436,2022-08-24,50,CMP0039,Standing Order,0,0
2210,739,2022-03-20,10,CMP0096,Card,0,0
1838,621,2022-11-27,25,CMP0147,Card,1,0
2665,900,2026-06-07,250,CMP0011,Direct Debit,1,0
3444,1154,2025-06-10,25,CMP0046,Online,1,0
11518,3720,2025-03-02,20,CMP0032,Standing Order,0,0
503,159,2025-11-02,37.5,CMP0164,Cash,0,0
2916,996,2024-05-09,15,CMP0105,Online,1,0
8243,2690,2024-12-15,10,CMP0055,Card,0,0
7968,2595,2025-12-10,10,CMP0059,Card,0,0
4414,1464,2022-07-09,15,CMP0112,Standing Order,0,0
2386,814,2023-03-20,500,CMP0104,Online,1,0
4074,1355,2026-06-04,150.0,CMP0119,Direct Debit,0,0
3768,1264,2024-02-28,50,CMP0115,Card,1,0
10784,3503,2025-09-18,50,CMP9538,Cheque,0,0
4932,1637,2019-07-18,100,CMP0125,Direct Debit,0,0
1115,372,2025-04-15,375.0,CMP0121,Online,1,0
901,300,2026-08-08,5,CMP0027,Card,0,0
7329,2389,2024-08-21,10,CMP0029,Online,1,0
3332,1118,2023-06-14,50,CMP0067,Cheque,0,0
9459,3086,2025-06-10,40,CMP0141,Direct Debit,0,0
8581,2795,2025-09-23,375.0,CMP0133,Cash,1,0
7674,2505,2025-07-17,15,CMP0152,Direct Debit,0,0
8101,2640,2022-11-29,250,CMP0151,Card,1,0
8612,2811,2020-05-07,50,CMP0161,Online,1,0
6297,2073,2024-06-26,20,CMP0113,Card,0,0
2431,821,2019-01-17,100,CMP0014,Cheque,1,0
8660,2827,2025-02-18,37.5,CMP0103,Cash,1,1
649,203,2025-05-14,20,CMP0032,Card,1,0
10484,3413,2022-07-09,15.0,CMP0091,Standing Order,0,0
8435,2751,2019-04-11,375.0,CMP0029,Online,1,0
6751,2223,2025-03-23,15.0,CMP0040,Card,0,0
6562,2172,2024-04-23,50,CMP0166,Direct Debit,1,0
8525,2779,2025-08-23,10,CMP0041,Standing Order,0,0
5674,1863,2025-03-10,75.0,CMP0154,Cheque,0,0
2446,824,2025-07-13,20,CMP0013,Direct Debit,1,0
9913,3238,2025-07-28,500,CMP0122,Direct Debit,0,0
1928,646,2023-05-03,250,CMP0014,Cheque,1,0
9491,3097,2019-09-28,30,CMP0138,Cash,0,0
2035,675,2024-08-13,15,CMP0107,Online,1,0
3063,1036,2025-01-15,100,CMP0096,Standing Order,1,0
8336,2723,2026-07-03,200,CMP0036,Online,1,0
11549,3727,2026-08-10,20,CMP0039,Standing Order,1,0
4680,1565,2023-12-18,25,CMP0148,Standing Order,0,0
9524,3107,2023-09-04,5,CMP0020,Cheque,0,0
8233,2689,2023-08-11,100,CMP0088,Online,1,0
3889,1304,2024-03-09,250,CMP0053,Card,1,0
2865,977,2022-06-12,10,CMP0179,Standing Order,1,0
8522,2777,2024-10-23,200,CMP0045,Direct Debit,1,0
3413,1142,2026-01-06,50,CMP0095,Cash,0,0
7062,2312,2020-05-05,50,CMP0076,Card,0,0
9816,3204,2020-01-05,250,CMP0016,Cash,1,0
10551,3441,2024-07-22,30,CMP0081,Cheque,0,0
8456,2756,2023-05-17,500,CMP0110,Cash,1,0
11073,3586,2025-03-17,20,CMP0067,Online,0,0
4953,1643,2024-11-28,250,CMP0002,Cash,0,0
2141,715,2026-01-01,7.5,CMP0042,Direct Debit,0,0
6547,2166,2025-03-05,100,CMP0082,Cheque,0,0
1146,382,2024-01-13,5,CMP0146,Direct Debit,1,0
5644,1852,2024-10-14,5,CMP0127,Cheque,0,0
4843,1609,2025-04-03,15,CMP0006,Cash,1,0
2313,785,2022-06-19,5,CMP0159,Cheque,0,0
14,3,2019-01-23,50,CMP0099,Standing Order,1,0
6169,2023,2021-08-20,50,CMP0056,Direct Debit,0,0
7688,2509,2022-10-09,5,CMP0031,Cash,0,0
8065,2628,2026-02-10,30.0,CMP0076,Card,1,0
9143,2982,2019-04-12,25,CMP0016,Direct Debit,0,0
8543,2784,2020-02-10,100,CMP0131,Standing Order,1,0
11668,3760,2026-06-25,40,CMP0079,Direct Debit,1,1
606,195,2023-05-25,100,CMP0133,Standing Order,0,0
2113,701,2025-11-19,250,CMP0113,Card,0,0
344,109,2025-07-09,5,CMP0134,Cheque,0,0
2157,719,2022-09-06,10,CMP0069,Cheque,1,0
3757,1262,2024-09-17,10,CMP0020,Card,1,0
1236,406,2021-12-20,150.0,CMP0137,Direct Debit,1,0
9156,2989,2024-10-16,20,CMP0177,Card,1,0
1400,467,2024-05-18,50,CMP0044,Card,0,0
10751,3496,2025-11-07,100,CMP0024,Standing Order,1,0
121,36,2026-05-17,20,CMP0031,Cheque,0,0
7205,2354,2021-02-27,5,CMP0066,Standing Order,1,0
5073,1683,2021-06-27,50,CMP0125,Card,1,0
9932,3249,2025-12-01,20,CMP0151,Standing Order,1,0
1089,361,2023-11-07,100,CMP0019,Cheque,0,0
11942,3879,2025-12-25,75.0,CMP0016,Direct Debit,0,0
8098,2640,2018-03-23,250,CMP0069,Cash,1,0
6903,2265,2025-07-31,20,CMP0184,Standing Order,1,0
1117,375,2022-05-22,100,CMP0039,Cash,1,0
9523,3107,2019-12-26,50,CMP0070,Card,1,0
1650,554,2023-03-03,25,CMP0109,Cheque,1,0
1329,437,2026-05-31,100,CMP0078,Direct Debit,0,0
2343,802,2025-11-17,37.5,CMP0005,Direct Debit,0,0
8784,2871,2024-07-04,15,CMP0142,Direct Debit,0,0
6497,2149,2026-03-16,375.0,CMP0175,Card,0,0
11714,3785,2020-02-22,25,CMP0171,Card,1,0
3879,1300,2026-07-28,30.0,CMP0125,Cash,0,0
7725,2523,2024-12-22,100,CMP0123,Standing Order,0,0
3568,1195,2026-01-22,15.0,CMP0027,Cash,1,0
5698,1870,2023-05-09,22.5,CMP0160,Standing Order,1,0
5717,1875,2026-06-26,250,CMP0024,Cheque,0,0
5739,1882,2023-09-04,7.5,CMP0026,Cheque,1,0
7875,2571,2022-12-08,375.0,CMP0159,Direct Debit,0,0
12157,3957,2024-02-29,20,CMP0174,Standing Order,0,0
1074,355,2023-05-27,375.0,CMP0045,Cash,1,0
4667,1561,2026-04-30,7.5,CMP0180,Direct Debit,1,0
1271,416,2022-02-21,50,CMP0128,Standing Order,0,0
10310,3368,2025-08-30,100,CMP0172,Direct Debit,0,0
9016,2943,2021-04-14,15,CMP0077,Cash,1,0
2898,987,2019-08-04,10,CMP0097,Online,0,0
8870,2898,2025-09-13,250,CMP0175,Online,1,0
11699,3777,2023-10-20,250,CMP0190,Direct Debit,0,0
1859,625,2021-07-25,15,CMP0035,Standing Order,0,0
1163,384,2024-09-27,20,CMP0022,Cheque,0,0
10372,3382,2023-08-25,10,CMP0135,Card,1,0
1694,571,2025-10-04,250,CMP0156,Card,0,0
11598,3735,2022-09-29,50,CMP0009,Card,1,0
1994,668,2025-05-12,100,CMP0031,Cheque,1,0
3761,1263,2024-08-04,50,CMP0159,Standing Order,1,0
7572,2476,2023-12-18,25,CMP0168,Cheque,0,0
3145,1061,2024-06-28,20,CMP0112,Cheque,1,0
9338,3046,2020-12-22,10,CMP0118,Card,1,0
2651,892,2026-06-20,20,CMP0111,Cheque,0,0
7490,2444,2023-01-31,15,CMP0165,Cheque,0,0
8292,2711,2017-09-09,100,CMP0129,Cash,1,0
3251,1094,2023-06-27,100,CMP0160,Standing Order,0,0
6443,2126,2023-09-03,10,CMP0075,Cash,0,0
10825,3517,2023-12-23,15,CMP0007,Direct Debit,1,0
9535,3112,2023-01-27,20,CMP0006,Online,1,0
8634,2819,2019-01-24,250,CMP0081,Card,0,0
4534,1507,2025-09-06,10,CMP0160,Standing Order,0,0
11675,3765,2023-03-20,375.0,CMP0127,Online,0,0
9335,3046,2024-03-25,50,CMP0112,Cheque,0,0
1026,341,2024-08-09,10,CMP0075,Card,0,0
7874,2570,2026-07-29,30.0,CMP0015,Card,0,0
1359,445,2024-07-11,100,CMP0050,Card,1,0
3591,1207,2023-11-14,25,CMP0023,Cheque,1,0
11537,3724,2024-07-11,10,CMP0139,Online,1,0
1538,520,2025-09-05,5,CMP0186,Cash,0,0
1383,454,2023-04-30,15,CMP0012,Cheque,0,0
6126,1998,2026-01-04,40,CMP0031,Online,0,0
1454,484,2026-07-08,7.5,CMP0174,Direct Debit,1,0
4181,1387,2025-03-01,250,CMP0124,Card,0,0
5923,1938,2020-10-05,40,CMP0116,Online,0,0
4618,1543,2023-12-20,15.0,CMP0023,Cheque,0,0
6777,2229,2025-01-06,250,CMP0161,Cheque,0,0
4948,1640,2026-04-02,25,CMP0004,Direct Debit,1,0
9468,3089,2024-06-12,7.5,CMP0048,Cash,1,0
3805,1274,2022-05-06,50,CMP0167,Cheque,0,0
11083,3587,2026-05-07,7.5,CMP0151,Direct Debit,0,0
10937,3547,2022-01-30,20,CMP0017,Cash,0,0
4997,1656,2024-03-29,500,CMP0080,Card,0,0
12345,219,2026-02-12,5,CMP0106,Cash,1,0
2460,831,2026-04-27,50,CMP0182,Cheque,1,0
7515,2455,2024-12-03,30.0,CMP0084,Online,0,0
3843,1287,2025-07-14,50,CMP0084,Cheque,1,0
5896,1932,2024-04-10,375.0,CMP0038,Card,1,0
7005,2294,2025-07-04,75.0,CMP0139,Cash,0,0
7292,2378,2023-11-25,25,CMP0001,Standing Order,1,0
3943,1320,2023-11-21,15,CMP0030,Card,0,0
8267,2702,2025-08-21,30.0,CMP0021,Cheque,0,0
9181,2996,2023-10-14,500,CMP0036,Direct Debit,1,0
8524,2779,2024-12-09,15,CMP0069,Direct Debit,1,0
1631,550,2022-02-25,20,CMP0007,Cash,0,0
8956,2928,2025-11-29,5,CMP0174,Standing Order,0,0
5275,1746,2025-11-01,20,CMP0023,Direct Debit,0,0
6703,2212,2022-04-29,15,CMP0143,Card,1,0
8240,2690,2025-01-12,15.0,CMP0061,Direct Debit,0,0
6585,2178,2022-07-22,40,CMP0123,Card,0,1
8072,2632,2024-12-27,5,CMP0077,Online,1,0
3070,1038,2025-12-09,15,CMP0171,Standing Order,1,0
7400,2416,2025-12-18,100,CMP0003,Online,1,0
8790,2871,2020-11-29,30,CMP0070,Cheque,1,0
8234,2689,2023-12-14,5,CMP0064,Cheque,0,0
6390,2108,2025-11-17,250,CMP0084,Cash,1,0
5145,1703,2026-05-24,15,CMP0090,Card,1,0
595,191,2026-07-30,40,CMP0186,Online,0,0
153,46,2022-02-21,20,CMP0053,Online,1,0
12373,2710,2024-01-24,100,CMP0178,Cheque,0,0
4877,1620,2018-06-29,5,CMP0155,Standing Order,1,0
11055,3584,2019-08-05,50,CMP0169,Online,1,0
7763,2535,2025-05-27,5,CMP0012,Online,1,0
3857,1291,2018-11-15,30,CMP0070,Card,0,0
8158,2656,2024-07-25,5,CMP0035,Cheque,0,0
3376,1129,2024-04-22,10,CMP0132,Card,0,0
1474,492,2024-11-19,37.5,CMP0025,Online,0,1
5187,1716,2025-04-22,22.5,CMP0056,Standing Order,0,0
2211,739,2025-10-10,5,CMP0031,Standing Order,1,0
8290,2710,2023-09-08,15,CMP0024,Online,0,0
7299,2382,2025-09-14,200,CMP0086,Cash,1,0
11763,3808,2025-09-09,5,CMP0048,Online,0,0
5866,1922,2025-02-20,15,CMP0044,Online,0,1
3593,1207,2020-09-19,50,CMP0052,Standing Order,1,0
181,51,2025-12-31,25,CMP0128,Card,1,0
5297,1754,2025-08-05,20,CMP0051,Direct Debit,1,0
10433,3400,2024-01-05,15,CMP0059,Standing Order,1,0
10106,3309,2025-05-12,10,CMP0010,Standing Order,1,0
10132,3319,2023-09-24,10,CMP0082,Cash,0,0
9944,3253,2024-10-06,15,CMP0116,Standing Order,1,0
7171,2344,2026-02-07,500,CMP0131,Cash,1,0
2607,881,2019-01-16,100,CMP0005,Standing Order,1,0
4530,1506,2021-10-10,20,CMP0191,Cheque,0,0
10973,3558,2025-10-25,100,CMP0144,Standing Order,0,0
1080,357,2026-06-26,20,CMP0035,Standing Order,0,0
1121,376,2025-07-01,5,CMP0084,Cheque,1,0
4416,1466,2024-11-11,22.5,CMP0132,Standing Order,1,0
2935,1001,2022-11-01,100,CMP0066,Direct Debit,1,0
6971,2284,2024-04-15,5,CMP0166,Direct Debit,0,0
847,279,2024-11-17,25,CMP0072,Direct Debit,1,0
906,302,2025-10-27,22.5,CMP0111,Standing Order,1,0
8185,2669,2018-07-30,75.0,CMP0085,Cheque,1,0
12054,3923,2023-05-17,20,CMP0063,Online,0,0
4393,1462,2024-01-19,37.5,CMP0086,Direct Debit,0,0
1212,397,2022-08-10,15,CMP0065,Online,0,0
9628,3142,2026-05-10,30.0,CMP0039,Direct Debit,1,0
8704,2849,2022-12-12,5,CMP0048,Standing Order,1,0
4889,1628,2024-06-14,150.0,CMP0076,Direct Debit,1,0
1032,342,2023-06-08,20,CMP0051,Online,1,0
3298,1107,2022-12-26,20,CMP0157,Standing Order,1,0
4196,1394,2017-03-17,22.5,CMP0032,Standing Order,1,0
1259,414,2025-10-31,50,CMP0143,Card,0,0
11814,3829,2026-07-15,25,CMP0003,Cheque,0,0
6964,2283,2023-03-10,50,CMP0035,Direct Debit,0,0
10177,3327,2026-05-07,250,CMP0011,Online,0,0
5962,1953,2025-06-13,25,CMP0140,Standing Order,1,0
1495,500,2024-06-19,50,CMP0155,Standing Order,1,0
8479,2764,2024-02-11,100,CMP0117,Cash,0,0
6604,2181,2020-07-23,75.0,CMP0139,Cash,0,0
9205,3003,2022-11-28,375.0,CMP0154,Direct Debit,1,0
5715,1873,2024-06-13,10,CMP0141,Cheque,1,0
1676,566,2023-04-28,20,CMP0127,Direct Debit,1,0
10482,3413,2022-08-16,20,CMP0067,Standing Order,0,0
10405,3391,2026-07-26,250,CMP0158,Online,1,0
2383,814,2026-06-04,30,CMP0005,Direct Debit,0,0
11016,3573,2023-11-14,250,CMP0167,Card,0,0
6335,2090,2024-06-24,20,CMP0021,Card,1,0
1180,388,2021-08-01,30,CMP0078,Cash,0,0
9426,3072,2022-05-11,25,CMP0019,Card,0,0
5087,1686,2024-03-29,50,CMP0145,Direct Debit,0,0
11914,3868,2025-12-07,25,CMP0022,Standing Order,1,0
608,195,2023-03-28,50,CMP0085,Cash,0,0
4999,1657,2024-09-23,100,CMP0104,Cash,1,0
5980,1958,2024-03-01,40,CMP0135,Online,0,0
8720,2850,2022-01-28,75.0,CMP0050,Cheque,0,0
6842,2250,2026-05-08,40,CMP0033,Card,1,0
2287,773,2024-06-14,100,CMP0191,Card,0,0
8141,2653,2026-06-26,20,CMP0088,Standing Order,1,1
10815,3516,2022-11-17,5,CMP0100,Cash,0,0
4870,1617,2022-01-28,15,CMP0134,Cash,0,0
12340,3702,2023-07-02,100,CMP0048,Cheque,0,0
11827,3835,2025-12-19,250,CMP0085,Online,1,0
9218,3008,2022-08-25,22.5,CMP0140,Direct Debit,0,0
8123,2649,2022-11-24,15,CMP0063,Cheque,1,0
784,256,2025-07-27,100,CMP0129,Cheque,1,0
11038,3578,2019-08-04,25,CMP0094,Standing Order,1,0
10022,3281,2019-12-17,5,CMP0024,Standing Order,0,0
10586,3453,2026-01-17,50,CMP0078,Direct Debit,1,0
1361,445,2024-12-07,15.0,CMP0042,Direct Debit,1,0
222,61,2025-11-09,200,CMP0069,Direct Debit,0,0
204,54,2025-03-23,25,CMP0029,Card,1,1
5430,1792,2026-01-14,10,CMP0161,Cash,0,0
7238,2366,2022-08-30,10,CMP0190,Cash,0,0
7666,2500,2025-12-28,150.0,CMP0070,Cash,1,0
5121,1698,2023-07-07,5,CMP0110,Online,0,0
11954,3884,2025-09-08,20,CMP0073,Direct Debit,0,0
4229,1401,2023-11-27,150.0,CMP0037,Cash,1,0
6963,2282,2021-07-09,30,CMP0162,Standing Order,0,0
6234,2050,2025-03-06,25,CMP0002,Card,1,0
7422,2424,2020-03-06,50,CMP0084,Standing Order,0,0
7634,2493,2026-08-06,200,CMP0007,Cheque,1,0
7088,2318,2025-10-17,15,CMP0011,Cheque,1,0
10306,3368,2022-06-27,20,CMP0130,Cheque,1,0
11897,3862,2026-07-17,20,CMP0098,Card,1,0
9372,3061,2023-04-07,25,CMP0095,Online,0,0
11845,3847,2017-12-05,15,CMP0083,Direct Debit,0,0
7908,2577,2026-05-13,100,CMP0088,Direct Debit,0,0
4394,1462,2022-10-19,20,CMP0125,Cheque,1,0
8206,2680,2024-02-16,50,CMP0066,Direct Debit,1,0
2091,694,2019-08-21,250,CMP0098,Card,1,0
7728,2525,2024-08-09,50,CMP0146,Standing Order,1,0
2041,679,2026-06-11,50,CMP0134,Online,0,0
6027,1973,2026-08-04,5,CMP0011,Online,0,0
4180,1385,2025-06-16,10,CMP0167,Cash,1,0
4272,1415,2023-10-13,50,CMP0158,Cash,0,0
7805,2549,2023-10-16,10,CMP0059,Cash,1,0
6601,2181,2025-06-26,150.0,CMP0009,Direct Debit,1,0
3023,1024,2025-10-05,250,CMP0121,Card,1,0
11358,3664,2024-06-29,7.5,CMP0167,Direct Debit,1,0
9855,3215,2021-12-07,37.5,CMP0130,Online,1,0
2308,783,2026-07-07,200,CMP0131,Standing Order,0,0
7048,2306,2026-02-18,15.0,CMP0122,Direct Debit,1,0
11285,3647,2024-01-27,15,CMP0145,Standing Order,1,0
8407,2746,2025-04-28,100,CMP0165,Standing Order,0,0
2677,903,2023-01-14,25,CMP0010,Direct Debit,1,0
8345,2724,2019-10-09,75.0,CMP0128,Cheque,0,0
7115,2325,2025-03-19,10,CMP0031,Cheque,1,0
11380,3670,2022-01-11,10,CMP0136,Standing Order,1,0
621,197,2024-05-16,15.0,CMP0189,Cash,1,0
7231,2363,2022-04-01,25,CMP0070,Standing Order,1,0
8891,2900,2025-09-15,200,CMP0029,Standing Order,0,0
2921,999,2019-10-13,37.5,CMP0053,Online,0,0
10933,3546,2023-10-29,20,CMP0143,Card,0,0
3908,1308,2025-08-26,50,CMP0192,Online,0,0
7035,2305,2026-01-15,150.0,CMP0136,Direct Debit,1,0
11239,3631,2019-05-14,500,CMP0160,Card,0,0
11558,3727,2026-06-24,100,CMP0078,Card,1,0
1536,518,2024-08-28,100,CMP0101,Direct Debit,0,0
8226,2687,2025-10-04,5,CMP0023,Direct Debit,0,0
6171,2023,2025-03-04,100,CMP0043,Direct Debit,0,0
3162,1064,2024-06-10,150.0,CMP0086,Cash,0,0
7560,2471,2019-05-06,10,CMP0003,Card,0,0
8810,2875,2026-07-21,100,CMP0001,Standing Order,1,0
7487,2443,2021-07-31,250,CMP0118,Direct Debit,0,0
951,319,2022-06-17,20,CMP0026,Cheque,0,0
9950,3256,2023-09-14,10,CMP0123,Standing Order,0,0
10963,3555,2021-09-11,50,CMP0022,Standing Order,0,0
1743,585,2019-03-08,20,CMP0064,Online,0,0
1503,505,2024-05-11,50,CMP0129,Cash,1,0
8242,2690,2024-11-12,25,CMP0091,Cheque,1,0
12324,4016,2022-07-10,5,CMP0061,Cash,1,0
6202,2041,2023-08-26,15,CMP0059,Card,0,0
4267,1415,2021-11-25,30.0,CMP0075,Card,1,0
1833,619,2023-04-06,30.0,CMP0189,Online,0,0
7445,2430,2026-03-20,250,CMP0143,Cheque,0,0
2776,948,2023-07-29,20,CMP0088,Cash,0,0
2654,892,2021-07-08,20,CMP0178,Card,0,0
12173,3960,2024-10-04,75.0,CMP0175,Card,1,0
1861,625,2019-08-01,20,CMP0182,Card,1,0
3893,1304,2025-02-03,100,CMP0107,Standing Order,1,0
10424,3394,2021-09-20,20,CMP0164,Standing Order,1,0
10402,3391,2025-05-28,100,CMP0110,Standing Order,1,0
1457,485,2020-03-22,375.0,CMP0114,Standing Order,0,0
3983,1333,2025-09-23,75.0,CMP0121,Standing Order,0,0
9152,2988,2026-01-10,75.0,CMP0173,Cash,0,0
7535,2467,2023-09-27,150.0,CMP0102,Direct Debit,1,0
2330,797,2024-03-13,10,CMP0062,Cheque,0,0
3528,1180,2022-01-25,20,CMP0015,Online,1,0
11894,3858,2025-11-07,30.0,CMP0163,Cheque,0,0
1534,518,2025-07-06,20,CMP0070,Cheque,0,0
10535,3436,2024-09-02,75.0,CMP0018,Direct Debit,0,0
6979,2288,2025-05-22,50,CMP0139,Direct Debit,0,0
4794,1599,2025-08-05,25,CMP0064,Standing Order,1,0
145,44,2023-05-18,10,CMP0155,Direct Debit,0,0
34,11,2026-06-19,100,CMP0027,Cash,1,0
2495,849,2020-03-29,25,CMP0171,Card,0,0
1374,450,2025-05-21,10,CMP0145,Online,1,0
2818,962,2021-12-29,15,CMP0123,Card,1,0
4100,1360,2023-11-08,250,CMP0039,Card,0,0
3653,1224,2023-01-24,375.0,CMP0190,Online,0,0
11873,3854,2026-05-09,20,CMP0109,Card,0,0
12136,3952,2023-12-11,25,CMP0078,Cheque,1,0
6893,2259,2021-06-29,25,CMP0040,Direct Debit,1,0
7755,2532,2025-03-05,75.0,CMP0102,Online,1,0
7370,2401,2018-04-29,250,CMP0015,Online,0,0
9844,3211,2025-09-21,22.5,CMP0006,Cheque,1,0
12019,3905,2019-07-28,30,CMP0049,Direct Debit,1,0
3580,1203,2023-07-28,40,CMP0072,Cash,0,0
2965,1009,2026-07-15,15,CMP0078,Card,1,0
11400,3677,2025-02-14,10,CMP0050,Card,1,0
7902,2577,2026-01-19,10,CMP0179,Standing Order,0,0
7030,2302,2022-12-07,22.5,CMP0124,Cheque,0,0
11502,3714,2023-11-23,10,CMP0038,Cheque,1,0
6502,2150,2025-02-25,250,CMP0170,Standing Order,0,0
6886,2258,2025-11-20,100,CMP0157,Online,0,0
2233,747,2019-08-28,-40,CMP0002,Card,0,0
319,98,2018-04-04,15,CMP0088,Cash,0,0
9197,2999,2018-12-17,15.0,CMP0028,Online,0,0
11801,3824,2022-03-07,50,CMP0034,Online,1,0
2003,670,2023-11-15,50,CMP0129,Online,1,0
1846,623,2020-11-17,100,CMP0167,Online,0,0
7051,2307,2025-06-30,20,CMP0163,Cheque,0,0
5240,1735,2024-08-27,500,CMP0102,Card,1,0
3263,1097,2025-02-02,15,CMP0182,Online,1,0
10723,3491,2023-03-26,50,CMP0068,Standing Order,1,0
1288,422,2021-02-22,75.0,CMP0008,Card,0,0
1752,587,2019-05-14,40,CMP0165,Cash,1,0
8740,2859,2024-08-23,50,CMP0022,Online,1,0
11032,3578,2020-10-06,7.5,CMP0016,Online,1,0
5220,1730,2025-01-12,50,CMP0189,Standing Order,0,0
1736,583,2025-06-29,75.0,CMP0159,Cash,1,0
4293,1420,2021-11-27,30,CMP0019,Online,0,0
7527,2463,2022-07-30,25,CMP0125,Card,0,0
3508,1172,2023-03-14,40,CMP0163,Direct Debit,1,0
4598,1533,2026-02-14,10,CMP0108,Cash,0,0
11204,3623,2022-05-26,20,CMP0008,Online,1,0
8892,2900,2020-11-11,20,CMP0145,Direct Debit,1,0
7889,2572,2026-07-13,10,CMP0055,Standing Order,1,0
11362,3667,2023-04-03,10,CMP0156,Cheque,1,0
9022,2944,2021-03-01,100,CMP0055,Card,1,0
10847,3525,2025-10-28,15.0,CMP0160,Card,0,0
11450,3694,2026-05-16,37.5,CMP0130,Cash,0,0
8028,2616,2023-03-27,10,CMP0047,Standing Order,0,0
9863,3222,2025-08-22,50,CMP0133,Cash,0,0
11720,3788,2024-10-08,50,CMP0067,Cheque,0,0
5097,1690,2024-12-13,20,CMP0008,Cash,1,0
11583,3732,2020-08-26,10,CMP0043,Online,0,0
798,259,2026-03-28,20,CMP0011,Direct Debit,1,0
8510,2775,2024-09-25,15.0,CMP0050,Online,0,0
3491,1169,2023-07-28,250,CMP0120,Cheque,1,0
10923,3545,2026-08-16,20,CMP0096,Direct Debit,1,0
2961,1006,2026-02-12,50,CMP0133,Online,0,0
2602,881,2025-12-14,37.5,CMP0006,Standing Order,1,0
8110,2642,2022-10-06,15,CMP0087,Direct Debit,1,0
5645,1852,2026-05-09,7.5,CMP0135,Standing Order,0,0
12096,3938,2025-09-26,50,CMP0066,Standing Order,0,0
8739,2858,2023-08-06,20,CMP0085,Online,1,0
7226,2362,2026-03-21,15,CMP0069,Standing Order,0,0
7016,2298,2025-07-06,20,CMP0037,Online,0,0
12374,2430,2026-03-20,250,CMP0143,Cheque,0,0
11573,3730,2022-08-29,15,CMP0077,Direct Debit,0,0
12267,3992,2020-04-05,40,CMP0129,Cheque,1,0
9267,3029,2026-07-16,20,CMP0026,Online,0,0
9841,3209,2024-10-26,100,CMP0150,Card,0,0
4933,1637,2022-09-05,10,CMP0021,Standing Order,0,0
1720,581,2023-12-05,5,CMP0011,Direct Debit,0,0
10183,3328,2026-02-15,100,CMP0074,Direct Debit,1,0
10816,3516,2020-10-11,100,CMP0189,Card,1,0
742,241,2025-01-21,15.0,CMP0105,Online,0,0
6256,2055,2019-12-09,20,CMP0064,Card,1,0
1470,490,2024-02-01,100,CMP0011,Card,1,0
10157,3322,2019-11-02,20,CMP0032,Standing Order,1,0
8512,2775,2024-01-25,5,CMP0090,Cash,0,0
11566,3729,2025-05-31,10,CMP0042,Cheque,0,0
9604,3138,2018-06-22,5,CMP0008,Card,0,0
1084,359,2026-05-25,5,CMP0169,Direct Debit,0,0
8488,2768,2024-07-21,250,CMP0004,Standing Order,1,0
5676,1863,2025-12-12,15.0,CMP0124,Cash,0,0
2372,810,2023-07-12,15,CMP0189,Card,0,0
6481,2138,2018-12-21,500,CMP0026,Direct Debit,0,0
3260,1097,2025-02-07,375.0,CMP0104,Standing Order,1,0
10538,3437,2023-10-27,15.0,CMP0062,Cash,0,1
7174,2344,2024-12-16,30.0,CMP0033,Direct Debit,0,0
9782,3194,2023-03-09,50,CMP0023,Cash,1,0
4866,1616,2021-09-17,250,CMP0036,Online,0,0
4670,1563,2023-03-19,10,CMP0059,Online,0,0
8162,2656,2025-10-31,100,CMP0160,Standing Order,0,0
1918,644,2025-06-11,7.5,CMP0175,Cash,0,0
1175,386,2020-07-23,500,CMP0070,Cash,1,0
12215,3975,2024-02-03,10,CMP0093,Standing Order,0,0
6258,2055,2019-08-31,5,CMP0103,Direct Debit,0,0
6283,2070,2019-10-30,25,CMP0191,Standing Order,1,0
2638,888,2025-11-09,30,CMP0064,Card,1,0
6151,2014,2023-09-11,75.0,CMP0096,Cheque,1,0
9895,3231,2022-03-03,50,CMP0126,Cheque,1,0
12088,3935,2021-12-22,100,CMP0115,Standing Order,1,0
4846,1609,2026-07-28,100,CMP0004,Direct Debit,1,0
10643,3472,2026-01-31,20,CMP0121,Direct Debit,0,0
4259,1413,2021-08-31,375.0,CMP0161,Direct Debit,0,0
9166,2991,2023-11-20,20,CMP0021,Online,0,0
5971,1956,2023-07-22,100,CMP0052,Direct Debit,0,0
11552,3727,2024-05-07,20,CMP0062,Direct Debit,0,0
8971,2931,2026-01-05,5,CMP0104,Cheque,1,0
11927,3871,2024-07-05,100,CMP0116,Standing Order,0,0
561,180,2020-03-18,30.0,CMP0089,Standing Order,1,0
11007,3570,2022-10-19,100,CMP0153,Standing Order,1,0
11891,3858,2024-03-31,30.0,CMP0051,Direct Debit,1,0
9171,2993,2024-05-12,37.5,CMP0192,Cash,0,0
10018,3281,2021-02-04,25,CMP0159,Cash,1,0
6327,2089,2022-10-16,10,CMP0012,Direct Debit,0,0
2952,1004,2019-03-16,10,CMP0120,Cash,1,0
6857,2252,2025-12-12,250,CMP0147,Direct Debit,1,0
6821,2241,2024-11-05,37.5,CMP0120,Cheque,0,0
8049,2626,2025-06-02,25,CMP0045,Online,1,0
4733,1579,2024-11-21,250,CMP0022,Online,0,0
8147,2654,2022-09-25,200,CMP0112,Direct Debit,1,0
12208,3970,2026-02-11,30.0,CMP0140,Cash,1,0
11004,3568,2025-08-12,20,CMP0106,Card,0,0
9061,2959,2024-06-22,30,CMP0136,Card,0,0
8487,2767,2024-09-30,50,CMP0087,Standing Order,1,0
723,231,2026-08-08,22.5,CMP0010,Cheque,1,0
4734,1579,2022-09-16,40,CMP0105,Online,1,0
2262,757,2026-02-07,250,CMP0083,Cash,0,0
283,81,2021-07-30,30.0,CMP0139,Cash,1,0
8928,2916,2026-08-03,15.0,CMP0087,Cheque,1,0
11872,3853,2025-09-02,10,CMP0037,Cheque,0,0
9414,3070,2025-07-17,25,CMP0023,Direct Debit,0,0
4825,1605,2019-06-05,40,CMP0145,Direct Debit,1,0
4491,1495,2024-06-25,5,CMP0144,Cash,1,0
10645,3473,2020-09-21,15,CMP0128,Direct Debit,1,0
4962,1643,2021-01-12,22.5,CMP0059,Cash,0,0
11002,3567,2024-01-11,25,CMP0010,Direct Debit,0,0
49,15,2025-07-28,375.0,CMP0138,Cash,1,0
7616,2490,2024-10-09,37.5,CMP0117,Online,0,0
2448,824,2025-10-29,500,CMP0022,Direct Debit,0,0
3780,1267,2024-05-04,5,CMP0078,Online,1,1
8729,2851,2023-07-21,10,CMP0109,Cheque,1,0
9389,3063,2019-12-03,500,CMP0093,Cheque,1,0
1717,581,2026-01-30,30.0,CMP0157,Cheque,1,0
3094,1047,2024-05-12,10,CMP0057,Standing Order,1,0
1703,577,2022-12-23,10,CMP0009,Card,0,0
1755,587,2025-08-20,15,CMP0182,Online,0,0
12206,3968,2025-11-25,250,CMP0093,Online,1,0
2718,931,2023-12-08,30,CMP0192,Online,0,0
572,186,2025-06-10,100,CMP0138,Card,0,0
7940,2583,2023-01-31,5,CMP0001,Card,1,0
1034,343,2026-06-12,20,CMP0065,Card,0,0
8980,2933,2021-09-07,5,CMP0153,Card,1,0
5390,1781,2025-04-27,7.5,CMP0034,Direct Debit,1,0
5326,1761,2023-12-10,250,CMP0068,Card,1,0
5853,1918,2024-08-28,15,CMP0112,Cheque,0,0
11958,3885,2021-10-15,10,CMP0088,Cash,0,0
3499,1170,2021-12-10,20,CMP0045,Online,1,0
6999,2293,2020-04-09,100,CMP0101,Online,1,0
7489,2444,2024-08-23,20,CMP0076,Direct Debit,0,0
10553,3441,2024-04-09,50,CMP0028,Standing Order,0,0
1515,509,2025-02-15,40,CMP0005,Cheque,0,0
7379,2409,2024-01-11,5,CMP0119,Card,0,0
1768,593,2024-11-10,10,CMP0152,Cash,1,0
7451,2437,2025-04-08,30,CMP0092,Cash,1,0
1779,596,2025-08-22,30,CMP0121,Online,1,0
5585,1835,2024-02-14,10,CMP0109,Card,1,0
8900,2900,2025-09-19,500,CMP0168,Cheque,1,0
4788,1598,2022-09-07,500,CMP0079,Online,1,0
7253,2372,2026-04-28,100,CMP0040,Card,0,0
3071,1038,2025-12-13,50,CMP0142,Direct Debit,0,0
10250,3347,2022-02-17,5,CMP0123,Direct Debit,0,0
7574,2477,2026-03-18,250,CMP0142,Standing Order,1,0
8856,2892,2025-02-19,20,CMP0075,Direct Debit,0,0
10275,3363,2024-08-17,25,CMP0012,Cash,1,0
860,283,2023-01-01,50,CMP0057,Standing Order,1,0
8988,2936,2026-03-31,100,CMP0066,Cash,0,0
2288,773,2023-10-24,250,CMP0144,Online,0,0
11840,3846,2025-05-27,40,CMP0025,Standing Order,1,0
2131,712,2026-04-23,10,CMP0074,Direct Debit,0,0
10098,3308,2022-08-18,20,CMP0171,Card,1,0
5664,1861,2020-10-03,30.0,CMP0189,Card,1,0
3447,1155,2025-11-12,250,CMP0028,Cash,1,0
4707,1573,2024-07-24,5,CMP0180,Cheque,0,0
4773,1591,2026-02-26,25,CMP0156,Cash,0,0
9762,3187,2019-08-13,100,CMP0086,Cash,1,0
6525,2158,2021-05-02,37.5,CMP0132,Cash,0,0
1382,454,2026-03-23,15.0,CMP0042,Online,1,0
4499,1501,2023-09-11,5,CMP0138,Cash,0,0
5584,1835,2025-02-08,15.0,CMP0044,Online,0,0
6092,1991,2020-02-17,22.5,CMP0137,Cheque,0,0
959,319,2023-04-24,15,CMP0020,Direct Debit,0,0
2559,864,2025-05-13,20,CMP0108,Cash,0,0
7225,2362,2024-06-20,250,CMP0079,Cash,0,0
8873,2898,2022-06-19,20,CMP0187,Card,1,0
11534,3724,2024-07-22,100,CMP0133,Online,1,0
729,234,2026-04-05,10,CMP0047,Cheque,0,0
5547,1824,2026-04-22,25,CMP0034,Standing Order,0,0
3076,1042,2023-02-02,20,CMP0158,Direct Debit,0,0
11099,3591,2023-03-22,75.0,CMP0119,Online,1,0
9949,3255,2025-07-15,20,CMP0191,Online,1,0
6545,2165,2026-05-27,10,CMP0111,Cheque,1,0
5447,1794,2023-08-30,25,CMP0023,Standing Order,0,0
7032,2302,2026-08-04,200,CMP0166,Online,0,0
4838,1606,2022-04-29,50,CMP0162,Cash,0,0
3029,1026,2017-11-21,40,CMP0183,Online,1,0
7261,2373,2024-09-05,20,CMP0158,Direct Debit,1,0
6264,2055,2022-12-05,200,CMP0155,Direct Debit,1,0
5104,1691,2024-08-05,100,CMP0032,Cash,1,0
630,199,2026-01-21,100,CMP0132,Cash,1,0
2791,953,2020-12-27,50,CMP0148,Card,0,0
712,229,2026-05-10,250,CMP0111,Standing Order,1,0
6351,2092,2021-12-12,50,CMP0010,Cash,0,0
10903,3542,2026-03-28,100,CMP0075,Cash,0,0
11112,3595,2022-12-10,15,CMP0095,Cheque,0,0
1554,523,2024-11-19,7.5,CMP0111,Standing Order,1,0
5364,1770,2025-06-14,10,CMP0072,Card,1,0
9235,3014,2023-12-10,25,CMP0045,Direct Debit,0,0
6049,1978,2025-07-30,20,CMP0031,Card,1,0
3292,1105,2025-10-22,50,CMP0172,Cash,1,0
1819,608,2024-11-29,250,CMP0012,Cash,1,0
4863,1616,2020-10-22,20,CMP0075,Direct Debit,0,0
7675,2507,2024-06-28,37.5,CMP0010,Standing Order,1,0
11323,3658,2023-04-20,15,CMP0014,Direct Debit,1,0
11882,3857,2021-11-07,10,CMP0102,Direct Debit,0,0
9084,2962,2025-05-28,10,CMP0147,Cheque,0,0
2609,881,2019-12-15,100,CMP0019,Cheque,0,0
1783,597,2022-08-13,10,CMP0107,Standing Order,1,0
10035,3287,2020-02-23,15.0,CMP0118,Cheque,1,0
8819,2885,2025-03-11,100,CMP0115,Online,0,0
1127,378,2025-06-24,25,CMP0034,Card,1,0
9573,3126,2025-12-29,15,CMP0133,Cheque,1,0
10992,3564,2021-12-01,100,CMP0134,Standing Order,0,1
9813,3201,2023-07-11,200,CMP0070,Online,0,0
1805,603,2026-06-28,50,CMP0028,Cash,0,0
7528,2463,2023-02-21,100,CMP0045,Online,0,0
3232,1086,2023-06-14,100,CMP0189,Online,1,0
300,89,2025-05-09,375.0,CMP0182,Online,0,0
5291,1753,2026-06-06,10,CMP0151,Standing Order,1,0
6537,2164,2025-01-01,10,CMP0122,Standing Order,0,0
3676,1230,2024-08-07,75.0,CMP0100,Card,0,0
3020,1023,2025-11-26,20,CMP0040,Standing Order,1,0
9385,3062,2025-01-03,20,CMP0020,Cash,0,0
11659,3758,2026-01-01,5,CMP0040,Card,0,0
11679,3765,2025-06-29,7.5,CMP0105,Standing Order,1,0
2279,769,2025-07-14,250,CMP0038,Cash,1,0
8848,2892,2023-02-01,7.5,CMP0134,Online,0,0
10918,3545,2024-05-31,25,CMP0178,Standing Order,0,0
8553,2785,2025-02-24,20,CMP0047,Online,0,0
12375,3330,2024-10-05,22.5,CMP0018,Online,0,0
10086,3301,2023-12-27,500,CMP0135,Direct Debit,1,0
4246,1407,2026-08-01,15.0,CMP0111,Card,0,0
3362,1127,2024-11-24,20,CMP0038,Card,0,0
12197,3967,2024-02-24,25,CMP0110,Online,0,0
8095,2638,2024-07-04,200,CMP0011,Standing Order,1,0
653,205,2026-07-17,100,CMP0013,Card,0,0
5354,1767,2021-09-21,10,CMP0115,Cash,0,0
8880,2898,2025-06-27,375.0,CMP0038,Online,0,0
10291,3365,2025-03-03,15,CMP0129,Cheque,1,0
11587,3732,2024-01-08,5,CMP0046,Direct Debit,0,0
404,133,2025-07-10,20,CMP0097,Direct Debit,1,0
3496,1169,2023-08-05,25,CMP0172,Cash,0,0
9695,3168,2020-05-24,15.0,CMP0017,Standing Order,0,0
4915,1634,2020-05-06,30.0,CMP0091,Card,1,0
6177,2027,2025-11-30,50,CMP0036,Cheque,1,0
4346,1440,2026-08-11,15,CMP0068,Cash,1,0
4981,1651,2025-07-29,100,CMP0101,Cheque,1,0
1638,551,2022-09-18,15.0,CMP0025,Card,1,0
1179,388,2021-04-26,7.5,CMP0171,Cheque,1,0
1139,381,2026-01-21,20,CMP0170,Cash,0,0
1506,506,2024-06-24,22.5,CMP0164,Standing Order,0,0
8079,2634,2024-11-08,50,CMP0072,Standing Order,1,0
10341,3374,2019-01-19,50,CMP0036,Cheque,0,0
7050,2307,2021-03-23,375.0,CMP0044,Online,1,0
10792,3506,2018-11-24,25,CMP0043,Direct Debit,0,0
9175,2994,2024-01-24,25,CMP0050,Online,0,0
11695,3775,2024-04-03,150.0,CMP0113,Cash,0,0
4096,1359,2024-02-12,20,CMP0083,Standing Order,1,0
3244,1092,2023-12-21,40,CMP0057,Cash,0,0
6524,2157,2024-08-10,100,CMP0065,Cheque,1,0
3813,1280,2024-08-05,5,CMP0105,Standing Order,1,0
7855,2564,2026-06-12,30,CMP0104,Direct Debit,1,0
9693,3167,2026-01-27,250,CMP0192,Cheque,1,0
5835,1915,2026-07-04,10,CMP0053,Online,0,0
7155,2339,2024-06-20,15,CMP0039,Standing Order,0,0
331,104,2024-09-29,10,CMP0040,Card,1,0
106,31,2023-11-30,250,CMP0052,Standing Order,1,0
3695,1243,2025-08-11,10,CMP0021,Direct Debit,1,0
9388,3063,2023-12-07,5,CMP0153,Cash,0,0
10702,3487,2024-11-02,150.0,CMP0074,Card,1,0
10121,3314,2024-12-05,20,CMP0129,Cash,1,0
2966,1009,2024-09-30,7.5,CMP0093,Standing Order,0,0
4370,1448,2024-07-21,10,CMP0130,Cash,1,0
2613,883,2023-05-24,100,CMP0007,Cheque,1,1
2182,732,2025-01-24,25,CMP0094,Cheque,0,0
8817,2880,2023-05-26,20,CMP0110,Direct Debit,1,0
8113,2643,2023-10-31,500,CMP0095,Cheque,1,0
158,47,2022-06-15,50,CMP0096,Online,0,0
8210,2683,2024-09-17,100,CMP0042,Online,1,0
4341,1438,2025-03-07,40,CMP0125,Card,1,0
4798,1600,2021-02-25,500,CMP0011,Online,1,0
4051,1348,2025-03-21,5,CMP0081,Cash,1,0
3397,1136,2025-10-17,250,CMP0165,Card,1,0
6161,2019,2026-02-12,20,CMP0167,Card,0,0
3125,1057,2026-04-05,15,CMP0134,Direct Debit,1,0
6188,2036,2018-10-20,7.5,CMP0186,Standing Order,0,0
12035,3914,2025-09-11,15,CMP0077,Direct Debit,0,0
7347,2396,2022-06-10,5,CMP0148,Online,1,0
8659,2827,2024-12-04,100,CMP0177,Direct Debit,1,0
7447,2432,2026-03-24,100,CMP0143,Online,0,0
3320,1111,2026-03-11,50,CMP0078,Cheque,0,0
11617,3740,2024-09-19,5,CMP0126,Cash,1,0
12,3,2020-08-22,22.5,CMP0050,Cash,1,0
5459,1799,2026-08-10,20,CMP0067,Cash,1,0
2585,874,2022-12-27,10,CMP0008,Standing Order,1,0
5826,1911,2024-05-10,5,CMP0106,Online,0,0
7170,2344,2018-06-23,5,CMP0128,Card,0,0
6020,1972,2024-07-18,5,CMP0169,Card,0,0
7611,2489,2024-01-18,250,CMP0067,Online,1,0
10352,3376,2025-08-28,100,CMP0136,Online,1,0
6665,2200,2019-05-27,15.0,CMP0131,Standing Order,1,0
1966,660,2026-06-10,250,CMP0163,Cheque,1,0
11940,3876,2025-10-12,30.0,CMP0089,Cheque,0,0
6038,1975,2026-05-05,50,CMP0097,Card,0,0
3276,1101,2025-04-12,500,CMP0030,Online,0,0
3019,1023,2024-12-14,5,CMP0149,Cheque,0,0
105,31,2022-10-04,30.0,CMP0074,Cheque,1,0
918,307,2025-04-21,50,CMP0170,Cheque,1,0
1984,666,2018-01-17,20,CMP0121,Cheque,1,0
6856,2252,2024-02-09,50,CMP0016,Online,1,0
6809,2239,2026-04-14,150.0,CMP0082,Online,0,0
3120,1055,2026-03-02,7.5,CMP0178,Standing Order,0,0
12282,3999,2023-07-22,250,CMP0139,Card,0,0
8728,2851,2025-03-05,50,CMP0067,Card,1,0
9345,3050,2024-10-12,30,CMP0088,Cash,1,0
9273,3032,2023-08-15,37.5,CMP0107,Cash,0,0
4299,1422,2024-03-16,100,CMP0190,Direct Debit,1,0
4597,1533,2022-08-03,250,CMP0035,Online,1,0
3494,1169,2022-01-31,37.5,CMP0081,Online,0,0
5561,1832,2024-06-25,20,CMP0040,Online,1,0
2940,1002,2025-02-01,5,CMP0127,Card,1,0
2605,881,2021-10-12,20,CMP0181,Card,0,0
1189,390,2024-12-18,50,CMP0161,Cheque,1,0
922,312,2025-02-18,100,CMP0173,Card,1,0
2936,1001,2026-06-02,15,CMP0066,Card,1,0
4217,1395,2025-07-21,40,CMP0167,Cash,1,0
801,259,2023-06-06,15,CMP0158,Card,1,0
9702,3171,2022-09-09,25,CMP0174,Standing Order,0,0
9736,3180,2025-01-24,250,CMP0029,Online,1,0
7484,2443,2026-07-20,20,CMP0187,Cheque,0,0
11008,3570,2024-07-13,25,CMP0124,Direct Debit,1,0
5169,1709,2024-08-01,15.0,CMP0078,Cheque,0,0
486,151,2026-08-15,375.0,CMP0135,Cash,1,0
3301,1107,2023-06-21,75.0,CMP0057,Card,1,0
1596,539,2024-12-29,250,CMP0183,Standing Order,1,0
11748,3799,2021-11-11,37.5,CMP0029,Direct Debit,0,0
269,80,2025-04-07,50,CMP0083,Cash,1,0
10517,3433,2020-12-21,5,CMP0140,Direct Debit,0,0
4321,1431,2025-01-05,250,CMP0153,Online,1,0
1023,339,2025-05-12,20,CMP0087,Cash,1,0
4994,1655,2025-11-28,30.0,CMP0185,Card,1,0
4260,1413,2019-11-03,10,CMP0140,Cash,1,0
9230,3014,2022-10-03,15.0,CMP0183,Online,0,0
8035,2620,2025-11-04,25,CMP0155,Card,1,0
12045,3920,2025-05-06,250,CMP0172,Direct Debit,1,0
2373,810,2023-07-08,15.0,CMP0037,Online,1,0
2381,814,2025-06-22,500,CMP0166,Cheque,1,0
10387,3387,2024-12-23,50,CMP0043,Cheque,1,0
9098,2964,2021-07-08,5,CMP0124,Card,1,0
8388,2737,2020-07-20,10,CMP0086,Card,0,0
2649,892,2025-12-29,250,CMP0012,Card,1,0
11307,3654,2024-09-28,20,CMP0165,Online,1,0
10550,3441,2022-11-12,50,CMP0105,Card,0,0
9092,2964,2025-09-14,375.0,CMP0093,Cheque,0,0
10392,3390,2022-11-11,100,CMP0131,Online,0,0
9161,2990,2024-12-20,10,CMP0050,Cash,1,0
3031,1026,2026-07-28,5,CMP0043,Cash,1,0
8600,2804,2026-01-04,75.0,CMP0031,Card,1,0
1082,359,2025-11-29,250,CMP0121,Online,0,0
6626,2185,2025-06-22,50,CMP0158,Direct Debit,0,0
8807,2875,2024-03-17,20,CMP0122,Cash,1,0
10802,3513,2024-12-13,250,CMP0100,Cheque,0,0
3723,1249,2022-11-12,5,CMP0061,Cheque,0,0
9577,3126,2024-11-09,250,CMP0088,Card,1,0
2140,715,2022-12-18,15,CMP0150,Card,1,0
946,317,2025-05-17,500,CMP0107,Online,0,0
11391,3673,2021-05-20,5,CMP0120,Cheque,1,0
8654,2826,2025-09-16,375.0,CMP0170,Direct Debit,1,0
9974,3263,2023-05-14,25,CMP0003,Standing Order,0,0
6563,2172,2021-06-16,30.0,CMP0134,Online,0,0
6265,2056,2023-06-09,50,CMP0077,Card,1,0
9067,2959,2022-10-10,22.5,CMP0162,Card,1,0
4071,1355,2023-06-12,20,CMP0002,Online,0,0
1568,526,2022-11-10,100,CMP0078,Standing Order,1,0
11278,3644,2017-06-25,10,CMP0120,Cheque,1,0
2150,719,2022-04-27,100,CMP0032,Direct Debit,1,0
9881,3228,2024-07-03,20,CMP0002,Card,0,0
2026,674,2024-01-31,20,CMP0143,Cheque,0,0
10888,3539,2021-11-04,25,CMP0076,Direct Debit,1,0
3664,1227,2025-05-04,10,CMP0074,Cash,0,0
5424,1790,2020-07-23,37.5,CMP0156,Cheque,1,0
8957,2928,2026-04-07,75.0,CMP0015,Online,0,0
626,198,2024-11-07,200,CMP0002,Online,1,0
8681,2834,2019-02-18,375.0,CMP0173,Online,1,0
657,206,2023-08-19,50,CMP0091,Online,1,0
9983,3265,2018-09-19,25,CMP0143,Cheque,0,0
11066,3585,2025-08-17,7.5,CMP0191,Online,1,0
3829,1284,2024-04-04,50,CMP0070,Cash,1,0
387,125,2025-09-22,20,CMP0097,Cheque,0,0
5030,1671,2020-07-01,40,CMP0002,Card,1,0
4738,1579,2022-07-17,375.0,CMP0088,Direct Debit,0,0
1733,583,2024-05-30,40,CMP0070,Card,0,0
2774,946,2026-03-20,100,CMP0172,Online,1,0
75,25,2023-12-13,40,CMP0037,Online,1,0
3404,1139,2024-10-03,30.0,CMP0155,Standing Order,1,0
4175,1382,2024-12-16,5,CMP0073,Cash,0,0
1665,558,2025-09-16,25,CMP0052,Cheque,1,0
11208,3623,2020-10-10,15.0,CMP0187,Online,1,0
10295,3365,2023-02-27,5,CMP0058,Online,1,0
7848,2561,2025-04-04,50,CMP0140,Standing Order,1,0
614,196,2023-04-25,500,CMP0118,Direct Debit,0,0
7598,2485,2023-04-16,40,CMP0177,Direct Debit,1,0
4749,1582,2023-10-14,250,CMP0015,Direct Debit,1,0
4708,1573,2019-02-01,75.0,CMP0026,Card,0,0
1411,471,2022-10-29,50,CMP0027,Cash,1,1
3245,1092,2022-11-12,50,CMP0001,Cash,1,0
2811,961,2025-07-27,40,CMP0096,Standing Order,1,0
11657,3758,2026-07-18,50,CMP0073,Direct Debit,0,0
9865,3222,2024-08-02,500,CMP0021,Card,0,0
4624,1544,2025-05-19,5,CMP0101,Cheque,0,0
4054,1349,2022-05-13,250,CMP0182,Card,1,0
3939,1318,2021-10-26,20,CMP0149,Direct Debit,1,0
3092,1046,2022-01-14,10,CMP0102,Card,1,0
3152,1063,2026-01-09,7.5,CMP0032,Standing Order,1,0
7185,2349,2024-08-25,250,CMP0137,Online,1,0
2970,1009,2025-08-17,15,CMP0149,Direct Debit,0,0
9705,3171,2018-10-01,375.0,CMP0015,Standing Order,0,0
3272,1099,2019-09-11,50,CMP0112,Standing Order,0,0
1213,398,2024-01-20,25,CMP0109,Cheque,1,0
451,145,2023-10-27,5,CMP0124,Standing Order,1,0
6901,2265,2025-02-07,375.0,CMP0042,Cash,0,0
9847,3211,2021-02-06,20,CMP0111,Cheque,0,0
6540,2164,2020-09-30,100,CMP0186,Cheque,0,0
10279,3363,2020-10-10,200,CMP0101,Cash,1,0
3937,1318,2026-04-13,10,CMP0138,Cheque,1,0
2437,821,2020-09-02,15,CMP0006,Cheque,0,0
8495,2770,2021-04-10,250,CMP0105,Cheque,1,0
9248,3020,2025-11-13,40,CMP0192,Cheque,0,0
4330,1432,2021-10-06,7.5,CMP0015,Online,1,0
5501,1813,2024-07-31,200,CMP0055,Cash,0,0
7369,2401,2017-10-05,15.0,CMP0138,Cheque,1,0
11562,3728,2024-03-10,30,CMP0044,Direct Debit,0,0
1254,411,2026-04-11,50,CMP0117,Cheque,1,0
10007,3278,2025-02-02,50,CMP0177,Standing Order,1,0
11506,3715,2022-12-24,100,CMP0137,Online,1,0
2820,962,2023-09-30,30,CMP0048,Card,1,0
8951,2926,2023-03-31,22.5,CMP0030,Card,1,0
1077,357,2025-03-07,20,CMP0139,Cash,0,0
7842,2556,2022-02-20,15,CMP0167,Cash,1,0
5997,1962,2019-11-09,20,CMP0047,Cheque,1,0
645,203,2024-02-22,250,CMP0188,Cheque,0,0
6977,2284,2024-06-09,20,CMP0083,Standing Order,0,0
8537,2783,2024-08-19,30.0,CMP0086,Cheque,1,0
8276,2709,2019-11-21,10,CMP0120,Standing Order,1,0
11887,3857,2025-02-13,15,CMP0036,Online,1,0
2659,896,2025-05-31,7.5,CMP0089,Direct Debit,1,0
527,167,2025-07-25,20,CMP0185,Standing Order,1,0
6118,1996,2024-09-17,20,CMP0170,Card,0,0
7786,2545,2026-03-24,25,CMP0065,Card,1,0
3353,1124,2022-06-20,10,CMP0167,Standing Order,0,0
10010,3279,2025-03-20,100,CMP0173,Direct Debit,0,0
3573,1198,2024-04-29,50,CMP0115,Standing Order,1,0
1949,650,2019-05-12,250,CMP0034,Cash,1,0
2497,849,2023-03-06,25,CMP0019,Cheque,1,0
11153,3610,2026-05-29,50,CMP0112,Card,0,0
3104,1050,2024-11-01,25,CMP0064,Cheque,1,0
6788,2231,2022-08-14,375.0,CMP0077,Standing Order,0,0
1469,490,2024-04-14,75.0,CMP0050,Card,1,0
11860,3852,2022-09-29,375.0,CMP0057,Direct Debit,1,0
3626,1215,2024-05-30,250,CMP0063,Cash,0,0
11769,3811,2023-12-28,10,CMP0056,Cash,0,0
5428,1791,2021-09-04,100,CMP0041,Cash,1,0
3618,1214,2020-01-15,150.0,CMP0056,Direct Debit,0,0
21,3,2018-09-24,250,CMP0133,Cheque,0,0
383,124,2025-10-28,20,CMP0043,Card,0,0
3112,1051,2022-03-07,20,CMP0006,Direct Debit,0,0
10740,3494,2025-05-11,10,CMP0116,Direct Debit,0,0
6090,1991,2021-12-31,25,CMP0012,Direct Debit,1,0
2284,772,2025-09-28,10,CMP0058,Direct Debit,1,0
137,40,2024-06-22,100,CMP0036,Cheque,1,0
8633,2819,2020-11-01,20,CMP0066,Card,0,0
6713,2214,2020-06-08,50,CMP0166,Standing Order,0,0
326,101,2022-09-02,5,CMP0038,Cash,0,0
9677,3163,2025-10-31,10,CMP0108,Cash,0,0
1983,666,2026-02-06,250,CMP0004,Card,0,0
4853,1609,2021-03-31,25,CMP0011,Card,1,0
1604,543,2026-02-28,50,CMP0107,Cash,0,0
2522,853,2023-11-24,7.5,CMP0163,Cash,0,0
8151,2654,2023-12-26,25,CMP0178,Online,0,0
4486,1494,2025-09-12,40,CMP0121,Cheque,0,0
7080,2316,2025-07-05,50,CMP0106,Standing Order,1,0
159,47,2026-02-08,20,CMP0127,Direct Debit,1,0
2521,853,2025-02-14,5,CMP0120,Cash,0,0
5777,1895,2022-01-04,15,CMP0081,Cheque,1,0
8184,2669,2020-03-17,10,CMP0133,Cash,1,0
9034,2946,2023-05-10,500,CMP0187,Direct Debit,1,0
12298,4003,2025-07-15,10,CMP0112,Cash,1,0
9724,3177,2024-09-02,10,CMP0029,Standing Order,0,0
4663,1558,2023-08-03,25,CMP0142,Online,1,0
2967,1009,2020-02-18,10,CMP0123,Online,0,0
6905,2266,2025-03-02,250,CMP0058,Card,0,0
2530,856,2026-06-24,25,CMP0179,Online,0,0
9554,3120,2021-11-06,25,CMP0062,Card,0,0
11317,3656,2025-01-14,5,CMP0023,Cheque,1,0
8444,2755,2022-10-17,30.0,CMP0151,Online,0,0
11764,3808,2026-03-10,20,CMP0187,Standing Order,0,0
4554,1515,2018-09-18,30.0,CMP0037,Card,1,1
8982,2933,2022-01-09,100,CMP0130,Online,1,0
11176,3618,2025-09-16,250,CMP0111,Cash,0,0
10959,3552,2023-10-30,75.0,CMP0148,Standing Order,0,0
7895,2574,2020-08-24,30.0,CMP0025,Direct Debit,1,0
8646,2822,2024-05-24,25,CMP0100,Card,1,0
10516,3433,2025-10-01,375.0,CMP0186,Cash,0,0
12145,3953,2024-10-19,10,CMP0103,Cash,1,0
3405,1139,2025-12-19,20,CMP0149,Cheque,1,0
5160,1705,2025-01-28,30,CMP0062,Direct Debit,0,0
1297,423,2026-08-17,25,CMP0143,Cash,1,0
12073,3933,2026-02-01,10,CMP0190,Direct Debit,0,0
9190,2998,2026-07-06,37.5,CMP0066,Direct Debit,1,0
10462,3409,2023-12-03,20,CMP0121,Direct Debit,1,0
4157,1378,2023-03-30,250,CMP0126,Card,1,0
6379,2105,2025-02-06,75.0,CMP0140,Cheque,0,0
12061,3928,2025-05-26,10,CMP0076,Online,0,0
5518,1818,2021-04-09,150.0,CMP0005,Direct Debit,0,0
4916,1634,2023-03-04,30.0,CMP0142,Cheque,0,0
6257,2055,2023-06-29,7.5,CMP0013,Cash,0,0
5311,1757,2024-11-15,25,CMP0072,Cheque,0,0
4830,1605,2021-07-26,25,CMP0011,Online,1,0
163,48,2024-11-04,37.5,CMP0064,Cash,1,0
945,317,2023-05-29,50,CMP0100,Cash,0,0
2506,850,2024-11-07,37.5,CMP0026,Card,0,0
9344,3048,2023-01-28,100,CMP0159,Card,1,0
3103,1049,2018-09-29,500,CMP0108,Cheque,1,0
263,78,2022-02-24,75.0,CMP0018,Online,1,0
1056,349,2022-10-05,50,CMP0146,Cheque,0,0
9322,3041,2024-04-04,250,CMP0033,Cash,1,0
3661,1227,2025-05-27,25,CMP0120,Cheque,0,0
3347,1123,2023-05-25,25,CMP0152,Standing Order,1,0
205,54,2023-06-09,25,CMP0066,Cheque,0,0
2441,824,2025-04-21,150.0,CMP0143,Cheque,0,0
7686,2509,2020-05-19,25,CMP0031,Standing Order,0,0
475,150,2026-01-22,200,CMP0054,Standing Order,1,0
10885,3539,2024-06-11,10,CMP0036,Online,0,0
10611,3461,2026-04-07,37.5,CMP0124,Cash,0,0
4247,1407,2024-05-13,150.0,CMP0178,Online,1,0
11762,3808,2024-11-22,75.0,CMP0048,Standing Order,1,0
6068,1986,2024-06-15,100,CMP0014,Online,0,0
11708,3778,2024-08-20,40,CMP0080,Online,1,0
2989,1016,2025-06-30,375.0,CMP0181,Cash,0,0
4291,1420,2022-10-23,250,CMP0021,Cash,1,0
6167,2020,2025-01-13,100,CMP0113,Standing Order,1,0
5208,1726,2026-02-16,20,CMP0026,Cash,0,0
10,1,2026-07-08,7.5,CMP0103,Cheque,0,0
2252,756,2025-06-19,20,CMP0067,Card,0,0
5709,1872,2021-01-31,10,CMP0191,Card,0,0
3243,1090,2022-05-10,15,CMP0029,Standing Order,1,0
6210,2042,2024-11-30,5,CMP0051,Online,0,0
9073,2960,2021-10-21,15,CMP0190,Cheque,0,0
7988,2597,2022-03-11,50,CMP0048,Cheque,0,0
2375,813,2025-03-06,20,CMP0059,Standing Order,1,0
2630,886,2022-12-30,22.5,CMP0161,Standing Order,1,0
12209,3970,2026-02-11,250,CMP0037,Cheque,0,0
9640,3144,2020-06-10,25,CMP0019,Direct Debit,0,0
5791,1899,2026-06-01,150.0,CMP0150,Online,0,0
5079,1683,2024-02-22,50,CMP0126,Online,1,0
9474,3095,2020-10-18,20,CMP0089,Card,1,0
2247,754,2023-06-25,15,CMP0078,Cash,0,0
1431,473,2025-10-05,150.0,CMP0128,Standing Order,1,0
261,78,2020-08-12,15,CMP0148,Cash,1,0
2280,771,2026-07-27,40,CMP0148,Online,0,0
978,328,2020-08-15,100,CMP0088,Cheque,1,0
618,197,2025-11-24,40,CMP0147,Card,1,0
4508,1502,2023-03-04,30,CMP0065,Card,0,0
4257,1411,2025-12-17,7.5,CMP0002,Standing Order,1,0
4518,1503,2025-04-28,25,CMP0136,Cash,0,0
2994,1017,2023-10-19,250,CMP0156,Online,1,0
2261,757,2025-01-18,10,CMP0139,Card,0,0
9938,3250,2024-01-18,20,CMP0023,Cash,0,0
5919,1938,2020-07-24,100,CMP0090,Cheque,1,0
4718,1577,2025-01-09,150.0,CMP0006,Online,0,0
9456,3084,2024-09-26,200,CMP0158,Cheque,1,0
3349,1123,2026-05-15,25,CMP0021,Online,0,0
8473,2763,2024-10-26,100,CMP0123,Direct Debit,1,0
5694,1868,2025-04-07,7.5,CMP0165,Cash,0,0
2838,969,2018-10-29,25,CMP0093,Online,0,0
661,207,2026-06-07,22.5,CMP0021,Online,0,0
7597,2485,2025-07-05,100,CMP0021,Online,1,0
3450,1156,2021-01-21,150.0,CMP0074,Online,0,0
3784,1268,2026-02-24,20,CMP0040,Cash,0,1
4514,1502,2019-02-20,7.5,CMP0111,Card,0,0
11983,3894,2023-12-27,200,CMP0116,Online,0,0
201,54,2021-01-25,15,CMP0031,Standing Order,1,0
11741,3795,2021-10-07,15,CMP0001,Card,1,0
11019,3573,2020-04-06,10,CMP0044,Cheque,0,0
2354,804,2026-07-13,20,CMP0062,Cheque,1,0
2779,949,2026-06-28,50,CMP0065,Cheque,0,0
8765,2867,2023-07-22,10,CMP0104,Cash,1,0
2984,1013,2025-06-20,500,CMP0031,Cash,0,0
5352,1767,2023-05-08,100,CMP0136,Card,1,0
1715,580,2026-05-21,100,CMP0018,Cheque,1,0
11053,3583,2026-02-09,5,CMP0145,Standing Order,0,0
9274,3032,2023-03-14,10,CMP0121,Card,0,0
6223,2048,2025-08-05,500,CMP0091,Cheque,1,0
9596,3133,2026-01-25,150.0,CMP0011,Cash,1,0
6687,2210,2026-04-26,500,CMP0158,Online,1,0
4445,1475,2026-06-17,10,CMP0095,Card,0,0
10777,3500,2024-03-12,250,CMP0096,Cheque,1,0
506,159,2023-11-29,250,CMP0007,Standing Order,1,1
5230,1732,2024-12-01,15,CMP0106,Cheque,1,0
2891,987,2020-06-19,5,CMP0020,Standing Order,0,0
5991,1960,2020-03-10,20,CMP0097,Card,0,0
2840,969,2024-01-11,100,CMP0192,Online,1,0
10498,3419,2022-05-25,50,CMP0124,Cheque,1,0
797,259,2023-01-18,10,CMP0090,Card,1,0
7542,2468,2024-11-13,5,CMP0029,Standing Order,0,0
6441,2126,2024-02-26,75.0,CMP0162,Card,0,0
11593,3733,2026-02-09,7.5,CMP0175,Online,0,0
2032,675,2025-12-25,25,CMP0043,Online,0,0
11510,3715,2020-08-12,5,CMP0143,Cheque,0,0
8371,2735,2019-06-12,150.0,CMP0011,Cheque,1,0
8137,2652,2021-03-19,22.5,CMP0132,Standing Order,0,0
4197,1394,2018-07-10,375.0,CMP0001,Standing Order,0,0
1611,543,2023-03-24,30.0,CMP0154,Card,0,0
10222,3340,2024-01-16,15,CMP0125,Standing Order,0,0
12112,3942,2024-11-30,250,CMP0007,Online,0,0
8477,2764,2023-10-27,100,CMP0179,Online,1,0
2505,849,2023-12-11,30,CMP0095,Card,1,0
1365,446,2026-08-01,40,CMP0022,Cash,1,0
9347,3050,2022-09-22,100,CMP0168,Direct Debit,1,0
9874,3225,2023-08-12,20,CMP0058,Online,0,0
10315,3368,2023-10-03,20,CMP0111,Direct Debit,1,0
3659,1225,2026-05-02,30.0,CMP0049,Standing Order,1,0
11201,3622,2025-12-24,30.0,CMP0117,Standing Order,1,0
1522,512,2020-05-21,5,CMP0013,Card,1,0
11752,3802,2025-06-28,37.5,CMP0185,Cheque,0,0
6000,1962,2020-02-29,100,CMP0006,Cheque,0,0
4924,1637,2018-10-16,100,CMP0127,Standing Order,0,0
7443,2430,2024-02-26,5,CMP9015,Cash,0,0
6617,2182,2020-01-20,10,CMP0175,Card,0,0
6868,2255,2025-11-25,5,CMP0178,Cheque,0,0
10399,3390,2023-09-11,200,CMP0129,Card,1,0
8800,2873,2026-07-16,500,CMP0097,Direct Debit,1,0
2067,691,2025-09-25,20,CMP0103,Standing Order,1,0
1758,588,2023-04-19,100,CMP0049,Online,1,0
11847,3849,2025-07-02,375.0,CMP0009,Cash,1,0
7036,2305,2026-07-06,20,CMP0076,Online,1,0
1184,388,2022-01-14,150.0,CMP0154,Card,0,0
5493,1806,2022-12-22,50,CMP0102,Standing Order,0,0
7495,2448,2025-11-29,100,CMP0028,Standing Order,0,0
538,171,2025-04-05,10,CMP0081,Direct Debit,0,0
3551,1191,2025-03-03,100,CMP0028,Card,0,0
5661,1861,2026-05-07,5,CMP0124,Standing Order,0,0
9237,3014,2023-12-18,200,CMP0046,Cheque,0,0
9466,3089,2020-01-11,375.0,CMP0104,Cash,1,0
8309,2714,2022-08-18,20,CMP0044,Card,0,0
6137,2002,2026-05-23,10,CMP0115,Card,1,0
1159,384,2024-02-26,50,CMP0119,Card,0,0
5048,1674,2023-12-03,250,CMP0049,Direct Debit,1,0
7715,2520,2024-10-02,5,CMP0155,Cash,0,0
10503,3426,2020-04-29,250,CMP0062,Cash,0,0
919,307,2025-04-21,30,CMP0109,Standing Order,0,0
11667,3760,2025-01-29,5,CMP0184,Standing Order,0,0
1781,597,2022-10-22,250,CMP0030,Cash,0,0
6093,1991,2024-01-11,150.0,CMP0134,Cheque,0,0
18,3,2022-10-17,5,CMP0047,Online,1,0
4590,1532,2023-09-08,15,CMP0177,Card,0,0
2829,965,2023-12-06,30.0,CMP0178,Cheque,0,0
9094,2964,2024-06-27,50,CMP0032,Standing Order,1,0
4813,1603,2020-09-15,5,CMP0180,Card,1,0
10703,3487,2021-04-23,25,CMP0026,Online,0,0
3769,1264,2025-01-21,20,CMP0080,Cash,0,0
8446,2755,2025-03-15,15,CMP0056,Cash,0,0
7137,2332,2022-01-20,375.0,CMP0118,Cheque,1,0
10197,3331,2026-04-12,25,CMP0168,Card,0,0
1279,420,2024-07-17,50,CMP0110,Card,0,0
6627,2185,2025-07-03,25,CMP0071,Online,1,0
4874,1617,2022-02-04,20,CMP0094,Online,1,0
1711,578,2019-12-25,10,CMP0183,Standing Order,0,0
2258,756,2022-03-24,20,CMP0176,Card,1,0
2717,930,2024-03-15,15,CMP0168,Direct Debit,1,0
1497,501,2024-12-18,250,CMP0185,Cheque,0,0
7219,2359,2023-04-11,20,CMP0144,Direct Debit,0,0
10526,3434,2017-11-09,30,CMP0021,Standing Order,1,0
1344,439,2025-09-19,250,CMP0023,Standing Order,1,0
5110,1695,2025-12-27,50,CMP0095,Cheque,0,0
8203,2680,2025-10-10,100,CMP0073,Standing Order,0,0
5535,1821,2025-01-28,30.0,CMP0021,Standing Order,0,0
7814,2551,2025-03-06,20,CMP0124,Direct Debit,1,0
5886,1928,2025-12-03,200,CMP0122,Card,1,0
8452,2756,2025-03-05,15.0,CMP0101,Card,0,0
6270,2058,2024-09-02,15,CMP0173,Cheque,1,0
9613,3139,2025-12-23,20,CMP0084,Direct Debit,1,0
1823,612,2026-08-08,37.5,CMP0041,Cash,1,0
12179,3961,2024-09-05,10,CMP0109,Direct Debit,0,0
2876,981,2024-02-23,10,CMP0121,Standing Order,1,0
11785,3814,2023-02-22,10,CMP0042,Online,0,0
6946,2278,2025-11-24,100,CMP0106,Cash,1,0
948,319,2023-06-05,50,CMP0023,Cheque,1,0
767,252,2024-01-20,20,CMP0146,Online,0,0
12177,3961,2023-05-14,30,CMP0120,Cash,0,0
8650,2825,2024-08-23,5,CMP0072,Card,1,0
10428,3395,2024-11-07,20,CMP0112,Standing Order,0,0
9518,3107,2023-04-07,15,CMP0143,Cheque,1,0
1613,543,2025-07-28,7.5,CMP0139,Online,0,0
4351,1441,2025-11-24,20,CMP0172,Direct Debit,0,0
2311,784,2019-06-02,25,CMP0019,Cash,1,0
171,50,2022-07-11,15,CMP0062,Online,0,0
1813,607,2026-02-14,15,CMP0002,Standing Order,1,0
7915,2580,2026-04-17,375.0,CMP0125,Card,0,0
4795,1600,2019-09-01,150.0,CMP0185,Cash,0,0
11547,3726,2024-02-02,250,CMP0122,Card,0,0
5102,1691,2024-07-09,25,CMP0121,Cheque,1,0
6542,2164,2024-03-19,40,CMP0088,Online,1,0
12273,3993,2022-11-06,22.5,CMP0030,Cheque,1,0
7432,2427,2021-06-26,10,CMP0109,Card,0,0
7472,2441,2023-10-04,500,CMP0108,Online,0,0
2950,1004,2020-08-01,25,CMP0045,Direct Debit,0,0
2787,953,2024-06-03,40,CMP0134,Cash,1,0
8253,2695,2024-02-23,20,CMP0059,Cash,0,0
7569,2476,2025-12-16,25,CMP0154,Direct Debit,0,0
11917,3869,2022-01-25,100,CMP0107,Standing Order,0,0
5941,1944,2022-07-19,50,CMP0158,Standing Order,1,1
6534,2163,2020-08-06,20,CMP0155,Online,1,0
10304,3367,2026-05-28,15,CMP0173,Cheque,1,0
9708,3172,2023-03-22,15,CMP0134,Cheque,0,0
10781,3502,2025-08-21,50,CMP0096,Standing Order,1,0
8299,2711,2022-04-25,250,CMP0144,Card,0,0
2871,981,2026-03-23,5,CMP0069,Card,1,0
8384,2737,2022-09-30,10,CMP0005,Standing Order,1,0
619,197,2025-06-12,30,CMP0015,Standing Order,0,0
5708,1872,2025-04-06,25,CMP0021,Cheque,1,0
8150,2654,2022-10-20,10,CMP0038,Cash,0,0
1141,382,2022-05-26,250,CMP0007,Cash,0,0
9150,2984,2025-08-25,10,CMP0130,Cheque,0,0
1734,583,2023-08-07,25,CMP0171,Online,0,0
2025,674,2026-08-04,10,CMP0034,Online,1,0
6967,2284,2025-10-07,75.0,CMP0023,Standing Order,1,0
7575,2477,2026-04-14,200,CMP0036,Cash,1,0
257,77,2020-07-02,250,CMP0019,Cash,1,0
9531,3112,2023-06-22,20,CMP0106,Card,0,0
7956,2591,2023-08-08,30.0,CMP0082,Cheque,1,0
2128,711,2025-11-07,10,CMP0065,Card,1,0
9032,2946,2019-10-27,150.0,CMP0113,Standing Order,0,0
4236,1403,2021-07-16,22.5,CMP0081,Online,1,0
6882,2257,2025-06-06,7.5,CMP0109,Direct Debit,1,0
6916,2271,2023-06-02,25,CMP0031,Standing Order,1,0
8086,2635,2022-09-11,10,CMP0008,Direct Debit,1,0
7888,2572,2023-09-30,25,CMP0060,Direct Debit,1,0
1222,402,2021-10-13,25,CMP0086,Card,0,0
5659,1860,2024-02-04,20,CMP0039,Cheque,0,0
5203,1725,2025-12-23,10,CMP0025,Direct Debit,0,0
5355,1767,2019-05-04,7.5,CMP0097,Online,0,0
10190,3331,2026-07-28,50,CMP0140,Card,1,0
11063,3584,2022-09-07,10,CMP0075,Online,1,0
7465,2439,2024-08-15,250,CMP0050,Card,0,0
3027,1026,2023-11-10,10,CMP0126,Card,0,0
9436,3078,2024-09-21,40,CMP0123,Cash,1,0
2590,876,2025-10-21,10,CMP0048,Cheque,0,0
5071,1682,2025-01-15,500,CMP0183,Card,1,0
7306,2382,2021-08-18,250,CMP0117,Cash,0,0
1769,593,2023-09-13,500,CMP0003,Direct Debit,0,0
1467,490,2024-09-07,10,CMP0087,Cheque,0,0
6594,92155,2023-11-24,10,CMP0170,Standing Order,0,0
12007,3902,2026-04-16,10,CMP0151,Direct Debit,0,0
10655,3475,2024-10-05,250,CMP0068,Cheque,1,0
2667,901,2023-08-02,375.0,CMP0187,Standing Order,0,0
6822,2241,2025-05-24,250,CMP0059,Standing Order,0,0
4059,1351,2019-04-28,22.5,CMP0104,Cash,1,0
6625,2185,2025-12-09,15,CMP0083,Direct Debit,1,0
10598,3457,2025-06-28,30.0,CMP0093,Direct Debit,1,0
8942,2923,2024-11-12,250,CMP0145,Cash,1,0
2222,741,2025-04-16,150.0,CMP0147,Direct Debit,0,0
3657,1225,2025-04-19,250,CMP0129,Direct Debit,1,0
8200,2677,2023-08-15,250,CMP0042,Cash,0,0
1389,458,2024-06-24,50,CMP0171,Cheque,0,1
2983,1012,2026-01-13,20,CMP0037,Cheque,1,1
5133,1700,2025-02-28,15,CMP0148,Cheque,1,0
5450,1795,2023-09-30,50,CMP0160,Cash,1,0
7697,2514,2024-03-20,20,CMP0003,Online,0,0
5347,1763,2024-03-30,20,CMP0133,Standing Order,0,0
2401,816,2020-11-15,50,CMP0116,Direct Debit,0,0
9096,2964,2024-07-04,15.0,CMP0054,Cheque,0,0
1335,438,2020-05-23,30,CMP0164,Standing Order,0,0
8658,2827,2025-06-29,30.0,CMP0021,Card,1,0
10530,3435,2019-04-05,50,CMP0148,Direct Debit,0,0
7905,2577,2024-08-26,250,CMP0118,Standing Order,0,0
5870,1923,2025-05-04,100,CMP0175,Cheque,1,0
3758,1262,2024-03-29,250,CMP0041,Cheque,1,0
4034,1344,2024-12-15,37.5,CMP0169,Online,0,0
5874,1926,2025-01-27,150.0,CMP0048,Cash,1,0
5760,1891,2020-06-24,20,CMP0097,Cash,0,0
1464,486,2024-07-16,5,CMP0089,Cash,0,0
8582,2795,2026-02-17,15,CMP0029,Standing Order,0,0
9212,3006,2019-05-10,30.0,CMP0182,Cheque,0,0
6834,2249,2026-04-27,100,CMP0018,Direct Debit,1,0
6495,2149,2024-01-31,37.5,CMP0007,Cheque,1,0
458,146,2026-04-04,200,CMP0147,Online,0,0
2452,827,2023-12-17,100,CMP0116,Cheque,0,0
9514,3105,2023-02-12,5,CMP0101,Online,1,0
7750,2531,2019-11-08,20,CMP0147,Online,1,0
4810,1602,2024-08-21,15,CMP0155,Standing Order,1,0
10561,3443,2024-12-19,20,CMP0157,Standing Order,1,0
2144,716,2021-01-22,250,CMP0156,Online,1,0
2503,849,2019-05-20,30,CMP0105,Cheque,1,0
811,270,2024-07-21,20,CMP0136,Card,1,0
5721,1877,2022-08-04,375.0,CMP0007,Card,1,0
3742,1253,2026-02-26,20,CMP0025,Online,0,0
9195,2999,2018-03-25,75.0,CMP0130,Standing Order,1,0
11788,3814,2023-05-11,100,CMP0074,Cash,0,0
5089,1686,2025-02-18,22.5,CMP0057,Standing Order,1,0
6045,1977,2025-07-10,15,CMP0084,Cheque,1,0
262,78,2025-06-14,37.5,CMP0189,Standing Order,1,0
11584,3732,2025-09-06,30,CMP0026,Cash,0,0
5334,1762,2022-11-12,250,CMP0091,Cash,1,0
5884,1926,2023-11-16,30,CMP0005,Cash,1,0
8605,2807,2025-07-05,500,CMP0143,Cheque,1,0
1951,651,2024-10-09,25,CMP0127,Direct Debit,0,0
6645,2194,2023-04-03,40,CMP0153,Card,0,0
305,93,2024-03-07,150.0,CMP0008,Cash,0,0
1455,484,2025-05-25,15,CMP0123,Cheque,1,0
6281,2067,2025-12-02,20,CMP0179,Direct Debit,1,0
2013,671,2023-03-12,100,CMP0047,Card,1,0
8907,2904,2024-09-25,250,CMP0088,Cash,0,0
6387,2107,2025-05-01,25,CMP0084,Cash,1,0
1864,626,2024-07-14,20,CMP0032,Cheque,1,0
9176,2995,2026-01-29,375.0,CMP0153,Standing Order,0,0
6686,2210,2022-09-08,5,CMP0142,Standing Order,1,0
9013,2943,2019-10-03,40,CMP0130,Online,1,0
8866,2897,2021-05-25,15,CMP0157,Standing Order,1,0
6294,2073,2018-10-25,15.0,CMP0102,Cash,1,0
10782,3502,2026-02-19,50,CMP0071,Cash,1,0
3419,1143,2020-03-23,25,CMP0053,Cheque,1,0
4823,1604,2024-04-09,250,CMP0044,Online,0,0
8090,2637,2024-07-03,15,CMP0060,Cheque,1,0
3832,1285,2026-01-29,15,CMP0156,Cheque,0,0
5861,1919,2024-04-23,50,CMP0110,Cash,0,0
5719,1876,2025-05-10,50,CMP0168,Direct Debit,1,0
8170,2665,2023-09-18,37.5,CMP0137,Online,0,0
7811,2551,2025-02-08,50,CMP0140,Standing Order,1,0
11413,3682,2022-07-03,20,CMP0050,Card,1,0
7010,2296,2026-01-17,22.5,CMP0089,Online,0,0
10221,3338,2021-04-14,250,CMP0154,Standing Order,0,0
5000,1657,2023-01-03,15,CMP0090,Online,1,0
3373,1129,2026-01-12,50,CMP0079,Direct Debit,0,0
5043,1674,2024-01-03,250,CMP0022,Card,1,0
7264,2375,2025-03-23,5,CMP0011,Direct Debit,0,0
5706,1872,2025-08-01,5,CMP0083,Direct Debit,0,0
10823,3517,2019-05-19,250,CMP0011,Standing Order,1,0
3116,1052,2022-09-03,0,CMP0053,Direct Debit,0,0
6098,1991,2024-03-05,30,CMP0027,Direct Debit,0,0
6338,2090,2021-10-05,250,CMP0044,Standing Order,1,0
7333,2390,2026-06-22,37.5,CMP0153,Online,0,0
1142,382,2023-10-18,50,CMP0103,Cheque,0,0
10908,3543,2025-08-28,250,CMP0167,Online,0,0
1168,385,2024-10-07,250,CMP0014,Standing Order,1,0
9423,3072,2025-09-13,10,CMP0038,Card,0,0
10004,3277,2026-03-06,100,CMP0066,Direct Debit,0,0
9701,3170,2025-07-06,22.5,CMP0143,Direct Debit,0,0
2724,932,2023-11-28,10,CMP0174,Card,0,0
9900,3233,2021-05-23,5,CMP0022,Cheque,0,0
9776,3189,2026-01-31,100,CMP0191,Cash,0,0
2359,806,2025-09-24,30,CMP0084,Online,0,0
3011,1020,2026-06-02,100,CMP0151,Standing Order,0,0
441,143,2024-05-23,25,CMP0115,Card,1,0
2436,821,2024-08-21,5,CMP0070,Direct Debit,1,0
7090,2319,2025-06-01,40,CMP0052,Card,1,0
1826,614,2024-09-13,50,CMP0117,Cash,1,0
3865,1297,2024-12-21,15,CMP0139,Cash,0,0
1261,414,2025-12-26,500,CMP0188,Standing Order,0,0
4489,1495,2025-03-06,15,CMP0105,Cash,1,0
11024,3576,2019-11-19,25,CMP0188,Standing Order,1,0
4655,1558,2025-07-20,100,CMP0185,Standing Order,0,0
1894,636,2021-08-28,250,CMP0082,Card,1,0
5625,1845,2021-01-26,100,CMP0161,Online,0,0
9168,2993,2024-05-22,20,CMP0116,Direct Debit,1,0
3474,1162,2021-07-10,7.5,CMP0019,Cheque,0,0
8380,2737,2017-08-16,25,CMP0036,Card,0,0
1063,352,2023-10-22,20,CMP0140,Standing Order,1,0
6136,2000,2022-01-11,30,CMP0013,Direct Debit,1,0
2370,810,2021-08-26,100,CMP0124,Online,0,0
3412,1142,2023-07-12,50,CMP0010,Card,0,0
8881,2898,2023-06-17,200,CMP0179,Online,0,0
4758,1584,2023-05-01,15,CMP0096,Direct Debit,1,0
6796,2236,2023-01-21,50,CMP0007,Cash,1,0
354,114,2025-08-07,100,CMP0008,Standing Order,0,0
1005,335,2026-05-10,20,CMP0078,Standing Order,1,0
7546,2469,2023-11-13,150.0,CMP0140,Online,1,0
5288,1752,2022-10-26,100,CMP0013,Card,1,0
7980,2596,2025-05-21,250,CMP0119,Online,0,0
9642,3145,2023-10-23,15,CMP0048,Standing Order,0,0
117,34,2024-07-08,37.5,CMP0131,Cash,1,0
1004,335,2024-01-23,500,CMP0172,Cheque,0,0
1269,416,2023-02-03,22.5,CMP0147,Direct Debit,0,0
8284,2710,2025-11-25,50,CMP0070,Direct Debit,0,0
10278,3363,2020-08-27,7.5,CMP0137,Cheque,1,0
7105,2323,2025-03-24,20,CMP0110,Online,1,0
5787,1899,2021-10-21,250,CMP0190,Online,1,0
7079,2315,2023-06-15,40,CMP0173,Card,1,0
7876,2571,2026-06-06,100,CMP0094,Standing Order,1,0
5093,1688,2026-07-27,10,CMP0175,Cheque,1,0
11796,3818,2024-02-14,5,CMP0185,Online,1,0
10390,3387,2024-06-27,20,CMP0066,Online,1,0
6291,2073,2019-08-30,22.5,CMP0082,Direct Debit,1,0
3417,1143,2024-04-08,22.5,CMP0028,Direct Debit,1,0
9340,3048,2025-11-23,15,CMP0151,Standing Order,1,0
4209,1395,2026-08-03,20,CMP0049,Standing Order,0,1
1824,612,2026-05-29,250,CMP0062,Card,0,0
5544,1823,2025-04-03,100,CMP0059,Cash,0,0
6781,2229,2023-05-13,30,CMP0174,Direct Debit,1,0
664,207,2026-07-17,10,CMP0064,Standing Order,0,0
2700,918,2021-05-16,15,CMP0037,Cash,1,0
146,44,2020-09-15,40,CMP0155,Card,0,0
11602,3737,2026-06-28,5,CMP0166,Card,0,0
9370,3059,2021-03-14,200,CMP0101,Standing Order,0,0
7259,2372,2026-01-01,20,CMP0154,Cash,0,0
507,159,2020-08-18,20,CMP0057,Direct Debit,1,0
3597,1208,2025-04-02,10,CMP0049,Online,1,0
8395,2741,2024-08-28,50,CMP0155,Card,0,0
7402,2417,2025-09-13,375.0,CMP0052,Direct Debit,0,0
2668,901,2023-11-23,20,CMP0055,Cheque,0,0
8779,2870,2021-07-02,100,CMP0080,Cheque,0,0
6206,2042,2023-12-20,20,CMP0007,Standing Order,0,0
5083,1685,2025-05-10,20,CMP0024,Card,0,0
587,189,2026-06-14,100,CMP0187,Cheque,1,0
7158,2340,2025-03-02,10,CMP0016,Card,1,0
7360,2399,2023-05-30,20,CMP0122,Direct Debit,0,0
3910,1308,2021-02-28,10,CMP0177,Cash,0,0
4429,1472,2021-04-26,40,CMP0021,Direct Debit,1,0
10321,3369,2025-04-02,250,CMP0033,Cash,1,1
6652,2197,2021-10-30,50,CMP0187,Card,0,0
6448,2130,2023-10-10,20,CMP0122,Standing Order,1,0
10759,3498,2017-09-12,20,CMP0093,Standing Order,0,0
1412,471,2021-04-09,10,CMP0179,Card,0,0
1153,383,2023-04-17,5,CMP0028,Card,0,0
10113,3313,2024-02-12,15,CMP0042,Online,1,0
8004,99235,2025-11-28,50,CMP0149,Online,0,0
7004,2294,2025-11-14,25,CMP0190,Card,1,0
5234,1733,2024-11-08,100,CMP0004,Cash,1,0
6605,2181,2025-04-20,30,CMP0012,Online,1,0
10778,3501,2024-01-05,30.0,CMP0018,Card,0,0
9754,3185,2023-04-13,250,CMP0079,Card,0,0
10692,3484,2026-06-25,50,CMP0139,Standing Order,0,0
9530,3112,2024-07-28,15,CMP0180,Card,0,0
6365,2099,2024-03-27,25,CMP0166,Direct Debit,0,0
5514,1817,2025-06-15,100,CMP0131,Online,1,0
8591,2800,2026-03-11,20,CMP0168,Card,0,0
11736,3793,2022-02-05,75.0,CMP0182,Card,1,0
8801,2873,2026-05-25,10,CMP0192,Direct Debit,1,0
936,314,2025-10-29,5,CMP0091,Direct Debit,0,0
5094,1690,2024-09-27,30,CMP0064,Cheque,1,0
4599,1533,2025-03-11,25,CMP0089,Standing Order,1,0
6808,2239,2021-07-06,50,CMP0150,Card,1,0
1456,484,2026-07-27,100,CMP0192,Cash,1,0
12074,3933,2024-04-22,5,CMP0064,Online,0,0
11819,3833,2025-02-24,250,CMP0063,Cheque,0,0
8923,2912,2019-12-26,100,CMP0181,Direct Debit,0,0
9406,3069,2023-09-05,15,CMP0135,Card,1,0
9027,2946,2022-06-03,25,CMP0134,Online,0,0
759,249,2025-12-14,375.0,CMP0144,Online,1,0
4238,1404,2026-07-05,5,CMP0104,Cash,0,0
11427,3686,2024-11-26,15,CMP0182,Direct Debit,0,0
11574,3730,2023-06-27,250,CMP0111,Card,0,0
10665,3478,2026-04-06,250,CMP0100,Online,1,0
8552,2785,2026-04-12,7.5,CMP0103,Direct Debit,1,0
5310,1757,2025-03-08,15.0,CMP0056,Standing Order,1,0
9063,2959,2023-01-11,20,CMP0173,Card,0,1
11920,3869,2021-06-29,150.0,CMP0054,Online,0,0
2272,766,2023-11-22,75.0,CMP0171,Cheque,0,0
7787,2546,2026-02-08,7.5,CMP0111,Direct Debit,1,0
3247,1092,2021-02-24,75.0,CMP0119,Cash,1,0
4606,1535,2023-09-24,7.5,CMP0083,Cash,0,0
11967,3891,2023-07-22,30.0,CMP0090,Cash,0,0
2761,939,2024-04-03,30,CMP0053,Card,1,0
8040,2622,2022-04-20,40,CMP0160,Direct Debit,1,0
8228,2687,2025-04-05,5,CMP0036,Direct Debit,0,0
9649,3149,2026-06-18,100,CMP0083,Card,0,0
1156,384,2020-09-04,100,CMP0101,Cash,1,0
3438,1153,2022-02-11,75.0,CMP0088,Direct Debit,1,0
2583,874,2022-12-02,50,CMP0002,Online,0,0
9418,3071,2023-11-12,5,CMP0161,Cheque,0,0
408,135,2025-06-09,100,CMP0050,Cash,0,0
3527,1179,2025-12-26,7.5,CMP0120,Cash,1,0
10363,3377,2023-07-30,100,CMP0160,Cheque,1,0
5731,1881,2024-05-10,15,CMP0039,Direct Debit,0,0
9976,3264,2025-01-04,100,CMP0021,Cheque,0,0
2136,714,2023-11-22,15,CMP0160,Online,1,0
8940,2922,2026-04-18,50,CMP0191,Direct Debit,1,0
3285,1102,2023-07-04,15,CMP0186,Cash,1,0
4748,1582,2022-10-28,100,CMP0087,Card,1,0
1315,431,2024-09-14,10,CMP0028,Cash,1,0
3191,1074,2024-01-31,5,CMP0080,Card,0,0
11404,3678,2022-10-23,20,CMP0136,Cash,1,0
8003,2609,2023-12-05,50,CMP0126,Cash,0,0
3756,1262,2024-07-21,100,CMP0021,Standing Order,1,0
610,195,2019-08-14,100,CMP0098,Card,0,0
396,129,2024-03-21,100,CMP0155,Online,0,0
6184,2033,2025-03-27,100,CMP0185,Direct Debit,0,0
12290,4000,2021-08-07,150.0,CMP0020,Online,1,0
5026,1668,2023-12-21,250,CMP0109,Cheque,0,0
3151,1063,2021-09-12,100,CMP0180,Online,0,0
7250,2369,2026-02-23,50,CMP0018,Card,1,0
7790,2546,2024-10-26,15,CMP0131,Online,0,0
12266,3992,2019-06-15,50,CMP0071,Online,1,0
450,145,2026-02-21,30.0,CMP0097,Online,1,0
4901,1631,2023-03-10,10,CMP0033,Cash,0,0
9004,2942,2026-01-21,22.5,CMP0145,Direct Debit,0,0
2511,851,2022-09-06,30,CMP0109,Cash,0,0
5316,1760,2023-09-13,100,CMP0114,Online,0,0
10803,3513,2019-09-12,25,CMP0175,Card,1,0
10833,3522,2021-08-04,20,CMP0122,Standing Order,0,0
10871,3533,2025-02-24,5,CMP0053,Card,1,0
941,316,2025-02-14,250,CMP0042,Cheque,1,0
688,217,2022-05-21,100,CMP0038,Online,0,0
11582,3732,2020-12-17,10,CMP0180,Direct Debit,1,0
4090,1359,2021-10-01,20,CMP0092,Standing Order,0,0
4857,1609,2023-02-01,250,CMP0078,Card,1,0
12293,4003,2024-03-14,250,CMP0033,Cash,1,0
8724,2851,2022-10-31,25,CMP0169,Direct Debit,1,0
4420,1469,2024-09-15,100,CMP0166,Standing Order,0,0
6560,2170,2025-07-15,20,CMP0172,Card,1,0
11842,3847,2025-08-12,15.0,CMP0079,Standing Order,1,0
3652,1224,2019-10-20,500,CMP0001,Standing Order,0,0
745,246,2026-04-24,100,CMP0125,Online,0,0
9496,3100,2025-01-07,20,CMP0127,Standing Order,0,0
10712,3488,2026-03-22,15,CMP0072,Direct Debit,1,0
3692,1241,2023-06-13,100,CMP0132,Direct Debit,0,0
9281,3033,2025-03-07,30.0,CMP0052,Standing Order,1,0
142,43,2023-02-28,40,CMP0089,Standing Order,0,0
8034,2620,2022-10-04,30.0,CMP0016,Direct Debit,1,0
5850,1918,2022-01-29,375.0,CMP0168,Direct Debit,1,0
7121,2326,2026-01-22,20,CMP0188,Cheque,1,0
756,249,2022-12-19,0,CMP0054,Standing Order,1,0
9325,3045,2026-01-16,10,CMP0150,Cheque,0,0
68,20,2022-01-06,150.0,CMP0085,Card,0,0
11174,3616,2023-08-23,150.0,CMP0059,Cash,0,0
378,123,2026-01-21,5,CMP0143,Cheque,1,0
1975,664,2022-01-09,100,CMP0063,Cash,0,0
1390,458,2021-01-31,37.5,CMP0020,Direct Debit,0,0
3286,1102,2025-03-03,30.0,CMP0176,Cash,1,0
10237,3343,2025-12-02,30,CMP0138,Online,1,0
10884,3539,2023-05-31,75.0,CMP0079,Online,0,0
7998,2608,2026-08-06,375.0,CMP0074,Card,1,0
2403,816,2022-03-26,250,CMP0060,Cheque,1,0
46,12,2025-04-02,22.5,CMP0139,Cash,1,0
6853,2251,2024-12-31,37.5,CMP0071,Standing Order,0,0
6105,1992,2024-11-12,40,CMP0075,Cash,1,0
9136,2980,2026-06-16,250,CMP0113,Standing Order,1,0
504,159,2024-09-01,20,CMP0191,Direct Debit,0,0
4620,1543,2024-02-06,20,CMP0104,Online,0,0
3135,1060,2023-05-12,100,CMP0092,Online,1,0
1169,385,2026-05-20,100,CMP0057,Online,0,0
10272,3356,2025-02-26,20,CMP0074,Direct Debit,0,0
2849,972,2024-07-08,75.0,CMP0058,Cheque,1,0
1844,623,2021-03-13,40,CMP0140,Cash,1,0
4235,1403,2023-10-23,5,CMP0057,Online,1,0
6246,2051,2019-03-17,5,CMP0106,Online,0,0
593,191,2024-01-09,25,CMP0025,Standing Order,0,0
4325,1432,2019-11-11,15,CMP0078,Cheque,1,0
611,196,2025-05-09,250,CMP0066,Online,0,0
11195,3621,2021-04-04,15.0,CMP0124,Cheque,1,0
693,219,2021-11-21,50,CMP0122,Card,0,0
1015,336,2023-05-14,10,CMP0191,Standing Order,1,0
9595,3133,2026-06-10,50,CMP0172,Online,0,0
7015,2297,2024-06-05,20,CMP0153,Cheque,1,0
9408,3070,2024-05-04,15,CMP0154,Standing Order,0,0
3454,1156,2023-01-05,15.0,CMP0025,Online,0,0
6029,1973,2024-12-28,375.0,CMP0119,Card,0,0
5573,1834,2023-12-16,250,CMP0121,Cheque,0,0
5593,1837,2022-10-14,25,CMP0038,Cheque,0,0
10408,3393,2017-10-16,7.5,CMP0125,Direct Debit,1,0
5638,1849,2024-08-27,25,CMP0163,Cheque,0,0
3534,1182,2019-02-25,37.5,CMP0185,Standing Order,1,0
338,106,2021-02-23,50,CMP0172,Cash,1,0
9090,2962,2025-09-11,20,CMP0132,Card,0,0
3223,1085,2023-06-16,15,CMP0177,Direct Debit,1,0
6467,2136,2025-11-30,7.5,CMP0134,Cheque,0,0
6981,2288,2026-06-17,100,CMP0126,Direct Debit,1,0
6465,2135,2022-07-21,100,CMP0150,Cash,0,0
8852,2892,2025-07-20,500,CMP0076,Online,1,0
7821,2552,2022-10-08,20,CMP0138,Standing Order,1,0
11483,3707,2024-09-14,15,CMP0147,Online,0,0
4539,1508,2025-10-07,50,CMP0070,Cheque,1,0
5289,1752,2023-12-28,100,CMP0034,Cheque,0,0
9172,2994,2025-01-30,25,CMP0135,Cheque,1,0
2163,725,2024-08-14,10,CMP0039,Card,0,0
6650,2196,2024-10-13,25,CMP0023,Standing Order,0,0
7272,2376,2022-01-23,500,CMP9054,Cash,0,0
10483,3413,2025-04-05,75.0,CMP0074,Cash,1,0
3635,1218,2024-07-13,30,CMP0140,Cash,0,0
10635,3469,2025-12-16,22.5,CMP0021,Cash,1,0
6046,1977,2025-10-10,200,CMP0054,Card,1,0
5130,1700,2025-11-26,10,CMP0136,Cheque,0,0
4938,1638,2021-05-07,20,CMP0181,Standing Order,1,0
7157,2340,2025-06-08,100,CMP0071,Standing Order,1,0
5457,1797,2023-12-21,5,CMP0005,Cash,1,0
4204,1394,2021-09-01,150.0,CMP0184,Card,0,0
7039,2306,2022-01-10,20,CMP0176,Cash,0,0
12108,3941,2025-06-12,37.5,CMP0047,Card,1,0
333,106,2026-01-05,25,CMP0152,Standing Order,0,0
8357,2732,2020-10-17,25,CMP0155,Online,0,0
10041,3287,2022-02-06,50,CMP0088,Direct Debit,0,0
4206,1394,2025-06-14,250,CMP0030,Online,0,0
10201,3334,2025-03-10,37.5,CMP0145,Standing Order,0,0
4766,1588,2023-06-27,75.0,CMP0104,Cheque,1,0
10977,3561,2023-12-08,20,CMP0089,Card,0,0
2520,852,2023-09-09,5,CMP0175,Cheque,1,0
3807,1277,2026-03-10,100,CMP0022,Cash,0,0
8883,2898,2022-01-29,10,CMP0138,Direct Debit,0,0
9220,3009,2026-01-16,22.5,CMP0189,Cash,0,0
11048,3581,2018-07-28,5,CMP0173,Online,1,0
9510,3104,2026-02-28,20,CMP0037,Standing Order,0,0
7945,2588,2022-10-08,20,CMP0094,Online,1,0
1785,598,2020-11-30,5,CMP0186,Online,0,0
3403,1139,2026-01-08,100,CMP0022,Standing Order,0,0
8453,2756,2022-06-01,20,CMP0096,Direct Debit,0,0
4426,1472,2023-06-11,20,CMP0141,Cheque,1,0
11522,3721,2021-11-27,40,CMP0109,Card,0,0
1160,384,2020-10-18,25,CMP0047,Card,1,0
1237,406,2022-01-12,22.5,CMP0095,Cash,1,0
2014,671,2024-12-12,30,CMP0158,Direct Debit,1,0
5388,1781,2025-10-12,50,CMP0190,Cheque,0,0
8490,2768,2023-05-02,375.0,CMP0103,Card,1,0
9970,3263,2026-03-16,15.0,CMP0003,Direct Debit,1,0
662,207,2025-06-28,200,CMP0067,Online,1,0
5116,1695,2022-05-19,25,CMP0155,Card,1,0
4234,1403,2021-05-09,50,CMP0076,Card,1,0
1081,359,2026-04-17,7.5,CMP0106,Cheque,0,0
5224,1730,2022-07-25,100,CMP0189,Standing Order,1,0
4155,1377,2025-03-04,50,CMP0034,Online,1,0
7165,2342,2025-04-14,250,CMP0082,Online,1,0
3586,1204,2026-06-26,20,CMP0114,Standing Order,1,0
12084,3935,2022-03-13,250,CMP0107,Cash,0,0
11047,3581,2019-05-02,15,CMP0119,Online,0,0
6688,2210,2022-10-01,50,CMP0096,Online,0,0
11896,3862,2025-06-06,10,CMP0048,Cheque,1,0
8100,2640,2020-08-29,250,CMP0008,Card,0,0
11457,3699,2023-10-02,15.0,CMP0151,Cheque,0,0
6930,2275,2020-10-02,25,CMP0052,Cash,1,0
1919,644,2025-05-20,10,CMP0085,Standing Order,1,0
2721,932,2025-05-21,5,CMP0132,Cheque,0,0
9975,3263,2025-10-25,30.0,CMP0167,Card,0,0
531,170,2024-05-19,100,CMP0083,Cash,0,0
1798,603,2023-09-06,50,CMP0124,Online,1,0
3816,1282,2024-10-09,10,CMP0023,Cash,0,0
9420,3072,2026-07-13,100,CMP0087,Online,1,0
7557,2471,2021-08-07,37.5,CMP0106,Cash,1,0
1330,437,2023-07-02,250,CMP0164,Online,1,0
11806,3826,2023-04-11,10,CMP0173,Online,0,0
4647,1551,2021-04-16,100,CMP0122,Standing Order,1,0
12354,1356,2025-01-08,30,CMP0042,Direct Debit,0,0
1210,397,2026-02-05,100,CMP0075,Cash,1,0
6487,2140,2021-05-10,40,CMP0059,Card,0,1
6462,2135,2025-11-14,40,CMP0159,Card,1,0
6522,2157,2024-07-24,15,CMP0003,Online,0,0
5718,1876,2025-08-20,15.0,CMP0192,Standing Order,0,0
5747,1886,2021-04-01,20,CMP0097,Card,1,0
193,53,2024-06-23,15,CMP0181,Online,0,0
4021,1341,2018-12-16,25,CMP0071,Direct Debit,0,0
9367,3057,2025-03-07,75.0,CMP0010,Online,1,0
11571,3730,2024-03-05,100,CMP0046,Cheque,1,0
6844,2250,2026-08-04,10,CMP0117,Online,0,0
4945,1640,2025-04-16,250,CMP0177,Card,0,0
1523,512,2025-07-18,75.0,CMP0081,Online,0,0
3402,1139,2024-06-16,20,CMP0010,Direct Debit,1,0
2424,819,2023-10-24,10,CMP0030,Card,0,0
8780,2870,2022-02-03,40,CMP0070,Direct Debit,0,0
8305,2714,2023-12-15,15.0,CMP0058,Online,1,0
2164,725,2026-05-12,50,CMP0080,Cheque,0,0
5931,1940,2024-02-20,500,CMP0160,Card,0,0
677,208,2024-11-26,5,CMP0080,Cash,0,0
2926,1000,2026-07-25,40,CMP0053,Direct Debit,1,0
10008,3279,2026-04-18,250,CMP0110,Card,1,0
7743,2531,2022-09-01,37.5,CMP0074,Standing Order,0,0
2764,940,2026-01-01,10,CMP0100,Online,0,0
10065,3291,2025-06-02,10,CMP0025,Cheque,1,0
1900,636,2025-02-06,75.0,CMP0156,Online,1,0
9563,3122,2024-11-02,250,CMP0012,Standing Order,1,0
11040,3580,2025-11-30,40,CMP0060,Standing Order,1,0
1385,455,2026-03-02,20,CMP0185,Cheque,0,0
2072,691,2023-07-13,15,CMP0096,Cheque,1,0
3627,1215,2021-01-10,150.0,CMP0074,Card,1,0
2353,804,2026-05-08,30.0,CMP0124,Card,0,0
12042,3920,2021-08-08,15,CMP0099,Online,0,0
3964,1330,2022-03-14,7.5,CMP0025,Standing Order,1,0
8712,2849,2024-11-27,100,CMP0163,Online,1,0
2006,670,2026-01-27,25,CMP0091,Cheque,0,0
3387,1132,2021-07-18,15,CMP0055,Cash,1,0
4141,1370,2021-09-22,250,CMP0038,Cheque,0,0
9735,3180,2023-05-05,25,CMP0137,Cash,1,0
4297,1422,2023-03-23,20,CMP0081,Card,1,0
5595,1837,2019-06-23,375.0,CMP0102,Standing Order,1,0
5873,1926,2020-02-05,10,CMP0115,Card,1,0
3895,1305,2025-03-07,20,CMP0030,Cheque,0,0
11793,3818,2024-04-11,150.0,CMP0188,Standing Order,1,0
10207,3336,2024-07-03,22.5,CMP0102,Direct Debit,1,0
5029,1671,2026-03-10,100,CMP0098,Cheque,1,0
6056,1979,2021-10-15,500,CMP0034,Card,0,0
11220,3627,2026-02-03,5,CMP0028,Online,1,0
12028,3910,2026-03-27,375.0,CMP0146,Cheque,1,0
1616,544,2023-10-23,50,CMP0065,Online,1,0
7314,2384,2025-09-13,30,CMP0039,Online,0,0
6827,2243,2024-11-01,15,CMP0072,Online,0,0
3525,1178,2023-08-26,40,CMP0186,Cash,0,0
7041,2306,2020-08-14,22.5,CMP0043,Direct Debit,0,0
9108,2973,2024-01-15,22.5,CMP0130,Standing Order,1,0
663,207,2025-12-26,250,CMP0181,Online,1,0
2134,713,2024-10-08,7.5,CMP0138,Standing Order,1,0
883,292,2026-01-23,22.5,CMP0102,Card,1,0
10373,3382,2021-06-19,375.0,CMP0006,Online,1,0
3123,1056,2026-07-01,250,CMP0172,Card,0,0
12110,3942,2023-06-01,7.5,CMP0143,Cheque,0,0
3745,1253,2023-03-20,30,CMP0036,Card,0,0
8421,2748,2025-11-14,22.5,CMP0160,Cash,0,0
325,100,2024-01-14,15,CMP0037,Card,0,0
1414,471,2017-12-31,15,CMP0128,Cheque,0,0
9443,3082,2026-02-16,100,CMP0152,Cash,0,0
1214,398,2024-09-20,250,CMP0057,Online,1,0
5106,1693,2026-01-29,100,CMP0013,Online,1,0
11508,3715,2026-04-27,5,CMP0100,Cheque,0,0
1780,596,2025-09-24,37.5,CMP0053,Cheque,1,0
11730,3792,2025-11-14,10,CMP0089,Direct Debit,1,0
2934,1001,2025-04-09,75.0,CMP0082,Cheque,1,0
10466,3410,2026-02-20,100,CMP0154,Online,1,0
2333,799,2024-02-25,25,CMP0134,Standing Order,1,0
5751,1886,2024-05-10,10,CMP0189,Standing Order,1,0
9823,3204,2024-10-30,500,CMP0017,Cheque,1,0
11058,3584,2019-02-03,25,CMP0095,Cash,0,0
6344,2091,2025-08-25,30.0,CMP0018,Card,0,0
1095,361,2024-03-21,15,CMP0098,Online,1,0
12105,3940,2023-12-26,10,CMP0051,Cash,1,0
2496,849,2024-02-18,100,CMP0113,Cash,0,0
10965,3555,2023-08-09,25,CMP0038,Cash,0,0
2560,865,2026-05-21,40,CMP0148,Standing Order,1,0
4629,1545,2024-05-19,15,CMP0031,Online,1,1
11333,3660,2024-10-14,37.5,CMP0009,Card,0,0
11597,3735,2024-12-10,5,CMP0035,Cheque,1,0
1114,370,2026-08-01,100,CMP0154,Card,0,0
3704,1246,2025-08-21,25,CMP0141,Online,0,0
8670,2829,2023-01-01,5,CMP0044,Online,1,0
2309,783,2025-02-08,7.5,CMP0007,Cash,1,0
6424,2120,2025-08-27,5,CMP0025,Card,0,0
11985,3894,2026-08-13,10,CMP0118,Cash,1,0
9397,3068,2024-01-22,20,CMP0133,Cash,0,0
6094,1991,2025-01-14,25,CMP0085,Cash,0,0
4801,1600,2020-04-19,25,CMP0108,Direct Debit,1,0
229,68,2024-06-10,75.0,CMP0043,Cash,0,0
1447,483,2025-10-05,100,CMP0141,Online,1,0
2884,983,2020-08-10,20,CMP0137,Cash,0,0
9878,3226,2024-09-26,10,CMP0179,Standing Order,1,0
10234,3343,2025-11-25,30.0,CMP0165,Online,0,0
1061,352,2026-07-02,20,CMP0103,Card,1,0
3294,1105,2021-03-29,25,CMP0008,Standing Order,1,0
2413,818,2021-01-08,20,CMP0048,Card,1,0
7237,2366,2023-07-19,30.0,CMP0030,Standing Order,1,0
9130,2978,2024-02-28,25,CMP0017,Card,0,0
10968,3556,2025-08-19,100,CMP0177,Card,0,0
3844,1288,2025-03-15,25,CMP0068,Direct Debit,0,0
6081,1989,2025-09-10,20,CMP0042,Cheque,0,0
7783,2544,2025-12-23,250,CMP0040,Cheque,0,0
3786,1269,2025-10-16,75.0,CMP0159,Direct Debit,0,0
10091,3303,2024-11-03,5,CMP0098,Card,1,0
2741,935,2024-09-02,50,CMP0152,Cash,1,0
11253,3635,2025-09-30,25,CMP0029,Card,0,0
7361,2399,2020-06-30,100,CMP0090,Direct Debit,1,0
444,144,2024-07-03,375.0,CMP0045,Cash,1,0
490,152,2021-12-10,30,CMP0185,Card,0,0
5243,1735,2020-11-14,200,CMP0054,Cash,1,0
8374,2736,2026-07-13,10,CMP0072,Standing Order,1,0
6738,2217,2023-11-25,25,CMP0130,Cash,0,0
9500,3102,2026-06-22,5,CMP0101,Standing Order,0,0
10220,3338,2024-02-23,75.0,CMP0106,Standing Order,0,0
6298,2073,2021-06-20,5,CMP0177,Card,1,0
7286,2377,2024-02-22,250,CMP0092,Direct Debit,0,0
291,86,2022-02-01,375.0,CMP0054,Card,0,0
5560,1832,2024-01-27,15,CMP0160,Online,0,0
9892,3231,2023-04-05,250,CMP0025,Card,0,0
4563,1518,2026-01-09,15,CMP0185,Cheque,1,0
1530,517,2026-07-30,20,CMP0161,Cash,0,0
8825,2888,2025-01-26,50,CMP0123,Cheque,1,0
5704,1872,2020-03-10,375.0,CMP0041,Direct Debit,0,1
7436,2428,2025-08-25,15,CMP0149,Cheque,0,0
2969,1009,2021-02-11,200,CMP0160,Card,0,0
8526,2779,2023-10-02,25,CMP0081,Standing Order,1,0
8699,2844,2024-12-27,30,CMP0178,Cash,1,0
7801,2548,2024-11-12,250,CMP0008,Standing Order,1,0
197,54,2021-09-09,50,CMP0025,Standing Order,0,0
1754,587,2024-03-01,500,CMP0121,Online,1,0
10119,3314,2024-09-19,50,CMP0115,Standing Order,1,0
1718,581,2022-12-29,100,CMP0170,Cash,0,0
5880,1926,2024-03-28,50,CMP0186,Cash,0,0
472,148,2026-08-07,7.5,CMP0001,Standing Order,0,0
4546,1511,2024-05-19,22.5,CMP0095,Card,0,0
1932,647,2025-02-10,30,CMP0041,Direct Debit,0,0
430,139,2025-10-24,100,CMP0153,Cheque,0,0
7730,2526,2022-09-06,5,CMP0047,Card,0,0
12190,3965,2026-06-19,5,CMP0061,Cash,1,0
11368,3668,2023-06-12,25,CMP0146,Cash,1,0
2103,697,2019-12-10,200,CMP0048,Standing Order,0,0
3340,1120,2021-04-01,20,CMP0033,Online,0,0
9778,3190,2020-05-26,30.0,CMP0100,Direct Debit,1,0
4864,1616,2023-12-13,20,CMP0031,Cash,0,0
409,135,2024-12-10,7.5,CMP0162,Direct Debit,0,0
4097,1359,2022-03-27,10,CMP0005,Standing Order,0,0
3896,1305,2021-04-23,100,CMP0065,Cheque,0,0
7017,2298,2025-04-09,25,CMP0066,Card,1,0
2489,848,2024-10-23,250,CMP0087,Card,0,0
2061,687,2022-12-17,10,CMP0096,Cash,0,0
2197,734,2026-02-08,25,CMP0133,Card,1,0
209,56,2026-03-10,100,CMP0057,Direct Debit,1,0
10738,3493,2021-12-20,10,CMP0120,Direct Debit,0,0
9011,2943,2023-09-27,20,CMP0170,Direct Debit,0,0
7127,2331,2022-08-31,50,CMP0148,Cash,0,0
12257,3990,2026-03-06,75.0,CMP0010,Online,0,0
11765,3808,2023-07-12,50,CMP0081,Online,0,0
10667,3479,2024-07-31,50,CMP0098,Standing Order,1,0
3561,1193,2025-10-09,50,CMP0031,Cheque,1,0
3569,1197,2024-06-27,15,CMP0084,Cash,0,0
254,77,2022-11-05,10,CMP0159,Standing Order,0,0
10644,3473,2022-02-18,25,CMP0177,Card,1,0
1407,470,2026-06-02,20,CMP0131,Online,0,0
7613,2490,2022-06-02,10,CMP0106,Cash,1,0
10318,3368,2022-09-07,20,CMP0058,Standing Order,1,0
10020,3281,2024-10-13,40,CMP0175,Cheque,0,0
880,291,2023-05-16,50,CMP0041,Card,1,0
10443,3402,2021-09-29,500,CMP0056,Card,0,0
9270,3029,2024-03-12,20,CMP0067,Standing Order,0,0
8878,2898,2019-04-24,100,CMP0049,Standing Order,0,0
9494,3097,2023-04-23,15,CMP0101,Cheque,1,0
9320,3041,2021-11-19,25,CMP0133,Direct Debit,0,0
1183,388,2022-02-21,5,CMP0160,Card,0,0
9651,3149,2026-04-10,5,CMP0056,Cash,1,0
3132,1059,2019-09-29,50,CMP0176,Card,0,0
9570,3126,2022-03-23,50,CMP0053,Card,0,0
7726,2525,2025-12-14,30.0,CMP0031,Online,1,0
7894,2574,2019-12-12,200,CMP0022,Card,1,0
3920,1313,2022-11-26,10,CMP0038,Cheque,1,0
8099,2640,2017-06-10,40,CMP0002,Card,0,0
2293,775,2024-04-22,100,CMP0118,Standing Order,0,0
7775,2538,2025-11-28,5,CMP0022,Direct Debit,0,0
5642,1851,2023-09-11,10,CMP0125,Cash,1,0
4650,1551,2019-08-10,50,CMP0071,Cheque,0,0
2198,734,2022-11-02,15.0,CMP0133,Standing Order,1,0
5473,1802,2022-04-12,15.0,CMP0002,Direct Debit,0,0
4037,1346,2018-05-26,100,CMP0176,Cheque,1,0
10718,3490,2025-12-27,5,CMP0106,Direct Debit,1,0
10052,3290,2025-06-29,250,CMP0059,Online,1,0
9364,3056,2023-07-10,20,CMP0085,Cash,0,0
3003,1018,2024-03-22,250,CMP0137,Standing Order,0,0
6922,2273,2021-04-07,15.0,CMP0173,Direct Debit,0,0
7511,2454,2026-04-27,15.0,CMP0094,Card,0,0
826,273,2023-03-16,250,CMP0174,Cheque,1,0
2317,789,2023-10-21,100,CMP0131,Online,0,0
687,217,2023-03-04,5,CMP0167,Direct Debit,0,0
10632,3466,2026-02-06,20,CMP0023,Standing Order,1,0
172,50,2020-03-20,150.0,CMP0109,Online,0,0
4480,1491,2024-05-13,30.0,CMP0010,Online,0,0
5185,1716,2025-08-05,0,CMP0055,Standing Order,1,0
4839,1606,2025-04-25,20,CMP0122,Cheque,1,0
10602,3459,2025-06-15,5,CMP0181,Standing Order,0,1
5537,1822,2023-12-21,75.0,CMP0064,Direct Debit,1,0
1956,657,2023-01-28,5,CMP0130,Cheque,0,0
8012,2614,2024-12-25,250,CMP0096,Online,0,0
12009,3905,2024-12-16,100,CMP0080,Online,0,0
8293,2711,2025-12-23,40,CMP0135,Standing Order,0,0
2400,816,2020-03-09,37.5,CMP0074,Cash,0,0
8627,2818,2025-08-09,22.5,CMP0135,Standing Order,1,0
4542,1508,2026-01-10,25,CMP0097,Cash,0,0
5195,1719,2024-11-10,100,CMP0043,Cash,1,0
8805,2874,2024-12-20,20,CMP0038,Cash,0,0
273,80,2023-01-11,10,CMP0083,Cash,0,0
8389,2737,2019-11-12,25,CMP0189,Direct Debit,0,0
3987,1334,2025-02-16,25,CMP0072,Card,1,0
2752,938,2026-01-27,15.0,CMP0024,Card,1,0
8661,2827,2024-08-28,40,CMP0002,Card,0,0
3437,1152,2023-10-19,10,CMP0171,Cash,0,0
6851,2251,2023-05-16,10,CMP0179,Online,1,0
2635,887,2023-10-15,30,CMP0108,Card,1,0
11781,3813,2025-03-21,15,CMP0170,Cheque,1,0
7893,2574,2019-06-19,20,CMP0127,Cash,1,0
196,53,2026-02-07,10,CMP0152,Online,1,0
4309,1426,2025-03-14,100,CMP0137,Online,0,0
1702,577,2022-06-16,10,CMP0174,Cash,1,0
11828,3836,2025-03-22,10,CMP0073,Cash,0,0
11884,3857,2025-08-20,7.5,CMP0029,Cash,0,0
6355,2092,2025-12-26,30,CMP0156,Cash,0,0
10972,3557,2026-04-12,40,CMP0081,Direct Debit,0,0
2686,907,2025-07-04,50,CMP0188,Online,0,0
625,198,2022-11-23,5,CMP0086,Online,1,0
2978,1011,2024-06-08,100,CMP0182,Cash,0,0
7343,2395,2022-05-29,5,CMP0138,Direct Debit,0,0
2909,990,2025-03-07,250,CMP0146,Card,0,1
8019,2615,2025-01-07,50,CMP0089,Standing Order,1,0
8011,2612,2024-12-03,250,CMP0139,Cheque,0,0
11893,3858,2022-06-19,25,CMP0036,Cash,1,0
1378,454,2021-03-26,15,CMP0096,Card,1,0
7868,2567,2025-11-30,25,CMP0012,Cheque,0,0
3021,1023,2024-09-05,100,CMP0075,Card,0,0
11556,3727,2022-06-28,7.5,CMP0186,Standing Order,0,0
956,319,2021-01-22,10,CMP0071,Card,1,0
5892,1932,2019-01-26,250,CMP0122,Cheque,1,0
1418,471,2020-02-13,50,CMP0050,Direct Debit,0,0
1644,553,2023-08-17,25,CMP0184,Cheque,0,0
11929,98647,2025-12-10,375.0,CMP0189,Cash,0,0
10161,3322,2025-04-13,20,CMP0032,Direct Debit,1,0
8872,2898,2020-10-25,25,CMP0059,Cash,1,0
12323,4016,2021-01-10,10,CMP0142,Card,1,0
10467,3411,2020-06-27,50,CMP0116,Online,1,0
3620,1215,2022-11-12,5,CMP0003,Standing Order,1,0
87,25,2024-01-02,5,CMP0041,Direct Debit,0,0
6945,2278,2025-08-28,15.0,CMP0057,Cheque,0,0
12263,3992,2026-07-11,15.0,CMP0045,Standing Order,1,0
2812,961,2021-10-31,100,CMP0020,Direct Debit,0,0
9905,3233,2025-01-06,75.0,CMP0061,Card,0,0
8768,2868,2024-09-27,25,CMP0184,Cash,1,0
3268,1099,2023-10-31,15,CMP0130,Card,0,1
8619,2815,2023-03-16,30,CMP0082,Cash,0,0
6172,2024,2022-05-26,25,CMP0068,Direct Debit,1,0
4737,1579,2023-03-06,25,CMP0061,Direct Debit,1,0
8285,2710,2024-01-24,100,CMP0178,Cheque,0,0
277,80,2022-03-06,100,CMP0182,Cheque,0,0
5154,1705,2022-11-07,37.5,CMP0137,Card,1,0
11734,3793,2019-01-31,20,CMP0073,Cash,1,0
2931,1001,2023-09-02,15.0,CMP0096,Standing Order,1,0
8611,2810,2025-11-10,5,CMP0091,Cash,1,0
7922,2580,2024-01-20,15.0,CMP0084,Standing Order,1,0
1087,360,2025-05-23,20,CMP0023,Cash,1,0
11136,3601,2025-04-15,20,CMP0158,Direct Debit,0,0
1437,478,2022-12-17,20,CMP0072,Cheque,1,0
6689,2210,2024-01-07,15,CMP0055,Online,0,0
6602,2181,2018-10-29,150.0,CMP0012,Direct Debit,0,0
6002,1965,2025-10-16,10,CMP0098,Direct Debit,0,0
4751,1582,2023-12-24,250,CMP0086,Direct Debit,0,0
1069,354,2022-06-02,20,CMP0166,Cash,0,0
217,61,2023-06-22,200,CMP0171,Card,0,0
3790,1269,2022-02-25,25,CMP0119,Standing Order,0,0
2077,693,2023-08-20,100,CMP0089,Standing Order,0,0
10023,3283,2025-04-29,30,CMP0013,Online,0,0
7257,2372,2026-03-01,375.0,CMP0133,Card,1,0
3065,1036,2023-07-31,150.0,CMP0058,Standing Order,1,0
11746,3799,2025-01-06,10,CMP0097,Online,0,0
3576,1203,2025-08-10,50,CMP0006,Cash,0,0
4569,1518,2024-10-07,500,CMP0077,Direct Debit,0,0
3985,1333,2021-09-25,250,CMP0054,Cash,1,0
1807,605,2025-06-23,50,CMP0065,Card,0,0
3337,1118,2021-12-10,7.5,CMP0124,Cheque,1,0
11727,3790,2024-12-17,250,CMP0167,Cheque,1,0
8085,2635,2022-09-03,20,CMP0017,Direct Debit,1,0
1916,642,2026-01-02,10,CMP0095,Cash,1,0
7740,2531,2024-03-29,50,CMP0165,Standing Order,1,0
9877,3226,2025-09-22,5,CMP0146,Standing Order,1,0
8048,2626,2025-04-25,100,CMP0013,Standing Order,0,0
12253,3988,2026-08-12,5,CMP0078,Standing Order,0,0
7657,2498,2025-11-09,250,CMP0120,Card,1,0
12017,3905,2019-05-01,20,CMP0044,Cash,1,0
9911,3238,2023-12-21,200,CMP0144,Cheque,0,0
2203,735,2022-06-29,25,CMP0032,Cheque,0,0
5395,1781,2026-05-15,250,CMP0114,Standing Order,0,0
8751,2862,2026-07-18,15,CMP0092,Standing Order,0,0
11175,3616,2021-09-06,25,CMP0051,Standing Order,0,0
10380,3384,2022-06-02,100,CMP0157,Online,1,0
455,146,2020-09-29,25,CMP0013,Online,0,0
9697,3169,2023-10-25,5,CMP0137,Cheque,0,0
8306,2714,2025-09-07,250,CMP0156,Cheque,1,0
9009,2943,2019-12-11,5,CMP0068,Standing Order,0,0
8484,2766,2019-10-11,100,CMP0147,Card,1,0
4934,1637,2022-07-27,5,CMP0063,Cheque,0,0
10228,3341,2025-12-17,5,CMP0161,Cheque,0,0
516,161,2025-03-17,15,CMP0159,Cheque,1,0
6282,2068,2024-01-31,15,CMP0001,Card,0,0
3521,1176,2021-06-07,25,CMP0111,Cheque,1,0
3986,1333,2022-01-13,20,CMP0092,Direct Debit,1,0
2742,935,2021-09-22,10,CMP0179,Standing Order,0,0
2810,961,2021-05-10,5,CMP0032,Direct Debit,0,0
575,186,2024-04-20,75.0,CMP0151,Direct Debit,1,0
3385,1132,2020-04-24,50,CMP0186,Cash,0,0
10448,3406,2026-06-06,50,CMP0041,Standing Order,1,0
708,228,2025-10-11,100,CMP0189,Direct Debit,0,0
10929,3546,2025-08-20,100,CMP0164,Cash,0,0
6978,2285,2020-09-13,30.0,CMP0101,Standing Order,1,0
11419,3683,2026-05-07,25,CMP0064,Card,1,0
1228,404,2023-10-24,10,CMP0155,Cash,0,0
9587,3128,2022-11-03,30,CMP0053,Direct Debit,1,0
11946,3880,2023-05-28,250,CMP0170,Direct Debit,0,0
2541,859,2025-08-30,40,CMP0028,Card,0,0
8641,2821,2023-12-09,50,CMP0156,Direct Debit,1,0
6415,2117,2024-03-16,37.5,CMP0125,Direct Debit,0,0
12124,3946,2024-12-01,250,CMP0057,Cheque,0,0
11429,3686,2025-07-07,10,CMP0100,Standing Order,1,0
7310,2384,2024-07-31,75.0,CMP0063,Online,0,1
6536,2164,2023-04-25,200,CMP0001,Card,0,0
1974,664,2024-05-28,15.0,CMP0106,Cash,0,0
2076,692,2024-09-18,100,CMP0175,Cheque,1,0
10830,3519,2022-12-05,25,CMP0068,Cash,1,0
7327,2389,2026-07-18,250,CMP0129,Cash,0,0
5118,1698,2022-09-14,75.0,CMP0085,Cheque,0,0
1143,382,2025-04-26,50,CMP0045,Cash,0,0
10219,3338,2022-03-24,25,CMP0098,Direct Debit,1,0
1867,627,2022-04-30,5,CMP0157,Cash,1,0
1518,510,2023-04-24,7.5,CMP0051,Card,0,0
4462,1483,2026-07-08,37.5,CMP0176,Online,0,0
4407,1464,2021-09-13,25,CMP0121,Standing Order,1,0
23,3,2026-04-15,50,CMP0025,Cash,1,0
9827,3206,2024-09-06,150.0,CMP0114,Direct Debit,1,0
5891,1932,2023-09-25,30.0,CMP0081,Standing Order,1,0
5932,1940,2019-06-07,50,CMP0110,Card,0,0
9057,2959,2021-09-01,5,CMP0189,Standing Order,0,0
8969,2930,2023-02-14,25,CMP0184,Cash,0,0
7345,2396,2022-09-25,22.5,CMP0113,Cash,0,0
6058,1979,2025-08-20,100,CMP0126,Online,1,0
7582,2479,2025-09-23,50,CMP0173,Cheque,1,0
9610,3139,2023-02-05,22.5,CMP0155,Direct Debit,0,0
6883,2258,2023-02-03,50,CMP0172,Cheque,0,0
11267,3642,2020-05-15,100,CMP0038,Direct Debit,0,0
10828,3519,2025-05-20,150.0,CMP0041,Standing Order,0,0
8528,2781,2019-10-03,15,CMP0189,Direct Debit,1,0
4898,1630,2024-09-05,250,CMP0017,Cheque,0,0
11803,3826,2025-06-24,50,CMP0045,Card,1,0
10795,3507,2026-06-06,22.5,CMP0021,Cash,0,0
4883,1621,2021-09-02,10,CMP0143,Direct Debit,1,0
8467,2761,2025-10-20,15,CMP0113,Direct Debit,1,0
9314,3040,2023-09-15,50,CMP0188,Cheque,0,0
4515,1502,2020-02-08,25,CMP0068,Direct Debit,1,0
8533,2783,2026-08-16,30.0,CMP0008,Standing Order,0,0
3504,1172,2025-01-14,5,CMP0135,Card,0,0
10195,3331,2023-05-20,10,CMP0081,Online,0,0
3158,1064,2023-09-27,50,CMP0057,Standing Order,0,0
11262,3641,2018-01-16,37.5,CMP0164,Card,1,0
2126,709,2024-11-06,100,CMP0181,Online,1,0
8087,2635,2026-07-19,20,CMP0113,Cheque,0,0
10946,3550,2019-12-12,10,CMP0183,Online,1,0
9196,2999,2021-03-06,10,CMP0107,Cheque,1,0
10950,3550,2025-04-10,50,CMP0106,Standing Order,0,0
1443,481,2026-02-16,15,CMP0047,Cash,0,0
3091,1046,2024-06-21,100,CMP0024,Online,1,0
1891,635,2025-04-30,15,CMP0046,Cash,0,0
4503,1501,2022-10-09,50,CMP0122,Cash,0,0
6512,2153,2024-02-11,5,CMP0133,Direct Debit,1,0
8017,2615,2025-06-29,250,CMP0044,Cheque,1,0
10282,3363,2025-12-10,250,CMP0153,Standing Order,0,0
3546,1186,2023-08-19,7.5,CMP0115,Direct Debit,1,0
2356,806,2022-06-30,0,CMP0138,Card,1,0
10653,3474,2023-01-23,5,CMP0023,Card,0,0
11528,3722,2024-09-08,15,CMP0057,Standing Order,0,0
10154,3322,2021-06-03,250,CMP0148,Card,1,0
10618,3462,2025-03-28,100,CMP0089,Direct Debit,0,0
1794,601,2022-08-09,375.0,CMP0041,Cheque,0,0
11410,3680,2020-11-02,100,CMP0015,Cheque,1,0
6934,2275,2026-01-13,500,CMP0093,Direct Debit,1,0
6185,2034,2025-09-19,40,CMP0191,Cheque,0,0
9186,2997,2026-01-14,100,CMP0174,Direct Debit,0,0
6658,2197,2020-11-12,15.0,CMP0172,Cash,1,0
780,255,2024-01-30,7.5,CMP0168,Direct Debit,0,0
6996,2292,2020-11-08,10,CMP0109,Card,0,0
10677,3482,2024-12-14,5,CMP0050,Cheque,0,0
1889,633,2026-02-04,40,CMP0089,Direct Debit,0,0
11087,3589,2023-07-21,250,CMP0144,Online,0,0
5137,1702,2024-08-13,50,CMP0149,Cheque,0,0
10838,3523,2026-03-05,15,CMP0041,Card,0,0
3443,1154,2024-03-14,10,CMP0148,Online,1,0
3079,1044,2018-12-25,375.0,CMP0026,Card,0,0
11290,3648,2022-06-30,100,CMP0037,Cash,0,0
10591,3455,2026-01-25,15,CMP0094,Online,1,0
9275,3032,2025-09-22,200,CMP0149,Card,1,0
711,229,2025-07-16,100,CMP0007,Direct Debit,0,0
7700,2515,2024-01-06,10,CMP0053,Direct Debit,1,0
10351,3376,2020-05-04,50,CMP0095,Cash,1,0
3500,1171,2024-04-19,50,CMP0128,Standing Order,0,0
6527,2159,2025-04-29,25,CMP0011,Standing Order,0,0
1714,579,2026-05-19,50,CMP0010,Standing Order,1,0
4931,1637,2021-06-04,10,CMP0096,Standing Order,0,0
4797,1600,2023-02-11,22.5,CMP0166,Cheque,1,0
8979,2933,2022-01-13,100,CMP0084,Standing Order,0,0
6080,1989,2026-07-30,75.0,CMP0122,Direct Debit,1,0
5379,1776,2026-05-18,30.0,CMP0135,Card,0,0
10376,3383,2026-01-29,10,CMP0149,Direct Debit,0,0
8282,2709,2026-08-08,50,CMP0161,Online,0,0
9460,3086,2025-03-14,250,CMP0183,Card,0,0
7645,2496,2025-07-07,20,CMP0129,Cash,1,0
12098,3938,2022-09-10,75.0,CMP0127,Standing Order,0,0
8291,2711,2020-09-25,25,CMP0192,Cheque,1,0
9779,3191,2024-06-09,10,CMP0018,Cash,0,0
787,256,2020-08-11,7.5,CMP0176,Standing Order,0,0
1615,543,2021-04-16,37.5,CMP0013,Card,1,0
3649,1223,2023-09-23,20,CMP0161,Standing Order,1,0
4177,1384,2026-04-24,10,CMP0025,Cheque,1,0
6268,2058,2026-02-12,20,CMP0171,Cheque,0,0
7804,2549,2024-10-04,250,CMP0142,Cheque,0,0
4049,1348,2024-11-19,50,CMP0123,Cheque,1,0
6241,2051,2020-04-17,100,CMP0040,Cheque,0,0
5987,1960,2017-07-03,100,CMP0070,Standing Order,1,0
3918,1312,2026-02-01,375.0,CMP0036,Online,0,0
2296,775,2020-12-26,10,CMP0185,Standing Order,1,0
4753,1582,2026-08-09,25,CMP0181,Cheque,0,0
6131,1999,2022-04-30,10,CMP0106,Cheque,0,0
8585,2795,2023-07-18,37.5,CMP0154,Cash,1,0
4390,1461,2023-07-17,15,CMP0068,Cash,0,0
9509,3104,2025-05-20,25,CMP0131,Card,1,0
4449,1476,2022-05-10,5,CMP0153,Cash,1,0
9207,3004,2025-03-24,10,CMP0103,Cash,1,0
6044,1976,2025-05-29,15,CMP0082,Direct Debit,0,0
6640,2194,2026-02-02,250,CMP0125,Online,1,0
11621,3740,2025-02-10,20,CMP0065,Cash,1,0
8289,2710,2020-03-22,100,CMP0040,Direct Debit,0,0
2623,884,2024-07-13,100,CMP0018,Cash,0,0
1332,437,2025-10-09,15,CMP0146,Direct Debit,1,0
6358,2094,2024-03-22,50,CMP0185,Online,0,0
6936,2275,2019-01-30,30,CMP0048,Cheque,1,0
7668,2501,2023-10-29,5,CMP0086,Direct Debit,1,0
3938,1318,2021-02-28,10,CMP0181,Card,0,0
3691,1241,2023-10-04,10,CMP0011,Online,1,0
7065,2313,2023-11-21,250,CMP0052,Standing Order,0,0
1533,517,2023-11-02,250,CMP0060,Card,0,0
2704,922,2024-02-28,100,CMP0001,Direct Debit,0,0
9100,2964,2023-01-24,15,CMP0113,Cash,1,0
1832,619,2023-07-13,5,CMP0072,Online,1,0
11544,3726,2022-09-18,50,CMP0071,Cash,1,0
1539,520,2025-09-19,5,CMP0115,Online,0,0
3451,1156,2021-08-02,20,CMP0173,Direct Debit,0,0
6271,2058,2022-08-14,250,CMP0025,Standing Order,0,0
6670,2203,2022-10-26,100,CMP0027,Direct Debit,1,0
7693,2511,2024-07-21,250,CMP0005,Online,0,0
735,237,2026-04-13,5,CMP0071,Card,0,0
9850,3213,2026-01-29,20,CMP0025,Cash,0,0
10609,3460,2025-05-20,50,CMP0100,Standing Order,0,0
7247,2369,2026-07-01,30.0,CMP0173,Direct Debit,0,0
8680,2834,2019-09-08,10,CMP0029,Cash,0,0
7270,2375,2026-01-27,22.5,CMP0140,Cheque,0,0
5772,1894,2024-11-15,30.0,CMP0155,Direct Debit,0,0
1849,623,2021-09-06,10,CMP0050,Cash,1,0
428,139,2025-01-16,100,CMP0093,Cheque,1,0
9656,3151,2026-06-24,100,CMP0092,Online,0,0
2680,904,2023-05-03,25,CMP0034,Cash,0,1
7939,2583,2026-02-08,250,CMP0084,Direct Debit,1,0
9771,3188,2024-11-15,50,CMP0139,Direct Debit,1,0
3577,1203,2024-04-09,5,CMP0033,Direct Debit,0,1
3942,1319,2024-08-02,25,CMP0069,Cash,1,0
3188,1073,2024-07-18,40,CMP0035,Cheque,1,0
5189,1717,2024-11-11,50,CMP0024,Cash,0,0
12135,3951,2026-07-14,25,CMP0036,Standing Order,1,0
5013,1663,2025-01-25,15,CMP0171,Direct Debit,0,0
2012,671,2023-01-20,150.0,CMP0177,Standing Order,1,0
8481,2766,2021-05-26,22.5,CMP0028,Card,0,0
1466,486,2024-12-05,25,CMP0016,Direct Debit,0,0
5857,1918,2024-06-18,50,CMP9101,Direct Debit,1,0
6509,2151,2023-04-29,100,CMP0006,Standing Order,1,0
834,276,2025-07-22,22.5,CMP0101,Cheque,0,0
2802,957,2023-11-15,500,CMP0011,Online,0,0
5918,1938,2021-06-01,50,CMP0146,Card,0,0
1941,649,2025-11-11,250,CMP0103,Cash,1,0
6388,2107,2022-10-15,100,CMP0059,Cheque,1,0
5800,1904,2025-11-04,20,CMP0148,Cash,1,0
11693,3773,2023-11-07,30.0,CMP0160,Direct Debit,0,0
6724,2217,2025-05-30,150.0,CMP0020,Card,0,0
8432,2751,2020-04-03,15,CMP0184,Online,1,1
6663,2198,2023-05-10,100,CMP0170,Cash,0,0
2890,987,2018-09-10,50,CMP0178,Cash,0,0
7521,2458,2026-04-23,20,CMP0155,Direct Debit,0,0
5913,1937,2025-05-21,100,CMP0131,Card,1,0
2238,747,2024-12-19,7.5,CMP0123,Standing Order,0,0
4759,1584,2024-02-08,250,CMP0046,Cheque,1,0
7794,2546,2025-12-22,37.5,CMP0050,Direct Debit,0,0
11322,3658,2022-12-14,15,CMP0027,Cash,0,0
6050,1978,2023-11-10,22.5,CMP0025,Standing Order,0,0
6364,2099,2024-05-13,10,CMP0170,Cash,0,0
5926,1940,2024-02-03,50,CMP0101,Standing Order,0,0
4271,1415,2024-09-23,5,CMP0014,Cash,0,0
9862,3222,2025-10-13,10,CMP0170,Cheque,0,0
5662,1861,2026-03-01,20,CMP0113,Cash,1,0
11194,3621,2025-06-19,30.0,CMP0089,Online,1,0
9146,2984,2024-04-03,15.0,CMP0040,Standing Order,1,0
8157,2656,2024-04-17,100,CMP0115,Online,0,0
2048,681,2025-03-29,10,CMP0175,Cash,0,0
5915,1938,2025-06-25,250,CMP0128,Cheque,1,0
3697,1243,2026-01-06,25,CMP0079,Cheque,1,0
5633,1846,2023-07-24,50,CMP0088,Cash,1,0
2045,680,2024-12-12,250,CMP0068,Cash,1,0
2470,835,2020-09-08,50,CMP0140,Direct Debit,0,0
5623,1845,2026-01-02,20,CMP0021,Standing Order,1,0
1502,505,2025-05-18,40,CMP0091,Direct Debit,0,0
2018,674,2018-09-20,100,CMP0142,Cash,0,0
673,208,2022-01-28,100,CMP0133,Online,1,0
8,1,2021-05-02,75.0,CMP0147,Card,1,0
10069,3293,2023-09-26,100,CMP0172,Cash,1,0
6089,1991,2021-06-09,100,CMP0177,Standing Order,1,0
7353,2399,2025-01-31,100,CMP0129,Online,1,0
12318,4016,2021-05-03,150.0,CMP0114,Cheque,1,0
5958,1952,2022-02-11,100,CMP0107,Direct Debit,0,0
7382,2409,2020-06-14,25,CMP0186,Standing Order,0,0
9982,3265,2022-05-06,25,CMP0011,Standing Order,1,0
11056,3584,2025-02-01,100,CMP0095,Direct Debit,1,0
12057,3927,2024-10-17,25,CMP0112,Card,0,0
2270,764,2026-02-22,40,CMP0023,Standing Order,1,0
12004,3901,2025-10-01,15,CMP0015,Standing Order,0,0
11298,3653,2026-05-05,25,CMP0049,Cash,0,0
7981,2596,2026-08-07,150.0,CMP0150,Standing Order,1,0
3217,1082,2021-08-12,5,CMP0029,Cheque,1,0
11800,3824,2024-07-08,10,CMP0077,Card,0,0
12134,3951,2026-04-02,100,CMP0053,Cash,0,0
132,40,2026-05-23,37.5,CMP0176,Direct Debit,0,0
6614,2182,2021-07-26,375.0,CMP0014,Standing Order,1,0
11296,3652,2023-10-26,500,CMP0104,Direct Debit,0,0
4651,1551,2020-03-18,250,CMP0051,Standing Order,1,0
10406,3391,2025-11-20,25,CMP0103,Cash,1,0
9256,3022,2025-03-09,10,CMP0014,Direct Debit,1,0
346,109,2022-03-01,25,CMP0160,Online,0,0
4485,1492,2020-01-04,10,CMP0141,Direct Debit,0,0
8821,2885,2018-01-23,20,CMP0135,Online,0,0
426,138,2024-11-14,37.5,CMP0086,Online,0,0
6076,1988,2026-06-25,7.5,CMP0082,Standing Order,1,0
10187,3330,2024-05-26,100,CMP0110,Online,1,0
8381,2737,2019-11-16,25,CMP0135,Cash,1,0
295,88,2026-05-02,40,CMP0104,Direct Debit,0,0
6729,2217,2020-06-14,100,CMP0163,Card,0,0
8793,2871,2018-12-15,250,CMP0132,Online,0,0
11989,3895,2022-06-20,50,CMP0097,Cheque,0,0
2081,693,2017-12-09,75.0,CMP0003,Direct Debit,1,0
3536,1182,2024-08-26,200,CMP0040,Standing Order,1,0
11172,3613,2026-04-28,15.0,CMP0091,Cheque,1,0
5383,1779,2026-03-08,20,CMP0150,Standing Order,1,0
7744,2531,2022-09-26,20,CMP0161,Online,0,0
8808,2875,2025-01-25,7.5,CMP0043,Standing Order,0,0
4690,1566,2024-08-24,100,CMP0153,Online,0,0
5482,1805,2025-06-17,5,CMP0054,Cash,0,0
9448,3083,2019-12-04,20,CMP0086,Direct Debit,1,0
725,232,2024-12-12,5,CMP0152,Cheque,0,0
2220,741,2021-11-22,20,CMP0044,Cheque,1,0
6140,2003,2025-03-18,5,CMP0094,Cheque,1,0
2367,810,2024-11-17,25,CMP0087,Online,0,0
1003,335,2024-02-05,15,CMP0127,Standing Order,1,0
4465,1483,2025-06-04,5,CMP0125,Direct Debit,1,0
9899,3233,2022-06-02,100,CMP0037,Card,0,0
4610,1538,2025-04-29,20,CMP0076,Standing Order,1,0
4340,1438,2019-06-11,200,CMP0085,Direct Debit,0,0
7853,2563,2024-06-22,50,CMP0102,Online,1,0
3166,1066,2023-04-06,5,CMP0105,Standing Order,1,0
6760,2224,2019-10-09,5,CMP0086,Online,0,0
8246,2693,2023-03-02,100,CMP0157,Cash,0,0
4400,1462,2019-05-01,100,CMP0083,Standing Order,0,0
2362,806,2023-12-16,50,CMP0091,Cheque,0,0
4289,1420,2023-09-21,37.5,CMP0105,Cheque,0,0
11875,3854,2022-08-26,15,CMP0164,Direct Debit,0,0
10876,3535,2024-09-19,50,CMP0033,Cash,0,0
8431,2751,2023-10-25,5,CMP0190,Cash,0,0
4487,1495,2026-05-14,30.0,CMP0005,Card,0,0
4174,1381,2026-04-26,7.5,CMP0105,Direct Debit,0,0
11044,3581,2026-03-29,30,CMP0048,Standing Order,1,0
5900,1934,2022-09-26,150.0,CMP0187,Direct Debit,0,0
9390,3063,2024-12-07,30.0,CMP0069,Cheque,1,1
2839,969,2018-09-13,15,CMP0002,Direct Debit,0,0
11809,3826,2025-10-22,25,CMP0187,Card,1,0
2962,1008,2025-08-09,50,CMP0031,Direct Debit,1,0
5158,1705,2020-08-06,100,CMP0114,Card,0,0
1313,431,2025-01-14,15,CMP0048,Direct Debit,1,0
992,331,2023-12-26,10,CMP0122,Online,1,0
2405,816,2022-01-29,100,CMP0029,Cash,1,0
11772,3811,2026-08-03,37.5,CMP0159,Card,1,0
4947,1640,2024-08-18,100,CMP0170,Online,0,0
3655,1224,2022-08-16,25,CMP0108,Direct Debit,1,1
11975,3892,2022-06-03,500,CMP0091,Cheque,1,0
10111,3311,2025-05-09,75.0,CMP0117,Cheque,0,0
10558,3443,2024-05-14,5,CMP0013,Online,1,0
9615,3139,2018-07-24,75.0,CMP0096,Direct Debit,0,0
41,11,2026-05-11,100,CMP0076,Card,1,0
8406,2746,2022-10-01,375.0,CMP0158,Online,0,0
1895,636,2024-06-19,100,CMP0151,Cheque,0,0
2209,739,2019-10-26,100,CMP0089,Online,0,0
6923,2273,2023-12-29,10,CMP0188,Cash,0,0
12062,3928,2022-02-25,20,CMP0150,Card,0,0
10083,3300,2025-09-05,50,CMP0153,Cheque,0,0
9444,3082,2025-08-24,20,CMP0010,Online,1,0
2798,955,2026-02-23,20,CMP0035,Card,1,0
5624,1845,2025-08-25,37.5,CMP0136,Online,0,0
3024,1024,2026-05-03,250,CMP0142,Card,0,0
5959,1952,2025-01-25,200,CMP0161,Direct Debit,0,0
6109,1993,2023-12-27,10,CMP0185,Direct Debit,1,0
227,67,2024-03-01,20,CMP0053,Cheque,0,0
650,204,2025-05-08,20,CMP0050,Cash,1,0
5522,1818,2022-06-10,20,CMP0076,Standing Order,0,0
4402,1463,2022-06-06,15,CMP0064,Cheque,1,0
2295,775,2022-07-19,25,CMP0007,Direct Debit,0,0
2977,1011,2025-07-09,375.0,CMP0023,Direct Debit,0,0
7414,93839,2025-10-14,500,CMP0138,Cash,1,0
9378,3061,2023-12-14,15.0,CMP0047,Standing Order,0,0
890,294,2021-12-20,50,CMP0055,Direct Debit,0,0
9657,3151,2023-10-31,10,CMP0057,Cheque,0,0
10125,3317,2025-05-16,25,CMP0026,Online,1,0
11468,3702,2026-06-07,20,CMP0040,Standing Order,0,0
9555,3120,2020-09-28,25,CMP0014,Online,1,0
10480,3412,2022-06-19,250,CMP0029,Card,0,0
3835,1286,2024-01-18,15,CMP0110,Online,0,0
8131,2650,2021-02-27,22.5,CMP0028,Direct Debit,0,0
3250,1094,2022-10-18,15,CMP0087,Online,0,0
11233,3630,2023-03-21,20,CMP0142,Cheque,1,0
6989,2290,2020-12-25,250,CMP0144,Standing Order,1,0
10487,3415,2021-07-18,5,CMP0031,Card,0,0
6704,2212,2023-08-10,25,CMP0105,Standing Order,0,0
11645,3748,2024-11-05,150.0,CMP0018,Standing Order,1,0
5790,1899,2023-02-03,10,CMP0067,Online,0,0
10541,3438,2021-08-15,7.5,CMP0107,Direct Debit,1,1
5128,1700,2018-11-02,75.0,CMP0038,Cash,1,0
45,12,2025-12-25,75.0,CMP0093,Online,0,0
7338,2391,2023-12-16,15,CMP0135,Cash,0,0
1093,361,2025-05-08,150.0,CMP0057,Cash,1,0
3348,1123,2025-05-27,25,CMP0011,Direct Debit,0,0
10013,3280,2023-10-20,100,CMP0092,Cash,1,0
8439,2751,2021-04-29,10,CMP0031,Standing Order,0,0
3520,1176,2022-07-05,50,CMP0175,Card,0,0
7506,2450,2025-03-12,375.0,CMP0022,Standing Order,0,0
6389,2107,2023-12-15,50,CMP0128,Direct Debit,1,0
9653,3150,2026-07-03,375.0,CMP0120,Cash,1,0
5017,1663,2024-06-03,50,CMP0015,Cash,0,0
8077,2633,2025-08-21,15,CMP0182,Cash,0,0
7416,2424,2020-05-21,5,CMP0159,Direct Debit,0,0
2352,804,2024-01-30,30,CMP0059,Standing Order,1,0
4,1,2024-09-09,7.5,CMP0029,Standing Order,1,0
9512,3104,2025-10-07,375.0,CMP0019,Cash,1,0
2809,960,2022-12-25,150.0,CMP0096,Standing Order,1,0
8146,2654,2021-08-13,40,CMP0184,Cheque,1,0
6733,2217,2019-12-14,20,CMP0017,Standing Order,0,0
7084,2317,2024-09-24,50,CMP0182,Standing Order,1,0
9499,3100,2021-01-22,100,CMP0013,Online,1,0
8194,2677,2024-09-30,250,CMP0146,Cash,1,0
1252,410,2026-02-25,15,CMP0190,Standing Order,0,0
4356,1444,2022-11-11,20,CMP0144,Cheque,1,0
6769,2227,2020-12-11,20,CMP0011,Online,1,0
12066,3929,2023-08-25,7.5,CMP0188,Direct Debit,1,0
3100,1049,2025-04-27,10,CMP0136,Cheque,0,0
5146,1704,2025-07-12,5,CMP0133,Direct Debit,0,0
5282,1750,2025-05-14,5,CMP0010,Cheque,0,0
10124,3316,2026-01-03,50,CMP0025,Cash,0,0
6207,2042,2026-07-07,50,CMP0182,Online,1,0
499,157,2020-08-18,5,CMP0110,Cheque,0,0
323,98,2024-07-23,15.0,CMP0033,Card,0,0
9286,3034,2025-04-03,5,CMP0188,Cheque,1,0
2334,799,2025-12-06,100,CMP0012,Direct Debit,1,0
11458,3699,2017-08-25,50,CMP0180,Standing Order,0,1
5011,1663,2023-10-25,40,CMP0191,Cash,1,0
568,181,2024-10-09,100,CMP0114,Card,0,0
66,20,2026-03-26,250,CMP0060,Online,1,0
5513,1817,2026-06-07,10,CMP0138,Direct Debit,0,0
9730,3178,2024-04-12,30,CMP0073,Standing Order,0,0
7584,2480,2025-12-03,20,CMP0155,Card,0,0
7838,2555,2025-05-13,200,CMP0087,Online,1,0
6503,2151,2023-10-02,375.0,CMP0072,Direct Debit,0,0
7765,2536,2025-11-01,200,CMP0132,Online,1,0
80,25,2021-08-09,25,CMP0039,Cheque,0,0
3180,1069,2025-08-03,5,CMP0082,Card,0,0
4460,1483,2024-01-26,250,CMP0113,Cash,1,0
366,117,2023-10-12,20,CMP0151,Cheque,0,0
7113,2324,2026-01-02,20,CMP0147,Cash,0,0
683,212,2024-05-17,40,CMP0089,Card,1,0
896,299,2026-04-12,7.5,CMP0020,Cash,1,0
8316,2719,2021-12-02,15,CMP0103,Online,0,0
2458,830,2026-03-30,15,CMP0025,Cash,0,0
12065,3928,2025-10-27,40,CMP0116,Cash,0,0
550,175,2026-04-03,25,CMP0061,Standing Order,1,0
7716,2522,2025-08-30,10,CMP0008,Card,1,0
11075,3586,2024-01-05,250,CMP0170,Standing Order,0,0
1445,483,2023-08-26,500,CMP0010,Cash,0,0
5933,1941,2023-07-05,5,CMP0051,Direct Debit,1,0
11867,3853,2021-08-28,15,CMP0113,Card,1,0
7077,2314,2022-01-29,15,CMP0088,Card,1,0
11963,3890,2021-06-02,25,CMP0083,Cheque,1,0
6940,2276,2022-09-01,100,CMP0178,Cheque,0,0
9241,3017,2025-06-12,25,CMP0065,Online,0,0
1108,368,2024-09-29,25,CMP0078,Card,0,0
1403,468,2026-01-15,100,CMP9531,Cheque,1,0
6158,2018,2025-03-28,10,CMP0122,Cheque,1,0
4520,1503,2019-10-10,250,CMP0162,Card,0,0
9309,3038,2026-02-26,7.5,CMP0105,Cheque,1,0
5340,1763,2026-02-07,50,CMP0165,Cheque,0,0
9885,3228,2023-08-22,5,CMP0029,Online,0,0
3046,1033,2025-01-29,250,CMP0020,Direct Debit,1,0
7350,2399,2018-01-02,25,CMP0122,Cheque,0,0
12040,3920,2025-06-20,20,CMP0110,Cheque,1,0
1450,483,2019-05-03,50,CMP0143,Online,0,0
2785,952,2025-11-03,20,CMP0128,Online,0,0
10991,3564,2026-02-02,10,CMP0107,Online,0,0
9398,3068,2023-02-12,50,CMP0166,Direct Debit,1,0
8161,2656,2024-04-12,500,CMP0050,Direct Debit,0,0
11365,3668,2022-03-03,25,CMP0119,Online,0,1
5660,1860,2023-04-04,50,CMP0183,Cash,1,0
7213,2356,2025-05-04,250,CMP0150,Cheque,0,0
11286,3647,2021-12-06,250,CMP0161,Cheque,0,0
2621,884,2025-10-10,200,CMP0028,Standing Order,1,0
2987,1013,2026-04-20,20,CMP0112,Cheque,0,0
9292,3034,2024-07-31,100,CMP0006,Standing Order,1,0
2195,734,2022-12-25,5,CMP0094,Standing Order,1,0
1316,431,2023-08-31,15.0,CMP0166,Online,0,0
11688,3771,2024-11-22,22.5,CMP0040,Card,1,0
5152,1705,2019-10-01,250,CMP0099,Card,1,1
12156,3956,2025-05-09,150.0,CMP0067,Standing Order,1,0
8096,2638,2025-02-03,30.0,CMP0042,Online,0,0
3613,1214,2024-10-31,7.5,CMP0049,Cash,0,0
9952,3256,2024-08-10,100,CMP0054,Card,0,0
2236,747,2020-08-26,25,CMP0153,Standing Order,0,0
2122,707,2024-06-03,37.5,CMP0033,Card,0,0
3767,1264,2024-06-05,15,CMP0148,Online,1,0
2653,892,2024-07-25,15,CMP0144,Cheque,0,0
10389,3387,2023-01-22,5,CMP0023,Standing Order,1,0
3722,1249,2021-09-05,5,CMP0139,Cash,1,0
8550,2785,2025-01-02,25,CMP0180,Online,0,0
2643,890,2026-04-25,50,CMP0173,Online,1,0
8601,2804,2026-07-24,20,CMP0123,Standing Order,0,0
4119,1364,2024-01-06,75.0,CMP0011,Cash,1,0
3203,1078,2025-03-26,100,CMP0124,Direct Debit,1,0
11505,3715,2020-11-24,100,CMP0098,Direct Debit,0,0
8609,2808,2026-01-18,100,CMP0060,Cheque,1,0
3925,1313,2022-01-28,10,CMP0087,Online,0,0
2544,859,2023-02-03,30,CMP0186,Direct Debit,1,0
3364,1127,2023-09-12,20,CMP0147,Cash,1,0
4752,1582,2024-11-13,150.0,CMP0139,Cheque,1,0
10061,3291,2020-01-24,40,CMP0182,Standing Order,1,0
3425,1145,2025-12-19,25,CMP0104,Card,1,0
12274,3993,2026-01-14,50,CMP0116,Direct Debit,0,0
1658,557,2025-09-10,22.5,CMP0070,Direct Debit,1,0
8256,2699,2026-04-12,50,CMP0086,Card,0,0
7573,2476,2025-04-23,100,CMP0165,Cash,1,0
10686,3483,2024-01-18,15,CMP0016,Cash,0,0
7701,2515,2024-07-05,5,CMP0002,Standing Order,0,0
7230,2363,2021-03-18,30.0,CMP0130,Standing Order,0,0
9725,3177,2024-03-30,25,CMP0121,Standing Order,1,0
3401,1139,2026-02-01,15,CMP0095,Online,0,0
3572,1197,2023-08-26,75.0,CMP0060,Cash,1,0
8516,2775,2022-09-29,75.0,CMP0021,Card,1,0
1147,382,2025-08-06,500,CMP0079,Standing Order,0,0
225,64,2026-08-04,10,CMP0140,Standing Order,1,0
11023,3576,2021-02-25,10,CMP0071,Standing Order,1,0
10695,3484,2023-03-14,100,CMP0116,Standing Order,0,0
9387,3063,2024-01-31,30,CMP0034,Standing Order,0,0
6911,2268,2025-11-05,25,CMP0082,Standing Order,0,0
9062,2959,2024-04-19,75.0,CMP0178,Cheque,0,0
931,313,2025-01-15,50,CMP0060,Card,1,0
3584,1204,2024-05-28,40,CMP0063,Standing Order,1,0
11640,3746,2024-08-31,10,CMP0024,Standing Order,0,0
4273,1415,2024-11-14,375.0,CMP0086,Standing Order,0,0
3041,1031,2025-07-23,50,CMP0073,Card,0,0
3493,1169,2021-07-04,500,CMP0015,Standing Order,1,0
9963,3262,2022-11-10,100,CMP0147,Card,0,0
1363,445,2026-08-05,25,CMP0132,Cheque,1,0
6482,2138,2024-02-03,10,CMP0106,Online,0,0
4985,1651,2018-11-30,22.5,CMP0037,Direct Debit,1,0
5475,1802,2023-08-10,15,CMP0177,Standing Order,1,0
8366,2733,2023-05-30,30,CMP0183,Card,1,0
6995,2292,2019-06-10,30.0,CMP0048,Direct Debit,1,0
5978,1958,2020-08-24,250,CMP0070,Cheque,0,0
3880,1300,2024-08-20,30,CMP0117,Cheque,0,0
1285,422,2025-12-14,25,CMP0191,Online,0,0
9278,3032,2023-06-17,100,CMP0007,Direct Debit,1,0
5744,1882,2020-11-19,15,CMP0027,Direct Debit,0,0
5998,1962,2022-07-31,375.0,CMP0044,Cheque,1,0
2482,841,2025-01-02,100,CMP0119,Standing Order,1,0
11900,3863,2024-09-23,5,CMP0152,Cheque,0,0
11313,3655,2026-06-25,100,CMP0038,Standing Order,1,0
7072,2314,2022-05-24,20,CMP0068,Standing Order,0,0
4339,1437,2026-03-25,10,CMP0071,Standing Order,1,0
4331,1432,2018-07-20,40,CMP0135,Card,0,0
7649,2497,2022-04-24,25,CMP0010,Standing Order,1,0
1571,528,2026-07-12,20,CMP0167,Direct Debit,0,0
9525,3107,2020-12-01,100,CMP0090,Cheque,1,0
5925,1938,2024-10-12,25,CMP0113,Cash,0,0
6009,1969,2026-07-08,100,CMP0153,Direct Debit,1,0
7984,2597,2022-03-18,50,CMP0104,Direct Debit,0,0
7052,2307,2024-03-17,5,CMP0123,Cheque,1,0
7878,2571,2026-06-09,100,CMP0160,Cheque,0,0
832,276,2022-06-09,25,CMP0030,Direct Debit,1,0
4693,1566,2021-10-24,375.0,CMP0102,Online,0,0
8899,2900,2019-07-02,7.5,CMP0091,Online,1,0
4828,1605,2018-05-23,50,CMP0104,Card,1,0
3687,1239,2024-03-11,15,CMP0047,Direct Debit,1,0
1462,486,2024-08-22,20,CMP0170,Online,1,0
10325,3371,2023-02-27,100,CMP0016,Standing Order,0,0
10090,3303,2024-04-27,20,CMP0081,Card,1,0
5629,1845,2023-05-31,75.0,CMP0173,Card,0,0
11475,3705,2024-12-05,250,CMP0038,Cash,1,0
8106,2640,2023-06-11,40,CMP0024,Online,0,0
9773,3188,2024-12-10,15,CMP0023,Card,1,0
6173,2026,2025-12-26,250,CMP0164,Cash,0,0
5802,1904,2021-09-01,50,CMP0179,Online,1,0
7452,2438,2022-11-22,15,CMP0040,Card,1,0
1133,379,2020-12-18,50,CMP0170,Card,1,0
3789,1269,2025-06-29,250,CMP0125,Cash,1,0
9453,3083,2024-03-30,10,CMP0148,Standing Order,1,0
9111,2976,2025-12-08,50,CMP0037,Cheque,1,0
3878,1300,2026-03-08,15,CMP0128,Card,1,0
12041,3920,2023-01-18,15.0,CMP0142,Card,1,0
11303,3653,2024-10-24,50,CMP0106,Cheque,1,0
5442,1793,2022-04-03,75.0,CMP0108,Standing Order,1,0
2090,694,2022-03-29,375.0,CMP0177,Standing Order,1,0
4896,1630,2024-05-18,200,CMP0108,Cheque,1,0
6678,2207,2026-08-03,5,CMP0078,Standing Order,0,0
6744,2220,2021-05-04,25,CMP0013,Standing Order,1,0
11388,3672,2021-02-09,15,CMP0044,Online,0,0
5779,1895,2020-06-16,100,CMP0140,Card,0,0
6214,2044,2023-01-16,7.5,CMP0073,Standing Order,0,0
2110,699,2024-02-29,7.5,CMP0185,Cash,1,0
10386,3385,2025-07-28,20,CMP0120,Online,0,0
10936,3547,2023-06-12,37.5,CMP0094,Direct Debit,1,0
141,42,2025-06-25,37.5,CMP0040,Cheque,0,0
1607,543,2023-11-29,375.0,CMP0081,Cheque,0,0
5686,1865,2024-11-02,100,CMP0179,Cash,1,0
598,193,2024-08-10,30.0,CMP0026,Cash,1,0
10509,3431,2025-08-30,10,CMP0033,Card,1,0
10431,3399,2023-03-31,5,CMP0084,Cash,0,0
2301,777,2024-05-02,500,CMP0139,Cash,0,0
8462,2761,2026-05-09,150.0,CMP0107,Cash,0,0
8338,2724,2020-03-27,15,CMP0128,Direct Debit,1,0
11384,3671,2025-08-18,20,CMP0149,Online,0,0
2142,715,2020-09-08,5,CMP0164,Standing Order,0,0
11463,3699,2023-09-29,375.0,CMP0031,Cheque,0,0
7954,2591,2023-07-08,15.0,CMP0053,Cheque,0,0
3479,1162,2020-02-23,25,CMP0015,Card,0,0
8317,2719,2022-05-05,10,CMP0155,Standing Order,1,0
10400,3391,2025-08-14,5,CMP0177,Direct Debit,1,0
12229,3981,2024-01-14,50,CMP0095,Direct Debit,1,0
12276,3996,2026-02-22,10,CMP0107,Card,1,0
6831,2246,2026-02-24,10,CMP0142,Direct Debit,1,0
7963,2595,2025-06-25,10,CMP0104,Cheque,1,0
1028,342,2024-10-18,100,CMP0106,Direct Debit,1,0
4316,1429,2024-02-11,10,CMP0100,Cash,1,0
6810,2239,2021-05-24,50,CMP0083,Standing Order,1,0
5149,1705,2018-12-12,15.0,CMP0044,Online,1,0
10581,3451,2020-12-23,20,CMP0015,Cash,1,0
2660,896,2024-07-30,250,CMP0005,Cheque,0,0
6065,1985,2023-07-21,15,CMP0119,Cash,1,0
6438,2123,2025-08-24,50,CMP0026,Cheque,1,0
569,182,2021-10-05,100,CMP0051,Online,1,0
1817,607,2022-12-18,7.5,CMP0006,Card,0,0
2529,856,2025-12-31,5,CMP0132,Online,1,0
9896,3232,2026-05-27,10,CMP0011,Card,1,0
7056,2310,2023-11-01,5,CMP0187,Direct Debit,0,0
3858,1291,2025-02-20,40,CMP0051,Cash,1,0
1647,553,2019-02-26,100,CMP0011,Standing Order,1,0
6437,2123,2025-03-14,20,CMP0139,Direct Debit,0,0
8986,2933,2023-04-29,20,CMP0125,Cheque,0,0
4311,1427,2026-05-13,75.0,CMP0093,Card,0,0
929,313,2025-11-07,40,CMP0016,Online,1,0
12159,3958,2021-11-25,5,CMP0041,Direct Debit,1,0
3262,1097,2025-07-21,50,CMP0008,Direct Debit,1,0
5155,1705,2020-02-23,7.5,CMP0109,Cheque,1,0
6254,2053,2023-11-30,10,CMP0099,Card,1,0
10944,3550,2021-10-07,7.5,CMP0142,Standing Order,1,0
11029,3578,2024-09-12,25,CMP0070,Online,1,0
10369,3380,2026-03-21,20,CMP0092,Cash,1,0
5935,1941,2022-12-15,10,CMP0154,Cash,0,0
1601,543,2020-05-08,15,CMP0174,Standing Order,0,0
2464,835,2024-06-10,30,CMP0111,Card,0,0
413,136,2025-04-18,15.0,CMP0063,Cash,1,0
5246,1738,2024-09-17,30.0,CMP0187,Cash,1,0
4461,1483,2023-07-16,25,CMP0070,Card,1,0
11876,3855,2023-03-11,50,CMP0065,Direct Debit,0,0
8353,2728,2025-02-03,20,CMP0020,Cheque,0,0
10899,3542,2023-02-08,5,CMP0011,Cheque,1,0
4885,1627,2018-11-12,50,CMP0017,Cheque,1,0
11314,3656,2024-12-04,250,CMP0162,Online,0,0
4004,1338,2025-09-25,100,CMP0167,Standing Order,0,0
28,5,2024-06-16,10,CMP0048,Card,0,0
10576,3451,2020-11-04,5,CMP0074,Online,1,0
10331,3371,2023-03-29,7.5,CMP0192,Cheque,0,0
3050,1034,2019-10-24,10,CMP0004,Direct Debit,1,0
2155,719,2025-12-02,500,CMP0158,Online,1,0
11465,3699,2021-07-30,37.5,CMP0160,Direct Debit,1,0
4717,1577,2023-01-25,30,CMP0111,Card,0,0
2581,873,2026-01-10,250,CMP0181,Direct Debit,0,0
11949,3881,2025-12-19,250,CMP0131,Cheque,1,0
5336,1762,2026-02-17,5,CMP0003,Card,1,0
6596,2181,2022-07-07,100,CMP0164,Cheque,0,0
2899,987,2017-10-23,40,CMP0180,Online,1,0
1498,501,2025-11-15,20,CMP0138,Cheque,0,0
6571,2175,2026-01-09,30.0,CMP0105,Online,1,0
8042,2622,2019-12-30,100,CMP0187,Direct Debit,1,0
1716,581,2023-04-30,25,CMP0090,Standing Order,1,0
3088,1044,2018-09-21,10,CMP0103,Cash,0,0
9942,3253,2026-03-03,30.0,CMP0169,Card,1,0
2827,965,2022-01-08,250,CMP0028,Online,1,0
4111,1364,2024-07-12,25,CMP0079,Cash,1,0
10066,3293,2025-07-04,100,CMP0110,Card,1,0
2435,821,2021-11-23,37.5,CMP0075,Direct Debit,1,0
9342,3048,2025-02-02,22.5,CMP0077,Direct Debit,0,0
721,230,2023-10-21,100,CMP0004,Standing Order,0,0
12148,3954,2025-04-09,250,CMP0078,Standing Order,1,0
2234,747,2019-04-22,75.0,CMP0142,Cash,0,0
4121,1366,2024-12-27,200,CMP0189,Card,1,0
833,276,2021-05-28,50,CMP0062,Standing Order,0,0
682,212,2023-03-25,100,CMP0008,Cash,1,0
9639,3144,2025-10-16,250,CMP0064,Cheque,0,0
3257,1097,2022-11-07,25,CMP0161,Cash,1,0
10658,3475,2024-06-16,250,CMP0026,Cash,0,0
10615,3462,2023-08-09,20,CMP0119,Standing Order,1,0
744,245,2025-06-15,20,CMP0107,Direct Debit,0,0
8643,2821,2024-05-12,22.5,CMP0085,Standing Order,1,0
8722,2850,2024-12-16,50,CMP0020,Standing Order,1,0
7537,2467,2023-03-06,10,CMP0071,Card,0,0
8669,2829,2025-08-07,10,CMP0125,Direct Debit,1,0
2235,747,2020-11-12,15,CMP0181,Online,1,0
10243,3346,2023-04-08,30.0,CMP0159,Cheque,0,0
11120,3596,2022-07-20,10,CMP0152,Direct Debit,1,0
10688,3484,2026-04-19,250,CMP0090,Card,0,0
6637,2192,2023-10-08,100,CMP0117,Card,1,0
1740,585,2021-11-12,15,CMP0073,Direct Debit,0,0
8500,2772,2021-05-16,10,CMP0172,Direct Debit,0,0
8845,2891,2020-12-24,22.5,CMP0082,Card,1,0
118,35,2024-04-21,100,CMP0189,Cash,0,0
1811,605,2022-12-24,40,CMP0072,Direct Debit,1,0
2567,865,2023-09-23,15,CMP0003,Cheque,1,0
5434,1793,2025-09-23,37.5,CMP0169,Cheque,0,0
6288,2071,2024-01-26,100,CMP0020,Card,0,0
4276,1416,2025-11-08,20,CMP0048,Cheque,0,0
6156,2017,2025-06-17,7.5,CMP0017,Direct Debit,1,0
4018,1341,2019-04-22,20,CMP0157,Standing Order,0,0
8857,2894,2025-05-22,15,CMP0112,Cheque,1,0
9264,3028,2024-01-16,30.0,CMP0090,Online,0,0
6310,2078,2022-10-16,100,CMP0161,Card,0,0
802,260,2025-03-14,5,CMP0074,Card,0,0
5262,1742,2018-12-10,100,CMP0023,Cheque,0,0
1957,657,2023-06-23,50,CMP0006,Cash,1,0
2038,678,2025-02-15,10,CMP0118,Cash,1,0
8781,2870,2024-02-05,10,CMP0042,Cheque,0,0
6318,2085,2025-01-13,75.0,CMP0158,Card,1,0
7233,2363,2025-06-25,15,CMP0108,Direct Debit,0,0
12280,3998,2025-05-27,250,CMP0013,Online,1,0
547,174,2025-09-01,50,CMP0030,Standing Order,0,0
4776,1591,2026-06-17,50,CMP0128,Cash,1,0
11773,3811,2024-09-06,15,CMP0045,Direct Debit,0,0
2358,806,2018-12-28,20,CMP0184,Direct Debit,0,0
11993,3896,2021-12-19,250,CMP0118,Direct Debit,1,0
5567,1833,2021-09-13,75.0,CMP0140,Online,1,0
8312,2716,2026-01-16,5,CMP0083,Standing Order,1,0
7227,2362,2023-09-29,375.0,CMP0130,Cheque,1,0
1821,611,2025-08-05,75.0,CMP0101,Card,0,0
5446,1794,2023-03-11,500,CMP0017,Standing Order,0,1
4732,1579,2025-04-03,500,CMP0029,Standing Order,0,0
5042,1673,2025-01-28,22.5,CMP0126,Online,0,0
3644,1222,2025-02-19,100,CMP0137,Card,0,0
5302,1755,2026-08-01,10,CMP9636,Card,0,0
4438,1473,2025-10-10,100,CMP0172,Card,0,0
107,33,2023-11-10,10,CMP0131,Online,0,0
3110,1051,2026-03-21,500,CMP0028,Online,0,0
6138,2003,2021-11-06,50,CMP0085,Cheque,1,0
2111,699,2023-12-25,25,CMP0176,Cheque,0,0
4827,1605,2023-10-23,15,CMP0093,Cheque,0,0
10185,3329,2024-12-03,15,CMP0123,Direct Debit,1,0
6472,2137,2021-02-19,10,CMP0055,Online,1,0
6529,2162,2026-04-26,37.5,CMP0010,Online,0,0
819,271,2025-05-10,250,CMP0034,Direct Debit,0,0
520,164,2025-10-16,20,CMP0058,Online,1,0
6654,2197,2020-08-11,25,CMP0135,Cheque,0,0
10654,3474,2023-07-30,375.0,CMP0035,Cash,1,0
4897,1630,2024-09-04,100,CMP0122,Standing Order,1,0
4215,1395,2025-03-24,30.0,CMP0141,Standing Order,1,0
1492,499,2024-11-25,50,CMP0062,Card,0,1
8128,2650,2020-05-24,50,CMP0091,Direct Debit,1,0
5238,1733,2026-06-19,150.0,CMP0029,Card,1,0
6804,2237,2023-03-06,10,CMP0095,Online,1,0
6216,2046,2024-11-29,5,CMP0013,Cheque,1,0
6125,1998,2026-02-22,200,CMP0070,Cash,0,0
8542,2784,2018-03-22,10,CMP0164,Online,1,1
7040,2306,2017-10-01,150.0,CMP0157,Direct Debit,1,0
242,72,2025-11-24,250,CMP0021,Direct Debit,0,0
5832,1913,2021-02-28,25,CMP0166,Cheque,1,0
7383,2410,2025-07-25,22.5,CMP0191,Cash,1,0
10555,3441,2023-03-26,100,CMP0147,Cheque,1,0
3456,1156,2022-10-19,15.0,CMP0048,Direct Debit,1,0
2257,756,2024-02-02,5,CMP0079,Standing Order,0,0
10070,3294,2025-08-01,15,CMP0054,Direct Debit,0,0
6301,2073,2024-09-03,10,CMP0124,Online,1,0
11497,3710,2023-11-03,37.5,CMP0054,Direct Debit,1,0
11494,3710,2025-01-23,50,CMP0090,Cash,1,0
5296,1754,2024-08-31,15,CMP0068,Card,1,0
519,163,2026-04-12,10,CMP0162,Standing Order,1,0
12039,3920,2023-09-15,37.5,CMP0163,Standing Order,1,0
4171,1380,2023-01-28,20,CMP0049,Cash,1,0
8811,2875,2025-08-30,5,CMP0074,Direct Debit,1,0
4524,1504,2026-03-23,50,CMP0122,Direct Debit,1,0
5005,1658,2026-08-07,7.5,CMP0038,Standing Order,1,0
1594,538,2026-04-22,25,CMP0170,Online,0,0
2221,741,2021-09-03,10,CMP0065,Direct Debit,1,0
1852,624,2024-10-28,30.0,CMP0091,Cheque,0,0
11037,3578,2023-01-15,15,CMP0080,Card,1,0
4446,1476,2023-05-14,250,CMP0025,Cheque,1,0
8480,2765,2025-01-23,375.0,CMP0137,Direct Debit,0,0
9796,3197,2025-10-10,10,CMP0124,Standing Order,1,0
1162,384,2022-05-01,10,CMP0054,Cheque,1,0
284,81,2025-12-26,20,CMP0072,Standing Order,0,0
1774,595,2020-12-07,100,CMP0188,Cheque,0,0
8303,2713,2024-07-10,75.0,CMP0159,Online,0,0
4725,1578,2021-04-07,375.0,CMP0012,Standing Order,0,0
2404,816,2020-10-07,25,CMP0083,Direct Debit,1,0
2672,903,2020-06-30,30,CMP0164,Cash,1,0
11606,3737,2023-12-24,7.5,CMP0048,Standing Order,0,0
1057,349,2022-12-05,25,CMP0172,Cheque,0,0
3367,1128,2024-05-17,250,CMP0137,Standing Order,1,0
8430,2751,2025-01-15,25,CMP0097,Cheque,1,1
5049,1674,2026-04-01,25,CMP0023,Cash,1,0
6833,2247,2025-06-23,5,CMP0083,Direct Debit,0,0
6420,2117,2023-10-01,500,CMP0052,Online,0,0
11059,3584,2018-09-05,25,CMP0067,Direct Debit,0,0
2805,957,2022-08-24,100,CMP0129,Cash,0,0
169,49,2023-05-27,5,CMP0188,Cash,0,0
9242,3017,2023-08-31,40,CMP0097,Card,0,0
1512,509,2024-03-28,50,CMP0190,Online,0,0
9348,3050,2021-10-04,15.0,CMP0081,Card,0,0
12238,3982,2024-08-23,25,CMP0079,Cash,0,0
546,173,2024-08-01,37.5,CMP0004,Direct Debit,0,0
1415,471,2024-07-30,30.0,CMP0049,Direct Debit,0,0
11049,3581,2024-04-19,5,CMP0028,Card,1,0
3923,1313,2017-10-05,250,CMP0187,Cheque,1,1
4986,1651,2026-05-18,150.0,CMP0016,Direct Debit,0,0
7626,2493,2021-05-01,50,CMP0029,Online,0,0
9679,3164,2025-11-01,150.0,CMP0013,Standing Order,0,0
6339,2090,2024-08-30,100,CMP0050,Direct Debit,1,0
12003,3901,2024-07-12,50,CMP0114,Cheque,1,0
4580,1527,2025-06-17,25,CMP0117,Cash,0,0
10592,3455,2023-02-06,10,CMP0085,Cash,1,0
4186,1389,2022-05-23,5,CMP0096,Cheque,0,0
1302,426,2021-08-05,250,CMP0002,Direct Debit,0,0
769,252,2020-06-03,30,CMP0051,Cheque,0,0
884,292,2026-03-09,150.0,CMP0022,Standing Order,0,0
10434,3400,2026-01-19,250,CMP0185,Direct Debit,0,0
12026,3910,2026-08-10,7.5,CMP0149,Online,0,0
11486,3708,2026-04-27,30.0,CMP0129,Cheque,1,0
9139,2982,2024-01-15,5,CMP0069,Cheque,0,0
6308,2078,2022-04-05,10,CMP0027,Cheque,1,0
914,305,2023-07-05,50,CMP0017,Cash,1,0
2738,934,2020-06-12,30.0,CMP0190,Standing Order,1,0
1345,439,2025-07-11,50,CMP0124,Cheque,0,0
7756,2532,2022-08-21,30.0,CMP0066,Standing Order,1,0
3526,1178,2022-03-29,20,CMP0152,Direct Debit,1,0
11478,3706,2024-07-31,10,CMP0135,Card,0,0
7181,2345,2022-04-07,15,CMP0027,Cheque,1,0
5349,1766,2021-08-28,30,CMP0096,Card,1,0
3230,1086,2020-06-22,375.0,CMP0047,Cash,1,0
37,11,2026-02-14,100,CMP0138,Online,0,1
7531,2466,2024-10-28,10,CMP0075,Online,1,1
7409,2418,2025-09-27,15,CMP0033,Cheque,0,0
6694,2211,2024-04-23,10,CMP0160,Standing Order,0,0
12022,3908,2020-08-02,10,CMP0124,Card,0,0
5058,1676,2024-01-30,20,CMP0169,Online,1,0
9849,3211,2024-02-15,30.0,CMP0031,Cheque,0,1
11795,3818,2026-01-30,30.0,CMP0096,Direct Debit,1,0
10420,3393,2020-11-26,75.0,CMP0059,Standing Order,0,0
3646,1223,2026-02-13,25,CMP0095,Cash,0,0
6213,2044,2026-03-10,20,CMP0171,Online,0,0
3329,1112,2024-02-23,375.0,CMP0187,Direct Debit,0,0
1281,420,2024-05-02,150.0,CMP0030,Cash,1,0
11515,3718,2022-09-10,20,CMP0184,Online,1,0
10218,3338,2026-08-02,37.5,CMP0168,Online,0,0
1047,346,2023-05-29,100,CMP0145,Standing Order,0,0
3222,1085,2026-07-05,25,CMP0089,Online,1,0
748,248,2025-10-23,20,CMP0058,Cheque,0,0
12202,3967,2020-11-10,100,CMP0072,Online,0,0
2517,852,2025-07-16,10,CMP0007,Cheque,0,0
10153,3322,2022-01-03,30.0,CMP0073,Card,1,0
5257,1741,2026-07-05,50,CMP0082,Direct Debit,0,0
7827,2553,2022-02-21,100,CMP0183,Standing Order,1,0
5072,1682,2025-03-21,200,CMP0143,Cash,0,0
3969,1331,2019-05-26,5,CMP0116,Cheque,1,0
11575,3730,2023-04-12,50,CMP0040,Online,0,0
9740,3183,2025-11-12,25,CMP0149,Cash,0,0
7617,2491,2026-07-17,15,CMP0180,Direct Debit,1,0
3872,1298,2022-07-11,250,CMP0177,Standing Order,1,0
11407,3678,2024-12-12,30,CMP0084,Online,1,0
5729,1880,2024-10-18,50,CMP0105,Cheque,0,0
3760,1262,2019-04-13,22.5,CMP0187,Standing Order,0,0
1510,508,2026-07-05,10,CMP0185,Online,0,0
8202,2679,2024-05-01,15,CMP0162,Direct Debit,1,0
3345,1122,2025-08-17,50,CMP0184,Standing Order,0,0
4481,1491,2025-06-12,5,CMP0155,Standing Order,0,0
8545,2784,2021-06-01,100,CMP0162,Standing Order,1,0
4768,1589,2025-12-11,40,CMP0132,Direct Debit,1,0
7267,2375,2024-08-07,250,CMP0121,Standing Order,1,0
11488,3708,2023-12-23,30.0,CMP0092,Standing Order,0,0
12100,3939,2026-03-18,250,CMP0097,Direct Debit,1,0
549,175,2024-12-14,100,CMP0047,Direct Debit,1,0
3002,1017,2025-08-07,25,CMP0041,Cheque,1,0
5655,1858,2022-03-04,10,CMP0003,Online,0,0
2626,886,2024-08-30,10,CMP0060,Direct Debit,1,0
6633,2189,2026-03-17,50,CMP0050,Standing Order,1,0
12130,3949,2025-01-08,30,CMP0172,Cheque,1,0
11569,3729,2026-08-15,20,CMP0007,Direct Debit,1,0
1851,624,2022-12-25,50,CMP0140,Card,1,0
2289,775,2022-08-05,10,CMP0095,Direct Debit,1,0
6598,2181,2025-10-26,22.5,CMP0170,Direct Debit,0,0
5069,1681,2025-07-27,25,CMP0055,Cash,0,0
11739,3794,2025-01-13,7.5,CMP0012,Direct Debit,1,0
2551,862,2024-03-24,37.5,CMP0086,Cheque,1,0
5248,1739,2024-12-20,250,CMP0182,Direct Debit,0,0
1569,526,2019-04-29,20,CMP0152,Card,1,0
3141,1061,2026-04-18,200,CMP0118,Cash,0,0
10415,3393,2018-06-21,100,CMP0117,Standing Order,0,0
9867,3223,2024-10-21,15.0,CMP0055,Cheque,1,0
3622,1215,2022-01-03,25,CMP0063,Online,1,0
8827,2888,2021-12-05,50,CMP0137,Direct Debit,1,0
6412,2117,2022-07-24,30.0,CMP0012,Standing Order,1,0
6543,2164,2023-07-17,5,CMP0017,Cash,1,0
1550,522,2024-01-02,25,CMP0061,Direct Debit,1,0
4791,1599,2023-08-07,20,CMP0162,Online,1,0
3105,1050,2024-07-30,40,CMP0191,Cash,1,0
492,153,2019-06-01,25,CMP0030,Cash,0,0
10249,3347,2023-05-31,250,CMP0146,Online,1,0
2285,772,2023-02-02,15,CMP0110,Standing Order,1,0
6855,2252,2026-01-31,15,CMP0066,Cash,0,0
5228,1732,2021-02-24,250,CMP0070,Card,0,0
5417,1788,2022-10-18,20,CMP0001,Cash,0,0
11439,3692,2021-08-31,20,CMP0157,Cash,0,0
821,273,2026-05-05,10,CMP0006,Standing Order,1,0
493,153,2019-11-11,100,CMP0039,Online,0,0
7579,2479,2020-02-29,7.5,CMP0078,Card,0,0
357,115,2022-09-21,30.0,CMP0003,Online,0,0
1417,471,2025-05-01,500,CMP0041,Direct Debit,1,0
907,302,2025-03-08,200,CMP0058,Cash,0,0
6765,2225,2025-11-30,15,CMP0137,Card,0,0
8575,2793,2020-09-07,5,CMP0145,Cheque,1,0
11798,3820,2020-12-13,100,CMP0132,Online,0,0
7508,2451,2024-06-30,75.0,CMP0135,Standing Order,1,0
7197,2351,2024-10-01,15,CMP0022,Cash,1,0
12014,3905,2020-12-04,250,CMP0184,Online,1,0
1814,607,2026-03-10,22.5,CMP0057,Cheque,0,0
11080,3587,2022-09-18,500,CMP0155,Online,0,0
3426,1145,2023-08-02,10,CMP0023,Standing Order,0,0
5748,1886,2025-02-25,375.0,CMP0131,Online,0,0
5456,1796,2022-10-28,50,CMP0024,Direct Debit,0,0
8647,2824,2026-03-01,500,CMP0058,Standing Order,1,0
5299,1755,2023-04-22,250,CMP0032,Cheque,0,0
394,129,2020-02-22,75.0,CMP0131,Direct Debit,1,0
2576,872,2025-09-03,75.0,CMP0173,Cheque,1,0
11850,3851,2023-01-19,25,CMP0104,Cash,0,0
4444,1474,2025-03-16,50,CMP0019,Online,0,0
2471,835,2022-09-05,150.0,CMP0050,Card,0,0
1669,560,2022-06-01,200,CMP0182,Cash,1,0
2824,963,2026-02-03,10,CMP0092,Cash,0,0
1044,345,2024-01-13,100,CMP0015,Cheque,0,0
10131,3319,2022-01-04,40,CMP0131,Online,1,0
10866,3530,2026-08-07,20,CMP0121,Cash,0,0
660,207,2025-02-27,30,CMP0081,Standing Order,1,0
5723,1877,2026-03-10,15.0,CMP0073,Card,0,0
12024,3908,2024-12-25,375.0,CMP0083,Cheque,1,0
7301,2382,2024-10-24,250,CMP0032,Direct Debit,0,0
6779,2229,2026-05-25,25,CMP0178,Card,1,0
359,116,2024-03-28,30,CMP0147,Cheque,0,0
4029,1344,2021-09-03,250,CMP0104,Card,1,0
6398,2113,2026-02-03,30.0,CMP0010,Cash,1,0
4560,1518,2023-09-23,7.5,CMP0160,Online,0,0
5474,1802,2026-04-26,15.0,CMP0163,Direct Debit,0,0
9648,3148,2025-09-03,25,CMP0096,Cash,1,0
2021,674,2023-02-09,100,CMP0180,Standing Order,0,0
1241,407,2025-09-15,25,CMP0081,Direct Debit,1,0
1234,405,2021-12-09,20,CMP0046,Standing Order,0,0
6674,2205,2023-03-23,10,CMP0037,Card,1,0
8041,2622,2022-03-14,10,CMP0099,Standing Order,0,0
7920,2580,2021-12-27,20,CMP0172,Cash,1,0
8850,2892,2026-06-20,500,CMP0032,Direct Debit,0,0
4653,1557,2025-01-26,20,CMP0038,Cash,0,0
1055,349,2022-10-17,500,CMP0173,Online,0,0
7599,2485,2021-12-18,37.5,CMP0068,Standing Order,1,0
10931,3546,2023-03-28,250,CMP0014,Cheque,1,0
2713,929,2023-11-30,20,CMP0036,Online,1,0
3747,1254,2019-08-29,10,CMP0150,Online,1,0
4120,1366,2025-06-15,30,CMP0031,Card,0,0
7211,2355,2025-10-20,250,CMP0039,Online,0,0
7275,2376,2025-07-31,75.0,CMP0128,Cash,1,0
5098,1690,2024-02-17,100,CMP0086,Direct Debit,0,0
9473,3095,2024-07-09,25,CMP0003,Card,0,0
10475,3411,2021-03-21,30,CMP0080,Direct Debit,0,0
5304,1756,2026-05-19,50,CMP0010,Standing Order,1,0
6189,2036,2024-04-23,50,CMP0087,Online,0,0
4433,1473,2025-12-11,5,CMP0061,Cheque,1,0
4026,1344,2024-09-02,20,CMP0098,Standing Order,1,0
3952,1328,2025-06-03,50,CMP0099,Cash,0,0
4678,1564,2021-10-11,20,CMP0168,Standing Order,0,0
6778,2229,2019-07-05,40,CMP0139,Cheque,1,0
4637,1550,2025-06-02,100,CMP0018,Online,1,0
9093,2964,2023-01-03,20,CMP0021,Card,1,0
11186,3619,2024-04-14,50,CMP0008,Cheque,1,0
5216,1728,2023-12-07,50,CMP0016,Card,0,0
4124,1366,2024-03-11,37.5,CMP0001,Cash,1,0
11530,3724,2025-07-09,20,CMP0033,Direct Debit,1,0
6356,2093,2026-06-08,15,CMP0190,Direct Debit,0,0
1347,442,2021-09-08,25,CMP0139,Direct Debit,0,1
7991,2600,2026-03-01,10,CMP0024,Standing Order,0,0
11273,3642,2025-06-11,100,CMP0051,Online,1,0
7348,2398,2025-12-31,20,CMP0148,Cash,1,0
909,304,2022-09-05,20,CMP0123,Direct Debit,1,0
2361,806,2020-01-24,10,CMP0152,Online,0,0
7198,2351,2023-11-18,25,CMP0175,Standing Order,0,0
8507,2774,2025-04-13,25,CMP0191,Online,0,1
4721,1578,2025-04-17,375.0,CMP0125,Direct Debit,0,0
6866,2253,2019-01-04,5,CMP0128,Cheque,0,0
2575,871,2023-05-22,50,CMP0187,Cash,1,0
133,40,2025-04-15,25,CMP0043,Cash,0,0
1729,582,2021-09-12,15,CMP0132,Online,1,0
4661,1558,2026-07-04,100,CMP0091,Cash,1,0
7852,2562,2024-09-15,150.0,CMP0033,Online,0,0
3485,1164,2021-02-24,200,CMP0122,Card,0,0
2355,805,2023-08-13,20,CMP0097,Cheque,0,0
7106,2323,2023-03-02,5,CMP0057,Online,1,0
4098,1359,2023-06-18,30,CMP0121,Standing Order,1,0
9990,3267,2023-12-27,250,CMP0067,Online,0,0
12211,3970,2025-11-22,22.5,CMP0074,Card,1,0
3514,1175,2025-05-11,250,CMP0131,Cash,1,0
3138,1060,2025-02-21,25,CMP0083,Online,0,0
7184,2345,2026-01-20,20,CMP0141,Online,0,0
9480,3095,2020-09-06,75.0,CMP0174,Cash,0,0
2698,918,2025-12-26,7.5,CMP0073,Cheque,1,0
6865,2253,2022-08-17,10,CMP0138,Online,1,0
7997,2604,2022-02-05,25,CMP0149,Cash,1,0
8994,2937,2026-03-19,30,CMP0046,Online,0,0
11190,3621,2026-07-13,5,CMP0118,Online,1,0
8144,2654,2021-08-27,30,CMP0019,Online,1,0
1422,472,2023-10-01,20,CMP0182,Cheque,1,0
1632,550,2026-06-13,7.5,CMP0069,Card,0,0
1709,578,2020-04-30,20,CMP0052,Cheque,1,0
4957,1643,2021-10-01,250,CMP0154,Online,1,0
8109,2642,2025-10-10,20,CMP0142,Standing Order,1,0
962,321,2026-03-01,20,CMP0042,Cheque,1,0
1574,528,2023-07-10,250,CMP0037,Online,0,0
1465,486,2023-07-13,10,CMP0119,Standing Order,0,0
12027,3910,2026-02-09,100,CMP0034,Cash,1,0
528,167,2026-05-21,50,CMP0040,Online,1,0
10590,3455,2026-06-07,15.0,CMP0017,Standing Order,0,0
5668,1861,2024-10-06,15.0,CMP0156,Card,0,0
9858,3220,2024-09-17,100,CMP0190,Cash,0,0
7698,2515,2024-04-20,5,CMP0079,Cheque,0,0
1684,567,2024-02-29,500,CMP0020,Card,0,0
1886,630,2025-06-21,22.5,CMP0185,Direct Debit,1,0
7769,2537,2025-02-12,50,CMP0161,Card,0,0
1421,472,2023-04-17,200,CMP0186,Direct Debit,1,0
5019,1666,2026-08-05,50,CMP0143,Online,0,0
3075,1041,2024-01-14,37.5,CMP0079,Online,1,0
3008,1019,2024-01-12,100,CMP0096,Online,1,0
6369,2100,2025-03-18,15,CMP0033,Cheque,0,0
3628,1215,2021-03-13,50,CMP0099,Online,0,0
1674,566,2023-05-03,10,CMP0138,Card,1,1
1176,386,2025-12-23,20,CMP0090,Online,0,0
6146,2009,2025-07-13,25,CMP0157,Cash,0,0
8350,2724,2024-09-13,200,CMP0151,Cheque,1,0
5986,1959,2026-01-16,10,CMP0165,Online,1,0
6454,2133,2022-06-28,30.0,CMP0089,Cheque,0,0
9333,3046,2022-06-30,25,CMP0001,Cash,1,0
9407,3069,2023-03-24,10,CMP0105,Cash,0,0
10266,3353,2024-04-10,250,CMP0099,Direct Debit,0,0
1109,368,2026-03-07,5,CMP0080,Standing Order,1,0
3958,1329,2025-03-23,250,CMP0033,Standing Order,1,0
8987,2933,2024-09-08,5,CMP0032,Online,0,0
589,190,2026-07-20,20,CMP0155,Cash,0,0
974,328,2024-08-26,50,CMP0007,Standing Order,0,0
7792,2546,2023-11-13,500,CMP0188,Direct Debit,0,0
670,208,2021-04-14,25,CMP0142,Cheque,1,0
4208,1395,2026-05-31,20,CMP0085,Cheque,1,0
1876,628,2026-03-03,10,CMP0166,Cash,0,0
4464,1483,2022-07-04,100,CMP0040,Card,1,0
6921,2273,2022-05-25,15.0,CMP0048,Online,0,0
62,20,2019-10-08,5,CMP0173,Standing Order,1,0
9357,3055,2021-05-16,20,CMP0110,Standing Order,0,0
11691,3773,2026-06-04,30,CMP0160,Cheque,1,0
5382,1779,2025-09-22,37.5,CMP0163,Standing Order,0,0
11425,3684,2025-01-30,22.5,CMP0141,Cash,1,0
4935,1638,2023-12-24,7.5,CMP0017,Cheque,0,0
6111,1993,2020-07-22,25,CMP0027,Cash,1,0
6190,2036,2022-12-14,25,CMP0075,Standing Order,0,0
12165,3960,2021-11-20,15,CMP0004,Cash,1,0
11315,3656,2024-12-12,50,CMP0099,Direct Debit,1,0
7458,2439,2026-03-07,200,CMP0028,Direct Debit,0,0
2728,933,2024-03-30,15,CMP0031,Cash,1,0
10292,3365,2025-07-27,100,CMP0020,Direct Debit,1,0
7512,2454,2025-06-09,75.0,CMP0074,Online,1,0
8332,2722,2025-06-30,25,CMP0043,Standing Order,1,0
6949,2280,2020-12-04,20,CMP0129,Direct Debit,0,0
4001,1337,2024-08-26,50,CMP0137,Online,0,0
1563,525,2024-02-08,15,CMP0170,Card,0,0
5713,1873,2026-01-31,10,CMP0162,Direct Debit,0,0
5396,1784,2024-03-06,50,CMP0153,Card,0,0
8216,2684,2024-03-20,50,CMP0182,Direct Debit,1,0
9729,3178,2025-09-17,5,CMP0038,Online,1,0
8272,2705,2022-07-09,10,CMP0188,Cheque,1,0
3802,1273,2019-07-06,100,CMP0041,Online,0,0
6587,2178,2026-04-09,30.0,CMP0011,Card,1,0
8592,2801,2024-03-24,5,CMP0181,Cash,0,0
6480,2138,2018-11-24,5,CMP0155,Card,1,0
3087,1044,2023-05-21,37.5,CMP0043,Card,1,0
11235,3631,2021-06-14,500,CMP0146,Online,0,0
12235,3981,2025-07-29,50,CMP0189,Online,1,0
9752,3185,2020-10-21,7.5,CMP0034,Standing Order,0,0
4039,1346,2023-11-14,250,CMP0024,Cheque,0,0
6321,2085,2021-10-07,25,CMP0026,Cash,0,0
4266,1415,2021-02-02,75.0,CMP0060,Card,1,0
12093,3938,2021-08-04,25,CMP0138,Card,0,0
11071,3586,2023-11-22,50,CMP0035,Direct Debit,0,0
3883,1300,2026-01-19,25,CMP0108,Direct Debit,0,0
9822,3204,2023-08-22,20,CMP0086,Cash,1,0
3039,1030,2022-10-19,7.5,CMP0076,Online,1,0
10411,3393,2019-02-28,200,CMP0010,Cheque,1,0
6505,2151,2024-05-03,15,CMP0162,Cash,0,0
8583,2795,2023-05-20,30,CMP0181,Standing Order,1,0
2806,957,2021-10-05,5,CMP0120,Card,0,0
11849,3851,2026-08-09,50,CMP0158,Card,1,0
9132,2980,2026-07-05,10,CMP0111,Online,1,0
9141,2982,2025-03-30,30,CMP0078,Standing Order,1,0
11870,3853,2024-07-23,40,CMP0120,Cheque,0,0
6792,2232,2025-07-30,15,CMP0090,Online,0,0
10537,3437,2023-12-31,37.5,CMP0131,Standing Order,1,0
3921,1313,2021-05-20,375.0,CMP0064,Standing Order,0,0
3645,1222,2025-12-08,15.0,CMP0083,Standing Order,1,0
605,195,2020-11-06,50,CMP0167,Online,1,0
7625,2493,2026-03-12,40,CMP0006,Direct Debit,1,0
9721,3177,2026-05-13,30,CMP0077,Direct Debit,1,0
10731,3492,2026-02-17,5,CMP0062,Standing Order,1,0
2196,734,2024-09-15,250,CMP0140,Card,1,0
9526,3109,2025-09-08,20,CMP0146,Cash,1,0
10601,3457,2025-01-09,375.0,CMP0092,Online,0,0
2119,703,2024-01-26,10,CMP0018,Standing Order,1,1
7425,2427,2022-12-05,15.0,CMP0136,Direct Debit,1,0
309,95,2023-08-20,20,CMP0190,Cash,0,0
5681,1864,2025-01-06,7.5,CMP0030,Card,0,0
8911,2905,2025-09-01,100,CMP0108,Card,1,0
12164,3960,2020-04-01,10,CMP0037,Standing Order,1,0
1567,526,2023-04-24,100,CMP0101,Cash,1,0
2325,794,2024-02-07,100,CMP0175,Online,0,0
9003,2941,2025-06-02,250,CMP0097,Cheque,1,0
3209,1080,2022-02-08,15,CMP0170,Direct Debit,1,0
2351,804,2024-08-09,5,CMP0045,Card,1,0
6920,2272,2025-11-21,100,CMP0138,Direct Debit,0,0
3763,1263,2026-05-18,50,CMP0055,Cheque,1,0
10505,3426,2025-11-13,25,CMP0174,Online,1,0
5183,1715,2017-12-09,500,CMP0045,Cheque,0,0
5529,1820,2021-01-04,5,CMP0021,Cash,1,0
12356,1988,2024-08-11,250,CMP0024,Cheque,1,0
5401,1785,2023-10-02,7.5,CMP0026,Cash,1,0
4550,1514,2026-07-31,100,CMP0167,Direct Debit,1,0
5937,1943,2025-11-09,20,CMP0154,Direct Debit,0,1
10377,3383,2024-12-02,20,CMP0073,Card,1,0
8412,2747,2017-11-20,20,CMP0158,Standing Order,1,0
10533,3436,2026-05-07,20,CMP0155,Standing Order,1,0
4649,1551,2026-07-18,100,CMP0166,Card,0,0
7672,2505,2025-12-07,10,CMP0023,Card,1,0
3423,1144,2022-06-12,40,CMP0161,Direct Debit,1,0
3219,1083,2025-10-13,5,CMP0038,Cash,0,0
10657,3475,2023-11-13,5,CMP0153,Standing Order,0,0
3248,1092,2022-04-04,15,CMP0144,Online,1,0
3922,1313,2026-01-06,500,CMP0137,Card,1,0
12330,4019,2024-06-16,100,CMP0108,Card,0,0
4589,1531,2025-12-03,25,CMP0159,Card,0,0
7604,2487,2023-06-11,200,CMP0073,Cash,0,0
7263,2374,2025-11-25,25,CMP0074,Cash,1,0
11020,3573,2025-03-15,25,CMP0026,Direct Debit,0,0
10383,3385,2024-08-22,75.0,CMP0191,Direct Debit,1,0
7718,2522,2025-12-26,22.5,CMP0170,Direct Debit,1,0
3713,1248,2026-05-30,25,CMP0043,Cheque,0,0
5210,1728,2023-09-27,40,CMP0078,Cash,0,0
10909,3544,2023-10-10,5,CMP0163,Cheque,0,0
12371,2522,2024-01-03,375.0,CMP0104,Direct Debit,0,0
1576,528,2026-04-09,250,CMP0015,Standing Order,0,0
3840,1286,2020-01-22,50,CMP0106,Card,0,0
1177,387,2023-08-27,22.5,CMP0146,Cheque,1,0
4532,1506,2020-10-04,25,CMP0121,Online,0,0
4403,1463,2026-07-10,20,CMP0051,Card,1,0
1154,383,2024-03-16,50,CMP0183,Direct Debit,1,0
11589,3733,2024-06-19,250,CMP0101,Direct Debit,0,0
4146,1374,2025-08-14,30.0,CMP0076,Direct Debit,1,0
7318,2387,2022-09-09,100,CMP0081,Direct Debit,0,0
1905,638,2025-05-09,30,CMP0045,Direct Debit,1,0
2149,718,2026-01-12,250,CMP0162,Card,0,0
4108,1362,2023-07-24,5,CMP0057,Card,0,0
5679,1863,2025-01-07,20,CMP0019,Cash,1,0
2207,739,2023-02-23,20,CMP0152,Direct Debit,0,0
9306,95321,2025-04-30,7.5,CMP0125,Standing Order,1,0
5455,1796,2026-01-02,25,CMP0026,Card,1,0
5408,1787,2025-11-01,100,CMP0129,Online,1,0
11628,3743,2024-03-19,5,CMP0187,Direct Debit,0,0
4640,1550,2024-07-17,22.5,CMP0030,Direct Debit,1,0
9608,3138,2023-11-19,50,CMP0115,Online,0,0
12011,3905,2018-07-10,100,CMP0062,Direct Debit,0,0
11899,3863,2019-02-26,10,CMP0142,Standing Order,0,0
4727,1578,2024-04-10,5,CMP0171,Direct Debit,1,0
9210,3005,2024-08-20,500,CMP0075,Cash,1,0
12167,3960,2019-08-28,37.5,CMP0027,Card,1,0
11732,3793,2021-02-01,10,CMP0090,Card,0,0
12230,3981,2025-09-02,5,CMP0011,Cash,1,0
9099,2964,2026-03-26,20,CMP0112,Online,0,0
891,296,2026-05-18,15,CMP0109,Card,0,0
5575,1835,2025-02-08,100,CMP0006,Direct Debit,0,1
8509,2775,2020-06-09,37.5,CMP0066,Direct Debit,0,0
2684,905,2026-02-09,100,CMP0170,Card,1,0
7854,2563,2024-10-19,5,CMP0042,Cash,1,0
8108,2640,2025-02-18,22.5,CMP0146,Cash,0,0
1320,433,2025-04-11,5,CMP0161,Cheque,1,0
9479,3095,2022-11-27,5,CMP0140,Cheque,0,0
9961,3259,2021-03-09,25,CMP0113,Standing Order,1,0
4895,1630,2024-05-26,250,CMP0049,Cheque,0,0
804,265,2026-08-16,7.5,CMP0046,Cash,0,0
3766,1264,2026-03-04,5,CMP0038,Card,0,0
1869,627,2025-06-06,37.5,CMP0103,Online,0,0
12369,3385,2025-07-28,20,CMP0120,Online,0,0
11117,3596,2021-06-06,200,CMP0175,Card,0,0
1353,443,2022-12-07,250,CMP0158,Cheque,1,0
7423,2424,2023-11-02,10,CMP0170,Direct Debit,0,0
11655,3758,2025-07-31,30,CMP0133,Direct Debit,1,0
7768,2537,2024-12-28,15,CMP0064,Online,0,0
824,273,2022-12-23,200,CMP0140,Online,1,0
7977,2596,2022-08-05,10,CMP0111,Cheque,0,0
7975,2596,2023-07-28,25,CMP0178,Cheque,1,0
5436,1793,2022-03-08,375.0,CMP0108,Online,1,0
7085,2317,2023-09-28,37.5,CMP0001,Cash,1,0
8603,2805,2025-12-04,20,CMP0060,Cash,1,0
4138,96313,2021-05-31,250,CMP0070,Cash,0,0
10984,3563,2021-03-01,20,CMP0032,Online,1,0
7049,2306,2025-10-23,15,CMP0172,Online,1,0
11039,3579,2025-05-05,22.5,CMP0097,Online,0,0
7563,2473,2023-12-13,30.0,CMP0105,Card,0,0
11577,3730,2019-06-22,50,CMP0094,Standing Order,1,0
1030,342,2021-08-22,250,CMP0086,Cheque,1,0
6247,2051,2019-12-01,20,CMP0175,Cheque,0,0
8538,2783,2025-09-10,37.5,CMP0062,Cheque,1,0
3650,1223,2025-10-07,5,CMP0033,Card,1,0
6840,2250,2023-09-09,40,CMP0188,Online,0,0
473,150,2024-11-02,20,CMP0161,Direct Debit,0,0
3621,1215,2022-04-22,20,CMP0036,Cheque,1,0
12220,3975,2024-04-09,250,CMP0016,Direct Debit,1,0
3309,1109,2026-02-20,25,CMP0086,Cheque,1,0
8440,2751,2021-07-05,75.0,CMP0085,Cash,0,0
10845,3525,2022-06-09,5,CMP0112,Online,0,0
9269,3029,2025-03-13,40,CMP0024,Cheque,0,0
10336,3373,2025-10-31,200,CMP0003,Online,1,0
6446,2127,2024-05-29,40,CMP0151,Cash,1,0
6849,2250,2022-05-20,15,CMP0192,Cash,0,0
11565,3729,2024-04-21,22.5,CMP0060,Direct Debit,1,0
11978,3892,2021-12-13,20,CMP0093,Direct Debit,0,0
969,328,2025-12-25,30,CMP0032,Cheque,1,0
7972,2596,2020-10-09,500,CMP0144,Online,1,0
9217,3008,2022-07-22,250,CMP0045,Card,1,0
7615,2490,2024-11-15,75.0,CMP0008,Direct Debit,0,0
3026,1026,2020-11-06,20,CMP0163,Card,0,0
10584,3452,2024-01-02,10,CMP0011,Cheque,0,0
2031,674,2024-05-24,40,CMP0057,Standing Order,0,0
5976,1957,2026-07-09,37.5,CMP0161,Online,1,0
8973,2931,2024-07-18,20,CMP0034,Standing Order,0,0
4000,1337,2026-06-08,25,CMP0034,Cash,1,0
8797,2872,2026-01-19,250,CMP0139,Card,1,0
10934,3546,2020-07-04,20,CMP0082,Cash,0,0
6680,2207,2025-01-05,5,CMP0003,Online,0,0
5604,1838,2018-09-18,20,CMP0123,Direct Debit,0,0
10891,3541,2023-08-03,50,CMP0160,Cheque,0,0
4811,1602,2023-09-03,7.5,CMP0050,Cheque,1,0
3497,1170,2022-02-17,200,CMP0087,Online,0,1
11283,3644,2023-08-17,50,CMP0083,Standing Order,0,0
8402,2743,2026-07-16,15.0,CMP0154,Standing Order,0,0
11947,3880,2024-09-13,250,CMP0172,Cash,0,0
12161,3959,2025-04-15,15,CMP0174,Standing Order,1,0
2901,988,2026-02-23,7.5,CMP0104,Cash,0,0
12183,3962,2024-06-29,25,CMP0051,Direct Debit,0,0
11984,3894,2024-09-12,250,CMP0033,Standing Order,0,0
810,269,2023-06-02,250,CMP0142,Online,1,0
9997,3268,2020-09-09,20,CMP0029,Direct Debit,0,0
9144,2983,2025-08-06,100,CMP0008,Card,0,0
10827,3519,2025-01-31,37.5,CMP0015,Direct Debit,0,0
10493,3417,2023-06-08,20,CMP0021,Direct Debit,1,0
10839,3523,2024-07-11,100,CMP0190,Cheque,1,0
2044,680,2024-04-11,15,CMP0189,Card,1,0
1111,370,2022-09-14,15,CMP0037,Cheque,0,0
7075,2314,2026-03-20,75.0,CMP0104,Direct Debit,1,0
5859,1919,2023-07-04,75.0,CMP0065,Cheque,0,0
12255,3988,2025-05-06,30.0,CMP0063,Cash,1,0
4315,1428,2025-09-22,15.0,CMP0008,Cash,1,0
43,11,2026-02-11,100,CMP0004,Cheque,1,0
3153,1063,2021-06-03,50,CMP0090,Direct Debit,0,0
7713,2519,2025-11-13,200,CMP0086,Direct Debit,1,0
1557,524,2024-07-14,15.0,CMP0143,Cash,0,0
6580,2176,2024-08-05,5,CMP0173,Online,1,0
3640,1220,2023-09-01,20,CMP0014,Card,1,0
8515,2775,2020-12-16,20,CMP0013,Cheque,0,0
7951,2589,2025-01-16,15,CMP0131,Standing Order,0,0
9421,3072,2024-09-06,250,CMP0028,Cash,0,0
8237,2689,2024-04-07,10,CMP0157,Online,1,0
6961,2282,2023-03-04,25,CMP0089,Online,1,0
9179,2996,2024-10-04,5,CMP0139,Direct Debit,1,0
7694,2511,2025-08-11,10,CMP0125,Card,0,0
11607,3737,2024-06-06,250,CMP0039,Card,1,0
6994,2292,2020-02-08,50,CMP0133,Direct Debit,1,0
4523,1504,2025-02-24,25,CMP0055,Cheque,1,0
7374,2405,2021-04-29,50,CMP0023,Standing Order,1,0
6535,2163,2023-03-01,20,CMP0192,Standing Order,0,0
11669,3761,2025-02-13,10,CMP0049,Standing Order,0,0
11559,3727,2025-11-02,15.0,CMP0191,Online,0,0
2735,934,2023-10-01,15,CMP0092,Direct Debit,0,0
4775,1591,2024-11-22,100,CMP0084,Standing Order,1,0
12270,3993,2025-07-05,30.0,CMP0118,Card,1,0
7949,2589,2024-05-05,20,CMP0032,Direct Debit,0,0
7138,2336,2025-09-17,-7.5,CMP0012,Cheque,1,0
11612,3739,2020-06-13,30.0,CMP0147,Cash,1,0
12336,2493,2021-08-09,250,CMP0011,Online,1,0
7516,2457,2025-09-14,100,CMP0026,Cheque,1,0
11567,3729,2025-07-06,50,CMP0170,Standing Order,1,0
10502,3425,2023-03-12,7.5,CMP0094,Card,0,0
11503,3714,2024-03-17,20,CMP0109,Online,1,0
3614,1214,2020-04-25,40,CMP0056,Cash,1,0
8346,2724,2023-03-20,7.5,CMP0156,Card,1,0
3030,1026,2020-05-05,15,CMP0077,Standing Order,0,0
5825,1909,2022-07-13,37.5,CMP0116,Card,1,0
695,219,2026-02-12,5,CMP0106,Cash,1,0
2384,814,2022-09-04,10,CMP0088,Online,1,0
2246,753,2024-04-04,5,CMP0076,Direct Debit,1,0
3665,1230,2018-01-01,5,CMP0144,Online,1,0
9076,2961,2024-08-18,30.0,CMP0116,Online,1,0
11527,3722,2025-08-15,250,CMP0147,Standing Order,0,0
6671,2203,2020-03-15,20,CMP0027,Card,1,0
7724,2523,2023-07-27,100,CMP0146,Cheque,1,1
11921,3869,2025-11-25,7.5,CMP0113,Card,1,0
11749,3799,2024-07-29,50,CMP0020,Cash,1,0
5665,1861,2024-09-18,25,CMP0106,Cash,0,0
11376,3670,2021-09-07,100,CMP0046,Card,1,0
9815,3202,2026-01-16,250,CMP0079,Card,0,0
8283,2709,2023-06-24,30.0,CMP0169,Cash,0,0
4691,1566,2026-03-01,250,CMP0098,Cash,0,0
3564,1194,2023-09-01,50,CMP0122,Card,0,0
1843,623,2021-07-06,7.5,CMP0085,Cheque,1,0
4754,1582,2022-04-20,150.0,CMP0079,Cheque,1,0
1327,436,2025-12-06,25,CMP0073,Cash,1,0
2999,1017,2024-04-18,100,CMP0048,Cheque,1,0
7364,2401,2019-04-28,50,CMP0056,Direct Debit,0,0
6762,2224,2019-07-12,50,CMP0189,Cash,0,0
1970,662,2023-06-03,7.5,CMP0039,Standing Order,0,0
7236,2364,2025-06-18,30.0,CMP0147,Card,1,0
7268,2375,2024-07-16,50,CMP0134,Card,1,0
3991,1336,2022-07-30,10,CMP0188,Cheque,1,0
10528,3434,2021-06-11,15,CMP0166,Online,1,0
6639,2193,2024-04-06,20,CMP0177,Online,0,0
8037,2622,2020-08-25,25,CMP0028,Card,1,0
4926,1637,2024-08-19,20,CMP0104,Online,1,0
7154,2339,2023-04-03,50,CMP0041,Card,1,0
11775,3811,2025-12-06,30.0,CMP0162,Online,1,0
5596,1837,2021-08-13,37.5,CMP0034,Cash,1,0
5860,1919,2024-08-04,50,CMP0055,Online,1,0
8579,2795,2025-09-27,15,CMP0053,Online,0,0
10133,3319,2022-07-23,250,CMP0148,Cheque,0,0
83,25,2021-01-28,15,CMP0185,Standing Order,0,0
7200,2352,2023-07-02,25,CMP0036,Cash,0,0
9790,3197,2024-12-21,250,CMP0034,Direct Debit,1,0
11339,3661,2023-04-24,20,CMP0012,Cheque,0,0
3936,1317,2022-05-21,50,CMP0134,Direct Debit,1,0
5122,1700,2026-08-09,15,CMP0165,Direct Debit,1,0
11476,3705,2025-01-23,20,CMP0039,Cash,0,0
2563,865,2020-10-04,10,CMP0189,Online,1,0
8937,2922,2020-07-08,150.0,CMP0003,Card,1,0
2316,789,2024-08-24,50,CMP0176,Card,1,0
312,95,2023-03-04,5,CMP0093,Card,1,0
6219,2048,2023-06-07,20,CMP0080,Cheque,0,0
2674,903,2021-08-01,50,CMP0088,Card,1,0
8492,2770,2025-11-20,50,CMP0075,Cash,1,0
11103,3591,2026-06-24,5,CMP0153,Standing Order,1,0
10025,3284,2023-03-25,200,CMP0154,Online,0,0
4411,1464,2026-01-26,75.0,CMP0099,Online,1,0
3128,1057,2025-04-25,10,CMP0129,Standing Order,1,0
495,155,2023-05-14,500,CMP0040,Online,1,0
5649,1855,2025-03-04,7.5,CMP0064,Card,0,0
5215,1728,2024-02-17,100,CMP0178,Cash,0,0
7202,2352,2024-01-15,50,CMP0091,Direct Debit,0,0
5075,1683,2023-12-12,375.0,CMP0100,Direct Debit,1,1
12051,3923,2023-02-16,500,CMP0143,Standing Order,0,0
5906,1935,2023-11-27,25,CMP0023,Standing Order,1,0
12224,3976,2021-11-26,100,CMP0071,Standing Order,1,0
12284,3999,2025-07-13,375.0,CMP0037,Card,0,0
7163,2341,2024-07-02,50,CMP0039,Standing Order,1,0
9243,3017,2024-01-09,250,CMP0147,Cheque,1,0
4169,1380,2025-02-20,50,CMP0038,Cheque,1,0
2763,939,2023-05-09,15,CMP0113,Direct Debit,1,0
585,189,2021-04-09,15.0,CMP0189,Card,0,0
10844,3525,2026-06-23,10,CMP0088,Card,1,0
3307,1108,2022-05-02,10,CMP0171,Cash,0,0
1425,472,2026-05-09,100,CMP0156,Standing Order,1,0
10560,3443,2025-03-11,250,CMP0151,Direct Debit,0,0
4028,1344,2025-11-06,20,CMP0084,Cash,0,0
10099,3308,2019-12-30,15,CMP0004,Cash,1,0
471,148,2025-08-20,37.5,CMP0099,Card,1,0
5268,1742,2021-04-26,20,CMP0143,Cheque,1,0
4512,1502,2026-08-08,100,CMP0135,Online,1,0
1045,345,2023-12-19,15,CMP0105,Standing Order,1,0
10309,3368,2025-09-16,20,CMP0155,Standing Order,0,0
10881,3537,2022-12-05,20,CMP0074,Online,0,0
5086,1686,2026-03-16,10,CMP0077,Cash,1,0
10262,3350,2024-06-09,20,CMP0020,Online,0,0
10334,3371,2020-02-20,50,CMP0138,Cheque,0,0
8104,2640,2017-08-21,37.5,CMP0101,Online,1,0
4240,1405,2023-09-04,15,CMP0153,Standing Order,1,0
4264,1414,2026-04-04,25,CMP0003,Direct Debit,0,0
2342,801,2023-08-17,150.0,CMP0185,Cash,1,0
2477,838,2025-03-30,20,CMP0103,Card,0,0
6581,2176,2026-03-23,37.5,CMP0157,Direct Debit,1,0
2558,863,2026-04-13,10,CMP0032,Card,1,0
122,36,2025-01-06,100,CMP0140,Direct Debit,0,0
11810,3828,2023-06-16,20,CMP0073,Online,0,0
5710,1872,2025-10-24,375.0,CMP0182,Online,0,0
4562,1518,2023-12-06,20,CMP0146,Cheque,0,0
259,78,2025-01-01,50,CMP0030,Standing Order,1,0
1098,363,2024-07-04,37.5,CMP0117,Standing Order,0,0
7703,2517,2024-09-07,150.0,CMP0149,Online,0,0
10967,3555,2023-08-05,100,CMP0090,Online,1,0
6681,2208,2025-11-02,15.0,CMP0132,Online,1,0
12128,3949,2023-04-13,75.0,CMP0065,Online,1,0
11397,3674,2025-08-22,22.5,CMP0003,Online,0,0
1314,431,2026-07-15,25,CMP0077,Cheque,1,0
9035,2946,2020-08-20,30.0,CMP0157,Card,0,0
9272,3032,2022-06-27,200,CMP0005,Cheque,0,0
6003,1965,2025-04-27,25,CMP0189,Card,1,0
3106,1050,2026-05-02,15,CMP0159,Direct Debit,0,0
10138,3320,2022-01-31,25,CMP0008,Card,1,0
9487,3097,2021-03-30,5,CMP0114,Cheque,1,0
1101,364,2026-07-15,40,CMP0174,Direct Debit,0,0
10245,3347,2021-03-15,250,CMP0165,Direct Debit,1,1
1293,423,2024-07-04,40,CMP0084,Cheque,0,0
9755,3186,2026-05-07,5,CMP0061,Standing Order,0,0
4404,1463,2023-10-28,250,CMP0018,Online,1,0
123,37,2018-04-01,40,CMP0117,Cheque,0,0
12123,3946,2025-08-16,30,CMP0019,Standing Order,0,0
3721,1249,2025-10-28,250,CMP0084,Cheque,1,0
2566,865,2023-12-30,50,CMP0133,Cheque,0,0
4088,1359,2021-10-22,15.0,CMP0084,Card,0,0
7746,2531,2022-04-19,37.5,CMP0005,Cheque,1,0
7901,2577,2023-12-11,10,CMP0027,Direct Debit,0,1
5339,1763,2024-09-22,20,CMP0185,Standing Order,0,0
1597,539,2026-08-09,30.0,CMP0072,Cheque,1,0
5170,1709,2024-05-18,250,CMP0002,Standing Order,1,0
10704,3487,2024-09-16,15,CMP0104,Online,1,0
5610,1838,2025-03-15,30.0,CMP0108,Cash,0,0
2208,739,2025-10-14,75.0,CMP0136,Cash,0,0
8876,2898,2024-06-12,5,CMP0042,Card,0,0
3127,1057,2026-08-10,75.0,CMP0065,Cheque,1,0
7456,2438,2026-03-21,100,CMP0023,Online,1,0
5300,1755,2025-07-11,50,CMP0165,Online,0,0
2376,813,2022-07-18,20,CMP0141,Card,0,0
1140,382,2025-02-01,250,CMP0122,Card,1,0
7873,2570,2024-10-26,25,CMP0144,Cheque,1,0
5031,1671,2025-06-06,100,CMP0104,Online,0,0
2181,732,2026-04-08,5,CMP0179,Online,0,0
1991,667,2024-12-21,50,CMP0187,Cash,0,0
8367,2734,2026-07-20,200,CMP0002,Card,1,0
4354,1444,2026-05-18,25,CMP0065,Cash,1,0
10085,3300,2026-07-30,10,CMP0168,Card,1,0
6898,2260,2022-12-02,37.5,CMP0081,Cash,1,0
4199,1394,2022-09-23,25,CMP0159,Cash,1,0
10501,3425,2024-01-02,25,CMP0078,Cash,0,0
5897,1932,2021-05-04,150.0,CMP0163,Cheque,0,0
2771,943,2023-10-31,200,CMP0187,Direct Debit,1,0
8177,2667,2018-11-16,5,CMP0135,Standing Order,0,0
3839,1286,2019-03-06,150.0,CMP0107,Standing Order,1,0
9228,3013,2025-07-12,250,CMP0119,Standing Order,0,0
5903,1934,2023-08-16,25,CMP0173,Card,0,0
1206,396,2026-04-03,20,CMP0101,Cash,1,0
8227,2687,2026-05-19,22.5,CMP0130,Cheque,1,0
2486,846,2025-11-18,50,CMP0096,Online,0,0
11424,3683,2023-07-07,20,CMP0115,Card,1,0
2034,675,2024-06-05,30,CMP0143,Online,1,0
6664,2200,2018-03-11,15.0,CMP0014,Direct Debit,0,0
8198,2677,2023-07-10,20,CMP0161,Standing Order,1,0
9903,3233,2022-03-15,75.0,CMP0178,Card,1,0
4726,1578,2021-10-13,500,CMP0035,Standing Order,1,0
9977,3264,2021-12-27,500,CMP0167,Online,0,0
10058,3291,2023-06-05,15.0,CMP0140,Standing Order,0,0
617,197,2023-06-07,100,CMP0180,Cheque,1,0
6474,2137,2019-06-05,250,CMP0190,Cheque,0,0
11329,3659,2024-02-25,100,CMP0092,Cash,0,0
321,98,2021-09-15,30.0,CMP0001,Cash,0,0
12272,3993,2026-04-12,150.0,CMP0015,Cheque,0,0
1369,447,2025-11-28,100,CMP0186,Online,1,0
6823,2241,2022-02-10,30.0,CMP0036,Cheque,1,0
8868,2897,2020-08-11,10,CMP0166,Cheque,0,0
1232,405,2021-09-24,20,CMP0140,Card,0,0
235,70,2026-03-19,50,CMP0040,Standing Order,1,0
5807,1904,2021-09-06,10,CMP0166,Online,0,0
10779,3501,2023-11-28,10,CMP0056,Standing Order,0,0
12355,1044,2018-07-05,5,CMP0079,Standing Order,1,0
765,252,2022-01-01,25,CMP0002,Standing Order,1,0
770,254,2025-02-02,50,CMP0048,Cash,1,0
5269,1743,2021-02-19,100,CMP0189,Standing Order,1,0
12251,3988,2021-10-14,20,CMP0140,Direct Debit,1,0
365,117,2020-07-28,30.0,CMP0103,Online,0,0
4329,1432,2026-05-04,25,CMP0191,Cash,1,0
8230,2688,2023-06-15,200,CMP0090,Cheque,1,0
10340,3374,2022-02-09,20,CMP0045,Online,0,0
9629,3143,2023-03-12,15,CMP0133,Direct Debit,1,0
10073,3294,2021-08-15,100,CMP0014,Card,0,0
406,133,2025-08-15,250,CMP0046,Cheque,1,0
9031,2946,2024-10-18,75.0,CMP0144,Standing Order,0,0
10473,3411,2022-08-16,50,CMP0128,Standing Order,0,0
7581,2479,2023-05-16,25,CMP0111,Direct Debit,0,0
10465,3410,2026-03-27,5,CMP0005,Cheque,0,0
240,72,2023-12-05,30,CMP0075,Cash,0,0
8803,2873,2024-04-13,25,CMP0011,Standing Order,0,0
9129,2978,2023-07-11,15,CMP0089,Cheque,0,0
12250,3988,2024-07-25,20,CMP0100,Cash,1,0
11216,3627,2025-12-06,75.0,CMP0069,Card,0,0
9454,3083,2023-10-18,100,CMP0146,Online,1,1
7543,2469,2024-10-05,10,CMP0167,Direct Debit,1,0
6181,2028,2025-02-16,15.0,CMP0066,Standing Order,1,0
6908,2266,2023-03-19,20,CMP0048,Direct Debit,1,0
10398,3390,2025-11-27,25,CMP0032,Direct Debit,0,0
8498,2772,2021-11-06,25,CMP0037,Card,1,0
984,330,2025-01-23,22.5,CMP0073,Card,0,0
4858,1612,2024-05-01,20,CMP0068,Cash,1,0
8054,2627,2019-04-27,50,CMP0070,Cheque,1,0
11648,3756,2026-07-13,25,CMP0177,Standing Order,1,0
7386,2411,2024-02-12,50,CMP0026,Direct Debit,1,0
11334,3660,2025-01-21,25,CMP0003,Cheque,1,0
6269,2058,2024-01-01,20,CMP0160,Direct Debit,1,0
10614,3462,2025-05-25,25,CMP0012,Cash,0,0
3025,1025,2024-01-25,5,CMP0058,Online,0,0
1072,355,2026-06-06,100,CMP0100,Cheque,1,0
1700,577,2019-06-24,10,CMP0106,Online,1,0
1778,596,2024-12-14,50,CMP0076,Online,1,0
6493,2147,2025-10-21,500,CMP0065,Direct Debit,1,0
1500,505,2026-05-20,100,CMP0020,Card,0,0
11618,3740,2018-01-29,50,CMP0131,Card,1,0
10312,3368,2024-10-23,50,CMP0031,Online,1,0
9879,3226,2026-07-24,75.0,CMP0138,Direct Debit,1,0
3365,1128,2024-04-21,100,CMP0036,Cheque,0,0
8018,2615,2025-06-24,20,CMP0076,Cheque,0,0
6736,2217,2019-03-22,25,CMP0037,Card,0,0
10426,3395,2022-11-02,25,CMP0127,Card,0,0
9757,3186,2023-06-02,50,CMP0043,Online,1,0
7837,2553,2023-07-14,500,CMP0052,Cheque,1,0
2657,896,2026-02-14,10,CMP0001,Standing Order,1,0
3960,1330,2023-11-01,25,CMP0133,Cash,1,0
6702,2212,2026-08-14,22.5,CMP0061,Cash,1,0
5586,1836,2025-01-18,20,CMP0126,Standing Order,1,0
4722,1578,2023-07-31,20,CMP0080,Cheque,0,0
11707,3778,2021-10-25,250,CMP0001,Card,0,0
5385,1780,2024-12-03,5,CMP0161,Cheque,0,1
7565,2475,2025-03-27,50,CMP0013,Cash,0,0
11770,3811,2025-08-14,50,CMP0087,Cheque,0,0
2322,793,2026-07-15,20,CMP0153,Cash,0,0
1589,534,2024-02-11,15,CMP0080,Card,1,0
6360,2094,2026-02-27,22.5,CMP0179,Cash,1,0
1560,524,2023-08-14,50,CMP0182,Direct Debit,1,0
76,25,2019-05-23,200,CMP0023,Cheque,1,0
5331,1761,2020-01-07,10,CMP0023,Cheque,1,0
2217,739,2019-05-09,25,CMP0154,Standing Order,0,0
11868,3853,2022-08-31,100,CMP0149,Standing Order,1,0
8239,2689,2026-06-21,50,CMP0188,Cheque,1,0
8995,2937,2023-11-19,100,CMP0048,Cheque,1,0
8637,2819,2018-06-06,250,CMP0065,Card,0,0
9463,3089,2019-12-17,375.0,CMP0014,Standing Order,1,0
741,241,2023-03-17,5,CMP0039,Online,0,0
9249,3020,2020-12-31,50,CMP0172,Online,0,0
10970,3556,2023-12-19,150.0,CMP0060,Cheque,1,0
9167,2993,2025-05-07,150.0,CMP0139,Card,0,0
10545,3440,2026-08-14,15.0,CMP0053,Standing Order,1,0
2042,679,2026-02-04,25,CMP0095,Direct Debit,1,0
9958,3257,2023-02-19,10,CMP0105,Online,1,0
7618,2491,2021-10-19,10,CMP0115,Cheque,1,0
5890,1930,2024-07-18,25,CMP0075,Online,0,0
47,14,2025-02-25,250,CMP0184,Card,0,0
136,40,2023-01-01,20,CMP0006,Cash,1,0
4274,1415,2019-12-20,200,CMP0119,Standing Order,1,0
4605,1535,2022-10-07,75.0,CMP0160,Cheque,0,0
2007,670,2024-01-30,15,CMP0012,Standing Order,1,0
2329,797,2026-01-23,7.5,CMP0168,Online,1,0
9202,3002,2025-11-22,5,CMP0003,Direct Debit,1,0
10159,3322,2023-08-08,5,CMP0045,Online,1,0
2454,827,2021-07-30,5,CMP0096,Card,0,0
11150,3608,2026-04-03,10,CMP0183,Card,1,0
4819,1603,2022-06-18,25,CMP0043,Standing Order,1,0
1881,629,2024-08-15,250,CMP0045,Cheque,1,0
2494,848,2021-11-26,30.0,CMP0126,Card,0,0
210,56,2025-10-01,15,CMP0072,Online,0,0
4701,1572,2023-02-24,5,CMP0045,Card,0,0
1326,436,2025-03-22,20,CMP0050,Standing Order,0,0
2282,771,2024-12-28,20,CMP0003,Card,0,0
10889,3541,2022-10-25,37.5,CMP0097,Card,1,0
8759,2866,2024-06-13,30,CMP0102,Online,0,1
9316,3041,2022-04-14,150.0,CMP0161,Card,0,0
4621,1543,2023-07-20,25,CMP0133,Card,0,0
12052,3923,2023-03-17,250,CMP0004,Cheque,1,0
11378,3670,2024-02-01,22.5,CMP0178,Cheque,1,0
6485,2140,2020-03-05,10,CMP0090,Card,1,0
3155,1063,2024-08-13,30.0,CMP0163,Cheque,0,0
4944,1640,2023-09-28,100,CMP0042,Standing Order,0,0
11877,3855,2025-11-09,15,CMP0163,Cash,1,0
9086,2962,2026-06-06,100,CMP0078,Cheque,0,0
2523,853,2025-12-15,100,CMP0071,Standing Order,1,0
5429,1791,2022-10-29,100,CMP0051,Cash,0,0
7398,2416,2025-01-16,37.5,CMP0103,Cheque,0,0
5538,1822,2019-08-24,50,CMP0184,Direct Debit,0,0
2734,934,2024-05-16,100,CMP0120,Direct Debit,1,0
7891,2574,2018-06-26,250,CMP0141,Standing Order,0,0
10637,3469,2024-02-10,5,CMP0150,Cash,1,0
8288,2710,2022-02-03,250,CMP0178,Card,0,0
986,331,2024-06-14,20,CMP0141,Cash,1,0
4143,1372,2026-04-26,50,CMP0022,Standing Order,1,0
5065,1679,2025-11-12,250,CMP0077,Card,1,1
2831,965,2023-10-27,20,CMP0074,Cash,1,0
2864,977,2020-09-18,200,CMP0058,Cheque,0,0
2057,686,2026-05-24,50,CMP0169,Standing Order,0,0
9415,3070,2023-02-02,15.0,CMP0027,Card,1,0
2932,1001,2025-07-18,10,CMP0070,Online,1,0
6800,2236,2023-04-23,500,CMP0049,Online,1,0
11615,3740,2022-10-26,20,CMP0032,Online,1,0
2589,876,2024-02-07,250,CMP0018,Standing Order,0,0
10964,3555,2021-07-01,5,CMP0120,Card,0,0
30,5,2023-07-24,25,CMP0086,Online,0,0
9537,3113,2024-03-31,100,CMP0155,Direct Debit,0,0
10492,3417,2021-11-09,10,CMP0056,Cash,1,0
8668,2829,2024-02-07,75.0,CMP0162,Online,0,0
6685,2210,2026-05-04,75.0,CMP0031,Cheque,1,0
1364,445,2021-08-17,25,CMP0106,Direct Debit,0,0
6620,2184,2021-11-25,15,CMP0090,Online,0,0
6217,2047,2023-11-27,150.0,CMP0020,Cheque,0,0
2344,802,2024-11-12,100,CMP0089,Standing Order,0,0
7748,2531,2018-07-18,100,CMP0021,Card,1,0
10076,3295,2024-06-02,15,CMP0120,Online,1,0
140,42,2026-07-11,50,CMP0014,Cash,0,0
6819,2241,2019-07-30,50,CMP0103,Card,1,0
3701,1244,2024-01-03,100,CMP0146,Online,0,0
3258,1097,2019-07-23,30,CMP0022,Online,1,0
1076,356,2025-10-25,20,CMP0179,Cheque,0,0
8314,2719,2024-09-06,5,CMP0131,Standing Order,0,0
8834,2890,2026-07-12,10,CMP0097,Direct Debit,1,0
8424,2749,2024-01-18,30.0,CMP0053,Card,0,0
6347,2091,2023-12-01,20,CMP0032,Online,1,0
8755,2864,2024-09-23,25,CMP0187,Cheque,0,0
910,304,2025-09-19,50,CMP0172,Standing Order,0,0
12083,3935,2025-10-16,30.0,CMP0063,Card,0,0
7222,2362,2026-01-06,10,CMP0159,Cheque,1,0
3189,1073,2022-04-14,250,CMP0142,Standing Order,1,0
8142,2653,2025-12-15,7.5,CMP0005,Direct Debit,0,0
59,19,2024-08-08,15,CMP0043,Direct Debit,0,0
8989,2936,2024-05-14,10,CMP0004,Online,1,0
6033,1974,2023-08-23,100,CMP0078,Card,1,0
8000,2608,2025-05-04,100,CMP0186,Standing Order,0,0
10029,3284,2022-03-16,500,CMP0047,Standing Order,1,0
10849,3525,2023-12-17,15,CMP0043,Direct Debit,1,0
8164,2659,2024-06-01,20,CMP0170,Online,1,0
11026,3577,2026-01-04,20,CMP0187,Online,1,0
6684,2208,2024-03-19,375.0,CMP0166,Cash,0,0
1251,410,2025-05-21,5,CMP0189,Direct Debit,0,0
9926,3248,2021-09-16,25,CMP0031,Online,0,0
11771,3811,2024-08-27,20,CMP0166,Cash,1,0
2886,984,2026-07-27,30,CMP0026,Online,1,0
5815,1907,2026-08-03,25,CMP0185,Standing Order,1,0
3129,1058,2026-04-28,375.0,CMP0077,Cash,1,0
2773,944,2026-06-23,5,CMP0133,Direct Debit,1,0
313,97,2024-06-05,7.5,CMP0016,Online,1,0
4086,1359,2024-12-26,20,CMP0141,Cash,0,0
3296,1106,2025-10-08,375.0,CMP0111,Cash,1,0
8057,2628,2026-06-14,500,CMP0165,Cash,1,0
6754,2224,2023-12-05,15,CMP0098,Online,1,0
10205,3335,2025-12-07,40,CMP0055,Online,0,0
11108,3592,2021-04-20,150.0,CMP0093,Direct Debit,0,0
12132,3950,2025-08-10,200,CMP0061,Cheque,0,0
666,207,2025-07-02,20,CMP0076,Cash,1,0
5166,1709,2024-07-23,20,CMP0092,Card,1,0
5256,1741,2024-10-24,25,CMP0161,Cheque,1,0
99,29,2026-05-22,250,CMP0021,Card,1,0
9445,3082,2026-08-06,15,CMP0011,Direct Debit,0,0
6407,2115,2026-07-04,20,CMP0165,Card,0,0
5551,1825,2026-01-05,20,CMP0173,Cash,0,0
4492,1495,2025-01-13,10,CMP0080,Online,1,0
7011,2297,2024-11-29,15,CMP0178,Standing Order,1,0
7670,2505,2025-11-18,10,CMP0108,Cheque,1,0
2349,804,2025-01-14,22.5,CMP0090,Direct Debit,1,0
2107,698,2026-08-10,20,CMP0022,Standing Order,1,0
8166,2661,2025-09-21,100,CMP0110,Cash,1,0
356,115,2024-08-27,150.0,CMP0173,Cheque,0,0
11710,3780,2025-11-06,100,CMP0147,Online,0,0
1747,586,2023-07-26,20,CMP0006,Cheque,1,0
4214,1395,2024-04-07,10,CMP0084,Cheque,1,0
1513,509,2024-05-16,15,CMP0108,Online,1,0
7281,2377,2025-01-01,30.0,CMP0188,Direct Debit,1,0
9472,3093,2023-09-05,30.0,CMP0162,Cash,0,0
11784,3814,2022-03-04,20,CMP0073,Cheque,0,0
10620,3462,2024-07-30,30.0,CMP0039,Standing Order,1,0
4207,1395,2024-02-26,100,CMP0078,Standing Order,0,0
11533,3724,2025-06-12,100,CMP0175,Cash,1,0
6815,2241,2023-04-24,50,CMP0092,Cash,1,0
846,279,2024-06-22,100,CMP0014,Cash,0,0
11140,3603,2023-09-04,37.5,CMP0047,Standing Order,1,0
474,150,2024-02-08,7.5,CMP0133,Cash,0,0
6135,1999,2023-11-06,250,CMP0034,Cash,1,0
11442,3692,2023-05-02,15.0,CMP0176,Standing Order,1,1
8614,2811,2024-04-06,50,CMP0032,Direct Debit,1,0
9632,3143,2023-11-23,100,CMP0085,Standing Order,0,0
9068,2959,2023-11-07,150.0,CMP0188,Cheque,0,0
3184,1071,2026-05-25,15,CMP0002,Cash,0,0
4730,1579,2024-12-04,200,CMP0070,Cash,1,0
1580,532,2025-08-02,375.0,CMP0120,Online,0,0
2688,911,2024-05-14,100,CMP0120,Card,1,0
3553,1192,2025-05-02,20,CMP0153,Standing Order,1,0
792,256,2019-02-04,10,CMP0161,Direct Debit,0,0
736,239,2026-04-25,10,CMP0181,Online,0,0
2616,883,2024-12-06,15.0,CMP0171,Online,1,0
5028,1671,2021-08-06,15,CMP0177,Online,1,0
4418,1466,2025-12-15,10,CMP0156,Card,0,0
10301,3367,2023-07-27,50,CMP0139,Cheque,0,0
5317,1760,2023-07-07,50,CMP0152,Card,0,0
4008,1339,2023-02-01,200,CMP0179,Cheque,0,0
2897,987,2021-11-09,20,CMP0117,Card,0,0
11185,3619,2026-01-04,50,CMP0030,Direct Debit,0,0
2928,1000,2023-08-19,30.0,CMP0104,Direct Debit,0,0
251,74,2022-10-20,25,CMP0082,Direct Debit,1,0
9467,3089,2020-11-19,50,CMP0136,Cash,1,0
7833,2553,2019-08-10,22.5,CMP0096,Online,1,0
5762,1891,2026-05-28,10,CMP0046,Direct Debit,0,0
4868,1616,2025-09-04,10,CMP0031,Cheque,1,0
11098,3590,2026-03-13,7.5,CMP0098,Direct Debit,0,0
10276,3363,2018-10-13,5,CMP0066,Card,1,0
5425,1790,2022-10-13,15,CMP0141,Direct Debit,1,0
6858,2253,2023-08-19,20,CMP0050,Cash,0,0
8676,2832,2025-06-22,10,CMP0024,Online,0,0
5877,1926,2020-10-09,5,CMP0089,Cash,0,0
8557,2788,2024-10-02,100,CMP0011,Online,1,0
1192,393,2022-04-17,5,CMP0011,Direct Debit,0,0
6717,2215,2021-12-29,15,CMP0027,Cheque,1,0
1738,585,2021-09-23,250,CMP0168,Cash,1,0
4478,1489,2024-01-09,250,CMP0016,Cheque,0,0
5232,1733,2026-02-14,15,CMP0118,Online,1,0
7153,2339,2022-03-09,100,CMP0090,Direct Debit,0,0
5753,1887,2025-01-22,20,CMP0188,Cheque,0,0
3693,1242,2025-11-11,100,CMP0129,Cheque,1,0
4016,1339,2021-04-25,5,CMP0107,Online,0,0
6196,2037,2023-05-03,20,CMP0177,Online,1,0
3801,1271,2021-10-25,375.0,CMP0038,Card,1,0
3792,1271,2023-12-28,25,CMP0114,Direct Debit,1,0
2584,874,2024-11-22,15,CMP0134,Standing Order,1,0
3354,1124,2022-05-13,15.0,CMP0125,Standing Order,1,0
537,171,2025-12-06,30.0,CMP0053,Online,1,0
9756,3186,2025-10-02,5,CMP0007,Cheque,0,0
2017,673,2025-02-22,20,CMP0087,Card,0,0
1691,570,2023-10-13,10,CMP0064,Direct Debit,1,0
3334,1118,2022-09-06,15,CMP0178,Cheque,0,0
719,230,2025-02-13,22.5,CMP0002,Direct Debit,1,0
3366,1128,2024-09-23,25,CMP0189,Card,0,0
4435,1473,2025-09-22,15,CMP0104,Cash,0,0
4210,1395,2026-04-03,22.5,CMP0029,Online,0,0
8014,2614,2021-09-19,30.0,CMP0025,Card,1,0
6248,2051,2021-02-02,250,CMP0180,Standing Order,1,0
69,20,2022-04-26,30,CMP0131,Card,1,0
1263,415,2023-03-03,5,CMP0073,Cheque,1,0
7552,2470,2025-03-20,7.5,CMP0099,Standing Order,1,0
12256,3989,2025-02-23,15,CMP0053,Direct Debit,1,0
6423,2118,2023-03-28,15,CMP0121,Standing Order,1,0
2725,932,2019-06-22,75.0,CMP0022,Direct Debit,1,0
4627,1545,2023-09-23,10,CMP0078,Cheque,0,0
1564,525,2025-01-15,22.5,CMP0156,Direct Debit,1,0
4319,1431,2025-11-18,25,CMP0137,Cash,1,1
4547,1512,2025-01-21,30,CMP0030,Online,1,0
2526,854,2026-05-01,50,CMP0102,Cash,0,0
3980,1332,2023-06-17,10,CMP0057,Direct Debit,1,0
5478,1803,2022-10-06,375.0,CMP0051,Card,1,0
8521,90002,2020-08-11,25,CMP0094,Standing Order,0,0
7403,2417,2026-02-14,30,CMP0119,Online,0,0
479,151,2022-03-09,10,CMP0009,Online,1,0
9081,2962,2019-11-13,10,CMP0178,Online,0,0
2745,935,2026-01-04,37.5,CMP0096,Online,0,0
2434,821,2025-06-12,15,CMP0181,Online,1,0
9442,3081,2026-07-16,10,CMP0143,Cheque,1,0
6676,2207,2025-03-24,100,CMP0038,Standing Order,1,0
2108,699,2025-03-01,10,CMP0101,Standing Order,1,0
9591,3129,2018-08-03,50,CMP0172,Cash,0,0
124,37,2018-12-30,25,CMP0114,Cash,1,0
162,48,2023-01-04,100,CMP0076,Cash,1,0
7642,2494,2026-04-15,5,CMP0126,Card,1,0
3871,1298,2026-04-10,20,CMP0145,Direct Debit,1,1
9055,2958,2026-07-09,7.5,CMP0054,Standing Order,1,0
2070,691,2026-08-05,20,CMP0173,Cash,1,0
4347,1441,2026-06-13,25,CMP0145,Standing Order,1,0
3900,1307,2021-03-13,100,CMP0103,Online,0,0
6350,2091,2024-11-11,5,CMP0175,Standing Order,1,0
2232,747,2022-05-21,250,CMP0029,Online,0,0
1954,657,2025-09-22,100,CMP0027,Direct Debit,0,1
9571,3126,2023-07-22,30,CMP0187,Card,0,0
9457,3084,2026-06-20,250,CMP0163,Online,0,0
5701,1870,2026-02-02,10,CMP0110,Standing Order,0,0
8175,2667,2025-06-29,100,CMP0097,Cheque,1,0
5176,1712,2025-12-25,75.0,CMP0051,Cheque,1,0
10857,3527,2026-06-19,50,CMP0183,Cheque,1,0
7186,2349,2022-04-23,20,CMP0042,Direct Debit,1,0
9373,3061,2020-05-17,20,CMP0140,Standing Order,1,0
5614,1841,2025-05-01,75.0,CMP0130,Standing Order,0,0
1681,566,2022-07-14,25,CMP0015,Direct Debit,0,0
7167,2343,2025-03-13,50,CMP0020,Direct Debit,1,0
6331,2089,2023-10-04,10,CMP0087,Cheque,0,0
3466,1158,2023-12-01,375.0,CMP0041,Standing Order,0,0
1079,357,2025-03-30,15,CMP0035,Cheque,0,0
3815,1282,2025-05-22,100,CMP0069,Standing Order,0,0
4377,1451,2021-10-04,20,CMP0088,Cheque,1,0
6533,2163,2020-11-25,10,CMP0126,Direct Debit,0,0
1893,636,2024-04-22,20,CMP0161,Cheque,0,0
9597,3134,2023-02-19,50,CMP0140,Cheque,1,0
10170,3326,2017-05-29,75.0,CMP0130,Card,1,0
11280,3644,2021-12-01,150.0,CMP0192,Cheque,1,0
367,117,2020-01-01,20,CMP0161,Standing Order,0,0
10446,3405,2024-02-10,30,CMP0022,Online,0,0
10254,3349,2024-01-07,100,CMP0049,Online,1,0
1948,650,2019-10-12,15,CMP0066,Online,0,0
2617,883,2019-10-20,30,CMP0047,Card,0,1
2115,701,2024-10-30,15,CMP0120,Online,0,0
4812,1603,2022-08-13,22.5,CMP0056,Standing Order,1,0
8621,2815,2025-06-02,50,CMP0006,Cheque,1,0
11447,3693,2021-10-20,250,CMP0091,Cash,0,0
5754,1887,2025-11-30,150.0,CMP0180,Direct Debit,0,0
1246,409,2024-11-05,250,CMP0115,Card,0,0
8472,2763,2025-11-26,25,CMP0108,Direct Debit,1,0
11470,3702,2024-12-20,20,CMP0096,Cheque,1,0
11374,3669,2021-10-18,22.5,CMP0007,Standing Order,1,0
4925,1637,2023-10-22,37.5,CMP0068,Cheque,0,0
1103,364,2023-04-30,25,CMP0124,Direct Debit,1,0
7117,2326,2024-09-13,20,CMP0176,Online,1,0
9010,2943,2021-01-24,20,CMP0055,Cheque,0,0
2170,728,2024-07-19,15,CMP0073,Direct Debit,0,0
8029,2617,2023-09-03,5,CMP0128,Cash,1,0
6019,1972,2024-02-03,200,CMP0098,Standing Order,0,0
4200,1394,2026-08-08,375.0,CMP0022,Card,1,0
755,248,2020-09-18,10,CMP0065,Standing Order,1,0
1885,630,2025-05-02,375.0,CMP0097,Cash,1,0
1547,521,2021-07-06,15,CMP0169,Cheque,0,0
2980,1012,2024-11-21,7.5,CMP0066,Cash,0,0
8815,2876,2025-09-22,200,CMP0033,Online,0,0
9682,3166,2024-05-03,15,CMP0037,Standing Order,0,0
11057,3584,2022-05-09,10,CMP0169,Online,0,0
5520,1818,2023-02-27,200,CMP0181,Cash,0,0
10019,3281,2019-03-17,10,CMP0040,Standing Order,1,0
8677,2832,2024-08-23,500,CMP0123,Online,0,0
10458,3408,2021-12-10,5,CMP0119,Card,0,0
12278,3998,2025-11-24,10,CMP0019,Cash,0,0
2562,865,2024-12-05,15,CMP0182,Standing Order,0,0
7146,2338,2024-10-11,50,CMP0141,Cheque,1,0
3465,1158,2024-12-24,250,CMP0041,Direct Debit,1,0
8715,2849,2026-05-20,15,CMP0056,Standing Order,1,0
9624,3140,2026-08-11,100,CMP0115,Cheque,1,0
3609,1212,2024-12-16,50,CMP0003,Direct Debit,1,0
1853,625,2023-03-21,20,CMP0185,Direct Debit,0,0
5290,1752,2025-03-19,15,CMP0142,Card,0,0
3090,1044,2025-09-06,75.0,CMP0027,Cash,0,0
10298,3366,2022-03-04,250,CMP0076,Direct Debit,1,0
6209,2042,2026-03-23,10,CMP0148,Online,0,0
3048,1033,2024-08-11,10,CMP0096,Direct Debit,0,0
5502,1813,2023-07-25,100,CMP0190,Cash,0,0
3862,1293,2024-06-16,375.0,CMP0089,Cheque,0,0
10945,3550,2022-09-05,30,CMP0115,Cheque,0,0
11592,3733,2026-03-07,10,CMP0153,Standing Order,0,0
3421,1144,2023-08-25,25,CMP0059,Standing Order,1,0
3255,1096,2026-02-25,15,CMP0115,Card,0,0
7828,2553,2021-07-31,10,CMP0150,Cheque,1,0
9329,3046,2021-12-24,5,CMP0077,Online,1,0
9478,3095,2025-05-10,375.0,CMP0090,Card,0,0
2564,865,2024-11-06,22.5,CMP0069,Cash,0,0
7799,2548,2024-11-18,20,CMP0174,Cash,1,0
6588,2178,2024-09-30,5,CMP0047,Online,1,0
340,106,2023-02-02,22.5,CMP0152,Card,1,0
9902,3233,2022-02-26,250,CMP0019,Cash,1,0
5415,1788,2022-06-16,37.5,CMP0101,Direct Debit,1,0
11373,3669,2023-11-24,10,CMP0173,Direct Debit,0,0
4496,1497,2024-08-14,15,CMP0047,Online,1,0
620,197,2024-08-03,15,CMP0050,Card,1,0
6794,2233,2025-09-09,50,CMP0145,Cash,1,0
352,113,2025-11-26,150.0,CMP0137,Cheque,0,0
10826,3517,2019-09-27,40,CMP0173,Card,0,0
704,222,2022-05-31,10,CMP0012,Cheque,0,0
10699,3485,2024-12-15,-15,CMP0090,Cash,0,0
1961,658,2024-01-20,50,CMP0094,Standing Order,0,0
10342,3374,2018-05-23,50,CMP0172,Standing Order,1,0
5074,1683,2019-09-15,500,CMP0143,Online,1,0
1268,416,2024-03-30,10,CMP0023,Cash,0,0
4646,1551,2021-03-15,20,CMP0009,Direct Debit,1,0
1071,355,2023-10-03,15.0,CMP0172,Cheque,0,0
2910,994,2025-12-12,100,CMP0011,Standing Order,1,0
4686,1565,2023-07-07,30.0,CMP0147,Card,0,0
2243,749,2022-10-01,50,CMP0145,Online,0,0
5902,1934,2024-11-11,25,CMP0078,Card,1,0
2102,696,2026-05-21,200,CMP0109,Online,1,0
1993,667,2023-05-06,20,CMP0156,Standing Order,0,0
6031,1974,2025-03-19,20,CMP0102,Online,1,0
9401,3068,2025-09-16,40,CMP0179,Cash,0,0
12094,3938,2024-10-19,25,CMP0144,Direct Debit,0,0
1800,603,2024-11-24,25,CMP0010,Direct Debit,1,0
10750,3496,2024-10-26,10,CMP0113,Direct Debit,0,0
7629,2493,2021-10-19,25,CMP0177,Direct Debit,1,0
4164,1380,2023-09-23,100,CMP0005,Cash,1,0
11163,3611,2021-10-31,10,CMP0031,Direct Debit,0,0
2388,814,2019-05-16,10,CMP0129,Card,0,1
7316,2387,2024-12-16,15.0,CMP0116,Standing Order,0,0
11050,3581,2024-03-13,20,CMP0089,Cheque,1,0
11135,3601,2024-08-02,25,CMP0030,Online,0,0
8068,2629,2022-07-26,5,CMP0014,Cheque,1,0
5258,1742,2025-09-28,15,CMP0060,Direct Debit,0,0
4458,1483,2022-01-19,15,CMP0104,Cheque,0,0
4971,1648,2024-01-22,100,CMP0042,Online,0,0
1221,402,2021-04-21,5,CMP0050,Cash,1,0
1732,582,2022-04-26,15,CMP0191,Standing Order,1,0
7680,2508,2020-01-04,22.5,CMP0152,Online,1,0
1972,662,2024-06-19,500,CMP0187,Cash,1,0
3122,1056,2025-09-26,20,CMP0168,Standing Order,1,0
3098,1049,2019-08-26,15,CMP0057,Standing Order,1,0
4479,1491,2026-01-27,5,CMP0016,Cash,0,0
10941,3549,2022-06-11,15,CMP0192,Online,1,0
785,256,2019-03-17,30,CMP0181,Cash,1,1
5979,1958,2022-11-01,20,CMP0135,Direct Debit,0,0
875,289,2023-12-14,30.0,CMP0062,Cheque,1,0
8839,2890,2020-06-05,250,CMP0038,Cash,1,0
793,256,2023-04-24,30.0,CMP0114,Direct Debit,1,0
2854,975,2022-07-21,15,CMP0083,Card,0,0
2395,815,2019-08-06,100,CMP0126,Standing Order,1,0
10410,3393,2019-03-11,15.0,CMP0013,Cheque,0,0
11816,3833,2025-09-15,50,CMP0165,Direct Debit,1,0
9174,2994,2024-08-09,250,CMP0171,Direct Debit,0,0
12000,3899,2024-12-27,50,CMP0163,Direct Debit,1,0
7917,2580,2023-02-11,37.5,CMP0066,Cheque,1,0
7699,2515,2025-01-11,30,CMP0114,Online,1,0
10242,3346,2021-05-29,50,CMP0183,Cheque,1,0
8678,2832,2024-02-24,50,CMP0074,Cash,0,0
11680,3765,2023-11-21,100,CMP0022,Cheque,0,0
2114,701,2025-04-03,25,CMP0002,Cheque,1,0
12376,3746,2024-08-31,10,CMP0024,Standing Order,0,0
10225,3341,2026-01-13,37.5,CMP0049,Cheque,0,0
2644,891,2026-07-11,5,CMP0030,Online,0,0
6007,1969,2024-01-05,7.5,CMP0032,Cash,0,0
4777,1593,2025-04-15,20,CMP0185,Online,0,0
1000,333,2025-04-15,25,CMP0185,Direct Debit,1,0
3612,1212,2025-07-01,20,CMP0115,Direct Debit,0,0
2808,960,2024-01-13,50,CMP0070,Cash,0,0
8458,2756,2022-06-19,40,CMP0062,Cash,1,0
4973,1649,2022-09-27,22.5,CMP0072,Cheque,0,0
4179,1385,2020-09-07,15.0,CMP0048,Standing Order,0,0
9793,3197,2023-03-13,5,CMP0121,Direct Debit,0,0
4362,1444,2022-01-24,22.5,CMP0191,Direct Debit,0,0
10508,3426,2024-05-03,10,CMP0013,Cheque,1,0
3057,1034,2024-02-24,50,CMP0113,Card,1,0
6691,2211,2020-03-14,40,CMP0065,Cheque,0,0
3372,1129,2021-04-07,5,CMP0135,Standing Order,0,0
9686,3167,2023-12-07,50,CMP0146,Online,1,0
12139,3952,2024-07-11,50,CMP0014,Direct Debit,1,0
9503,3103,2020-11-01,15,CMP0126,Online,1,0
5927,1940,2017-11-10,100,CMP0022,Online,0,1
10954,3550,2020-09-25,25,CMP0129,Direct Debit,0,0
10787,3505,2021-09-30,100,CMP0187,Direct Debit,1,0
6464,2135,2022-02-01,15,CMP0008,Standing Order,0,0
1847,623,2020-10-05,30.0,CMP0154,Cash,0,0
5750,1886,2025-08-12,50,CMP0011,Online,1,0
288,82,2025-03-16,5,CMP0104,Card,1,0
10978,3561,2025-05-11,100,CMP0156,Cash,1,0
12076,3933,2025-11-20,30,CMP0179,Card,1,0
3743,1253,2024-01-29,100,CMP0133,Cheque,1,0
9964,3262,2026-01-13,30,CMP0180,Cash,0,0
7091,2319,2026-07-28,15,CMP0103,Standing Order,1,0
9199,2999,2021-12-06,50,CMP0024,Direct Debit,0,0
3658,1225,2023-04-28,15,CMP0080,Cheque,1,0
7687,2509,2021-11-14,15,CMP0040,Cash,0,0
9371,3060,2022-10-20,40,CMP0079,Cash,1,0
5411,1787,2024-03-15,50,CMP0033,Online,1,0
7882,2571,2022-05-25,10,CMP0045,Cash,1,0
8617,2815,2023-01-16,7.5,CMP0142,Online,1,0
10162,3323,2024-12-23,100,CMP0020,Card,1,0
10679,3482,2022-06-26,5,CMP0026,Direct Debit,1,0
9929,3248,2026-01-16,500,CMP0094,Online,1,0
9059,2959,2023-04-08,100,CMP0035,Direct Debit,0,0
4511,1502,2024-01-14,15,CMP0043,Card,1,0
8838,2890,2020-03-08,50,CMP0129,Direct Debit,1,0
8081,2635,2026-03-14,5,CMP0116,Cheque,0,0
11681,3765,2020-02-19,10,CMP0081,Card,0,1
6690,2210,2025-10-15,100,CMP0058,Card,0,0
3470,1159,2025-03-03,50,CMP0153,Cash,1,0
5159,1705,2022-12-04,20,CMP0048,Online,1,0
3540,1183,2025-03-13,30,CMP0101,Cash,0,0
3677,1230,2022-10-30,50,CMP0178,Online,1,0
6052,1978,2023-04-26,50,CMP0174,Card,0,0
1277,419,2023-09-05,250,CMP0078,Cheque,0,0
6203,2042,2026-03-29,250,CMP0065,Cheque,0,0
8787,2871,2024-12-03,25,CMP0074,Cheque,1,0
644,201,2024-03-22,22.5,CMP0182,Card,0,0
4829,1605,2023-07-18,250,CMP0021,Direct Debit,0,0
4363,1446,2021-03-26,500,CMP0010,Direct Debit,0,0
5431,1793,2021-12-16,15.0,CMP0055,Direct Debit,0,0
4452,1476,2024-12-24,15,CMP0039,Online,0,0
11609,3737,2025-02-16,500,CMP0126,Standing Order,0,0
8653,2826,2025-06-11,100,CMP0171,Online,0,0
6108,1993,2019-07-22,500,CMP0175,Standing Order,1,0
6917,2271,2023-12-16,10,CMP0060,Standing Order,1,0
5008,1659,2020-07-26,15,CMP0120,Direct Debit,0,0
6074,1987,2026-01-24,15,CMP0181,Direct Debit,1,0
4927,1637,2022-11-08,22.5,CMP0123,Cheque,0,0
11430,3687,2025-05-18,25,CMP0088,Cash,1,0
3409,1141,2020-11-14,100,CMP0173,Standing Order,0,0
12243,3983,2023-11-12,50,CMP0117,Standing Order,0,0
3538,1182,2021-12-12,5,CMP0177,Cheque,1,0
9833,3206,2025-05-18,25,CMP0171,Card,1,0
7344,2395,2020-10-18,25,CMP0053,Standing Order,0,0
8602,2805,2025-03-29,25,CMP0095,Cheque,0,0
633,200,2024-07-02,25,CMP0034,Cash,0,0
10619,3462,2023-04-25,40,CMP0102,Cheque,1,0
7843,2556,2024-02-16,22.5,CMP0010,Cheque,1,0
6064,1983,2023-08-01,10,CMP0049,Cheque,0,0
11005,3569,2025-05-17,20,CMP0128,Card,0,0
1193,393,2024-08-22,22.5,CMP0041,Standing Order,0,0
488,151,2023-04-17,20,CMP0137,Cheque,1,0
5194,1719,2026-08-05,10,CMP0006,Cash,0,0
10691,3484,2021-06-17,22.5,CMP0025,Cash,0,0
3516,1175,2025-08-23,15.0,CMP0036,Cheque,0,0
9843,3211,2024-09-07,25,CMP0076,Online,1,0
9617,3139,2020-07-27,100,CMP0172,Online,0,0
4880,1620,2023-07-07,20,CMP0162,Cash,1,0
4587,1530,2023-09-17,100,CMP0161,Direct Debit,0,0
6721,2216,2025-12-16,20,CMP0175,Direct Debit,1,0
317,97,2025-02-16,25,CMP0107,Card,1,0
5044,1674,2022-10-29,50,CMP0181,Cheque,1,0
7059,2310,2025-12-02,100,CMP0021,Cheque,1,0
11386,3672,2022-11-30,40,CMP0071,Cash,1,0
5609,1838,2023-10-05,7.5,CMP0102,Cash,1,0
3809,1277,2025-02-10,25,CMP0034,Direct Debit,1,0
11446,3693,2024-06-20,250,CMP0137,Online,0,0
5032,1671,2024-03-31,5,CMP0162,Card,1,0
6956,2281,2026-01-29,250,CMP0025,Standing Order,0,0
10998,3566,2026-05-04,500,CMP0028,Direct Debit,0,0
10269,3356,2025-01-02,37.5,CMP0117,Card,1,0
7859,2565,2025-12-25,500,CMP0121,Direct Debit,1,0
2406,816,2020-11-14,15,CMP0004,Cash,0,0
3225,1085,2024-01-01,5,CMP0142,Standing Order,1,0
151,46,2022-06-14,22.5,CMP0190,Cheque,1,0
7566,2476,2021-09-18,20,CMP0175,Online,0,0
2185,733,2023-07-14,50,CMP0149,Online,0,0
7376,2406,2025-02-11,500,CMP0170,Direct Debit,1,0
4373,1450,2022-09-23,500,CMP0104,Card,0,0
9005,2942,2024-01-20,15,CMP0084,Online,0,0
2947,1003,2026-04-28,100,CMP0105,Standing Order,1,0
8311,2716,2026-08-04,7.5,CMP0058,Online,0,0
5823,1909,2022-10-25,7.5,CMP0074,Card,1,0
3297,1106,2026-06-06,30,CMP0121,Standing Order,0,0
5916,1938,2019-07-26,15,CMP0136,Cash,1,0
9030,2946,2022-04-05,5,CMP0041,Online,1,0
10595,3457,2023-07-16,250,CMP0068,Standing Order,1,0
4450,1476,2022-06-04,37.5,CMP0109,Standing Order,0,0
2056,686,2025-12-11,100,CMP0074,Direct Debit,1,0
8540,2783,2025-11-03,15,CMP0133,Cash,1,0
8863,2894,2026-02-08,375.0,CMP0001,Standing Order,0,0
9619,3139,2024-02-19,10,CMP0001,Direct Debit,0,0
888,294,2026-06-10,20,CMP0041,Cash,1,0
9101,2964,2025-05-13,100,CMP0137,Online,0,0
5344,1763,2026-02-12,150.0,CMP0170,Cash,0,0
11608,3737,2022-11-01,50,CMP0188,Card,1,0
10785,3503,2024-07-30,20,CMP0069,Standing Order,1,0
1031,342,2024-03-16,10,CMP0116,Online,1,0
7953,2590,2025-06-24,200,CMP0154,Online,1,0
4453,1476,2021-10-03,50,CMP0180,Cheque,0,0
2419,818,2022-10-10,50,CMP0029,Online,1,0
794,256,2019-07-26,20,CMP0061,Standing Order,1,0
3977,1331,2021-10-15,250,CMP0185,Standing Order,0,0
7116,2325,2023-06-25,7.5,CMP0045,Cheque,1,0
10873,3534,2026-07-05,100,CMP0138,Cheque,1,0
2569,865,2023-05-06,50,CMP0017,Direct Debit,0,0
4705,1572,2024-05-25,30.0,CMP0137,Cash,0,0
8419,2747,2017-08-24,30.0,CMP0075,Online,1,0
6748,2222,2024-03-22,100,CMP0125,Online,0,0
4555,1515,2023-02-03,15,CMP0063,Cheque,0,0
10633,3468,2024-05-14,10,CMP0153,Online,0,0
5266,1742,2018-05-18,50,CMP0038,Cash,1,0
7776,2542,2021-06-11,100,CMP0182,Direct Debit,0,0
3585,1204,2021-06-14,15,CMP0078,Online,1,0
9026,2945,2021-04-28,5,CMP0017,Online,1,0
11247,3633,2026-01-23,375.0,CMP0030,Cash,1,0
268,80,2021-06-14,50,CMP0103,Card,1,0
927,313,2024-03-19,15,CMP0086,Online,0,0
10118,3313,2025-09-10,30.0,CMP0044,Online,1,0
979,329,2025-04-20,150.0,CMP0050,Online,1,0
3464,1158,2023-09-24,25,CMP0156,Card,0,0
9886,3229,2025-07-28,10,CMP0020,Direct Debit,0,0
10666,3478,2025-04-25,30,CMP0127,Cheque,0,0
11451,3697,2026-04-27,15,CMP0080,Cheque,0,0
281,81,2023-10-22,15,CMP0001,Cheque,0,0
12304,4007,2022-08-29,375.0,CMP0006,Direct Debit,0,0
12038,3919,2024-03-13,375.0,CMP0042,Online,1,0
9919,3239,2023-10-26,30,CMP0039,Direct Debit,0,0
8082,2635,2026-05-23,30.0,CMP0144,Cheque,0,0
11255,3636,2022-10-14,15,CMP0063,Cash,1,0
2427,821,2021-07-21,50,CMP0135,Card,1,0
2276,766,2020-04-02,75.0,CMP0185,Online,0,0
3825,1284,2022-10-27,250,CMP0004,Online,1,0
9440,3078,2025-11-26,10,CMP0024,Direct Debit,0,0
10630,3466,2025-03-05,50,CMP0078,Direct Debit,0,0
1441,479,2023-02-20,40,CMP0133,Online,1,0
8031,2619,2026-07-28,75.0,CMP0054,Cash,1,0
8248,2694,2026-06-07,100,CMP0050,Card,0,0
5808,1904,2022-02-17,250,CMP0102,Cheque,0,0
187,52,2023-07-18,100,CMP0173,Cash,1,0
5052,1676,2024-09-06,150.0,CMP0073,Direct Debit,0,0
7214,2357,2024-11-07,10,CMP0178,Cash,1,0
6224,2048,2026-02-27,50,CMP0023,Online,0,0
4790,1599,2023-03-18,50,CMP0082,Online,0,0
5038,1671,2021-03-13,500,CMP0172,Cash,0,0
6469,2137,2021-04-10,10,CMP0153,Online,1,0
12187,3963,2023-08-24,75.0,CMP0037,Cheque,0,0
8783,2871,2025-01-07,15,CMP0123,Cheque,1,0
599,193,2023-01-10,50,CMP0122,Online,0,0
701,222,2026-01-09,10,CMP0153,Direct Debit,0,0
2711,926,2025-07-19,75.0,CMP0102,Cash,0,0
2020,674,2024-11-13,100,CMP0128,Online,0,0
6179,2027,2024-07-23,100,CMP0150,Card,1,0
8882,2898,2021-03-17,50,CMP0052,Cash,1,0
4282,1419,2023-01-22,375.0,CMP0151,Direct Debit,0,0
10391,3387,2025-03-29,30.0,CMP0132,Cheque,0,0
1586,534,2024-02-14,20,CMP0013,Direct Debit,0,0
11811,3828,2023-06-19,100,CMP0091,Online,1,0
8310,2715,2023-05-03,50,CMP0055,Direct Debit,1,0
167,49,2022-01-16,250,CMP0164,Online,1,0
3975,1331,2024-06-27,10,CMP0075,Card,1,0
10942,3549,2026-08-09,250,CMP0007,Standing Order,0,0
4611,1538,2025-10-17,37.5,CMP0063,Cash,0,0
9574,3126,2022-05-28,200,CMP0035,Standing Order,0,0
2948,1004,2022-06-11,150.0,CMP0077,Cheque,0,0
4859,1612,2023-10-07,5,CMP0093,Direct Debit,1,1
11864,3853,2024-03-15,150.0,CMP0167,Standing Order,0,0
5789,1899,2024-11-26,50,CMP0005,Card,0,0
526,165,2024-08-14,5,CMP0047,Cash,0,0
2716,929,2024-11-05,15,CMP0139,Direct Debit,0,0
2519,852,2023-02-25,150.0,CMP0150,Direct Debit,1,0
8387,2737,2019-06-13,200,CMP0061,Online,0,0
5848,1918,2025-02-05,30,CMP0044,Standing Order,1,0
4477,1489,2025-08-31,50,CMP0070,Online,1,0
3133,1060,2026-02-16,20,CMP0081,Online,0,0
5938,1944,2022-05-20,40,CMP0080,Standing Order,1,0
5465,1799,2026-05-03,30,CMP0033,Online,1,0
739,241,2023-03-13,150.0,CMP0174,Cheque,1,0
6352,2092,2024-10-02,5,CMP0137,Direct Debit,1,0
8443,2753,2025-07-16,20,CMP0126,Card,0,0
4656,1558,2025-07-15,500,CMP0065,Cheque,1,0
6060,1980,2024-12-18,150.0,CMP0183,Cash,0,0
11107,3592,2021-04-03,15,CMP0029,Cheque,1,0
6951,2280,2025-07-05,5,CMP0063,Direct Debit,1,0
1907,640,2026-06-30,20,CMP0090,Online,0,0
8197,2677,2024-03-04,100,CMP0104,Card,1,0
6521,2157,2022-05-26,250,CMP0113,Direct Debit,0,0
4664,1559,2025-12-02,20,CMP0013,Direct Debit,0,0
9620,3139,2024-01-18,100,CMP0096,Card,1,0
11192,3621,2023-10-21,20,CMP0123,Card,1,0
10193,3331,2024-10-20,250,CMP0116,Standing Order,1,0
6592,2179,2024-10-24,50,CMP0099,Cash,0,0
11733,3793,2022-07-08,250,CMP0107,Cash,0,0
1689,569,2026-08-13,15,CMP0173,Online,0,0
4350,1441,2024-10-01,150.0,CMP0183,Standing Order,0,0
12252,3988,2024-01-08,75.0,CMP0044,Card,0,0
3093,1046,2020-06-09,10,CMP0189,Card,1,0
3124,1056,2024-07-03,50,CMP0063,Cheque,1,0
3410,1141,2021-03-25,37.5,CMP0155,Standing Order,1,0
139,41,2026-02-02,7.5,CMP0074,Direct Debit,0,0
92,28,2024-09-22,22.5,CMP0129,Direct Debit,1,0
4409,1464,2026-06-09,30.0,CMP0015,Card,0,0
5746,1885,2024-12-24,20,CMP0046,Card,1,0
11652,3757,2022-02-01,15,CMP0121,Direct Debit,1,0
5184,94154,2025-12-13,5,CMP0139,Direct Debit,1,0
6439,2123,2024-05-09,10,CMP0082,Cheque,1,0
10115,3313,2026-04-11,37.5,CMP0028,Cash,1,0
5077,1683,2020-06-19,150.0,CMP0101,Cash,1,0
11017,3573,2021-10-24,50,CMP0097,Cheque,1,0
10180,3328,2022-11-24,5,CMP0009,Standing Order,1,0
11035,3578,2019-05-22,25,CMP0049,Online,1,0
10017,3281,2021-12-21,5,CMP0084,Standing Order,0,0
8932,2919,2026-04-23,20,CMP0132,Cash,0,0
2548,860,2024-02-14,100,CMP0098,Cash,1,0
3566,1194,2025-10-21,375.0,CMP0055,Cash,0,0
11227,3628,2026-04-29,40,CMP0067,Card,1,0
10573,3451,2023-01-23,100,CMP0116,Cash,1,0
4565,1518,2026-08-02,5,CMP0108,Cheque,0,0
8618,2815,2023-10-31,40,CMP0093,Card,0,0
5970,1956,2025-05-30,20,CMP0171,Direct Debit,1,0
9681,3166,2021-10-12,150.0,CMP0138,Direct Debit,0,0
8410,2746,2026-01-05,100,CMP0014,Cash,1,0
702,222,2024-04-20,75.0,CMP0072,Card,0,0
6086,1989,2023-06-08,20,CMP0017,Cheque,1,0
7860,2566,2026-07-05,500,CMP0051,Card,0,0
10047,3289,2026-07-12,10,CMP0049,Direct Debit,0,0
1953,651,2026-03-21,40,CMP0019,Cash,1,0
1559,524,2021-05-11,37.5,CMP0092,Cash,0,0
2430,821,2023-06-04,15,CMP0002,Direct Debit,1,0
4771,1590,2025-05-07,25,CMP0068,Cheque,1,0
9187,2997,2024-02-03,20,CMP0074,Card,0,0
10327,3371,2023-05-09,20,CMP0184,Cash,0,0
55,18,2025-03-01,5,CMP0048,Direct Debit,1,0
1663,558,2025-01-02,50,CMP0015,Cheque,0,0
839,277,2024-04-22,100,CMP0151,Direct Debit,0,0
10259,3350,2024-03-29,20,CMP0080,Online,1,0
8102,2640,2025-08-12,30.0,CMP0139,Direct Debit,1,0
129,38,2020-10-20,22.5,CMP0028,Cheque,0,0
10101,3308,2019-06-02,250,CMP0063,Standing Order,0,0
2708,922,2022-02-18,30.0,CMP0085,Online,1,0
10142,3320,2021-08-22,50,CMP0105,Direct Debit,1,0
10898,3542,2023-10-09,5,CMP0118,Standing Order,1,0
7020,2298,2026-08-05,25,CMP0168,Standing Order,0,0
9346,3050,2022-03-27,5,CMP0015,Cash,1,0
10668,3479,2025-07-15,100,CMP0009,Online,0,0
3034,1029,2023-12-24,500,CMP0128,Standing Order,0,0
5061,1677,2025-12-06,15,CMP0093,Card,1,0
7037,2305,2026-07-26,20,CMP0113,Cheque,1,0
7203,2354,2022-11-28,500,CMP0087,Cash,0,1
11189,3621,2025-11-30,100,CMP0018,Card,0,0
11157,3611,2020-02-20,10,CMP0163,Cash,1,0
12158,3957,2025-01-29,100,CMP0140,Online,0,0
11951,3883,2023-10-19,250,CMP0054,Cash,0,0
2888,986,2025-08-20,10,CMP0129,Standing Order,1,0
8191,2676,2019-12-06,75.0,CMP0081,Online,0,0
3137,1060,2024-04-08,250,CMP0024,Direct Debit,0,0
10675,3481,2022-02-28,22.5,CMP0092,Cheque,1,0
6541,2164,2024-10-08,40,CMP0048,Cheque,1,0
2382,814,2025-06-04,150.0,CMP0173,Cheque,1,0
6157,2018,2026-07-03,30,CMP0029,Standing Order,0,0
4277,1418,2025-07-31,15,CMP0059,Online,0,0
9564,3122,2022-10-15,50,CMP0155,Standing Order,0,0
10799,3513,2020-02-25,500,CMP0011,Cash,0,0
12025,3910,2025-06-25,20,CMP0091,Direct Debit,0,0
8638,2820,2026-06-19,22.5,CMP0145,Card,1,0
8774,2870,2023-01-23,20,CMP0059,Direct Debit,1,0
443,144,2026-07-27,100,CMP0080,Direct Debit,0,0
2949,1004,2025-12-07,25,CMP0111,Online,0,0
10270,3356,2025-05-02,25,CMP0036,Cash,0,0
237,71,2026-08-14,10,CMP0167,Cash,0,0
3483,1164,2017-06-13,5,CMP0122,Cash,1,0
6121,1997,2025-11-03,7.5,CMP0023,Card,0,0
5961,1952,2022-07-01,5,CMP0080,Standing Order,0,0
2671,903,2018-12-17,75.0,CMP0111,Online,1,0
1494,500,2025-04-24,50,CMP0040,Card,1,0
1410,471,2018-07-31,25,CMP0056,Card,0,0
5219,1730,2024-05-15,50,CMP0178,Cash,1,0
9461,3086,2026-05-24,25,CMP0013,Direct Debit,1,0
11684,3768,2025-12-21,200,CMP0181,Card,0,0
11690,3773,2023-10-06,20,CMP0014,Online,1,0
513,160,2020-07-18,50,CMP0180,Cash,0,0
9437,3078,2023-03-06,10,CMP0101,Direct Debit,0,0
866,287,2025-11-07,500,CMP0025,Cheque,0,0
8588,2797,2026-04-17,75.0,CMP0133,Direct Debit,1,0
6375,2103,2025-03-28,10,CMP0149,Card,1,0
3583,1204,2022-01-10,20,CMP0080,Card,1,0
9945,3253,2024-09-23,15,CMP0102,Card,1,0
11492,3709,2026-01-11,30.0,CMP0029,Card,0,0
7326,2389,2024-05-02,15,CMP0098,Cheque,0,0
10896,3541,2024-08-13,20,CMP0026,Direct Debit,1,0
3810,1277,2022-07-24,100,CMP0074,Cheque,0,0
1041,345,2023-05-05,50,CMP0030,Standing Order,1,0
3901,1307,2020-03-18,100,CMP0183,Card,1,0
9683,3166,2026-04-27,75.0,CMP0025,Online,0,0
3749,1254,2026-04-12,5,CMP0104,Online,1,0
4533,1507,2024-04-13,250,CMP0001,Card,1,0
7900,2576,2025-07-12,5,CMP0179,Standing Order,1,0
52,18,2026-05-02,37.5,CMP0158,Online,0,0
6960,2282,2025-06-28,20,CMP0130,Standing Order,1,0
8352,2726,2026-05-24,40,CMP0090,Standing Order,1,0
2206,739,2024-03-15,7.5,CMP0089,Card,0,0
3808,1277,2024-05-16,20,CMP0058,Standing Order,0,1
4894,1630,2026-01-24,50,CMP0030,Cheque,0,0
1448,483,2026-07-21,10,CMP0157,Online,1,0
9750,3185,2023-09-10,375.0,CMP0118,Standing Order,1,0
8938,2922,2025-05-27,5,CMP0046,Cash,1,0
230,69,2024-02-11,100,CMP0059,Standing Order,0,0
2778,949,2018-06-26,100,CMP0014,Standing Order,1,0
2706,922,2021-07-13,250,CMP0029,Cash,1,0
9313,3039,2023-11-30,5,CMP0088,Cheque,0,0
659,206,2024-03-05,10,CMP0073,Cheque,0,0
4158,1378,2023-02-20,150.0,CMP0074,Direct Debit,1,0
1923,645,2023-10-23,25,CMP0067,Direct Debit,1,0
3321,1112,2023-03-23,20,CMP0022,Standing Order,1,0
10515,3433,2018-04-27,150.0,CMP0177,Standing Order,0,0
1225,403,2026-04-07,10,CMP0101,Online,1,0
8606,2807,2022-01-25,10,CMP0135,Cheque,0,0
3912,1309,2023-03-12,10,CMP0016,Standing Order,1,0
315,97,2022-07-25,375.0,CMP0183,Card,0,0
705,222,2021-04-26,50,CMP0004,Direct Debit,1,0
11863,3853,2022-08-29,25,CMP0061,Cash,0,0
7349,2398,2025-11-03,200,CMP0179,Cash,1,0
3462,1156,2023-08-28,25,CMP0021,Cash,1,0
9557,3120,2021-06-19,25,CMP0024,Cheque,1,0
3165,1065,2026-06-22,50,CMP0026,Direct Debit,1,0
4172,1381,2025-07-17,20,CMP0153,Cheque,0,0
11846,3847,2021-09-04,50,CMP0022,Cash,0,0
6787,2230,2024-04-17,375.0,CMP0064,Online,1,0
7057,2310,2025-07-08,5,CMP0029,Online,1,0
2483,841,2022-11-03,15.0,CMP0158,Standing Order,0,0
6199,2037,2023-02-01,75.0,CMP0094,Standing Order,1,0
9583,3128,2026-02-13,5,CMP0169,Cash,1,0
524,165,2025-03-17,15,CMP0123,Standing Order,0,0
3596,1207,2021-08-10,10,CMP0028,Direct Debit,0,0
2422,819,2026-04-10,5,CMP0146,Online,0,0
12129,3949,2023-10-16,10,CMP0057,Online,0,0
1021,339,2023-12-08,10,CMP0060,Card,0,0
223,64,2023-11-16,7.5,CMP0187,Direct Debit,1,0
3033,1029,2024-06-05,150.0,CMP0179,Online,0,0
4048,1348,2026-08-14,30.0,CMP0146,Cheque,1,0
571,91452,2023-08-18,20,CMP0080,Card,1,0
3734,1251,2024-08-27,25,CMP0112,Standing Order,1,0
4280,1419,2018-07-20,250,CMP0140,Online,1,0
8118,2645,2025-01-07,20,CMP0096,Cheque,1,0
2298,776,2024-03-15,25,CMP0124,Cash,1,0
11930,3873,2022-07-12,50,CMP0187,Standing Order,1,0
3342,1122,2024-05-29,375.0,CMP0028,Cash,1,0
6673,2205,2025-04-16,5,CMP0083,Card,0,0
12309,4007,2021-05-12,100,CMP0170,Online,1,0
6758,2224,2023-07-26,22.5,CMP0086,Standing Order,0,0
6516,2155,2023-11-03,100,CMP0099,Cash,0,0
5846,1918,2020-01-22,5,CMP0169,Cheque,1,0
5934,1941,2025-03-30,50,CMP0128,Direct Debit,1,0
299,89,2025-12-18,50,CMP0150,Standing Order,0,0
6313,2081,2022-06-25,7.5,CMP0062,Direct Debit,1,0
2250,754,2024-04-10,20,CMP0110,Cash,1,0
8093,2638,2025-06-27,40,CMP0003,Card,0,0
7708,2518,2020-01-27,250,CMP0046,Standing Order,1,0
6273,2065,2026-02-23,20,CMP0055,Cash,0,0
12299,4003,2023-09-11,500,CMP0133,Card,0,0
1981,664,2026-03-23,10,CMP0032,Card,0,0
9064,2959,2023-02-21,30,CMP0191,Standing Order,1,0
4102,1360,2025-07-25,100,CMP0138,Cheque,0,0
11306,3654,2022-06-12,20,CMP0016,Cash,1,0
7482,2443,2023-06-19,5,CMP0046,Cash,1,0
7147,2338,2023-02-28,25,CMP0104,Card,0,0
5702,1872,2019-12-29,7.5,CMP0056,Online,0,0
10192,3331,2023-12-07,25,CMP0043,Cheque,0,0
7921,2580,2024-07-22,100,CMP0001,Direct Debit,1,0
10152,3322,2022-03-14,7.5,CMP0037,Card,0,0
5001,1657,2026-05-11,10,CMP0093,Direct Debit,0,0
9071,2959,2026-03-13,100,CMP0063,Cheque,0,0
4104,1361,2026-01-21,37.5,CMP0179,Standing Order,1,0
8027,2616,2022-08-02,25,CMP0051,Cheque,1,0
6113,1996,2025-03-28,250,CMP0052,Direct Debit,0,0
8700,2844,2025-07-14,10,CMP0137,Direct Debit,1,0
8391,2739,2024-07-22,25,CMP0146,Cash,0,0
2793,953,2021-08-09,100,CMP0040,Online,1,0
5361,1769,2025-10-30,25,CMP0146,Cheque,0,0
8572,2791,2026-04-14,50,CMP0127,Online,0,0
7507,2451,2024-08-06,25,CMP0175,Cash,0,0
8846,2891,2019-02-10,25,CMP0069,Cash,1,0
4699,1571,2026-01-19,15,CMP0109,Online,0,0
3917,1311,2025-09-17,250,CMP0041,Direct Debit,0,0
11935,3873,2023-08-22,500,CMP0107,Card,1,0
2924,999,2017-08-17,50,CMP0056,Online,1,0
10464,3409,2025-06-29,5,CMP0148,Standing Order,1,0
566,181,2024-11-10,25,CMP0139,Direct Debit,1,0
9986,3267,2025-10-08,25,CMP0051,Cheque,1,0
3468,1159,2025-12-03,20,CMP0116,Cash,1,0
382,124,2023-03-12,100,CMP0096,Cheque,0,0
6348,2091,2025-01-13,15,CMP0098,Cheque,1,0
1387,458,2025-05-08,20,CMP0010,Online,0,0
7717,2522,2021-02-16,25,CMP0026,Cash,1,0
11402,3678,2022-05-10,25,CMP0091,Standing Order,1,0
12168,3960,2020-08-25,100,CMP0078,Online,0,0
10861,3529,2020-05-23,50,CMP0025,Direct Debit,1,0
1887,630,2026-02-26,10,CMP0055,Online,1,0
5922,1938,2022-04-04,5,CMP0023,Standing Order,0,0
3460,1156,2025-12-22,30.0,CMP0051,Cheque,1,0
6001,1962,2025-04-23,10,CMP0131,Direct Debit,1,0
11367,3668,2024-08-02,25,CMP0189,Direct Debit,0,0
6233,2050,2021-09-17,375.0,CMP0131,Online,1,0
9568,3125,2026-08-13,100,CMP0022,Online,0,0
6123,1997,2025-06-10,30,CMP0129,Direct Debit,1,0
2004,670,2025-12-31,15,CMP0076,Cheque,0,0
6850,2251,2022-10-29,75.0,CMP0183,Cash,0,1
1091,361,2024-04-09,200,CMP0024,Online,0,0
94,28,2025-01-21,100,CMP0162,Cash,0,0
6228,2049,2026-05-25,5,CMP0064,Card,1,0
5350,1766,2022-10-14,5,CMP0017,Cheque,1,0
740,241,2024-01-02,40,CMP0098,Card,0,0
1491,499,2023-08-26,10,CMP0030,Direct Debit,1,0
8052,2627,2024-05-14,30.0,CMP0008,Direct Debit,1,0
10491,3417,2022-07-28,20,CMP0075,Cash,1,0
6538,2164,2021-03-01,100,CMP0182,Cash,1,0
6345,2091,2023-12-16,150.0,CMP0076,Cash,1,0
7637,2493,2025-05-08,7.5,CMP0186,Card,0,0
1341,439,2026-07-03,200,CMP0189,Online,0,0
7000,2293,2020-07-05,20,CMP0009,Direct Debit,1,0
6260,2055,2023-09-13,250,CMP0192,Standing Order,0,0
10697,3485,2026-07-05,50,CMP0047,Online,1,0
2254,756,2024-11-17,150.0,CMP0061,Cheque,1,0
10288,3364,2020-12-19,100,CMP0155,Direct Debit,0,0
863,284,2022-07-14,50,CMP0191,Card,0,0
6607,2181,2021-01-04,10,CMP0162,Cash,1,0
8304,2714,2025-11-22,20,CMP0008,Cheque,0,0
2412,818,2019-03-09,10,CMP0025,Card,1,0
9051,2957,2026-05-08,10,CMP0047,Cheque,0,0
11160,3611,2019-10-11,200,CMP0067,Direct Debit,0,0
10859,3528,2025-12-20,10,CMP0092,Direct Debit,0,0
11525,3721,2024-08-30,5,CMP0067,Standing Order,0,0
9706,3171,2019-06-17,25,CMP0002,Direct Debit,0,0
4160,1378,2024-12-26,10,CMP0058,Cheque,1,0
4042,1346,2018-03-30,150.0,CMP0086,Online,0,0
9214,3006,2022-04-11,40,CMP0090,Card,0,0
8713,2849,2026-05-10,15,CMP0159,Card,0,0
7923,2580,2021-10-17,500,CMP0050,Cheque,0,0
8125,2649,2024-01-21,250,CMP0102,Card,0,0
6785,2229,2022-06-03,10,CMP0068,Direct Debit,1,0
12350,3277,2025-09-02,5,CMP0087,Card,0,0
10441,3402,2025-12-04,50,CMP0073,Online,1,0
10855,3526,2025-12-01,20,CMP0093,Online,1,0
9483,3096,2024-03-20,50,CMP0019,Direct Debit,0,0
212,57,2023-09-05,37.5,CMP0044,Standing Order,1,0
1828,618,2023-07-29,15,CMP0150,Standing Order,0,0
7460,2439,2022-04-01,10,CMP0081,Online,0,0
7401,2416,2021-09-13,5,CMP0086,Direct Debit,1,0
12262,3992,2021-02-12,100,CMP0188,Online,0,0
8078,2633,2024-05-09,10,CMP0020,Card,0,0
8361,2733,2026-01-16,250,CMP0025,Cash,1,0
12343,4003,2023-09-11,500,CMP0133,Card,0,0
7594,2483,2026-06-23,50,CMP0080,Standing Order,1,0
4814,1603,2024-02-03,100,CMP0151,Cash,1,0
4053,1348,2025-01-29,100,CMP0169,Cheque,1,0
2253,756,2020-03-08,50,CMP0150,Cash,0,0
10359,3376,2022-05-16,100,CMP0103,Standing Order,1,0
1386,458,2022-01-25,25,CMP0163,Cheque,0,0
2303,777,2023-09-20,25,CMP0149,Direct Debit,0,0
3432,1148,2024-07-04,50,CMP0073,Card,0,0
4366,1446,2022-01-02,20,CMP0085,Direct Debit,0,0
5549,1824,2025-09-26,10,CMP0007,Cheque,0,0
9928,3248,2021-08-19,10,CMP0178,Standing Order,1,0
799,259,2024-11-14,100,CMP0114,Cash,0,0
10210,3336,2026-01-13,150.0,CMP0113,Cash,1,0
12186,90859,2023-10-06,30,CMP0145,Card,1,0
6144,2003,2025-02-08,25,CMP0062,Card,0,0
7107,2323,2021-08-04,10,CMP0161,Online,1,0
4505,1502,2026-07-28,5,CMP0106,Online,1,0
4604,1535,2024-01-13,30.0,CMP0049,Cheque,0,0
7426,2427,2021-09-23,15.0,CMP0185,Standing Order,1,0
11548,3727,2024-06-17,30,CMP0134,Online,0,0
5205,1725,2026-04-08,20,CMP0102,Online,1,0
5416,1788,2026-03-28,10,CMP0173,Cash,1,0
5966,1955,2025-02-18,100,CMP0069,Online,0,0
5512,1816,2023-04-05,40,CMP0125,Online,0,0
2550,860,2023-12-30,250,CMP0192,Direct Debit,0,0
4116,1364,2021-01-29,10,CMP0138,Cash,1,0
968,328,2022-03-23,20,CMP0171,Cheque,0,0
6069,1986,2024-09-14,40,CMP0163,Cheque,1,0
7304,2382,2021-04-30,250,CMP0171,Direct Debit,1,0
460,147,2022-01-30,15,CMP0069,Card,0,0
2817,962,2024-09-03,250,CMP0176,Standing Order,0,0
1203,394,2023-08-03,50,CMP0098,Direct Debit,0,0
1253,410,2024-01-23,50,CMP0175,Direct Debit,0,0
10216,3338,2020-05-17,200,CMP0160,Card,1,0
9542,3117,2022-10-08,20,CMP0130,Direct Debit,0,0
7589,2481,2022-09-04,25,CMP0104,Standing Order,1,0
6644,2194,2023-08-31,15,CMP0147,Direct Debit,1,0
8555,2788,2023-08-13,250,CMP0041,Cheque,1,0
6406,2115,2026-06-10,250,CMP0099,Direct Debit,0,0
11459,3699,2017-06-01,100,CMP0087,Card,0,1
9464,3089,2021-02-06,100,CMP0191,Card,0,0
3095,1047,2024-08-10,5,CMP0017,Card,0,0
9047,2954,2022-09-16,37.5,CMP0085,Standing Order,1,0
9852,3213,2024-03-06,375.0,CMP0122,Cheque,1,0
7135,2332,2025-09-14,15,CMP0085,Cash,1,0
10578,3451,2020-10-29,15,CMP0133,Card,0,0
1959,658,2026-03-18,15,CMP0008,Direct Debit,1,0
4089,1359,2026-07-29,25,CMP0048,Cash,0,0
3424,1144,2022-05-16,20,CMP0164,Cash,1,0
11018,3573,2025-03-06,20,CMP0003,Direct Debit,1,0
9318,3041,2022-03-09,20,CMP0190,Direct Debit,1,0
3430,1146,2023-03-27,10,CMP0056,Cheque,0,0
9044,2953,2025-04-10,20,CMP0181,Card,1,0
2662,897,2026-04-05,30,CMP0127,Direct Debit,1,0
481,151,2026-01-29,15,CMP0074,Cheque,0,0
7177,2344,2019-10-21,15.0,CMP0136,Cash,0,0
9759,3186,2025-04-26,100,CMP0171,Online,0,0
8981,2933,2021-10-07,10,CMP0125,Standing Order,1,0
1688,569,2026-01-19,5,CMP0184,Direct Debit,0,0
3117,1054,2026-03-19,5,CMP0186,Card,1,0
8663,2829,2024-09-21,50,CMP0031,Cheque,0,0
10689,3484,2020-10-12,30.0,CMP0113,Card,1,0
9409,3070,2025-09-28,25,CMP0055,Card,0,0
4055,1349,2024-09-23,15,CMP0182,Cheque,0,0
5018,1666,2025-07-23,15,CMP0177,Card,0,0
1671,561,2026-01-15,10,CMP0132,Cheque,1,0
26,5,2026-02-20,20,CMP0114,Online,1,0
629,198,2022-09-18,150.0,CMP0042,Online,1,0
4471,1484,2025-05-02,20,CMP0121,Standing Order,0,0
7646,2497,2024-12-12,20,CMP0118,Standing Order,1,0
12214,3974,2025-05-19,100,CMP0078,Card,0,0
1429,473,2022-08-31,5,CMP0116,Online,1,0
1486,498,2026-07-29,10,CMP0023,Standing Order,0,0
2933,1001,2024-11-10,30.0,CMP0005,Standing Order,0,0
9962,3259,2021-03-17,250,CMP0114,Online,1,0
9040,2953,2025-04-03,20,CMP0097,Online,0,0
1746,586,2026-01-26,10,CMP0100,Direct Debit,0,0
3471,1159,2025-09-20,75.0,CMP0011,Cash,0,0
11124,3598,2020-01-29,15,CMP0079,Card,0,0
6925,2273,2022-11-24,500,CMP0158,Direct Debit,0,0
10253,3349,2023-01-21,50,CMP0091,Standing Order,1,0
6653,2197,2021-02-26,15.0,CMP0093,Card,0,0
3827,1284,2020-04-12,20,CMP0156,Standing Order,1,0
8499,2772,2020-07-03,100,CMP0180,Card,0,0
27,5,2026-07-29,50,CMP0003,Direct Debit,0,0
6631,2188,2021-11-03,37.5,CMP0191,Card,1,0
2120,704,2024-10-24,5,CMP0056,Standing Order,1,0
10766,3498,2017-09-16,5,CMP0102,Online,1,0
6274,2065,2026-05-16,5,CMP0139,Online,1,0
5212,1728,2024-03-13,30.0,CMP0005,Standing Order,1,0
1872,628,2024-04-07,20,CMP0038,Cheque,0,0
11996,3896,2023-01-04,10,CMP0049,Cheque,1,0
10332,3371,2022-11-06,375.0,CMP0126,Online,0,0
5303,1755,2025-10-21,10,CMP0190,Standing Order,1,0
3355,1124,2020-01-18,20,CMP0012,Standing Order,0,0
7410,2419,2025-07-09,15,CMP0062,Direct Debit,1,0
1692,570,2019-02-22,500,CMP0119,Standing Order,1,0
9227,3013,2025-10-26,50,CMP0017,Card,0,0
6307,2078,2026-03-29,15,CMP0150,Card,0,0
4570,1521,2025-07-06,20,CMP0098,Cheque,0,0
11363,3668,2022-04-08,250,CMP0152,Standing Order,0,0
4601,1534,2020-04-14,250,CMP0041,Standing Order,1,0
9658,3154,2024-11-23,50,CMP0150,Card,0,0
3205,1078,2023-06-16,20,CMP0059,Standing Order,1,0
8067,2629,2026-06-26,37.5,CMP0094,Standing Order,1,0
1070,354,2023-02-03,15,CMP0129,Card,1,0
4150,1374,2022-07-07,20,CMP0014,Cash,1,0
466,148,2026-04-08,25,CMP0142,Card,0,0
850,280,2026-02-16,5,CMP0114,Online,1,0
1977,664,2025-02-28,20,CMP0047,Standing Order,0,0
5630,1846,2024-06-27,15.0,CMP0186,Standing Order,1,0
10031,3285,2024-01-18,100,CMP0052,Direct Debit,0,0
10628,3466,2026-04-03,15,CMP0118,Standing Order,0,0
3841,1286,2024-02-01,20,CMP0032,Direct Debit,1,0
580,188,2023-06-02,5,CMP0155,Cheque,1,0
8427,2750,2022-08-02,100,CMP0116,Standing Order,0,0
8536,2783,2025-03-13,250,CMP0174,Online,1,0
6902,2265,2024-08-01,75.0,CMP0012,Card,0,0
1730,582,2024-07-21,50,CMP0063,Cash,1,0
3427,1145,2025-09-22,5,CMP0090,Online,0,0
1024,341,2024-02-18,10,CMP0077,Direct Debit,0,0
10817,3516,2021-10-09,15,CMP0184,Online,0,0
9363,3056,2024-05-16,75.0,CMP0179,Direct Debit,1,0
4742,1581,2023-08-13,10,CMP0116,Online,1,0
2040,678,2025-09-20,5,CMP0058,Card,0,0
2804,957,2023-03-04,37.5,CMP0026,Online,0,0
8116,2644,2024-10-31,100,CMP0002,Online,0,0
11889,3857,2019-05-22,37.5,CMP0028,Direct Debit,0,0
3326,1112,2020-04-15,150.0,CMP0001,Standing Order,1,0
6284,2070,2022-04-08,37.5,CMP0151,Card,0,0
3164,1065,2025-09-09,15,CMP0035,Direct Debit,1,0
7483,2443,2019-10-29,20,CMP0007,Cash,1,0
2754,938,2023-08-28,15,CMP0126,Cash,0,0
1750,587,2017-09-02,15,CMP0076,Online,0,0
12113,3942,2022-07-02,25,CMP0150,Cash,1,0
9603,3138,2018-02-18,30.0,CMP0149,Cash,1,0
9536,3113,2023-10-21,10,CMP0181,Standing Order,1,0
5539,1822,2022-08-01,75.0,CMP0144,Standing Order,1,0
9153,2989,2018-07-11,30,CMP0060,Cheque,0,0
9255,3021,2026-06-08,375.0,CMP0072,Card,0,0
2637,887,2022-06-01,15,CMP0098,Card,1,0
2746,936,2026-06-09,15,CMP0178,Online,1,0
12232,3981,2025-03-11,10,CMP0015,Cash,0,0
12283,3999,2026-02-25,250,CMP0141,Card,1,0
3926,1313,2019-01-27,20,CMP0165,Standing Order,0,0
9908,3234,2026-08-11,50,CMP0027,Card,1,0
2556,862,2018-10-18,15.0,CMP0181,Card,0,0
5975,1957,2023-12-21,25,CMP0091,Online,0,0
2620,883,2022-04-05,22.5,CMP0145,Direct Debit,0,0
6099,1991,2026-06-09,50,CMP0043,Cheque,0,0
1125,377,2025-10-19,20,CMP0068,Direct Debit,0,0
3647,1223,2025-04-10,37.5,CMP0146,Online,0,0
5204,1725,2026-04-17,50,CMP0009,Standing Order,0,0
2224,742,2024-11-13,25,CMP0079,Standing Order,0,0
10757,3497,2026-05-24,50,CMP0135,Standing Order,1,0
8482,2766,2023-02-26,50,CMP0092,Cheque,0,1
4988,1651,2017-09-08,10,CMP0016,Online,1,0
9864,3222,2022-01-03,75.0,CMP0033,Cheque,0,0
1298,425,2025-10-15,37.5,CMP0042,Direct Debit,1,0
6877,2257,2026-02-17,22.5,CMP0027,Cash,1,0
9726,3177,2026-04-02,100,CMP0072,Online,0,0
12143,3952,2019-06-08,50,CMP0166,Online,1,0
2869,978,2025-10-01,10,CMP0032,Direct Debit,0,0
4062,1351,2019-08-01,10,CMP0029,Cash,0,0
10910,3544,2025-06-15,15,CMP0071,Cheque,1,0
6950,2280,2023-04-21,250,CMP0034,Online,1,0
2543,859,2025-06-06,5,CMP0127,Cheque,0,0
12137,3952,2020-05-02,10,CMP0024,Cheque,1,0
4549,1514,2025-08-18,200,CMP0116,Standing Order,0,0
9410,3070,2024-08-15,20,CMP0008,Cheque,1,0
12240,3982,2024-12-03,20,CMP0007,Online,0,0
4249,1408,2024-11-30,250,CMP0033,Cheque,1,0
10034,3287,2026-02-11,30.0,CMP0139,Standing Order,0,0
9941,3253,2025-04-30,50,CMP0001,Cash,0,0
1349,443,2026-05-10,10,CMP0022,Cheque,0,0
3672,1230,2021-09-20,20,CMP0085,Online,1,0
5499,1809,2025-05-27,200,CMP9150,Standing Order,0,0
3997,1337,2023-08-16,200,CMP0004,Cheque,1,0
3186,1071,2024-07-03,25,CMP0033,Standing Order,1,0
1804,603,2026-01-10,20,CMP0119,Cheque,1,0
7100,2320,2026-01-16,75.0,CMP0027,Direct Debit,0,0
2438,824,2022-07-25,10,CMP0064,Card,0,0
4333,1433,2020-01-16,375.0,CMP0146,Standing Order,1,0
2180,732,2022-04-21,50,CMP0173,Direct Debit,1,0
9618,3139,2024-09-11,15,CMP0072,Direct Debit,1,0
7319,2388,2021-08-25,30.0,CMP0105,Cheque,1,0
3588,1206,2026-05-14,37.5,CMP0043,Card,1,0
5472,1801,2024-03-17,25,CMP0007,Cash,0,0
95,28,2023-01-17,5,CMP0019,Cheque,1,0
6376,2104,2021-12-04,50,CMP0174,Cheque,1,0
3136,1060,2024-06-27,10,CMP0068,Card,0,0
743,244,2025-08-24,25,CMP0142,Direct Debit,0,0
11857,3852,2023-01-05,20,CMP0147,Cheque,1,0
6876,2257,2019-05-03,150.0,CMP0084,Cheque,0,0
8114,2644,2025-01-10,15,CMP0009,Direct Debit,1,0
1238,406,2019-04-20,15,CMP0025,Direct Debit,0,0
8985,2933,2025-05-11,5,CMP0042,Cheque,0,0
8736,2856,2024-11-29,20,CMP0141,Direct Debit,0,0
6153,2014,2024-08-20,10,CMP0060,Standing Order,1,0
9709,3172,2021-12-20,5,CMP0026,Direct Debit,0,0
5901,1934,2024-10-04,5,CMP0170,Standing Order,0,0
703,222,2020-10-19,100,CMP0188,Cheque,1,0
7122,2327,2024-05-02,5,CMP0021,Direct Debit,0,0
11885,3857,2022-05-06,40,CMP0048,Direct Debit,0,0
2480,841,2020-11-27,10,CMP0030,Online,0,0
1479,494,2026-03-09,500,CMP0097,Direct Debit,1,0
2461,831,2024-12-22,100,CMP0149,Card,0,0
11271,3642,2019-10-17,5,CMP0102,Cash,1,0
11211,3624,2023-10-20,15.0,CMP0129,Cash,0,0
11924,3869,2020-06-17,50,CMP0149,Direct Debit,1,0
1185,388,2023-02-17,100,CMP0111,Direct Debit,0,0
7187,2349,2021-11-14,100,CMP0015,Cheque,0,0
9635,3143,2026-06-24,375.0,CMP0045,Card,1,0
656,205,2023-07-25,10,CMP0113,Direct Debit,0,0
11625,3741,2022-07-02,100,CMP0118,Cheque,1,0
4632,1545,2020-09-16,50,CMP0102,Online,0,0
3838,1286,2024-03-12,500,CMP0076,Card,0,0
1573,528,2024-09-16,22.5,CMP0187,Standing Order,0,0
5432,1793,2024-05-24,500,CMP0037,Cheque,1,0
7394,2414,2023-11-15,15.0,CMP0170,Standing Order,1,0
7588,2481,2024-03-03,5,CMP0116,Standing Order,1,0
5120,1698,2023-04-06,5,CMP0055,Cash,0,0
2769,943,2022-01-17,20,CMP0098,Online,0,0
5536,1822,2020-12-29,50,CMP0118,Online,0,0
3433,1148,2025-12-30,10,CMP0005,Direct Debit,0,0
6501,98745,2026-01-28,250,CMP0085,Direct Debit,0,0
6913,2270,2026-04-21,50,CMP0170,Online,0,0
3674,1230,2018-04-14,40,CMP0178,Cheque,0,0
5995,1960,2024-07-19,250,CMP0097,Standing Order,1,0
4822,1604,2025-05-26,250,CMP0012,Direct Debit,0,0
7690,2509,2021-02-15,250,CMP0007,Card,0,0
8688,2835,2024-12-08,100,CMP0009,Online,1,0
8706,2849,2019-02-10,250,CMP0056,Cheque,1,0
2929,1000,2025-01-28,25,CMP0058,Online,1,0
2010,671,2023-07-07,10,CMP0129,Cheque,1,0
6326,2089,2019-11-13,5,CMP0115,Standing Order,0,0
3360,1127,2022-01-22,7.5,CMP0046,Standing Order,1,0
3654,1224,2025-10-02,20,CMP0031,Cash,0,0
6230,2049,2021-08-20,10,CMP0163,Cash,0,0
10064,3291,2022-11-18,40,CMP0177,Cheque,0,0
3506,1172,2022-11-27,100,CMP0170,Card,0,0
12338,3733,2026-02-09,7.5,CMP0175,Online,0,0
5988,1960,2024-06-06,50,CMP0160,Card,1,0
7553,2470,2024-04-12,15,CMP0064,Direct Debit,0,0
11309,3654,2025-08-06,10,CMP0141,Cash,0,0
10314,3368,2022-07-17,250,CMP0023,Online,1,0
1255,412,2026-08-17,50,CMP0143,Card,1,0
11028,3578,2023-07-03,15,CMP0167,Cheque,1,0
2647,892,2023-08-10,100,CMP0001,Cheque,1,0
2389,814,2018-08-21,20,CMP0089,Standing Order,0,0
893,298,2026-04-18,5,CMP0075,Direct Debit,0,0
6024,1972,2023-02-08,50,CMP0096,Direct Debit,0,0
12337,1676,2026-03-11,500,CMP0008,Direct Debit,1,0
9508,3103,2022-04-04,375.0,CMP0049,Card,0,0
2777,948,2021-01-21,500,CMP0074,Standing Order,0,0
6561,2172,2024-11-01,500,CMP0062,Online,1,0
10494,3417,2026-05-13,10,CMP0142,Cash,1,0
6187,2036,2026-03-22,30,CMP0034,Card,1,0
11198,3621,2021-09-23,100,CMP0064,Online,1,0
9110,2974,2022-06-04,15,CMP0066,Direct Debit,0,0
5515,1818,2021-12-20,25,CMP0184,Cash,0,0
10495,3417,2024-02-06,50,CMP0015,Direct Debit,1,0
3700,1244,2023-11-02,5,CMP0192,Standing Order,1,0
4148,1374,2024-01-12,10,CMP0010,Standing Order,0,0
9585,3128,2023-01-02,40,CMP0038,Cash,0,0
10239,3344,2026-05-12,100,CMP0176,Direct Debit,0,0
1097,363,2025-12-01,100,CMP0152,Cheque,0,0
8917,2910,2021-01-03,100,CMP0136,Standing Order,0,0
4427,1472,2021-01-17,250,CMP0015,Direct Debit,0,0
8966,2930,2022-03-13,250,CMP0161,Card,0,0
4847,1609,2022-11-06,200,CMP0087,Online,1,0
3842,1286,2018-02-06,5,CMP0113,Online,1,0
7639,2494,2022-01-10,30,CMP0176,Cash,1,0
4364,1446,2018-05-14,50,CMP0025,Card,0,0
2502,849,2023-08-07,5,CMP0028,Direct Debit,1,0
2166,727,2025-06-21,15,CMP0059,Cash,1,0
4845,1609,2023-06-13,5,CMP0118,Cheque,0,0
3507,1172,2021-10-13,50,CMP0135,Cheque,1,0
7819,2552,2024-01-26,250,CMP0062,Card,0,0
10980,3563,2019-06-17,5,CMP0012,Direct Debit,1,0
6477,2138,2018-03-26,20,CMP0045,Cheque,0,0
11284,3645,2026-05-16,20,CMP0051,Card,0,0
9541,3117,2025-12-19,75.0,CMP0100,Cash,1,0
10096,3307,2026-04-23,15.0,CMP0090,Online,1,0
7545,2469,2024-05-03,15,CMP0002,Cash,0,0
4077,1356,2025-04-07,20,CMP0127,Online,0,0
3017,1023,2026-01-24,50,CMP0092,Cheque,0,0
9890,3231,2023-02-27,25,CMP0084,Card,0,0
9936,3250,2023-05-13,10,CMP0037,Card,0,0
886,292,2026-02-18,30,CMP0039,Cash,1,0
5157,1705,2024-10-15,20,CMP0153,Direct Debit,1,0
2669,901,2025-04-04,22.5,CMP0026,Cash,0,0
5088,1686,2026-01-08,37.5,CMP0174,Standing Order,1,0
11555,3727,2024-07-30,250,CMP0058,Cheque,1,0
9223,3009,2025-07-07,5,CMP0016,Card,0,0
11519,3721,2025-09-10,50,CMP0102,Online,0,0
11401,3677,2025-02-11,50,CMP0006,Cheque,0,0
3524,1178,2022-12-31,250,CMP0078,Online,0,0
11588,3732,2024-05-16,250,CMP0043,Standing Order,0,0
8853,2892,2023-12-14,7.5,CMP0079,Standing Order,1,0
3791,1271,2021-10-11,30.0,CMP0062,Cheque,1,0
6749,2222,2025-07-19,50,CMP0034,Cash,1,0
364,117,2025-10-04,40,CMP0132,Cash,0,0
518,161,2025-12-06,150.0,CMP0099,Online,1,0
9158,2990,2024-11-01,100,CMP0041,Cheque,0,0
1509,508,2020-11-19,500,CMP0181,Online,0,0
4011,1339,2021-11-09,100,CMP0119,Online,1,0
3727,1250,2024-04-04,100,CMP0160,Cash,1,0
5301,1755,2023-07-21,10,CMP0135,Direct Debit,1,0
1593,538,2025-05-23,20,CMP0101,Card,0,0
2291,775,2022-11-29,10,CMP0054,Cheque,1,0
4848,1609,2023-10-19,22.5,CMP0156,Direct Debit,0,0
4849,1609,2021-12-04,20,CMP0179,Card,0,0
4941,1638,2024-01-16,15,CMP0020,Direct Debit,1,0
5996,1962,2019-08-30,50,CMP0161,Online,0,0
9383,3062,2025-05-22,100,CMP0174,Online,0,0
8946,2926,2024-05-04,375.0,CMP0124,Cash,0,0
1451,483,2023-03-09,75.0,CMP0033,Standing Order,0,0
603,195,2025-09-22,375.0,CMP0186,Cash,0,0
1499,505,2026-05-22,37.5,CMP0143,Direct Debit,0,0
4574,1522,2023-08-09,15.0,CMP0176,Cheque,1,0
1546,521,2023-12-14,250,CMP0032,Card,1,0
12006,3902,2026-02-03,37.5,CMP0048,Card,1,0
5812,1905,2026-06-02,15,CMP0180,Standing Order,1,0
8485,2766,2019-06-11,100,CMP0152,Card,0,0
10870,3533,2025-12-02,10,CMP0109,Cash,0,0
10470,3411,2024-03-05,15.0,CMP0141,Cash,1,0
8796,2872,2025-11-02,100,CMP0087,Online,1,0
11357,3664,2024-09-22,15,CMP0157,Cheque,0,0
9743,3183,2025-08-02,50,CMP0179,Online,1,0
420,137,2024-09-07,5,CMP0075,Direct Debit,0,0
6548,2166,2025-08-04,15,CMP0085,Standing Order,1,0
3728,1250,2025-07-30,37.5,CMP0087,Standing Order,1,0
655,205,2025-03-12,250,CMP0072,Card,0,0
3679,1230,2023-03-02,10,CMP0188,Standing Order,1,0
3442,1154,2025-01-03,10,CMP0158,Standing Order,1,0
10824,3517,2020-05-22,250,CMP0182,Card,0,0
3290,1105,2021-02-03,20,CMP0106,Cash,1,0
2628,886,2023-04-09,22.5,CMP0146,Cheque,0,0
11246,3633,2026-06-26,25,CMP0177,Online,0,0
3905,1308,2024-05-18,40,CMP0180,Standing Order,1,0
7474,2441,2025-02-12,40,CMP0125,Direct Debit,0,0
8420,2747,2017-05-24,20,CMP0186,Cheque,1,0
10102,3309,2026-07-10,10,CMP0127,Card,0,0
6814,2240,2025-08-17,15,CMP0007,Online,1,0
10129,3319,2025-12-19,20,CMP0130,Card,1,0
9133,2980,2024-07-22,25,CMP0108,Online,0,0
11061,3584,2020-11-27,250,CMP0017,Direct Debit,1,0
11844,3847,2019-07-25,25,CMP0031,Cash,0,0
7823,2552,2022-09-02,100,CMP0080,Cash,0,0
840,277,2025-10-11,250,CMP0066,Cash,1,0
6183,2033,2026-05-16,375.0,CMP0133,Standing Order,0,0
178,51,2024-08-14,375.0,CMP0187,Standing Order,0,0
12075,3933,2023-08-19,50,CMP0135,Direct Debit,1,0
4379,1451,2026-02-05,15.0,CMP0089,Card,0,0
11126,3598,2022-04-24,250,CMP0121,Online,0,0
11096,3589,2024-01-31,250,CMP0025,Online,0,0
6287,2071,2026-04-03,5,CMP0074,Cheque,0,0
3709,1247,2023-07-23,250,CMP0173,Standing Order,1,0
3101,1049,2024-02-03,10,CMP0173,Direct Debit,1,0
6200,2040,2026-07-05,30,CMP0192,Direct Debit,1,0
1172,386,2020-07-29,40,CMP0144,Cheque,1,0
1009,335,2021-05-27,10,CMP0187,Cheque,0,0
5400,1785,2022-09-22,40,CMP0005,Cash,1,0
5632,1846,2026-04-23,200,CMP0108,Card,1,0
1863,626,2021-07-30,10,CMP0001,Cheque,0,0
2332,799,2025-01-22,250,CMP0105,Cash,0,0
5068,1680,2025-01-31,37.5,CMP0070,Cheque,0,0
7683,2508,2024-12-20,30,CMP0129,Online,0,0
2675,903,2019-01-05,20,CMP0027,Cash,1,1
4167,1380,2021-05-12,75.0,CMP0067,Card,1,0
4959,1643,2025-07-31,20,CMP0095,Online,1,0
8460,2757,2025-02-09,50,CMP0078,Cheque,0,0
6993,2292,2021-07-21,37.5,CMP0073,Cash,0,0
6885,2258,2026-02-09,25,CMP0127,Standing Order,0,0
5600,1837,2023-09-10,500,CMP0047,Cash,1,0
7118,2326,2026-04-06,250,CMP0072,Online,1,0
7935,2582,2023-03-19,20,CMP0093,Card,1,0
8763,2866,2022-11-09,250,CMP0066,Direct Debit,1,0
8466,2761,2024-01-29,20,CMP0065,Cheque,1,0
6277,2065,2021-12-20,15,CMP0021,Standing Order,1,0
6244,2051,2024-12-28,50,CMP0115,Cheque,0,0
4683,1565,2024-07-23,5,CMP0167,Cash,0,0
4079,1357,2022-08-30,15,CMP0010,Cash,0,0
11319,3656,2024-02-01,20,CMP0134,Cash,0,0
11779,3813,2026-06-21,50,CMP0099,Standing Order,0,0
11623,3740,2024-08-11,15,CMP0079,Cheque,1,0
11531,3724,2021-07-30,150.0,CMP0098,Online,1,0
843,278,2025-09-07,250,CMP0031,Cash,1,0
2162,724,2024-09-13,100,CMP0071,Cheque,1,0
5697,1870,2023-09-24,100,CMP0165,Cash,1,0
2154,719,2023-04-06,10,CMP0017,Cheque,0,0
267,80,2024-07-03,20,CMP0008,Cash,0,0
6091,1991,2022-07-24,100,CMP0064,Cash,1,0
1199,393,2020-09-21,100,CMP0164,Cash,0,0
8939,2922,2024-12-02,5,CMP0007,Card,0,0
2158,719,2021-05-04,40,CMP0060,Standing Order,0,0
841,277,2024-08-30,100,CMP0178,Cash,0,0
3293,1105,2020-11-08,10,CMP0172,Online,1,0
3233,1086,2020-03-15,5,CMP0118,Online,0,0
12364,3053,2025-07-02,40,CMP0024,Cheque,0,0
3555,1193,2026-06-12,20,CMP0144,Standing Order,1,0
10961,3552,2025-09-24,20,CMP0180,Cash,1,0
10227,3341,2021-06-01,50,CMP0056,Standing Order,1,0
177,50,2025-08-21,50,CMP0148,Cash,1,0
3897,1305,2023-10-23,250,CMP0033,Cheque,1,0
2866,977,2019-02-03,15,CMP0086,Card,1,0
7435,2427,2024-01-17,10,CMP0120,Card,1,0
11079,3587,2019-09-14,200,CMP0092,Online,0,0
1371,447,2025-06-20,10,CMP0185,Cheque,1,0
7183,2345,2022-06-10,200,CMP0097,Direct Debit,0,0
8324,2720,2021-08-04,40,CMP0113,Direct Debit,0,0
275,80,2026-07-10,22.5,CMP0108,Direct Debit,1,0
2123,708,2025-08-21,15,CMP0174,Card,1,0
11067,3585,2024-07-11,20,CMP0152,Direct Debit,1,0
4579,1527,2022-09-30,150.0,CMP0188,Cheque,0,0
4490,1495,2026-03-11,75.0,CMP0121,Cheque,1,0
1801,603,2021-09-22,50,CMP0126,Online,0,0
44,11,2024-09-07,10,CMP0104,Direct Debit,0,0
7952,2590,2023-11-07,5,CMP0119,Standing Order,1,1
10641,3472,2023-02-28,100,CMP0136,Standing Order,1,0
4058,1351,2021-02-23,250,CMP0146,Cheque,0,0
5576,1835,2026-05-16,50,CMP0138,Online,1,0
2658,896,2022-08-27,37.5,CMP0067,Cash,0,0
2568,865,2026-03-29,30.0,CMP0049,Online,1,0
11418,3683,2021-06-08,20,CMP0052,Direct Debit,0,0
5,1,2023-01-18,20,CMP0098,Online,1,0
432,140,2025-06-19,375.0,CMP0160,Cash,0,0
2129,712,2023-03-09,100,CMP0189,Standing Order,1,0
9070,2959,2020-06-25,5,CMP0064,Online,0,0
8513,2775,2020-08-25,20,CMP0039,Direct Debit,0,0
10280,3363,2024-06-08,250,CMP0106,Direct Debit,0,0
1151,383,2026-08-03,5,CMP0142,Online,1,0
9517,3107,2026-06-14,15,CMP0007,Direct Debit,1,0
1477,493,2024-04-13,5,CMP0092,Standing Order,0,0
8607,2807,2022-04-22,375.0,CMP0175,Card,0,0
3772,1265,2024-06-05,50,CMP0113,Direct Debit,0,0
4369,1448,2023-01-22,25,CMP0149,Cheque,0,0
10548,3440,2024-10-24,250,CMP0023,Cheque,0,0
2022,674,2023-03-12,25,CMP0146,Card,1,0
10919,3545,2025-09-15,10,CMP0019,Cheque,1,0
11206,3623,2025-07-31,5,CMP0078,Direct Debit,1,1
3202,1075,2024-04-01,20,CMP0041,Online,1,0
4666,1561,2025-04-12,375.0,CMP0115,Online,1,0
8630,2819,2024-06-26,200,CMP0017,Standing Order,1,0
2049,683,2026-01-06,10,CMP0006,Cash,1,0
1722,582,2022-02-11,15,CMP0174,Cheque,0,0
6204,2042,2023-07-21,50,CMP0074,Cash,1,0
8036,2620,2022-08-24,50,CMP0147,Cash,0,0
11105,3592,2024-11-19,200,CMP0055,Online,1,0
1051,347,2018-11-03,30,CMP0164,Direct Debit,0,0
434,140,2022-05-02,100,CMP0044,Cash,1,0
6035,1975,2022-07-03,250,CMP0186,Card,0,0
1012,336,2025-02-20,375.0,CMP0064,Online,1,0
9505,3103,2019-09-15,20,CMP0007,Cheque,0,0
6632,2188,2022-05-25,5,CMP0187,Direct Debit,0,0
8308,2714,2024-02-16,5,CMP0099,Cash,1,0
6380,2105,2024-10-19,10,CMP0117,Direct Debit,0,0
10079,3298,2024-02-08,15.0,CMP0096,Direct Debit,0,0
74,25,2020-11-22,15.0,CMP0125,Online,0,0
11783,3814,2023-05-03,100,CMP0063,Cheque,1,0
707,222,2024-06-11,37.5,CMP0081,Card,1,0
9636,3143,2022-03-17,37.5,CMP0188,Online,0,0
9684,3166,2022-11-19,7.5,CMP0032,Direct Debit,0,0
3231,1086,2022-12-01,25,CMP0064,Direct Debit,1,0
3522,1176,2025-09-11,50,CMP0082,Cheque,0,0
7024,2301,2025-08-30,20,CMP0104,Direct Debit,0,0
3817,1283,2026-04-03,375.0,CMP0056,Cheque,1,0
6048,1978,2025-04-10,100,CMP0048,Standing Order,1,0
7027,2301,2024-04-21,5,CMP0096,Cheque,0,0
11799,3824,2024-10-17,150.0,CMP0126,Online,1,0
4763,1588,2025-11-20,75.0,CMP0174,Direct Debit,1,0
5876,1926,2024-04-14,500,CMP0069,Card,0,1
10149,3320,2023-12-12,10,CMP0079,Card,1,0
7919,2580,2023-10-21,15,CMP0176,Standing Order,0,0
9948,3255,2024-03-23,15.0,CMP0066,Card,0,0
6740,2218,2025-02-02,100,CMP0130,Cash,0,0
10323,3370,2022-08-27,10,CMP0007,Card,0,0
8008,2609,2023-08-09,25,CMP0164,Cheque,1,0
5821,1909,2021-09-16,100,CMP0039,Standing Order,1,0
4892,1629,2025-09-23,5,CMP0184,Card,1,0
11642,3748,2025-04-02,250,CMP0155,Online,0,0
8959,2929,2020-10-02,75.0,CMP0056,Standing Order,0,0
10248,3347,2026-03-20,40,CMP0008,Cheque,1,0
476,151,2025-04-01,5,CMP0153,Card,1,0
878,290,2025-12-17,20,CMP0189,Card,0,0
4802,1600,2023-06-01,25,CMP0018,Standing Order,0,0
11841,3847,2022-06-27,10,CMP0027,Online,1,0
5691,1866,2025-05-25,20,CMP0081,Card,0,0
8574,2793,2026-02-21,100,CMP0068,Card,0,0
11936,3873,2019-01-11,50,CMP0175,Online,0,0
3157,1064,2025-04-16,25,CMP0183,Cash,0,0
2640,890,2023-07-30,100,CMP0041,Standing Order,1,0
260,78,2026-08-11,37.5,CMP0116,Standing Order,0,0
1619,545,2024-04-21,20,CMP0024,Direct Debit,0,0
6816,2241,2023-05-21,100,CMP0118,Cheque,1,0
5658,1858,2023-10-29,37.5,CMP0175,Online,1,0
6129,1999,2022-12-08,100,CMP0120,Cash,0,0
10240,3346,2022-10-10,100,CMP0004,Cheque,1,0
1884,630,2023-08-05,100,CMP0133,Standing Order,0,0
9607,3138,2022-06-19,100,CMP0189,Direct Debit,0,0
5124,1700,2024-06-21,10,CMP0011,Card,1,0
8761,2866,2020-05-02,100,CMP0036,Card,0,0
10397,3390,2026-01-13,375.0,CMP0126,Online,1,0
11366,3668,2024-11-04,20,CMP0094,Standing Order,0,0
12305,4007,2023-08-01,20,CMP0136,Online,0,0
1996,668,2020-05-05,100,CMP0044,Standing Order,1,0
9808,3199,2026-03-26,250,CMP0015,Cash,0,0
5563,1832,2024-01-03,100,CMP0126,Cash,1,0
2690,911,2026-03-16,37.5,CMP0015,Standing Order,0,0
9668,3158,2023-03-30,5,CMP0182,Card,1,0
5852,1918,2024-08-28,10,CMP0026,Cheque,1,0
6361,2094,2023-12-11,22.5,CMP0051,Standing Order,1,0
3304,1108,2024-04-16,10,CMP0145,Standing Order,1,0
11735,3793,2021-03-19,100,CMP0180,Direct Debit,1,0
9989,3267,2026-02-09,250,CMP0171,Card,0,0
371,117,2020-02-28,15,CMP0108,Direct Debit,1,0
8915,2910,2020-07-08,20,CMP0060,Cheque,1,0
7926,2582,2022-02-20,200,CMP0075,Online,0,0
9550,3117,2025-02-22,20,CMP0061,Online,1,0
88,25,2024-12-30,25,CMP0072,Cash,1,0
2601,881,2026-07-11,250,CMP0091,Cheque,0,0
2137,714,2023-08-07,250,CMP0113,Standing Order,1,0
11542,3726,2025-11-03,10,CMP0178,Card,0,0
9553,3120,2021-07-02,25,CMP0106,Cash,0,0
8247,2693,2024-08-18,30.0,CMP0182,Online,0,0
6333,2090,2025-10-31,50,CMP0120,Direct Debit,1,0
2472,835,2021-05-01,15,CMP0012,Direct Debit,1,0
6608,2181,2022-09-05,40,CMP0081,Direct Debit,1,0
78,25,2019-10-13,10,CMP0116,Direct Debit,1,0
3774,1265,2023-01-01,250,CMP0012,Online,0,0
3694,1242,2026-01-21,75.0,CMP0147,Cash,1,0
4114,1364,2021-04-10,50,CMP0093,Direct Debit,1,0
4521,1504,2025-09-24,25,CMP0022,Direct Debit,1,0
8047,2625,2024-11-16,30,CMP0107,Online,1,0
1280,420,2025-01-05,10,CMP0060,Direct Debit,0,0
11416,3682,2023-12-09,250,CMP0032,Cash,0,0
7031,2302,2025-12-23,75.0,CMP0091,Cheque,0,0
8060,2628,2026-01-20,30.0,CMP0009,Standing Order,0,0
10687,3484,2022-10-18,25,CMP0135,Direct Debit,0,0
4195,1393,2025-09-03,100,CMP0154,Cash,0,0
2870,978,2024-02-01,50,CMP0079,Direct Debit,1,0
5179,1713,2022-11-18,20,CMP0062,Online,0,0
4357,1444,2025-05-20,10,CMP0148,Cheque,1,0
5467,1799,2025-12-06,30.0,CMP0015,Online,0,0
10049,3289,2024-11-27,100,CMP0174,Standing Order,0,0
4856,1609,2020-06-19,10,CMP0145,Card,0,0
5597,1837,2026-02-13,250,CMP0152,Standing Order,1,0
8875,2898,2023-08-06,7.5,CMP0131,Cheque,0,0
11740,3795,2023-05-09,5,CMP0027,Direct Debit,1,0
11700,3777,2022-10-13,100,CMP0189,Direct Debit,1,0
10384,3385,2026-01-14,15,CMP0002,Cash,0,0
2030,674,2023-11-13,25,CMP0085,Standing Order,0,0
1334,438,2024-08-28,20,CMP0114,Cheque,1,0
6120,1996,2023-05-25,7.5,CMP0134,Online,1,0
3890,1304,2025-01-16,20,CMP0117,Card,1,0
6368,2100,2026-05-16,15.0,CMP0014,Card,1,0
3179,1069,2023-03-13,50,CMP0159,Standing Order,1,0
4836,1606,2020-12-04,20,CMP0075,Standing Order,0,0
3547,1186,2026-06-05,375.0,CMP0176,Standing Order,1,0
3874,1299,2021-03-27,25,CMP0065,Cheque,1,0
9185,2997,2024-06-11,75.0,CMP0039,Direct Debit,0,0
5929,1940,2022-03-11,20,CMP0080,Online,0,0
11517,3719,2025-12-05,20,CMP0002,Direct Debit,0,0
9745,3184,2024-07-10,100,CMP0054,Standing Order,0,0
1836,620,2024-12-31,22.5,CMP0103,Cheque,0,0
7677,2507,2024-03-28,20,CMP0074,Cash,1,0
8629,2819,2021-11-16,7.5,CMP0047,Direct Debit,1,0
11516,3719,2025-07-17,5,CMP0191,Card,0,0
11916,3869,2022-03-23,30.0,CMP0178,Standing Order,0,0
9301,3037,2025-03-02,250,CMP0180,Standing Order,0,0
11999,3899,2026-04-24,5,CMP0156,Card,1,0
6116,1996,2022-06-28,10,CMP0045,Direct Debit,0,0
7126,2329,2019-03-03,22.5,CMP0043,Cheque,0,0
6132,1999,2021-12-14,375.0,CMP0156,Card,1,0
9417,3071,2026-07-21,15,CMP0011,Card,1,0
5841,1917,2022-05-17,30,CMP0153,Card,0,0
2392,815,2020-01-20,500,CMP0181,Direct Debit,1,0
2610,882,2023-09-24,37.5,CMP0126,Cash,1,0
1178,388,2024-01-12,30.0,CMP0034,Card,1,0
11010,3570,2024-03-23,25,CMP0065,Standing Order,1,0
5423,1790,2025-07-05,22.5,CMP0082,Standing Order,1,0
10865,3530,2025-06-04,100,CMP0186,Online,0,0
143,43,2025-05-31,375.0,CMP0187,Cheque,0,0
10144,3320,2020-01-26,200,CMP0004,Card,0,0
10649,3474,2023-04-11,7.5,CMP0062,Standing Order,0,0
1727,582,2020-05-19,5,CMP0037,Cheque,1,0
6334,2090,2022-12-02,15,CMP0141,Cheque,1,0
7387,2411,2025-12-25,50,CMP0169,Card,1,0
10975,3561,2024-05-19,10,CMP0174,Card,0,0
3707,1247,2021-11-05,20,CMP0159,Card,0,0
1449,483,2019-08-03,22.5,CMP0086,Online,0,0
5365,1772,2024-11-20,5,CMP0090,Online,0,0
10819,3516,2026-06-19,30,CMP0030,Direct Debit,1,0
301,89,2024-06-29,50,CMP0036,Online,1,0
2834,966,2025-11-11,20,CMP0112,Card,1,0
11491,3709,2025-02-05,5,CMP0145,Online,0,0
289,83,2025-04-28,20,CMP0128,Cash,1,0
10999,3566,2025-09-23,100,CMP0080,Direct Debit,0,0
10488,3415,2026-05-17,50,CMP0168,Online,0,0
7745,2531,2018-09-15,250,CMP0113,Cheque,1,0
1073,355,2025-10-23,20,CMP0159,Cash,1,0
7114,2325,2025-11-18,7.5,CMP0047,Online,0,0
6071,1986,2023-12-15,5,CMP0065,Cheque,1,0
3574,1198,2023-06-24,15.0,CMP0191,Standing Order,0,0
1406,470,2026-01-29,150.0,CMP0049,Online,0,0
830,276,2022-06-15,30,CMP0107,Cheque,0,0
6871,2256,2024-12-27,30.0,CMP0035,Cash,0,0
12111,3942,2024-04-18,5,CMP0133,Cheque,0,0
8531,2781,2021-04-19,250,CMP0158,Standing Order,1,0
3473,1161,2026-04-29,7.5,CMP0086,Cheque,0,0
9452,3083,2023-08-25,20,CMP0086,Standing Order,1,0
2336,799,2024-03-03,10,CMP0090,Cash,1,0
11180,3619,2022-01-06,30.0,CMP0133,Cheque,0,0
8813,2876,2025-10-19,30,CMP0026,Cheque,1,0
3754,1260,2020-09-05,100,CMP0012,Standing Order,1,0
8405,2744,2022-11-07,50,CMP0072,Cheque,0,0
9097,2964,2025-11-20,50,CMP0176,Online,0,0
1352,443,2025-11-18,25,CMP0162,Cash,0,0
3214,1080,2022-03-07,500,CMP0059,Cash,0,0
11169,3613,2022-05-25,100,CMP0012,Standing Order,1,0
9350,3052,2022-09-30,100,CMP0112,Direct Debit,1,0
4301,1422,2024-09-27,20,CMP0067,Card,0,0
50,17,2020-08-31,375.0,CMP0120,Card,1,0
1673,564,2026-07-10,30,CMP0066,Cheque,0,0
9488,3097,2019-03-14,75.0,CMP0015,Direct Debit,1,0
4685,1565,2024-03-21,37.5,CMP0028,Cheque,1,0
700,222,2021-12-30,75.0,CMP0058,Cheque,0,0
5353,1767,2021-11-10,50,CMP0148,Card,0,0
5328,1761,2024-05-01,25,CMP0123,Standing Order,1,0
3015,1020,2024-06-05,250,CMP0081,Direct Debit,0,0
9360,3056,2024-10-08,5,CMP0022,Direct Debit,0,0
3269,1099,2022-05-05,40,CMP0134,Direct Debit,0,0
7502,2450,2023-11-20,50,CMP0175,Direct Debit,0,0
5774,1895,2020-03-30,50,CMP0185,Card,0,0
9300,3037,2023-03-19,25,CMP0035,Standing Order,1,0
6755,2224,2023-02-28,20,CMP0151,Online,1,0
12353,1398,2023-08-13,10,CMP0018,Cash,0,0
10273,3358,2023-08-08,15.0,CMP0006,Cash,1,0
5755,1890,2021-11-30,10,CMP0066,Online,1,0
7131,2331,2023-01-20,30.0,CMP0112,Online,0,0
1452,483,2023-10-05,22.5,CMP0058,Standing Order,1,0
6303,2075,2026-05-12,50,CMP0054,Card,1,0
3185,1071,2026-02-23,20,CMP0040,Card,0,0
9365,3056,2022-01-14,30.0,CMP0124,Cheque,0,0
5684,1865,2021-07-22,10,CMP0187,Cheque,0,0
5617,1841,2022-02-08,10,CMP0173,Standing Order,1,0
1338,438,2026-04-21,5,CMP0040,Direct Debit,0,0
7780,2543,2026-07-31,22.5,CMP0061,Cash,0,0
348,109,2025-02-02,150.0,CMP0025,Cash,0,0
6399,2113,2025-03-05,50,CMP0076,Standing Order,0,0
4912,1633,2025-02-17,20,CMP0058,Card,1,0
12242,3983,2025-10-28,50,CMP0047,Standing Order,1,0
10347,3376,2022-01-03,5,CMP0167,Online,0,0
10897,3542,2025-05-17,5,CMP0086,Cash,0,0
11520,3721,2024-12-23,200,CMP0117,Cash,0,0
6142,2003,2023-05-15,30.0,CMP0104,Cash,1,0
2371,810,2021-06-18,15,CMP0152,Cheque,1,0
3370,1129,2021-11-22,5,CMP0163,Standing Order,0,0
17,3,2020-02-06,10,CMP0164,Online,0,0
10607,3460,2023-03-05,10,CMP0010,Cash,1,0
7125,2329,2021-02-24,30.0,CMP0052,Cash,1,0
5178,1713,2023-01-21,20,CMP0121,Online,0,0
1605,543,2024-04-07,30.0,CMP0157,Card,0,0
4117,1364,2021-10-27,5,CMP0018,Card,1,0
3914,1309,2026-08-16,250,CMP0109,Cash,1,0
11137,3601,2024-02-05,5,CMP0056,Standing Order,0,0
4019,1341,2023-05-23,15,CMP0044,Online,0,0
8771,2870,2019-08-25,15,CMP0010,Online,1,0
9245,3017,2025-10-19,15,CMP0056,Standing Order,1,0
2968,1009,2023-01-25,7.5,CMP0161,Direct Debit,0,0
6931,2275,2021-03-01,100,CMP0073,Cheque,1,0
12288,4000,2024-08-13,5,CMP0049,Cash,1,0
5700,1870,2023-06-19,50,CMP0083,Card,1,0
7124,2327,2024-01-16,100,CMP0045,Cheque,0,0
8727,2851,2024-09-24,15,CMP0176,Standing Order,1,0
3047,1033,2025-01-12,50,CMP0055,Standing Order,0,0
4681,1565,2024-05-30,10,CMP0048,Direct Debit,0,0
9851,3213,2026-04-13,15,CMP0084,Standing Order,0,0
3726,1249,2020-10-29,100,CMP0127,Cheque,0,0
6229,2049,2020-11-29,5,CMP0103,Online,0,0
9548,3117,2025-06-21,25,CMP0156,Standing Order,0,0
7070,2314,2020-10-17,15.0,CMP0156,Cash,0,0
5468,1801,2026-07-15,30,CMP0036,Standing Order,1,0
9419,3071,2025-05-05,50,CMP0054,Standing Order,1,0
4296,1422,2026-04-01,20,CMP0161,Cheque,1,0
8804,2874,2026-07-18,15,CMP0008,Card,1,0
2096,694,2026-04-26,10,CMP0047,Direct Debit,0,0
7302,2382,2023-04-22,40,CMP0033,Cash,1,0
8865,2897,2021-11-20,200,CMP0032,Standing Order,1,0
401,130,2026-04-16,10,CMP0072,Cheque,1,0
2168,727,2022-07-25,25,CMP0071,Cash,1,0
3408,1141,2017-12-23,50,CMP0186,Online,0,0
7294,2379,2025-04-21,20,CMP0169,Card,1,0
4865,1616,2023-03-17,150.0,CMP0116,Online,0,0
7168,2343,2025-12-16,20,CMP0150,Direct Debit,0,0
9194,2999,2017-12-06,20,CMP0046,Online,0,0
6874,2256,2020-02-07,200,CMP0037,Cheque,0,0
2920,999,2017-06-23,75.0,CMP0022,Card,0,0
934,314,2025-05-23,50,CMP0175,Online,1,0
6985,2290,2020-04-18,10,CMP0182,Card,1,0
9953,3256,2023-05-15,10,CMP0148,Online,1,0
11826,3834,2025-12-13,25,CMP0108,Card,1,0
10128,3318,2026-04-03,20,CMP0113,Direct Debit,0,0
8930,2919,2025-12-31,75.0,CMP0127,Online,1,0
9894,3231,2022-09-05,30,CMP0033,Standing Order,1,0
6576,2176,2025-04-19,5,CMP0027,Online,0,0
9598,3134,2025-04-15,10,CMP0183,Direct Debit,0,0
4475,1489,2026-02-09,20,CMP0120,Online,0,0
11968,3891,2026-08-03,30.0,CMP0111,Direct Debit,0,0
8640,2821,2024-10-16,150.0,CMP0007,Direct Debit,1,0
179,51,2024-05-21,15,CMP0063,Online,1,0
272,80,2026-04-09,7.5,CMP0031,Direct Debit,0,0
3080,1044,2018-08-08,250,CMP0085,Card,1,0
8155,2655,2024-09-17,375.0,CMP0142,Standing Order,1,0
6660,2198,2024-12-13,10,CMP0171,Card,1,0
4327,1432,2020-07-26,5,CMP0003,Card,0,0
10354,3376,2021-09-18,20,CMP0085,Standing Order,0,0
940,316,2024-10-07,10,CMP0170,Standing Order,0,0
2874,981,2025-09-30,37.5,CMP0140,Standing Order,0,0
3675,1230,2020-07-13,20,CMP0080,Standing Order,1,0
9979,3264,2024-02-26,10,CMP0046,Direct Debit,1,0
8690,2838,2023-09-06,500,CMP0048,Online,0,0
4987,1651,2017-07-27,25,CMP0104,Online,1,0
7937,2582,2023-12-09,500,CMP0055,Cash,1,0
9845,3211,2021-11-22,5,CMP0019,Cheque,0,0
3040,1030,2022-10-20,100,CMP0020,Direct Debit,0,0
4094,1359,2019-05-09,5,CMP0011,Cash,0,0
5875,1926,2018-12-08,5,CMP0028,Cash,0,0
577,186,2025-11-09,250,CMP0016,Cash,0,0
9124,2977,2026-06-11,250,CMP0108,Card,1,0
3384,92436,2024-08-14,10,CMP0156,Online,1,0
11422,3683,2023-02-22,20,CMP0091,Standing Order,0,0
