task_id,task_type,assigned_team,assigned_to,created_date,due_date,completed_date,status,priority
1,Gift Aid declaration,Fundraising Ops,agent_21,2026-04-17,2026-04-27,2026-05-08,Completed,Low
2,Complaint,Supporter Care,agent_02,2025-08-06,2025-08-11,2025-09-20,Completed,Low
3,Thank-you letter,Fundraising Ops,agent_13,2025-11-21,2025-11-23,2025-12-01,Completed,Low
4,Gift Aid declaration,Supporter Care,agent_16,2026-03-19,2026-04-08,,Blocked,Normal
5,Complaint,Supporter Care,agent_17,2026-03-03,2026-03-13,2026-04-14,Completed,Low
6,Swab kit dispatch,Supporter Care,agent_04,2026-01-18,2026-01-20,,Open,Normal
7,Swab kit dispatch,Fundraising Ops,agent_05,2025-09-17,2025-09-19,2025-09-20,Completed,Normal
8,Swab kit dispatch,Register Operations,agent_12,2026-01-19,2026-02-08,2026-01-24,Completed,Normal
9,Consent follow-up,Fundraising Ops,agent_07,2026-01-17,2026-02-06,2026-01-31,Completed,Normal
10,Swab kit dispatch,Register Operations,agent_12,2025-10-29,2025-11-18,2025-11-11,Completed,Low
11,Welcome pack,Supporter Care,agent_01,2025-08-30,2025-09-09,2025-09-22,Completed,Normal
12,Complaint,Supporter Care,agent_20,2025-12-08,2025-12-28,2026-01-25,Completed,Normal
13,Complaint,Supporter Care,agent_03,2025-10-23,2025-10-25,2025-11-13,Completed,Normal
14,Consent follow-up,Supporter Care,agent_21,2026-04-14,2026-04-19,2026-04-19,Completed,Urgent
15,Swab kit dispatch,Supporter Care,agent_09,2025-07-18,2025-08-07,2025-07-27,Completed,Normal
16,Gift Aid declaration,Fundraising Ops,agent_20,2025-04-28,2025-05-08,2025-05-17,Completed,Normal
17,Consent follow-up,Supporter Care,agent_20,2025-08-23,2025-08-25,2025-09-04,Completed,Normal
18,Consent follow-up,Supporter Care,agent_06,2025-07-25,2025-07-30,2025-08-29,Completed,Low
19,Welcome pack,Supporter Care,agent_22,2026-02-22,2026-02-24,2026-03-02,Completed,Low
20,Gift Aid declaration,Register Operations,agent_22,2026-01-02,2026-01-22,2026-01-24,Completed,Low
21,Welcome pack,Supporter Care,agent_07,2026-06-26,2026-07-16,2026-07-13,Completed,Normal
22,Complaint,Register Operations,agent_11,2025-09-10,2025-09-30,2025-10-19,Completed,Low
23,Thank-you letter,Register Operations,agent_23,2025-07-11,2025-07-31,2025-07-19,Completed,Normal
24,Swab kit dispatch,Register Operations,agent_02,2025-05-02,2025-05-04,2025-05-10,Completed,Normal
25,Consent follow-up,Register Operations,agent_18,2025-10-24,2025-11-03,2025-11-20,Completed,Normal
26,Welcome pack,Register Operations,agent_13,2025-08-18,2025-08-28,2025-08-18,Completed,Low
27,Complaint,Supporter Care,agent_19,2026-06-27,2026-07-07,,Open,Low
28,Address change,Supporter Care,agent_01,2026-02-25,2026-03-02,2026-03-11,Completed,Low
29,Thank-you letter,Supporter Care,agent_01,2025-03-30,2025-04-01,2025-04-11,Completed,High
30,Thank-you letter,Supporter Care,agent_14,2025-12-22,2026-01-11,2026-01-01,Completed,Low
31,Complaint,Register Operations,agent_19,2025-10-23,2025-11-02,2025-11-15,Completed,Normal
32,Welcome pack,Supporter Care,agent_10,2025-04-20,2025-04-25,2025-05-02,Completed,Normal
33,Complaint,Supporter Care,agent_13,2026-06-10,2026-06-15,2026-08-06,Completed,Normal
34,Consent follow-up,Fundraising Ops,agent_22,2026-06-03,2026-06-23,2026-06-25,Completed,Normal
35,Welcome pack,Fundraising Ops,agent_22,2025-09-13,2025-10-03,2025-09-29,Completed,Low
36,Data request,Register Operations,agent_23,2025-11-20,2025-11-30,2025-12-20,Completed,Normal
37,Complaint,Register Operations,agent_19,2025-06-13,2025-06-18,2025-07-31,Completed,Normal
38,Data request,Supporter Care,agent_26,2026-07-08,2026-07-13,,Open,High
39,Thank-you letter,Supporter Care,agent_03,2026-06-25,2026-06-27,2026-07-01,Completed,High
40,Data request,Fundraising Ops,agent_17,2025-04-25,2025-04-27,2025-05-14,Completed,Normal
41,Gift Aid declaration,Supporter Care,agent_26,2026-01-24,2026-02-13,2026-02-04,Completed,Normal
42,Welcome pack,Supporter Care,agent_15,2026-03-13,2026-04-02,2026-03-24,Completed,Normal
43,Welcome pack,Fundraising Ops,agent_11,2025-04-15,2025-04-20,2025-04-26,Completed,Normal
44,Welcome pack,Register Operations,agent_22,2025-07-24,2025-08-03,,In Progress,Low
45,Data request,Supporter Care,agent_20,2025-04-20,2025-04-30,2025-05-17,Complete,Normal
46,Thank-you letter,Fundraising Ops,agent_07,2025-06-23,2025-07-03,2025-06-25,Completed,Normal
47,Swab kit dispatch,Supporter Care,agent_16,2025-12-01,2025-12-21,,Blocked,High
48,Data request,Fundraising Ops,agent_17,2026-05-31,2026-06-20,2026-06-23,Completed,High
49,Address change,Supporter Care,agent_13,2025-10-18,2025-10-20,2025-10-25,Complete,High
50,Gift Aid declaration,Fundraising Ops,agent_01,2026-05-23,2026-05-25,2026-06-08,Completed,Normal
51,Data request,Supporter Care,agent_10,2025-10-06,2025-10-16,2025-11-03,Completed,High
52,Thank-you letter,Fundraising Ops,agent_03,2025-06-25,2025-07-15,2025-07-01,Completed,Normal
53,Complaint,Fundraising Ops,agent_04,2026-01-08,2026-01-28,2026-01-25,Completed,Low
54,Data request,Supporter Care,agent_15,2026-01-05,2026-01-15,2026-01-05,Completed,Urgent
55,Thank-you letter,Register Operations,agent_22,2026-02-28,2026-03-10,2026-03-11,Completed,High
56,Thank-you letter,Register Operations,agent_14,2025-08-31,2025-09-10,2025-09-04,Completed,Low
57,Address change,Register Operations,agent_02,2026-05-14,2026-05-19,2026-06-06,Completed,Low
58,Consent follow-up,Register Operations,agent_19,2025-12-07,2025-12-12,2025-12-07,Completed,Normal
59,Gift Aid declaration,Register Operations,agent_06,2025-12-25,2025-12-30,2026-01-11,Completed,Normal
60,Consent follow-up,Supporter Care,agent_17,2025-03-03,2025-03-05,2025-03-14,Completed,Normal
61,Swab kit dispatch,Fundraising Ops,agent_03,2026-04-03,2026-04-05,2026-04-08,Completed,High
62,Welcome pack,Fundraising Ops,agent_12,2026-07-18,2026-08-07,2026-07-29,Completed,Normal
63,Welcome pack,Fundraising Ops,agent_21,2025-02-24,2025-02-26,2025-03-13,Completed,Normal
64,Complaint,Register Operations,agent_10,2026-06-18,2026-06-23,,Blocked,Normal
65,Swab kit dispatch,Fundraising Ops,agent_11,2025-05-07,2025-05-12,2025-05-15,Completed,Low
66,Thank-you letter,Fundraising Ops,agent_10,2025-12-23,2026-01-12,2025-12-30,Completed,High
67,Welcome pack,Register Operations,agent_02,2026-08-10,2026-08-20,,Open,Urgent
68,Welcome pack,Register Operations,agent_05,2025-12-29,2026-01-08,2026-01-09,Completed,Normal
69,Address change,Supporter Care,agent_17,2026-01-09,2026-01-29,2026-01-17,Completed,Urgent
70,Thank-you letter,Register Operations,agent_16,2025-03-17,2025-04-06,2025-03-20,Completed,Normal
71,Complaint,Register Operations,agent_04,2026-03-20,2026-03-30,,In Progress,Normal
72,Consent follow-up,Register Operations,agent_18,2026-04-09,2026-04-14,2026-04-17,Completed,Normal
73,Welcome pack,Register Operations,agent_13,2026-08-08,2026-08-13,,In Progress,Normal
74,Address change,Fundraising Ops,agent_18,2025-06-13,2025-06-15,2025-06-23,Complete,Normal
75,Thank-you letter,Register Operations,agent_14,2025-06-06,2025-06-26,2025-06-10,Completed,Normal
76,Gift Aid declaration,Fundraising Ops,agent_17,2025-10-31,2025-11-10,2025-11-07,Completed,High
77,Consent follow-up,Fundraising Ops,agent_20,2025-11-23,2025-12-03,2025-12-23,Completed,High
78,Thank-you letter,Register Operations,agent_18,2025-10-31,2025-11-02,2025-11-16,Completed,High
79,Thank-you letter,Fundraising Ops,agent_09,2025-04-17,2025-04-22,2025-04-21,Completed,Low
80,Complaint,Supporter Care,agent_06,2026-02-08,2026-02-10,2026-03-13,Completed,Normal
81,Consent follow-up,Register Operations,agent_08,2026-08-03,2026-08-08,2026-08-09,Completed,Normal
82,Swab kit dispatch,Register Operations,agent_12,2025-06-29,2025-07-01,2025-07-07,Completed,Normal
83,Data request,Fundraising Ops,agent_16,2026-02-05,2026-02-07,2026-02-13,Completed,Normal
84,Address change,Supporter Care,agent_10,2025-09-19,2025-09-29,2025-10-04,Completed,Normal
85,Address change,Register Operations,agent_20,2025-08-15,2025-09-04,2025-08-18,Completed,High
86,Thank-you letter,Fundraising Ops,agent_05,2025-05-29,2025-06-03,2025-06-05,Completed,Normal
87,Gift Aid declaration,Fundraising Ops,agent_02,2026-04-13,2026-04-18,2026-05-17,Complete,Normal
88,Gift Aid declaration,Fundraising Ops,agent_11,2025-11-18,2025-12-08,2025-12-10,Completed,Normal
89,Address change,Register Operations,agent_12,2026-01-22,2026-02-01,2026-02-05,Completed,Normal
90,Welcome pack,Register Operations,agent_17,2026-01-17,2026-02-06,2026-02-02,Complete,Normal
91,Gift Aid declaration,Register Operations,agent_06,2026-04-18,2026-04-20,2026-04-25,Completed,Urgent
92,Thank-you letter,Fundraising Ops,agent_18,2025-09-20,2025-10-10,2025-10-03,Completed,High
93,Data request,Supporter Care,agent_01,2026-04-09,2026-04-11,,In Progress,Normal
94,Welcome pack,Fundraising Ops,agent_26,2026-03-31,2026-04-02,2026-04-08,Completed,Normal
95,Data request,Register Operations,agent_25,2025-03-20,2025-03-25,2025-04-13,Complete,High
96,Data request,Fundraising Ops,agent_13,2025-08-27,2025-09-16,2025-09-24,Complete,Normal
97,Gift Aid declaration,Fundraising Ops,agent_20,2025-03-23,2025-04-12,2025-03-27,Completed,Normal
98,Complaint,Fundraising Ops,agent_24,2025-03-10,2025-03-20,2025-04-01,Completed,Normal
99,Gift Aid declaration,Supporter Care,agent_23,2026-06-24,2026-07-04,2026-07-08,Completed,Normal
100,Address change,Fundraising Ops,agent_22,2026-04-23,2026-05-13,2026-05-11,Completed,Low
101,Address change,Supporter Care,agent_17,2025-12-29,2026-01-03,2026-01-13,Completed,Low
102,Gift Aid declaration,Supporter Care,agent_17,2026-06-29,2026-07-04,2026-07-28,Completed,High
103,Consent follow-up,Register Operations,agent_22,2026-04-18,2026-05-08,2026-05-09,Completed,Normal
104,Gift Aid declaration,Register Operations,agent_14,2026-04-20,2026-05-10,2026-04-20,Completed,Normal
105,Thank-you letter,Fundraising Ops,agent_12,2025-04-03,2025-04-13,2025-04-16,Completed,Low
106,Gift Aid declaration,Fundraising Ops,agent_19,2025-08-03,2025-08-23,2025-08-21,Complete,Low
107,Gift Aid declaration,Register Operations,agent_15,2025-03-20,2025-03-30,2025-04-06,Completed,Normal
108,Consent follow-up,Supporter Care,agent_22,2025-10-20,2025-10-25,2025-11-21,Completed,Normal
109,Address change,Fundraising Ops,agent_06,2025-05-16,2025-06-05,2025-06-05,Completed,Normal
110,Gift Aid declaration,Register Operations,agent_04,2026-03-10,2026-03-15,2026-04-01,Completed,Normal
111,Consent follow-up,Supporter Care,agent_02,2026-03-24,2026-03-26,2026-04-30,Complete,Normal
112,Thank-you letter,Register Operations,agent_12,2026-03-26,2026-03-28,2026-03-26,Completed,Normal
113,Data request,Supporter Care,agent_10,2026-02-19,2026-03-01,2026-03-14,Completed,Normal
114,Thank-you letter,Supporter Care,agent_18,2026-04-30,2026-05-05,2026-05-14,Completed,High
115,Complaint,Fundraising Ops,agent_23,2025-09-11,2025-10-01,2025-11-02,Completed,Normal
116,Address change,Fundraising Ops,agent_15,2026-04-11,2026-04-21,2026-04-26,Completed,Normal
117,Data request,Register Operations,agent_25,2025-10-10,2025-10-15,2025-11-12,Completed,Low
118,Consent follow-up,Supporter Care,agent_03,2026-05-09,2026-05-19,2026-06-02,Completed,Normal
119,Consent follow-up,Register Operations,agent_14,2025-11-02,2025-11-22,2025-11-23,Complete,Urgent
120,Thank-you letter,Register Operations,agent_12,2025-05-04,2025-05-06,2025-05-06,Completed,Normal
121,Gift Aid declaration,Fundraising Ops,agent_21,2025-09-23,2025-09-28,2025-10-08,Completed,Normal
122,Welcome pack,Supporter Care,agent_10,2026-07-09,2026-07-29,2026-07-26,Completed,Normal
123,Address change,Register Operations,agent_03,2026-01-10,2026-01-12,2026-01-25,Completed,Low
124,Data request,Supporter Care,agent_19,2025-11-20,2025-12-10,2025-12-25,Complete,Normal
125,Welcome pack,Fundraising Ops,agent_22,2026-07-12,2026-07-14,2026-07-21,Completed,Normal
126,Swab kit dispatch,Register Operations,agent_25,2025-09-20,2025-09-25,2025-10-05,Completed,Normal
127,Gift Aid declaration,Fundraising Ops,agent_26,2025-04-06,2025-04-11,2025-04-08,Completed,Low
128,Thank-you letter,Register Operations,agent_13,2026-05-15,2026-05-25,2026-05-26,Completed,Low
129,Gift Aid declaration,Register Operations,agent_06,2026-04-21,2026-04-26,2026-05-05,Completed,Low
130,Welcome pack,Register Operations,agent_23,2026-05-16,2026-05-21,2026-06-06,Completed,Normal
131,Data request,Register Operations,agent_11,2026-05-07,2026-05-27,2026-05-11,Completed,Normal
132,Address change,Register Operations,agent_22,2025-11-10,2025-11-15,2025-11-22,Completed,Low
133,Swab kit dispatch,Fundraising Ops,agent_18,2025-06-20,2025-06-30,2025-06-27,Completed,Low
134,Gift Aid declaration,Fundraising Ops,agent_13,2025-07-30,2025-08-04,2025-08-20,Completed,High
135,Gift Aid declaration,Fundraising Ops,agent_06,2025-12-05,2025-12-07,2026-01-08,Completed,Normal
136,Address change,Supporter Care,agent_05,2025-04-24,2025-05-04,2025-05-05,Completed,High
137,Welcome pack,Register Operations,agent_03,2026-03-10,2026-03-12,2026-03-21,Completed,Normal
138,Welcome pack,Register Operations,agent_14,2025-04-18,2025-04-28,2025-05-02,Completed,High
139,Complaint,Register Operations,agent_10,2026-04-15,2026-05-05,2026-05-05,Completed,High
140,Swab kit dispatch,Fundraising Ops,agent_11,2026-01-27,2026-02-06,2026-02-09,Completed,Normal
141,Complaint,Supporter Care,agent_14,2026-04-09,2026-04-14,,In Progress,Normal
142,Swab kit dispatch,Supporter Care,agent_25,2026-03-16,2026-03-18,2026-03-26,Completed,Normal
143,Swab kit dispatch,Fundraising Ops,agent_01,2025-06-09,2025-06-11,2025-06-22,Completed,High
144,Swab kit dispatch,Supporter Care,agent_11,2025-09-14,2025-09-19,2025-09-20,Completed,Normal
145,Welcome pack,Fundraising Ops,agent_20,2025-03-06,2025-03-16,,In Progress,High
146,Swab kit dispatch,Register Operations,agent_18,2026-03-05,2026-03-10,2026-03-08,Completed,Normal
147,Consent follow-up,Supporter Care,agent_05,2025-12-01,2025-12-11,2025-12-21,Completed,High
148,Gift Aid declaration,Register Operations,agent_09,2025-12-22,2026-01-01,2026-01-09,Completed,Low
149,Thank-you letter,Register Operations,agent_10,2026-06-17,2026-07-07,2026-05-22,Completed,Urgent
150,Gift Aid declaration,Register Operations,agent_08,2026-04-01,2026-04-21,2026-04-15,Completed,Normal
151,Complaint,Supporter Care,agent_25,2026-05-10,2026-05-20,,Completed,Normal
152,Data request,Fundraising Ops,agent_21,2025-10-30,2025-11-01,2025-11-13,Completed,High
153,Welcome pack,Register Operations,agent_01,2025-11-18,2025-11-23,2025-12-02,Completed,Low
154,Thank-you letter,Supporter Care,agent_12,2025-12-25,2026-01-14,2025-12-29,Completed,Normal
155,Thank-you letter,Register Operations,agent_20,2026-04-13,2026-04-23,2026-04-29,Completed,Normal
156,Thank-you letter,Supporter Care,agent_12,2025-11-30,2025-12-10,2025-12-09,Completed,Normal
157,Consent follow-up,Supporter Care,agent_19,2025-05-03,2025-05-23,2025-05-15,Completed,High
158,Thank-you letter,Register Operations,agent_01,2025-06-05,2025-06-15,2025-06-17,Completed,High
159,Complaint,Supporter Care,agent_04,2025-12-02,2025-12-07,2025-12-08,Completed,Low
160,Swab kit dispatch,Supporter Care,agent_18,2025-07-08,2025-07-10,,Open,High
161,Consent follow-up,Supporter Care,agent_05,2025-05-21,2025-05-31,2025-06-07,Completed,Normal
162,Complaint,Register Operations,agent_15,2026-07-28,2026-07-30,,Blocked,Normal
163,Complaint,Supporter Care,agent_18,2026-05-14,2026-05-24,2026-05-14,Completed,Normal
164,Consent follow-up,Register Operations,agent_02,2026-07-21,2026-07-26,,In Progress,Normal
165,Complaint,Supporter Care,agent_18,2026-02-27,2026-03-04,2026-04-02,Completed,Low
166,Gift Aid declaration,Register Operations,agent_16,2026-04-08,2026-04-13,2026-04-28,Completed,Low
167,Gift Aid declaration,Register Operations,agent_05,2025-12-30,2026-01-19,2026-01-16,Completed,Normal
168,Data request,Register Operations,agent_16,2025-04-26,2025-04-28,2025-04-27,Completed,Normal
169,Complaint,Supporter Care,agent_16,2026-05-19,2026-06-08,2026-07-01,Completed,Normal
170,Data request,Supporter Care,agent_16,2025-08-22,2025-09-11,,In Progress,Normal
171,Complaint,Fundraising Ops,agent_23,2025-10-28,2025-10-30,,Blocked,Urgent
172,Address change,Register Operations,agent_03,2025-07-06,2025-07-26,2025-07-22,Completed,Normal
173,Thank-you letter,Supporter Care,agent_08,2026-08-09,2026-08-19,,Blocked,Normal
174,Gift Aid declaration,Register Operations,agent_05,2025-04-16,2025-04-21,2025-05-11,Completed,Urgent
175,Complaint,Fundraising Ops,agent_18,2026-02-08,2026-02-28,,In Progress,Normal
176,Complaint,Register Operations,agent_13,2025-07-09,2025-07-14,2025-08-30,Completed,Normal
177,Complaint,Fundraising Ops,agent_18,2025-10-22,2025-10-24,,In Progress,Low
178,Gift Aid declaration,Fundraising Ops,agent_02,2026-03-08,2026-03-10,2026-03-26,Completed,Normal
179,Consent follow-up,Fundraising Ops,agent_15,2025-03-20,2025-03-22,2025-04-13,Completed,Normal
180,Data request,Fundraising Ops,agent_18,2026-01-23,2026-01-25,2026-02-01,Completed,Normal
181,Welcome pack,Register Operations,agent_19,2025-08-25,2025-08-27,2025-09-04,Completed,High
182,Complaint,Register Operations,agent_12,2025-06-01,2025-06-03,2025-07-04,Completed,Normal
183,Address change,Fundraising Ops,agent_13,2026-05-16,2026-05-18,2026-05-30,Completed,Normal
184,Consent follow-up,Fundraising Ops,agent_08,2025-04-30,2025-05-20,2025-05-07,Completed,Normal
185,Consent follow-up,Fundraising Ops,agent_12,2026-05-17,2026-05-22,,Blocked,Normal
186,Data request,Fundraising Ops,agent_10,2025-03-19,2025-03-21,2025-04-09,Completed,Low
187,Complaint,Supporter Care,agent_13,2026-06-10,2026-06-20,2026-07-19,Completed,Normal
188,Address change,Supporter Care,agent_05,2025-07-27,2025-07-29,2025-08-08,Completed,Low
189,Thank-you letter,Register Operations,agent_03,2025-06-27,2025-07-17,2025-07-05,Completed,Normal
190,Consent follow-up,Register Operations,agent_24,2025-03-14,2025-03-16,2025-03-19,Completed,High
191,Thank-you letter,Supporter Care,agent_02,2026-06-13,2026-06-18,2026-06-26,Completed,Normal
192,Complaint,Supporter Care,agent_23,2026-07-13,2026-08-02,,Blocked,Low
193,Complaint,Supporter Care,agent_05,2026-01-03,2026-01-13,2026-02-10,Completed,Normal
194,Complaint,Register Operations,agent_20,2026-03-21,2026-03-31,2026-04-15,Completed,Low
195,Gift Aid declaration,Fundraising Ops,agent_25,2026-04-01,2026-04-11,2026-04-17,Completed,Low
196,Complaint,Fundraising Ops,agent_19,2025-05-14,2025-05-24,,Open,High
197,Swab kit dispatch,Register Operations,agent_08,2026-01-02,2026-01-07,2026-01-08,Completed,Normal
198,Gift Aid declaration,Fundraising Ops,agent_11,2026-01-07,2026-01-09,2026-01-30,Completed,Low
199,Data request,Register Operations,agent_17,2025-10-21,2025-11-10,2025-11-08,Completed,High
200,Thank-you letter,Register Operations,agent_12,2026-07-15,2026-07-17,2026-07-23,Completed,Normal
201,Consent follow-up,Supporter Care,agent_03,2026-06-12,2026-06-17,2026-07-12,Complete,High
202,Complaint,Supporter Care,agent_16,2026-07-18,2026-08-07,,Open,Low
203,Swab kit dispatch,Fundraising Ops,agent_04,2026-05-13,2026-05-18,2026-05-17,Completed,High
204,Address change,Supporter Care,agent_07,2025-02-25,2025-02-27,2025-03-18,Completed,Normal
205,Welcome pack,Fundraising Ops,agent_25,2026-03-11,2026-03-16,2026-03-24,Completed,Normal
206,Gift Aid declaration,Fundraising Ops,agent_20,2026-03-25,2026-03-30,2026-04-18,Completed,Normal
207,Consent follow-up,Fundraising Ops,agent_12,2026-01-24,2026-02-13,2026-02-18,Completed,High
208,Welcome pack,Fundraising Ops,agent_07,2025-08-14,2025-09-03,2025-08-21,Completed,High
209,Complaint,Register Operations,agent_06,2025-03-22,2025-04-11,2025-04-16,Completed,High
210,Consent follow-up,Fundraising Ops,agent_06,2025-11-28,2025-11-30,,Blocked,Normal
211,Consent follow-up,Fundraising Ops,agent_12,2025-08-02,2025-08-22,2025-08-31,Completed,Normal
212,Welcome pack,Register Operations,agent_20,2025-08-04,2025-08-09,2025-08-09,Completed,High
213,Thank-you letter,Fundraising Ops,agent_18,2025-10-03,2025-10-23,2025-10-04,Completed,Normal
214,Gift Aid declaration,Supporter Care,,2025-04-12,2025-04-22,2025-04-26,Completed,Low
215,Gift Aid declaration,Register Operations,agent_15,2025-09-07,2025-09-12,2025-10-01,Completed,Normal
216,Thank-you letter,Register Operations,agent_17,2025-09-27,2025-09-29,2025-10-04,Completed,Normal
217,Address change,Fundraising Ops,agent_14,2025-08-23,2025-09-02,2025-09-04,Completed,High
218,Welcome pack,Supporter Care,agent_25,2025-08-07,2025-08-09,2025-08-11,Completed,High
219,Welcome pack,Register Operations,agent_21,2025-10-04,2025-10-14,2025-10-16,Completed,High
220,Address change,Fundraising Ops,agent_12,2025-03-30,2025-04-01,2025-03-30,Completed,Urgent
221,Gift Aid declaration,Supporter Care,agent_08,2026-04-12,2026-05-02,2026-05-04,Completed,Normal
222,Thank-you letter,Register Operations,agent_13,2025-11-11,2025-11-16,2025-11-23,Completed,Normal
223,Consent follow-up,Fundraising Ops,agent_26,2025-07-03,2025-07-08,2025-07-29,Completed,Normal
224,Thank-you letter,Register Operations,agent_19,2025-09-28,2025-10-08,2025-10-03,Completed,High
225,Address change,Register Operations,agent_15,2025-05-31,2025-06-05,2025-06-17,Completed,Normal
226,Gift Aid declaration,Fundraising Ops,agent_19,2025-10-26,2025-11-15,2025-11-07,Completed,Low
227,Address change,Register Operations,agent_07,2026-06-11,2026-06-16,2026-06-20,Completed,High
228,Data request,Register Operations,agent_18,2025-06-23,2025-07-03,2025-07-08,Completed,Urgent
229,Address change,Fundraising Ops,agent_18,2026-07-31,2026-08-20,,Open,High
230,Consent follow-up,Supporter Care,agent_21,2025-04-28,2025-05-18,,Open,Normal
231,Consent follow-up,Register Operations,agent_13,2026-06-15,2026-06-25,2026-07-02,Completed,Low
232,Address change,Supporter Care,agent_02,2025-06-30,2025-07-10,2025-06-30,Completed,Normal
233,Data request,Register Operations,agent_17,2026-03-17,2026-03-19,2026-04-20,Completed,Normal
234,Gift Aid declaration,Register Operations,agent_26,2025-03-03,2025-03-08,,Blocked,Normal
235,Gift Aid declaration,Supporter Care,agent_08,2025-09-23,2025-10-13,,Blocked,High
236,Thank-you letter,Supporter Care,agent_17,2025-10-19,2025-10-24,2025-10-27,Completed,High
237,Thank-you letter,Supporter Care,agent_21,2025-11-21,2025-12-11,2025-11-25,Completed,High
238,Data request,Register Operations,agent_09,2025-03-25,2025-04-14,,Completed,Normal
239,Consent follow-up,Register Operations,agent_18,2026-04-01,2026-04-11,2026-04-27,Completed,Normal
240,Welcome pack,Fundraising Ops,agent_26,2026-03-02,2026-03-07,,In Progress,High
241,Welcome pack,Fundraising Ops,agent_13,2026-06-27,2026-07-17,2026-07-21,Completed,Low
242,Welcome pack,Fundraising Ops,agent_09,2025-05-03,2025-05-23,,In Progress,High
243,Consent follow-up,Register Operations,agent_23,2025-11-20,2025-12-10,2025-11-23,Completed,Low
244,Consent follow-up,Supporter Care,agent_03,2025-07-26,2025-07-31,2025-08-06,Completed,Normal
245,Welcome pack,Register Operations,agent_15,2026-04-22,2026-04-27,2026-04-27,Completed,High
246,Consent follow-up,Fundraising Ops,agent_03,2026-04-20,2026-04-22,2026-05-03,Completed,Normal
247,Data request,Supporter Care,agent_03,2025-04-19,2025-04-24,2025-04-30,Completed,Normal
248,Swab kit dispatch,Register Operations,agent_12,2026-03-06,2026-03-26,2026-03-09,Completed,Normal
249,Swab kit dispatch,Supporter Care,agent_24,2026-06-18,2026-06-28,2026-07-06,Completed,Low
250,Address change,Register Operations,agent_12,2026-06-13,2026-06-15,2026-06-25,Completed,Low
251,Thank-you letter,Fundraising Ops,agent_17,2026-04-02,2026-04-12,2026-04-14,Completed,Low
252,Swab kit dispatch,Fundraising Ops,agent_07,2025-03-20,2025-03-22,2025-04-04,Completed,Low
253,Address change,Supporter Care,agent_04,2025-04-17,2025-04-19,2025-05-03,Completed,High
254,Address change,Supporter Care,agent_25,2025-10-25,2025-10-27,2025-11-04,Completed,High
255,Complaint,Supporter Care,agent_06,2026-02-04,2026-02-09,2026-03-07,Completed,Normal
256,Swab kit dispatch,Fundraising Ops,agent_09,2025-08-16,2025-09-05,2025-08-24,Completed,High
257,Complaint,Fundraising Ops,agent_21,2025-10-31,2025-11-20,2025-11-26,Completed,Normal
258,Consent follow-up,Register Operations,agent_03,2025-06-21,2025-06-23,2025-07-31,Completed,Normal
259,Welcome pack,Register Operations,agent_14,2025-10-07,2025-10-17,2025-10-27,Completed,High
260,Thank-you letter,Supporter Care,agent_05,2025-04-24,2025-04-26,2025-04-24,Completed,High
261,Welcome pack,Register Operations,agent_01,2025-11-14,2025-11-24,2025-11-30,Completed,Normal
262,Swab kit dispatch,Register Operations,agent_11,2026-05-30,2026-06-09,2026-06-15,Completed,Low
263,Complaint,Fundraising Ops,agent_02,2025-09-28,2025-09-30,2025-11-07,Completed,High
264,Data request,Fundraising Ops,agent_22,2026-03-30,2026-04-09,2026-05-08,Completed,Normal
265,Welcome pack,Register Operations,agent_04,2025-04-10,2025-04-20,2025-04-16,Completed,Normal
266,Thank-you letter,Register Operations,agent_26,2026-05-07,2026-05-27,2026-05-22,Completed,Normal
267,Gift Aid declaration,Register Operations,agent_24,2025-07-17,2025-07-27,2025-08-10,Completed,Normal
268,Data request,Fundraising Ops,agent_25,2025-02-26,2025-03-18,2025-03-10,Completed,Low
269,Welcome pack,Register Operations,agent_01,2025-03-06,2025-03-26,2025-03-20,Completed,Low
270,Welcome pack,Fundraising Ops,agent_01,2026-08-04,2026-08-09,,Blocked,Normal
271,Gift Aid declaration,Fundraising Ops,agent_09,2025-04-10,2025-04-30,2025-04-26,Completed,Normal
272,Data request,Register Operations,agent_21,2026-06-20,2026-06-25,,Open,Normal
273,Address change,Supporter Care,agent_13,2026-07-03,2026-07-13,2026-07-12,Completed,Normal
274,Welcome pack,Register Operations,agent_25,2025-06-27,2025-06-29,2025-07-09,Completed,Normal
275,Consent follow-up,Register Operations,agent_23,2026-07-11,2026-07-21,,Blocked,Normal
276,Consent follow-up,Supporter Care,agent_26,2025-11-22,2025-11-27,2025-12-04,Completed,Normal
277,Complaint,Supporter Care,agent_07,2025-05-24,2025-05-26,2025-07-23,Completed,Normal
278,Consent follow-up,Fundraising Ops,agent_17,2025-05-22,2025-05-24,2025-06-02,Completed,High
279,Gift Aid declaration,Fundraising Ops,agent_20,2025-05-07,2025-05-12,2025-05-14,Completed,Normal
280,Complaint,Register Operations,agent_09,2026-03-15,2026-03-20,2026-05-03,Completed,Normal
281,Consent follow-up,Fundraising Ops,agent_10,2026-07-04,2026-07-09,,Open,Normal
282,Swab kit dispatch,Fundraising Ops,agent_16,2025-05-22,2025-06-11,2025-06-04,Completed,Normal
283,Thank-you letter,Fundraising Ops,agent_03,2025-06-26,2025-06-28,2025-07-09,Completed,Normal
284,Welcome pack,Register Operations,,2026-03-05,2026-03-10,2026-03-14,Completed,Low
285,Complaint,Fundraising Ops,agent_11,2026-01-14,2026-01-19,2026-02-01,Completed,Low
286,Consent follow-up,Supporter Care,agent_19,2026-07-02,2026-07-07,2026-07-12,Completed,Normal
287,Address change,Supporter Care,agent_03,2026-07-16,2026-08-05,2026-07-26,Completed,Low
288,Swab kit dispatch,Supporter Care,agent_18,2025-04-15,2025-04-17,2025-04-27,Completed,Normal
289,Consent follow-up,Fundraising Ops,agent_09,2026-06-17,2026-07-07,2026-07-26,Completed,Low
290,Consent follow-up,Supporter Care,agent_11,2026-04-11,2026-04-13,2026-04-28,Completed,Normal
291,Gift Aid declaration,Supporter Care,agent_17,2025-08-07,2025-08-17,2025-08-19,Completed,Normal
292,Thank-you letter,Fundraising Ops,agent_09,2025-06-12,2025-07-02,2025-06-16,Completed,Normal
293,Welcome pack,Register Operations,agent_06,2026-03-18,2026-03-20,2026-03-22,Completed,Normal
294,Address change,Fundraising Ops,agent_17,2026-04-25,2026-05-15,2026-05-09,Completed,Low
295,Complaint,Supporter Care,agent_25,2025-03-11,2025-03-31,2025-04-27,Completed,Normal
296,Swab kit dispatch,Fundraising Ops,agent_15,2025-06-12,2025-06-17,2025-06-22,Completed,Normal
297,Consent follow-up,Register Operations,agent_10,2026-08-14,2026-08-16,,Open,Normal
298,Welcome pack,Register Operations,agent_14,2025-04-19,2025-04-21,2025-05-05,Completed,Normal
299,Swab kit dispatch,Supporter Care,agent_04,2026-03-19,2026-03-24,2026-03-22,Completed,Normal
300,Address change,Fundraising Ops,agent_20,2026-05-03,2026-05-13,2026-05-17,Completed,High
301,Complaint,Register Operations,agent_06,2026-02-03,2026-02-23,2026-03-01,Completed,Low
302,Consent follow-up,Register Operations,agent_17,2025-08-17,2025-09-06,2025-08-19,Completed,High
303,Consent follow-up,Register Operations,agent_03,2025-09-09,2025-09-29,2025-10-03,Completed,Urgent
304,Thank-you letter,Fundraising Ops,agent_18,2025-05-19,2025-05-21,2025-05-24,Completed,High
305,Address change,Register Operations,agent_04,2025-09-12,2025-10-02,2025-09-23,Completed,High
306,Gift Aid declaration,Supporter Care,agent_14,2025-04-26,2025-05-06,2025-04-29,Completed,Normal
307,Welcome pack,Supporter Care,agent_17,2025-03-18,2025-04-07,2025-04-06,Completed,Normal
308,Complaint,Fundraising Ops,agent_01,2026-01-26,2026-02-05,2026-03-19,Completed,High
309,Welcome pack,Register Operations,agent_02,2025-03-10,2025-03-20,2025-03-20,Completed,Normal
310,Data request,Fundraising Ops,agent_03,2025-05-16,2025-05-26,2025-07-12,Completed,Normal
311,Data request,Register Operations,agent_06,2025-05-26,2025-06-15,2025-06-09,Completed,Normal
312,Address change,Register Operations,agent_13,2026-02-02,2026-02-22,2026-02-09,Completed,Normal
313,Welcome pack,Fundraising Ops,agent_07,2026-05-12,2026-05-22,2026-06-02,Completed,Low
314,Gift Aid declaration,Fundraising Ops,agent_05,2026-01-18,2026-02-07,2026-01-31,Complete,High
315,Welcome pack,Register Operations,agent_14,2025-08-06,2025-08-11,2025-08-12,Completed,Normal
316,Data request,Supporter Care,agent_22,2026-03-30,2026-04-19,2026-03-30,Completed,Normal
317,Welcome pack,Fundraising Ops,agent_06,2026-06-02,2026-06-04,2026-06-13,Completed,Normal
318,Address change,Fundraising Ops,agent_17,2026-02-20,2026-03-02,2026-03-03,Completed,Normal
319,Complaint,Supporter Care,agent_06,2026-07-26,2026-07-31,2026-08-04,Completed,Normal
320,Welcome pack,Fundraising Ops,agent_22,2025-04-25,2025-04-27,2025-05-06,Completed,Normal
321,Swab kit dispatch,Supporter Care,agent_24,2025-07-23,2025-08-12,2025-07-25,Completed,Low
322,Thank-you letter,Supporter Care,agent_21,2025-06-29,2025-07-19,2025-07-05,Completed,High
323,Gift Aid declaration,Register Operations,agent_08,2025-06-14,2025-06-19,2025-07-04,Completed,Low
324,Complaint,Supporter Care,agent_18,2025-04-26,2025-05-16,,Open,High
325,Gift Aid declaration,Fundraising Ops,agent_24,2026-08-16,2026-08-18,,Open,High
326,Data request,Register Operations,agent_12,2025-04-09,2025-04-19,2025-04-12,Completed,Normal
327,Address change,Fundraising Ops,agent_08,2025-06-20,2025-06-22,2025-07-06,Completed,Normal
328,Complaint,Supporter Care,agent_14,2025-12-21,2025-12-26,2026-01-15,Completed,Normal
329,Gift Aid declaration,Supporter Care,agent_23,2026-04-07,2026-04-12,2026-04-25,Completed,Normal
330,Gift Aid declaration,Register Operations,agent_08,2025-07-09,2025-07-29,2025-08-03,Completed,Normal
331,Data request,Supporter Care,agent_15,2026-04-28,2026-05-08,2026-06-11,Completed,Normal
332,Swab kit dispatch,Fundraising Ops,agent_05,2026-06-28,2026-07-08,2026-07-15,Completed,Normal
333,Consent follow-up,Supporter Care,agent_10,2026-03-10,2026-03-30,2026-03-30,Completed,High
334,Thank-you letter,Supporter Care,agent_01,2026-01-10,2026-01-12,2026-01-17,Completed,Normal
335,Gift Aid declaration,Fundraising Ops,agent_23,2026-04-28,2026-05-18,2026-05-21,Completed,Normal
336,Gift Aid declaration,Register Operations,agent_15,2025-08-30,2025-09-01,2025-09-02,Completed,Normal
337,Welcome pack,Supporter Care,agent_23,2025-11-11,2025-11-16,2025-11-20,Completed,Normal
338,Address change,Supporter Care,agent_08,2026-04-27,2026-04-29,2026-05-05,Completed,Normal
339,Data request,Fundraising Ops,agent_02,2026-08-10,2026-08-30,,In Progress,Normal
340,Gift Aid declaration,Supporter Care,agent_22,2025-11-10,2025-11-12,2025-11-16,Completed,Normal
341,Welcome pack,Register Operations,agent_03,2025-08-16,2025-08-21,2025-08-19,Completed,Normal
342,Swab kit dispatch,Fundraising Ops,agent_07,2025-05-22,2025-06-11,2025-05-27,Completed,Normal
343,Address change,Supporter Care,agent_21,2026-04-13,2026-05-03,2026-04-27,Completed,Low
344,Gift Aid declaration,Register Operations,agent_13,2026-07-17,2026-08-06,,In Progress,Normal
345,Swab kit dispatch,Supporter Care,agent_08,2026-08-03,2026-08-08,,Open,Low
346,Address change,Fundraising Ops,agent_22,2025-07-14,2025-07-24,2025-07-18,Completed,Normal
347,Thank-you letter,Register Operations,agent_03,2026-06-07,2026-06-17,2026-06-07,Completed,Urgent
348,Data request,Fundraising Ops,agent_15,2025-07-23,2025-07-25,2025-08-15,Completed,Normal
349,Thank-you letter,Register Operations,agent_07,2025-03-21,2025-03-23,2025-04-01,Completed,Normal
350,Data request,Fundraising Ops,agent_26,2025-08-14,2025-09-03,2025-09-08,Completed,High
351,Address change,Register Operations,agent_15,2026-03-10,2026-03-30,2026-03-21,Completed,Normal
352,Address change,Fundraising Ops,agent_19,2025-09-09,2025-09-29,2025-09-28,Completed,High
353,Data request,Register Operations,agent_14,2026-04-29,2026-05-04,,Completed,Normal
354,Complaint,Fundraising Ops,agent_10,2026-06-27,2026-07-02,,Open,High
355,Address change,Fundraising Ops,agent_08,2025-09-05,2025-09-25,2025-09-21,Completed,Low
356,Complaint,Supporter Care,agent_01,2026-06-09,2026-06-14,2026-07-06,Completed,Normal
357,Data request,Fundraising Ops,agent_22,2026-01-07,2026-01-09,2026-02-02,Completed,Normal
358,Data request,Supporter Care,,2025-04-08,2025-04-28,2025-05-24,Completed,Low
359,Thank-you letter,Fundraising Ops,agent_04,2026-02-02,2026-02-07,2026-02-12,Completed,Normal
360,Complaint,Register Operations,agent_08,2026-07-12,2026-08-01,,Blocked,Normal
361,Welcome pack,Supporter Care,agent_03,2026-01-16,2026-01-26,2026-01-19,Completed,High
362,Data request,Register Operations,agent_15,2026-07-08,2026-07-28,2026-08-07,Completed,High
363,Swab kit dispatch,Fundraising Ops,agent_16,2026-04-30,2026-05-05,2026-05-05,Completed,Low
364,Swab kit dispatch,Register Operations,agent_25,2026-04-13,2026-04-15,,Open,High
365,Data request,Fundraising Ops,agent_02,2025-04-10,2025-04-12,2025-05-05,Completed,High
366,Complaint,Fundraising Ops,agent_12,2026-08-01,2026-08-11,,In Progress,Normal
367,Complaint,Supporter Care,agent_26,2025-10-25,2025-11-14,2025-11-09,Completed,Normal
368,Thank-you letter,Fundraising Ops,agent_14,2025-05-20,2025-05-25,2025-06-02,Completed,Low
369,Consent follow-up,Register Operations,agent_05,2025-05-18,2025-06-07,2025-06-24,Completed,Low
370,Thank-you letter,Supporter Care,agent_15,2025-11-28,2025-11-30,2025-12-03,Completed,Normal
371,Consent follow-up,Fundraising Ops,agent_20,2026-02-08,2026-02-10,2026-02-19,Completed,Normal
372,Complaint,Supporter Care,agent_08,2026-04-10,2026-04-15,2026-05-30,Completed,Normal
373,Data request,Fundraising Ops,agent_14,2025-09-22,2025-10-02,2025-10-15,Completed,High
374,Data request,Fundraising Ops,agent_19,2026-04-13,2026-04-18,2026-05-04,Completed,Low
375,Data request,Fundraising Ops,agent_19,2026-05-16,2026-05-18,,Open,High
376,Complaint,Supporter Care,agent_11,2025-10-05,2025-10-15,,Open,Normal
377,Consent follow-up,Supporter Care,agent_14,2025-10-14,2025-10-19,2025-10-25,Completed,Normal
378,Welcome pack,Fundraising Ops,agent_21,2025-08-07,2025-08-12,2025-08-17,Completed,Low
379,Thank-you letter,Supporter Care,agent_12,2025-06-24,2025-06-29,2025-07-04,Completed,Normal
380,Welcome pack,Fundraising Ops,agent_08,2025-11-21,2025-11-23,2025-11-30,Completed,Low
381,Swab kit dispatch,Supporter Care,agent_14,2026-06-15,2026-07-05,2026-06-23,Completed,Urgent
382,Consent follow-up,Register Operations,agent_06,2026-07-26,2026-07-28,2026-08-12,Completed,High
383,Welcome pack,Fundraising Ops,agent_11,2025-03-08,2025-03-28,2025-03-16,Completed,Normal
384,Address change,Fundraising Ops,agent_01,2026-04-18,2026-04-28,2026-05-04,Completed,High
385,Address change,Supporter Care,agent_26,2026-06-02,2026-06-22,2026-06-24,Completed,Normal
386,Complaint,Fundraising Ops,agent_17,2026-06-11,2026-07-01,2026-08-06,Completed,Normal
387,Swab kit dispatch,Fundraising Ops,agent_22,2026-01-04,2026-01-24,2026-01-15,Completed,Normal
388,Consent follow-up,Register Operations,agent_16,2026-05-15,2026-05-20,2026-06-16,Completed,Normal
389,Thank-you letter,Register Operations,agent_10,2026-03-15,2026-03-20,2026-03-25,Completed,Normal
390,Address change,Register Operations,agent_04,2025-09-04,2025-09-24,2025-09-15,Completed,Low
391,Swab kit dispatch,Fundraising Ops,agent_07,2025-02-25,2025-03-02,2025-03-06,Completed,Normal
392,Consent follow-up,Supporter Care,agent_12,2025-06-06,2025-06-08,2025-06-23,Completed,High
393,Gift Aid declaration,Supporter Care,agent_04,2025-03-25,2025-04-14,2025-04-27,Completed,Normal
394,Swab kit dispatch,Fundraising Ops,agent_02,2025-09-08,2025-09-10,2025-09-19,Completed,Low
395,Gift Aid declaration,Register Operations,agent_21,2026-05-12,2026-05-22,2026-05-12,Completed,High
396,Swab kit dispatch,Register Operations,agent_04,2025-05-29,2025-06-08,2025-06-04,Completed,Urgent
397,Complaint,Fundraising Ops,agent_05,2026-07-29,2026-08-08,,Blocked,High
398,Welcome pack,Supporter Care,agent_18,2026-05-09,2026-05-19,2026-05-27,Completed,Normal
399,Address change,Supporter Care,agent_17,2026-02-13,2026-02-18,2026-03-01,Completed,Normal
400,Data request,Supporter Care,agent_15,2025-07-23,2025-08-12,2025-08-05,Completed,Low
401,Thank-you letter,Fundraising Ops,agent_03,2025-07-20,2025-08-09,2025-07-26,Completed,High
402,Address change,Supporter Care,agent_26,2025-12-10,2025-12-20,2025-12-28,Completed,Normal
403,Complaint,Supporter Care,agent_02,2026-08-03,2026-08-05,,In Progress,High
404,Thank-you letter,Supporter Care,agent_01,2025-08-29,2025-09-18,2025-09-05,Completed,Normal
405,Consent follow-up,Supporter Care,agent_14,2026-07-04,2026-07-14,2026-08-08,Completed,Normal
406,Complaint,Fundraising Ops,agent_16,2025-09-28,2025-09-30,2025-11-20,Completed,Normal
407,Thank-you letter,Supporter Care,agent_04,2025-07-05,2025-07-15,2025-07-09,Completed,Low
408,Swab kit dispatch,Fundraising Ops,agent_10,2025-12-23,2026-01-12,2025-12-31,Completed,Normal
409,Data request,Supporter Care,agent_08,2025-09-16,2025-09-26,2025-10-07,Completed,High
410,Welcome pack,Supporter Care,agent_26,2025-03-01,2025-03-11,2025-03-13,Completed,High
411,Data request,Supporter Care,agent_17,2026-07-21,2026-07-26,,Blocked,Normal
412,Address change,Register Operations,agent_03,2026-08-02,2026-08-12,2026-08-17,Completed,High
413,Swab kit dispatch,Register Operations,agent_13,2026-02-08,2026-02-28,2026-02-20,Complete,Normal
414,Data request,Register Operations,agent_08,2025-12-14,2025-12-19,2025-12-28,Completed,Normal
415,Complaint,Supporter Care,agent_10,2025-04-23,2025-05-03,2025-06-23,Complete,Urgent
416,Gift Aid declaration,Register Operations,agent_12,2025-05-22,2025-06-11,2025-06-05,Completed,High
417,Complaint,Fundraising Ops,agent_09,2026-07-11,2026-07-16,,In Progress,Normal
418,Thank-you letter,Fundraising Ops,agent_06,2025-04-21,2025-04-23,2025-05-06,Completed,Normal
419,Welcome pack,Register Operations,,2026-05-13,2026-06-02,2026-05-24,Completed,High
420,Complaint,Fundraising Ops,agent_21,2025-10-10,2025-10-20,2025-11-09,Completed,High
421,Welcome pack,Register Operations,agent_15,2025-11-25,2025-12-05,2025-12-04,Completed,Low
422,Swab kit dispatch,Supporter Care,agent_20,2025-12-15,2025-12-25,2025-12-18,Completed,Normal
423,Gift Aid declaration,Fundraising Ops,agent_10,2026-08-08,2026-08-28,,Blocked,Normal
424,Welcome pack,Fundraising Ops,agent_16,2025-03-16,2025-04-05,2025-03-29,Completed,High
425,Swab kit dispatch,Register Operations,agent_08,2025-11-07,2025-11-17,2025-11-12,Completed,Urgent
426,Swab kit dispatch,Register Operations,,2025-11-05,2025-11-10,2025-11-09,Completed,Normal
427,Consent follow-up,Fundraising Ops,agent_13,2026-02-04,2026-02-06,2026-03-09,Completed,Normal
428,Welcome pack,Supporter Care,agent_07,2025-06-12,2025-06-22,2025-06-29,Completed,Normal
429,Welcome pack,Register Operations,agent_23,2026-08-15,2026-08-25,,In Progress,Normal
430,Consent follow-up,Supporter Care,agent_01,2025-04-02,2025-04-22,2025-04-25,Completed,Low
431,Complaint,Fundraising Ops,agent_12,2026-08-07,2026-08-09,,Open,High
432,Data request,Register Operations,agent_22,2026-06-23,2026-06-25,,Open,Normal
433,Data request,Supporter Care,agent_19,2026-07-05,2026-07-15,2026-07-24,Completed,Normal
434,Complaint,Fundraising Ops,agent_21,2026-04-19,2026-04-24,2026-04-25,Completed,Normal
435,Thank-you letter,Fundraising Ops,agent_20,2026-05-07,2026-05-27,2026-05-17,Completed,Low
436,Gift Aid declaration,Fundraising Ops,agent_24,2026-06-26,2026-06-28,2026-07-10,Completed,Normal
437,Gift Aid declaration,Fundraising Ops,agent_18,2026-08-14,2026-08-24,,In Progress,Normal
438,Welcome pack,Supporter Care,agent_25,2025-07-31,2025-08-20,2025-08-13,Completed,Low
439,Gift Aid declaration,Register Operations,agent_18,2025-08-27,2025-09-16,2025-09-14,Completed,Normal
440,Complaint,Register Operations,agent_17,2026-06-14,2026-06-16,,Open,Normal
441,Gift Aid declaration,Fundraising Ops,agent_26,2026-06-12,2026-07-02,2026-07-01,Completed,High
442,Thank-you letter,Fundraising Ops,agent_26,2026-02-04,2026-02-24,2026-02-06,Completed,Normal
443,Data request,Fundraising Ops,agent_20,2025-03-08,2025-03-18,2025-04-05,Completed,Normal
444,Thank-you letter,Fundraising Ops,agent_25,2025-05-12,2025-06-01,2025-05-23,Completed,Normal
445,Welcome pack,Supporter Care,agent_26,2025-08-13,2025-09-02,2025-08-31,Completed,High
446,Address change,Register Operations,agent_17,2026-07-24,2026-08-03,2026-08-10,Completed,Low
447,Address change,Supporter Care,agent_23,2025-08-13,2025-08-23,2025-09-01,Completed,Normal
448,Swab kit dispatch,Register Operations,agent_14,2026-03-26,2026-04-05,2026-04-08,Completed,Normal
449,Gift Aid declaration,Supporter Care,agent_23,2025-04-21,2025-05-11,2025-05-11,Completed,Normal
450,Address change,Register Operations,agent_24,2026-03-05,2026-03-10,2026-03-21,Completed,Low
451,Welcome pack,Register Operations,agent_22,2026-01-06,2026-01-26,2026-01-24,Completed,Normal
452,Swab kit dispatch,Supporter Care,agent_20,2025-06-05,2025-06-15,2025-06-13,Completed,Normal
453,Thank-you letter,Supporter Care,agent_06,2025-08-11,2025-08-16,2025-08-19,Completed,Normal
454,Gift Aid declaration,Fundraising Ops,agent_08,2025-05-18,2025-05-23,2025-05-19,Completed,Normal
455,Address change,Supporter Care,agent_23,2025-12-26,2025-12-28,2026-01-07,Completed,Normal
456,Data request,Fundraising Ops,agent_17,2026-02-07,2026-02-17,2026-02-26,Completed,High
457,Thank-you letter,Fundraising Ops,agent_21,2025-06-30,2025-07-02,2025-07-08,Complete,Normal
458,Address change,Fundraising Ops,agent_09,2025-08-13,2025-08-23,2025-08-28,Completed,Normal
459,Address change,Fundraising Ops,agent_09,2026-01-19,2026-01-21,2026-01-21,Completed,Urgent
460,Welcome pack,Fundraising Ops,agent_14,2026-01-24,2026-02-13,2026-01-31,Completed,Low
461,Gift Aid declaration,Fundraising Ops,agent_03,2025-11-12,2025-11-14,2025-11-30,Completed,Low
462,Welcome pack,Register Operations,agent_22,2026-04-13,2026-04-23,2026-04-21,Completed,Urgent
463,Gift Aid declaration,Fundraising Ops,agent_01,2026-07-02,2026-07-12,2026-08-08,Completed,Normal
464,Gift Aid declaration,Fundraising Ops,agent_01,2026-02-19,2026-02-21,2026-02-27,Completed,Normal
465,Data request,Register Operations,agent_04,2026-05-27,2026-05-29,2026-07-02,Completed,Normal
466,Data request,Register Operations,agent_15,2026-04-05,2026-04-07,,Blocked,Normal
467,Thank-you letter,Fundraising Ops,agent_18,2026-03-23,2026-04-12,,Completed,Normal
468,Thank-you letter,Fundraising Ops,agent_17,2026-02-16,2026-02-26,2026-03-01,Completed,High
469,Complaint,Fundraising Ops,agent_14,2025-05-08,2025-05-10,2025-07-04,Completed,Normal
470,Consent follow-up,Fundraising Ops,agent_10,2026-08-10,2026-08-30,,In Progress,Low
471,Thank-you letter,Supporter Care,agent_06,2026-08-12,2026-08-22,,Blocked,Normal
472,Thank-you letter,Supporter Care,agent_18,2026-05-21,2026-05-23,2026-05-30,Completed,Low
473,Swab kit dispatch,Fundraising Ops,agent_14,2026-01-02,2026-01-12,2026-01-15,Completed,Normal
474,Gift Aid declaration,Fundraising Ops,agent_11,2026-03-21,2026-03-23,2026-04-01,Completed,High
475,Complaint,Register Operations,agent_10,2025-05-31,2025-06-10,2025-07-16,Completed,Normal
476,Swab kit dispatch,Register Operations,agent_19,2026-05-27,2026-05-29,2026-06-16,Completed,High
477,Thank-you letter,Fundraising Ops,agent_23,2025-03-28,2025-04-02,2025-04-10,Completed,High
478,Gift Aid declaration,Fundraising Ops,agent_11,2025-11-28,2025-11-30,,Open,Low
479,Consent follow-up,Register Operations,agent_22,2025-04-13,2025-04-15,,Open,Urgent
480,Swab kit dispatch,Register Operations,agent_22,2026-06-24,2026-07-04,2026-07-15,Completed,Normal
481,Welcome pack,Register Operations,agent_05,2025-08-21,2025-08-26,2025-08-30,Completed,Normal
482,Thank-you letter,Supporter Care,agent_20,2025-09-01,2025-09-06,2025-09-07,Completed,High
483,Data request,Supporter Care,agent_08,2025-12-20,2025-12-30,2025-12-30,Completed,Low
484,Data request,Supporter Care,agent_01,2025-09-12,2025-09-22,2025-10-13,Completed,Normal
485,Welcome pack,Fundraising Ops,agent_19,2025-09-21,2025-09-26,2025-10-04,Completed,Normal
486,Consent follow-up,Supporter Care,agent_22,2026-07-24,2026-07-29,2026-08-17,Completed,Normal
487,Welcome pack,Fundraising Ops,agent_13,2026-04-04,2026-04-24,2026-04-21,Completed,Urgent
488,Swab kit dispatch,Fundraising Ops,agent_11,2025-10-22,2025-10-27,,Open,Low
489,Swab kit dispatch,Supporter Care,agent_08,2025-06-02,2025-06-12,,In Progress,Normal
490,Gift Aid declaration,Fundraising Ops,agent_15,2025-06-02,2025-06-12,2025-06-06,Completed,High
491,Thank-you letter,Supporter Care,agent_07,2025-10-08,2025-10-18,2025-10-18,Completed,Normal
492,Consent follow-up,Fundraising Ops,agent_08,2026-03-11,2026-03-16,2026-03-30,Completed,Normal
493,Data request,Fundraising Ops,agent_08,2025-03-12,2025-03-17,2025-04-07,Completed,Normal
494,Data request,Fundraising Ops,agent_19,2025-09-29,2025-10-04,2025-12-03,Completed,Normal
495,Consent follow-up,Register Operations,agent_26,2025-12-16,2025-12-21,2025-12-30,Completed,High
496,Thank-you letter,Register Operations,agent_19,2025-09-20,2025-09-30,2025-09-30,Completed,Urgent
497,Data request,Fundraising Ops,agent_11,2025-11-24,2025-12-04,2025-12-27,Completed,Low
498,Welcome pack,Supporter Care,agent_12,2025-12-16,2025-12-21,2026-01-01,Completed,Normal
499,Consent follow-up,Register Operations,agent_26,2025-02-25,2025-02-27,2025-03-10,Completed,Normal
500,Swab kit dispatch,Register Operations,agent_08,2026-08-03,2026-08-08,2026-08-11,Completed,High
501,Complaint,Register Operations,agent_04,2026-02-07,2026-02-17,2026-03-05,Completed,Normal
502,Gift Aid declaration,Supporter Care,agent_21,2025-11-16,2025-12-06,2025-12-03,Completed,High
503,Complaint,Register Operations,agent_19,2025-03-01,2025-03-03,2025-03-29,Completed,High
504,Welcome pack,Supporter Care,agent_04,2026-03-14,2026-03-24,2026-03-24,Completed,Normal
505,Swab kit dispatch,Supporter Care,agent_12,2025-12-31,2026-01-20,2026-01-01,Completed,Low
506,Address change,Supporter Care,agent_08,2026-03-05,2026-03-10,2026-03-25,Completed,Low
507,Consent follow-up,Fundraising Ops,agent_07,2026-06-11,2026-07-01,2026-07-05,Completed,Normal
508,Welcome pack,Supporter Care,agent_19,2025-07-04,2025-07-09,2025-07-08,Completed,Normal
509,Consent follow-up,Supporter Care,agent_23,2025-06-06,2025-06-26,2025-07-02,Completed,Normal
510,Consent follow-up,Fundraising Ops,agent_08,2025-07-17,2025-08-06,2025-08-04,Completed,Normal
511,Complaint,Register Operations,,2026-07-26,2026-07-28,,In Progress,Normal
512,Address change,Register Operations,agent_15,2026-08-14,2026-08-19,,In Progress,High
513,Gift Aid declaration,Register Operations,agent_20,2025-11-22,2025-11-24,2025-12-08,Completed,Normal
514,Address change,Fundraising Ops,agent_03,2025-10-24,2025-11-03,2025-11-06,Completed,Normal
515,Consent follow-up,Fundraising Ops,agent_13,2026-03-17,2026-03-19,2026-04-01,Completed,High
516,Gift Aid declaration,Supporter Care,agent_15,2025-09-13,2025-09-18,2025-09-21,Completed,Normal
517,Thank-you letter,Supporter Care,agent_25,2026-06-02,2026-06-22,2026-06-13,Completed,Urgent
518,Data request,Supporter Care,agent_25,2026-03-23,2026-03-28,,Open,Low
519,Welcome pack,Supporter Care,agent_25,2025-05-29,2025-06-03,2025-06-06,Completed,Normal
520,Complaint,Supporter Care,agent_19,2026-07-24,2026-07-29,,In Progress,Normal
521,Gift Aid declaration,Fundraising Ops,agent_06,2025-04-24,2025-04-26,2025-05-04,Completed,Normal
522,Thank-you letter,Fundraising Ops,agent_11,2025-03-23,2025-04-12,2025-04-04,Completed,Low
523,Thank-you letter,Supporter Care,agent_03,2025-06-29,2025-07-09,2025-07-06,Completed,High
524,Welcome pack,Fundraising Ops,agent_11,2025-09-13,2025-09-18,2025-09-29,Completed,High
525,Data request,Register Operations,agent_13,2026-04-09,2026-04-29,2026-05-16,Completed,Normal
526,Complaint,Fundraising Ops,agent_23,2025-09-14,2025-09-16,2025-10-13,Completed,Normal
527,Welcome pack,Fundraising Ops,agent_15,2025-11-16,2025-12-06,,Completed,Normal
528,Swab kit dispatch,Register Operations,agent_08,2025-03-10,2025-03-30,2025-03-15,Completed,Normal
529,Welcome pack,Supporter Care,agent_06,2025-10-10,2025-10-15,2025-10-24,Completed,Normal
530,Data request,Register Operations,agent_24,2026-02-08,2026-02-13,2026-02-12,Complete,Normal
531,Data request,Supporter Care,agent_04,2026-06-13,2026-07-03,2026-07-04,Completed,Normal
532,Data request,Supporter Care,agent_12,2025-05-29,2025-06-03,2025-06-03,Complete,High
533,Gift Aid declaration,Supporter Care,agent_01,2025-12-20,2026-01-09,2026-01-14,Completed,Normal
534,Address change,Register Operations,agent_21,2025-06-25,2025-07-05,2025-07-08,Completed,High
535,Swab kit dispatch,Supporter Care,agent_03,2025-03-07,2025-03-17,2025-03-15,Completed,Normal
536,Thank-you letter,Register Operations,agent_19,2025-04-08,2025-04-28,,Open,Normal
537,Swab kit dispatch,Supporter Care,agent_25,2025-09-20,2025-09-30,2025-09-30,Completed,Normal
538,Swab kit dispatch,Register Operations,agent_19,2026-05-20,2026-05-30,2026-05-29,Completed,Normal
539,Consent follow-up,Supporter Care,agent_18,2025-03-19,2025-03-21,2025-04-06,Completed,Normal
540,Complaint,Register Operations,agent_02,2026-03-04,2026-03-14,2026-05-03,Completed,Low
541,Gift Aid declaration,Supporter Care,agent_05,2025-11-29,2025-12-19,2025-12-18,Completed,Normal
542,Data request,Fundraising Ops,agent_08,2026-05-25,2026-06-14,2026-06-14,Completed,Normal
543,Welcome pack,Fundraising Ops,agent_21,2025-06-19,2025-06-29,2025-06-26,Completed,Low
544,Complaint,Register Operations,agent_09,2025-04-24,2025-05-04,2025-06-11,Completed,Normal
545,Consent follow-up,Fundraising Ops,agent_24,2026-07-30,2026-08-09,2026-08-17,Completed,High
546,Welcome pack,Register Operations,agent_14,2025-09-28,2025-10-08,2025-10-12,Completed,Normal
547,Data request,Fundraising Ops,agent_01,2025-07-20,2025-08-09,2025-08-20,Completed,High
548,Address change,Fundraising Ops,agent_23,2025-02-26,2025-02-28,2025-03-12,Completed,Normal
549,Thank-you letter,Fundraising Ops,agent_09,2026-03-20,2026-03-25,2026-03-27,Completed,Normal
550,Consent follow-up,Supporter Care,agent_19,2025-08-13,2025-08-23,2025-09-04,Completed,High
551,Data request,Supporter Care,agent_12,2025-09-28,2025-10-08,2025-10-18,Completed,Low
552,Welcome pack,Register Operations,agent_03,2025-11-26,2025-12-16,2025-11-28,Completed,Low
553,Data request,Supporter Care,agent_26,2026-01-23,2026-02-12,2026-02-05,Completed,Low
554,Swab kit dispatch,Register Operations,agent_17,2025-05-11,2025-05-16,2025-05-16,Completed,Normal
555,Complaint,Supporter Care,agent_13,2025-03-23,2025-03-25,2025-05-13,Completed,Normal
556,Consent follow-up,Supporter Care,agent_15,2025-06-01,2025-06-06,2025-06-21,Completed,Normal
557,Consent follow-up,Supporter Care,agent_26,2025-03-14,2025-03-16,2025-03-30,Complete,Normal
558,Welcome pack,Fundraising Ops,agent_01,2026-08-15,2026-08-17,,Open,Low
559,Consent follow-up,Fundraising Ops,agent_18,2025-11-20,2025-12-10,2025-12-12,Completed,Urgent
560,Swab kit dispatch,Fundraising Ops,agent_06,2025-06-11,2025-07-01,2025-06-21,Completed,Low
561,Data request,Register Operations,agent_07,2025-07-09,2025-07-14,2025-07-25,Completed,Low
562,Welcome pack,Supporter Care,agent_16,2026-05-07,2026-05-27,,In Progress,Low
563,Consent follow-up,Supporter Care,agent_21,2026-01-20,2026-01-22,2026-02-01,Completed,Low
564,Complaint,Register Operations,agent_24,2025-10-04,2025-10-14,2025-10-23,Completed,Normal
565,Welcome pack,Fundraising Ops,agent_12,2025-09-22,2025-09-24,2025-09-29,Completed,Normal
566,Swab kit dispatch,Supporter Care,agent_22,2026-06-18,2026-06-23,,In Progress,Normal
567,Welcome pack,Fundraising Ops,agent_09,2025-11-12,2025-11-22,2025-11-28,Completed,Normal
568,Gift Aid declaration,Fundraising Ops,agent_11,2026-07-31,2026-08-20,,Open,Normal
569,Address change,Register Operations,agent_20,2025-03-20,2025-03-22,2025-04-03,Completed,Normal
570,Data request,Fundraising Ops,agent_07,2026-06-25,2026-07-05,2026-08-07,Completed,High
571,Gift Aid declaration,Supporter Care,agent_08,2026-01-06,2026-01-16,2026-01-19,Completed,Normal
572,Welcome pack,Supporter Care,agent_25,2025-08-25,2025-09-14,2025-09-01,Completed,Normal
573,Swab kit dispatch,Register Operations,agent_21,2025-12-02,2025-12-12,2025-12-09,Completed,Normal
574,Swab kit dispatch,Register Operations,agent_12,2026-04-15,2026-04-17,2026-04-19,Completed,Normal
575,Data request,Register Operations,agent_16,2025-10-24,2025-10-26,2025-10-31,Completed,High
576,Address change,Register Operations,agent_06,2025-07-19,2025-07-21,2025-08-03,Completed,Low
577,Swab kit dispatch,Register Operations,agent_18,2026-05-27,2026-06-06,,Blocked,Urgent
578,Thank-you letter,Supporter Care,agent_23,2025-05-13,2025-06-02,2025-05-17,Completed,Normal
579,Thank-you letter,Supporter Care,agent_22,2026-05-13,2026-06-02,2026-05-28,Completed,Low
580,Complaint,Register Operations,agent_11,2025-11-30,2025-12-05,2026-01-14,Completed,Normal
581,Complaint,Fundraising Ops,agent_02,2025-10-13,2025-10-18,2025-11-05,Completed,Normal
582,Consent follow-up,Fundraising Ops,agent_20,2026-03-04,2026-03-09,2026-03-26,Completed,Normal
583,Thank-you letter,Supporter Care,agent_10,2026-02-25,2026-02-27,2026-03-04,Completed,High
584,Gift Aid declaration,Supporter Care,agent_01,2026-04-10,2026-04-30,2026-04-23,Completed,Normal
585,Data request,Supporter Care,agent_06,2025-05-22,2025-05-27,2025-06-11,Completed,High
586,Address change,Supporter Care,agent_06,2026-05-15,2026-05-20,2026-05-22,Completed,Low
587,Address change,Fundraising Ops,agent_24,2025-05-10,2025-05-12,2025-05-18,Completed,High
588,Consent follow-up,Register Operations,agent_05,2026-02-21,2026-02-23,2026-03-13,Completed,Urgent
589,Complaint,Fundraising Ops,agent_13,2026-02-21,2026-03-13,2026-03-04,Completed,Normal
590,Thank-you letter,Fundraising Ops,agent_24,2025-12-03,2025-12-13,2025-12-08,Complete,Low
591,Consent follow-up,Supporter Care,agent_20,2025-10-01,2025-10-11,2025-10-25,Completed,Normal
592,Thank-you letter,Fundraising Ops,agent_14,2025-09-27,2025-10-17,2025-10-06,Complete,Low
593,Gift Aid declaration,Fundraising Ops,agent_13,2026-03-11,2026-03-16,2026-03-25,Completed,Normal
594,Gift Aid declaration,Supporter Care,agent_25,2025-12-25,2026-01-14,,Open,Normal
595,Swab kit dispatch,Supporter Care,agent_13,2025-07-12,2025-08-01,2025-07-24,Completed,Low
596,Address change,Fundraising Ops,agent_08,2026-07-19,2026-07-21,2026-08-06,Completed,Low
597,Thank-you letter,Supporter Care,agent_06,2026-04-15,2026-05-05,2026-04-28,Complete,Low
598,Gift Aid declaration,Register Operations,agent_06,2026-03-29,2026-04-18,2026-04-10,Completed,Low
599,Data request,Supporter Care,agent_03,2026-01-31,2026-02-05,2026-02-10,Completed,Low
600,Swab kit dispatch,Fundraising Ops,agent_16,2025-11-14,2025-11-19,2025-11-21,Completed,Normal
601,Complaint,Fundraising Ops,agent_13,2026-07-08,2026-07-13,2026-08-17,Completed,Normal
602,Consent follow-up,Supporter Care,agent_14,2025-07-30,2025-08-01,2025-08-28,Completed,High
603,Address change,Supporter Care,agent_01,2025-07-02,2025-07-12,2025-07-19,Completed,Normal
604,Complaint,Register Operations,agent_25,2026-02-22,2026-03-04,2026-03-29,Completed,Normal
605,Gift Aid declaration,Register Operations,agent_09,2026-03-14,2026-03-16,2026-04-01,Completed,Normal
606,Consent follow-up,Supporter Care,agent_07,2026-04-14,2026-04-16,2026-04-27,Completed,Normal
607,Consent follow-up,Supporter Care,agent_07,2025-04-30,2025-05-10,2025-05-05,Completed,Normal
608,Complaint,Fundraising Ops,agent_13,2026-05-14,2026-05-16,2026-07-12,Completed,High
609,Data request,Register Operations,agent_04,2026-04-14,2026-04-19,2026-05-17,Completed,High
610,Welcome pack,Supporter Care,agent_09,2025-06-02,2025-06-12,,In Progress,Normal
611,Data request,Fundraising Ops,agent_11,2025-03-08,2025-03-13,2025-04-06,Completed,High
612,Thank-you letter,Fundraising Ops,agent_08,2025-04-04,2025-04-06,2025-04-10,Completed,Low
613,Thank-you letter,Supporter Care,agent_16,2026-01-08,2026-01-18,2026-01-15,Completed,High
614,Gift Aid declaration,Supporter Care,agent_09,2026-07-02,2026-07-04,2026-08-17,Complete,Low
615,Consent follow-up,Fundraising Ops,agent_17,2026-07-24,2026-08-13,,Open,Low
616,Consent follow-up,Register Operations,agent_18,2025-06-13,2025-07-03,,Completed,Low
617,Thank-you letter,Register Operations,agent_19,2025-12-31,2026-01-20,2026-01-10,Completed,Normal
618,Address change,Fundraising Ops,agent_19,2026-07-24,2026-08-13,2026-07-26,Completed,Normal
619,Welcome pack,Fundraising Ops,agent_22,2025-10-09,2025-10-14,2025-10-19,Completed,Low
620,Gift Aid declaration,Supporter Care,agent_02,2025-11-24,2025-12-04,2025-12-09,Completed,Normal
621,Data request,Register Operations,agent_13,2025-09-17,2025-09-19,2025-10-10,Completed,Normal
622,Welcome pack,Fundraising Ops,agent_20,2025-09-11,2025-09-21,2025-09-25,Completed,Normal
623,Address change,Supporter Care,agent_18,2026-04-04,2026-04-09,2026-04-13,Completed,Normal
624,Swab kit dispatch,Supporter Care,agent_17,2025-03-24,2025-04-13,2025-03-29,Completed,Normal
625,Swab kit dispatch,Register Operations,agent_17,2025-06-23,2025-07-03,2025-07-07,Completed,Normal
626,Consent follow-up,Register Operations,agent_08,2025-12-26,2026-01-05,,Blocked,Urgent
627,Swab kit dispatch,Fundraising Ops,agent_10,2025-04-29,2025-05-09,2025-04-29,Completed,Normal
628,Data request,Register Operations,agent_01,2025-04-05,2025-04-15,2025-05-17,Completed,High
629,Consent follow-up,Fundraising Ops,agent_14,2025-09-04,2025-09-09,2025-09-16,Completed,Normal
630,Swab kit dispatch,Fundraising Ops,agent_20,2025-11-02,2025-11-07,2025-11-10,Completed,High
631,Swab kit dispatch,Register Operations,agent_19,2025-03-05,2025-03-25,2025-03-13,Completed,Normal
632,Consent follow-up,Register Operations,agent_17,2026-03-13,2026-03-18,2026-03-30,Complete,High
633,Welcome pack,Register Operations,agent_03,2026-07-27,2026-08-16,2026-08-09,Completed,Normal
634,Address change,Supporter Care,agent_18,2026-05-01,2026-05-03,2026-05-20,Completed,Low
635,Address change,Register Operations,agent_10,2026-01-06,2026-01-11,2026-01-24,Completed,Normal
636,Welcome pack,Supporter Care,agent_12,2025-03-10,2025-03-30,2025-03-21,Completed,Urgent
637,Address change,Fundraising Ops,agent_06,2025-02-27,2025-03-19,2025-03-09,Completed,Normal
638,Complaint,Supporter Care,agent_24,2026-05-15,2026-05-17,2026-06-27,Completed,Normal
639,Welcome pack,Register Operations,agent_20,2025-03-04,2025-03-06,2025-03-17,Completed,Normal
640,Swab kit dispatch,Register Operations,agent_24,2026-01-23,2026-02-02,2026-01-30,Completed,Low
641,Consent follow-up,Supporter Care,agent_13,2025-11-16,2025-11-21,2025-12-02,Completed,High
642,Consent follow-up,Fundraising Ops,agent_20,2025-09-07,2025-09-09,2025-10-07,Completed,High
643,Data request,Register Operations,agent_22,2026-04-26,2026-05-06,2026-05-12,Completed,High
644,Thank-you letter,Register Operations,agent_11,2026-07-23,2026-08-02,,Open,Normal
645,Gift Aid declaration,Register Operations,agent_21,2025-12-05,2025-12-15,2025-12-17,Completed,Low
646,Welcome pack,Fundraising Ops,agent_24,2025-11-12,2025-11-17,2025-11-24,Completed,Low
647,Swab kit dispatch,Register Operations,agent_03,2025-09-11,2025-10-01,2025-09-18,Completed,Normal
648,Data request,Fundraising Ops,agent_05,2025-08-24,2025-09-03,2025-09-30,Completed,High
649,Gift Aid declaration,Supporter Care,agent_21,2026-03-31,2026-04-05,2026-04-15,Completed,Normal
650,Thank-you letter,Register Operations,agent_14,2025-06-06,2025-06-08,2025-06-15,Completed,Normal
651,Address change,Register Operations,agent_11,2025-04-15,2025-04-25,2025-04-28,Completed,High
652,Welcome pack,Fundraising Ops,agent_03,2025-08-06,2025-08-26,,Blocked,High
653,Data request,Register Operations,agent_25,2026-08-08,2026-08-13,,In Progress,Low
654,Data request,Supporter Care,agent_11,2025-07-27,2025-08-01,2025-07-29,Completed,High
655,Welcome pack,Fundraising Ops,agent_04,2025-05-28,2025-06-17,2025-06-02,Completed,Urgent
656,Gift Aid declaration,Supporter Care,agent_08,2026-02-13,2026-03-05,2026-03-13,Completed,Low
657,Welcome pack,Register Operations,agent_13,2025-06-07,2025-06-17,2025-06-25,Completed,Low
658,Complaint,Register Operations,agent_15,2025-10-25,2025-11-04,2025-11-25,Completed,Normal
659,Data request,Register Operations,agent_06,2026-05-16,2026-05-18,2026-06-13,Completed,Low
660,Complaint,Supporter Care,agent_24,2026-05-05,2026-05-07,2026-05-14,Completed,Low
661,Consent follow-up,Register Operations,agent_17,2026-04-24,2026-04-26,2026-05-14,Completed,Normal
662,Address change,Fundraising Ops,agent_23,2025-06-20,2025-06-30,2025-07-04,Completed,Normal
663,Welcome pack,Fundraising Ops,agent_18,2025-06-08,2025-06-13,2025-06-22,Completed,Normal
664,Address change,Register Operations,agent_21,2025-03-11,2025-03-21,2025-03-24,Completed,Normal
665,Gift Aid declaration,Fundraising Ops,agent_20,2025-04-05,2025-04-25,2025-05-06,Completed,Normal
666,Address change,Supporter Care,agent_04,2025-04-15,2025-04-20,2025-04-24,Completed,Urgent
667,Address change,Supporter Care,agent_25,2025-07-10,2025-07-12,2025-07-20,Completed,Low
668,Gift Aid declaration,Supporter Care,agent_22,2026-07-22,2026-07-24,,Open,Normal
669,Address change,Fundraising Ops,agent_09,2025-06-24,2025-06-29,2025-07-04,Completed,Normal
670,Thank-you letter,Supporter Care,agent_23,2026-04-29,2026-05-04,2026-05-11,Completed,Normal
671,Thank-you letter,Register Operations,agent_19,2026-02-15,2026-03-07,2026-02-15,Completed,Normal
672,Consent follow-up,Fundraising Ops,agent_04,2025-08-02,2025-08-07,2025-08-07,Completed,High
673,Swab kit dispatch,Fundraising Ops,agent_11,2026-05-26,2026-05-28,2026-05-31,Completed,Normal
674,Data request,Fundraising Ops,agent_04,2025-12-17,2025-12-22,2026-01-14,Completed,High
675,Thank-you letter,Fundraising Ops,agent_24,2026-05-29,2026-06-18,2026-06-02,Completed,Urgent
676,Swab kit dispatch,Supporter Care,agent_16,2026-02-11,2026-02-13,2026-02-18,Completed,Normal
677,Address change,Register Operations,agent_17,2025-04-05,2025-04-07,2025-04-14,Completed,Normal
678,Thank-you letter,Supporter Care,agent_17,2026-03-08,2026-03-28,2026-03-15,Completed,Normal
679,Data request,Register Operations,agent_20,2025-07-26,2025-08-15,2025-08-24,Completed,Low
680,Swab kit dispatch,Register Operations,agent_25,2026-05-02,2026-05-04,,Open,Urgent
681,Welcome pack,Fundraising Ops,agent_18,2025-05-22,2025-06-01,2025-06-01,Completed,Low
682,Gift Aid declaration,Fundraising Ops,agent_22,2025-05-10,2025-05-20,2025-05-24,Completed,Urgent
683,Data request,Fundraising Ops,agent_21,2026-06-12,2026-07-02,2026-07-10,Completed,Normal
684,Welcome pack,Register Operations,agent_19,2026-02-16,2026-02-26,2026-02-24,Completed,Normal
685,Thank-you letter,Fundraising Ops,agent_23,2025-03-22,2025-03-24,2025-04-03,Completed,High
686,Welcome pack,Fundraising Ops,agent_25,2026-07-13,2026-07-15,2026-07-28,Completed,Low
687,Thank-you letter,Fundraising Ops,agent_20,2025-09-09,2025-09-19,2025-09-20,Completed,Normal
688,Welcome pack,Supporter Care,agent_09,2025-11-11,2025-11-21,2025-11-24,Completed,Normal
689,Data request,Fundraising Ops,agent_03,2026-02-09,2026-02-11,2026-02-25,Completed,Low
690,Consent follow-up,Supporter Care,agent_08,2025-12-29,2026-01-18,,Open,Normal
691,Consent follow-up,Register Operations,agent_23,2025-06-08,2025-06-28,2025-07-05,Completed,Normal
692,Thank-you letter,Supporter Care,agent_18,2025-11-16,2025-12-06,2025-11-25,Complete,Low
693,Thank-you letter,Supporter Care,agent_21,2025-04-06,2025-04-16,2025-04-11,Completed,Normal
694,Complaint,Fundraising Ops,agent_04,2025-09-27,2025-10-17,2025-10-11,Completed,Normal
695,Swab kit dispatch,Fundraising Ops,agent_26,2026-03-05,2026-03-25,2026-03-18,Completed,Normal
696,Complaint,Register Operations,agent_06,2025-08-26,2025-09-05,2025-09-28,Completed,High
697,Gift Aid declaration,Supporter Care,agent_07,2025-07-17,2025-07-27,,Blocked,Normal
698,Address change,Register Operations,agent_14,2026-05-18,2026-05-23,2026-05-30,Completed,High
699,Address change,Register Operations,agent_18,2025-12-08,2025-12-18,2025-12-12,Completed,Urgent
700,Address change,Register Operations,agent_14,2025-12-04,2025-12-06,2025-12-18,Completed,High
701,Swab kit dispatch,Supporter Care,agent_23,2026-08-09,2026-08-19,,In Progress,Low
702,Complaint,Supporter Care,agent_08,2026-08-15,2026-08-20,,Open,Normal
703,Welcome pack,Fundraising Ops,agent_09,2026-01-26,2026-02-05,2026-02-16,Completed,Normal
704,Thank-you letter,Fundraising Ops,agent_05,2025-09-18,2025-09-20,2025-09-21,Completed,Normal
705,Welcome pack,Supporter Care,agent_08,2025-06-08,2025-06-10,2025-06-10,Completed,Low
706,Welcome pack,Supporter Care,agent_26,2026-05-22,2026-05-24,2026-06-10,Completed,Normal
707,Address change,Supporter Care,agent_26,2025-06-24,2025-06-29,2025-07-08,Completed,Low
708,Consent follow-up,Register Operations,agent_17,2026-06-06,2026-06-26,2026-06-30,Completed,High
709,Swab kit dispatch,Register Operations,agent_12,2026-08-13,2026-08-15,,Blocked,Low
710,Consent follow-up,Supporter Care,,2025-09-25,2025-09-30,2025-10-03,Completed,Normal
711,Consent follow-up,Register Operations,agent_08,2026-08-06,2026-08-08,,In Progress,Normal
712,Welcome pack,Fundraising Ops,agent_02,2026-04-24,2026-04-29,2026-05-17,Completed,Low
713,Swab kit dispatch,Register Operations,agent_05,2026-03-30,2026-04-09,2026-04-05,Completed,Normal
714,Data request,Register Operations,agent_09,2026-07-24,2026-07-29,,Open,Normal
715,Address change,Register Operations,agent_13,2025-06-25,2025-07-15,2025-07-08,Completed,High
716,Welcome pack,Supporter Care,agent_07,2025-08-28,2025-09-07,2025-09-16,Completed,Normal
717,Thank-you letter,Register Operations,agent_17,2025-08-02,2025-08-12,2025-08-05,Completed,Normal
718,Address change,Register Operations,agent_21,2025-02-28,2025-03-10,2025-03-04,Completed,Normal
719,Thank-you letter,Fundraising Ops,agent_07,2025-11-17,2025-11-19,2025-11-20,Completed,Low
720,Gift Aid declaration,Supporter Care,agent_05,2025-10-25,2025-11-04,,Open,Normal
721,Consent follow-up,Register Operations,agent_23,2026-04-21,2026-05-11,2026-05-12,Completed,Normal
722,Complaint,Register Operations,agent_04,2025-06-30,2025-07-20,2025-07-08,Completed,Normal
723,Swab kit dispatch,Fundraising Ops,agent_12,2025-05-31,2025-06-05,2025-06-04,Completed,Normal
724,Address change,Supporter Care,agent_04,2025-10-16,2025-10-26,2025-10-16,Completed,Low
725,Address change,Register Operations,agent_16,2026-06-05,2026-06-07,2026-06-13,Completed,Urgent
726,Gift Aid declaration,Register Operations,agent_17,2026-01-22,2026-01-27,2026-02-03,Completed,Normal
727,Address change,Register Operations,agent_02,2025-10-01,2025-10-21,2025-10-17,Completed,Normal
728,Swab kit dispatch,Supporter Care,agent_16,2025-08-10,2025-08-15,2025-08-20,Completed,Low
729,Swab kit dispatch,Supporter Care,agent_05,2025-03-28,2025-03-30,2025-04-05,Completed,Low
730,Complaint,Supporter Care,agent_16,2026-05-30,2026-06-04,2026-07-24,Completed,Normal
731,Data request,Register Operations,agent_26,2025-05-12,2025-05-14,2025-05-26,Completed,Normal
732,Address change,Supporter Care,agent_05,2025-10-02,2025-10-04,2025-10-07,Completed,Normal
733,Welcome pack,Supporter Care,agent_15,2026-06-20,2026-06-30,2026-07-13,Completed,Urgent
734,Thank-you letter,Fundraising Ops,agent_17,2025-10-23,2025-11-12,2025-10-25,Completed,Low
735,Swab kit dispatch,Register Operations,agent_26,2026-07-07,2026-07-09,2026-07-20,Completed,Normal
736,Complaint,Fundraising Ops,agent_08,2026-07-17,2026-07-27,,In Progress,Low
737,Welcome pack,Supporter Care,agent_12,2026-04-11,2026-04-16,2026-04-25,Completed,Normal
738,Data request,Fundraising Ops,agent_11,2026-01-23,2026-01-28,2026-02-17,Completed,Normal
739,Swab kit dispatch,Register Operations,agent_09,2026-03-17,2026-04-06,2026-03-28,Completed,Low
740,Consent follow-up,Register Operations,agent_17,2026-01-30,2026-02-01,2026-02-23,Completed,Normal
741,Thank-you letter,Supporter Care,agent_05,2026-02-03,2026-02-05,2026-02-13,Completed,Normal
742,Consent follow-up,Supporter Care,agent_13,2025-03-09,2025-03-19,2025-04-09,Completed,Normal
743,Swab kit dispatch,Supporter Care,agent_25,2026-07-01,2026-07-11,2026-07-13,Completed,Normal
744,Data request,Fundraising Ops,agent_18,2026-06-11,2026-06-21,2026-07-30,Completed,Low
745,Gift Aid declaration,Fundraising Ops,agent_11,2025-06-30,2025-07-02,2025-07-29,Completed,High
746,Gift Aid declaration,Register Operations,agent_02,2026-01-12,2026-01-17,2026-01-18,Completed,Normal
747,Complaint,Register Operations,agent_07,2026-03-16,2026-03-26,2026-04-29,Completed,Normal
748,Swab kit dispatch,Register Operations,agent_22,2026-03-12,2026-03-17,2026-03-20,Complete,Low
749,Data request,Supporter Care,agent_02,2025-03-06,2025-03-26,2025-04-04,Completed,Low
750,Complaint,Supporter Care,agent_14,2026-04-18,2026-04-23,2026-05-15,Completed,Normal
751,Swab kit dispatch,Supporter Care,agent_19,2025-03-20,2025-03-25,2025-03-28,Completed,Normal
752,Address change,Register Operations,agent_19,2025-06-11,2025-06-13,2025-06-27,Completed,Normal
753,Swab kit dispatch,Register Operations,agent_09,2025-03-14,2025-03-16,2025-03-28,Completed,Normal
754,Swab kit dispatch,Supporter Care,agent_22,2025-10-30,2025-11-09,2025-11-13,Completed,Normal
755,Welcome pack,Fundraising Ops,agent_13,2025-03-04,2025-03-14,2025-03-11,Completed,Normal
756,Address change,Fundraising Ops,agent_24,2025-10-31,2025-11-20,2025-11-08,Completed,Normal
757,Consent follow-up,Fundraising Ops,agent_03,2026-01-07,2026-01-27,2026-01-23,Complete,High
758,Swab kit dispatch,Register Operations,agent_01,2025-06-27,2025-07-02,2025-07-02,Completed,Normal
759,Gift Aid declaration,Register Operations,agent_14,2025-05-16,2025-05-18,2025-05-22,Completed,Normal
760,Complaint,Supporter Care,agent_24,2025-05-21,2025-05-23,,In Progress,High
761,Gift Aid declaration,Fundraising Ops,agent_23,2026-07-28,2026-08-07,2026-08-14,Completed,Normal
762,Address change,Fundraising Ops,agent_22,2026-06-10,2026-06-15,2026-06-29,Completed,Normal
763,Swab kit dispatch,Supporter Care,agent_11,2025-02-27,2025-03-09,2025-03-05,Completed,Normal
764,Data request,Supporter Care,agent_10,2026-07-19,2026-07-29,2026-07-20,Completed,Low
765,Address change,Register Operations,agent_05,2025-07-13,2025-07-15,2025-07-19,Completed,High
766,Data request,Supporter Care,agent_03,2025-12-03,2025-12-23,2025-12-28,Completed,Normal
767,Swab kit dispatch,Supporter Care,agent_22,2026-02-16,2026-02-18,2026-03-01,Completed,Urgent
768,Swab kit dispatch,Fundraising Ops,agent_26,2025-12-07,2025-12-09,,Blocked,Normal
769,Data request,Supporter Care,agent_02,2025-09-12,2025-10-02,2025-09-13,Completed,High
770,Welcome pack,Fundraising Ops,agent_10,2025-09-27,2025-10-07,2025-10-04,Completed,Normal
771,Consent follow-up,Fundraising Ops,agent_08,2025-09-21,2025-09-23,2025-10-11,Completed,High
772,Data request,Register Operations,agent_14,2025-07-27,2025-08-01,2025-08-25,Completed,Normal
773,Consent follow-up,Supporter Care,agent_18,2025-09-12,2025-09-22,2025-09-24,Completed,Normal
774,Consent follow-up,Register Operations,agent_16,2026-08-06,2026-08-11,2026-08-12,Completed,Normal
775,Data request,Fundraising Ops,agent_20,2026-04-27,2026-05-02,2026-05-31,Completed,Normal
776,Data request,Supporter Care,agent_25,2026-02-15,2026-02-17,2026-03-18,Completed,High
777,Address change,Supporter Care,agent_25,2025-06-21,2025-07-01,2025-07-05,Completed,Normal
778,Thank-you letter,Register Operations,agent_21,2025-08-05,2025-08-10,2025-08-12,Completed,Urgent
779,Consent follow-up,Register Operations,agent_18,2026-01-15,2026-01-17,,Completed,Urgent
780,Gift Aid declaration,Supporter Care,agent_20,2025-06-05,2025-06-15,2025-06-21,Completed,Low
781,Welcome pack,Register Operations,agent_16,2026-04-06,2026-04-08,2026-04-15,Completed,Normal
782,Address change,Register Operations,agent_25,2026-06-17,2026-06-27,2026-07-06,Completed,Normal
783,Thank-you letter,Register Operations,agent_03,2026-07-10,2026-07-15,2026-07-29,Completed,Normal
784,Swab kit dispatch,Fundraising Ops,agent_20,2025-11-02,2025-11-04,2025-11-17,Completed,Normal
785,Complaint,Fundraising Ops,agent_24,2026-03-07,2026-03-27,2026-05-03,Completed,High
786,Consent follow-up,Fundraising Ops,agent_11,2026-05-05,2026-05-07,2026-05-21,Completed,Normal
787,Welcome pack,Register Operations,agent_18,2026-02-18,2026-02-28,2026-02-20,Completed,Normal
788,Data request,Register Operations,agent_08,2025-12-05,2025-12-10,2025-12-12,Completed,Normal
789,Consent follow-up,Fundraising Ops,agent_09,2026-01-01,2026-01-21,2026-01-20,Complete,Normal
790,Gift Aid declaration,Register Operations,agent_11,2025-09-27,2025-09-29,2025-10-13,Completed,Normal
791,Thank-you letter,Fundraising Ops,agent_21,2025-10-15,2025-10-20,2025-10-19,Completed,High
792,Consent follow-up,Register Operations,agent_16,2025-05-12,2025-05-14,2025-05-28,Completed,Normal
793,Gift Aid declaration,Supporter Care,agent_14,2025-08-20,2025-08-30,2025-09-11,Completed,Normal
794,Data request,Fundraising Ops,agent_07,2025-09-29,2025-10-01,2025-10-22,Completed,Normal
795,Address change,Fundraising Ops,agent_07,2026-01-11,2026-01-16,2026-01-20,Completed,High
796,Consent follow-up,Supporter Care,agent_20,2025-08-06,2025-08-26,2025-09-06,Completed,High
797,Swab kit dispatch,Fundraising Ops,agent_05,2025-11-19,2025-11-21,,In Progress,Normal
798,Complaint,Register Operations,agent_23,2025-10-19,2025-10-29,2025-10-31,Completed,Normal
799,Thank-you letter,Supporter Care,agent_10,2025-08-22,2025-09-11,2025-08-26,Completed,High
800,Swab kit dispatch,Fundraising Ops,agent_15,2026-06-15,2026-06-17,2026-06-25,Completed,Normal
801,Consent follow-up,Supporter Care,agent_03,2025-08-22,2025-08-24,2025-09-01,Completed,Low
802,Welcome pack,Register Operations,agent_25,2026-05-16,2026-06-05,2026-05-16,Completed,Normal
803,Thank-you letter,Register Operations,agent_15,2025-04-07,2025-04-27,2025-04-17,Completed,Normal
804,Gift Aid declaration,Register Operations,agent_26,2025-05-31,2025-06-02,2025-06-16,Completed,Normal
805,Consent follow-up,Fundraising Ops,agent_10,2026-04-17,2026-05-07,2026-05-09,Completed,Low
806,Address change,Register Operations,agent_01,2026-05-16,2026-06-05,2026-05-28,Completed,Normal
807,Consent follow-up,Fundraising Ops,agent_25,2025-08-26,2025-08-28,2025-09-20,Completed,Low
808,Consent follow-up,Register Operations,agent_13,2025-04-29,2025-05-19,2025-05-24,Completed,Normal
809,Consent follow-up,Fundraising Ops,agent_23,2025-03-21,2025-03-23,2025-04-10,Completed,Low
810,Swab kit dispatch,Register Operations,agent_16,2025-05-09,2025-05-14,2025-05-11,Completed,Low
811,Welcome pack,Register Operations,agent_25,2025-07-15,2025-07-25,2025-07-30,Completed,Low
812,Thank-you letter,Supporter Care,agent_19,2025-11-04,2025-11-06,2025-11-15,Completed,High
813,Data request,Fundraising Ops,agent_08,2026-07-30,2026-08-01,,Blocked,Normal
814,Thank-you letter,Fundraising Ops,agent_19,2025-03-09,2025-03-11,2025-03-15,Completed,Normal
815,Complaint,Supporter Care,agent_16,2025-10-15,2025-10-20,,In Progress,Low
816,Complaint,Register Operations,agent_09,2025-11-24,2025-12-04,2025-12-26,Completed,Low
817,Gift Aid declaration,Supporter Care,agent_24,2026-05-18,2026-06-07,2026-06-05,Completed,Urgent
818,Welcome pack,Register Operations,agent_10,2026-03-27,2026-03-29,2026-04-12,Completed,Low
819,Welcome pack,Fundraising Ops,agent_24,2025-03-05,2025-03-25,2025-03-16,Completed,Normal
820,Consent follow-up,Register Operations,agent_23,2026-07-22,2026-08-01,2026-08-05,Completed,High
821,Swab kit dispatch,Supporter Care,agent_23,2025-07-12,2025-07-14,2025-07-25,Completed,Normal
822,Consent follow-up,Fundraising Ops,agent_06,2025-07-20,2025-07-25,2025-07-31,Completed,High
823,Complaint,Fundraising Ops,agent_17,2025-12-23,2025-12-28,2026-01-08,Completed,High
824,Welcome pack,Supporter Care,agent_13,2025-03-04,2025-03-09,2025-03-21,Completed,Normal
825,Thank-you letter,Register Operations,agent_17,2026-02-17,2026-02-19,2026-02-28,Completed,Normal
826,Data request,Register Operations,agent_21,2025-05-21,2025-05-23,2025-07-01,Completed,Low
827,Swab kit dispatch,Fundraising Ops,agent_19,2025-05-20,2025-06-09,2025-05-24,Completed,Normal
828,Data request,Register Operations,agent_06,2026-05-11,2026-05-16,2026-06-03,Completed,Normal
829,Welcome pack,Fundraising Ops,agent_24,2026-06-01,2026-06-03,2026-06-23,Completed,Normal
830,Gift Aid declaration,Fundraising Ops,agent_16,2026-05-12,2026-06-01,2026-05-31,Completed,Normal
831,Gift Aid declaration,Fundraising Ops,agent_19,2026-02-07,2026-02-12,2026-03-12,Completed,Normal
832,Consent follow-up,Supporter Care,agent_13,2026-02-03,2026-02-08,2026-02-25,Completed,Normal
833,Gift Aid declaration,Register Operations,agent_25,2026-01-30,2026-02-19,2026-01-30,Completed,Low
834,Thank-you letter,Fundraising Ops,agent_09,2025-11-25,2025-11-30,2025-11-27,Completed,Normal
835,Swab kit dispatch,Fundraising Ops,agent_03,2025-09-05,2025-09-25,2025-09-13,Completed,High
836,Data request,Fundraising Ops,agent_14,2026-01-15,2026-01-25,2026-01-31,Completed,Low
837,Welcome pack,Fundraising Ops,agent_01,2025-09-21,2025-09-23,2025-10-02,Completed,Normal
838,Complaint,Fundraising Ops,agent_21,2025-06-01,2025-06-03,2025-07-14,Completed,High
839,Data request,Supporter Care,agent_11,2025-11-12,2025-12-02,2025-11-29,Completed,High
840,Welcome pack,Supporter Care,agent_12,2026-08-08,2026-08-10,,In Progress,High
841,Gift Aid declaration,Register Operations,agent_26,2025-02-23,2025-03-15,2025-02-24,Completed,Normal
842,Gift Aid declaration,Supporter Care,agent_12,2026-05-28,2026-06-07,2026-06-13,Completed,Normal
843,Address change,Register Operations,agent_26,2025-06-07,2025-06-27,2025-06-16,Completed,High
844,Complaint,Fundraising Ops,agent_04,2025-02-26,2025-03-18,2025-04-07,Completed,High
845,Swab kit dispatch,Fundraising Ops,agent_01,2025-03-25,2025-03-27,2025-04-05,Completed,Normal
846,Consent follow-up,Fundraising Ops,agent_26,2025-07-17,2025-07-22,2025-08-11,Completed,Urgent
847,Address change,Register Operations,agent_01,2025-06-29,2025-07-09,2025-07-21,Completed,Urgent
848,Consent follow-up,Supporter Care,agent_18,2026-05-02,2026-05-22,,In Progress,High
849,Gift Aid declaration,Register Operations,agent_11,2025-12-22,2026-01-11,2026-01-12,Completed,Low
850,Swab kit dispatch,Fundraising Ops,agent_18,2026-01-25,2026-02-04,2026-02-03,Completed,Normal
851,Complaint,Fundraising Ops,agent_21,2025-04-10,2025-04-15,2025-05-15,Completed,Low
852,Gift Aid declaration,Register Operations,agent_09,2025-10-21,2025-10-31,2025-11-10,Completed,Normal
853,Welcome pack,Fundraising Ops,agent_18,2025-04-12,2025-04-22,2025-04-12,Completed,Low
854,Swab kit dispatch,Fundraising Ops,agent_08,2025-04-17,2025-05-07,2025-04-23,Complete,High
855,Data request,Supporter Care,agent_07,2026-02-24,2026-02-26,2026-04-02,Completed,Low
856,Welcome pack,Supporter Care,agent_19,2026-06-08,2026-06-28,2026-06-14,Completed,Normal
857,Consent follow-up,Supporter Care,agent_04,2026-05-11,2026-05-21,2026-05-17,Completed,Normal
858,Swab kit dispatch,Fundraising Ops,agent_07,2025-04-17,2025-05-07,2025-04-25,Completed,High
859,Consent follow-up,Fundraising Ops,agent_06,2025-03-27,2025-03-29,2025-04-23,Completed,Normal
860,Address change,Supporter Care,agent_07,2026-07-22,2026-08-01,2026-08-17,Completed,Low
861,Swab kit dispatch,Fundraising Ops,agent_06,2025-12-15,2025-12-25,2025-12-21,Completed,Low
862,Welcome pack,Register Operations,agent_20,2026-04-02,2026-04-12,2026-04-14,Completed,High
863,Consent follow-up,Fundraising Ops,agent_16,2026-07-27,2026-08-06,,Open,Low
864,Consent follow-up,Supporter Care,agent_09,2025-09-09,2025-09-11,2025-09-27,Completed,Normal
865,Complaint,Supporter Care,agent_26,2026-07-23,2026-07-25,,In Progress,Urgent
866,Data request,Register Operations,agent_24,2025-06-30,2025-07-20,2025-06-30,Completed,Normal
867,Swab kit dispatch,Fundraising Ops,agent_19,2026-04-27,2026-05-17,2026-05-12,Completed,Normal
868,Data request,Fundraising Ops,agent_03,2026-08-14,2026-08-24,,Blocked,Normal
869,Complaint,Register Operations,agent_07,2026-04-08,2026-04-10,2026-04-22,Completed,High
870,Complaint,Register Operations,agent_18,2025-12-22,2026-01-11,,Blocked,High
871,Address change,Fundraising Ops,agent_25,2026-08-13,2026-08-15,,Blocked,Urgent
872,Swab kit dispatch,Register Operations,agent_08,2026-04-11,2026-04-16,2026-04-11,Completed,Urgent
873,Swab kit dispatch,Fundraising Ops,agent_06,2025-06-05,2025-06-10,2025-06-21,Completed,Normal
874,Address change,Fundraising Ops,agent_03,2026-01-22,2026-01-24,2026-01-31,Completed,Normal
875,Address change,Supporter Care,agent_20,2025-12-11,2025-12-16,2025-12-23,Completed,Low
876,Thank-you letter,Register Operations,agent_13,2025-08-30,2025-09-19,,Blocked,High
877,Welcome pack,Fundraising Ops,agent_25,2025-03-02,2025-03-12,2025-03-15,Completed,Normal
878,Swab kit dispatch,Register Operations,agent_21,2026-08-10,2026-08-30,,Blocked,Normal
879,Data request,Register Operations,agent_02,2025-05-23,2025-05-25,2025-06-17,Completed,Normal
880,Complaint,Fundraising Ops,agent_04,2025-07-07,2025-07-12,2025-08-05,Completed,High
881,Address change,Register Operations,agent_04,2026-06-08,2026-06-13,2026-06-19,Completed,High
882,Address change,Supporter Care,agent_24,2026-06-14,2026-07-04,2026-07-11,Completed,High
883,Swab kit dispatch,Fundraising Ops,agent_06,2026-07-07,2026-07-12,2026-07-27,Completed,High
884,Thank-you letter,Supporter Care,agent_08,2026-08-04,2026-08-24,2026-08-10,Completed,Low
885,Consent follow-up,Supporter Care,agent_09,2025-10-25,2025-11-04,2025-11-06,Completed,High
886,Data request,Register Operations,agent_11,2025-03-29,2025-04-18,2025-04-27,Completed,Low
887,Address change,Register Operations,agent_12,2025-03-16,2025-03-26,2025-03-16,Completed,Normal
888,Complaint,Fundraising Ops,agent_08,2025-10-20,2025-10-25,,In Progress,Normal
889,Thank-you letter,Supporter Care,agent_12,2025-06-02,2025-06-07,2025-06-06,Completed,Low
890,Thank-you letter,Fundraising Ops,agent_01,2026-01-24,2026-01-29,2026-02-02,Completed,Low
891,Address change,Fundraising Ops,agent_12,2025-07-26,2025-08-15,2025-08-07,Completed,Normal
892,Thank-you letter,Fundraising Ops,agent_03,2025-07-27,2025-08-16,2025-08-10,Complete,High
893,Gift Aid declaration,Supporter Care,agent_26,2026-03-22,2026-04-01,2026-03-30,Completed,Low
894,Consent follow-up,Supporter Care,agent_20,2026-06-16,2026-06-26,2026-07-17,Completed,High
895,Welcome pack,Fundraising Ops,agent_11,2025-09-04,2025-09-09,2025-09-20,Complete,Normal
896,Welcome pack,Supporter Care,agent_19,2025-03-28,2025-03-30,2025-04-05,Completed,Normal
897,Address change,Fundraising Ops,agent_15,2025-05-08,2025-05-13,2025-05-08,Completed,Normal
898,Address change,Register Operations,agent_15,2025-03-23,2025-03-28,2025-04-08,Complete,Normal
899,Gift Aid declaration,Supporter Care,agent_08,2025-07-15,2025-07-17,2025-07-24,Completed,Normal
900,Swab kit dispatch,Supporter Care,agent_09,2026-02-06,2026-02-08,2026-02-15,Completed,Normal
901,Welcome pack,Register Operations,agent_18,2026-06-09,2026-06-19,2026-06-26,Completed,Urgent
902,Data request,Fundraising Ops,agent_23,2026-01-10,2026-01-20,2026-01-31,Completed,Normal
903,Consent follow-up,Fundraising Ops,agent_12,2025-10-09,2025-10-19,2025-11-19,Completed,Normal
904,Address change,Register Operations,agent_12,2025-09-09,2025-09-14,2025-09-25,Completed,Low
905,Consent follow-up,Supporter Care,agent_05,2026-03-17,2026-03-22,2026-04-09,Completed,Normal
906,Address change,Fundraising Ops,agent_12,2026-02-20,2026-02-22,2026-02-25,Complete,Normal
907,Thank-you letter,Supporter Care,agent_19,2026-05-02,2026-05-04,2026-05-13,Completed,Normal
908,Data request,Register Operations,agent_04,2026-01-09,2026-01-11,2026-01-27,Completed,Normal
909,Thank-you letter,Supporter Care,agent_14,2026-03-19,2026-03-29,2026-03-30,Completed,High
910,Swab kit dispatch,Register Operations,agent_09,2025-04-02,2025-04-22,2025-04-06,Completed,Normal
911,Thank-you letter,Register Operations,agent_25,2026-02-13,2026-02-18,2026-02-23,Completed,Low
912,Gift Aid declaration,Supporter Care,agent_22,2026-04-21,2026-05-01,2026-04-30,Completed,High
913,Consent follow-up,Fundraising Ops,agent_20,2025-05-08,2025-05-13,2025-05-08,Completed,Normal
914,Address change,Supporter Care,agent_22,2026-01-31,2026-02-20,2026-02-12,Completed,Normal
915,Complaint,Fundraising Ops,agent_04,2025-03-07,2025-03-09,2025-04-28,Completed,High
916,Thank-you letter,Supporter Care,agent_12,2025-08-07,2025-08-09,2025-08-17,Completed,Normal
917,Address change,Supporter Care,agent_15,2025-12-05,2025-12-15,2025-12-14,Completed,Normal
918,Gift Aid declaration,Fundraising Ops,agent_11,2026-08-15,2026-08-20,,Open,Normal
919,Swab kit dispatch,Register Operations,agent_07,2026-04-18,2026-04-28,2026-04-22,Completed,Normal
920,Complaint,Supporter Care,agent_06,2026-07-09,2026-07-11,2026-07-09,Completed,Normal
921,Gift Aid declaration,Supporter Care,agent_18,2025-12-27,2026-01-01,2026-01-21,Completed,Urgent
922,Data request,Fundraising Ops,agent_12,2025-11-28,2025-12-03,2025-11-28,Completed,Normal
923,Data request,Register Operations,agent_05,2026-02-14,2026-03-06,2026-03-15,Completed,Normal
924,Swab kit dispatch,Register Operations,agent_23,2025-08-11,2025-08-13,2025-08-22,Completed,Normal
925,Address change,Register Operations,agent_11,2025-10-19,2025-10-21,2025-11-09,Completed,Low
926,Data request,Register Operations,agent_16,2026-05-08,2026-05-28,2026-06-29,Completed,Normal
927,Swab kit dispatch,Fundraising Ops,agent_25,2026-04-03,2026-04-13,2026-04-09,Completed,Low
928,Address change,Register Operations,agent_11,2026-05-02,2026-05-07,2026-05-13,Completed,Normal
929,Thank-you letter,Supporter Care,agent_23,2025-06-14,2025-06-24,2025-06-23,Completed,Normal
930,Thank-you letter,Register Operations,agent_05,2026-04-16,2026-04-18,2026-04-21,Completed,Normal
931,Swab kit dispatch,Supporter Care,agent_16,2025-05-12,2025-05-17,2025-05-23,Completed,Low
932,Welcome pack,Supporter Care,agent_15,2025-02-27,2025-03-19,2025-03-13,Completed,Low
933,Welcome pack,Fundraising Ops,agent_19,2026-08-03,2026-08-13,,In Progress,Low
934,Data request,Fundraising Ops,agent_05,2026-02-22,2026-03-04,2026-03-30,Completed,High
935,Address change,Fundraising Ops,agent_03,2026-04-17,2026-04-22,2026-05-01,Completed,Normal
936,Address change,Supporter Care,agent_05,2025-09-01,2025-09-03,2025-09-06,Completed,Normal
937,Gift Aid declaration,Register Operations,agent_16,2026-02-11,2026-02-21,2026-03-15,Completed,Normal
938,Address change,Supporter Care,agent_07,2026-02-11,2026-02-21,2026-02-11,Completed,Normal
939,Welcome pack,Supporter Care,agent_21,2026-04-28,2026-05-18,2026-05-13,Completed,Normal
940,Swab kit dispatch,Supporter Care,agent_13,2026-05-27,2026-06-01,2026-06-06,Completed,Low
941,Data request,Supporter Care,agent_24,2025-11-13,2025-11-15,2025-12-24,Completed,Low
942,Gift Aid declaration,Supporter Care,agent_21,2025-12-18,2025-12-28,2025-12-29,Completed,Normal
943,Thank-you letter,Fundraising Ops,agent_13,2026-01-10,2026-01-15,2026-01-13,Completed,Normal
944,Gift Aid declaration,Register Operations,agent_09,2026-01-25,2026-01-30,2026-02-01,Complete,High
945,Complaint,Supporter Care,agent_09,2026-08-08,2026-08-28,,Blocked,High
946,Swab kit dispatch,Supporter Care,agent_16,2026-03-25,2026-04-14,2026-04-08,Completed,Normal
947,Swab kit dispatch,Fundraising Ops,agent_16,2025-09-12,2025-10-02,2025-09-20,Completed,Normal
948,Consent follow-up,Fundraising Ops,agent_07,2026-06-12,2026-07-02,,Open,High
949,Swab kit dispatch,Supporter Care,agent_25,2026-01-01,2026-01-11,2026-01-13,Completed,High
950,Gift Aid declaration,Supporter Care,agent_22,2026-08-09,2026-08-29,,Blocked,High
951,Welcome pack,Register Operations,agent_18,2025-12-09,2025-12-11,2025-12-18,Completed,Normal
952,Welcome pack,Fundraising Ops,agent_13,2026-07-07,2026-07-27,2026-08-01,Completed,Normal
953,Complaint,Supporter Care,agent_09,2026-06-02,2026-06-04,2026-07-18,Completed,Normal
954,Gift Aid declaration,Supporter Care,agent_14,2025-10-22,2025-10-24,2025-11-14,Complete,Urgent
955,Consent follow-up,Fundraising Ops,agent_20,2025-09-04,2025-09-24,2025-09-25,Completed,Normal
956,Welcome pack,Register Operations,agent_10,2026-03-08,2026-03-13,2026-03-11,Completed,Normal
957,Data request,Fundraising Ops,agent_10,2025-05-03,2025-05-23,2025-05-12,Completed,Normal
958,Thank-you letter,Supporter Care,agent_15,2025-06-19,2025-06-24,,Blocked,Low
959,Thank-you letter,Fundraising Ops,agent_15,2025-03-10,2025-03-30,2025-03-13,Completed,Normal
960,Consent follow-up,Fundraising Ops,agent_13,2025-10-04,2025-10-14,2025-10-16,Completed,High
961,Address change,Supporter Care,agent_22,2026-01-18,2026-02-07,2026-01-28,Completed,Normal
962,Gift Aid declaration,Register Operations,agent_04,2025-03-06,2025-03-08,,Blocked,Urgent
963,Data request,Supporter Care,agent_05,2026-07-23,2026-08-02,,Open,Low
964,Swab kit dispatch,Supporter Care,agent_17,2025-12-23,2025-12-25,,Blocked,Normal
965,Thank-you letter,Supporter Care,agent_22,2026-07-29,2026-08-03,2026-08-11,Completed,Low
966,Consent follow-up,Supporter Care,agent_23,2025-05-27,2025-06-01,2025-06-19,Completed,High
967,Gift Aid declaration,Supporter Care,agent_05,2025-04-27,2025-04-29,2025-05-01,Completed,Normal
968,Welcome pack,Fundraising Ops,agent_07,2026-07-16,2026-07-26,2026-07-26,Completed,Normal
969,Complaint,Supporter Care,agent_24,2025-08-02,2025-08-22,2025-08-24,Completed,High
970,Address change,Fundraising Ops,agent_08,2026-04-17,2026-04-19,2026-04-30,Completed,Urgent
971,Complaint,Register Operations,agent_03,2025-04-05,2025-04-10,2025-04-18,Completed,Normal
972,Complaint,Fundraising Ops,agent_11,2026-06-26,2026-07-06,,Blocked,Normal
973,Address change,Register Operations,agent_07,2025-03-11,2025-03-31,2025-04-01,Completed,Low
974,Complaint,Register Operations,agent_21,2026-06-20,2026-07-10,2026-07-30,Complete,Normal
975,Swab kit dispatch,Supporter Care,agent_05,2025-10-13,2025-10-18,2025-10-28,Completed,High
976,Data request,Supporter Care,agent_24,2026-07-01,2026-07-11,2026-07-04,Completed,Normal
977,Consent follow-up,Supporter Care,agent_11,2025-11-13,2025-11-18,2025-12-04,Completed,Urgent
978,Complaint,Register Operations,agent_07,2025-06-25,2025-06-27,2025-08-12,Completed,Normal
979,Swab kit dispatch,Supporter Care,agent_05,2026-05-05,2026-05-15,2026-05-21,Completed,Normal
980,Swab kit dispatch,Supporter Care,agent_05,2026-01-19,2026-02-08,,In Progress,Low
981,Consent follow-up,Register Operations,agent_21,2025-06-11,2025-06-21,2025-07-07,Completed,Normal
982,Data request,Register Operations,agent_09,2025-06-14,2025-07-04,2025-07-18,Completed,High
983,Thank-you letter,Register Operations,agent_03,2025-03-31,2025-04-02,2025-04-10,Completed,Normal
984,Swab kit dispatch,Supporter Care,agent_01,2025-11-11,2025-11-16,2025-11-21,Completed,Low
985,Thank-you letter,Register Operations,agent_20,2026-02-27,2026-03-09,2026-03-04,Completed,Normal
986,Thank-you letter,Fundraising Ops,agent_01,2025-03-08,2025-03-10,2025-03-13,Completed,Normal
987,Complaint,Supporter Care,agent_23,2025-04-06,2025-04-08,2025-05-13,Completed,Normal
988,Address change,Supporter Care,agent_22,2025-10-27,2025-11-06,2025-11-08,Completed,Normal
989,Consent follow-up,Fundraising Ops,agent_03,2025-06-25,2025-07-15,2025-07-16,Completed,Low
990,Data request,Fundraising Ops,agent_06,2026-01-01,2026-01-06,2026-01-08,Complete,Low
991,Gift Aid declaration,Supporter Care,agent_21,2025-11-12,2025-11-14,2025-12-01,Completed,Normal
992,Swab kit dispatch,Supporter Care,agent_02,2026-07-24,2026-07-29,2026-08-08,Completed,Normal
993,Consent follow-up,Register Operations,agent_18,2025-08-01,2025-08-06,2025-08-07,Completed,Normal
994,Complaint,Register Operations,agent_24,2025-11-18,2025-12-08,2025-12-14,Completed,Normal
995,Swab kit dispatch,Supporter Care,agent_19,2026-01-11,2026-01-21,2026-01-18,Completed,High
996,Address change,Fundraising Ops,agent_05,2026-06-21,2026-07-11,,Blocked,Normal
997,Data request,Supporter Care,agent_24,2025-03-30,2025-04-09,2025-03-31,Completed,Low
998,Complaint,Register Operations,agent_15,2025-11-27,2025-12-17,2025-12-21,Completed,High
999,Welcome pack,Supporter Care,agent_21,2026-07-18,2026-07-20,2026-08-05,Completed,High
1000,Consent follow-up,Register Operations,agent_13,2026-05-20,2026-05-30,2026-06-25,Completed,Normal
1001,Data request,Supporter Care,agent_05,2025-05-18,2025-05-23,2025-06-02,Completed,Low
1002,Data request,Supporter Care,agent_11,2025-08-26,2025-09-05,2025-09-20,Completed,Normal
1003,Gift Aid declaration,Fundraising Ops,agent_24,2025-10-15,2025-10-25,,Completed,Normal
1004,Consent follow-up,Fundraising Ops,agent_07,2026-04-19,2026-04-29,,Open,Urgent
1005,Thank-you letter,Supporter Care,agent_04,2026-02-16,2026-02-18,2026-02-24,Completed,Normal
1006,Gift Aid declaration,Fundraising Ops,agent_09,2026-07-13,2026-08-02,2026-07-28,Completed,High
1007,Complaint,Fundraising Ops,agent_22,2026-03-23,2026-03-28,2026-04-20,Completed,High
1008,Complaint,Fundraising Ops,agent_21,2025-12-28,2025-12-30,2026-02-26,Completed,Normal
1009,Thank-you letter,Supporter Care,agent_06,2026-06-25,2026-06-27,2026-07-06,Completed,Normal
1010,Welcome pack,Supporter Care,agent_23,2026-02-17,2026-02-27,2026-02-26,Completed,Normal
1011,Swab kit dispatch,Supporter Care,agent_09,2025-06-12,2025-06-14,2025-06-27,Completed,Normal
1012,Consent follow-up,Supporter Care,agent_15,2025-04-30,2025-05-05,,In Progress,Normal
1013,Address change,Fundraising Ops,agent_14,2025-10-07,2025-10-09,2025-10-19,Completed,High
1014,Data request,Register Operations,agent_16,2025-12-16,2025-12-18,2026-01-12,Completed,Normal
1015,Thank-you letter,Fundraising Ops,agent_05,2026-08-14,2026-08-24,,In Progress,Low
1016,Complaint,Fundraising Ops,agent_24,2026-04-01,2026-04-03,2026-04-12,Completed,Normal
1017,Thank-you letter,Register Operations,agent_09,2025-05-01,2025-05-21,2025-05-04,Completed,High
1018,Welcome pack,Register Operations,agent_26,2025-09-23,2025-09-25,2025-10-04,Completed,Normal
1019,Thank-you letter,Fundraising Ops,agent_05,2025-09-04,2025-09-14,2025-09-13,Completed,High
1020,Consent follow-up,Fundraising Ops,agent_07,2025-09-11,2025-09-13,2025-10-03,Completed,Normal
1021,Thank-you letter,Supporter Care,agent_09,2026-06-01,2026-06-03,2026-06-15,Completed,High
1022,Address change,Fundraising Ops,agent_04,2025-12-29,2026-01-03,2026-01-12,Completed,Normal
1023,Welcome pack,Fundraising Ops,agent_10,2025-03-06,2025-03-16,2025-03-20,Completed,Normal
1024,Consent follow-up,Register Operations,agent_18,2025-07-05,2025-07-07,,Open,Normal
1025,Data request,Supporter Care,agent_22,2026-02-03,2026-02-13,2026-02-24,Completed,High
1026,Complaint,Fundraising Ops,agent_09,2026-07-10,2026-07-20,,Open,High
1027,Welcome pack,Fundraising Ops,agent_21,2026-03-21,2026-03-31,2026-03-29,Completed,Normal
1028,Address change,Fundraising Ops,agent_14,2025-02-23,2025-03-15,2025-03-06,Completed,High
1029,Welcome pack,Fundraising Ops,agent_04,2025-12-19,2026-01-08,2025-12-22,Completed,Normal
1030,Address change,Register Operations,agent_20,2025-09-28,2025-10-08,2025-10-07,Completed,Normal
1031,Gift Aid declaration,Supporter Care,agent_03,2025-05-13,2025-05-15,2025-06-05,Completed,High
1032,Thank-you letter,Register Operations,agent_11,2025-07-30,2025-08-19,2025-08-06,Completed,Normal
1033,Data request,Fundraising Ops,agent_17,2026-06-25,2026-07-05,,Blocked,Normal
1034,Address change,Fundraising Ops,agent_13,2025-10-23,2025-10-28,2025-10-28,Completed,Low
1035,Gift Aid declaration,Register Operations,agent_06,2025-06-05,2025-06-10,2025-06-25,Complete,Normal
1036,Welcome pack,Supporter Care,agent_26,2025-11-17,2025-12-07,2025-11-20,Completed,Normal
1037,Swab kit dispatch,Fundraising Ops,agent_24,2025-08-03,2025-08-08,2025-08-08,Completed,Normal
1038,Data request,Fundraising Ops,agent_19,2025-07-28,2025-08-07,2025-08-21,Completed,Low
1039,Complaint,Fundraising Ops,agent_14,2026-02-09,2026-03-01,,In Progress,Normal
1040,Gift Aid declaration,Supporter Care,agent_19,2025-07-16,2025-07-18,2025-07-27,Completed,Normal
1041,Complaint,Fundraising Ops,agent_26,2025-12-28,2025-12-30,2026-01-26,Completed,Normal
1042,Complaint,Supporter Care,agent_17,2025-12-21,2025-12-23,2026-01-22,Complete,High
1043,Data request,Register Operations,agent_04,2026-07-28,2026-08-02,,In Progress,Normal
1044,Thank-you letter,Supporter Care,agent_07,2026-06-21,2026-06-26,2026-06-29,Completed,Normal
1045,Address change,Supporter Care,agent_21,2026-07-03,2026-07-23,2026-07-16,Completed,Normal
1046,Complaint,Supporter Care,agent_13,2025-12-31,2026-01-20,2026-01-22,Completed,Low
1047,Gift Aid declaration,Fundraising Ops,agent_25,2025-07-08,2025-07-28,2025-07-19,Completed,Normal
1048,Address change,Fundraising Ops,agent_02,2025-09-23,2025-09-25,2025-10-11,Completed,Normal
1049,Welcome pack,Register Operations,agent_07,2025-11-19,2025-11-24,2025-11-30,Completed,High
1050,Gift Aid declaration,Fundraising Ops,agent_14,2026-04-23,2026-04-25,2026-05-18,Completed,Low
1051,Data request,Supporter Care,agent_19,2025-07-01,2025-07-03,,Blocked,Urgent
1052,Thank-you letter,Register Operations,agent_04,2025-03-05,2025-03-25,2025-03-12,Completed,High
1053,Gift Aid declaration,Fundraising Ops,agent_03,2026-01-28,2026-02-07,2026-02-13,Completed,High
1054,Address change,Supporter Care,agent_23,2025-03-22,2025-03-27,2025-04-02,Completed,Urgent
1055,Swab kit dispatch,Register Operations,agent_07,2025-04-17,2025-05-07,2025-04-28,Completed,High
1056,Gift Aid declaration,Fundraising Ops,agent_14,2026-06-23,2026-06-28,2026-07-12,Completed,Urgent
1057,Welcome pack,Register Operations,agent_02,2026-07-17,2026-07-22,2026-07-22,Completed,Low
1058,Swab kit dispatch,Supporter Care,agent_04,2026-01-06,2026-01-08,2026-01-21,Completed,Low
1059,Thank-you letter,Register Operations,agent_13,2025-03-26,2025-03-28,2025-04-09,Completed,Low
1060,Gift Aid declaration,Fundraising Ops,agent_10,2026-07-09,2026-07-19,2026-07-27,Completed,Urgent
1061,Welcome pack,Supporter Care,agent_26,2026-01-17,2026-02-06,2026-02-01,Completed,Normal
1062,Thank-you letter,Fundraising Ops,agent_25,2025-12-15,2025-12-17,2025-12-21,Completed,High
1063,Complaint,Register Operations,agent_18,2026-05-12,2026-05-22,2026-05-15,Completed,High
1064,Swab kit dispatch,Fundraising Ops,agent_09,2026-04-09,2026-04-14,2026-04-10,Completed,Normal
1065,Consent follow-up,Register Operations,agent_08,2025-09-11,2025-10-01,2025-09-30,Completed,Normal
1066,Swab kit dispatch,Supporter Care,agent_25,2026-03-01,2026-03-21,2026-03-04,Completed,Low
1067,Gift Aid declaration,Supporter Care,agent_08,2025-06-03,2025-06-13,2025-06-22,Completed,Low
1068,Address change,Register Operations,agent_20,2026-06-15,2026-07-05,2026-06-30,Completed,Low
1069,Consent follow-up,Register Operations,agent_20,2026-03-17,2026-03-27,2026-03-28,Completed,Normal
1070,Complaint,Fundraising Ops,agent_03,2025-04-11,2025-04-21,,Blocked,Normal
1071,Consent follow-up,Register Operations,agent_17,2026-01-07,2026-01-17,2026-01-19,Completed,Normal
1072,Thank-you letter,Supporter Care,agent_07,2025-05-13,2025-05-15,2025-05-13,Completed,Normal
1073,Gift Aid declaration,Supporter Care,agent_09,2025-09-26,2025-09-28,2025-10-09,Completed,Normal
1074,Welcome pack,Fundraising Ops,agent_25,2026-02-03,2026-02-08,,Open,Low
1075,Gift Aid declaration,Supporter Care,agent_17,2025-04-18,2025-05-08,2025-05-03,Completed,Normal
1076,Address change,Register Operations,agent_21,2025-11-15,2025-11-20,2025-12-01,Completed,Normal
1077,Address change,Supporter Care,agent_08,2026-01-05,2026-01-07,2026-01-14,Completed,Low
1078,Swab kit dispatch,Register Operations,agent_17,2025-11-03,2025-11-08,2025-11-10,Completed,Low
1079,Welcome pack,Supporter Care,agent_05,2025-05-19,2025-05-24,2025-05-25,Completed,High
1080,Data request,Register Operations,agent_18,2026-05-11,2026-05-21,2026-05-29,Completed,Normal
1081,Address change,Fundraising Ops,agent_04,2026-07-24,2026-08-13,2026-08-09,Completed,Normal
1082,Complaint,Register Operations,agent_24,2026-07-26,2026-08-15,,Blocked,Normal
1083,Gift Aid declaration,Supporter Care,agent_05,2025-08-27,2025-09-01,2025-09-26,Completed,Normal
1084,Swab kit dispatch,Fundraising Ops,agent_19,2026-05-13,2026-05-15,,In Progress,Normal
1085,Welcome pack,Register Operations,agent_02,2026-01-06,2026-01-26,2026-01-10,Completed,High
1086,Address change,Supporter Care,agent_22,2026-06-20,2026-06-22,2026-07-07,Completed,High
1087,Complaint,Fundraising Ops,agent_04,2025-06-20,2025-06-30,,In Progress,Normal
1088,Swab kit dispatch,Fundraising Ops,agent_13,2025-07-12,2025-07-22,2025-07-21,Completed,Urgent
1089,Data request,Supporter Care,agent_11,2025-11-13,2025-12-03,2025-12-26,Completed,Normal
1090,Address change,Supporter Care,agent_01,2025-12-14,2025-12-24,2025-12-24,Completed,Low
1091,Thank-you letter,Fundraising Ops,agent_04,2025-11-21,2025-12-01,2025-11-23,Completed,Normal
1092,Consent follow-up,Register Operations,agent_05,2025-05-11,2025-05-31,2025-05-18,Completed,Normal
1093,Welcome pack,Register Operations,agent_24,2025-08-18,2025-09-07,2025-08-26,Completed,Normal
1094,Consent follow-up,Supporter Care,agent_17,2025-03-21,2025-03-26,2025-03-30,Completed,Normal
1095,Data request,Supporter Care,agent_25,2025-08-08,2025-08-13,2025-08-20,Completed,Normal
1096,Data request,Register Operations,agent_15,2026-03-23,2026-04-12,2026-04-19,Completed,Normal
1097,Thank-you letter,Fundraising Ops,agent_15,2025-07-15,2025-07-25,2025-07-18,Completed,Low
1098,Address change,Fundraising Ops,agent_02,2026-02-02,2026-02-12,2026-02-21,Completed,Normal
1099,Swab kit dispatch,Register Operations,agent_10,2025-12-13,2026-01-02,2025-12-20,Completed,High
1100,Welcome pack,Supporter Care,agent_18,2025-12-30,2026-01-04,2026-01-08,Complete,High
1101,Thank-you letter,Supporter Care,agent_03,2026-01-20,2026-01-30,2026-01-29,Completed,Normal
1102,Address change,Supporter Care,agent_13,2025-10-10,2025-10-15,2025-10-18,Completed,High
1103,Welcome pack,Fundraising Ops,agent_04,2025-05-01,2025-05-06,2025-05-05,Completed,Normal
1104,Data request,Supporter Care,agent_24,2026-08-11,2026-08-21,,Blocked,Normal
1105,Complaint,Supporter Care,agent_21,2025-12-19,2025-12-24,2025-12-27,Completed,Normal
1106,Gift Aid declaration,Supporter Care,agent_02,2025-06-22,2025-07-02,2025-07-04,Completed,Normal
1107,Complaint,Fundraising Ops,agent_19,2025-12-25,2025-12-27,2026-01-26,Completed,Normal
1108,Gift Aid declaration,Register Operations,agent_13,2025-06-26,2025-07-01,2025-07-14,Completed,Normal
1109,Thank-you letter,Supporter Care,agent_18,2025-10-18,2025-10-23,2025-10-28,Completed,Normal
1110,Address change,Register Operations,agent_22,2025-03-29,2025-03-31,2025-04-09,Completed,High
1111,Data request,Fundraising Ops,agent_14,2026-05-03,2026-05-05,2026-06-04,Completed,Low
1112,Complaint,Register Operations,agent_14,2025-03-11,2025-03-31,2025-04-09,Completed,Normal
1113,Consent follow-up,Register Operations,agent_17,2025-08-29,2025-09-03,,Open,High
1114,Complaint,Register Operations,agent_23,2025-05-20,2025-05-25,2025-07-01,Completed,Low
1115,Thank-you letter,Fundraising Ops,agent_14,2025-04-05,2025-04-15,2025-04-13,Completed,Urgent
1116,Complaint,Fundraising Ops,agent_21,2025-07-05,2025-07-25,2025-08-03,Complete,Low
1117,Consent follow-up,Register Operations,agent_22,2026-05-07,2026-05-09,2026-05-27,Completed,Urgent
1118,Address change,Supporter Care,agent_20,2025-09-16,2025-09-18,2025-09-27,Completed,Normal
1119,Data request,Supporter Care,agent_10,2025-11-20,2025-11-25,2025-12-29,Completed,Urgent
1120,Swab kit dispatch,Fundraising Ops,agent_12,2025-02-27,2025-03-19,2025-03-05,Completed,High
1121,Complaint,Register Operations,agent_26,2025-11-23,2025-11-28,2025-11-28,Completed,Normal
1122,Thank-you letter,Supporter Care,agent_21,2026-03-22,2026-03-24,2026-03-25,Completed,High
1123,Welcome pack,Supporter Care,agent_20,2026-07-28,2026-07-30,2026-08-04,Completed,Normal
1124,Complaint,Supporter Care,agent_04,2025-04-17,2025-04-27,2025-05-03,Completed,High
1125,Data request,Register Operations,,2026-06-18,2026-07-08,2026-07-08,Completed,Normal
1126,Consent follow-up,Register Operations,agent_09,2025-09-01,2025-09-03,2025-09-26,Completed,High
1127,Complaint,Register Operations,agent_26,2025-11-20,2025-11-25,2025-12-26,Completed,High
1128,Consent follow-up,Supporter Care,agent_09,2026-01-19,2026-02-08,2026-02-11,Completed,High
1129,Consent follow-up,Fundraising Ops,agent_17,2025-10-09,2025-10-29,2025-10-23,Completed,Normal
1130,Welcome pack,Register Operations,agent_02,2026-04-20,2026-05-10,2026-04-26,Completed,Low
1131,Swab kit dispatch,Register Operations,agent_04,2025-03-04,2025-03-24,2025-03-11,Completed,Urgent
1132,Welcome pack,Supporter Care,agent_26,2026-01-03,2026-01-23,2026-01-10,Completed,Low
1133,Thank-you letter,Register Operations,agent_13,2026-06-01,2026-06-06,2026-06-10,Complete,Normal
1134,Gift Aid declaration,Supporter Care,agent_08,2025-08-01,2025-08-21,2025-08-26,Completed,High
1135,Gift Aid declaration,Register Operations,agent_25,2025-08-03,2025-08-05,2025-08-17,Completed,High
1136,Thank-you letter,Fundraising Ops,agent_21,2026-05-17,2026-06-06,2026-05-29,Completed,High
1137,Thank-you letter,Supporter Care,agent_20,2026-07-28,2026-08-02,2026-08-13,Completed,Low
1138,Data request,Fundraising Ops,agent_08,2026-02-08,2026-02-13,2026-02-27,Completed,Normal
1139,Data request,Supporter Care,agent_24,2025-04-23,2025-05-03,2025-06-01,Completed,Normal
1140,Swab kit dispatch,Fundraising Ops,agent_24,2026-02-01,2026-02-03,2026-02-11,Completed,Normal
1141,Swab kit dispatch,Supporter Care,agent_11,2025-12-16,2025-12-18,2025-12-21,Completed,Normal
1142,Gift Aid declaration,Register Operations,agent_15,2025-04-08,2025-04-10,2025-04-17,Completed,Normal
1143,Address change,Fundraising Ops,agent_10,2026-02-19,2026-02-24,2026-03-04,Completed,Normal
1144,Welcome pack,Supporter Care,agent_17,2026-04-23,2026-05-13,2026-05-05,Completed,Normal
1145,Consent follow-up,Register Operations,agent_26,2025-11-25,2025-12-15,2025-11-28,Completed,Normal
1146,Swab kit dispatch,Register Operations,agent_23,2025-11-17,2025-12-07,,In Progress,Low
1147,Address change,Fundraising Ops,agent_16,2025-05-22,2025-05-24,2025-06-05,Completed,Normal
1148,Consent follow-up,Fundraising Ops,agent_06,2026-04-03,2026-04-13,2026-05-12,Completed,Normal
1149,Thank-you letter,Register Operations,agent_13,2025-07-23,2025-07-28,2025-07-28,Completed,High
1150,Thank-you letter,Register Operations,agent_10,2025-11-10,2025-11-30,2025-11-18,Completed,Normal
1151,Data request,Register Operations,agent_15,2026-06-13,2026-07-03,2026-07-10,Completed,High
1152,Data request,Fundraising Ops,agent_18,2025-04-13,2025-05-03,2025-04-13,Completed,Normal
1153,Data request,Supporter Care,agent_01,2026-03-09,2026-03-29,2026-04-01,Completed,Normal
1154,Thank-you letter,Supporter Care,agent_18,2026-04-11,2026-04-21,2026-04-25,Completed,Low
1155,Complaint,Fundraising Ops,agent_02,2025-08-11,2025-08-16,2025-08-12,Completed,Normal
1156,Swab kit dispatch,Supporter Care,agent_23,2026-04-25,2026-04-30,2026-04-29,Completed,High
1157,Address change,Supporter Care,agent_24,2025-11-04,2025-11-24,2025-11-21,Completed,Urgent
1158,Complaint,Supporter Care,agent_11,2026-01-22,2026-01-24,2026-03-14,Completed,Normal
1159,Swab kit dispatch,Register Operations,agent_02,2025-07-30,2025-08-04,2025-08-05,Completed,Low
1160,Welcome pack,Fundraising Ops,agent_19,2026-04-08,2026-04-10,2026-04-21,Completed,Normal
1161,Swab kit dispatch,Fundraising Ops,agent_02,2025-03-12,2025-03-14,2025-03-19,Completed,High
1162,Swab kit dispatch,Register Operations,agent_09,2025-10-18,2025-11-07,2025-10-25,Completed,Normal
1163,Welcome pack,Fundraising Ops,agent_26,2025-07-24,2025-07-29,2025-08-09,Completed,High
1164,Thank-you letter,Supporter Care,agent_08,2025-09-13,2025-09-15,,Open,Normal
1165,Welcome pack,Fundraising Ops,agent_03,2026-04-16,2026-05-06,2026-04-17,Completed,Normal
1166,Address change,Fundraising Ops,agent_23,2025-05-18,2025-05-23,,Blocked,High
1167,Data request,Fundraising Ops,agent_07,2025-08-29,2025-09-18,2025-10-03,Completed,High
1168,Address change,Fundraising Ops,agent_09,2026-01-28,2026-02-17,2026-02-05,Completed,Low
1169,Complaint,Supporter Care,agent_10,2026-04-04,2026-04-24,2026-05-14,Completed,Normal
1170,Data request,Fundraising Ops,agent_16,2025-11-14,2025-11-16,2025-12-07,Completed,Normal
1171,Thank-you letter,Register Operations,agent_10,2025-11-22,2025-12-12,2025-11-26,Completed,Low
1172,Gift Aid declaration,Supporter Care,agent_07,2025-09-04,2025-09-06,,In Progress,Normal
1173,Swab kit dispatch,Fundraising Ops,agent_02,2026-01-18,2026-01-20,2026-01-25,Completed,Normal
1174,Swab kit dispatch,Fundraising Ops,agent_25,2026-05-28,2026-05-30,2026-06-13,Completed,Normal
1175,Thank-you letter,Register Operations,agent_05,2026-01-31,2026-02-20,2026-02-07,Completed,Normal
1176,Address change,Register Operations,agent_01,2026-06-25,2026-07-05,2026-07-11,Completed,Normal
1177,Data request,Register Operations,agent_06,2025-11-02,2025-11-12,2025-11-13,Completed,Normal
1178,Swab kit dispatch,Register Operations,agent_19,2026-01-17,2026-01-22,2026-01-30,Completed,Normal
1179,Gift Aid declaration,Register Operations,agent_11,2025-04-21,2025-04-26,2025-05-23,Completed,Normal
1180,Address change,Supporter Care,agent_11,2026-08-14,2026-08-24,,Open,Low
1181,Swab kit dispatch,Supporter Care,agent_26,2025-07-12,2025-07-14,2025-07-16,Completed,Normal
1182,Swab kit dispatch,Supporter Care,agent_13,2026-03-16,2026-03-26,2026-03-23,Completed,High
1183,Consent follow-up,Fundraising Ops,agent_22,2025-04-07,2025-04-27,2025-04-21,Completed,Normal
1184,Swab kit dispatch,Fundraising Ops,agent_13,2025-11-29,2025-12-19,2025-12-03,Completed,Normal
1185,Complaint,Fundraising Ops,agent_02,2025-03-02,2025-03-12,2025-03-16,Completed,Normal
1186,Address change,Fundraising Ops,agent_19,2025-05-05,2025-05-10,2025-05-21,Completed,Normal
1187,Gift Aid declaration,Fundraising Ops,agent_06,2026-03-11,2026-03-13,2026-04-11,Completed,High
1188,Thank-you letter,Supporter Care,agent_23,2025-10-22,2025-11-01,2025-10-24,Completed,Urgent
1189,Welcome pack,Supporter Care,agent_02,2026-01-20,2026-01-22,2026-02-02,Completed,High
1190,Thank-you letter,Fundraising Ops,agent_14,2025-03-02,2025-03-12,2025-03-11,Completed,High
1191,Swab kit dispatch,Fundraising Ops,agent_25,2025-04-12,2025-04-22,2025-04-14,Completed,High
1192,Consent follow-up,Supporter Care,agent_21,2025-05-20,2025-05-22,2025-05-30,Completed,High
1193,Consent follow-up,Fundraising Ops,agent_07,2025-03-02,2025-03-04,2025-03-18,Completed,Normal
1194,Address change,Register Operations,agent_02,2025-11-15,2025-11-25,,Open,Normal
1195,Address change,Register Operations,agent_04,2026-03-28,2026-04-17,2026-04-16,Completed,Normal
1196,Consent follow-up,Register Operations,agent_11,2025-10-08,2025-10-13,2025-10-09,Completed,Normal
1197,Thank-you letter,Supporter Care,agent_20,2025-03-19,2025-03-21,2025-03-26,Completed,Normal
1198,Thank-you letter,Register Operations,agent_01,2026-07-05,2026-07-07,2026-07-18,Completed,Urgent
1199,Complaint,Register Operations,agent_08,2025-08-15,2025-08-17,2025-09-20,Completed,Urgent
1200,Complaint,Register Operations,agent_23,2026-03-23,2026-04-12,2026-03-23,Complete,High
1201,Address change,Supporter Care,agent_23,2026-06-10,2026-06-30,2026-06-26,Completed,Normal
1202,Swab kit dispatch,Fundraising Ops,agent_19,2025-04-01,2025-04-11,2025-04-06,Completed,High
1203,Address change,Register Operations,agent_18,2025-05-19,2025-05-29,2025-05-30,Completed,Normal
1204,Address change,Supporter Care,agent_18,2025-09-02,2025-09-07,2025-09-17,Completed,Normal
1205,Complaint,Supporter Care,agent_11,2025-10-11,2025-10-31,,Open,Normal
1206,Welcome pack,Supporter Care,agent_09,2026-05-14,2026-05-19,2026-05-28,Completed,Normal
1207,Consent follow-up,Register Operations,agent_10,2026-01-24,2026-02-03,2026-02-09,Completed,High
1208,Swab kit dispatch,Fundraising Ops,agent_06,2026-05-15,2026-05-17,2026-05-28,Completed,High
1209,Welcome pack,Fundraising Ops,agent_08,2025-03-29,2025-04-08,2025-04-11,Completed,Normal
1210,Thank-you letter,Supporter Care,agent_16,2026-08-03,2026-08-08,2026-08-09,Complete,Low
1211,Consent follow-up,Fundraising Ops,agent_08,2026-06-07,2026-06-09,,Blocked,Normal
1212,Data request,Register Operations,agent_24,2025-04-10,2025-04-20,2025-04-13,Complete,Low
1213,Address change,Supporter Care,agent_24,2025-04-16,2025-04-26,2025-04-27,Completed,Normal
1214,Swab kit dispatch,Supporter Care,agent_14,2025-11-02,2025-11-07,,Open,Normal
1215,Gift Aid declaration,Supporter Care,agent_03,2025-11-28,2025-12-08,,In Progress,Normal
1216,Address change,Fundraising Ops,agent_04,2025-10-13,2025-10-23,2025-10-30,Completed,Urgent
1217,Thank-you letter,Fundraising Ops,agent_20,2025-07-26,2025-07-28,2025-07-29,Completed,Low
1218,Consent follow-up,Fundraising Ops,agent_23,2025-05-21,2025-05-26,2025-06-24,Completed,Low
1219,Data request,Register Operations,agent_20,2026-05-20,2026-06-09,2026-06-15,Completed,Normal
1220,Data request,Fundraising Ops,agent_08,2025-06-16,2025-06-21,2025-07-28,Completed,Urgent
1221,Gift Aid declaration,Supporter Care,agent_25,2026-01-31,2026-02-20,,Completed,High
1222,Data request,Fundraising Ops,agent_01,2025-08-26,2025-09-15,2025-09-16,Completed,Normal
1223,Gift Aid declaration,Supporter Care,agent_05,2025-07-16,2025-07-21,2025-07-30,Completed,High
1224,Swab kit dispatch,Supporter Care,agent_21,2026-04-16,2026-04-26,2026-04-18,Completed,Normal
1225,Consent follow-up,Fundraising Ops,agent_03,2026-04-22,2026-04-24,2026-05-12,Completed,Normal
1226,Swab kit dispatch,Fundraising Ops,agent_26,2026-01-13,2026-01-23,2026-01-23,Completed,Urgent
1227,Data request,Fundraising Ops,agent_07,2026-06-11,2026-06-13,2026-07-19,Completed,Normal
1228,Complaint,Register Operations,agent_08,2025-03-04,2025-03-14,2025-03-10,Completed,Normal
1229,Data request,Register Operations,agent_20,2025-09-17,2025-09-19,2025-09-29,Completed,High
1230,Consent follow-up,Supporter Care,,2025-12-31,2026-01-02,2026-01-27,Completed,High
1231,Address change,Supporter Care,agent_19,2026-04-11,2026-04-21,2026-05-01,Completed,Normal
1232,Consent follow-up,Fundraising Ops,agent_15,2025-07-25,2025-08-04,2025-08-10,Completed,Normal
1233,Swab kit dispatch,Supporter Care,,2026-01-27,2026-02-06,2026-01-29,Completed,Normal
1234,Consent follow-up,Register Operations,agent_19,2026-01-10,2026-01-15,2026-01-25,Completed,Low
1235,Data request,Fundraising Ops,agent_13,2025-10-04,2025-10-06,2025-11-04,Completed,Normal
1236,Swab kit dispatch,Supporter Care,agent_23,2025-03-10,2025-03-30,2025-03-26,Completed,Normal
1237,Complaint,Fundraising Ops,agent_11,2025-10-07,2025-10-27,2025-10-07,Completed,High
1238,Thank-you letter,Supporter Care,agent_06,2025-03-31,2025-04-05,2025-04-08,Completed,Low
1239,Swab kit dispatch,Register Operations,agent_15,2026-07-28,2026-08-17,2026-08-04,Completed,Normal
1240,Thank-you letter,Register Operations,agent_14,2026-04-16,2026-05-06,2026-04-26,Completed,High
1241,Data request,Fundraising Ops,agent_10,2025-04-27,2025-04-29,2025-05-29,Completed,Normal
1242,Thank-you letter,Fundraising Ops,agent_20,2026-05-28,2026-06-07,2026-06-05,Completed,Low
1243,Welcome pack,Supporter Care,agent_24,2025-03-20,2025-03-25,2025-04-11,Complete,High
1244,Welcome pack,Supporter Care,agent_12,2026-05-02,2026-05-12,2026-05-16,Completed,High
1245,Complaint,Register Operations,agent_24,2026-07-29,2026-08-18,,Open,Normal
1246,Thank-you letter,Register Operations,agent_03,2026-05-03,2026-05-08,2026-05-09,Completed,Normal
1247,Complaint,Register Operations,agent_05,2025-07-26,2025-07-31,2025-08-28,Completed,Urgent
1248,Data request,Supporter Care,agent_09,2026-04-02,2026-04-22,2026-04-24,Completed,High
1249,Consent follow-up,Fundraising Ops,agent_12,2025-03-14,2025-03-19,2025-03-24,Complete,High
1250,Consent follow-up,Fundraising Ops,agent_02,2025-11-17,2025-11-19,,Blocked,Normal
1251,Address change,Supporter Care,agent_19,2026-03-02,2026-03-22,,Open,Low
1252,Swab kit dispatch,Fundraising Ops,agent_22,2025-08-28,2025-09-02,2025-08-28,Completed,High
1253,Gift Aid declaration,Fundraising Ops,agent_02,2025-03-08,2025-03-18,,Blocked,Normal
1254,Complaint,Register Operations,agent_19,2026-02-19,2026-03-11,2026-03-06,Completed,High
1255,Data request,Supporter Care,agent_09,2025-07-31,2025-08-20,2025-08-27,Completed,Normal
1256,Thank-you letter,Register Operations,agent_07,2026-04-19,2026-04-21,2026-04-30,Completed,Normal
1257,Gift Aid declaration,Supporter Care,agent_11,2025-08-23,2025-08-25,2025-09-06,Completed,Normal
1258,Welcome pack,Fundraising Ops,agent_22,2026-05-15,2026-05-20,2026-05-23,Completed,Normal
1259,Data request,Register Operations,agent_12,2026-04-05,2026-04-15,2026-04-15,Completed,Normal
1260,Swab kit dispatch,Fundraising Ops,agent_13,2026-06-03,2026-06-23,2026-06-18,Completed,Normal
1261,Welcome pack,Supporter Care,agent_11,2025-09-14,2025-09-19,2025-10-01,Completed,Urgent
1262,Complaint,Fundraising Ops,agent_18,2026-03-05,2026-03-07,2026-04-01,Completed,Normal
1263,Data request,Supporter Care,agent_05,2025-12-19,2025-12-24,,Open,Normal
1264,Swab kit dispatch,Supporter Care,agent_02,2025-12-05,2025-12-07,2025-12-14,Completed,Normal
1265,Swab kit dispatch,Supporter Care,agent_15,2025-06-05,2025-06-15,2025-06-13,Completed,Normal
1266,Swab kit dispatch,Fundraising Ops,agent_24,2025-04-18,2025-04-20,2025-04-24,Completed,Normal
1267,Data request,Fundraising Ops,agent_16,2026-07-20,2026-08-09,,Open,Normal
1268,Thank-you letter,Fundraising Ops,agent_25,2025-06-10,2025-06-12,,Blocked,Normal
1269,Address change,Fundraising Ops,agent_03,2026-06-23,2026-07-03,2026-07-07,Completed,High
1270,Complaint,Register Operations,agent_15,2025-06-20,2025-06-30,2025-07-25,Completed,Normal
1271,Complaint,Fundraising Ops,agent_09,2026-04-08,2026-04-10,2026-04-26,Completed,High
1272,Swab kit dispatch,Register Operations,agent_06,2025-10-18,2025-10-23,2025-10-29,Completed,Low
1273,Welcome pack,Fundraising Ops,agent_13,2025-05-25,2025-05-27,2025-06-10,Completed,Normal
1274,Complaint,Fundraising Ops,agent_25,2026-03-13,2026-03-18,2026-04-18,Completed,Normal
1275,Consent follow-up,Register Operations,agent_05,2026-07-20,2026-07-22,2026-08-17,Completed,Normal
1276,Complaint,Register Operations,agent_14,2026-01-06,2026-01-11,2026-02-18,Completed,Normal
1277,Gift Aid declaration,Supporter Care,agent_17,2026-04-30,2026-05-10,,Open,Low
1278,Thank-you letter,Supporter Care,agent_08,2025-06-22,2025-07-02,2025-06-25,Completed,High
1279,Swab kit dispatch,Supporter Care,agent_03,2025-03-28,2025-03-30,2025-04-08,Completed,Normal
1280,Gift Aid declaration,Register Operations,agent_06,2026-06-08,2026-06-28,2026-07-05,Completed,Normal
1281,Data request,Fundraising Ops,agent_18,2026-05-13,2026-06-02,2026-06-11,Completed,High
1282,Welcome pack,Register Operations,agent_03,2026-04-13,2026-05-03,2026-04-27,Completed,Normal
1283,Address change,Supporter Care,agent_05,2025-09-16,2025-09-26,2025-10-01,Completed,Low
1284,Gift Aid declaration,Supporter Care,agent_15,2025-11-04,2025-11-14,2025-11-28,Completed,Normal
1285,Gift Aid declaration,Register Operations,agent_10,2025-03-14,2025-03-24,2025-03-23,Completed,Normal
1286,Gift Aid declaration,Register Operations,agent_14,2025-07-19,2025-07-29,2025-08-03,Completed,Urgent
1287,Swab kit dispatch,Fundraising Ops,agent_26,2025-08-17,2025-08-27,2025-09-02,Completed,Normal
1288,Swab kit dispatch,Fundraising Ops,agent_12,2026-05-02,2026-05-07,2026-05-11,Completed,Normal
1289,Consent follow-up,Register Operations,agent_09,2025-08-26,2025-08-28,2025-09-12,Completed,Low
1290,Thank-you letter,Supporter Care,agent_02,2025-05-30,2025-06-04,2025-06-12,Completed,High
1291,Consent follow-up,Supporter Care,agent_04,2025-10-28,2025-11-07,2025-11-30,Completed,Low
1292,Thank-you letter,Register Operations,agent_23,2026-06-22,2026-07-12,2026-07-02,Completed,Normal
1293,Data request,Register Operations,agent_05,2025-08-19,2025-08-24,2025-09-19,Completed,Normal
1294,Address change,Supporter Care,agent_17,2025-12-28,2025-12-30,2026-01-13,Completed,Normal
1295,Complaint,Supporter Care,agent_18,2026-04-26,2026-04-28,2026-05-10,Completed,Normal
1296,Thank-you letter,Supporter Care,agent_13,2025-05-27,2025-06-16,2025-06-06,Completed,Normal
1297,Swab kit dispatch,Fundraising Ops,agent_01,2025-06-18,2025-06-28,,Open,Normal
1298,Gift Aid declaration,Fundraising Ops,agent_13,2026-02-27,2026-03-04,2026-03-09,Completed,High
1299,Complaint,Fundraising Ops,agent_11,2025-07-16,2025-07-18,2025-07-29,Completed,Normal
1300,Swab kit dispatch,Supporter Care,agent_08,2026-07-20,2026-07-30,2026-07-30,Completed,Normal
1301,Consent follow-up,Register Operations,agent_24,2026-06-24,2026-07-04,2026-06-29,Completed,High
1302,Address change,Fundraising Ops,agent_08,2025-05-24,2025-05-29,2025-05-25,Completed,Low
1303,Welcome pack,Supporter Care,agent_13,2025-05-16,2025-05-26,2025-05-24,Completed,High
1304,Gift Aid declaration,Fundraising Ops,agent_10,2025-04-14,2025-05-04,,Open,Normal
1305,Data request,Supporter Care,agent_02,2025-07-30,2025-08-04,2025-08-15,Completed,Low
1306,Complaint,Register Operations,agent_08,2025-11-10,2025-11-30,2025-12-09,Completed,High
1307,Welcome pack,Register Operations,agent_11,2025-08-18,2025-09-07,2025-08-29,Completed,High
1308,Gift Aid declaration,Supporter Care,agent_11,2025-10-03,2025-10-23,2025-10-15,Completed,High
1309,Complaint,Register Operations,agent_06,2025-09-20,2025-09-25,2025-10-23,Completed,High
1310,Complaint,Fundraising Ops,agent_15,2025-10-28,2025-10-30,2025-12-19,Complete,Normal
1311,Address change,Fundraising Ops,agent_12,2025-06-02,2025-06-12,2025-06-20,Completed,Normal
1312,Thank-you letter,Register Operations,agent_23,2025-04-11,2025-05-01,2025-04-16,Completed,Normal
1313,Consent follow-up,Fundraising Ops,agent_12,2025-11-10,2025-11-12,2025-11-16,Completed,Normal
1314,Consent follow-up,Fundraising Ops,agent_10,2025-10-01,2025-10-06,2025-10-15,Completed,Normal
1315,Welcome pack,Supporter Care,agent_23,2026-03-11,2026-03-16,2026-03-17,Completed,Low
1316,Gift Aid declaration,Register Operations,agent_04,2025-08-01,2025-08-21,2025-08-16,Completed,Normal
1317,Welcome pack,Supporter Care,agent_12,2025-04-28,2025-04-30,2025-05-01,Completed,Normal
1318,Welcome pack,Register Operations,agent_14,2026-06-26,2026-07-06,2026-07-10,Complete,Normal
1319,Consent follow-up,Fundraising Ops,agent_08,2025-03-07,2025-03-12,2025-03-08,Completed,High
1320,Welcome pack,Supporter Care,agent_11,2025-08-06,2025-08-16,2025-08-15,Completed,Normal
1321,Gift Aid declaration,Register Operations,agent_13,2026-03-20,2026-03-22,2026-04-03,Completed,High
1322,Welcome pack,Supporter Care,agent_07,2026-05-19,2026-05-24,2026-06-06,Completed,Normal
1323,Welcome pack,Fundraising Ops,agent_22,2026-01-04,2026-01-24,2026-01-19,Completed,Normal
1324,Data request,Register Operations,agent_07,2025-05-11,2025-05-13,,Blocked,Normal
1325,Gift Aid declaration,Register Operations,agent_22,2026-03-31,2026-04-02,2026-04-24,Completed,Normal
1326,Consent follow-up,Register Operations,agent_02,2026-08-04,2026-08-14,,Blocked,Normal
1327,Consent follow-up,Supporter Care,agent_03,2025-09-19,2025-09-24,2025-10-07,Completed,Normal
1328,Consent follow-up,Register Operations,agent_04,2025-11-18,2025-11-28,2025-12-01,Completed,Normal
1329,Data request,Fundraising Ops,agent_01,2025-08-19,2025-08-21,2025-09-06,Completed,High
1330,Welcome pack,Register Operations,agent_11,2025-06-14,2025-06-16,,Blocked,Low
1331,Address change,Supporter Care,agent_21,2025-04-02,2025-04-12,2025-04-14,Completed,Low
1332,Gift Aid declaration,Fundraising Ops,agent_15,2025-12-08,2025-12-10,2025-12-29,Completed,Urgent
1333,Thank-you letter,Supporter Care,agent_11,2026-07-23,2026-08-02,2026-08-06,Completed,Normal
1334,Gift Aid declaration,Fundraising Ops,agent_11,2025-03-09,2025-03-19,2025-03-28,Completed,High
1335,Consent follow-up,Register Operations,agent_18,2025-07-10,2025-07-15,2025-07-31,Completed,Normal
1336,Address change,Supporter Care,agent_16,2026-05-13,2026-05-18,2026-05-26,Completed,Low
1337,Gift Aid declaration,Fundraising Ops,agent_15,2025-06-04,2025-06-06,2025-06-20,Completed,Normal
1338,Data request,Register Operations,agent_17,2025-12-30,2026-01-09,2026-01-15,Completed,Normal
1339,Data request,Register Operations,agent_18,2025-06-17,2025-07-07,2025-07-06,Completed,Normal
1340,Gift Aid declaration,Register Operations,agent_21,2025-11-21,2025-12-01,2025-12-23,Completed,Normal
1341,Gift Aid declaration,Fundraising Ops,agent_03,2025-03-01,2025-03-21,2025-03-07,Completed,Normal
1342,Address change,Register Operations,agent_13,2025-10-31,2025-11-20,2025-11-13,Completed,High
1343,Gift Aid declaration,Supporter Care,agent_25,2025-05-20,2025-05-25,2025-06-06,Completed,Low
1344,Thank-you letter,Fundraising Ops,agent_13,2025-09-22,2025-09-27,2025-10-02,Completed,Normal
1345,Welcome pack,Fundraising Ops,agent_01,2026-02-12,2026-02-22,2026-02-22,Completed,Normal
1346,Consent follow-up,Register Operations,agent_26,2025-05-20,2025-05-25,2025-05-28,Completed,Normal
1347,Gift Aid declaration,Supporter Care,agent_20,2025-04-08,2025-04-10,2025-04-26,Completed,High
1348,Welcome pack,Supporter Care,agent_14,2025-12-08,2025-12-28,2025-12-15,Completed,Urgent
1349,Data request,Supporter Care,agent_16,2025-09-04,2025-09-06,2025-09-29,Completed,Normal
1350,Address change,Register Operations,agent_05,2025-07-03,2025-07-23,2025-07-21,Completed,Normal
1351,Swab kit dispatch,Supporter Care,agent_26,2025-08-11,2025-08-21,2025-08-23,Completed,Urgent
1352,Complaint,Supporter Care,agent_05,2026-01-28,2026-02-02,2026-02-28,Completed,Normal
1353,Thank-you letter,Fundraising Ops,agent_01,2026-03-08,2026-03-18,2026-03-12,Completed,Normal
1354,Address change,Register Operations,agent_06,2026-06-25,2026-06-27,2026-06-30,Completed,Normal
1355,Complaint,Fundraising Ops,agent_10,2026-05-24,2026-05-26,2026-06-27,Completed,Normal
1356,Address change,Fundraising Ops,agent_26,2026-01-19,2026-01-29,2026-02-08,Completed,Normal
1357,Welcome pack,Fundraising Ops,agent_12,2025-03-10,2025-03-12,2025-03-15,Completed,Normal
1358,Welcome pack,Supporter Care,agent_06,2026-08-09,2026-08-19,,Open,Urgent
1359,Consent follow-up,Register Operations,agent_21,2026-07-20,2026-07-22,2026-08-02,Completed,Normal
1360,Address change,Supporter Care,agent_23,2026-06-20,2026-06-30,2026-07-08,Completed,Low
1361,Complaint,Fundraising Ops,agent_24,2026-04-27,2026-05-02,2026-05-17,Completed,Normal
1362,Complaint,Supporter Care,agent_25,2026-08-11,2026-08-31,,In Progress,Normal
1363,Consent follow-up,Fundraising Ops,agent_08,2025-07-31,2025-08-02,2025-08-01,Complete,Normal
1364,Welcome pack,Fundraising Ops,agent_16,2026-04-23,2026-04-25,2026-05-12,Completed,Low
1365,Swab kit dispatch,Supporter Care,agent_18,2025-10-20,2025-10-30,2025-10-24,Completed,Low
1366,Gift Aid declaration,Supporter Care,agent_05,2026-02-22,2026-02-24,2026-03-08,Completed,Normal
1367,Swab kit dispatch,Supporter Care,agent_25,2026-07-31,2026-08-20,2026-08-17,Completed,Low
1368,Complaint,Register Operations,agent_08,2025-09-11,2025-10-01,2025-10-19,Completed,Normal
1369,Gift Aid declaration,Register Operations,agent_01,2025-08-31,2025-09-10,2025-09-23,Completed,Low
1370,Swab kit dispatch,Fundraising Ops,agent_24,2025-03-12,2025-03-14,2025-03-17,Completed,Normal
1371,Swab kit dispatch,Fundraising Ops,agent_10,2025-09-26,2025-10-16,2025-10-07,Completed,High
1372,Thank-you letter,Register Operations,agent_10,2025-09-22,2025-10-02,2025-10-08,Completed,Urgent
1373,Swab kit dispatch,Fundraising Ops,agent_17,2026-07-12,2026-07-22,2026-07-27,Completed,Low
1374,Swab kit dispatch,Register Operations,agent_16,2026-04-12,2026-04-14,2026-04-28,Completed,Low
1375,Welcome pack,Supporter Care,agent_04,2026-07-14,2026-08-03,2026-07-28,Completed,Low
1376,Welcome pack,Register Operations,agent_22,2026-05-24,2026-06-13,2026-06-04,Completed,High
1377,Welcome pack,Register Operations,agent_06,2026-03-20,2026-04-09,2026-04-03,Completed,Normal
1378,Address change,Register Operations,agent_24,2025-08-31,2025-09-20,2025-09-14,Completed,Normal
1379,Data request,Fundraising Ops,agent_15,2025-11-14,2025-11-19,2025-12-07,Completed,Normal
1380,Data request,Supporter Care,agent_19,2026-04-14,2026-04-24,,In Progress,Normal
1381,Welcome pack,Register Operations,agent_11,2026-05-15,2026-05-20,2026-05-25,Completed,Normal
1382,Thank-you letter,Fundraising Ops,agent_09,2026-05-21,2026-05-26,2026-05-25,Completed,Normal
1383,Data request,Supporter Care,agent_04,2025-09-19,2025-10-09,2025-10-01,Completed,Low
1384,Welcome pack,Register Operations,agent_16,2026-01-07,2026-01-27,2026-01-23,Complete,Normal
1385,Welcome pack,Supporter Care,agent_25,2025-08-18,2025-08-20,2025-08-23,Completed,Normal
1386,Data request,Fundraising Ops,agent_25,2025-04-03,2025-04-13,,Completed,Normal
1387,Welcome pack,Supporter Care,agent_23,2026-07-01,2026-07-06,2026-07-05,Completed,Low
1388,Data request,Register Operations,agent_23,2026-07-25,2026-08-04,,In Progress,Normal
1389,Address change,Fundraising Ops,agent_08,2025-07-24,2025-08-13,2025-08-02,Completed,Normal
1390,Gift Aid declaration,Fundraising Ops,agent_19,2025-09-28,2025-10-03,2025-10-04,Completed,Normal
1391,Data request,Supporter Care,agent_25,2026-03-11,2026-03-21,2026-04-18,Completed,High
1392,Gift Aid declaration,Supporter Care,agent_19,2025-04-25,2025-04-27,2025-05-17,Completed,Normal
1393,Swab kit dispatch,Supporter Care,agent_18,2026-04-23,2026-05-13,,Blocked,High
1394,Gift Aid declaration,Supporter Care,agent_22,2026-02-28,2026-03-10,2026-03-15,Completed,Low
1395,Swab kit dispatch,Fundraising Ops,agent_10,2026-08-09,2026-08-29,2026-08-11,Completed,Normal
1396,Complaint,Supporter Care,agent_08,2025-04-17,2025-04-27,2025-06-09,Completed,Normal
1397,Gift Aid declaration,Fundraising Ops,agent_25,2025-07-18,2025-08-07,2025-07-31,Complete,Normal
1398,Swab kit dispatch,Supporter Care,agent_05,2026-06-19,2026-06-29,2026-06-24,Completed,Low
1399,Data request,Supporter Care,agent_09,2026-03-24,2026-04-13,2026-04-12,Completed,Low
1400,Data request,Register Operations,agent_10,2025-12-01,2025-12-06,2025-12-25,Completed,Urgent
1401,Swab kit dispatch,Register Operations,agent_05,2026-07-11,2026-07-21,2026-07-23,Completed,Normal
1402,Consent follow-up,Supporter Care,agent_05,2025-10-09,2025-10-29,2025-10-22,Completed,Normal
1403,Address change,Register Operations,agent_26,2026-01-03,2026-01-05,2026-01-14,Completed,Normal
1404,Thank-you letter,Register Operations,agent_08,2025-07-05,2025-07-10,2025-07-14,Completed,Low
1405,Welcome pack,Supporter Care,agent_04,2026-05-10,2026-05-15,2026-05-14,Completed,Normal
1406,Consent follow-up,Register Operations,agent_23,2025-03-03,2025-03-08,2025-03-21,Completed,High
1407,Consent follow-up,Supporter Care,agent_24,2026-01-25,2026-02-14,2026-02-23,Completed,Normal
1408,Address change,Fundraising Ops,agent_10,2025-10-01,2025-10-03,2025-10-16,Completed,High
1409,Address change,Fundraising Ops,agent_23,2025-03-13,2025-03-15,2025-03-18,Completed,Normal
1410,Consent follow-up,Register Operations,agent_03,2025-09-18,2025-10-08,2025-09-25,Completed,Normal
1411,Data request,Fundraising Ops,agent_03,2025-09-23,2025-09-28,2025-10-31,Completed,Low
1412,Data request,Register Operations,agent_08,2025-07-09,2025-07-29,2025-08-04,Completed,Low
1413,Consent follow-up,Supporter Care,agent_23,2025-05-19,2025-06-08,2025-06-16,Completed,High
1414,Address change,Register Operations,agent_03,2025-08-19,2025-08-24,2025-08-29,Completed,Normal
1415,Data request,Register Operations,agent_22,2025-11-15,2025-11-17,2025-12-11,Completed,Normal
1416,Gift Aid declaration,Supporter Care,agent_20,2025-05-17,2025-05-22,2025-05-31,Completed,Low
1417,Data request,Register Operations,agent_04,2025-07-11,2025-07-13,2025-07-18,Completed,High
1418,Complaint,Fundraising Ops,agent_19,2025-12-27,2026-01-06,2026-01-24,Completed,Normal
1419,Address change,Supporter Care,agent_19,2025-09-25,2025-10-05,2025-10-11,Completed,Urgent
1420,Complaint,Register Operations,agent_14,2025-05-27,2025-05-29,,Blocked,Normal
1421,Address change,Fundraising Ops,agent_20,2025-11-28,2025-12-08,2025-12-04,Completed,High
1422,Consent follow-up,Fundraising Ops,agent_05,2025-09-12,2025-09-22,2025-09-30,Completed,Normal
1423,Thank-you letter,Supporter Care,agent_15,2025-03-13,2025-04-02,2025-03-23,Completed,Normal
1424,Consent follow-up,Fundraising Ops,agent_15,2026-03-19,2026-03-21,2026-04-07,Completed,High
1425,Complaint,Supporter Care,agent_24,2025-06-22,2025-06-24,2025-07-21,Completed,Normal
1426,Data request,Register Operations,agent_26,2026-05-04,2026-05-06,2026-05-15,Completed,High
1427,Swab kit dispatch,Supporter Care,agent_06,2026-05-12,2026-05-17,2026-05-30,Completed,Normal
1428,Complaint,Register Operations,agent_13,2026-06-05,2026-06-07,2026-07-23,Completed,Normal
1429,Welcome pack,Fundraising Ops,agent_23,2025-02-25,2025-02-27,2025-03-04,Completed,High
1430,Consent follow-up,Register Operations,agent_20,2025-12-19,2025-12-24,2026-01-04,Completed,Normal
1431,Data request,Supporter Care,agent_04,2026-02-09,2026-02-14,2026-03-07,Completed,Normal
1432,Consent follow-up,Fundraising Ops,agent_12,2025-12-30,2026-01-09,2026-02-03,Completed,Urgent
1433,Address change,Supporter Care,agent_22,2025-09-20,2025-10-10,,Blocked,Low
1434,Welcome pack,Register Operations,agent_04,2026-01-18,2026-02-07,2026-01-28,Completed,Normal
1435,Welcome pack,Register Operations,agent_18,2026-05-22,2026-05-24,2026-06-04,Completed,Normal
1436,Consent follow-up,Fundraising Ops,agent_20,2025-05-20,2025-05-22,2025-05-30,Completed,Normal
1437,Data request,Supporter Care,agent_12,2025-11-09,2025-11-29,2025-11-29,Completed,Normal
1438,Thank-you letter,Fundraising Ops,agent_14,2025-07-28,2025-08-17,2025-08-04,Completed,Normal
1439,Data request,Supporter Care,agent_03,2025-11-20,2025-11-22,2025-12-24,Completed,High
1440,Data request,Register Operations,agent_11,2025-04-14,2025-04-19,2025-05-16,Completed,Normal
1441,Complaint,Fundraising Ops,agent_09,2026-06-23,2026-07-13,2026-07-20,Completed,Low
1442,Gift Aid declaration,Register Operations,agent_22,2026-01-03,2026-01-13,2026-01-11,Completed,Low
1443,Data request,Supporter Care,agent_09,2026-06-30,2026-07-05,2026-08-06,Completed,Normal
1444,Thank-you letter,Supporter Care,agent_19,2026-03-25,2026-03-27,,In Progress,Normal
1445,Consent follow-up,Fundraising Ops,agent_18,2026-02-20,2026-02-22,2026-03-10,Completed,Low
1446,Gift Aid declaration,Fundraising Ops,agent_22,2025-03-07,2025-03-17,2025-03-24,Completed,High
1447,Thank-you letter,Fundraising Ops,agent_10,2026-06-26,2026-06-28,2026-07-04,Completed,Low
1448,Address change,Register Operations,agent_03,2026-06-24,2026-06-26,2026-07-12,Completed,High
1449,Address change,Fundraising Ops,agent_19,2025-04-02,2025-04-04,,In Progress,Normal
1450,Gift Aid declaration,Supporter Care,agent_11,2025-07-24,2025-07-26,2025-08-03,Completed,Normal
1451,Consent follow-up,Register Operations,agent_10,2025-04-12,2025-04-22,2025-04-27,Completed,High
1452,Thank-you letter,Supporter Care,agent_01,2025-04-17,2025-04-19,2025-04-25,Completed,Low
1453,Complaint,Fundraising Ops,agent_19,2026-01-31,2026-02-05,2026-03-09,Completed,Low
1454,Welcome pack,Fundraising Ops,agent_05,2025-07-05,2025-07-10,2025-07-14,Completed,Low
1455,Welcome pack,Fundraising Ops,agent_26,2025-09-13,2025-09-23,2025-09-27,Completed,Normal
1456,Welcome pack,Fundraising Ops,agent_05,2025-03-03,2025-03-23,2025-03-14,Completed,Normal
1457,Swab kit dispatch,Register Operations,agent_04,2025-08-17,2025-08-27,2025-08-27,Completed,Low
1458,Gift Aid declaration,Supporter Care,agent_01,2025-06-08,2025-06-10,2025-06-16,Completed,Normal
1459,Swab kit dispatch,Supporter Care,agent_04,2025-04-06,2025-04-16,2025-04-13,Completed,High
1460,Complaint,Supporter Care,agent_19,2025-10-09,2025-10-11,2025-10-28,Completed,High
1461,Complaint,Register Operations,agent_17,2026-05-29,2026-06-18,2026-08-02,Completed,Low
1462,Complaint,Fundraising Ops,agent_19,2025-10-12,2025-10-17,,Open,Normal
1463,Data request,Register Operations,agent_26,2025-06-12,2025-06-17,2025-07-13,Completed,High
1464,Data request,Register Operations,agent_02,2026-08-14,2026-08-16,,In Progress,High
1465,Welcome pack,Fundraising Ops,agent_24,2026-04-01,2026-04-06,2026-04-27,Completed,Normal
1466,Welcome pack,Supporter Care,agent_16,2025-10-21,2025-10-23,2025-11-08,Completed,Urgent
1467,Data request,Register Operations,agent_12,2026-04-04,2026-04-14,2026-04-26,Completed,High
1468,Data request,Register Operations,agent_22,2025-07-08,2025-07-10,2025-07-28,Completed,Urgent
1469,Swab kit dispatch,Supporter Care,agent_04,2025-03-30,2025-04-01,2025-04-06,Completed,Normal
1470,Welcome pack,Fundraising Ops,agent_07,2026-03-11,2026-03-31,2026-03-16,Completed,Normal
1471,Welcome pack,Supporter Care,agent_11,2025-03-14,2025-04-03,,Blocked,Normal
1472,Consent follow-up,Fundraising Ops,agent_16,2026-04-28,2026-05-03,2026-05-15,Completed,Normal
1473,Data request,Fundraising Ops,agent_16,2025-03-02,2025-03-04,,In Progress,Normal
1474,Consent follow-up,Supporter Care,agent_05,2025-03-21,2025-03-26,2025-03-29,Completed,Low
1475,Data request,Supporter Care,agent_10,2025-09-17,2025-10-07,2025-10-09,Completed,Normal
1476,Welcome pack,Supporter Care,agent_08,2025-09-11,2025-10-01,2025-09-21,Completed,High
1477,Gift Aid declaration,Supporter Care,agent_13,2026-05-07,2026-05-27,2026-05-08,Completed,Urgent
1478,Data request,Fundraising Ops,agent_08,2026-05-04,2026-05-14,2026-06-21,Completed,Normal
1479,Swab kit dispatch,Fundraising Ops,agent_03,2026-05-08,2026-05-28,,Blocked,High
1480,Welcome pack,Fundraising Ops,agent_08,2026-03-28,2026-03-30,2026-04-03,Completed,High
1481,Data request,Supporter Care,agent_18,2026-03-29,2026-04-08,2026-04-29,Completed,High
1482,Data request,Supporter Care,agent_02,2026-06-12,2026-06-14,2026-06-25,Completed,Low
1483,Swab kit dispatch,Fundraising Ops,agent_14,2026-06-26,2026-06-28,2026-06-27,Completed,High
1484,Consent follow-up,Supporter Care,agent_15,2025-09-14,2025-09-19,2025-09-27,Completed,Low
1485,Complaint,Register Operations,agent_15,2026-03-01,2026-03-11,,In Progress,Normal
1486,Data request,Supporter Care,agent_08,2025-12-10,2025-12-20,2026-01-12,Completed,Normal
1487,Thank-you letter,Supporter Care,agent_23,2026-07-27,2026-08-16,2026-08-08,Completed,Urgent
1488,Consent follow-up,Register Operations,agent_24,2026-06-29,2026-07-09,2026-07-28,Complete,Low
1489,Gift Aid declaration,Supporter Care,agent_06,2026-01-31,2026-02-05,2026-02-21,Completed,Normal
1490,Consent follow-up,Register Operations,agent_26,2025-10-29,2025-11-18,2025-11-09,Completed,Normal
1491,Gift Aid declaration,Supporter Care,agent_09,2026-02-05,2026-02-10,,Open,Normal
1492,Complaint,Register Operations,agent_16,2025-05-31,2025-06-20,2025-06-03,Completed,Normal
1493,Gift Aid declaration,Supporter Care,agent_13,2026-01-10,2026-01-12,2026-01-31,Completed,High
1494,Consent follow-up,Supporter Care,agent_07,2026-05-01,2026-05-06,2026-05-22,Completed,Normal
1495,Complaint,Register Operations,agent_19,2025-07-27,2025-08-16,2025-09-04,Completed,Normal
1496,Gift Aid declaration,Fundraising Ops,agent_03,2025-03-05,2025-03-15,2025-03-16,Completed,Normal
1497,Data request,Fundraising Ops,agent_17,2025-11-04,2025-11-09,2025-12-06,Complete,Normal
1498,Complaint,Supporter Care,agent_06,2026-02-26,2026-03-03,2026-04-02,Completed,Normal
1499,Welcome pack,Register Operations,agent_05,2025-04-04,2025-04-14,,Blocked,Low
1500,Swab kit dispatch,Supporter Care,agent_07,2026-02-12,2026-03-04,,In Progress,Normal
1501,Address change,Register Operations,agent_13,2026-02-05,2026-02-25,2026-02-22,Completed,High
1502,Welcome pack,Register Operations,agent_09,2026-04-05,2026-04-07,2026-04-16,Completed,Low
1503,Swab kit dispatch,Fundraising Ops,agent_03,2025-03-01,2025-03-21,2025-03-02,Completed,Normal
1504,Gift Aid declaration,Supporter Care,agent_24,2026-08-16,2026-08-26,,Open,Normal
1505,Gift Aid declaration,Supporter Care,agent_10,2026-04-30,2026-05-20,2026-05-11,Completed,Normal
1506,Complaint,Supporter Care,agent_07,2025-05-23,2025-06-02,2025-06-22,Completed,Normal
1507,Complaint,Fundraising Ops,agent_14,2025-06-15,2025-07-05,2025-06-23,Completed,Normal
1508,Thank-you letter,Register Operations,agent_17,2025-04-02,2025-04-12,2025-04-12,Completed,Low
1509,Complaint,Supporter Care,agent_12,2025-04-26,2025-05-01,2025-05-27,Completed,Normal
1510,Complaint,Supporter Care,agent_14,2026-02-24,2026-03-06,2026-04-11,Completed,Normal
1511,Welcome pack,Supporter Care,agent_24,2025-09-26,2025-10-06,2025-10-08,Completed,High
1512,Welcome pack,Fundraising Ops,agent_09,2026-04-19,2026-05-09,2026-04-29,Completed,Low
1513,Swab kit dispatch,Register Operations,agent_03,2025-08-07,2025-08-17,2025-08-25,Completed,Normal
1514,Gift Aid declaration,Fundraising Ops,agent_17,2025-04-16,2025-05-06,2025-04-20,Completed,Low
1515,Address change,Fundraising Ops,agent_24,2026-01-18,2026-01-23,2026-01-20,Completed,High
1516,Complaint,Register Operations,agent_19,2026-02-12,2026-02-14,2026-03-04,Completed,High
1517,Complaint,Fundraising Ops,agent_17,2025-12-08,2025-12-28,2025-12-24,Completed,Low
1518,Swab kit dispatch,Fundraising Ops,agent_22,2025-06-13,2025-06-15,2025-06-17,Completed,Normal
1519,Address change,Fundraising Ops,agent_23,2026-07-23,2026-08-12,,Blocked,Normal
1520,Gift Aid declaration,Register Operations,agent_20,2026-07-16,2026-07-18,2026-08-06,Completed,Normal
1521,Thank-you letter,Supporter Care,agent_01,2026-04-27,2026-05-02,2026-05-04,Complete,Low
1522,Welcome pack,Fundraising Ops,agent_05,2025-06-08,2025-06-28,2025-06-12,Completed,Low
1523,Swab kit dispatch,Supporter Care,agent_01,2025-11-07,2025-11-17,2025-11-18,Completed,Urgent
1524,Swab kit dispatch,Supporter Care,agent_02,2025-12-30,2026-01-01,2025-12-30,Completed,High
1525,Gift Aid declaration,Fundraising Ops,agent_20,2026-06-21,2026-06-26,2026-06-27,Completed,High
1526,Consent follow-up,Supporter Care,agent_26,2025-11-29,2025-12-04,2025-12-14,Completed,Urgent
1527,Complaint,Register Operations,agent_19,2026-04-18,2026-04-20,2026-06-04,Completed,Normal
1528,Consent follow-up,Fundraising Ops,agent_18,2025-07-16,2025-07-18,2025-08-06,Completed,Normal
1529,Consent follow-up,Supporter Care,agent_08,2025-04-15,2025-05-05,2025-05-20,Completed,High
1530,Consent follow-up,Register Operations,agent_18,2025-10-24,2025-10-26,2025-11-16,Completed,Normal
1531,Data request,Fundraising Ops,agent_16,2026-07-27,2026-07-29,,Blocked,Normal
1532,Data request,Supporter Care,agent_02,2026-05-17,2026-05-19,2026-05-26,Completed,Normal
1533,Complaint,Supporter Care,agent_24,2025-03-27,2025-04-16,2025-04-25,Completed,High
1534,Address change,Register Operations,agent_21,2026-02-13,2026-03-05,2026-02-24,Completed,Low
1535,Address change,Fundraising Ops,agent_01,2025-03-05,2025-03-10,2025-03-13,Completed,Normal
1536,Welcome pack,Fundraising Ops,agent_08,2026-04-19,2026-04-24,2026-05-08,Completed,High
1537,Gift Aid declaration,Fundraising Ops,agent_05,2025-10-21,2025-10-31,2025-11-22,Completed,High
1538,Address change,Fundraising Ops,agent_16,2025-12-14,2025-12-16,2025-12-16,Completed,Low
1539,Thank-you letter,Supporter Care,agent_24,2025-08-08,2025-08-10,2025-08-09,Completed,High
1540,Swab kit dispatch,Supporter Care,agent_17,2025-11-08,2025-11-28,2025-11-17,Completed,High
1541,Thank-you letter,Register Operations,agent_13,2025-12-20,2025-12-22,2025-12-28,Complete,Normal
1542,Data request,Fundraising Ops,agent_19,2025-05-31,2025-06-20,2025-06-14,Complete,High
1543,Thank-you letter,Fundraising Ops,agent_25,2026-01-11,2026-01-13,2026-01-17,Completed,Low
1544,Data request,Fundraising Ops,agent_14,2025-09-19,2025-09-29,2025-10-26,Completed,Normal
1545,Consent follow-up,Register Operations,agent_05,2026-04-28,2026-05-18,2026-05-23,Completed,Normal
1546,Address change,Supporter Care,agent_16,2025-10-08,2025-10-10,2025-10-18,Completed,Urgent
1547,Gift Aid declaration,Register Operations,agent_12,2025-07-18,2025-07-23,2025-08-17,Completed,Low
1548,Consent follow-up,Fundraising Ops,agent_04,2026-04-04,2026-04-06,2026-04-08,Completed,Normal
1549,Gift Aid declaration,Register Operations,agent_02,2026-03-03,2026-03-23,2026-03-12,Completed,Normal
1550,Gift Aid declaration,Register Operations,agent_12,2025-09-12,2025-09-14,2025-09-15,Completed,Normal
1551,Consent follow-up,Register Operations,agent_16,2025-11-15,2025-12-05,2025-12-08,Completed,Normal
1552,Address change,Supporter Care,agent_07,2026-03-25,2026-03-27,2026-04-12,Completed,High
1553,Consent follow-up,Supporter Care,agent_26,2025-11-20,2025-12-10,,Open,Low
1554,Data request,Fundraising Ops,agent_15,2026-02-19,2026-03-11,2026-03-22,Completed,Low
1555,Data request,Supporter Care,agent_19,2026-05-13,2026-05-15,2026-06-11,Completed,Normal
1556,Complaint,Register Operations,agent_25,2025-04-27,2025-05-02,2025-04-27,Completed,Normal
1557,Welcome pack,Register Operations,agent_01,2026-04-10,2026-04-20,2026-04-19,Completed,Normal
1558,Consent follow-up,Supporter Care,agent_07,2025-07-27,2025-07-29,2025-09-02,Completed,Normal
1559,Data request,Supporter Care,agent_25,2026-03-18,2026-03-23,2026-04-18,Completed,High
1560,Address change,Register Operations,agent_20,2025-08-10,2025-08-15,2025-08-27,Completed,Low
1561,Complaint,Fundraising Ops,agent_05,2025-09-25,2025-09-30,2025-10-11,Completed,Normal
1562,Gift Aid declaration,Fundraising Ops,agent_25,2026-08-08,2026-08-18,,Open,Normal
1563,Thank-you letter,Supporter Care,agent_06,2026-06-07,2026-06-17,2026-06-17,Completed,Normal
1564,Thank-you letter,Register Operations,agent_19,2025-11-24,2025-11-26,2025-12-05,Completed,Low
1565,Complaint,Supporter Care,agent_24,2025-11-03,2025-11-08,2025-12-12,Completed,High
1566,Complaint,Register Operations,agent_09,2026-06-05,2026-06-07,2026-08-07,Completed,Normal
1567,Complaint,Register Operations,agent_20,2026-01-06,2026-01-26,2026-01-12,Completed,Normal
1568,Consent follow-up,Register Operations,agent_08,2026-07-01,2026-07-03,2026-08-13,Completed,High
1569,Consent follow-up,Register Operations,agent_23,2026-02-12,2026-03-04,2026-02-26,Completed,High
1570,Swab kit dispatch,Fundraising Ops,agent_21,2025-09-03,2025-09-08,2025-09-14,Completed,High
1571,Gift Aid declaration,Fundraising Ops,agent_08,2026-06-17,2026-06-19,2026-07-06,Completed,Normal
1572,Consent follow-up,Fundraising Ops,agent_25,2025-08-07,2025-08-17,2025-08-29,Completed,Normal
1573,Consent follow-up,Register Operations,agent_18,2025-09-15,2025-10-05,2025-10-02,Completed,Normal
1574,Data request,Register Operations,agent_24,2026-01-09,2026-01-11,,Blocked,Low
1575,Complaint,Supporter Care,agent_12,2025-05-25,2025-06-04,2025-06-28,Completed,High
1576,Welcome pack,Register Operations,agent_15,2025-06-12,2025-06-17,2025-06-27,Completed,Normal
1577,Complaint,Supporter Care,agent_24,2026-01-19,2026-01-29,2026-02-07,Completed,Urgent
1578,Gift Aid declaration,Register Operations,agent_18,2025-10-01,2025-10-11,2025-10-07,Completed,Normal
1579,Address change,Fundraising Ops,agent_17,2025-07-15,2025-07-20,2025-08-04,Completed,Normal
1580,Data request,Fundraising Ops,agent_11,2026-04-12,2026-04-17,2026-05-20,Completed,Normal
1581,Swab kit dispatch,Fundraising Ops,agent_15,2026-05-30,2026-06-04,2026-06-08,Completed,Low
1582,Consent follow-up,Fundraising Ops,agent_05,2026-01-07,2026-01-12,2026-01-16,Completed,Normal
1583,Swab kit dispatch,Fundraising Ops,agent_11,2026-07-23,2026-08-12,2026-08-12,Complete,Normal
1584,Complaint,Register Operations,agent_20,2026-05-05,2026-05-10,2026-06-04,Completed,High
1585,Data request,Fundraising Ops,agent_14,2026-08-03,2026-08-08,,In Progress,High
1586,Address change,Fundraising Ops,agent_03,2025-08-01,2025-08-11,2025-08-12,Completed,Normal
1587,Data request,Register Operations,agent_05,2025-11-28,2025-11-30,2025-11-28,Completed,Normal
1588,Complaint,Fundraising Ops,agent_26,2025-07-01,2025-07-03,2025-07-09,Completed,Normal
1589,Thank-you letter,Supporter Care,agent_16,2026-07-21,2026-08-10,2026-07-29,Completed,Low
1590,Complaint,Fundraising Ops,agent_15,2025-03-07,2025-03-12,2025-04-09,Completed,Normal
1591,Thank-you letter,Register Operations,agent_21,2025-10-31,2025-11-10,2025-11-06,Completed,Normal
1592,Swab kit dispatch,Fundraising Ops,agent_22,2026-07-05,2026-07-15,2026-07-13,Completed,Low
1593,Welcome pack,Register Operations,agent_21,2025-02-26,2025-03-08,2025-03-08,Completed,Urgent
1594,Consent follow-up,Supporter Care,agent_09,2025-12-20,2025-12-25,2026-01-09,Completed,Low
1595,Consent follow-up,Fundraising Ops,agent_06,2026-06-25,2026-06-30,2026-07-02,Completed,Normal
1596,Swab kit dispatch,Supporter Care,agent_17,2025-09-24,2025-10-14,2025-10-02,Completed,Urgent
1597,Swab kit dispatch,Supporter Care,agent_26,2025-03-23,2025-03-25,2025-03-29,Completed,Low
1598,Complaint,Supporter Care,agent_16,2025-03-19,2025-04-08,2025-04-01,Completed,High
1599,Thank-you letter,Register Operations,agent_19,2026-04-27,2026-04-29,2026-05-03,Completed,Normal
1600,Welcome pack,Register Operations,agent_05,2025-06-19,2025-06-29,2025-07-13,Completed,Low
1601,Address change,Fundraising Ops,agent_14,2026-04-15,2026-05-05,2026-05-01,Completed,Normal
1602,Data request,Fundraising Ops,agent_15,2025-02-25,2025-03-07,2025-03-24,Completed,Normal
1603,Swab kit dispatch,Register Operations,agent_21,2025-08-08,2025-08-28,2025-08-19,Completed,Normal
1604,Address change,Fundraising Ops,agent_25,2025-05-25,2025-05-30,2025-06-12,Completed,High
1605,Welcome pack,Fundraising Ops,agent_24,2025-09-19,2025-09-21,2025-09-30,Completed,Low
1606,Welcome pack,Supporter Care,agent_15,2025-09-09,2025-09-14,2025-09-11,Completed,Normal
1607,Gift Aid declaration,Register Operations,agent_03,2026-02-23,2026-02-25,,Complete,High
1608,Data request,Fundraising Ops,agent_19,2025-03-26,2025-04-05,2025-04-26,Completed,Low
1609,Thank-you letter,Register Operations,agent_10,2025-09-15,2025-09-17,2025-09-22,Completed,Low
1610,Complaint,Fundraising Ops,agent_13,2025-08-06,2025-08-11,2025-09-16,Completed,Normal
1611,Consent follow-up,Supporter Care,,2026-07-01,2026-07-06,2026-07-13,Completed,Low
1612,Welcome pack,Register Operations,agent_20,2026-07-26,2026-08-05,2026-08-11,Completed,Normal
1613,Thank-you letter,Supporter Care,agent_11,2025-05-16,2025-05-26,2025-06-04,Completed,Normal
1614,Consent follow-up,Supporter Care,agent_13,2025-09-11,2025-09-16,2025-09-11,Completed,Normal
1615,Complaint,Supporter Care,agent_23,2026-01-09,2026-01-29,2026-02-22,Completed,Low
1616,Data request,Supporter Care,agent_10,2025-03-13,2025-03-18,2025-03-23,Completed,High
1617,Consent follow-up,Supporter Care,agent_19,2025-10-24,2025-10-26,2025-11-17,Completed,High
1618,Gift Aid declaration,Supporter Care,agent_10,2026-06-20,2026-06-30,2026-07-27,Completed,Normal
1619,Gift Aid declaration,Register Operations,agent_04,2025-08-07,2025-08-17,2025-08-27,Completed,High
1620,Address change,Fundraising Ops,agent_19,2025-10-24,2025-11-13,2025-11-04,Completed,High
1621,Consent follow-up,Register Operations,agent_01,2025-06-04,2025-06-24,2025-06-19,Completed,Normal
1622,Welcome pack,Supporter Care,agent_17,2026-08-03,2026-08-05,2026-08-14,Completed,Normal
1623,Swab kit dispatch,Register Operations,agent_01,2026-07-05,2026-07-15,2026-07-08,Completed,High
1624,Address change,Supporter Care,agent_08,2025-05-01,2025-05-21,2025-05-08,Completed,Normal
1625,Consent follow-up,Fundraising Ops,agent_21,2025-05-20,2025-05-22,2025-05-26,Completed,Normal
1626,Welcome pack,Register Operations,agent_06,2025-07-08,2025-07-28,2025-07-15,Completed,Normal
1627,Swab kit dispatch,Supporter Care,agent_02,2025-04-01,2025-04-21,2025-04-04,Completed,Low
1628,Gift Aid declaration,Supporter Care,agent_06,2025-03-29,2025-03-31,2025-04-07,Completed,Normal
1629,Data request,Fundraising Ops,agent_25,2026-04-04,2026-04-24,,Blocked,Normal
1630,Consent follow-up,Register Operations,agent_24,2025-06-26,2025-07-16,2025-07-29,Completed,Normal
1631,Thank-you letter,Fundraising Ops,agent_26,2025-03-31,2025-04-20,2025-04-12,Completed,Normal
1632,Welcome pack,Fundraising Ops,agent_10,2025-06-09,2025-06-11,2025-06-23,Completed,Normal
1633,Complaint,Register Operations,agent_18,2025-02-26,2025-03-03,2025-02-26,Completed,Low
1634,Gift Aid declaration,Fundraising Ops,agent_22,2025-11-30,2025-12-05,2025-12-17,Completed,Normal
1635,Thank-you letter,Supporter Care,agent_26,2026-02-15,2026-02-25,2026-02-23,Completed,Normal
1636,Complaint,Supporter Care,agent_21,2025-07-15,2025-07-20,2025-08-10,Completed,High
1637,Welcome pack,Fundraising Ops,agent_02,2026-07-08,2026-07-13,2026-07-20,Completed,Normal
1638,Welcome pack,Supporter Care,agent_01,2025-11-26,2025-12-06,2025-12-21,Completed,Low
1639,Data request,Fundraising Ops,agent_11,2025-09-05,2025-09-07,2025-09-28,Completed,Normal
1640,Swab kit dispatch,Supporter Care,agent_01,2025-04-16,2025-04-18,2025-04-25,Completed,High
1641,Data request,Register Operations,agent_11,2025-03-08,2025-03-28,2025-04-11,Completed,Normal
1642,Consent follow-up,Fundraising Ops,agent_07,2026-03-14,2026-04-03,2026-04-04,Completed,Low
1643,Swab kit dispatch,Register Operations,agent_08,2026-07-03,2026-07-13,2026-07-15,Completed,Normal
1644,Data request,Supporter Care,agent_02,2025-05-26,2025-06-05,2025-06-21,Completed,High
1645,Complaint,Register Operations,agent_16,2025-08-08,2025-08-28,2025-09-09,Completed,Normal
1646,Welcome pack,Supporter Care,agent_18,2025-06-03,2025-06-13,2025-06-16,Completed,Normal
1647,Consent follow-up,Fundraising Ops,agent_02,2026-07-06,2026-07-26,2026-08-01,Completed,High
1648,Gift Aid declaration,Supporter Care,agent_18,2025-09-13,2025-10-03,2025-09-13,Completed,Normal
1649,Complaint,Supporter Care,agent_16,2026-07-17,2026-07-27,,In Progress,Normal
1650,Gift Aid declaration,Fundraising Ops,,2026-02-11,2026-03-03,2026-03-06,Completed,Normal
1651,Address change,Supporter Care,agent_16,2025-11-13,2025-11-15,2025-11-29,Completed,Normal
1652,Thank-you letter,Register Operations,agent_08,2025-02-23,2025-02-28,2025-03-06,Completed,Low
1653,Gift Aid declaration,Register Operations,agent_05,2025-04-12,2025-04-17,2025-04-25,Completed,Normal
1654,Data request,Register Operations,agent_07,2025-07-10,2025-07-30,2025-07-27,Completed,Low
1655,Welcome pack,Register Operations,agent_02,2025-02-23,2025-03-05,,In Progress,Normal
1656,Gift Aid declaration,Register Operations,agent_14,2026-06-07,2026-06-09,2026-06-15,Completed,Normal
1657,Swab kit dispatch,Fundraising Ops,agent_16,2026-06-29,2026-07-04,2026-07-07,Completed,Normal
1658,Consent follow-up,Fundraising Ops,agent_16,2026-02-03,2026-02-13,2026-03-02,Completed,Urgent
1659,Consent follow-up,Fundraising Ops,agent_02,2025-02-27,2025-03-04,2025-04-05,Completed,Low
1660,Data request,Fundraising Ops,agent_03,2026-08-02,2026-08-22,2026-08-07,Completed,Normal
1661,Data request,Supporter Care,agent_18,2025-12-17,2025-12-22,2026-01-19,Completed,Normal
1662,Gift Aid declaration,Supporter Care,agent_21,2026-04-12,2026-05-02,,Open,Urgent
1663,Data request,Fundraising Ops,agent_18,2025-11-07,2025-11-12,2025-11-20,Completed,Urgent
1664,Complaint,Supporter Care,agent_03,2026-02-09,2026-02-11,2026-03-26,Completed,Low
1665,Swab kit dispatch,Supporter Care,agent_04,2025-06-24,2025-06-26,2025-07-02,Completed,High
1666,Swab kit dispatch,Register Operations,agent_03,2025-06-14,2025-07-04,,Blocked,Normal
1667,Welcome pack,Register Operations,agent_12,2026-06-11,2026-06-21,,Completed,Normal
1668,Thank-you letter,Register Operations,agent_14,2026-04-17,2026-05-07,,Blocked,Normal
1669,Thank-you letter,Register Operations,agent_23,2026-05-22,2026-06-01,2026-06-02,Completed,Normal
1670,Data request,Supporter Care,agent_05,2026-03-09,2026-03-19,2026-03-21,Completed,Normal
1671,Complaint,Supporter Care,agent_02,2026-04-30,2026-05-20,2026-06-11,Completed,High
1672,Swab kit dispatch,Fundraising Ops,agent_12,2026-07-02,2026-07-22,2026-07-14,Completed,Urgent
1673,Complaint,Supporter Care,agent_06,2025-03-25,2025-04-14,2025-05-21,Completed,Low
1674,Thank-you letter,Supporter Care,agent_15,2025-08-24,2025-08-29,2025-08-30,Completed,Normal
1675,Complaint,Fundraising Ops,agent_22,2026-05-31,2026-06-05,,In Progress,Low
1676,Data request,Fundraising Ops,agent_05,2026-08-09,2026-08-19,,In Progress,Normal
1677,Consent follow-up,Register Operations,agent_13,2025-08-13,2025-09-02,2025-08-16,Completed,Normal
1678,Welcome pack,Supporter Care,agent_18,2025-09-10,2025-09-30,2025-09-26,Completed,Urgent
1679,Gift Aid declaration,Register Operations,agent_09,2025-11-08,2025-11-13,2025-12-06,Completed,Normal
1680,Swab kit dispatch,Register Operations,agent_26,2025-06-10,2025-06-30,2025-06-15,Completed,Low
1681,Complaint,Register Operations,agent_02,2026-05-02,2026-05-07,2026-05-18,Completed,Low
1682,Address change,Register Operations,agent_25,2026-04-29,2026-05-09,,In Progress,Normal
1683,Gift Aid declaration,Supporter Care,agent_24,2025-10-06,2025-10-16,2025-10-10,Completed,High
1684,Welcome pack,Fundraising Ops,agent_24,2026-05-30,2026-06-01,2026-06-20,Completed,Normal
1685,Swab kit dispatch,Supporter Care,agent_23,2025-04-30,2025-05-20,2025-05-05,Completed,High
1686,Welcome pack,Supporter Care,agent_21,2025-08-24,2025-08-26,2025-09-08,Completed,High
1687,Address change,Supporter Care,agent_16,2025-07-19,2025-07-29,2025-08-02,Completed,Low
1688,Swab kit dispatch,Supporter Care,agent_14,2025-03-02,2025-03-07,2025-03-11,Completed,Normal
1689,Address change,Fundraising Ops,agent_15,2025-05-04,2025-05-09,2025-05-12,Completed,Normal
1690,Thank-you letter,Fundraising Ops,agent_02,2026-06-17,2026-06-19,2026-06-27,Completed,Normal
1691,Swab kit dispatch,Supporter Care,agent_20,2026-02-14,2026-02-19,2026-02-22,Completed,Low
1692,Consent follow-up,Supporter Care,agent_03,2026-02-26,2026-03-18,2026-03-26,Completed,Low
1693,Data request,Fundraising Ops,agent_01,2026-05-07,2026-05-27,2026-06-20,Completed,Urgent
1694,Welcome pack,Supporter Care,agent_12,2026-05-09,2026-05-19,2026-05-19,Completed,High
1695,Gift Aid declaration,Supporter Care,agent_02,2026-06-23,2026-07-13,2026-07-11,Completed,Normal
1696,Swab kit dispatch,Register Operations,agent_11,2026-03-27,2026-04-06,2026-04-01,Completed,Normal
1697,Gift Aid declaration,Register Operations,agent_06,2025-09-12,2025-09-22,2025-09-26,Completed,Normal
1698,Complaint,Register Operations,agent_12,2025-07-28,2025-08-02,2025-09-14,Completed,Normal
1699,Data request,Register Operations,agent_03,2026-07-15,2026-07-20,,Open,Normal
1700,Complaint,Register Operations,agent_15,2025-09-05,2025-09-07,2025-10-14,Completed,Normal
1701,Data request,Fundraising Ops,agent_18,2026-01-29,2026-01-31,2026-02-08,Completed,High
1702,Address change,Fundraising Ops,agent_21,2026-03-19,2026-03-24,2026-04-06,Completed,High
1703,Thank-you letter,Register Operations,agent_24,2025-07-28,2025-07-30,2025-08-02,Completed,Normal
1704,Consent follow-up,Register Operations,agent_24,2026-07-22,2026-07-24,,In Progress,Normal
1705,Address change,Register Operations,agent_18,2025-11-03,2025-11-05,2025-11-24,Completed,Normal
1706,Complaint,Register Operations,agent_18,2026-04-01,2026-04-06,2026-04-21,Completed,Normal
1707,Data request,Fundraising Ops,agent_26,2025-05-23,2025-05-28,2025-06-14,Completed,High
1708,Address change,Register Operations,agent_05,2026-02-22,2026-03-14,,In Progress,Normal
1709,Address change,Supporter Care,agent_19,2025-07-24,2025-08-03,2025-08-01,Completed,Low
1710,Data request,Supporter Care,agent_03,2025-07-11,2025-07-16,2025-08-17,Completed,Normal
1711,Gift Aid declaration,Fundraising Ops,agent_06,2025-08-02,2025-08-04,2025-08-09,Completed,Normal
1712,Address change,Register Operations,agent_09,2025-10-16,2025-10-26,2025-10-17,Completed,Low
1713,Address change,Supporter Care,agent_09,2025-09-14,2025-09-24,2025-09-24,Completed,Low
1714,Data request,Fundraising Ops,agent_23,2025-03-10,2025-03-20,2025-04-01,Completed,Normal
1715,Consent follow-up,Register Operations,agent_20,2025-09-24,2025-10-04,2025-10-01,Completed,Low
1716,Swab kit dispatch,Supporter Care,agent_06,2026-05-06,2026-05-16,2026-05-12,Completed,Low
1717,Welcome pack,Supporter Care,agent_22,2025-08-27,2025-09-06,2025-09-06,Completed,Low
1718,Thank-you letter,Supporter Care,agent_05,2026-04-15,2026-04-17,2026-04-21,Completed,Normal
1719,Thank-you letter,Register Operations,agent_25,2026-08-13,2026-09-02,,In Progress,Normal
1720,Thank-you letter,Register Operations,agent_20,2025-03-24,2025-03-26,,Blocked,Normal
1721,Gift Aid declaration,Register Operations,agent_23,2025-03-25,2025-03-30,2025-04-04,Completed,High
1722,Consent follow-up,Supporter Care,agent_09,2025-02-28,2025-03-10,2025-03-19,Completed,Normal
1723,Thank-you letter,Register Operations,agent_07,2025-03-12,2025-04-01,2025-03-21,Completed,Urgent
1724,Complaint,Supporter Care,agent_06,2026-05-05,2026-05-15,2026-06-25,Completed,Normal
1725,Address change,Supporter Care,agent_25,2025-10-30,2025-11-04,2025-11-17,Completed,Normal
1726,Data request,Fundraising Ops,agent_16,2026-03-14,2026-03-16,2026-03-26,Complete,Normal
1727,Swab kit dispatch,Register Operations,agent_17,2025-12-08,2025-12-10,,In Progress,Low
1728,Thank-you letter,Register Operations,agent_26,2025-07-22,2025-07-27,2025-07-28,Completed,Low
1729,Consent follow-up,Fundraising Ops,agent_21,2026-08-12,2026-08-17,,Open,Urgent
1730,Address change,Register Operations,agent_04,2025-11-27,2025-12-17,2025-12-03,Completed,Normal
1731,Data request,Register Operations,agent_19,2025-04-15,2025-04-17,2025-05-23,Completed,Low
1732,Consent follow-up,Fundraising Ops,agent_21,2025-04-11,2025-04-13,2025-05-06,Completed,Normal
1733,Address change,Supporter Care,agent_17,2025-05-27,2025-06-06,2025-06-17,Completed,Low
1734,Complaint,Supporter Care,agent_24,2026-06-22,2026-07-12,2026-07-08,Completed,Normal
1735,Data request,Supporter Care,agent_01,2025-10-12,2025-10-14,,Open,Normal
1736,Complaint,Supporter Care,agent_01,2026-04-17,2026-04-22,2026-06-05,Completed,Normal
1737,Gift Aid declaration,Supporter Care,agent_10,2026-04-22,2026-05-12,2026-05-01,Completed,Normal
1738,Data request,Fundraising Ops,agent_10,2026-08-01,2026-08-03,,Open,Normal
1739,Address change,Fundraising Ops,agent_17,2026-05-19,2026-05-21,2026-06-11,Completed,Normal
1740,Gift Aid declaration,Fundraising Ops,agent_24,2026-06-23,2026-07-13,2026-06-30,Completed,Normal
1741,Welcome pack,Fundraising Ops,agent_10,2026-08-08,2026-08-18,,Open,Normal
1742,Complaint,Fundraising Ops,agent_19,2026-03-03,2026-03-08,2026-03-17,Complete,Normal
1743,Data request,Register Operations,agent_10,2026-02-20,2026-03-12,2026-03-09,Completed,Normal
1744,Thank-you letter,Register Operations,agent_07,2026-06-11,2026-07-01,,In Progress,Normal
1745,Welcome pack,Register Operations,agent_03,2026-05-08,2026-05-18,2026-05-17,Completed,Normal
1746,Complaint,Supporter Care,agent_03,2025-09-07,2025-09-27,2025-10-01,Completed,Normal
1747,Data request,Register Operations,agent_12,2025-11-27,2025-12-07,2025-12-16,Completed,Normal
1748,Consent follow-up,Register Operations,agent_21,2026-01-04,2026-01-09,2026-01-16,Completed,High
1749,Thank-you letter,Register Operations,agent_11,2026-06-28,2026-07-03,2026-07-20,Completed,Normal
1750,Thank-you letter,Register Operations,agent_05,2026-03-18,2026-03-20,,Blocked,Low
1751,Thank-you letter,Fundraising Ops,agent_25,2025-05-31,2025-06-02,2025-06-08,Completed,Normal
1752,Welcome pack,Fundraising Ops,agent_23,2025-12-20,2026-01-09,2025-12-27,Completed,Normal
1753,Swab kit dispatch,Supporter Care,agent_07,2025-06-23,2025-06-28,2025-07-05,Complete,Normal
1754,Complaint,Register Operations,agent_24,2026-06-27,2026-07-07,,Blocked,High
1755,Gift Aid declaration,Register Operations,agent_10,2026-07-10,2026-07-15,2026-08-11,Completed,Normal
1756,Consent follow-up,Supporter Care,agent_26,2026-08-08,2026-08-18,,Open,Normal
1757,Welcome pack,Register Operations,agent_05,2026-01-05,2026-01-07,2026-01-16,Completed,High
1758,Address change,Fundraising Ops,agent_16,2025-08-20,2025-09-09,,Blocked,Normal
1759,Swab kit dispatch,Supporter Care,agent_14,2025-05-25,2025-06-14,2025-06-02,Completed,Low
1760,Data request,Register Operations,agent_24,2026-06-13,2026-06-23,2026-08-12,Completed,Low
1761,Data request,Supporter Care,agent_09,2026-03-16,2026-03-21,2026-04-23,Completed,High
1762,Thank-you letter,Fundraising Ops,agent_11,2026-05-28,2026-06-02,2026-06-08,Completed,Normal
1763,Complaint,Supporter Care,agent_13,2025-12-19,2025-12-29,2026-02-12,Completed,Normal
1764,Consent follow-up,Fundraising Ops,agent_21,2025-10-30,2025-11-19,2025-11-19,Completed,Normal
1765,Gift Aid declaration,Fundraising Ops,agent_16,2025-08-13,2025-09-02,2025-09-10,Completed,Low
1766,Swab kit dispatch,Register Operations,agent_11,2025-09-22,2025-10-12,2025-09-29,Completed,High
1767,Welcome pack,Fundraising Ops,agent_11,2026-01-22,2026-02-11,2026-01-29,Completed,High
1768,Gift Aid declaration,Register Operations,agent_19,2025-08-01,2025-08-06,,Completed,Normal
1769,Address change,Register Operations,agent_06,2025-12-25,2026-01-04,2026-01-01,Completed,Normal
1770,Thank-you letter,Fundraising Ops,agent_26,2025-07-24,2025-08-03,2025-07-29,Completed,High
1771,Data request,Register Operations,agent_05,2026-04-28,2026-04-30,2026-06-03,Completed,Low
1772,Swab kit dispatch,Supporter Care,agent_24,2025-04-30,2025-05-20,2025-05-06,Completed,Normal
1773,Swab kit dispatch,Register Operations,agent_07,2026-03-10,2026-03-12,2026-03-10,Completed,High
1774,Address change,Register Operations,agent_03,2026-06-19,2026-06-24,2026-06-25,Completed,Normal
1775,Gift Aid declaration,Supporter Care,agent_05,2025-12-26,2026-01-15,2026-01-19,Completed,Normal
1776,Complaint,Supporter Care,agent_01,2026-04-20,2026-05-10,2026-07-02,Completed,Urgent
1777,Data request,Supporter Care,agent_17,2026-08-11,2026-08-21,,In Progress,High
1778,Complaint,Fundraising Ops,agent_18,2026-06-18,2026-07-08,,Open,Normal
1779,Data request,Fundraising Ops,agent_03,2026-02-01,2026-02-06,2026-03-12,Completed,Normal
1780,Thank-you letter,Supporter Care,agent_05,2025-12-04,2025-12-06,2025-12-12,Completed,High
1781,Swab kit dispatch,Supporter Care,agent_11,2026-03-20,2026-03-30,2026-03-29,Completed,Normal
1782,Complaint,Supporter Care,agent_24,2026-06-12,2026-06-17,2026-07-17,Completed,Normal
1783,Gift Aid declaration,Register Operations,agent_13,2026-01-21,2026-01-26,2026-02-13,Completed,Low
1784,Data request,Supporter Care,agent_07,2025-05-09,2025-05-29,2025-06-04,Completed,Normal
1785,Consent follow-up,Register Operations,agent_06,2026-03-27,2026-03-29,2026-04-18,Completed,Normal
1786,Welcome pack,Supporter Care,,2025-04-21,2025-04-23,2025-04-30,Completed,Low
1787,Gift Aid declaration,Supporter Care,agent_12,2025-04-17,2025-04-19,2025-05-03,Completed,High
1788,Complaint,Register Operations,agent_11,2025-07-05,2025-07-07,2025-08-09,Completed,High
1789,Swab kit dispatch,Supporter Care,agent_01,2026-03-06,2026-03-16,2026-03-18,Completed,Low
1790,Thank-you letter,Fundraising Ops,agent_06,2026-04-26,2026-05-16,2026-04-29,Completed,High
1791,Thank-you letter,Supporter Care,agent_10,2025-10-24,2025-10-29,,Blocked,Normal
1792,Data request,Register Operations,agent_19,2025-11-26,2025-11-28,2025-12-14,Completed,Normal
1793,Swab kit dispatch,Fundraising Ops,agent_08,2026-06-17,2026-06-22,2026-07-01,Completed,Normal
1794,Welcome pack,Supporter Care,agent_13,2026-06-23,2026-07-03,2026-07-16,Completed,Low
1795,Data request,Fundraising Ops,agent_20,2025-11-07,2025-11-09,2025-11-19,Completed,Urgent
1796,Thank-you letter,Supporter Care,agent_04,2026-01-27,2026-01-29,2026-01-31,Completed,High
1797,Thank-you letter,Supporter Care,agent_03,2026-01-17,2026-02-06,2026-01-25,Completed,Low
1798,Thank-you letter,Fundraising Ops,agent_04,2025-08-29,2025-09-18,2025-09-06,Complete,High
1799,Gift Aid declaration,Fundraising Ops,agent_26,2025-04-17,2025-04-22,2025-04-24,Completed,Normal
1800,Complaint,Register Operations,agent_05,2025-06-10,2025-06-20,2025-07-12,Completed,Low
1801,Consent follow-up,Supporter Care,agent_20,2025-07-08,2025-07-13,2025-07-12,Completed,High
1802,Address change,Register Operations,agent_10,2026-07-05,2026-07-25,2026-07-21,Completed,Normal
1803,Thank-you letter,Fundraising Ops,agent_19,2026-05-21,2026-05-23,2026-05-30,Completed,Low
1804,Data request,Register Operations,agent_01,2025-10-14,2025-11-03,2025-11-06,Completed,Normal
1805,Complaint,Register Operations,agent_09,2026-05-01,2026-05-11,2026-06-08,Completed,Normal
1806,Gift Aid declaration,Fundraising Ops,agent_03,2026-06-21,2026-07-01,2026-07-12,Completed,Normal
1807,Address change,Register Operations,agent_09,2026-02-25,2026-03-02,2026-03-09,Completed,Normal
1808,Swab kit dispatch,Supporter Care,agent_03,2025-10-04,2025-10-24,,In Progress,Normal
1809,Swab kit dispatch,Register Operations,agent_07,2025-04-29,2025-05-04,2025-05-07,Completed,Normal
1810,Thank-you letter,Fundraising Ops,agent_11,2026-05-01,2026-05-03,2026-05-12,Completed,Low
1811,Complaint,Supporter Care,agent_11,2025-07-25,2025-08-04,2025-08-29,Completed,High
1812,Swab kit dispatch,Fundraising Ops,,2026-06-27,2026-07-07,2026-07-16,Completed,Normal
1813,Address change,Register Operations,agent_05,2026-04-16,2026-05-06,2026-05-03,Complete,Normal
1814,Thank-you letter,Supporter Care,agent_03,2026-04-14,2026-04-24,,In Progress,Normal
1815,Address change,Supporter Care,agent_14,2025-04-15,2025-04-25,2025-04-24,Completed,Normal
1816,Swab kit dispatch,Register Operations,agent_23,2025-08-16,2025-08-21,2025-08-23,Completed,High
1817,Swab kit dispatch,Register Operations,agent_08,2025-02-25,2025-03-07,2025-03-06,Completed,Low
1818,Complaint,Fundraising Ops,agent_03,2025-05-03,2025-05-08,,Blocked,High
1819,Gift Aid declaration,Fundraising Ops,agent_08,2026-05-15,2026-05-17,2026-06-03,Completed,Low
1820,Address change,Fundraising Ops,agent_22,2026-02-13,2026-02-18,2026-03-03,Completed,Low
1821,Gift Aid declaration,Register Operations,agent_01,2026-03-15,2026-04-04,,Open,Urgent
1822,Consent follow-up,Supporter Care,agent_18,2026-02-21,2026-03-03,2026-03-10,Completed,High
1823,Data request,Fundraising Ops,agent_01,2026-03-21,2026-03-23,2026-04-27,Completed,High
1824,Consent follow-up,Fundraising Ops,agent_02,2025-12-01,2025-12-11,2025-12-14,Completed,Normal
1825,Welcome pack,Register Operations,agent_14,2026-04-24,2026-05-04,2026-04-28,Completed,Normal
1826,Welcome pack,Fundraising Ops,agent_18,2025-07-28,2025-08-17,2025-08-10,Completed,Urgent
1827,Gift Aid declaration,Register Operations,agent_16,2025-03-08,2025-03-10,,Blocked,Low
1828,Data request,Fundraising Ops,agent_06,2025-03-13,2025-03-18,2025-04-04,Completed,Normal
1829,Complaint,Register Operations,agent_23,2025-06-23,2025-07-03,2025-08-09,Completed,Normal
1830,Gift Aid declaration,Supporter Care,agent_08,2026-01-23,2026-01-25,2026-01-28,Completed,Low
1831,Consent follow-up,Fundraising Ops,agent_06,2025-07-14,2025-07-19,2025-08-07,Completed,Normal
1832,Address change,Register Operations,agent_11,2025-08-22,2025-09-11,2025-08-25,Completed,High
1833,Consent follow-up,Register Operations,agent_21,2025-09-24,2025-09-26,2025-10-02,Completed,Normal
1834,Swab kit dispatch,Fundraising Ops,agent_20,2026-05-16,2026-06-05,2026-05-30,Completed,Normal
1835,Consent follow-up,Supporter Care,agent_23,2026-05-10,2026-05-15,2026-05-12,Completed,Low
1836,Swab kit dispatch,Fundraising Ops,agent_25,2025-08-10,2025-08-30,2025-08-21,Completed,Low
1837,Swab kit dispatch,Register Operations,agent_14,2026-03-25,2026-04-14,2026-03-30,Completed,Low
1838,Complaint,Register Operations,agent_14,2026-01-06,2026-01-16,2026-02-05,Completed,Low
1839,Address change,Supporter Care,agent_21,2025-08-17,2025-08-22,2025-09-03,Completed,Normal
1840,Thank-you letter,Supporter Care,agent_26,2026-07-12,2026-07-14,2026-07-22,Completed,Urgent
1841,Welcome pack,Supporter Care,agent_19,2025-07-03,2025-07-13,2025-07-18,Completed,Low
1842,Welcome pack,Supporter Care,agent_09,2025-02-28,2025-03-05,2025-03-10,Completed,Normal
1843,Swab kit dispatch,Fundraising Ops,agent_03,2026-01-29,2026-01-31,2026-02-11,Completed,Low
1844,Data request,Fundraising Ops,agent_03,2026-08-14,2026-09-03,,Blocked,High
1845,Thank-you letter,Fundraising Ops,agent_01,2026-03-25,2026-04-14,2026-04-03,Completed,Normal
1846,Swab kit dispatch,Supporter Care,agent_10,2025-05-27,2025-06-16,2025-06-08,Completed,Normal
1847,Swab kit dispatch,Register Operations,agent_19,2025-10-08,2025-10-18,2025-10-21,Completed,Urgent
1848,Welcome pack,Register Operations,agent_21,2025-04-18,2025-04-28,2025-05-07,Completed,Normal
1849,Thank-you letter,Supporter Care,agent_20,2026-06-16,2026-06-18,2026-06-22,Completed,Low
1850,Data request,Supporter Care,agent_14,2026-03-20,2026-03-22,2026-04-21,Completed,Low
1851,Complaint,Register Operations,agent_04,2025-07-19,2025-07-29,2025-08-29,Completed,High
1852,Swab kit dispatch,Register Operations,agent_16,2025-12-16,2025-12-26,2025-12-28,Completed,Normal
1853,Address change,Supporter Care,agent_04,2026-01-21,2026-01-23,2026-01-31,Completed,Normal
1854,Complaint,Supporter Care,agent_24,2025-10-13,2025-10-18,,In Progress,Normal
1855,Thank-you letter,Supporter Care,agent_23,2025-06-23,2025-07-13,2025-07-03,Completed,Low
1856,Swab kit dispatch,Fundraising Ops,agent_24,2025-10-22,2025-11-01,2025-11-04,Complete,Normal
1857,Data request,Register Operations,agent_04,2025-04-08,2025-04-10,2025-04-13,Completed,High
1858,Gift Aid declaration,Register Operations,agent_14,2025-09-04,2025-09-14,,Open,Normal
1859,Consent follow-up,Supporter Care,agent_03,2026-01-02,2026-01-12,2026-01-14,Completed,High
1860,Address change,Supporter Care,agent_17,2026-02-11,2026-02-21,2026-02-17,Completed,Normal
1861,Thank-you letter,Register Operations,agent_13,2025-12-05,2025-12-25,2025-12-16,Completed,Normal
1862,Address change,Supporter Care,agent_13,2025-03-09,2025-03-19,2025-03-13,Completed,Normal
1863,Swab kit dispatch,Supporter Care,agent_15,2026-05-23,2026-06-12,2026-06-07,Completed,Normal
1864,Complaint,Register Operations,agent_23,2025-03-07,2025-03-12,2025-03-19,Complete,Normal
1865,Swab kit dispatch,Fundraising Ops,agent_25,2026-07-30,2026-08-09,2026-08-15,Completed,High
1866,Address change,Register Operations,agent_21,2025-06-07,2025-06-09,,Blocked,Urgent
1867,Consent follow-up,Fundraising Ops,agent_20,2025-02-24,2025-03-16,2025-03-17,Completed,Normal
1868,Thank-you letter,Fundraising Ops,agent_17,2026-05-30,2026-06-01,2026-06-08,Completed,Normal
1869,Address change,Supporter Care,agent_25,2026-02-04,2026-02-09,2026-02-15,Completed,Normal
1870,Thank-you letter,Register Operations,agent_15,2025-12-04,2025-12-06,,In Progress,High
1871,Welcome pack,Supporter Care,agent_13,2025-06-19,2025-06-29,2025-06-28,Completed,Normal
1872,Swab kit dispatch,Fundraising Ops,agent_21,2025-07-31,2025-08-02,2025-08-10,Complete,High
1873,Address change,Register Operations,agent_03,2026-01-10,2026-01-15,2026-01-17,Completed,Normal
1874,Data request,Supporter Care,agent_07,2025-05-04,2025-05-09,2025-06-07,Completed,High
1875,Consent follow-up,Supporter Care,agent_16,2025-10-30,2025-11-19,2025-11-24,Completed,High
1876,Consent follow-up,Fundraising Ops,agent_01,2025-03-21,2025-03-26,2025-04-08,Completed,Normal
1877,Complaint,Fundraising Ops,agent_10,2025-12-10,2025-12-20,2026-01-16,Completed,Low
1878,Address change,Fundraising Ops,agent_05,2025-06-26,2025-07-06,2025-06-30,Completed,High
1879,Swab kit dispatch,Register Operations,agent_04,2025-06-06,2025-06-08,2025-06-18,Complete,Normal
1880,Thank-you letter,Supporter Care,agent_10,2025-04-16,2025-04-21,2025-04-23,Completed,High
1881,Welcome pack,Supporter Care,agent_22,2026-06-08,2026-06-18,2026-06-28,Completed,Normal
1882,Consent follow-up,Fundraising Ops,agent_06,2025-09-01,2025-09-06,2025-09-20,Completed,Low
1883,Thank-you letter,Register Operations,agent_13,2026-08-15,2026-08-20,,In Progress,High
1884,Consent follow-up,Supporter Care,agent_03,2025-10-22,2025-11-11,,Blocked,High
1885,Data request,Fundraising Ops,agent_20,2025-09-28,2025-10-03,2025-11-04,Completed,Urgent
1886,Complaint,Supporter Care,agent_21,2025-03-27,2025-03-29,2025-05-11,Completed,Normal
1887,Swab kit dispatch,Register Operations,agent_18,2025-12-04,2025-12-06,,In Progress,Urgent
1888,Data request,Register Operations,agent_08,2025-09-29,2025-10-19,,Open,High
1889,Gift Aid declaration,Supporter Care,agent_09,2025-05-29,2025-06-18,2025-06-13,Completed,High
1890,Consent follow-up,Supporter Care,agent_06,2025-03-13,2025-03-15,2025-03-30,Completed,Normal
1891,Data request,Fundraising Ops,agent_07,2026-04-18,2026-04-23,2026-05-01,Completed,Normal
1892,Address change,Fundraising Ops,agent_15,2025-04-16,2025-05-06,2025-04-27,Completed,High
1893,Consent follow-up,Fundraising Ops,agent_12,2025-12-03,2025-12-23,2025-12-05,Completed,Normal
1894,Swab kit dispatch,Supporter Care,agent_16,2025-05-16,2025-05-21,2025-05-17,Completed,Urgent
1895,Gift Aid declaration,Register Operations,agent_23,2025-08-09,2025-08-19,2025-08-24,Completed,Normal
1896,Address change,Supporter Care,agent_08,2026-03-23,2026-04-12,2026-03-30,Completed,Normal
1897,Thank-you letter,Fundraising Ops,agent_07,2025-10-13,2025-10-15,2025-10-19,Completed,High
1898,Complaint,Register Operations,agent_19,2026-01-09,2026-01-19,2026-02-09,Completed,Normal
1899,Swab kit dispatch,Fundraising Ops,agent_23,2026-02-28,2026-03-20,2026-03-03,Completed,Urgent
1900,Welcome pack,Fundraising Ops,agent_13,2025-04-25,2025-05-15,2025-05-04,Completed,Low
1901,Consent follow-up,Supporter Care,agent_02,2025-05-18,2025-05-23,2025-06-13,Completed,Normal
1902,Swab kit dispatch,Supporter Care,agent_13,2026-03-30,2026-04-09,2026-04-06,Completed,Low
1903,Thank-you letter,Supporter Care,agent_03,2026-06-28,2026-07-03,2026-07-08,Completed,Normal
1904,Swab kit dispatch,Fundraising Ops,agent_22,2026-01-22,2026-02-11,2026-02-06,Complete,Normal
1905,Gift Aid declaration,Register Operations,agent_01,2026-08-15,2026-08-20,,Open,Low
1906,Address change,Fundraising Ops,agent_15,2026-01-22,2026-01-27,,Blocked,Normal
1907,Address change,Supporter Care,agent_26,2025-09-12,2025-09-14,2025-09-19,Completed,High
1908,Gift Aid declaration,Supporter Care,agent_02,2025-09-17,2025-10-07,2025-09-25,Completed,High
1909,Swab kit dispatch,Fundraising Ops,agent_14,2026-06-04,2026-06-06,2026-06-05,Completed,Urgent
1910,Gift Aid declaration,Register Operations,agent_14,2026-01-04,2026-01-24,,Completed,Low
1911,Data request,Register Operations,agent_08,2026-06-23,2026-07-03,2026-08-11,Completed,Normal
1912,Swab kit dispatch,Register Operations,agent_24,2026-02-09,2026-02-11,2026-02-18,Completed,Normal
1913,Data request,Supporter Care,agent_12,2025-05-08,2025-05-18,,Blocked,Low
1914,Consent follow-up,Supporter Care,agent_09,2025-04-25,2025-05-15,2025-05-14,Completed,Normal
1915,Thank-you letter,Supporter Care,agent_20,2026-02-18,2026-02-23,2026-02-19,Completed,Normal
1916,Address change,Fundraising Ops,agent_08,2025-10-10,2025-10-20,2025-10-13,Completed,Low
1917,Thank-you letter,Register Operations,agent_14,2026-04-29,2026-05-19,,In Progress,Low
1918,Gift Aid declaration,Fundraising Ops,agent_12,2025-05-05,2025-05-25,2025-05-25,Completed,Normal
1919,Address change,Fundraising Ops,agent_15,2025-04-10,2025-04-30,2025-04-14,Completed,Normal
1920,Thank-you letter,Supporter Care,agent_04,2026-01-25,2026-01-30,2026-02-02,Completed,High
1921,Data request,Supporter Care,agent_16,2026-08-10,2026-08-15,,In Progress,High
1922,Thank-you letter,Fundraising Ops,agent_18,2025-06-03,2025-06-23,2025-06-10,Completed,Low
1923,Welcome pack,Register Operations,agent_20,2025-11-18,2025-12-08,2025-11-19,Completed,High
1924,Gift Aid declaration,Fundraising Ops,agent_15,2026-01-24,2026-02-03,,Blocked,High
1925,Data request,Fundraising Ops,agent_16,2025-10-22,2025-11-01,,In Progress,Normal
1926,Swab kit dispatch,Fundraising Ops,,2025-08-15,2025-08-17,2025-08-26,Completed,Low
1927,Address change,Supporter Care,agent_17,2025-12-23,2026-01-12,2026-01-15,Completed,Low
1928,Swab kit dispatch,Supporter Care,agent_07,2026-02-15,2026-02-25,2026-02-24,Completed,Normal
1929,Data request,Fundraising Ops,agent_02,2025-10-05,2025-10-25,2025-10-27,Completed,Normal
1930,Address change,Fundraising Ops,agent_05,2025-09-04,2025-09-24,2025-09-16,Complete,Normal
1931,Complaint,Supporter Care,agent_10,2026-03-07,2026-03-27,2026-04-14,Completed,Normal
1932,Thank-you letter,Fundraising Ops,agent_19,2025-11-12,2025-11-14,2025-11-19,Completed,Normal
1933,Complaint,Supporter Care,agent_22,2025-12-18,2025-12-20,2026-01-18,Completed,Urgent
1934,Address change,Supporter Care,agent_17,2025-06-18,2025-07-08,2025-07-01,Completed,Normal
1935,Swab kit dispatch,Supporter Care,agent_19,2026-05-12,2026-06-01,,Open,High
1936,Consent follow-up,Fundraising Ops,agent_16,2025-09-25,2025-09-27,2025-10-13,Complete,Low
1937,Data request,Register Operations,agent_02,2026-02-21,2026-03-03,2026-03-25,Completed,High
1938,Welcome pack,Fundraising Ops,agent_18,2026-07-05,2026-07-10,2026-07-23,Completed,Normal
1939,Complaint,Fundraising Ops,agent_16,2026-05-24,2026-06-03,,In Progress,High
1940,Welcome pack,Fundraising Ops,agent_04,2026-06-29,2026-07-09,2026-07-13,Completed,Low
1941,Gift Aid declaration,Supporter Care,agent_22,2025-12-30,2026-01-01,2026-01-17,Completed,Normal
1942,Consent follow-up,Register Operations,agent_25,2025-07-20,2025-08-09,2025-08-08,Completed,Normal
1943,Thank-you letter,Supporter Care,agent_05,2026-07-02,2026-07-07,2026-07-14,Completed,Normal
1944,Complaint,Supporter Care,agent_08,2026-03-17,2026-03-22,2026-04-15,Complete,Urgent
1945,Welcome pack,Supporter Care,agent_11,2025-04-07,2025-04-12,2025-04-17,Completed,Normal
1946,Complaint,Supporter Care,agent_03,2026-07-27,2026-08-16,2026-07-27,Completed,Urgent
1947,Complaint,Supporter Care,agent_14,2026-04-16,2026-04-26,2026-06-23,Completed,Normal
1948,Thank-you letter,Fundraising Ops,agent_11,2025-12-31,2026-01-05,2026-01-08,Completed,Normal
1949,Complaint,Register Operations,agent_21,2025-08-12,2025-09-01,2025-10-09,Completed,Normal
1950,Address change,Register Operations,agent_06,2026-04-18,2026-04-23,2026-04-29,Complete,Normal
1951,Data request,Fundraising Ops,agent_10,2025-03-21,2025-04-10,2025-04-01,Completed,High
1952,Thank-you letter,Register Operations,agent_21,2026-01-02,2026-01-07,2026-01-09,Completed,Low
1953,Thank-you letter,Supporter Care,agent_21,2026-04-01,2026-04-11,2026-04-08,Completed,Normal
1954,Address change,Register Operations,agent_20,2026-07-24,2026-07-29,2026-08-08,Completed,Normal
1955,Data request,Register Operations,agent_13,2025-04-03,2025-04-13,2025-05-17,Completed,Normal
1956,Welcome pack,Register Operations,agent_11,2025-10-18,2025-10-28,2025-10-26,Completed,Normal
1957,Gift Aid declaration,Register Operations,agent_17,2025-12-01,2025-12-06,2025-12-30,Completed,Low
1958,Welcome pack,Register Operations,agent_26,2026-05-02,2026-05-22,2026-05-12,Complete,Normal
1959,Data request,Register Operations,agent_03,2025-04-08,2025-04-10,2025-05-03,Completed,Urgent
1960,Address change,Fundraising Ops,agent_09,2026-03-18,2026-03-23,2026-04-05,Completed,Normal
1961,Consent follow-up,Supporter Care,agent_26,2025-08-12,2025-08-17,2025-08-29,Completed,Normal
1962,Complaint,Fundraising Ops,agent_11,2026-02-13,2026-02-23,2026-03-20,Completed,Normal
1963,Swab kit dispatch,Fundraising Ops,agent_12,2025-03-19,2025-04-08,2025-03-27,Completed,Low
1964,Complaint,Fundraising Ops,agent_25,2026-03-22,2026-03-27,2026-05-03,Completed,Normal
1965,Welcome pack,Fundraising Ops,agent_21,2026-03-01,2026-03-21,2026-03-11,Completed,Normal
1966,Thank-you letter,Register Operations,agent_15,2025-09-23,2025-10-13,2025-09-25,Completed,Normal
1967,Complaint,Supporter Care,agent_26,2025-11-07,2025-11-17,,Open,High
1968,Gift Aid declaration,Register Operations,agent_04,2025-06-28,2025-07-18,2025-07-22,Completed,Normal
1969,Consent follow-up,Fundraising Ops,agent_13,2026-04-27,2026-05-02,2026-05-21,Completed,Normal
1970,Consent follow-up,Supporter Care,agent_15,2025-10-28,2025-11-17,2025-11-24,Completed,Normal
1971,Swab kit dispatch,Fundraising Ops,agent_12,2026-07-06,2026-07-11,2026-07-07,Completed,Normal
1972,Gift Aid declaration,Fundraising Ops,agent_24,2025-10-05,2025-10-15,2025-10-22,Completed,Normal
1973,Gift Aid declaration,Fundraising Ops,agent_22,2025-11-04,2025-11-06,2025-11-18,Completed,Urgent
1974,Consent follow-up,Supporter Care,agent_08,2026-02-17,2026-02-22,2026-03-02,Completed,Normal
1975,Gift Aid declaration,Supporter Care,agent_10,2026-01-24,2026-02-03,2026-02-05,Completed,Low
1976,Address change,Fundraising Ops,agent_21,2026-03-17,2026-03-27,2026-03-28,Completed,Low
1977,Gift Aid declaration,Supporter Care,agent_22,2025-10-01,2025-10-03,2025-10-17,Completed,Normal
1978,Gift Aid declaration,Register Operations,agent_23,2025-03-07,2025-03-09,2025-03-22,Completed,Normal
1979,Address change,Register Operations,agent_13,2025-05-05,2025-05-07,2025-05-12,Completed,High
1980,Swab kit dispatch,Register Operations,agent_06,2025-08-25,2025-08-27,2025-09-05,Completed,Low
1981,Swab kit dispatch,Supporter Care,agent_24,2026-04-20,2026-04-25,2026-04-26,Completed,Normal
1982,Swab kit dispatch,Register Operations,agent_01,2025-07-01,2025-07-06,2025-07-05,Completed,Normal
1983,Gift Aid declaration,Supporter Care,agent_17,2025-08-25,2025-09-04,2025-09-13,Complete,Normal
1984,Welcome pack,Fundraising Ops,agent_12,2026-02-08,2026-02-10,2026-02-19,Completed,Low
1985,Data request,Register Operations,agent_20,2026-03-25,2026-03-30,2026-04-24,Completed,High
1986,Consent follow-up,Register Operations,agent_11,2026-06-18,2026-07-08,2026-06-22,Completed,High
1987,Welcome pack,Supporter Care,agent_11,2026-01-04,2026-01-06,2026-01-20,Completed,Normal
1988,Complaint,Supporter Care,agent_21,2025-10-21,2025-10-23,2025-10-26,Completed,Normal
1989,Gift Aid declaration,Supporter Care,agent_06,2025-07-05,2025-07-10,2025-08-04,Completed,Normal
1990,Gift Aid declaration,Fundraising Ops,,2026-06-21,2026-07-11,2026-07-21,Completed,Normal
1991,Thank-you letter,Fundraising Ops,agent_11,2025-11-08,2025-11-18,2025-11-08,Completed,Normal
1992,Welcome pack,Supporter Care,agent_18,2026-01-21,2026-01-26,2026-02-02,Completed,Normal
1993,Gift Aid declaration,Register Operations,agent_10,2025-10-12,2025-11-01,,Blocked,High
1994,Swab kit dispatch,Register Operations,agent_09,2026-07-24,2026-07-29,2026-08-08,Completed,Normal
1995,Address change,Supporter Care,agent_01,2025-10-30,2025-11-01,2025-11-10,Completed,Urgent
1996,Complaint,Register Operations,agent_03,2025-07-01,2025-07-21,2025-07-29,Completed,Normal
1997,Gift Aid declaration,Register Operations,agent_18,2025-11-14,2025-11-16,2025-11-24,Completed,Normal
1998,Thank-you letter,Supporter Care,agent_24,2025-08-26,2025-09-05,2025-09-09,Completed,High
1999,Complaint,Register Operations,agent_24,2026-05-23,2026-06-02,2026-07-27,Completed,Normal
2000,Welcome pack,Register Operations,agent_10,2025-10-16,2025-10-21,2025-10-28,Completed,Normal
2001,Complaint,Register Operations,agent_13,2025-03-22,2025-04-11,2025-05-03,Completed,Normal
2002,Complaint,Supporter Care,agent_26,2026-08-16,2026-08-18,,In Progress,High
2003,Gift Aid declaration,Supporter Care,agent_16,2025-10-20,2025-10-25,2025-11-05,Completed,Urgent
2004,Complaint,Supporter Care,agent_21,2025-12-11,2025-12-31,2026-01-22,Completed,Low
2005,Address change,Supporter Care,agent_18,2025-09-27,2025-10-02,2025-09-27,Completed,High
2006,Data request,Fundraising Ops,agent_01,2025-11-02,2025-11-22,2025-12-08,Completed,Normal
2007,Address change,Fundraising Ops,agent_16,2025-03-31,2025-04-02,2025-03-31,Complete,Normal
2008,Thank-you letter,Fundraising Ops,agent_23,2025-06-28,2025-06-30,2025-07-07,Completed,Low
2009,Data request,Fundraising Ops,agent_26,2026-01-09,2026-01-29,2026-01-23,Completed,Normal
2010,Swab kit dispatch,Register Operations,agent_20,2025-07-13,2025-07-18,2025-07-15,Completed,Normal
2011,Data request,Register Operations,agent_14,2026-08-03,2026-08-23,,Open,Normal
2012,Data request,Fundraising Ops,agent_09,2025-04-05,2025-04-15,2025-04-30,Completed,Normal
2013,Thank-you letter,Supporter Care,agent_06,2025-12-31,2026-01-10,2026-01-02,Completed,High
2014,Gift Aid declaration,Fundraising Ops,agent_19,2026-06-07,2026-06-27,2026-06-24,Completed,Low
2015,Thank-you letter,Supporter Care,agent_22,2026-05-21,2026-05-26,,Completed,Urgent
2016,Complaint,Fundraising Ops,agent_19,2025-06-08,2025-06-18,2025-07-12,Completed,Normal
2017,Swab kit dispatch,Fundraising Ops,agent_01,2025-03-10,2025-03-12,2025-03-16,Completed,Normal
2018,Consent follow-up,Fundraising Ops,agent_12,2025-12-03,2025-12-08,2025-12-09,Completed,Normal
2019,Data request,Register Operations,agent_12,2025-04-01,2025-04-11,2025-04-30,Completed,High
2020,Welcome pack,Supporter Care,agent_08,2025-05-24,2025-06-03,2025-06-07,Completed,Normal
2021,Address change,Fundraising Ops,agent_19,2026-07-29,2026-08-08,,In Progress,Normal
2022,Complaint,Fundraising Ops,agent_25,2026-06-23,2026-07-13,2026-07-22,Completed,Normal
2023,Address change,Supporter Care,agent_13,2026-07-25,2026-07-30,2026-08-06,Completed,Low
2024,Consent follow-up,Register Operations,agent_24,2026-06-22,2026-07-02,2026-07-08,Completed,High
2025,Swab kit dispatch,Fundraising Ops,agent_25,2026-06-01,2026-06-06,2026-06-09,Completed,Urgent
2026,Data request,Supporter Care,agent_02,2025-06-12,2025-06-17,2025-07-05,Completed,Normal
2027,Welcome pack,Register Operations,agent_19,2026-08-02,2026-08-22,,Blocked,Low
2028,Gift Aid declaration,Supporter Care,agent_26,2026-03-17,2026-03-22,2026-04-05,Complete,Normal
2029,Welcome pack,Fundraising Ops,agent_22,2025-06-26,2025-07-01,2025-06-30,Completed,Normal
2030,Gift Aid declaration,Supporter Care,agent_19,2026-05-07,2026-05-12,2026-06-18,Completed,Normal
2031,Address change,Supporter Care,agent_24,2025-10-04,2025-10-14,2025-10-05,Completed,Normal
2032,Complaint,Fundraising Ops,agent_14,2026-07-15,2026-07-20,,Open,Normal
2033,Gift Aid declaration,Supporter Care,agent_16,2025-05-21,2025-06-10,2025-06-06,Completed,Normal
2034,Complaint,Fundraising Ops,agent_12,2026-06-18,2026-06-20,2026-06-28,Completed,Normal
2035,Address change,Supporter Care,agent_17,2026-03-04,2026-03-09,2026-03-14,Completed,Normal
2036,Complaint,Fundraising Ops,agent_03,2026-05-17,2026-05-19,2026-06-01,Completed,High
2037,Consent follow-up,Register Operations,agent_08,2025-03-17,2025-03-19,2025-04-03,Completed,Normal
2038,Consent follow-up,Register Operations,agent_16,2026-05-31,2026-06-20,,Open,Normal
2039,Data request,Fundraising Ops,agent_24,2026-07-25,2026-08-14,,In Progress,Low
2040,Complaint,Fundraising Ops,,2026-06-25,2026-06-27,2026-08-02,Completed,Low
2041,Thank-you letter,Supporter Care,agent_16,2026-05-20,2026-05-25,2026-05-22,Completed,Normal
2042,Thank-you letter,Register Operations,agent_04,2026-01-13,2026-01-15,2026-01-20,Completed,Normal
2043,Complaint,Register Operations,agent_23,2025-12-12,2025-12-22,2026-01-27,Completed,Normal
2044,Gift Aid declaration,Fundraising Ops,,2025-11-10,2025-11-12,2025-12-04,Completed,Normal
2045,Consent follow-up,Fundraising Ops,agent_22,2026-06-15,2026-06-17,2026-07-20,Completed,Normal
2046,Address change,Fundraising Ops,agent_16,2025-04-03,2025-04-05,2025-04-20,Completed,Normal
2047,Data request,Register Operations,agent_22,2026-05-18,2026-05-20,2026-06-06,Completed,High
2048,Thank-you letter,Register Operations,agent_13,2025-09-12,2025-09-22,2025-09-18,Completed,Normal
2049,Complaint,Fundraising Ops,agent_25,2025-06-23,2025-06-28,2025-08-14,Completed,High
2050,Welcome pack,Fundraising Ops,agent_02,2026-05-14,2026-05-19,2026-05-26,Completed,Low
2051,Gift Aid declaration,Supporter Care,agent_05,2026-07-17,2026-07-27,2026-08-09,Completed,Normal
2052,Address change,Supporter Care,agent_22,2025-06-05,2025-06-07,2025-06-21,Completed,High
2053,Gift Aid declaration,Register Operations,agent_06,2026-02-12,2026-02-17,2026-03-16,Completed,High
2054,Complaint,Supporter Care,agent_13,2026-02-24,2026-03-16,2026-03-23,Completed,Normal
2055,Complaint,Supporter Care,agent_08,2026-01-30,2026-02-01,2026-01-30,Completed,Normal
2056,Address change,Fundraising Ops,agent_22,2026-05-11,2026-05-21,2026-05-20,Completed,Normal
2057,Swab kit dispatch,Register Operations,agent_26,2025-10-29,2025-11-03,2025-11-09,Completed,Normal
2058,Welcome pack,Supporter Care,agent_03,2026-07-27,2026-08-16,,Open,Normal
2059,Gift Aid declaration,Register Operations,agent_09,2026-01-06,2026-01-16,2026-01-14,Completed,Low
2060,Address change,Fundraising Ops,agent_23,2026-04-03,2026-04-05,2026-04-15,Completed,Normal
2061,Consent follow-up,Register Operations,agent_19,2026-07-31,2026-08-02,,Blocked,Low
2062,Consent follow-up,Fundraising Ops,agent_07,2026-05-31,2026-06-10,2026-06-27,Completed,Normal
2063,Data request,Supporter Care,agent_04,2025-09-08,2025-09-18,,In Progress,Urgent
2064,Data request,Register Operations,agent_04,2026-03-27,2026-04-06,2026-04-04,Completed,Normal
2065,Complaint,Fundraising Ops,agent_15,2025-07-16,2025-08-05,2025-08-19,Completed,Normal
2066,Address change,Supporter Care,agent_10,2026-04-17,2026-04-22,2026-04-25,Completed,Normal
2067,Address change,Supporter Care,agent_11,2026-05-27,2026-06-01,2026-06-11,Completed,Normal
2068,Complaint,Fundraising Ops,agent_02,2025-06-15,2025-06-20,2025-07-12,Completed,Normal
2069,Data request,Supporter Care,agent_07,2025-12-15,2025-12-20,2026-01-08,Completed,Normal
2070,Thank-you letter,Supporter Care,agent_24,2025-07-08,2025-07-10,2025-07-17,Completed,Normal
2071,Gift Aid declaration,Fundraising Ops,agent_01,2026-08-02,2026-08-22,2026-08-10,Completed,Low
2072,Swab kit dispatch,Fundraising Ops,agent_15,2025-03-29,2025-04-08,2025-04-09,Completed,Normal
2073,Swab kit dispatch,Fundraising Ops,agent_17,2026-05-30,2026-06-19,2026-06-17,Completed,Normal
2074,Gift Aid declaration,Fundraising Ops,agent_21,2025-09-13,2025-09-23,2025-09-28,Completed,Normal
2075,Address change,Fundraising Ops,agent_13,2026-02-18,2026-03-10,2026-03-10,Completed,Urgent
2076,Consent follow-up,Fundraising Ops,agent_06,2025-10-22,2025-11-11,2025-11-08,Completed,Normal
2077,Consent follow-up,Register Operations,agent_05,2026-07-11,2026-07-16,2026-08-09,Completed,High
2078,Welcome pack,Fundraising Ops,agent_05,2025-10-15,2025-10-20,2025-10-23,Completed,Low
2079,Welcome pack,Supporter Care,agent_10,2025-03-19,2025-04-08,2025-04-02,Completed,Normal
2080,Gift Aid declaration,Fundraising Ops,agent_23,2025-08-14,2025-08-24,2025-08-27,Completed,Normal
2081,Thank-you letter,Fundraising Ops,agent_01,2026-01-12,2026-02-01,2026-01-14,Completed,Normal
2082,Address change,Register Operations,agent_10,2026-03-03,2026-03-13,2026-03-18,Completed,Normal
2083,Thank-you letter,Supporter Care,agent_03,2026-03-01,2026-03-03,2026-03-07,Completed,Normal
2084,Complaint,Supporter Care,agent_13,2025-11-21,2025-11-23,2025-12-15,Completed,Normal
2085,Address change,Register Operations,agent_05,2026-03-29,2026-04-08,2026-03-29,Completed,Normal
2086,Swab kit dispatch,Fundraising Ops,agent_12,2025-10-15,2025-11-04,2025-10-24,Completed,Normal
2087,Complaint,Supporter Care,agent_06,2026-03-10,2026-03-15,2026-04-08,Completed,Low
2088,Address change,Register Operations,agent_15,2025-09-22,2025-10-02,2025-10-09,Completed,Low
2089,Swab kit dispatch,Supporter Care,agent_04,2026-05-12,2026-05-17,2026-05-23,Completed,High
2090,Address change,Supporter Care,agent_18,2026-05-06,2026-05-11,2026-05-13,Complete,Urgent
2091,Thank-you letter,Supporter Care,agent_10,2026-04-24,2026-04-29,2026-05-09,Completed,Urgent
2092,Complaint,Supporter Care,agent_08,2025-04-26,2025-05-06,2025-05-14,Completed,High
2093,Address change,Supporter Care,agent_25,2026-06-04,2026-06-24,2026-06-20,Completed,High
2094,Address change,Supporter Care,agent_06,2025-11-03,2025-11-23,2025-11-25,Completed,Normal
2095,Gift Aid declaration,Register Operations,agent_22,2026-05-18,2026-05-28,2026-05-18,Completed,High
2096,Thank-you letter,Supporter Care,,2026-02-15,2026-02-25,2026-02-17,Completed,Normal
2097,Swab kit dispatch,Register Operations,agent_15,2025-03-12,2025-03-22,2025-03-21,Completed,Low
2098,Consent follow-up,Register Operations,agent_09,2026-04-21,2026-05-11,2026-05-01,Completed,Normal
2099,Data request,Register Operations,agent_05,2026-03-20,2026-03-22,2026-04-21,Completed,Normal
2100,Data request,Fundraising Ops,agent_18,2026-02-08,2026-02-18,2026-02-27,Completed,Urgent
2101,Address change,Supporter Care,agent_26,2025-04-14,2025-04-19,2025-05-03,Completed,Low
2102,Thank-you letter,Fundraising Ops,agent_20,2026-03-31,2026-04-02,2026-04-05,Completed,Normal
2103,Data request,Supporter Care,agent_08,2025-03-07,2025-03-27,2025-04-11,Completed,Normal
2104,Data request,Register Operations,agent_25,2026-01-29,2026-02-18,2026-02-18,Completed,High
2105,Gift Aid declaration,Register Operations,agent_06,2025-06-30,2025-07-10,,Blocked,Normal
2106,Data request,Fundraising Ops,agent_05,2025-04-26,2025-05-06,2025-05-24,Completed,Normal
2107,Gift Aid declaration,Supporter Care,agent_26,2026-07-01,2026-07-11,2026-07-30,Completed,High
2108,Thank-you letter,Register Operations,,2026-05-02,2026-05-22,2026-05-14,Completed,High
2109,Complaint,Fundraising Ops,agent_24,2025-08-25,2025-09-04,2025-09-12,Completed,Normal
2110,Swab kit dispatch,Fundraising Ops,agent_12,2025-03-22,2025-03-27,2025-04-07,Completed,Normal
2111,Welcome pack,Register Operations,agent_17,2026-02-22,2026-02-27,2026-03-08,Complete,Urgent
2112,Swab kit dispatch,Supporter Care,agent_26,2026-01-31,2026-02-02,2026-02-10,Completed,High
2113,Thank-you letter,Fundraising Ops,agent_06,2025-06-07,2025-06-27,2025-06-20,Completed,Low
2114,Swab kit dispatch,Fundraising Ops,agent_06,2026-04-09,2026-04-14,2026-04-13,Completed,Normal
2115,Swab kit dispatch,Register Operations,agent_11,2025-10-09,2025-10-14,2025-10-12,Completed,Normal
2116,Thank-you letter,Register Operations,agent_23,2025-05-21,2025-05-23,2025-05-26,Completed,Low
2117,Swab kit dispatch,Register Operations,agent_17,2025-05-03,2025-05-08,2025-05-20,Completed,Normal
2118,Thank-you letter,Register Operations,agent_02,2025-08-27,2025-09-16,2025-08-29,Completed,Normal
2119,Welcome pack,Fundraising Ops,agent_18,2025-11-04,2025-11-24,2025-11-21,Completed,High
2120,Complaint,Register Operations,agent_04,2025-10-03,2025-10-13,2025-10-25,Completed,Normal
2121,Consent follow-up,Register Operations,agent_19,2025-10-30,2025-11-04,2025-11-19,Completed,Low
2122,Gift Aid declaration,Fundraising Ops,agent_05,2025-04-20,2025-04-30,,Completed,Normal
2123,Swab kit dispatch,Fundraising Ops,agent_15,2026-04-13,2026-04-18,2026-05-03,Completed,High
2124,Consent follow-up,Supporter Care,agent_25,2025-06-23,2025-06-25,2025-07-23,Completed,Normal
2125,Thank-you letter,Register Operations,agent_14,2025-08-15,2025-08-17,2025-08-27,Completed,High
2126,Welcome pack,Supporter Care,agent_24,2025-10-15,2025-10-20,2025-10-21,Completed,Normal
2127,Complaint,Fundraising Ops,agent_23,2026-06-16,2026-06-21,2026-06-16,Completed,Normal
2128,Welcome pack,Supporter Care,agent_21,2025-05-24,2025-06-03,2025-06-06,Completed,Normal
2129,Gift Aid declaration,Supporter Care,agent_08,2025-09-18,2025-10-08,2025-09-29,Completed,Normal
2130,Consent follow-up,Supporter Care,agent_06,2025-07-22,2025-07-27,2025-08-07,Completed,Normal
2131,Address change,Fundraising Ops,agent_16,2025-06-19,2025-06-21,2025-06-24,Completed,Normal
2132,Consent follow-up,Supporter Care,agent_09,2026-03-24,2026-04-03,2026-04-03,Completed,Normal
2133,Thank-you letter,Fundraising Ops,agent_22,2025-05-13,2025-05-15,2025-05-26,Completed,Normal
2134,Address change,Supporter Care,agent_22,2025-10-31,2025-11-05,2025-11-13,Completed,High
2135,Address change,Register Operations,agent_18,2026-01-28,2026-02-17,2026-02-10,Completed,Normal
2136,Swab kit dispatch,Supporter Care,agent_25,2025-06-18,2025-06-23,2025-06-24,Completed,Low
2137,Address change,Fundraising Ops,agent_25,2025-04-16,2025-05-06,2025-04-30,Completed,High
2138,Data request,Supporter Care,agent_02,2025-09-08,2025-09-10,2025-10-03,Complete,Normal
2139,Data request,Register Operations,agent_26,2025-11-24,2025-12-04,2025-12-08,Completed,Normal
2140,Data request,Register Operations,agent_20,2026-07-07,2026-07-12,,In Progress,Normal
2141,Swab kit dispatch,Fundraising Ops,agent_06,2025-06-17,2025-06-22,2025-06-27,Completed,High
2142,Welcome pack,Supporter Care,agent_12,2025-10-17,2025-10-19,,Blocked,Urgent
2143,Data request,Register Operations,agent_06,2026-06-17,2026-06-27,2026-08-05,Completed,Normal
2144,Swab kit dispatch,Register Operations,agent_24,2026-01-03,2026-01-05,2026-01-08,Completed,Normal
2145,Gift Aid declaration,Register Operations,agent_01,2025-04-14,2025-04-19,2025-05-10,Completed,Normal
2146,Gift Aid declaration,Fundraising Ops,agent_12,2026-05-26,2026-05-31,,In Progress,Normal
2147,Gift Aid declaration,Fundraising Ops,agent_23,2026-03-24,2026-03-29,,Open,Normal
2148,Address change,Supporter Care,agent_10,2025-03-08,2025-03-28,2025-03-18,Completed,Normal
2149,Data request,Supporter Care,agent_20,2026-08-15,2026-09-04,,In Progress,Normal
2150,Thank-you letter,Register Operations,agent_20,2026-02-08,2026-02-10,2026-02-11,Completed,Low
2151,Address change,Fundraising Ops,agent_07,2025-11-29,2025-12-04,2025-12-06,Completed,High
2152,Thank-you letter,Register Operations,agent_23,2026-08-10,2026-08-30,,Blocked,Normal
2153,Swab kit dispatch,Supporter Care,agent_03,2025-11-13,2025-11-15,2025-11-21,Completed,High
2154,Thank-you letter,Register Operations,agent_15,2025-11-02,2025-11-12,2025-11-13,Completed,Normal
2155,Address change,Supporter Care,agent_16,2025-10-02,2025-10-07,2025-10-12,Completed,Normal
2156,Complaint,Fundraising Ops,agent_11,2026-05-24,2026-06-13,2026-06-10,Completed,Normal
2157,Consent follow-up,Register Operations,agent_02,2026-03-29,2026-04-08,2026-04-08,Completed,High
2158,Welcome pack,Fundraising Ops,agent_01,2025-07-10,2025-07-20,2025-07-14,Completed,Low
2159,Thank-you letter,Register Operations,agent_08,2026-07-28,2026-08-17,2026-08-11,Completed,High
2160,Consent follow-up,Register Operations,agent_02,2026-03-12,2026-03-22,2026-04-11,Completed,Normal
2161,Thank-you letter,Supporter Care,agent_23,2026-03-12,2026-03-17,2026-03-24,Completed,Normal
2162,Address change,Fundraising Ops,agent_20,2026-05-24,2026-05-29,2026-05-31,Completed,Normal
2163,Gift Aid declaration,Supporter Care,agent_15,2026-03-05,2026-03-25,2026-03-22,Completed,Urgent
2164,Address change,Register Operations,agent_22,2025-03-20,2025-03-22,,Blocked,Normal
2165,Consent follow-up,Register Operations,agent_14,2025-11-27,2025-12-07,2025-12-12,Completed,Normal
2166,Consent follow-up,Register Operations,agent_21,2026-05-23,2026-06-12,2026-06-26,Completed,Normal
2167,Welcome pack,Register Operations,agent_15,2026-08-14,2026-08-19,,In Progress,Normal
2168,Data request,Register Operations,agent_09,2025-04-15,2025-04-25,2025-05-11,Completed,Normal
2169,Address change,Supporter Care,agent_21,2026-02-11,2026-02-16,2026-02-16,Completed,Low
2170,Gift Aid declaration,Supporter Care,agent_16,2025-04-12,2025-04-14,2025-04-22,Completed,Normal
2171,Complaint,Supporter Care,agent_08,2025-09-22,2025-09-27,2025-10-23,Completed,High
2172,Swab kit dispatch,Register Operations,agent_22,2025-07-04,2025-07-06,2025-07-07,Completed,High
2173,Consent follow-up,Register Operations,agent_21,2025-08-03,2025-08-08,2025-08-25,Completed,Normal
2174,Address change,Register Operations,agent_10,2025-04-23,2025-04-25,2025-05-04,Completed,High
2175,Address change,Supporter Care,agent_05,2026-05-19,2026-05-21,2026-06-03,Completed,Normal
2176,Address change,Fundraising Ops,agent_01,2026-05-25,2026-06-04,2026-06-14,Completed,Urgent
2177,Consent follow-up,Supporter Care,agent_12,2025-12-09,2025-12-14,2025-12-31,Completed,Low
2178,Data request,Register Operations,agent_12,2026-07-02,2026-07-22,,Blocked,Low
2179,Consent follow-up,Register Operations,agent_02,2025-09-06,2025-09-08,,Open,Normal
2180,Consent follow-up,Supporter Care,agent_08,2025-12-02,2025-12-04,2025-12-16,Completed,High
2181,Data request,Fundraising Ops,agent_24,2026-02-19,2026-03-11,2026-03-22,Completed,Normal
2182,Swab kit dispatch,Register Operations,agent_05,2025-07-03,2025-07-13,2025-07-14,Completed,Normal
2183,Gift Aid declaration,Supporter Care,agent_05,2025-05-13,2025-05-18,2025-05-23,Completed,Normal
2184,Data request,Supporter Care,agent_13,2025-04-15,2025-05-05,,Blocked,Normal
2185,Complaint,Fundraising Ops,agent_26,2026-01-26,2026-02-05,2026-02-11,Completed,Normal
2186,Address change,Register Operations,agent_05,2025-06-30,2025-07-02,2025-07-04,Completed,Normal
2187,Complaint,Supporter Care,agent_02,2026-05-12,2026-05-22,2026-06-14,Completed,Normal
2188,Consent follow-up,Fundraising Ops,agent_26,2026-06-29,2026-07-01,2026-06-29,Completed,High
2189,Gift Aid declaration,Fundraising Ops,agent_11,2026-08-12,2026-08-22,,In Progress,High
2190,Address change,Supporter Care,agent_18,2025-06-05,2025-06-15,2025-06-16,Completed,Normal
2191,Welcome pack,Fundraising Ops,agent_24,2025-10-20,2025-10-22,2025-11-06,Completed,High
2192,Address change,Fundraising Ops,agent_20,2025-08-24,2025-08-26,2025-09-02,Completed,High
2193,Address change,Supporter Care,agent_20,2026-05-18,2026-05-23,2026-05-20,Completed,High
2194,Swab kit dispatch,Supporter Care,agent_10,2026-06-04,2026-06-06,2026-06-13,Completed,Normal
2195,Welcome pack,Fundraising Ops,agent_25,2025-10-03,2025-10-23,2025-10-08,Completed,Normal
2196,Swab kit dispatch,Register Operations,agent_21,2025-04-01,2025-04-03,2025-04-19,Completed,High
2197,Consent follow-up,Supporter Care,agent_23,2025-07-28,2025-07-30,2025-08-19,Completed,Normal
2198,Swab kit dispatch,Fundraising Ops,agent_25,2025-06-29,2025-07-01,2025-07-06,Completed,Urgent
2199,Data request,Fundraising Ops,agent_10,2025-04-24,2025-05-14,2025-05-14,Completed,Low
2200,Address change,Fundraising Ops,agent_22,2025-07-08,2025-07-10,2025-07-20,Completed,Normal
2201,Gift Aid declaration,Register Operations,agent_01,2026-06-05,2026-06-07,2026-06-17,Completed,Normal
2202,Swab kit dispatch,Fundraising Ops,agent_11,2026-06-14,2026-06-19,2026-06-30,Completed,Normal
2203,Address change,Fundraising Ops,agent_19,2026-03-11,2026-03-16,2026-03-19,Completed,Normal
2204,Thank-you letter,Register Operations,agent_17,2025-06-25,2025-06-30,2025-06-30,Completed,High
2205,Complaint,Fundraising Ops,agent_22,2026-07-27,2026-07-29,,Blocked,High
2206,Welcome pack,Register Operations,agent_17,2026-05-21,2026-06-10,2026-06-03,Completed,High
2207,Thank-you letter,Fundraising Ops,agent_08,2025-08-09,2025-08-11,2025-08-11,Completed,Low
2208,Consent follow-up,Register Operations,agent_04,2025-03-14,2025-03-24,2025-04-04,Completed,Normal
2209,Thank-you letter,Register Operations,agent_01,2026-04-29,2026-05-19,2026-05-07,Completed,Low
2210,Consent follow-up,Register Operations,agent_10,2025-11-08,2025-11-13,2025-11-11,Completed,Normal
2211,Address change,Supporter Care,agent_05,2025-04-25,2025-04-30,2025-05-07,Completed,High
2212,Gift Aid declaration,Fundraising Ops,agent_16,2026-06-01,2026-06-06,2026-06-19,Completed,Low
2213,Consent follow-up,Register Operations,agent_24,2026-05-31,2026-06-20,2026-06-18,Completed,Normal
2214,Thank-you letter,Register Operations,agent_07,2026-01-24,2026-01-26,2026-01-30,Completed,Low
2215,Consent follow-up,Register Operations,agent_04,2026-06-12,2026-06-17,2026-06-30,Completed,High
2216,Welcome pack,Supporter Care,agent_24,2025-09-12,2025-10-02,2025-09-22,Complete,High
2217,Consent follow-up,Register Operations,agent_22,2025-10-14,2025-10-16,2025-10-15,Completed,Normal
2218,Swab kit dispatch,Register Operations,agent_07,2026-07-09,2026-07-19,2026-07-14,Completed,Low
2219,Swab kit dispatch,Supporter Care,agent_06,2025-07-20,2025-08-09,2025-07-30,Completed,Normal
2220,Swab kit dispatch,Fundraising Ops,agent_16,2026-02-27,2026-03-04,2026-03-10,Completed,Normal
2221,Thank-you letter,Supporter Care,agent_24,2026-04-11,2026-04-13,2026-04-22,Completed,High
2222,Swab kit dispatch,Supporter Care,agent_20,2025-11-18,2025-11-20,2025-12-04,Completed,Normal
2223,Gift Aid declaration,Register Operations,agent_19,2025-06-02,2025-06-04,2025-06-18,Completed,Low
2224,Gift Aid declaration,Supporter Care,agent_17,2026-01-10,2026-01-12,2026-01-20,Completed,High
2225,Data request,Supporter Care,agent_03,2025-03-06,2025-03-08,2025-03-18,Completed,High
2226,Welcome pack,Supporter Care,agent_11,2025-11-09,2025-11-29,2025-11-17,Completed,Normal
2227,Swab kit dispatch,Fundraising Ops,agent_04,2025-12-13,2026-01-02,2025-12-25,Completed,Normal
2228,Welcome pack,Supporter Care,agent_08,2025-10-27,2025-11-16,2025-11-08,Completed,Low
2229,Gift Aid declaration,Register Operations,agent_16,2025-10-12,2025-11-01,2025-10-25,Completed,Normal
2230,Consent follow-up,Register Operations,agent_21,2025-10-13,2025-10-18,2025-10-27,Completed,Normal
2231,Address change,Register Operations,agent_05,2026-04-18,2026-04-20,2026-05-15,Completed,High
2232,Swab kit dispatch,Register Operations,agent_02,2025-04-20,2025-05-10,2025-05-04,Completed,Normal
2233,Address change,Supporter Care,agent_26,2026-05-15,2026-05-25,2026-05-26,Completed,Normal
2234,Welcome pack,Register Operations,agent_24,2026-06-13,2026-07-03,2026-07-10,Completed,Normal
2235,Swab kit dispatch,Supporter Care,agent_24,2026-02-16,2026-02-18,2026-02-24,Completed,Urgent
2236,Consent follow-up,Supporter Care,agent_18,2026-07-07,2026-07-09,,Blocked,High
2237,Complaint,Register Operations,agent_01,2026-01-22,2026-02-11,2026-03-11,Completed,Low
2238,Thank-you letter,Supporter Care,agent_08,2025-03-05,2025-03-10,2025-03-05,Completed,Low
2239,Welcome pack,Fundraising Ops,agent_14,2026-03-05,2026-03-25,2026-03-17,Completed,Low
2240,Data request,Register Operations,agent_11,2026-06-05,2026-06-15,2026-07-04,Completed,Normal
2241,Data request,Supporter Care,agent_06,2026-04-26,2026-05-16,2026-05-06,Completed,Low
2242,Swab kit dispatch,Supporter Care,agent_06,2025-10-02,2025-10-04,2025-10-11,Completed,Normal
2243,Gift Aid declaration,Supporter Care,agent_12,2026-05-22,2026-06-01,2026-05-31,Complete,Normal
2244,Swab kit dispatch,Supporter Care,agent_21,2026-07-29,2026-07-31,,In Progress,Normal
2245,Gift Aid declaration,Register Operations,agent_26,2025-12-21,2025-12-23,2026-01-14,Completed,High
2246,Welcome pack,Register Operations,agent_20,2025-09-05,2025-09-15,2025-09-17,Completed,Low
2247,Complaint,Supporter Care,agent_08,2025-12-18,2025-12-23,2026-01-22,Completed,High
2248,Welcome pack,Supporter Care,agent_17,2025-12-27,2026-01-16,2026-01-04,Completed,Normal
2249,Welcome pack,Fundraising Ops,agent_10,2025-02-25,2025-03-17,2025-03-12,Completed,Normal
2250,Complaint,Fundraising Ops,agent_09,2026-04-30,2026-05-05,2026-04-30,Completed,Urgent
2251,Gift Aid declaration,Fundraising Ops,agent_22,2026-04-28,2026-04-30,2026-05-20,Completed,Normal
2252,Welcome pack,Supporter Care,agent_01,2025-04-16,2025-05-06,2025-04-26,Completed,Low
2253,Complaint,Supporter Care,agent_21,2025-04-08,2025-04-18,2025-05-23,Completed,Normal
2254,Data request,Register Operations,agent_23,2026-05-23,2026-06-02,,Blocked,Normal
2255,Complaint,Fundraising Ops,agent_18,2025-05-02,2025-05-12,2025-05-30,Completed,High
2256,Complaint,Register Operations,agent_20,2026-04-30,2026-05-20,2026-05-22,Completed,High
2257,Consent follow-up,Register Operations,agent_05,2026-07-10,2026-07-12,2026-07-11,Completed,Normal
2258,Complaint,Supporter Care,agent_15,2025-10-05,2025-10-15,2025-11-01,Completed,Normal
2259,Swab kit dispatch,Supporter Care,agent_23,2026-07-06,2026-07-11,2026-07-25,Completed,Low
2260,Welcome pack,Supporter Care,agent_20,2025-03-14,2025-03-24,,Completed,High
2261,Complaint,Fundraising Ops,agent_11,2026-02-19,2026-02-24,2026-03-23,Completed,Low
2262,Consent follow-up,Supporter Care,agent_15,2026-03-04,2026-03-06,2026-03-10,Completed,Urgent
2263,Data request,Fundraising Ops,agent_26,2025-05-20,2025-05-25,2025-06-21,Completed,Low
2264,Welcome pack,Fundraising Ops,agent_02,2026-02-15,2026-02-25,2026-03-11,Completed,High
2265,Address change,Supporter Care,agent_24,2026-04-26,2026-05-06,2026-05-06,Completed,High
2266,Data request,Supporter Care,agent_24,2025-11-07,2025-11-27,2025-12-01,Completed,Low
2267,Gift Aid declaration,Supporter Care,agent_26,2026-05-14,2026-05-19,2026-06-06,Completed,High
2268,Thank-you letter,Supporter Care,agent_14,2025-04-08,2025-04-10,2025-04-23,Completed,Normal
2269,Welcome pack,Fundraising Ops,agent_20,2026-08-02,2026-08-04,,In Progress,Normal
2270,Complaint,Register Operations,agent_13,2026-01-29,2026-01-31,2026-03-07,Completed,Normal
2271,Address change,Fundraising Ops,agent_03,2026-02-22,2026-03-14,2026-03-04,Completed,High
2272,Address change,Register Operations,agent_21,2025-03-07,2025-03-09,2025-03-18,Completed,Low
2273,Consent follow-up,Supporter Care,agent_08,2025-10-20,2025-11-09,2025-10-28,Completed,Normal
2274,Complaint,Fundraising Ops,agent_06,2025-12-30,2026-01-19,2025-12-30,Completed,Urgent
2275,Address change,Fundraising Ops,agent_01,2025-03-26,2025-04-15,,Open,Normal
2276,Data request,Fundraising Ops,agent_09,2025-04-29,2025-05-09,2025-05-15,Completed,Normal
2277,Address change,Supporter Care,agent_23,2025-10-21,2025-10-23,2025-10-25,Completed,High
2278,Consent follow-up,Supporter Care,agent_19,2025-04-10,2025-04-15,2025-05-04,Completed,Normal
2279,Swab kit dispatch,Fundraising Ops,agent_06,2026-02-10,2026-02-15,2026-02-12,Completed,Normal
2280,Welcome pack,Fundraising Ops,agent_24,2025-08-22,2025-09-01,2025-09-02,Completed,Normal
2281,Address change,Register Operations,agent_07,2025-11-09,2025-11-11,2025-11-21,Completed,High
2282,Consent follow-up,Register Operations,agent_09,2025-11-11,2025-11-16,2025-11-26,Completed,Normal
2283,Swab kit dispatch,Supporter Care,agent_03,2026-01-09,2026-01-11,2026-01-21,Completed,High
2284,Thank-you letter,Supporter Care,agent_08,2025-07-21,2025-07-23,2025-07-29,Completed,Normal
2285,Address change,Fundraising Ops,agent_21,2025-08-27,2025-09-01,2025-09-14,Completed,Normal
2286,Complaint,Fundraising Ops,agent_11,2026-07-25,2026-07-30,,Blocked,High
2287,Thank-you letter,Supporter Care,agent_11,2026-04-17,2026-04-27,2026-04-25,Completed,High
2288,Welcome pack,Register Operations,agent_09,2026-01-25,2026-02-04,2026-02-03,Complete,Normal
2289,Complaint,Supporter Care,agent_25,2025-05-19,2025-06-08,,Blocked,Low
2290,Swab kit dispatch,Fundraising Ops,agent_23,2026-08-08,2026-08-13,,Open,Normal
2291,Consent follow-up,Register Operations,agent_26,2025-09-30,2025-10-20,2025-10-11,Completed,Normal
2292,Welcome pack,Fundraising Ops,agent_26,2025-10-26,2025-11-05,2025-11-12,Completed,Low
2293,Data request,Register Operations,agent_07,2026-03-26,2026-04-15,,In Progress,Low
2294,Data request,Supporter Care,agent_04,2025-07-27,2025-07-29,2025-09-02,Completed,Normal
2295,Address change,Fundraising Ops,agent_26,2026-07-10,2026-07-15,2026-07-20,Completed,Normal
2296,Swab kit dispatch,Fundraising Ops,agent_16,2026-01-21,2026-01-26,2026-01-26,Completed,High
2297,Thank-you letter,Register Operations,agent_01,2026-05-18,2026-06-07,2026-06-02,Completed,Normal
2298,Swab kit dispatch,Supporter Care,agent_08,2025-07-07,2025-07-12,2025-07-17,Completed,Urgent
2299,Consent follow-up,Register Operations,agent_06,2025-11-11,2025-12-01,2025-12-11,Completed,High
2300,Address change,Fundraising Ops,agent_02,2026-07-28,2026-08-07,2026-07-31,Completed,Urgent
2301,Thank-you letter,Fundraising Ops,agent_06,2025-07-12,2025-08-01,2025-07-22,Completed,Normal
2302,Swab kit dispatch,Supporter Care,agent_10,2025-05-15,2025-06-04,,In Progress,Normal
2303,Welcome pack,Register Operations,agent_21,2025-09-07,2025-09-27,2025-09-04,Completed,Normal
2304,Data request,Fundraising Ops,agent_02,2025-06-24,2025-06-29,2025-06-05,Completed,Normal
2305,Swab kit dispatch,Fundraising Ops,agent_12,2025-12-28,2026-01-07,2026-01-01,Completed,Normal
2306,Welcome pack,Register Operations,agent_26,2025-06-06,2025-06-11,2025-06-07,Completed,Low
2307,Data request,Supporter Care,agent_05,2025-12-22,2026-01-11,2026-01-23,Completed,Normal
2308,Address change,Fundraising Ops,agent_18,2025-08-25,2025-08-27,2025-09-08,Completed,Low
2309,Data request,Supporter Care,agent_05,2025-08-21,2025-09-10,2025-08-23,Completed,Normal
2310,Swab kit dispatch,Register Operations,agent_14,2026-04-30,2026-05-05,2026-05-09,Completed,Low
2311,Data request,Supporter Care,agent_10,2025-04-07,2025-04-17,2025-04-30,Completed,High
2312,Thank-you letter,Supporter Care,agent_22,2025-08-13,2025-09-02,2025-08-17,Complete,Normal
2313,Consent follow-up,Supporter Care,agent_15,2026-05-06,2026-05-26,2026-06-04,Completed,High
2314,Complaint,Register Operations,agent_04,2026-03-24,2026-03-29,2026-04-24,Completed,Normal
2315,Consent follow-up,Supporter Care,agent_09,2025-05-18,2025-05-20,,Open,High
2316,Welcome pack,Fundraising Ops,agent_16,2026-02-08,2026-02-18,2026-02-20,Completed,Urgent
2317,Swab kit dispatch,Supporter Care,agent_08,2026-06-22,2026-07-02,2026-07-09,Completed,High
2318,Address change,Supporter Care,agent_26,2026-05-04,2026-05-06,2026-05-26,Completed,Normal
2319,Gift Aid declaration,Fundraising Ops,agent_23,2026-07-23,2026-07-28,,Open,Normal
2320,Address change,Register Operations,agent_20,2025-12-28,2025-12-30,2026-01-09,Completed,Low
2321,Thank-you letter,Supporter Care,agent_01,2025-10-24,2025-11-03,2025-11-05,Completed,Low
2322,Thank-you letter,Fundraising Ops,agent_12,2025-08-16,2025-08-26,2025-08-22,Completed,Normal
2323,Gift Aid declaration,Register Operations,agent_17,2026-06-09,2026-06-29,2026-06-16,Completed,Normal
2324,Gift Aid declaration,Register Operations,agent_20,2026-08-11,2026-08-13,,Open,Normal
2325,Consent follow-up,Register Operations,agent_01,2026-05-14,2026-05-24,2026-06-01,Completed,Normal
2326,Swab kit dispatch,Supporter Care,agent_01,2025-10-05,2025-10-25,2025-10-12,Completed,Normal
2327,Address change,Register Operations,agent_04,2026-06-24,2026-07-04,,Blocked,Normal
2328,Welcome pack,Fundraising Ops,agent_20,2025-03-11,2025-03-16,2025-03-15,Completed,High
2329,Data request,Register Operations,agent_10,2026-01-14,2026-01-19,2026-01-23,Completed,High
2330,Complaint,Fundraising Ops,agent_11,2025-09-13,2025-09-23,2025-11-14,Completed,Normal
2331,Welcome pack,Register Operations,agent_18,2026-04-16,2026-04-26,2026-04-23,Completed,Normal
2332,Data request,Fundraising Ops,agent_09,2025-05-10,2025-05-30,2025-05-30,Completed,Normal
2333,Thank-you letter,Register Operations,agent_22,2025-09-28,2025-10-08,2025-10-12,Completed,Normal
2334,Welcome pack,Fundraising Ops,agent_05,2025-05-11,2025-05-21,2025-05-21,Completed,Normal
2335,Swab kit dispatch,Register Operations,agent_25,2025-12-09,2025-12-29,2025-12-29,Completed,Low
2336,Gift Aid declaration,Fundraising Ops,agent_10,2025-07-09,2025-07-19,2025-07-27,Completed,Normal
2337,Gift Aid declaration,Supporter Care,agent_09,2026-06-27,2026-07-02,2026-07-28,Completed,High
2338,Consent follow-up,Fundraising Ops,agent_04,2026-02-27,2026-03-01,2026-03-06,Completed,Normal
2339,Consent follow-up,Supporter Care,agent_20,2026-04-25,2026-04-27,2026-04-25,Completed,Normal
2340,Consent follow-up,Register Operations,agent_14,2025-02-26,2025-03-18,2025-03-25,Completed,Normal
2341,Thank-you letter,Supporter Care,agent_16,2026-01-01,2026-01-03,2026-01-04,Completed,Low
2342,Complaint,Fundraising Ops,agent_14,2025-12-04,2025-12-09,2025-12-21,Completed,Urgent
2343,Address change,Fundraising Ops,agent_26,2026-05-25,2026-05-30,2026-06-08,Completed,High
2344,Swab kit dispatch,Supporter Care,agent_24,2026-01-07,2026-01-27,2026-01-17,Completed,Normal
2345,Complaint,Supporter Care,agent_16,2025-12-08,2025-12-13,2026-01-27,Completed,Low
2346,Data request,Fundraising Ops,agent_24,2025-07-09,2025-07-14,2025-08-13,Completed,Low
2347,Data request,Supporter Care,agent_15,2025-03-27,2025-04-06,2025-05-17,Completed,Low
2348,Address change,Fundraising Ops,agent_24,2025-10-28,2025-10-30,2025-11-04,Completed,High
2349,Welcome pack,Register Operations,agent_15,2026-07-02,2026-07-22,2026-07-11,Completed,High
2350,Data request,Register Operations,agent_08,2025-10-03,2025-10-13,2025-11-11,Completed,Normal
2351,Consent follow-up,Supporter Care,agent_08,2026-05-24,2026-05-26,2026-07-14,Completed,High
2352,Complaint,Supporter Care,agent_25,2026-02-17,2026-02-22,,In Progress,Low
2353,Complaint,Supporter Care,agent_21,2025-11-07,2025-11-17,2025-12-18,Completed,High
2354,Welcome pack,Register Operations,agent_11,2026-04-04,2026-04-24,2026-04-18,Completed,Low
2355,Address change,Register Operations,agent_23,2025-06-17,2025-06-22,,In Progress,Normal
2356,Complaint,Supporter Care,agent_24,2025-12-28,2026-01-07,,Open,Normal
2357,Swab kit dispatch,Supporter Care,agent_09,2025-05-19,2025-06-08,2025-06-07,Completed,High
2358,Thank-you letter,Fundraising Ops,agent_24,2025-03-01,2025-03-06,2025-03-09,Completed,Normal
2359,Welcome pack,Supporter Care,agent_22,2026-02-12,2026-02-14,2026-02-21,Completed,Normal
2360,Gift Aid declaration,Fundraising Ops,agent_01,2025-04-11,2025-04-21,2025-04-29,Completed,Normal
2361,Consent follow-up,Fundraising Ops,agent_23,2025-07-09,2025-07-14,2025-08-04,Completed,Normal
2362,Welcome pack,Supporter Care,agent_17,2025-11-19,2025-12-09,2025-11-28,Completed,Normal
2363,Swab kit dispatch,Register Operations,agent_10,2026-01-20,2026-01-22,2026-01-25,Completed,High
2364,Data request,Register Operations,agent_03,2025-12-03,2025-12-23,2025-12-31,Completed,Normal
2365,Complaint,Register Operations,agent_06,2026-03-19,2026-04-08,2026-04-09,Completed,Normal
2366,Gift Aid declaration,Fundraising Ops,agent_05,2025-12-05,2025-12-10,2025-12-31,Completed,Normal
2367,Thank-you letter,Supporter Care,agent_05,2026-06-09,2026-06-11,2026-06-17,Completed,High
2368,Consent follow-up,Register Operations,agent_04,2025-03-16,2025-03-26,2025-04-11,Completed,Normal
2369,Gift Aid declaration,Register Operations,agent_11,2026-07-11,2026-07-13,,Open,Normal
2370,Data request,Register Operations,agent_17,2026-05-27,2026-06-16,,Open,Normal
2371,Address change,Register Operations,agent_03,2025-12-01,2025-12-06,2025-12-12,Completed,Low
2372,Consent follow-up,Supporter Care,agent_14,2025-09-26,2025-10-16,2025-10-03,Completed,Normal
2373,Welcome pack,Supporter Care,agent_11,2026-03-19,2026-04-08,2026-03-23,Completed,Normal
2374,Swab kit dispatch,Fundraising Ops,agent_13,2025-04-07,2025-04-27,2025-04-28,Completed,Normal
2375,Address change,Fundraising Ops,agent_21,2025-09-23,2025-09-25,2025-10-06,Completed,Normal
2376,Complaint,Supporter Care,agent_03,2026-04-03,2026-04-23,2026-05-04,Completed,Normal
2377,Swab kit dispatch,Supporter Care,agent_21,2025-05-17,2025-05-19,2025-05-28,Completed,Low
2378,Data request,Supporter Care,agent_26,2025-05-17,2025-05-19,,In Progress,Normal
2379,Consent follow-up,Supporter Care,agent_16,2025-07-29,2025-08-18,2025-08-18,Completed,Normal
2380,Gift Aid declaration,Fundraising Ops,agent_23,2026-01-25,2026-01-30,2026-02-15,Completed,Low
2381,Gift Aid declaration,Fundraising Ops,agent_14,2025-09-23,2025-10-13,2025-10-11,Completed,Normal
2382,Address change,Fundraising Ops,agent_09,2025-07-17,2025-07-27,2025-08-08,Completed,Normal
2383,Complaint,Supporter Care,agent_05,2025-08-09,2025-08-14,2025-09-03,Completed,Low
2384,Swab kit dispatch,Supporter Care,agent_24,2026-06-25,2026-07-05,2026-07-07,Completed,Normal
2385,Address change,Supporter Care,agent_19,2026-07-08,2026-07-13,2026-07-10,Completed,Normal
2386,Consent follow-up,Register Operations,agent_06,2025-03-07,2025-03-27,2025-03-30,Completed,Normal
2387,Address change,Register Operations,agent_02,2025-11-03,2025-11-08,2025-11-08,Completed,Normal
2388,Thank-you letter,Supporter Care,agent_02,2025-09-21,2025-10-11,2025-09-24,Completed,High
2389,Complaint,Supporter Care,agent_15,2026-01-06,2026-01-26,2026-02-11,Completed,Normal
2390,Thank-you letter,Register Operations,agent_25,2026-05-15,2026-05-20,2026-05-17,Completed,Normal
2391,Address change,Fundraising Ops,agent_26,2025-03-02,2025-03-22,2025-03-07,Completed,Normal
2392,Thank-you letter,Fundraising Ops,agent_03,2026-03-30,2026-04-09,2026-04-03,Completed,Normal
2393,Consent follow-up,Supporter Care,agent_20,2025-08-21,2025-08-31,2025-09-14,Completed,High
2394,Complaint,Fundraising Ops,agent_11,2025-05-15,2025-05-17,2025-05-15,Completed,Normal
2395,Complaint,Register Operations,agent_13,2026-05-09,2026-05-29,2026-06-19,Completed,Low
2396,Data request,Fundraising Ops,agent_02,2026-04-18,2026-04-20,2026-04-18,Completed,High
2397,Address change,Supporter Care,agent_09,2026-07-10,2026-07-20,2026-08-07,Completed,Low
2398,Welcome pack,Register Operations,agent_02,2025-05-28,2025-06-17,2025-06-01,Completed,Normal
2399,Gift Aid declaration,Fundraising Ops,agent_02,2026-08-03,2026-08-08,,In Progress,Normal
2400,Thank-you letter,Fundraising Ops,agent_09,2025-05-03,2025-05-08,2025-05-05,Completed,Low
2401,Complaint,Supporter Care,agent_05,2026-07-11,2026-07-13,,Open,Low
2402,Consent follow-up,Register Operations,agent_18,2025-11-27,2025-11-29,2025-12-04,Completed,Low
2403,Thank-you letter,Register Operations,agent_09,2025-07-20,2025-07-30,2025-07-29,Completed,Normal
2404,Complaint,Supporter Care,agent_16,2026-02-11,2026-02-21,2026-03-02,Completed,Normal
2405,Data request,Fundraising Ops,agent_21,2025-03-06,2025-03-16,2025-03-28,Completed,Low
2406,Welcome pack,Fundraising Ops,agent_11,2025-06-20,2025-07-10,,In Progress,Normal
2407,Address change,Supporter Care,agent_10,2025-04-06,2025-04-11,2025-04-16,Completed,High
2408,Address change,Fundraising Ops,agent_14,2025-11-16,2025-12-06,2025-12-04,Completed,Normal
2409,Data request,Supporter Care,agent_23,2025-12-15,2025-12-17,2026-01-17,Completed,Normal
2410,Gift Aid declaration,Fundraising Ops,agent_23,2026-08-15,2026-08-25,,Blocked,High
2411,Data request,Register Operations,agent_11,2025-10-18,2025-10-28,2025-11-13,Completed,Normal
2412,Data request,Fundraising Ops,agent_17,2026-04-06,2026-04-08,2026-04-27,Completed,Low
2413,Complaint,Supporter Care,agent_20,2025-09-04,2025-09-14,2025-09-14,Completed,Normal
2414,Complaint,Register Operations,agent_18,2025-12-28,2026-01-17,2026-02-06,Completed,Normal
2415,Gift Aid declaration,Supporter Care,agent_15,2026-04-26,2026-05-16,2026-05-18,Completed,Normal
2416,Complaint,Register Operations,agent_05,2025-05-03,2025-05-23,2025-05-21,Completed,High
2417,Address change,Supporter Care,agent_05,2025-09-30,2025-10-02,2025-10-15,Completed,Normal
2418,Swab kit dispatch,Register Operations,agent_04,2025-08-18,2025-08-20,2025-08-27,Completed,Urgent
2419,Welcome pack,Register Operations,agent_20,2026-01-07,2026-01-17,2026-01-12,Completed,Normal
2420,Data request,Register Operations,agent_17,2025-09-28,2025-10-03,2025-10-19,Completed,High
2421,Welcome pack,Register Operations,agent_10,2025-11-20,2025-11-25,2025-11-22,Completed,High
2422,Welcome pack,Register Operations,agent_19,2025-12-07,2025-12-12,2025-12-18,Completed,Urgent
2423,Thank-you letter,Supporter Care,agent_20,2026-05-23,2026-05-28,2026-05-28,Completed,Normal
2424,Thank-you letter,Fundraising Ops,agent_06,2026-03-30,2026-04-19,2026-04-09,Completed,High
2425,Swab kit dispatch,Register Operations,agent_13,2025-06-21,2025-07-11,2025-07-05,Completed,Low
2426,Address change,Fundraising Ops,agent_14,2025-11-24,2025-12-04,,Blocked,High
2427,Complaint,Fundraising Ops,agent_07,2025-05-03,2025-05-13,2025-05-30,Completed,Normal
2428,Consent follow-up,Fundraising Ops,agent_25,2025-10-29,2025-11-08,2025-11-14,Completed,Low
2429,Consent follow-up,Fundraising Ops,agent_18,2025-03-12,2025-03-17,2025-03-29,Completed,Low
2430,Welcome pack,Register Operations,agent_11,2026-01-01,2026-01-06,2026-01-08,Completed,Low
2431,Thank-you letter,Register Operations,agent_09,2026-06-23,2026-07-03,2026-06-26,Completed,Normal
2432,Welcome pack,Register Operations,agent_04,2025-04-08,2025-04-28,2025-05-03,Completed,Normal
2433,Welcome pack,Supporter Care,agent_26,2026-05-02,2026-05-12,2026-05-06,Completed,Normal
2434,Thank-you letter,Register Operations,agent_01,2025-06-11,2025-07-01,2025-06-22,Completed,Normal
2435,Data request,Supporter Care,agent_22,2025-10-16,2025-10-26,2025-11-03,Completed,Low
2436,Consent follow-up,Fundraising Ops,agent_25,2025-08-23,2025-09-02,2025-09-17,Completed,Normal
2437,Complaint,Supporter Care,agent_02,2025-10-04,2025-10-06,2025-10-11,Completed,Low
2438,Gift Aid declaration,Fundraising Ops,agent_16,2025-03-27,2025-03-29,,Open,Urgent
2439,Thank-you letter,Register Operations,agent_12,2025-07-24,2025-07-26,2025-08-01,Completed,High
2440,Address change,Supporter Care,agent_21,2025-04-01,2025-04-21,2025-04-09,Completed,Urgent
2441,Gift Aid declaration,Register Operations,,2026-02-19,2026-02-21,2026-03-02,Completed,Normal
2442,Swab kit dispatch,Fundraising Ops,agent_04,2025-07-04,2025-07-14,2025-07-06,Completed,Urgent
2443,Complaint,Register Operations,agent_17,2026-08-06,2026-08-26,,Open,Normal
2444,Thank-you letter,Fundraising Ops,agent_17,2025-04-18,2025-04-28,2025-04-29,Completed,High
2445,Gift Aid declaration,Fundraising Ops,agent_09,2026-03-17,2026-03-22,2026-04-02,Completed,Low
2446,Gift Aid declaration,Fundraising Ops,agent_24,2025-10-11,2025-10-13,2025-10-14,Completed,Normal
2447,Consent follow-up,Fundraising Ops,agent_11,2026-07-02,2026-07-22,2026-07-10,Completed,High
2448,Consent follow-up,Fundraising Ops,agent_19,2025-10-16,2025-10-18,2025-11-01,Completed,Normal
2449,Consent follow-up,Fundraising Ops,agent_12,2025-11-01,2025-11-11,2025-11-26,Completed,Normal
2450,Consent follow-up,Fundraising Ops,agent_14,2025-06-23,2025-06-28,2025-07-04,Completed,Normal
2451,Consent follow-up,Register Operations,agent_14,2025-05-10,2025-05-20,2025-05-19,Completed,Normal
2452,Welcome pack,Register Operations,agent_01,2025-05-28,2025-06-02,2025-06-08,Completed,Urgent
2453,Thank-you letter,Supporter Care,agent_14,2025-06-25,2025-06-27,2025-07-01,Completed,Low
2454,Swab kit dispatch,Supporter Care,agent_09,2026-05-03,2026-05-05,2026-05-06,Completed,Low
2455,Consent follow-up,Register Operations,agent_14,2026-04-29,2026-05-04,2026-05-29,Complete,Low
2456,Welcome pack,Fundraising Ops,agent_21,2026-03-01,2026-03-03,2026-03-10,Completed,Low
2457,Data request,Fundraising Ops,agent_01,2026-04-09,2026-04-14,,Blocked,High
2458,Complaint,Register Operations,agent_07,2025-08-07,2025-08-27,,Open,High
2459,Welcome pack,Fundraising Ops,agent_17,2025-06-03,2025-06-08,2025-06-18,Completed,Low
2460,Data request,Register Operations,agent_10,2026-07-12,2026-07-14,2026-08-05,Completed,Normal
2461,Thank-you letter,Fundraising Ops,agent_19,2025-04-05,2025-04-15,2025-04-15,Complete,Normal
2462,Consent follow-up,Supporter Care,agent_26,2025-10-07,2025-10-12,2025-10-13,Completed,Normal
2463,Complaint,Register Operations,agent_10,2026-04-19,2026-04-21,2026-06-01,Completed,Normal
2464,Complaint,Supporter Care,agent_21,2026-04-22,2026-04-24,2026-06-23,Completed,Urgent
2465,Welcome pack,Supporter Care,agent_01,2025-05-11,2025-05-21,2025-05-20,Completed,Normal
2466,Swab kit dispatch,Register Operations,agent_10,2025-12-07,2025-12-09,2025-12-12,Completed,Low
2467,Consent follow-up,Supporter Care,agent_12,2026-03-01,2026-03-06,2026-03-25,Completed,Normal
2468,Swab kit dispatch,Register Operations,agent_12,2025-11-01,2025-11-11,2025-11-08,Completed,Normal
2469,Swab kit dispatch,Register Operations,agent_09,2025-07-30,2025-08-19,,In Progress,Normal
2470,Welcome pack,Supporter Care,agent_07,2025-10-19,2025-10-21,2025-10-31,Completed,Normal
2471,Thank-you letter,Supporter Care,agent_26,2025-06-02,2025-06-04,2025-06-11,Completed,Low
2472,Gift Aid declaration,Supporter Care,agent_23,2025-12-15,2025-12-20,2026-01-05,Completed,High
2473,Complaint,Supporter Care,agent_03,2026-01-30,2026-02-01,2026-03-03,Completed,Normal
2474,Swab kit dispatch,Fundraising Ops,agent_14,2026-03-21,2026-03-23,2026-03-30,Completed,Normal
2475,Complaint,Fundraising Ops,agent_24,2026-03-18,2026-04-07,2026-03-25,Completed,High
2476,Gift Aid declaration,Supporter Care,agent_23,2026-03-09,2026-03-19,2026-03-14,Completed,High
2477,Thank-you letter,Register Operations,agent_15,2025-08-17,2025-09-06,2025-08-23,Completed,Normal
2478,Thank-you letter,Fundraising Ops,agent_26,2025-08-01,2025-08-06,,Completed,Normal
2479,Swab kit dispatch,Supporter Care,agent_03,2025-04-09,2025-04-14,2025-04-21,Completed,Low
2480,Address change,Fundraising Ops,agent_20,2025-05-22,2025-05-27,,Blocked,Urgent
2481,Complaint,Fundraising Ops,agent_10,2025-06-02,2025-06-12,2025-07-07,Completed,Normal
2482,Consent follow-up,Fundraising Ops,agent_05,2025-12-15,2025-12-25,2026-01-12,Completed,Low
2483,Gift Aid declaration,Register Operations,agent_17,2026-03-08,2026-03-28,2026-03-08,Completed,Normal
2484,Gift Aid declaration,Supporter Care,agent_01,2025-10-22,2025-11-01,2025-11-21,Completed,Low
2485,Complaint,Fundraising Ops,agent_15,2025-06-03,2025-06-05,2025-06-24,Completed,Normal
2486,Address change,Fundraising Ops,agent_06,2025-07-31,2025-08-20,2025-08-04,Completed,Normal
2487,Welcome pack,Register Operations,agent_13,2025-05-29,2025-05-31,2025-05-30,Completed,Normal
2488,Gift Aid declaration,Fundraising Ops,agent_19,2025-07-10,2025-07-12,2025-07-15,Completed,Normal
2489,Gift Aid declaration,Fundraising Ops,agent_04,2026-03-13,2026-03-23,2026-04-01,Completed,Normal
2490,Swab kit dispatch,Supporter Care,agent_18,2025-07-24,2025-08-03,2025-08-01,Completed,Normal
2491,Address change,Fundraising Ops,agent_24,2025-12-09,2025-12-19,2025-12-29,Completed,Normal
2492,Swab kit dispatch,Fundraising Ops,agent_21,2025-09-08,2025-09-13,2025-09-12,Completed,High
2493,Data request,Register Operations,agent_11,2025-05-31,2025-06-02,2025-07-14,Completed,Low
2494,Thank-you letter,Register Operations,agent_22,2025-05-20,2025-05-30,2025-05-31,Completed,Normal
2495,Welcome pack,Supporter Care,agent_07,2025-08-07,2025-08-27,2025-08-19,Completed,Low
2496,Address change,Register Operations,agent_20,2025-11-07,2025-11-27,,Open,Normal
2497,Welcome pack,Register Operations,agent_25,2026-07-17,2026-07-19,,Open,Normal
2498,Gift Aid declaration,Register Operations,agent_12,2026-05-05,2026-05-25,,Open,Normal
2499,Thank-you letter,Supporter Care,agent_09,2026-02-24,2026-03-01,2026-03-01,Completed,Normal
2500,Consent follow-up,Fundraising Ops,agent_21,2026-07-14,2026-07-16,,Blocked,Urgent
2501,Data request,Register Operations,agent_03,2026-07-20,2026-08-09,,In Progress,Urgent
2502,Consent follow-up,Fundraising Ops,agent_22,2026-04-27,2026-05-17,,In Progress,Normal
2503,Thank-you letter,Supporter Care,agent_17,2025-04-14,2025-04-16,2025-04-25,Completed,High
2504,Complaint,Fundraising Ops,agent_01,2025-06-25,2025-06-27,2025-09-01,Completed,Normal
2505,Gift Aid declaration,Supporter Care,agent_09,2025-06-27,2025-07-07,2025-07-11,Completed,Low
2506,Swab kit dispatch,Fundraising Ops,agent_26,2025-11-20,2025-12-10,2025-12-04,Completed,Normal
2507,Welcome pack,Supporter Care,agent_12,2025-09-19,2025-10-09,,In Progress,Normal
2508,Thank-you letter,Fundraising Ops,agent_06,2025-06-28,2025-07-08,2025-07-09,Completed,Normal
2509,Data request,Supporter Care,agent_10,2026-03-15,2026-03-25,2026-04-02,Completed,Normal
2510,Swab kit dispatch,Fundraising Ops,agent_02,2025-10-25,2025-10-27,2025-10-25,Completed,Normal
2511,Consent follow-up,Register Operations,agent_20,2025-04-24,2025-04-29,2025-05-09,Completed,High
2512,Swab kit dispatch,Supporter Care,agent_03,2025-06-22,2025-07-12,,In Progress,High
2513,Swab kit dispatch,Supporter Care,agent_03,2025-11-29,2025-12-01,2025-12-13,Completed,High
2514,Gift Aid declaration,Register Operations,agent_18,2026-06-20,2026-06-22,2026-07-05,Completed,High
2515,Complaint,Register Operations,agent_13,2025-08-13,2025-08-23,2025-09-13,Completed,Normal
2516,Address change,Fundraising Ops,agent_23,2025-11-08,2025-11-13,2025-11-10,Completed,Normal
2517,Address change,Fundraising Ops,agent_13,2026-01-03,2026-01-13,2026-01-08,Completed,Low
2518,Data request,Register Operations,agent_22,2026-03-09,2026-03-19,2026-04-06,Completed,Normal
2519,Thank-you letter,Fundraising Ops,agent_22,2025-06-13,2025-06-15,2025-06-21,Completed,Normal
2520,Gift Aid declaration,Register Operations,agent_10,2025-05-13,2025-05-18,2025-05-30,Completed,High
2521,Consent follow-up,Supporter Care,agent_13,2025-04-01,2025-04-21,2025-04-25,Completed,Low
2522,Thank-you letter,Register Operations,agent_01,2025-04-17,2025-04-27,2025-04-28,Completed,Low
2523,Thank-you letter,Supporter Care,agent_08,2025-04-22,2025-04-24,2025-04-30,Completed,Normal
2524,Complaint,Register Operations,agent_17,2026-03-03,2026-03-05,2026-03-31,Complete,Urgent
2525,Data request,Supporter Care,agent_21,2025-10-06,2025-10-26,2025-11-01,Completed,Low
2526,Consent follow-up,Fundraising Ops,agent_21,2026-02-08,2026-02-28,2026-02-12,Completed,Normal
2527,Complaint,Register Operations,agent_08,2026-03-11,2026-03-16,2026-04-23,Completed,Normal
2528,Address change,Supporter Care,agent_03,2025-08-07,2025-08-12,2025-08-14,Completed,Low
2529,Swab kit dispatch,Fundraising Ops,agent_14,2026-07-11,2026-07-21,2026-07-23,Completed,Low
2530,Gift Aid declaration,Fundraising Ops,agent_09,2025-12-07,2025-12-12,2025-12-23,Complete,Normal
2531,Consent follow-up,Supporter Care,agent_03,2025-03-18,2025-03-20,,In Progress,Normal
2532,Consent follow-up,Register Operations,agent_14,2025-06-13,2025-06-18,2025-07-05,Completed,Normal
2533,Welcome pack,Register Operations,agent_20,2025-05-15,2025-05-17,2025-05-21,Completed,High
2534,Gift Aid declaration,Fundraising Ops,agent_07,2026-05-07,2026-05-09,2026-05-22,Completed,Normal
2535,Thank-you letter,Supporter Care,agent_02,2026-04-30,2026-05-05,2026-05-09,Completed,Low
2536,Complaint,Register Operations,agent_09,2025-06-11,2025-07-01,,In Progress,High
2537,Data request,Supporter Care,agent_20,2025-05-23,2025-06-02,2025-05-24,Completed,Normal
2538,Complaint,Register Operations,agent_11,2026-03-05,2026-03-25,2026-03-12,Completed,Low
2539,Data request,Fundraising Ops,agent_19,2026-01-20,2026-02-09,2026-02-11,Completed,Normal
2540,Address change,Fundraising Ops,agent_11,2026-05-10,2026-05-15,2026-05-26,Completed,Normal
2541,Address change,Fundraising Ops,agent_01,2025-03-15,2025-03-20,2025-03-21,Completed,Normal
2542,Consent follow-up,Supporter Care,agent_11,2025-03-11,2025-03-16,2025-03-26,Completed,Low
2543,Data request,Supporter Care,agent_05,2026-06-28,2026-06-30,,Blocked,Normal
2544,Data request,Supporter Care,agent_03,2025-09-11,2025-09-16,2025-09-23,Completed,Low
2545,Swab kit dispatch,Supporter Care,agent_03,2025-07-21,2025-08-10,2025-07-31,Completed,High
2546,Gift Aid declaration,Supporter Care,agent_04,2025-03-19,2025-03-21,2025-04-06,Completed,Normal
2547,Thank-you letter,Register Operations,agent_10,2026-07-02,2026-07-12,2026-07-20,Completed,Normal
2548,Complaint,Supporter Care,agent_03,2026-01-24,2026-01-26,2026-02-10,Completed,Low
2549,Data request,Supporter Care,agent_14,2026-05-22,2026-06-01,2026-06-20,Completed,Normal
2550,Consent follow-up,Supporter Care,agent_26,2025-03-09,2025-03-11,2025-04-11,Completed,High
2551,Swab kit dispatch,Supporter Care,agent_17,2026-04-11,2026-04-16,2026-04-22,Completed,Normal
2552,Data request,Supporter Care,agent_26,2025-12-09,2025-12-14,2026-01-17,Completed,Normal
2553,Address change,Fundraising Ops,agent_22,2025-11-06,2025-11-08,2025-11-20,Completed,High
2554,Swab kit dispatch,Fundraising Ops,agent_25,2025-07-02,2025-07-12,2025-07-08,Completed,Normal
2555,Complaint,Fundraising Ops,agent_18,2025-11-17,2025-11-27,2026-01-05,Completed,High
2556,Data request,Fundraising Ops,agent_07,2025-09-12,2025-09-17,2025-10-22,Completed,High
2557,Address change,Supporter Care,agent_18,2026-08-12,2026-08-17,,Open,High
2558,Gift Aid declaration,Register Operations,agent_18,2025-09-28,2025-10-18,2025-10-17,Completed,High
2559,Gift Aid declaration,Fundraising Ops,,2026-07-12,2026-07-14,,Open,Low
2560,Data request,Register Operations,agent_08,2026-06-01,2026-06-06,2026-06-13,Completed,Normal
2561,Address change,Supporter Care,agent_22,2026-02-06,2026-02-26,,Blocked,Normal
2562,Swab kit dispatch,Supporter Care,agent_17,2026-04-01,2026-04-11,2026-04-21,Completed,High
2563,Data request,Register Operations,agent_01,2025-12-01,2025-12-11,2025-12-07,Completed,Normal
2564,Swab kit dispatch,Supporter Care,agent_25,2025-04-29,2025-05-09,2025-05-10,Completed,Low
2565,Thank-you letter,Register Operations,agent_25,2025-09-18,2025-09-20,2025-09-25,Completed,Low
2566,Gift Aid declaration,Register Operations,agent_18,2026-02-26,2026-03-18,2026-03-13,Completed,Low
2567,Data request,Fundraising Ops,agent_18,2025-12-23,2026-01-12,2026-01-12,Completed,Normal
2568,Data request,Supporter Care,agent_08,2025-03-27,2025-04-01,,Blocked,Normal
2569,Data request,Fundraising Ops,agent_05,2025-04-07,2025-04-27,2025-04-10,Completed,Normal
2570,Welcome pack,Fundraising Ops,agent_07,2025-02-28,2025-03-10,2025-03-15,Completed,Normal
2571,Thank-you letter,Supporter Care,agent_19,2025-07-03,2025-07-13,2025-07-09,Completed,High
2572,Consent follow-up,Register Operations,agent_26,2025-04-17,2025-05-07,2025-04-22,Completed,Normal
2573,Gift Aid declaration,Fundraising Ops,agent_19,2026-07-08,2026-07-13,2026-07-27,Completed,Normal
2574,Address change,Register Operations,agent_05,2025-08-21,2025-09-10,2025-09-12,Completed,Normal
2575,Data request,Supporter Care,agent_13,2025-07-02,2025-07-07,2025-07-28,Completed,Low
2576,Complaint,Supporter Care,agent_13,2025-06-21,2025-06-23,2025-07-01,Completed,Low
2577,Welcome pack,Supporter Care,agent_09,2025-07-25,2025-08-14,2025-07-30,Completed,Low
2578,Welcome pack,Register Operations,agent_09,2026-08-09,2026-08-14,,Open,Low
2579,Complaint,Register Operations,agent_25,2025-06-16,2025-06-21,2025-07-13,Completed,Urgent
2580,Gift Aid declaration,Fundraising Ops,agent_04,2026-07-20,2026-07-30,,In Progress,Low
2581,Address change,Fundraising Ops,agent_14,2025-11-08,2025-11-28,2025-11-20,Completed,Normal
2582,Address change,Fundraising Ops,agent_21,2025-08-28,2025-09-02,,In Progress,Normal
2583,Swab kit dispatch,Fundraising Ops,agent_09,2026-01-06,2026-01-08,2026-01-16,Completed,High
2584,Address change,Register Operations,agent_23,2026-01-23,2026-02-12,2026-02-04,Completed,Normal
2585,Welcome pack,Supporter Care,agent_13,2025-06-01,2025-06-03,2025-06-19,Completed,Normal
2586,Swab kit dispatch,Supporter Care,agent_20,2025-12-11,2025-12-13,2025-12-27,Completed,High
2587,Gift Aid declaration,Supporter Care,agent_24,2026-04-11,2026-04-16,2026-04-23,Completed,Normal
2588,Swab kit dispatch,Fundraising Ops,agent_07,2025-05-15,2025-06-04,2025-05-19,Completed,Normal
2589,Consent follow-up,Fundraising Ops,agent_26,2026-08-09,2026-08-29,,Open,Normal
2590,Data request,Register Operations,agent_16,2025-12-25,2025-12-30,,Completed,Low
2591,Swab kit dispatch,Supporter Care,agent_18,2025-03-05,2025-03-10,2025-03-11,Completed,Normal
2592,Address change,Register Operations,agent_13,2025-09-06,2025-09-11,2025-09-09,Completed,Normal
2593,Complaint,Register Operations,agent_16,2026-02-20,2026-02-22,2026-04-07,Completed,Low
2594,Welcome pack,Register Operations,agent_15,2025-03-12,2025-04-01,2025-03-27,Completed,High
2595,Complaint,Supporter Care,agent_12,2025-04-26,2025-04-28,2025-05-29,Completed,Low
2596,Welcome pack,Supporter Care,agent_05,2025-08-29,2025-09-18,2025-09-16,Completed,Normal
2597,Consent follow-up,Fundraising Ops,agent_22,2025-12-01,2025-12-11,2025-12-14,Completed,High
2598,Welcome pack,Fundraising Ops,agent_19,2026-07-03,2026-07-08,2026-07-13,Completed,Urgent
2599,Thank-you letter,Supporter Care,agent_15,2025-08-20,2025-08-25,2025-08-26,Completed,Normal
2600,Welcome pack,Fundraising Ops,agent_08,2026-04-24,2026-04-29,,Open,Normal
2601,Consent follow-up,Supporter Care,agent_18,2025-06-14,2025-06-16,2025-06-18,Completed,Normal
2602,Complaint,Fundraising Ops,agent_20,2025-08-16,2025-08-18,2025-10-09,Completed,Low
2603,Complaint,Register Operations,agent_17,2025-12-21,2026-01-10,2026-01-26,Completed,Normal
2604,Swab kit dispatch,Supporter Care,agent_11,2025-08-22,2025-09-11,2025-09-03,Completed,Urgent
2605,Data request,Supporter Care,agent_17,2026-07-31,2026-08-02,,In Progress,Normal
2606,Complaint,Fundraising Ops,agent_21,2025-06-20,2025-06-25,2025-07-15,Completed,Normal
2607,Complaint,Supporter Care,agent_25,2025-10-24,2025-10-29,2025-11-10,Completed,High
2608,Welcome pack,Fundraising Ops,agent_21,2025-03-28,2025-04-02,2025-04-03,Completed,Normal
2609,Address change,Register Operations,agent_02,2025-05-19,2025-05-29,2025-06-08,Completed,Low
2610,Data request,Register Operations,agent_15,2025-11-10,2025-11-30,2025-12-26,Completed,Low
2611,Data request,Register Operations,agent_22,2026-03-30,2026-04-04,2026-05-07,Completed,Normal
2612,Address change,Register Operations,agent_05,2026-02-08,2026-02-10,2026-02-17,Complete,Normal
2613,Data request,Register Operations,agent_05,2026-03-12,2026-04-01,2026-04-03,Completed,High
2614,Gift Aid declaration,Fundraising Ops,agent_22,2025-11-29,2025-12-04,2026-01-01,Completed,Normal
2615,Thank-you letter,Fundraising Ops,agent_05,2025-05-08,2025-05-10,2025-05-08,Completed,Normal
2616,Thank-you letter,Register Operations,agent_01,2025-10-11,2025-10-21,2025-10-21,Completed,High
2617,Welcome pack,Fundraising Ops,agent_14,2025-09-08,2025-09-13,2025-09-19,Completed,Low
2618,Thank-you letter,Fundraising Ops,agent_02,2025-08-01,2025-08-21,2025-08-03,Completed,Low
2619,Consent follow-up,Supporter Care,agent_20,2026-04-17,2026-05-07,2026-04-20,Completed,Normal
2620,Complaint,Register Operations,agent_18,2026-04-27,2026-04-29,,In Progress,Normal
2621,Swab kit dispatch,Supporter Care,,2026-04-17,2026-05-07,2026-05-04,Completed,High
2622,Thank-you letter,Register Operations,agent_07,2026-07-31,2026-08-02,2026-08-08,Completed,Normal
2623,Data request,Supporter Care,agent_03,2026-07-26,2026-08-05,,Open,Low
2624,Data request,Fundraising Ops,agent_09,2025-10-21,2025-11-10,,Blocked,Normal
2625,Consent follow-up,Register Operations,agent_25,2026-05-18,2026-05-28,2026-06-17,Completed,High
2626,Thank-you letter,Supporter Care,agent_14,2025-04-09,2025-04-29,2025-04-17,Completed,Urgent
2627,Consent follow-up,Register Operations,agent_10,2025-04-22,2025-05-02,2025-04-28,Completed,Normal
2628,Address change,Supporter Care,agent_16,2026-02-15,2026-02-17,2026-02-24,Completed,Normal
2629,Welcome pack,Supporter Care,agent_19,2025-03-11,2025-03-21,2025-03-18,Completed,Normal
2630,Swab kit dispatch,Register Operations,agent_15,2026-01-08,2026-01-13,2026-01-16,Completed,Normal
2631,Thank-you letter,Supporter Care,agent_19,2026-08-11,2026-08-31,,Open,Normal
2632,Complaint,Fundraising Ops,agent_15,2026-08-10,2026-08-15,,In Progress,Normal
2633,Consent follow-up,Supporter Care,agent_07,2025-11-26,2025-11-28,2025-12-23,Completed,Normal
2634,Consent follow-up,Supporter Care,agent_16,2026-01-07,2026-01-27,2026-01-17,Completed,Normal
2635,Swab kit dispatch,Register Operations,agent_10,2026-06-16,2026-06-18,2026-06-26,Complete,High
2636,Consent follow-up,Register Operations,agent_02,2025-08-10,2025-08-12,2025-09-07,Completed,Normal
2637,Complaint,Fundraising Ops,agent_16,2025-08-16,2025-08-26,2025-08-31,Complete,Low
2638,Address change,Supporter Care,agent_01,2026-05-21,2026-05-31,2026-06-04,Completed,Normal
2639,Welcome pack,Supporter Care,agent_12,2025-11-18,2025-11-28,2025-11-25,Completed,Low
2640,Data request,Fundraising Ops,agent_01,2026-07-24,2026-08-03,,In Progress,Low
2641,Welcome pack,Supporter Care,agent_11,2025-11-11,2025-11-21,2025-11-17,Completed,Normal
2642,Data request,Register Operations,agent_19,2026-04-28,2026-05-18,2026-06-01,Completed,Low
2643,Address change,Register Operations,agent_26,2025-11-03,2025-11-08,2025-11-16,Completed,Normal
2644,Swab kit dispatch,Register Operations,agent_20,2025-04-14,2025-04-24,2025-04-20,Completed,Normal
2645,Complaint,Register Operations,agent_19,2025-12-25,2026-01-04,2026-01-07,Completed,Normal
2646,Welcome pack,Supporter Care,agent_12,2025-10-01,2025-10-06,2025-10-09,Completed,Low
2647,Address change,Fundraising Ops,agent_09,2026-03-07,2026-03-17,2026-03-19,Completed,Normal
2648,Address change,Supporter Care,agent_06,2026-05-18,2026-05-28,2026-05-30,Completed,High
2649,Address change,Fundraising Ops,agent_10,2025-03-05,2025-03-25,2025-03-08,Completed,Normal
2650,Thank-you letter,Supporter Care,agent_26,2025-12-12,2025-12-14,2025-12-20,Completed,High
2651,Welcome pack,Fundraising Ops,agent_03,2026-01-05,2026-01-25,2026-01-16,Completed,Low
2652,Consent follow-up,Fundraising Ops,agent_01,2025-09-22,2025-09-24,2025-09-23,Completed,High
2653,Data request,Register Operations,agent_05,2025-07-05,2025-07-07,2025-08-02,Completed,Normal
2654,Data request,Fundraising Ops,agent_11,2025-04-01,2025-04-11,2025-05-07,Completed,Normal
2655,Thank-you letter,Fundraising Ops,agent_04,2025-05-26,2025-06-05,2025-06-05,Completed,High
2656,Thank-you letter,Supporter Care,agent_25,2026-01-24,2026-02-13,2026-02-03,Completed,Normal
2657,Complaint,Register Operations,agent_21,2025-05-11,2025-05-16,,Blocked,High
2658,Thank-you letter,Register Operations,agent_12,2025-05-18,2025-05-28,2025-05-25,Completed,Normal
2659,Consent follow-up,Register Operations,agent_07,2026-03-27,2026-04-16,2026-04-19,Completed,Normal
2660,Data request,Supporter Care,agent_04,2026-03-26,2026-03-31,2026-04-29,Completed,High
2661,Welcome pack,Supporter Care,agent_06,2025-06-05,2025-06-07,2025-06-11,Completed,Normal
2662,Swab kit dispatch,Supporter Care,agent_13,2025-09-29,2025-10-19,,In Progress,Normal
2663,Address change,Fundraising Ops,agent_26,2025-09-09,2025-09-11,2025-10-01,Completed,Normal
2664,Consent follow-up,Supporter Care,agent_21,2026-06-08,2026-06-28,2026-07-02,Completed,High
2665,Complaint,Register Operations,agent_11,2025-08-27,2025-08-29,2025-10-08,Completed,Low
2666,Welcome pack,Register Operations,agent_17,2025-09-23,2025-09-25,2025-10-14,Completed,Low
2667,Swab kit dispatch,Register Operations,agent_03,2026-05-12,2026-05-17,2026-05-12,Completed,High
2668,Complaint,Supporter Care,agent_15,2025-06-20,2025-06-30,2025-07-28,Completed,Normal
2669,Gift Aid declaration,Supporter Care,agent_12,2025-10-22,2025-11-11,2025-11-06,Completed,Normal
2670,Gift Aid declaration,Fundraising Ops,,2025-10-27,2025-10-29,2025-10-29,Completed,Normal
2671,Gift Aid declaration,Register Operations,agent_03,2026-07-30,2026-08-01,2026-08-08,Completed,Normal
2672,Welcome pack,Supporter Care,agent_22,2025-09-20,2025-09-25,2025-09-20,Completed,High
2673,Data request,Supporter Care,agent_25,2025-09-14,2025-10-04,2025-10-01,Completed,High
2674,Consent follow-up,Register Operations,agent_22,2025-07-14,2025-07-19,2025-07-24,Completed,Normal
2675,Complaint,Register Operations,agent_20,2025-03-12,2025-03-17,2025-04-18,Completed,High
2676,Gift Aid declaration,Supporter Care,agent_13,2025-10-01,2025-10-11,2025-10-10,Completed,Normal
2677,Gift Aid declaration,Register Operations,agent_02,2025-10-18,2025-10-23,2025-10-25,Completed,Normal
2678,Data request,Supporter Care,agent_20,2026-01-24,2026-01-26,2026-02-16,Completed,Low
2679,Gift Aid declaration,Supporter Care,agent_11,2026-08-04,2026-08-24,,In Progress,Low
2680,Address change,Register Operations,agent_09,2025-02-23,2025-02-25,2025-02-28,Completed,Normal
2681,Consent follow-up,Register Operations,agent_03,2025-09-08,2025-09-28,2025-10-02,Completed,Normal
2682,Thank-you letter,Supporter Care,agent_14,2025-10-17,2025-10-27,2025-10-28,Completed,Normal
2683,Consent follow-up,Supporter Care,agent_19,2025-10-27,2025-11-01,2025-11-02,Completed,Normal
2684,Address change,Fundraising Ops,agent_25,2026-08-05,2026-08-15,,Open,High
2685,Address change,Supporter Care,agent_17,2026-02-13,2026-03-05,2026-02-27,Completed,Low
2686,Welcome pack,Supporter Care,agent_13,2025-03-22,2025-04-11,2025-04-02,Complete,Normal
2687,Data request,Register Operations,agent_16,2026-01-11,2026-01-31,2026-02-07,Completed,Low
2688,Address change,Fundraising Ops,agent_13,2025-08-05,2025-08-07,2025-08-13,Completed,Normal
2689,Consent follow-up,Register Operations,agent_04,2026-05-07,2026-05-09,2026-06-12,Completed,Normal
2690,Address change,Supporter Care,agent_06,2026-02-28,2026-03-02,2026-03-06,Completed,Urgent
2691,Thank-you letter,Register Operations,agent_04,2026-05-18,2026-05-28,2026-05-30,Completed,High
2692,Complaint,Register Operations,agent_10,2025-09-27,2025-10-17,2025-10-13,Completed,Normal
2693,Consent follow-up,Register Operations,agent_05,2025-06-27,2025-07-02,2025-07-10,Completed,Normal
2694,Address change,Supporter Care,agent_20,2026-07-15,2026-08-04,2026-07-21,Completed,Normal
2695,Gift Aid declaration,Fundraising Ops,agent_15,2025-12-23,2025-12-28,,In Progress,High
2696,Gift Aid declaration,Supporter Care,agent_02,2025-09-03,2025-09-08,2025-09-12,Completed,Low
2697,Address change,Register Operations,agent_02,2025-10-11,2025-10-21,2025-10-11,Completed,Normal
2698,Complaint,Supporter Care,agent_04,2026-04-07,2026-04-27,2026-05-14,Completed,Normal
2699,Complaint,Supporter Care,agent_10,2025-08-12,2025-09-01,2025-09-07,Completed,Normal
2700,Address change,Supporter Care,agent_05,2025-11-07,2025-11-17,2025-11-17,Completed,Normal
2701,Address change,Supporter Care,agent_01,2025-12-18,2025-12-20,2025-12-28,Completed,Normal
2702,Thank-you letter,Fundraising Ops,agent_08,2026-05-30,2026-06-04,2026-06-09,Completed,Normal
2703,Consent follow-up,Register Operations,agent_14,2026-02-19,2026-03-11,2026-03-17,Completed,Normal
2704,Complaint,Register Operations,agent_21,2025-09-26,2025-09-28,2025-10-31,Completed,Normal
2705,Data request,Register Operations,agent_20,2026-06-27,2026-06-29,,Open,Low
2706,Gift Aid declaration,Supporter Care,agent_04,2025-09-21,2025-10-01,2025-10-06,Completed,Normal
2707,Welcome pack,Supporter Care,agent_08,2025-09-15,2025-10-05,2025-09-23,Completed,Normal
2708,Data request,Supporter Care,agent_15,2025-11-16,2025-11-21,2025-12-18,Completed,Low
2709,Address change,Register Operations,agent_01,2026-02-13,2026-02-15,2026-02-22,Completed,Normal
2710,Complaint,Register Operations,agent_14,2026-07-18,2026-07-20,,In Progress,High
2711,Thank-you letter,Supporter Care,agent_22,2026-06-09,2026-06-19,2026-06-17,Completed,Normal
2712,Data request,Fundraising Ops,agent_18,2026-03-30,2026-04-01,2026-04-17,Completed,Normal
2713,Data request,Register Operations,agent_15,2026-08-15,2026-08-17,,In Progress,High
2714,Thank-you letter,Supporter Care,agent_19,2025-12-24,2025-12-26,2025-12-26,Completed,Normal
2715,Swab kit dispatch,Register Operations,agent_06,2025-10-17,2025-10-19,2025-10-29,Completed,Normal
2716,Thank-you letter,Register Operations,agent_12,2026-05-23,2026-06-02,2026-06-03,Completed,Normal
2717,Welcome pack,Fundraising Ops,agent_12,2025-04-08,2025-04-18,2025-04-08,Completed,Urgent
2718,Gift Aid declaration,Register Operations,agent_11,2025-11-20,2025-11-25,2025-12-03,Completed,Low
2719,Swab kit dispatch,Supporter Care,agent_15,2026-01-21,2026-01-31,2026-01-27,Completed,Normal
2720,Consent follow-up,Supporter Care,agent_13,2025-12-16,2026-01-05,,Completed,High
2721,Thank-you letter,Supporter Care,agent_12,2025-12-12,2025-12-14,2025-12-12,Completed,High
2722,Complaint,Supporter Care,agent_23,2025-11-19,2025-12-09,2025-12-25,Completed,High
2723,Complaint,Supporter Care,agent_10,2026-06-20,2026-06-22,,Open,Low
2724,Swab kit dispatch,Register Operations,agent_20,2026-03-19,2026-03-29,2026-03-26,Completed,Normal
2725,Address change,Register Operations,agent_04,2026-05-18,2026-06-07,2026-06-03,Completed,High
2726,Consent follow-up,Supporter Care,agent_12,2025-02-25,2025-03-02,2025-03-11,Completed,High
2727,Gift Aid declaration,Register Operations,agent_10,2025-09-03,2025-09-23,2025-09-16,Completed,Urgent
2728,Welcome pack,Fundraising Ops,agent_07,2026-03-12,2026-03-14,2026-03-24,Completed,Normal
2729,Welcome pack,Fundraising Ops,agent_06,2025-10-23,2025-11-12,2025-11-01,Completed,Low
2730,Gift Aid declaration,Register Operations,agent_26,2025-06-05,2025-06-10,2025-06-28,Completed,Normal
2731,Address change,Register Operations,agent_26,2025-05-10,2025-05-20,2025-05-30,Completed,Normal
2732,Complaint,Supporter Care,agent_21,2025-07-12,2025-08-01,2025-09-04,Completed,Normal
2733,Consent follow-up,Register Operations,agent_02,2026-04-14,2026-05-04,2026-04-15,Completed,High
2734,Thank-you letter,Supporter Care,agent_15,2026-05-23,2026-05-25,2026-05-31,Completed,Normal
2735,Consent follow-up,Supporter Care,agent_18,2025-03-14,2025-03-16,2025-03-22,Completed,High
2736,Welcome pack,Fundraising Ops,agent_26,2025-10-11,2025-10-31,2025-10-31,Completed,Low
2737,Gift Aid declaration,Supporter Care,agent_24,2026-05-24,2026-06-03,2026-05-24,Completed,Normal
2738,Consent follow-up,Fundraising Ops,agent_13,2026-01-19,2026-02-08,2026-02-15,Completed,Normal
2739,Address change,Supporter Care,agent_01,2025-06-17,2025-06-19,2025-06-26,Completed,Normal
2740,Gift Aid declaration,Register Operations,agent_24,2026-04-09,2026-04-19,2026-05-01,Completed,Normal
2741,Consent follow-up,Fundraising Ops,agent_10,2025-08-01,2025-08-11,2025-08-23,Completed,High
2742,Swab kit dispatch,Fundraising Ops,agent_23,2026-01-17,2026-01-22,2026-01-29,Completed,Normal
2743,Thank-you letter,Register Operations,agent_07,2025-03-04,2025-03-09,2025-03-22,Completed,Normal
2744,Address change,Supporter Care,agent_20,2025-04-05,2025-04-10,2025-04-28,Completed,Low
2745,Complaint,Supporter Care,agent_19,2025-08-29,2025-09-03,2025-09-01,Complete,High
2746,Consent follow-up,Supporter Care,agent_14,2025-05-30,2025-06-09,,Blocked,Normal
2747,Swab kit dispatch,Supporter Care,agent_24,2025-12-17,2026-01-06,2025-12-26,Completed,Normal
2748,Thank-you letter,Supporter Care,agent_11,2025-03-08,2025-03-10,2025-03-14,Completed,Low
2749,Consent follow-up,Supporter Care,agent_04,2025-07-03,2025-07-05,2025-07-09,Completed,High
2750,Welcome pack,Register Operations,agent_26,2025-09-30,2025-10-02,2025-10-10,Completed,Normal
2751,Thank-you letter,Fundraising Ops,agent_09,2025-10-20,2025-10-30,2025-11-07,Completed,Normal
2752,Welcome pack,Supporter Care,agent_22,2025-11-09,2025-11-11,2025-11-16,Completed,Normal
2753,Data request,Supporter Care,agent_21,2025-08-17,2025-08-19,2025-09-08,Completed,Normal
2754,Gift Aid declaration,Register Operations,agent_22,2026-02-25,2026-03-17,2026-03-19,Completed,High
2755,Consent follow-up,Supporter Care,agent_04,2025-12-15,2026-01-04,2025-12-24,Completed,High
2756,Complaint,Register Operations,agent_05,2026-02-19,2026-03-11,2026-03-02,Completed,Normal
2757,Thank-you letter,Register Operations,agent_21,2025-04-01,2025-04-21,2025-04-08,Completed,Normal
2758,Gift Aid declaration,Supporter Care,agent_17,2026-01-30,2026-02-19,2026-02-06,Completed,Low
2759,Data request,Fundraising Ops,agent_09,2026-05-23,2026-05-25,2026-06-09,Completed,High
2760,Gift Aid declaration,Fundraising Ops,agent_18,2026-03-04,2026-03-09,2026-03-26,Completed,Normal
2761,Thank-you letter,Supporter Care,agent_19,2026-03-03,2026-03-08,2026-03-11,Completed,Normal
2762,Address change,Fundraising Ops,agent_08,2026-08-03,2026-08-08,2026-08-14,Completed,Normal
2763,Address change,Supporter Care,agent_02,2026-06-29,2026-07-01,2026-07-16,Completed,Normal
2764,Consent follow-up,Supporter Care,agent_13,2025-04-21,2025-04-23,2025-05-18,Complete,Normal
2765,Complaint,Fundraising Ops,agent_18,2025-11-14,2025-11-16,2025-12-25,Completed,Low
2766,Thank-you letter,Register Operations,agent_10,2025-12-08,2025-12-28,2025-12-10,Completed,Normal
2767,Thank-you letter,Register Operations,agent_05,2025-07-10,2025-07-30,2025-07-21,Completed,High
2768,Complaint,Register Operations,agent_20,2025-07-18,2025-07-20,2025-09-16,Completed,Normal
2769,Gift Aid declaration,Fundraising Ops,agent_03,2025-10-12,2025-11-01,2025-10-12,Completed,High
2770,Thank-you letter,Supporter Care,agent_24,2026-02-11,2026-02-16,2026-02-21,Completed,Normal
2771,Swab kit dispatch,Supporter Care,agent_02,2025-09-10,2025-09-12,2025-09-18,Completed,Normal
2772,Complaint,Fundraising Ops,agent_07,2025-07-26,2025-08-05,2025-07-26,Completed,Normal
2773,Thank-you letter,Fundraising Ops,,2025-08-28,2025-09-17,2025-09-02,Completed,Normal
2774,Swab kit dispatch,Register Operations,agent_02,2025-08-04,2025-08-09,2025-08-17,Completed,Low
2775,Gift Aid declaration,Register Operations,agent_02,2025-06-17,2025-06-19,2025-07-22,Completed,High
2776,Thank-you letter,Supporter Care,agent_09,2025-04-01,2025-04-21,,Open,Normal
2777,Address change,Fundraising Ops,agent_21,2026-03-21,2026-03-26,2026-03-25,Complete,Normal
2778,Address change,Fundraising Ops,agent_02,2026-02-27,2026-03-19,2026-03-08,Completed,Normal
2779,Thank-you letter,Supporter Care,agent_01,2025-12-01,2025-12-21,2025-12-05,Completed,High
2780,Swab kit dispatch,Fundraising Ops,agent_16,2025-05-17,2025-05-19,2025-05-25,Completed,Normal
2781,Address change,Register Operations,agent_11,2025-06-08,2025-06-10,2025-06-15,Completed,Normal
2782,Thank-you letter,Supporter Care,agent_20,2026-03-02,2026-03-12,2026-03-08,Completed,High
2783,Welcome pack,Fundraising Ops,agent_11,2025-08-28,2025-08-30,2025-08-29,Complete,Urgent
2784,Welcome pack,Supporter Care,agent_08,2025-05-17,2025-05-19,2025-05-22,Completed,High
2785,Swab kit dispatch,Supporter Care,agent_07,2025-06-09,2025-06-19,2025-06-11,Completed,Normal
2786,Swab kit dispatch,Supporter Care,agent_03,2026-01-24,2026-02-13,2026-02-05,Completed,Normal
2787,Thank-you letter,Supporter Care,agent_23,2025-09-15,2025-09-17,2025-09-26,Completed,Low
2788,Welcome pack,Supporter Care,agent_19,2026-07-02,2026-07-04,2026-07-18,Completed,Normal
2789,Data request,Supporter Care,agent_22,2025-10-02,2025-10-07,2025-10-24,Completed,Low
2790,Swab kit dispatch,Fundraising Ops,agent_14,2025-09-11,2025-09-21,2025-09-20,Completed,Normal
2791,Swab kit dispatch,Register Operations,agent_05,2026-01-20,2026-02-09,2026-02-01,Completed,Normal
2792,Gift Aid declaration,Fundraising Ops,agent_22,2025-08-12,2025-08-22,2025-09-12,Completed,Normal
2793,Complaint,Supporter Care,agent_12,2025-08-10,2025-08-12,2025-08-26,Completed,Low
2794,Data request,Fundraising Ops,agent_06,2025-06-12,2025-06-17,2025-07-11,Completed,Low
2795,Data request,Register Operations,agent_07,2025-07-24,2025-07-29,,Open,Low
2796,Gift Aid declaration,Supporter Care,agent_25,2026-03-18,2026-04-07,2026-03-28,Completed,Low
2797,Swab kit dispatch,Fundraising Ops,agent_13,2025-12-08,2025-12-18,,In Progress,High
2798,Swab kit dispatch,Fundraising Ops,agent_03,2026-07-11,2026-07-16,2026-07-25,Completed,Normal
2799,Data request,Register Operations,agent_20,2025-12-12,2025-12-22,2026-01-30,Completed,Normal
2800,Swab kit dispatch,Register Operations,agent_02,2026-01-05,2026-01-15,2026-01-09,Completed,Normal
2801,Gift Aid declaration,Supporter Care,agent_19,2026-04-04,2026-04-24,2026-05-09,Completed,High
2802,Consent follow-up,Register Operations,agent_20,2026-05-26,2026-05-31,2026-06-29,Completed,Normal
2803,Thank-you letter,Supporter Care,agent_09,2025-02-27,2025-03-09,2025-03-03,Completed,Low
2804,Thank-you letter,Fundraising Ops,agent_02,2026-02-16,2026-02-26,2026-02-22,Completed,Normal
2805,Complaint,Fundraising Ops,agent_20,2025-03-03,2025-03-23,2025-03-27,Completed,High
2806,Welcome pack,Fundraising Ops,agent_12,2026-06-28,2026-07-08,,Open,Low
2807,Data request,Register Operations,agent_03,2026-06-20,2026-06-25,2026-07-12,Completed,High
2808,Address change,Fundraising Ops,agent_07,2025-06-23,2025-06-25,2025-06-30,Completed,Urgent
2809,Address change,Supporter Care,agent_21,2025-03-25,2025-04-04,2025-04-13,Completed,Normal
2810,Thank-you letter,Register Operations,agent_11,2025-08-04,2025-08-06,,In Progress,High
2811,Address change,Register Operations,agent_20,2025-03-11,2025-03-31,2025-03-31,Completed,Normal
2812,Data request,Fundraising Ops,agent_13,2025-11-08,2025-11-10,2025-11-27,Completed,Urgent
2813,Gift Aid declaration,Supporter Care,agent_26,2025-05-13,2025-05-18,2025-06-04,Completed,High
2814,Welcome pack,Register Operations,agent_05,2025-05-27,2025-06-16,2025-06-06,Completed,Normal
2815,Data request,Register Operations,agent_01,2026-05-27,2026-06-01,2026-06-23,Completed,Normal
2816,Data request,Supporter Care,agent_15,2026-04-26,2026-05-01,2026-05-28,Completed,High
2817,Address change,Register Operations,agent_18,2026-07-19,2026-07-21,2026-07-31,Completed,Normal
2818,Consent follow-up,Fundraising Ops,agent_19,2025-12-14,2025-12-19,2026-01-17,Completed,Normal
2819,Swab kit dispatch,Supporter Care,agent_25,2025-08-02,2025-08-04,2025-08-10,Completed,High
2820,Data request,Supporter Care,agent_02,2026-04-10,2026-04-12,2026-04-20,Completed,Normal
2821,Gift Aid declaration,Register Operations,agent_17,2026-07-12,2026-07-22,2026-07-15,Completed,High
2822,Gift Aid declaration,Supporter Care,agent_06,2025-06-05,2025-06-07,2025-06-19,Completed,Normal
2823,Swab kit dispatch,Fundraising Ops,agent_11,2026-02-13,2026-03-05,2026-02-21,Completed,Normal
2824,Consent follow-up,Supporter Care,agent_12,2026-06-10,2026-06-30,2026-06-26,Completed,Normal
2825,Data request,Register Operations,agent_16,2026-08-16,2026-08-21,,In Progress,Normal
2826,Gift Aid declaration,Supporter Care,agent_21,2026-03-04,2026-03-14,2026-03-10,Completed,Normal
2827,Consent follow-up,Fundraising Ops,agent_07,2026-01-02,2026-01-07,2026-01-28,Completed,Normal
2828,Consent follow-up,Supporter Care,agent_14,2025-04-04,2025-04-09,,Blocked,High
2829,Gift Aid declaration,Supporter Care,agent_16,2025-08-31,2025-09-05,2025-09-22,Completed,Low
2830,Address change,Supporter Care,,2026-06-11,2026-06-21,2026-07-07,Completed,Normal
2831,Consent follow-up,Fundraising Ops,agent_03,2025-03-15,2025-04-04,2025-04-04,Complete,Normal
2832,Gift Aid declaration,Register Operations,agent_15,2025-06-29,2025-07-19,2025-07-20,Completed,Low
2833,Address change,Supporter Care,agent_13,2026-02-14,2026-02-16,2026-03-01,Completed,High
2834,Data request,Register Operations,agent_01,2026-05-27,2026-06-06,2026-07-02,Completed,Normal
2835,Gift Aid declaration,Supporter Care,agent_18,2026-03-09,2026-03-29,2026-03-30,Completed,Low
2836,Complaint,Supporter Care,agent_01,2026-02-05,2026-02-25,,Open,Normal
2837,Thank-you letter,Fundraising Ops,agent_21,2026-03-15,2026-03-25,2026-03-21,Completed,High
2838,Welcome pack,Register Operations,agent_08,2026-04-14,2026-05-04,2026-04-21,Completed,Normal
2839,Thank-you letter,Fundraising Ops,agent_18,2025-04-23,2025-05-03,2025-05-04,Completed,Low
2840,Data request,Register Operations,agent_25,2026-08-07,2026-08-27,,Blocked,Low
2841,Thank-you letter,Supporter Care,agent_18,2026-05-25,2026-05-30,2026-06-01,Completed,Normal
2842,Consent follow-up,Register Operations,agent_03,2026-08-14,2026-09-03,,Open,High
2843,Complaint,Supporter Care,agent_18,2025-04-19,2025-04-21,2025-06-11,Completed,Normal
2844,Welcome pack,Fundraising Ops,agent_10,2025-04-08,2025-04-10,2025-04-25,Completed,Normal
2845,Data request,Supporter Care,agent_13,2025-06-25,2025-06-27,2025-07-07,Completed,Low
2846,Welcome pack,Register Operations,agent_20,2025-03-05,2025-03-10,2025-03-11,Completed,High
2847,Consent follow-up,Fundraising Ops,agent_21,2025-12-11,2025-12-13,2025-12-24,Completed,Normal
2848,Consent follow-up,Fundraising Ops,agent_13,2025-07-10,2025-07-12,2025-08-03,Completed,Urgent
2849,Thank-you letter,Supporter Care,agent_07,2025-07-17,2025-07-22,2025-07-23,Completed,High
2850,Swab kit dispatch,Supporter Care,agent_09,2026-08-16,2026-08-21,,In Progress,Low
2851,Data request,Register Operations,agent_15,2025-07-14,2025-07-24,2025-08-19,Completed,Normal
2852,Gift Aid declaration,Register Operations,agent_06,2025-10-06,2025-10-11,2025-10-25,Completed,High
2853,Thank-you letter,Register Operations,agent_02,2025-06-28,2025-07-08,2025-07-04,Completed,Low
2854,Thank-you letter,Register Operations,agent_25,2025-05-11,2025-05-21,2025-05-11,Completed,Normal
2855,Swab kit dispatch,Supporter Care,agent_02,2025-04-03,2025-04-08,2025-04-05,Completed,Normal
2856,Swab kit dispatch,Register Operations,agent_21,2025-08-01,2025-08-11,2025-08-03,Completed,High
2857,Swab kit dispatch,Supporter Care,agent_05,2025-12-15,2025-12-20,2025-12-29,Completed,High
2858,Address change,Supporter Care,agent_21,2025-09-24,2025-10-14,2025-10-02,Completed,Normal
2859,Welcome pack,Supporter Care,agent_12,2025-08-09,2025-08-14,2025-08-16,Completed,Normal
2860,Address change,Fundraising Ops,agent_06,2025-04-15,2025-04-17,2025-04-29,Completed,Normal
2861,Address change,Fundraising Ops,agent_25,2025-09-23,2025-10-13,,Open,Normal
2862,Data request,Register Operations,agent_11,2025-11-09,2025-11-11,2025-12-01,Completed,Normal
2863,Welcome pack,Supporter Care,agent_15,2025-09-10,2025-09-30,2025-09-24,Completed,Normal
2864,Consent follow-up,Fundraising Ops,agent_19,2025-09-26,2025-10-06,2025-10-09,Completed,Normal
2865,Complaint,Supporter Care,agent_21,2025-07-23,2025-08-12,2025-08-30,Completed,Normal
2866,Complaint,Fundraising Ops,agent_26,2025-05-05,2025-05-10,2025-05-08,Completed,High
2867,Welcome pack,Supporter Care,agent_05,2025-09-12,2025-10-02,2025-09-27,Completed,Normal
2868,Data request,Supporter Care,agent_24,2026-04-26,2026-04-28,2026-04-30,Completed,Low
2869,Swab kit dispatch,Supporter Care,agent_16,2025-10-14,2025-10-24,2025-10-24,Completed,Normal
2870,Complaint,Supporter Care,agent_07,2025-09-14,2025-10-04,2025-10-13,Completed,Normal
2871,Thank-you letter,Register Operations,agent_06,2026-07-23,2026-08-02,,In Progress,Low
2872,Complaint,Fundraising Ops,agent_09,2025-08-21,2025-08-23,2025-09-19,Completed,High
2873,Swab kit dispatch,Fundraising Ops,agent_24,2025-10-09,2025-10-29,2025-10-20,Completed,Normal
2874,Gift Aid declaration,Fundraising Ops,agent_06,2026-03-09,2026-03-11,2026-03-12,Completed,Low
2875,Welcome pack,Supporter Care,agent_13,2025-03-02,2025-03-22,2025-03-02,Completed,Low
2876,Complaint,Fundraising Ops,agent_10,2026-01-16,2026-01-21,2026-02-27,Completed,Normal
2877,Swab kit dispatch,Supporter Care,agent_16,2025-08-10,2025-08-20,2025-08-13,Completed,Low
2878,Data request,Supporter Care,agent_16,2025-07-13,2025-08-02,2025-07-23,Completed,High
2879,Consent follow-up,Fundraising Ops,agent_08,2026-05-01,2026-05-21,,In Progress,Normal
2880,Thank-you letter,Fundraising Ops,agent_21,2026-06-20,2026-06-30,2026-07-04,Completed,Normal
2881,Complaint,Supporter Care,agent_24,2026-01-08,2026-01-13,2026-02-09,Completed,Low
2882,Consent follow-up,Register Operations,agent_15,2025-10-07,2025-10-09,2025-10-31,Completed,Low
2883,Address change,Supporter Care,agent_09,2025-11-05,2025-11-10,2025-11-18,Completed,High
2884,Thank-you letter,Register Operations,agent_16,2025-07-10,2025-07-20,2025-07-14,Completed,Normal
2885,Swab kit dispatch,Register Operations,agent_21,2025-04-30,2025-05-02,2025-05-18,Completed,Normal
2886,Swab kit dispatch,Register Operations,agent_10,2025-08-26,2025-08-31,2025-09-01,Completed,Normal
2887,Thank-you letter,Register Operations,agent_18,2025-07-03,2025-07-05,,Blocked,Normal
2888,Data request,Register Operations,agent_20,2025-10-26,2025-10-31,2025-11-11,Completed,Normal
2889,Swab kit dispatch,Supporter Care,agent_01,2025-03-10,2025-03-12,2025-03-23,Completed,Normal
2890,Address change,Register Operations,agent_02,2026-01-05,2026-01-25,,Open,High
2891,Gift Aid declaration,Fundraising Ops,agent_20,2026-07-27,2026-08-01,,Open,Low
2892,Welcome pack,Fundraising Ops,agent_07,2025-07-22,2025-08-11,2025-07-22,Completed,Normal
2893,Swab kit dispatch,Register Operations,agent_06,2026-04-23,2026-05-13,,Blocked,Low
2894,Gift Aid declaration,Supporter Care,agent_16,2026-08-10,2026-08-12,,Blocked,Normal
2895,Address change,Supporter Care,agent_16,2025-10-19,2025-10-21,2025-11-10,Completed,Low
2896,Welcome pack,Register Operations,agent_23,2026-03-06,2026-03-11,2026-03-14,Completed,Normal
2897,Welcome pack,Register Operations,agent_25,2025-07-12,2025-07-14,2025-07-18,Completed,Normal
2898,Gift Aid declaration,Register Operations,agent_07,2025-05-06,2025-05-11,,Blocked,Normal
2899,Welcome pack,Supporter Care,agent_21,2026-04-10,2026-04-30,2026-04-27,Completed,Normal
2900,Address change,Fundraising Ops,agent_14,2026-01-05,2026-01-10,2026-01-10,Completed,Normal
2901,Thank-you letter,Supporter Care,agent_18,2026-03-28,2026-04-17,2026-04-10,Completed,Normal
2902,Consent follow-up,Fundraising Ops,agent_11,2025-10-14,2025-10-16,2025-10-26,Completed,High
2903,Data request,Register Operations,agent_26,2025-02-24,2025-03-16,2025-03-26,Completed,Normal
2904,Address change,Fundraising Ops,agent_20,2025-11-20,2025-11-22,2025-12-07,Completed,Urgent
2905,Welcome pack,Supporter Care,agent_24,2025-05-24,2025-06-13,2025-06-01,Completed,Normal
2906,Complaint,Register Operations,agent_12,2025-06-18,2025-07-08,2025-07-22,Completed,Normal
2907,Swab kit dispatch,Supporter Care,agent_21,2026-05-30,2026-06-04,2026-06-19,Completed,High
2908,Welcome pack,Register Operations,agent_15,2025-05-24,2025-05-29,2025-06-04,Completed,Low
2909,Complaint,Supporter Care,agent_01,2025-05-04,2025-05-09,,In Progress,Urgent
2910,Address change,Register Operations,agent_16,2025-11-26,2025-12-16,2025-12-09,Completed,High
2911,Gift Aid declaration,Fundraising Ops,agent_24,2025-12-23,2025-12-25,2026-01-03,Completed,High
2912,Welcome pack,Register Operations,agent_10,2025-08-31,2025-09-02,2025-09-18,Completed,Low
2913,Consent follow-up,Register Operations,agent_11,2026-07-17,2026-07-22,2026-07-30,Completed,Normal
2914,Welcome pack,Supporter Care,agent_07,2026-04-12,2026-04-22,2026-04-26,Completed,Normal
2915,Data request,Fundraising Ops,agent_16,2025-12-20,2025-12-22,2026-01-28,Completed,Urgent
2916,Gift Aid declaration,Fundraising Ops,agent_02,2025-11-02,2025-11-12,2025-11-16,Completed,Low
2917,Complaint,Register Operations,agent_11,2025-07-02,2025-07-22,2025-08-29,Completed,High
2918,Address change,Register Operations,agent_03,2025-04-28,2025-04-30,2025-05-06,Completed,Normal
2919,Thank-you letter,Fundraising Ops,agent_01,2025-04-21,2025-04-26,2025-04-26,Completed,Normal
2920,Thank-you letter,Supporter Care,agent_22,2025-09-12,2025-09-14,2025-09-20,Completed,High
2921,Consent follow-up,Register Operations,agent_06,2026-05-23,2026-05-28,2026-06-12,Completed,Normal
2922,Welcome pack,Register Operations,agent_10,2026-04-15,2026-05-05,2026-04-23,Completed,High
2923,Gift Aid declaration,Supporter Care,agent_22,2026-05-02,2026-05-12,2026-05-29,Completed,High
2924,Welcome pack,Register Operations,agent_14,2026-04-01,2026-04-21,2026-04-11,Completed,Normal
2925,Complaint,Fundraising Ops,agent_25,2026-02-04,2026-02-06,2026-03-17,Completed,Low
2926,Welcome pack,Fundraising Ops,agent_12,2025-08-23,2025-09-02,2025-09-04,Completed,Normal
2927,Welcome pack,Fundraising Ops,agent_06,2026-06-14,2026-06-19,2026-06-30,Completed,Normal
2928,Thank-you letter,Fundraising Ops,agent_19,2025-10-28,2025-11-02,2025-11-05,Complete,Normal
2929,Gift Aid declaration,Register Operations,agent_18,2025-04-07,2025-04-27,2025-04-27,Completed,Low
2930,Welcome pack,Supporter Care,agent_24,2026-01-12,2026-01-22,2026-01-27,Completed,Normal
2931,Welcome pack,Fundraising Ops,agent_20,2026-07-14,2026-07-19,2026-08-08,Completed,Low
2932,Welcome pack,Supporter Care,agent_15,2025-03-19,2025-03-29,2025-03-30,Completed,Normal
2933,Swab kit dispatch,Register Operations,agent_26,2025-05-21,2025-05-26,2025-06-02,Completed,Urgent
2934,Complaint,Supporter Care,agent_10,2025-12-28,2025-12-30,,Open,Low
2935,Address change,Supporter Care,agent_22,2025-11-21,2025-11-23,2025-12-08,Completed,Low
2936,Address change,Register Operations,agent_04,2026-05-13,2026-05-23,2026-05-24,Completed,Normal
2937,Thank-you letter,Fundraising Ops,agent_23,2025-04-04,2025-04-09,2025-04-06,Completed,High
2938,Swab kit dispatch,Fundraising Ops,agent_23,2026-07-27,2026-08-16,2026-08-07,Completed,Normal
2939,Gift Aid declaration,Register Operations,agent_25,2025-10-01,2025-10-21,2025-10-22,Completed,High
2940,Complaint,Register Operations,agent_21,2026-04-17,2026-04-22,2026-06-05,Completed,Normal
2941,Consent follow-up,Supporter Care,agent_21,2026-03-04,2026-03-24,,In Progress,High
2942,Gift Aid declaration,Register Operations,,2026-02-15,2026-03-07,2026-02-24,Completed,Normal
2943,Data request,Fundraising Ops,agent_02,2026-03-30,2026-04-09,2026-04-18,Completed,Normal
2944,Address change,Fundraising Ops,agent_22,2025-07-10,2025-07-15,2025-07-19,Completed,Normal
2945,Gift Aid declaration,Fundraising Ops,agent_09,2026-07-30,2026-08-09,,Blocked,Urgent
2946,Complaint,Supporter Care,agent_07,2026-05-11,2026-05-13,2026-06-14,Completed,Low
2947,Gift Aid declaration,Supporter Care,agent_03,2026-06-28,2026-07-03,2026-07-24,Completed,Low
2948,Thank-you letter,Supporter Care,agent_15,2025-08-13,2025-08-23,2025-08-23,Completed,High
2949,Welcome pack,Supporter Care,agent_04,2025-07-16,2025-07-18,2025-07-25,Completed,Normal
2950,Swab kit dispatch,Fundraising Ops,agent_07,2025-09-14,2025-09-19,2025-09-28,Completed,Normal
2951,Address change,Fundraising Ops,agent_06,2025-03-22,2025-04-11,2025-04-04,Completed,Normal
2952,Thank-you letter,Register Operations,agent_23,2026-07-17,2026-07-22,2026-07-31,Completed,Normal
2953,Thank-you letter,Supporter Care,agent_25,2025-12-14,2026-01-03,2025-12-24,Completed,Normal
2954,Swab kit dispatch,Fundraising Ops,agent_12,2025-03-23,2025-04-02,,Blocked,High
2955,Consent follow-up,Supporter Care,agent_04,2025-07-29,2025-07-31,2025-08-18,Completed,High
2956,Welcome pack,Register Operations,agent_15,2025-09-04,2025-09-09,2025-09-17,Completed,Normal
2957,Gift Aid declaration,Supporter Care,agent_23,2025-09-14,2025-09-16,2025-09-24,Completed,High
2958,Data request,Fundraising Ops,agent_18,2026-01-15,2026-01-20,2026-01-15,Completed,Normal
2959,Data request,Register Operations,agent_01,2025-12-24,2026-01-03,2026-01-27,Completed,Normal
2960,Address change,Fundraising Ops,,2026-08-10,2026-08-15,,Open,Normal
2961,Complaint,Register Operations,agent_17,2025-04-07,2025-04-27,2025-05-23,Completed,Normal
2962,Swab kit dispatch,Register Operations,agent_12,2025-06-27,2025-07-07,2025-07-02,Completed,Normal
2963,Gift Aid declaration,Fundraising Ops,agent_02,2025-09-17,2025-10-07,2025-10-04,Completed,Normal
2964,Data request,Supporter Care,agent_16,2026-06-14,2026-06-19,2026-06-25,Completed,Normal
2965,Gift Aid declaration,Supporter Care,agent_04,2025-08-11,2025-08-13,2025-08-25,Completed,Normal
2966,Data request,Register Operations,agent_07,2025-05-20,2025-06-09,2025-06-18,Completed,High
2967,Thank-you letter,Fundraising Ops,agent_13,2026-04-06,2026-04-11,2026-04-16,Completed,High
2968,Data request,Register Operations,agent_11,2026-01-03,2026-01-08,2026-01-12,Completed,Normal
2969,Complaint,Supporter Care,agent_15,2026-01-24,2026-02-03,2026-03-11,Completed,Normal
2970,Swab kit dispatch,Register Operations,agent_18,2025-04-13,2025-04-23,2025-04-15,Completed,Normal
2971,Gift Aid declaration,Supporter Care,agent_18,2026-08-08,2026-08-28,,In Progress,Low
2972,Welcome pack,Fundraising Ops,agent_10,2026-03-25,2026-04-04,2026-04-04,Complete,Low
2973,Thank-you letter,Supporter Care,agent_01,2026-05-09,2026-05-29,2026-05-19,Completed,Normal
2974,Complaint,Register Operations,agent_01,2025-06-10,2025-06-20,2025-07-13,Completed,Low
2975,Complaint,Supporter Care,agent_26,2026-06-14,2026-07-04,2026-07-13,Completed,Normal
2976,Address change,Register Operations,agent_26,2026-02-16,2026-02-18,2026-02-21,Completed,Low
2977,Data request,Supporter Care,agent_17,2025-03-13,2025-03-18,,Completed,Normal
2978,Address change,Supporter Care,agent_15,2025-07-22,2025-08-01,2025-08-07,Completed,Normal
2979,Address change,Register Operations,agent_13,2026-02-27,2026-03-04,2026-03-12,Completed,Normal
2980,Thank-you letter,Supporter Care,agent_15,2025-11-21,2025-11-23,2025-11-30,Completed,Low
2981,Welcome pack,Fundraising Ops,agent_21,2026-05-06,2026-05-26,2026-05-28,Completed,Low
2982,Welcome pack,Fundraising Ops,agent_12,2026-01-22,2026-01-24,2026-01-27,Completed,Normal
2983,Consent follow-up,Fundraising Ops,agent_08,2025-02-24,2025-03-01,2025-03-09,Completed,High
2984,Data request,Register Operations,agent_16,2025-06-17,2025-06-19,2025-07-29,Completed,Normal
2985,Consent follow-up,Fundraising Ops,agent_22,2025-03-14,2025-03-24,2025-04-13,Completed,Normal
2986,Welcome pack,Fundraising Ops,agent_09,2025-03-31,2025-04-05,2025-04-02,Completed,Normal
2987,Address change,Supporter Care,agent_02,2026-01-26,2026-01-31,2026-02-09,Completed,Normal
2988,Thank-you letter,Register Operations,agent_20,2025-12-16,2025-12-18,2025-12-24,Completed,Low
2989,Thank-you letter,Fundraising Ops,agent_22,2026-01-10,2026-01-15,2026-01-14,Completed,Normal
2990,Welcome pack,Register Operations,agent_15,2025-04-26,2025-04-28,2025-05-06,Completed,Low
2991,Complaint,Supporter Care,agent_06,2025-11-07,2025-11-12,2025-12-09,Completed,Low
2992,Complaint,Register Operations,agent_05,2025-07-25,2025-07-27,2025-09-13,Completed,Normal
2993,Address change,Fundraising Ops,agent_06,2025-03-02,2025-03-22,2025-03-11,Completed,High
2994,Thank-you letter,Supporter Care,agent_24,2025-12-12,2025-12-17,2025-12-21,Completed,Normal
2995,Gift Aid declaration,Register Operations,agent_11,2026-03-07,2026-03-17,2026-03-28,Completed,High
2996,Gift Aid declaration,Supporter Care,agent_17,2025-11-19,2025-11-21,,Blocked,Normal
2997,Data request,Supporter Care,agent_01,2025-04-23,2025-04-28,2025-04-23,Completed,Low
2998,Gift Aid declaration,Register Operations,agent_04,2025-04-26,2025-05-16,2025-05-02,Completed,Normal
2999,Consent follow-up,Supporter Care,agent_02,2026-03-30,2026-04-01,2026-04-17,Completed,Normal
3000,Data request,Supporter Care,agent_10,2025-03-29,2025-04-18,,Open,Urgent
3001,Consent follow-up,Fundraising Ops,agent_19,2026-06-21,2026-06-23,2026-07-16,Completed,High
3002,Thank-you letter,Register Operations,agent_12,2025-12-23,2026-01-02,2026-01-03,Completed,Normal
3003,Data request,Register Operations,agent_22,2026-01-17,2026-01-22,2026-02-04,Completed,Low
3004,Gift Aid declaration,Register Operations,agent_07,2026-03-02,2026-03-22,2026-03-14,Completed,Urgent
3005,Gift Aid declaration,Fundraising Ops,agent_16,2025-11-04,2025-11-14,2025-11-22,Completed,Normal
3006,Swab kit dispatch,Supporter Care,agent_24,2025-04-14,2025-04-16,2025-04-20,Completed,Normal
3007,Complaint,Supporter Care,agent_20,2025-06-05,2025-06-15,2025-07-14,Complete,Normal
3008,Address change,Fundraising Ops,agent_24,2025-07-18,2025-07-23,2025-07-28,Completed,Normal
3009,Consent follow-up,Fundraising Ops,agent_13,2026-05-16,2026-05-21,2026-06-22,Completed,Normal
3010,Complaint,Fundraising Ops,agent_19,2025-09-04,2025-09-09,2025-09-08,Completed,Normal
3011,Data request,Register Operations,agent_12,2025-07-13,2025-07-23,2025-08-03,Completed,Normal
3012,Welcome pack,Supporter Care,agent_19,2025-07-17,2025-07-19,2025-07-30,Completed,Low
3013,Thank-you letter,Fundraising Ops,agent_22,2025-11-10,2025-11-20,2025-11-18,Completed,Low
3014,Data request,Register Operations,agent_24,2025-04-11,2025-04-21,2025-06-03,Completed,Low
3015,Welcome pack,Supporter Care,agent_24,2025-09-02,2025-09-12,2025-09-18,Completed,Normal
3016,Consent follow-up,Supporter Care,agent_02,2025-09-14,2025-09-24,2025-09-28,Completed,Normal
3017,Welcome pack,Register Operations,agent_04,2025-05-01,2025-05-11,2025-05-02,Completed,High
3018,Complaint,Fundraising Ops,agent_19,2025-05-25,2025-05-27,2025-06-25,Completed,Normal
3019,Data request,Supporter Care,agent_04,2025-04-10,2025-04-15,2025-04-28,Completed,Low
3020,Thank-you letter,Supporter Care,agent_16,2025-11-17,2025-11-19,2025-11-23,Completed,Normal
3021,Complaint,Register Operations,agent_25,2025-04-10,2025-04-20,2025-05-10,Completed,Normal
3022,Address change,Fundraising Ops,agent_06,2025-11-03,2025-11-23,2025-11-10,Completed,Normal
3023,Address change,Fundraising Ops,agent_08,2025-07-28,2025-08-02,2025-08-13,Completed,Low
3024,Gift Aid declaration,Fundraising Ops,agent_09,2025-10-12,2025-10-22,2025-10-30,Completed,Normal
3025,Thank-you letter,Supporter Care,agent_18,2026-01-25,2026-02-04,2026-02-06,Completed,Low
3026,Gift Aid declaration,Register Operations,agent_09,2026-07-17,2026-08-06,2026-07-31,Completed,Normal
3027,Swab kit dispatch,Supporter Care,agent_11,2025-07-18,2025-07-23,2025-07-24,Completed,High
3028,Gift Aid declaration,Supporter Care,agent_16,2026-03-07,2026-03-12,2026-03-22,Completed,Normal
3029,Thank-you letter,Supporter Care,agent_19,2026-07-26,2026-08-05,2026-08-04,Completed,Normal
3030,Gift Aid declaration,Fundraising Ops,agent_10,2025-05-28,2025-06-07,2025-06-10,Completed,Normal
3031,Complaint,Supporter Care,agent_08,2026-07-09,2026-07-14,2026-08-15,Completed,Normal
3032,Welcome pack,Fundraising Ops,agent_10,2025-12-07,2025-12-12,2025-12-22,Completed,Urgent
3033,Welcome pack,Fundraising Ops,agent_17,2026-07-19,2026-07-29,2026-07-30,Complete,Normal
3034,Gift Aid declaration,Supporter Care,agent_06,2026-03-03,2026-03-05,2026-03-08,Completed,Normal
3035,Consent follow-up,Register Operations,agent_26,2025-10-24,2025-11-03,2025-11-14,Completed,Normal
3036,Complaint,Fundraising Ops,agent_25,2025-07-14,2025-07-16,2025-07-14,Completed,Normal
3037,Consent follow-up,Register Operations,agent_26,2025-11-09,2025-11-11,,In Progress,High
3038,Swab kit dispatch,Fundraising Ops,agent_18,2025-12-02,2025-12-22,2025-12-10,Completed,Normal
3039,Welcome pack,Fundraising Ops,agent_03,2025-07-28,2025-08-07,2025-08-14,Completed,Normal
3040,Welcome pack,Supporter Care,agent_08,2025-05-03,2025-05-23,2025-05-11,Completed,Normal
3041,Thank-you letter,Register Operations,agent_07,2026-05-27,2026-06-16,2026-06-06,Completed,High
3042,Consent follow-up,Register Operations,agent_02,2025-10-05,2025-10-15,2025-10-24,Completed,Normal
3043,Thank-you letter,Register Operations,agent_04,2025-09-14,2025-10-04,2025-09-24,Completed,High
3044,Swab kit dispatch,Supporter Care,agent_09,2026-06-15,2026-07-05,2026-06-28,Completed,Normal
3045,Swab kit dispatch,Register Operations,agent_23,2025-12-14,2026-01-03,2025-12-19,Completed,Normal
3046,Gift Aid declaration,Supporter Care,agent_20,2025-10-02,2025-10-04,2025-10-12,Completed,High
3047,Address change,Register Operations,agent_19,2025-08-14,2025-08-16,2025-08-31,Completed,Low
3048,Swab kit dispatch,Register Operations,agent_21,2025-11-10,2025-11-15,2025-11-22,Completed,Low
3049,Welcome pack,Register Operations,agent_17,2026-06-20,2026-06-30,2026-07-11,Completed,Normal
3050,Swab kit dispatch,Fundraising Ops,agent_05,2025-12-28,2026-01-07,,Completed,Normal
3051,Data request,Register Operations,agent_26,2025-08-20,2025-08-25,2025-09-10,Completed,Normal
3052,Complaint,Register Operations,agent_16,2025-07-09,2025-07-11,2025-07-31,Completed,Low
3053,Address change,Register Operations,,2025-12-02,2025-12-22,2025-11-09,Completed,Normal
3054,Welcome pack,Supporter Care,agent_13,2025-07-15,2025-08-04,2025-08-07,Completed,High
3055,Complaint,Fundraising Ops,agent_18,2025-03-18,2025-03-28,2025-04-08,Completed,Normal
3056,Consent follow-up,Register Operations,agent_25,2025-08-22,2025-09-01,2025-09-10,Completed,Normal
3057,Data request,Fundraising Ops,agent_19,2025-04-24,2025-05-04,2025-05-08,Completed,Normal
3058,Complaint,Fundraising Ops,agent_25,2025-08-18,2025-08-20,2025-09-21,Completed,Low
3059,Swab kit dispatch,Register Operations,agent_06,2026-04-12,2026-04-17,2026-04-21,Completed,Low
3060,Consent follow-up,Register Operations,agent_18,2025-12-02,2025-12-04,2025-12-29,Completed,High
3061,Data request,Fundraising Ops,agent_20,2026-04-08,2026-04-28,2026-05-06,Completed,Low
3062,Consent follow-up,Fundraising Ops,agent_06,2026-06-29,2026-07-09,2026-07-18,Completed,Normal
3063,Address change,Register Operations,agent_11,2025-04-07,2025-04-17,2025-04-25,Completed,Normal
3064,Consent follow-up,Register Operations,agent_09,2025-09-20,2025-09-30,2025-10-03,Completed,Low
3065,Data request,Register Operations,agent_24,2025-06-20,2025-07-10,2025-07-20,Completed,Low
3066,Data request,Fundraising Ops,agent_25,2025-04-21,2025-04-23,2025-05-25,Completed,Low
3067,Gift Aid declaration,Supporter Care,agent_23,2026-03-11,2026-03-13,2026-03-18,Completed,Normal
3068,Gift Aid declaration,Register Operations,agent_18,2026-05-31,2026-06-05,2026-07-11,Completed,Normal
3069,Complaint,Supporter Care,agent_24,2026-03-16,2026-03-26,2026-04-29,Completed,Urgent
3070,Complaint,Register Operations,agent_01,2025-06-27,2025-07-17,2025-08-02,Completed,Normal
3071,Data request,Fundraising Ops,agent_10,2025-08-01,2025-08-03,2025-08-14,Completed,High
3072,Swab kit dispatch,Supporter Care,agent_11,2025-04-09,2025-04-14,2025-04-20,Complete,Normal
3073,Consent follow-up,Fundraising Ops,agent_22,2026-07-05,2026-07-10,2026-08-02,Completed,High
3074,Gift Aid declaration,Fundraising Ops,agent_01,2026-02-15,2026-02-25,2026-02-27,Completed,High
3075,Data request,Register Operations,agent_01,2026-03-07,2026-03-09,2026-03-23,Completed,Low
3076,Swab kit dispatch,Register Operations,agent_23,2025-04-03,2025-04-13,2025-04-10,Completed,Normal
3077,Gift Aid declaration,Register Operations,agent_12,2026-05-02,2026-05-07,2026-05-10,Completed,Low
3078,Complaint,Fundraising Ops,agent_04,2025-09-14,2025-09-16,2025-10-24,Completed,Low
3079,Consent follow-up,Supporter Care,agent_04,2025-08-24,2025-09-03,2025-09-14,Completed,Normal
3080,Welcome pack,Register Operations,agent_10,2026-02-14,2026-03-06,2026-02-18,Completed,Normal
3081,Gift Aid declaration,Fundraising Ops,agent_08,2025-04-29,2025-05-01,2025-05-14,Complete,Normal
3082,Welcome pack,Register Operations,agent_11,2026-01-18,2026-01-20,2026-01-29,Completed,Normal
3083,Consent follow-up,Register Operations,agent_15,2026-08-11,2026-08-13,,In Progress,Low
3084,Data request,Register Operations,agent_07,2026-06-27,2026-07-17,,Blocked,Normal
3085,Gift Aid declaration,Supporter Care,agent_21,2026-08-01,2026-08-11,,In Progress,Normal
3086,Swab kit dispatch,Register Operations,agent_02,2025-09-05,2025-09-25,2025-09-05,Completed,High
3087,Welcome pack,Register Operations,agent_01,2025-05-03,2025-05-08,2025-05-13,Completed,Normal
3088,Welcome pack,Supporter Care,agent_19,2025-07-30,2025-08-19,2025-08-17,Completed,Normal
3089,Consent follow-up,Register Operations,agent_10,2025-06-08,2025-06-18,2025-06-24,Completed,Low
3090,Thank-you letter,Register Operations,agent_14,2025-09-27,2025-10-07,2025-10-08,Completed,High
3091,Address change,Fundraising Ops,agent_13,2026-02-06,2026-02-11,2026-02-15,Completed,Normal
3092,Gift Aid declaration,Supporter Care,agent_05,2025-07-16,2025-08-05,2025-07-31,Completed,High
3093,Swab kit dispatch,Supporter Care,agent_12,2025-12-06,2025-12-11,2025-12-16,Completed,High
3094,Gift Aid declaration,Register Operations,agent_06,2025-05-29,2025-06-18,2025-06-19,Completed,Normal
3095,Thank-you letter,Supporter Care,agent_22,2026-01-28,2026-02-07,2026-01-28,Completed,Normal
3096,Thank-you letter,Fundraising Ops,agent_25,2025-07-16,2025-07-21,2025-07-26,Completed,Normal
3097,Address change,Fundraising Ops,agent_13,2025-04-25,2025-05-15,2025-05-10,Completed,Urgent
3098,Gift Aid declaration,Fundraising Ops,agent_10,2025-04-13,2025-05-03,2025-05-06,Completed,Normal
3099,Consent follow-up,Supporter Care,agent_17,2025-03-15,2025-03-25,2025-04-19,Completed,Normal
3100,Complaint,Register Operations,agent_15,2026-04-26,2026-05-06,2026-05-08,Completed,Normal
3101,Complaint,Register Operations,agent_16,2025-11-24,2025-12-04,2025-11-26,Completed,High
3102,Complaint,Supporter Care,agent_11,2025-07-18,2025-07-23,2025-08-20,Completed,High
3103,Welcome pack,Register Operations,agent_21,2025-09-21,2025-09-26,2025-09-25,Completed,Low
3104,Swab kit dispatch,Supporter Care,agent_06,2025-09-16,2025-09-26,2025-09-24,Completed,Low
3105,Gift Aid declaration,Register Operations,agent_02,2025-10-04,2025-10-14,,Open,High
3106,Gift Aid declaration,Fundraising Ops,agent_19,2025-08-17,2025-08-19,2025-09-01,Completed,High
3107,Consent follow-up,Register Operations,agent_24,2026-03-16,2026-03-26,,In Progress,High
3108,Gift Aid declaration,Supporter Care,agent_09,2026-05-22,2026-05-27,2026-06-04,Completed,Urgent
3109,Swab kit dispatch,Supporter Care,agent_01,2025-04-10,2025-04-30,2025-04-11,Completed,Normal
3110,Welcome pack,Supporter Care,agent_01,2025-06-19,2025-07-09,2025-06-29,Completed,Normal
3111,Consent follow-up,Register Operations,agent_05,2025-12-02,2025-12-04,2026-01-08,Completed,Low
3112,Gift Aid declaration,Fundraising Ops,agent_14,2025-10-06,2025-10-16,2025-10-13,Completed,High
3113,Consent follow-up,Register Operations,agent_14,2026-05-02,2026-05-04,2026-05-07,Completed,Normal
3114,Swab kit dispatch,Register Operations,agent_08,2026-01-07,2026-01-27,2026-01-18,Completed,Normal
3115,Thank-you letter,Register Operations,agent_17,2025-03-24,2025-03-29,2025-04-03,Completed,Low
3116,Consent follow-up,Register Operations,agent_22,2026-03-02,2026-03-07,2026-03-23,Completed,High
3117,Complaint,Fundraising Ops,agent_01,2025-06-24,2025-06-26,2025-07-19,Completed,Normal
3118,Gift Aid declaration,Register Operations,agent_13,2026-06-28,2026-07-18,2026-07-27,Completed,High
3119,Complaint,Register Operations,agent_16,2026-07-21,2026-07-23,,Blocked,Normal
3120,Swab kit dispatch,Supporter Care,agent_21,2025-09-28,2025-10-03,2025-10-06,Completed,High
3121,Complaint,Register Operations,agent_23,2026-02-26,2026-03-03,2026-04-12,Completed,Low
3122,Data request,Register Operations,agent_14,2026-01-08,2026-01-13,2026-02-11,Completed,High
3123,Gift Aid declaration,Fundraising Ops,agent_25,2025-10-30,2025-11-01,2025-11-18,Completed,Normal
3124,Welcome pack,Register Operations,agent_13,2026-04-01,2026-04-21,2026-04-14,Completed,Normal
3125,Consent follow-up,Fundraising Ops,agent_05,2026-01-16,2026-02-05,2026-01-26,Completed,High
3126,Data request,Fundraising Ops,agent_17,2025-07-11,2025-07-21,2025-07-11,Completed,High
3127,Complaint,Fundraising Ops,agent_03,2025-04-26,2025-05-01,2025-05-22,Completed,Low
3128,Gift Aid declaration,Fundraising Ops,agent_24,2025-04-14,2025-05-04,2025-05-04,Completed,Normal
3129,Gift Aid declaration,Register Operations,agent_02,2025-04-19,2025-04-24,2025-04-23,Completed,Normal
3130,Swab kit dispatch,Supporter Care,agent_03,2025-07-17,2025-07-19,2025-07-24,Completed,High
3131,Data request,Fundraising Ops,agent_03,2026-01-04,2026-01-09,2026-01-17,Completed,Low
3132,Thank-you letter,Fundraising Ops,agent_16,2026-03-01,2026-03-03,2026-03-10,Completed,Low
3133,Thank-you letter,Fundraising Ops,agent_10,2026-04-19,2026-04-29,2026-04-25,Completed,Normal
3134,Gift Aid declaration,Register Operations,agent_06,2025-04-21,2025-04-26,2025-05-14,Completed,High
3135,Thank-you letter,Fundraising Ops,agent_20,2026-02-21,2026-03-03,2026-02-27,Completed,Normal
3136,Thank-you letter,Fundraising Ops,agent_25,2026-05-08,2026-05-10,,In Progress,Normal
3137,Welcome pack,Supporter Care,agent_05,2026-02-12,2026-03-04,2026-02-18,Completed,Low
3138,Consent follow-up,Fundraising Ops,agent_14,2026-02-14,2026-03-06,2026-02-24,Completed,Normal
3139,Thank-you letter,Fundraising Ops,agent_11,2025-03-22,2025-04-01,2025-03-29,Completed,Normal
3140,Data request,Fundraising Ops,agent_06,2026-05-11,2026-05-21,2026-05-27,Completed,High
3141,Data request,Register Operations,agent_02,2025-06-20,2025-07-10,,Open,High
3142,Data request,Fundraising Ops,agent_26,2025-06-02,2025-06-07,2025-06-09,Completed,Normal
3143,Consent follow-up,Register Operations,agent_14,2025-07-19,2025-07-29,2025-08-08,Completed,High
3144,Address change,Supporter Care,agent_04,2026-01-15,2026-02-04,,Open,Normal
3145,Address change,Register Operations,agent_26,2026-06-06,2026-06-16,2026-06-19,Completed,Normal
3146,Address change,Supporter Care,agent_25,2026-02-14,2026-03-06,2026-02-25,Completed,High
3147,Swab kit dispatch,Register Operations,agent_14,2025-10-13,2025-11-02,2025-10-19,Completed,High
3148,Data request,Supporter Care,agent_12,2026-04-30,2026-05-05,2026-05-28,Completed,High
3149,Swab kit dispatch,Register Operations,agent_23,2026-04-21,2026-05-01,2026-04-24,Completed,Normal
3150,Data request,Fundraising Ops,agent_26,2025-08-30,2025-09-01,2025-09-16,Completed,High
3151,Swab kit dispatch,Register Operations,agent_15,2025-06-14,2025-06-16,2025-06-29,Completed,Normal
3152,Swab kit dispatch,Supporter Care,agent_16,2025-04-24,2025-04-29,2025-04-30,Completed,Normal
3153,Complaint,Register Operations,agent_02,2025-04-02,2025-04-12,2025-05-26,Completed,Low
3154,Address change,Register Operations,agent_03,2025-11-17,2025-11-22,2025-12-10,Completed,Normal
3155,Consent follow-up,Fundraising Ops,agent_23,2025-08-13,2025-08-18,2025-09-01,Completed,High
3156,Swab kit dispatch,Fundraising Ops,agent_19,2025-12-12,2026-01-01,2025-12-21,Completed,Normal
3157,Thank-you letter,Register Operations,agent_06,2025-12-23,2025-12-28,2025-12-29,Completed,Normal
3158,Address change,Fundraising Ops,agent_01,2026-08-04,2026-08-06,,Blocked,Low
3159,Swab kit dispatch,Supporter Care,agent_04,2025-06-20,2025-07-10,2025-06-24,Completed,Urgent
3160,Address change,Fundraising Ops,agent_01,2026-01-21,2026-02-10,2026-02-03,Completed,Normal
3161,Welcome pack,Supporter Care,agent_24,2026-06-06,2026-06-26,2026-06-19,Complete,Normal
3162,Gift Aid declaration,Register Operations,agent_22,2025-06-07,2025-06-12,2025-06-19,Completed,Normal
3163,Welcome pack,Supporter Care,agent_17,2026-02-08,2026-02-28,2026-02-17,Completed,Low
3164,Address change,Register Operations,agent_26,2026-07-25,2026-08-14,2026-08-02,Completed,Normal
3165,Consent follow-up,Fundraising Ops,agent_16,2025-08-04,2025-08-14,2025-08-26,Completed,Normal
3166,Thank-you letter,Register Operations,agent_15,2025-11-27,2025-11-29,2025-12-07,Completed,High
3167,Data request,Register Operations,agent_12,2026-02-12,2026-02-22,2026-03-20,Completed,Normal
3168,Thank-you letter,Register Operations,agent_11,2025-03-09,2025-03-19,2025-03-15,Completed,Normal
3169,Address change,Register Operations,agent_12,2025-07-03,2025-07-13,2025-07-17,Completed,Normal
3170,Swab kit dispatch,Register Operations,agent_08,2026-03-28,2026-04-07,2026-04-05,Completed,Low
3171,Thank-you letter,Supporter Care,agent_03,2025-08-20,2025-09-09,2025-08-24,Completed,High
3172,Complaint,Supporter Care,agent_15,2026-05-16,2026-05-18,2026-07-02,Completed,Normal
3173,Complaint,Fundraising Ops,agent_17,2025-03-15,2025-03-25,2025-05-09,Completed,Urgent
3174,Complaint,Register Operations,agent_10,2026-07-07,2026-07-09,,Open,Normal
3175,Consent follow-up,Fundraising Ops,agent_22,2025-12-05,2025-12-10,2025-12-13,Completed,Normal
3176,Complaint,Supporter Care,agent_21,2026-04-09,2026-04-19,2026-05-25,Completed,High
3177,Complaint,Supporter Care,agent_04,2025-05-07,2025-05-12,2025-05-21,Completed,High
3178,Gift Aid declaration,Supporter Care,agent_08,2025-07-09,2025-07-11,2025-07-28,Completed,Low
3179,Consent follow-up,Fundraising Ops,agent_21,2026-06-05,2026-06-15,2026-06-15,Completed,Urgent
3180,Thank-you letter,Register Operations,agent_08,2025-04-26,2025-05-01,2025-05-08,Completed,Urgent
3181,Complaint,Fundraising Ops,agent_21,2026-07-22,2026-07-27,2026-07-22,Completed,High
3182,Thank-you letter,Supporter Care,agent_22,2025-11-01,2025-11-11,2025-11-05,Completed,High
3183,Address change,Register Operations,agent_01,2025-07-12,2025-07-14,2025-07-19,Completed,Normal
3184,Welcome pack,Register Operations,agent_18,2025-08-17,2025-08-19,2025-08-26,Completed,High
3185,Thank-you letter,Fundraising Ops,agent_02,2025-10-25,2025-11-04,2025-10-27,Completed,High
3186,Data request,Fundraising Ops,agent_07,2025-12-12,2025-12-14,2026-01-10,Completed,Normal
3187,Data request,Register Operations,agent_15,2025-11-17,2025-11-22,2025-12-17,Completed,High
3188,Swab kit dispatch,Fundraising Ops,agent_13,2025-05-25,2025-06-04,2025-06-05,Completed,Normal
3189,Complaint,Fundraising Ops,agent_12,2026-07-14,2026-07-19,2026-07-31,Completed,High
3190,Consent follow-up,Register Operations,agent_21,2026-04-03,2026-04-13,2026-04-18,Completed,Urgent
3191,Address change,Register Operations,agent_02,2025-07-09,2025-07-11,2025-07-11,Completed,Normal
3192,Welcome pack,Register Operations,agent_20,2025-05-24,2025-06-03,2025-05-30,Completed,Normal
3193,Swab kit dispatch,Supporter Care,agent_22,2026-01-11,2026-01-21,2026-01-24,Completed,Low
3194,Welcome pack,Register Operations,agent_15,2026-07-12,2026-07-22,2026-07-27,Completed,Low
3195,Data request,Fundraising Ops,agent_16,2026-07-28,2026-07-30,,In Progress,High
3196,Address change,Register Operations,agent_22,2025-05-07,2025-05-27,2025-05-22,Completed,Normal
3197,Complaint,Fundraising Ops,agent_17,2025-11-23,2025-12-13,2025-12-15,Completed,Normal
3198,Gift Aid declaration,Supporter Care,agent_10,2025-08-03,2025-08-13,2025-08-10,Completed,Low
3199,Consent follow-up,Fundraising Ops,agent_13,2026-05-27,2026-05-29,2026-05-27,Completed,Normal
3200,Address change,Supporter Care,agent_12,2026-07-31,2026-08-02,,Open,Normal
3201,Complaint,Register Operations,agent_18,2026-05-02,2026-05-04,2026-06-10,Completed,Normal
3202,Consent follow-up,Fundraising Ops,agent_14,2026-03-10,2026-03-12,2026-03-30,Completed,Normal
3203,Complaint,Register Operations,agent_01,2026-03-25,2026-03-27,2026-05-04,Completed,Normal
3204,Address change,Fundraising Ops,agent_02,2025-04-04,2025-04-09,2025-04-18,Completed,High
3205,Data request,Fundraising Ops,agent_12,2026-05-21,2026-05-23,2026-07-04,Completed,Low
3206,Address change,Fundraising Ops,agent_16,2026-07-01,2026-07-06,2026-07-16,Completed,Low
3207,Complaint,Supporter Care,agent_04,2026-02-16,2026-02-18,,Open,Normal
3208,Swab kit dispatch,Register Operations,agent_13,2026-07-27,2026-08-01,2026-08-09,Completed,Normal
3209,Complaint,Register Operations,agent_11,2025-07-17,2025-07-19,2025-08-13,Completed,High
3210,Complaint,Register Operations,agent_15,2026-03-21,2026-03-31,,Blocked,Normal
3211,Gift Aid declaration,Fundraising Ops,agent_10,2025-10-12,2025-10-17,2025-11-02,Completed,Normal
3212,Data request,Register Operations,agent_17,2026-05-30,2026-06-04,2026-07-08,Completed,Normal
3213,Thank-you letter,Supporter Care,agent_24,2025-09-19,2025-09-24,2025-09-23,Completed,High
3214,Thank-you letter,Fundraising Ops,agent_16,2025-03-11,2025-03-16,2025-03-26,Completed,High
3215,Swab kit dispatch,Fundraising Ops,agent_02,2026-01-02,2026-01-04,2026-01-07,Completed,Normal
3216,Swab kit dispatch,Fundraising Ops,agent_17,2025-11-08,2025-11-10,2025-11-10,Completed,Low
3217,Consent follow-up,Fundraising Ops,agent_15,2026-02-12,2026-03-04,2026-02-20,Completed,High
3218,Thank-you letter,Supporter Care,agent_06,2025-11-17,2025-12-07,2025-11-17,Completed,Normal
3219,Thank-you letter,Register Operations,agent_07,2025-06-07,2025-06-17,2025-06-15,Completed,High
3220,Thank-you letter,Supporter Care,agent_18,2026-02-14,2026-03-06,2026-02-21,Completed,Normal
3221,Complaint,Register Operations,agent_06,2026-07-30,2026-08-04,,In Progress,Normal
3222,Welcome pack,Supporter Care,agent_10,2026-07-05,2026-07-07,2026-07-22,Completed,Normal
3223,Address change,Supporter Care,agent_10,2025-10-01,2025-10-11,2025-10-12,Completed,Normal
3224,Swab kit dispatch,Fundraising Ops,agent_16,2025-05-15,2025-05-17,2025-05-24,Completed,High
3225,Consent follow-up,Supporter Care,agent_03,2025-09-21,2025-10-01,2025-10-12,Completed,Normal
3226,Swab kit dispatch,Register Operations,agent_14,2025-03-14,2025-03-16,2025-03-30,Completed,Normal
3227,Welcome pack,Fundraising Ops,agent_26,2026-03-09,2026-03-14,,Blocked,Normal
3228,Welcome pack,Supporter Care,agent_23,2026-04-21,2026-04-23,2026-04-30,Completed,Normal
3229,Data request,Register Operations,agent_25,2026-04-06,2026-04-26,2026-04-24,Completed,High
3230,Complaint,Supporter Care,agent_03,2026-07-25,2026-07-27,,In Progress,Normal
3231,Welcome pack,Supporter Care,agent_19,2026-03-21,2026-03-26,2026-03-21,Complete,Low
3232,Data request,Supporter Care,agent_13,2025-11-30,2025-12-20,2025-12-20,Complete,Normal
3233,Thank-you letter,Supporter Care,agent_02,2025-10-31,2025-11-10,2025-11-02,Completed,Low
3234,Address change,Fundraising Ops,agent_19,2026-04-10,2026-04-20,2026-04-30,Completed,High
3235,Swab kit dispatch,Register Operations,agent_26,2026-04-17,2026-05-07,2026-04-26,Completed,Normal
3236,Consent follow-up,Fundraising Ops,agent_17,2026-05-08,2026-05-10,2026-05-10,Completed,High
3237,Welcome pack,Supporter Care,agent_06,2025-04-30,2025-05-05,2025-04-30,Completed,High
3238,Gift Aid declaration,Register Operations,agent_22,2026-01-23,2026-02-12,2026-02-15,Completed,Normal
3239,Welcome pack,Supporter Care,agent_24,2025-05-18,2025-05-20,2025-05-26,Completed,Normal
3240,Complaint,Register Operations,agent_21,2025-08-09,2025-08-29,2025-08-31,Completed,High
3241,Welcome pack,Fundraising Ops,agent_06,2026-08-03,2026-08-13,2026-08-13,Complete,Urgent
3242,Address change,Register Operations,agent_01,2025-08-31,2025-09-05,2025-09-13,Completed,Normal
3243,Data request,Fundraising Ops,agent_11,2025-10-25,2025-11-14,2025-12-02,Completed,Normal
3244,Swab kit dispatch,Fundraising Ops,agent_24,2026-01-12,2026-02-01,2026-01-17,Completed,Normal
3245,Complaint,Register Operations,agent_22,2025-06-02,2025-06-04,2025-07-22,Completed,Normal
3246,Address change,Fundraising Ops,agent_02,2025-05-08,2025-05-18,2025-05-16,Completed,Normal
3247,Welcome pack,Fundraising Ops,agent_20,2025-03-27,2025-03-29,2025-04-08,Completed,Normal
3248,Data request,Supporter Care,agent_03,2026-04-04,2026-04-14,2026-04-28,Completed,Normal
3249,Address change,Supporter Care,agent_25,2025-03-08,2025-03-28,2025-03-27,Completed,Normal
3250,Data request,Register Operations,agent_25,2026-07-14,2026-08-03,,Blocked,Normal
3251,Data request,Register Operations,agent_18,2025-08-21,2025-09-10,2025-09-10,Completed,Normal
3252,Complaint,Fundraising Ops,agent_07,2025-10-07,2025-10-12,2025-10-16,Completed,Normal
3253,Thank-you letter,Fundraising Ops,agent_03,2025-08-01,2025-08-11,2025-08-06,Completed,High
3254,Data request,Fundraising Ops,agent_02,2026-07-29,2026-08-08,,Open,Normal
3255,Gift Aid declaration,Register Operations,agent_20,2025-05-28,2025-06-17,2025-06-18,Completed,Normal
3256,Data request,Register Operations,agent_24,2026-02-04,2026-02-24,2026-02-28,Completed,Urgent
3257,Welcome pack,Register Operations,agent_04,2026-04-15,2026-05-05,2026-04-24,Completed,Normal
3258,Consent follow-up,Fundraising Ops,agent_01,2026-07-11,2026-07-31,2026-08-11,Completed,Urgent
3259,Gift Aid declaration,Fundraising Ops,agent_10,2026-04-25,2026-04-30,2026-05-21,Completed,Normal
3260,Welcome pack,Supporter Care,agent_10,2026-06-10,2026-06-15,2026-06-25,Completed,High
3261,Address change,Supporter Care,agent_21,2025-05-07,2025-05-27,2025-05-22,Completed,Normal
3262,Consent follow-up,Supporter Care,agent_07,2025-05-23,2025-06-02,2025-06-04,Completed,Normal
3263,Address change,Supporter Care,agent_17,2025-09-04,2025-09-24,2025-09-21,Completed,Low
3264,Address change,Supporter Care,agent_03,2026-01-17,2026-01-27,2026-01-30,Completed,Normal
3265,Data request,Register Operations,agent_19,2026-05-24,2026-05-26,2026-06-26,Completed,Normal
3266,Thank-you letter,Supporter Care,agent_26,2025-07-01,2025-07-03,2025-07-08,Completed,Normal
3267,Welcome pack,Supporter Care,agent_17,2026-01-30,2026-02-01,2026-02-24,Completed,Normal
3268,Swab kit dispatch,Fundraising Ops,agent_04,2025-12-30,2026-01-04,2026-01-05,Completed,Normal
3269,Complaint,Supporter Care,agent_18,2025-04-01,2025-04-21,2025-04-17,Completed,Normal
3270,Data request,Fundraising Ops,agent_02,2025-06-03,2025-06-08,2025-06-23,Completed,High
3271,Swab kit dispatch,Fundraising Ops,agent_09,2026-02-11,2026-03-03,2026-02-15,Completed,Normal
3272,Complaint,Fundraising Ops,agent_11,2025-08-04,2025-08-09,2025-09-13,Completed,Normal
3273,Consent follow-up,Register Operations,agent_12,2025-12-01,2025-12-06,2025-12-17,Completed,Low
3274,Gift Aid declaration,Fundraising Ops,agent_04,2025-06-29,2025-07-01,2025-07-19,Completed,Normal
3275,Swab kit dispatch,Supporter Care,agent_02,2025-11-08,2025-11-28,2025-11-13,Completed,High
3276,Complaint,Fundraising Ops,agent_01,2025-12-26,2026-01-15,2026-01-05,Complete,Normal
3277,Consent follow-up,Supporter Care,agent_17,2025-08-09,2025-08-14,,Open,Normal
3278,Consent follow-up,Supporter Care,agent_06,2026-01-20,2026-01-30,,Completed,Normal
3279,Gift Aid declaration,Supporter Care,agent_14,2025-03-17,2025-03-22,2025-03-24,Completed,Normal
3280,Welcome pack,Supporter Care,,2026-06-07,2026-06-27,2026-06-17,Completed,Normal
3281,Thank-you letter,Register Operations,agent_14,2025-07-01,2025-07-21,2025-07-03,Completed,High
3282,Data request,Fundraising Ops,agent_22,2025-08-20,2025-09-09,,Blocked,Normal
3283,Data request,Register Operations,agent_18,2025-07-21,2025-07-23,2025-08-15,Completed,Low
3284,Data request,Supporter Care,agent_09,2026-02-27,2026-03-04,2026-04-17,Completed,Urgent
3285,Address change,Supporter Care,agent_12,2025-11-06,2025-11-16,2025-11-10,Completed,High
3286,Complaint,Fundraising Ops,agent_24,2025-11-20,2025-11-22,2025-12-29,Completed,Urgent
3287,Welcome pack,Supporter Care,agent_11,2025-11-16,2025-12-06,2025-12-02,Completed,Normal
3288,Consent follow-up,Register Operations,agent_14,2026-08-12,2026-09-01,,Open,High
3289,Gift Aid declaration,Supporter Care,agent_16,2026-05-20,2026-06-09,2026-05-24,Completed,High
3290,Thank-you letter,Register Operations,agent_14,2026-08-02,2026-08-22,2026-08-08,Completed,Low
3291,Consent follow-up,Supporter Care,agent_14,2025-06-09,2025-06-29,2025-07-03,Completed,Low
3292,Thank-you letter,Register Operations,agent_23,2025-08-20,2025-09-09,2025-08-29,Completed,Low
3293,Complaint,Supporter Care,agent_23,2026-04-11,2026-04-16,2026-05-15,Completed,High
3294,Address change,Fundraising Ops,agent_10,2026-08-08,2026-08-10,,Blocked,High
3295,Complaint,Register Operations,agent_23,2025-07-03,2025-07-08,2025-08-04,Completed,Normal
3296,Swab kit dispatch,Fundraising Ops,agent_04,2026-03-22,2026-04-01,2026-04-06,Completed,Normal
3297,Thank-you letter,Supporter Care,agent_16,2025-05-19,2025-05-21,2025-05-23,Completed,Normal
3298,Gift Aid declaration,Register Operations,agent_24,2026-06-27,2026-07-07,2026-08-05,Completed,Normal
3299,Gift Aid declaration,Register Operations,agent_12,2026-04-02,2026-04-07,2026-04-09,Completed,Normal
3300,Data request,Fundraising Ops,agent_24,2026-03-10,2026-03-12,2026-04-04,Completed,Normal
3301,Welcome pack,Supporter Care,,2026-07-28,2026-07-30,2026-08-06,Completed,Normal
3302,Data request,Fundraising Ops,agent_17,2025-06-02,2025-06-07,2025-07-07,Completed,Low
3303,Address change,Register Operations,agent_09,2025-08-05,2025-08-15,2025-08-07,Completed,Normal
3304,Address change,Supporter Care,agent_15,2025-08-16,2025-08-21,2025-09-04,Completed,Normal
3305,Gift Aid declaration,Fundraising Ops,agent_05,2026-07-23,2026-07-28,,In Progress,Normal
3306,Consent follow-up,Supporter Care,agent_03,2026-02-19,2026-03-01,,Open,Normal
3307,Thank-you letter,Fundraising Ops,agent_03,2025-12-09,2025-12-11,2025-12-21,Completed,High
3308,Gift Aid declaration,Supporter Care,agent_05,2025-08-21,2025-08-31,2025-08-29,Completed,High
3309,Consent follow-up,Supporter Care,agent_21,2026-02-05,2026-02-25,2026-02-11,Completed,Normal
3310,Gift Aid declaration,Fundraising Ops,agent_18,2025-06-19,2025-06-21,2025-07-07,Completed,Normal
3311,Gift Aid declaration,Register Operations,agent_20,2026-06-19,2026-06-21,2026-06-30,Completed,Normal
3312,Consent follow-up,Fundraising Ops,agent_17,2025-10-26,2025-11-15,2025-11-13,Completed,Normal
3313,Swab kit dispatch,Fundraising Ops,agent_13,2025-03-08,2025-03-28,2025-03-19,Completed,Low
3314,Complaint,Register Operations,agent_05,2025-05-16,2025-05-18,2025-06-28,Complete,Normal
3315,Consent follow-up,Fundraising Ops,agent_04,2025-07-11,2025-07-13,2025-07-25,Completed,Normal
3316,Thank-you letter,Register Operations,agent_02,2025-11-11,2025-11-13,,Open,Normal
3317,Gift Aid declaration,Register Operations,agent_21,2025-04-10,2025-04-30,2025-04-11,Completed,Normal
3318,Complaint,Supporter Care,agent_08,2026-04-13,2026-04-18,2026-05-16,Completed,Low
3319,Gift Aid declaration,Fundraising Ops,agent_12,2025-10-19,2025-11-08,2025-11-05,Complete,High
3320,Welcome pack,Supporter Care,agent_15,2025-07-20,2025-07-30,2025-08-02,Completed,Urgent
3321,Gift Aid declaration,Fundraising Ops,agent_11,2025-07-20,2025-08-09,2025-08-12,Completed,Normal
3322,Data request,Supporter Care,agent_06,2025-12-03,2025-12-08,2026-01-04,Completed,Normal
3323,Welcome pack,Fundraising Ops,agent_01,2025-06-01,2025-06-03,2025-06-12,Completed,Normal
3324,Gift Aid declaration,Register Operations,agent_13,2025-12-02,2025-12-04,2025-12-16,Completed,Normal
3325,Complaint,Register Operations,agent_18,2026-03-03,2026-03-13,2026-03-28,Completed,Normal
3326,Swab kit dispatch,Supporter Care,agent_10,2025-08-09,2025-08-19,2025-08-18,Completed,Urgent
3327,Swab kit dispatch,Supporter Care,agent_11,2025-12-27,2025-12-29,,In Progress,Low
3328,Swab kit dispatch,Register Operations,agent_22,2026-06-22,2026-06-24,,Blocked,Low
3329,Consent follow-up,Register Operations,agent_11,2026-03-17,2026-04-06,2026-04-04,Completed,Low
3330,Consent follow-up,Register Operations,agent_09,2026-08-15,2026-08-25,,Blocked,Normal
3331,Consent follow-up,Register Operations,agent_22,2026-06-04,2026-06-14,2026-07-06,Completed,Normal
3332,Consent follow-up,Register Operations,agent_24,2026-08-11,2026-08-31,,Open,Urgent
3333,Consent follow-up,Register Operations,agent_22,2025-04-25,2025-04-27,2025-05-08,Completed,Normal
3334,Data request,Fundraising Ops,agent_02,2025-03-30,2025-04-19,2025-05-17,Completed,Normal
3335,Complaint,Supporter Care,agent_23,2025-11-26,2025-12-01,2026-01-21,Completed,High
3336,Address change,Register Operations,agent_12,2026-01-21,2026-02-10,2026-01-26,Completed,High
3337,Complaint,Register Operations,agent_01,2025-09-04,2025-09-14,,Completed,Normal
3338,Thank-you letter,Supporter Care,agent_06,2025-07-26,2025-07-31,2025-07-28,Completed,Normal
3339,Welcome pack,Supporter Care,agent_08,2026-01-27,2026-02-06,,In Progress,Normal
3340,Address change,Fundraising Ops,agent_14,2026-03-29,2026-04-03,2026-04-03,Completed,Normal
3341,Swab kit dispatch,Supporter Care,agent_08,2025-09-10,2025-09-12,2025-09-20,Completed,High
3342,Data request,Register Operations,agent_26,2025-09-19,2025-10-09,2025-10-17,Completed,High
3343,Consent follow-up,Supporter Care,agent_13,2025-08-06,2025-08-26,2025-09-02,Completed,Normal
3344,Welcome pack,Supporter Care,agent_17,2025-05-31,2025-06-20,2025-06-08,Completed,High
3345,Address change,Register Operations,agent_19,2025-10-08,2025-10-10,2025-10-17,Completed,High
3346,Welcome pack,Register Operations,agent_09,2025-12-02,2025-12-07,2025-12-03,Completed,Low
3347,Address change,Fundraising Ops,agent_26,2025-04-03,2025-04-08,2025-04-15,Completed,Normal
3348,Thank-you letter,Fundraising Ops,agent_07,2025-12-10,2025-12-12,2025-12-12,Completed,Low
3349,Complaint,Register Operations,agent_06,2025-10-14,2025-10-16,2025-11-26,Completed,Normal
3350,Consent follow-up,Fundraising Ops,agent_18,2025-12-24,2025-12-29,2026-01-12,Completed,Urgent
3351,Gift Aid declaration,Supporter Care,agent_02,2026-04-03,2026-04-23,2026-04-18,Complete,Normal
3352,Welcome pack,Fundraising Ops,agent_21,2025-02-26,2025-03-03,2025-03-10,Completed,Low
3353,Welcome pack,Fundraising Ops,agent_04,2026-03-20,2026-03-22,2026-03-21,Completed,Normal
3354,Complaint,Register Operations,agent_14,2026-02-28,2026-03-02,2026-04-30,Completed,Normal
3355,Data request,Register Operations,agent_26,2025-08-06,2025-08-11,2025-08-06,Completed,Normal
3356,Data request,Register Operations,agent_21,2026-04-16,2026-04-18,2026-04-26,Completed,High
3357,Gift Aid declaration,Supporter Care,agent_11,2025-12-19,2025-12-21,2026-01-09,Completed,Low
3358,Address change,Supporter Care,agent_07,2025-09-01,2025-09-11,2025-09-05,Completed,High
3359,Consent follow-up,Fundraising Ops,agent_17,2025-07-24,2025-08-03,2025-08-16,Completed,Normal
3360,Thank-you letter,Fundraising Ops,agent_20,2025-05-08,2025-05-28,2025-05-18,Completed,Low
3361,Address change,Register Operations,agent_26,2025-10-17,2025-10-19,2025-11-11,Completed,Normal
3362,Complaint,Fundraising Ops,agent_26,2025-04-19,2025-04-24,2025-06-01,Completed,Normal
3363,Swab kit dispatch,Register Operations,agent_20,2026-03-23,2026-03-25,2026-03-31,Completed,High
3364,Complaint,Supporter Care,agent_16,2026-08-08,2026-08-18,,In Progress,Low
3365,Thank-you letter,Supporter Care,agent_17,2026-03-16,2026-04-05,2026-03-26,Completed,Low
3366,Consent follow-up,Register Operations,agent_14,2026-01-23,2026-01-28,2026-02-08,Completed,High
3367,Consent follow-up,Fundraising Ops,agent_03,2025-06-27,2025-07-17,2025-07-15,Completed,Normal
3368,Gift Aid declaration,Fundraising Ops,agent_08,2025-11-24,2025-12-14,2025-12-08,Completed,High
3369,Consent follow-up,Supporter Care,agent_21,2026-07-28,2026-08-07,2026-08-17,Completed,Normal
3370,Consent follow-up,Fundraising Ops,,2026-04-04,2026-04-09,2026-04-21,Completed,Normal
3371,Complaint,Supporter Care,agent_21,2025-03-06,2025-03-11,2025-04-02,Completed,Normal
3372,Address change,Register Operations,agent_25,2025-04-16,2025-04-26,2025-04-24,Completed,High
3373,Thank-you letter,Supporter Care,agent_22,2026-06-02,2026-06-04,2026-06-07,Completed,Low
3374,Thank-you letter,Supporter Care,agent_12,2026-04-08,2026-04-10,2026-04-10,Completed,High
3375,Welcome pack,Supporter Care,agent_22,2026-06-13,2026-06-23,2026-06-18,Completed,Normal
3376,Data request,Fundraising Ops,agent_02,2026-03-20,2026-03-22,2026-04-13,Completed,Urgent
3377,Thank-you letter,Supporter Care,agent_07,2026-07-29,2026-08-18,2026-08-14,Completed,Urgent
3378,Consent follow-up,Fundraising Ops,agent_03,2026-04-28,2026-05-08,2026-05-09,Completed,Normal
3379,Swab kit dispatch,Register Operations,agent_15,2026-08-15,2026-08-17,,Blocked,Normal
3380,Data request,Register Operations,agent_17,2026-01-02,2026-01-12,,Open,Normal
3381,Swab kit dispatch,Register Operations,agent_15,2025-12-18,2025-12-28,2025-12-24,Completed,High
3382,Swab kit dispatch,Supporter Care,agent_23,2025-08-24,2025-08-29,2025-09-05,Completed,Normal
3383,Thank-you letter,Register Operations,agent_04,2025-10-04,2025-10-14,2025-10-13,Completed,Normal
3384,Address change,Supporter Care,agent_11,2025-11-20,2025-11-30,2025-12-01,Completed,Urgent
3385,Swab kit dispatch,Fundraising Ops,agent_05,2025-11-19,2025-12-09,2025-10-23,Completed,Normal
3386,Consent follow-up,Fundraising Ops,agent_08,2025-03-13,2025-03-23,2025-04-01,Complete,Normal
3387,Welcome pack,Supporter Care,agent_26,2026-04-30,2026-05-05,2026-05-01,Completed,Normal
3388,Complaint,Supporter Care,agent_04,2025-11-02,2025-11-04,2025-11-28,Completed,Normal
3389,Swab kit dispatch,Register Operations,agent_19,2025-05-10,2025-05-12,2025-05-22,Completed,Low
3390,Welcome pack,Register Operations,agent_15,2025-06-26,2025-07-16,2025-07-05,Completed,Normal
3391,Gift Aid declaration,Register Operations,agent_09,2025-03-30,2025-04-04,,Blocked,Normal
3392,Welcome pack,Supporter Care,agent_03,2026-03-04,2026-03-06,2026-03-11,Completed,Urgent
3393,Complaint,Supporter Care,agent_17,2025-07-02,2025-07-07,2025-07-27,Completed,Low
3394,Consent follow-up,Supporter Care,agent_10,2025-03-07,2025-03-09,,Open,Normal
3395,Swab kit dispatch,Supporter Care,agent_07,2025-08-30,2025-09-19,2025-09-13,Completed,High
3396,Address change,Register Operations,agent_25,2026-05-31,2026-06-05,2026-06-17,Completed,High
3397,Thank-you letter,Supporter Care,agent_16,2026-07-20,2026-07-30,2026-07-21,Completed,Low
3398,Welcome pack,Register Operations,agent_02,2025-02-24,2025-03-01,2025-03-11,Completed,High
3399,Gift Aid declaration,Register Operations,agent_23,2025-05-28,2025-05-30,2025-06-19,Completed,Normal
3400,Consent follow-up,Fundraising Ops,agent_03,2025-08-06,2025-08-08,2025-08-28,Completed,Normal
3401,Address change,Register Operations,agent_22,2026-04-12,2026-04-17,2026-05-01,Completed,High
3402,Thank-you letter,Fundraising Ops,agent_01,2026-01-14,2026-02-03,,Open,Normal
3403,Welcome pack,Register Operations,agent_22,2026-06-24,2026-06-29,2026-06-30,Completed,Normal
3404,Thank-you letter,Supporter Care,agent_13,2025-09-08,2025-09-18,2025-09-15,Completed,Normal
3405,Thank-you letter,Supporter Care,agent_01,2025-07-18,2025-08-07,2025-07-26,Completed,Low
3406,Thank-you letter,Register Operations,agent_15,2025-07-12,2025-08-01,,In Progress,Normal
3407,Gift Aid declaration,Fundraising Ops,agent_22,2026-03-28,2026-03-30,2026-04-13,Completed,Normal
3408,Swab kit dispatch,Fundraising Ops,agent_18,2025-09-01,2025-09-06,2025-09-10,Completed,Normal
3409,Thank-you letter,Register Operations,agent_03,2025-12-03,2025-12-05,2025-12-11,Completed,High
3410,Consent follow-up,Register Operations,agent_06,2026-07-17,2026-07-27,2026-08-09,Completed,Normal
3411,Data request,Register Operations,agent_23,2026-03-12,2026-03-17,2026-03-21,Completed,Normal
3412,Gift Aid declaration,Supporter Care,agent_04,2025-05-23,2025-06-12,2025-06-24,Completed,Normal
3413,Gift Aid declaration,Supporter Care,agent_16,2025-07-08,2025-07-28,2025-07-15,Completed,Normal
3414,Consent follow-up,Fundraising Ops,agent_11,2025-06-04,2025-06-24,2025-06-19,Completed,Low
3415,Data request,Fundraising Ops,agent_04,2025-07-21,2025-07-26,,Completed,Normal
3416,Thank-you letter,Register Operations,agent_17,2026-07-14,2026-07-24,,Completed,Normal
3417,Welcome pack,Register Operations,agent_12,2025-08-09,2025-08-11,2025-08-14,Completed,Normal
3418,Welcome pack,Supporter Care,agent_08,2026-07-18,2026-08-07,2026-08-02,Completed,Low
3419,Complaint,Fundraising Ops,agent_02,2026-05-09,2026-05-29,2026-06-06,Completed,Normal
3420,Thank-you letter,Register Operations,agent_10,2025-06-05,2025-06-07,2025-06-10,Completed,Normal
3421,Welcome pack,Fundraising Ops,agent_15,2026-05-08,2026-05-10,2026-05-29,Completed,High
3422,Data request,Register Operations,agent_14,2025-12-19,2025-12-24,2026-01-15,Completed,High
3423,Swab kit dispatch,Fundraising Ops,agent_22,2026-02-28,2026-03-02,2026-03-09,Completed,Normal
3424,Gift Aid declaration,Register Operations,agent_02,2025-06-07,2025-06-09,2025-06-17,Completed,Low
3425,Thank-you letter,Fundraising Ops,agent_06,2025-10-27,2025-11-01,2025-11-09,Completed,Low
3426,Gift Aid declaration,Register Operations,agent_23,2026-04-20,2026-04-25,,Blocked,Normal
3427,Gift Aid declaration,Register Operations,agent_22,2025-09-25,2025-09-30,2025-10-27,Completed,Normal
3428,Welcome pack,Supporter Care,agent_06,2026-05-05,2026-05-15,2026-05-24,Completed,Low
3429,Swab kit dispatch,Register Operations,agent_14,2025-09-21,2025-10-11,2025-10-01,Completed,Low
3430,Swab kit dispatch,Fundraising Ops,agent_17,2026-04-27,2026-05-02,2026-05-12,Completed,Normal
3431,Gift Aid declaration,Register Operations,agent_22,2026-04-24,2026-05-04,2026-05-08,Completed,Normal
3432,Consent follow-up,Fundraising Ops,agent_22,2026-05-14,2026-05-19,2026-06-17,Completed,Low
3433,Consent follow-up,Fundraising Ops,agent_24,2026-07-28,2026-07-30,2026-08-05,Completed,High
3434,Complaint,Register Operations,agent_19,2025-08-09,2025-08-19,2025-09-03,Completed,Low
3435,Thank-you letter,Register Operations,agent_05,2025-11-12,2025-11-22,2025-11-19,Completed,Normal
3436,Gift Aid declaration,Fundraising Ops,agent_19,2026-08-06,2026-08-16,,Blocked,Normal
3437,Address change,Register Operations,agent_15,2025-03-07,2025-03-12,2025-03-16,Completed,Normal
3438,Swab kit dispatch,Register Operations,agent_17,2025-05-08,2025-05-13,,Blocked,Low
3439,Swab kit dispatch,Supporter Care,agent_23,2026-04-22,2026-05-12,2026-04-28,Completed,Normal
3440,Welcome pack,Supporter Care,agent_06,2025-03-06,2025-03-16,,Completed,Low
3441,Consent follow-up,Fundraising Ops,agent_10,2025-11-07,2025-11-09,2025-12-04,Completed,Normal
3442,Welcome pack,Register Operations,agent_05,2026-05-07,2026-05-12,2026-05-07,Completed,Urgent
3443,Data request,Fundraising Ops,agent_02,2026-01-31,2026-02-02,2026-02-25,Completed,Normal
3444,Welcome pack,Register Operations,agent_01,2026-07-21,2026-07-31,2026-08-13,Completed,Normal
3445,Thank-you letter,Register Operations,agent_26,2026-07-14,2026-07-19,2026-07-28,Completed,Urgent
3446,Complaint,Fundraising Ops,agent_12,2025-05-16,2025-05-18,2025-05-17,Completed,Low
3447,Consent follow-up,Supporter Care,agent_23,2026-08-04,2026-08-24,,In Progress,Low
3448,Complaint,Fundraising Ops,agent_16,2026-04-04,2026-04-06,2026-05-07,Completed,Normal
3449,Consent follow-up,Fundraising Ops,agent_25,2025-09-09,2025-09-29,,In Progress,High
3450,Complaint,Supporter Care,agent_06,2026-07-09,2026-07-29,,Blocked,Low
3451,Welcome pack,Register Operations,agent_13,2025-09-04,2025-09-24,2025-09-09,Completed,Low
3452,Address change,Supporter Care,agent_14,2026-07-21,2026-08-10,2026-07-31,Completed,Normal
3453,Complaint,Supporter Care,agent_21,2026-01-27,2026-02-16,2026-02-05,Completed,High
3454,Consent follow-up,Register Operations,agent_26,2026-07-02,2026-07-12,2026-08-01,Completed,Low
3455,Gift Aid declaration,Supporter Care,agent_26,2025-05-28,2025-05-30,2025-06-20,Completed,Normal
3456,Data request,Supporter Care,agent_09,2026-03-31,2026-04-20,2026-04-26,Completed,Low
3457,Welcome pack,Supporter Care,agent_06,2026-01-11,2026-01-31,2026-01-24,Completed,Normal
3458,Data request,Fundraising Ops,agent_25,2026-03-16,2026-04-05,2026-04-09,Completed,Low
3459,Swab kit dispatch,Register Operations,agent_17,2025-11-25,2025-12-05,2025-11-25,Completed,Normal
3460,Thank-you letter,Fundraising Ops,agent_23,2026-02-04,2026-02-06,2026-02-10,Completed,Normal
3461,Welcome pack,Supporter Care,agent_14,2026-04-23,2026-05-13,2026-04-25,Completed,Low
3462,Consent follow-up,Register Operations,agent_11,2025-05-14,2025-05-19,2025-06-07,Completed,High
3463,Thank-you letter,Supporter Care,agent_07,2026-02-07,2026-02-09,2026-02-11,Completed,Normal
3464,Data request,Fundraising Ops,agent_16,2026-04-29,2026-05-04,2026-06-20,Completed,Normal
3465,Consent follow-up,Supporter Care,agent_13,2026-05-08,2026-05-10,2026-06-03,Completed,Normal
3466,Gift Aid declaration,Supporter Care,agent_06,2025-06-16,2025-06-18,2025-06-26,Completed,High
3467,Complaint,Register Operations,agent_15,2025-07-06,2025-07-08,2025-07-28,Completed,Low
3468,Swab kit dispatch,Fundraising Ops,,2025-06-07,2025-06-09,,Blocked,Normal
3469,Consent follow-up,Supporter Care,agent_04,2025-11-14,2025-11-16,2025-12-01,Completed,Low
3470,Data request,Fundraising Ops,agent_06,2025-10-02,2025-10-12,2025-10-19,Completed,High
3471,Swab kit dispatch,Supporter Care,agent_12,2025-04-02,2025-04-22,2025-04-27,Completed,High
3472,Swab kit dispatch,Supporter Care,agent_07,2025-11-24,2025-12-04,2025-11-30,Completed,High
3473,Data request,Register Operations,agent_08,2025-08-24,2025-08-29,2025-10-07,Completed,Normal
3474,Swab kit dispatch,Register Operations,agent_24,2025-04-15,2025-04-25,2025-04-23,Completed,Normal
3475,Address change,Fundraising Ops,agent_23,2025-03-10,2025-03-15,,Blocked,Normal
3476,Consent follow-up,Fundraising Ops,agent_15,2025-09-07,2025-09-09,2025-09-15,Completed,Normal
3477,Consent follow-up,Fundraising Ops,agent_08,2025-05-31,2025-06-02,2025-06-16,Complete,Normal
3478,Complaint,Fundraising Ops,agent_01,2025-07-14,2025-08-03,2025-08-03,Completed,Normal
3479,Consent follow-up,Fundraising Ops,agent_19,2025-10-13,2025-10-15,2025-10-24,Completed,Normal
3480,Thank-you letter,Register Operations,agent_10,2025-06-21,2025-07-01,2025-06-28,Completed,Normal
3481,Welcome pack,Register Operations,agent_12,2026-06-07,2026-06-09,2026-06-30,Completed,Low
3482,Consent follow-up,Register Operations,agent_16,2026-05-10,2026-05-15,2026-05-21,Completed,High
3483,Complaint,Fundraising Ops,agent_15,2025-06-10,2025-06-15,2025-07-23,Completed,Normal
3484,Gift Aid declaration,Register Operations,agent_25,2025-11-19,2025-11-29,2025-12-08,Completed,Low
3485,Data request,Supporter Care,agent_25,2025-08-11,2025-08-16,2025-08-26,Completed,Normal
3486,Address change,Supporter Care,agent_23,2025-10-23,2025-11-12,2025-11-07,Completed,Normal
3487,Swab kit dispatch,Supporter Care,agent_19,2025-03-19,2025-03-21,2025-03-24,Completed,Normal
3488,Thank-you letter,Fundraising Ops,agent_16,2025-06-29,2025-07-04,2025-07-06,Completed,Low
3489,Gift Aid declaration,Supporter Care,agent_24,2025-04-30,2025-05-05,2025-05-16,Completed,High
3490,Consent follow-up,Register Operations,agent_12,2025-11-06,2025-11-26,2025-11-14,Completed,Normal
3491,Welcome pack,Fundraising Ops,agent_05,2025-11-02,2025-11-07,2025-11-13,Completed,Normal
3492,Swab kit dispatch,Register Operations,agent_22,2025-05-09,2025-05-14,2025-05-20,Completed,Normal
3493,Address change,Supporter Care,agent_20,2025-08-10,2025-08-20,2025-08-22,Completed,High
3494,Address change,Supporter Care,agent_24,2025-08-31,2025-09-02,2025-09-22,Completed,Normal
3495,Thank-you letter,Supporter Care,agent_15,2026-03-26,2026-03-31,2026-04-02,Completed,Normal
3496,Welcome pack,Register Operations,agent_23,2025-11-02,2025-11-07,2025-11-18,Completed,Normal
3497,Consent follow-up,Supporter Care,agent_06,2025-07-09,2025-07-19,2025-07-22,Completed,Normal
3498,Swab kit dispatch,Register Operations,agent_03,2025-10-31,2025-11-20,2025-11-11,Completed,Low
3499,Thank-you letter,Supporter Care,agent_02,2026-01-31,2026-02-20,2026-02-10,Completed,High
3500,Swab kit dispatch,Fundraising Ops,agent_17,2025-04-09,2025-04-11,2025-04-21,Completed,Normal
3501,Data request,Supporter Care,agent_24,2026-07-22,2026-07-24,,Open,Normal
3502,Address change,Register Operations,agent_03,2026-05-12,2026-05-17,2026-05-28,Completed,Normal
3503,Consent follow-up,Supporter Care,agent_13,2025-06-10,2025-06-20,2025-07-05,Completed,High
3504,Complaint,Supporter Care,agent_11,2025-11-26,2025-12-16,2026-01-07,Completed,Normal
3505,Gift Aid declaration,Fundraising Ops,agent_25,2026-01-16,2026-01-21,2026-02-01,Completed,High
3506,Swab kit dispatch,Register Operations,agent_15,2025-10-06,2025-10-11,2025-10-18,Completed,Normal
3507,Gift Aid declaration,Fundraising Ops,agent_14,2025-09-17,2025-10-07,2025-10-19,Completed,High
3508,Complaint,Supporter Care,agent_16,2025-03-01,2025-03-03,2025-04-10,Completed,Normal
3509,Thank-you letter,Register Operations,agent_05,2026-02-27,2026-03-09,2026-03-05,Completed,Low
3510,Swab kit dispatch,Fundraising Ops,agent_22,2025-02-25,2025-02-27,2025-03-05,Complete,Low
3511,Consent follow-up,Register Operations,agent_26,2025-08-30,2025-09-09,2025-09-16,Completed,High
3512,Gift Aid declaration,Fundraising Ops,agent_12,2026-07-01,2026-07-11,2026-08-02,Completed,Normal
3513,Thank-you letter,Register Operations,agent_03,2026-01-31,2026-02-10,2026-02-05,Completed,Normal
3514,Complaint,Register Operations,agent_21,2025-04-10,2025-04-20,2025-05-11,Completed,Normal
3515,Swab kit dispatch,Fundraising Ops,agent_01,2026-05-02,2026-05-04,2026-05-13,Completed,High
3516,Complaint,Supporter Care,agent_02,2025-09-17,2025-09-19,2025-10-28,Completed,Low
3517,Thank-you letter,Supporter Care,agent_09,2025-09-27,2025-10-17,2025-09-27,Completed,Low
3518,Complaint,Register Operations,agent_05,2025-11-25,2025-12-05,2025-12-30,Completed,Low
3519,Gift Aid declaration,Fundraising Ops,agent_10,2025-10-06,2025-10-26,2025-10-21,Completed,Normal
3520,Gift Aid declaration,Register Operations,agent_17,2026-07-22,2026-08-01,,Open,Urgent
3521,Welcome pack,Supporter Care,agent_09,2025-08-04,2025-08-14,2025-08-16,Completed,Low
3522,Address change,Supporter Care,agent_14,2025-07-08,2025-07-13,2025-07-20,Completed,High
3523,Consent follow-up,Register Operations,agent_06,2025-04-23,2025-05-03,2025-05-08,Completed,Normal
3524,Welcome pack,Register Operations,agent_16,2026-03-25,2026-04-04,2026-04-08,Completed,Urgent
3525,Data request,Fundraising Ops,agent_07,2025-03-31,2025-04-20,2025-05-02,Completed,Normal
3526,Consent follow-up,Fundraising Ops,agent_16,2026-06-14,2026-06-19,2026-07-03,Completed,Low
3527,Address change,Supporter Care,agent_08,2025-05-25,2025-06-04,2025-06-09,Completed,Normal
3528,Address change,Supporter Care,agent_04,2026-06-13,2026-06-18,2026-07-03,Completed,Low
3529,Welcome pack,Fundraising Ops,agent_11,2025-09-07,2025-09-17,2025-09-15,Completed,High
3530,Data request,Supporter Care,agent_24,2026-07-22,2026-08-01,,Open,Low
3531,Thank-you letter,Fundraising Ops,agent_03,2026-03-01,2026-03-11,2026-03-13,Completed,Normal
3532,Welcome pack,Fundraising Ops,agent_14,2025-10-02,2025-10-07,2025-10-22,Completed,Normal
3533,Thank-you letter,Supporter Care,agent_17,2025-08-03,2025-08-23,2025-08-14,Completed,Normal
3534,Address change,Fundraising Ops,agent_12,2025-03-10,2025-03-30,,Open,Low
3535,Gift Aid declaration,Fundraising Ops,agent_26,2025-05-16,2025-05-21,2025-06-05,Completed,Low
3536,Consent follow-up,Fundraising Ops,agent_02,2025-10-01,2025-10-11,2025-10-13,Completed,Normal
3537,Complaint,Register Operations,agent_26,2025-05-14,2025-05-24,2025-06-18,Completed,Normal
3538,Consent follow-up,Supporter Care,agent_10,2026-07-24,2026-08-13,2026-08-11,Completed,Normal
3539,Complaint,Register Operations,agent_25,2025-10-24,2025-10-29,2025-10-24,Completed,Low
3540,Address change,Fundraising Ops,agent_09,2025-09-09,2025-09-11,2025-09-16,Completed,High
3541,Consent follow-up,Register Operations,agent_09,2025-05-11,2025-05-16,2025-06-01,Completed,High
3542,Complaint,Register Operations,agent_11,2026-01-16,2026-01-26,2026-02-09,Completed,Normal
3543,Thank-you letter,Register Operations,agent_17,2026-07-19,2026-08-08,2026-07-28,Completed,Normal
3544,Consent follow-up,Fundraising Ops,agent_22,2026-02-25,2026-03-07,2026-03-11,Completed,Normal
3545,Thank-you letter,Supporter Care,agent_08,2026-01-03,2026-01-13,2026-01-07,Completed,Normal
3546,Gift Aid declaration,Supporter Care,agent_21,2025-04-13,2025-04-23,2025-04-25,Completed,Low
3547,Welcome pack,Supporter Care,agent_26,2025-11-18,2025-11-28,,Blocked,Low
3548,Consent follow-up,Supporter Care,agent_25,2025-05-14,2025-06-03,2025-06-05,Completed,Low
3549,Swab kit dispatch,Register Operations,agent_04,2026-04-11,2026-04-21,2026-04-16,Completed,Normal
3550,Consent follow-up,Supporter Care,agent_09,2025-07-29,2025-08-18,2025-08-16,Completed,Normal
3551,Address change,Supporter Care,agent_19,2025-06-05,2025-06-10,2025-06-09,Completed,Normal
3552,Swab kit dispatch,Supporter Care,agent_26,2026-06-11,2026-06-13,2026-07-01,Completed,High
3553,Thank-you letter,Register Operations,agent_11,2025-09-20,2025-09-30,2025-09-29,Completed,Normal
3554,Welcome pack,Fundraising Ops,agent_03,2025-12-15,2026-01-04,2025-12-29,Completed,Normal
3555,Data request,Fundraising Ops,agent_13,2026-04-19,2026-04-21,2026-06-02,Completed,Normal
3556,Gift Aid declaration,Supporter Care,agent_11,2026-06-03,2026-06-08,,Open,Normal
3557,Thank-you letter,Fundraising Ops,,2026-01-24,2026-02-03,2026-02-05,Completed,Normal
3558,Gift Aid declaration,Register Operations,agent_20,2025-03-05,2025-03-15,2025-03-27,Completed,Low
3559,Welcome pack,Fundraising Ops,agent_12,2026-06-24,2026-07-14,2026-07-03,Completed,Normal
3560,Consent follow-up,Fundraising Ops,agent_23,2026-05-12,2026-05-14,2026-06-02,Completed,High
3561,Complaint,Supporter Care,agent_06,2025-06-27,2025-06-29,2025-07-29,Completed,Low
3562,Swab kit dispatch,Fundraising Ops,agent_26,2026-08-09,2026-08-19,,Open,Normal
3563,Swab kit dispatch,Fundraising Ops,agent_08,2026-03-19,2026-04-08,2026-04-04,Completed,High
3564,Consent follow-up,Supporter Care,agent_01,2025-06-13,2025-06-15,2025-06-13,Completed,High
3565,Thank-you letter,Supporter Care,agent_26,2025-11-29,2025-12-04,,Open,High
3566,Welcome pack,Fundraising Ops,agent_08,2026-06-16,2026-06-26,2026-06-18,Completed,Normal
3567,Welcome pack,Fundraising Ops,agent_26,2026-06-05,2026-06-10,2026-06-25,Completed,Normal
3568,Gift Aid declaration,Fundraising Ops,agent_15,2025-05-12,2025-05-14,2025-06-11,Completed,Normal
3569,Thank-you letter,Fundraising Ops,agent_17,2026-01-04,2026-01-14,2026-01-09,Completed,High
3570,Thank-you letter,Register Operations,agent_12,2026-06-09,2026-06-29,2026-06-26,Completed,Urgent
3571,Swab kit dispatch,Fundraising Ops,agent_16,2025-08-12,2025-08-22,2025-08-15,Completed,High
3572,Welcome pack,Register Operations,agent_06,2025-06-29,2025-07-09,2025-07-10,Completed,Normal
3573,Welcome pack,Fundraising Ops,agent_09,2025-06-19,2025-06-29,2025-07-03,Completed,Normal
3574,Welcome pack,Fundraising Ops,agent_06,2025-12-05,2025-12-15,2025-12-21,Completed,Normal
3575,Consent follow-up,Fundraising Ops,agent_14,2025-07-18,2025-07-20,2025-08-11,Completed,Low
3576,Data request,Fundraising Ops,agent_03,2026-03-03,2026-03-13,2026-03-24,Completed,Low
3577,Address change,Register Operations,agent_22,2025-08-28,2025-09-07,2025-09-19,Completed,Low
3578,Gift Aid declaration,Supporter Care,agent_18,2026-07-28,2026-08-07,2026-08-15,Completed,Normal
3579,Address change,Fundraising Ops,agent_15,2025-08-06,2025-08-11,2025-08-20,Completed,Normal
3580,Complaint,Fundraising Ops,agent_18,2025-12-28,2026-01-02,2026-02-19,Completed,Normal
3581,Address change,Fundraising Ops,agent_20,2025-10-11,2025-10-21,2025-10-25,Completed,Normal
3582,Thank-you letter,Supporter Care,agent_19,2025-05-18,2025-05-23,2025-05-30,Completed,Normal
3583,Thank-you letter,Fundraising Ops,agent_09,2025-09-17,2025-09-27,2025-09-18,Completed,High
3584,Swab kit dispatch,Register Operations,agent_04,2026-05-16,2026-05-21,2026-05-20,Completed,Normal
3585,Welcome pack,Register Operations,agent_12,2026-03-29,2026-04-08,,Open,High
3586,Gift Aid declaration,Supporter Care,agent_14,2025-10-22,2025-10-24,2025-11-01,Completed,Low
3587,Swab kit dispatch,Fundraising Ops,agent_18,2025-05-08,2025-05-28,2025-05-17,Completed,Low
3588,Address change,Supporter Care,agent_06,2025-09-27,2025-10-02,2025-10-09,Completed,Normal
3589,Consent follow-up,Fundraising Ops,agent_24,2026-06-28,2026-07-03,2026-08-08,Completed,Normal
3590,Data request,Fundraising Ops,agent_14,2025-12-22,2026-01-11,2026-01-31,Completed,High
3591,Data request,Register Operations,agent_15,2026-01-22,2026-01-27,2026-02-16,Completed,Normal
3592,Swab kit dispatch,Supporter Care,agent_17,2026-05-12,2026-06-01,2026-05-25,Completed,Normal
3593,Welcome pack,Supporter Care,agent_08,2025-11-06,2025-11-11,2025-11-16,Completed,Normal
3594,Gift Aid declaration,Register Operations,agent_25,2025-04-15,2025-04-20,2025-04-27,Completed,High
3595,Swab kit dispatch,Fundraising Ops,agent_20,2026-01-22,2026-02-01,2026-01-31,Completed,Normal
3596,Data request,Register Operations,agent_18,2026-01-21,2026-02-10,2026-02-13,Completed,High
3597,Complaint,Supporter Care,agent_04,2025-10-28,2025-11-02,2025-11-26,Completed,Normal
3598,Thank-you letter,Fundraising Ops,agent_04,2025-03-29,2025-04-08,2025-04-02,Completed,Normal
3599,Consent follow-up,Supporter Care,agent_07,2025-02-26,2025-03-03,2025-03-21,Completed,High
3600,Swab kit dispatch,Fundraising Ops,agent_23,2026-04-27,2026-04-29,,Open,Normal
3601,Address change,Register Operations,agent_08,2025-06-24,2025-07-04,2025-07-16,Completed,High
3602,Thank-you letter,Supporter Care,agent_01,2025-09-17,2025-10-07,2025-09-22,Completed,Normal
3603,Welcome pack,Supporter Care,agent_13,2025-06-03,2025-06-13,2025-06-11,Completed,Normal
3604,Gift Aid declaration,Register Operations,agent_21,2025-11-15,2025-11-20,2025-11-19,Completed,Normal
3605,Swab kit dispatch,Fundraising Ops,agent_06,2025-07-07,2025-07-12,2025-07-20,Completed,Normal
3606,Welcome pack,Register Operations,agent_22,2026-02-05,2026-02-25,2026-02-17,Completed,Normal
3607,Consent follow-up,Fundraising Ops,agent_14,2025-10-04,2025-10-14,2025-10-17,Completed,Normal
3608,Data request,Fundraising Ops,agent_14,2026-05-21,2026-06-10,2026-06-27,Completed,Normal
3609,Consent follow-up,Supporter Care,agent_07,2026-05-31,2026-06-10,2026-06-12,Completed,High
3610,Consent follow-up,Supporter Care,agent_26,2025-11-28,2025-12-18,,Completed,Low
3611,Consent follow-up,Register Operations,agent_26,2026-07-24,2026-07-26,,Blocked,Normal
3612,Complaint,Fundraising Ops,agent_23,2026-07-27,2026-08-16,,Blocked,Normal
3613,Thank-you letter,Supporter Care,agent_03,2025-10-22,2025-11-01,2025-11-01,Completed,Normal
3614,Consent follow-up,Supporter Care,agent_09,2026-06-23,2026-06-25,2026-07-26,Completed,Normal
3615,Consent follow-up,Supporter Care,agent_04,2026-06-05,2026-06-07,2026-06-27,Completed,Normal
3616,Welcome pack,Register Operations,agent_26,2026-08-11,2026-08-31,,In Progress,Normal
3617,Data request,Register Operations,agent_17,2026-02-05,2026-02-15,2026-03-05,Completed,High
3618,Consent follow-up,Register Operations,agent_08,2025-09-09,2025-09-14,2025-10-03,Completed,Normal
3619,Consent follow-up,Register Operations,agent_23,2025-04-01,2025-04-21,2025-04-21,Completed,Normal
3620,Data request,Fundraising Ops,agent_11,2025-09-09,2025-09-11,2025-10-03,Completed,Normal
3621,Address change,Register Operations,agent_26,2026-04-07,2026-04-27,2026-04-17,Completed,Normal
3622,Address change,Supporter Care,agent_15,2025-02-27,2025-03-09,,In Progress,Normal
3623,Swab kit dispatch,Register Operations,agent_03,2025-11-05,2025-11-07,,Blocked,Normal
3624,Complaint,Fundraising Ops,agent_10,2026-07-05,2026-07-15,,Open,Normal
3625,Gift Aid declaration,Supporter Care,agent_05,2025-07-17,2025-07-22,2025-07-26,Completed,Low
3626,Address change,Register Operations,agent_04,2026-08-04,2026-08-14,,Blocked,Normal
3627,Welcome pack,Register Operations,agent_14,2025-12-21,2025-12-26,2025-12-31,Completed,High
3628,Swab kit dispatch,Register Operations,agent_21,2025-10-07,2025-10-12,2025-10-17,Completed,Normal
3629,Gift Aid declaration,Register Operations,agent_11,2026-05-21,2026-05-23,2026-06-21,Completed,Normal
3630,Gift Aid declaration,Register Operations,agent_12,2026-06-23,2026-06-28,2026-07-24,Completed,High
3631,Complaint,Supporter Care,agent_08,2025-08-16,2025-08-21,2025-10-20,Completed,Normal
3632,Complaint,Supporter Care,agent_11,2025-11-22,2025-11-27,2025-12-13,Completed,Low
3633,Gift Aid declaration,Register Operations,agent_04,2026-05-08,2026-05-28,2026-05-23,Completed,Normal
3634,Thank-you letter,Supporter Care,agent_02,2025-12-18,2025-12-28,2025-12-26,Completed,Normal
3635,Welcome pack,Register Operations,agent_08,2026-06-22,2026-06-24,2026-07-07,Completed,Normal
3636,Consent follow-up,Fundraising Ops,agent_12,2026-02-10,2026-02-15,2026-03-02,Completed,Urgent
3637,Address change,Register Operations,agent_14,2026-03-02,2026-03-04,2026-03-08,Complete,Normal
3638,Welcome pack,Supporter Care,agent_15,2026-04-17,2026-04-27,2026-04-30,Completed,Low
3639,Data request,Fundraising Ops,agent_07,2026-07-10,2026-07-20,2026-07-29,Completed,Low
3640,Thank-you letter,Fundraising Ops,agent_13,2026-07-24,2026-08-03,2026-08-04,Completed,Normal
3641,Data request,Fundraising Ops,agent_24,2025-08-06,2025-08-08,2025-09-01,Completed,Normal
3642,Address change,Fundraising Ops,agent_01,2025-03-28,2025-04-17,2025-04-17,Completed,Normal
3643,Consent follow-up,Supporter Care,agent_03,2026-01-02,2026-01-04,2026-01-14,Completed,Normal
3644,Data request,Fundraising Ops,agent_07,2026-03-17,2026-03-22,2026-04-07,Completed,Low
3645,Swab kit dispatch,Register Operations,agent_06,2025-10-12,2025-11-01,2025-10-18,Completed,Normal
3646,Address change,Supporter Care,agent_07,2026-05-15,2026-05-25,2026-05-31,Completed,Low
3647,Consent follow-up,Supporter Care,agent_05,2025-12-15,2026-01-04,2025-12-26,Completed,Normal
3648,Complaint,Register Operations,agent_10,2025-12-31,2026-01-05,2026-01-13,Completed,Low
3649,Consent follow-up,Supporter Care,agent_07,2026-03-16,2026-04-05,2026-04-14,Completed,Normal
3650,Welcome pack,Register Operations,agent_05,2025-07-05,2025-07-07,2025-07-16,Completed,Normal
3651,Swab kit dispatch,Supporter Care,agent_17,2025-07-09,2025-07-11,2025-07-17,Completed,Normal
3652,Welcome pack,Supporter Care,agent_15,2026-01-16,2026-01-21,2026-01-31,Completed,Normal
3653,Consent follow-up,Supporter Care,agent_05,2025-03-13,2025-04-02,2025-03-28,Completed,Low
3654,Complaint,Supporter Care,agent_17,2026-03-25,2026-03-30,2026-04-28,Completed,Low
3655,Consent follow-up,Fundraising Ops,agent_03,2026-06-17,2026-06-22,2026-07-19,Completed,Normal
3656,Swab kit dispatch,Fundraising Ops,agent_18,2025-08-23,2025-09-12,2025-09-01,Completed,High
3657,Address change,Fundraising Ops,agent_12,2025-08-12,2025-08-17,2025-08-24,Completed,Normal
3658,Gift Aid declaration,Supporter Care,agent_04,2026-08-05,2026-08-25,,Open,High
3659,Welcome pack,Fundraising Ops,agent_20,2025-07-04,2025-07-09,2025-07-10,Completed,Low
3660,Address change,Supporter Care,agent_04,2025-03-03,2025-03-13,2025-03-16,Completed,Normal
3661,Data request,Register Operations,agent_18,2025-09-08,2025-09-28,,Open,Normal
3662,Thank-you letter,Register Operations,agent_19,2025-04-25,2025-04-27,2025-05-08,Completed,Normal
3663,Complaint,Supporter Care,agent_23,2025-07-07,2025-07-09,2025-07-31,Completed,Normal
3664,Swab kit dispatch,Fundraising Ops,agent_14,2025-06-27,2025-07-07,2025-07-07,Completed,Normal
3665,Welcome pack,Supporter Care,agent_06,2026-03-03,2026-03-05,2026-03-12,Completed,Low
3666,Swab kit dispatch,Register Operations,agent_13,2025-11-04,2025-11-06,2025-11-11,Completed,High
3667,Complaint,Supporter Care,agent_09,2025-11-20,2025-11-30,2025-12-12,Completed,Normal
3668,Welcome pack,Supporter Care,agent_11,2025-05-16,2025-06-05,2025-05-24,Completed,Low
3669,Welcome pack,Fundraising Ops,agent_01,2025-09-01,2025-09-11,2025-09-06,Completed,Normal
3670,Gift Aid declaration,Fundraising Ops,agent_26,2025-12-12,2025-12-17,2026-01-04,Completed,Low
3671,Consent follow-up,Fundraising Ops,agent_23,2026-03-25,2026-03-27,2026-04-16,Completed,Low
3672,Data request,Register Operations,agent_13,2025-02-28,2025-03-10,2025-03-16,Completed,Normal
3673,Consent follow-up,Register Operations,agent_15,2025-04-19,2025-04-24,2025-05-02,Completed,Normal
3674,Data request,Supporter Care,agent_01,2025-09-14,2025-09-19,2025-10-21,Completed,Normal
3675,Welcome pack,Fundraising Ops,agent_03,2025-11-26,2025-12-06,,Open,High
3676,Thank-you letter,Register Operations,agent_24,2026-01-26,2026-02-15,2026-02-02,Completed,Normal
3677,Complaint,Fundraising Ops,agent_18,2026-03-07,2026-03-17,2026-04-19,Completed,Low
3678,Consent follow-up,Fundraising Ops,agent_01,2026-07-17,2026-07-27,2026-08-17,Completed,High
3679,Consent follow-up,Register Operations,agent_26,2026-07-31,2026-08-20,,Blocked,Normal
3680,Complaint,Register Operations,agent_16,2026-03-26,2026-04-15,2026-05-09,Completed,Normal
3681,Swab kit dispatch,Fundraising Ops,agent_25,2025-06-15,2025-07-05,2025-06-22,Completed,High
3682,Data request,Fundraising Ops,agent_08,2025-06-01,2025-06-21,2025-06-21,Completed,High
3683,Welcome pack,Fundraising Ops,agent_07,2026-02-14,2026-02-24,2026-02-21,Completed,Normal
3684,Gift Aid declaration,Supporter Care,agent_12,2025-04-12,2025-04-14,2025-04-21,Completed,Normal
3685,Welcome pack,Register Operations,agent_22,2026-01-01,2026-01-21,2026-01-12,Completed,Normal
3686,Swab kit dispatch,Fundraising Ops,agent_01,2025-04-15,2025-04-25,2025-04-21,Completed,High
3687,Complaint,Register Operations,agent_01,2025-12-13,2025-12-23,2026-01-09,Completed,Normal
3688,Welcome pack,Fundraising Ops,agent_10,2026-01-24,2026-02-03,2026-02-05,Completed,Normal
3689,Data request,Fundraising Ops,agent_20,2026-07-16,2026-07-21,2026-08-10,Completed,Normal
3690,Complaint,Register Operations,agent_24,2025-03-05,2025-03-25,2025-03-30,Completed,Normal
3691,Gift Aid declaration,Supporter Care,agent_26,2026-05-10,2026-05-30,2026-06-16,Completed,Normal
3692,Thank-you letter,Supporter Care,agent_26,2025-10-18,2025-10-23,2025-11-01,Completed,High
3693,Data request,Register Operations,agent_04,2026-01-28,2026-02-17,2026-03-12,Completed,Normal
3694,Consent follow-up,Register Operations,agent_18,2025-08-01,2025-08-21,2025-08-01,Completed,High
3695,Data request,Fundraising Ops,agent_11,2026-01-21,2026-02-10,2026-03-12,Completed,Low
3696,Thank-you letter,Supporter Care,agent_07,2025-06-30,2025-07-02,2025-07-07,Completed,Normal
3697,Thank-you letter,Fundraising Ops,agent_19,2025-12-11,2025-12-31,2025-12-18,Completed,Normal
3698,Complaint,Register Operations,agent_22,2026-07-28,2026-07-30,,In Progress,High
3699,Swab kit dispatch,Fundraising Ops,agent_17,2026-08-01,2026-08-11,2026-08-12,Completed,Urgent
3700,Welcome pack,Fundraising Ops,agent_16,2026-02-12,2026-02-14,2026-02-21,Complete,High
3701,Consent follow-up,Fundraising Ops,agent_15,2026-07-13,2026-08-02,2026-08-07,Completed,Urgent
3702,Complaint,Fundraising Ops,agent_22,2025-10-30,2025-11-01,2025-11-29,Completed,Normal
3703,Welcome pack,Fundraising Ops,agent_25,2026-05-23,2026-06-12,2026-06-01,Completed,Normal
3704,Thank-you letter,Fundraising Ops,agent_18,2026-01-05,2026-01-10,2026-01-14,Completed,Low
3705,Address change,Register Operations,agent_26,2025-03-06,2025-03-11,2025-03-15,Completed,Normal
3706,Welcome pack,Fundraising Ops,agent_06,2026-03-07,2026-03-09,2026-03-16,Completed,Low
3707,Consent follow-up,Register Operations,agent_22,2025-04-10,2025-04-30,2025-04-25,Completed,High
3708,Gift Aid declaration,Supporter Care,agent_10,2025-12-03,2025-12-13,2025-12-20,Completed,High
3709,Consent follow-up,Register Operations,agent_22,2025-06-10,2025-06-30,,Blocked,Normal
3710,Consent follow-up,Fundraising Ops,agent_02,2025-03-21,2025-03-23,2025-03-23,Completed,Normal
3711,Gift Aid declaration,Supporter Care,agent_12,2026-06-02,2026-06-04,,In Progress,Normal
3712,Thank-you letter,Fundraising Ops,agent_20,2025-12-27,2026-01-01,2026-01-03,Completed,Low
3713,Address change,Fundraising Ops,agent_19,2025-06-17,2025-06-22,2025-06-25,Completed,Normal
3714,Complaint,Supporter Care,agent_24,2025-11-24,2025-12-04,2025-12-30,Completed,Normal
3715,Consent follow-up,Supporter Care,agent_20,2026-07-01,2026-07-03,2026-07-20,Completed,Normal
3716,Gift Aid declaration,Supporter Care,agent_20,2026-07-29,2026-08-03,,Open,Low
3717,Consent follow-up,Supporter Care,agent_20,2025-09-29,2025-10-01,,Open,Normal
3718,Gift Aid declaration,Supporter Care,agent_16,2026-06-19,2026-07-09,2026-07-18,Completed,Low
3719,Welcome pack,Fundraising Ops,agent_21,2026-05-20,2026-06-09,2026-06-02,Completed,Normal
3720,Address change,Supporter Care,agent_24,2025-09-04,2025-09-14,2025-09-27,Completed,Normal
3721,Address change,Register Operations,agent_12,2025-06-01,2025-06-03,2025-06-09,Completed,Normal
3722,Complaint,Register Operations,agent_19,2026-01-01,2026-01-03,2026-02-03,Completed,Normal
3723,Welcome pack,Register Operations,agent_19,2025-10-07,2025-10-17,2025-10-16,Completed,Normal
3724,Thank-you letter,Register Operations,agent_10,2026-05-18,2026-05-20,2026-05-19,Completed,High
3725,Welcome pack,Fundraising Ops,agent_10,2025-05-12,2025-06-01,2025-05-17,Completed,Normal
3726,Data request,Fundraising Ops,agent_18,2025-02-26,2025-03-03,2025-04-03,Completed,Low
3727,Thank-you letter,Register Operations,agent_18,2026-07-06,2026-07-11,2026-07-07,Completed,Low
3728,Address change,Register Operations,agent_06,2025-07-01,2025-07-11,2025-07-23,Completed,Low
3729,Swab kit dispatch,Fundraising Ops,agent_13,2025-08-05,2025-08-07,2025-08-07,Completed,Urgent
3730,Swab kit dispatch,Fundraising Ops,agent_03,2026-05-03,2026-05-08,2026-05-16,Completed,Normal
3731,Consent follow-up,Fundraising Ops,agent_14,2025-06-26,2025-07-01,2025-07-22,Completed,Normal
3732,Address change,Register Operations,agent_13,2025-12-22,2025-12-24,2025-12-27,Completed,Normal
3733,Consent follow-up,Supporter Care,agent_09,2025-08-12,2025-08-17,2025-09-19,Completed,Low
3734,Thank-you letter,Register Operations,agent_21,2026-04-03,2026-04-05,2026-04-12,Complete,Low
3735,Consent follow-up,Fundraising Ops,agent_13,2025-12-10,2025-12-30,2025-12-23,Completed,Normal
3736,Welcome pack,Supporter Care,agent_08,2026-04-29,2026-05-19,2026-05-11,Completed,High
3737,Data request,Fundraising Ops,agent_23,2025-09-28,2025-10-08,2025-10-25,Completed,Normal
3738,Thank-you letter,Register Operations,agent_13,2025-06-13,2025-07-03,2025-06-22,Completed,Low
3739,Data request,Supporter Care,agent_16,2025-08-19,2025-08-21,2025-09-05,Completed,Normal
3740,Thank-you letter,Register Operations,agent_05,2026-01-08,2026-01-13,2026-01-11,Completed,Normal
3741,Data request,Register Operations,agent_23,2026-03-11,2026-03-13,,Completed,Low
3742,Consent follow-up,Supporter Care,agent_14,2025-11-18,2025-11-28,2025-11-27,Completed,Normal
3743,Gift Aid declaration,Register Operations,agent_22,2025-07-24,2025-08-13,2025-08-19,Completed,Urgent
3744,Complaint,Supporter Care,agent_19,2026-08-16,2026-08-18,,Open,Normal
3745,Swab kit dispatch,Register Operations,agent_12,2026-07-08,2026-07-28,2026-07-14,Completed,Normal
3746,Address change,Register Operations,agent_16,2026-02-04,2026-02-09,2026-02-10,Completed,Normal
3747,Data request,Register Operations,agent_23,2026-08-14,2026-08-16,,Open,Normal
3748,Welcome pack,Fundraising Ops,agent_19,2026-06-08,2026-06-28,2026-06-25,Completed,High
3749,Consent follow-up,Supporter Care,agent_22,2025-10-19,2025-10-21,2025-11-13,Completed,Low
3750,Welcome pack,Fundraising Ops,agent_08,2025-03-24,2025-04-03,2025-04-02,Completed,High
3751,Complaint,Fundraising Ops,agent_11,2026-05-01,2026-05-21,2026-05-01,Completed,Normal
3752,Complaint,Fundraising Ops,agent_03,2026-05-07,2026-05-12,2026-06-11,Completed,Normal
3753,Gift Aid declaration,Supporter Care,agent_03,2025-12-04,2025-12-06,2025-12-11,Completed,Normal
3754,Swab kit dispatch,Supporter Care,agent_01,2026-06-25,2026-06-27,2026-07-04,Completed,Normal
3755,Consent follow-up,Supporter Care,agent_06,2025-12-12,2025-12-22,2026-01-07,Completed,Low
3756,Gift Aid declaration,Fundraising Ops,agent_22,2026-07-10,2026-07-30,,Blocked,High
3757,Welcome pack,Fundraising Ops,agent_02,2026-06-18,2026-06-28,,Open,Urgent
3758,Address change,Register Operations,agent_07,2025-11-15,2025-11-25,2025-11-21,Completed,Low
3759,Address change,Supporter Care,agent_10,2025-05-15,2025-05-17,2025-05-20,Completed,Low
3760,Consent follow-up,Fundraising Ops,agent_05,2026-02-05,2026-02-10,2026-02-28,Completed,High
3761,Swab kit dispatch,Register Operations,agent_14,2026-03-26,2026-03-28,2026-03-28,Completed,Normal
3762,Data request,Supporter Care,agent_17,2025-05-15,2025-06-04,2025-06-06,Completed,Normal
3763,Address change,Supporter Care,agent_08,2026-05-28,2026-05-30,2026-05-28,Completed,Low
3764,Complaint,Fundraising Ops,agent_22,2026-05-17,2026-05-27,2026-05-23,Completed,Normal
3765,Consent follow-up,Register Operations,agent_06,2026-05-23,2026-06-02,,In Progress,High
3766,Thank-you letter,Supporter Care,agent_17,2025-07-12,2025-07-14,2025-07-29,Completed,Low
3767,Data request,Supporter Care,agent_13,2025-12-15,2025-12-20,2025-12-13,Completed,Normal
3768,Address change,Register Operations,agent_17,2026-07-08,2026-07-18,2026-07-20,Completed,Normal
3769,Gift Aid declaration,Fundraising Ops,agent_26,2025-09-23,2025-09-25,2025-10-19,Completed,Normal
3770,Data request,Supporter Care,agent_25,2025-11-11,2025-12-01,2025-12-05,Completed,Urgent
3771,Thank-you letter,Register Operations,agent_20,2025-07-01,2025-07-03,2025-07-08,Completed,Normal
3772,Complaint,Supporter Care,agent_19,2025-04-19,2025-04-29,2025-06-03,Completed,Normal
3773,Address change,Fundraising Ops,agent_10,2025-05-20,2025-06-09,2025-06-05,Completed,Low
3774,Gift Aid declaration,Register Operations,agent_10,2025-08-03,2025-08-13,2025-08-16,Completed,Normal
3775,Gift Aid declaration,Register Operations,agent_06,2025-05-09,2025-05-29,2025-05-22,Completed,High
3776,Address change,Register Operations,agent_26,2025-06-07,2025-06-12,2025-06-27,Completed,Normal
3777,Welcome pack,Fundraising Ops,agent_14,2026-07-24,2026-08-03,2026-08-11,Completed,Normal
3778,Welcome pack,Register Operations,agent_12,2025-09-26,2025-10-16,2025-09-27,Completed,High
3779,Data request,Register Operations,agent_14,2026-06-12,2026-06-17,2026-08-15,Completed,Normal
3780,Consent follow-up,Supporter Care,agent_22,2026-05-26,2026-05-28,2026-06-13,Completed,Low
3781,Thank-you letter,Register Operations,agent_22,2025-12-28,2026-01-02,2026-01-06,Completed,Urgent
3782,Complaint,Register Operations,agent_19,2025-10-27,2025-10-29,2025-11-22,Completed,Low
3783,Welcome pack,Register Operations,agent_11,2025-05-19,2025-06-08,2025-05-28,Complete,Normal
3784,Welcome pack,Fundraising Ops,agent_12,2025-11-25,2025-11-27,2025-12-01,Completed,Normal
3785,Data request,Register Operations,agent_08,2025-10-26,2025-11-05,2025-11-06,Completed,Normal
3786,Swab kit dispatch,Supporter Care,agent_10,2026-07-28,2026-07-30,,Open,Normal
3787,Complaint,Register Operations,agent_17,2026-06-02,2026-06-04,2026-06-02,Completed,Normal
3788,Address change,Supporter Care,agent_17,2026-07-31,2026-08-10,,Open,Normal
3789,Swab kit dispatch,Register Operations,agent_21,2025-10-09,2025-10-14,2025-10-09,Completed,Normal
3790,Gift Aid declaration,Supporter Care,agent_08,2025-04-05,2025-04-25,2025-04-11,Completed,High
3791,Gift Aid declaration,Fundraising Ops,agent_06,2025-11-28,2025-11-30,2025-12-22,Completed,Normal
3792,Thank-you letter,Supporter Care,,2026-04-09,2026-04-19,2026-04-12,Completed,Normal
3793,Swab kit dispatch,Register Operations,agent_19,2025-05-28,2025-06-17,2025-06-09,Completed,Urgent
3794,Address change,Supporter Care,agent_26,2026-04-02,2026-04-07,2026-04-20,Completed,Normal
3795,Gift Aid declaration,Fundraising Ops,agent_14,2026-05-28,2026-06-17,,Blocked,Low
3796,Address change,Supporter Care,agent_16,2025-09-08,2025-09-10,2025-09-19,Completed,Normal
3797,Data request,Register Operations,agent_12,2025-03-08,2025-03-18,2025-03-31,Completed,High
3798,Consent follow-up,Supporter Care,agent_17,2025-09-21,2025-10-11,2025-10-02,Completed,High
3799,Consent follow-up,Fundraising Ops,agent_04,2026-04-09,2026-04-19,2026-05-09,Completed,Normal
3800,Complaint,Register Operations,agent_19,2025-07-11,2025-07-31,2025-08-01,Complete,Low
3801,Thank-you letter,Supporter Care,agent_03,2025-05-12,2025-05-17,2025-05-23,Completed,Normal
3802,Thank-you letter,Register Operations,agent_19,2026-08-13,2026-08-23,,In Progress,High
3803,Welcome pack,Register Operations,agent_06,2025-04-24,2025-05-04,2025-05-01,Completed,Urgent
3804,Complaint,Supporter Care,agent_25,2025-04-18,2025-04-28,,Open,Urgent
3805,Consent follow-up,Supporter Care,agent_25,2025-09-21,2025-10-01,2025-10-11,Completed,Normal
3806,Complaint,Supporter Care,agent_12,2025-11-01,2025-11-06,2025-11-01,Completed,Normal
3807,Data request,Fundraising Ops,agent_04,2025-10-18,2025-10-20,2025-11-12,Completed,Low
3808,Consent follow-up,Fundraising Ops,agent_24,2025-05-23,2025-06-02,2025-06-05,Completed,Normal
3809,Welcome pack,Supporter Care,agent_18,2025-03-28,2025-04-02,2025-04-05,Completed,Normal
3810,Gift Aid declaration,Fundraising Ops,agent_02,2025-05-27,2025-06-01,2025-06-13,Completed,Normal
3811,Data request,Fundraising Ops,agent_22,2026-02-07,2026-02-09,2026-02-27,Completed,Normal
3812,Swab kit dispatch,Fundraising Ops,agent_18,2025-04-09,2025-04-19,2025-04-21,Completed,Urgent
3813,Thank-you letter,Fundraising Ops,agent_16,2026-01-28,2026-02-07,2026-02-03,Completed,Low
3814,Data request,Register Operations,agent_26,2025-04-04,2025-04-06,2025-04-04,Completed,Low
3815,Swab kit dispatch,Fundraising Ops,agent_18,2025-09-28,2025-10-18,2025-10-04,Completed,High
3816,Consent follow-up,Supporter Care,agent_23,2026-07-28,2026-08-02,,Open,Low
3817,Gift Aid declaration,Supporter Care,agent_05,2026-01-21,2026-01-23,2026-02-07,Completed,Low
3818,Consent follow-up,Register Operations,agent_07,2026-08-01,2026-08-06,2026-08-13,Completed,Normal
3819,Thank-you letter,Fundraising Ops,agent_03,2026-05-12,2026-06-01,2026-05-14,Completed,Normal
3820,Thank-you letter,Supporter Care,agent_21,2025-12-10,2025-12-15,2025-12-13,Completed,High
3821,Complaint,Supporter Care,agent_22,2025-06-17,2025-06-22,2025-08-11,Completed,Normal
3822,Welcome pack,Register Operations,agent_26,2026-05-13,2026-05-23,2026-05-25,Completed,Normal
3823,Swab kit dispatch,Register Operations,agent_01,2025-09-14,2025-10-04,2025-09-23,Completed,Normal
3824,Data request,Register Operations,agent_16,2026-05-17,2026-05-27,2026-06-12,Completed,Normal
3825,Address change,Supporter Care,agent_24,2025-09-02,2025-09-22,2025-09-10,Completed,Normal
3826,Gift Aid declaration,Supporter Care,agent_04,2026-01-26,2026-01-28,2026-01-29,Completed,High
3827,Swab kit dispatch,Register Operations,agent_21,2026-04-09,2026-04-29,2026-03-23,Completed,Low
3828,Consent follow-up,Register Operations,agent_12,2025-11-07,2025-11-17,2025-11-22,Completed,Low
3829,Data request,Fundraising Ops,agent_24,2025-03-30,2025-04-09,2025-05-02,Completed,Normal
3830,Data request,Fundraising Ops,agent_23,2026-08-15,2026-08-20,2026-08-15,Completed,Normal
3831,Gift Aid declaration,Register Operations,agent_07,2026-05-02,2026-05-07,2026-05-23,Completed,High
3832,Consent follow-up,Supporter Care,agent_23,2025-10-25,2025-11-14,2025-11-08,Completed,Normal
3833,Welcome pack,Fundraising Ops,agent_22,2025-08-21,2025-08-26,2025-09-04,Completed,Urgent
3834,Address change,Fundraising Ops,agent_22,2025-09-27,2025-09-29,2025-09-30,Completed,Normal
3835,Address change,Fundraising Ops,agent_10,2026-04-18,2026-04-23,2026-05-01,Completed,Normal
3836,Thank-you letter,Fundraising Ops,agent_26,2026-04-27,2026-05-17,2026-05-05,Completed,Urgent
3837,Data request,Fundraising Ops,agent_17,2026-03-16,2026-03-21,2026-04-15,Completed,Normal
3838,Gift Aid declaration,Register Operations,agent_23,2025-12-06,2025-12-26,2025-12-16,Completed,Low
3839,Gift Aid declaration,Supporter Care,agent_07,2025-06-04,2025-06-14,2025-06-14,Completed,Normal
3840,Address change,Fundraising Ops,agent_18,2025-03-28,2025-03-30,2025-04-11,Completed,High
3841,Complaint,Supporter Care,agent_04,2025-12-11,2025-12-13,2026-01-15,Complete,High
3842,Consent follow-up,Fundraising Ops,agent_12,2025-07-04,2025-07-24,2025-07-27,Completed,High
3843,Welcome pack,Register Operations,agent_05,2025-08-27,2025-09-06,,Open,High
3844,Welcome pack,Register Operations,agent_02,2026-05-02,2026-05-07,2026-05-06,Completed,Low
3845,Data request,Fundraising Ops,,2025-04-22,2025-04-27,2025-05-19,Completed,Normal
3846,Thank-you letter,Supporter Care,agent_14,2025-11-27,2025-12-17,2025-12-03,Completed,Normal
3847,Welcome pack,Fundraising Ops,agent_09,2026-05-12,2026-06-01,2026-05-26,Completed,Normal
3848,Welcome pack,Fundraising Ops,agent_14,2026-01-10,2026-01-15,2026-01-22,Completed,Normal
3849,Thank-you letter,Register Operations,agent_21,2026-06-08,2026-06-28,2026-06-11,Completed,Normal
3850,Data request,Fundraising Ops,agent_19,2025-03-13,2025-03-15,2025-04-22,Completed,Normal
3851,Thank-you letter,Fundraising Ops,agent_07,2025-02-28,2025-03-20,2025-03-14,Completed,Normal
3852,Consent follow-up,Fundraising Ops,agent_03,2026-05-31,2026-06-02,2026-06-17,Completed,Normal
3853,Data request,Supporter Care,agent_14,2025-11-18,2025-11-20,2026-01-01,Completed,High
3854,Data request,Register Operations,agent_08,2025-08-14,2025-09-03,,Open,Low
3855,Consent follow-up,Fundraising Ops,agent_14,2025-05-08,2025-05-10,2025-06-04,Completed,Urgent
3856,Complaint,Register Operations,agent_15,2025-03-13,2025-03-23,2025-04-25,Completed,Normal
3857,Complaint,Supporter Care,agent_06,2025-08-26,2025-08-28,2025-09-23,Completed,High
3858,Swab kit dispatch,Register Operations,agent_23,2026-05-27,2026-05-29,2026-06-09,Completed,Normal
3859,Consent follow-up,Register Operations,agent_08,2026-05-12,2026-05-14,2026-06-09,Completed,High
3860,Welcome pack,Fundraising Ops,agent_18,2026-08-06,2026-08-11,,Open,Normal
3861,Thank-you letter,Register Operations,agent_12,2025-11-28,2025-12-08,2025-12-08,Completed,High
3862,Gift Aid declaration,Supporter Care,agent_05,2026-08-02,2026-08-04,,Blocked,Low
3863,Address change,Register Operations,agent_26,2026-03-02,2026-03-04,2026-03-11,Completed,Low
3864,Consent follow-up,Supporter Care,agent_02,2026-05-15,2026-06-04,2026-05-24,Completed,High
3865,Data request,Supporter Care,agent_25,2026-08-02,2026-08-12,,Blocked,High
3866,Gift Aid declaration,Fundraising Ops,agent_02,2025-05-01,2025-05-21,2025-05-20,Complete,Normal
3867,Gift Aid declaration,Register Operations,agent_09,2026-01-18,2026-01-23,2026-01-28,Completed,Normal
3868,Swab kit dispatch,Fundraising Ops,agent_02,2026-04-03,2026-04-13,2026-04-14,Completed,Normal
3869,Consent follow-up,Fundraising Ops,agent_05,2025-07-14,2025-07-19,,In Progress,Urgent
3870,Data request,Register Operations,agent_23,2026-06-15,2026-07-05,2026-07-15,Completed,Normal
3871,Data request,Register Operations,agent_13,2026-01-10,2026-01-30,2026-02-04,Completed,Normal
3872,Complaint,Supporter Care,agent_07,2026-03-25,2026-03-30,2026-05-05,Completed,Normal
3873,Complaint,Fundraising Ops,agent_13,2025-04-20,2025-04-25,2025-05-12,Completed,Low
3874,Complaint,Register Operations,agent_05,2026-02-17,2026-03-09,2026-03-03,Completed,High
3875,Complaint,Supporter Care,agent_23,2025-09-21,2025-10-01,2025-10-04,Completed,Normal
3876,Gift Aid declaration,Supporter Care,agent_17,2025-02-26,2025-02-28,2025-03-12,Completed,Normal
3877,Consent follow-up,Supporter Care,agent_25,2026-03-30,2026-04-09,2026-04-26,Completed,Low
3878,Welcome pack,Register Operations,agent_15,2025-11-13,2025-11-15,2025-11-30,Completed,Normal
3879,Thank-you letter,Supporter Care,agent_17,2026-02-18,2026-02-28,2026-02-21,Completed,Normal
3880,Welcome pack,Supporter Care,agent_18,2025-12-26,2025-12-28,2026-01-16,Completed,Low
3881,Data request,Fundraising Ops,agent_01,2026-07-27,2026-08-01,,Blocked,Normal
3882,Gift Aid declaration,Fundraising Ops,agent_11,2026-03-02,2026-03-12,2026-03-04,Completed,Low
3883,Thank-you letter,Supporter Care,agent_15,2026-03-03,2026-03-05,2026-03-15,Completed,Normal
3884,Complaint,Supporter Care,agent_24,2025-12-21,2026-01-10,2026-01-11,Completed,Normal
3885,Welcome pack,Fundraising Ops,agent_22,2026-04-01,2026-04-03,2026-04-15,Completed,Urgent
3886,Thank-you letter,Fundraising Ops,agent_23,2025-04-25,2025-05-15,2025-04-25,Completed,Normal
3887,Data request,Register Operations,agent_06,2025-03-18,2025-03-23,2025-04-07,Completed,Normal
3888,Swab kit dispatch,Supporter Care,agent_23,2026-03-05,2026-03-25,2026-03-10,Completed,Low
3889,Gift Aid declaration,Supporter Care,agent_08,2026-01-19,2026-01-21,2026-02-07,Completed,Normal
3890,Thank-you letter,Supporter Care,agent_13,2026-01-27,2026-02-16,2026-02-05,Completed,Low
3891,Thank-you letter,Register Operations,agent_14,2026-01-20,2026-02-09,,In Progress,Normal
3892,Welcome pack,Supporter Care,agent_02,2025-07-26,2025-08-05,2025-08-06,Completed,Normal
3893,Swab kit dispatch,Fundraising Ops,agent_17,2025-06-06,2025-06-16,2025-06-15,Completed,Normal
3894,Swab kit dispatch,Fundraising Ops,agent_25,2026-06-16,2026-06-21,2026-06-28,Completed,Normal
3895,Consent follow-up,Supporter Care,agent_03,2025-11-05,2025-11-15,2025-11-27,Completed,Normal
3896,Address change,Supporter Care,agent_20,2026-01-04,2026-01-14,2026-01-20,Completed,Normal
3897,Swab kit dispatch,Supporter Care,agent_22,2025-12-15,2026-01-04,2025-12-21,Completed,High
3898,Consent follow-up,Fundraising Ops,agent_24,2025-08-31,2025-09-02,2025-08-31,Complete,Low
3899,Welcome pack,Supporter Care,agent_26,2026-05-15,2026-05-25,2026-05-21,Completed,Low
3900,Welcome pack,Fundraising Ops,agent_23,2026-01-10,2026-01-15,2026-01-23,Completed,Normal
3901,Address change,Supporter Care,agent_12,2025-06-18,2025-06-20,2025-06-29,Completed,Urgent
3902,Thank-you letter,Supporter Care,agent_09,2026-03-12,2026-03-14,2026-03-22,Completed,Low
3903,Swab kit dispatch,Supporter Care,agent_05,2025-06-15,2025-06-25,2025-06-29,Completed,Normal
3904,Thank-you letter,Supporter Care,agent_19,2025-09-30,2025-10-05,,Open,High
3905,Swab kit dispatch,Register Operations,agent_10,2025-11-26,2025-11-28,2025-11-30,Completed,Normal
3906,Swab kit dispatch,Register Operations,agent_12,2026-05-12,2026-05-22,2026-05-27,Completed,Normal
3907,Data request,Supporter Care,agent_13,2025-12-11,2025-12-31,2025-12-27,Completed,Normal
3908,Address change,Supporter Care,agent_24,2025-07-04,2025-07-14,2025-07-17,Complete,High
3909,Data request,Supporter Care,agent_26,2026-06-28,2026-07-18,2026-07-21,Completed,Normal
3910,Address change,Supporter Care,agent_03,2026-04-12,2026-04-22,2026-04-26,Completed,Normal
3911,Swab kit dispatch,Fundraising Ops,agent_13,2026-05-08,2026-05-28,2026-05-22,Completed,Low
3912,Gift Aid declaration,Fundraising Ops,agent_16,2026-03-13,2026-03-18,2026-04-02,Completed,High
3913,Gift Aid declaration,Fundraising Ops,agent_18,2025-05-03,2025-05-05,2025-05-19,Completed,High
3914,Welcome pack,Fundraising Ops,agent_22,2025-04-29,2025-05-19,2025-05-15,Completed,Normal
3915,Address change,Register Operations,agent_06,2025-06-17,2025-07-07,,Blocked,High
3916,Gift Aid declaration,Supporter Care,agent_11,2025-03-26,2025-04-05,2025-03-29,Completed,Normal
3917,Gift Aid declaration,Supporter Care,agent_26,2025-05-28,2025-06-07,2025-06-08,Completed,High
3918,Thank-you letter,Supporter Care,agent_09,2025-09-02,2025-09-12,2025-09-13,Completed,High
3919,Consent follow-up,Register Operations,agent_07,2025-11-06,2025-11-26,2025-12-02,Completed,High
3920,Consent follow-up,Fundraising Ops,agent_14,2025-06-18,2025-06-20,2025-07-16,Completed,Normal
3921,Address change,Supporter Care,agent_02,2026-01-28,2026-02-07,2026-02-08,Completed,High
3922,Complaint,Register Operations,agent_26,2026-03-23,2026-04-02,2026-04-24,Completed,High
3923,Consent follow-up,Supporter Care,agent_03,2025-08-28,2025-09-17,2025-09-12,Completed,Normal
3924,Gift Aid declaration,Fundraising Ops,agent_12,2025-10-18,2025-10-28,,Open,Normal
3925,Welcome pack,Supporter Care,agent_13,2025-04-10,2025-04-15,2025-04-15,Completed,Normal
3926,Welcome pack,Register Operations,agent_18,2025-07-29,2025-08-03,2025-08-06,Completed,High
3927,Complaint,Register Operations,agent_19,2025-04-17,2025-04-27,2025-05-31,Completed,Low
3928,Gift Aid declaration,Supporter Care,agent_24,2025-06-11,2025-06-16,2025-06-19,Complete,Normal
3929,Address change,Supporter Care,agent_03,2025-07-24,2025-07-26,2025-08-04,Completed,Normal
3930,Address change,Fundraising Ops,agent_01,2025-05-11,2025-05-21,2025-05-17,Completed,Normal
3931,Swab kit dispatch,Fundraising Ops,agent_03,2025-10-21,2025-11-10,2025-10-31,Completed,Normal
3932,Data request,Supporter Care,agent_07,2026-03-13,2026-03-15,2026-04-13,Completed,Normal
3933,Address change,Supporter Care,agent_25,2025-12-17,2025-12-19,,In Progress,Normal
3934,Data request,Register Operations,agent_25,2025-06-26,2025-07-01,2025-07-23,Completed,Normal
3935,Address change,Supporter Care,agent_21,2026-05-20,2026-06-09,2026-05-20,Completed,Low
3936,Gift Aid declaration,Supporter Care,agent_20,2025-06-14,2025-06-24,,Open,Normal
3937,Address change,Register Operations,agent_19,2025-06-23,2025-06-25,2025-07-01,Completed,High
3938,Data request,Fundraising Ops,agent_04,2026-01-26,2026-02-05,2026-02-17,Complete,Low
3939,Welcome pack,Supporter Care,agent_07,2026-04-04,2026-04-24,2026-04-19,Completed,Normal
3940,Complaint,Register Operations,agent_06,2026-03-10,2026-03-30,2026-04-13,Completed,Normal
3941,Complaint,Register Operations,agent_10,2025-09-18,2025-09-28,2025-11-05,Completed,High
3942,Consent follow-up,Supporter Care,agent_04,2025-05-24,2025-06-03,2025-06-12,Completed,Low
3943,Gift Aid declaration,Supporter Care,agent_03,2026-06-13,2026-07-03,2026-07-01,Completed,Normal
3944,Address change,Supporter Care,agent_23,2025-06-10,2025-06-12,2025-06-18,Completed,Normal
3945,Address change,Supporter Care,agent_25,2025-05-10,2025-05-20,2025-05-27,Completed,Low
3946,Welcome pack,Fundraising Ops,agent_24,2025-11-29,2025-12-01,2025-12-11,Completed,Normal
3947,Data request,Supporter Care,agent_26,2026-01-16,2026-01-18,2026-02-02,Completed,Normal
3948,Address change,Register Operations,agent_10,2026-06-19,2026-06-21,2026-06-30,Completed,Normal
3949,Data request,Register Operations,agent_06,2026-01-10,2026-01-20,,In Progress,Normal
3950,Welcome pack,Register Operations,agent_09,2026-06-08,2026-06-18,2026-06-28,Completed,Normal
3951,Data request,Register Operations,agent_03,2025-11-06,2025-11-11,,In Progress,Low
3952,Address change,Supporter Care,agent_19,2025-08-07,2025-08-27,2025-08-25,Completed,Normal
3953,Consent follow-up,Register Operations,agent_22,2025-05-18,2025-06-07,,Blocked,Normal
3954,Thank-you letter,Register Operations,agent_17,2025-11-03,2025-11-05,2025-11-13,Completed,Normal
3955,Address change,Fundraising Ops,agent_13,2026-04-01,2026-04-21,2026-04-10,Completed,Normal
3956,Welcome pack,Supporter Care,agent_18,2025-10-19,2025-10-24,2025-10-29,Completed,Normal
3957,Thank-you letter,Supporter Care,agent_08,2026-04-15,2026-04-25,2026-04-21,Completed,High
3958,Complaint,Supporter Care,agent_06,2025-05-29,2025-06-18,2025-06-30,Completed,High
3959,Thank-you letter,Fundraising Ops,agent_10,2026-03-07,2026-03-12,2026-03-21,Completed,Low
3960,Gift Aid declaration,Supporter Care,agent_22,2025-09-10,2025-09-20,2025-09-20,Completed,Normal
3961,Data request,Register Operations,agent_09,2026-03-23,2026-04-12,2026-04-28,Completed,Normal
3962,Gift Aid declaration,Supporter Care,agent_08,2026-02-28,2026-03-05,,In Progress,Normal
3963,Complaint,Register Operations,agent_14,2026-06-07,2026-06-17,2026-06-07,Completed,Urgent
3964,Gift Aid declaration,Register Operations,agent_21,2025-04-24,2025-04-29,2025-05-08,Completed,High
3965,Data request,Register Operations,agent_15,2026-04-11,2026-04-13,,Open,Low
3966,Consent follow-up,Register Operations,agent_04,2026-07-05,2026-07-07,2026-07-28,Completed,Normal
3967,Data request,Register Operations,agent_01,2025-04-22,2025-04-27,2025-04-30,Completed,Normal
3968,Data request,Supporter Care,agent_04,2026-05-03,2026-05-13,2026-06-10,Completed,Normal
3969,Complaint,Supporter Care,agent_25,2026-04-05,2026-04-10,2026-05-06,Completed,Low
3970,Complaint,Register Operations,agent_07,2025-04-19,2025-04-21,2025-06-01,Completed,Normal
3971,Thank-you letter,Supporter Care,agent_04,2026-04-27,2026-04-29,2026-05-03,Completed,High
3972,Welcome pack,Supporter Care,agent_05,2025-09-16,2025-09-26,2025-09-24,Completed,Normal
3973,Gift Aid declaration,Supporter Care,agent_13,2026-06-22,2026-07-12,2026-07-06,Completed,High
3974,Consent follow-up,Supporter Care,agent_15,2025-02-26,2025-03-03,2025-04-03,Completed,Normal
3975,Welcome pack,Register Operations,agent_14,2025-03-16,2025-03-21,2025-04-01,Completed,Low
3976,Complaint,Fundraising Ops,agent_05,2026-01-13,2026-01-18,2026-02-11,Completed,Low
3977,Welcome pack,Fundraising Ops,agent_07,2025-11-28,2025-12-18,2025-12-01,Completed,Normal
3978,Thank-you letter,Fundraising Ops,agent_05,2025-04-28,2025-05-18,2025-05-07,Completed,Normal
3979,Thank-you letter,Supporter Care,agent_01,2026-02-23,2026-03-15,2026-03-06,Completed,High
3980,Address change,Supporter Care,agent_13,2026-07-13,2026-07-15,2026-08-06,Completed,Normal
3981,Address change,Supporter Care,agent_26,2026-06-01,2026-06-03,2026-06-08,Completed,Urgent
3982,Consent follow-up,Register Operations,agent_06,2025-10-15,2025-10-17,2025-11-06,Completed,Low
3983,Data request,Register Operations,agent_25,2025-07-25,2025-07-30,2025-08-12,Completed,Normal
3984,Swab kit dispatch,Register Operations,agent_14,2026-04-15,2026-04-20,2026-04-24,Completed,Low
3985,Consent follow-up,Supporter Care,agent_19,2025-07-13,2025-07-15,2025-07-28,Completed,High
3986,Data request,Supporter Care,agent_05,2025-07-18,2025-07-23,2025-08-11,Completed,Normal
3987,Address change,Supporter Care,agent_04,2025-11-03,2025-11-08,2025-11-21,Completed,Normal
3988,Gift Aid declaration,Fundraising Ops,agent_15,2025-08-01,2025-08-11,2025-08-09,Completed,Normal
3989,Gift Aid declaration,Register Operations,agent_17,2026-07-24,2026-07-29,,Open,Normal
3990,Complaint,Fundraising Ops,agent_20,2026-06-21,2026-06-26,2026-07-22,Completed,Normal
3991,Thank-you letter,Fundraising Ops,agent_24,2025-09-10,2025-09-20,2025-09-21,Completed,Normal
3992,Consent follow-up,Fundraising Ops,agent_22,2026-03-20,2026-03-30,2026-04-13,Completed,Normal
3993,Gift Aid declaration,Supporter Care,agent_11,2025-07-15,2025-07-17,2025-07-27,Completed,Low
3994,Thank-you letter,Supporter Care,agent_10,2025-03-10,2025-03-15,2025-03-21,Completed,Low
3995,Gift Aid declaration,Register Operations,agent_20,2026-03-12,2026-03-17,2026-03-25,Completed,Normal
3996,Welcome pack,Register Operations,agent_21,2026-05-02,2026-05-07,2026-05-13,Completed,High
3997,Address change,Fundraising Ops,agent_11,2025-04-11,2025-04-13,2025-04-19,Completed,Low
3998,Gift Aid declaration,Supporter Care,agent_12,2025-10-08,2025-10-18,2025-10-17,Completed,High
3999,Welcome pack,Supporter Care,agent_18,2025-09-27,2025-09-29,2025-10-03,Completed,Low
4000,Gift Aid declaration,Supporter Care,agent_15,2025-10-04,2025-10-06,2025-10-19,Completed,Low
4001,Thank-you letter,Fundraising Ops,agent_23,2026-05-11,2026-05-31,2026-05-22,Completed,Normal
4002,Swab kit dispatch,Register Operations,agent_03,2026-04-30,2026-05-10,2026-05-07,Completed,Low
4003,Swab kit dispatch,Fundraising Ops,agent_13,2025-10-26,2025-11-05,2025-10-27,Completed,Normal
4004,Thank-you letter,Fundraising Ops,agent_01,2025-10-21,2025-10-23,2025-10-28,Completed,Normal
4005,Thank-you letter,Fundraising Ops,agent_23,2025-12-03,2025-12-23,2025-12-11,Completed,Normal
4006,Complaint,Fundraising Ops,agent_19,2025-08-13,2025-08-23,2025-09-13,Completed,Normal
4007,Address change,Supporter Care,agent_01,2025-11-12,2025-11-17,2025-11-28,Completed,Normal
4008,Thank-you letter,Supporter Care,agent_05,2025-05-07,2025-05-27,2025-05-12,Completed,Normal
4009,Address change,Fundraising Ops,agent_14,2025-03-13,2025-03-18,2025-03-18,Completed,Low
4010,Consent follow-up,Fundraising Ops,agent_21,2026-07-28,2026-08-17,,Blocked,Urgent
4011,Complaint,Register Operations,agent_02,2025-12-07,2025-12-17,2025-12-20,Completed,Normal
4012,Gift Aid declaration,Register Operations,agent_12,2025-08-28,2025-09-07,2025-09-12,Completed,Normal
4013,Complaint,Supporter Care,agent_03,2025-08-27,2025-09-16,2025-10-01,Completed,Normal
4014,Address change,Register Operations,agent_21,2026-06-26,2026-06-28,2026-07-11,Completed,High
4015,Complaint,Supporter Care,agent_23,2026-01-19,2026-01-21,2026-02-06,Completed,Normal
4016,Complaint,Fundraising Ops,agent_08,2026-03-29,2026-04-08,2026-04-12,Completed,Low
4017,Swab kit dispatch,Fundraising Ops,agent_03,2026-02-11,2026-02-16,2026-02-17,Completed,Normal
4018,Address change,Supporter Care,agent_20,2026-01-28,2026-02-17,2026-02-15,Completed,Low
4019,Welcome pack,Supporter Care,agent_09,2026-02-03,2026-02-05,2026-02-12,Completed,Normal
4020,Welcome pack,Fundraising Ops,agent_13,2025-04-27,2025-05-17,2025-05-06,Completed,Low
4021,Data request,Register Operations,agent_13,2026-05-13,2026-05-18,2026-05-24,Completed,Normal
4022,Consent follow-up,Register Operations,agent_24,2025-08-17,2025-08-19,2025-09-01,Completed,High
4023,Swab kit dispatch,Fundraising Ops,agent_02,2026-07-15,2026-07-25,2026-07-27,Completed,Normal
4024,Address change,Register Operations,agent_02,2026-08-02,2026-08-04,,Open,Normal
4025,Thank-you letter,Fundraising Ops,agent_04,2026-01-06,2026-01-26,2026-01-13,Completed,Normal
4026,Address change,Supporter Care,agent_04,2025-03-11,2025-03-31,2025-03-22,Completed,Normal
4027,Thank-you letter,Register Operations,agent_25,2025-04-18,2025-04-20,2025-04-20,Completed,High
4028,Consent follow-up,Fundraising Ops,agent_05,2026-05-27,2026-06-01,2026-06-11,Completed,Low
4029,Consent follow-up,Fundraising Ops,agent_19,2025-02-26,2025-02-28,2025-03-05,Completed,Normal
4030,Thank-you letter,Supporter Care,agent_24,2025-12-29,2025-12-31,2026-01-03,Completed,High
4031,Address change,Supporter Care,agent_12,2026-06-08,2026-06-13,2026-06-22,Completed,Normal
4032,Consent follow-up,Fundraising Ops,agent_26,2025-04-11,2025-04-16,,In Progress,High
4033,Swab kit dispatch,Supporter Care,agent_04,2025-05-02,2025-05-22,,In Progress,Normal
4034,Consent follow-up,Register Operations,agent_26,2026-01-04,2026-01-14,2026-01-16,Completed,Normal
4035,Complaint,Register Operations,agent_02,2026-06-22,2026-07-12,2026-07-24,Completed,High
4036,Address change,Fundraising Ops,agent_16,2026-02-18,2026-02-20,2026-03-06,Completed,Normal
4037,Swab kit dispatch,Register Operations,agent_16,2025-07-10,2025-07-30,2025-07-22,Completed,High
4038,Address change,Supporter Care,agent_17,2025-10-27,2025-11-16,2025-10-27,Completed,High
4039,Complaint,Supporter Care,agent_03,2025-11-17,2025-11-19,2025-12-07,Completed,Normal
4040,Consent follow-up,Fundraising Ops,agent_06,2025-03-17,2025-04-06,2025-04-14,Completed,Low
4041,Gift Aid declaration,Fundraising Ops,agent_26,2026-05-31,2026-06-02,2026-06-26,Completed,Normal
4042,Welcome pack,Fundraising Ops,agent_10,2026-03-12,2026-03-14,2026-03-15,Completed,Normal
4043,Consent follow-up,Supporter Care,agent_19,2025-07-23,2025-08-12,2025-08-23,Completed,High
4044,Welcome pack,Register Operations,agent_10,2026-08-14,2026-09-03,,Blocked,Low
4045,Data request,Fundraising Ops,agent_24,2025-07-31,2025-08-05,2025-08-18,Complete,Normal
4046,Data request,Supporter Care,agent_24,2026-01-25,2026-01-27,2026-03-05,Completed,Low
4047,Data request,Fundraising Ops,agent_07,2025-06-02,2025-06-12,2025-07-11,Completed,Normal
4048,Address change,Register Operations,agent_16,2025-12-31,2026-01-20,2026-01-11,Completed,Normal
4049,Swab kit dispatch,Register Operations,agent_06,2026-07-04,2026-07-14,,Open,Normal
4050,Gift Aid declaration,Fundraising Ops,agent_17,2026-02-01,2026-02-03,2026-02-25,Completed,Low
4051,Complaint,Register Operations,agent_07,2025-06-14,2025-06-24,2025-06-14,Completed,Normal
4052,Complaint,Supporter Care,agent_23,2026-01-21,2026-01-26,2026-03-12,Completed,High
4053,Gift Aid declaration,Supporter Care,agent_07,2026-07-17,2026-07-19,2026-08-04,Completed,Low
4054,Swab kit dispatch,Register Operations,agent_07,2025-08-02,2025-08-22,2025-08-02,Completed,Normal
4055,Complaint,Fundraising Ops,agent_16,2025-12-18,2025-12-23,2026-01-17,Completed,Normal
4056,Gift Aid declaration,Register Operations,agent_10,2026-05-26,2026-06-05,2026-05-27,Completed,Normal
4057,Consent follow-up,Supporter Care,agent_01,2025-10-23,2025-10-25,2025-11-19,Completed,Low
4058,Address change,Fundraising Ops,agent_19,2026-02-04,2026-02-24,2026-02-16,Completed,High
4059,Welcome pack,Supporter Care,agent_10,2025-02-23,2025-03-15,2025-03-09,Completed,Normal
4060,Swab kit dispatch,Supporter Care,agent_01,2025-12-10,2025-12-30,2025-12-16,Completed,High
4061,Welcome pack,Supporter Care,agent_05,2025-10-01,2025-10-03,2025-10-16,Completed,Normal
4062,Swab kit dispatch,Supporter Care,agent_19,2026-07-04,2026-07-09,2026-07-17,Completed,High
4063,Address change,Fundraising Ops,agent_18,2026-03-09,2026-03-19,2026-04-01,Completed,Low
4064,Address change,Register Operations,agent_15,2025-07-15,2025-07-17,2025-07-28,Completed,Normal
4065,Complaint,Fundraising Ops,agent_22,2026-04-10,2026-04-12,2026-05-07,Completed,Normal
4066,Address change,Supporter Care,agent_14,2025-11-03,2025-11-13,2025-11-24,Completed,Normal
4067,Welcome pack,Supporter Care,agent_02,2025-10-17,2025-10-27,2025-11-02,Completed,Normal
4068,Gift Aid declaration,Fundraising Ops,agent_23,2025-07-05,2025-07-15,2025-07-17,Completed,Low
4069,Complaint,Register Operations,agent_24,2025-07-22,2025-08-01,2025-08-17,Completed,Normal
4070,Complaint,Register Operations,agent_02,2025-12-01,2025-12-06,2026-01-03,Completed,Normal
4071,Welcome pack,Register Operations,agent_15,2025-07-28,2025-08-17,2025-08-14,Completed,High
4072,Swab kit dispatch,Supporter Care,agent_19,2026-05-02,2026-05-04,2026-05-12,Completed,High
4073,Swab kit dispatch,Fundraising Ops,agent_04,2025-10-02,2025-10-12,2025-10-12,Completed,Low
4074,Thank-you letter,Fundraising Ops,agent_07,2025-07-24,2025-07-29,2025-08-03,Completed,Normal
4075,Complaint,Supporter Care,agent_26,2026-07-21,2026-07-23,,Open,Normal
4076,Gift Aid declaration,Fundraising Ops,agent_02,2025-04-01,2025-04-03,,Open,Normal
4077,Swab kit dispatch,Register Operations,,2025-07-29,2025-08-03,2025-08-06,Completed,Normal
4078,Address change,Supporter Care,agent_21,2025-09-08,2025-09-13,,In Progress,Low
4079,Welcome pack,Supporter Care,agent_18,2025-07-20,2025-07-22,2025-07-22,Completed,Normal
4080,Complaint,Fundraising Ops,agent_15,2025-10-21,2025-10-26,2025-10-30,Completed,Low
4081,Data request,Register Operations,agent_03,2026-03-01,2026-03-11,2026-03-25,Completed,Normal
4082,Consent follow-up,Supporter Care,agent_23,2025-05-26,2025-05-31,2025-06-17,Completed,Normal
4083,Thank-you letter,Supporter Care,agent_07,2025-12-23,2026-01-02,2025-12-27,Completed,Urgent
4084,Swab kit dispatch,Register Operations,agent_11,2026-02-10,2026-02-12,2026-02-18,Completed,Normal
4085,Thank-you letter,Fundraising Ops,agent_04,2025-06-15,2025-06-20,2025-06-21,Completed,High
4086,Gift Aid declaration,Supporter Care,agent_02,2025-04-07,2025-04-17,2025-04-27,Completed,Normal
4087,Gift Aid declaration,Supporter Care,agent_16,2026-03-15,2026-03-20,2026-03-20,Completed,Normal
4088,Gift Aid declaration,Supporter Care,agent_03,2025-11-25,2025-12-15,2025-12-12,Completed,Normal
4089,Address change,Fundraising Ops,agent_17,2025-12-18,2025-12-23,,Open,Normal
4090,Data request,Supporter Care,agent_05,2026-05-17,2026-05-19,2026-05-25,Completed,Normal
4091,Consent follow-up,Fundraising Ops,agent_12,2025-04-18,2025-04-23,2025-05-08,Completed,Normal
4092,Address change,Fundraising Ops,agent_16,2025-06-04,2025-06-14,2025-06-20,Completed,Normal
4093,Gift Aid declaration,Fundraising Ops,agent_14,2026-06-12,2026-07-02,2026-06-15,Completed,Normal
4094,Thank-you letter,Fundraising Ops,agent_06,2026-05-31,2026-06-10,2026-06-11,Completed,Normal
4095,Complaint,Fundraising Ops,agent_05,2026-01-02,2026-01-07,2026-02-24,Completed,Low
4096,Gift Aid declaration,Fundraising Ops,agent_07,2026-02-22,2026-03-14,2026-03-19,Completed,Urgent
4097,Swab kit dispatch,Supporter Care,agent_23,2025-12-07,2025-12-09,2025-12-07,Completed,Low
4098,Welcome pack,Register Operations,agent_04,2025-07-18,2025-07-20,2025-07-30,Completed,Normal
4099,Data request,Register Operations,agent_11,2026-08-08,2026-08-10,,Blocked,Low
4100,Swab kit dispatch,Register Operations,agent_17,2025-12-16,2025-12-18,2025-12-25,Completed,Normal
4101,Thank-you letter,Register Operations,agent_24,2026-05-18,2026-06-07,2026-05-25,Completed,Normal
4102,Consent follow-up,Register Operations,agent_21,2026-07-27,2026-07-29,2026-08-13,Completed,Normal
4103,Data request,Supporter Care,agent_12,2026-04-04,2026-04-09,,In Progress,High
4104,Welcome pack,Fundraising Ops,agent_09,2025-03-11,2025-03-31,2025-03-12,Completed,High
4105,Welcome pack,Register Operations,agent_11,2026-06-29,2026-07-04,2026-06-29,Completed,Low
4106,Consent follow-up,Supporter Care,agent_08,2026-04-13,2026-04-18,2026-04-24,Completed,High
4107,Consent follow-up,Fundraising Ops,agent_03,2025-09-22,2025-10-02,2025-10-17,Completed,Low
4108,Address change,Supporter Care,agent_25,2025-12-09,2025-12-19,2025-12-20,Completed,High
4109,Complaint,Register Operations,agent_12,2026-06-11,2026-07-01,2026-07-07,Completed,Normal
4110,Address change,Fundraising Ops,agent_02,2026-07-26,2026-08-15,2026-08-10,Completed,Low
4111,Thank-you letter,Supporter Care,agent_10,2025-08-28,2025-09-17,2025-09-08,Completed,Normal
4112,Welcome pack,Fundraising Ops,agent_09,2025-05-28,2025-05-30,2025-06-12,Completed,Normal
4113,Consent follow-up,Fundraising Ops,agent_26,2025-11-26,2025-12-01,2025-12-18,Completed,Normal
4114,Swab kit dispatch,Fundraising Ops,agent_03,2026-03-14,2026-04-03,2026-03-20,Completed,High
4115,Address change,Fundraising Ops,agent_06,2025-11-08,2025-11-28,2025-11-24,Completed,Low
4116,Swab kit dispatch,Fundraising Ops,agent_09,2025-03-16,2025-03-26,2025-03-21,Completed,Normal
4117,Consent follow-up,Supporter Care,agent_05,2025-06-10,2025-06-20,2025-07-11,Completed,Normal
4118,Address change,Fundraising Ops,agent_09,2026-06-16,2026-07-06,,Blocked,Normal
4119,Address change,Supporter Care,agent_19,2025-10-12,2025-11-01,2025-10-30,Completed,Low
4120,Swab kit dispatch,Register Operations,agent_02,2025-11-13,2025-11-18,2025-11-28,Completed,Normal
4121,Address change,Fundraising Ops,agent_07,2025-12-17,2025-12-19,2026-01-08,Completed,Low
4122,Thank-you letter,Register Operations,agent_23,2025-12-20,2025-12-25,2025-12-29,Completed,Low
4123,Data request,Register Operations,agent_08,2026-05-21,2026-05-31,2026-05-27,Completed,Normal
4124,Thank-you letter,Fundraising Ops,agent_12,2026-04-28,2026-05-18,2026-05-13,Completed,Normal
4125,Consent follow-up,Fundraising Ops,agent_01,2025-12-10,2025-12-20,2025-12-28,Completed,Low
4126,Welcome pack,Register Operations,agent_10,2025-05-11,2025-05-21,2025-05-19,Completed,Normal
4127,Address change,Register Operations,agent_02,2025-11-29,2025-12-01,2025-12-11,Completed,Normal
4128,Thank-you letter,Supporter Care,agent_05,2026-07-30,2026-08-01,2026-08-09,Completed,Normal
4129,Address change,Fundraising Ops,agent_11,2025-04-17,2025-04-22,2025-05-03,Completed,Low
4130,Complaint,Fundraising Ops,agent_06,2025-03-12,2025-03-22,2025-03-24,Completed,Urgent
4131,Gift Aid declaration,Register Operations,agent_23,2025-06-21,2025-07-11,2025-06-30,Completed,Normal
4132,Address change,Register Operations,agent_07,2025-05-31,2025-06-10,2025-06-12,Completed,Normal
4133,Address change,Supporter Care,agent_08,2026-05-11,2026-05-13,2026-05-24,Completed,Low
4134,Consent follow-up,Register Operations,agent_22,2025-06-07,2025-06-27,2025-06-11,Completed,Normal
4135,Complaint,Supporter Care,agent_09,2025-09-16,2025-09-21,2025-10-27,Completed,Low
4136,Welcome pack,Fundraising Ops,agent_21,2026-06-01,2026-06-11,,In Progress,High
4137,Swab kit dispatch,Supporter Care,agent_19,2026-03-02,2026-03-07,2026-03-09,Completed,Normal
4138,Swab kit dispatch,Register Operations,agent_17,2026-02-20,2026-03-12,2026-03-03,Completed,Normal
4139,Consent follow-up,Register Operations,agent_15,2026-03-27,2026-04-16,2026-04-11,Completed,Low
4140,Thank-you letter,Supporter Care,agent_20,2025-11-20,2025-11-22,2025-11-24,Completed,Low
4141,Consent follow-up,Supporter Care,agent_19,2026-02-13,2026-03-05,2026-02-22,Completed,Normal
4142,Consent follow-up,Fundraising Ops,agent_12,2026-01-16,2026-01-21,2026-02-05,Completed,Normal
4143,Complaint,Fundraising Ops,,2025-12-05,2025-12-10,,Open,Normal
4144,Complaint,Supporter Care,agent_06,2025-05-21,2025-05-26,2025-06-05,Completed,Normal
4145,Consent follow-up,Supporter Care,agent_18,2025-06-26,2025-06-28,2025-07-03,Completed,Normal
4146,Consent follow-up,Register Operations,agent_20,2026-02-10,2026-02-15,2026-02-10,Completed,Low
4147,Consent follow-up,Fundraising Ops,agent_05,2025-08-11,2025-08-31,2025-08-20,Completed,Low
4148,Consent follow-up,Supporter Care,agent_14,2026-05-21,2026-05-23,,Open,Normal
4149,Consent follow-up,Fundraising Ops,agent_10,2026-05-13,2026-06-02,2026-06-12,Completed,Normal
4150,Consent follow-up,Supporter Care,agent_11,2025-05-07,2025-05-27,2025-05-22,Completed,Normal
4151,Welcome pack,Supporter Care,agent_05,2025-08-30,2025-09-04,2025-09-06,Completed,Normal
4152,Welcome pack,Register Operations,agent_22,2025-11-08,2025-11-28,2025-11-23,Completed,Normal
4153,Consent follow-up,Fundraising Ops,agent_04,2026-06-18,2026-06-23,2026-07-17,Completed,Normal
4154,Gift Aid declaration,Fundraising Ops,agent_26,2025-10-28,2025-11-02,2025-11-06,Completed,Urgent
4155,Swab kit dispatch,Supporter Care,agent_25,2025-04-27,2025-05-02,2025-05-04,Completed,Normal
4156,Data request,Supporter Care,agent_25,2026-06-12,2026-06-17,2026-07-10,Completed,Low
4157,Thank-you letter,Fundraising Ops,agent_13,2026-05-04,2026-05-06,2026-05-13,Completed,Low
4158,Thank-you letter,Fundraising Ops,agent_15,2026-03-04,2026-03-14,2026-03-18,Completed,Normal
4159,Complaint,Supporter Care,agent_25,2025-09-02,2025-09-04,2025-10-15,Completed,Normal
4160,Complaint,Fundraising Ops,agent_19,2025-12-10,2025-12-20,2026-01-12,Complete,Normal
4161,Address change,Register Operations,agent_20,2026-03-20,2026-03-22,2026-03-30,Completed,High
4162,Gift Aid declaration,Register Operations,agent_25,2026-03-14,2026-03-24,2026-04-03,Completed,High
4163,Thank-you letter,Supporter Care,agent_26,2025-03-13,2025-03-15,2025-03-25,Complete,Normal
4164,Swab kit dispatch,Register Operations,agent_09,2025-06-17,2025-06-19,2025-06-23,Completed,Low
4165,Welcome pack,Supporter Care,agent_18,2025-07-13,2025-07-18,2025-07-18,Completed,Normal
4166,Welcome pack,Fundraising Ops,agent_14,2025-04-04,2025-04-09,2025-04-19,Completed,Normal
4167,Gift Aid declaration,Supporter Care,agent_19,2025-08-01,2025-08-03,2025-08-12,Completed,High
4168,Thank-you letter,Register Operations,agent_22,2025-04-13,2025-04-18,2025-04-19,Completed,Normal
4169,Address change,Register Operations,agent_04,2025-03-28,2025-03-30,2025-03-28,Completed,Normal
4170,Address change,Supporter Care,agent_21,2025-04-08,2025-04-28,2025-04-26,Completed,Low
4171,Address change,Supporter Care,agent_09,2025-05-18,2025-06-07,2025-06-10,Completed,Normal
4172,Consent follow-up,Register Operations,agent_18,2025-05-09,2025-05-19,2025-06-03,Completed,High
4173,Complaint,Fundraising Ops,agent_10,2026-02-23,2026-02-28,2026-03-31,Completed,Normal
4174,Consent follow-up,Register Operations,agent_16,2025-02-23,2025-02-25,2025-03-21,Completed,Normal
4175,Gift Aid declaration,Register Operations,agent_19,2026-03-28,2026-03-30,2026-03-29,Completed,High
4176,Welcome pack,Fundraising Ops,agent_14,2026-02-04,2026-02-14,2026-02-15,Completed,High
4177,Address change,Register Operations,agent_01,2025-03-08,2025-03-10,2025-03-22,Completed,Normal
4178,Gift Aid declaration,Fundraising Ops,agent_20,2026-02-09,2026-03-01,,Open,Normal
4179,Gift Aid declaration,Fundraising Ops,agent_25,2026-01-09,2026-01-14,2026-01-30,Completed,Normal
4180,Swab kit dispatch,Register Operations,agent_09,2026-04-30,2026-05-20,2026-05-15,Completed,Normal
4181,Gift Aid declaration,Register Operations,agent_24,2025-09-20,2025-09-25,2025-09-28,Completed,Normal
4182,Data request,Fundraising Ops,agent_15,2026-07-06,2026-07-11,2026-08-02,Completed,Normal
4183,Consent follow-up,Supporter Care,agent_20,2025-06-26,2025-07-16,2025-07-11,Completed,Normal
4184,Consent follow-up,Fundraising Ops,agent_03,2025-05-24,2025-05-26,2025-05-30,Completed,High
4185,Thank-you letter,Supporter Care,agent_02,2025-10-17,2025-10-19,2025-10-18,Complete,Normal
4186,Complaint,Register Operations,agent_16,2025-10-13,2025-10-23,,Blocked,Normal
4187,Swab kit dispatch,Fundraising Ops,agent_13,2025-10-08,2025-10-13,2025-10-14,Completed,Normal
4188,Swab kit dispatch,Fundraising Ops,agent_14,2026-06-24,2026-06-29,2026-07-16,Completed,Normal
4189,Data request,Register Operations,agent_20,2025-08-26,2025-08-31,2025-09-18,Completed,Normal
4190,Swab kit dispatch,Fundraising Ops,agent_01,2025-06-28,2025-06-30,2025-07-09,Completed,Normal
4191,Complaint,Supporter Care,agent_05,2026-02-21,2026-03-13,2026-03-31,Completed,Low
4192,Welcome pack,Supporter Care,agent_05,2026-08-01,2026-08-21,2026-08-05,Completed,Normal
4193,Gift Aid declaration,Supporter Care,agent_07,2026-06-22,2026-06-24,2026-07-12,Complete,Normal
4194,Consent follow-up,Fundraising Ops,agent_15,2025-08-11,2025-08-31,2025-08-30,Completed,Low
4195,Address change,Register Operations,agent_15,2026-01-26,2026-02-15,2026-01-26,Completed,Normal
4196,Complaint,Register Operations,agent_25,2025-06-11,2025-06-16,2025-07-09,Completed,Low
4197,Consent follow-up,Register Operations,agent_03,2025-12-18,2025-12-28,2025-12-30,Completed,Urgent
4198,Thank-you letter,Fundraising Ops,agent_01,2026-01-03,2026-01-13,2026-01-08,Completed,Normal
4199,Gift Aid declaration,Register Operations,agent_09,2025-09-19,2025-09-21,2025-10-04,Completed,High
4200,Consent follow-up,Supporter Care,agent_22,2025-03-20,2025-03-22,,Blocked,High
4201,Swab kit dispatch,Register Operations,agent_05,2025-11-21,2025-12-01,2025-12-02,Completed,Normal
4202,Swab kit dispatch,Supporter Care,agent_03,2025-09-17,2025-09-19,2025-09-23,Completed,Normal
4203,Swab kit dispatch,Register Operations,agent_09,2025-10-12,2025-10-17,2025-10-26,Completed,Normal
4204,Consent follow-up,Supporter Care,agent_06,2026-08-05,2026-08-10,,Open,High
4205,Consent follow-up,Fundraising Ops,agent_20,2026-05-04,2026-05-14,2026-06-04,Completed,Low
4206,Address change,Register Operations,agent_12,2025-06-14,2025-06-19,2025-06-24,Completed,Normal
4207,Swab kit dispatch,Supporter Care,agent_07,2025-10-30,2025-11-01,2025-11-05,Completed,Low
4208,Welcome pack,Fundraising Ops,agent_17,2025-06-22,2025-07-12,2025-07-05,Completed,Normal
4209,Data request,Register Operations,agent_14,2025-03-03,2025-03-13,2025-03-25,Completed,Low
4210,Gift Aid declaration,Register Operations,agent_24,2026-07-08,2026-07-18,2026-07-22,Completed,High
4211,Data request,Supporter Care,agent_18,2025-09-16,2025-09-26,2025-10-16,Completed,Normal
4212,Gift Aid declaration,Register Operations,agent_05,2026-05-12,2026-05-17,2026-06-01,Completed,High
4213,Welcome pack,Fundraising Ops,agent_23,2025-12-30,2026-01-09,2026-01-08,Completed,Normal
4214,Gift Aid declaration,Register Operations,agent_13,2025-03-14,2025-03-16,2025-03-17,Completed,High
4215,Address change,Supporter Care,agent_14,2026-07-19,2026-07-29,2026-08-16,Completed,Normal
4216,Complaint,Fundraising Ops,agent_16,2026-04-05,2026-04-25,2026-05-18,Completed,High
4217,Thank-you letter,Register Operations,agent_06,2026-05-10,2026-05-12,2026-05-12,Completed,Normal
4218,Welcome pack,Fundraising Ops,agent_08,2026-01-05,2026-01-10,2026-01-22,Completed,Normal
4219,Address change,Register Operations,agent_25,2025-07-29,2025-08-03,2025-08-09,Completed,Normal
4220,Swab kit dispatch,Fundraising Ops,agent_20,2026-08-06,2026-08-26,,Blocked,Normal
4221,Thank-you letter,Fundraising Ops,agent_24,2026-08-07,2026-08-12,,Open,Low
4222,Swab kit dispatch,Register Operations,agent_08,2026-01-23,2026-01-25,2026-02-05,Completed,Normal
4223,Welcome pack,Supporter Care,agent_21,2026-05-11,2026-05-16,,Blocked,Normal
4224,Complaint,Register Operations,agent_12,2026-04-28,2026-05-08,2026-06-04,Completed,Normal
4225,Complaint,Supporter Care,agent_01,2025-08-29,2025-08-31,2025-10-11,Completed,Low
4226,Address change,Register Operations,agent_11,2026-03-29,2026-04-18,2026-04-14,Completed,Normal
4227,Consent follow-up,Register Operations,agent_06,2025-09-03,2025-09-23,2025-09-24,Completed,High
4228,Complaint,Register Operations,agent_02,2026-07-02,2026-07-04,,Blocked,High
4229,Data request,Supporter Care,agent_10,2025-09-30,2025-10-20,2025-10-26,Completed,Low
4230,Swab kit dispatch,Register Operations,agent_20,2026-04-19,2026-04-24,2026-04-25,Completed,Low
4231,Consent follow-up,Register Operations,agent_25,2025-06-27,2025-07-17,2025-07-24,Completed,Low
4232,Swab kit dispatch,Register Operations,agent_16,2025-06-13,2025-06-23,2025-06-21,Completed,Low
4233,Address change,Fundraising Ops,agent_22,2026-03-06,2026-03-11,2026-03-15,Completed,High
4234,Complaint,Fundraising Ops,agent_26,2026-03-13,2026-03-23,2026-03-21,Completed,Normal
4235,Gift Aid declaration,Register Operations,agent_16,2025-05-21,2025-05-26,2025-05-31,Completed,Normal
4236,Complaint,Supporter Care,agent_03,2026-01-30,2026-02-19,2026-03-10,Completed,Normal
4237,Thank-you letter,Fundraising Ops,agent_06,2026-07-06,2026-07-11,2026-07-24,Completed,High
4238,Data request,Register Operations,agent_10,2025-09-08,2025-09-13,2025-10-08,Completed,Low
4239,Address change,Supporter Care,agent_23,2025-03-16,2025-04-05,2025-03-27,Completed,Normal
4240,Address change,Register Operations,agent_23,2025-03-26,2025-04-15,2025-04-04,Completed,Normal
4241,Thank-you letter,Register Operations,agent_19,2025-06-23,2025-07-03,2025-07-05,Completed,Low
4242,Complaint,Register Operations,agent_01,2025-08-14,2025-08-19,2025-08-16,Completed,Normal
4243,Address change,Fundraising Ops,agent_13,2025-10-04,2025-10-09,2025-10-23,Completed,Low
4244,Complaint,Supporter Care,agent_20,2026-04-14,2026-04-19,2026-05-06,Completed,Low
4245,Thank-you letter,Supporter Care,agent_04,2025-04-24,2025-04-26,2025-04-26,Completed,Low
4246,Thank-you letter,Fundraising Ops,agent_15,2025-11-11,2025-11-13,2025-11-19,Completed,Normal
4247,Swab kit dispatch,Register Operations,agent_04,2025-08-14,2025-08-16,2025-08-30,Completed,High
4248,Welcome pack,Supporter Care,agent_07,2026-06-06,2026-06-16,,Blocked,Low
4249,Data request,Fundraising Ops,agent_12,2026-07-28,2026-07-30,2026-08-16,Completed,Normal
4250,Thank-you letter,Register Operations,agent_26,2025-11-23,2025-11-28,2025-12-06,Completed,High
4251,Complaint,Supporter Care,agent_11,2025-09-14,2025-09-19,2025-10-07,Completed,Normal
4252,Consent follow-up,Supporter Care,agent_08,2025-06-22,2025-07-12,2025-07-15,Completed,Normal
4253,Complaint,Supporter Care,agent_04,2025-08-17,2025-09-06,2025-09-06,Completed,Low
4254,Consent follow-up,Supporter Care,agent_07,2026-04-24,2026-04-29,2026-06-02,Completed,Low
4255,Thank-you letter,Supporter Care,agent_03,2025-05-02,2025-05-04,2025-05-04,Completed,Normal
4256,Consent follow-up,Register Operations,agent_22,2025-12-26,2025-12-28,2026-01-23,Completed,Normal
4257,Data request,Register Operations,agent_05,2025-08-02,2025-08-04,2025-07-23,Completed,Normal
4258,Thank-you letter,Register Operations,agent_21,2025-07-13,2025-07-18,2025-07-26,Completed,Low
4259,Complaint,Register Operations,agent_11,2026-08-14,2026-08-24,,In Progress,Normal
4260,Consent follow-up,Register Operations,agent_17,2026-02-09,2026-02-11,,In Progress,Normal
4261,Gift Aid declaration,Register Operations,agent_02,2026-03-24,2026-04-13,2026-04-09,Completed,Normal
4262,Data request,Register Operations,agent_17,2025-06-21,2025-07-01,2025-06-21,Complete,Normal
4263,Complaint,Register Operations,agent_20,2026-08-16,2026-08-21,,In Progress,High
4264,Consent follow-up,Fundraising Ops,agent_17,2025-04-28,2025-05-18,2025-05-03,Completed,Low
4265,Gift Aid declaration,Register Operations,agent_23,2025-05-16,2025-05-21,2025-05-29,Completed,Normal
4266,Consent follow-up,Fundraising Ops,agent_17,2025-06-24,2025-06-26,2025-07-09,Completed,Normal
4267,Data request,Register Operations,agent_18,2025-07-24,2025-08-13,2025-07-26,Completed,High
4268,Welcome pack,Supporter Care,agent_15,2025-03-27,2025-04-01,,In Progress,Low
4269,Swab kit dispatch,Register Operations,agent_22,2025-11-23,2025-12-13,2025-12-02,Completed,Normal
4270,Complaint,Fundraising Ops,agent_17,2025-04-28,2025-05-18,,Blocked,High
4271,Data request,Fundraising Ops,agent_10,2025-05-23,2025-05-25,2025-06-13,Completed,High
4272,Gift Aid declaration,Register Operations,agent_14,2025-03-19,2025-03-29,2025-04-05,Completed,High
4273,Consent follow-up,Supporter Care,agent_15,2025-05-19,2025-05-24,2025-06-22,Completed,Low
4274,Swab kit dispatch,Register Operations,agent_16,2025-10-24,2025-10-29,2025-10-26,Completed,High
4275,Data request,Register Operations,agent_26,2025-04-03,2025-04-08,2025-05-03,Completed,High
4276,Welcome pack,Supporter Care,agent_24,2026-01-31,2026-02-02,2026-02-07,Completed,High
4277,Address change,Supporter Care,agent_05,2025-03-27,2025-04-06,2025-04-13,Complete,Normal
4278,Welcome pack,Supporter Care,agent_25,2026-04-03,2026-04-08,2026-04-16,Completed,Urgent
4279,Address change,Fundraising Ops,agent_07,2025-04-22,2025-05-02,2025-05-03,Completed,Normal
4280,Data request,Register Operations,agent_05,2026-07-08,2026-07-10,,Open,Normal
4281,Address change,Supporter Care,agent_23,2026-03-13,2026-03-18,,Blocked,Normal
4282,Data request,Register Operations,agent_10,2026-06-09,2026-06-11,2026-07-01,Completed,Normal
4283,Welcome pack,Register Operations,agent_26,2026-06-17,2026-06-19,2026-05-29,Completed,Normal
4284,Complaint,Register Operations,agent_13,2025-07-02,2025-07-12,2025-07-19,Completed,Low
4285,Complaint,Fundraising Ops,agent_09,2025-07-26,2025-08-05,2025-09-22,Completed,Normal
4286,Welcome pack,Fundraising Ops,agent_02,2026-01-25,2026-01-30,2026-02-14,Completed,Normal
4287,Gift Aid declaration,Supporter Care,agent_11,2025-08-31,2025-09-05,2025-09-16,Completed,Normal
4288,Welcome pack,Fundraising Ops,agent_07,2025-03-12,2025-04-01,2025-03-27,Completed,Normal
4289,Thank-you letter,Supporter Care,agent_18,2025-04-25,2025-05-05,,Blocked,Low
4290,Swab kit dispatch,Register Operations,agent_17,2026-07-28,2026-08-17,2026-08-16,Completed,Normal
4291,Address change,Register Operations,agent_10,2026-01-22,2026-01-27,2026-02-01,Complete,High
4292,Consent follow-up,Fundraising Ops,agent_18,2025-07-27,2025-08-06,2025-08-10,Completed,Low
4293,Address change,Fundraising Ops,agent_03,2025-02-27,2025-03-09,2025-03-10,Completed,Urgent
4294,Address change,Register Operations,agent_11,2025-09-16,2025-09-26,2025-09-20,Completed,Low
4295,Data request,Fundraising Ops,agent_25,2025-04-08,2025-04-28,,Open,High
4296,Data request,Fundraising Ops,agent_04,2025-12-26,2026-01-15,2026-01-22,Completed,Normal
4297,Welcome pack,Register Operations,agent_10,2026-05-09,2026-05-19,2026-05-25,Completed,Low
4298,Swab kit dispatch,Register Operations,agent_01,2025-12-18,2025-12-23,2025-12-27,Completed,Normal
4299,Gift Aid declaration,Fundraising Ops,agent_01,2025-12-28,2026-01-17,2025-12-14,Completed,High
4300,Welcome pack,Fundraising Ops,agent_21,2025-04-18,2025-05-08,2025-05-06,Completed,Low
4301,Thank-you letter,Supporter Care,agent_13,2026-06-11,2026-06-13,2026-06-14,Completed,Low
4302,Gift Aid declaration,Fundraising Ops,agent_20,2025-03-10,2025-03-20,2025-03-23,Completed,High
4303,Consent follow-up,Fundraising Ops,agent_26,2025-12-05,2025-12-10,2026-01-07,Completed,Normal
4304,Thank-you letter,Fundraising Ops,agent_12,2025-06-14,2025-07-04,2025-06-19,Completed,Normal
4305,Data request,Supporter Care,agent_02,2026-04-01,2026-04-03,2026-04-13,Completed,Low
4306,Welcome pack,Register Operations,agent_22,2025-04-02,2025-04-07,,Completed,Low
4307,Complaint,Fundraising Ops,agent_05,2025-12-09,2025-12-11,2026-01-07,Completed,High
4308,Address change,Register Operations,agent_05,2025-11-26,2025-12-01,2025-12-14,Completed,High
4309,Complaint,Fundraising Ops,agent_08,2026-03-29,2026-03-31,2026-05-18,Completed,Normal
4310,Gift Aid declaration,Fundraising Ops,agent_17,2025-09-17,2025-09-19,2025-10-05,Completed,Urgent
4311,Gift Aid declaration,Fundraising Ops,agent_16,2025-08-06,2025-08-08,2025-08-28,Completed,Normal
4312,Complaint,Fundraising Ops,agent_06,2025-03-24,2025-03-26,2025-05-08,Completed,High
4313,Thank-you letter,Fundraising Ops,agent_04,2026-06-24,2026-06-26,2026-07-10,Completed,Normal
4314,Data request,Fundraising Ops,agent_17,2025-05-31,2025-06-02,2025-06-23,Completed,Urgent
4315,Welcome pack,Register Operations,agent_09,2026-03-29,2026-03-31,2026-04-15,Completed,Normal
4316,Gift Aid declaration,Fundraising Ops,agent_18,2026-05-07,2026-05-12,2026-05-27,Completed,Normal
4317,Consent follow-up,Fundraising Ops,agent_12,2025-03-04,2025-03-24,2025-04-09,Complete,Normal
4318,Welcome pack,Register Operations,agent_01,2025-07-02,2025-07-04,2025-07-10,Completed,Normal
4319,Welcome pack,Register Operations,agent_09,2026-07-15,2026-07-25,,In Progress,Low
4320,Swab kit dispatch,Fundraising Ops,agent_05,2026-05-23,2026-05-28,2026-05-31,Completed,High
4321,Swab kit dispatch,Fundraising Ops,agent_13,2026-06-09,2026-06-19,2026-06-26,Complete,Normal
4322,Consent follow-up,Register Operations,agent_24,2026-05-01,2026-05-21,2026-05-25,Completed,Normal
4323,Thank-you letter,Register Operations,agent_05,2026-05-08,2026-05-28,2026-05-12,Completed,High
4324,Data request,Supporter Care,agent_17,2025-12-28,2026-01-02,2026-01-23,Completed,High
4325,Thank-you letter,Supporter Care,agent_26,2025-10-07,2025-10-09,2025-10-15,Completed,Normal
4326,Address change,Register Operations,agent_18,2025-12-26,2025-12-31,2025-12-30,Completed,Low
4327,Data request,Supporter Care,agent_11,2025-12-09,2025-12-14,2025-12-16,Completed,Low
4328,Address change,Fundraising Ops,agent_24,2025-12-06,2025-12-16,2025-12-15,Completed,Low
4329,Thank-you letter,Fundraising Ops,agent_13,2025-05-10,2025-05-12,2025-05-22,Completed,Low
4330,Consent follow-up,Fundraising Ops,agent_14,2025-06-21,2025-07-01,2025-07-14,Completed,Normal
4331,Consent follow-up,Fundraising Ops,agent_09,2026-05-16,2026-05-26,2026-06-03,Completed,Normal
4332,Consent follow-up,Supporter Care,agent_16,2025-08-16,2025-08-21,2025-09-14,Completed,Normal
4333,Welcome pack,Supporter Care,agent_22,2026-05-02,2026-05-04,2026-05-08,Completed,Urgent
4334,Thank-you letter,Register Operations,agent_03,2025-03-07,2025-03-27,2025-03-16,Complete,High
4335,Complaint,Supporter Care,agent_17,2026-01-04,2026-01-09,2026-01-06,Completed,Normal
4336,Welcome pack,Register Operations,agent_25,2025-10-11,2025-10-13,2025-10-13,Completed,Normal
4337,Address change,Register Operations,agent_15,2025-05-13,2025-05-15,2025-05-18,Completed,Normal
4338,Swab kit dispatch,Register Operations,agent_01,2026-07-07,2026-07-17,2026-07-16,Completed,Normal
4339,Address change,Register Operations,agent_14,2026-04-22,2026-05-12,,Completed,Normal
4340,Thank-you letter,Register Operations,agent_02,2025-05-20,2025-06-09,2025-05-23,Completed,Normal
4341,Data request,Supporter Care,agent_16,2025-08-18,2025-09-07,2025-08-18,Completed,Urgent
4342,Complaint,Fundraising Ops,agent_26,2026-04-03,2026-04-08,2026-05-03,Completed,Urgent
4343,Welcome pack,Register Operations,agent_21,2026-01-28,2026-02-07,,In Progress,Normal
4344,Gift Aid declaration,Supporter Care,agent_15,2026-03-06,2026-03-16,2026-03-11,Completed,Normal
4345,Gift Aid declaration,Supporter Care,agent_13,2026-05-05,2026-05-15,2026-05-25,Completed,Low
4346,Gift Aid declaration,Fundraising Ops,agent_16,2026-03-04,2026-03-14,2026-03-23,Completed,Normal
4347,Swab kit dispatch,Fundraising Ops,agent_21,2026-03-27,2026-03-29,2026-04-03,Completed,Normal
4348,Consent follow-up,Fundraising Ops,agent_12,2025-08-20,2025-09-09,2025-09-04,Completed,High
4349,Swab kit dispatch,Register Operations,agent_06,2025-03-20,2025-03-22,2025-03-23,Completed,High
4350,Consent follow-up,Supporter Care,agent_19,2025-11-06,2025-11-26,2025-11-28,Completed,Normal
4351,Swab kit dispatch,Register Operations,agent_11,2025-04-09,2025-04-14,,In Progress,High
4352,Welcome pack,Fundraising Ops,agent_17,2026-01-28,2026-02-07,2026-02-01,Completed,Low
4353,Welcome pack,Fundraising Ops,agent_23,2025-04-13,2025-04-18,2025-04-18,Complete,Normal
4354,Thank-you letter,Fundraising Ops,agent_17,2025-12-18,2026-01-07,2025-12-29,Completed,Normal
4355,Data request,Supporter Care,agent_09,2026-03-14,2026-03-19,2026-03-18,Completed,Normal
4356,Swab kit dispatch,Register Operations,agent_15,2026-02-04,2026-02-06,2026-02-11,Completed,Low
4357,Data request,Fundraising Ops,agent_09,2025-03-10,2025-03-30,2025-03-25,Complete,High
4358,Data request,Supporter Care,agent_26,2026-01-18,2026-01-28,2026-02-01,Completed,Normal
4359,Thank-you letter,Register Operations,agent_13,2026-03-10,2026-03-15,2026-03-14,Completed,Normal
4360,Complaint,Fundraising Ops,agent_17,2025-09-13,2025-10-03,2025-10-06,Completed,High
4361,Complaint,Supporter Care,agent_22,2026-02-24,2026-02-26,2026-03-17,Completed,Normal
4362,Data request,Register Operations,agent_18,2026-01-14,2026-01-19,2026-01-21,Completed,Normal
4363,Data request,Supporter Care,agent_15,2026-05-14,2026-05-16,2026-06-04,Completed,Normal
4364,Complaint,Fundraising Ops,agent_23,2026-02-04,2026-02-09,,Open,Normal
4365,Address change,Supporter Care,agent_06,2025-05-21,2025-05-23,2025-06-05,Completed,Normal
4366,Swab kit dispatch,Fundraising Ops,agent_24,2026-07-28,2026-07-30,2026-08-13,Completed,Normal
4367,Welcome pack,Register Operations,agent_21,2025-10-30,2025-11-04,2025-11-09,Completed,Normal
4368,Thank-you letter,Register Operations,agent_26,2025-07-18,2025-07-20,2025-07-27,Completed,Normal
4369,Consent follow-up,Fundraising Ops,agent_19,2025-11-06,2025-11-26,2025-11-26,Completed,Normal
4370,Thank-you letter,Fundraising Ops,agent_13,2026-02-12,2026-03-04,2026-02-25,Completed,Normal
4371,Complaint,Register Operations,agent_06,2026-04-14,2026-04-19,2026-06-10,Completed,Low
4372,Thank-you letter,Supporter Care,agent_01,2026-08-10,2026-08-12,,Blocked,Normal
4373,Gift Aid declaration,Fundraising Ops,agent_22,2025-07-29,2025-07-31,2025-08-03,Completed,High
4374,Complaint,Register Operations,agent_06,2026-07-10,2026-07-20,2026-07-28,Completed,Normal
4375,Thank-you letter,Supporter Care,agent_18,2026-02-03,2026-02-05,2026-02-03,Completed,High
4376,Gift Aid declaration,Fundraising Ops,agent_14,2026-01-20,2026-01-30,,Open,Normal
4377,Thank-you letter,Supporter Care,agent_02,2025-10-09,2025-10-11,2025-10-16,Completed,Normal
4378,Gift Aid declaration,Register Operations,agent_18,2026-02-02,2026-02-22,2026-02-27,Complete,High
4379,Thank-you letter,Supporter Care,agent_21,2026-08-11,2026-08-31,2026-08-17,Completed,High
4380,Data request,Register Operations,agent_07,2026-01-18,2026-01-28,2026-02-15,Completed,High
4381,Consent follow-up,Register Operations,agent_25,2025-03-24,2025-03-29,2025-04-23,Completed,High
4382,Data request,Supporter Care,agent_10,2026-05-10,2026-05-15,2026-05-12,Completed,High
4383,Welcome pack,Supporter Care,agent_01,2025-04-10,2025-04-15,2025-04-18,Completed,Low
4384,Welcome pack,Fundraising Ops,agent_26,2025-05-08,2025-05-13,2025-05-16,Completed,Normal
4385,Welcome pack,Register Operations,agent_10,2025-07-30,2025-08-09,,Blocked,Normal
4386,Thank-you letter,Register Operations,agent_14,2026-04-08,2026-04-28,2026-04-16,Completed,Urgent
4387,Consent follow-up,Fundraising Ops,agent_14,2025-06-20,2025-07-10,2025-07-03,Completed,Normal
4388,Data request,Fundraising Ops,agent_01,2026-07-23,2026-07-28,,In Progress,Low
4389,Address change,Fundraising Ops,agent_18,2026-05-04,2026-05-14,2026-05-14,Completed,Normal
4390,Welcome pack,Supporter Care,agent_15,2025-04-11,2025-04-13,2025-04-23,Completed,Urgent
4391,Swab kit dispatch,Register Operations,agent_26,2026-05-20,2026-05-30,2026-06-08,Completed,Normal
4392,Thank-you letter,Register Operations,agent_16,2025-03-13,2025-03-23,2025-03-13,Completed,Normal
4393,Thank-you letter,Fundraising Ops,agent_11,2026-08-15,2026-09-04,,In Progress,Normal
4394,Gift Aid declaration,Register Operations,agent_04,2025-10-30,2025-11-09,,Blocked,Normal
4395,Swab kit dispatch,Register Operations,agent_04,2026-06-01,2026-06-11,2026-06-09,Completed,High
4396,Thank-you letter,Register Operations,agent_23,2025-03-15,2025-03-17,2025-03-22,Completed,Normal
4397,Data request,Fundraising Ops,agent_02,2025-06-07,2025-06-12,2025-07-04,Completed,High
4398,Thank-you letter,Supporter Care,agent_15,2025-10-10,2025-10-30,2025-10-10,Completed,Normal
4399,Thank-you letter,Fundraising Ops,agent_24,2025-08-07,2025-08-27,2025-08-14,Completed,High
4400,Data request,Supporter Care,agent_16,2025-11-02,2025-11-07,2025-11-15,Complete,Normal
4401,Swab kit dispatch,Register Operations,agent_24,2025-02-24,2025-03-06,2025-03-09,Completed,High
4402,Consent follow-up,Register Operations,agent_10,2026-07-22,2026-07-27,2026-08-09,Completed,Low
4403,Consent follow-up,Register Operations,agent_25,2026-01-25,2026-01-30,2026-02-11,Completed,Low
4404,Gift Aid declaration,Fundraising Ops,agent_15,2025-09-16,2025-09-21,2025-10-03,Completed,Normal
4405,Data request,Supporter Care,agent_17,2025-05-22,2025-06-01,,Completed,Low
4406,Welcome pack,Register Operations,agent_15,2026-05-19,2026-05-24,,Blocked,Low
4407,Welcome pack,Fundraising Ops,agent_08,2026-08-02,2026-08-12,2026-08-15,Completed,Low
4408,Consent follow-up,Supporter Care,agent_23,2026-02-08,2026-02-28,,In Progress,Normal
4409,Consent follow-up,Supporter Care,agent_07,2026-05-24,2026-06-03,2026-06-17,Completed,Low
4410,Address change,Supporter Care,agent_03,2025-07-27,2025-08-06,,Open,Normal
4411,Thank-you letter,Fundraising Ops,agent_15,2026-07-25,2026-07-30,2026-08-08,Completed,Urgent
4412,Data request,Fundraising Ops,agent_21,2025-08-01,2025-08-11,2025-08-14,Completed,High
4413,Thank-you letter,Fundraising Ops,agent_10,2026-07-16,2026-07-21,2026-07-28,Completed,Normal
4414,Gift Aid declaration,Register Operations,agent_15,2025-08-04,2025-08-24,2025-08-10,Completed,Normal
4415,Welcome pack,Register Operations,agent_22,2026-06-26,2026-06-28,2026-07-12,Completed,High
4416,Consent follow-up,Register Operations,agent_05,2025-02-23,2025-03-15,2025-03-04,Completed,Normal
4417,Thank-you letter,Register Operations,agent_15,2025-04-27,2025-05-07,2025-05-06,Completed,Low
4418,Thank-you letter,Fundraising Ops,agent_05,2025-04-05,2025-04-10,2025-04-15,Completed,High
4419,Thank-you letter,Fundraising Ops,agent_25,2025-04-20,2025-04-25,2025-04-29,Completed,Low
4420,Data request,Supporter Care,agent_26,2026-04-17,2026-04-19,2026-04-25,Completed,Normal
4421,Data request,Supporter Care,agent_12,2026-07-31,2026-08-20,2026-08-13,Completed,Low
4422,Thank-you letter,Register Operations,agent_11,2026-04-03,2026-04-23,2026-04-08,Completed,High
4423,Address change,Register Operations,agent_24,2026-02-20,2026-02-25,2026-02-25,Completed,Normal
4424,Swab kit dispatch,Fundraising Ops,agent_20,2025-11-24,2025-12-04,2025-11-30,Completed,Normal
4425,Welcome pack,Register Operations,agent_25,2025-11-08,2025-11-28,2025-11-15,Completed,Normal
4426,Thank-you letter,Register Operations,agent_25,2026-06-19,2026-07-09,2026-06-30,Completed,Low
4427,Welcome pack,Register Operations,agent_18,2025-10-11,2025-10-21,2025-10-15,Completed,Low
4428,Thank-you letter,Register Operations,agent_17,2025-12-14,2025-12-19,2025-12-22,Completed,Normal
4429,Data request,Supporter Care,agent_20,2025-06-15,2025-07-05,2025-07-20,Completed,Normal
4430,Thank-you letter,Fundraising Ops,agent_17,2026-01-31,2026-02-20,2026-02-13,Completed,Normal
4431,Swab kit dispatch,Fundraising Ops,agent_20,2026-06-21,2026-07-01,2026-07-08,Completed,High
4432,Complaint,Register Operations,agent_24,2025-07-18,2025-07-20,2025-08-01,Completed,Normal
4433,Data request,Fundraising Ops,agent_22,2026-04-29,2026-05-01,2026-05-17,Completed,Normal
4434,Complaint,Fundraising Ops,agent_14,2025-05-15,2025-05-25,2025-06-21,Completed,High
4435,Complaint,Supporter Care,agent_09,2025-05-11,2025-05-21,2025-05-27,Completed,Low
4436,Gift Aid declaration,Supporter Care,agent_03,2025-09-10,2025-09-30,2025-09-25,Completed,High
4437,Gift Aid declaration,Register Operations,agent_05,2025-04-23,2025-04-25,2025-05-05,Completed,Normal
4438,Consent follow-up,Fundraising Ops,agent_05,2025-05-10,2025-05-15,2025-06-03,Complete,Normal
4439,Thank-you letter,Register Operations,agent_02,2026-03-17,2026-03-22,2026-03-17,Completed,Normal
4440,Data request,Supporter Care,agent_24,2025-11-15,2025-11-20,2025-11-27,Completed,Normal
4441,Data request,Supporter Care,agent_20,2025-08-04,2025-08-09,2025-09-01,Completed,Normal
4442,Data request,Register Operations,agent_24,2025-09-21,2025-10-11,2025-10-25,Completed,Low
4443,Gift Aid declaration,Fundraising Ops,agent_10,2025-06-16,2025-06-21,2025-06-27,Completed,Normal
4444,Address change,Supporter Care,agent_01,2026-06-24,2026-07-14,2026-07-02,Completed,Normal
4445,Address change,Register Operations,agent_18,2025-06-30,2025-07-02,2025-07-16,Completed,Normal
4446,Gift Aid declaration,Register Operations,agent_25,2026-01-02,2026-01-04,2026-01-14,Completed,Normal
4447,Thank-you letter,Register Operations,agent_23,2025-11-02,2025-11-07,2025-11-13,Completed,Normal
4448,Swab kit dispatch,Supporter Care,agent_11,2025-08-23,2025-09-02,2025-09-01,Completed,Low
4449,Complaint,Supporter Care,agent_23,2025-03-21,2025-03-31,2025-04-04,Completed,High
4450,Data request,Supporter Care,agent_25,2025-08-29,2025-09-18,2025-09-19,Completed,Normal
4451,Address change,Register Operations,agent_05,2025-11-21,2025-11-26,2025-11-21,Completed,Normal
4452,Complaint,Fundraising Ops,agent_14,2026-01-18,2026-01-20,2026-02-10,Completed,High
4453,Thank-you letter,Fundraising Ops,agent_14,2025-05-23,2025-05-25,2025-06-03,Completed,High
4454,Swab kit dispatch,Fundraising Ops,agent_26,2025-03-26,2025-04-05,2025-04-07,Completed,Normal
4455,Gift Aid declaration,Supporter Care,agent_19,2026-07-01,2026-07-11,2026-08-16,Completed,Low
4456,Swab kit dispatch,Register Operations,agent_04,2025-11-15,2025-11-20,2025-11-22,Completed,Normal
4457,Thank-you letter,Register Operations,agent_25,2025-09-26,2025-10-16,2025-10-09,Completed,Normal
4458,Gift Aid declaration,Supporter Care,agent_24,2025-04-14,2025-04-16,2025-04-28,Completed,Low
4459,Data request,Fundraising Ops,agent_25,2025-05-03,2025-05-08,2025-05-30,Completed,Normal
4460,Thank-you letter,Supporter Care,agent_24,2026-02-16,2026-03-08,2026-02-27,Completed,Normal
4461,Complaint,Supporter Care,agent_19,2025-09-05,2025-09-25,2025-10-05,Completed,Normal
4462,Data request,Fundraising Ops,agent_13,2026-07-06,2026-07-16,2026-08-11,Completed,High
4463,Thank-you letter,Fundraising Ops,agent_12,2026-01-10,2026-01-12,2026-01-20,Completed,High
4464,Complaint,Register Operations,agent_12,2025-03-17,2025-03-19,2025-04-24,Completed,Urgent
4465,Welcome pack,Register Operations,agent_07,2025-06-29,2025-07-09,2025-07-12,Completed,High
4466,Swab kit dispatch,Fundraising Ops,agent_05,2025-07-11,2025-07-16,2025-07-18,Completed,High
4467,Swab kit dispatch,Register Operations,agent_12,2025-09-09,2025-09-19,2025-09-16,Completed,Normal
4468,Swab kit dispatch,Fundraising Ops,agent_19,2025-03-24,2025-03-29,2025-03-29,Completed,Normal
4469,Gift Aid declaration,Supporter Care,agent_15,2026-06-02,2026-06-04,2026-06-24,Completed,High
4470,Swab kit dispatch,Register Operations,agent_10,2025-11-22,2025-11-24,2025-12-03,Completed,High
4471,Welcome pack,Register Operations,agent_15,2025-05-27,2025-05-29,,Blocked,Normal
4472,Thank-you letter,Supporter Care,agent_20,2025-12-03,2025-12-08,2025-12-11,Completed,Normal
4473,Welcome pack,Fundraising Ops,agent_16,2025-06-03,2025-06-08,2025-06-14,Completed,Normal
4474,Consent follow-up,Register Operations,agent_04,2025-04-20,2025-05-10,2025-05-13,Completed,Normal
4475,Complaint,Supporter Care,agent_22,2025-05-25,2025-05-30,2025-05-25,Completed,Low
4476,Welcome pack,Register Operations,agent_03,2026-03-08,2026-03-18,2026-03-21,Completed,Normal
4477,Data request,Register Operations,agent_07,2025-12-03,2025-12-08,2026-01-03,Completed,Normal
4478,Swab kit dispatch,Fundraising Ops,agent_18,2025-12-28,2025-12-30,2026-01-09,Completed,Normal
4479,Data request,Supporter Care,agent_25,2025-03-12,2025-03-22,,Open,Normal
4480,Complaint,Register Operations,agent_19,2025-05-30,2025-06-09,2025-07-11,Completed,Normal
4481,Welcome pack,Supporter Care,agent_14,2026-05-23,2026-06-02,2026-06-09,Completed,High
4482,Data request,Fundraising Ops,agent_01,2025-07-04,2025-07-14,2025-08-05,Completed,Normal
4483,Welcome pack,Register Operations,agent_21,2026-03-29,2026-04-08,2026-04-15,Complete,Normal
4484,Consent follow-up,Fundraising Ops,agent_18,2025-08-16,2025-08-21,2025-08-23,Completed,Low
4485,Complaint,Register Operations,agent_26,2025-02-24,2025-02-26,2025-03-27,Completed,Normal
4486,Welcome pack,Supporter Care,agent_02,2025-11-28,2025-12-08,2025-12-14,Completed,Normal
4487,Data request,Register Operations,agent_01,2025-10-10,2025-10-12,2025-11-12,Completed,High
4488,Consent follow-up,Supporter Care,agent_18,2025-10-30,2025-11-09,,Blocked,Normal
4489,Welcome pack,Fundraising Ops,agent_07,2026-02-21,2026-02-26,2026-02-23,Completed,Low
4490,Address change,Supporter Care,agent_17,2026-05-08,2026-05-13,2026-05-11,Completed,High
4491,Address change,Register Operations,agent_01,2026-08-10,2026-08-20,,Blocked,Normal
4492,Swab kit dispatch,Supporter Care,,2025-09-28,2025-10-03,2025-10-06,Completed,Normal
4493,Welcome pack,Fundraising Ops,agent_19,2025-10-21,2025-10-26,,In Progress,Normal
4494,Swab kit dispatch,Register Operations,agent_09,2025-09-19,2025-10-09,2025-09-28,Completed,Normal
4495,Consent follow-up,Fundraising Ops,agent_17,2025-05-22,2025-06-01,,In Progress,Normal
4496,Swab kit dispatch,Register Operations,agent_18,2025-04-06,2025-04-08,2025-04-10,Complete,Normal
4497,Swab kit dispatch,Supporter Care,agent_07,2025-03-30,2025-04-19,2025-04-10,Completed,High
4498,Complaint,Register Operations,agent_25,2026-04-11,2026-04-13,2026-05-28,Completed,Low
4499,Consent follow-up,Fundraising Ops,agent_18,2026-03-17,2026-04-06,2026-04-04,Completed,Normal
4500,Address change,Fundraising Ops,agent_18,2025-11-02,2025-11-22,2025-11-21,Completed,Normal
4501,Data request,Fundraising Ops,agent_24,2026-07-07,2026-07-12,2026-08-12,Complete,High
4502,Welcome pack,Supporter Care,agent_23,2025-12-05,2025-12-10,2025-12-15,Completed,Urgent
4503,Consent follow-up,Supporter Care,agent_16,2025-11-18,2025-12-08,2025-12-14,Completed,Normal
4504,Gift Aid declaration,Register Operations,agent_08,2025-09-25,2025-09-27,2025-10-27,Completed,High
4505,Welcome pack,Fundraising Ops,agent_12,2025-03-18,2025-03-20,2025-03-25,Completed,Normal
4506,Data request,Fundraising Ops,agent_18,2026-03-06,2026-03-08,2026-03-09,Completed,Normal
4507,Swab kit dispatch,Fundraising Ops,agent_10,2025-05-13,2025-06-02,2025-05-24,Completed,Normal
4508,Consent follow-up,Supporter Care,agent_16,2025-10-31,2025-11-05,2025-12-01,Completed,Low
4509,Thank-you letter,Fundraising Ops,agent_17,2025-07-06,2025-07-16,2025-07-16,Completed,Low
4510,Consent follow-up,Supporter Care,agent_26,2026-03-30,2026-04-01,2026-04-13,Completed,High
4511,Data request,Supporter Care,agent_09,2025-06-29,2025-07-19,2025-07-07,Completed,Normal
4512,Welcome pack,Register Operations,agent_12,2026-06-24,2026-06-29,2026-07-04,Completed,Low
4513,Thank-you letter,Register Operations,agent_21,2026-05-01,2026-05-21,2026-05-21,Completed,Normal
4514,Data request,Fundraising Ops,agent_10,2026-07-01,2026-07-06,2026-07-19,Completed,Normal
4515,Complaint,Register Operations,agent_02,2025-04-03,2025-04-13,2025-04-14,Completed,High
4516,Data request,Supporter Care,agent_14,2025-09-11,2025-10-01,2025-09-26,Completed,Normal
4517,Gift Aid declaration,Supporter Care,agent_11,2025-11-02,2025-11-12,2025-11-03,Completed,Normal
4518,Thank-you letter,Supporter Care,agent_24,2025-05-28,2025-06-02,2025-06-03,Completed,Normal
4519,Gift Aid declaration,Register Operations,agent_12,2025-02-26,2025-03-03,2025-03-06,Completed,Low
4520,Gift Aid declaration,Register Operations,agent_17,2026-03-11,2026-03-21,2026-03-21,Completed,Normal
4521,Data request,Fundraising Ops,agent_16,2025-05-03,2025-05-23,2025-05-25,Completed,Normal
4522,Welcome pack,Supporter Care,agent_19,2026-02-09,2026-02-14,2026-02-24,Completed,High
4523,Thank-you letter,Fundraising Ops,agent_22,2025-07-04,2025-07-09,2025-07-06,Completed,High
4524,Thank-you letter,Register Operations,agent_19,2025-04-13,2025-05-03,2025-04-17,Completed,Low
4525,Gift Aid declaration,Fundraising Ops,agent_17,2025-03-01,2025-03-03,2025-03-13,Completed,High
4526,Gift Aid declaration,Register Operations,agent_11,2026-02-25,2026-02-27,2026-03-21,Complete,High
4527,Address change,Supporter Care,agent_13,2025-08-26,2025-08-28,2025-09-10,Completed,High
4528,Data request,Fundraising Ops,agent_17,2026-07-07,2026-07-12,,Open,Normal
4529,Swab kit dispatch,Register Operations,agent_26,2025-07-16,2025-07-18,2025-07-26,Completed,Normal
4530,Data request,Fundraising Ops,agent_07,2025-03-21,2025-04-10,2025-05-23,Completed,Normal
4531,Address change,Register Operations,agent_22,2025-08-06,2025-08-26,2025-08-16,Completed,Urgent
4532,Swab kit dispatch,Fundraising Ops,agent_12,2025-12-27,2026-01-06,2026-01-08,Completed,Normal
4533,Gift Aid declaration,Register Operations,agent_14,2025-03-13,2025-03-23,2025-04-06,Completed,Urgent
4534,Gift Aid declaration,Supporter Care,agent_25,2026-02-06,2026-02-08,2026-02-18,Completed,Normal
4535,Address change,Register Operations,agent_10,2025-10-14,2025-10-19,,Open,Low
4536,Address change,Supporter Care,agent_14,2025-12-18,2025-12-28,2025-12-24,Completed,High
4537,Address change,Fundraising Ops,agent_07,2026-01-08,2026-01-13,2026-01-16,Completed,Normal
4538,Address change,Register Operations,agent_15,2026-06-19,2026-06-24,2026-07-09,Completed,Normal
4539,Complaint,Supporter Care,agent_23,2025-05-08,2025-05-13,,In Progress,Normal
4540,Swab kit dispatch,Fundraising Ops,agent_23,2026-05-26,2026-05-28,2026-06-06,Completed,Low
4541,Swab kit dispatch,Fundraising Ops,agent_13,2026-01-18,2026-02-07,2026-01-26,Completed,High
4542,Swab kit dispatch,Fundraising Ops,agent_12,2026-05-17,2026-05-19,2026-05-23,Completed,Normal
4543,Swab kit dispatch,Fundraising Ops,agent_10,2026-06-22,2026-06-24,2026-07-03,Completed,Normal
4544,Thank-you letter,Supporter Care,agent_10,2025-10-26,2025-11-15,2025-11-04,Completed,Normal
4545,Welcome pack,Supporter Care,agent_11,2025-05-11,2025-05-31,2025-05-30,Completed,Low
4546,Consent follow-up,Supporter Care,agent_25,2025-07-20,2025-07-22,2025-08-02,Completed,High
4547,Complaint,Supporter Care,agent_16,2026-07-20,2026-07-30,,Blocked,Low
4548,Consent follow-up,Supporter Care,agent_18,2026-01-22,2026-02-01,2026-02-28,Completed,High
4549,Gift Aid declaration,Register Operations,agent_22,2026-03-11,2026-03-31,2026-04-02,Completed,Low
4550,Data request,Supporter Care,agent_03,2026-06-28,2026-07-08,2026-07-22,Completed,High
4551,Thank-you letter,Register Operations,agent_06,2025-09-21,2025-10-01,2025-09-26,Completed,Normal
4552,Consent follow-up,Supporter Care,agent_10,2025-06-09,2025-06-29,2025-07-05,Completed,High
4553,Gift Aid declaration,Register Operations,agent_12,2025-12-14,2025-12-16,2025-12-27,Completed,Normal
4554,Welcome pack,Supporter Care,agent_19,2025-12-01,2025-12-21,2025-12-26,Completed,Normal
4555,Thank-you letter,Register Operations,agent_14,2025-10-06,2025-10-26,2025-10-16,Completed,High
4556,Welcome pack,Supporter Care,agent_22,2025-09-25,2025-10-05,2025-10-01,Completed,Normal
4557,Welcome pack,Fundraising Ops,agent_26,2025-05-08,2025-05-13,2025-05-17,Completed,Normal
4558,Gift Aid declaration,Fundraising Ops,agent_15,2025-07-25,2025-08-14,2025-08-13,Completed,Low
4559,Gift Aid declaration,Register Operations,agent_08,2026-08-06,2026-08-08,,Open,Urgent
4560,Data request,Supporter Care,agent_18,2026-04-09,2026-04-29,2026-04-30,Completed,Normal
4561,Welcome pack,Register Operations,agent_03,2025-10-20,2025-11-09,2025-11-01,Completed,Low
4562,Gift Aid declaration,Supporter Care,agent_02,2026-02-05,2026-02-10,2026-02-21,Completed,Normal
4563,Swab kit dispatch,Fundraising Ops,agent_16,2025-03-29,2025-03-31,2025-04-05,Completed,High
4564,Consent follow-up,Fundraising Ops,agent_06,2026-05-27,2026-05-29,2026-06-17,Completed,High
4565,Consent follow-up,Register Operations,agent_09,2026-07-20,2026-07-25,2026-08-14,Completed,Low
4566,Address change,Register Operations,agent_12,2025-08-27,2025-09-06,2025-09-09,Completed,Normal
4567,Address change,Fundraising Ops,agent_26,2026-01-03,2026-01-13,2026-01-21,Complete,Normal
4568,Welcome pack,Register Operations,agent_26,2025-04-08,2025-04-28,2025-04-10,Completed,Normal
4569,Consent follow-up,Fundraising Ops,agent_04,2026-06-28,2026-06-30,2026-07-27,Completed,High
4570,Gift Aid declaration,Register Operations,agent_16,2026-08-16,2026-08-26,,In Progress,Normal
4571,Consent follow-up,Fundraising Ops,agent_05,2025-05-25,2025-05-30,2025-06-07,Completed,Normal
4572,Data request,Supporter Care,agent_16,2025-10-09,2025-10-19,2025-11-07,Completed,Normal
4573,Address change,Supporter Care,agent_12,2026-07-06,2026-07-08,2026-07-17,Completed,Normal
4574,Gift Aid declaration,Fundraising Ops,agent_23,2026-03-20,2026-04-09,2026-03-31,Completed,Normal
4575,Welcome pack,Supporter Care,agent_11,2026-08-03,2026-08-13,,Open,Normal
4576,Thank-you letter,Register Operations,agent_04,2026-05-26,2026-05-31,,Blocked,Normal
4577,Consent follow-up,Supporter Care,agent_15,2026-07-01,2026-07-06,2026-07-31,Completed,Low
4578,Swab kit dispatch,Register Operations,agent_13,2025-08-17,2025-08-22,2025-08-28,Completed,Normal
4579,Consent follow-up,Register Operations,agent_17,2025-12-14,2026-01-03,2026-01-14,Completed,Normal
4580,Welcome pack,Register Operations,agent_17,2026-08-04,2026-08-14,,Open,High
4581,Thank-you letter,Register Operations,agent_18,2025-12-28,2026-01-02,2026-01-05,Completed,Low
4582,Data request,Register Operations,agent_15,2025-12-01,2025-12-21,2025-12-18,Completed,Normal
4583,Swab kit dispatch,Register Operations,agent_15,2025-10-08,2025-10-10,2025-10-19,Completed,Normal
4584,Consent follow-up,Supporter Care,,2026-07-07,2026-07-12,2026-07-17,Completed,Normal
4585,Data request,Supporter Care,agent_18,2025-04-12,2025-04-22,2025-04-26,Completed,Low
4586,Complaint,Register Operations,agent_14,2026-02-16,2026-02-21,2026-05-03,Completed,Low
4587,Gift Aid declaration,Supporter Care,agent_19,2025-07-16,2025-07-21,2025-07-24,Completed,Normal
4588,Welcome pack,Register Operations,agent_05,2026-05-31,2026-06-02,2026-06-08,Completed,Normal
4589,Gift Aid declaration,Supporter Care,agent_16,2025-09-06,2025-09-26,2025-09-20,Completed,Normal
4590,Consent follow-up,Register Operations,agent_14,2025-08-02,2025-08-04,2025-08-21,Completed,Normal
4591,Gift Aid declaration,Fundraising Ops,agent_08,2025-04-15,2025-04-20,2025-05-11,Completed,High
4592,Consent follow-up,Register Operations,agent_15,2025-09-23,2025-09-25,2025-10-02,Completed,Normal
4593,Gift Aid declaration,Supporter Care,agent_13,2026-01-15,2026-01-17,2026-02-07,Completed,High
4594,Welcome pack,Fundraising Ops,agent_02,2025-12-06,2025-12-11,2025-12-21,Completed,Low
4595,Address change,Supporter Care,agent_04,2026-07-01,2026-07-21,2026-07-25,Completed,Low
4596,Data request,Register Operations,agent_17,2026-03-24,2026-03-29,2026-04-02,Completed,Normal
4597,Data request,Fundraising Ops,agent_02,2025-08-04,2025-08-14,2025-08-14,Completed,Normal
4598,Gift Aid declaration,Register Operations,agent_21,2026-04-18,2026-05-08,2026-05-09,Completed,Normal
4599,Thank-you letter,Fundraising Ops,agent_14,2025-04-30,2025-05-20,2025-05-13,Completed,Normal
4600,Gift Aid declaration,Fundraising Ops,agent_13,2025-11-10,2025-11-12,2025-11-17,Completed,High
4601,Swab kit dispatch,Register Operations,agent_03,2025-11-08,2025-11-18,2025-11-16,Completed,Normal
4602,Welcome pack,Fundraising Ops,agent_21,2026-04-08,2026-04-10,2026-04-19,Completed,High
4603,Consent follow-up,Register Operations,agent_17,2026-03-31,2026-04-05,2026-04-12,Completed,Normal
4604,Consent follow-up,Register Operations,agent_01,2025-11-10,2025-11-12,2025-11-29,Completed,Low
4605,Data request,Fundraising Ops,agent_05,2025-09-19,2025-09-29,2025-10-09,Completed,Normal
4606,Data request,Register Operations,agent_24,2026-08-16,2026-08-26,,Blocked,High
4607,Thank-you letter,Register Operations,agent_09,2025-08-19,2025-09-08,2025-08-26,Completed,High
4608,Welcome pack,Register Operations,agent_23,2026-04-16,2026-05-06,2026-04-24,Completed,High
4609,Consent follow-up,Fundraising Ops,agent_07,2025-08-20,2025-08-22,2025-08-24,Completed,Normal
4610,Welcome pack,Fundraising Ops,agent_10,2025-12-03,2025-12-23,2025-12-15,Completed,Normal
4611,Data request,Fundraising Ops,agent_13,2026-07-14,2026-08-03,2026-08-03,Completed,High
4612,Gift Aid declaration,Fundraising Ops,agent_11,2025-11-30,2025-12-10,2025-12-14,Completed,Low
4613,Gift Aid declaration,Supporter Care,agent_13,2026-03-31,2026-04-10,2026-04-10,Completed,Normal
4614,Swab kit dispatch,Supporter Care,agent_07,2026-06-23,2026-06-28,,Blocked,Low
4615,Consent follow-up,Fundraising Ops,agent_02,2026-01-30,2026-02-19,2026-02-17,Completed,High
4616,Welcome pack,Fundraising Ops,agent_15,2025-06-28,2025-07-08,2025-06-28,Completed,High
4617,Swab kit dispatch,Supporter Care,agent_07,2026-01-30,2026-02-01,2026-02-13,Completed,Normal
4618,Welcome pack,Supporter Care,agent_02,2026-03-01,2026-03-21,2026-03-15,Completed,Normal
4619,Complaint,Register Operations,agent_23,2026-04-17,2026-04-19,2026-05-20,Completed,Normal
4620,Gift Aid declaration,Supporter Care,agent_17,2025-11-06,2025-11-08,2025-11-21,Completed,Normal
4621,Welcome pack,Register Operations,agent_09,2025-10-13,2025-10-15,2025-10-30,Completed,Low
4622,Data request,Fundraising Ops,agent_14,2025-09-30,2025-10-02,2025-11-06,Completed,Low
4623,Gift Aid declaration,Register Operations,agent_25,2026-02-17,2026-02-22,2026-02-26,Completed,Low
4624,Swab kit dispatch,Fundraising Ops,agent_07,2026-05-15,2026-06-04,2026-05-19,Completed,Normal
4625,Consent follow-up,Fundraising Ops,agent_06,2026-02-03,2026-02-13,2026-02-21,Completed,Normal
4626,Consent follow-up,Register Operations,agent_18,2025-11-28,2025-12-03,2025-12-18,Completed,Normal
4627,Swab kit dispatch,Register Operations,agent_04,2025-10-20,2025-10-22,,Open,Low
4628,Welcome pack,Supporter Care,agent_05,2026-08-05,2026-08-07,,In Progress,Normal
4629,Swab kit dispatch,Fundraising Ops,agent_15,2025-08-07,2025-08-09,2025-08-07,Completed,Normal
4630,Consent follow-up,Supporter Care,agent_08,2025-06-06,2025-06-16,2025-06-21,Completed,Low
4631,Swab kit dispatch,Register Operations,agent_23,2025-03-08,2025-03-13,2025-03-25,Completed,Normal
4632,Complaint,Fundraising Ops,agent_26,2025-06-25,2025-06-27,2025-08-11,Completed,Normal
4633,Address change,Supporter Care,agent_25,2025-05-19,2025-05-24,2025-06-12,Completed,Normal
4634,Consent follow-up,Register Operations,agent_17,2026-07-05,2026-07-10,2026-07-18,Completed,Normal
4635,Thank-you letter,Register Operations,agent_14,2025-07-09,2025-07-19,2025-07-11,Completed,Normal
4636,Gift Aid declaration,Register Operations,agent_20,2025-07-15,2025-08-04,2025-07-29,Completed,Normal
4637,Consent follow-up,Register Operations,agent_01,2025-07-29,2025-08-03,2025-08-14,Completed,Normal
4638,Address change,Register Operations,agent_06,2026-02-04,2026-02-14,2026-02-10,Completed,Low
4639,Welcome pack,Supporter Care,agent_22,2026-03-05,2026-03-07,2026-03-11,Completed,Normal
4640,Welcome pack,Supporter Care,agent_09,2025-12-11,2025-12-31,2025-12-11,Completed,Normal
4641,Thank-you letter,Supporter Care,agent_08,2025-05-28,2025-06-07,2025-05-30,Completed,Normal
4642,Consent follow-up,Register Operations,agent_22,2026-06-19,2026-06-29,2026-06-19,Completed,Normal
4643,Complaint,Supporter Care,agent_18,2025-11-26,2025-12-06,2025-12-13,Completed,High
4644,Gift Aid declaration,Register Operations,agent_16,2025-03-21,2025-03-23,2025-04-07,Completed,Low
4645,Gift Aid declaration,Register Operations,agent_13,2025-11-13,2025-12-03,2025-12-13,Completed,Normal
4646,Swab kit dispatch,Register Operations,agent_18,2025-11-04,2025-11-09,2025-11-11,Completed,Normal
4647,Welcome pack,Fundraising Ops,agent_08,2025-06-30,2025-07-10,2025-07-08,Completed,Low
4648,Thank-you letter,Supporter Care,agent_19,2026-01-23,2026-02-12,,Blocked,Normal
4649,Consent follow-up,Register Operations,agent_10,2026-03-04,2026-03-14,2026-03-17,Completed,Normal
4650,Thank-you letter,Supporter Care,agent_05,2025-12-16,2025-12-26,2025-12-20,Completed,Normal
4651,Thank-you letter,Supporter Care,agent_14,2026-02-24,2026-03-01,2026-03-06,Completed,Urgent
4652,Welcome pack,Register Operations,agent_01,2025-11-14,2025-11-24,2025-11-22,Completed,Low
4653,Swab kit dispatch,Register Operations,agent_25,2026-02-06,2026-02-11,,Open,Low
4654,Complaint,Register Operations,agent_02,2025-09-21,2025-10-01,2025-11-04,Completed,Low
4655,Consent follow-up,Fundraising Ops,agent_04,2025-04-25,2025-05-15,2025-05-08,Completed,Normal
4656,Consent follow-up,Supporter Care,agent_10,2026-06-08,2026-06-18,2026-06-15,Completed,High
4657,Address change,Register Operations,agent_18,2026-05-25,2026-05-30,2026-06-06,Completed,Normal
4658,Thank-you letter,Supporter Care,agent_23,2026-03-22,2026-04-11,2026-03-28,Completed,High
4659,Consent follow-up,Supporter Care,agent_05,2025-06-02,2025-06-04,2025-06-17,Completed,Normal
4660,Consent follow-up,Fundraising Ops,agent_12,2026-05-19,2026-05-24,2026-05-29,Completed,High
4661,Complaint,Fundraising Ops,agent_10,2026-01-31,2026-02-20,2026-03-03,Completed,Urgent
4662,Complaint,Register Operations,agent_07,2026-03-18,2026-03-20,2026-04-27,Completed,Normal
4663,Data request,Register Operations,agent_03,2025-11-07,2025-11-27,2025-11-28,Completed,Normal
4664,Complaint,Register Operations,agent_08,2025-11-27,2025-11-29,2026-01-15,Completed,Normal
4665,Welcome pack,Supporter Care,agent_13,2025-05-14,2025-05-24,2025-05-26,Completed,Normal
4666,Data request,Register Operations,agent_04,2025-07-08,2025-07-18,2025-08-04,Completed,Normal
4667,Welcome pack,Fundraising Ops,agent_18,2025-06-17,2025-06-27,2025-06-23,Completed,Normal
4668,Welcome pack,Register Operations,agent_09,2025-11-28,2025-12-08,2025-11-28,Completed,Low
4669,Gift Aid declaration,Supporter Care,agent_18,2025-05-08,2025-05-13,2025-06-08,Completed,Normal
4670,Gift Aid declaration,Supporter Care,agent_02,2025-09-27,2025-09-29,2025-10-18,Completed,Normal
4671,Welcome pack,Register Operations,agent_17,2026-04-04,2026-04-09,2026-04-21,Completed,Normal
4672,Thank-you letter,Register Operations,agent_22,2026-04-13,2026-04-15,2026-04-18,Completed,Normal
4673,Address change,Supporter Care,agent_14,2025-09-08,2025-09-28,2025-09-27,Completed,Low
4674,Swab kit dispatch,Register Operations,agent_17,2025-03-25,2025-04-14,2025-04-01,Completed,Normal
4675,Gift Aid declaration,Register Operations,agent_02,2025-10-08,2025-10-13,2025-10-17,Completed,High
4676,Data request,Register Operations,agent_23,2026-02-16,2026-03-08,2026-03-14,Completed,Normal
4677,Data request,Fundraising Ops,agent_06,2026-04-16,2026-04-18,2026-05-31,Completed,Urgent
4678,Welcome pack,Register Operations,agent_11,2025-10-23,2025-10-28,2025-11-03,Completed,High
4679,Data request,Register Operations,agent_25,2026-07-18,2026-07-28,,In Progress,Normal
4680,Swab kit dispatch,Supporter Care,agent_06,2025-12-10,2025-12-12,2025-12-28,Completed,Normal
4681,Gift Aid declaration,Fundraising Ops,agent_06,2025-08-11,2025-08-31,2025-09-03,Completed,Normal
4682,Complaint,Supporter Care,agent_24,2026-08-02,2026-08-12,,In Progress,Normal
4683,Data request,Fundraising Ops,agent_10,2025-11-04,2025-11-14,2025-12-10,Completed,Normal
4684,Address change,Register Operations,agent_06,2026-04-26,2026-05-06,2026-05-11,Completed,Low
4685,Welcome pack,Register Operations,agent_08,2025-03-07,2025-03-17,2025-03-24,Complete,Normal
4686,Thank-you letter,Supporter Care,agent_11,2026-04-02,2026-04-04,2026-04-06,Completed,Normal
4687,Address change,Supporter Care,agent_24,2025-05-09,2025-05-11,2025-05-19,Completed,Normal
4688,Complaint,Register Operations,agent_05,2026-03-03,2026-03-23,2026-04-16,Completed,Normal
4689,Welcome pack,Supporter Care,agent_25,2026-05-02,2026-05-04,2026-05-11,Completed,Normal
4690,Swab kit dispatch,Register Operations,agent_12,2025-10-16,2025-10-21,2025-10-28,Completed,High
4691,Data request,Fundraising Ops,agent_06,2026-01-21,2026-01-26,2026-01-31,Completed,Normal
4692,Address change,Register Operations,agent_22,2025-05-09,2025-05-11,2025-05-25,Completed,Low
4693,Data request,Supporter Care,agent_21,2025-11-14,2025-12-04,2025-11-24,Completed,Normal
4694,Complaint,Register Operations,agent_09,2025-09-15,2025-09-20,2025-10-19,Completed,High
4695,Swab kit dispatch,Supporter Care,agent_12,2026-05-30,2026-06-01,2026-06-03,Completed,Low
4696,Gift Aid declaration,Supporter Care,agent_26,2025-08-18,2025-08-28,2025-08-27,Completed,Urgent
4697,Address change,Supporter Care,agent_17,2025-04-10,2025-04-30,2025-04-21,Completed,Normal
4698,Gift Aid declaration,Register Operations,agent_02,2025-12-21,2025-12-31,2026-01-05,Completed,Normal
4699,Complaint,Fundraising Ops,agent_01,2026-07-28,2026-08-07,,In Progress,High
4700,Address change,Register Operations,agent_06,2025-05-20,2025-05-25,2025-05-26,Completed,Low
4701,Consent follow-up,Fundraising Ops,agent_07,2025-04-30,2025-05-10,,Open,Normal
4702,Address change,Supporter Care,agent_14,2025-11-24,2025-11-26,2025-12-03,Completed,High
4703,Data request,Register Operations,agent_05,2025-11-06,2025-11-26,2025-11-11,Completed,High
4704,Gift Aid declaration,Supporter Care,agent_14,2026-01-03,2026-01-23,2026-01-04,Completed,Normal
4705,Data request,Fundraising Ops,agent_11,2025-11-13,2025-11-15,2025-12-10,Completed,Low
4706,Consent follow-up,Supporter Care,agent_12,2025-04-05,2025-04-25,2025-04-19,Completed,High
4707,Thank-you letter,Fundraising Ops,agent_16,2025-09-15,2025-09-25,2025-09-21,Completed,Normal
4708,Data request,Register Operations,agent_06,2026-01-02,2026-01-22,2026-01-17,Completed,Low
4709,Complaint,Register Operations,agent_05,2025-02-26,2025-03-18,2025-03-11,Completed,Normal
4710,Consent follow-up,Supporter Care,agent_07,2025-10-07,2025-10-09,2025-10-07,Completed,Normal
4711,Complaint,Fundraising Ops,agent_07,2026-02-26,2026-03-03,2026-04-22,Completed,Normal
4712,Data request,Register Operations,agent_20,2026-02-27,2026-03-01,2026-03-25,Completed,Normal
4713,Complaint,Supporter Care,agent_04,2026-04-20,2026-04-22,2026-05-21,Completed,Low
4714,Thank-you letter,Supporter Care,agent_25,2025-12-22,2025-12-24,2025-12-26,Completed,Low
4715,Gift Aid declaration,Supporter Care,agent_19,2025-04-29,2025-05-09,2025-05-10,Completed,Normal
4716,Gift Aid declaration,Supporter Care,agent_24,2025-05-02,2025-05-22,2025-05-24,Completed,High
4717,Data request,Supporter Care,agent_15,2025-03-02,2025-03-07,2025-04-25,Completed,Normal
4718,Consent follow-up,Register Operations,agent_26,2025-10-27,2025-10-29,2025-11-09,Completed,Normal
4719,Thank-you letter,Fundraising Ops,agent_14,2025-03-05,2025-03-07,,Completed,Normal
4720,Consent follow-up,Fundraising Ops,agent_12,2026-02-28,2026-03-05,2026-03-13,Completed,Low
4721,Data request,Register Operations,agent_02,2025-02-23,2025-02-25,2025-04-04,Completed,High
4722,Gift Aid declaration,Register Operations,agent_19,2025-06-09,2025-06-14,,In Progress,Normal
4723,Consent follow-up,Register Operations,agent_03,2025-06-17,2025-06-19,2025-06-29,Completed,Normal
4724,Address change,Register Operations,agent_07,2025-09-02,2025-09-07,2025-09-10,Completed,High
4725,Data request,Register Operations,agent_13,2025-12-29,2025-12-31,2026-02-08,Completed,High
4726,Thank-you letter,Register Operations,agent_14,2025-12-13,2025-12-15,2025-12-21,Completed,High
4727,Consent follow-up,Supporter Care,agent_16,2025-08-10,2025-08-12,2025-09-01,Completed,Normal
4728,Thank-you letter,Register Operations,agent_22,2026-05-14,2026-05-24,2026-05-25,Completed,Normal
4729,Complaint,Register Operations,agent_15,2025-06-25,2025-07-15,,Blocked,High
4730,Swab kit dispatch,Register Operations,agent_01,2025-02-27,2025-03-04,2025-03-08,Completed,Urgent
4731,Thank-you letter,Fundraising Ops,agent_24,2025-06-19,2025-07-09,2025-06-23,Completed,Normal
4732,Address change,Fundraising Ops,agent_14,2025-08-31,2025-09-05,2025-09-09,Completed,High
4733,Welcome pack,Supporter Care,agent_23,2025-12-07,2025-12-12,2025-12-11,Completed,High
4734,Address change,Fundraising Ops,agent_20,2025-10-04,2025-10-09,2025-10-05,Completed,Normal
4735,Welcome pack,Supporter Care,agent_12,2026-04-26,2026-04-28,2026-05-04,Completed,Normal
4736,Swab kit dispatch,Fundraising Ops,agent_26,2025-11-17,2025-11-19,2025-11-25,Completed,Normal
4737,Gift Aid declaration,Register Operations,agent_06,2025-09-25,2025-10-05,2025-10-18,Completed,Normal
4738,Swab kit dispatch,Register Operations,agent_24,2025-06-06,2025-06-11,2025-06-14,Completed,Normal
4739,Complaint,Register Operations,agent_20,2025-08-10,2025-08-15,2025-10-03,Completed,Low
4740,Address change,Supporter Care,agent_12,2025-05-24,2025-05-29,2025-06-04,Completed,High
4741,Complaint,Supporter Care,agent_09,2025-12-21,2025-12-31,2026-01-15,Completed,Urgent
4742,Welcome pack,Supporter Care,agent_15,2026-08-08,2026-08-28,,Blocked,High
4743,Complaint,Register Operations,agent_12,2025-08-17,2025-09-06,2025-09-08,Completed,Urgent
4744,Welcome pack,Fundraising Ops,agent_12,2025-07-24,2025-07-29,2025-08-01,Completed,Normal
4745,Data request,Register Operations,agent_10,2025-03-14,2025-03-16,2025-04-03,Completed,Urgent
4746,Thank-you letter,Supporter Care,agent_09,2025-03-06,2025-03-16,2025-03-11,Completed,Low
4747,Welcome pack,Supporter Care,agent_04,2025-09-16,2025-10-06,2025-09-24,Completed,Normal
4748,Address change,Supporter Care,agent_20,2026-07-28,2026-08-02,2026-08-14,Completed,Normal
4749,Gift Aid declaration,Supporter Care,agent_10,2025-09-06,2025-09-08,2025-09-13,Completed,Normal
4750,Data request,Fundraising Ops,agent_02,2026-07-31,2026-08-10,,Open,High
4751,Thank-you letter,Register Operations,agent_05,2026-07-31,2026-08-02,,Blocked,Normal
4752,Consent follow-up,Fundraising Ops,agent_14,2025-09-26,2025-10-06,2025-10-27,Complete,High
4753,Address change,Register Operations,agent_07,2025-07-14,2025-07-19,2025-07-18,Completed,High
4754,Data request,Register Operations,agent_08,2025-08-26,2025-08-31,2025-10-03,Completed,Normal
4755,Data request,Register Operations,agent_11,2026-06-24,2026-06-29,2026-08-10,Completed,Normal
4756,Gift Aid declaration,Supporter Care,agent_14,2025-04-11,2025-05-01,2025-05-14,Completed,Low
4757,Complaint,Register Operations,agent_26,2025-12-02,2025-12-07,2025-12-26,Completed,Normal
4758,Data request,Fundraising Ops,agent_03,2025-06-17,2025-07-07,,In Progress,High
4759,Address change,Supporter Care,agent_24,2026-03-16,2026-03-18,2026-03-25,Completed,Low
4760,Thank-you letter,Register Operations,agent_25,2025-10-15,2025-10-25,2025-10-16,Completed,Normal
4761,Welcome pack,Supporter Care,agent_09,2025-12-31,2026-01-10,2026-01-07,Completed,High
4762,Welcome pack,Fundraising Ops,agent_04,2025-10-07,2025-10-27,2025-10-18,Completed,Normal
4763,Welcome pack,Supporter Care,agent_15,2026-07-18,2026-08-07,2026-08-15,Completed,High
4764,Gift Aid declaration,Register Operations,agent_01,2025-05-11,2025-05-31,2025-05-11,Completed,Normal
4765,Gift Aid declaration,Register Operations,agent_17,2025-06-07,2025-06-12,2025-06-21,Completed,Normal
4766,Thank-you letter,Fundraising Ops,agent_01,2026-02-25,2026-03-17,2026-03-01,Completed,Urgent
4767,Complaint,Fundraising Ops,agent_22,2026-07-14,2026-07-16,,Open,Low
4768,Welcome pack,Fundraising Ops,agent_08,2025-04-12,2025-04-17,2025-04-20,Completed,High
4769,Consent follow-up,Supporter Care,agent_08,2026-02-02,2026-02-04,2026-02-07,Completed,Normal
4770,Thank-you letter,Register Operations,agent_15,2026-06-10,2026-06-30,2026-06-29,Completed,High
4771,Data request,Register Operations,agent_23,2025-06-25,2025-06-27,2025-06-29,Completed,Low
4772,Swab kit dispatch,Fundraising Ops,,2025-04-29,2025-05-19,2025-05-12,Completed,Normal
4773,Consent follow-up,Supporter Care,agent_23,2026-02-12,2026-03-04,2026-02-20,Completed,High
4774,Data request,Register Operations,agent_24,2025-03-02,2025-03-12,2025-03-18,Completed,High
4775,Address change,Supporter Care,agent_13,2026-01-24,2026-02-03,2026-02-14,Completed,High
4776,Consent follow-up,Fundraising Ops,agent_10,2025-06-04,2025-06-09,2025-06-30,Completed,Normal
4777,Swab kit dispatch,Register Operations,agent_02,2025-06-20,2025-06-22,2025-06-21,Completed,Normal
4778,Consent follow-up,Register Operations,agent_19,2025-04-20,2025-05-10,2025-05-27,Completed,Normal
4779,Data request,Supporter Care,agent_26,2025-08-02,2025-08-04,2025-08-22,Completed,Low
4780,Consent follow-up,Register Operations,agent_11,2026-02-24,2026-02-26,2026-02-27,Completed,Normal
4781,Address change,Fundraising Ops,agent_14,2025-06-23,2025-06-28,2025-07-04,Complete,High
4782,Thank-you letter,Supporter Care,agent_15,2025-11-11,2025-12-01,2025-11-18,Completed,Normal
4783,Gift Aid declaration,Supporter Care,agent_24,2025-12-18,2025-12-28,2026-01-03,Completed,Normal
4784,Consent follow-up,Register Operations,agent_09,2026-04-06,2026-04-16,2026-04-20,Completed,Normal
4785,Data request,Supporter Care,agent_17,2025-09-21,2025-09-23,2025-10-08,Completed,High
4786,Gift Aid declaration,Register Operations,agent_23,2026-04-07,2026-04-27,,Blocked,Normal
4787,Thank-you letter,Register Operations,agent_22,2026-04-15,2026-04-17,2026-04-22,Completed,Normal
4788,Data request,Fundraising Ops,agent_15,2026-02-12,2026-02-14,2026-03-07,Completed,Normal
4789,Swab kit dispatch,Supporter Care,agent_26,2025-07-03,2025-07-08,2025-07-16,Completed,Low
4790,Welcome pack,Fundraising Ops,agent_15,2025-07-25,2025-07-30,2025-07-25,Completed,Normal
4791,Consent follow-up,Register Operations,agent_11,2026-01-18,2026-01-28,2026-02-12,Completed,Normal
4792,Thank-you letter,Register Operations,agent_03,2025-10-27,2025-11-01,2025-11-04,Completed,Normal
4793,Gift Aid declaration,Fundraising Ops,agent_15,2026-06-21,2026-06-23,2026-07-27,Completed,Normal
4794,Complaint,Register Operations,agent_18,2026-08-07,2026-08-12,,In Progress,Low
4795,Complaint,Register Operations,agent_26,2025-07-21,2025-07-31,2025-09-16,Completed,Normal
4796,Welcome pack,Fundraising Ops,agent_05,2026-05-07,2026-05-12,2026-05-10,Completed,High
4797,Consent follow-up,Supporter Care,agent_26,2025-10-07,2025-10-12,,Open,Normal
4798,Data request,Supporter Care,agent_17,2025-07-04,2025-07-09,2025-07-22,Completed,Urgent
4799,Gift Aid declaration,Supporter Care,agent_16,2026-04-23,2026-05-03,2026-04-23,Completed,High
4800,Complaint,Supporter Care,agent_12,2025-08-02,2025-08-22,2025-09-03,Completed,Normal
4801,Swab kit dispatch,Supporter Care,agent_01,2026-01-27,2026-02-16,2026-02-03,Completed,Normal
4802,Data request,Register Operations,agent_12,2025-09-12,2025-09-17,2025-09-18,Completed,Normal
4803,Data request,Register Operations,agent_02,2025-11-20,2025-11-30,2025-12-16,Completed,Normal
4804,Swab kit dispatch,Register Operations,agent_08,2026-04-30,2026-05-10,2026-05-13,Completed,Normal
4805,Data request,Register Operations,agent_04,2026-04-18,2026-04-23,2026-05-01,Completed,Low
4806,Address change,Supporter Care,agent_01,2025-06-15,2025-06-25,2025-06-16,Completed,High
4807,Swab kit dispatch,Register Operations,agent_03,2026-01-16,2026-01-26,2026-01-20,Completed,Low
4808,Complaint,Supporter Care,agent_22,2025-05-18,2025-06-07,2025-07-11,Completed,High
4809,Gift Aid declaration,Supporter Care,agent_10,2026-02-19,2026-03-01,2026-02-26,Completed,Normal
4810,Thank-you letter,Supporter Care,agent_22,2026-04-30,2026-05-05,2026-05-08,Completed,High
4811,Data request,Fundraising Ops,agent_05,2025-11-10,2025-11-20,2025-12-16,Completed,Normal
4812,Gift Aid declaration,Fundraising Ops,agent_01,2026-07-12,2026-07-22,2026-07-27,Completed,High
4813,Data request,Supporter Care,agent_18,2025-06-19,2025-07-09,2025-06-25,Completed,Normal
4814,Consent follow-up,Register Operations,agent_02,2025-11-03,2025-11-13,,Open,Urgent
4815,Gift Aid declaration,Supporter Care,agent_03,2025-07-01,2025-07-06,2025-07-17,Completed,Normal
4816,Welcome pack,Register Operations,agent_21,2026-01-29,2026-02-03,2026-02-10,Completed,High
4817,Swab kit dispatch,Supporter Care,agent_07,2026-02-01,2026-02-03,2026-02-11,Completed,Low
4818,Gift Aid declaration,Supporter Care,agent_04,2026-03-12,2026-03-14,2026-03-12,Complete,Normal
4819,Complaint,Register Operations,agent_03,2025-05-17,2025-06-06,2025-06-19,Completed,Normal
4820,Thank-you letter,Register Operations,agent_04,2025-07-18,2025-07-20,2025-07-20,Completed,High
4821,Gift Aid declaration,Supporter Care,agent_26,2026-05-18,2026-05-23,2026-05-25,Completed,Normal
4822,Complaint,Supporter Care,agent_14,2026-02-22,2026-03-14,2026-03-23,Completed,Normal
4823,Thank-you letter,Supporter Care,agent_16,2025-06-18,2025-06-23,2025-06-19,Completed,Low
4824,Address change,Register Operations,agent_10,2026-05-31,2026-06-10,2026-06-19,Completed,Normal
4825,Consent follow-up,Supporter Care,agent_15,2025-05-17,2025-05-22,2025-06-02,Completed,Low
4826,Gift Aid declaration,Fundraising Ops,agent_24,2025-06-22,2025-07-02,2025-07-17,Completed,High
4827,Welcome pack,Supporter Care,agent_15,2025-03-17,2025-03-27,2025-03-24,Completed,Normal
4828,Thank-you letter,Fundraising Ops,agent_11,2026-03-07,2026-03-09,2026-03-15,Completed,Normal
4829,Data request,Register Operations,agent_12,2025-03-22,2025-04-11,2025-04-28,Completed,High
4830,Complaint,Supporter Care,agent_12,2025-06-30,2025-07-02,2025-08-07,Completed,Normal
4831,Address change,Register Operations,agent_02,2025-03-29,2025-03-31,2025-04-06,Completed,High
4832,Data request,Fundraising Ops,agent_11,2025-03-06,2025-03-26,2025-03-24,Completed,Normal
4833,Data request,Fundraising Ops,agent_16,2025-07-24,2025-08-13,2025-08-27,Completed,Normal
4834,Consent follow-up,Supporter Care,agent_14,2025-08-01,2025-08-03,2025-08-29,Completed,High
4835,Welcome pack,Supporter Care,agent_23,2025-06-10,2025-06-20,2025-06-20,Completed,Normal
4836,Welcome pack,Register Operations,agent_13,2026-01-27,2026-01-29,2026-02-14,Completed,Normal
4837,Welcome pack,Supporter Care,agent_03,2025-10-21,2025-10-31,,In Progress,Normal
4838,Complaint,Fundraising Ops,agent_11,2025-04-28,2025-04-30,2025-05-19,Completed,Low
4839,Welcome pack,Fundraising Ops,agent_23,2025-11-10,2025-11-12,2025-11-13,Completed,Normal
4840,Consent follow-up,Register Operations,agent_04,2026-03-24,2026-04-03,,Open,High
4841,Gift Aid declaration,Supporter Care,agent_11,2025-04-29,2025-05-09,2025-05-16,Completed,Low
4842,Welcome pack,Register Operations,agent_02,2026-07-07,2026-07-09,,Blocked,Normal
4843,Welcome pack,Register Operations,agent_22,2025-08-27,2025-09-01,2025-09-21,Completed,Urgent
4844,Thank-you letter,Fundraising Ops,agent_19,2025-09-22,2025-10-02,2025-10-06,Completed,Low
4845,Gift Aid declaration,Register Operations,,2026-07-21,2026-08-10,,Open,Low
4846,Data request,Register Operations,agent_10,2025-06-30,2025-07-20,,Open,High
4847,Address change,Fundraising Ops,agent_24,2025-08-10,2025-08-30,2025-08-19,Completed,Normal
4848,Welcome pack,Register Operations,agent_24,2026-01-05,2026-01-10,2026-01-22,Completed,Normal
4849,Swab kit dispatch,Fundraising Ops,agent_10,2026-07-08,2026-07-28,2026-07-16,Completed,Normal
4850,Complaint,Fundraising Ops,agent_17,2025-12-18,2026-01-07,2026-02-05,Completed,High
4851,Gift Aid declaration,Supporter Care,agent_07,2025-10-15,2025-10-25,2025-10-27,Completed,Normal
4852,Complaint,Register Operations,agent_08,2025-12-05,2025-12-25,2026-01-18,Completed,Normal
4853,Swab kit dispatch,Supporter Care,agent_12,2025-04-06,2025-04-11,2025-04-11,Completed,Normal
4854,Swab kit dispatch,Register Operations,agent_08,2025-06-14,2025-06-24,2025-06-20,Completed,Urgent
4855,Thank-you letter,Fundraising Ops,agent_12,2025-03-27,2025-04-01,2025-03-31,Completed,Normal
4856,Data request,Register Operations,agent_20,2025-08-14,2025-08-24,2025-09-12,Completed,High
4857,Data request,Register Operations,agent_20,2025-05-09,2025-05-19,2025-06-05,Completed,High
4858,Address change,Supporter Care,agent_25,2025-07-09,2025-07-29,2025-07-17,Completed,High
4859,Data request,Supporter Care,agent_15,2026-03-23,2026-03-28,2026-03-28,Completed,Low
4860,Complaint,Fundraising Ops,agent_23,2025-09-18,2025-10-08,2025-10-22,Completed,Low
4861,Gift Aid declaration,Supporter Care,agent_12,2026-08-01,2026-08-06,2026-08-09,Completed,Normal
4862,Welcome pack,Supporter Care,agent_08,2026-02-11,2026-02-16,2026-02-16,Completed,Normal
4863,Gift Aid declaration,Fundraising Ops,agent_03,2025-11-26,2025-12-06,2025-12-16,Completed,Low
4864,Gift Aid declaration,Supporter Care,agent_11,2025-09-26,2025-10-06,2025-10-09,Completed,High
4865,Data request,Register Operations,agent_23,2025-06-04,2025-06-09,2025-06-18,Completed,Low
4866,Welcome pack,Supporter Care,agent_17,2026-06-05,2026-06-25,2026-06-21,Completed,Normal
4867,Data request,Supporter Care,agent_20,2025-11-19,2025-12-09,2025-12-30,Completed,High
4868,Thank-you letter,Fundraising Ops,agent_16,2025-04-03,2025-04-08,,In Progress,Normal
4869,Address change,Fundraising Ops,agent_15,2026-08-14,2026-08-19,,Blocked,High
4870,Welcome pack,Register Operations,agent_11,2025-12-08,2025-12-13,2025-12-15,Completed,Normal
4871,Thank-you letter,Register Operations,agent_17,2025-09-28,2025-10-18,2025-10-07,Completed,Low
4872,Complaint,Fundraising Ops,agent_04,2026-06-11,2026-06-13,,Blocked,Normal
4873,Consent follow-up,Supporter Care,agent_16,2025-04-17,2025-04-22,2025-04-28,Completed,Normal
4874,Complaint,Supporter Care,agent_09,2026-06-30,2026-07-05,,Blocked,High
4875,Complaint,Fundraising Ops,agent_14,2026-03-28,2026-03-30,2026-05-04,Completed,Normal
4876,Welcome pack,Supporter Care,agent_14,2025-08-02,2025-08-04,2025-08-15,Completed,High
4877,Data request,Register Operations,agent_12,2025-08-25,2025-09-04,2025-09-28,Completed,Normal
4878,Complaint,Register Operations,agent_16,2026-01-18,2026-02-07,2026-02-16,Completed,Normal
4879,Complaint,Supporter Care,agent_05,2025-11-25,2025-11-27,2025-12-29,Completed,Normal
4880,Complaint,Fundraising Ops,agent_01,2026-06-08,2026-06-18,2026-07-31,Completed,Low
4881,Welcome pack,Register Operations,agent_01,2026-07-12,2026-07-17,2026-08-02,Completed,High
4882,Gift Aid declaration,Fundraising Ops,agent_11,2026-02-08,2026-02-10,2026-03-02,Completed,Normal
4883,Swab kit dispatch,Fundraising Ops,agent_26,2025-05-04,2025-05-24,2025-05-19,Completed,Low
4884,Welcome pack,Supporter Care,agent_22,2025-04-30,2025-05-02,2025-05-06,Completed,Urgent
4885,Welcome pack,Fundraising Ops,agent_04,2025-09-20,2025-09-30,2025-10-01,Completed,Low
4886,Gift Aid declaration,Supporter Care,agent_07,2025-09-23,2025-10-03,,Completed,High
4887,Data request,Supporter Care,,2026-01-19,2026-01-29,2026-02-13,Completed,Low
4888,Thank-you letter,Supporter Care,agent_24,2026-02-11,2026-02-16,2026-02-23,Completed,Normal
4889,Complaint,Fundraising Ops,agent_20,2026-01-26,2026-01-31,2026-02-21,Completed,High
4890,Complaint,Supporter Care,agent_23,2026-01-23,2026-02-02,2026-02-08,Completed,Normal
4891,Thank-you letter,Register Operations,agent_19,2026-02-27,2026-03-19,2026-03-07,Completed,Normal
4892,Thank-you letter,Supporter Care,agent_03,2026-05-18,2026-05-28,2026-05-24,Complete,Normal
4893,Welcome pack,Supporter Care,agent_16,2025-10-12,2025-10-22,2025-10-27,Completed,Low
4894,Thank-you letter,Register Operations,agent_17,2026-02-01,2026-02-21,2026-02-06,Completed,Normal
4895,Consent follow-up,Fundraising Ops,agent_13,2025-11-15,2025-11-20,2025-12-02,Completed,Normal
4896,Swab kit dispatch,Fundraising Ops,agent_10,2025-02-24,2025-02-26,2025-02-26,Completed,High
4897,Welcome pack,Fundraising Ops,agent_05,2026-04-27,2026-05-17,2026-05-12,Completed,Normal
4898,Thank-you letter,Supporter Care,agent_19,2026-02-22,2026-03-14,2026-03-04,Completed,Normal
4899,Gift Aid declaration,Fundraising Ops,agent_04,2026-07-09,2026-07-19,2026-08-12,Completed,Normal
4900,Consent follow-up,Supporter Care,agent_19,2025-09-06,2025-09-16,2025-09-17,Completed,Low
4901,Gift Aid declaration,Fundraising Ops,agent_16,2025-06-19,2025-06-24,2025-07-03,Completed,Low
4902,Gift Aid declaration,Supporter Care,agent_21,2025-06-27,2025-07-07,2025-07-08,Completed,Normal
4903,Address change,Register Operations,agent_23,2026-07-11,2026-07-21,2026-07-28,Completed,Normal
4904,Thank-you letter,Supporter Care,agent_22,2025-06-26,2025-06-28,2025-06-28,Completed,Normal
4905,Consent follow-up,Fundraising Ops,agent_20,2026-01-17,2026-01-19,2026-02-09,Completed,Low
4906,Data request,Supporter Care,agent_24,2026-01-16,2026-02-05,2026-02-09,Completed,Normal
4907,Gift Aid declaration,Fundraising Ops,agent_16,2025-11-13,2025-11-23,2025-11-30,Completed,Urgent
4908,Swab kit dispatch,Fundraising Ops,agent_08,2026-03-10,2026-03-30,2026-03-15,Completed,High
4909,Data request,Supporter Care,agent_11,2026-05-14,2026-05-16,,Open,High
4910,Consent follow-up,Supporter Care,agent_06,2025-11-14,2025-12-04,2025-11-30,Completed,Low
4911,Consent follow-up,Supporter Care,agent_19,2025-08-22,2025-08-24,,Open,Normal
4912,Welcome pack,Register Operations,agent_18,2025-11-06,2025-11-08,2025-11-06,Completed,Normal
4913,Swab kit dispatch,Fundraising Ops,agent_09,2025-09-17,2025-09-27,2025-09-22,Completed,Low
4914,Address change,Supporter Care,agent_06,2025-09-15,2025-09-25,2025-09-26,Completed,Normal
4915,Consent follow-up,Fundraising Ops,agent_12,2025-04-15,2025-04-25,2025-05-06,Completed,Normal
4916,Data request,Register Operations,agent_09,2025-05-27,2025-05-29,2025-06-26,Completed,Urgent
4917,Gift Aid declaration,Supporter Care,agent_03,2026-05-08,2026-05-28,2026-06-02,Completed,High
4918,Welcome pack,Fundraising Ops,agent_09,2025-12-02,2025-12-07,2025-12-11,Completed,Normal
4919,Welcome pack,Register Operations,agent_19,2026-03-20,2026-03-30,2026-03-31,Completed,Normal
4920,Welcome pack,Fundraising Ops,agent_23,2025-04-11,2025-04-21,2025-04-30,Completed,Normal
4921,Consent follow-up,Supporter Care,agent_25,2025-05-12,2025-06-01,2025-05-25,Completed,Normal
4922,Complaint,Register Operations,agent_10,2025-08-10,2025-08-15,2025-09-07,Complete,Normal
4923,Gift Aid declaration,Fundraising Ops,agent_09,2026-02-28,2026-03-10,2026-02-28,Completed,Normal
4924,Address change,Fundraising Ops,agent_01,2025-05-01,2025-05-21,2025-05-16,Completed,High
4925,Data request,Supporter Care,agent_05,2025-04-09,2025-04-29,2025-05-06,Completed,Normal
4926,Data request,Register Operations,agent_01,2026-07-08,2026-07-13,2026-08-01,Completed,High
4927,Address change,Fundraising Ops,agent_15,2026-01-17,2026-01-27,2026-01-25,Completed,Normal
4928,Consent follow-up,Supporter Care,agent_26,2025-09-05,2025-09-25,2025-09-06,Completed,Normal
4929,Address change,Fundraising Ops,agent_18,2025-07-13,2025-07-23,2025-07-24,Completed,Normal
4930,Swab kit dispatch,Supporter Care,agent_26,2026-01-06,2026-01-16,2026-01-08,Completed,Low
4931,Welcome pack,Fundraising Ops,agent_25,2026-03-16,2026-04-05,2026-03-27,Completed,High
4932,Swab kit dispatch,Fundraising Ops,agent_17,2026-07-20,2026-08-09,2026-07-29,Completed,Low
4933,Welcome pack,Register Operations,agent_10,2026-04-16,2026-04-26,2026-05-09,Completed,Low
4934,Consent follow-up,Fundraising Ops,agent_24,2026-04-01,2026-04-03,2026-04-20,Completed,High
4935,Consent follow-up,Register Operations,agent_01,2026-05-26,2026-05-28,2026-05-27,Completed,Urgent
4936,Data request,Fundraising Ops,agent_10,2025-06-19,2025-06-21,2025-07-28,Completed,High
4937,Gift Aid declaration,Fundraising Ops,agent_16,2026-04-20,2026-05-10,2026-04-30,Completed,Normal
4938,Welcome pack,Fundraising Ops,agent_04,2025-11-14,2025-11-16,2025-11-18,Completed,Low
4939,Thank-you letter,Fundraising Ops,agent_17,2025-12-02,2025-12-04,2025-12-11,Completed,Low
4940,Complaint,Register Operations,agent_21,2026-03-01,2026-03-21,2026-04-17,Completed,High
4941,Address change,Register Operations,agent_02,2026-04-03,2026-04-23,2026-04-08,Completed,Urgent
4942,Address change,Supporter Care,agent_21,2026-01-20,2026-02-09,2026-02-01,Completed,Low
4943,Welcome pack,Fundraising Ops,agent_17,2025-11-09,2025-11-11,2025-11-16,Completed,Normal
4944,Swab kit dispatch,Register Operations,agent_12,2026-05-16,2026-05-26,2026-05-23,Completed,Low
4945,Gift Aid declaration,Supporter Care,agent_14,2026-01-14,2026-02-03,2026-01-14,Completed,Low
4946,Thank-you letter,Fundraising Ops,agent_16,2025-07-01,2025-07-11,2025-07-05,Completed,Normal
4947,Data request,Fundraising Ops,agent_22,2025-03-14,2025-04-03,2025-03-30,Completed,Low
4948,Welcome pack,Register Operations,agent_22,2025-05-27,2025-05-29,2025-06-12,Completed,High
4949,Data request,Supporter Care,agent_26,2026-04-30,2026-05-10,2026-05-21,Completed,Normal
4950,Swab kit dispatch,Fundraising Ops,agent_04,2026-04-25,2026-05-15,2026-05-10,Completed,High
4951,Data request,Fundraising Ops,agent_03,2026-06-12,2026-06-14,2026-07-18,Completed,Low
4952,Gift Aid declaration,Fundraising Ops,agent_11,2025-05-18,2025-05-23,2025-05-29,Completed,Normal
4953,Complaint,Register Operations,agent_02,2025-04-18,2025-05-08,2025-06-12,Completed,Normal
4954,Swab kit dispatch,Fundraising Ops,agent_07,2025-08-01,2025-08-11,,Completed,Low
4955,Welcome pack,Register Operations,agent_21,2026-05-22,2026-06-11,2026-06-09,Completed,Urgent
4956,Consent follow-up,Fundraising Ops,agent_24,2025-10-13,2025-11-02,2025-11-04,Completed,Low
4957,Gift Aid declaration,Fundraising Ops,agent_08,2026-05-18,2026-05-20,2026-06-06,Completed,High
4958,Welcome pack,Fundraising Ops,agent_26,2026-03-30,2026-04-19,2026-04-09,Completed,Low
4959,Thank-you letter,Supporter Care,agent_03,2025-02-23,2025-03-15,,In Progress,Normal
4960,Complaint,Fundraising Ops,agent_01,2026-03-20,2026-03-22,2026-04-06,Completed,Low
4961,Complaint,Supporter Care,agent_03,2026-07-23,2026-08-12,,Open,Normal
4962,Data request,Supporter Care,agent_02,2026-03-07,2026-03-12,2026-04-13,Completed,Normal
4963,Swab kit dispatch,Supporter Care,agent_20,2025-04-15,2025-05-05,2025-04-21,Completed,Normal
4964,Swab kit dispatch,Supporter Care,agent_23,2026-05-20,2026-06-09,2026-05-27,Completed,High
4965,Gift Aid declaration,Supporter Care,agent_10,2026-02-22,2026-02-24,2026-03-22,Complete,Low
4966,Welcome pack,Fundraising Ops,agent_19,2025-08-11,2025-08-31,2025-08-29,Completed,Normal
4967,Address change,Supporter Care,agent_18,2025-04-25,2025-05-05,2025-05-04,Completed,High
4968,Gift Aid declaration,Supporter Care,agent_24,2025-02-25,2025-03-07,2025-02-27,Complete,Normal
4969,Data request,Register Operations,agent_04,2025-05-23,2025-05-28,2025-06-20,Completed,Normal
4970,Welcome pack,Fundraising Ops,agent_07,2025-03-13,2025-03-23,2025-03-20,Completed,High
4971,Gift Aid declaration,Fundraising Ops,agent_18,2026-04-10,2026-04-30,2026-04-13,Completed,High
4972,Swab kit dispatch,Supporter Care,agent_24,2026-05-29,2026-06-03,2026-06-08,Completed,Normal
4973,Gift Aid declaration,Fundraising Ops,agent_02,2025-12-08,2025-12-28,2025-12-29,Complete,Low
4974,Address change,Supporter Care,agent_02,2025-12-20,2025-12-22,2025-12-23,Completed,Normal
4975,Data request,Register Operations,agent_08,2026-05-15,2026-05-17,2026-05-24,Completed,High
4976,Thank-you letter,Supporter Care,agent_26,2025-09-29,2025-10-04,2025-10-03,Completed,Normal
4977,Swab kit dispatch,Register Operations,agent_23,2026-07-06,2026-07-26,2026-07-18,Completed,Low
4978,Thank-you letter,Register Operations,agent_20,2025-08-02,2025-08-04,2025-08-09,Completed,Low
4979,Complaint,Supporter Care,agent_07,2025-12-28,2026-01-07,2026-02-06,Completed,High
4980,Swab kit dispatch,Supporter Care,agent_10,2025-08-03,2025-08-13,2025-08-16,Completed,Normal
4981,Address change,Fundraising Ops,agent_05,2025-03-01,2025-03-06,2025-03-18,Completed,Normal
4982,Gift Aid declaration,Register Operations,agent_22,2026-01-21,2026-01-31,2026-02-06,Completed,Normal
4983,Welcome pack,Supporter Care,agent_22,2026-02-15,2026-03-07,2026-02-18,Completed,Normal
4984,Welcome pack,Register Operations,agent_06,2025-04-07,2025-04-27,2025-04-10,Complete,Normal
4985,Data request,Fundraising Ops,agent_26,2026-06-24,2026-07-14,2026-07-20,Completed,Normal
4986,Address change,Fundraising Ops,agent_26,2026-05-03,2026-05-05,2026-05-05,Completed,Low
4987,Complaint,Register Operations,agent_11,2026-05-22,2026-05-27,2026-05-22,Completed,Normal
4988,Data request,Register Operations,agent_15,2026-03-29,2026-04-18,2026-04-27,Completed,Low
4989,Complaint,Register Operations,agent_04,2025-05-25,2025-05-30,2025-06-29,Completed,Low
4990,Address change,Register Operations,agent_09,2025-10-08,2025-10-28,2025-10-19,Completed,Low
4991,Thank-you letter,Register Operations,agent_02,2025-09-21,2025-10-01,2025-09-25,Completed,Normal
4992,Gift Aid declaration,Register Operations,agent_13,2025-03-04,2025-03-24,2025-03-25,Completed,Normal
4993,Consent follow-up,Fundraising Ops,agent_25,2025-09-11,2025-09-13,2025-10-03,Completed,Urgent
4994,Complaint,Supporter Care,agent_12,2026-05-30,2026-06-01,2026-07-06,Completed,Normal
4995,Complaint,Supporter Care,agent_02,2025-11-30,2025-12-20,2026-01-04,Completed,Normal
4996,Gift Aid declaration,Supporter Care,agent_23,2025-02-28,2025-03-05,2025-03-01,Completed,High
4997,Swab kit dispatch,Register Operations,agent_18,2025-12-02,2025-12-22,2025-12-03,Completed,Urgent
4998,Swab kit dispatch,Fundraising Ops,agent_09,2026-06-15,2026-07-05,2026-07-11,Completed,Normal
4999,Swab kit dispatch,Supporter Care,agent_26,2025-11-30,2025-12-02,2025-11-30,Completed,High
5000,Address change,Fundraising Ops,agent_21,2026-03-31,2026-04-02,2026-04-08,Completed,Low
5001,Consent follow-up,Supporter Care,agent_23,2026-03-11,2026-03-16,2026-03-31,Completed,Low
5002,Welcome pack,Supporter Care,agent_18,2025-11-23,2025-12-03,2025-12-11,Completed,Low
5003,Welcome pack,Fundraising Ops,,2025-12-16,2025-12-21,2025-12-30,Completed,Low
5004,Swab kit dispatch,Fundraising Ops,agent_10,2025-09-14,2025-09-24,2025-09-23,Completed,Low
5005,Gift Aid declaration,Supporter Care,agent_10,2025-08-21,2025-08-26,2025-08-26,Completed,High
5006,Gift Aid declaration,Supporter Care,,2025-08-13,2025-09-02,2025-09-02,Completed,Normal
5007,Data request,Supporter Care,agent_21,2026-05-20,2026-05-25,2026-07-15,Completed,Low
5008,Swab kit dispatch,Register Operations,agent_19,2025-10-11,2025-10-31,2025-10-19,Completed,Normal
5009,Address change,Supporter Care,agent_06,2026-06-05,2026-06-07,,In Progress,Normal
5010,Gift Aid declaration,Register Operations,agent_14,2025-09-06,2025-09-26,,Blocked,Normal
5011,Thank-you letter,Register Operations,agent_10,2025-08-20,2025-08-25,2025-08-25,Completed,Normal
5012,Gift Aid declaration,Fundraising Ops,agent_03,2026-04-25,2026-04-30,2026-05-17,Completed,High
5013,Address change,Register Operations,agent_20,2026-06-25,2026-07-15,2026-07-08,Completed,High
5014,Consent follow-up,Fundraising Ops,agent_17,2025-07-19,2025-07-21,2025-08-10,Completed,Normal
5015,Welcome pack,Supporter Care,agent_01,2026-07-15,2026-07-25,2026-08-03,Completed,High
5016,Swab kit dispatch,Supporter Care,agent_16,2025-05-10,2025-05-15,2025-05-22,Completed,Normal
5017,Consent follow-up,Fundraising Ops,agent_06,2025-05-12,2025-05-17,2025-05-17,Completed,Normal
5018,Data request,Supporter Care,agent_12,2026-04-08,2026-04-13,2026-04-17,Completed,Low
5019,Swab kit dispatch,Supporter Care,agent_03,2026-03-19,2026-03-29,2026-03-27,Completed,Low
5020,Welcome pack,Supporter Care,agent_09,2025-06-22,2025-07-12,2025-07-06,Complete,Normal
5021,Swab kit dispatch,Register Operations,agent_25,2025-11-08,2025-11-18,2025-11-16,Completed,Normal
5022,Welcome pack,Register Operations,agent_05,2026-01-07,2026-01-12,2026-01-18,Completed,Low
5023,Address change,Supporter Care,agent_21,2026-06-23,2026-07-13,2026-07-14,Completed,High
5024,Gift Aid declaration,Supporter Care,agent_05,2026-06-07,2026-06-27,2026-06-21,Completed,Low
5025,Consent follow-up,Fundraising Ops,agent_11,2025-06-28,2025-07-03,2025-07-19,Completed,Normal
5026,Gift Aid declaration,Register Operations,agent_21,2025-11-12,2025-12-02,2025-11-18,Completed,Low
5027,Complaint,Supporter Care,agent_07,2025-07-27,2025-08-16,2025-08-30,Completed,Normal
5028,Gift Aid declaration,Supporter Care,agent_05,2026-07-16,2026-07-26,2026-08-08,Completed,Low
5029,Swab kit dispatch,Supporter Care,agent_26,2025-10-07,2025-10-27,2025-10-15,Completed,Normal
5030,Data request,Fundraising Ops,agent_12,2026-05-15,2026-05-20,2026-06-15,Completed,High
5031,Swab kit dispatch,Supporter Care,agent_22,2026-02-25,2026-03-07,2026-02-28,Completed,Low
5032,Thank-you letter,Supporter Care,agent_22,2025-12-19,2025-12-21,2025-12-25,Complete,High
5033,Data request,Fundraising Ops,agent_22,2026-04-09,2026-04-14,2026-05-28,Completed,Normal
5034,Data request,Supporter Care,agent_25,2026-02-11,2026-02-13,2026-03-09,Completed,Normal
5035,Complaint,Supporter Care,agent_11,2025-06-19,2025-06-29,2025-08-09,Completed,Normal
5036,Welcome pack,Fundraising Ops,agent_19,2025-05-30,2025-06-19,2025-06-01,Completed,Normal
5037,Data request,Supporter Care,agent_01,2025-11-30,2025-12-05,2026-01-10,Completed,Normal
5038,Thank-you letter,Supporter Care,agent_03,2026-01-11,2026-01-21,,Open,Normal
5039,Address change,Fundraising Ops,agent_05,2025-04-11,2025-04-16,2025-05-04,Completed,Urgent
5040,Data request,Fundraising Ops,agent_17,2025-04-10,2025-04-30,2025-05-21,Completed,Normal
5041,Swab kit dispatch,Fundraising Ops,agent_07,2025-12-31,2026-01-02,2026-01-06,Completed,Normal
5042,Data request,Supporter Care,agent_19,2026-06-24,2026-07-14,2026-08-02,Completed,Normal
5043,Swab kit dispatch,Register Operations,agent_19,2026-05-23,2026-05-25,2026-05-23,Completed,Normal
5044,Data request,Supporter Care,agent_21,2026-07-12,2026-07-17,,Blocked,Low
5045,Address change,Fundraising Ops,agent_01,2025-12-21,2025-12-26,2025-12-26,Completed,Normal
5046,Swab kit dispatch,Register Operations,agent_09,2025-04-04,2025-04-09,2025-04-09,Completed,High
5047,Address change,Register Operations,agent_07,2026-07-16,2026-07-26,,Open,Normal
5048,Gift Aid declaration,Supporter Care,agent_11,2026-04-29,2026-05-01,2026-05-23,Completed,Normal
5049,Data request,Fundraising Ops,agent_25,2025-06-30,2025-07-20,2025-07-23,Completed,High
5050,Welcome pack,Fundraising Ops,agent_01,2025-12-27,2026-01-01,2026-01-09,Completed,Normal
5051,Complaint,Register Operations,agent_09,2026-02-20,2026-02-25,2026-03-16,Completed,High
5052,Consent follow-up,Register Operations,agent_05,2025-03-04,2025-03-09,2025-03-27,Completed,Normal
5053,Consent follow-up,Supporter Care,agent_26,2025-06-09,2025-06-19,2025-06-22,Completed,Normal
5054,Swab kit dispatch,Fundraising Ops,agent_26,2026-01-05,2026-01-10,2026-01-24,Completed,Normal
5055,Welcome pack,Supporter Care,agent_11,2026-03-02,2026-03-22,2026-03-14,Completed,Normal
5056,Swab kit dispatch,Supporter Care,agent_13,2026-03-29,2026-04-03,2026-04-12,Completed,Normal
5057,Data request,Register Operations,agent_09,2025-12-07,2025-12-12,2026-01-06,Complete,Low
5058,Gift Aid declaration,Supporter Care,agent_15,2025-03-25,2025-03-27,2025-04-20,Completed,Normal
5059,Welcome pack,Fundraising Ops,agent_13,2026-04-13,2026-05-03,2026-04-25,Completed,Normal
5060,Gift Aid declaration,Register Operations,agent_11,2026-06-16,2026-06-18,2026-07-11,Completed,High
5061,Consent follow-up,Register Operations,agent_24,2026-08-06,2026-08-26,,In Progress,Low
5062,Welcome pack,Fundraising Ops,agent_25,2025-06-04,2025-06-14,2025-06-10,Completed,Normal
5063,Complaint,Fundraising Ops,agent_25,2025-11-22,2025-12-12,2025-12-28,Completed,Low
5064,Welcome pack,Fundraising Ops,agent_24,2026-07-21,2026-07-31,2026-08-13,Completed,Normal
5065,Complaint,Register Operations,agent_15,2026-04-18,2026-04-28,2026-05-02,Completed,Low
5066,Swab kit dispatch,Supporter Care,agent_24,2026-01-20,2026-01-30,2026-01-31,Completed,Urgent
5067,Data request,Register Operations,agent_21,2025-04-17,2025-04-19,2025-05-15,Completed,Normal
5068,Swab kit dispatch,Supporter Care,agent_02,2025-08-17,2025-08-22,2025-08-26,Completed,Normal
5069,Consent follow-up,Register Operations,agent_26,2025-07-11,2025-07-16,,Open,High
5070,Address change,Register Operations,agent_16,2026-06-30,2026-07-10,2026-07-20,Completed,Low
5071,Thank-you letter,Register Operations,agent_16,2025-10-04,2025-10-06,2025-10-12,Completed,Normal
5072,Gift Aid declaration,Register Operations,agent_03,2025-07-04,2025-07-09,2025-08-07,Completed,Normal
5073,Welcome pack,Register Operations,agent_10,2025-12-09,2025-12-29,2025-12-23,Completed,Normal
5074,Thank-you letter,Register Operations,agent_02,2025-07-14,2025-07-24,2025-07-20,Completed,Normal
5075,Thank-you letter,Fundraising Ops,agent_25,2026-01-06,2026-01-26,2026-01-11,Complete,Low
5076,Swab kit dispatch,Fundraising Ops,agent_24,2025-12-12,2025-12-17,,Open,Normal
5077,Swab kit dispatch,Fundraising Ops,agent_14,2025-10-17,2025-10-22,2025-10-18,Completed,Normal
5078,Thank-you letter,Register Operations,agent_07,2026-03-21,2026-03-26,2026-04-03,Completed,High
5079,Welcome pack,Fundraising Ops,agent_02,2026-05-17,2026-06-06,2026-05-21,Completed,Normal
5080,Welcome pack,Fundraising Ops,agent_01,2026-01-31,2026-02-10,2026-02-12,Completed,Low
5081,Thank-you letter,Supporter Care,agent_17,2025-07-05,2025-07-10,2025-07-08,Completed,Normal
5082,Address change,Supporter Care,agent_10,2026-03-15,2026-03-25,2026-03-28,Completed,Low
5083,Complaint,Fundraising Ops,agent_03,2026-06-25,2026-07-15,2026-08-05,Completed,Normal
5084,Swab kit dispatch,Supporter Care,agent_17,2025-02-25,2025-03-07,2025-03-05,Completed,Urgent
5085,Thank-you letter,Fundraising Ops,agent_22,2025-08-24,2025-08-29,2025-08-30,Completed,Low
5086,Consent follow-up,Fundraising Ops,agent_06,2025-11-05,2025-11-25,2025-11-21,Completed,Normal
5087,Welcome pack,Supporter Care,agent_04,2026-03-15,2026-04-04,2026-03-27,Completed,High
5088,Complaint,Register Operations,agent_02,2026-06-10,2026-06-30,,Blocked,High
5089,Complaint,Supporter Care,agent_21,2025-03-05,2025-03-15,2025-04-25,Completed,Low
5090,Complaint,Register Operations,agent_19,2025-02-28,2025-03-20,2025-03-19,Completed,Normal
5091,Consent follow-up,Supporter Care,agent_09,2025-08-10,2025-08-12,2025-08-30,Completed,Normal
5092,Data request,Fundraising Ops,agent_10,2026-05-14,2026-06-03,2026-06-15,Complete,Low
5093,Welcome pack,Register Operations,agent_01,2025-10-04,2025-10-24,2025-10-19,Completed,Normal
5094,Address change,Register Operations,agent_01,2026-06-23,2026-06-28,2026-07-18,Complete,Normal
5095,Consent follow-up,Supporter Care,agent_09,2025-06-16,2025-06-26,2025-06-29,Complete,Low
5096,Consent follow-up,Fundraising Ops,agent_26,2026-08-09,2026-08-29,,Blocked,High
5097,Complaint,Supporter Care,agent_26,2025-04-16,2025-05-06,2025-05-19,Completed,Normal
5098,Swab kit dispatch,Supporter Care,agent_06,2025-07-03,2025-07-13,2025-07-07,Completed,Urgent
5099,Welcome pack,Fundraising Ops,agent_12,2025-07-26,2025-08-15,2025-08-07,Completed,Normal
5100,Swab kit dispatch,Supporter Care,agent_03,2026-03-22,2026-04-11,2026-03-28,Completed,Low
5101,Thank-you letter,Register Operations,agent_08,2026-04-21,2026-04-26,2026-04-03,Completed,Normal
5102,Thank-you letter,Fundraising Ops,agent_21,2026-06-23,2026-06-28,2026-07-05,Completed,Normal
5103,Gift Aid declaration,Supporter Care,agent_25,2025-08-08,2025-08-10,2025-08-15,Completed,Normal
5104,Address change,Fundraising Ops,agent_01,2026-05-06,2026-05-26,2026-05-16,Completed,High
5105,Data request,Fundraising Ops,agent_26,2025-03-18,2025-03-23,2025-04-18,Completed,Normal
5106,Complaint,Fundraising Ops,agent_09,2025-11-16,2025-12-06,2025-12-18,Completed,Normal
5107,Gift Aid declaration,Register Operations,agent_06,2025-12-31,2026-01-10,2026-01-20,Completed,Normal
5108,Swab kit dispatch,Register Operations,agent_02,2026-03-14,2026-04-03,2026-03-29,Completed,Normal
5109,Data request,Register Operations,agent_26,2026-02-10,2026-02-12,2026-03-01,Completed,Normal
5110,Thank-you letter,Supporter Care,agent_24,2025-03-19,2025-04-08,2025-03-23,Completed,High
5111,Complaint,Register Operations,agent_23,2026-01-15,2026-01-25,2026-01-30,Completed,Normal
5112,Thank-you letter,Register Operations,,2025-10-18,2025-10-23,2025-10-27,Completed,Normal
5113,Address change,Fundraising Ops,agent_17,2025-04-19,2025-04-29,2025-04-24,Completed,High
5114,Data request,Register Operations,agent_18,2025-04-24,2025-04-29,2025-05-13,Completed,High
5115,Complaint,Register Operations,agent_19,2026-01-08,2026-01-10,2026-02-06,Completed,Normal
5116,Consent follow-up,Register Operations,agent_17,2025-08-22,2025-08-27,,Open,Normal
5117,Data request,Fundraising Ops,agent_06,2026-07-23,2026-07-25,2026-08-02,Completed,Low
5118,Welcome pack,Supporter Care,agent_20,2025-08-28,2025-09-17,2025-09-06,Completed,Urgent
5119,Complaint,Supporter Care,agent_08,2025-06-05,2025-06-07,2025-06-23,Completed,Low
5120,Thank-you letter,Supporter Care,agent_20,2025-12-04,2025-12-14,2025-12-11,Completed,High
5121,Complaint,Fundraising Ops,agent_09,2025-09-14,2025-09-16,2025-10-25,Completed,Normal
5122,Complaint,Fundraising Ops,agent_24,2025-03-07,2025-03-09,2025-04-24,Completed,High
5123,Swab kit dispatch,Fundraising Ops,agent_21,2025-10-29,2025-10-31,2025-11-06,Completed,Normal
5124,Swab kit dispatch,Fundraising Ops,,2025-05-25,2025-05-27,,Completed,Normal
5125,Address change,Fundraising Ops,agent_17,2025-12-26,2026-01-15,,Blocked,High
5126,Address change,Supporter Care,agent_26,2025-07-29,2025-07-31,2025-08-09,Completed,Normal
5127,Data request,Fundraising Ops,agent_24,2025-09-30,2025-10-20,,In Progress,Normal
5128,Thank-you letter,Register Operations,agent_24,2025-12-07,2025-12-12,2025-12-16,Completed,High
5129,Gift Aid declaration,Fundraising Ops,agent_14,2025-05-18,2025-05-20,2025-06-02,Completed,High
5130,Address change,Fundraising Ops,agent_12,2025-03-17,2025-03-27,2025-03-22,Completed,Low
5131,Complaint,Register Operations,agent_09,2025-05-14,2025-06-03,2025-06-25,Completed,Urgent
5132,Welcome pack,Register Operations,agent_10,2025-05-30,2025-06-04,2025-06-12,Completed,Low
5133,Address change,Supporter Care,agent_11,2025-07-19,2025-08-08,,In Progress,Normal
5134,Complaint,Fundraising Ops,agent_12,2026-02-19,2026-02-21,2026-04-05,Completed,Urgent
5135,Swab kit dispatch,Fundraising Ops,agent_17,2025-12-05,2025-12-07,2025-12-09,Completed,Normal
5136,Welcome pack,Fundraising Ops,agent_15,2025-03-29,2025-04-03,2025-04-04,Completed,Normal
5137,Address change,Supporter Care,agent_19,2026-01-23,2026-01-25,2026-02-15,Completed,High
5138,Thank-you letter,Register Operations,agent_12,2025-12-18,2025-12-28,2025-12-27,Completed,High
5139,Thank-you letter,Supporter Care,agent_19,2025-11-11,2025-11-21,2025-11-22,Completed,Normal
5140,Swab kit dispatch,Supporter Care,agent_24,2026-04-26,2026-05-06,2026-05-12,Completed,Low
5141,Address change,Register Operations,agent_16,2026-03-16,2026-04-05,2026-03-21,Completed,Normal
5142,Consent follow-up,Fundraising Ops,agent_23,2025-09-20,2025-09-30,2025-10-13,Completed,Urgent
5143,Data request,Fundraising Ops,agent_05,2025-11-09,2025-11-11,2025-11-22,Completed,Low
5144,Complaint,Register Operations,agent_04,2025-07-28,2025-08-07,2025-08-23,Completed,Low
5145,Consent follow-up,Register Operations,agent_03,2025-03-17,2025-03-27,2025-04-19,Completed,High
5146,Complaint,Supporter Care,agent_21,2026-03-05,2026-03-10,2026-04-08,Completed,High
5147,Welcome pack,Register Operations,agent_18,2025-04-29,2025-05-01,2025-05-12,Completed,High
5148,Address change,Fundraising Ops,agent_02,2025-07-13,2025-07-15,2025-07-18,Completed,High
5149,Welcome pack,Register Operations,agent_22,2025-07-17,2025-07-22,2025-08-10,Completed,Normal
5150,Consent follow-up,Supporter Care,agent_25,2026-04-25,2026-04-30,2026-05-15,Completed,Normal
5151,Complaint,Register Operations,agent_02,2025-08-31,2025-09-20,2025-10-08,Completed,Low
5152,Thank-you letter,Register Operations,agent_12,2025-03-03,2025-03-05,2025-03-09,Completed,Normal
5153,Complaint,Supporter Care,agent_13,2026-03-16,2026-03-18,2026-04-15,Completed,Normal
5154,Swab kit dispatch,Register Operations,agent_16,2025-08-16,2025-08-18,2025-08-27,Completed,Normal
5155,Data request,Supporter Care,agent_01,2025-11-10,2025-11-30,2025-12-15,Completed,Normal
5156,Data request,Fundraising Ops,agent_14,2025-11-03,2025-11-08,2025-12-06,Completed,Normal
5157,Thank-you letter,Register Operations,agent_06,2025-03-03,2025-03-05,,Open,Low
5158,Complaint,Supporter Care,agent_18,2025-03-08,2025-03-18,2025-05-01,Completed,High
5159,Consent follow-up,Register Operations,agent_19,2026-03-06,2026-03-26,2026-03-21,Completed,Normal
5160,Data request,Register Operations,agent_15,2025-04-16,2025-04-21,2025-05-18,Completed,High
5161,Thank-you letter,Fundraising Ops,agent_22,2026-01-19,2026-01-24,2026-01-31,Completed,Normal
5162,Thank-you letter,Fundraising Ops,agent_04,2025-03-08,2025-03-18,2025-03-10,Completed,Normal
5163,Complaint,Fundraising Ops,agent_19,2026-05-07,2026-05-09,2026-07-22,Completed,Normal
5164,Consent follow-up,Supporter Care,agent_01,2026-02-23,2026-02-25,2026-03-06,Completed,Normal
5165,Welcome pack,Fundraising Ops,agent_13,2025-05-23,2025-05-25,2025-06-04,Completed,Low
5166,Swab kit dispatch,Register Operations,agent_12,2026-03-01,2026-03-06,,In Progress,Normal
5167,Swab kit dispatch,Register Operations,agent_08,2026-02-11,2026-02-16,2026-02-28,Completed,Normal
5168,Gift Aid declaration,Fundraising Ops,agent_02,2026-07-07,2026-07-09,2026-07-28,Completed,Normal
5169,Consent follow-up,Supporter Care,agent_08,2025-06-05,2025-06-15,2025-06-05,Completed,Normal
5170,Complaint,Fundraising Ops,agent_19,2025-06-28,2025-07-03,2025-08-10,Completed,Normal
5171,Swab kit dispatch,Supporter Care,agent_23,2025-10-17,2025-10-27,2025-10-28,Completed,Normal
5172,Thank-you letter,Fundraising Ops,agent_21,2025-11-07,2025-11-12,2025-11-17,Completed,Low
5173,Consent follow-up,Fundraising Ops,agent_15,2025-04-23,2025-04-25,2025-05-02,Completed,High
5174,Thank-you letter,Supporter Care,agent_14,2026-01-16,2026-01-18,2026-01-24,Completed,Normal
5175,Consent follow-up,Supporter Care,agent_23,2025-08-08,2025-08-13,2025-09-09,Completed,Normal
5176,Thank-you letter,Register Operations,agent_26,2025-04-20,2025-05-10,2025-05-05,Completed,High
5177,Consent follow-up,Register Operations,agent_09,2026-04-17,2026-04-22,2026-05-07,Completed,High
5178,Consent follow-up,Supporter Care,agent_01,2026-04-28,2026-05-08,2026-05-18,Completed,Normal
5179,Complaint,Fundraising Ops,agent_22,2026-06-24,2026-06-29,,In Progress,Normal
5180,Thank-you letter,Register Operations,agent_02,2025-06-13,2025-07-03,2025-06-27,Completed,Normal
5181,Swab kit dispatch,Fundraising Ops,agent_15,2026-04-29,2026-05-09,2026-05-02,Completed,Normal
5182,Address change,Fundraising Ops,agent_08,2025-10-27,2025-10-29,2025-11-16,Completed,Low
5183,Gift Aid declaration,Register Operations,agent_07,2026-01-01,2026-01-03,2026-01-25,Completed,Low
5184,Swab kit dispatch,Register Operations,agent_19,2025-10-28,2025-11-02,2025-11-15,Completed,Low
5185,Consent follow-up,Register Operations,agent_11,2025-03-11,2025-03-21,2025-04-01,Completed,Urgent
5186,Welcome pack,Register Operations,agent_04,2025-11-21,2025-11-23,2025-12-01,Completed,Normal
5187,Data request,Fundraising Ops,agent_01,2025-06-08,2025-06-10,2025-07-10,Completed,High
5188,Complaint,Fundraising Ops,agent_02,2026-05-03,2026-05-13,2026-06-28,Completed,Normal
5189,Welcome pack,Register Operations,agent_25,2025-07-21,2025-07-26,2025-07-27,Completed,High
5190,Swab kit dispatch,Supporter Care,agent_24,2025-10-22,2025-10-24,2025-11-02,Completed,High
5191,Gift Aid declaration,Fundraising Ops,agent_14,2025-07-22,2025-08-11,2025-08-06,Complete,Normal
5192,Swab kit dispatch,Fundraising Ops,agent_02,2026-05-13,2026-05-23,2026-05-27,Completed,Normal
5193,Consent follow-up,Register Operations,agent_25,2026-03-05,2026-03-15,2026-03-17,Completed,Normal
5194,Welcome pack,Supporter Care,agent_03,2025-04-26,2025-05-01,2025-05-10,Complete,Normal
5195,Data request,Supporter Care,agent_21,2025-12-07,2025-12-27,2026-01-04,Completed,Normal
5196,Consent follow-up,Register Operations,agent_07,2025-06-20,2025-07-10,2025-06-23,Completed,Normal
5197,Swab kit dispatch,Supporter Care,agent_21,2025-09-28,2025-10-08,2025-09-30,Completed,High
5198,Gift Aid declaration,Register Operations,agent_16,2025-10-22,2025-10-24,2025-11-04,Completed,Normal
5199,Consent follow-up,Register Operations,agent_15,2025-05-10,2025-05-12,2025-05-27,Completed,Normal
5200,Data request,Fundraising Ops,agent_21,2025-08-13,2025-08-18,2025-09-01,Completed,Normal
5201,Consent follow-up,Register Operations,agent_17,2026-04-22,2026-04-27,2026-04-22,Completed,Normal
5202,Gift Aid declaration,Supporter Care,agent_24,2025-09-11,2025-09-21,2025-09-20,Completed,Normal
5203,Welcome pack,Fundraising Ops,agent_23,2026-05-05,2026-05-10,2026-05-12,Completed,Low
5204,Complaint,Supporter Care,agent_09,2025-10-21,2025-11-10,2025-11-28,Completed,Normal
5205,Welcome pack,Supporter Care,agent_22,2025-12-08,2025-12-10,2025-12-08,Completed,Low
5206,Complaint,Register Operations,agent_15,2025-06-22,2025-07-02,2025-07-20,Completed,Normal
5207,Thank-you letter,Fundraising Ops,agent_09,2025-11-15,2025-11-25,2025-11-25,Completed,High
5208,Welcome pack,Register Operations,agent_12,2025-10-12,2025-10-22,2025-10-12,Completed,Normal
5209,Welcome pack,Register Operations,agent_16,2025-09-09,2025-09-29,2025-09-15,Completed,Normal
5210,Data request,Supporter Care,agent_13,2025-12-23,2025-12-28,2026-01-13,Completed,Low
5211,Thank-you letter,Supporter Care,agent_07,2026-04-01,2026-04-11,2026-04-12,Completed,Normal
5212,Data request,Register Operations,agent_16,2026-05-30,2026-06-19,2026-06-27,Completed,Normal
5213,Welcome pack,Register Operations,agent_12,2026-06-28,2026-06-30,2026-07-18,Completed,Normal
5214,Swab kit dispatch,Fundraising Ops,agent_26,2025-04-06,2025-04-11,2025-04-21,Completed,High
5215,Welcome pack,Fundraising Ops,agent_04,2025-07-04,2025-07-06,2025-07-12,Completed,Low
5216,Welcome pack,Supporter Care,agent_03,2026-01-19,2026-01-21,2026-02-04,Completed,Low
5217,Data request,Register Operations,agent_05,2026-07-14,2026-07-24,2026-07-28,Completed,Normal
5218,Gift Aid declaration,Supporter Care,agent_17,2026-01-10,2026-01-30,2026-01-26,Completed,High
5219,Address change,Register Operations,agent_13,2025-03-15,2025-04-04,2025-03-21,Completed,Normal
5220,Gift Aid declaration,Supporter Care,agent_10,2025-10-21,2025-11-10,,Completed,Low
5221,Gift Aid declaration,Fundraising Ops,agent_16,2025-04-06,2025-04-11,2025-04-21,Completed,Normal
5222,Consent follow-up,Supporter Care,agent_04,2026-01-01,2026-01-11,2026-01-27,Completed,Normal
5223,Complaint,Register Operations,agent_08,2026-01-13,2026-01-18,,Blocked,High
5224,Complaint,Register Operations,agent_04,2026-05-03,2026-05-13,2026-06-20,Completed,Low
5225,Swab kit dispatch,Supporter Care,agent_26,2026-05-08,2026-05-13,2026-05-23,Completed,Normal
5226,Complaint,Fundraising Ops,agent_11,2026-06-23,2026-06-25,2026-07-11,Completed,Normal
5227,Welcome pack,Register Operations,agent_19,2025-10-15,2025-10-20,,Completed,Normal
5228,Thank-you letter,Supporter Care,agent_19,2026-03-11,2026-03-16,2026-03-23,Completed,Normal
5229,Address change,Register Operations,agent_14,2026-06-03,2026-06-08,2026-06-13,Completed,High
5230,Data request,Supporter Care,agent_17,2025-05-06,2025-05-26,2025-06-20,Completed,High
5231,Gift Aid declaration,Supporter Care,agent_25,2025-10-20,2025-11-09,2025-10-25,Completed,Normal
5232,Gift Aid declaration,Supporter Care,agent_01,2025-06-05,2025-06-25,2025-06-21,Completed,Urgent
5233,Data request,Fundraising Ops,agent_01,2025-12-31,2026-01-10,2026-01-15,Completed,High
5234,Gift Aid declaration,Supporter Care,agent_26,2026-03-27,2026-04-16,2026-04-13,Completed,Normal
5235,Consent follow-up,Register Operations,agent_19,2026-06-07,2026-06-09,2026-07-19,Completed,Normal
5236,Gift Aid declaration,Fundraising Ops,agent_23,2026-06-17,2026-06-27,2026-06-24,Completed,High
5237,Consent follow-up,Supporter Care,agent_06,2025-11-19,2025-11-21,2025-12-01,Completed,Normal
5238,Welcome pack,Supporter Care,agent_14,2026-03-04,2026-03-24,2026-03-10,Completed,Normal
5239,Swab kit dispatch,Register Operations,agent_05,2026-04-22,2026-04-27,2026-04-29,Completed,Low
5240,Address change,Fundraising Ops,agent_19,2025-06-23,2025-06-28,2025-07-14,Completed,Low
5241,Thank-you letter,Register Operations,agent_18,2026-02-05,2026-02-07,2026-02-13,Completed,High
5242,Address change,Fundraising Ops,agent_14,2025-07-14,2025-08-03,2025-07-23,Completed,Normal
5243,Welcome pack,Register Operations,agent_12,2025-10-04,2025-10-09,2025-10-21,Completed,Normal
5244,Address change,Supporter Care,agent_01,2026-05-04,2026-05-09,2026-06-01,Completed,Urgent
5245,Address change,Register Operations,agent_26,2026-05-06,2026-05-16,2026-05-13,Completed,Normal
5246,Complaint,Register Operations,agent_15,2026-05-11,2026-05-31,2026-06-09,Completed,Normal
5247,Consent follow-up,Supporter Care,agent_25,2025-04-01,2025-04-06,2025-04-25,Completed,Low
5248,Consent follow-up,Fundraising Ops,agent_23,2025-04-24,2025-05-14,2025-05-19,Completed,Low
5249,Complaint,Register Operations,agent_23,2025-11-28,2025-12-03,,Open,High
5250,Consent follow-up,Fundraising Ops,agent_21,2025-11-03,2025-11-05,2025-11-09,Completed,Normal
5251,Address change,Supporter Care,agent_24,2025-08-06,2025-08-08,2025-08-27,Completed,Urgent
5252,Swab kit dispatch,Register Operations,agent_11,2025-08-07,2025-08-17,2025-08-08,Completed,Normal
5253,Swab kit dispatch,Fundraising Ops,agent_19,2025-07-19,2025-07-29,2025-07-28,Completed,High
5254,Swab kit dispatch,Supporter Care,agent_08,2026-01-22,2026-02-01,2026-01-22,Completed,High
5255,Complaint,Supporter Care,agent_08,2026-05-30,2026-06-19,,Open,Low
5256,Address change,Supporter Care,agent_25,2025-10-18,2025-11-07,2025-10-29,Complete,High
5257,Complaint,Fundraising Ops,agent_06,2025-04-23,2025-04-28,,In Progress,Normal
5258,Swab kit dispatch,Fundraising Ops,agent_02,2025-10-06,2025-10-16,2025-10-14,Completed,High
5259,Welcome pack,Supporter Care,agent_24,2025-10-14,2025-11-03,2025-10-21,Completed,Normal
5260,Complaint,Register Operations,agent_26,2026-07-19,2026-07-24,,Open,Normal
5261,Swab kit dispatch,Fundraising Ops,agent_03,2026-03-26,2026-04-05,2026-03-29,Completed,Normal
5262,Complaint,Supporter Care,agent_05,2025-12-01,2025-12-06,2025-12-11,Completed,Low
5263,Complaint,Register Operations,agent_23,2025-03-02,2025-03-12,2025-04-06,Completed,Normal
5264,Address change,Supporter Care,agent_24,2026-02-23,2026-03-05,2026-03-11,Complete,Low
5265,Address change,Register Operations,agent_26,2025-05-24,2025-06-03,2025-06-01,Completed,Normal
5266,Consent follow-up,Supporter Care,agent_18,2026-03-13,2026-03-23,2026-04-10,Completed,Urgent
5267,Thank-you letter,Register Operations,agent_08,2025-12-18,2025-12-20,2025-12-29,Completed,Normal
5268,Swab kit dispatch,Fundraising Ops,agent_20,2025-10-26,2025-10-28,,Blocked,Low
5269,Swab kit dispatch,Supporter Care,agent_03,2026-07-14,2026-07-24,2026-07-29,Completed,High
5270,Address change,Supporter Care,agent_26,2025-11-08,2025-11-28,2025-11-21,Completed,High
5271,Thank-you letter,Supporter Care,agent_12,2026-06-06,2026-06-16,2026-06-15,Completed,High
5272,Consent follow-up,Fundraising Ops,,2025-05-28,2025-06-02,2025-05-28,Completed,Normal
5273,Welcome pack,Register Operations,agent_05,2025-05-17,2025-05-22,2025-05-28,Completed,Normal
5274,Swab kit dispatch,Supporter Care,agent_11,2025-12-11,2025-12-31,2025-12-27,Completed,Normal
5275,Welcome pack,Register Operations,agent_07,2025-07-26,2025-07-31,2025-08-10,Complete,Low
5276,Data request,Register Operations,agent_10,2026-03-17,2026-03-27,2026-04-22,Completed,Normal
5277,Swab kit dispatch,Supporter Care,agent_04,2025-04-06,2025-04-11,2025-04-18,Completed,High
5278,Gift Aid declaration,Fundraising Ops,agent_17,2025-11-13,2025-11-15,2025-12-05,Completed,Normal
5279,Data request,Register Operations,agent_20,2025-04-27,2025-04-29,2025-05-15,Completed,High
5280,Swab kit dispatch,Supporter Care,agent_07,2026-04-05,2026-04-25,2026-04-09,Completed,High
5281,Gift Aid declaration,Fundraising Ops,agent_07,2025-05-24,2025-06-03,2025-05-30,Completed,Normal
5282,Swab kit dispatch,Fundraising Ops,agent_07,2025-07-04,2025-07-24,2025-07-09,Completed,Normal
5283,Gift Aid declaration,Fundraising Ops,agent_25,2025-02-25,2025-03-02,2025-03-08,Completed,Low
5284,Thank-you letter,Register Operations,agent_04,2026-04-12,2026-04-22,2026-04-24,Completed,High
5285,Swab kit dispatch,Fundraising Ops,agent_26,2025-03-09,2025-03-29,2025-03-14,Completed,High
5286,Welcome pack,Supporter Care,agent_13,2025-04-20,2025-04-25,2025-05-03,Complete,Low
5287,Thank-you letter,Supporter Care,agent_16,2025-08-15,2025-08-25,2025-08-22,Completed,Normal
5288,Swab kit dispatch,Register Operations,agent_13,2026-01-12,2026-01-22,2026-01-29,Completed,Low
5289,Thank-you letter,Register Operations,agent_01,2025-11-20,2025-11-22,2025-11-26,Complete,Normal
5290,Gift Aid declaration,Register Operations,agent_03,2025-04-09,2025-04-19,2025-04-23,Completed,High
5291,Swab kit dispatch,Register Operations,agent_19,2026-05-12,2026-05-14,2026-05-28,Completed,Normal
5292,Welcome pack,Register Operations,agent_13,2026-06-17,2026-06-22,2026-07-12,Completed,Urgent
5293,Gift Aid declaration,Fundraising Ops,agent_12,2025-11-26,2025-12-06,2025-12-12,Completed,High
5294,Thank-you letter,Fundraising Ops,agent_08,2025-12-09,2025-12-14,2025-12-16,Completed,Normal
5295,Gift Aid declaration,Supporter Care,agent_19,2025-02-26,2025-03-08,2025-03-12,Completed,High
5296,Gift Aid declaration,Fundraising Ops,agent_13,2026-03-21,2026-04-10,2026-03-21,Completed,Low
5297,Gift Aid declaration,Register Operations,agent_22,2025-08-02,2025-08-12,2025-08-22,Completed,Normal
5298,Swab kit dispatch,Register Operations,agent_07,2025-08-20,2025-08-30,,Blocked,Normal
5299,Consent follow-up,Register Operations,agent_10,2026-05-28,2026-06-17,2026-06-23,Completed,High
5300,Data request,Supporter Care,agent_04,2025-04-02,2025-04-12,2025-04-26,Completed,Normal
5301,Consent follow-up,Supporter Care,agent_07,2025-10-22,2025-11-11,2025-11-07,Completed,Normal
5302,Swab kit dispatch,Fundraising Ops,agent_09,2026-07-12,2026-07-17,2026-08-01,Completed,Low
5303,Data request,Supporter Care,agent_14,2025-04-17,2025-05-07,2025-05-13,Completed,Low
5304,Data request,Fundraising Ops,agent_10,2025-06-10,2025-06-12,2025-07-03,Completed,Low
5305,Welcome pack,Fundraising Ops,agent_01,2025-08-15,2025-08-20,2025-08-30,Completed,Normal
5306,Address change,Fundraising Ops,agent_11,2025-08-25,2025-09-14,2025-09-14,Completed,Normal
5307,Thank-you letter,Fundraising Ops,agent_12,2025-05-22,2025-06-01,2025-05-27,Completed,Low
5308,Swab kit dispatch,Fundraising Ops,agent_21,2025-02-25,2025-03-17,2025-03-07,Completed,Low
5309,Welcome pack,Register Operations,agent_10,2026-07-01,2026-07-06,2026-07-27,Completed,High
5310,Address change,Supporter Care,agent_03,2026-03-17,2026-04-06,2026-04-07,Completed,Normal
5311,Welcome pack,Register Operations,agent_24,2026-05-27,2026-06-16,2026-06-14,Complete,Normal
5312,Welcome pack,Supporter Care,agent_15,2025-06-07,2025-06-09,2025-06-22,Complete,High
5313,Welcome pack,Fundraising Ops,agent_25,2025-11-24,2025-11-26,2025-12-13,Completed,Normal
5314,Data request,Fundraising Ops,,2026-02-26,2026-03-18,2026-03-24,Completed,Normal
5315,Consent follow-up,Register Operations,agent_26,2026-08-05,2026-08-15,,Blocked,Normal
5316,Gift Aid declaration,Fundraising Ops,agent_06,2026-03-12,2026-04-01,2026-04-06,Completed,Normal
5317,Gift Aid declaration,Fundraising Ops,agent_10,2026-08-05,2026-08-07,,In Progress,Normal
5318,Welcome pack,Fundraising Ops,agent_08,2025-07-16,2025-07-26,2025-07-23,Completed,Normal
5319,Gift Aid declaration,Fundraising Ops,agent_01,2025-08-19,2025-08-29,2025-09-14,Completed,Low
5320,Thank-you letter,Supporter Care,agent_02,2025-10-20,2025-10-22,2025-10-26,Completed,Normal
5321,Consent follow-up,Register Operations,agent_06,2025-06-23,2025-06-28,2025-07-07,Completed,High
5322,Thank-you letter,Fundraising Ops,agent_18,2026-04-21,2026-05-11,2026-05-01,Complete,High
5323,Address change,Register Operations,agent_09,2026-03-17,2026-03-27,2026-03-31,Completed,Normal
5324,Complaint,Register Operations,agent_11,2026-07-15,2026-07-17,2026-08-09,Completed,Low
5325,Complaint,Register Operations,agent_09,2025-07-18,2025-08-07,2025-08-26,Completed,High
5326,Gift Aid declaration,Register Operations,agent_05,2025-04-29,2025-05-01,2025-05-18,Completed,Low
5327,Welcome pack,Supporter Care,agent_08,2025-09-19,2025-09-21,2025-10-05,Completed,Normal
5328,Gift Aid declaration,Fundraising Ops,agent_25,2026-02-09,2026-02-19,2026-02-24,Completed,Low
5329,Complaint,Fundraising Ops,agent_24,2026-04-19,2026-04-24,2026-05-24,Completed,High
5330,Welcome pack,Fundraising Ops,agent_22,2025-12-22,2026-01-11,2026-01-07,Complete,Low
5331,Thank-you letter,Register Operations,agent_19,2026-08-09,2026-08-11,2026-08-10,Completed,Normal
5332,Complaint,Supporter Care,agent_01,2026-05-17,2026-05-22,2026-07-07,Completed,Urgent
5333,Thank-you letter,Fundraising Ops,agent_25,2026-04-18,2026-05-08,2026-04-28,Completed,Normal
5334,Thank-you letter,Fundraising Ops,agent_11,2025-11-02,2025-11-22,2025-11-14,Completed,Normal
5335,Gift Aid declaration,Supporter Care,agent_23,2026-05-19,2026-05-21,2026-06-07,Completed,Normal
5336,Swab kit dispatch,Register Operations,agent_14,2025-07-21,2025-08-10,2025-07-21,Completed,Low
5337,Thank-you letter,Fundraising Ops,agent_22,2025-10-05,2025-10-10,2025-10-14,Completed,Low
5338,Gift Aid declaration,Register Operations,agent_04,2025-12-10,2025-12-15,2025-12-21,Completed,Urgent
5339,Address change,Fundraising Ops,agent_20,2026-05-31,2026-06-20,2026-06-13,Completed,Normal
5340,Swab kit dispatch,Supporter Care,agent_23,2026-02-04,2026-02-09,2026-02-14,Completed,Low
5341,Gift Aid declaration,Register Operations,agent_18,2026-08-12,2026-08-14,,Open,High
5342,Swab kit dispatch,Register Operations,agent_25,2025-05-08,2025-05-28,2025-05-13,Completed,Normal
5343,Complaint,Register Operations,agent_25,2026-05-24,2026-05-26,2026-07-08,Completed,Normal
5344,Complaint,Register Operations,agent_03,2026-06-27,2026-07-02,,Blocked,Normal
5345,Thank-you letter,Register Operations,agent_26,2025-10-24,2025-11-13,2025-10-28,Completed,Urgent
5346,Data request,Register Operations,agent_01,2025-12-22,2025-12-24,2026-01-11,Completed,Normal
5347,Data request,Register Operations,agent_01,2025-05-11,2025-05-31,2025-05-24,Completed,Normal
5348,Swab kit dispatch,Register Operations,agent_08,2026-08-06,2026-08-08,,Open,Normal
5349,Thank-you letter,Register Operations,agent_23,2026-02-23,2026-02-28,2026-03-03,Completed,Normal
5350,Gift Aid declaration,Register Operations,agent_05,2026-04-19,2026-04-29,2026-05-07,Completed,Low
5351,Data request,Register Operations,agent_24,2026-06-17,2026-06-19,2026-08-04,Completed,Normal
5352,Gift Aid declaration,Fundraising Ops,agent_10,2025-07-26,2025-08-15,2025-07-26,Completed,Normal
5353,Swab kit dispatch,Register Operations,agent_02,2025-11-29,2025-12-09,2025-12-10,Completed,Normal
5354,Complaint,Supporter Care,agent_17,2026-03-30,2026-04-09,2026-05-16,Completed,Normal
5355,Swab kit dispatch,Supporter Care,agent_11,2025-02-28,2025-03-10,2025-03-06,Completed,High
5356,Swab kit dispatch,Supporter Care,agent_07,2026-02-22,2026-02-27,2026-03-02,Completed,Normal
5357,Welcome pack,Register Operations,agent_19,2026-06-01,2026-06-11,2026-06-09,Complete,Normal
5358,Welcome pack,Register Operations,agent_01,2026-06-21,2026-06-23,2026-07-08,Completed,Normal
5359,Thank-you letter,Fundraising Ops,agent_10,2025-12-15,2026-01-04,2025-12-19,Completed,Normal
5360,Data request,Supporter Care,agent_10,2025-06-19,2025-06-29,2025-07-23,Completed,Normal
5361,Thank-you letter,Fundraising Ops,agent_21,2026-04-19,2026-05-09,2026-04-27,Completed,Normal
5362,Welcome pack,Register Operations,agent_03,2026-04-16,2026-04-18,2026-05-01,Complete,Normal
5363,Welcome pack,Fundraising Ops,agent_22,2026-01-05,2026-01-25,2026-01-06,Completed,Low
5364,Gift Aid declaration,Register Operations,agent_16,2025-08-27,2025-09-16,2025-09-05,Completed,Urgent
5365,Address change,Register Operations,agent_05,2026-03-30,2026-04-19,2026-04-22,Completed,Normal
5366,Swab kit dispatch,Supporter Care,agent_16,2026-06-24,2026-07-14,2026-07-18,Completed,Normal
5367,Welcome pack,Register Operations,agent_12,2025-02-27,2025-03-09,2025-03-13,Completed,Normal
5368,Thank-you letter,Fundraising Ops,agent_01,2025-06-05,2025-06-07,2025-06-16,Completed,Normal
5369,Data request,Fundraising Ops,agent_13,2026-05-09,2026-05-14,2026-06-20,Completed,Normal
5370,Address change,Register Operations,agent_11,2025-04-19,2025-05-09,2025-04-29,Completed,Normal
5371,Consent follow-up,Register Operations,agent_21,2026-01-26,2026-02-05,2026-02-23,Completed,Low
5372,Thank-you letter,Register Operations,agent_18,2026-08-04,2026-08-24,,In Progress,High
5373,Complaint,Register Operations,agent_15,2025-04-30,2025-05-10,2025-05-18,Completed,Low
5374,Complaint,Supporter Care,agent_06,2025-11-21,2025-11-26,2025-12-27,Completed,High
5375,Swab kit dispatch,Register Operations,agent_07,2026-06-17,2026-07-07,2026-06-28,Completed,Low
5376,Address change,Fundraising Ops,agent_04,2025-11-07,2025-11-12,2025-11-17,Completed,High
5377,Complaint,Supporter Care,agent_02,2026-08-03,2026-08-08,,In Progress,Normal
5378,Address change,Supporter Care,agent_12,2025-08-06,2025-08-11,2025-08-09,Completed,Normal
5379,Thank-you letter,Fundraising Ops,agent_17,2025-09-27,2025-10-02,2025-10-09,Completed,Normal
5380,Complaint,Supporter Care,agent_20,2026-02-28,2026-03-20,2026-03-31,Completed,Urgent
5381,Thank-you letter,Register Operations,agent_13,2026-05-06,2026-05-08,2026-05-19,Completed,Normal
5382,Consent follow-up,Register Operations,agent_20,2025-06-26,2025-06-28,2025-07-28,Completed,Normal
5383,Welcome pack,Supporter Care,agent_03,2026-01-29,2026-02-03,2026-02-14,Completed,High
5384,Welcome pack,Register Operations,agent_14,2025-10-21,2025-10-31,2025-11-06,Completed,High
5385,Consent follow-up,Supporter Care,agent_03,2026-05-13,2026-06-02,2026-06-06,Completed,Low
5386,Complaint,Fundraising Ops,agent_04,2025-06-13,2025-06-15,2025-07-21,Completed,High
5387,Consent follow-up,Register Operations,agent_22,2026-08-15,2026-08-25,,Open,Normal
5388,Data request,Supporter Care,agent_25,2025-07-18,2025-07-28,2025-08-07,Completed,Low
5389,Welcome pack,Supporter Care,agent_10,2026-02-13,2026-02-15,2026-02-19,Completed,Normal
5390,Swab kit dispatch,Fundraising Ops,agent_11,2025-04-30,2025-05-20,2025-05-07,Completed,High
5391,Consent follow-up,Register Operations,agent_08,2025-10-23,2025-10-25,2025-11-03,Completed,Normal
5392,Address change,Fundraising Ops,agent_01,2026-03-13,2026-03-18,2026-03-20,Completed,Normal
5393,Data request,Supporter Care,agent_20,2025-04-10,2025-04-12,2025-05-05,Completed,High
5394,Swab kit dispatch,Fundraising Ops,agent_26,2026-04-13,2026-04-15,2026-04-14,Completed,High
5395,Thank-you letter,Supporter Care,agent_03,2026-03-17,2026-03-22,2026-03-28,Completed,Normal
5396,Consent follow-up,Fundraising Ops,agent_14,2025-11-11,2025-11-16,2025-12-03,Completed,Normal
5397,Swab kit dispatch,Supporter Care,agent_02,2025-10-25,2025-10-27,2025-11-02,Completed,Normal
5398,Address change,Register Operations,agent_05,2025-03-14,2025-04-03,2025-03-30,Completed,Low
5399,Thank-you letter,Fundraising Ops,agent_03,2026-06-29,2026-07-01,2026-07-10,Completed,Normal
5400,Swab kit dispatch,Register Operations,agent_16,2026-05-25,2026-05-30,2026-06-04,Completed,Normal
5401,Data request,Supporter Care,agent_23,2025-07-31,2025-08-05,2025-08-20,Completed,Normal
5402,Consent follow-up,Supporter Care,agent_12,2025-10-06,2025-10-16,2025-10-22,Completed,High
5403,Address change,Fundraising Ops,agent_07,2026-06-08,2026-06-13,2026-06-21,Completed,Normal
5404,Swab kit dispatch,Fundraising Ops,agent_17,2025-05-28,2025-06-07,2025-05-31,Completed,High
5405,Gift Aid declaration,Fundraising Ops,agent_10,2025-06-01,2025-06-11,2025-06-23,Completed,Normal
5406,Data request,Supporter Care,agent_17,2026-01-26,2026-01-28,,In Progress,Low
5407,Address change,Register Operations,agent_18,2026-05-12,2026-05-17,2026-05-23,Completed,Normal
5408,Consent follow-up,Fundraising Ops,agent_12,2025-07-07,2025-07-12,2025-07-23,Completed,Normal
5409,Welcome pack,Supporter Care,agent_14,2025-09-23,2025-10-03,,Completed,High
5410,Data request,Supporter Care,agent_26,2025-04-07,2025-04-17,2025-05-06,Completed,Normal
5411,Data request,Supporter Care,agent_07,2026-03-06,2026-03-16,2026-04-02,Completed,Normal
5412,Data request,Supporter Care,agent_26,2025-05-16,2025-05-26,2025-05-26,Completed,Normal
5413,Gift Aid declaration,Fundraising Ops,agent_20,2025-11-09,2025-11-11,2025-11-21,Complete,Normal
5414,Gift Aid declaration,Register Operations,agent_09,2025-05-06,2025-05-26,2025-05-27,Completed,Normal
5415,Swab kit dispatch,Fundraising Ops,agent_10,2026-06-09,2026-06-14,,Blocked,Normal
5416,Welcome pack,Register Operations,agent_25,2026-07-16,2026-07-18,,Open,Normal
5417,Address change,Fundraising Ops,agent_03,2026-04-30,2026-05-05,2026-05-17,Complete,Low
5418,Swab kit dispatch,Fundraising Ops,agent_02,2026-03-21,2026-04-10,2026-03-23,Completed,Low
5419,Thank-you letter,Register Operations,agent_20,2025-03-23,2025-04-12,2025-03-27,Completed,Urgent
5420,Complaint,Fundraising Ops,agent_26,2025-10-28,2025-11-07,2025-11-01,Completed,Normal
5421,Welcome pack,Fundraising Ops,agent_13,2026-05-08,2026-05-28,2026-06-04,Completed,Normal
5422,Thank-you letter,Fundraising Ops,agent_20,2026-01-06,2026-01-26,2026-01-15,Completed,Normal
5423,Complaint,Supporter Care,agent_26,2025-03-24,2025-04-13,2025-03-31,Complete,High
5424,Swab kit dispatch,Supporter Care,agent_23,2026-03-21,2026-04-10,2026-04-03,Completed,Low
5425,Gift Aid declaration,Register Operations,agent_23,2026-07-11,2026-07-13,2026-07-27,Completed,Normal
5426,Data request,Supporter Care,agent_06,2026-07-29,2026-07-31,,In Progress,Normal
5427,Address change,Register Operations,agent_09,2025-12-09,2025-12-11,,Open,Normal
5428,Complaint,Register Operations,agent_11,2025-09-11,2025-09-16,2025-10-31,Completed,High
5429,Complaint,Register Operations,agent_15,2026-07-11,2026-07-21,2026-08-12,Completed,Normal
5430,Welcome pack,Register Operations,agent_04,2026-02-12,2026-02-17,2026-02-24,Completed,High
5431,Data request,Fundraising Ops,agent_09,2025-12-02,2025-12-22,2025-12-27,Completed,High
5432,Address change,Fundraising Ops,agent_19,2025-10-22,2025-10-27,2025-11-09,Completed,Normal
5433,Address change,Fundraising Ops,agent_25,2025-03-02,2025-03-04,,In Progress,Normal
5434,Thank-you letter,Register Operations,agent_23,2025-11-17,2025-12-07,2025-11-22,Completed,Normal
5435,Address change,Supporter Care,agent_06,2025-10-07,2025-10-17,2025-10-21,Completed,Normal
5436,Data request,Supporter Care,agent_23,2026-08-14,2026-08-24,,In Progress,High
5437,Data request,Fundraising Ops,,2026-05-26,2026-05-28,2026-06-19,Completed,Normal
5438,Consent follow-up,Fundraising Ops,agent_17,2025-08-20,2025-09-09,,Blocked,High
5439,Consent follow-up,Fundraising Ops,agent_24,2025-04-17,2025-04-22,2025-04-20,Completed,Normal
5440,Consent follow-up,Supporter Care,agent_12,2026-01-22,2026-01-24,2026-01-22,Completed,Low
5441,Consent follow-up,Register Operations,agent_09,2025-03-15,2025-03-17,2025-03-15,Completed,Normal
5442,Address change,Register Operations,agent_17,2025-06-10,2025-06-12,2025-06-18,Completed,Normal
5443,Address change,Supporter Care,agent_05,2026-05-10,2026-05-30,2026-05-11,Completed,High
5444,Thank-you letter,Fundraising Ops,agent_13,2026-06-26,2026-07-06,2026-07-02,Completed,Normal
5445,Address change,Register Operations,agent_10,2026-06-24,2026-07-14,2026-07-06,Completed,Normal
5446,Swab kit dispatch,Supporter Care,agent_20,2025-10-19,2025-10-24,2025-11-02,Completed,Normal
5447,Gift Aid declaration,Fundraising Ops,agent_03,2026-02-04,2026-02-06,2026-02-13,Completed,Normal
5448,Address change,Supporter Care,agent_22,2025-02-24,2025-03-16,2025-02-24,Completed,Normal
5449,Thank-you letter,Supporter Care,agent_13,2025-12-27,2026-01-16,2025-12-27,Completed,Normal
5450,Welcome pack,Fundraising Ops,agent_05,2025-04-23,2025-05-13,2025-05-10,Completed,Normal
5451,Thank-you letter,Fundraising Ops,agent_08,2026-05-31,2026-06-10,2026-06-03,Completed,Normal
5452,Consent follow-up,Fundraising Ops,agent_24,2025-09-14,2025-09-24,2025-10-12,Completed,Normal
5453,Consent follow-up,Supporter Care,agent_13,2026-03-24,2026-03-26,2026-04-09,Completed,Normal
5454,Swab kit dispatch,Supporter Care,agent_24,2025-03-11,2025-03-21,2025-03-22,Completed,Normal
5455,Address change,Fundraising Ops,agent_15,2026-05-26,2026-06-05,2026-06-09,Completed,Normal
5456,Consent follow-up,Supporter Care,agent_12,2026-01-04,2026-01-09,2026-01-20,Completed,Low
5457,Data request,Supporter Care,agent_15,2025-10-24,2025-10-29,2025-11-16,Completed,Normal
5458,Thank-you letter,Fundraising Ops,agent_05,2026-05-30,2026-06-19,2026-05-30,Completed,Normal
5459,Gift Aid declaration,Register Operations,agent_20,2025-11-03,2025-11-05,,Blocked,Normal
5460,Welcome pack,Supporter Care,agent_24,2026-08-14,2026-08-19,,Blocked,Normal
5461,Complaint,Register Operations,agent_22,2026-02-17,2026-02-27,2026-03-19,Completed,Normal
5462,Welcome pack,Register Operations,agent_12,2025-10-19,2025-10-21,2025-10-24,Completed,Normal
5463,Gift Aid declaration,Fundraising Ops,agent_19,2025-03-08,2025-03-10,2025-03-15,Completed,High
5464,Complaint,Register Operations,agent_12,2025-09-17,2025-10-07,2025-10-06,Completed,High
5465,Address change,Supporter Care,agent_09,2026-01-09,2026-01-14,2026-01-12,Completed,Normal
5466,Data request,Supporter Care,agent_12,2026-01-30,2026-02-19,2026-02-12,Completed,High
5467,Welcome pack,Supporter Care,agent_21,2025-06-15,2025-06-20,2025-06-23,Completed,Normal
5468,Address change,Supporter Care,agent_17,2025-05-14,2025-05-24,2025-05-21,Completed,High
5469,Swab kit dispatch,Fundraising Ops,agent_20,2025-07-12,2025-07-22,2025-07-23,Completed,Normal
5470,Data request,Fundraising Ops,agent_07,2026-04-27,2026-05-07,2026-05-18,Completed,Normal
5471,Consent follow-up,Supporter Care,agent_20,2025-06-11,2025-06-21,2025-07-05,Completed,Low
5472,Consent follow-up,Fundraising Ops,agent_13,2025-11-14,2025-11-19,2025-11-17,Completed,High
5473,Complaint,Register Operations,agent_08,2025-07-16,2025-08-05,2025-08-19,Completed,Normal
5474,Complaint,Register Operations,agent_01,2026-02-11,2026-02-21,2026-02-26,Completed,Normal
5475,Welcome pack,Register Operations,agent_07,2026-06-10,2026-06-12,2026-06-21,Completed,Normal
5476,Swab kit dispatch,Register Operations,agent_11,2025-02-23,2025-02-28,2025-03-06,Complete,Normal
5477,Welcome pack,Register Operations,agent_02,2025-08-26,2025-08-31,2025-08-28,Completed,Normal
5478,Gift Aid declaration,Register Operations,agent_07,2026-08-03,2026-08-23,,Blocked,Urgent
5479,Welcome pack,Fundraising Ops,agent_05,2025-10-29,2025-11-18,2025-11-10,Completed,Normal
5480,Complaint,Register Operations,agent_21,2026-01-19,2026-01-21,2026-02-14,Completed,Normal
5481,Complaint,Supporter Care,agent_08,2025-11-21,2025-12-01,2025-12-16,Completed,Normal
5482,Gift Aid declaration,Fundraising Ops,agent_10,2025-11-27,2025-12-07,2025-12-14,Completed,Normal
5483,Gift Aid declaration,Supporter Care,agent_13,2025-12-15,2025-12-20,2025-12-26,Completed,Low
5484,Consent follow-up,Fundraising Ops,agent_11,2025-11-25,2025-12-05,,In Progress,Normal
5485,Address change,Supporter Care,agent_05,2025-05-13,2025-06-02,2025-05-18,Completed,High
5486,Address change,Register Operations,agent_20,2025-09-28,2025-09-30,2025-10-05,Completed,High
5487,Consent follow-up,Register Operations,agent_05,2025-10-29,2025-11-18,2025-11-25,Completed,Low
5488,Swab kit dispatch,Register Operations,agent_16,2025-03-08,2025-03-13,2025-03-18,Completed,Normal
5489,Gift Aid declaration,Register Operations,agent_24,2025-09-30,2025-10-02,2025-10-10,Completed,Normal
5490,Thank-you letter,Supporter Care,agent_19,2026-03-19,2026-03-24,2026-03-27,Completed,Normal
5491,Consent follow-up,Fundraising Ops,agent_06,2026-08-04,2026-08-24,,Blocked,Normal
5492,Consent follow-up,Supporter Care,agent_05,2026-04-15,2026-04-25,2026-05-09,Completed,Low
5493,Address change,Supporter Care,agent_09,2025-11-19,2025-12-09,2025-12-05,Completed,Normal
5494,Data request,Register Operations,agent_15,2026-01-19,2026-02-08,2026-02-06,Completed,Normal
5495,Data request,Supporter Care,agent_13,2025-05-16,2025-05-21,2025-06-29,Completed,Low
5496,Swab kit dispatch,Fundraising Ops,agent_03,2026-02-04,2026-02-06,2026-02-17,Completed,Normal
5497,Complaint,Register Operations,agent_25,2025-09-29,2025-10-01,2025-11-01,Completed,High
5498,Welcome pack,Supporter Care,agent_24,2025-12-19,2025-12-24,2026-01-01,Completed,Normal
5499,Data request,Fundraising Ops,agent_12,2026-04-30,2026-05-10,2026-05-26,Completed,Normal
5500,Address change,Fundraising Ops,agent_09,2025-03-07,2025-03-27,2025-03-16,Completed,High
5501,Complaint,Supporter Care,agent_13,2026-02-14,2026-02-19,2026-02-19,Completed,High
5502,Complaint,Register Operations,agent_11,2026-07-04,2026-07-14,2026-07-09,Completed,High
5503,Data request,Register Operations,agent_10,2025-12-28,2026-01-17,2026-01-21,Completed,Normal
5504,Swab kit dispatch,Fundraising Ops,agent_06,2026-07-22,2026-08-01,2026-08-07,Completed,Normal
5505,Swab kit dispatch,Fundraising Ops,agent_18,2025-09-12,2025-10-02,2025-09-28,Completed,Normal
5506,Consent follow-up,Supporter Care,agent_16,2026-04-16,2026-04-21,2026-04-25,Completed,Normal
5507,Complaint,Supporter Care,agent_10,2025-09-17,2025-09-22,2025-09-19,Completed,Normal
5508,Swab kit dispatch,Supporter Care,agent_01,2026-05-13,2026-05-23,,Blocked,Normal
5509,Consent follow-up,Supporter Care,agent_22,2025-10-13,2025-10-23,2025-11-04,Completed,Normal
5510,Swab kit dispatch,Fundraising Ops,agent_11,2025-06-02,2025-06-12,2025-06-13,Completed,Normal
5511,Welcome pack,Fundraising Ops,agent_09,2025-06-16,2025-07-06,2025-06-28,Complete,Normal
5512,Data request,Fundraising Ops,agent_21,2026-03-06,2026-03-11,,Open,High
5513,Welcome pack,Register Operations,,2025-03-17,2025-03-22,2025-03-25,Completed,Low
5514,Complaint,Register Operations,agent_16,2025-07-22,2025-08-01,2025-08-09,Completed,Normal
5515,Data request,Register Operations,agent_05,2026-02-18,2026-03-10,2026-03-20,Complete,Low
5516,Data request,Supporter Care,agent_23,2025-08-10,2025-08-15,2025-09-01,Completed,Low
5517,Data request,Register Operations,agent_11,2026-02-14,2026-02-24,2026-03-07,Completed,Normal
5518,Complaint,Supporter Care,agent_21,2026-01-06,2026-01-26,2026-01-22,Completed,Normal
5519,Thank-you letter,Supporter Care,agent_17,2025-05-18,2025-05-28,2025-06-06,Completed,Low
5520,Welcome pack,Register Operations,agent_05,2026-02-13,2026-02-23,2026-02-14,Completed,Normal
5521,Data request,Supporter Care,agent_14,2025-06-30,2025-07-05,2025-07-26,Completed,High
5522,Complaint,Fundraising Ops,agent_02,2025-05-02,2025-05-07,2025-05-23,Completed,Normal
5523,Swab kit dispatch,Fundraising Ops,agent_02,2025-08-19,2025-08-29,2025-08-29,Completed,Normal
5524,Complaint,Fundraising Ops,agent_09,2026-05-03,2026-05-23,,Completed,Normal
5525,Welcome pack,Register Operations,agent_26,2025-08-14,2025-09-03,2025-08-22,Completed,Normal
5526,Gift Aid declaration,Supporter Care,agent_13,2026-04-24,2026-05-04,2026-05-06,Completed,Normal
5527,Consent follow-up,Supporter Care,agent_14,2025-09-26,2025-10-06,2025-09-29,Completed,High
5528,Gift Aid declaration,Fundraising Ops,agent_26,2025-10-14,2025-11-03,2025-10-27,Completed,High
5529,Data request,Register Operations,agent_06,2025-03-14,2025-03-19,,Open,Normal
5530,Consent follow-up,Supporter Care,agent_21,2026-04-28,2026-04-30,2026-05-25,Completed,Normal
5531,Swab kit dispatch,Supporter Care,agent_20,2025-11-17,2025-12-07,2025-11-22,Completed,Normal
5532,Data request,Register Operations,agent_06,2026-07-27,2026-08-01,2026-08-01,Completed,Normal
5533,Welcome pack,Supporter Care,agent_21,2026-02-06,2026-02-16,2026-02-11,Completed,Normal
5534,Address change,Supporter Care,agent_13,2025-05-05,2025-05-07,2025-05-22,Completed,Normal
5535,Welcome pack,Fundraising Ops,agent_01,2026-07-25,2026-07-27,2026-08-13,Completed,Low
5536,Complaint,Register Operations,agent_16,2025-12-18,2026-01-07,2025-12-28,Completed,High
5537,Consent follow-up,Fundraising Ops,agent_19,2026-05-09,2026-05-14,2026-05-27,Completed,Normal
5538,Gift Aid declaration,Fundraising Ops,agent_12,2025-07-16,2025-08-05,2025-07-30,Completed,Normal
5539,Thank-you letter,Supporter Care,agent_03,2025-06-02,2025-06-12,2025-06-02,Completed,High
5540,Welcome pack,Supporter Care,agent_24,2026-08-15,2026-09-04,,Open,Low
5541,Thank-you letter,Fundraising Ops,agent_14,2026-04-21,2026-04-26,2026-04-29,Completed,Low
5542,Address change,Fundraising Ops,agent_03,2025-08-02,2025-08-22,2025-08-18,Completed,High
5543,Swab kit dispatch,Supporter Care,agent_07,2025-12-26,2025-12-28,2026-01-06,Completed,High
5544,Welcome pack,Fundraising Ops,agent_18,2025-11-18,2025-12-08,2025-12-01,Completed,Urgent
5545,Complaint,Register Operations,agent_08,2026-04-03,2026-04-23,2026-04-14,Completed,High
5546,Thank-you letter,Supporter Care,agent_12,2025-12-16,2025-12-21,2025-12-22,Completed,High
5547,Data request,Fundraising Ops,agent_19,2025-06-08,2025-06-13,2025-06-14,Completed,Normal
5548,Gift Aid declaration,Fundraising Ops,agent_17,2025-07-01,2025-07-21,2025-07-20,Completed,Normal
5549,Swab kit dispatch,Supporter Care,agent_12,2025-08-12,2025-08-14,2025-08-19,Completed,Normal
5550,Thank-you letter,Register Operations,agent_26,2025-04-17,2025-04-27,2025-04-25,Completed,Normal
5551,Consent follow-up,Register Operations,agent_22,2026-06-03,2026-06-08,2026-07-01,Completed,Low
5552,Address change,Register Operations,agent_04,2025-09-02,2025-09-04,2025-09-24,Completed,Normal
5553,Complaint,Fundraising Ops,agent_11,2025-08-10,2025-08-15,2025-09-15,Completed,Normal
5554,Welcome pack,Fundraising Ops,agent_21,2025-09-04,2025-09-24,,In Progress,Normal
5555,Welcome pack,Fundraising Ops,agent_20,2025-05-27,2025-06-06,2025-06-02,Completed,Normal
5556,Complaint,Register Operations,agent_10,2025-04-03,2025-04-05,2025-04-09,Completed,Normal
5557,Complaint,Supporter Care,agent_23,2026-07-31,2026-08-20,,In Progress,Normal
5558,Data request,Supporter Care,agent_26,2025-07-31,2025-08-20,2025-08-03,Completed,Normal
5559,Gift Aid declaration,Fundraising Ops,agent_16,2025-11-27,2025-12-17,2025-12-21,Completed,High
5560,Gift Aid declaration,Supporter Care,agent_01,2025-07-18,2025-07-23,2025-08-01,Completed,High
5561,Data request,Register Operations,agent_09,2026-08-10,2026-08-15,,In Progress,Low
5562,Gift Aid declaration,Register Operations,agent_20,2025-10-16,2025-10-18,2025-10-27,Completed,Normal
5563,Complaint,Register Operations,agent_21,2026-05-14,2026-06-03,2026-07-09,Completed,Low
5564,Gift Aid declaration,Register Operations,agent_26,2025-10-26,2025-10-31,2025-11-04,Completed,Normal
5565,Swab kit dispatch,Fundraising Ops,agent_18,2026-07-24,2026-07-26,,Blocked,Normal
5566,Thank-you letter,Fundraising Ops,agent_01,2025-11-06,2025-11-08,2025-11-16,Completed,Normal
5567,Swab kit dispatch,Fundraising Ops,agent_26,2026-02-06,2026-02-08,2026-02-10,Completed,Normal
5568,Swab kit dispatch,Fundraising Ops,agent_11,2025-09-24,2025-10-14,2025-10-09,Completed,Urgent
5569,Welcome pack,Fundraising Ops,,2025-09-02,2025-09-07,2025-09-13,Completed,High
5570,Address change,Register Operations,agent_21,2025-08-09,2025-08-19,2025-08-14,Completed,Normal
5571,Gift Aid declaration,Supporter Care,agent_06,2026-08-12,2026-09-01,,Open,High
5572,Complaint,Supporter Care,agent_24,2025-12-14,2025-12-16,2026-01-10,Completed,Normal
5573,Gift Aid declaration,Register Operations,agent_17,2025-04-03,2025-04-05,2025-04-17,Completed,Normal
5574,Complaint,Fundraising Ops,agent_18,2025-08-18,2025-08-28,2025-09-05,Completed,Normal
5575,Complaint,Fundraising Ops,agent_20,2026-01-06,2026-01-26,,Blocked,Normal
5576,Complaint,Supporter Care,agent_25,2025-04-18,2025-04-23,2025-06-02,Completed,Normal
5577,Gift Aid declaration,Fundraising Ops,agent_01,2025-11-03,2025-11-05,,Open,High
5578,Gift Aid declaration,Supporter Care,agent_21,2026-04-14,2026-05-04,2026-04-25,Completed,Normal
5579,Address change,Supporter Care,agent_07,2026-02-07,2026-02-17,,Open,Low
5580,Gift Aid declaration,Supporter Care,agent_09,2025-09-16,2025-09-21,2025-09-25,Completed,Normal
5581,Thank-you letter,Supporter Care,agent_02,2026-02-07,2026-02-12,2026-02-17,Completed,Normal
5582,Consent follow-up,Register Operations,agent_04,2025-06-24,2025-06-29,2025-07-13,Completed,Normal
5583,Gift Aid declaration,Fundraising Ops,agent_26,2026-01-30,2026-02-09,2026-03-05,Completed,Low
5584,Gift Aid declaration,Supporter Care,agent_06,2025-12-02,2025-12-12,2025-12-21,Completed,Normal
5585,Consent follow-up,Register Operations,agent_07,2026-06-24,2026-07-14,2026-07-26,Completed,Normal
5586,Address change,Fundraising Ops,agent_09,2026-03-19,2026-03-24,2026-03-25,Completed,Urgent
5587,Address change,Register Operations,agent_01,2025-09-03,2025-09-23,2025-09-27,Completed,High
5588,Welcome pack,Register Operations,agent_20,2025-06-25,2025-07-05,2025-07-10,Completed,High
5589,Gift Aid declaration,Fundraising Ops,agent_11,2025-08-30,2025-09-09,2025-09-11,Completed,High
5590,Thank-you letter,Register Operations,agent_14,2025-05-11,2025-05-13,2025-05-19,Completed,Normal
5591,Swab kit dispatch,Register Operations,agent_14,2025-12-02,2025-12-04,2025-12-07,Completed,Normal
5592,Thank-you letter,Fundraising Ops,agent_14,2025-11-11,2025-11-16,2025-11-21,Completed,Normal
5593,Complaint,Register Operations,agent_05,2026-02-15,2026-02-20,2026-02-28,Completed,Normal
5594,Gift Aid declaration,Register Operations,agent_20,2026-01-16,2026-01-18,2026-01-28,Completed,Low
5595,Swab kit dispatch,Fundraising Ops,agent_23,2026-02-25,2026-02-27,2026-03-09,Completed,Normal
5596,Address change,Fundraising Ops,agent_10,2026-03-11,2026-03-13,2026-03-21,Completed,Low
5597,Complaint,Supporter Care,agent_14,2025-05-30,2025-06-09,2025-06-26,Completed,Normal
5598,Welcome pack,Fundraising Ops,agent_22,2026-04-18,2026-04-20,2026-05-07,Completed,Normal
5599,Address change,Supporter Care,agent_23,2026-02-09,2026-03-01,2026-02-23,Completed,Normal
5600,Address change,Supporter Care,agent_17,2026-07-29,2026-08-03,,In Progress,High
5601,Data request,Fundraising Ops,agent_13,2025-12-13,2026-01-02,,In Progress,Normal
5602,Welcome pack,Register Operations,agent_11,2025-10-12,2025-11-01,2025-10-29,Completed,Low
5603,Welcome pack,Supporter Care,agent_26,2026-07-21,2026-07-26,2026-08-09,Completed,Normal
5604,Gift Aid declaration,Fundraising Ops,agent_04,2025-06-23,2025-06-28,2025-07-07,Completed,High
5605,Address change,Register Operations,agent_10,2026-02-02,2026-02-22,2026-02-09,Complete,Low
5606,Gift Aid declaration,Fundraising Ops,agent_16,2026-04-20,2026-04-30,2026-05-09,Completed,High
5607,Consent follow-up,Fundraising Ops,agent_20,2025-12-25,2025-12-30,2026-01-15,Completed,Normal
5608,Swab kit dispatch,Supporter Care,agent_25,2025-03-12,2025-03-22,2025-03-26,Completed,Low
5609,Consent follow-up,Fundraising Ops,agent_09,2025-11-27,2025-11-29,2025-12-05,Completed,High
5610,Swab kit dispatch,Fundraising Ops,agent_05,2025-11-27,2025-12-02,2025-12-08,Completed,Normal
5611,Swab kit dispatch,Fundraising Ops,agent_07,2025-11-22,2025-12-02,2025-11-27,Completed,Low
5612,Welcome pack,Fundraising Ops,agent_18,2025-08-16,2025-08-26,2025-08-30,Completed,Normal
5613,Welcome pack,Supporter Care,agent_09,2025-04-15,2025-04-20,2025-04-30,Completed,Normal
5614,Data request,Supporter Care,agent_21,2025-08-24,2025-09-03,2025-09-16,Completed,High
5615,Swab kit dispatch,Supporter Care,agent_06,2025-09-05,2025-09-10,2025-09-12,Completed,Normal
5616,Swab kit dispatch,Supporter Care,agent_02,2025-10-09,2025-10-11,2025-10-16,Completed,Normal
5617,Gift Aid declaration,Supporter Care,agent_02,2026-03-12,2026-03-14,2026-03-21,Completed,Low
5618,Gift Aid declaration,Fundraising Ops,agent_15,2026-07-11,2026-07-31,2026-08-03,Completed,Normal
5619,Thank-you letter,Register Operations,agent_21,2025-07-18,2025-08-07,2025-07-25,Completed,Normal
5620,Gift Aid declaration,Fundraising Ops,agent_24,2026-01-02,2026-01-04,2026-01-25,Completed,Normal
5621,Thank-you letter,Register Operations,agent_11,2026-02-16,2026-02-26,2026-02-20,Completed,Normal
5622,Thank-you letter,Register Operations,agent_24,2026-06-18,2026-07-08,2026-07-09,Completed,Normal
5623,Swab kit dispatch,Supporter Care,agent_25,2026-08-13,2026-08-23,,Open,High
5624,Thank-you letter,Register Operations,agent_24,2026-07-19,2026-07-29,2026-08-08,Completed,Urgent
5625,Data request,Register Operations,agent_10,2026-04-30,2026-05-10,2026-06-09,Completed,Normal
5626,Address change,Register Operations,agent_08,2025-05-23,2025-06-12,2025-06-03,Completed,High
5627,Welcome pack,Register Operations,,2025-11-09,2025-11-29,2025-11-23,Completed,Normal
5628,Consent follow-up,Register Operations,agent_19,2026-08-09,2026-08-14,,Blocked,Normal
5629,Complaint,Register Operations,agent_25,2025-06-02,2025-06-22,2025-06-29,Completed,Normal
5630,Data request,Supporter Care,agent_03,2025-08-16,2025-09-05,2025-08-24,Completed,Urgent
5631,Swab kit dispatch,Register Operations,agent_11,2025-09-07,2025-09-17,2025-09-15,Completed,Normal
5632,Address change,Fundraising Ops,agent_11,2025-08-14,2025-08-19,2025-08-22,Completed,Low
5633,Complaint,Fundraising Ops,agent_01,2025-03-08,2025-03-28,2025-04-18,Completed,Normal
5634,Data request,Fundraising Ops,agent_26,2025-05-16,2025-05-21,2025-06-08,Completed,Normal
5635,Data request,Fundraising Ops,agent_25,2026-06-07,2026-06-12,2026-06-22,Completed,Normal
5636,Data request,Register Operations,agent_10,2025-07-21,2025-07-26,2025-08-23,Completed,Normal
5637,Address change,Supporter Care,agent_24,2025-11-02,2025-11-04,2025-11-13,Completed,Normal
5638,Thank-you letter,Register Operations,agent_22,2026-07-17,2026-07-22,2026-07-30,Completed,Urgent
5639,Thank-you letter,Register Operations,agent_13,2026-07-12,2026-07-17,2026-07-21,Completed,Low
5640,Address change,Fundraising Ops,agent_13,2026-05-04,2026-05-09,2026-06-01,Completed,Normal
5641,Address change,Supporter Care,agent_09,2026-08-16,2026-08-21,,Open,Low
5642,Complaint,Fundraising Ops,agent_24,2025-02-23,2025-02-28,2025-03-02,Completed,Low
5643,Gift Aid declaration,Register Operations,agent_21,2025-04-29,2025-05-01,2025-05-07,Completed,Low
5644,Thank-you letter,Fundraising Ops,agent_01,2025-03-20,2025-03-30,2025-04-02,Completed,High
5645,Welcome pack,Fundraising Ops,agent_23,2026-01-27,2026-02-16,2026-02-02,Completed,Normal
5646,Address change,Supporter Care,agent_15,2025-07-25,2025-08-04,2025-08-01,Completed,Normal
5647,Welcome pack,Register Operations,agent_03,2025-09-17,2025-09-22,2025-09-26,Completed,Normal
5648,Complaint,Supporter Care,agent_06,2026-02-07,2026-02-27,2026-03-01,Completed,Low
5649,Consent follow-up,Register Operations,agent_05,2025-03-07,2025-03-12,2025-03-07,Completed,Low
5650,Address change,Supporter Care,agent_04,2026-01-03,2026-01-23,2026-01-19,Completed,Normal
5651,Data request,Supporter Care,agent_22,2025-09-18,2025-09-28,2025-10-19,Completed,Urgent
5652,Data request,Fundraising Ops,agent_10,2025-05-18,2025-05-20,2025-06-10,Completed,High
5653,Data request,Register Operations,agent_17,2026-04-21,2026-05-11,2026-04-21,Completed,Normal
5654,Gift Aid declaration,Fundraising Ops,agent_18,2025-12-01,2025-12-11,2025-12-26,Completed,Low
5655,Data request,Fundraising Ops,agent_03,2026-02-25,2026-03-02,2026-03-10,Completed,Low
5656,Address change,Fundraising Ops,agent_24,2026-01-15,2026-01-20,2026-01-23,Completed,Normal
5657,Complaint,Supporter Care,agent_13,2026-06-24,2026-07-14,,Open,High
5658,Complaint,Fundraising Ops,agent_22,2025-09-11,2025-09-13,2025-09-19,Completed,Normal
5659,Welcome pack,Fundraising Ops,agent_22,2026-04-24,2026-05-14,2026-05-15,Completed,High
5660,Address change,Fundraising Ops,agent_09,2026-05-18,2026-05-28,2026-06-01,Completed,Urgent
5661,Welcome pack,Supporter Care,agent_03,2025-10-09,2025-10-19,2025-10-23,Completed,High
5662,Data request,Fundraising Ops,agent_15,2025-05-31,2025-06-05,2025-06-21,Completed,Normal
5663,Complaint,Fundraising Ops,agent_04,2025-10-25,2025-10-30,2025-11-25,Completed,Normal
5664,Address change,Fundraising Ops,agent_07,2025-04-30,2025-05-10,2025-05-14,Completed,Normal
5665,Welcome pack,Supporter Care,agent_11,2026-04-09,2026-04-11,2026-04-13,Completed,High
5666,Swab kit dispatch,Supporter Care,agent_22,2026-05-07,2026-05-27,2026-05-15,Completed,Normal
5667,Thank-you letter,Supporter Care,agent_25,2025-03-21,2025-03-31,2025-03-29,Complete,High
5668,Consent follow-up,Register Operations,agent_03,2025-10-24,2025-10-26,2025-11-20,Completed,Low
5669,Complaint,Register Operations,agent_02,2025-03-18,2025-03-28,2025-05-02,Completed,Normal
5670,Complaint,Register Operations,agent_22,2026-05-20,2026-06-09,2026-06-23,Completed,Low
5671,Data request,Supporter Care,agent_14,2026-02-05,2026-02-07,2026-02-08,Completed,Low
5672,Swab kit dispatch,Fundraising Ops,agent_01,2026-02-11,2026-02-13,2026-02-22,Completed,Normal
5673,Data request,Supporter Care,agent_22,2025-07-12,2025-07-17,,In Progress,Normal
5674,Welcome pack,Register Operations,agent_17,2025-03-02,2025-03-12,2025-03-08,Completed,Normal
5675,Complaint,Supporter Care,agent_07,2025-10-08,2025-10-18,2025-11-16,Completed,Normal
5676,Welcome pack,Supporter Care,agent_01,2025-05-17,2025-05-22,2025-05-23,Completed,Low
5677,Thank-you letter,Fundraising Ops,agent_01,2025-09-06,2025-09-16,2025-09-06,Completed,Normal
5678,Data request,Fundraising Ops,agent_22,2025-03-21,2025-03-26,2025-04-02,Completed,Low
5679,Data request,Supporter Care,agent_12,2025-10-26,2025-11-05,2025-11-15,Completed,Normal
5680,Thank-you letter,Register Operations,agent_07,2025-07-19,2025-08-08,,Completed,Normal
5681,Thank-you letter,Fundraising Ops,agent_03,2025-08-06,2025-08-26,2025-08-17,Completed,Normal
5682,Thank-you letter,Register Operations,agent_09,2026-01-08,2026-01-18,,Blocked,Normal
5683,Welcome pack,Fundraising Ops,agent_13,2025-04-04,2025-04-06,2025-04-14,Completed,Low
5684,Data request,Supporter Care,agent_04,2026-08-15,2026-09-04,,Blocked,Normal
5685,Gift Aid declaration,Fundraising Ops,agent_09,2025-09-08,2025-09-10,2025-09-26,Completed,Normal
5686,Gift Aid declaration,Register Operations,agent_06,2025-03-22,2025-04-11,2025-04-09,Complete,Normal
5687,Swab kit dispatch,Supporter Care,agent_21,2026-01-26,2026-02-05,2026-01-30,Completed,Normal
5688,Swab kit dispatch,Supporter Care,agent_22,2026-06-21,2026-06-26,2026-07-02,Completed,Normal
5689,Consent follow-up,Register Operations,agent_19,2025-07-17,2025-07-19,2025-07-22,Completed,Normal
5690,Thank-you letter,Supporter Care,agent_14,2026-05-24,2026-06-03,2026-06-02,Completed,High
5691,Swab kit dispatch,Register Operations,agent_25,2026-08-15,2026-08-20,,Blocked,Normal
5692,Welcome pack,Register Operations,agent_23,2025-07-20,2025-07-22,2025-08-04,Completed,Normal
5693,Swab kit dispatch,Fundraising Ops,agent_05,2025-02-27,2025-03-09,2025-03-03,Completed,Normal
5694,Data request,Supporter Care,agent_08,2026-05-27,2026-05-29,2026-06-26,Completed,Urgent
5695,Welcome pack,Register Operations,agent_26,2025-06-29,2025-07-04,2025-07-09,Completed,Normal
5696,Data request,Supporter Care,agent_03,2026-07-28,2026-07-30,,Blocked,High
5697,Swab kit dispatch,Supporter Care,agent_14,2026-07-26,2026-07-28,2026-08-04,Completed,Normal
5698,Data request,Fundraising Ops,agent_21,2025-05-01,2025-05-11,2025-05-15,Completed,Low
5699,Welcome pack,Supporter Care,agent_21,2026-02-06,2026-02-26,2026-02-12,Completed,Normal
5700,Complaint,Register Operations,agent_09,2026-01-25,2026-02-04,2026-03-08,Completed,Low
5701,Consent follow-up,Register Operations,agent_26,2026-07-07,2026-07-27,2026-07-24,Completed,Normal
5702,Address change,Fundraising Ops,agent_06,2025-07-22,2025-08-11,2025-08-11,Completed,High
5703,Consent follow-up,Register Operations,agent_14,2025-11-04,2025-11-14,2025-12-03,Completed,Normal
5704,Thank-you letter,Register Operations,agent_15,2025-03-03,2025-03-08,2025-03-09,Completed,Normal
5705,Consent follow-up,Register Operations,agent_15,2026-07-16,2026-07-21,,Blocked,Normal
5706,Data request,Register Operations,agent_15,2025-05-27,2025-06-06,2025-07-07,Completed,Normal
5707,Swab kit dispatch,Supporter Care,agent_20,2025-04-25,2025-04-27,2025-04-27,Completed,Normal
5708,Data request,Register Operations,agent_04,2026-01-25,2026-02-04,2026-02-10,Completed,Normal
5709,Welcome pack,Register Operations,agent_06,2025-08-19,2025-08-21,2025-08-20,Completed,Normal
5710,Address change,Supporter Care,agent_02,2025-07-30,2025-08-19,2025-08-17,Completed,High
5711,Address change,Fundraising Ops,agent_01,2026-08-04,2026-08-24,2026-08-17,Completed,Normal
5712,Complaint,Register Operations,agent_13,2026-03-05,2026-03-15,2026-04-28,Completed,Urgent
5713,Data request,Register Operations,agent_19,2025-10-14,2025-11-03,2025-11-05,Completed,Urgent
5714,Welcome pack,Supporter Care,agent_09,2026-08-14,2026-09-03,,In Progress,Low
5715,Address change,Supporter Care,agent_05,2025-11-06,2025-11-26,2025-11-15,Completed,Normal
5716,Complaint,Fundraising Ops,agent_13,2026-06-10,2026-06-20,,Blocked,Normal
5717,Welcome pack,Supporter Care,agent_21,2026-03-27,2026-03-29,2026-04-08,Completed,Normal
5718,Consent follow-up,Register Operations,agent_10,2026-04-11,2026-04-21,2026-05-05,Completed,Normal
5719,Data request,Register Operations,agent_19,2026-08-02,2026-08-07,,In Progress,Normal
5720,Swab kit dispatch,Register Operations,agent_01,2025-11-06,2025-11-26,2025-11-17,Completed,Normal
5721,Complaint,Register Operations,agent_14,2026-08-07,2026-08-12,,In Progress,Urgent
5722,Welcome pack,Register Operations,agent_14,2026-07-23,2026-07-25,2026-08-05,Completed,High
5723,Gift Aid declaration,Register Operations,agent_10,2026-02-22,2026-03-04,2026-03-06,Completed,Normal
5724,Swab kit dispatch,Register Operations,agent_08,2025-04-27,2025-05-17,2025-05-02,Completed,Low
5725,Thank-you letter,Register Operations,agent_05,2025-03-01,2025-03-21,,Blocked,Normal
5726,Data request,Fundraising Ops,agent_09,2026-03-09,2026-03-29,2026-03-26,Completed,High
5727,Data request,Supporter Care,agent_06,2025-12-22,2025-12-24,,Blocked,High
5728,Swab kit dispatch,Fundraising Ops,agent_15,2026-05-29,2026-06-18,2026-06-03,Completed,Normal
5729,Gift Aid declaration,Fundraising Ops,agent_03,2025-05-28,2025-05-30,2025-06-08,Completed,Normal
5730,Complaint,Fundraising Ops,agent_20,2026-01-13,2026-02-02,2026-02-03,Completed,High
5731,Data request,Register Operations,agent_17,2025-06-04,2025-06-09,2025-06-21,Completed,Normal
5732,Consent follow-up,Fundraising Ops,agent_18,2026-07-18,2026-08-07,2026-08-10,Completed,Normal
5733,Data request,Fundraising Ops,agent_11,2025-02-24,2025-03-01,,Blocked,High
5734,Address change,Fundraising Ops,agent_02,2025-07-25,2025-07-30,2025-08-10,Completed,Low
5735,Welcome pack,Fundraising Ops,agent_06,2025-04-07,2025-04-27,2025-04-21,Completed,High
5736,Address change,Supporter Care,agent_06,2025-12-11,2025-12-13,2025-12-15,Completed,Low
5737,Swab kit dispatch,Register Operations,agent_19,2025-06-03,2025-06-08,2025-06-16,Completed,Normal
5738,Gift Aid declaration,Fundraising Ops,agent_15,2025-08-22,2025-09-11,2025-09-05,Completed,Normal
5739,Consent follow-up,Supporter Care,agent_23,2025-11-07,2025-11-27,2025-12-08,Completed,High
5740,Swab kit dispatch,Register Operations,agent_18,2026-02-15,2026-03-07,2026-02-27,Completed,Normal
5741,Thank-you letter,Supporter Care,agent_26,2025-06-03,2025-06-13,,Open,Normal
5742,Gift Aid declaration,Fundraising Ops,agent_06,2025-08-23,2025-09-12,2025-09-05,Completed,Normal
5743,Thank-you letter,Register Operations,agent_01,2025-09-09,2025-09-29,2025-09-16,Completed,Normal
5744,Thank-you letter,Supporter Care,agent_09,2026-04-07,2026-04-12,2026-04-13,Completed,Normal
5745,Thank-you letter,Fundraising Ops,agent_22,2026-04-07,2026-04-27,2026-04-22,Completed,Normal
5746,Welcome pack,Supporter Care,agent_10,2025-03-30,2025-04-01,2025-04-10,Completed,High
5747,Consent follow-up,Fundraising Ops,agent_11,2026-03-27,2026-04-06,2026-04-14,Completed,Low
5748,Data request,Register Operations,agent_19,2026-04-26,2026-04-28,2026-06-11,Completed,Normal
5749,Complaint,Fundraising Ops,agent_01,2026-03-27,2026-04-16,2026-05-02,Completed,High
5750,Gift Aid declaration,Register Operations,agent_24,2026-06-29,2026-07-19,2026-07-04,Completed,Urgent
5751,Gift Aid declaration,Supporter Care,agent_10,2025-10-28,2025-10-30,2025-11-19,Completed,Low
5752,Consent follow-up,Supporter Care,agent_11,2026-01-10,2026-01-30,2026-02-11,Completed,Low
5753,Consent follow-up,Supporter Care,agent_04,2026-04-30,2026-05-20,2026-05-01,Completed,Normal
5754,Swab kit dispatch,Fundraising Ops,agent_06,2025-06-10,2025-06-20,2025-06-25,Completed,High
5755,Swab kit dispatch,Supporter Care,agent_05,2025-12-11,2025-12-16,2025-12-19,Completed,High
5756,Data request,Fundraising Ops,agent_22,2025-10-17,2025-11-06,2025-11-03,Completed,Normal
5757,Data request,Fundraising Ops,agent_08,2026-06-20,2026-07-10,,Blocked,Normal
5758,Gift Aid declaration,Supporter Care,agent_10,2026-03-26,2026-03-31,2026-04-05,Completed,Low
5759,Thank-you letter,Register Operations,agent_24,2026-04-21,2026-04-23,2026-04-29,Completed,Normal
5760,Consent follow-up,Register Operations,agent_26,2026-02-09,2026-03-01,2026-02-23,Completed,Normal
5761,Welcome pack,Supporter Care,agent_04,2025-11-07,2025-11-27,2025-11-10,Completed,High
5762,Welcome pack,Supporter Care,agent_26,2026-03-04,2026-03-24,2026-03-07,Completed,Low
5763,Gift Aid declaration,Fundraising Ops,agent_26,2025-05-26,2025-05-28,2025-06-16,Completed,High
5764,Gift Aid declaration,Fundraising Ops,agent_18,2026-05-05,2026-05-15,2026-05-18,Completed,Normal
5765,Consent follow-up,Supporter Care,agent_26,2026-02-10,2026-02-12,,In Progress,High
5766,Swab kit dispatch,Register Operations,agent_09,2025-08-20,2025-09-09,2025-08-28,Completed,High
5767,Gift Aid declaration,Supporter Care,agent_07,2025-04-08,2025-04-13,2025-04-26,Completed,Normal
5768,Data request,Fundraising Ops,agent_21,2025-07-02,2025-07-04,2025-08-07,Completed,High
5769,Address change,Register Operations,agent_07,2025-03-22,2025-03-27,2025-03-28,Completed,Normal
5770,Data request,Register Operations,agent_04,2025-12-17,2025-12-19,2025-12-26,Completed,High
5771,Complaint,Supporter Care,agent_07,2025-05-21,2025-05-23,2025-06-03,Completed,Low
5772,Complaint,Supporter Care,agent_05,2025-10-17,2025-10-27,2025-10-29,Completed,Normal
5773,Gift Aid declaration,Fundraising Ops,agent_09,2026-06-11,2026-06-13,2026-06-19,Completed,High
5774,Welcome pack,Register Operations,agent_25,2026-05-19,2026-05-21,2026-06-02,Completed,Urgent
5775,Data request,Register Operations,,2025-11-26,2025-12-01,2025-12-24,Completed,Low
5776,Consent follow-up,Fundraising Ops,agent_03,2025-09-27,2025-10-02,2025-10-22,Completed,Normal
5777,Welcome pack,Fundraising Ops,agent_02,2025-07-20,2025-07-30,,Completed,Normal
5778,Swab kit dispatch,Supporter Care,agent_25,2025-11-03,2025-11-23,2025-11-07,Completed,Normal
5779,Complaint,Register Operations,agent_14,2026-04-17,2026-04-22,2026-05-08,Completed,High
5780,Data request,Register Operations,agent_16,2026-01-09,2026-01-11,2026-01-25,Completed,Normal
5781,Gift Aid declaration,Register Operations,agent_06,2026-03-19,2026-03-29,2026-04-10,Completed,Normal
5782,Data request,Fundraising Ops,agent_09,2025-02-26,2025-02-28,2025-03-15,Completed,Normal
5783,Thank-you letter,Fundraising Ops,agent_03,2025-11-01,2025-11-03,2025-11-07,Completed,Normal
5784,Thank-you letter,Register Operations,agent_14,2026-08-07,2026-08-27,,Open,Normal
5785,Welcome pack,Supporter Care,agent_12,2025-09-18,2025-09-20,2025-09-19,Completed,Normal
5786,Complaint,Fundraising Ops,agent_01,2026-08-05,2026-08-10,,In Progress,Normal
5787,Gift Aid declaration,Fundraising Ops,agent_02,2025-03-27,2025-04-01,2025-04-15,Completed,High
5788,Gift Aid declaration,Supporter Care,agent_13,2026-01-25,2026-01-27,,Open,Normal
5789,Swab kit dispatch,Supporter Care,agent_15,2025-09-12,2025-09-22,2025-09-15,Completed,Urgent
5790,Data request,Fundraising Ops,agent_04,2026-04-14,2026-04-24,2026-06-02,Completed,Normal
5791,Address change,Register Operations,agent_19,2025-10-26,2025-11-15,2025-11-04,Completed,Normal
5792,Gift Aid declaration,Register Operations,agent_02,2025-06-02,2025-06-12,2025-06-15,Completed,High
5793,Data request,Register Operations,agent_17,2025-03-08,2025-03-28,2025-04-06,Completed,Normal
5794,Data request,Register Operations,agent_13,2026-07-18,2026-08-07,,Blocked,Normal
5795,Data request,Fundraising Ops,agent_15,2026-06-21,2026-07-11,2026-07-09,Completed,Normal
5796,Welcome pack,Supporter Care,agent_09,2026-04-10,2026-04-12,2026-04-21,Completed,Normal
5797,Gift Aid declaration,Supporter Care,agent_22,2026-06-25,2026-07-15,2026-07-21,Completed,Normal
5798,Address change,Supporter Care,agent_15,2026-03-20,2026-03-25,2026-04-16,Completed,Normal
5799,Data request,Supporter Care,agent_11,2025-10-16,2025-11-05,2025-10-31,Completed,Normal
5800,Consent follow-up,Register Operations,agent_17,2026-05-19,2026-05-21,2026-06-10,Completed,Normal
5801,Gift Aid declaration,Supporter Care,agent_07,2025-04-26,2025-05-16,2025-05-17,Completed,High
5802,Address change,Register Operations,agent_03,2025-04-20,2025-04-22,,Open,High
5803,Consent follow-up,Supporter Care,agent_16,2026-02-13,2026-02-18,2026-02-27,Completed,Normal
5804,Welcome pack,Register Operations,agent_14,2026-02-03,2026-02-08,2026-02-19,Completed,Low
5805,Consent follow-up,Fundraising Ops,agent_24,2025-07-22,2025-07-24,2025-08-14,Completed,High
5806,Gift Aid declaration,Supporter Care,agent_12,2026-04-26,2026-05-16,2026-04-29,Completed,Normal
5807,Complaint,Supporter Care,,2025-03-19,2025-03-24,,Open,Normal
5808,Swab kit dispatch,Fundraising Ops,agent_26,2026-02-01,2026-02-11,2026-02-04,Completed,Normal
5809,Complaint,Register Operations,agent_19,2025-12-26,2026-01-15,2026-01-24,Completed,Normal
5810,Welcome pack,Supporter Care,agent_09,2026-01-21,2026-01-31,2026-02-03,Completed,Normal
5811,Gift Aid declaration,Supporter Care,agent_03,2025-10-28,2025-11-07,2025-11-08,Completed,Normal
5812,Consent follow-up,Register Operations,agent_12,2026-01-02,2026-01-12,2026-01-27,Complete,Normal
5813,Complaint,Register Operations,agent_15,2025-11-29,2025-12-01,,Completed,Normal
5814,Address change,Supporter Care,agent_06,2026-05-04,2026-05-24,2026-06-04,Completed,Normal
5815,Address change,Register Operations,agent_26,2026-06-14,2026-06-24,2026-07-10,Completed,Normal
5816,Complaint,Register Operations,agent_16,2026-06-21,2026-06-23,2026-07-29,Completed,High
5817,Swab kit dispatch,Register Operations,agent_07,2026-06-06,2026-06-08,2026-06-15,Completed,Normal
5818,Swab kit dispatch,Register Operations,agent_16,2025-08-07,2025-08-09,2025-08-20,Completed,Low
5819,Welcome pack,Supporter Care,agent_19,2026-03-13,2026-03-15,2026-03-26,Completed,Low
5820,Gift Aid declaration,Fundraising Ops,agent_08,2025-05-08,2025-05-10,2025-06-04,Completed,Normal
5821,Address change,Supporter Care,agent_11,2026-05-20,2026-05-30,2026-06-06,Completed,Urgent
5822,Thank-you letter,Register Operations,agent_03,2026-06-16,2026-06-26,2026-06-29,Completed,Normal
5823,Consent follow-up,Supporter Care,agent_07,2026-05-15,2026-05-17,2026-06-05,Completed,Normal
5824,Data request,Supporter Care,agent_03,2026-02-05,2026-02-15,2026-03-11,Completed,Low
5825,Welcome pack,Register Operations,agent_09,2026-06-16,2026-06-26,2026-06-24,Completed,High
5826,Welcome pack,Fundraising Ops,agent_01,2026-05-03,2026-05-08,2026-05-20,Completed,High
5827,Complaint,Supporter Care,agent_24,2025-05-25,2025-05-27,2025-06-12,Completed,High
5828,Consent follow-up,Supporter Care,agent_22,2025-08-21,2025-08-23,2025-09-08,Completed,Low
5829,Welcome pack,Register Operations,agent_04,2026-07-16,2026-07-26,2026-07-23,Completed,Normal
5830,Thank-you letter,Fundraising Ops,agent_21,2026-04-14,2026-04-24,2026-04-21,Completed,Normal
5831,Swab kit dispatch,Supporter Care,agent_20,2025-08-18,2025-08-23,2025-08-26,Completed,Low
5832,Swab kit dispatch,Register Operations,agent_24,2026-01-08,2026-01-28,2026-01-14,Completed,High
5833,Address change,Register Operations,agent_17,2026-03-04,2026-03-14,2026-03-26,Complete,High
5834,Gift Aid declaration,Register Operations,agent_22,2025-10-21,2025-11-10,2025-11-05,Completed,Normal
5835,Swab kit dispatch,Supporter Care,agent_04,2025-04-13,2025-05-03,2025-04-26,Completed,Normal
5836,Address change,Supporter Care,agent_22,2025-09-18,2025-09-28,2025-09-25,Completed,Normal
5837,Welcome pack,Register Operations,agent_26,2025-11-26,2025-12-06,2025-12-05,Completed,High
5838,Swab kit dispatch,Supporter Care,agent_23,2025-11-07,2025-11-12,2025-11-18,Completed,Normal
5839,Thank-you letter,Supporter Care,agent_26,2026-01-13,2026-02-02,2026-01-17,Completed,Normal
5840,Welcome pack,Supporter Care,agent_21,2026-04-15,2026-05-05,2026-04-24,Completed,Normal
5841,Welcome pack,Fundraising Ops,agent_24,2026-03-24,2026-04-03,,Open,Normal
5842,Welcome pack,Fundraising Ops,agent_02,2026-06-08,2026-06-13,2026-06-15,Completed,Normal
5843,Consent follow-up,Fundraising Ops,agent_02,2025-03-07,2025-03-17,2025-03-30,Completed,Normal
5844,Gift Aid declaration,Supporter Care,agent_12,2026-07-31,2026-08-10,2026-08-12,Completed,Normal
5845,Address change,Register Operations,agent_14,2025-08-10,2025-08-12,2025-08-23,Completed,Normal
5846,Welcome pack,Register Operations,agent_06,2025-03-12,2025-03-14,2025-03-27,Completed,Urgent
5847,Welcome pack,Fundraising Ops,agent_14,2025-06-02,2025-06-07,2025-06-04,Completed,Low
5848,Data request,Register Operations,agent_17,2026-04-11,2026-04-13,2026-04-21,Completed,Normal
5849,Thank-you letter,Supporter Care,agent_02,2026-04-19,2026-04-24,2026-04-24,Completed,High
5850,Swab kit dispatch,Register Operations,agent_14,2025-10-10,2025-10-20,2025-10-21,Completed,Normal
5851,Data request,Fundraising Ops,agent_17,2026-06-30,2026-07-02,2026-07-22,Completed,Normal
5852,Welcome pack,Register Operations,agent_08,2025-07-26,2025-08-05,2025-08-06,Completed,Normal
5853,Complaint,Supporter Care,agent_18,2026-05-11,2026-05-31,2026-05-14,Completed,Normal
5854,Gift Aid declaration,Supporter Care,agent_04,2026-03-15,2026-03-20,2026-04-07,Completed,Low
5855,Gift Aid declaration,Supporter Care,agent_05,2025-07-28,2025-07-30,2025-08-11,Completed,Normal
5856,Complaint,Fundraising Ops,agent_11,2025-03-25,2025-04-04,2025-04-06,Completed,Normal
5857,Complaint,Register Operations,agent_12,2025-07-26,2025-07-31,2025-08-03,Completed,Low
5858,Gift Aid declaration,Register Operations,agent_22,2025-12-11,2025-12-16,2025-12-23,Completed,Normal
5859,Swab kit dispatch,Register Operations,agent_26,2025-05-18,2025-05-28,2025-05-22,Completed,Normal
5860,Welcome pack,Register Operations,agent_18,2026-07-22,2026-08-11,2026-08-10,Completed,High
5861,Data request,Supporter Care,agent_25,2025-11-19,2025-11-24,2025-12-21,Completed,Normal
5862,Complaint,Fundraising Ops,agent_18,2026-08-05,2026-08-25,,Open,Normal
5863,Gift Aid declaration,Fundraising Ops,agent_25,2026-01-18,2026-01-23,2026-02-10,Completed,Low
5864,Thank-you letter,Fundraising Ops,agent_12,2026-06-16,2026-06-26,2026-06-27,Completed,Normal
5865,Consent follow-up,Register Operations,agent_08,2025-05-08,2025-05-10,2025-05-13,Completed,Normal
5866,Complaint,Supporter Care,agent_23,2025-12-15,2026-01-04,2025-12-25,Completed,Normal
5867,Data request,Register Operations,agent_03,2025-10-11,2025-10-21,2025-11-07,Completed,Normal
5868,Data request,Register Operations,agent_02,2025-10-30,2025-11-09,2025-11-22,Completed,Normal
5869,Data request,Register Operations,agent_08,2025-06-22,2025-06-27,,Blocked,Normal
5870,Consent follow-up,Register Operations,agent_12,2026-05-28,2026-06-07,2026-06-07,Completed,Normal
5871,Thank-you letter,Fundraising Ops,agent_22,2025-06-15,2025-06-17,2025-06-23,Completed,Normal
5872,Complaint,Supporter Care,agent_26,2026-04-24,2026-05-04,2026-06-09,Completed,Normal
5873,Consent follow-up,Fundraising Ops,agent_03,2026-05-29,2026-06-08,,Completed,Normal
5874,Data request,Register Operations,agent_21,2026-01-18,2026-01-28,2026-02-01,Completed,Normal
5875,Data request,Register Operations,agent_16,2025-05-31,2025-06-05,2025-06-23,Completed,Normal
5876,Complaint,Register Operations,agent_16,2025-09-18,2025-09-20,2025-10-20,Completed,Low
5877,Complaint,Register Operations,agent_17,2025-11-08,2025-11-18,2025-12-21,Completed,Normal
5878,Data request,Supporter Care,agent_16,2026-08-01,2026-08-06,,In Progress,Low
5879,Address change,Fundraising Ops,agent_16,2025-07-17,2025-08-06,2025-07-25,Completed,Low
5880,Swab kit dispatch,Supporter Care,agent_23,2025-11-13,2025-11-18,2025-11-25,Completed,Normal
5881,Thank-you letter,Supporter Care,agent_17,2025-11-05,2025-11-07,2025-11-16,Completed,Normal
5882,Gift Aid declaration,Supporter Care,agent_14,2026-01-24,2026-01-29,2026-02-01,Completed,Normal
5883,Address change,Supporter Care,agent_05,2025-11-19,2025-12-09,2025-11-30,Completed,Low
5884,Welcome pack,Supporter Care,agent_21,2026-04-10,2026-04-30,2026-04-11,Completed,Normal
5885,Swab kit dispatch,Fundraising Ops,agent_23,2025-03-17,2025-04-06,2025-03-27,Completed,Normal
5886,Consent follow-up,Supporter Care,agent_05,2026-06-22,2026-06-27,2026-07-08,Completed,High
5887,Gift Aid declaration,Supporter Care,agent_14,2025-07-27,2025-07-29,2025-08-17,Completed,Normal
5888,Data request,Fundraising Ops,agent_10,2025-10-25,2025-10-27,2025-12-04,Completed,Normal
5889,Swab kit dispatch,Fundraising Ops,agent_10,2026-08-12,2026-08-14,,Blocked,Urgent
5890,Data request,Supporter Care,agent_23,2026-07-25,2026-08-14,,Blocked,Low
5891,Swab kit dispatch,Supporter Care,agent_09,2025-08-15,2025-08-20,2025-08-25,Completed,Normal
5892,Complaint,Supporter Care,agent_17,2026-01-08,2026-01-18,2026-01-29,Completed,Normal
5893,Thank-you letter,Fundraising Ops,agent_06,2026-03-12,2026-03-14,2026-03-22,Completed,Normal
5894,Address change,Fundraising Ops,agent_03,2026-07-28,2026-08-17,,In Progress,Normal
5895,Gift Aid declaration,Supporter Care,agent_23,2025-12-18,2025-12-23,2025-12-27,Complete,Normal
5896,Consent follow-up,Fundraising Ops,,2026-07-20,2026-07-25,,Open,Low
5897,Swab kit dispatch,Supporter Care,agent_22,2025-11-13,2025-11-18,2025-11-23,Completed,Normal
5898,Thank-you letter,Supporter Care,agent_25,2026-02-23,2026-02-28,2026-03-08,Completed,Low
5899,Complaint,Fundraising Ops,agent_21,2025-05-28,2025-05-30,2025-07-14,Completed,Normal
5900,Consent follow-up,Fundraising Ops,agent_06,2025-06-30,2025-07-10,2025-07-30,Completed,Normal
5901,Data request,Fundraising Ops,agent_17,2025-10-04,2025-10-06,2025-10-25,Completed,Normal
5902,Swab kit dispatch,Fundraising Ops,agent_26,2026-07-20,2026-07-25,2026-07-31,Completed,Low
5903,Data request,Fundraising Ops,agent_08,2025-08-31,2025-09-20,2025-09-24,Completed,Normal
5904,Thank-you letter,Supporter Care,agent_10,2025-12-12,2025-12-17,2025-12-22,Completed,Normal
5905,Address change,Register Operations,agent_02,2025-12-25,2025-12-27,2026-01-02,Completed,Normal
5906,Address change,Supporter Care,agent_09,2025-10-11,2025-10-13,2025-10-29,Completed,Normal
5907,Data request,Supporter Care,agent_25,2025-06-11,2025-06-16,2025-07-02,Completed,Normal
5908,Data request,Supporter Care,agent_01,2025-10-10,2025-10-15,2025-11-10,Completed,Normal
5909,Gift Aid declaration,Fundraising Ops,agent_26,2025-05-24,2025-05-29,2025-05-30,Completed,High
5910,Consent follow-up,Supporter Care,agent_09,2025-12-19,2025-12-21,2026-01-01,Completed,Low
5911,Consent follow-up,Register Operations,agent_11,2026-01-11,2026-01-16,,In Progress,Low
5912,Consent follow-up,Fundraising Ops,agent_11,2026-07-15,2026-07-20,2026-07-28,Completed,Normal
5913,Address change,Fundraising Ops,agent_09,2025-07-11,2025-07-31,2025-07-11,Completed,Normal
5914,Consent follow-up,Register Operations,agent_19,2025-03-05,2025-03-25,2025-03-18,Completed,Normal
5915,Swab kit dispatch,Register Operations,agent_04,2025-07-21,2025-07-26,2025-07-31,Completed,Normal
5916,Welcome pack,Register Operations,agent_13,2025-09-20,2025-09-25,2025-10-05,Completed,Low
5917,Thank-you letter,Register Operations,agent_20,2025-05-29,2025-05-31,2025-06-04,Completed,Normal
5918,Address change,Register Operations,agent_18,2026-05-12,2026-06-01,2026-05-22,Completed,Normal
5919,Thank-you letter,Supporter Care,agent_19,2026-07-15,2026-08-04,2026-07-18,Completed,Normal
5920,Data request,Register Operations,agent_06,2025-04-22,2025-04-27,2025-05-15,Completed,Normal
5921,Consent follow-up,Supporter Care,agent_14,2025-09-17,2025-09-27,2025-10-07,Completed,Normal
5922,Thank-you letter,Fundraising Ops,agent_18,2026-02-27,2026-03-01,2026-03-10,Completed,Normal
5923,Address change,Fundraising Ops,agent_18,2025-04-02,2025-04-04,2025-04-17,Completed,Low
5924,Welcome pack,Fundraising Ops,agent_03,2025-02-27,2025-03-19,2025-03-05,Completed,Normal
5925,Swab kit dispatch,Supporter Care,agent_09,2025-08-22,2025-08-27,2025-09-06,Completed,Normal
5926,Gift Aid declaration,Register Operations,agent_04,2026-05-24,2026-05-26,2026-07-02,Completed,High
5927,Data request,Register Operations,agent_03,2025-06-02,2025-06-12,2025-07-07,Completed,Normal
5928,Thank-you letter,Fundraising Ops,agent_24,2025-08-23,2025-08-28,2025-08-25,Completed,High
5929,Consent follow-up,Supporter Care,agent_11,2025-10-18,2025-11-07,2025-10-25,Completed,High
5930,Gift Aid declaration,Fundraising Ops,agent_23,2025-08-13,2025-08-23,2025-09-04,Completed,Low
5931,Welcome pack,Register Operations,,2025-07-31,2025-08-20,2025-08-02,Complete,High
5932,Thank-you letter,Supporter Care,agent_11,2025-05-17,2025-05-19,2025-05-23,Completed,Low
5933,Gift Aid declaration,Fundraising Ops,agent_26,2025-04-10,2025-04-15,2025-04-27,Completed,Normal
5934,Address change,Supporter Care,agent_13,2026-03-26,2026-03-28,2026-04-13,Completed,Low
5935,Data request,Register Operations,agent_06,2026-02-05,2026-02-25,2026-02-27,Completed,Normal
5936,Thank-you letter,Supporter Care,agent_20,2025-07-09,2025-07-29,,Blocked,Normal
5937,Welcome pack,Register Operations,agent_15,2025-03-29,2025-03-31,2025-04-10,Completed,Normal
5938,Swab kit dispatch,Register Operations,agent_21,2025-11-30,2025-12-10,2025-11-30,Completed,Normal
5939,Consent follow-up,Register Operations,agent_12,2025-03-07,2025-03-27,2025-04-02,Completed,Normal
5940,Address change,Supporter Care,agent_18,2025-09-25,2025-10-15,2025-10-16,Completed,Normal
5941,Gift Aid declaration,Register Operations,agent_06,2026-07-28,2026-07-30,,In Progress,Normal
5942,Welcome pack,Supporter Care,agent_25,2026-05-02,2026-05-22,2026-05-22,Completed,Low
5943,Data request,Register Operations,agent_03,2025-09-07,2025-09-09,2025-09-14,Completed,Low
5944,Gift Aid declaration,Fundraising Ops,agent_14,2025-04-27,2025-05-17,2025-05-18,Completed,High
5945,Data request,Fundraising Ops,agent_12,2026-03-30,2026-04-01,2026-04-26,Completed,Low
5946,Consent follow-up,Fundraising Ops,agent_12,2026-06-01,2026-06-06,2026-07-04,Completed,High
5947,Data request,Register Operations,agent_10,2025-08-11,2025-08-13,2025-08-21,Completed,Low
5948,Address change,Supporter Care,agent_12,2026-08-05,2026-08-15,2026-08-14,Completed,Normal
5949,Data request,Register Operations,agent_08,2025-04-17,2025-05-07,2025-05-01,Completed,High
5950,Welcome pack,Register Operations,agent_09,2025-12-31,2026-01-20,2026-01-11,Completed,Normal
5951,Data request,Fundraising Ops,agent_04,2026-05-29,2026-06-18,2026-06-03,Completed,Normal
5952,Swab kit dispatch,Fundraising Ops,agent_19,2026-01-26,2026-01-31,2026-02-02,Completed,Normal
5953,Thank-you letter,Fundraising Ops,agent_08,2025-03-17,2025-03-19,2025-03-25,Completed,Normal
5954,Consent follow-up,Fundraising Ops,agent_12,2025-03-16,2025-03-18,2025-03-28,Completed,Low
5955,Complaint,Fundraising Ops,agent_26,2026-01-26,2026-02-15,2026-02-23,Completed,Normal
5956,Data request,Supporter Care,,2025-12-27,2026-01-16,2026-01-24,Completed,Urgent
5957,Complaint,Supporter Care,agent_11,2025-03-20,2025-04-09,2025-05-08,Completed,Normal
5958,Data request,Fundraising Ops,agent_20,2026-07-29,2026-08-03,,In Progress,Normal
5959,Complaint,Supporter Care,agent_04,2025-03-11,2025-03-13,2025-03-25,Completed,Normal
5960,Data request,Fundraising Ops,agent_14,2026-06-02,2026-06-07,2026-07-02,Completed,High
5961,Consent follow-up,Register Operations,agent_16,2025-09-03,2025-09-23,2025-09-16,Completed,High
5962,Welcome pack,Supporter Care,agent_06,2025-12-04,2025-12-14,2025-12-07,Completed,High
5963,Address change,Fundraising Ops,agent_25,2025-05-28,2025-06-07,2025-06-11,Completed,Normal
5964,Data request,Register Operations,agent_25,2025-06-28,2025-07-18,2025-07-19,Completed,Low
5965,Consent follow-up,Fundraising Ops,agent_25,2025-11-12,2025-11-14,2025-11-22,Complete,Low
5966,Data request,Fundraising Ops,agent_10,2025-05-17,2025-05-22,,In Progress,Low
5967,Welcome pack,Fundraising Ops,agent_11,2025-04-19,2025-04-29,2025-05-05,Completed,Normal
5968,Complaint,Supporter Care,agent_06,2026-07-26,2026-07-28,,Open,Low
5969,Gift Aid declaration,Supporter Care,agent_25,2025-11-23,2025-12-03,2025-11-28,Completed,Normal
5970,Welcome pack,Register Operations,agent_04,2026-08-04,2026-08-24,,Blocked,Urgent
5971,Gift Aid declaration,Supporter Care,agent_17,2026-05-11,2026-05-21,2026-06-09,Completed,Normal
5972,Thank-you letter,Register Operations,agent_15,2025-04-30,2025-05-10,2025-05-08,Completed,Urgent
5973,Thank-you letter,Register Operations,agent_16,2026-04-09,2026-04-19,2026-04-13,Completed,Normal
5974,Thank-you letter,Supporter Care,agent_22,2026-08-03,2026-08-23,,Blocked,Low
5975,Welcome pack,Register Operations,agent_03,2025-05-08,2025-05-18,2025-05-08,Completed,Normal
5976,Swab kit dispatch,Supporter Care,agent_13,2025-04-08,2025-04-18,2025-04-16,Completed,Normal
5977,Address change,Fundraising Ops,agent_20,2025-12-04,2025-12-14,2025-12-09,Completed,High
5978,Consent follow-up,Register Operations,agent_18,2026-07-23,2026-08-02,,Blocked,Normal
5979,Consent follow-up,Supporter Care,agent_10,2026-03-26,2026-03-28,2026-04-15,Completed,Low
5980,Address change,Fundraising Ops,agent_06,2026-02-10,2026-02-12,2026-02-19,Completed,Low
5981,Complaint,Register Operations,agent_06,2025-07-20,2025-07-22,2025-08-23,Completed,Normal
5982,Consent follow-up,Fundraising Ops,agent_01,2025-09-24,2025-10-04,2025-10-08,Completed,Normal
5983,Consent follow-up,Supporter Care,agent_16,2026-06-11,2026-06-21,2026-07-07,Completed,Normal
5984,Gift Aid declaration,Fundraising Ops,agent_08,2026-03-22,2026-04-11,2026-04-08,Completed,Low
5985,Data request,Register Operations,agent_18,2026-05-09,2026-05-29,2026-06-10,Completed,Normal
5986,Address change,Register Operations,agent_15,2025-09-29,2025-10-01,2025-10-11,Completed,Normal
5987,Welcome pack,Register Operations,agent_22,2025-09-03,2025-09-23,2025-09-25,Completed,Normal
5988,Gift Aid declaration,Fundraising Ops,agent_26,2026-07-30,2026-08-19,,Blocked,High
5989,Consent follow-up,Fundraising Ops,agent_12,2025-08-10,2025-08-15,,Blocked,High
5990,Complaint,Fundraising Ops,agent_18,2026-04-22,2026-05-02,,Completed,High
5991,Gift Aid declaration,Register Operations,agent_07,2025-05-11,2025-05-31,2025-06-06,Completed,Normal
5992,Swab kit dispatch,Supporter Care,agent_14,2025-12-31,2026-01-20,,Completed,Normal
5993,Consent follow-up,Register Operations,agent_05,2026-06-15,2026-07-05,2026-07-07,Completed,Normal
5994,Data request,Fundraising Ops,agent_13,2025-12-01,2025-12-03,2025-12-13,Completed,Normal
5995,Swab kit dispatch,Register Operations,agent_08,2025-11-12,2025-11-17,2025-11-16,Completed,Normal
5996,Consent follow-up,Fundraising Ops,agent_19,2025-11-29,2025-12-04,2025-12-18,Completed,High
5997,Swab kit dispatch,Fundraising Ops,agent_01,2026-05-29,2026-06-03,2026-06-13,Completed,High
5998,Complaint,Register Operations,agent_26,2026-07-10,2026-07-30,2026-07-23,Completed,High
5999,Data request,Supporter Care,agent_08,2025-06-29,2025-07-09,2025-08-02,Completed,Normal
6000,Address change,Fundraising Ops,agent_16,2025-07-30,2025-08-01,2025-08-08,Completed,High
