supporter_id,first_name,last_name,date_of_birth,email,postcode,region,sign_up_date,source_channel,marketing_consent,status,last_activity_date
1,Rhys,Thornbury,1963-12-22,rhys.thornbury1@example.com,SW22 4PW,Wales,2019-11-03,Telephone,0,Activ,2020-01-31
2,Samuel,Iqbal,1998-06-01,samuel.iqbal2@example.com,N32 7PU,Northern Ireland,2024-09-03,Telephone,1,Active,2025-09-17
3,Mahmoud,Chen,1988-01-18,mahmoud.chen3@example.com,ls333zn,South East,2018-01-05,Partner,0,Lapsed,2024-01-17
4,Emeka,Chen,1997-08-13,emeka.chen4@example.com,EH6 6WG,South West,2024-07-02,Web,1,Lapsed,2025-09-22
5,Eleanor,Lindqvist,1973-09-20,eleanor.lindqvist5@example.com,EH15 4FF,North East,2022-11-25,Telephone,1,Deceased,2025-05-08
6,Rosa,Uddin,1992-10-24,rosa.uddin6@example.com,BS3 6WB,London,2023-07-12,Direct Mail,1,Lapsed,2024-05-01
7,Kai,Wainwright,1975-09-03,kai.wainwright7@example.com,CF30 5GQ,North West,2022-07-03,Partner,0,Inactive,2024-01-08
8,Sian,Jarvis,1971-03-27,,B37 7GG,West Midlands,2024-06-21,Direct Mail,1,Lapsed,2024-12-01
9,Joseph,Iqbal,2002-11-21,joseph.iqbal9@example.com,SE27 5SE,North West,2023-02-16,Partner,1,Active,2024-02-26
10,Verity,Lindqvist,1957-11-02,verity.lindqvist10@example.com,BS29 7YH,Northern Ireland,2026-06-12,Direct Mail,1,Active,2026-06-15
11,Isaac,Iqbal,1959-02-24,isaac.iqbal11@example.com,sw149bb,East of England,2023-12-22,Direct Mail,1,Active,2026-03-24
12,Hannah,Mensah,1997-05-09,hannah.mensah12@example.com,EH30 8FP,East Midlands,2023-12-16,Direct Mail,0,Active,2024-10-12
13,Aisha,Grewal,1968-08-12,aisha.grewal13@example.com,LS11 2XW,South East,2024-10-28,Telephone,0,Active,2025-02-02
14,Gareth,Carrick,1964-09-07,gareth.carrick14@example.com,BS4 8XT,West Midlands,2024-11-23,Telephone,1,Inactive,2025-08-23
15,Samuel,Sandoval,1978-07-11,samuel.sandoval15@example.com,N30 2XF,East Midlands,2024-10-13,Web,0,Active,2025-09-29
16,Kai,Hargreaves,1964-02-16,kai.hargreaves16@example.com,BT32 3NZ,South West,2026-03-20,Direct Mail,1,Active,2026-08-03
17,Samuel,Duffy,1976-09-07,samuel.duffy17@example.com,N2 1US,East Midlands,2016-12-21,Event,1,Active,2022-06-29
18,Omar,Yeboah,1949-06-20,omar.yeboah18@example.com,cf98qe,Scotland,2024-04-06,Direct Mail,0,Active,2024-04-14
19,Chloe,Iqbal,2005-04-08,chloe.iqbal19@example.com,SW25 1LU,Wales,2023-08-13,Social,0,Active,2024-09-16
20,Freya,Hargreaves,1984-07-18,freya.hargreaves20@example.com,BS21 6GQ,West Midlands,2019-04-30,Partner,1,Lapsed,2025-01-08
21,Freya,Hargreaves,1954-08-11,freya.hargreaves21@example.com,N16 8JZ,Scotland,2023-11-24,Web,0,Deceased,2025-05-28
22,Elliot,Bright,2006-12-26,elliot.bright22@example.com,L38 7RY,North East,2024-12-23,Social,1,Active,2025-03-16
23,Aisha,Duffy,1968-08-06,aisha.duffy23@example.com,BS28 8JA,Northern Ireland,2017-08-04,Partner,0,Active,2019-07-10
24,Chloe,Kowalski,2004-10-15,chloe.kowalski24@example.com,SE20 5EZ,Scotland,2018-12-19,Event,1,Active,2026-07-12
25,Grace,Thornbury,1976-05-13,grace.thornbury25@example.com,ls339qh,Yorkshire & Humber,2018-09-24,Telephone,0,Active,2019-10-25
26,Tariq,Pemberton,1952-03-19,tariq.pemberton26@example.com,CF21 1FR,East Midlands,2026-01-19,Direct Mail,0,Lapsed,2026-05-02
27,Leah,Whitlock,1975-11-28,leah.whitlock27@example.com,SE35 1DS,East of England,2023-11-26,Web,1,Lapsed,2026-01-20
28,Deborah,Gill,1993-04-11,deborah.gill28@example.com,NE34 2QB,Northern Ireland,2020-01-03,Event,0,Lapsed,2022-01-26
29,Amara,Iqbal,1991-11-12,amara.iqbal29@example.com,n194gn,East of England,2023-03-01,Social,0,Lapsed,2023-10-30
30,Aisha,Hargreaves,1954-02-02,aisha.hargreaves30@example.com,SW12 6ZU,East Midlands,2024-03-26,Direct Mail,0,Active,2024-10-04
31,Sian,Thornbury,1952-10-28,sian.thornbury31@example.com,L10 9ER,Northern Ireland,2021-12-09,Event,0,Active,2025-08-29
32,Elliot,Ahmed,1954-08-24,elliot.ahmed32@example.com,M28 7UT,Northern Ireland,2025-06-22,Social,1,Active,2026-05-02
33,Elliot,Wainwright,1949-05-27,elliot.wainwright33@example.com,EH34 1HJ,West Midlands,2022-01-14,Telephone,0,Lapsed,2025-09-01
34,Callum,Rashid,1957-05-27,callum.rashid34@example.com,B35 6PL,North East,2022-03-04,Web,1,Active,2024-04-04
35,Zara,Morrow,1998-02-13,zara.morrow35@example.com,M15 8ZB,South West,2021-11-02,Telephone,1,Active,2025-09-22
36,Elliot,Nkemelu,1981-09-28,elliot.nkemelu36@example.com,G27 3PS,London,2023-04-26,Web,1,Inactive,2025-02-08
37,Joseph,Lindqvist,1984-03-09,joseph.lindqvist37@example.com,B39 9PG,North West,2017-09-28,Event,1,Lapsed,2021-03-03
38,Jasmin,Wainwright,1961-01-17,jasmin.wainwright38@example.com,L27 6UD,Scotland,2020-07-22,Event,1,Active,2021-03-14
39,Freya,Ahmed,1967-02-06,freya.ahmed39@example.com,B25 1AX,West Midlands,2025-10-07,Social,0,Lapsed,2025-11-02
40,Zainab,Abiola,1963-11-24,zainab.abiola40@example.com,L29 4YW,Yorkshire & Humber,2022-12-24,Web,1,Active,2025-06-24
41,Olive,Bright,1980-03-23,olive.bright41@example.com,EH10 6HT,East Midlands,2019-09-02,Event,0,Active,2023-06-07
42,Olive,Abiola,1955-10-18,olive.abiola42@example.com,LS19 1XY,North West,2024-05-11,Direct Mail,0,Inactive,2024-07-07
43,Aisha,Grewal,1995-10-05,aisha.grewal43@example.com,N29 8XT,Northern Ireland,2021-06-13,Partner,0,Active,2023-06-07
44,Omar,Tewari,1949-07-26,omar.tewari44@example.com,M29 1JQ,North East,2020-04-16,Event,0,Active,2024-06-09
45,Imogen,Sharpe,1968-08-15,imogen.sharpe45@example.com,B2 3JF,South West,2022-12-01,Telephone,1,Active,2025-05-10
46,Noah,Ahmed,1998-12-23,noah.ahmed46@example.com,L36 2ZZ,Yorkshire & Humber,2021-05-15,Event,0,Active,2024-01-09
47,Deborah,Bright,1998-08-05,deborah.bright47@example.com,M29 6WP,North East,2022-06-07,Web,0,Lapsed,2023-05-13
48,Niamh,Ahmed,1957-02-01,niamh.ahmed48@example.com,B21 9ZF,South West,2021-07-24,Partner,1,Lapsed,2023-12-28
49,Maya,Sandoval,1960-07-04,maya.sandoval49@example.com,G30 2YX,Scotland,2020-04-30,Event,0,Inactive,2023-08-03
50,Leah,Uddin,1955-05-24,leah.uddin50@example.com,L12 1WX,East of England,2017-07-03,Partner,1,Active,2026-04-24
51,Samuel,Gill,2004-05-18,samuel.gill51@example.com,NE8 7SD,Yorkshire & Humber,2024-04-28,Web,0,Active,2026-06-06
52,Kai,Mensah,1965-02-20,kai.mensah52@example.com,BS7 2JH,North East,2018-10-09,Partner,0,Active,2021-04-10
53,Samuel,Carrick,1988-02-28,samuel.carrick53@example.com,SE21 8EH,London,2023-02-24,Web,0,Active,2025-09-26
54,Rachel,Okafor,1975-01-12,rachel.okafor54@example.com,NE26 3GL,East Midlands,2020-05-03,Telephone,0,Active,2025-09-29
55,Rachel,Whitlock,1955-10-12,,B31 2AS,Wales,2025-06-12,Web,1,Active,2025-06-17
56,Olive,Quainton,1978-05-23,olive.quainton56@example.com,SE20 3GE,,2024-08-25,Social,1,Active,2025-11-14
57,Leah,Zielinski,1949-06-13,leah.zielinski57@example.com,BT17 9TJ,North West,2022-04-07,Social,0,Lapsed,2023-02-18
58,Fatima,Duffy,1967-09-20,fatima.duffy58@example.com,M19 2NX,North West,2026-05-25,Direct Mail,0,Active,2026-07-05
59,Olive,Bright,1956-11-26,olive.bright59@example.com,M2 7AP,Yorkshire & Humber,2024-10-03,Direct Mail,1,Lapsed,2026-06-01
60,Verity,Sharpe,1977-06-25,verity.sharpe60@example.com,BS12 8NN,North West,2025-06-05,Social,1,Active,2026-02-09
61,Callum,Vasquez,1999-06-18,callum.vasquez61@example.com,SW32 9ZA,Wales,2022-04-05,Web,1,Lapsed,2024-11-02
62,Freya,Dalgleish,1978-01-20,freya.dalgleish62@example.com,NE40 4PE,Northern Ireland,2024-08-17,Telephone,1,Active,2025-02-05
63,Emeka,Grewal,1990-01-12,emeka.grewal63@example.com,G39 2BN,Wales,2024-05-13,Telephone,1,Active,2026-03-01
64,Amara,Dalgleish,2000-03-11,amara.dalgleish64@example.com,CF18 3DU,Northern Ireland,2022-08-01,Social,1,Active,2023-03-23
65,Noah,Morrow,1980-01-10,noah.morrow65@example.com,BS30 4UW,East of England,2026-03-31,Direct Mail,1,Lapsed,2026-04-29
66,Amara,Kowalski,1996-09-10,amara.kowalski66@example.com,L8 5WZ,North West,2017-11-13,Partner,0,Inactive,2023-10-03
67,Rachel,Whitlock,1988-03-11,rachel.whitlock67@example.com,B28 6AQ,East Midlands,2022-09-28,Partner,0,Active,2023-08-09
68,Kai,Wainwright,1951-09-10,,SE34 3TR,East Midlands,2023-10-08,Partner,0,Lapsed,2023-10-26
69,Amara,Iqbal,1949-11-12,amara.iqbal69@example.com,NE15 4DP,Scotland,2019-10-26,Telephone,0,Active,2024-09-20
70,Rachel,Pemberton,1998-03-06,rachel.pemberton70@example.com,M38 2GD,South East,2022-11-02,Web,1,Active,2023-09-10
71,Elliot,Thornbury,1960-05-01,elliot.thornbury71@example.com,EH11 2WJ,Northern Ireland,2024-09-25,Web,1,Active,2026-04-17
72,Chloe,Pemberton,1990-08-12,chloe.pemberton72@example.com,G37 9LU,South East,2022-02-06,Event,0,Inactive,2025-07-10
73,Hannah,Uddin,1964-02-26,hannah.uddin73@example.com,SW3 2ER,Yorkshire & Humber,2025-01-21,Web,0,Active,2025-02-11
74,Ben,Ellery,1976-04-14,ben.ellery74@example.com,L27 6QP,Yorkshire & Humber,2020-03-05,Telephone,1,Active,2022-11-23
75,Deborah,Mensah,2001-09-11,deborah.mensah75@example.com,NE27 9DA,East of England,2023-03-14,Social,1,Active,2024-11-18
76,Omar,Bright,1983-09-22,omar.bright76@example.com,LS35 2TY,London,2020-12-11,Event,1,Active,2024-02-21
77,Samuel,Fenton,1971-11-24,samuel.fenton77@example.com,SE23 7EU,North West,2020-06-08,Event,0,Active,2022-06-10
78,Chloe,Vasquez,1972-10-12,chloe.vasquez78@example.com,m142ws,Wales,2018-12-28,Event,0,Active,2019-06-05
79,Grace,Gill,2005-01-12,grace.gill79@example.com,G18 1EE,Yorkshire & Humber,2026-01-28,Web,0,Active,2026-07-21
80,Karolina,Abiola,1950-07-10,karolina.abiola80@example.com,LS16 8ZT,South West,2018-07-20,Partner,0,Active,2022-04-13
81,Lucy,Ahmed,1972-03-18,lucy.ahmed81@example.com,BT11 7WG,London,2021-05-19,Web,0,Active,2025-12-14
82,Daniel,Jarvis,1996-01-24,daniel.jarvis82@example.com,EH20 4UA,North East,2023-10-12,Social,0,Active,2025-12-13
83,Noah,Sandoval,1975-03-08,noah.sandoval83@example.com,G40 1TZ,Wales,2025-04-11,Web,0,Active,2025-11-02
84,Fatima,Wainwright,2000-12-07,fatima.wainwright84@example.com,BT6 7NX,Yorkshire & Humber,2022-02-28,Web,1,Active,2023-08-01
85,Maya,Iqbal,2006-08-16,maya.iqbal85@example.com,G15 1SB,Northern Ireland,2026-04-10,Social,0,Active,2026-08-10
86,Theo,Bright,1975-08-12,theo.bright86@example.com,N6 7PE,London,2021-12-31,Partner,0,Lapsed,2023-01-15
87,Rosa,Sharpe,1992-05-05,rosa.sharpe87@example.com,N12 2XA,North East,2019-11-19,Telephone,0,Lapsed,2020-03-19
88,Fatima,Grewal,1967-03-22,fatima.grewal88@example.com,G26 5LS,London,2021-12-16,Web,0,Active,2025-05-17
89,Leah,Vasquez,1952-01-23,leah.vasquez89@example.com,N39 6ND,South West,2023-09-18,Partner,1,Active,2026-05-09
90,Karolina,Grewal,2005-03-20,karolina.grewal90@example.com,G36 4EH,East of England,2023-03-27,Social,1,Active,2026-07-07
91,Kai,Abiola,1990-03-06,kai.abiola91@example.com,SE2 8BW,Yorkshire & Humber,2023-07-24,Partner,1,Active,2026-04-12
92,Niamh,Carrick,1980-08-03,niamh.carrick92@example.com,B11 7ZW,South West,2018-01-22,Partner,0,Active,2021-05-10
93,Samuel,Kowalski,1996-11-23,samuel.kowalski93@example.com,NE25 5PR,East of England,2024-02-23,Direct Mail,1,Active,2026-01-15
94,Isaac,Morrow,1983-05-01,isaac.morrow94@example.com,CF32 4FD,London,2018-01-09,Partner,0,Active,2019-06-03
95,Liam,Morrow,1977-08-26,liam.morrow95@example.com,LS12 1TL,East Midlands,2020-02-28,Event,1,Lapsed,2024-09-08
96,Zara,Ahmed,1973-06-02,zara.ahmed96@example.com,NE20 2XA,East of England,2019-07-13,Event,1,Active,2021-02-13
97,Wei,Ellery,1953-05-17,wei.ellery97@example.com,M29 7HP,Northern Ireland,2021-10-13,Telephone,0,Active,2025-04-04
98,Fatima,Pemberton,1956-04-18,fatima.pemberton98@example.com,n157ul,East of England,2018-01-03,Event,0,Active,2021-02-12
99,Amara,Quainton,2001-12-25,,LS27 4RF,Northern Ireland,2026-01-04,Social,1,Active,2026-06-02
100,Freya,Whitlock,1956-08-28,freya.whitlock100@example.com,CF25 1SX,Wales,2022-09-02,Social,0,Active,2026-01-11
101,Aisha,Baptiste,1964-04-02,aisha.baptiste101@example.com,NE9 6TZ,Wales,2018-12-26,Partner,1,Active,2020-02-25
102,Gareth,Abiola,2003-01-08,gareth.abiola102@example.com,M3 8AJ,North West,2024-12-09,Telephone,1,Active,2025-04-12
103,Aisha,Nkemelu,1999-10-08,aisha.nkemelu103@example.com,LS21 9FB,Scotland,2020-10-24,Telephone,1,Inactive,2023-07-28
104,Amara,Dalgleish,1946-06-09,amara.dalgleish104@example.com,SE5 5EQ,North East,2024-01-19,Direct Mail,0,Active,2024-08-25
105,Noah,Fenton,1959-07-16,noah.fenton105@example.com,BS36 4QZ,South East,2024-03-17,Telephone,1,Lapsed,2024-06-12
106,Leah,Morrow,1960-01-23,leah.morrow106@example.com,BT3 4RH,Yorkshire & Humber,2019-02-13,Partner,1,Lapsed,2020-06-17
107,Grace,Sharpe,1999-06-06,grace.sharpe107@example.com,bs246ew,North West,2019-12-01,Event,0,Lapsed,2021-01-04
108,Eleanor,Iqbal,1974-02-05,eleanor.iqbal108@example.com,SE18 8XW,Wales,2024-08-02,Direct Mail,0,Active,2026-05-06
109,Verity,Duffy,2005-11-01,verity.duffy109@example.com,N30 1GS,East Midlands,2019-11-15,Partner,1,Active,2021-10-09
110,Samuel,Fenton,1961-07-08,samuel.fenton110@example.com,SW23 3DR,North East,2019-11-03,Event,1,Deceased,2024-04-28
111,Harun,Rashid,1982-12-24,harun.rashid111@example.com,BS28 5FR,Yorkshire & Humber,2021-03-26,Web,1,Inactive,2022-02-12
112,Leah,Iqbal,1997-02-15,leah.iqbal112@example.com,SE5 2WX,London,2019-08-29,Telephone,0,Active,2025-04-17
113,Eleanor,Thornbury,1963-04-12,eleanor.thornbury113@example.com,G21 4AZ,North East,2022-04-08,Telephone,0,Active,2022-08-23
114,Jasmin,Hargreaves,1960-11-27,jasmin.hargreaves114@example.com,SW38 9QZ,London,2023-10-11,Social,0,Deceased,2025-12-22
115,Zara,Jarvis,1978-02-06,zara.jarvis115@example.com,N23 3UA,East Midlands,2022-07-30,Social,1,Inactive,2024-08-17
116,Uche,Abiola,1995-12-05,uche.abiola116@example.com,BS14 4AB,West Midlands,2020-03-12,Partner,1,Inactive,2024-08-16
117,Niamh,Jarvis,1981-02-08,niamh.jarvis117@example.com,LS14 3NX,North East,2019-12-04,Event,0,Active,2021-08-30
118,Sofia,Mensah,2005-08-17,sofia.mensah118@example.com,B32 2GG,South West,2025-09-26,Direct Mail,0,Active,2026-04-15
119,Eleanor,Iqbal,1991-01-10,eleanor.iqbal119@example.com,SE24 6UJ,East Midlands,2024-05-02,Web,0,Active,2025-11-16
120,Gareth,Dalgleish,1984-08-18,gareth.dalgleish120@example.com,N36 1WY,East of England,2025-05-30,Direct Mail,0,Lapsed,2025-11-11
121,Grace,Rashid,1967-05-20,grace.rashid121@example.com,G11 1SB,South West,2024-02-09,Direct Mail,0,Active,2024-11-13
122,Jasmin,Mensah,1976-07-23,jasmin.mensah122@example.com,M33 1PY,South East,2023-12-08,Direct Mail,1,Active,2024-07-15
123,Niamh,Lindqvist,1975-09-24,niamh.lindqvist123@example.com,M37 9YQ,North East,2020-09-11,Web,1,Active,2021-08-14
124,Rhys,Gill,1965-06-01,rhys.gill124@example.com,SW15 7FU,Northern Ireland,2022-07-27,Partner,0,Active,2023-07-22
125,Rachel,Pemberton,2006-04-23,rachel.pemberton125@example.com,CF33 6TR,North West,2023-08-06,Direct Mail,1,Inactive,2025-07-12
126,Lucy,Baptiste,1946-12-06,lucy.baptiste126@example.com,L35 6RY,London,2024-03-07,Direct Mail,1,Inactive,2026-07-03
127,Priya,Iqbal,1974-08-05,priya.iqbal127@example.com,NE22 7WG,London,2022-02-15,Partner,1,Active,2022-03-20
128,Omar,Lindqvist,1977-10-19,omar.lindqvist128@example.com,G8 6SX,East of England,2019-03-02,Event,0,Active,2024-10-28
129,Jasmin,Sharpe,1965-01-23,jasmin.sharpe129@example.com,EH18 3DP,Wales,2019-11-25,Partner,1,Active,2020-05-03
130,Aisha,Lindqvist,1947-10-22,aisha.lindqvist130@example.com,EH23 3LR,East Midlands,2025-12-11,Direct Mail,0,Active,2026-07-22
131,Kai,Ellery,1968-12-21,kai.ellery131@example.com,BT36 9LD,West Midlands,2023-10-20,Social,0,Active,2026-02-28
132,Karolina,Lindqvist,1962-01-22,karolina.lindqvist132@example.com,BS11 7BT,South West,2026-10-17,Partner,1,Active,2025-07-07
133,Elliot,Morrow,1946-04-06,elliot.morrow133@example.com,NE24 7FQ,Yorkshire & Humber,2023-04-14,Web,1,Active,2023-08-20
134,Eleanor,Tewari,1982-10-19,eleanor.tewari134@example.com,B22 8PS,North East,2023-01-10,Partner,0,Lapsed,2023-05-05
135,Rhys,Baptiste,2000-07-17,rhys.baptiste135@example.com,G34 5RJ,South East,2023-07-04,Social,1,Active,2025-03-16
136,Emeka,Duffy,1981-10-04,emeka.duffy136@example.com,BT30 5BL,Yorkshire & Humber,2023-11-22,Social,1,Active,2024-04-28
137,Amara,Grewal,2003-05-22,amara.grewal137@example.com,BS29 7UG,London,2023-12-23,Direct Mail,1,Active,2024-12-12
138,Olive,Dalgleish,1994-06-23,olive.dalgleish138@example.com,CF26 5BJ,Northern Ireland,2024-01-26,Web,1,Lapsed,2025-03-19
139,Jasmin,Duffy,1991-12-11,jasmin.duffy139@example.com,EH16 1XF,London,2023-06-07,Web,0,Active,2025-05-22
140,Zainab,Sandoval,1967-06-05,zainab.sandoval140@example.com,L30 5ZF,Scotland,2021-08-24,Web,1,Active,2025-08-14
141,Deborah,Zielinski,1987-10-17,deborah.zielinski141@example.com,SW38 8DJ,South East,2024-05-04,Web,0,Active,2024-09-23
142,Yusuf,Zielinski,1949-08-07,yusuf.zielinski142@example.com,EH4 7YE,North East,2022-02-03,Partner,0,Inactive,2022-05-12
143,Daniel,Morrow,1966-10-10,daniel.morrow143@example.com,N11 1HA,East Midlands,2023-01-07,Social,1,Inactive,2025-07-25
144,Daniel,Abiola,1971-08-24,daniel.abiola144@example.com,N20 2ZP,East of England,2022-10-24,Social,0,Active,2022-11-06
145,Wei,Gill,2004-10-02,wei.gill145@example.com,BT11 1RA,East Midlands,2022-12-31,Web,0,Active,2025-09-22
146,Jasmin,Grewal,1995-02-08,jasmin.grewal146@example.com,M2 9BL,East of England,2020-03-29,Partner,1,Active,2022-06-10
147,Freya,Fenton,1984-06-27,freya.fenton147@example.com,M33 7FB,London,2017-06-17,Event,0,Active,2022-01-15
148,Liam,Chen,2006-03-16,liam.chen148@example.com,L28 8JF,Northern Ireland,2022-02-03,Web,0,Lapsed,2024-12-18
149,Ben,Jarvis,1987-02-15,ben.jarvis149@example.com,NE9 3DF,London,2019-03-16,Partner,1,Lapsed,2025-08-17
150,Chloe,Morrow,1977-09-20,chloe.morrow150@example.com,BS24 3WB,London,2023-05-22,Web,0,Active,2026-05-07
151,Freya,Kowalski,1979-12-02,freya.kowalski151@example.com,LS21 5ZJ,South East,2022-01-16,Web,0,Lapsed,2022-09-15
152,Imogen,Zielinski,1964-05-18,imogen.zielinski152@example.com,LS31 4BZ,South East,2018-09-14,Telephone,1,Active,2023-06-03
153,Yusuf,Whitlock,2006-06-11,yusuf.whitlock153@example.com,CF23 3LY,Wales,2018-02-18,Partner,0,Active,2021-01-18
154,Samuel,Pemberton,2005-10-10,samuel.pemberton154@example.com,b263by,South East,2020-10-29,Event,0,Inactive,2022-03-29
155,Theo,Thornbury,2001-12-27,theo.thornbury155@example.com,LS11 8BH,Yorkshire & Humber,2023-01-18,Partner,0,Active,2023-04-03
156,Rosa,Sandoval,1949-05-13,rosa.sandoval156@example.com,SE29 2UA,South East,2021-05-18,Telephone,1,Active,2023-05-12
157,Aisha,Jarvis,1955-05-25,aisha.jarvis157@example.com,G14 9BZ,London,2019-09-25,Event,0,Active,2022-04-05
158,Noah,Iqbal,1955-06-16,noah.iqbal158@example.com,EH1 8EU,North East,2021-02-17,Telephone,1,Active,2024-05-29
159,Lucy,Gill,1986-09-12,lucy.gill159@example.com,LS26 5TE,South West,2019-01-20,Partner,0,Active,2025-10-05
160,Gareth,Chen,1957-07-10,gareth.chen160@example.com,SW9 6QY,South East,2017-05-18,Event,1,Active,2024-04-14
161,Imogen,Abiola,1973-09-18,imogen.abiola161@example.com,G21 1BQ,East Midlands,2023-07-24,Web,1,Active,2023-10-05
162,Deborah,Vasquez,1977-02-01,deborah.vasquez162@example.com,N7 3LP,London,2022-06-06,Event,1,Active,2025-03-06
163,Jasmin,Zielinski,1971-09-16,jasmin.zielinski163@example.com,NE3 9LQ,South East,2025-10-06,Social,0,Active,2025-12-25
164,Priya,Hargreaves,1994-07-02,priya.hargreaves164@example.com,EH29 6TG,East Midlands,2024-06-20,Social,1,Active,2024-08-11
165,Rosa,Okafor,1974-03-14,rosa.okafor165@example.com,LS21 4XX,North East,2022-06-24,Telephone,1,Active,2026-02-18
166,Lucy,Bright,1999-12-22,,B3 6XS,North West,2025-10-24,Social,1,Lapsed,2026-06-18
167,Zainab,Thornbury,1981-10-26,zainab.thornbury167@example.com,SE23 5QH,London,2025-03-11,Web,1,Active,2025-08-23
168,Theo,Sandoval,2005-06-09,theo.sandoval168@example.com,LS30 9HS,South West,2024-03-27,Web,0,Inactive,2025-05-06
169,Lucy,Baptiste,1962-11-27,lucy.baptiste169@example.com,B27 7JR,,2025-01-07,Web,0,Active,2025-09-13
170,Samuel,Rashid,1952-05-10,samuel.rashid170@example.com,SE12 6BF,London,2023-08-03,Direct Mail,0,Active,2025-05-17
171,Grace,Fenton,1963-06-05,grace.fenton171@example.com,LS35 6TN,Scotland,2023-11-21,Direct Mail,1,Inactive,2025-12-20
172,Jasmin,Carrick,1956-08-03,jasmin.carrick172@example.com,NE10 5EA,East of England,2023-09-25,Web,0,Active,2025-01-03
173,Niamh,Yeboah,1984-07-14,niamh.yeboah173@example.com,G5 4EZ,Yorkshire & Humber,2023-06-14,Social,1,Inactive,2024-08-04
174,Zainab,Okafor,1997-10-27,zainab.okafor174@example.com,BT2 1ED,East of England,2022-06-09,Partner,0,Lapsed,2026-05-11
175,Freya,Thornbury,1996-10-01,freya.thornbury175@example.com,ls314gg,London,2024-11-20,Direct Mail,0,Active,2026-07-12
176,Callum,Tewari,1957-03-17,callum.tewari176@example.com,LS38 5GS,Wales,2024-02-11,Social,0,Inactive,2024-12-18
177,Gareth,Abiola,1983-02-17,gareth.abiola177@example.com,EH13 5ZY,West Midlands,2020-07-04,Event,1,Active,2022-05-09
178,Emeka,Zielinski,1997-04-04,emeka.zielinski178@example.com,BT26 8ZD,North West,2023-05-17,Partner,0,Lapsed,2024-12-26
179,Rosa,Rashid,1982-11-24,rosa.rashid179@example.com,n63qw,Wales,2022-08-09,Social,1,Active,2022-12-01
180,Verity,Hargreaves,1964-10-04,verity.hargreaves180@example.com,EH39 6JG,North West,2018-12-09,Event,1,Active,2026-06-10
181,Hannah,Wainwright,1989-02-12,,G32 6DY,South West,2024-02-05,Direct Mail,1,Active,2026-04-30
182,Sian,Lindqvist,1986-09-09,sian.lindqvist182@example.com,BS23 6DX,North West,2021-07-19,Telephone,1,Lapsed,2024-10-09
183,Rosa,Tewari,1990-09-19,rosa.tewari183@example.com,G24 1EQ,Yorkshire & Humber,2021-05-09,Event,0,Lapsed,2025-08-09
184,Samuel,Kowalski,2005-04-25,samuel.kowalski184@example.com,SW14 2ED,South East,2026-06-09,Direct Mail,0,Active,2026-08-08
185,Uche,Hargreaves,1949-03-26,uche.hargreaves185@example.com,B38 1RR,Scotland,2023-06-27,Social,1,Active,2025-12-19
186,Omar,Hargreaves,1984-09-10,omar.hargreaves186@example.com,N4 3QW,Northern Ireland,2022-03-06,Web,1,Lapsed,2026-08-07
187,Emeka,Iqbal,1997-01-07,emeka.iqbal187@example.com,EH37 7SR,Wales,2021-08-27,Partner,1,Active,2025-03-31
188,Rosa,Kowalski,1948-09-12,rosa.kowalski188.example.com,EH33 8LS,East of England,2020-08-10,Event,1,Active,2020-10-19
189,Rachel,Whitlock,1999-06-08,rachel.whitlock189@example.com,eh128de,South East,2017-12-04,Event,0,Lapsed,2023-09-08
190,Kai,Vasquez,1994-10-23,kai.vasquez190@example.com,BS5 2UP,North East,2024-05-29,Web,1,Active,2024-12-26
191,Deborah,Mensah,1982-02-01,deborah.mensah191@example.com,CF18 2PS,West Midlands,2022-07-05,Social,0,Active,2023-10-28
192,Elliot,Rashid,1983-02-07,elliot.rashid192@example.com,M13 5ZD,Scotland,2021-05-19,Web,1,Active,2022-04-22
193,Liam,Morrow,1995-10-21,liam.morrow193@example.com,g106de,Northern Ireland,2022-12-20,Telephone,1,Inactive,2024-02-25
194,Sofia,Chen,2004-11-04,sofia.chen194@example.com,B4 8QE,Wales,2023-08-16,Partner,0,Active,2024-01-06
195,Kai,Mensah,1971-02-13,kai.mensah195@example.com,G39 5WA,Yorkshire & Humber,2019-01-23,Event,0,Active,2023-06-16
196,Joseph,Abiola,1951-01-28,joseph.abiola196@example.com,NE24 1UA,London,2023-01-03,Web,1,Inactive,2023-03-02
197,Lucy,Uddin,2001-09-01,lucy.uddin197@example.com,L15 7PX,South West,2022-11-14,Social,1,Active,2023-05-20
198,Maya,Iqbal,1991-07-24,maya.iqbal198@example.com,L13 4JA,Yorkshire & Humber,2022-05-03,Telephone,0,Active,2023-09-05
199,Fatima,Vasquez,1986-04-26,fatima.vasquez199@example.com,CF30 5FG,South East,2024-02-18,Social,0,Active,2024-06-23
200,Karolina,Dalgleish,1961-08-10,karolina.dalgleish200@example.com,CF40 3FJ,Wales,2023-09-29,Web,1,Lapsed,2024-07-13
201,Hannah,Jarvis,1963-09-08,,BS28 9PU,Scotland,2019-12-31,Telephone,1,Active,2023-04-29
202,Sofia,Sandoval,2005-04-26,sofia.sandoval202@example.com,SW37 2ZQ,East of England,2021-12-28,Event,0,Inactive,2022-05-16
203,Hannah,Quainton,1990-07-26,hannah.quainton203@example.com,SE33 4YZ,East Midlands,2021-04-08,Event,0,Active,2023-01-29
204,Joseph,Baptiste,1999-10-05,joseph.baptiste204@example.com,LS33 4WQ,Wales,2024-04-07,Social,0,Active,2025-09-14
205,Liam,Sandoval,1974-08-20,liam.sandoval205@example.com,BT22 6FR,London,2022-04-20,Partner,1,Active,2023-01-03
206,Niamh,Hargreaves,1979-08-28,niamh.hargreaves206@example.com,EH17 2PZ,Yorkshire & Humber,2022-11-07,Web,0,Active,2025-08-26
207,Wei,Sharpe,1989-10-24,wei.sharpe207@example.com,EH24 3UE,East Midlands,2024-07-02,Direct Mail,0,Active,2026-06-20
208,Noah,Chen,1962-08-08,noah.chen208@example.com,NE16 1PT,Wales,2019-05-02,Partner,0,Active,2019-06-29
209,Liam,Fenton,1965-06-17,liam.fenton209@example.com,BT38 9WL,South East,2022-03-26,Partner,1,Lapsed,2022-10-24
210,Theo,Grewal,1995-10-05,theo.grewal210@example.com,LS32 6NS,East of England,2026-04-08,Direct Mail,1,Inactive,2026-06-26
211,Lucy,Wainwright,1953-10-20,lucy.wainwright211@example.com,SW13 1GH,South East,2025-09-02,Direct Mail,0,Active,2026-02-14
212,Deborah,Bright,1970-04-19,deborah.bright212@example.com,B12 6BU,North West,2020-10-25,Telephone,1,Lapsed,2025-12-19
213,Aisha,Okafor,1957-04-19,aisha.okafor213@example.com,SW26 7YZ,West Midlands,2026-01-26,Social,0,Inactive,2026-08-04
214,Deborah,Quainton,1950-12-01,deborah.quainton214@example.com,M2 4WD,South East,2023-04-03,Web,0,Lapsed,2025-10-23
215,Rachel,Sharpe,1953-12-25,rachel.sharpe215@example.com,BS26 1AQ,East Midlands,2018-03-19,Event,1,Lapsed,2025-01-03
216,Olive,Kowalski,1973-01-27,olive.kowalski216@example.com,BT3 5HH,Scotland,2020-08-26,Web,1,Active,2025-03-09
217,Joseph,Fenton,1957-12-10,joseph.fenton217@example.com,LS25 9TX,London,2021-04-09,Web,0,Active,2022-05-09
218,Liam,Carrick,2003-07-23,liam.carrick218@example.com,SE16 2PL,South West,2022-03-17,Event,0,Active,2025-09-11
219,Yusuf,Rashid,1949-11-24,yusuf.rashid219@example.com,BS7 5ZA,East of England,2020-12-02,Event,1,Inactive,2022-05-09
220,Callum,Gill,1971-11-26,callum.gill220@example.com,EH32 1BH,North East,2023-11-18,Social,0,Inactive,2025-05-17
221,Gareth,Zielinski,1964-10-28,gareth.zielinski221@example.com,L25 9DW,Yorkshire & Humber,2024-12-20,Social,1,Lapsed,2025-11-04
222,Niamh,Sandoval,1991-10-06,niamh.sandoval222@example.com,SE35 9WU,South West,2019-06-25,Event,1,Active,2020-11-02
223,Niamh,Ahmed,1995-05-09,,M38 9HZ,Northern Ireland,2025-12-13,Web,1,Inactive,2026-03-01
224,Jasmin,Quainton,1963-09-16,jasmin.quainton224@example.com,N6 7GL,West Midlands,2025-05-14,Direct Mail,1,Inactive,2025-08-18
225,Noah,Iqbal,1978-05-26,noah.iqbal225@example.com,LS33 1JD,East of England,2023-10-05,Telephone,1,Active,2024-12-12
226,Elliot,Bright,1946-07-10,elliot.bright226@example.com,NE22 9BZ,North West,2022-03-06,Web,0,Active,2023-05-21
227,Lucy,Okafor,2000-03-26,lucy.okafor227@example.com,BS5 2XT,Yorkshire & Humber,2021-09-29,Partner,1,Active,2025-05-16
228,Theo,Ellery,1981-12-08,theo.ellery228@example.com,B24 7NA,Scotland,2023-11-24,Direct Mail,0,Lapsed,2024-03-26
229,Eleanor,Fenton,2002-06-19,eleanor.fenton229@example.com,b14bb,South West,2025-04-22,Direct Mail,1,Inactive,2026-01-05
230,Jasmin,Kowalski,1971-03-23,jasmin.kowalski230@example.com,G37 3WN,South West,2023-07-17,Web,0,Inactive,2024-08-20
231,Uche,Bright,1968-04-03,uche.bright231@example.com,LS28 8FN,South West,2023-09-08,Direct Mail,0,Active,2024-02-08
232,Joseph,Thornbury,1970-09-01,joseph.thornbury232@example.com,sw175dl,South West,2024-02-25,Telephone,0,Active,2026-06-23
233,Rhys,Zielinski,1992-05-17,rhys.zielinski233@example.com,SW32 2EF,East Midlands,2024-04-16,Web,0,Lapsed,2025-06-10
234,Imogen,Bright,1985-07-18,imogen.bright234@example.com,LS19 5YD,North East,2024-07-09,Social,0,Active,2024-08-05
235,Karolina,Iqbal,1953-06-22,karolina.iqbal235@example.com,SE8 1ZH,East of England,2026-04-29,Direct Mail,0,Lapsed,2026-05-25
236,Daniel,Ahmed,1982-02-14,daniel.ahmed236@example.com,G7 8LQ,South East,2020-11-24,Event,0,Active,2025-04-09
237,Leah,Hargreaves,1946-01-24,leah.hargreaves237@example.com,N38 7GH,Wales,2025-07-29,Social,1,Active,2026-01-23
238,Kai,Hargreaves,1976-03-28,kai.hargreaves238@example.com,N39 5JN,South West,2026-03-21,Direct Mail,0,Deceased,2026-04-22
239,Gareth,Ahmed,1967-10-09,gareth.ahmed239@example.com,SW3 8XL,Scotland,2025-04-27,Social,0,Active,2025-11-01
240,Amara,Ahmed,1976-02-20,amara.ahmed240@example.com,B5 7TA,South East,2024-12-22,Direct Mail,1,Lapsed,2026-06-16
241,Mahmoud,Carrick,1951-05-21,mahmoud.carrick241@example.com,BS20 3JT,East Midlands,2023-01-19,Social,0,Active,2025-09-29
242,Rachel,Fenton,1965-05-28,rachel.fenton242@example.com,N2 9HJ,East Midlands,2019-01-26,Event,1,Active,2022-08-12
243,Imogen,Baptiste,1991-03-03,imogen.baptiste243@example.com,B16 2EX,North East,2026-03-09,Direct Mail,1,Lapsed,2026-04-29
244,Jasmin,Vasquez,1978-07-06,jasmin.vasquez244@example.com,bt239hq,Wales,2025-01-30,Web,0,Activ,2026-05-22
245,Olive,Rashid,1966-07-17,olive.rashid245@example.com,M31 5FQ,Scotland,2022-10-16,Social,1,Active,2026-05-17
246,Sofia,Mensah,1971-04-10,sofia.mensah246@example.com,EH39 2PZ,London,2024-10-16,Web,1,Active,2026-03-06
247,Rachel,Kowalski,1973-05-07,,SE25 3XY,Scotland,2024-07-09,Social,0,Inactive,2024-07-25
248,Grace,Dalgleish,1958-08-21,grace.dalgleish248@example.com,LS14 8GF,Wales,2018-08-03,Telephone,1,Active,2025-11-19
249,Eleanor,Sandoval,1948-12-19,eleanor.sandoval249@example.com,LS13 4XF,West Midlands,2020-04-26,Event,0,Active,2026-04-01
250,Liam,Grewal,1962-03-13,liam.grewal250@example.com,EH29 3JR,South East,2022-09-12,Web,0,Inactive,2026-02-17
251,Karolina,Zielinski,2000-03-25,karolina.zielinski251@example.com,EH6 6WG,Scotland,2024-10-10,Direct Mail,0,Inactive,2025-08-14
252,Elliot,Jarvis,1983-01-25,elliot.jarvis252@example.com,L6 4GX,London,2018-12-19,Telephone,1,Active,2024-02-22
253,Callum,Whitlock,2005-02-10,callum.whitlock253@example.com,L21 6AG,Northern Ireland,2023-06-09,Direct Mail,0,Active,2025-07-23
254,Priya,Sharpe,1977-10-28,priya.sharpe254@example.com,BS27 1ZZ,East of England,2023-02-16,Social,1,Lapsed,2025-07-25
255,Karolina,Duffy,1991-06-27,karolina.duffy255@example.com,M1 9NJ,London,2018-04-16,Event,1,Lapsed,2018-12-05
256,Callum,Sandoval,2005-10-02,callum.sandoval256@example.com,G20 4BB,East Midlands,2018-10-28,Partner,0,Active,2026-02-12
257,Fatima,Uddin,1960-03-22,fatima.uddin257@example.com,NE16 7JQ,Northern Ireland,2020-07-24,Partner,0,Deceased,2021-12-28
258,Lucy,Mensah,1979-10-11,lucy.mensah258@example.com,ne256zy,East Midlands,2021-04-14,Event,0,Lapsed,2023-06-30
259,Zara,Quainton,1948-07-25,zara.quainton259@example.com,LS38 9WJ,London,2022-06-16,Web,1,Lapsed,2023-01-10
260,Callum,Morrow,2003-08-20,callum.morrow260@example.com,BT8 2AR,North West,2025-01-04,Social,0,Active,2025-01-22
261,Gareth,Hargreaves,2003-08-16,gareth.hargreaves261@example.com,LS9 2NW,North West,2024-05-28,Web,0,Active,2025-12-15
262,Harun,Ellery,1988-01-19,harun.ellery262@example.com,G21 8JL,North East,2021-10-28,Web,0,Lapsed,2025-10-04
263,Elliot,Quainton,1954-02-01,elliot.quainton263@example.com,G27 4NR,South West,2021-01-01,Event,1,Active,2023-05-12
264,Grace,Ellery,1978-06-08,grace.ellery264@example.com,NE3 1YP,Northern Ireland,2023-01-02,Partner,1,Lapsed,2024-09-06
265,Rachel,Ahmed,1950-06-19,rachel.ahmed265@example.com,BT4 1NY,South West,2022-08-29,Partner,0,Active,2023-06-12
266,Priya,Okafor,1973-01-28,priya.okafor266@example.com,L1 7SN,South West,2026-01-07,Social,0,Active,2026-03-08
267,Uche,Duffy,2003-07-24,uche.duffy267@example.com,M6 4TT,East Midlands,2019-10-30,Telephone,0,Lapsed,2022-01-26
268,Jasmin,Sandoval,1979-01-27,jasmin.sandoval268@example.com,BT10 2EW,Scotland,2022-03-27,Partner,0,Active,2024-02-23
269,Emeka,Iqbal,2002-08-17,emeka.iqbal269@example.com,CF39 6AH,South East,2019-08-23,Partner,0,Active,2025-10-03
270,Kai,Quainton,1974-10-09,kai.quainton270@example.com,CF12 5FU,Yorkshire & Humber,2020-10-21,Partner,1,Active,2023-06-17
271,Lucy,Sharpe,1953-09-11,lucy.sharpe271@example.com,BT31 5NR,Scotland,2023-12-26,Telephone,1,Active,2025-10-17
272,Lucy,Abiola,1972-12-22,lucy.abiola272@example.com,SW4 6RL,Scotland,2025-01-14,Direct Mail,0,Active,2025-07-28
273,Omar,Kowalski,1973-01-19,omar.kowalski273@example.com,M33 5GY,London,2020-08-09,Web,0,Active,2024-01-09
274,Amara,Duffy,1975-01-24,amara.duffy274@example.com,L35 9HR,South West,2026-02-06,Social,0,Active,2026-04-27
275,Karolina,Chen,1997-05-17,karolina.chen275@example.com,B29 9RE,London,2023-07-29,Web,Y,Active,2025-01-28
276,Uche,Hargreaves,1977-04-09,uche.hargreaves276@example.com,N15 1UQ,South East,2017-06-26,Event,0,Lapsed,2023-08-07
277,Harun,Iqbal,1958-07-08,harun.iqbal277@example.com,N26 9AP,South East,2022-04-14,Web,1,Active,2025-07-19
278,Mahmoud,Okafor,1955-02-12,mahmoud.okafor278@example.com,NE17 6GH,North West,2025-06-03,Social,1,Lapsed,2025-09-19
279,Samuel,Mensah,1976-06-19,samuel.mensah279@example.com,M25 2JA,South East,2024-04-25,Social,1,Active,2025-04-05
280,Theo,Zielinski,1988-02-21,theo.zielinski280@example.com,EH18 5ZD,London,2023-02-07,Telephone,1,Active,2025-12-08
281,Deborah,Jarvis,2001-08-06,deborah.jarvis281@example.com,BT7 2YG,North East,2017-11-25,Event,1,Inactive,2026-04-21
282,Elliot,Fenton,1981-04-25,elliot.fenton282@example.com,N3 2GL,East Midlands,2024-08-09,Direct Mail,0,Active,2024-10-29
283,Aisha,Zielinski,1961-08-03,aisha.zielinski283@example.com,G39 2HG,South West,2021-02-11,Event,1,Active,2025-09-11
284,Yusuf,Duffy,1978-08-27,,N39 3YG,North West,2021-02-07,Telephone,1,Active,2024-07-25
285,Karolina,Kowalski,1967-11-09,karolina.kowalski285@example.com,G35 4ZT,Yorkshire & Humber,2025-11-07,Direct Mail,0,Active,2026-03-06
286,Rosa,Dalgleish,1992-09-11,rosa.dalgleish286@example.com,LS37 7YR,East Midlands,2023-06-20,Web,1,Active,2024-09-18
287,Harun,Uddin,2003-04-22,harun.uddin287@example.com,N20 9BZ,East of England,2024-10-04,Web,0,Lapsed,2025-04-05
288,Imogen,Carrick,1998-09-11,imogen.carrick288@example.com,EH13 5RF,Scotland,2023-06-07,Social,1,Active,2024-01-27
289,Mahmoud,Okafor,1954-06-11,mahmoud.okafor289@example.com,N19 5AU,North West,2021-11-14,Telephone,1,Lapsed,2024-07-16
290,Rhys,Kowalski,1964-03-24,rhys.kowalski290@example.com,SE22 2LZ,West Midlands,2023-04-01,Telephone,0,Active,2023-12-13
291,Imogen,Abiola,1990-12-23,imogen.abiola291@example.com,B18 7GR,North West,2021-01-21,Event,1,Active,2022-10-06
292,Verity,Hargreaves,1963-04-06,verity.hargreaves292@example.com,SW9 6UF,Northern Ireland,2023-02-14,Web,0,Active,2026-01-13
293,Maya,Zielinski,1952-11-08,maya.zielinski293@example.com,N10 1NB,East Midlands,2024-05-04,Web,1,Inactive,2025-02-03
294,Joseph,Lindqvist,2002-12-06,joseph.lindqvist294@example.com,BT31 6UA,North East,2018-03-27,Event,1,Active,2025-09-07
295,Isaac,Yeboah,1993-05-05,isaac.yeboah295@example.com,B33 4QU,London,2019-02-19,Partner,1,Active,2024-12-18
296,Grace,Abiola,1966-12-20,grace.abiola296@example.com,BT27 8WB,East of England,2023-08-15,Social,1,Lapsed,2026-05-29
297,Wei,Carrick,1984-07-03,wei.carrick297@example.com,NE35 8AA,South West,2025-01-11,Direct Mail,1,Lapsed,2026-05-27
298,Mahmoud,Gill,1948-06-14,mahmoud.gill298@example.com,LS26 6HZ,South East,2025-06-23,Direct Mail,1,Active,2026-03-04
299,Daniel,Tewari,1978-11-09,daniel.tewari299@example.com,EH15 4XN,Yorkshire & Humber,2023-06-18,Partner,1,Lapsed,2024-11-03
300,Leah,Yeboah,1989-12-05,leah.yeboah300@example.com,EH8 5QR,London,2017-06-19,Partner,1,Lapsed,2021-10-15
301,Emeka,Abiola,1954-04-06,emeka.abiola301@example.com,CF18 5GR,North West,2025-12-19,Web,1,Lapsed,2026-04-29
302,Gareth,Uddin,1972-10-07,gareth.uddin302@example.com,M3 3RP,West Midlands,2023-10-01,Web,1,Inactive,2023-11-28
303,Theo,Kowalski,1963-09-10,theo.kowalski303@example.com,L13 3BU,Scotland,2023-06-19,Telephone,1,Active,2025-03-03
304,Niamh,Bright,1966-06-12,niamh.bright304@example.com,EH14 8UY,East Midlands,2022-05-25,Social,1,Active,2022-12-24
305,Fatima,Pemberton,1975-01-16,fatima.pemberton305@example.com,LS33 1ZT,East Midlands,2023-06-17,Direct Mail,0,Active,2026-04-21
306,Tariq,Rashid,1992-07-16,tariq.rashid306@example.com,EH5 9QT,Yorkshire & Humber,2022-09-26,Web,1,Lapsed,2024-09-02
307,Grace,Sandoval,1993-11-12,grace.sandoval307@example.com,SE20 1QS,London,2024-06-08,Direct Mail,1,Inactive,2026-03-20
308,Leah,Kowalski,1954-04-12,leah.kowalski308@example.com,BT14 5LG,,2020-01-03,Event,1,Inactive,2024-09-14
309,Grace,Baptiste,1984-03-18,grace.baptiste309@example.com,SE28 3AH,North East,2023-03-27,Social,0,Active,2023-04-30
310,Isaac,Fenton,2003-09-23,isaac.fenton310@example.com,N3 2XG,North West,2025-10-20,Direct Mail,0,Lapsed,2026-05-28
311,Hannah,Zielinski,2003-10-15,hannah.zielinski311@example.com,CF24 4GJ,Scotland,2026-03-10,Direct Mail,0,Active,2026-06-05
312,Deborah,Lindqvist,1993-01-03,deborah.lindqvist312@example.com,CF15 7PY,West Midlands,2023-01-22,Telephone,0,Active,2023-12-06
313,Mahmoud,Quainton,1953-10-11,mahmoud.quainton313@example.com,G22 3NH,North East,2023-09-28,Direct Mail,1,Inactive,2026-01-06
314,Yusuf,Baptiste,1988-09-06,yusuf.baptiste314@example.com,N24 5WN,West Midlands,2020-03-26,Event,1,Active,2024-09-21
315,Eleanor,Fenton,1967-05-15,eleanor.fenton315@example.com,EH23 9LP,South East,2020-11-13,Telephone,0,Active,2023-06-05
316,Olive,Zielinski,1957-05-07,olive.zielinski316@example.com,N22 7TQ,East Midlands,2017-08-15,Event,1,Lapsed,2023-10-08
317,Maya,Grewal,1986-07-21,maya.grewal317@example.com,L25 6WX,Yorkshire & Humber,2022-10-16,Web,1,Active,2025-01-31
318,Jasmin,Iqbal,1972-06-08,jasmin.iqbal318@example.com,CF1 1TD,North West,2022-07-24,Social,1,Active,2022-10-06
319,Niamh,Iqbal,1983-11-15,niamh.iqbal319@example.com,SE31 7TN,London,2016-10-17,Event,0,Deceased,2023-05-06
320,Isaac,Duffy,1989-08-04,isaac.duffy320@example.com,N11 1TA,South East,2025-06-16,Web,0,Active,2026-08-06
321,Zara,Ahmed,1993-06-08,zara.ahmed321@example.com,B32 1AD,Yorkshire & Humber,2023-10-11,Web,1,Inactive,2023-12-19
322,Priya,Pemberton,1960-04-25,priya.pemberton322@example.com,BT24 5FJ,South West,2021-11-06,Partner,1,Lapsed,2024-01-04
323,Rhys,Nkemelu,1955-08-09,rhys.nkemelu323@example.com,M13 9LD,Yorkshire & Humber,2024-11-20,Social,1,Active,2025-12-29
324,Daniel,Bright,1959-02-12,daniel.bright324@example.com,CF32 6NR,East of England,2026-06-04,Direct Mail,0,Inactive,2026-06-26
325,Samuel,Thornbury,2000-12-11,samuel.thornbury325@example.com,EH32 5EE,Wales,2022-05-03,Social,1,Active,2022-05-19
326,Priya,Sharpe,1957-02-21,priya.sharpe326@example.com,SW7 8UP,West Midlands,2020-05-07,Event,1,Active,2021-02-28
327,Verity,Grewal,1993-06-09,verity.grewal327@example.com,SE19 3AT,Scotland,2023-04-20,Social,0,Lapsed,2024-09-17
328,Isaac,Nkemelu,1984-07-18,isaac.nkemelu328@example.com,EH40 5BZ,East Midlands,2018-09-24,Partner,1,Active,2020-11-08
329,Isaac,Morrow,1992-08-21,isaac.morrow329@example.com,N2 6QE,West Midlands,2021-04-23,Event,1,Active,2022-05-20
330,Omar,Nkemelu,1947-10-07,omar.nkemelu330@example.com,SE28 2TA,North East,2024-06-28,Web,0,Active,2026-07-16
331,Eleanor,Zielinski,1997-02-12,eleanor.zielinski331@example.com,CF16 2TG,Wales,2019-07-18,Telephone,1,Lapsed,2026-08-15
332,Aisha,Morrow,1962-10-01,aisha.morrow332@example.com,EH22 4XU,Northern Ireland,2019-09-29,Event,0,Active,2024-03-12
333,Aisha,Nkemelu,1973-10-10,aisha.nkemelu333@example.com,G25 1AE,North West,2018-01-27,Event,1,Lapsed,2022-07-25
334,Ben,Gill,1978-06-13,ben.gill334@example.com,M14 5JX,West Midlands,2024-08-07,Web,0,Lapsed,2025-11-05
335,Sofia,Rashid,1978-07-08,sofia.rashid335@example.com,L3 1GY,North East,2020-08-27,Web,1,Active,2023-11-19
336,Fatima,Jarvis,1994-11-27,fatima.jarvis336@example.com,LS23 1ZF,Yorkshire & Humber,2022-11-28,Social,0,Active,2026-04-12
337,Callum,Rashid,1989-03-04,callum.rashid337@example.com,EH29 5FJ,West Midlands,2023-12-04,Direct Mail,0,Active,2025-09-15
338,Imogen,Mensah,1984-09-03,imogen.mensah338@example.com,BS28 7XB,North West,2022-04-13,Partner,1,Active,2023-06-19
339,Lucy,Sharpe,1961-09-07,lucy.sharpe339@example.com,EH9 1YJ,Scotland,2022-12-16,Partner,0,Active,2025-09-25
340,Lucy,Grewal,1972-11-08,lucy.grewal340@example.com,bt299pe,West Midlands,2025-06-11,Social,0,Lapsed,2026-03-07
341,Hannah,Jarvis,1947-04-16,hannah.jarvis341@example.com,n157jz,London,2023-10-21,Direct Mail,1,Inactive,2026-03-17
342,Niamh,Ellery,1952-04-23,niamh.ellery342@example.com,M35 8BQ,East of England,2021-05-17,Event,1,Active,2025-10-29
343,Zainab,Whitlock,1957-02-14,zainab.whitlock343@example.com,NE23 9FJ,London,2023-12-12,Direct Mail,1,Lapsed,2023-12-25
344,Wei,Quainton,1963-01-15,wei.quainton344@example.com,CF38 1BS,East Midlands,2023-10-31,Partner,1,Lapsed,2025-08-10
345,Imogen,Carrick,1984-07-23,imogen.carrick345@example.com,NE19 8GT,North West,2021-05-17,Partner,0,Active,2026-01-14
346,Samuel,Vasquez,1976-08-27,samuel.vasquez346@example.com,CF15 3DL,East Midlands,2023-01-01,Partner,0,Active,2024-06-14
347,Wei,Iqbal,1989-08-28,wei.iqbal347@example.com,BS19 7QE,Scotland,2018-01-22,Event,0,Active,2021-07-19
348,Sofia,Chen,1984-08-07,sofia.chen348@example.com,CF20 6DD,Wales,2018-02-08,Event,0,Active,2018-08-24
349,Yusuf,Chen,1947-11-14,yusuf.chen349@example.com,SW39 5ZG,North West,2021-09-26,Event,1,Active,2023-09-19
350,Ben,Jarvis,1961-07-22,ben.jarvis350@example.com,N26 8SL,North East,2025-05-24,Direct Mail,1,Active,2026-04-30
351,Tariq,Quainton,1955-09-17,tariq.quainton351@example.com,BT27 9GJ,Wales,2022-09-24,Telephone,0,Lapsed,2022-12-06
352,Tariq,Yeboah,1994-03-28,tariq.yeboah352@example.com,N15 2QQ,East Midlands,2023-01-15,Web,1,Active,2026-07-03
353,Harun,Whitlock,2003-02-17,harun.whitlock353@example.com,LS35 9DU,Wales,2021-05-09,Web,1,Active,2024-01-09
354,Sian,Sharpe,1951-12-09,sian.sharpe354@example.com,M26 8AR,London,2019-12-08,Event,0,Active,2021-12-07
355,Zara,Pemberton,1978-01-06,zara.pemberton355@example.com,CF25 9LB,South East,2021-07-20,Telephone,1,Lapsed,2024-05-12
356,Karolina,Wainwright,1970-12-02,karolina.wainwright356@example.com,LS21 8AR,Wales,2023-11-25,Social,1,Active,2025-03-19
357,Liam,Duffy,2006-10-18,liam.duffy357@example.com,G4 5XS,East of England,2024-12-06,Social,1,Active,2025-07-27
358,Zainab,Hargreaves,1969-06-05,zainab.hargreaves358@example.com,NE37 4YL,London,2021-10-24,Partner,0,Lapsed,2023-09-01
359,Harun,Baptiste,1965-12-03,harun.baptiste359@example.com,SW13 3TX,London,2025-01-10,Direct Mail,0,Lapsed,2026-05-12
360,Callum,Whitlock,1950-11-15,callum.whitlock360@example.com,M7 5JY,Northern Ireland,2023-12-23,Direct Mail,1,Lapsed,2026-06-26
361,Yusuf,Zielinski,2000-10-08,yusuf.zielinski361@example.com,CF1 3SN,East of England,2022-08-21,Social,1,Lapsed,2024-09-06
362,Amara,Okafor,2000-02-06,amara.okafor362@example.com,L31 9LY,Northern Ireland,2025-02-01,Social,0,Inactive,2025-08-11
363,Harun,Quainton,1980-08-13,harun.quainton363@example.com,NE27 3YS,East Midlands,2023-12-01,Web,0,Lapsed,2025-10-14
364,Mahmoud,Baptiste,1970-06-27,mahmoud.baptiste364@example.com,G21 7HN,East of England,2021-03-31,Telephone,0,Inactive,2022-03-30
365,Gareth,Chen,1979-01-04,gareth.chen365@example.com,SE39 5HL,South West,2018-01-10,Partner,0,Active,2019-04-11
366,Yusuf,Dalgleish,1981-07-05,yusuf.dalgleish366@example.com,BS19 9AH,Yorkshire & Humber,2025-04-24,Web,0,Lapsed,2025-05-20
367,Freya,Grewal,1982-01-14,freya.grewal367@example.com,NE37 6LR,North West,2025-03-09,Web,0,Active,2025-09-01
368,Maya,Sharpe,1978-07-19,maya.sharpe368@example.com,BS4 8GF,East of England,2024-08-02,Direct Mail,0,Active,2025-03-18
369,Amara,Mensah,1997-07-09,amara.mensah369@example.com,NE18 4AU,Scotland,2025-11-09,Direct Mail,1,Active,2026-03-01
370,Chloe,Morrow,1956-05-05,chloe.morrow370@example.com,LS21 9LE,South West,2020-04-25,Telephone,0,Active,2021-08-04
371,Kai,Uddin,1948-09-25,kai.uddin371@example.com,BS3 7XJ,Wales,2017-04-24,Event,0,Lapsed,2023-07-28
372,Callum,Grewal,1954-01-15,callum.grewal372@example.com,B22 4ZQ,South East,2025-04-14,Social,0,Lapsed,2026-08-09
373,Callum,Jarvis,1994-09-27,callum.jarvis373@example.com,N38 5NW,Scotland,2020-08-15,Partner,1,Active,2025-06-25
374,Leah,Ahmed,1986-03-19,,G40 4HF,Northern Ireland,2021-01-13,Web,1,Active,2022-05-07
375,Samuel,Mensah,1948-01-01,samuel.mensah375@example.com,EH10 5HP,East Midlands,2020-06-19,Event,1,Lapsed,2026-03-04
376,Priya,Gill,1993-09-02,priya.gill376@example.com,B4 6NP,East of England,2024-08-27,Social,1,Active,2026-05-15
377,Zainab,Okafor,1973-02-14,zainab.okafor377@example.com,LS40 9ZQ,South East,2023-09-09,Direct Mail,0,Inactive,2023-11-06
378,Sofia,Quainton,1970-06-22,sofia.quainton378@example.com,LS36 7BY,North West,2025-09-04,Social,1,Lapsed,2026-07-07
379,Imogen,Uddin,1989-01-11,imogen.uddin379@example.com,BS40 1RY,South West,2019-06-05,Partner,0,Lapsed,2019-09-02
380,Uche,Baptiste,1978-06-21,uche.baptiste380@example.com,SW33 9WW,London,2021-07-20,Web,1,Lapsed,2021-09-25
381,Samuel,Whitlock,2005-09-21,samuel.whitlock381@example.com,CF3 3DA,South East,2023-07-17,Telephone,1,Lapsed,2025-10-13
382,Harun,Duffy,1971-07-06,harun.duffy382@example.com,SW40 9AY,North East,2021-09-17,Telephone,1,Active,2024-08-06
383,Olive,Rashid,1997-02-02,olive.rashid383@example.com,L1 7AR,Wales,2021-12-15,Web,1,Inactive,2023-03-01
384,Harun,Chen,1976-08-14,harun.chen384@example.com,L18 5FH,South East,2020-08-04,Telephone,0,Lapsed,2022-04-16
385,Verity,Fenton,1990-03-07,verity.fenton385@example.com,CF36 2PT,South West,2021-11-22,Web,0,Active,2024-02-29
386,Olive,Bright,1992-01-21,olive.bright386@example.com,L38 9LT,North West,2019-03-24,Telephone,0,Inactive,2026-05-17
387,Karolina,Hargreaves,1965-10-24,karolina.hargreaves387@example.com,SE18 3UB,North West,2020-01-20,Event,0,Active,2025-12-13
388,Verity,Okafor,1989-10-21,verity.okafor388@example.com,n96uu,Northern Ireland,2019-03-28,Telephone,1,Active,2024-09-21
389,Aisha,Hargreaves,1994-12-15,aisha.hargreaves389@example.com,G2 3BW,South West,2024-08-09,Social,0,Active,2024-12-27
390,Imogen,Thornbury,1961-08-09,imogen.thornbury390@example.com,N23 3UU,East Midlands,2020-12-10,Telephone,0,Active,2022-01-26
391,Fatima,Iqbal,1975-04-06,fatima.iqbal391@example.com,N37 9RD,South East,2026-04-29,Direct Mail,1,Active,2026-05-06
392,Amara,Nkemelu,1947-11-28,amara.nkemelu392@example.com,m303ds,East Midlands,2025-06-30,Direct Mail,1,Inactive,2025-10-21
393,Imogen,Tewari,2002-01-04,imogen.tewari393@example.com,EH18 8FF,North West,2020-06-05,Partner,1,Active,2020-06-08
394,Verity,Abiola,1961-05-10,verity.abiola394@example.com,BT14 1AH,East of England,2022-03-01,Event,0,Active,2025-12-07
395,Wei,Abiola,1984-11-01,wei.abiola395@example.com,SE30 1JA,Scotland,2025-03-07,Direct Mail,0,Lapsed,2026-03-03
396,Amara,Sharpe,2003-05-18,amara.sharpe396@example.com,L31 5FL,North East,2024-11-17,Direct Mail,0,Active,2024-11-21
397,Grace,Abiola,1948-07-28,grace.abiola397@example.com,SE23 4RJ,East of England,2017-11-14,Event,1,Active,2024-02-07
398,Leah,Gill,1961-09-19,leah.gill398@example.com,SE21 9DH,East Midlands,2021-11-05,Telephone,1,Inactive,2024-09-09
399,Sian,Jarvis,1975-09-04,sian.jarvis399@example.com,BS25 9AW,London,2020-02-19,Telephone,0,Lapsed,2025-11-01
400,Kai,Carrick,2002-09-03,kai.carrick400@example.com,NE29 3UY,East of England,2025-01-31,Direct Mail,0,Active,2026-05-10
401,Deborah,Jarvis,1957-09-25,deborah.jarvis401@example.com,NE7 3XL,Northern Ireland,2024-08-28,Social,1,Active,2025-03-31
402,Sian,Lindqvist,1966-04-28,sian.lindqvist402@example.com,SE10 6DN,Yorkshire & Humber,2017-07-07,Event,1,Active,2017-09-20
403,Lucy,Whitlock,1948-10-01,lucy.whitlock403@example.com,B40 3JH,East of England,2022-09-05,Telephone,0,Inactive,2025-12-24
404,Hannah,Duffy,1965-10-07,hannah.duffy404@example.com,BS26 4DJ,Yorkshire & Humber,2020-10-04,Event,1,Active,2024-10-27
405,Theo,Morrow,1999-07-09,theo.morrow405@example.com,N18 1GJ,East of England,2018-05-13,Partner,0,Active,2019-07-15
406,Imogen,Vasquez,1983-04-20,imogen.vasquez406@example.com,NE30 1PU,Northern Ireland,2017-06-18,Event,0,Active,2024-08-08
407,Freya,Ahmed,1987-08-03,freya.ahmed407@example.com,B25 6ZW,Wales,2025-07-16,Social,0,Active,2026-03-25
408,Eleanor,Ellery,1985-07-08,eleanor.ellery408@example.com,LS23 4LL,West Midlands,2024-03-01,Social,1,Active,2025-04-13
409,Freya,Pemberton,2001-07-24,freya.pemberton409@example.com,b386tt,East Midlands,2021-04-11,Partner,1,Lapsed,2022-02-07
410,Eleanor,Bright,1967-08-08,eleanor.bright410@example.com,M16 6XT,Wales,2020-11-13,Partner,0,Deceased,2021-06-19
411,Ben,Baptiste,1976-06-06,ben.baptiste411@example.com,SE4 4BA,North East,2024-12-30,Social,1,Active,2025-11-19
412,Imogen,Chen,1981-09-22,imogen.chen412@example.com,SE39 4WF,North West,2025-06-26,Direct Mail,0,Inactive,2025-09-07
413,Zara,Dalgleish,1989-01-03,zara.dalgleish413@example.com,BS12 8QQ,East of England,2025-06-07,Direct Mail,0,Active,2026-03-23
414,Jasmin,Sharpe,2001-08-07,jasmin.sharpe414@example.com,M5 5GE,Northern Ireland,2025-01-26,Direct Mail,1,Inactive,2025-02-10
415,Karolina,Zielinski,1972-09-13,karolina.zielinski415@example.com,SW22 6QX,East of England,2023-09-26,Social,0,Active,2025-09-11
416,Mahmoud,Baptiste,1970-04-01,mahmoud.baptiste416@example.com,B31 5ND,South East,2021-11-04,Telephone,1,Active,2023-03-04
417,Joseph,Quainton,1992-12-02,joseph.quainton417@example.com,M27 3DJ,West Midlands,2019-01-04,Event,1,Deceased,2020-02-19
418,Olive,Rashid,1955-09-20,olive.rashid418@example.com,ls352gg,East of England,2026-02-03,Direct Mail,1,Lapsed,2026-05-17
419,Emeka,Sharpe,1963-05-22,emeka.sharpe419@example.com,BT20 8BG,Yorkshire & Humber,2017-08-25,Partner,1,Inactive,2024-09-30
420,Hannah,Chen,1997-10-24,hannah.chen420@example.com,BT21 4PW,South West,2023-07-12,Direct Mail,1,Active,2024-07-07
421,Grace,Sharpe,1957-03-22,grace.sharpe421@example.com,BT25 8HE,South West,2021-07-07,Web,1,Active,2024-06-11
422,Leah,Gill,1978-05-16,leah.gill422@example.com,M1 6FJ,South West,2019-12-01,Partner,0,Active,2023-06-11
423,Harun,Rashid,1957-09-24,harun.rashid423@example.com,SE17 6RW,Yorkshire & Humber,2021-02-24,Telephone,0,Active,2024-04-28
424,Freya,Fenton,1955-07-08,freya.fenton424@example.com,BS20 5BD,Northern Ireland,2024-08-23,Web,0,Active,2025-04-12
425,Imogen,Ahmed,1951-07-03,imogen.ahmed425@example.com,M7 8YX,West Midlands,2024-12-14,Telephone,1,Lapsed,2025-12-02
426,Liam,Nkemelu,1982-05-21,liam.nkemelu426@example.com,ne357lh,East Midlands,2019-07-21,Event,0,Active,2022-06-18
427,Amara,Sandoval,1956-03-26,amara.sandoval427@example.com,M11 6EL,Wales,2024-11-30,Social,0,Active,2026-01-06
428,Sofia,Grewal,2001-06-03,sofia.grewal428@example.com,M4 8WF,South East,2024-09-08,Direct Mail,1,Lapsed,2026-04-28
429,Karolina,Sharpe,1974-10-09,karolina.sharpe429@example.com,L3 6QD,South West,2024-10-18,Telephone,0,Lapsed,2024-10-25
430,Aisha,Whitlock,2001-06-06,aisha.whitlock430@example.com,CF9 8DN,London,2020-10-25,Event,1,Lapsed,2023-08-26
431,Priya,Zielinski,1946-02-11,priya.zielinski431@example.com,SW25 4YP,East of England,2023-05-09,Telephone,1,Lapsed,2024-06-18
432,Isaac,Pemberton,1949-08-21,isaac.pemberton432@example.com,EH24 5WH,Northern Ireland,2024-10-20,Web,1,Active,2025-12-01
433,Chloe,Mensah,1976-10-09,chloe.mensah433@example.com,L39 9NA,West Midlands,2024-10-13,Telephone,0,Active,2025-03-02
434,Ben,Gill,1998-05-24,ben.gill434@example.com,BT39 3PN,East Midlands,2021-11-18,Partner,0,Lapsed,2023-10-09
435,Verity,Bright,1964-08-06,verity.bright435@example.com,SE23 4UR,South West,2019-04-12,Partner,0,Lapsed,2022-02-07
436,Joseph,Mensah,1948-06-13,joseph.mensah436@example.com,NE16 3RT,Scotland,2024-04-12,Direct Mail,1,Active,2025-01-22
437,Fatima,Wainwright,1971-09-01,fatima.wainwright437@example.com,M17 2FG,Yorkshire & Humber,2020-09-14,Web,0,Active,2025-10-28
438,Uche,Chen,1996-08-22,uche.chen438@example.com,BS14 2DP,East Midlands,2019-07-26,Partner,1,Active,2020-09-13
439,Imogen,Vasquez,1956-02-26,imogen.vasquez439.example.com,LS39 7RJ,London,2024-12-10,Direct Mail,1,Active,2026-08-01
440,Freya,Wainwright,1984-05-15,freya.wainwright440@example.com,BT28 8XD,South East,2022-04-06,Telephone,0,Active,2025-07-14
441,Hannah,Pemberton,1976-11-09,hannah.pemberton441@example.com,BT36 9SA,East Midlands,2024-11-02,Direct Mail,0,Active,2025-02-25
442,Kai,Wainwright,1969-01-14,kai.wainwright442@example.com,L24 5FD,South East,2022-01-07,Event,0,Active,2024-09-22
443,Elliot,Rashid,1994-02-04,elliot.rashid443@example.com,EH28 7AG,North East,2021-09-29,Partner,1,Active,2023-11-09
444,Kai,Dalgleish,1970-08-20,kai.dalgleish444@example.com,LS2 4DS,Wales,2023-12-21,Web,1,Active,2026-06-24
445,Olive,Pemberton,1991-04-10,olive.pemberton445@example.com,BS5 1LE,South East,2019-04-05,Partner,1,Lapsed,2026-02-04
446,Olive,Vasquez,1971-10-22,olive.vasquez446@example.com,SW38 8SR,Yorkshire & Humber,2025-06-08,Direct Mail,1,Active,2025-07-18
447,Rachel,Gill,1954-10-09,rachel.gill447@example.com,eh69ff,North West,2021-06-26,Partner,0,Active,2024-10-23
448,Sofia,Iqbal,1973-12-15,sofia.iqbal448@example.com,CF3 8JA,Scotland,2018-12-29,Event,0,Active,2023-05-28
449,Uche,Uddin,1990-09-07,uche.uddin449@example.com,SE12 7UP,West Midlands,2021-11-12,Partner,0,Inactive,2022-10-07
450,Freya,Okafor,1981-08-06,freya.okafor450@example.com,M31 3LU,South West,2025-01-12,Direct Mail,0,Inactive,2025-09-23
451,Jasmin,Abiola,1999-02-07,jasmin.abiola451@example.com,EH34 1FU,North East,2020-07-21,Event,0,Inactive,2021-11-21
452,Grace,Carrick,1990-11-13,grace.carrick452@example.com,NE21 5HB,West Midlands,2026-01-08,Web,1,Lapsed,2026-07-01
453,Omar,Grewal,1953-08-15,omar.grewal453@example.com,NE10 4YR,East of England,2026-01-22,Direct Mail,1,Active,2026-05-02
454,Ben,Uddin,1958-07-23,ben.uddin454@example.com,EH34 6TA,East of England,2020-06-12,Telephone,0,Inactive,2026-04-10
455,Aisha,Wainwright,1972-06-11,aisha.wainwright455@example.com,BT10 9JG,West Midlands,2025-04-21,Social,0,Active,2025-07-30
456,Chloe,Kowalski,1966-06-27,chloe.kowalski456@example.com,BT3 2DZ,West Midlands,2024-10-07,Direct Mail,0,Lapsed,2026-07-16
457,Tariq,Dalgleish,2000-08-21,tariq.dalgleish457@example.com,SE32 7JR,Yorkshire & Humber,2020-04-20,Telephone,1,Lapsed,2021-08-19
458,Mahmoud,Ellery,1985-04-09,mahmoud.ellery458@example.com,SW4 1QE,London,2019-03-02,Partner,0,Active,2019-09-25
459,Eleanor,Nkemelu,1994-12-10,eleanor.nkemelu459@example.com,LS4 7FZ,Scotland,2023-09-16,Direct Mail,0,Lapsed,2025-04-08
460,Deborah,Sharpe,1964-01-18,deborah.sharpe460@example.com,SE25 3RU,East of England,2021-09-25,Event,1,Active,2023-11-26
461,Theo,Gill,1961-04-26,theo.gill461@example.com,EH34 8YS,East Midlands,2023-05-24,Telephone,1,Lapsed,2023-12-19
462,Jasmin,Pemberton,1996-03-20,jasmin.pemberton462@example.com,CF22 2HN,North West,2017-12-12,Partner,0,Active,2018-10-09
463,Niamh,Bright,1995-07-28,niamh.bright463@example.com,LS25 7RZ,North East,2020-03-12,Telephone,1,Active,2021-12-22
464,Rhys,Quainton,1970-12-18,rhys.quainton464@example.com,M16 6QN,Scotland,2023-09-13,Social,1,Active,2024-03-03
465,Priya,Yeboah,1977-06-13,priya.yeboah465@example.com,N32 1LT,North West,2021-11-07,Web,1,Lapsed,2022-12-18
466,Rhys,Mensah,1986-05-09,rhys.mensah466@example.com,b279eh,North East,2026-06-07,Direct Mail,1,Active,2026-06-19
467,Rhys,Abiola,1977-06-09,rhys.abiola467@example.com,G40 7AA,Scotland,2023-02-28,Web,0,Active,2026-06-30
468,Leah,Pemberton,1957-02-13,leah.pemberton468@example.com,G17 4JT,Wales,2024-03-24,Telephone,0,Inactive,2024-11-16
469,Maya,Bright,1979-04-19,maya.bright469@example.com,SW1 8YG,East of England,2026-03-07,Direct Mail,1,Lapsed,2026-06-18
470,Amara,Fenton,1976-02-25,amara.fenton470@example.com,EH21 2SS,East Midlands,2023-12-15,Social,0,Active,2025-12-07
471,Niamh,Whitlock,1983-09-25,niamh.whitlock471@example.com,L27 4HQ,,2017-10-17,Partner,0,Active,2026-03-17
472,Deborah,Chen,1953-11-06,deborah.chen472@example.com,SE30 7XH,East of England,2023-04-11,Social,1,Lapsed,2025-12-21
473,Elliot,Iqbal,1986-01-08,elliot.iqbal473@example.com,G19 3XD,South West,2021-10-09,Telephone,1,Lapsed,2022-12-06
474,Deborah,Iqbal,1987-03-21,deborah.iqbal474@example.com,BT3 7WY,North West,2025-08-07,Web,0,Active,2026-02-13
475,Rosa,Pemberton,1956-04-17,rosa.pemberton475@example.com,SE40 4JU,Scotland,2021-06-25,Telephone,1,Lapsed,2025-08-21
476,Isaac,Tewari,1947-04-09,isaac.tewari476@example.com,CF31 4JQ,South East,2025-04-07,Social,0,Activ,2025-07-05
477,Olive,Baptiste,1999-01-01,olive.baptiste477@example.com,N40 1TY,East Midlands,2020-11-12,Telephone,1,Lapsed,2025-12-20
478,Rosa,Duffy,2003-12-08,rosa.duffy478@example.com,EH40 8PQ,South West,2020-11-28,Event,0,Active,2025-07-11
479,Gareth,Baptiste,1959-10-25,gareth.baptiste479@example.com,B11 6JF,North West,2020-03-29,Partner,1,Active,2022-06-15
480,Isaac,Carrick,1981-07-24,isaac.carrick480@example.com,EH18 2UT,East Midlands,2022-11-29,Web,0,Active,2023-06-06
481,Kai,Lindqvist,1985-03-14,kai.lindqvist481@example.com,LS30 3QE,South West,2024-12-16,Direct Mail,0,Lapsed,2025-01-25
482,Yusuf,Pemberton,1981-07-24,yusuf.pemberton482@example.com,G34 9XB,Yorkshire & Humber,2021-07-03,Event,1,Active,2026-07-18
483,Niamh,Uddin,1989-03-15,niamh.uddin483@example.com,G3 1HF,South East,2017-08-21,Partner,0,Lapsed,2024-07-09
484,Rhys,Zielinski,1971-03-21,rhys.zielinski484@example.com,BS39 2SU,Scotland,2024-08-08,Social,1,Active,2025-11-28
485,Gareth,Zielinski,1970-01-22,gareth.zielinski485@example.com,G13 8ZD,London,2017-09-09,Event,1,Active,2026-05-21
486,Freya,Rashid,1998-04-09,freya.rashid486@example.com,BS40 8GH,West Midlands,2022-07-23,Social,0,Active,2025-12-11
487,Jasmin,Duffy,1970-07-06,jasmin.duffy487.example.com,B31 2QQ,North West,2020-04-06,Telephone,1,Lapsed,2026-07-08
488,Verity,Vasquez,1988-01-04,verity.vasquez488@example.com,M13 4HX,North West,2026-05-07,Direct Mail,1,Active,2026-06-12
489,Leah,Lindqvist,1954-01-17,leah.lindqvist489@example.com,LS17 3AX,North East,2026-02-25,Direct Mail,1,Inactive,2026-05-21
490,Omar,Iqbal,1983-11-26,omar.iqbal490@example.com,SE38 9RA,Yorkshire & Humber,2023-11-04,Telephone,1,Inactive,2025-12-12
491,Priya,Kowalski,1950-12-25,priya.kowalski491@example.com,BS10 3PE,North East,2023-11-12,Web,0,Active,2025-07-02
492,Jasmin,Duffy,1970-04-09,jasmin.duffy492@example.com,N14 6XX,Scotland,2020-12-10,Partner,1,Active,2026-07-25
493,Jasmin,Sharpe,1959-02-03,jasmin.sharpe493@example.com,BS33 4FX,North East,2024-04-04,Social,1,Inactive,2026-08-07
494,Jasmin,Carrick,1991-08-09,jasmin.carrick494@example.com,M6 9NQ,East of England,2024-12-25,Web,1,Active,2025-09-28
495,Daniel,Whitlock,1959-01-09,daniel.whitlock495@example.com,BS20 7LA,South West,2019-09-02,Event,0,Active,2023-09-05
496,Emeka,Pemberton,1949-03-08,emeka.pemberton496@example.com,ne178se,East Midlands,2021-08-27,Telephone,0,Active,2023-08-14
497,Omar,Quainton,1979-06-07,omar.quainton497@example.com,LS11 3HS,West Midlands,2026-02-06,Direct Mail,0,Active,2026-07-05
498,Fatima,Vasquez,1986-11-03,fatima.vasquez498@example.com,SW29 1FW,West Midlands,2019-07-18,Event,1,Lapsed,2024-10-31
499,Verity,Gill,1961-12-26,verity.gill499@example.com,EH32 9HW,East of England,2024-06-16,Direct Mail,1,Active,2024-10-04
500,Theo,Thornbury,1994-03-27,theo.thornbury500@example.com,B32 1AH,Yorkshire & Humber,2021-05-06,Event,1,Active,2023-06-16
501,Theo,Chen,1950-05-03,theo.chen501@example.com,NE9 7DD,East Midlands,2024-09-22,Direct Mail,0,Active,2026-03-14
502,Deborah,Okafor,1947-07-06,deborah.okafor502@example.com,SW39 5TU,East Midlands,2026-02-15,Direct Mail,0,Active,2026-06-27
503,Leah,Carrick,1953-12-21,leah.carrick503@example.com,G11 3FH,London,2020-11-21,Web,0,Lapsed,2022-11-05
504,Lucy,Grewal,1960-11-27,lucy.grewal504@example.com,bs33zs,West Midlands,2022-05-22,Telephone,1,Active,2023-06-04
505,Mahmoud,Nkemelu,1973-12-01,mahmoud.nkemelu505@example.com,SW20 1EE,South East,2023-09-26,Direct Mail,1,Lapsed,2026-05-27
506,Fatima,Chen,1994-07-23,fatima.chen506@example.com,EH30 8BN,East of England,2024-05-21,Social,1,Lapsed,2024-10-12
507,Samuel,Ellery,1969-03-10,samuel.ellery507@example.com,B3 8HZ,South West,2025-12-02,Web,0,Active,2026-04-08
508,Emeka,Rashid,1946-11-21,emeka.rashid508@example.com,G13 4RD,Scotland,2019-10-20,Event,0,Inactive,2023-06-21
509,Wei,Rashid,1947-09-15,wei.rashid509@example.com,SW17 1RF,Northern Ireland,2023-08-21,Direct Mail,1,Active,2024-09-06
510,Fatima,Ahmed,1952-08-26,fatima.ahmed510@example.com,G26 7ZF,London,2022-12-19,Telephone,1,Lapsed,2026-04-07
511,Uche,Thornbury,1962-03-17,uche.thornbury511@example.com,SW27 2LA,South East,2021-06-24,Telephone,0,Active,2021-10-16
512,Eleanor,Thornbury,2000-07-18,eleanor.thornbury512@example.com,L39 2UA,East Midlands,2019-11-01,Event,0,Active,2024-12-20
513,Deborah,Carrick,1963-12-16,deborah.carrick513@example.com,BS13 8JW,North East,2020-09-25,Web,1,Active,2024-12-03
514,Maya,Duffy,1972-01-26,maya.duffy514@example.com,cf374hq,East Midlands,2024-07-17,Telephone,1,Inactive,2025-07-18
515,Verity,Jarvis,1946-08-02,verity.jarvis515@example.com,G12 1AD,Northern Ireland,2018-08-25,Event,1,Active,2023-09-14
516,Elliot,Gill,1954-12-26,elliot.gill516@example.com,N7 2XD,Scotland,2021-11-27,Web,1,Lapsed,2024-06-13
517,Tariq,Duffy,1962-03-04,tariq.duffy517@example.com,NE13 4ZP,South East,2020-06-21,Event,1,Active,2020-08-16
518,Imogen,Rashid,1984-01-10,imogen.rashid518@example.com,LS34 1PF,Northern Ireland,2024-06-17,Social,0,Active,2025-09-11
519,Zara,Sandoval,1988-06-26,zara.sandoval519@example.com,CF29 5PS,West Midlands,2026-04-17,Social,0,Active,2026-06-29
520,Noah,Rashid,2004-05-03,noah.rashid520@example.com,SE38 4AA,North West,2023-11-06,Direct Mail,1,Active,2024-11-15
521,Imogen,Lindqvist,1979-09-07,imogen.lindqvist521@example.com,G19 6GU,Scotland,2019-04-02,Event,1,Lapsed,2020-08-02
522,Omar,Grewal,1976-07-05,omar.grewal522@example.com,SE18 4YZ,Yorkshire & Humber,2022-10-24,Social,1,Active,2022-12-13
523,Ben,Iqbal,1958-04-23,ben.iqbal523@example.com,B40 8TW,East of England,2024-08-23,Direct Mail,1,Active,2026-06-04
524,Callum,Vasquez,1979-10-09,callum.vasquez524@example.com,B18 1JH,South East,2019-10-31,Partner,1,Active,2022-04-19
525,Eleanor,Mensah,1963-04-11,eleanor.mensah525@example.com,b297dw,Yorkshire & Humber,2022-07-30,Web,0,Active,2024-05-12
526,Elliot,Uddin,2000-10-02,elliot.uddin526@example.com,LS20 8AU,East Midlands,2018-08-09,Telephone,0,Active,2019-10-17
527,Rhys,Ellery,1967-12-17,rhys.ellery527@example.com,G14 8EP,West Midlands,2025-11-16,Direct Mail,1,Active,2026-07-01
528,Ben,Carrick,1946-12-02,ben.carrick528@example.com,LS32 2NR,Yorkshire & Humber,2018-01-27,Event,0,Active,2018-12-14
529,Liam,Iqbal,1999-03-28,liam.iqbal529@example.com,B26 7PG,North West,2021-08-27,Telephone,0,Active,2025-05-29
530,Leah,Carrick,1998-12-10,leah.carrick530@example.com,G10 2TL,East of England,2025-09-03,Social,1,Lapsed,2026-07-16
531,Rachel,Thornbury,1977-03-11,rachel.thornbury531@example.com,L17 1WS,East of England,2025-04-20,Direct Mail,1,Lapsed,2025-05-31
532,Yusuf,Quainton,1952-12-14,yusuf.quainton532@example.com,SE23 2TS,Scotland,2023-03-03,Partner,1,Active,2025-06-18
533,Deborah,Abiola,1975-06-21,deborah.abiola533@example.com,EH8 9YZ,Yorkshire & Humber,2022-02-13,Telephone,0,Active,2024-10-05
534,Isaac,Duffy,1968-11-26,isaac.duffy534@example.com,SE6 4YX,West Midlands,2023-11-08,Social,1,Active,2025-08-05
535,Rachel,Mensah,2003-06-26,rachel.mensah535@example.com,CF37 7UR,West Midlands,2020-01-24,Telephone,1,Active,2021-06-16
536,Tariq,Kowalski,1952-07-26,tariq.kowalski536@example.com,N2 5QL,Yorkshire & Humber,2026-02-08,Direct Mail,1,Active,2026-07-30
537,Ben,Abiola,1974-01-07,ben.abiola537@example.com,M30 2JE,North West,2021-01-16,Telephone,1,Active,2022-12-10
538,Emeka,Fenton,1959-01-05,emeka.fenton538@example.com,CF32 1RJ,North East,2022-05-15,Web,0,Active,2026-01-02
539,Imogen,Kowalski,1989-05-22,imogen.kowalski539@example.com,M38 9AY,London,2024-03-08,Telephone,0,Active,2024-07-27
540,Elliot,Kowalski,1981-07-18,elliot.kowalski540@example.com,SE8 7DN,South West,2024-02-29,Web,1,Active,2025-12-07
541,Ben,Uddin,1981-11-20,ben.uddin541@example.com,N5 7GF,North East,2020-09-26,Partner,0,Inactive,2022-11-02
542,Tariq,Abiola,1957-11-06,tariq.abiola542@example.com,EH33 4LB,North West,2026-02-27,Direct Mail,0,Lapsed,2026-06-01
543,Daniel,Yeboah,1946-07-23,daniel.yeboah543@example.com,M23 2LG,East Midlands,2021-02-20,Web,1,Inactive,2021-03-15
544,Kai,Duffy,1999-06-18,kai.duffy544@example.com,SW9 1LQ,South West,2023-03-26,Telephone,0,Lapsed,2023-10-01
545,Yusuf,Wainwright,1986-10-19,yusuf.wainwright545@example.com,LS32 2FT,South East,2021-07-20,Web,0,Active,2022-04-13
546,Sian,Dalgleish,1969-10-24,sian.dalgleish546@example.com,B31 3ED,South East,2017-12-30,Partner,0,Active,2023-09-13
547,Rosa,Zielinski,1947-12-01,rosa.zielinski547@example.com,N16 8UZ,South West,2021-02-01,Partner,0,Lapsed,2022-05-26
548,Omar,Yeboah,1990-11-10,omar.yeboah548@example.com,se323lx,Wales,2022-10-04,Partner,1,Active,2026-05-03
549,Niamh,Jarvis,1989-04-19,niamh.jarvis549@example.com,N10 7DU,London,2023-11-23,Web,0,Active,2026-04-01
550,Harun,Abiola,1989-01-06,harun.abiola550@example.com,EH4 1QL,Northern Ireland,2021-10-08,Event,1,Inactive,2025-07-09
551,Wei,Grewal,2003-12-21,wei.grewal551@example.com,BT35 3XT,East Midlands,2018-05-26,Partner,1,Lapsed,2023-05-12
552,Karolina,Mensah,1974-07-04,karolina.mensah552@example.com,LS10 2EG,West Midlands,2022-09-27,Partner,0,Active,2025-06-15
553,Zainab,Grewal,1979-03-18,zainab.grewal553@example.com,BS31 4FZ,East Midlands,2018-07-23,Telephone,0,Active,2024-04-29
554,Sian,Yeboah,1957-08-04,sian.yeboah554@example.com,LS5 1EQ,Wales,2020-12-29,Partner,0,Active,2025-03-26
555,Joseph,Baptiste,1992-12-07,joseph.baptiste555@example.com,N10 8HQ,East Midlands,2023-06-02,Social,0,Inactive,2026-04-06
556,Fatima,Quainton,1957-03-05,fatima.quainton556@example.com,SW40 1YT,East of England,2025-07-09,Direct Mail,1,Active,2026-07-04
557,Kai,Abiola,1947-03-22,kai.abiola557@example.com,L36 9PJ,North West,2022-06-19,Web,0,Lapsed,2024-11-09
558,Jasmin,Nkemelu,1979-09-01,jasmin.nkemelu558.example.com,LS16 7ZT,Northern Ireland,2023-06-23,Direct Mail,0,Inactive,2025-07-12
559,Amara,Ellery,1955-11-24,amara.ellery559@example.com,B38 9BW,Wales,2017-09-08,Event,1,Inactive,2020-01-22
560,Sofia,Whitlock,1949-03-23,sofia.whitlock560@example.com,BS11 9HS,East of England,2019-12-14,Telephone,0,Active,2023-05-13
561,Mahmoud,Chen,1951-11-19,mahmoud.chen561@example.com,B36 9EF,Yorkshire & Humber,2024-06-01,Web,0,Lapsed,2025-09-30
562,Hannah,Uddin,1999-07-23,hannah.uddin562@example.com,bt343wn,North West,2020-10-22,Event,1,Active,2024-03-25
563,Liam,Hargreaves,1958-02-09,liam.hargreaves563@example.com,NE24 8DW,North East,2025-09-29,Direct Mail,1,Inactive,2026-08-01
564,Fatima,Dalgleish,1981-07-03,fatima.dalgleish564@example.com,SE5 2LS,East Midlands,2025-12-04,Direct Mail,0,Deceased,2026-05-24
565,Zara,Carrick,1973-05-12,zara.carrick565@example.com,BT33 5GA,South East,2018-10-11,Partner,1,Lapsed,2019-11-15
566,Joseph,Yeboah,1976-01-28,joseph.yeboah566@example.com,SE32 9RA,North West,2018-10-10,Event,1,Active,2026-01-14
567,Imogen,Sharpe,2002-08-21,imogen.sharpe567@example.com,EH33 6QQ,South West,2022-02-01,Event,0,Lapsed,2024-09-04
568,Sian,Morrow,1950-07-22,sian.morrow568@example.com,SE30 3ST,West Midlands,2023-09-17,Direct Mail,1,Inactive,2026-06-20
569,Daniel,Tewari,1986-11-12,daniel.tewari569@example.com,LS22 6BX,South West,2025-01-15,Social,1,Inactive,2026-06-17
570,Verity,Grewal,1950-04-26,verity.grewal570@example.com,CF3 5PN,East Midlands,2017-11-10,Partner,1,Active,2020-08-03
571,Grace,Vasquez,1976-02-27,grace.vasquez571@example.com,B36 5ZE,Northern Ireland,2024-04-28,Direct Mail,1,Lapsed,2025-04-21
572,Grace,Uddin,1964-07-14,grace.uddin572@example.com,eh26np,South East,2026-01-01,Direct Mail,1,Active,2026-08-17
573,Uche,Rashid,1949-01-10,uche.rashid573@example.com,NE39 8TD,West Midlands,2026-03-28,Direct Mail,1,Lapsed,2026-06-22
574,Olive,Sandoval,1957-06-23,olive.sandoval574@example.com,G16 1QD,East of England,2026-04-10,Direct Mail,0,Active,2026-05-06
575,Theo,Hargreaves,1961-10-13,theo.hargreaves575@example.com,CF23 1WW,London,2021-08-18,Partner,0,Active,2024-07-11
576,Rhys,Grewal,1952-01-02,rhys.grewal576@example.com,N16 8UP,South East,2025-10-26,Social,1,Active,2026-06-22
577,Zainab,Grewal,1999-11-28,zainab.grewal577@example.com,SE36 9TF,London,2019-01-12,Telephone,0,Lapsed,2022-01-11
578,Joseph,Hargreaves,1949-09-19,joseph.hargreaves578@example.com,G33 6XX,Northern Ireland,2018-12-08,Telephone,1,Active,2021-12-26
579,Rachel,Lindqvist,1995-09-05,rachel.lindqvist579@example.com,SW33 8FN,Northern Ireland,2022-05-31,Social,0,Active,2026-05-10
580,Elliot,Chen,1992-02-18,elliot.chen580@example.com,NE2 4QH,South East,2024-12-15,Social,0,Inactive,2026-05-15
581,Fatima,Sandoval,1996-11-17,fatima.sandoval581@example.com,SW1 6QS,North East,2022-07-30,Telephone,1,Active,2024-10-02
582,Kai,Pemberton,1994-09-16,kai.pemberton582@example.com,n23pn,Yorkshire & Humber,2018-09-25,Telephone,1,Active,2025-05-10
583,Daniel,Pemberton,1980-02-19,daniel.pemberton583@example.com,M26 4BX,South East,2023-07-23,Web,1,Active,2025-07-07
584,Joseph,Gill,1986-03-26,joseph.gill584@example.com,BT25 2NR,West Midlands,2021-01-20,Telephone,1,Active,2021-10-13
585,Karolina,Chen,1962-02-24,,N5 8HN,South East,2018-12-10,Partner,1,Inactive,2020-04-26
586,Karolina,Jarvis,1984-07-01,karolina.jarvis586@example.com,NE24 2EU,North West,2021-11-15,Web,1,Lapsed,2024-11-27
587,Elliot,Iqbal,1947-07-15,elliot.iqbal587@example.com,BS36 2NF,South East,2016-12-02,Event,0,Lapsed,2016-12-31
588,Sofia,Bright,1979-05-13,sofia.bright588@example.com,G31 3DU,West Midlands,2019-01-20,Event,1,Active,2019-08-16
589,Emeka,Carrick,1999-09-16,emeka.carrick589@example.com,SW34 8ZQ,South West,2018-10-15,Event,0,Lapsed,2020-12-30
590,Hannah,Bright,1992-05-22,hannah.bright590@example.com,EH29 1FS,North East,2017-11-22,Partner,0,Inactive,2020-02-10
591,Verity,Bright,1956-12-15,verity.bright591@example.com,SE7 9ZB,Northern Ireland,2020-09-10,Event,0,Lapsed,2020-12-17
592,Samuel,Sharpe,1975-06-05,samuel.sharpe592@example.com,L15 8RJ,Wales,2024-11-19,Direct Mail,0,Lapsed,2025-11-08
593,Isaac,Fenton,1977-08-24,isaac.fenton593@example.com,LS31 5NW,Yorkshire & Humber,2022-02-26,Event,0,Active,2024-11-12
594,Aisha,Gill,1965-02-12,aisha.gill594@example.com,bt142zq,East of England,2022-08-30,Telephone,0,Active,2024-06-10
595,Gareth,Chen,1980-05-10,gareth.chen595@example.com,LS34 8TB,Yorkshire & Humber,2020-05-21,Partner,0,Active,2022-03-05
596,Fatima,Dalgleish,1997-02-02,fatima.dalgleish596@example.com,M5 3UH,West Midlands,2022-07-08,Social,1,Active,2023-01-26
597,Karolina,Rashid,1967-10-13,karolina.rashid597@example.com,L32 4DB,Northern Ireland,2019-07-24,Telephone,0,Lapsed,2022-12-30
598,Theo,Bright,1983-11-23,theo.bright598@example.com,BT21 4UR,East of England,2018-07-13,Telephone,0,Active,2019-02-18
599,Chloe,Rashid,1948-12-21,chloe.rashid599@example.com,NE1 9EF,North East,2025-01-11,Direct Mail,1,Active,2025-05-09
600,Rhys,Sharpe,1984-05-01,rhys.sharpe600@example.com,BT29 8YD,West Midlands,2026-02-02,Social,1,Active,2026-07-12
601,Theo,Nkemelu,1995-07-02,theo.nkemelu601@example.com,NE28 5EZ,South West,2022-05-29,Social,1,Active,2025-04-09
602,Gareth,Quainton,1981-01-26,gareth.quainton602@example.com,B22 2GB,East of England,2025-05-12,Direct Mail,1,Active,2026-06-26
603,Freya,Wainwright,1992-03-10,freya.wainwright603@example.com,EH34 7FR,North East,2021-05-15,Web,1,Active,2025-03-21
604,Karolina,Baptiste,1984-05-21,,SE18 6NU,East Midlands,2020-08-10,Event,1,Active,2024-03-04
605,Imogen,Baptiste,1956-11-26,imogen.baptiste605@example.com,G13 7NU,Wales,2022-06-11,Event,1,Active,2022-08-06
606,Theo,Tewari,1951-12-02,theo.tewari606@example.com,N32 2TJ,Northern Ireland,2024-10-09,Direct Mail,1,Active,2025-10-29
607,Eleanor,Wainwright,1952-08-28,eleanor.wainwright607@example.com,LS22 6QE,South West,2017-10-03,Event,1,Lapsed,2024-05-04
608,Olive,Gill,1947-06-25,olive.gill608@example.com,G18 6BL,North East,2023-09-19,Direct Mail,0,Active,2024-10-25
609,Callum,Carrick,1976-06-25,callum.carrick609@example.com,ls124sz,East of England,2026-06-10,Direct Mail,0,Active,2026-07-07
610,Omar,Quainton,1985-11-07,omar.quainton610@example.com,SW13 3AY,North West,2025-11-06,Direct Mail,1,Active,2026-08-14
611,Imogen,Yeboah,2003-05-16,imogen.yeboah611@example.com,SW3 9ZU,North West,2025-06-28,Direct Mail,0,Active,2026-03-11
612,Zara,Quainton,1979-04-01,,NE13 5EU,East Midlands,2019-10-16,Event,0,Lapsed,2022-08-27
613,Wei,Fenton,1967-04-02,wei.fenton613@example.com,EH28 2NW,London,2017-09-22,Partner,0,Active,2024-11-29
614,Imogen,Chen,2005-04-26,imogen.chen614@example.com,SE3 8PP,Northern Ireland,2024-08-22,Web,0,Active,2026-02-19
615,Ben,Carrick,1959-11-16,ben.carrick615@example.com,N36 8GZ,East of England,2022-05-25,Telephone,1,Active,2023-10-16
616,Grace,Quainton,2000-03-06,grace.quainton616@example.com,N38 3DY,North West,2024-12-12,Web,1,Active,2026-04-15
617,Niamh,Sharpe,1981-07-07,niamh.sharpe617@example.com,M27 5BX,West Midlands,2018-08-03,Telephone,0,Active,2024-06-10
618,Uche,Mensah,1982-05-12,uche.mensah618@example.com,SE39 5HJ,Northern Ireland,2023-05-09,Social,1,Active,2023-11-04
619,Harun,Zielinski,1961-11-17,harun.zielinski619@example.com,CF31 7NU,North East,2023-02-25,Social,0,Inactive,2026-06-27
620,Callum,Fenton,2000-12-01,callum.fenton620@example.com,G40 2AA,Northern Ireland,2023-08-05,Partner,0,Lapsed,2024-01-05
621,Freya,Dalgleish,1959-01-09,freya.dalgleish621@example.com,EH8 4GF,Scotland,2022-10-02,Partner,1,Lapsed,2024-09-08
622,Rhys,Duffy,2005-07-22,rhys.duffy622@example.com,L11 1TD,Yorkshire & Humber,2020-08-07,Partner,0,Active,2022-08-07
623,Omar,Lindqvist,1946-08-18,omar.lindqvist623@example.com,CF26 3YA,North West,2019-11-01,Partner,1,Active,2022-03-28
624,Mahmoud,Abiola,1968-10-17,mahmoud.abiola624@example.com,NE30 9QD,West Midlands,2020-07-04,Event,1,Active,2026-02-06
625,Amara,Abiola,2002-01-06,amara.abiola625@example.com,cf248aq,Wales,2018-06-01,Telephone,1,Active,2024-09-22
626,Noah,Carrick,1953-11-17,noah.carrick626@example.com,LS7 9SR,Northern Ireland,2020-06-14,Partner,1,Active,2024-09-04
627,Uche,Jarvis,1983-02-13,uche.jarvis627@example.com,SW30 8DR,East of England,2022-01-26,Telephone,0,Active,2023-03-20
628,Sian,Uddin,1989-12-11,sian.uddin628@example.com,L19 3BR,South East,2021-01-30,Partner,1,Lapsed,2026-07-31
629,Olive,Quainton,1962-08-04,olive.quainton629@example.com,B33 9PN,Northern Ireland,2023-08-08,Social,1,Active,2024-10-14
630,Noah,Sandoval,1974-07-05,noah.sandoval630@example.com,CF39 6ZT,,2023-03-15,Telephone,0,Active,2026-04-29
631,Sian,Bright,1959-02-11,sian.bright631@example.com,NE10 9NA,Yorkshire & Humber,2017-06-29,Event,0,Inactive,2021-02-16
632,Deborah,Gill,1991-05-01,,L2 1AG,London,2024-09-15,Direct Mail,0,Active,2026-03-29
633,Gareth,Uddin,1969-11-03,gareth.uddin633@example.com,SE4 1HR,Scotland,2025-04-25,Social,1,Active,2025-07-24
634,Freya,Pemberton,1968-10-09,,LS3 6UN,North West,2025-05-17,Web,1,Active,2025-06-28
635,Rachel,Wainwright,2000-02-21,rachel.wainwright635@example.com,EH6 2PT,North West,2024-03-10,Web,0,Active,2026-07-03
636,Kai,Yeboah,1989-05-08,kai.yeboah636@example.com,BT31 4EA,Scotland,2021-06-28,Web,1,Active,2025-08-13
637,Grace,Morrow,1976-08-10,grace.morrow637@example.com,EH7 9GL,Wales,2022-10-25,Social,0,Active,2025-01-29
638,Theo,Vasquez,1965-02-11,theo.vasquez638@example.com,B28 2LJ,North East,2024-11-06,Web,1,Active,2025-03-12
639,Zara,Quainton,1974-12-26,zara.quainton639@example.com,L5 1QX,South West,2023-03-02,Telephone,0,Lapsed,2024-11-02
640,Zainab,Gill,1961-09-10,zainab.gill640@example.com,L14 7HT,London,2022-09-13,Social,1,Active,2025-06-08
641,Amara,Kowalski,1995-12-26,amara.kowalski641@example.com,SE22 3XF,East Midlands,2019-09-16,Telephone,1,Active,2024-10-15
642,Wei,Lindqvist,1984-01-03,wei.lindqvist642@example.com,B38 7EB,East Midlands,2025-10-11,Direct Mail,1,Active,2026-05-18
643,Grace,Uddin,1977-01-27,grace.uddin643@example.com,bs76sh,South West,2025-01-03,Direct Mail,1,Active,2025-11-03
644,Harun,Yeboah,1964-03-01,harun.yeboah644@example.com,ls364xl,Yorkshire & Humber,2022-11-11,Social,0,Lapsed,2023-02-23
645,Jasmin,Duffy,1961-09-28,jasmin.duffy645@example.com,BS27 9DJ,South West,2021-12-23,Telephone,1,Active,2022-07-18
646,Yusuf,Gill,1957-12-02,yusuf.gill646@example.com,EH13 9YL,North East,2023-04-25,Partner,1,Active,2023-08-10
647,Noah,Kowalski,1952-06-24,noah.kowalski647@example.com,M19 8TE,East of England,2024-08-06,Direct Mail,1,Active,2025-12-21
648,Verity,Wainwright,1962-03-24,verity.wainwright648@example.com,EH39 6WT,London,2020-11-29,Partner,0,Active,2021-11-11
649,Lucy,Sharpe,1959-12-08,lucy.sharpe649@example.com,SW22 2JE,West Midlands,2024-04-12,Telephone,1,Active,2025-06-10
650,Rachel,Wainwright,1970-08-26,rachel.wainwright650@example.com,B36 2GQ,East of England,2018-12-13,Event,1,Active,2019-05-16
651,Ben,Rashid,1991-03-18,ben.rashid651@example.com,BS16 4EU,Wales,2022-06-16,Telephone,0,Inactive,2025-01-11
652,Mahmoud,Grewal,1955-11-01,mahmoud.grewal652@example.com,SE40 3PE,Northern Ireland,2022-05-14,Partner,1,Active,2025-12-09
653,Tariq,Gill,2002-10-05,tariq.gill653@example.com,SW30 9QH,Northern Ireland,2023-07-06,Direct Mail,1,Active,2023-08-31
654,Sian,Hargreaves,1970-07-18,sian.hargreaves654@example.com,L39 1GU,East of England,2025-12-06,Direct Mail,1,Lapsed,2026-01-11
655,Yusuf,Ellery,1977-02-05,yusuf.ellery655@example.com,bs82jw,London,2025-05-10,Direct Mail,0,Active,2025-07-24
656,Uche,Kowalski,1958-09-07,uche.kowalski656@example.com,EH33 8BY,Yorkshire & Humber,2023-07-20,Telephone,1,Inactive,2025-04-25
657,Sian,Rashid,1974-02-09,sian.rashid657@example.com,M26 9FN,Yorkshire & Humber,2023-01-24,Telephone,1,Lapsed,2024-12-18
658,Hannah,Baptiste,1984-08-18,hannah.baptiste658@example.com,BT5 4WF,East Midlands,2020-07-21,Telephone,0,Active,2023-12-09
659,Rhys,Wainwright,1998-07-16,rhys.wainwright659@example.com,BT10 5QB,South East,2024-05-23,Web,0,Inactive,2024-07-23
660,Yusuf,Chen,1978-09-28,yusuf.chen660@example.com,NE5 5UQ,East Midlands,2024-10-13,Telephone,0,Active,2026-08-08
661,Imogen,Vasquez,1976-12-23,imogen.vasquez661@example.com,L3 8JT,North East,2016-12-10,Event,0,Active,2024-07-30
662,Theo,Sharpe,1961-04-07,theo.sharpe662@example.com,BS25 6TW,East of England,2021-01-15,Event,1,Active,2024-12-29
663,Emeka,Abiola,1951-12-24,emeka.abiola663@example.com,B10 4ES,London,2018-11-05,Partner,0,Lapsed,2019-08-11
664,Harun,Sandoval,1973-02-10,harun.sandoval664@example.com,B5 8EH,South West,2019-01-28,Telephone,0,Active,2021-09-21
665,Jasmin,Pemberton,1985-12-24,jasmin.pemberton665@example.com,BT30 3QS,South West,2026-02-06,Social,0,Lapsed,2026-04-25
666,Zara,Abiola,1994-11-15,zara.abiola666@example.com,SW28 2HN,Yorkshire & Humber,2017-09-06,Partner,0,Lapsed,2022-01-06
667,Gareth,Kowalski,1987-03-19,gareth.kowalski667.example.com,NE28 4PZ,South East,2020-12-11,Partner,0,Lapsed,2025-09-19
668,Theo,Fenton,1962-01-24,theo.fenton668@example.com,L1 3PT,North West,2019-03-17,Event,1,Active,2020-05-12
669,Zara,Morrow,1969-08-14,zara.morrow669@example.com,G35 6UT,West Midlands,2025-01-14,Direct Mail,1,Inactive,2025-05-28
670,Imogen,Okafor,2001-07-09,imogen.okafor670@example.com,SE29 8SQ,South East,2023-05-10,Direct Mail,1,Active,2025-10-01
671,Joseph,Whitlock,1950-06-19,joseph.whitlock671@example.com,SW30 7TP,Wales,2021-09-17,Telephone,1,Active,2021-11-15
672,Deborah,Mensah,1996-06-07,deborah.mensah672@example.com,EH38 2EZ,North East,2021-12-23,Telephone,1,Active,2024-08-24
673,Kai,Hargreaves,1979-01-02,kai.hargreaves673@example.com,L24 1TD,East of England,2022-03-10,Partner,1,Active,2024-01-11
674,Yusuf,Jarvis,2006-08-25,yusuf.jarvis674@example.com,EH3 9UL,North West,2018-06-06,Event,0,Active,2021-12-13
675,Sofia,Lindqvist,1950-05-23,sofia.lindqvist675@example.com,M40 4XG,East of England,2023-09-06,Direct Mail,0,Inactive,2023-01-03
676,Verity,Wainwright,1995-05-08,verity.wainwright676@example.com,N31 3GJ,North East,2023-05-11,Web,1,Active,2025-01-08
677,Lucy,Mensah,1964-06-21,lucy.mensah677@example.com,BS22 2PW,Wales,2022-02-19,Event,0,Active,2025-11-13
678,Leah,Tewari,1970-09-15,leah.tewari678@example.com,NE34 1UB,Northern Ireland,2022-02-06,Event,0,Active,2023-12-10
679,Aisha,Bright,2006-12-05,aisha.bright679@example.com,SE36 5GS,Northern Ireland,2023-02-01,Partner,0,Active,2024-09-01
680,Maya,Sharpe,1958-08-03,maya.sharpe680@example.com,NE1 4AG,Wales,2024-04-08,Web,1,Inactive,2025-05-15
681,Fatima,Kowalski,1972-07-19,fatima.kowalski681@example.com,M27 7XF,North West,2025-01-28,Direct Mail,1,Active,2026-08-14
682,Samuel,Thornbury,1988-02-04,samuel.thornbury682@example.com,SW38 2TW,East Midlands,2025-04-13,Web,1,Active,2026-05-20
683,Fatima,Sharpe,1995-10-02,fatima.sharpe683@example.com,B15 1JQ,East of England,2021-10-27,Partner,1,Lapsed,2022-07-30
684,Lucy,Hargreaves,1992-07-20,lucy.hargreaves684@example.com,N3 8TB,London,2025-05-15,Direct Mail,1,Active,2026-08-06
685,Sian,Grewal,1955-03-18,sian.grewal685@example.com,B12 2UH,Wales,2020-11-27,Telephone,0,Active,2020-12-15
686,Elliot,Whitlock,1947-11-07,elliot.whitlock686@example.com,G29 5FZ,South West,2021-09-02,Partner,1,Lapsed,2023-11-08
687,Isaac,Ahmed,1964-09-01,isaac.ahmed687@example.com,B27 4QE,South East,2022-11-14,Web,0,Active,2023-10-04
688,Leah,Ellery,1969-10-13,leah.ellery688@example.com,N17 9XY,East of England,2023-07-20,Web,1,Inactive,2026-01-28
689,Rachel,Hargreaves,1962-09-09,rachel.hargreaves689@example.com,CF22 9DN,North East,2026-01-18,Direct Mail,0,Inactive,2026-03-19
690,Sian,Quainton,1988-05-12,sian.quainton690@example.com,BT15 8FB,Scotland,2018-02-01,Partner,0,Active,2024-03-06
691,Jasmin,Sharpe,1952-07-24,jasmin.sharpe691@example.com,SW12 8AL,Northern Ireland,2022-01-24,Telephone,1,Active,2024-01-18
692,Rhys,Ellery,1995-08-26,rhys.ellery692@example.com,M13 5FE,East of England,2019-12-22,Event,1,Active,2025-02-11
693,Liam,Vasquez,1956-04-26,liam.vasquez693@example.com,SE11 9ED,North East,2017-02-27,Event,0,Active,2024-12-03
694,Maya,Carrick,1962-06-22,maya.carrick694@example.com,LS30 8AA,South West,2019-06-01,Partner,0,Active,2023-04-08
695,Isaac,Duffy,1996-03-23,isaac.duffy695@example.com,NE15 4EE,North East,2021-11-23,Partner,0,Active,2023-07-10
696,Omar,Fenton,1992-12-13,omar.fenton696@example.com,N27 5PE,East Midlands,2024-09-23,Direct Mail,1,Inactive,2026-08-08
697,Priya,Yeboah,1947-11-17,priya.yeboah697@example.com,LS30 6DF,East Midlands,2019-03-24,Event,1,Lapsed,2022-05-29
698,Wei,Fenton,1974-06-05,wei.fenton698@example.com,CF37 5TD,London,2026-02-07,Direct Mail,1,Active,2026-06-08
699,Hannah,Yeboah,1959-04-09,hannah.yeboah699@example.com,L9 1TS,North West,2022-06-18,Partner,0,Inactive,2026-05-23
700,Liam,Whitlock,1962-08-15,liam.whitlock700@example.com,BT31 5QW,North East,2025-10-11,Social,1,Active,2026-03-27
701,Uche,Sandoval,1988-09-04,uche.sandoval701@example.com,LS32 1YU,East Midlands,2021-09-03,Partner,1,Active,2023-04-15
702,Kai,Pemberton,1972-09-12,kai.pemberton702@example.com,SW27 4BU,North East,2024-10-08,Direct Mail,0,Lapsed,2025-05-08
703,Aisha,Fenton,1969-10-01,aisha.fenton703@example.com,BS34 6FF,South West,2022-04-11,Event,0,Inactive,2026-01-20
704,Zara,Sharpe,1980-04-20,zara.sharpe704@example.com,BS24 4UB,Northern Ireland,2024-05-01,Direct Mail,0,Active,2024-12-28
705,Imogen,Whitlock,1953-10-13,imogen.whitlock705@example.com,SW36 9TY,Yorkshire & Humber,2025-01-03,Social,0,Active,2026-03-30
706,Noah,Tewari,1987-02-27,noah.tewari706@example.com,N4 3HU,Northern Ireland,2024-11-04,Telephone,0,Inactive,2025-12-26
707,Leah,Zielinski,1989-06-25,leah.zielinski707@example.com,EH2 4WX,South East,2023-12-24,Direct Mail,1,Lapsed,2026-07-14
708,Rhys,Tewari,1993-08-20,rhys.tewari708@example.com,se239ds,North West,2020-02-04,Telephone,0,Active,2021-03-19
709,Isaac,Morrow,1977-03-21,isaac.morrow709@example.com,LS7 2YA,Yorkshire & Humber,2024-06-03,Telephone,1,Active,2026-04-09
710,Priya,Sandoval,2004-11-11,priya.sandoval710@example.com,SE33 8UD,Scotland,2024-06-22,Telephone,1,Inactive,2024-11-06
711,Hannah,Hargreaves,1992-09-26,hannah.hargreaves711@example.com,BT26 3WQ,South West,2023-10-06,Social,0,Active,2025-06-30
712,Fatima,Morrow,1980-09-14,fatima.morrow712@example.com,SE25 7FT,Scotland,2021-08-28,Telephone,0,Lapsed,2024-03-04
713,Isaac,Yeboah,1979-02-21,isaac.yeboah713@example.com,M9 1HA,East of England,2023-07-20,Telephone,0,Active,2022-09-15
714,Imogen,Sharpe,1996-08-20,imogen.sharpe714@example.com,cf17bj,North East,2020-03-28,Event,0,Lapsed,2021-07-30
715,Wei,Quainton,1960-06-18,wei.quainton715@example.com,LS2 9BD,East Midlands,2020-02-13,Partner,0,Lapsed,2025-10-05
716,Fatima,Lindqvist,1988-06-05,fatima.lindqvist716@example.com,SW7 9PL,London,2019-01-08,Event,1,Inactive,2021-03-25
717,Verity,Rashid,1957-12-05,verity.rashid717@example.com,b205az,East of England,2022-10-13,Social,0,Active,2023-12-04
718,Zainab,Pemberton,1959-01-01,zainab.pemberton718@example.com,se68lp,West Midlands,2024-06-02,Web,0,Active,2025-03-17
719,Rhys,Jarvis,1999-05-10,rhys.jarvis719@example.com,LS21 5ST,Wales,2018-09-05,Event,1,Active,2019-04-01
720,Ben,Duffy,1991-08-27,ben.duffy720@example.com,SE25 2JL,South West,2017-06-05,Partner,1,Active,2019-01-14
721,Harun,Fenton,1950-07-23,harun.fenton721@example.com,SW30 2BR,South East,2016-10-19,Event,0,Lapsed,2024-09-10
722,Sian,Grewal,1955-01-13,sian.grewal722@example.com,bt388eh,West Midlands,2020-06-16,Telephone,1,Inactive,2023-07-24
723,Ben,Baptiste,1969-06-02,ben.baptiste723@example.com,N25 7BZ,North West,2025-05-11,Direct Mail,0,Active,2026-02-13
724,Grace,Thornbury,1992-02-13,grace.thornbury724@example.com,NE2 2ZL,South West,2023-10-11,Telephone,1,Active,2025-04-13
725,Amara,Sharpe,1963-08-20,amara.sharpe725@example.com,BT10 9DT,Yorkshire & Humber,2025-01-19,Social,1,Active,2025-11-27
726,Zainab,Iqbal,1950-03-03,zainab.iqbal726@example.com,SW24 8BT,East Midlands,2018-12-04,Partner,0,Lapsed,2021-09-14
727,Elliot,Bright,1985-09-03,elliot.bright727@example.com,N10 9ST,London,2022-04-04,Telephone,0,Active,2025-05-07
728,Theo,Chen,2003-02-12,theo.chen728@example.com,BS28 7RA,East Midlands,2021-10-10,Telephone,1,Lapsed,2022-06-30
729,Noah,Yeboah,1992-08-21,noah.yeboah729@example.com,BT35 6SU,Northern Ireland,2026-05-25,Direct Mail,1,Active,2026-07-15
730,Tariq,Duffy,1973-03-28,tariq.duffy730@example.com,BS21 3QH,North East,2022-02-22,Web,1,Lapsed,2022-07-30
731,Priya,Chen,1955-09-14,priya.chen731@example.com,bt196ne,South West,2022-06-10,Social,0,Active,2026-03-06
732,Aisha,Iqbal,1990-02-13,aisha.iqbal732@example.com,CF7 3NJ,South West,2021-12-27,Web,0,Active,2026-01-08
733,Eleanor,Fenton,1984-07-11,eleanor.fenton733@example.com,EH2 1GT,Yorkshire & Humber,2022-06-30,Social,1,Active,2024-08-22
734,Aisha,Hargreaves,1978-12-22,aisha.hargreaves734@example.com,sw35fs,East Midlands,2022-05-21,Web,0,Active,2024-05-04
735,Jasmin,Pemberton,1975-12-04,jasmin.pemberton735@example.com,BT7 3JE,Yorkshire & Humber,2019-12-31,Partner,0,Inactive,2022-02-26
736,Niamh,Uddin,2005-08-03,niamh.uddin736@example.com,CF30 5TQ,East of England,2025-01-02,Web,1,Inactive,2026-06-07
737,Zara,Gill,1957-10-24,zara.gill737@example.com,n361gd,North West,2023-04-10,Social,0,Inactive,2025-12-15
738,Niamh,Lindqvist,1986-08-25,niamh.lindqvist738@example.com,M27 4UZ,Wales,2025-12-13,Web,0,Lapsed,2026-05-23
739,Amara,Dalgleish,2003-06-21,,ls58ay,Wales,2018-09-01,Telephone,1,Inactive,2025-02-11
740,Uche,Jarvis,1952-03-13,uche.jarvis740@example.com,L8 6AJ,Northern Ireland,2025-08-26,Direct Mail,1,Lapsed,2026-02-25
741,Aisha,Tewari,1993-08-16,aisha.tewari741@example.com,NE26 9XD,North East,2017-08-21,Event,1,Active,2020-04-23
742,Amara,Abiola,1946-05-15,amara.abiola742@example.com,NE20 1DU,North West,2023-01-10,Partner,0,Active,2025-03-10
743,Rosa,Zielinski,1948-08-03,rosa.zielinski743@example.com,BS25 9BF,Yorkshire & Humber,2025-06-14,Direct Mail,1,Inactive,2026-04-10
744,Sofia,Wainwright,2005-04-13,sofia.wainwright744@example.com,SE21 1TA,South East,2023-05-16,Direct Mail,0,Active,2026-06-06
745,Verity,Pemberton,2004-08-11,verity.pemberton745@example.com,NE24 9GJ,East Midlands,2022-05-20,Partner,1,Active,2022-06-22
746,Priya,Gill,1946-04-12,priya.gill746@example.com,SE15 7BF,Scotland,2023-06-22,Partner,0,Active,2024-10-25
747,Ben,Tewari,1962-05-17,ben.tewari747@example.com,CF40 1JE,North West,2019-01-23,Event,0,Inactive,2026-06-03
748,Rosa,Lindqvist,1967-12-16,rosa.lindqvist748@example.com,SW25 7SY,Wales,2023-09-01,Telephone,1,Active,2024-08-10
749,Verity,Carrick,1960-05-01,verity.carrick749@example.com,g313uy,North West,2021-04-16,Telephone,1,Active,2021-11-18
750,Joseph,Ahmed,1999-08-28,joseph.ahmed750@example.com,SW1 2YB,Northern Ireland,2024-07-09,Social,0,Active,2024-10-10
751,Yusuf,Zielinski,1990-08-21,yusuf.zielinski751@example.com,L34 1FH,South East,2020-06-29,Event,1,Active,2025-05-09
752,Harun,Quainton,1968-09-15,harun.quainton752@example.com,LS17 8JF,South West,2023-11-13,Direct Mail,1,Inactive,2025-09-15
753,Yusuf,Tewari,1956-03-25,yusuf.tewari753@example.com,b401sy,South East,2020-08-04,Telephone,0,Lapsed,2020-10-04
754,Chloe,Okafor,1973-05-15,chloe.okafor754@example.com,CF23 5UX,South West,2023-10-17,Direct Mail,0,Active,2024-10-03
755,Ben,Ahmed,1982-04-26,ben.ahmed755@example.com,G20 7QH,Yorkshire & Humber,2023-12-31,Web,0,Lapsed,2025-11-28
756,Fatima,Hargreaves,1999-11-21,fatima.hargreaves756@example.com,LS28 8WW,East Midlands,2020-02-15,Telephone,0,Inactive,2020-08-29
757,Liam,Grewal,1970-02-22,liam.grewal757@example.com,G27 8HQ,North West,2024-03-02,Telephone,1,Active,2024-03-13
758,Gareth,Okafor,1948-12-24,gareth.okafor758@example.com,CF19 5EH,West Midlands,2020-09-18,Telephone,1,Inactive,2025-05-31
759,Rhys,Ellery,2000-03-07,rhys.ellery759@example.com,L25 6ZE,London,2024-10-16,Telephone,0,Lapsed,2025-08-22
760,Elliot,Chen,1998-10-10,elliot.chen760@example.com,se165pu,South East,2021-11-01,Event,0,Inactive,2022-10-01
761,Sian,Duffy,1949-08-20,sian.duffy761@example.com,B37 6EG,West Midlands,2025-04-21,Web,1,Active,2026-01-30
762,Sian,Wainwright,1995-11-18,sian.wainwright762@example.com,BT14 8FE,Scotland,2017-01-26,Event,0,Active,2023-04-08
763,Yusuf,Gill,1949-12-06,yusuf.gill763@example.com,NE23 4LF,North East,2020-02-07,Event,1,Active,2025-01-11
764,Callum,Nkemelu,2005-09-07,callum.nkemelu764@example.com,G36 4ZB,Northern Ireland,2023-10-05,Telephone,0,Active,2025-12-17
765,Fatima,Grewal,2001-07-23,fatima.grewal765@example.com,BS8 5WJ,South West,2022-08-06,Social,0,Lapsed,2025-12-18
766,Emeka,Zielinski,1973-06-20,emeka.zielinski766@example.com,EH33 8TX,West Midlands,2019-05-08,Partner,1,Active,2021-02-06
767,Imogen,Mensah,2000-10-09,,SE17 2WU,North East,2023-10-23,Direct Mail,0,Lapsed,2025-08-03
768,Uche,Ahmed,1949-08-23,uche.ahmed768@example.com,NE38 5XY,Northern Ireland,2020-12-24,Event,0,Deceased,2026-06-29
769,Niamh,Chen,1962-04-01,niamh.chen769@example.com,SE5 4TL,Northern Ireland,2023-12-13,Telephone,0,Active,2025-07-04
770,Leah,Tewari,1990-05-25,leah.tewari770@example.com,M39 1HU,East Midlands,2023-05-07,Direct Mail,1,Active,2025-03-25
771,Kai,Zielinski,1953-08-20,kai.zielinski771@example.com,BS40 7RJ,North West,2023-10-27,Social,1,Active,2026-08-15
772,Zara,Thornbury,1954-10-23,zara.thornbury772@example.com,NE15 7TF,North West,2022-01-07,Partner,1,Lapsed,2022-04-16
773,Liam,Jarvis,2004-11-16,liam.jarvis773@example.com,SE18 8UT,London,2023-01-28,Web,0,Active,2023-07-15
774,Fatima,Lindqvist,1979-03-27,fatima.lindqvist774@example.com,CF29 2AX,South West,2019-05-24,Partner,1,Activ,2024-05-22
775,Elliot,Rashid,1977-03-03,elliot.rashid775@example.com,B14 4EP,North East,2019-09-03,Partner,1,Active,2019-10-06
776,Callum,Chen,1969-01-17,callum.chen776@example.com,l247gz,South West,2022-10-07,Web,1,Active,2024-03-24
777,Sian,Ellery,1973-09-06,sian.ellery777@example.com,CF35 5PU,London,2022-12-05,Telephone,0,Inactive,2026-07-01
778,Elliot,Mensah,1949-04-13,elliot.mensah778@example.com,B33 6TL,Northern Ireland,2017-04-16,Event,1,Active,2024-06-10
779,Joseph,Kowalski,1995-08-07,joseph.kowalski779@example.com,SE24 3HE,Yorkshire & Humber,2022-04-21,Event,1,Inactive,2022-09-17
780,Aisha,Yeboah,1988-04-07,aisha.yeboah780@example.com,g409dj,South West,2022-06-03,Web,1,Lapsed,2025-07-22
781,Jasmin,Wainwright,1953-10-15,jasmin.wainwright781@example.com,EH9 3UZ,Wales,2025-02-27,Web,0,Active,2025-12-28
782,Lucy,Pemberton,1985-07-17,lucy.pemberton782@example.com,b324gd,Yorkshire & Humber,2025-09-13,Direct Mail,1,Active,2026-05-05
783,Tariq,Ellery,1978-10-15,tariq.ellery783@example.com,N12 2XA,South West,2024-08-02,Web,0,Active,2025-08-13
784,Tariq,Bright,1999-02-28,tariq.bright784@example.com,LS6 5RU,South East,2017-11-09,Event,0,Active,2024-01-25
785,Sofia,Sandoval,2002-12-15,sofia.sandoval785@example.com,LS23 7ZB,West Midlands,2021-09-11,Telephone,1,Lapsed,2026-07-17
786,Rhys,Chen,1976-02-21,rhys.chen786@example.com,BS26 7UQ,South West,2021-07-04,Web,0,Active,2024-09-25
787,Callum,Wainwright,1994-11-14,callum.wainwright787@example.com,LS2 1GQ,Scotland,2022-04-08,Partner,0,Active,2025-10-18
788,Elliot,Jarvis,1986-06-13,elliot.jarvis788@example.com,SW3 9BB,Northern Ireland,2021-09-08,Event,1,Active,2026-04-23
789,Omar,Kowalski,1999-09-22,omar.kowalski789@example.com,SE20 2UQ,South East,2022-04-27,Event,1,Active,2023-08-18
790,Rachel,Morrow,1950-09-27,rachel.morrow790@example.com,B21 3TZ,Scotland,2023-03-23,Partner,0,Active,2024-10-28
791,Kai,Wainwright,2004-02-10,kai.wainwright791@example.com,CF35 1NS,North West,2024-11-30,Social,1,Active,2026-03-03
792,Callum,Nkemelu,1964-11-07,callum.nkemelu792@example.com,CF14 6AS,Northern Ireland,2020-11-21,Telephone,0,Active,2025-12-08
793,Imogen,Tewari,1988-04-25,imogen.tewari793@example.com,L3 7SY,North East,2025-02-09,Social,1,Active,2026-06-06
794,Daniel,Duffy,2005-02-03,,EH21 4TN,Yorkshire & Humber,2022-10-29,Telephone,0,Inactive,2023-05-22
795,Kai,Lindqvist,1982-12-16,kai.lindqvist795@example.com,m59qx,West Midlands,2024-10-10,Direct Mail,0,Inactive,2025-10-21
796,Priya,Hargreaves,1948-03-02,priya.hargreaves796@example.com,EH36 4ZZ,Northern Ireland,2023-02-14,Telephone,1,Active,2024-01-06
797,Omar,Bright,1977-11-03,omar.bright797@example.com,M19 1HE,London,2022-10-22,Web,1,Active,2024-09-23
798,Grace,Okafor,1966-09-12,grace.okafor798@example.com,CF14 3HS,South West,2021-12-31,Web,1,Lapsed,2026-07-28
799,Isaac,Uddin,2006-10-20,isaac.uddin799@example.com,LS4 2PT,Yorkshire & Humber,2022-09-27,Web,0,Active,2024-04-03
800,Emeka,Rashid,1976-11-09,emeka.rashid800@example.com,B10 9RU,Scotland,2019-10-18,Partner,0,Lapsed,2020-09-29
801,Olive,Grewal,2000-04-08,olive.grewal801@example.com,BS22 3JL,South East,2023-06-29,Direct Mail,1,Lapsed,2024-05-01
802,Deborah,Bright,1992-09-26,deborah.bright802@example.com,G21 4BD,East of England,2023-05-29,Direct Mail,1,Inactive,2024-12-15
803,Callum,Jarvis,1947-08-22,callum.jarvis803@example.com,SE35 8DG,Wales,2019-01-19,Partner,0,Lapsed,2019-06-29
804,Samuel,Ahmed,1996-11-24,,CF5 3SB,North East,2022-12-23,Social,1,Active,2023-06-13
805,Niamh,Zielinski,1971-04-02,niamh.zielinski805@example.com,BS11 2BP,Yorkshire & Humber,2020-01-22,Event,1,Active,2025-04-01
806,Aisha,Whitlock,1949-01-02,aisha.whitlock806@example.com,ne168lt,North East,2018-12-27,Partner,0,Lapsed,2020-12-10
807,Imogen,Ahmed,1995-01-22,imogen.ahmed807@example.com,L15 4FW,North West,2024-08-18,Telephone,1,Active,2025-03-26
808,Chloe,Thornbury,1986-05-07,chloe.thornbury808@example.com,G9 5BD,South East,2019-09-01,Partner,1,Active,2023-03-04
809,Rosa,Bright,1992-04-27,rosa.bright809@example.com,G20 5ZY,West Midlands,2022-02-06,Telephone,0,Active,2025-03-01
810,Olive,Gill,1968-07-08,olive.gill810@example.com,NE21 2ER,Northern Ireland,2020-04-26,Telephone,1,Active,2023-08-04
811,Zainab,Fenton,1973-08-10,zainab.fenton811@example.com,B4 5FJ,South East,2019-05-18,Partner,1,Active,2021-10-08
812,Amara,Hargreaves,1959-03-24,amara.hargreaves812@example.com,M16 6JQ,South East,2019-08-01,Partner,0,Active,2024-02-07
813,Callum,Pemberton,1978-07-27,callum.pemberton813@example.com,bt309al,,2020-01-30,Event,0,Active,2026-05-02
814,Chloe,Carrick,1995-01-28,chloe.carrick814@example.com,CF31 7PJ,London,2018-04-13,Event,1,Active,2023-09-18
815,Hannah,Abiola,1982-06-02,hannah.abiola815@example.com,LS9 8DG,North East,2018-08-26,Partner,1,Active,2022-07-10
816,Grace,Thornbury,1964-02-22,grace.thornbury816@example.com,cf26el,North East,2020-02-08,Telephone,0,Lapsed,2021-03-30
817,Zara,Okafor,1975-08-23,zara.okafor817@example.com,G34 8GH,Northern Ireland,2024-03-15,Social,1,Active,2026-08-04
818,Joseph,Okafor,1963-06-11,joseph.okafor818@example.com,SW1 7JL,East Midlands,2018-03-04,Partner,0,Lapsed,2022-07-12
819,Jasmin,Wainwright,1971-02-08,jasmin.wainwright819@example.com,BS8 4LZ,East of England,2023-08-05,Web,1,Active,2026-07-24
820,Uche,Grewal,1988-06-21,uche.grewal820@example.com,NE8 5AB,East Midlands,2025-04-10,Web,1,Active,2026-03-19
821,Ben,Dalgleish,1959-04-09,ben.dalgleish821@example.com,SE12 3WJ,East of England,2019-07-15,Telephone,0,Inactive,2022-11-18
822,Yusuf,Hargreaves,2005-03-04,yusuf.hargreaves822@example.com,EH13 3LF,London,2022-09-08,Web,1,Active,2026-05-29
823,Rosa,Dalgleish,1986-08-20,rosa.dalgleish823@example.com,bt153da,,2022-04-07,Social,1,Active,2025-05-25
824,Yusuf,Tewari,1968-09-04,yusuf.tewari824@example.com,SW14 3RX,North East,2021-01-22,Web,0,Active,2021-11-04
825,Freya,Bright,1974-04-04,freya.bright825@example.com,G13 7SJ,North East,2020-09-09,Partner,1,Lapsed,2020-10-24
826,Karolina,Grewal,1977-09-20,karolina.grewal826@example.com,CF20 7TX,West Midlands,2023-08-27,Web,1,Active,2024-04-16
827,Priya,Sharpe,2002-09-27,priya.sharpe827@example.com,se371lj,Scotland,2017-12-05,Event,1,Lapsed,2019-12-16
828,Liam,Kowalski,1988-04-25,liam.kowalski828@example.com,M16 6YJ,London,2024-05-31,Social,1,Lapsed,2025-03-22
829,Sian,Vasquez,1959-02-17,sian.vasquez829@example.com,G14 6YA,West Midlands,2019-03-18,Partner,0,Lapsed,2019-04-21
830,Wei,Carrick,2005-05-08,wei.carrick830@example.com,SW9 8XA,South West,2025-07-16,Social,0,Active,2026-05-18
831,Ben,Jarvis,1972-04-12,ben.jarvis831@example.com,SE30 6AG,Wales,2023-04-18,Social,1,Inactive,2025-01-11
832,Zara,Morrow,1951-04-26,zara.morrow832@example.com,EH4 9ZL,North East,2026-01-28,Social,1,Active,2026-03-31
833,Verity,Okafor,1964-12-07,verity.okafor833@example.com,G26 6EB,North West,2025-11-28,Social,0,Lapsed,2026-08-17
834,Leah,Chen,1993-03-27,leah.chen834@example.com,N14 4JR,North West,2017-10-10,Event,0,Active,2020-06-23
835,Rhys,Lindqvist,1964-01-16,,BT9 9EN,Scotland,2020-01-29,Partner,0,Active,2022-11-16
836,Noah,Hargreaves,1956-08-08,noah.hargreaves836@example.com,BS29 5ZQ,East of England,2022-06-05,Partner,1,Lapsed,2023-07-25
837,Niamh,Chen,1950-09-17,niamh.chen837@example.com,SW28 3YX,West Midlands,2019-06-20,Event,1,Inactive,2025-03-20
838,Niamh,Sandoval,1948-06-15,niamh.sandoval838@example.com,B17 3RB,Northern Ireland,2024-07-15,Direct Mail,0,Active,2025-07-14
839,Tariq,Jarvis,1974-01-15,,B32 4BZ,North East,2023-09-30,Direct Mail,0,Active,2024-01-31
840,Isaac,Nkemelu,1991-09-25,isaac.nkemelu840@example.com,CF22 6DB,East Midlands,2019-06-23,Event,0,Inactive,2020-09-26
841,Tariq,Duffy,1986-10-21,tariq.duffy841@example.com,ls362eb,Scotland,2020-10-02,Partner,1,Active,2020-11-06
842,Wei,Kowalski,1950-06-14,wei.kowalski842@example.com,BT11 9YX,East Midlands,2025-11-20,Social,1,Active,2025-12-14
843,Gareth,Carrick,1952-12-05,gareth.carrick843@example.com,B38 9BE,London,2025-06-16,Web,0,Lapsed,2025-06-29
844,Maya,Grewal,2002-08-22,maya.grewal844.example.com,BT2 1JX,Scotland,2017-12-03,Event,0,Active,2024-06-17
845,Noah,Uddin,1977-11-19,noah.uddin845@example.com,L8 6DY,South West,2021-07-24,Event,0,Lapsed,2021-11-18
846,Amara,Okafor,1987-11-23,amara.okafor846@example.com,L9 8LN,South West,2024-10-12,Web,1,Lapsed,2024-10-12
847,Liam,Dalgleish,1971-02-21,liam.dalgleish847@example.com,LS12 9FQ,Northern Ireland,2017-03-20,Event,0,Inactive,2021-02-13
848,Harun,Iqbal,1997-04-07,harun.iqbal848@example.com,NE13 5RB,North West,2019-11-25,Event,1,Active,2026-05-16
849,Emeka,Mensah,1986-07-26,emeka.mensah849@example.com,CF9 1QZ,North West,2018-12-27,Telephone,1,Active,2023-12-31
850,Karolina,Dalgleish,1969-06-13,karolina.dalgleish850@example.com,M13 7UW,East Midlands,2024-06-16,Direct Mail,0,Active,2025-02-21
851,Maya,Zielinski,1972-02-25,maya.zielinski851@example.com,G5 5ZZ,Wales,2020-08-12,Partner,1,Lapsed,2021-03-01
852,Sofia,Duffy,2006-10-28,sofia.duffy852@example.com,EH39 5AH,Wales,2020-12-12,Partner,1,Active,2022-09-29
853,Fatima,Fenton,2004-11-18,fatima.fenton853@example.com,L40 7HD,South West,2023-10-24,Telephone,0,Active,2023-11-02
854,Tariq,Fenton,1979-02-16,tariq.fenton854@example.com,LS2 6WT,South West,2025-10-13,Direct Mail,1,Deceased,2026-07-23
855,Aisha,Mensah,1995-02-10,aisha.mensah855.example.com,LS7 5DL,East Midlands,2023-09-17,Social,0,Lapsed,2025-07-16
856,Fatima,Hargreaves,1955-01-28,fatima.hargreaves856@example.com,L13 6AF,Yorkshire & Humber,2022-10-29,Web,1,Active,2023-06-16
857,Rachel,Whitlock,1967-09-05,rachel.whitlock857@example.com,CF20 4AJ,London,2023-12-06,Web,0,Active,2024-02-14
858,Emeka,Fenton,1947-01-09,emeka.fenton858@example.com,BT21 8NH,North West,2018-11-30,Telephone,1,Active,2024-08-15
859,Harun,Zielinski,1968-04-20,harun.zielinski859@example.com,CF9 2RU,Northern Ireland,2021-03-18,Telephone,1,Inactive,2024-01-07
860,Isaac,Morrow,1966-09-08,isaac.morrow860@example.com,EH2 4UG,London,2022-07-23,Social,1,Active,2024-05-09
861,Yusuf,Dalgleish,1972-11-08,yusuf.dalgleish861@example.com,N16 4GJ,Northern Ireland,2021-05-28,Event,0,Active,2025-12-23
862,Eleanor,Hargreaves,1977-09-08,eleanor.hargreaves862@example.com,B17 3BX,South West,2016-12-08,Event,1,Lapsed,2020-02-08
863,Freya,Pemberton,1956-03-11,freya.pemberton863@example.com,L37 7ZN,South East,2025-07-04,Social,0,Lapsed,2026-07-31
864,Olive,Quainton,1994-12-27,olive.quainton864@example.com,BS5 3NY,East of England,2025-03-31,Direct Mail,0,Active,2025-05-06
865,Liam,Wainwright,1947-04-03,liam.wainwright865@example.com,G15 3SS,Wales,2019-08-08,Telephone,1,Lapsed,2021-08-06
866,Kai,Baptiste,1978-07-01,kai.baptiste866@example.com,G25 1UY,Scotland,2026-01-29,Web,1,Active,2026-02-18
867,Zainab,Sandoval,1973-05-13,zainab.sandoval867@example.com,G18 3SU,North West,2025-09-02,Social,1,Active,2025-09-20
868,Hannah,Yeboah,1955-08-15,hannah.yeboah868@example.com,SW22 3AX,South East,2025-09-10,Direct Mail,0,Lapsed,2026-04-07
869,Amara,Wainwright,1963-11-20,amara.wainwright869@example.com,BS35 9ES,,2023-12-28,Social,0,Active,2026-05-21
870,Rhys,Tewari,1959-03-03,rhys.tewari870@example.com,M10 6JB,Scotland,2017-12-23,Event,1,Inactive,2024-09-19
871,Olive,Thornbury,1949-01-15,olive.thornbury871@example.com,EH5 3YF,,2021-04-08,Event,0,Active,2022-10-24
872,Verity,Nkemelu,1975-07-08,verity.nkemelu872@example.com,LS5 9DT,North East,2020-07-16,Telephone,0,Lapsed,2021-07-05
873,Theo,Mensah,1983-06-04,theo.mensah873@example.com,SW18 3TF,West Midlands,2021-04-19,Event,0,Lapsed,2022-09-28
874,Emeka,Lindqvist,2001-04-05,emeka.lindqvist874@example.com,SE4 6DN,South East,2022-10-06,Telephone,1,Lapsed,2025-05-08
875,Fatima,Sandoval,1989-01-07,fatima.sandoval875@example.com,NE16 8SY,Yorkshire & Humber,2025-02-09,Web,0,Active,2025-10-22
876,Zainab,Tewari,2000-11-18,zainab.tewari876@example.com,BS13 3TX,East Midlands,2023-10-28,Web,0,Active,2024-01-16
877,Theo,Uddin,2005-10-23,theo.uddin877@example.com,SE26 7HL,East of England,2024-03-13,Social,0,Active,2024-12-31
878,Verity,Whitlock,1946-07-23,verity.whitlock878@example.com,EH17 8YU,Wales,2024-09-06,Telephone,0,Active,2026-06-25
879,Eleanor,Yeboah,1982-01-16,eleanor.yeboah879@example.com,SE21 3SP,East Midlands,2021-06-02,Web,0,Active,2026-03-26
880,Harun,Pemberton,1962-08-14,harun.pemberton880@example.com,NE32 4UR,Scotland,2024-08-25,Social,1,Lapsed,2024-12-04
881,Deborah,Grewal,2001-09-01,deborah.grewal881@example.com,B6 8NG,South East,2018-07-06,Telephone,1,Active,2020-02-05
882,Verity,Sharpe,1954-09-11,verity.sharpe882@example.com,L23 5GX,North East,2023-07-27,Telephone,1,Lapsed,2026-08-14
883,Priya,Gill,1954-06-19,priya.gill883@example.com,L9 9JX,Scotland,2017-12-07,Partner,1,Active,2024-12-10
884,Zara,Uddin,1982-06-11,,NE36 7QF,North East,2023-12-31,Direct Mail,1,Active,2025-12-27
885,Rachel,Okafor,1975-12-02,rachel.okafor885@example.com,EH5 2JJ,London,2021-04-19,Event,0,Active,2023-09-30
886,Fatima,Zielinski,1966-11-12,fatima.zielinski886@example.com,ne231ur,North East,2021-09-02,Event,0,Active,2024-07-21
887,Verity,Kowalski,1968-09-02,verity.kowalski887@example.com,M3 9ND,East Midlands,2021-02-24,Web,0,Active,2022-04-11
888,Aisha,Nkemelu,1982-07-26,aisha.nkemelu888@example.com,BT10 8SY,South East,2025-10-15,Direct Mail,0,Active,2025-11-18
889,Deborah,Lindqvist,1996-08-10,deborah.lindqvist889@example.com,B19 7TT,West Midlands,2022-09-20,Web,0,Lapsed,2022-12-24
890,Hannah,Gill,1970-11-16,hannah.gill890@example.com,EH18 5JB,South East,2022-09-26,Telephone,1,Active,2025-11-21
891,Yusuf,Fenton,2002-05-07,yusuf.fenton891@example.com,M24 9FE,South West,2024-09-14,Web,0,Inactive,2025-09-03
892,Sian,Grewal,1991-08-02,sian.grewal892@example.com,NE22 5FZ,East Midlands,2021-06-25,Web,0,Active,2023-10-02
893,Isaac,Jarvis,2005-07-11,isaac.jarvis893@example.com,g47yr,North East,2025-07-16,Direct Mail,0,Active,2026-06-25
894,Zara,Sandoval,1993-03-04,zara.sandoval894@example.com,LS23 9FE,East of England,2023-05-08,Web,1,Active,2023-07-28
895,Uche,Dalgleish,1975-08-22,uche.dalgleish895@example.com,N34 3GB,Wales,2023-01-05,Web,0,Active,2023-10-21
896,Uche,Tewari,1970-12-02,uche.tewari896@example.com,SW10 9DH,West Midlands,2022-03-31,Partner,0,Active,2021-09-15
897,Isaac,Fenton,1969-10-24,isaac.fenton897@example.com,L40 2HE,North West,2024-04-21,Direct Mail,0,Active,2025-08-07
898,Amara,Abiola,1983-02-12,amara.abiola898@example.com,LS6 9TN,Wales,2025-09-29,Social,0,Active,2025-09-30
899,Omar,Baptiste,2002-10-13,omar.baptiste899.example.com,LS24 1AA,West Midlands,2024-06-08,Telephone,0,Active,2024-09-13
900,Lucy,Chen,1961-11-11,lucy.chen900@example.com,M13 3JW,North East,2025-12-08,Web,1,Active,2026-06-14
901,Omar,Fenton,1981-01-25,omar.fenton901@example.com,B37 1RB,East Midlands,2022-05-26,Partner,0,Lapsed,2024-12-28
902,Daniel,Ahmed,1977-06-10,daniel.ahmed902@example.com,SW22 9GQ,Wales,2021-06-25,Partner,0,Active,2026-02-23
903,Chloe,Fenton,1994-01-12,,EH17 2HG,South West,2018-07-20,Event,0,Active,2018-12-01
904,Harun,Lindqvist,1977-12-06,harun.lindqvist904@example.com,BT38 6BD,South East,2017-01-04,Event,0,Activ,2022-07-26
905,Ben,Wainwright,1980-10-22,ben.wainwright905@example.com,BT40 2BP,East of England,2025-04-29,Social,0,Active,2026-01-07
906,Omar,Kowalski,2002-07-15,omar.kowalski906@example.com,N8 2BU,South East,2021-07-24,Telephone,0,Lapsed,2021-08-31
907,Emeka,Fenton,1990-02-21,emeka.fenton907@example.com,NE37 4SA,London,2025-04-19,Direct Mail,0,Active,2025-05-21
908,Karolina,Vasquez,1976-09-08,karolina.vasquez908@example.com,CF32 2QX,Yorkshire & Humber,2023-12-30,Direct Mail,1,Deceased,2026-06-04
909,Priya,Thornbury,1994-09-13,priya.thornbury909@example.com,EH19 4WH,North West,2024-09-05,Telephone,1,Inactive,2025-09-19
910,Omar,Ellery,1971-11-23,omar.ellery910@example.com,SW23 5NA,London,2025-02-26,Social,0,Active,2025-04-03
911,Yusuf,Sharpe,1991-06-13,yusuf.sharpe911@example.com,N6 8EP,,2022-04-25,Telephone,0,Inactive,2025-02-04
912,Olive,Sandoval,1975-12-12,olive.sandoval912@example.com,L10 5LD,West Midlands,2018-12-10,Partner,0,Active,2020-06-25
913,Eleanor,Iqbal,1970-11-01,eleanor.iqbal913@example.com,g145pr,South East,2024-07-11,Direct Mail,1,Lapsed,2025-04-25
914,Noah,Mensah,1951-07-03,noah.mensah914@example.com,l177rl,South West,2022-06-24,Telephone,1,Active,2023-05-03
915,Omar,Uddin,1959-05-08,omar.uddin915@example.com,b273sy,Yorkshire & Humber,2022-09-23,Web,0,Active,2025-09-08
916,Olive,Gill,1983-09-01,olive.gill916@example.com,M12 2GG,North East,2021-06-04,Event,0,Active,2024-11-03
917,Maya,Thornbury,1978-10-06,maya.thornbury917@example.com,L3 2ZD,South West,2024-06-09,Social,0,Lapsed,2024-12-17
918,Rosa,Sandoval,1997-04-08,rosa.sandoval918@example.com,EH12 4SF,North East,2021-02-03,Telephone,0,Lapsed,2022-12-20
919,Sian,Quainton,1957-01-18,sian.quainton919@example.com,M8 5RJ,Wales,2024-06-07,Web,0,Lapsed,2025-03-08
920,Isaac,Lindqvist,1964-12-07,isaac.lindqvist920@example.com,BT27 8SQ,East Midlands,2025-05-24,Direct Mail,1,Lapsed,2025-07-31
921,Lucy,Thornbury,1988-06-12,lucy.thornbury921@example.com,NE14 6YS,North West,2021-04-08,Event,0,Inactive,2024-01-29
922,Chloe,Yeboah,1994-04-07,chloe.yeboah922@example.com,NE11 3EL,East Midlands,2020-11-30,Telephone,1,Active,2022-06-04
923,Harun,Yeboah,1948-07-21,harun.yeboah923@example.com,L2 5XZ,East Midlands,2024-09-06,Direct Mail,1,Deceased,2025-08-29
924,Deborah,Rashid,1969-01-23,deborah.rashid924@example.com,SE8 5DS,East Midlands,2026-03-14,Social,0,Active,2026-06-04
925,Jasmin,Mensah,1993-05-17,jasmin.mensah925@example.com,BT32 2BJ,North East,2017-12-24,Partner,0,Active,2021-05-05
926,Lucy,Bright,1948-02-04,lucy.bright926@example.com,EH11 4ZQ,South West,2024-04-10,Telephone,1,Inactive,2025-09-13
927,Sian,Bright,1975-10-18,sian.bright927@example.com,M9 2JN,East Midlands,2021-09-08,Telephone,1,Inactive,2025-05-10
928,Harun,Abiola,1959-05-27,harun.abiola928@example.com,EH30 4GQ,South West,2025-07-25,Direct Mail,0,Lapsed,2026-03-31
929,Fatima,Duffy,1950-06-04,fatima.duffy929@example.com,B27 4QB,East of England,2022-07-01,Partner,0,Deceased,2023-06-20
930,Rosa,Hargreaves,2002-02-26,rosa.hargreaves930@example.com,B8 2BQ,Northern Ireland,2023-01-28,Partner,0,Active,2023-08-02
931,Harun,Ellery,1981-10-04,harun.ellery931@example.com,EH28 6TT,London,2020-06-11,Partner,0,Active,2025-07-03
932,Jasmin,Wainwright,1951-08-08,jasmin.wainwright932@example.com,N13 3RT,South West,2018-11-30,Telephone,0,Active,2026-03-07
933,Emeka,Grewal,1955-02-25,emeka.grewal933@example.com,sw241dd,East Midlands,2021-10-25,Event,0,Active,2023-10-22
934,Jasmin,Pemberton,1969-07-23,jasmin.pemberton934@example.com,BS4 1PJ,North West,2019-05-23,Telephone,0,Active,2020-02-15
935,Ben,Kowalski,1953-06-12,ben.kowalski935@example.com,BT39 6ZT,East Midlands,2018-10-22,Telephone,0,Active,2024-05-05
936,Rachel,Bright,1994-10-01,rachel.bright936@example.com,BT33 6TZ,West Midlands,2021-07-22,Event,0,Active,2023-09-27
937,Mahmoud,Abiola,1969-03-24,mahmoud.abiola937@example.com,LS33 6ZN,South West,2024-11-05,Direct Mail,1,Active,2025-04-30
938,Gareth,Vasquez,2005-03-19,,LS9 9FZ,Northern Ireland,2021-05-14,Web,0,Lapsed,2023-02-09
939,Zara,Iqbal,1951-06-16,zara.iqbal939@example.com,BS6 9NY,East Midlands,2022-08-09,Telephone,0,Active,2022-11-19
940,Rhys,Baptiste,1953-02-07,rhys.baptiste940@example.com,EH4 2PA,East of England,2020-07-03,Telephone,1,Active,2020-12-21
941,Deborah,Jarvis,1993-05-01,deborah.jarvis941@example.com,NE22 7RN,Wales,2021-03-18,Event,0,Active,2026-07-19
942,Rhys,Okafor,1978-04-28,rhys.okafor942@example.com,B7 8WQ,East of England,2017-07-22,Partner,0,Active,2017-12-22
943,Leah,Gill,1980-07-04,leah.gill943@example.com,L11 8EP,South East,2017-01-19,Event,1,Active,2017-12-31
944,Rhys,Dalgleish,1981-04-09,rhys.dalgleish944@example.com,SW28 4AN,West Midlands,2025-12-20,Direct Mail,1,Active,2026-07-18
945,Grace,Sharpe,1973-10-26,grace.sharpe945@example.com,NE32 4TF,South East,2025-12-02,Social,1,Active,2026-05-10
946,Gareth,Baptiste,1977-11-12,,BS24 4YP,Yorkshire & Humber,2025-11-14,Web,1,Active,2026-08-13
947,Deborah,Mensah,1947-07-10,deborah.mensah947@example.com,M5 2LG,Scotland,2023-08-06,Telephone,1,Active,2024-04-15
948,Callum,Whitlock,1948-08-08,callum.whitlock948@example.com,EH5 7YU,Yorkshire & Humber,2020-09-20,Telephone,0,Active,2021-01-11
949,Joseph,Ellery,1946-08-03,joseph.ellery949@example.com,G33 6PP,South West,2016-12-01,Event,1,Lapsed,2025-03-21
950,Mahmoud,Mensah,1960-08-24,mahmoud.mensah950@example.com,CF26 5GY,East of England,2025-01-10,Direct Mail,1,Active,2025-11-24
951,Gareth,Wainwright,1998-03-17,gareth.wainwright951@example.com,LS12 2LW,Scotland,2024-11-09,Social,0,Active,2026-04-11
952,Liam,Abiola,1977-01-12,liam.abiola952@example.com,N5 7ZG,West Midlands,2022-12-24,Telephone,0,Lapsed,2025-08-16
953,Leah,Whitlock,1956-01-17,leah.whitlock953@example.com,CF23 9ZA,West Midlands,2019-07-23,Partner,0,Inactive,2023-09-02
954,Noah,Rashid,1990-11-10,noah.rashid954@example.com,N32 1EE,South East,2023-10-21,Web,1,Lapsed,2025-12-23
955,Noah,Thornbury,1959-05-08,noah.thornbury955@example.com,M28 5XA,South West,2021-11-19,Web,1,Lapsed,2023-12-23
956,Deborah,Nkemelu,1975-04-12,deborah.nkemelu956@example.com,NE40 3BB,West Midlands,2022-07-19,Telephone,0,Lapsed,2024-05-05
957,Sian,Uddin,1976-10-05,sian.uddin957@example.com,G19 9DT,Yorkshire & Humber,2021-06-29,Telephone,1,Active,2026-05-29
958,Wei,Baptiste,1990-08-03,wei.baptiste958@example.com,BS26 6XU,North West,2022-01-20,Partner,0,Active,2026-07-14
959,Gareth,Pemberton,1963-06-24,gareth.pemberton959@example.com,CF25 3BR,North West,2024-03-08,Direct Mail,0,Active,2026-06-27
960,Priya,Chen,1948-03-02,priya.chen960@example.com,BT32 5NH,South West,2021-10-04,Partner,1,Active,2023-06-02
961,Emeka,Gill,1948-06-13,emeka.gill961@example.com,M32 2FH,South West,2021-01-24,Web,0,Active,2023-04-14
962,Priya,Abiola,1946-06-15,priya.abiola962@example.com,BT18 8RF,Wales,2021-08-13,Web,1,Lapsed,2026-04-01
963,Eleanor,Quainton,1950-07-27,eleanor.quainton963@example.com,CF7 3BX,London,2024-08-01,Direct Mail,1,Activ,2025-06-03
964,Ben,Dalgleish,1964-12-25,ben.dalgleish964@example.com,L32 9ZQ,London,2024-07-26,Social,1,Active,2024-12-28
965,Ben,Fenton,1976-12-03,ben.fenton965@example.com,N32 3BT,Scotland,2019-04-09,Partner,1,Active,2020-02-14
966,Amara,Vasquez,1949-01-03,amara.vasquez966@example.com,L8 8JU,West Midlands,2022-12-07,Web,1,Active,2026-03-22
967,Imogen,Nkemelu,2003-02-13,imogen.nkemelu967@example.com,BT28 7HU,Scotland,2026-03-22,Direct Mail,0,Active,2026-06-29
968,Emeka,Grewal,1967-12-20,emeka.grewal968@example.com,LS19 9UD,East Midlands,2026-02-18,Direct Mail,0,Lapsed,2026-05-10
969,Rosa,Gill,1987-12-28,rosa.gill969@example.com,SE18 8UX,Scotland,2018-08-22,Event,0,Inactive,2021-02-08
970,Olive,Jarvis,1964-11-09,olive.jarvis970@example.com,BS22 1TG,West Midlands,2024-07-20,Direct Mail,1,Active,2025-05-10
971,Yusuf,Rashid,1986-04-02,yusuf.rashid971@example.com,G25 3NH,Wales,2025-08-01,Social,1,Active,2026-06-17
972,Harun,Zielinski,1986-04-28,harun.zielinski972@example.com,NE19 2YG,London,2019-05-28,Event,0,Active,2021-03-25
973,Harun,Iqbal,1980-10-16,harun.iqbal973@example.com,L33 1SR,Scotland,2022-01-18,Event,1,Active,2025-01-04
974,Leah,Okafor,1980-04-17,leah.okafor974@example.com,LS18 8BB,London,2024-07-18,Telephone,1,Active,2025-04-28
975,Priya,Gill,1963-05-27,priya.gill975@example.com,SE18 5JY,,2022-02-13,Web,0,Active,2024-10-08
976,Rachel,Zielinski,2002-11-09,,SE1 3BN,Scotland,2024-08-14,Telephone,1,Inactive,2024-10-03
977,Sian,Sandoval,1967-06-16,sian.sandoval977@example.com,LS30 3RL,London,2018-04-02,Partner,1,Lapsed,2019-12-08
978,Freya,Tewari,1977-01-19,freya.tewari978@example.com,BT27 2ZG,East of England,2022-12-07,Telephone,1,Active,2025-03-12
979,Leah,Tewari,1981-09-11,leah.tewari979@example.com,M39 6UH,North West,2018-06-09,Telephone,1,Active,2025-10-28
980,Noah,Grewal,1947-09-04,noah.grewal980@example.com,BT18 3LJ,North East,2024-12-31,Social,0,Active,2025-11-16
981,Daniel,Bright,1996-10-27,daniel.bright981@example.com,BS18 8AY,Yorkshire & Humber,2020-07-29,Telephone,1,Lapsed,2024-12-17
982,Amara,Iqbal,1974-09-27,amara.iqbal982@example.com,EH8 9SD,Scotland,2024-11-16,Direct Mail,1,Active,2026-06-20
983,Omar,Lindqvist,1974-09-07,omar.lindqvist983@example.com,G13 2LS,West Midlands,2017-08-05,Partner,1,Lapsed,2023-02-17
984,Leah,Bright,2002-07-04,leah.bright984@example.com,ne155ag,North West,2025-01-13,Direct Mail,0,Active,2026-05-20
985,Gareth,Tewari,1990-07-08,gareth.tewari985@example.com,B28 4DW,Northern Ireland,2025-02-14,Direct Mail,1,Active,2025-05-06
986,Zara,Vasquez,1957-08-06,zara.vasquez986@example.com,EH12 7PE,West Midlands,2025-05-12,Social,0,Lapsed,2025-10-24
987,Karolina,Kowalski,1999-08-01,karolina.kowalski987@example.com,NE18 8QW,East Midlands,2017-09-16,Partner,0,Active,2018-02-20
988,Noah,Baptiste,1977-11-24,noah.baptiste988@example.com,L26 8YN,West Midlands,2025-04-25,Web,1,Active,2025-08-21
989,Imogen,Kowalski,1975-01-14,imogen.kowalski989@example.com,EH1 4HD,North West,2017-10-28,Event,1,Active,2025-06-14
990,Olive,Whitlock,1957-02-17,olive.whitlock990@example.com,LS39 3EN,East Midlands,2020-06-04,Telephone,0,Active,2023-06-24
991,Omar,Rashid,1981-08-20,omar.rashid991@example.com,B1 2LS,West Midlands,2021-09-27,Event,1,Active,2022-05-26
992,Deborah,Tewari,1948-05-07,deborah.tewari992@example.com,G39 8ZS,Scotland,2019-04-27,Event,0,Deceased,2020-07-11
993,Rachel,Quainton,1973-06-07,rachel.quainton993@example.com,BS10 6UF,South East,2024-07-01,Direct Mail,0,Active,2024-11-11
994,Chloe,Mensah,1962-02-27,chloe.mensah994@example.com,NE10 5HU,East Midlands,2021-01-26,Web,0,Active,2025-07-29
995,Hannah,Baptiste,1970-06-03,hannah.baptiste995@example.com,BT7 1ZL,East of England,2022-03-01,Web,1,Active,2023-03-03
996,Uche,Duffy,1992-02-23,uche.duffy996@example.com,N23 9YX,North West,2021-01-16,Partner,1,Active,2024-05-08
997,Lucy,Iqbal,2005-07-10,lucy.iqbal997@example.com,BS7 9SD,London,2024-05-04,Web,1,Active,2024-06-23
998,Liam,Abiola,1994-07-07,liam.abiola998@example.com,CF32 4WU,West Midlands,2019-05-20,Event,1,Active,2020-09-02
999,Gareth,Abiola,1964-02-11,,L36 8BF,East Midlands,2017-02-02,Event,1,Active,2024-02-29
1000,Elliot,Whitlock,1989-06-14,elliot.whitlock1000@example.com,CF3 5SG,Wales,2021-04-26,Partner,1,Active,2022-01-25
1001,Omar,Uddin,2001-10-06,omar.uddin1001@example.com,BS38 4GY,Scotland,2022-07-06,Web,1,Lapsed,2024-03-03
1002,Karolina,Wainwright,1958-10-23,karolina.wainwright1002@example.com,LS38 2PU,Wales,2022-10-29,Social,1,Active,2026-06-19
1003,Verity,Grewal,1989-02-19,verity.grewal1003@example.com,L23 4QR,North East,2022-07-06,Telephone,0,Active,2026-02-17
1004,Fatima,Okafor,1956-11-21,fatima.okafor1004@example.com,L7 3ZD,North West,2018-06-15,Partner,0,Lapsed,2024-05-25
1005,Omar,Chen,1986-08-27,omar.chen1005@example.com,L31 8WJ,Wales,2020-01-23,Telephone,1,Active,2020-05-01
1006,Yusuf,Hargreaves,1959-01-04,yusuf.hargreaves1006@example.com,N20 9BE,East of England,2024-02-20,Telephone,0,Inactive,2024-12-02
1007,Grace,Ahmed,2003-09-25,grace.ahmed1007@example.com,G13 7XP,East Midlands,2026-05-20,Direct Mail,0,Lapsed,2026-07-08
1008,Leah,Gill,1997-07-22,leah.gill1008@example.com,SW23 2TS,Northern Ireland,2024-01-10,Social,0,Lapsed,2025-03-24
1009,Wei,Wainwright,2002-10-21,wei.wainwright1009@example.com,L9 9NW,South West,2019-12-07,Event,0,Active,2021-11-27
1010,Zainab,Baptiste,1950-03-02,zainab.baptiste1010@example.com,NE36 2BU,West Midlands,2023-09-09,Social,0,Active,2025-03-12
1011,Daniel,Thornbury,1953-01-05,daniel.thornbury1011@example.com,B5 4YG,West Midlands,2022-04-27,Telephone,1,Lapsed,2024-07-13
1012,Daniel,Grewal,1948-10-08,daniel.grewal1012@example.com,CF33 9ZB,Yorkshire & Humber,2024-01-23,Social,1,Lapsed,2025-05-09
1013,Zara,Pemberton,1998-09-01,zara.pemberton1013@example.com,G28 8NF,South East,2024-05-09,Direct Mail,1,Inactive,2026-07-07
1014,Chloe,Carrick,1993-01-22,chloe.carrick1014@example.com,SE2 4BS,Northern Ireland,2024-07-08,Social,1,Active,2025-08-14
1015,Zainab,Quainton,1983-08-11,zainab.quainton1015@example.com,SE6 8XJ,London,2024-05-02,Web,0,Active,2025-04-13
1016,Maya,Vasquez,1996-02-14,maya.vasquez1016@example.com,M16 1QU,North East,2020-10-25,Web,1,Active,2023-12-21
1017,Jasmin,Quainton,1953-09-24,jasmin.quainton1017@example.com,G28 7ZA,Scotland,2021-06-07,Web,0,Inactive,2024-09-04
1018,Isaac,Quainton,1976-05-03,isaac.quainton1018@example.com,L22 6JW,London,2017-06-24,Event,1,Inactive,2020-12-11
1019,Noah,Morrow,1966-06-25,noah.morrow1019@example.com,G35 6XJ,London,2023-11-09,Direct Mail,1,Active,2025-05-02
1020,Tariq,Quainton,2000-06-10,tariq.quainton1020@example.com,BT21 8QL,West Midlands,2022-05-03,Web,0,Active,2026-08-11
1021,Kai,Okafor,1982-07-14,kai.okafor1021@example.com,sw309gn,North East,2023-11-18,Partner,1,Inactive,2024-11-07
1022,Rhys,Lindqvist,1992-02-07,rhys.lindqvist1022@example.com,L11 3FR,South West,2025-03-09,Direct Mail,1,Active,2025-05-11
1023,Aisha,Quainton,2000-07-17,aisha.quainton1023@example.com,BS28 7AW,South West,2024-06-20,Direct Mail,1,Active,2026-04-14
1024,Emeka,Nkemelu,1949-11-14,,B5 9QP,London,2023-04-27,Partner,1,Lapsed,2023-08-17
1025,Daniel,Gill,1965-07-22,daniel.gill1025@example.com,EH33 2XZ,Northern Ireland,2023-08-28,Telephone,0,Active,2026-02-17
1026,Zara,Baptiste,1962-03-23,zara.baptiste1026@example.com,L10 2ZT,London,2017-06-09,Partner,0,Active,2023-11-11
1027,Daniel,Morrow,1970-10-04,daniel.morrow1027@example.com,M11 1DU,Yorkshire & Humber,2021-04-26,Partner,0,Active,2024-11-25
1028,Amara,Bright,1967-06-01,amara.bright1028.example.com,SW22 8WR,Scotland,2019-05-02,Event,0,Active,2023-05-17
1029,Olive,Carrick,1991-12-05,olive.carrick1029@example.com,EH35 9UW,East of England,2023-05-16,Telephone,1,Active,2023-07-19
1030,Rachel,Abiola,1980-08-03,rachel.abiola1030@example.com,BS29 1AU,South West,2021-11-09,Event,Y,Lapsed,2023-10-01
1031,Hannah,Abiola,1987-04-22,hannah.abiola1031@example.com,BT31 4XG,Northern Ireland,2024-04-28,Web,0,Lapsed,2025-11-30
1032,Emeka,Wainwright,2002-08-03,emeka.wainwright1032@example.com,B26 3YB,East of England,2025-09-14,Web,1,Inactive,2026-02-08
1033,Yusuf,Bright,1948-08-21,yusuf.bright1033@example.com,CF18 9AR,West Midlands,2021-11-06,Web,1,Active,2024-10-07
1034,Rachel,Tewari,1968-01-04,rachel.tewari1034@example.com,se87ns,South East,2018-08-27,Partner,1,Active,2025-10-03
1035,Wei,Zielinski,1978-11-03,wei.zielinski1035@example.com,B27 3HW,Wales,2025-05-20,Web,1,Active,2025-07-14
1036,Sian,Okafor,1992-11-24,sian.okafor1036@example.com,EH14 9GX,Wales,2022-05-21,Web,1,Lapsed,2024-03-01
1037,Isaac,Nkemelu,1980-02-18,isaac.nkemelu1037@example.com,B22 3XE,East Midlands,2021-07-06,Event,1,Active,2023-08-18
1038,Mahmoud,Ellery,1997-03-21,mahmoud.ellery1038@example.com,BT23 9JE,East of England,2025-11-11,Direct Mail,1,Active,2025-12-30
1039,Joseph,Abiola,1965-02-10,,ne302yh,North West,2024-01-10,Web,0,Active,2024-11-13
1040,Tariq,Jarvis,1991-11-07,tariq.jarvis1040@example.com,SW36 1YA,Yorkshire & Humber,2025-03-14,Web,1,Inactive,2025-06-25
1041,Karolina,Wainwright,1953-10-23,karolina.wainwright1041@example.com,M31 8GQ,Northern Ireland,2022-12-24,Partner,0,Inactive,2024-11-26
1042,Priya,Morrow,1982-07-03,priya.morrow1042@example.com,G28 1WE,London,2021-02-24,Partner,0,Active,2024-12-16
1043,Imogen,Bright,1967-04-09,imogen.bright1043@example.com,BT11 4BT,East of England,2024-03-23,Web,0,Active,2025-04-03
1044,Omar,Hargreaves,1964-01-26,omar.hargreaves1044@example.com,G13 5YZ,Northern Ireland,2017-12-27,Event,0,Lapsed,2023-01-06
1045,Maya,Jarvis,1980-06-04,maya.jarvis1045@example.com,NE11 2NE,Wales,2020-11-27,Telephone,0,Active,2023-02-28
1046,Freya,Kowalski,1997-12-02,freya.kowalski1046@example.com,SW10 4AE,East Midlands,2020-03-07,Event,0,Lapsed,2023-03-11
1047,Callum,Thornbury,1993-09-23,callum.thornbury1047@example.com,LS40 2SW,South East,2021-10-11,Partner,0,Active,2022-06-21
1048,Rachel,Duffy,2003-06-12,rachel.duffy1048@example.com,EH37 4BT,South West,2017-11-29,Event,1,Lapsed,2026-07-09
1049,Mahmoud,Baptiste,1998-03-27,mahmoud.baptiste1049@example.com,SE39 2NB,South West,2017-02-14,Event,1,Lapsed,2020-11-12
1050,Zara,Thornbury,2005-08-07,zara.thornbury1050@example.com,LS32 8GA,North West,2021-04-30,Web,0,Inactive,2024-02-06
1051,Theo,Bright,1976-10-18,theo.bright1051@example.com,BT28 3QP,South East,2019-03-15,Event,1,Active,2024-04-08
1052,Zara,Tewari,1983-02-19,zara.tewari1052@example.com,NE24 8ST,Scotland,2021-09-26,Event,0,Active,2024-01-16
1053,Joseph,Zielinski,1967-11-11,joseph.zielinski1053@example.com,ls82fu,London,2023-06-30,Web,0,Active,2025-02-11
1054,Jasmin,Carrick,1956-10-25,jasmin.carrick1054@example.com,N26 8XH,East Midlands,2024-12-29,Direct Mail,0,Active,2025-11-10
1055,Maya,Jarvis,1956-12-01,maya.jarvis1055@example.com,L38 5WG,North East,2025-02-01,Direct Mail,0,Active,2026-02-06
1056,Leah,Baptiste,2000-03-12,leah.baptiste1056.example.com,BS6 2RW,West Midlands,2023-06-18,Social,0,Deceased,2024-12-16
1057,Daniel,Whitlock,1957-08-13,daniel.whitlock1057@example.com,SE13 4BU,East Midlands,2024-05-06,Web,1,Active,2025-09-22
1058,Noah,Mensah,1999-08-22,noah.mensah1058@example.com,LS17 5RS,Wales,2024-09-19,Direct Mail,1,Lapsed,2025-08-17
1059,Samuel,Iqbal,1985-09-19,samuel.iqbal1059@example.com,LS15 7ST,Scotland,2018-02-26,Event,1,Lapsed,2026-01-30
1060,Theo,Sharpe,2000-05-17,theo.sharpe1060@example.com,BS40 7YA,South West,2022-10-06,Web,1,Inactive,2024-08-30
1061,Daniel,Whitlock,1971-12-19,daniel.whitlock1061@example.com,B21 4GR,Yorkshire & Humber,2022-01-14,Web,1,Active,2023-05-25
1062,Freya,Jarvis,2005-05-03,freya.jarvis1062@example.com,G12 5DA,North West,2021-01-18,Partner,1,Lapsed,2026-01-12
1063,Harun,Grewal,1995-09-11,harun.grewal1063@example.com,M5 3JH,Wales,2019-07-27,Telephone,0,Inactive,2026-04-29
1064,Amara,Rashid,1981-03-22,amara.rashid1064@example.com,L40 5DX,North East,2023-01-20,Web,1,Lapsed,2024-11-23
1065,Maya,Vasquez,1960-04-15,maya.vasquez1065@example.com,CF28 8WU,Yorkshire & Humber,2024-11-10,Direct Mail,0,Active,2025-03-19
1066,Emeka,Wainwright,1954-09-04,emeka.wainwright1066@example.com,B3 2QB,North East,2022-10-02,Partner,1,Active,2024-05-05
1067,Joseph,Kowalski,1970-02-25,joseph.kowalski1067@example.com,cf306hr,Yorkshire & Humber,2019-02-12,Telephone,1,Active,2021-01-21
1068,Priya,Chen,1984-10-11,priya.chen1068@example.com,L35 8WD,Scotland,2024-11-30,Direct Mail,1,Active,2025-04-07
1069,Harun,Kowalski,1989-06-08,harun.kowalski1069@example.com,BT4 5DX,North East,2022-06-11,Social,0,Active,2023-10-03
1070,Hannah,Fenton,1967-06-12,hannah.fenton1070@example.com,CF19 7EX,London,2026-10-22,Event,0,Active,2024-07-04
1071,Leah,Fenton,1952-03-05,leah.fenton1071@example.com,CF37 7DE,London,2024-01-29,Web,1,Active,2026-08-03
1072,Niamh,Ellery,1965-06-24,niamh.ellery1072@example.com,L16 5PJ,Scotland,2020-07-27,Partner,0,Active,2023-10-11
1073,Yusuf,Sandoval,1946-07-19,yusuf.sandoval1073@example.com,EH18 6PP,Yorkshire & Humber,2020-03-07,Partner,0,Active,2023-07-21
1074,Maya,Ellery,1967-06-23,maya.ellery1074@example.com,b349hg,Scotland,2021-08-24,Web,0,Active,2026-03-25
1075,Grace,Rashid,1952-12-12,grace.rashid1075@example.com,EH9 8HD,Wales,2023-06-03,Direct Mail,0,Lapsed,2026-01-16
1076,Jasmin,Sandoval,1964-08-07,,bs349qs,East Midlands,2024-12-08,Telephone,0,Active,2025-03-02
1077,Olive,Jarvis,1996-09-05,olive.jarvis1077@example.com,SE34 9DW,West Midlands,2025-09-24,Direct Mail,1,Active,2026-04-17
1078,Karolina,Chen,1991-05-24,karolina.chen1078@example.com,B14 2WX,Scotland,2022-04-26,Web,0,Active,2022-06-27
1079,Freya,Uddin,1971-12-21,freya.uddin1079@example.com,BT39 4WW,South East,2023-01-21,Partner,0,Active,2024-05-24
1080,Zara,Morrow,1969-02-16,zara.morrow1080@example.com,M16 7NY,East Midlands,2019-12-27,Partner,0,Lapsed,2021-07-07
1081,Freya,Iqbal,1951-06-27,freya.iqbal1081@example.com,SW4 3PG,North East,2026-03-08,Direct Mail,0,Lapsed,2026-06-19
1082,Theo,Baptiste,1948-05-27,theo.baptiste1082@example.com,N36 1DT,Northern Ireland,2021-01-11,Telephone,0,Active,2024-07-14
1083,Liam,Ellery,1981-03-28,liam.ellery1083@example.com,B30 7XH,Wales,2024-12-29,Web,1,Deceased,2025-05-20
1084,Maya,Gill,1976-04-08,maya.gill1084@example.com,cf115qe,Yorkshire & Humber,2025-08-24,Social,1,Active,2026-02-23
1085,Amara,Mensah,1972-01-25,amara.mensah1085@example.com,N6 8YX,South West,2022-05-28,Partner,0,Active,2023-08-27
1086,Sian,Carrick,1977-01-16,sian.carrick1086@example.com,BS19 5WD,North West,2017-12-25,Event,1,Lapsed,2019-03-19
1087,Grace,Rashid,1984-12-05,grace.rashid1087@example.com,b125xy,South East,2020-09-10,Event,0,Active,2024-05-21
1088,Jasmin,Bright,1993-09-26,jasmin.bright1088@example.com,L23 9PT,Scotland,2023-09-19,Social,0,Lapsed,2025-09-28
1089,Leah,Iqbal,2001-02-10,leah.iqbal1089@example.com,L20 3AA,West Midlands,2025-04-11,Direct Mail,0,Active,2025-12-04
1090,Sofia,Quainton,1994-06-08,sofia.quainton1090@example.com,BT27 7UE,Scotland,2022-03-11,Event,1,Active,2024-04-16
1091,Amara,Bright,1958-07-11,amara.bright1091@example.com,M18 4JR,East of England,2024-01-04,Telephone,1,Active,2024-10-27
1092,Amara,Duffy,1986-02-01,amara.duffy1092@example.com,L10 2EG,West Midlands,2021-01-22,Event,1,Active,2024-04-07
1093,Freya,Rashid,1978-12-20,freya.rashid1093@example.com,EH30 3ZH,East Midlands,2021-05-23,Partner,N,Active,2025-11-08
1094,Jasmin,Nkemelu,2004-10-06,jasmin.nkemelu1094@example.com,LS38 7LE,Scotland,2018-06-27,Telephone,0,Active,2025-11-19
1095,Aisha,Kowalski,1977-05-23,aisha.kowalski1095@example.com,se236yp,West Midlands,2018-08-25,Partner,0,Active,2021-12-06
1096,Karolina,Whitlock,1976-03-24,,LS28 5DA,North East,2022-11-13,Partner,1,Active,2026-07-23
1097,Rosa,Gill,1996-07-17,rosa.gill1097@example.com,B19 6ZN,Yorkshire & Humber,2019-03-25,Telephone,0,Active,2026-08-16
1098,Daniel,Yeboah,1946-10-07,daniel.yeboah1098@example.com,EH24 6ZE,South East,2023-07-27,Social,0,Active,2026-01-27
1099,Niamh,Okafor,1966-07-22,niamh.okafor1099@example.com,EH16 4ZL,North East,2019-08-23,Event,1,Active,2021-02-13
1100,Rachel,Wainwright,1985-12-14,rachel.wainwright1100.example.com,L4 2NZ,West Midlands,2024-03-04,Social,1,Active,2026-04-23
1101,Harun,Iqbal,1994-02-03,harun.iqbal1101@example.com,M23 2TL,North West,2016-12-27,Event,0,Active,2019-05-22
1102,Isaac,Iqbal,1981-12-27,isaac.iqbal1102@example.com,L16 7ZD,East Midlands,2021-12-11,Event,1,Lapsed,2026-02-27
1103,Hannah,Whitlock,1955-01-28,hannah.whitlock1103@example.com,B16 1LX,East of England,2024-02-20,Direct Mail,0,Active,2026-06-18
1104,Aisha,Mensah,1964-09-02,aisha.mensah1104@example.com,eh359hr,South East,2025-06-28,Web,0,Active,2026-05-28
1105,Harun,Okafor,1965-07-13,harun.okafor1105@example.com,N37 3QH,North West,2018-10-02,Partner,0,Inactive,2022-05-09
1106,Deborah,Sandoval,1967-11-27,deborah.sandoval1106@example.com,CF6 2FE,North East,2024-03-04,Social,1,Active,2026-02-14
1107,Olive,Tewari,1946-04-11,olive.tewari1107@example.com,LS10 3SU,East of England,2021-06-27,Event,0,Lapsed,2022-07-10
1108,Isaac,Dalgleish,1979-08-05,isaac.dalgleish1108@example.com,EH31 9RQ,South West,2021-06-29,Web,1,Lapsed,2026-04-22
1109,Olive,Quainton,1997-08-04,olive.quainton1109@example.com,SW21 3WQ,Northern Ireland,2024-11-30,Social,1,Lapsed,2025-11-07
1110,Theo,Rashid,1990-06-27,theo.rashid1110@example.com,NE18 4NY,North West,2018-04-10,Partner,1,Lapsed,2024-12-19
1111,Isaac,Hargreaves,2000-09-18,isaac.hargreaves1111@example.com,L22 3GG,,2026-01-19,Direct Mail,0,Active,2026-07-04
1112,Liam,Ellery,1948-09-16,liam.ellery1112@example.com,N36 9TF,London,2018-03-22,Partner,1,Active,2018-12-23
1113,Olive,Sharpe,1982-11-08,olive.sharpe1113@example.com,SE3 2AQ,North East,2022-08-23,Web,0,Active,2026-06-18
1114,Wei,Quainton,1971-09-24,wei.quainton1114@example.com,NE1 4YP,Northern Ireland,2018-02-26,Event,1,Lapsed,2020-07-28
1115,Omar,Baptiste,1981-08-03,omar.baptiste1115@example.com,BS37 3GA,Scotland,2022-05-02,Partner,0,Lapsed,2024-03-08
1116,Wei,Rashid,2006-10-28,wei.rashid1116@example.com,G3 3EW,Scotland,2023-08-10,Direct Mail,0,Active,2023-11-14
1117,Priya,Vasquez,1982-06-05,priya.vasquez1117@example.com,B39 7DR,North East,2024-05-28,Telephone,0,Active,2025-07-30
1118,Uche,Zielinski,1954-08-21,uche.zielinski1118@example.com,BS19 6XR,West Midlands,2021-01-30,Event,1,Inactive,2021-06-27
1119,Samuel,Duffy,1949-05-06,samuel.duffy1119@example.com,SE37 7JY,West Midlands,2025-11-18,Direct Mail,0,Active,2026-02-17
1120,Sian,Lindqvist,2005-01-14,sian.lindqvist1120@example.com,EH5 2NR,East of England,2019-02-26,Telephone,0,Active,2025-07-23
1121,Mahmoud,Sharpe,1970-04-17,mahmoud.sharpe1121@example.com,M38 4DX,Yorkshire & Humber,2023-10-25,Direct Mail,1,Active,2024-12-25
1122,Tariq,Vasquez,1991-10-23,tariq.vasquez1122@example.com,L19 3BY,North East,2023-12-28,Web,0,Lapsed,2026-04-17
1123,Theo,Mensah,1965-02-03,theo.mensah1123@example.com,CF14 2BU,West Midlands,2023-03-21,Telephone,1,Active,2025-04-06
1124,Rachel,Whitlock,2002-06-04,rachel.whitlock1124@example.com,SW1 6JJ,East of England,2019-06-17,Event,0,Active,2022-06-28
1125,Sofia,Chen,1975-03-02,sofia.chen1125@example.com,N34 5YJ,South East,2023-07-03,Partner,1,Active,2025-01-25
1126,Noah,Zielinski,1981-11-16,noah.zielinski1126@example.com,LS3 7AD,North East,2025-12-11,Web,0,Lapsed,2026-08-16
1127,Theo,Nkemelu,1989-03-08,theo.nkemelu1127@example.com,BT18 6UE,East of England,2020-05-25,Telephone,1,Active,2023-06-03
1128,Priya,Bright,1961-07-28,priya.bright1128@example.com,SW12 4RP,London,2024-03-22,Telephone,0,Active,2025-09-21
1129,Elliot,Okafor,1998-03-28,,L3 2LA,Wales,2019-11-22,Telephone,1,Deceased,2020-05-12
1130,Elliot,Duffy,1982-03-11,elliot.duffy1130@example.com,BS22 7BR,Yorkshire & Humber,2021-11-10,Telephone,0,Lapsed,2025-06-05
1131,Zainab,Whitlock,1946-12-20,zainab.whitlock1131@example.com,EH14 5WA,South West,2021-06-25,Event,0,Active,2023-10-09
1132,Rhys,Abiola,2004-08-02,rhys.abiola1132@example.com,CF37 2ES,South East,2018-04-22,Event,1,Active,2019-06-05
1133,Joseph,Kowalski,1948-03-18,joseph.kowalski1133@example.com,BT39 9LQ,South East,2024-10-31,Social,0,Active,2025-11-06
1134,Theo,Duffy,1964-03-14,theo.duffy1134@example.com,CF7 6RZ,Scotland,2025-05-15,Direct Mail,1,Lapsed,2026-01-16
1135,Rosa,Yeboah,1946-09-07,rosa.yeboah1135@example.com,B19 5RW,East Midlands,2025-07-04,Direct Mail,0,Lapsed,2026-08-11
1136,Callum,Okafor,1985-06-04,callum.okafor1136@example.com,SW23 5AP,South West,2023-06-24,Telephone,1,Inactive,2026-02-14
1137,Deborah,Duffy,1986-04-03,deborah.duffy1137@example.com,L39 3RX,London,2022-02-25,Partner,0,Lapsed,2024-02-21
1138,Karolina,Morrow,2000-11-22,karolina.morrow1138@example.com,M32 5GG,Wales,2026-06-17,Direct Mail,0,Active,2026-08-15
1139,Harun,Hargreaves,1980-02-13,harun.hargreaves1139@example.com,LS1 8DS,Northern Ireland,2022-03-04,Partner,0,Active,2024-01-29
1140,Omar,Wainwright,1969-05-11,omar.wainwright1140@example.com,M22 7QB,Wales,2026-03-23,Social,1,Active,2026-07-12
1141,Amara,Tewari,1991-09-02,amara.tewari1141@example.com,B9 8LP,Yorkshire & Humber,2017-12-09,Event,1,Active,2020-11-22
1142,Yusuf,Morrow,1982-08-04,yusuf.morrow1142@example.com,SE13 8HA,West Midlands,2023-02-01,Telephone,1,Active,2024-12-11
1143,Yusuf,Whitlock,1955-02-08,yusuf.whitlock1143@example.com,B16 7WX,East Midlands,2019-06-11,Event,1,Inactive,2020-04-10
1144,Sofia,Vasquez,1999-06-21,sofia.vasquez1144@example.com,b373tj,Northern Ireland,2021-03-08,Telephone,0,Deceased,2026-03-20
1145,Rhys,Mensah,1951-12-22,rhys.mensah1145@example.com,EH32 1AD,North West,2023-07-13,Direct Mail,0,Lapsed,2024-06-25
1146,Rosa,Morrow,1976-02-28,rosa.morrow1146@example.com,bt359gq,East Midlands,2017-10-04,Event,0,Active,2022-05-27
1147,Sofia,Bright,2003-04-28,sofia.bright1147@example.com,L33 5DD,South West,2026-06-04,Direct Mail,0,Active,2026-07-02
1148,Maya,Vasquez,1977-09-15,maya.vasquez1148@example.com,NE29 5AU,East of England,2023-02-25,Telephone,1,Lapsed,2025-01-23
1149,Elliot,Bright,1959-01-25,elliot.bright1149@example.com,NE26 6ZU,East Midlands,2017-09-19,Event,1,Active,2018-04-18
1150,Theo,Duffy,2006-08-04,theo.duffy1150@example.com,N18 3DN,South East,2025-05-06,Direct Mail,0,Lapsed,2025-07-27
1151,Niamh,Okafor,1947-03-21,niamh.okafor1151@example.com,SW10 6YE,East Midlands,2026-01-03,Direct Mail,0,Active,2026-07-10
1152,Niamh,Whitlock,1987-04-20,niamh.whitlock1152@example.com,ls15ar,Scotland,2023-01-11,Partner,0,Active,2025-01-03
1153,Sofia,Duffy,1963-08-13,sofia.duffy1153@example.com,bt295xu,South West,2021-03-10,Partner,0,Lapsed,2022-09-21
1154,Omar,Carrick,1978-06-27,omar.carrick1154@example.com,N8 2BL,London,2021-12-16,Web,1,Active,2024-06-06
1155,Harun,Kowalski,1949-10-03,harun.kowalski1155@example.com,L21 9TZ,North West,2023-01-17,Social,1,Active,2023-12-06
1156,Maya,Pemberton,1957-01-23,maya.pemberton1156.example.com,CF3 9EG,East Midlands,2017-11-11,Event,1,Lapsed,2024-08-16
1157,Ben,Pemberton,1971-07-16,,EH15 2QP,South East,2025-05-23,Web,1,Active,2026-07-10
1158,Leah,Grewal,2001-09-22,leah.grewal1158@example.com,BS28 5RG,West Midlands,2019-11-21,Event,1,Active,2023-02-21
1159,Lucy,Baptiste,1958-11-25,lucy.baptiste1159@example.com,EH1 4HD,Wales,2024-12-03,Direct Mail,1,Active,2025-07-19
1160,Yusuf,Gill,1984-10-25,yusuf.gill1160@example.com,LS30 1DU,Yorkshire & Humber,2025-12-28,Social,1,Active,2026-08-17
1161,Gareth,Uddin,1974-12-05,gareth.uddin1161@example.com,BS21 5EA,London,2025-05-25,Social,1,Active,2026-06-14
1162,Zainab,Abiola,1982-12-27,zainab.abiola1162@example.com,SE9 2BQ,East of England,2019-08-19,Telephone,0,Lapsed,2025-10-19
1163,Niamh,Iqbal,1989-02-24,niamh.iqbal1163@example.com,B14 1BL,Northern Ireland,2022-02-13,Event,0,Active,2023-01-29
1164,Callum,Baptiste,1973-07-11,callum.baptiste1164@example.com,se205qa,London,2017-01-12,Event,0,Active,2024-01-13
1165,Eleanor,Vasquez,1984-09-09,eleanor.vasquez1165@example.com,EH27 7JW,West Midlands,2024-05-18,Direct Mail,0,Lapsed,2024-11-02
1166,Imogen,Sharpe,1972-10-20,imogen.sharpe1166@example.com,CF12 3QD,London,2026-01-31,Social,1,Deceased,2026-05-30
1167,Karolina,Sandoval,1952-05-12,karolina.sandoval1167@example.com,NE6 8RN,North West,2022-10-13,Telephone,0,Active,2025-12-25
1168,Olive,Abiola,1957-03-15,olive.abiola1168@example.com,bs172lx,Northern Ireland,2017-05-06,Partner,1,Active,2024-07-26
1169,Lucy,Tewari,1975-12-12,lucy.tewari1169@example.com,BT2 7EE,West Midlands,2021-05-14,Telephone,1,Active,2021-06-07
1170,Kai,Whitlock,1960-01-04,kai.whitlock1170@example.com,BT35 4TS,Yorkshire & Humber,2020-05-23,Event,1,Lapsed,2024-01-08
1171,Zainab,Rashid,1972-10-14,zainab.rashid1171@example.com,EH34 7GA,London,2018-06-22,Telephone,1,Lapsed,2024-07-17
1172,Samuel,Lindqvist,1946-01-04,samuel.lindqvist1172@example.com,se381ul,London,2022-04-14,Social,0,Active,2022-12-04
1173,Chloe,Hargreaves,1963-05-05,chloe.hargreaves1173@example.com,SW24 4DF,South West,2022-09-21,Telephone,0,Active,2024-02-06
1174,Elliot,Wainwright,1967-12-13,elliot.wainwright1174@example.com,BS4 1RR,South East,2025-06-05,Social,1,Active,2025-11-23
1175,Zara,Tewari,1966-10-10,zara.tewari1175@example.com,L17 2BD,North West,2024-10-29,Direct Mail,0,Active,2026-06-14
1176,Kai,Zielinski,1982-08-25,kai.zielinski1176@example.com,NE40 2QJ,East Midlands,2020-11-11,Web,1,Active,2023-11-08
1177,Samuel,Mensah,1946-12-06,samuel.mensah1177@example.com,EH37 9YZ,South West,2019-08-21,Event,1,Inactive,2021-08-10
1178,Isaac,Bright,1971-11-27,isaac.bright1178@example.com,NE34 2QL,East Midlands,2021-06-06,Partner,0,Active,2021-12-17
1179,Fatima,Rashid,2001-04-09,fatima.rashid1179@example.com,CF37 7ZQ,North East,2023-11-11,Partner,0,Lapsed,2026-04-06
1180,Freya,Okafor,1960-12-18,freya.okafor1180@example.com,M30 9WY,North East,2021-09-18,Telephone,1,Active,2021-11-16
1181,Samuel,Thornbury,1966-11-27,samuel.thornbury1181@example.com,B23 4DB,South East,2022-05-24,Event,0,Active,2023-11-22
1182,Wei,Jarvis,1988-03-10,wei.jarvis1182@example.com,EH13 7RR,East Midlands,2017-10-22,Partner,1,Active,2017-12-25
1183,Grace,Baptiste,2001-07-24,grace.baptiste1183@example.com,BS10 4RS,East of England,2025-01-03,Social,1,Active,2025-02-08
1184,Grace,Quainton,1961-03-05,grace.quainton1184@example.com,G19 5GX,South East,2023-03-19,Web,0,Active,2025-05-22
1185,Zainab,Dalgleish,1950-01-15,zainab.dalgleish1185@example.com,SW27 6SH,Wales,2017-07-11,Event,1,Active,2023-02-17
1186,Chloe,Morrow,1957-09-26,chloe.morrow1186@example.com,BT38 2QA,North East,2020-06-21,Partner,1,Active,2024-10-05
1187,Niamh,Uddin,1976-10-12,niamh.uddin1187@example.com,BS35 4ND,Northern Ireland,2021-01-21,Telephone,0,Active,2022-11-03
1188,Jasmin,Thornbury,1989-05-19,jasmin.thornbury1188@example.com,BS35 9JB,North West,2026-04-16,Social,0,Active,2026-07-27
1189,Elliot,Ahmed,2005-04-08,elliot.ahmed1189@example.com,EH39 8BQ,Scotland,2022-12-19,Social,0,Active,2023-12-17
1190,Isaac,Tewari,1989-07-06,isaac.tewari1190@example.com,LS37 7YP,Yorkshire & Humber,2017-12-02,Partner,0,Active,2020-06-28
1191,Priya,Rashid,1998-02-14,priya.rashid1191@example.com,N24 3ZA,Wales,2024-11-03,Web,1,Active,2025-10-05
1192,Olive,Dalgleish,1973-06-13,olive.dalgleish1192@example.com,SE36 4WU,East Midlands,2025-01-21,Social,1,Active,2025-08-28
1193,Noah,Carrick,1958-09-11,noah.carrick1193@example.com,SW17 8TX,South West,2023-08-05,Direct Mail,1,Lapsed,2025-11-25
1194,Lucy,Lindqvist,2003-09-23,lucy.lindqvist1194@example.com,NE24 2ES,London,2019-08-03,Event,0,Active,2025-09-08
1195,Harun,Gill,1984-10-12,harun.gill1195@example.com,EH33 6FX,East Midlands,2025-08-18,Direct Mail,0,Lapsed,2026-04-26
1196,Yusuf,Yeboah,1960-12-28,yusuf.yeboah1196@example.com,CF32 6WY,North East,2020-08-21,Partner,0,Active,2022-03-05
1197,Grace,Nkemelu,2004-06-26,grace.nkemelu1197@example.com,se44pa,Wales,2022-11-02,Partner,0,Lapsed,2024-08-31
1198,Aisha,Morrow,1985-12-14,aisha.morrow1198@example.com,LS30 3QN,Wales,2023-04-04,Telephone,1,Inactive,2024-05-23
1199,Liam,Duffy,1973-02-12,liam.duffy1199@example.com,N38 5HE,North West,2021-11-02,Telephone,1,Inactive,2025-01-24
1200,Karolina,Iqbal,1984-09-25,karolina.iqbal1200@example.com,B35 8XQ,North West,2025-05-11,Social,1,Active,2026-02-06
1201,Kai,Gill,1961-11-22,kai.gill1201@example.com,BT29 8BJ,North East,2022-09-09,Social,1,Active,2022-09-25
1202,Lucy,Grewal,2002-04-11,lucy.grewal1202@example.com,SW12 7UW,Yorkshire & Humber,2020-01-17,Event,0,Active,2023-01-17
1203,Tariq,Thornbury,1963-11-17,tariq.thornbury1203@example.com,NE15 5ZW,South East,2020-05-20,Event,0,Active,2025-06-16
1204,Emeka,Wainwright,1987-04-16,emeka.wainwright1204@example.com,M32 5TG,East Midlands,2018-03-04,Event,0,Active,2021-11-08
1205,Zara,Grewal,1989-08-24,zara.grewal1205@example.com,NE28 6HG,East of England,2023-06-29,Direct Mail,1,Active,2025-07-04
1206,Sian,Tewari,1957-07-27,sian.tewari1206@example.com,CF21 2HJ,South West,2022-05-08,Event,0,Active,2026-05-31
1207,Chloe,Chen,1963-08-26,chloe.chen1207@example.com,N22 8JH,Scotland,2019-07-08,Event,0,Lapsed,2024-04-09
1208,Zara,Fenton,1999-10-08,zara.fenton1208@example.com,N20 9EQ,Northern Ireland,2024-10-03,Social,0,Active,2025-08-18
1209,Freya,Chen,1971-07-12,freya.chen1209@example.com,BT5 4WX,East of England,2021-12-27,Web,0,Deceased,2025-04-16
1210,Daniel,Wainwright,1992-10-09,daniel.wainwright1210@example.com,LS27 8NH,East of England,2025-01-19,Web,0,Inactive,2025-06-03
1211,Aisha,Nkemelu,1981-01-02,aisha.nkemelu1211@example.com,BT7 2ER,East of England,2025-08-30,Direct Mail,1,Active,2026-01-13
1212,Mahmoud,Sharpe,1979-09-12,mahmoud.sharpe1212@example.com,M25 7XD,Scotland,2023-07-07,Telephone,1,Active,2024-07-12
1213,Elliot,Zielinski,1987-06-19,elliot.zielinski1213@example.com,NE9 5DR,Northern Ireland,2026-05-25,Direct Mail,0,Active,2026-07-18
1214,Wei,Bright,2000-07-15,wei.bright1214@example.com,B12 8EW,West Midlands,2018-09-01,Telephone,0,Lapsed,2020-11-22
1215,Verity,Morrow,1946-01-08,verity.morrow1215@example.com,BT4 4HF,London,2020-03-22,Partner,1,Active,2023-11-23
1216,Amara,Carrick,1974-08-27,amara.carrick1216@example.com,CF29 5JL,East of England,2020-07-26,Partner,1,Inactive,2024-02-13
1217,Ben,Fenton,1957-04-14,ben.fenton1217@example.com,SW29 3BS,Scotland,2021-01-11,Telephone,1,Active,2021-12-04
1218,Sofia,Whitlock,1994-06-06,sofia.whitlock1218@example.com,G13 9XH,Wales,2023-11-16,Web,0,Inactive,2024-06-18
1219,Eleanor,Quainton,2003-06-28,eleanor.quainton1219@example.com,CF14 5FW,East of England,2023-11-24,Web,0,Active,2025-03-28
1220,Sian,Lindqvist,1964-08-01,sian.lindqvist1220@example.com,L34 4BH,South West,2023-06-15,Partner,1,Active,2025-06-27
1221,Callum,Sharpe,1957-10-27,callum.sharpe1221@example.com,G18 8PG,Scotland,2025-04-15,Direct Mail,1,Lapsed,2025-11-27
1222,Harun,Sandoval,1968-02-27,harun.sandoval1222@example.com,BT40 7GZ,South East,2021-04-26,Partner,1,Active,2023-06-18
1223,Hannah,Tewari,1995-01-23,hannah.tewari1223@example.com,SE26 5NT,Yorkshire & Humber,2022-10-22,Social,0,Active,2025-03-31
1224,Niamh,Mensah,1992-03-25,niamh.mensah1224@example.com,B20 9JA,Yorkshire & Humber,2017-08-18,Event,1,Lapsed,2018-07-13
1225,Hannah,Grewal,1978-11-21,hannah.grewal1225@example.com,B5 2NU,Wales,2023-01-04,Social,1,Active,2026-08-10
1226,Rachel,Okafor,1961-05-03,rachel.okafor1226@example.com,SE37 4JX,Scotland,2026-01-28,Social,1,Lapsed,2026-05-06
1227,Chloe,Tewari,1983-06-07,chloe.tewari1227@example.com,NE6 7BE,London,2021-05-09,Event,0,Active,2025-07-11
1228,Jasmin,Okafor,2002-05-03,jasmin.okafor1228@example.com,l62nh,London,2024-11-01,Social,0,Active,2025-01-16
1229,Fatima,Iqbal,1999-03-08,fatima.iqbal1229@example.com,M5 1GP,London,2023-07-10,Direct Mail,0,Active,2025-08-23
1230,Lucy,Abiola,1978-10-22,lucy.abiola1230@example.com,SW14 7ZQ,London,2017-07-19,Partner,1,Active,2026-05-05
1231,Karolina,Gill,1965-04-26,karolina.gill1231@example.com,sw235qn,East Midlands,2023-02-19,Partner,1,Active,2026-03-31
1232,Isaac,Pemberton,2000-10-19,isaac.pemberton1232@example.com,EH33 9GN,West Midlands,2026-01-11,Social,0,Lapsed,2026-04-28
1233,Samuel,Baptiste,1998-05-24,samuel.baptiste1233@example.com,L38 4ND,Wales,2023-10-18,Partner,1,Lapsed,2023-11-25
1234,Ben,Whitlock,1999-04-25,ben.whitlock1234@example.com,m404ht,South East,2024-12-13,Telephone,1,Active,2025-04-20
1235,Rhys,Iqbal,1995-03-13,rhys.iqbal1235.example.com,L10 2BN,Scotland,2022-07-26,Partner,1,Active,2026-03-23
1236,Joseph,Baptiste,1994-10-06,joseph.baptiste1236@example.com,BT27 9GN,West Midlands,2020-03-02,Event,0,Lapsed,2024-08-08
1237,Ben,Morrow,1947-05-06,ben.morrow1237@example.com,LS34 7GP,East of England,2017-04-26,Event,0,Active,2020-01-25
1238,Rhys,Thornbury,1973-11-15,rhys.thornbury1238@example.com,SE11 5YW,East Midlands,2025-04-06,Social,1,Active,2025-08-25
1239,Omar,Okafor,1994-03-09,omar.okafor1239@example.com,N12 7YD,Yorkshire & Humber,2023-07-29,Direct Mail,0,Lapsed,2023-09-21
1240,Sian,Ellery,1989-01-04,sian.ellery1240@example.com,EH5 1WD,Yorkshire & Humber,2023-01-27,Telephone,1,Inactive,2023-02-19
1241,Daniel,Fenton,1968-10-09,daniel.fenton1241@example.com,SE23 8YU,London,2022-04-29,Social,1,Lapsed,2022-07-19
1242,Samuel,Dalgleish,1981-01-23,samuel.dalgleish1242@example.com,g301nl,North East,2024-03-31,Web,0,Inactive,2026-03-27
1243,Zainab,Ellery,2004-02-02,zainab.ellery1243@example.com,BS34 9YY,London,2021-10-11,Telephone,1,Lapsed,2022-10-21
1244,Sian,Bright,1979-01-16,sian.bright1244@example.com,BT35 2QR,North West,2023-08-25,Social,1,Inactive,2026-07-16
1245,Freya,Carrick,2005-03-08,freya.carrick1245@example.com,LS23 2UT,South East,2025-09-22,Social,0,Lapsed,2025-12-04
1246,Noah,Ahmed,1969-09-24,noah.ahmed1246@example.com,EH26 1ET,North East,2023-11-11,Direct Mail,0,Active,2025-08-16
1247,Tariq,Baptiste,1954-11-16,tariq.baptiste1247@example.com,EH25 4LW,East of England,2019-06-01,Partner,0,Active,2019-12-04
1248,Zara,Jarvis,1967-10-03,zara.jarvis1248@example.com,M6 5WL,East Midlands,2018-06-09,Telephone,1,Active,2022-07-31
1249,Grace,Okafor,1977-02-03,grace.okafor1249@example.com,SE14 5YH,South West,2021-02-19,Partner,0,Inactive,2026-02-20
1250,Grace,Grewal,1999-11-19,grace.grewal1250@example.com,L30 8DS,North West,2020-07-09,Telephone,1,Inactive,2021-02-19
1251,Mahmoud,Tewari,1998-01-03,mahmoud.tewari1251@example.com,N18 3YG,London,2019-04-09,Partner,0,Lapsed,2021-01-16
1252,Elliot,Duffy,1980-09-21,elliot.duffy1252@example.com,M36 2QN,Scotland,2022-04-05,Social,0,Active,2025-01-17
1253,Maya,Fenton,1969-12-03,maya.fenton1253@example.com,BS15 9WF,East Midlands,2022-08-07,Social,1,Active,2024-02-24
1254,Gareth,Iqbal,2005-08-11,gareth.iqbal1254@example.com,CF24 9LJ,West Midlands,2018-12-15,Event,0,Lapsed,2019-09-02
1255,Rachel,Grewal,1959-03-05,rachel.grewal1255@example.com,BS17 2EH,Yorkshire & Humber,2017-05-14,Partner,1,Active,2024-08-18
1256,Callum,Morrow,1994-12-27,callum.morrow1256@example.com,L17 1XQ,London,2025-08-10,Web,0,Active,2026-07-23
1257,Zara,Sharpe,1949-05-01,zara.sharpe1257@example.com,CF8 2JG,East of England,2026-01-10,Web,0,Active,2026-06-15
1258,Emeka,Morrow,1972-06-08,emeka.morrow1258@example.com,G11 2NP,London,2025-05-08,Direct Mail,1,Lapsed,2026-07-10
1259,Zara,Zielinski,1994-04-11,zara.zielinski1259@example.com,eh245tt,Yorkshire & Humber,2019-05-30,Partner,1,Active,2023-12-31
1260,Priya,Kowalski,1965-02-11,priya.kowalski1260@example.com,SE2 4RL,South East,2018-07-29,Event,1,Active,2025-11-10
1261,Yusuf,Okafor,1961-12-23,yusuf.okafor1261@example.com,B20 8UQ,North East,2026-03-15,Social,1,Active,2026-05-17
1262,Kai,Whitlock,1961-09-01,kai.whitlock1262@example.com,B38 7XX,Scotland,2019-03-02,Partner,1,Lapsed,2020-04-22
1263,Chloe,Whitlock,1995-02-23,chloe.whitlock1263@example.com,BT29 8AT,West Midlands,2022-06-04,Social,0,Inactive,2023-10-20
1264,Omar,Gill,1978-04-03,,CF26 9UN,South West,2022-12-20,Social,1,Active,2024-08-25
1265,Priya,Grewal,2002-02-15,,CF38 2ED,Wales,2020-05-25,Telephone,1,Active,2025-11-04
1266,Sian,Baptiste,1971-08-14,sian.baptiste1266@example.com,G33 2ZA,Wales,2020-09-28,Event,1,Active,2021-12-27
1267,Theo,Whitlock,1965-03-20,theo.whitlock1267@example.com,n104th,South West,2020-02-06,Event,0,Inactive,2025-05-08
1268,Zainab,Dalgleish,1994-07-09,zainab.dalgleish1268@example.com,ne405da,Wales,2020-10-31,Event,1,Inactive,2023-12-09
1269,Callum,Thornbury,1974-12-20,callum.thornbury1269@example.com,SE28 6HG,Yorkshire & Humber,2020-10-22,Web,1,Active,2021-11-23
1270,Karolina,Morrow,1986-11-08,,N4 3FQ,Wales,2022-09-05,Partner,N,Lapsed,2026-01-01
1271,Leah,Pemberton,1994-05-24,leah.pemberton1271@example.com,L22 3JB,Scotland,2017-11-23,Event,1,Inactive,2019-03-13
1272,Jasmin,Lindqvist,1956-04-01,jasmin.lindqvist1272@example.com,NE15 8GN,West Midlands,2023-09-22,Social,1,Active,2025-07-05
1273,Harun,Baptiste,1990-09-24,harun.baptiste1273@example.com,M5 2TY,Wales,2018-11-17,Event,1,Lapsed,2022-07-13
1274,Aisha,Vasquez,1982-09-02,,M13 3PQ,North East,2022-03-23,Partner,0,Lapsed,2022-07-11
1275,Tariq,Tewari,2002-05-01,tariq.tewari1275@example.com,L11 1PN,North East,2025-08-15,Direct Mail,0,Inactive,2026-07-21
1276,Gareth,Sandoval,1956-05-04,gareth.sandoval1276@example.com,LS4 2NN,North West,2026-04-22,Direct Mail,0,Active,2026-05-24
1277,Eleanor,Morrow,1960-06-12,eleanor.morrow1277@example.com,SE16 2PP,Scotland,2022-04-14,Telephone,0,Lapsed,2024-03-24
1278,Freya,Rashid,1972-04-28,freya.rashid1278@example.com,BT6 1AZ,East of England,2020-10-21,Event,0,Inactive,2024-07-01
1279,Leah,Baptiste,1965-04-03,,SW7 3FT,London,2026-03-07,Direct Mail,0,Active,2026-05-02
1280,Fatima,Chen,1979-07-24,fatima.chen1280@example.com,M23 8LY,North East,2022-07-24,Partner,1,Deceased,2026-03-24
1281,Freya,Tewari,1974-04-26,freya.tewari1281@example.com,cf368ft,South West,2022-11-28,Web,0,Active,2023-04-02
1282,Sian,Jarvis,1970-08-01,sian.jarvis1282@example.com,SW36 6PW,South East,2023-02-11,Web,0,Lapsed,2025-06-09
1283,Rhys,Hargreaves,2002-10-11,rhys.hargreaves1283@example.com,L24 3UD,London,2024-04-19,Direct Mail,1,Active,2024-12-12
1284,Rhys,Thornbury,1982-04-15,rhys.thornbury1284@example.com,sw228wu,South West,2018-06-30,Telephone,1,Lapsed,2025-05-10
1285,Aisha,Baptiste,1985-05-05,aisha.baptiste1285@example.com,M23 3AY,South West,2017-07-04,Event,1,Active,2019-05-18
1286,Grace,Jarvis,1972-08-22,grace.jarvis1286@example.com,m216rg,South East,2016-12-29,Event,0,Deceased,2025-07-29
1287,Rhys,Hargreaves,1982-12-08,rhys.hargreaves1287@example.com,BT20 2AX,North West,2024-07-03,Direct Mail,0,Active,2024-07-06
1288,Freya,Ahmed,1983-09-03,freya.ahmed1288@example.com,SE33 2QR,Yorkshire & Humber,2022-09-07,Web,1,Inactive,2026-03-28
1289,Zainab,Fenton,1958-02-12,zainab.fenton1289@example.com,SW1 7LW,Yorkshire & Humber,2024-04-07,Direct Mail,0,Active,2024-07-19
1290,Rachel,Lindqvist,1961-10-16,rachel.lindqvist1290@example.com,NE36 6LZ,East of England,2017-07-27,Event,1,Active,2024-05-01
1291,Rosa,Whitlock,1964-06-08,rosa.whitlock1291@example.com,L1 6LE,Wales,2018-08-27,Event,0,Active,2020-02-11
1292,Chloe,Abiola,1988-06-02,chloe.abiola1292@example.com,ls308zw,East of England,2019-11-26,Partner,1,Active,2024-10-19
1293,Zara,Grewal,1956-07-27,zara.grewal1293@example.com,B27 7RA,South West,2019-10-09,Event,1,Active,2023-09-27
1294,Olive,Thornbury,1995-05-23,olive.thornbury1294.example.com,G36 2NA,East of England,2022-07-31,Telephone,1,Active,2024-12-14
1295,Grace,Fenton,1952-11-21,grace.fenton1295@example.com,N36 9GR,Wales,2022-01-04,Event,1,Active,2024-01-06
1296,Rachel,Carrick,1985-04-25,rachel.carrick1296@example.com,LS24 2AA,Northern Ireland,2025-01-24,Direct Mail,1,Inactive,2025-06-20
1297,Tariq,Rashid,1962-05-18,tariq.rashid1297@example.com,L9 4PG,South West,2024-03-12,Direct Mail,0,Active,2025-11-05
1298,Karolina,Rashid,1955-01-22,,CF30 6QZ,Wales,2018-06-04,Partner,1,Lapsed,2022-04-05
1299,Niamh,Grewal,1952-03-06,niamh.grewal1299@example.com,cf59ge,South East,2017-09-29,Partner,1,Inactive,2021-08-12
1300,Niamh,Wainwright,1982-11-14,niamh.wainwright1300@example.com,N23 6DR,Scotland,2023-11-19,Direct Mail,0,Active,2025-01-12
1301,Noah,Lindqvist,1957-11-17,noah.lindqvist1301@example.com,B33 9UH,Scotland,2022-07-17,Web,1,Active,2025-06-27
1302,Tariq,Wainwright,1947-08-18,tariq.wainwright1302@example.com,LS28 3TN,Yorkshire & Humber,2022-12-24,Telephone,0,Lapsed,2026-04-18
1303,Karolina,Okafor,1963-10-16,karolina.okafor1303@example.com,L8 7SP,North West,2017-02-21,Event,1,Active,2017-10-14
1304,Imogen,Ellery,2006-06-23,imogen.ellery1304@example.com,NE9 8HY,South East,2024-02-14,Direct Mail,1,Inactive,2025-09-14
1305,Leah,Kowalski,1971-12-08,leah.kowalski1305@example.com,CF26 2BQ,Wales,2021-02-26,Event,0,Active,2024-02-18
1306,Joseph,Whitlock,1981-08-20,joseph.whitlock1306@example.com,LS2 5SY,East Midlands,2025-05-05,Web,0,Active,2025-05-25
1307,Leah,Yeboah,1983-01-18,leah.yeboah1307@example.com,L36 9AF,East of England,2018-09-01,Partner,1,Active,2021-04-23
1308,Uche,Grewal,1994-09-02,uche.grewal1308@example.com,BS27 9UJ,South West,2018-03-05,Event,0,Active,2019-06-15
1309,Isaac,Okafor,1965-01-18,isaac.okafor1309@example.com,SW33 1YU,East of England,2018-09-10,Event,0,Active,2023-01-05
1310,Karolina,Vasquez,1972-03-07,karolina.vasquez1310@example.com,SE32 2JJ,Wales,2026-01-08,Direct Mail,1,Active,2026-07-03
1311,Jasmin,Okafor,1979-10-24,jasmin.okafor1311@example.com,N38 1NJ,Scotland,2025-07-29,Direct Mail,0,Active,2026-01-09
1312,Callum,Vasquez,1990-11-04,callum.vasquez1312@example.com,EH35 5HF,South East,2025-12-06,Direct Mail,0,Lapsed,2026-04-19
1313,Callum,Iqbal,1951-04-02,callum.iqbal1313@example.com,NE28 2LP,South West,2017-05-18,Partner,0,Inactive,2023-05-06
1314,Priya,Uddin,1962-03-23,priya.uddin1314@example.com,BT39 9TU,Wales,2024-03-03,Direct Mail,0,Lapsed,2024-04-26
1315,Uche,Abiola,2001-11-16,uche.abiola1315@example.com,BS8 5NH,Northern Ireland,2018-10-28,Partner,1,Active,2020-10-13
1316,Sian,Lindqvist,1949-04-18,sian.lindqvist1316@example.com,SE31 7EX,North East,2021-09-30,Telephone,0,Lapsed,2022-07-25
1317,Mahmoud,Jarvis,1961-09-12,mahmoud.jarvis1317@example.com,CF15 7AX,South East,2018-09-05,Partner,1,Active,2023-09-30
1318,Amara,Nkemelu,1974-07-05,amara.nkemelu1318@example.com,LS5 3UL,Scotland,2020-09-12,Event,1,Active,2021-08-21
1319,Wei,Hargreaves,1988-09-12,wei.hargreaves1319@example.com,SW7 9LY,Northern Ireland,2022-12-21,Telephone,1,Inactive,2024-02-23
1320,Verity,Sandoval,1993-06-25,verity.sandoval1320@example.com,NE17 8AN,East of England,2023-10-30,Web,0,Lapsed,2025-06-09
1321,Liam,Carrick,1966-11-15,liam.carrick1321@example.com,B29 2QJ,Wales,2019-06-13,Event,1,Active,2019-10-30
1322,Samuel,Hargreaves,1992-03-25,samuel.hargreaves1322@example.com,L23 3AW,,2023-11-21,Partner,0,Active,2025-12-11
1323,Joseph,Uddin,1983-03-16,joseph.uddin1323@example.com,bs226yp,East of England,2026-04-30,Direct Mail,0,Inactive,2026-05-15
1324,Maya,Hargreaves,2006-10-05,maya.hargreaves1324@example.com,NE7 5UG,South West,2025-03-03,Web,0,Lapsed,2026-03-21
1325,Niamh,Nkemelu,1990-01-03,niamh.nkemelu1325@example.com,SE9 2JP,West Midlands,2026-02-20,Social,0,Active,2026-04-24
1326,Callum,Fenton,2001-04-19,callum.fenton1326@example.com,EH7 9ZW,North East,2022-07-10,Partner,0,Lapsed,2023-03-09
1327,Gareth,Tewari,1978-12-22,gareth.tewari1327@example.com,sw308tb,Scotland,2024-10-31,Web,1,Inactive,2026-03-17
1328,Rhys,Ellery,2002-10-14,rhys.ellery1328@example.com,N24 7RT,West Midlands,2024-05-16,Direct Mail,0,Active,2025-12-03
1329,Elliot,Rashid,1980-10-11,elliot.rashid1329@example.com,B14 4FG,East Midlands,2018-11-11,Event,1,Active,2026-07-08
1330,Jasmin,Yeboah,1957-02-22,jasmin.yeboah1330@example.com,LS23 4QL,Wales,2021-04-08,Web,0,Active,2026-05-18
1331,Mahmoud,Okafor,1954-09-15,mahmoud.okafor1331@example.com,L29 4QQ,London,2018-10-26,Telephone,0,Inactive,2025-07-11
1332,Callum,Gill,1997-02-15,callum.gill1332@example.com,B14 6EW,Yorkshire & Humber,2023-06-17,Direct Mail,0,Inactive,2025-01-09
1333,Maya,Rashid,1966-07-17,maya.rashid1333@example.com,N31 7EN,West Midlands,2021-03-02,Telephone,0,Lapsed,2024-08-02
1334,Joseph,Carrick,1972-08-04,joseph.carrick1334@example.com,M17 3BT,Northern Ireland,2024-11-22,Web,1,Active,2026-03-14
1335,Leah,Morrow,1959-04-19,leah.morrow1335@example.com,cf297yg,South West,2026-03-12,Direct Mail,0,Activ,2026-08-04
1336,Karolina,Iqbal,1976-03-15,karolina.iqbal1336@example.com,SE23 5ZS,Northern Ireland,2021-02-26,Web,0,Lapsed,2024-03-21
1337,Fatima,Sandoval,1950-11-10,fatima.sandoval1337@example.com,NE5 9LF,Northern Ireland,2023-03-25,Social,0,Lapsed,2026-06-14
1338,Jasmin,Jarvis,1962-02-18,jasmin.jarvis1338@example.com,BS15 5WN,Scotland,2023-11-28,Direct Mail,0,Lapsed,2024-07-19
1339,Sian,Wainwright,1989-05-21,sian.wainwright1339@example.com,N19 5AD,North West,2019-04-21,Event,0,Lapsed,2022-04-11
1340,Eleanor,Quainton,2006-08-13,eleanor.quainton1340@example.com,L16 3AR,Northern Ireland,2017-05-09,Event,1,Lapsed,2023-02-27
1341,Jasmin,Ellery,1998-03-18,jasmin.ellery1341@example.com,B40 5AX,West Midlands,2018-07-25,Partner,0,Inactive,2021-01-02
1342,Hannah,Sharpe,1970-05-14,hannah.sharpe1342@example.com,CF17 1XT,East of England,2018-03-08,Event,1,Active,2022-01-30
1343,Elliot,Okafor,1978-02-26,elliot.okafor1343@example.com,SE22 8ZB,South West,2025-08-08,Direct Mail,0,Active,2026-01-07
1344,Omar,Iqbal,1956-01-17,omar.iqbal1344@example.com,B2 3FA,West Midlands,2021-01-01,Web,1,Inactive,2021-11-25
1345,Jasmin,Okafor,1992-01-18,jasmin.okafor1345@example.com,CF3 6YF,Wales,2024-10-19,Direct Mail,0,Lapsed,2024-12-02
1346,Callum,Carrick,2005-04-21,callum.carrick1346@example.com,CF17 6YH,West Midlands,2017-11-18,Event,0,Inactive,2021-06-28
1347,Freya,Yeboah,1971-08-28,freya.yeboah1347@example.com,CF18 5AH,West Midlands,2026-01-04,Social,0,Active,2026-03-14
1348,Harun,Thornbury,1999-03-15,,NE15 5XJ,North West,2024-10-30,Direct Mail,1,Active,2026-06-05
1349,Joseph,Nkemelu,1975-03-01,joseph.nkemelu1349@example.com,G12 8FY,North West,2020-03-05,Event,1,Inactive,2025-11-03
1350,Olive,Quainton,1970-12-19,olive.quainton1350@example.com,M20 6NH,South West,2025-06-02,Social,1,Active,2025-08-21
1351,Deborah,Fenton,1949-10-01,deborah.fenton1351@example.com,LS33 3NG,Yorkshire & Humber,2018-08-21,Telephone,0,Active,2018-09-08
1352,Elliot,Rashid,1988-04-05,elliot.rashid1352@example.com,L11 5HA,East Midlands,2025-11-12,Direct Mail,1,Inactive,2026-03-21
1353,Ben,Morrow,1964-12-26,ben.morrow1353@example.com,L28 4ET,East Midlands,2025-08-10,Direct Mail,1,Active,2025-09-25
1354,Leah,Ellery,1966-11-10,leah.ellery1354@example.com,BT10 7YQ,Wales,2024-09-16,Social,0,Inactive,2025-12-31
1355,Gareth,Rashid,1964-09-25,gareth.rashid1355@example.com,ne368rj,South West,2023-06-04,Social,1,Active,2026-06-03
1356,Liam,Sandoval,1948-01-18,,B3 5RW,East Midlands,2024-08-09,Direct Mail,1,Active,2025-10-27
1357,Noah,Whitlock,1966-11-25,noah.whitlock1357@example.com,EH21 8HX,East of England,2021-03-29,Web,0,Active,2026-07-06
1358,Zara,Whitlock,1969-04-16,zara.whitlock1358@example.com,LS25 1BS,Wales,2026-05-24,Direct Mail,1,Active,2026-07-23
1359,Omar,Dalgleish,1967-05-11,omar.dalgleish1359@example.com,BS9 3WZ,North West,2019-04-24,Telephone,0,Active,2023-07-01
1360,Noah,Whitlock,1971-11-01,noah.whitlock1360@example.com,SE8 4JA,West Midlands,2020-04-01,Event,1,Active,2022-03-04
1361,Maya,Chen,1996-01-16,maya.chen1361@example.com,SW12 4NZ,North West,2024-12-14,Direct Mail,1,Inactive,2025-03-20
1362,Daniel,Yeboah,1955-01-20,daniel.yeboah1362@example.com,BS19 3YG,Northern Ireland,2021-02-17,Event,1,Active,2025-06-11
1363,Verity,Carrick,1986-08-28,verity.carrick1363@example.com,N23 3BB,Northern Ireland,2023-09-19,Direct Mail,1,Active,2024-11-12
1364,Priya,Grewal,1949-09-04,priya.grewal1364@example.com,EH11 1HB,Scotland,2020-12-14,Web,1,Active,2023-02-22
1365,Aisha,Nkemelu,1970-05-27,aisha.nkemelu1365@example.com,B26 2LP,Scotland,2020-03-24,Telephone,0,Inactive,2025-01-18
1366,Rhys,Quainton,1970-09-08,rhys.quainton1366@example.com,NE16 2RS,East Midlands,2021-01-12,Telephone,0,Active,2020-10-20
1367,Karolina,Bright,1957-11-20,karolina.bright1367@example.com,M34 8HQ,North East,2025-09-16,Direct Mail,0,Lapsed,2025-12-14
1368,Yusuf,Okafor,1958-04-22,,G35 3GW,Scotland,2022-05-19,Telephone,0,Active,2023-08-31
1369,Uche,Abiola,1984-09-10,uche.abiola1369@example.com,CF6 6EY,Northern Ireland,2017-08-27,Partner,0,Inactive,2018-07-23
1370,Mahmoud,Duffy,1950-06-11,mahmoud.duffy1370@example.com,NE38 6EX,West Midlands,2017-05-23,Partner,1,Inactive,2023-07-25
1371,Omar,Kowalski,1949-10-18,omar.kowalski1371@example.com,L9 5UA,South East,2017-05-25,Event,0,Lapsed,2023-04-29
1372,Wei,Vasquez,1977-09-03,wei.vasquez1372@example.com,N6 5AN,Scotland,2025-01-14,Social,1,Active,2025-12-24
1373,Omar,Jarvis,1947-09-25,omar.jarvis1373@example.com,CF28 4YZ,East Midlands,2026-04-13,Social,1,Lapsed,2026-07-06
1374,Wei,Rashid,1952-02-19,wei.rashid1374@example.com,N14 9YB,East of England,2021-10-04,Web,0,Active,2023-09-03
1375,Rhys,Ahmed,1949-07-22,rhys.ahmed1375@example.com,CF30 5SJ,Wales,2018-04-18,Event,1,Active,2019-06-20
1376,Zara,Whitlock,1956-11-19,zara.whitlock1376@example.com,M14 3FG,Northern Ireland,2023-11-19,Social,0,Active,2024-03-08
1377,Sian,Ahmed,1948-09-19,sian.ahmed1377@example.com,CF34 1HQ,South West,2020-05-28,Partner,1,Active,2021-10-30
1378,Fatima,Pemberton,1966-04-05,fatima.pemberton1378@example.com,B29 8SD,London,2022-05-16,Social,1,Active,2022-12-31
1379,Callum,Thornbury,1994-12-16,callum.thornbury1379@example.com,L15 6WG,North West,2021-04-24,Web,1,Active,2024-06-11
1380,Uche,Zielinski,1994-02-22,uche.zielinski1380@example.com,BT19 3XH,North East,2020-02-26,Partner,0,Active,2025-02-17
1381,Zara,Rashid,1949-05-16,zara.rashid1381@example.com,EH9 7QQ,North West,2024-04-24,Direct Mail,1,Active,2026-03-24
1382,Tariq,Pemberton,1998-02-16,tariq.pemberton1382@example.com,SE40 9NN,Yorkshire & Humber,2024-11-19,Telephone,1,Lapsed,2026-07-10
1383,Amara,Iqbal,1950-07-17,amara.iqbal1383@example.com,EH3 3ES,Yorkshire & Humber,2020-01-28,Event,0,Lapsed,2020-02-04
1384,Eleanor,Whitlock,1990-01-10,eleanor.whitlock1384@example.com,NE17 8JR,South East,2025-08-06,Direct Mail,1,Active,2025-10-09
1385,Rhys,Ahmed,1949-02-06,rhys.ahmed1385@example.com,SW22 2RN,West Midlands,2020-01-03,Partner,1,Active,2025-03-28
1386,Aisha,Nkemelu,1992-12-28,,BT32 7GW,East of England,2025-09-20,Web,1,Inactive,2025-12-14
1387,Grace,Ahmed,1948-02-12,,SW35 2NG,London,2022-11-03,Partner,1,Lapsed,2026-05-17
1388,Freya,Gill,1954-05-14,,SE22 8GP,East of England,2017-08-10,Event,0,Lapsed,2019-09-17
1389,Ben,Uddin,1965-06-13,ben.uddin1389@example.com,B1 1WW,Yorkshire & Humber,2019-08-31,Event,0,Active,2026-07-09
1390,Isaac,Grewal,1986-04-15,isaac.grewal1390@example.com,cf349hw,East of England,2025-06-23,Direct Mail,0,Active,2026-06-23
1391,Rhys,Lindqvist,1961-07-22,rhys.lindqvist1391@example.com,SW30 8ZD,London,2025-10-26,Direct Mail,0,Lapsed,2026-02-15
1392,Ben,Sharpe,1960-07-13,ben.sharpe1392@example.com,EH26 3GX,South West,2024-11-08,Direct Mail,1,Deceased,2025-07-17
1393,Karolina,Fenton,1994-05-27,karolina.fenton1393@example.com,NE32 7TJ,Yorkshire & Humber,2023-10-06,Social,0,Active,2024-03-03
1394,Noah,Thornbury,1978-07-23,noah.thornbury1394@example.com,EH38 7DE,Northern Ireland,2017-01-08,Event,0,Lapsed,2023-06-24
1395,Ben,Fenton,1998-10-08,ben.fenton1395@example.com,cf121wd,West Midlands,2021-12-24,Web,0,Active,2025-03-29
1396,Noah,Zielinski,1995-08-05,noah.zielinski1396@example.com,L1 5BS,Yorkshire & Humber,2023-07-07,Partner,0,Active,2023-07-07
1397,Deborah,Chen,1969-06-07,deborah.chen1397@example.com,SE19 6QE,North West,2022-06-29,Partner,1,Active,2024-07-18
1398,Imogen,Nkemelu,1967-01-05,imogen.nkemelu1398@example.com,M15 5AL,Northern Ireland,2022-09-29,Social,0,Active,2022-11-14
1399,Aisha,Sandoval,1963-03-23,aisha.sandoval1399@example.com,SW5 6EX,South East,2020-05-08,Partner,1,Active,2022-04-16
1400,Wei,Lindqvist,1959-07-18,wei.lindqvist1400@example.com,B40 9JJ,East Midlands,2023-11-06,Web,0,Active,2026-06-16
1401,Joseph,Sharpe,1991-07-11,joseph.sharpe1401@example.com,M30 5ND,South East,2023-12-12,Direct Mail,1,Active,2025-01-27
1402,Omar,Uddin,1977-06-06,omar.uddin1402@example.com,N15 1BP,East of England,2025-04-02,Web,0,Active,2026-01-22
1403,Wei,Vasquez,1985-02-03,wei.vasquez1403@example.com,CF33 3SW,Scotland,2018-02-16,Event,1,Active,2019-12-13
1404,Emeka,Okafor,1948-01-02,emeka.okafor1404@example.com,N14 5JJ,London,2022-02-15,Event,1,Active,2023-10-27
1405,Eleanor,Morrow,1982-02-03,,ne147ge,London,2023-07-11,Direct Mail,1,Active,2025-08-08
1406,Freya,Zielinski,1972-04-17,freya.zielinski1406@example.com,CF22 3RF,Yorkshire & Humber,2026-05-26,Direct Mail,1,Lapsed,2026-07-20
1407,Aisha,Dalgleish,1988-02-02,aisha.dalgleish1407@example.com,L15 8UJ,West Midlands,2021-05-07,Partner,0,Lapsed,2021-10-16
1408,Yusuf,Ellery,1979-03-18,yusuf.ellery1408@example.com,G23 2NR,East Midlands,2024-01-20,Direct Mail,0,Lapsed,2024-04-04
1409,Niamh,Hargreaves,1951-03-11,niamh.hargreaves1409@example.com,SE21 1SX,Scotland,2024-12-02,Direct Mail,1,Active,2026-02-21
1410,Noah,Okafor,2006-01-06,,M16 7NJ,North West,2026-03-21,Direct Mail,0,Active,2026-06-16
1411,Joseph,Abiola,1952-10-08,joseph.abiola1411@example.com,BS7 6FU,East Midlands,2022-01-25,Partner,0,Active,2023-07-02
1412,Karolina,Nkemelu,1964-05-05,karolina.nkemelu1412@example.com,M6 2TJ,Northern Ireland,2019-08-05,Telephone,0,Lapsed,2020-05-27
1413,Olive,Gill,1975-02-21,olive.gill1413@example.com,SE15 2LW,Yorkshire & Humber,2019-05-31,Event,0,Lapsed,2025-11-20
1414,Imogen,Ahmed,1963-11-05,imogen.ahmed1414@example.com,NE3 9PZ,London,2024-11-21,Social,1,Lapsed,2026-01-22
1415,Rosa,Iqbal,1987-02-13,rosa.iqbal1415@example.com,B26 1JP,London,2019-02-25,Telephone,1,Active,2019-04-13
1416,Amara,Vasquez,2001-10-04,amara.vasquez1416@example.com,BS17 2ZT,Scotland,2025-05-01,Direct Mail,1,Active,2026-03-04
1417,Noah,Ellery,1971-08-15,noah.ellery1417@example.com,B13 4NP,East Midlands,2018-01-28,Partner,0,Active,2021-10-07
1418,Rachel,Fenton,2006-12-25,rachel.fenton1418@example.com,SW14 2BE,North East,2023-03-02,Telephone,0,Active,2025-06-28
1419,Rhys,Lindqvist,1958-03-28,rhys.lindqvist1419@example.com,CF4 2NX,Northern Ireland,2018-05-07,Partner,0,Activ,2026-08-01
1420,Emeka,Fenton,1985-06-07,emeka.fenton1420@example.com,LS15 5YQ,London,2021-09-06,Telephone,1,Active,2023-09-17
1421,Kai,Sandoval,2000-10-27,kai.sandoval1421@example.com,NE2 9QH,Yorkshire & Humber,2025-06-28,Direct Mail,0,Active,2026-05-09
1422,Rachel,Duffy,1980-10-12,rachel.duffy1422@example.com,B31 2ED,East Midlands,2022-06-13,Social,0,Inactive,2023-11-23
1423,Rhys,Lindqvist,1969-10-21,rhys.lindqvist1423@example.com,M15 4QF,North East,2024-02-27,Social,1,Active,2024-04-19
1424,Joseph,Hargreaves,1972-11-15,joseph.hargreaves1424@example.com,M22 8GG,North East,2024-08-26,Direct Mail,1,Active,2025-08-19
1425,Liam,Dalgleish,1988-07-12,liam.dalgleish1425@example.com,L27 8DZ,East of England,2023-01-06,Partner,0,Active,2024-09-26
1426,Priya,Rashid,2003-04-18,priya.rashid1426@example.com,LS1 5BA,North West,2024-03-12,Direct Mail,0,Active,2026-04-06
1427,Grace,Chen,1956-10-21,grace.chen1427@example.com,B31 9YQ,South East,2024-09-08,Social,0,Lapsed,2024-10-13
1428,Rachel,Hargreaves,2004-02-25,rachel.hargreaves1428@example.com,L17 5JT,South West,2025-01-03,Social,1,Inactive,2025-01-31
1429,Harun,Zielinski,2006-08-04,harun.zielinski1429@example.com,M1 7LY,South West,2024-01-17,Telephone,1,Active,2025-11-28
1430,Mahmoud,Pemberton,1963-09-02,,SE33 6QP,East Midlands,2024-10-03,Social,0,Lapsed,2024-03-01
1431,Kai,Grewal,1974-05-01,kai.grewal1431@example.com,LS36 5DL,Yorkshire & Humber,2023-09-08,Social,1,Active,2026-07-08
1432,Rachel,Rashid,1981-11-14,rachel.rashid1432@example.com,M33 4AU,South East,2018-05-03,Event,1,Active,2020-07-07
1433,Emeka,Ahmed,1957-08-06,emeka.ahmed1433@example.com,EH2 3JF,North West,2017-02-10,Event,1,Active,2019-07-12
1434,Sian,Abiola,1978-10-09,sian.abiola1434@example.com,CF12 2NX,South East,2023-06-08,Direct Mail,1,Lapsed,2024-05-02
1435,Jasmin,Gill,1976-05-01,jasmin.gill1435@example.com,CF8 9HJ,Scotland,2023-10-16,Social,1,Inactive,2025-03-21
1436,Lucy,Jarvis,2003-12-20,lucy.jarvis1436@example.com,B14 8ZR,East of England,2025-12-16,Direct Mail,1,Active,2026-05-01
1437,Niamh,Chen,1949-01-24,niamh.chen1437@example.com,G29 1SS,West Midlands,2025-09-11,Direct Mail,1,Inactive,2026-03-13
1438,Olive,Bright,1974-03-03,olive.bright1438@example.com,m179pz,Yorkshire & Humber,2018-12-16,Telephone,0,Inactive,2022-07-31
1439,Kai,Bright,1987-10-19,kai.bright1439@example.com,EH10 1RJ,East Midlands,2018-02-14,Event,1,Active,2022-08-12
1440,Aisha,Thornbury,2001-09-25,aisha.thornbury1440@example.com,SW38 1FH,London,2023-08-30,Web,0,Inactive,2024-11-25
1441,Amara,Dalgleish,1995-09-05,amara.dalgleish1441@example.com,G27 5LH,North West,2024-05-04,Web,0,Active,2024-09-02
1442,Priya,Jarvis,1952-11-04,priya.jarvis1442@example.com,L33 9DU,East of England,2021-07-24,Telephone,0,Lapsed,2023-07-08
1443,Karolina,Hargreaves,1996-02-07,karolina.hargreaves1443@example.com,BS36 1SU,Wales,2024-11-02,Direct Mail,1,Active,2026-05-17
1444,Mahmoud,Quainton,1969-08-11,mahmoud.quainton1444@example.com,M34 1JZ,Wales,2021-02-09,Web,0,Active,2025-04-23
1445,Grace,Dalgleish,1967-01-21,grace.dalgleish1445@example.com,M20 9LT,North West,2024-11-16,Telephone,0,Active,2025-06-30
1446,Priya,Iqbal,1959-10-04,priya.iqbal1446@example.com,L16 7YF,South West,2019-03-04,Telephone,1,Active,2022-03-01
1447,Sian,Rashid,1973-11-22,sian.rashid1447@example.com,BT11 1YF,South East,2024-07-30,Social,0,Inactive,2025-05-20
1448,Sofia,Fenton,1948-01-05,sofia.fenton1448@example.com,BT28 4SW,South East,2022-11-27,Telephone,0,Inactive,2023-09-05
1449,Sofia,Yeboah,1999-02-07,sofia.yeboah1449@example.com,SW14 9HA,North West,2025-07-15,Direct Mail,0,Lapsed,2026-06-10
1450,Imogen,Duffy,1963-04-04,imogen.duffy1450@example.com,B33 9HB,South East,2019-04-23,Event,1,Inactive,2021-12-21
1451,Wei,Vasquez,1950-03-11,wei.vasquez1451@example.com,B14 4PN,London,2018-01-23,Event,1,Active,2018-10-03
1452,Priya,Mensah,1948-02-09,priya.mensah1452@example.com,SE21 6XJ,South East,2023-09-04,Social,1,Active,2026-02-08
1453,Kai,Lindqvist,1952-06-05,kai.lindqvist1453@example.com,CF14 6SD,East Midlands,2021-09-12,Telephone,0,Lapsed,2025-05-02
1454,Emeka,Thornbury,1953-11-24,emeka.thornbury1454@example.com,NE30 3QA,,2022-03-27,Partner,0,Active,2026-01-22
1455,Aisha,Morrow,2002-09-12,aisha.morrow1455@example.com,B31 7GL,South East,2023-05-05,Web,0,Active,2025-01-02
1456,Deborah,Dalgleish,1967-08-27,deborah.dalgleish1456@example.com,B39 2YQ,Wales,2021-07-04,Event,1,Active,2022-03-10
1457,Emeka,Thornbury,1954-01-03,emeka.thornbury1457@example.com,NE8 8ZX,Yorkshire & Humber,2024-04-05,Direct Mail,0,Active,2026-07-05
1458,Mahmoud,Chen,2006-06-13,mahmoud.chen1458@example.com,ls19jz,Yorkshire & Humber,2025-10-15,Social,0,Lapsed,2026-03-08
1459,Zainab,Iqbal,1982-02-04,zainab.iqbal1459@example.com,L25 4DQ,London,2025-09-19,Direct Mail,1,Active,2025-12-06
1460,Yusuf,Morrow,1995-02-12,yusuf.morrow1460@example.com,BT29 7DX,West Midlands,2024-01-20,Web,0,Active,2025-01-31
1461,Ben,Jarvis,1964-10-26,ben.jarvis1461@example.com,N7 9HB,Northern Ireland,2022-08-19,Web,1,Active,2025-04-14
1462,Elliot,Wainwright,1981-09-03,elliot.wainwright1462@example.com,BT36 8GX,Scotland,2017-11-05,Event,1,Active,2020-07-10
1463,Maya,Dalgleish,1968-02-13,maya.dalgleish1463@example.com,BT35 7UA,Wales,2020-01-13,Event,1,Lapsed,2026-03-16
1464,Zara,Grewal,1961-03-02,zara.grewal1464@example.com,BS9 2AH,West Midlands,2019-08-09,Telephone,0,Active,2021-03-14
1465,Emeka,Tewari,1986-06-03,emeka.tewari1465@example.com,B33 5HW,Northern Ireland,2021-10-24,Telephone,0,Active,2025-06-12
1466,Karolina,Bright,1988-11-24,karolina.bright1466@example.com,EH37 1GP,West Midlands,2023-10-22,Web,0,Active,2026-08-11
1467,Daniel,Sandoval,1967-03-24,daniel.sandoval1467@example.com,NE23 6RT,Scotland,2025-10-14,Direct Mail,1,Active,2026-05-08
1468,Freya,Lindqvist,1979-02-06,freya.lindqvist1468@example.com,BS6 9YL,South East,2025-05-29,Social,0,Inactive,2025-12-19
1469,Sofia,Yeboah,1959-02-27,sofia.yeboah1469@example.com,SW25 2GD,West Midlands,2023-05-12,Web,1,Active,2023-10-24
1470,Yusuf,Fenton,1968-05-09,yusuf.fenton1470@example.com,G30 5FZ,London,2025-05-31,Direct Mail,0,Lapsed,2026-04-26
1471,Callum,Pemberton,1969-07-20,callum.pemberton1471@example.com,M23 6DP,London,2017-11-25,Event,0,Active,2018-12-16
1472,Isaac,Iqbal,1954-12-02,isaac.iqbal1472@example.com,BT5 7FS,South West,2019-05-09,Telephone,0,Active,2019-07-06
1473,Kai,Abiola,1980-05-23,kai.abiola1473@example.com,LS24 3BS,Northern Ireland,2018-01-14,Event,1,Lapsed,2018-08-25
1474,Liam,Kowalski,1977-01-07,liam.kowalski1474@example.com,EH37 1FD,Northern Ireland,2023-09-28,Social,1,Inactive,2025-02-09
1475,Rhys,Jarvis,1972-10-13,rhys.jarvis1475@example.com,BS13 9YG,East Midlands,2026-06-08,Direct Mail,1,Lapsed,2026-08-12
1476,Aisha,Whitlock,1947-12-04,aisha.whitlock1476@example.com,CF7 9LS,South East,2020-09-06,Event,1,Active,2021-10-24
1477,Theo,Duffy,1953-04-15,theo.duffy1477@example.com,b44ar,North West,2022-03-03,Partner,1,Active,2023-11-22
1478,Samuel,Okafor,1993-11-06,samuel.okafor1478@example.com,NE21 9UA,North East,2023-07-20,Direct Mail,1,Active,2026-01-03
1479,Lucy,Carrick,1981-08-05,lucy.carrick1479@example.com,B6 2PT,East Midlands,2026-04-09,Direct Mail,1,Active,2026-05-20
1480,Amara,Vasquez,1992-10-10,amara.vasquez1480@example.com,BT30 8QN,Scotland,2026-05-11,Direct Mail,1,Lapsed,2026-08-17
1481,Aisha,Yeboah,1992-06-11,aisha.yeboah1481@example.com,NE23 6PF,West Midlands,2026-02-04,Direct Mail,1,Active,2026-02-21
1482,Eleanor,Yeboah,1958-10-13,eleanor.yeboah1482@example.com,NE6 2GA,Scotland,2022-03-03,Event,1,Inactive,2025-11-28
1483,Amara,Zielinski,1983-02-21,amara.zielinski1483@example.com,G14 3ND,Scotland,2019-03-29,Partner,0,Lapsed,2019-06-21
1484,Gareth,Baptiste,1999-12-13,,SE23 3RA,North East,2023-04-09,Partner,0,Lapsed,2023-05-23
1485,Gareth,Dalgleish,1975-02-18,gareth.dalgleish1485@example.com,EH37 2AX,,2017-09-13,Event,0,Active,2020-01-02
1486,Ben,Duffy,1972-05-10,ben.duffy1486@example.com,LS5 9RA,West Midlands,2024-03-02,Direct Mail,0,Active,2025-07-10
1487,Callum,Iqbal,1976-12-07,callum.iqbal1487@example.com,L1 9XJ,Wales,2020-12-07,Event,0,Inactive,2022-10-25
1488,Rachel,Wainwright,1952-02-17,rachel.wainwright1488@example.com,N19 2FN,North East,2023-01-10,Social,1,Lapsed,2024-03-07
1489,Verity,Rashid,1980-07-07,verity.rashid1489@example.com,NE14 8QP,North East,2023-06-22,Partner,0,Lapsed,2025-04-08
1490,Olive,Grewal,1987-03-02,olive.grewal1490@example.com,G28 7SY,Northern Ireland,2024-07-05,Direct Mail,0,Active,2025-06-01
1491,Fatima,Okafor,1961-02-22,fatima.okafor1491@example.com,NE27 6TN,North West,2023-06-10,Social,0,Inactive,2024-07-15
1492,Yusuf,Quainton,1965-07-27,yusuf.quainton1492@example.com,B8 2UX,Yorkshire & Humber,2018-07-29,Partner,0,Active,2025-06-17
1493,Amara,Iqbal,1948-02-21,amara.iqbal1493@example.com,NE15 1NA,West Midlands,2022-02-05,Web,1,Lapsed,2023-03-14
1494,Priya,Hargreaves,1951-12-05,priya.hargreaves1494@example.com,G10 4EJ,South East,2021-10-25,Web,1,Active,2025-08-06
1495,Sofia,Lindqvist,2001-02-11,sofia.lindqvist1495@example.com,BS21 3EF,London,2023-11-15,Web,0,Active,2024-09-26
1496,Zainab,Wainwright,1990-01-11,zainab.wainwright1496@example.com,BS16 8GU,East of England,2022-07-01,Social,0,Active,2026-03-29
1497,Chloe,Abiola,2004-02-28,chloe.abiola1497@example.com,CF15 5RS,North West,2020-06-26,Event,0,Active,2025-02-03
1498,Deborah,Ahmed,1947-12-09,deborah.ahmed1498@example.com,G3 5NW,London,2023-11-26,Social,1,Active,2025-12-16
1499,Wei,Wainwright,1964-10-23,wei.wainwright1499@example.com,EH3 6GY,North West,2022-07-22,Social,0,Active,2026-01-15
1500,Niamh,Mensah,1978-07-09,niamh.mensah1500@example.com,B5 1SD,Scotland,2025-05-04,Web,0,Active,2025-08-09
1501,Tariq,Whitlock,1950-11-25,tariq.whitlock1501@example.com,CF7 2WB,South West,2020-08-08,Event,0,Active,2024-11-04
1502,Tariq,Abiola,1950-04-12,tariq.abiola1502@example.com,LS20 3PR,South East,2018-07-13,Telephone,1,Active,2025-01-21
1503,Olive,Kowalski,1986-07-15,olive.kowalski1503@example.com,M15 5YT,North East,2018-06-18,Event,0,Active,2023-06-23
1504,Fatima,Abiola,1955-12-03,fatima.abiola1504@example.com,cf268us,South East,2022-04-22,Telephone,0,Lapsed,2025-05-22
1505,Jasmin,Wainwright,1990-12-19,jasmin.wainwright1505@example.com,SE25 5QH,East Midlands,2024-12-24,Direct Mail,0,Active,2025-01-06
1506,Priya,Bright,1966-02-24,priya.bright1506@example.com,G14 5SE,West Midlands,2018-07-10,Partner,1,Lapsed,2025-06-19
1507,Lucy,Duffy,1950-12-26,lucy.duffy1507@example.com,EH18 4HW,Scotland,2021-11-09,Partner,Y,Active,2023-12-21
1508,Rachel,Carrick,1993-07-15,rachel.carrick1508@example.com,L5 7YY,West Midlands,2021-12-05,Partner,1,Active,2022-02-21
1509,Rhys,Ahmed,1958-04-17,rhys.ahmed1509@example.com,B26 5AE,Northern Ireland,2017-03-20,Event,0,Active,2018-11-23
1510,Samuel,Vasquez,1965-11-26,samuel.vasquez1510@example.com,BT21 7HA,North East,2025-09-04,Web,0,Active,2026-03-21
1511,Uche,Nkemelu,1989-05-19,uche.nkemelu1511@example.com,CF26 2LR,Wales,2020-04-04,Event,1,Lapsed,2026-07-21
1512,Fatima,Rashid,1965-11-16,fatima.rashid1512@example.com,NE29 3UH,Wales,2021-12-09,Telephone,0,Active,2024-07-31
1513,Isaac,Sandoval,1949-09-24,isaac.sandoval1513@example.com,M12 4BS,South West,2024-12-20,Social,1,Active,2025-04-14
1514,Gareth,Duffy,1980-02-20,gareth.duffy1514@example.com,G16 1DG,East Midlands,2024-05-23,Direct Mail,1,Lapsed,2026-05-21
1515,Niamh,Mensah,1968-07-08,niamh.mensah1515@example.com,L13 5NL,Scotland,2016-11-24,Event,0,Active,2020-07-12
1516,Theo,Ellery,1991-03-18,theo.ellery1516@example.com,NE13 8WY,East Midlands,2023-11-01,Direct Mail,1,Inactive,2025-05-02
1517,Uche,Uddin,1983-04-14,uche.uddin1517@example.com,CF19 5WT,London,2022-12-06,Social,1,Lapsed,2023-08-22
1518,Rosa,Nkemelu,2006-07-24,rosa.nkemelu1518@example.com,LS32 3AD,West Midlands,2021-08-12,Web,0,Active,2023-04-15
1519,Aisha,Okafor,1998-08-11,aisha.okafor1519@example.com,BT30 6QQ,Scotland,2024-10-17,Social,1,Active,2026-06-04
1520,Rosa,Nkemelu,1960-10-28,,BT1 9NE,London,2025-09-04,Direct Mail,0,Inactive,2026-02-16
1521,Jasmin,Quainton,1958-07-11,jasmin.quainton1521@example.com,SE30 8QL,North West,2024-12-31,Web,1,Inactive,2026-03-06
1522,Noah,Yeboah,1957-08-10,noah.yeboah1522@example.com,NE25 1DY,West Midlands,2020-12-16,Event,0,Inactive,2021-09-21
1523,Karolina,Fenton,2001-03-13,karolina.fenton1523@example.com,CF20 8GH,East of England,2024-10-13,Social,1,Active,2024-11-17
1524,Maya,Sandoval,1983-02-09,maya.sandoval1524@example.com,bs117zq,South West,2021-12-11,Event,0,Lapsed,2022-10-20
1525,Amara,Sandoval,1995-12-19,amara.sandoval1525@example.com,B33 6RH,South West,2024-07-01,Telephone,1,Active,2026-07-27
1526,Priya,Sharpe,1972-03-21,priya.sharpe1526@example.com,G34 8BN,North East,2018-11-16,Partner,1,Lapsed,2021-06-09
1527,Wei,Uddin,1952-12-09,wei.uddin1527@example.com,B40 8BL,South West,2022-08-10,Telephone,0,Active,2024-10-06
1528,Liam,Tewari,1975-06-03,liam.tewari1528@example.com,SE25 3ST,East Midlands,2024-04-04,Social,1,Active,2025-03-30
1529,Chloe,Morrow,1980-09-12,chloe.morrow1529@example.com,G10 7PU,Scotland,2023-10-27,Direct Mail,0,Active,2025-05-14
1530,Eleanor,Jarvis,1998-10-22,eleanor.jarvis1530@example.com,LS25 3RW,London,2022-05-17,Partner,1,Active,2026-07-17
1531,Daniel,Morrow,2006-12-26,daniel.morrow1531@example.com,NE5 6GJ,North West,2024-06-01,Web,0,Lapsed,2024-06-26
1532,Jasmin,Zielinski,1992-06-13,jasmin.zielinski1532@example.com,NE4 7XQ,South West,2021-03-23,Event,1,Active,2024-06-17
1533,Isaac,Zielinski,1979-01-14,isaac.zielinski1533@example.com,LS26 6SZ,Northern Ireland,2022-02-26,Web,1,Active,2025-08-19
1534,Eleanor,Lindqvist,1989-02-20,eleanor.lindqvist1534@example.com,CF9 1SJ,East of England,2017-09-06,Event,0,Inactive,2024-12-24
1535,Callum,Carrick,2004-07-18,callum.carrick1535@example.com,BS26 9NX,East Midlands,2020-04-11,Event,0,Lapsed,2026-04-13
1536,Noah,Tewari,1985-10-15,noah.tewari1536@example.com,LS14 2WE,East Midlands,2026-11-17,Event,0,Lapsed,2024-09-04
1537,Noah,Whitlock,1981-02-02,noah.whitlock1537@example.com,SW19 1QA,West Midlands,2023-07-18,Direct Mail,1,Active,2026-06-14
1538,Deborah,Okafor,2000-09-27,deborah.okafor1538@example.com,SW19 2WD,South East,2024-06-11,Telephone,1,Lapsed,2025-02-07
1539,Sian,Wainwright,1980-12-10,sian.wainwright1539@example.com,L29 2EX,Yorkshire & Humber,2026-05-21,Direct Mail,0,Inactive,2026-07-23
1540,Jasmin,Nkemelu,1976-10-19,jasmin.nkemelu1540@example.com,L13 7NP,North West,2025-05-02,Web,0,Active,2025-11-05
1541,Jasmin,Carrick,1962-07-26,jasmin.carrick1541@example.com,L13 5WP,,2026-10-27,Partner,1,Inactive,2022-10-02
1542,Ben,Wainwright,2002-06-13,ben.wainwright1542@example.com,SW8 2HQ,Yorkshire & Humber,2020-11-28,Web,0,Inactive,2022-07-23
1543,Imogen,Bright,1958-02-05,imogen.bright1543@example.com,BS30 9DZ,Northern Ireland,2020-04-22,Event,0,Active,2026-05-25
1544,Joseph,Bright,1974-09-22,joseph.bright1544@example.com,M30 9ZU,Scotland,2019-01-14,Telephone,0,Active,2025-06-14
1545,Emeka,Pemberton,1946-04-14,emeka.pemberton1545@example.com,SW9 8WW,Wales,2019-12-06,Event,0,Active,2022-06-26
1546,Niamh,Chen,1996-03-20,niamh.chen1546@example.com,SE23 4QA,North East,2024-05-02,Web,0,Active,2026-01-10
1547,Rosa,Fenton,1967-04-28,rosa.fenton1547@example.com,BS17 2FL,Scotland,2024-05-07,Telephone,0,Inactive,2025-03-09
1548,Niamh,Uddin,1971-02-22,,LS30 5NU,North West,2025-07-23,Web,0,Active,2026-01-17
1549,Leah,Hargreaves,2000-07-01,leah.hargreaves1549@example.com,EH39 1PE,Northern Ireland,2023-05-13,Partner,0,Lapsed,2023-07-07
1550,Maya,Zielinski,1997-08-19,maya.zielinski1550@example.com,SW16 7PZ,East Midlands,2023-12-05,Social,1,Active,2024-05-15
1551,Freya,Tewari,1986-02-23,freya.tewari1551@example.com,LS10 5WU,South East,2019-04-07,Telephone,1,Lapsed,2025-10-01
1552,Eleanor,Duffy,2003-10-07,eleanor.duffy1552@example.com,BT26 1UP,Wales,2018-12-18,Event,0,Lapsed,2019-10-02
1553,Priya,Sandoval,1975-09-14,priya.sandoval1553@example.com,NE1 8WT,West Midlands,2025-05-17,Web,1,Lapsed,2025-09-11
1554,Joseph,Gill,1981-01-10,joseph.gill1554@example.com,LS7 6AU,Scotland,2022-07-29,Partner,1,Active,2025-11-19
1555,Priya,Sharpe,1947-09-02,priya.sharpe1555@example.com,L38 8YE,Wales,2021-05-19,Web,0,Lapsed,2022-10-27
1556,Harun,Sharpe,2000-04-12,,L40 7YE,West Midlands,2022-09-04,Partner,1,Active,2025-04-08
1557,Elliot,Wainwright,1995-02-25,elliot.wainwright1557@example.com,M17 6FA,Scotland,2024-01-24,Social,1,Lapsed,2024-04-01
1558,Sofia,Bright,1990-02-24,sofia.bright1558@example.com,bs371bu,South East,2021-12-26,Web,1,Active,2022-12-01
1559,Tariq,Bright,1957-06-27,tariq.bright1559@example.com,M37 3BY,Yorkshire & Humber,2025-10-15,Direct Mail,0,Active,2026-03-08
1560,Isaac,Carrick,1998-12-25,isaac.carrick1560@example.com,B33 4NJ,North East,2019-10-11,Event,0,Active,2025-11-30
1561,Fatima,Carrick,1976-05-18,fatima.carrick1561@example.com,N6 1EN,West Midlands,2025-01-17,Direct Mail,1,Inactive,2025-12-22
1562,Ben,Iqbal,1973-06-22,ben.iqbal1562@example.com,N6 1DE,Northern Ireland,2025-09-23,Direct Mail,0,Active,2026-08-12
1563,Rhys,Pemberton,1978-04-25,rhys.pemberton1563@example.com,SW10 8RJ,East of England,2021-01-13,Partner,0,Active,2026-06-20
1564,Noah,Grewal,1988-05-20,noah.grewal1564@example.com,NE40 5FU,Northern Ireland,2018-03-11,Event,1,Lapsed,2019-09-30
1565,Isaac,Uddin,1982-09-12,isaac.uddin1565@example.com,G31 8QS,East of England,2022-10-02,Social,1,Inactive,2025-01-12
1566,Rosa,Carrick,1973-12-24,rosa.carrick1566@example.com,CF12 7AU,London,2020-01-01,Event,0,Active,2026-06-07
1567,Gareth,Whitlock,2006-01-02,gareth.whitlock1567@example.com,M16 4NR,East Midlands,2025-06-04,Web,0,Lapsed,2025-11-07
1568,Rachel,Vasquez,2000-08-09,,M26 9AZ,East Midlands,2024-12-27,Social,1,Active,2026-04-02
1569,Niamh,Lindqvist,1957-11-23,niamh.lindqvist1569@example.com,CF31 9RZ,South West,2019-10-23,Event,1,Active,2020-01-09
1570,Fatima,Quainton,1989-11-18,fatima.quainton1570@example.com,N18 7ZA,South East,2022-06-22,Partner,0,Inactive,2025-10-24
1571,Deborah,Okafor,1981-12-14,deborah.okafor1571@example.com,B31 1GT,London,2022-04-04,Web,0,Active,2023-12-31
1572,Emeka,Lindqvist,1965-10-18,emeka.lindqvist1572@example.com,N36 5YQ,West Midlands,2022-03-02,Event,1,Active,2025-09-03
1573,Priya,Sharpe,1971-09-11,priya.sharpe1573@example.com,L32 1XZ,South West,2018-03-08,Partner,0,Active,2023-08-02
1574,Karolina,Iqbal,1982-12-17,karolina.iqbal1574@example.com,NE37 7JQ,North East,2025-08-31,Web,1,Lapsed,2026-01-31
1575,Maya,Carrick,1950-07-28,maya.carrick1575@example.com,eh372he,South West,2022-10-11,Social,0,Active,2025-06-27
1576,Isaac,Tewari,1950-03-17,isaac.tewari1576@example.com,bs371uz,Scotland,2023-05-28,Telephone,0,Active,2023-12-07
1577,Imogen,Whitlock,1947-02-09,imogen.whitlock1577@example.com,NE14 9YE,Northern Ireland,2022-04-30,Web,1,Active,2023-12-19
1578,Niamh,Lindqvist,1953-10-17,niamh.lindqvist1578@example.com,BT32 9UW,North West,2017-12-27,Partner,0,Inactive,2020-12-28
1579,Rosa,Tewari,1999-12-12,rosa.tewari1579@example.com,NE32 7RY,Yorkshire & Humber,2021-07-13,Web,1,Active,2021-09-01
1580,Gareth,Jarvis,1967-11-24,gareth.jarvis1580@example.com,CF3 3TD,North East,2023-09-20,Direct Mail,0,Lapsed,2024-12-13
1581,Rosa,Yeboah,1998-01-15,rosa.yeboah1581@example.com,B26 4UR,North West,2022-09-09,Partner,1,Inactive,2026-04-20
1582,Lucy,Lindqvist,1951-05-17,lucy.lindqvist1582@example.com,SE6 4TB,West Midlands,2018-07-17,Telephone,0,Lapsed,2022-02-01
1583,Grace,Chen,1990-07-16,grace.chen1583@example.com,CF29 4TZ,South East,2025-05-28,Direct Mail,1,Active,2026-01-31
1584,Deborah,Abiola,1971-06-24,deborah.abiola1584@example.com,SE17 3JL,Wales,2021-02-15,Event,0,Active,2021-02-17
1585,Verity,Morrow,1949-09-13,verity.morrow1585@example.com,BT6 1UH,Wales,2018-07-19,Partner,1,Active,2025-12-07
1586,Deborah,Quainton,1989-10-16,deborah.quainton1586@example.com,L35 7DG,North West,2018-11-08,Event,0,Active,2025-05-08
1587,Liam,Thornbury,1964-12-01,liam.thornbury1587@example.com,EH29 9LQ,North West,2025-09-13,Direct Mail,0,Active,2025-10-29
1588,Kai,Vasquez,1971-03-03,kai.vasquez1588@example.com,G29 2DS,South East,2022-05-25,Social,0,Active,2024-10-26
1589,Ben,Fenton,1950-07-14,ben.fenton1589@example.com,n229xl,East of England,2022-07-28,Social,1,Inactive,2025-08-09
1590,Samuel,Vasquez,1998-03-22,samuel.vasquez1590@example.com,EH12 4AQ,Scotland,2024-03-04,Direct Mail,0,Inactive,2025-10-01
1591,Amara,Bright,1949-05-15,amara.bright1591@example.com,SE28 4DL,Northern Ireland,2022-10-01,Social,1,Active,2025-07-04
1592,Kai,Lindqvist,1959-07-04,kai.lindqvist1592@example.com,B32 6BZ,Northern Ireland,2020-12-14,Event,0,Active,2023-02-12
1593,Theo,Okafor,2000-04-26,theo.okafor1593@example.com,SW28 3RP,South East,2022-12-29,Social,0,Inactive,2024-02-10
1594,Daniel,Sharpe,1958-07-25,daniel.sharpe1594@example.com,BS6 3AN,North West,2024-06-24,Web,1,Inactive,2025-10-23
1595,Chloe,Sharpe,1953-06-01,chloe.sharpe1595@example.com,LS21 7NS,Wales,2024-03-14,Direct Mail,1,Active,2024-11-03
1596,Omar,Carrick,1960-02-08,omar.carrick1596@example.com,CF14 3LZ,West Midlands,2022-11-14,Web,1,Active,2023-10-17
1597,Niamh,Tewari,1993-02-16,niamh.tewari1597@example.com,SW39 8PR,East of England,2022-09-02,Telephone,1,Active,2023-08-22
1598,Liam,Sharpe,2002-01-07,liam.sharpe1598@example.com,n262er,Scotland,2020-03-27,Partner,1,Active,2024-05-04
1599,Zainab,Chen,1966-10-18,zainab.chen1599@example.com,N19 5NF,West Midlands,2022-11-01,Web,0,Active,2024-09-15
1600,Kai,Dalgleish,1982-09-25,kai.dalgleish1600@example.com,EH12 5FR,South West,2017-11-03,Partner,0,Lapsed,2023-04-17
1601,Noah,Zielinski,1952-04-23,noah.zielinski1601@example.com,BT5 2YD,North East,2017-01-22,Event,1,Active,2020-02-08
1602,Noah,Carrick,1988-05-16,noah.carrick1602@example.com,LS16 1WU,North West,2023-06-06,Web,0,Active,2024-10-24
1603,Ben,Gill,1964-01-06,ben.gill1603@example.com,EH21 2XU,East Midlands,2017-09-12,Partner,1,Lapsed,2024-01-30
1604,Rosa,Gill,1968-10-07,rosa.gill1604@example.com,M33 8ZF,Wales,2024-01-17,Direct Mail,0,Active,2026-06-25
1605,Priya,Bright,1986-04-04,priya.bright1605@example.com,M36 3HN,East Midlands,2017-09-05,Partner,0,Active,2021-10-22
1606,Zainab,Ellery,1954-03-06,zainab.ellery1606@example.com,SE24 4UF,Scotland,2020-05-02,Event,1,Active,2026-05-09
1607,Kai,Whitlock,1977-11-13,kai.whitlock1607@example.com,G16 3FZ,North West,2023-02-20,Social,1,Inactive,2024-09-02
1608,Niamh,Lindqvist,1989-06-27,niamh.lindqvist1608@example.com,M36 4DX,East Midlands,2022-08-26,Social,0,Active,2022-12-08
1609,Emeka,Grewal,1986-04-22,emeka.grewal1609@example.com,b181up,Northern Ireland,2018-08-20,Telephone,1,Lapsed,2023-03-11
1610,Harun,Mensah,1975-09-25,harun.mensah1610@example.com,LS2 1HX,London,2026-03-08,Direct Mail,0,Active,2026-03-12
1611,Karolina,Baptiste,1954-03-27,karolina.baptiste1611@example.com,SW31 3EN,North West,2026-04-28,Direct Mail,0,Active,2026-06-06
1612,Priya,Pemberton,1957-02-27,priya.pemberton1612@example.com,SE15 3RW,North West,2022-03-10,Partner,0,Active,2023-08-10
1613,Aisha,Okafor,1946-01-03,aisha.okafor1613@example.com,G11 9QT,South East,2019-03-28,Event,1,Active,2022-12-21
1614,Imogen,Whitlock,1996-11-10,imogen.whitlock1614@example.com,L18 8LS,North West,2019-06-21,Partner,1,Lapsed,2022-10-16
1615,Olive,Thornbury,1968-05-11,olive.thornbury1615@example.com,CF33 5EZ,South West,2023-10-30,Direct Mail,0,Lapsed,2024-06-28
1616,Uche,Rashid,1970-06-11,uche.rashid1616@example.com,n196ap,East of England,2020-04-18,Telephone,1,Active,2021-12-13
1617,Ben,Vasquez,1953-07-16,ben.vasquez1617@example.com,bt97ps,Wales,2020-11-26,Partner,0,Lapsed,2021-05-25
1618,Kai,Baptiste,1995-03-18,kai.baptiste1618@example.com,B32 6UH,Scotland,2019-08-28,Event,0,Active,2020-04-28
1619,Harun,Duffy,1966-12-15,harun.duffy1619@example.com,M12 6LE,London,2020-11-05,Partner,1,Lapsed,2021-12-09
1620,Amara,Okafor,1958-10-18,amara.okafor1620@example.com,ls379fq,Northern Ireland,2017-08-15,Event,1,Active,2022-02-10
1621,Sian,Pemberton,1967-03-03,sian.pemberton1621@example.com,SE21 4UF,Northern Ireland,2018-12-11,Partner,0,Active,2018-12-28
1622,Omar,Tewari,1986-01-02,omar.tewari1622@example.com,EH29 9QP,South East,2019-01-08,Event,0,Active,2023-11-09
1623,Verity,Yeboah,1962-05-20,verity.yeboah1623@example.com,NE6 5TL,South East,2023-09-27,Partner,1,Active,2025-06-25
1624,Zainab,Sandoval,1954-07-20,zainab.sandoval1624@example.com,CF18 2LW,Northern Ireland,2020-02-21,Event,1,Active,2020-11-22
1625,Wei,Grewal,1980-08-18,wei.grewal1625@example.com,CF8 2DX,Scotland,2020-10-05,Web,1,Inactive,2020-12-08
1626,Mahmoud,Ellery,1956-03-01,mahmoud.ellery1626@example.com,M5 3SR,Wales,2020-10-02,Telephone,0,Inactive,2022-10-25
1627,Hannah,Fenton,1954-12-23,hannah.fenton1627@example.com,M16 9UZ,North East,2018-06-15,Partner,1,Active,2021-09-19
1628,Olive,Pemberton,2002-02-27,olive.pemberton1628@example.com,SE20 7QG,East Midlands,2023-08-07,Web,0,Active,2024-08-13
1629,Wei,Tewari,1971-12-23,wei.tewari1629@example.com,G9 7ZZ,Northern Ireland,2024-07-23,Telephone,0,Active,2025-02-21
1630,Rosa,Abiola,1977-08-23,rosa.abiola1630@example.com,SE33 8JX,South West,2024-02-07,Direct Mail,0,Lapsed,2025-01-01
1631,Joseph,Hargreaves,1991-11-01,joseph.hargreaves1631@example.com,NE34 4SL,Wales,2022-07-25,Web,1,Lapsed,2025-10-03
1632,Callum,Vasquez,1992-08-09,callum.vasquez1632@example.com,L12 2TU,Yorkshire & Humber,2023-06-03,Direct Mail,0,Lapsed,2026-01-27
1633,Uche,Fenton,2000-06-20,uche.fenton1633@example.com,NE36 2AW,South West,2019-03-02,Telephone,1,Active,2019-11-01
1634,Rosa,Mensah,1990-03-18,rosa.mensah1634@example.com,EH34 7FP,South West,2018-04-11,Event,0,Active,2023-08-31
1635,Ben,Ahmed,1971-08-20,ben.ahmed1635@example.com,N15 2PH,Yorkshire & Humber,2025-02-10,Direct Mail,1,Active,2026-07-31
1636,Mahmoud,Abiola,1959-06-16,mahmoud.abiola1636@example.com,BT15 1PP,East of England,2023-06-25,Social,1,Activ,2023-10-29
1637,Liam,Quainton,1969-10-25,liam.quainton1637@example.com,BS23 5AJ,Wales,2017-12-25,Partner,1,Lapsed,2025-06-23
1638,Jasmin,Abiola,2000-01-21,jasmin.abiola1638@example.com,G37 5GL,North East,2019-07-29,Event,0,Active,2023-10-02
1639,Imogen,Lindqvist,1971-05-25,imogen.lindqvist1639@example.com,L29 5RZ,South West,2023-12-17,Direct Mail,1,Active,2024-01-08
1640,Daniel,Nkemelu,2003-05-17,daniel.nkemelu1640@example.com,SW14 4RG,North West,2023-06-04,Web,1,Active,2026-07-03
1641,Hannah,Bright,1982-04-05,hannah.bright1641@example.com,M16 3BG,South West,2025-05-22,Direct Mail,0,Inactive,2026-08-16
1642,Kai,Thornbury,1999-07-21,kai.thornbury1642@example.com,M1 8PJ,Yorkshire & Humber,2024-07-09,Direct Mail,0,Active,2026-07-10
1643,Aisha,Ahmed,1984-11-26,aisha.ahmed1643@example.com,L23 1TD,Northern Ireland,2020-04-11,Telephone,0,Active,2022-05-01
1644,Yusuf,Grewal,1948-04-11,yusuf.grewal1644@example.com,B7 7WQ,East Midlands,2024-02-15,Direct Mail,1,Inactive,2025-06-05
1645,Wei,Yeboah,1988-06-02,wei.yeboah1645@example.com,G19 3UP,London,2023-09-17,Telephone,0,Lapsed,2024-07-23
1646,Wei,Gill,1986-12-23,wei.gill1646@example.com,NE37 9AW,Scotland,2020-06-28,Telephone,0,Lapsed,2020-11-06
1647,Liam,Iqbal,1983-01-09,liam.iqbal1647@example.com,SE2 5ZF,East of England,2025-12-03,Social,0,Active,2026-04-09
1648,Deborah,Kowalski,1972-12-09,deborah.kowalski1648@example.com,BT29 8BR,North East,2023-10-26,Partner,0,Active,2023-11-23
1649,Ben,Duffy,2005-03-21,ben.duffy1649@example.com,BT20 8GN,North East,2019-04-10,Event,1,Active,2023-03-18
1650,Uche,Morrow,1947-12-22,uche.morrow1650@example.com,LS30 2HY,South West,2025-06-02,Direct Mail,1,Deceased,2026-02-25
1651,Chloe,Fenton,1947-07-03,chloe.fenton1651@example.com,SW24 6AB,South East,2017-03-17,Event,0,Active,2025-02-09
1652,Wei,Vasquez,1948-07-21,wei.vasquez1652@example.com,LS26 9HF,East Midlands,2025-07-09,Social,1,Inactive,2026-06-06
1653,Freya,Ahmed,1991-10-17,,SW15 9WS,Wales,2024-05-14,Telephone,1,Active,2025-04-14
1654,Rosa,Uddin,1978-06-19,rosa.uddin1654@example.com,G27 6RA,South East,2025-12-18,Web,0,Active,2026-07-31
1655,Gareth,Zielinski,1951-01-02,gareth.zielinski1655@example.com,G10 7RF,North West,2024-11-30,Social,1,Active,2026-02-28
1656,Chloe,Chen,1995-09-14,chloe.chen1656@example.com,M23 3SJ,East Midlands,2017-08-17,Partner,0,Active,2025-11-12
1657,Sofia,Uddin,1997-08-01,sofia.uddin1657@example.com,NE35 2UQ,North West,2021-05-06,Event,1,Lapsed,2025-09-01
1658,Gareth,Nkemelu,2001-03-13,gareth.nkemelu1658@example.com,EH17 5RR,Wales,2019-03-13,Telephone,0,Lapsed,2020-02-05
1659,Grace,Morrow,1985-07-20,grace.morrow1659@example.com,SW28 3FN,Wales,2017-11-14,Partner,1,Active,2018-10-23
1660,Liam,Wainwright,1952-08-04,liam.wainwright1660@example.com,BT35 9HQ,Scotland,2021-02-11,Telephone,0,Lapsed,2021-06-25
1661,Liam,Ellery,1978-05-10,liam.ellery1661@example.com,N24 3WW,Wales,2024-04-16,Direct Mail,1,Active,2025-07-28
1662,Mahmoud,Sharpe,1968-06-07,mahmoud.sharpe1662@example.com,SW21 7XX,Scotland,2026-04-13,Direct Mail,0,Active,2026-05-14
1663,Chloe,Jarvis,1965-06-13,chloe.jarvis1663@example.com,B5 3JS,Wales,2023-07-22,Direct Mail,1,Active,2024-07-30
1664,Amara,Dalgleish,1986-12-26,amara.dalgleish1664@example.com,SE17 1NA,North West,2025-12-23,Direct Mail,1,Inactive,2026-02-25
1665,Daniel,Uddin,1996-05-12,daniel.uddin1665@example.com,B29 2LD,Wales,2020-07-02,Telephone,1,Active,2026-01-04
1666,Liam,Abiola,1984-12-21,liam.abiola1666@example.com,L35 7TW,London,2023-10-15,Direct Mail,1,Active,2024-12-24
1667,Olive,Hargreaves,1947-08-09,olive.hargreaves1667@example.com,B8 9DT,Yorkshire & Humber,2022-08-07,Partner,1,Active,2023-10-21
1668,Callum,Sharpe,1946-09-13,callum.sharpe1668@example.com,CF36 4WQ,Scotland,2022-03-24,Event,0,Inactive,2024-10-25
1669,Theo,Morrow,1965-01-02,theo.morrow1669@example.com,N18 7YG,East Midlands,2025-03-20,Direct Mail,0,Lapsed,2026-05-02
1670,Uche,Vasquez,1951-09-25,uche.vasquez1670@example.com,BS40 7PA,Wales,2018-12-26,Event,1,Active,2025-01-13
1671,Zara,Morrow,1986-07-14,zara.morrow1671@example.com,SW9 5RF,South West,2018-08-22,Telephone,0,Lapsed,2022-07-10
1672,Chloe,Gill,1958-05-01,chloe.gill1672@example.com,SE31 5XQ,North East,2023-09-02,Social,1,Active,2023-12-09
1673,Lucy,Quainton,1970-07-07,lucy.quainton1673@example.com,BS26 3NJ,West Midlands,2025-01-16,Direct Mail,0,Deceased,2026-02-25
1674,Amara,Dalgleish,1978-09-01,amara.dalgleish1674@example.com,L11 7BG,North West,2022-07-16,Social,1,Active,2026-04-05
1675,Maya,Carrick,1954-10-14,maya.carrick1675@example.com,BT30 8QE,South East,2026-03-04,Direct Mail,1,Active,2026-03-21
1676,Zara,Quainton,1955-12-10,zara.quainton1676@example.com,NE24 5LF,Yorkshire & Humber,2021-07-18,Web,1,Active,2024-11-27
1677,Chloe,Morrow,1952-11-06,chloe.morrow1677@example.com,B36 1EJ,Yorkshire & Humber,2021-04-07,Telephone,0,Active,2025-01-27
1678,Kai,Whitlock,1970-08-13,kai.whitlock1678@example.com,CF5 5EY,East Midlands,2026-11-12,Web,1,Inactive,2026-04-13
1679,Priya,Baptiste,1988-12-01,priya.baptiste1679@example.com,SW26 6WZ,West Midlands,2024-10-18,Web,1,Active,2024-10-30
1680,Imogen,Zielinski,1958-01-27,imogen.zielinski1680@example.com,BT14 8WT,South West,2024-10-20,Telephone,0,Active,2025-04-19
1681,Samuel,Whitlock,1981-10-19,samuel.whitlock1681@example.com,LS19 2GR,North West,2025-04-13,Direct Mail,1,Lapsed,2026-03-05
1682,Maya,Quainton,1984-12-08,maya.quainton1682@example.com,CF36 7PQ,London,2018-02-20,Event,0,Lapsed,2024-06-15
1683,Theo,Pemberton,1968-04-04,theo.pemberton1683@example.com,L39 3JE,North West,2018-05-30,Partner,1,Deceased,2025-04-12
1684,Hannah,Mensah,1983-08-11,hannah.mensah1684@example.com,CF7 4YY,Wales,2018-03-31,Event,0,Deceased,2024-09-23
1685,Ben,Jarvis,1962-05-28,ben.jarvis1685@example.com,ls379gq,East of England,2024-05-09,Social,0,Inactive,2026-04-13
1686,Ben,Duffy,1963-08-17,ben.duffy1686@example.com,BT30 7YQ,,2023-11-18,Direct Mail,0,Active,2026-04-19
1687,Ben,Sandoval,1946-01-09,ben.sandoval1687@example.com,EH37 9RQ,Yorkshire & Humber,2019-12-22,Telephone,0,Active,2021-09-12
1688,Ben,Pemberton,1988-12-11,ben.pemberton1688@example.com,CF26 6PW,West Midlands,2023-04-21,Social,0,Inactive,2024-06-26
1689,Tariq,Duffy,1972-07-11,tariq.duffy1689@example.com,SE19 3RT,Northern Ireland,2021-10-22,Web,0,Active,2024-12-07
1690,Theo,Okafor,1946-01-18,theo.okafor1690@example.com,BT29 1JX,London,2023-08-11,Direct Mail,0,Lapsed,2024-09-01
1691,Sofia,Sandoval,1974-11-27,sofia.sandoval1691@example.com,CF34 6FZ,Yorkshire & Humber,2023-03-07,Social,0,Lapsed,2025-06-21
1692,Jasmin,Zielinski,1968-11-09,jasmin.zielinski1692@example.com,N7 3ZE,North East,2024-01-05,Direct Mail,1,Active,2025-03-05
1693,Priya,Lindqvist,1975-10-07,priya.lindqvist1693@example.com,N25 3LG,South East,2022-05-03,Web,1,Active,2022-10-12
1694,Olive,Baptiste,1954-12-21,olive.baptiste1694@example.com,N20 1XE,East Midlands,2023-09-14,Telephone,0,Inactive,2025-10-15
1695,Eleanor,Grewal,1968-08-09,eleanor.grewal1695@example.com,SE35 9XA,East of England,2021-02-16,Web,1,Lapsed,2023-01-19
1696,Callum,Baptiste,1999-06-03,callum.baptiste1696@example.com,CF14 8LB,West Midlands,2025-08-17,Social,1,Active,2026-07-05
1697,Theo,Rashid,1978-05-02,theo.rashid1697@example.com,M22 7TP,Yorkshire & Humber,2022-10-22,Web,0,Inactive,2024-01-31
1698,Samuel,Kowalski,1978-10-21,samuel.kowalski1698@example.com,SW8 8NZ,London,2019-12-08,Telephone,1,Lapsed,2024-09-25
1699,Rhys,Rashid,1954-08-15,rhys.rashid1699@example.com,EH10 7NF,South East,2025-04-19,Direct Mail,0,Active,2025-10-06
1700,Theo,Mensah,1947-01-25,theo.mensah1700@example.com,BT9 6DN,Scotland,2017-07-22,Event,0,Inactive,2024-01-06
1701,Amara,Baptiste,1966-10-07,amara.baptiste1701@example.com,b357su,South West,2018-08-22,Event,0,Lapsed,2020-05-25
1702,Omar,Tewari,1979-04-18,omar.tewari1702@example.com,N8 7QF,Yorkshire & Humber,2017-10-17,Event,1,Inactive,2021-03-07
1703,Aisha,Carrick,1963-02-05,aisha.carrick1703@example.com,NE9 2LF,Wales,2022-12-31,Web,0,Active,2025-11-12
1704,Uche,Pemberton,1978-09-28,uche.pemberton1704@example.com,M28 5QF,East of England,2024-05-31,Telephone,1,Active,2025-03-04
1705,Zara,Chen,1988-08-11,zara.chen1705@example.com,L38 3JH,East of England,2018-02-23,Event,1,Active,2021-10-20
1706,Liam,Gill,1999-09-19,liam.gill1706@example.com,EH8 9RW,Northern Ireland,2023-07-04,Web,0,Lapsed,2024-05-22
1707,Harun,Sharpe,1994-10-12,harun.sharpe1707@example.com,b343fy,West Midlands,2019-07-06,Partner,0,Active,2022-05-01
1708,Grace,Tewari,1985-07-27,grace.tewari1708@example.com,LS31 3GG,Northern Ireland,2018-11-07,Event,1,Active,2021-01-27
1709,Sian,Chen,1981-02-09,sian.chen1709@example.com,LS25 8WS,North West,2024-04-12,Direct Mail,1,Lapsed,2025-08-29
1710,Sian,Baptiste,2004-04-24,sian.baptiste1710@example.com,SE11 1SZ,Northern Ireland,2024-08-25,Social,1,Inactive,2026-02-04
1711,Theo,Sandoval,1999-09-02,theo.sandoval1711@example.com,N34 4NU,Northern Ireland,2022-04-17,Event,0,Lapsed,2023-11-02
1712,Maya,Sandoval,1948-11-11,maya.sandoval1712@example.com,N23 8RF,East of England,2025-02-01,Direct Mail,0,Active,2026-05-16
1713,Deborah,Whitlock,2004-10-23,deborah.whitlock1713@example.com,SE5 2YB,Wales,2022-02-20,Partner,0,Lapsed,2024-11-30
1714,Fatima,Chen,1982-12-18,fatima.chen1714@example.com,SE24 1AX,Yorkshire & Humber,2018-03-19,Partner,1,Lapsed,2020-06-10
1715,Hannah,Iqbal,2004-04-12,hannah.iqbal1715@example.com,N15 6RG,Wales,2016-12-23,Event,1,Lapsed,2021-10-31
1716,Kai,Vasquez,1955-11-24,kai.vasquez1716@example.com,G13 4BD,South East,2022-09-11,Telephone,0,Active,2023-06-05
1717,Sian,Uddin,2003-01-10,sian.uddin1717@example.com,B20 3FJ,North West,2024-02-03,Web,1,Active,2026-04-06
1718,Emeka,Zielinski,1960-07-03,emeka.zielinski1718@example.com,BT25 9HY,Scotland,2024-04-05,Social,0,Active,2026-01-14
1719,Aisha,Abiola,1973-04-14,aisha.abiola1719@example.com,eh124jz,Scotland,2023-03-20,Partner,1,Lapsed,2024-06-16
1720,Aisha,Jarvis,1953-09-17,aisha.jarvis1720@example.com,SW26 4HY,Scotland,2023-05-01,Partner,0,Inactive,2024-03-18
1721,Grace,Uddin,1964-09-13,grace.uddin1721@example.com,NE5 2FJ,East of England,2024-03-02,Social,1,Active,2025-04-30
1722,Aisha,Duffy,1984-12-24,aisha.duffy1722@example.com,NE5 4JL,Yorkshire & Humber,2022-10-14,Telephone,1,Lapsed,2022-10-28
1723,Leah,Ellery,1999-10-10,leah.ellery1723@example.com,m352en,South East,2025-04-18,Social,0,Inactive,2025-08-28
1724,Isaac,Morrow,1975-12-01,isaac.morrow1724@example.com,EH32 3TA,North East,2022-02-26,Web,1,Active,2025-02-02
1725,Zara,Duffy,1986-11-12,zara.duffy1725@example.com,NE5 1ZX,East Midlands,2024-08-28,Direct Mail,1,Active,2025-06-23
1726,Hannah,Hargreaves,1991-02-04,hannah.hargreaves1726@example.com,G5 6QB,South East,2018-07-18,Telephone,1,Active,2019-03-06
1727,Noah,Hargreaves,1992-04-04,noah.hargreaves1727@example.com,N14 3NY,South East,2018-07-02,Partner,0,Inactive,2025-08-22
1728,Noah,Kowalski,1991-07-21,noah.kowalski1728@example.com,L40 6LG,West Midlands,2021-03-19,Partner,0,Active,2025-04-20
1729,Zainab,Ellery,1963-06-11,zainab.ellery1729@example.com,G16 2WD,Scotland,2024-06-08,Direct Mail,0,Lapsed,2025-09-06
1730,Priya,Abiola,1979-05-11,priya.abiola1730@example.com,M31 5UE,South West,2022-05-29,Web,1,Lapsed,2026-06-12
1731,Isaac,Sandoval,1975-03-14,isaac.sandoval1731@example.com,SE1 1TE,East Midlands,2023-11-09,Direct Mail,0,Lapsed,2024-09-08
1732,Eleanor,Bright,1985-03-23,eleanor.bright1732@example.com,B13 8HF,West Midlands,2020-11-12,Telephone,1,Lapsed,2024-10-31
1733,Kai,Lindqvist,1955-07-08,kai.lindqvist1733@example.com,L29 2XP,,2021-12-09,Telephone,0,Active,2025-12-18
1734,Niamh,Lindqvist,1983-07-07,niamh.lindqvist1734@example.com,G10 3NZ,East Midlands,2022-04-09,Event,0,Inactive,2025-06-24
1735,Eleanor,Dalgleish,2001-04-21,eleanor.dalgleish1735@example.com,G32 1AT,North East,2018-07-30,Event,1,Active,2021-09-02
1736,Fatima,Wainwright,1993-08-26,fatima.wainwright1736@example.com,sw381jx,Wales,2025-01-11,Web,0,Lapsed,2025-07-22
1737,Leah,Thornbury,1956-04-19,leah.thornbury1737@example.com,CF17 3TW,Scotland,2021-11-10,Event,0,Active,2021-11-23
1738,Samuel,Vasquez,1954-05-01,samuel.vasquez1738@example.com,EH35 2SY,Northern Ireland,2023-02-09,Telephone,0,Active,2024-04-30
1739,Gareth,Gill,1955-07-07,gareth.gill1739@example.com,EH28 9JW,South East,2022-06-25,Event,1,Lapsed,2022-09-14
1740,Yusuf,Jarvis,1980-12-19,yusuf.jarvis1740@example.com,CF5 6EE,West Midlands,2020-03-21,Partner,0,Active,2026-03-22
1741,Sofia,Okafor,1999-01-15,sofia.okafor1741@example.com,N26 2UZ,West Midlands,2024-02-09,Web,1,Active,2026-01-18
1742,Samuel,Abiola,1979-12-26,,G1 5NW,Wales,2017-10-26,Partner,1,Lapsed,2018-12-04
1743,Niamh,Kowalski,1968-02-15,niamh.kowalski1743@example.com,L11 2BP,Northern Ireland,2019-04-11,Event,1,Active,2025-12-06
1744,Kai,Ellery,1970-06-27,kai.ellery1744@example.com,M29 5YQ,,2020-09-13,Partner,0,Inactive,2025-09-16
1745,Rosa,Jarvis,1964-02-11,rosa.jarvis1745@example.com,SE37 7XP,,2025-07-24,Web,1,Active,2025-11-13
1746,Samuel,Morrow,1977-02-07,samuel.morrow1746@example.com,BS1 4NA,West Midlands,2023-07-28,Telephone,0,Active,2025-06-27
1747,Tariq,Morrow,1980-11-02,tariq.morrow1747@example.com,G19 4FQ,Scotland,2022-06-30,Web,1,Active,2022-09-21
1748,Lucy,Nkemelu,1968-06-08,lucy.nkemelu1748@example.com,BT30 4PW,North West,2024-08-10,Social,1,Active,2025-03-21
1749,Karolina,Chen,1959-10-03,karolina.chen1749@example.com,eh141pn,West Midlands,2024-04-28,Telephone,1,Lapsed,2026-04-23
1750,Rachel,Zielinski,1985-05-03,rachel.zielinski1750@example.com,ls377bl,West Midlands,2022-06-16,Social,0,Active,2022-12-07
1751,Zara,Baptiste,1987-04-15,zara.baptiste1751@example.com,M10 7EX,Wales,2024-07-30,Social,0,Lapsed,2025-06-05
1752,Gareth,Lindqvist,1962-06-20,gareth.lindqvist1752@example.com,ne357bx,,2021-12-30,Telephone,0,Active,2025-07-28
1753,Isaac,Gill,1971-10-12,isaac.gill1753@example.com,CF10 4HB,Northern Ireland,2021-07-07,Web,1,Active,2022-03-13
1754,Tariq,Pemberton,1955-07-10,tariq.pemberton1754@example.com,b187rj,East Midlands,2024-03-20,Social,1,Lapsed,2026-08-07
1755,Emeka,Sandoval,1952-10-01,emeka.sandoval1755@example.com,BT38 7HT,West Midlands,2019-06-15,Partner,1,Lapsed,2021-01-21
1756,Tariq,Quainton,1995-02-13,tariq.quainton1756@example.com,SE2 7YY,Wales,2024-05-14,Direct Mail,0,Inactive,2025-05-20
1757,Elliot,Mensah,1953-04-10,elliot.mensah1757@example.com,B13 2PJ,,2024-05-13,Web,1,Lapsed,2025-05-21
1758,Karolina,Vasquez,1981-10-08,karolina.vasquez1758@example.com,EH3 3TT,North West,2026-06-02,Direct Mail,0,Inactive,2026-02-06
1759,Yusuf,Sandoval,1978-02-18,yusuf.sandoval1759@example.com,N33 9NU,North East,2024-06-20,Direct Mail,1,Inactive,2025-12-19
1760,Rosa,Pemberton,1977-01-10,rosa.pemberton1760@example.com,bs311hp,East Midlands,2018-02-08,Event,0,Active,2019-05-01
1761,Leah,Nkemelu,1981-09-17,leah.nkemelu1761@example.com,SW25 6SL,North West,2017-09-09,Partner,1,Active,2021-06-11
1762,Omar,Carrick,1988-03-13,,BT39 9ZF,North East,2022-03-16,Web,0,Inactive,2026-04-20
1763,Chloe,Pemberton,1987-10-27,chloe.pemberton1763@example.com,ls341ey,West Midlands,2020-10-04,Web,0,Active,2024-10-26
1764,Harun,Ellery,1981-08-13,harun.ellery1764@example.com,M5 5LN,Scotland,2020-04-13,Partner,0,Active,2026-01-21
1765,Fatima,Whitlock,1983-01-12,fatima.whitlock1765@example.com,B35 1ZD,Northern Ireland,2022-12-26,Telephone,0,Lapsed,2023-04-08
1766,Emeka,Lindqvist,1960-09-16,emeka.lindqvist1766@example.com,b55sr,Scotland,2021-02-19,Event,0,Active,2026-04-12
1767,Harun,Rashid,1946-10-18,harun.rashid1767@example.com,L36 4DE,Wales,2018-01-29,Event,1,Active,2024-11-04
1768,Deborah,Uddin,2002-06-13,deborah.uddin1768@example.com,LS7 7HL,North East,2024-02-17,Social,1,Active,2024-05-31
1769,Zainab,Gill,1985-05-19,,ne45yw,East of England,2023-11-07,Direct Mail,1,Inactive,2024-07-02
1770,Amara,Mensah,1955-12-14,amara.mensah1770.example.com,G13 6ZU,London,2025-02-05,Direct Mail,1,Lapsed,2025-11-01
1771,Deborah,Ahmed,1957-06-26,deborah.ahmed1771@example.com,B6 3YT,London,2024-11-08,Telephone,0,Active,2025-10-23
1772,Noah,Tewari,1960-04-05,noah.tewari1772@example.com,LS1 2RU,East of England,2024-09-24,Social,0,Lapsed,2024-09-30
1773,Chloe,Ellery,1968-12-13,chloe.ellery1773@example.com,NE22 5HX,East of England,2020-05-15,Telephone,0,Lapsed,2024-08-19
1774,Noah,Quainton,1976-05-21,noah.quainton1774@example.com,N6 3QZ,North West,2025-02-01,Direct Mail,1,Active,2025-11-15
1775,Emeka,Yeboah,1987-10-01,emeka.yeboah1775@example.com,CF3 2HP,North West,2021-02-25,Web,1,Active,2023-08-17
1776,Zainab,Bright,1957-03-18,zainab.bright1776@example.com,B39 9ZT,North East,2024-03-25,Social,0,Active,2025-09-19
1777,Rachel,Pemberton,1988-02-26,rachel.pemberton1777@example.com,bt14xe,West Midlands,2024-05-15,Social,0,Active,2026-03-06
1778,Daniel,Ahmed,1963-03-20,daniel.ahmed1778@example.com,SW12 7QF,Northern Ireland,2026-01-25,Web,0,Active,2026-03-27
1779,Joseph,Okafor,1981-04-16,joseph.okafor1779@example.com,BS6 1RP,London,2022-05-25,Event,1,Active,2024-11-20
1780,Lucy,Fenton,1977-09-27,lucy.fenton1780@example.com,SW25 3NL,Scotland,2022-12-17,Partner,0,Active,2023-03-22
1781,Elliot,Ahmed,1990-05-27,elliot.ahmed1781@example.com,G22 2JY,Northern Ireland,2022-04-24,Telephone,0,Inactive,2024-09-21
1782,Fatima,Abiola,1983-01-21,fatima.abiola1782@example.com,EH36 9TR,Scotland,2017-01-15,Event,0,Inactive,2021-01-27
1783,Isaac,Grewal,1958-01-23,isaac.grewal1783@example.com,L6 1AA,East of England,2018-11-10,Event,1,Active,2019-12-21
1784,Eleanor,Wainwright,1993-09-19,eleanor.wainwright1784@example.com,LS8 5UB,Northern Ireland,2022-04-05,Event,0,Active,2023-01-05
1785,Grace,Rashid,2003-02-17,grace.rashid1785@example.com,SW28 1DR,Scotland,2022-05-06,Partner,0,Active,2023-01-10
1786,Theo,Hargreaves,1963-08-04,theo.hargreaves1786@example.com,LS29 4BP,Scotland,2025-08-15,Web,0,Active,2026-05-08
1787,Maya,Morrow,1996-09-25,maya.morrow1787@example.com,B17 7QS,London,2020-10-14,Web,1,Lapsed,2023-12-13
1788,Fatima,Tewari,1993-07-17,fatima.tewari1788@example.com,SW20 7ST,Scotland,2021-01-19,Web,1,Active,2025-11-20
1789,Emeka,Zielinski,1971-01-20,emeka.zielinski1789@example.com,SW21 3HW,London,2025-06-11,Direct Mail,1,Active,2026-03-06
1790,Niamh,Chen,1948-02-04,niamh.chen1790@example.com,SE6 7GG,London,2019-02-11,Event,0,Active,2022-02-27
1791,Eleanor,Chen,1981-06-26,eleanor.chen1791@example.com,SE16 9NT,West Midlands,2021-09-02,Partner,1,Active,2025-11-06
1792,Deborah,Quainton,2005-09-06,deborah.quainton1792@example.com,M11 1UB,North East,2025-08-17,Direct Mail,0,Active,2026-02-13
1793,Rosa,Ahmed,2002-01-13,rosa.ahmed1793@example.com,b151bn,London,2021-01-19,Web,1,Lapsed,2024-03-09
1794,Olive,Lindqvist,1948-01-02,olive.lindqvist1794@example.com,NE33 2NU,Yorkshire & Humber,2022-11-26,Telephone,0,Inactive,2023-01-08
1795,Lucy,Okafor,2006-05-12,lucy.okafor1795@example.com,SW8 5HR,West Midlands,2020-11-12,Event,1,Lapsed,2026-07-08
1796,Priya,Ellery,1985-03-22,priya.ellery1796@example.com,G13 4DG,East Midlands,2022-07-16,Web,1,Inactive,2026-05-19
1797,Freya,Whitlock,1998-02-09,freya.whitlock1797@example.com,n122fu,Scotland,2023-09-04,Direct Mail,0,Lapsed,2025-02-16
1798,Karolina,Sharpe,1988-10-15,karolina.sharpe1798@example.com,N17 4PF,North West,2026-02-14,Direct Mail,0,Active,2026-02-27
1799,Daniel,Rashid,1953-11-15,daniel.rashid1799@example.com,BS33 6FQ,Yorkshire & Humber,2022-06-03,Web,0,Inactive,2025-02-27
1800,Deborah,Zielinski,1960-10-27,deborah.zielinski1800@example.com,ne95qz,Wales,2021-11-21,Event,0,Inactive,2022-03-16
1801,Theo,Grewal,1980-06-12,theo.grewal1801.example.com,L9 6TN,North West,2023-05-21,Direct Mail,0,Active,2025-06-22
1802,Niamh,Ellery,1994-04-21,niamh.ellery1802@example.com,N8 4AD,Yorkshire & Humber,2019-11-14,Partner,0,Active,2024-11-07
1803,Hannah,Jarvis,1999-09-18,hannah.jarvis1803@example.com,SW31 4UT,Yorkshire & Humber,2021-06-13,Event,1,Active,2024-04-26
1804,Verity,Kowalski,1952-02-06,verity.kowalski1804@example.com,G30 8TD,Northern Ireland,2023-12-14,Direct Mail,0,Inactive,2025-03-14
1805,Olive,Iqbal,1986-06-26,olive.iqbal1805@example.com,G38 4UH,South West,2020-08-15,Web,1,Inactive,2026-04-22
1806,Emeka,Fenton,2002-10-11,emeka.fenton1806@example.com,BT10 5DG,South West,2022-09-21,Web,1,Active,2026-02-12
1807,Joseph,Gill,1995-01-19,joseph.gill1807@example.com,G38 6NA,East of England,2022-05-30,Partner,0,Lapsed,2025-02-22
1808,Deborah,Dalgleish,1960-03-16,deborah.dalgleish1808@example.com,M13 2GS,East Midlands,2025-02-14,Social,0,Lapsed,2025-04-10
1809,Jasmin,Abiola,1954-01-08,jasmin.abiola1809@example.com,SE40 3NS,North East,2021-05-14,Telephone,1,Active,2023-11-25
1810,Callum,Baptiste,1973-01-01,callum.baptiste1810@example.com,L1 6SD,East of England,2025-05-01,Direct Mail,0,Active,2026-01-03
1811,Omar,Fenton,1990-12-18,omar.fenton1811@example.com,M10 9PQ,South East,2017-08-26,Event,0,Active,2020-03-09
1812,Wei,Rashid,1992-04-14,wei.rashid1812@example.com,SE7 4NZ,East Midlands,2023-08-07,Telephone,0,Active,2024-12-18
1813,Grace,Morrow,1952-06-09,grace.morrow1813@example.com,BS40 9LD,North West,2021-12-27,Partner,1,Active,2023-04-08
1814,Zainab,Mensah,1978-03-09,zainab.mensah1814@example.com,G27 3XY,West Midlands,2025-02-06,Social,0,Inactive,2025-03-14
1815,Leah,Iqbal,1998-09-11,,G32 9ZE,Scotland,2018-04-05,Event,0,Inactive,2021-05-14
1816,Leah,Dalgleish,1978-12-08,leah.dalgleish1816@example.com,L12 1EB,East of England,2022-04-25,Web,1,Active,2023-01-19
1817,Deborah,Thornbury,1949-09-24,deborah.thornbury1817@example.com,EH36 7FY,London,2024-05-19,Telephone,0,Active,2025-08-17
1818,Freya,Whitlock,1976-08-22,freya.whitlock1818@example.com,M9 5QU,South West,2019-08-26,Event,0,Active,2023-12-25
1819,Fatima,Iqbal,1973-12-03,fatima.iqbal1819@example.com,CF40 8NL,North West,2025-11-12,Social,1,Active,2026-04-10
1820,Theo,Morrow,1970-05-03,theo.morrow1820@example.com,SW4 3GT,Northern Ireland,2020-04-06,Telephone,0,Inactive,2020-09-05
1821,Priya,Thornbury,1999-03-07,priya.thornbury1821@example.com,N25 4TL,North East,2024-10-10,Direct Mail,0,Active,2025-08-28
1822,Freya,Rashid,1991-06-24,freya.rashid1822@example.com,M11 1UN,North West,2019-06-25,Partner,1,Inactive,2026-08-01
1823,Lucy,Yeboah,1953-03-15,lucy.yeboah1823@example.com,M39 9DS,London,2024-12-06,Telephone,0,Lapsed,2026-07-04
1824,Uche,Hargreaves,1974-05-25,,g246gg,West Midlands,2019-12-01,Partner,0,Active,2024-08-25
1825,Rachel,Kowalski,1987-01-05,rachel.kowalski1825@example.com,BT28 7TZ,Wales,2024-07-19,Web,1,Active,2024-07-19
1826,Deborah,Rashid,1977-04-27,deborah.rashid1826@example.com,L39 2EH,North East,2022-08-08,Social,0,Inactive,2023-03-05
1827,Emeka,Ellery,1982-07-20,emeka.ellery1827@example.com,ne199ed,Scotland,2025-05-21,Social,1,Lapsed,2025-05-27
1828,Callum,Rashid,1985-07-20,callum.rashid1828@example.com,LS33 6WA,Wales,2025-05-14,Web,1,Active,2026-08-09
1829,Kai,Iqbal,1981-09-17,kai.iqbal1829@example.com,SW22 8QD,Yorkshire & Humber,2026-01-13,Direct Mail,0,Active,2026-05-04
1830,Emeka,Gill,1995-02-17,emeka.gill1830@example.com,M19 4HB,Yorkshire & Humber,2019-06-29,Event,0,Inactive,2025-05-08
1831,Kai,Uddin,1960-01-06,kai.uddin1831@example.com,BT34 6PY,Scotland,2024-04-01,Direct Mail,0,Active,2026-02-24
1832,Zara,Bright,1982-09-27,zara.bright1832@example.com,BT34 9PF,South West,2021-02-11,Web,1,Active,2026-07-05
1833,Noah,Whitlock,1993-02-04,noah.whitlock1833@example.com,bt245ba,London,2021-01-10,Telephone,0,Active,2025-12-14
1834,Mahmoud,Jarvis,1982-11-25,mahmoud.jarvis1834@example.com,BS5 5JB,South West,2023-03-01,Partner,1,Active,2023-05-25
1835,Harun,Pemberton,1960-07-20,harun.pemberton1835@example.com,SE15 1ZD,South West,2022-08-18,Web,1,Lapsed,2025-04-29
1836,Uche,Lindqvist,2004-09-22,uche.lindqvist1836@example.com,CF20 2UR,Wales,2020-08-24,Event,0,Active,2026-05-14
1837,Tariq,Hargreaves,1969-02-20,tariq.hargreaves1837@example.com,EH31 3AZ,North East,2017-09-22,Partner,0,Active,2019-11-30
1838,Uche,Zielinski,1995-06-21,uche.zielinski1838@example.com,BS17 8NQ,East of England,2018-05-24,Event,0,Active,2021-11-03
1839,Rosa,Tewari,1971-12-27,rosa.tewari1839@example.com,NE26 8RU,Yorkshire & Humber,2017-02-23,Event,0,Active,2023-08-14
1840,Isaac,Jarvis,1985-08-17,isaac.jarvis1840@example.com,M29 6LY,East of England,2019-11-26,Partner,1,Inactive,2022-09-17
1841,Imogen,Sandoval,1953-06-02,imogen.sandoval1841@example.com,CF3 3ZN,Yorkshire & Humber,2017-02-22,Event,1,Active,2025-06-19
1842,Jasmin,Duffy,1978-06-22,jasmin.duffy1842@example.com,CF28 3NJ,East of England,2024-08-13,Telephone,1,Active,2025-06-18
1843,Olive,Gill,1956-08-12,olive.gill1843@example.com,EH3 3WU,Yorkshire & Humber,2025-09-03,Social,0,Active,2026-04-28
1844,Sian,Tewari,1952-02-15,sian.tewari1844@example.com,EH40 3ZH,East Midlands,2018-03-27,Event,1,Active,2020-02-08
1845,Zara,Ellery,1999-07-16,zara.ellery1845@example.com,BT16 3HN,Wales,2020-10-17,Telephone,0,Active,2024-07-16
1846,Aisha,Pemberton,1998-12-08,aisha.pemberton1846@example.com,EH1 3AG,South West,2020-01-20,Event,0,Active,2024-10-14
1847,Amara,Fenton,1996-02-13,amara.fenton1847@example.com,G19 3BN,London,2022-09-29,Partner,0,Lapsed,2024-11-24
1848,Imogen,Carrick,1990-08-25,imogen.carrick1848@example.com,LS30 7XE,Yorkshire & Humber,2024-11-06,Telephone,1,Active,2024-12-08
1849,Emeka,Pemberton,1957-03-10,emeka.pemberton1849@example.com,NE22 2NR,East Midlands,2022-12-23,Web,1,Active,2024-07-02
1850,Mahmoud,Duffy,1979-12-01,mahmoud.duffy1850@example.com,LS7 1AT,Scotland,2024-10-08,Direct Mail,0,Inactive,2025-03-17
1851,Uche,Abiola,1966-05-01,uche.abiola1851@example.com,sw129bg,East Midlands,2020-06-21,Event,1,Active,2023-04-26
1852,Maya,Yeboah,1947-09-17,maya.yeboah1852@example.com,NE14 9PD,Wales,2021-11-22,Web,1,Lapsed,2022-09-12
1853,Isaac,Okafor,1956-05-10,isaac.okafor1853@example.com,G5 4GU,West Midlands,2025-03-02,Direct Mail,0,Inactive,2026-02-02
1854,Imogen,Morrow,2004-03-04,imogen.morrow1854@example.com,L6 4JR,West Midlands,2020-10-30,Event,0,Active,2025-08-05
1855,Kai,Zielinski,1985-11-06,kai.zielinski1855@example.com,G18 7LF,Wales,2021-06-05,Event,1,Inactive,2025-01-15
1856,Karolina,Dalgleish,1956-07-09,karolina.dalgleish1856@example.com,LS19 1WQ,Yorkshire & Humber,2025-03-07,Web,0,Inactive,2025-07-21
1857,Kai,Tewari,1976-03-21,kai.tewari1857@example.com,SE12 9JX,South West,2025-09-20,Direct Mail,0,Active,2026-04-27
1858,Rachel,Wainwright,2004-09-17,rachel.wainwright1858@example.com,M39 8QW,South East,2021-11-16,Partner,1,Active,2023-09-22
1859,Uche,Fenton,1953-01-09,uche.fenton1859@example.com,BT37 2LY,East of England,2026-04-14,Social,1,Active,2026-04-28
1860,Priya,Thornbury,1972-02-04,priya.thornbury1860@example.com,SW37 1WT,East Midlands,2021-02-08,Telephone,0,Lapsed,2025-05-28
1861,Grace,Pemberton,1999-05-03,grace.pemberton1861@example.com,M30 2HG,South West,2019-10-06,Partner,0,Inactive,2020-10-02
1862,Eleanor,Pemberton,1997-01-23,eleanor.pemberton1862@example.com,BS20 6AL,North East,2022-07-29,Social,0,Lapsed,2026-03-20
1863,Uche,Uddin,1965-12-14,uche.uddin1863@example.com,g226za,North West,2023-10-22,Direct Mail,0,Active,2026-05-11
1864,Imogen,Hargreaves,2005-04-01,imogen.hargreaves1864@example.com,SW29 8DY,South West,2023-12-12,Web,1,Active,2025-08-01
1865,Zara,Ahmed,1994-01-27,zara.ahmed1865@example.com,LS24 5QY,East Midlands,2020-07-18,Telephone,0,Active,2021-08-18
1866,Omar,Thornbury,2001-01-06,omar.thornbury1866@example.com,B17 7DZ,South West,2019-10-05,Event,1,Inactive,2026-03-30
1867,Joseph,Okafor,1951-08-05,joseph.okafor1867@example.com,G10 3PW,West Midlands,2024-04-15,Direct Mail,0,Deceased,2025-10-22
1868,Leah,Chen,1957-08-13,leah.chen1868@example.com,LS13 6WH,London,2023-11-26,Direct Mail,1,Lapsed,2024-05-20
1869,Callum,Zielinski,1981-08-01,callum.zielinski1869@example.com,B1 6JX,Yorkshire & Humber,2022-11-08,Telephone,1,Lapsed,2023-12-14
1870,Aisha,Nkemelu,1957-09-12,aisha.nkemelu1870@example.com,M26 8TW,Scotland,2023-04-22,Web,1,Active,2025-07-21
1871,Hannah,Sandoval,1975-08-09,hannah.sandoval1871.example.com,LS7 3WU,Wales,2025-12-19,Social,0,Active,2026-03-14
1872,Olive,Nkemelu,1958-10-19,olive.nkemelu1872@example.com,B20 9DD,London,2018-11-24,Event,1,Inactive,2022-06-18
1873,Rachel,Whitlock,1964-12-16,rachel.whitlock1873@example.com,se134gr,South East,2023-10-25,Social,1,Active,2024-11-23
1874,Amara,Jarvis,1983-06-17,amara.jarvis1874@example.com,N36 1TU,West Midlands,2024-02-04,Telephone,0,Lapsed,2024-06-26
1875,Aisha,Gill,1955-11-04,aisha.gill1875@example.com,L30 4ZP,West Midlands,2026-02-19,Direct Mail,1,Active,2026-06-19
1876,Grace,Gill,1975-04-03,,EH22 6JH,West Midlands,2025-01-25,Direct Mail,0,Lapsed,2026-01-06
1877,Tariq,Hargreaves,1961-06-12,tariq.hargreaves1877@example.com,NE2 6QF,London,2018-11-20,Telephone,1,Active,2025-08-31
1878,Samuel,Nkemelu,1950-02-14,samuel.nkemelu1878@example.com,CF34 1UW,East Midlands,2022-02-17,Telephone,0,Active,2023-11-12
1879,Rachel,Okafor,1950-12-11,rachel.okafor1879@example.com,M17 7DZ,Scotland,2023-05-16,Web,0,Active,2023-08-11
1880,Verity,Bright,1981-12-01,verity.bright1880@example.com,BT19 1DL,North West,2023-07-09,Direct Mail,1,Lapsed,2023-07-23
1881,Omar,Pemberton,1967-11-07,omar.pemberton1881@example.com,EH2 7DR,West Midlands,2022-07-04,Partner,0,Lapsed,2023-05-17
1882,Elliot,Okafor,1951-11-21,elliot.okafor1882@example.com,SW17 5NE,West Midlands,2020-10-13,Web,0,Active,2025-08-14
1883,Liam,Abiola,1946-06-28,,l341wy,West Midlands,2019-03-30,Event,1,Active,2019-06-03
1884,Lucy,Fenton,1987-08-15,lucy.fenton1884@example.com,BS7 9UP,West Midlands,2025-05-09,Direct Mail,1,Active,2026-02-10
1885,Hannah,Gill,1977-01-15,,g194bu,Northern Ireland,2023-05-19,Partner,1,Active,2025-07-17
1886,Sofia,Grewal,1995-01-02,sofia.grewal1886@example.com,M3 6ZU,Scotland,2017-07-29,Partner,1,Active,2025-02-05
1887,Harun,Kowalski,2005-09-20,harun.kowalski1887@example.com,LS18 6QA,East Midlands,2021-03-14,Event,0,Inactive,2023-10-25
1888,Fatima,Morrow,1956-10-19,fatima.morrow1888@example.com,eh97zu,South West,2023-09-30,Social,0,Inactive,2023-10-31
1889,Chloe,Morrow,1986-10-19,chloe.morrow1889@example.com,L29 9AS,East of England,2020-04-09,Event,1,Active,2024-02-03
1890,Lucy,Rashid,1995-04-21,lucy.rashid1890@example.com,BS22 8YR,,2021-01-04,Web,0,Active,2021-05-02
1891,Samuel,Pemberton,1994-12-21,samuel.pemberton1891@example.com,LS11 7RR,Northern Ireland,2018-12-10,Event,1,Active,2022-11-11
1892,Elliot,Nkemelu,1980-11-21,elliot.nkemelu1892@example.com,CF20 1GZ,Wales,2020-04-28,Partner,0,Active,2021-01-24
1893,Sofia,Gill,1948-01-07,sofia.gill1893@example.com,G13 8UQ,Yorkshire & Humber,2024-09-08,Web,1,Active,2025-04-06
1894,Joseph,Wainwright,1965-06-14,joseph.wainwright1894@example.com,M8 2LY,Northern Ireland,2023-02-17,Social,1,Inactive,2023-06-24
1895,Rosa,Sandoval,2001-06-27,rosa.sandoval1895@example.com,SW17 5GD,South East,2019-03-17,Telephone,1,Active,2019-04-30
1896,Zara,Chen,1960-08-10,zara.chen1896@example.com,M2 5NB,Yorkshire & Humber,2023-10-02,Web,0,Active,2024-06-16
1897,Wei,Fenton,1976-10-15,wei.fenton1897@example.com,eh253qe,South East,2020-03-14,Event,1,Inactive,2019-11-21
1898,Zainab,Abiola,1955-12-04,zainab.abiola1898@example.com,N20 9TD,West Midlands,2024-06-10,Telephone,0,Active,2026-05-15
1899,Wei,Fenton,1961-09-01,wei.fenton1899@example.com,g35qb,Northern Ireland,2021-05-29,Partner,1,Active,2021-12-04
1900,Callum,Baptiste,1992-06-15,callum.baptiste1900@example.com,CF26 8LX,West Midlands,2017-03-18,Event,1,Active,2025-01-13
1901,Rhys,Okafor,1958-08-10,rhys.okafor1901@example.com,B38 1HS,Northern Ireland,2025-12-29,Web,1,Inactive,2025-12-29
1902,Olive,Fenton,1996-06-19,olive.fenton1902@example.com,B34 3WT,East of England,2021-06-10,Web,1,Active,2024-01-21
1903,Theo,Bright,1951-05-19,theo.bright1903@example.com,M26 2XH,North West,2017-07-28,Event,1,Inactive,2026-06-27
1904,Eleanor,Chen,1952-05-19,eleanor.chen1904@example.com,CF30 3WP,Yorkshire & Humber,2020-01-11,Partner,1,Active,2025-06-10
1905,Zainab,Tewari,1986-09-11,zainab.tewari1905@example.com,M33 1BJ,Scotland,2022-10-06,Telephone,1,Active,2023-03-13
1906,Daniel,Bright,1988-10-25,daniel.bright1906@example.com,SW36 3PE,East Midlands,2023-10-11,Direct Mail,1,Active,2024-11-10
1907,Sian,Grewal,1984-02-20,sian.grewal1907@example.com,EH21 9DG,North West,2019-12-01,Event,1,Lapsed,2025-07-25
1908,Imogen,Duffy,1958-10-22,imogen.duffy1908@example.com,SW21 2LR,South East,2023-02-24,Social,1,Active,2024-03-07
1909,Daniel,Tewari,1981-06-16,daniel.tewari1909@example.com,BS36 3TA,North West,2020-04-13,Event,1,Active,2020-11-08
1910,Isaac,Baptiste,1966-06-03,isaac.baptiste1910@example.com,G26 3TA,Scotland,2020-10-25,Event,1,Active,2024-10-12
1911,Olive,Mensah,1965-12-19,olive.mensah1911@example.com,L12 6NY,South East,2019-06-10,Event,1,Active,2026-06-07
1912,Leah,Thornbury,1966-01-09,leah.thornbury1912@example.com,g373as,North West,2024-05-15,Direct Mail,1,Active,2025-03-26
1913,Rachel,Whitlock,1954-04-22,rachel.whitlock1913@example.com,CF27 8JY,Scotland,2019-03-26,Telephone,0,Active,2019-05-30
1914,Kai,Abiola,1979-12-07,kai.abiola1914@example.com,EH24 5EN,Yorkshire & Humber,2025-12-03,Web,1,Active,2026-06-19
1915,Theo,Rashid,1979-03-11,theo.rashid1915@example.com,NE26 1LW,London,2023-01-27,Web,1,Inactive,2023-06-29
1916,Harun,Vasquez,1953-03-12,harun.vasquez1916@example.com,CF12 1RW,West Midlands,2022-07-22,Telephone,0,Lapsed,2023-08-05
1917,Priya,Ahmed,1947-12-16,priya.ahmed1917@example.com,n205rd,North West,2021-02-26,Partner,1,Lapsed,2025-05-27
1918,Samuel,Jarvis,1984-01-23,,NE9 9XJ,North East,2019-02-06,Telephone,1,Active,2020-04-10
1919,Gareth,Wainwright,1948-10-25,gareth.wainwright1919@example.com,EH40 8GN,South West,2022-06-14,Event,0,Lapsed,2025-09-11
1920,Noah,Carrick,1972-10-12,noah.carrick1920@example.com,BT20 2UX,London,2020-09-12,Telephone,1,Active,2025-02-27
1921,Noah,Bright,1982-01-20,noah.bright1921@example.com,SW20 5JY,West Midlands,2023-03-21,Social,0,Inactive,2025-02-10
1922,Imogen,Gill,1964-09-28,imogen.gill1922@example.com,B25 5HX,East Midlands,2023-06-19,Telephone,1,Active,2024-02-21
1923,Rosa,Wainwright,2000-06-17,rosa.wainwright1923@example.com,BT26 8WH,South East,2023-06-29,Telephone,0,Active,2025-05-27
1924,Mahmoud,Yeboah,1962-12-11,mahmoud.yeboah1924@example.com,M39 4GX,London,2019-03-27,Telephone,1,Active,2019-08-31
1925,Olive,Bright,1969-05-11,olive.bright1925.example.com,B8 6EW,Yorkshire & Humber,2023-12-13,Web,1,Active,2024-08-22
1926,Ben,Morrow,1987-06-25,ben.morrow1926@example.com,N23 2UR,South West,2018-07-03,Telephone,0,Active,2026-03-31
1927,Verity,Fenton,1968-10-05,verity.fenton1927@example.com,SW31 4PL,North East,2022-11-21,Partner,1,Active,2023-02-08
1928,Rhys,Abiola,1959-04-23,rhys.abiola1928@example.com,BT14 5PG,Scotland,2022-10-07,Partner,1,Active,2024-06-28
1929,Tariq,Hargreaves,1992-10-07,tariq.hargreaves1929@example.com,BT9 2FT,North West,2024-01-30,Web,0,Inactive,2025-10-17
1930,Freya,Jarvis,1995-12-08,freya.jarvis1930@example.com,L37 8PE,South East,2023-04-24,Partner,0,Lapsed,2025-08-04
1931,Deborah,Okafor,1974-05-09,deborah.okafor1931@example.com,BS8 4FH,North West,2024-04-01,Direct Mail,0,Active,2024-10-21
1932,Chloe,Nkemelu,1984-06-13,chloe.nkemelu1932@example.com,M30 2HZ,Yorkshire & Humber,2018-11-17,Partner,0,Active,2025-10-22
1933,Samuel,Lindqvist,2001-05-13,samuel.lindqvist1933@example.com,l13hb,East Midlands,2025-09-09,Direct Mail,1,Lapsed,2026-05-20
1934,Sian,Mensah,1954-07-15,sian.mensah1934@example.com,G4 3HD,North East,2022-11-02,Telephone,0,Active,2024-07-27
1935,Karolina,Okafor,2000-09-04,karolina.okafor1935@example.com,BS20 7FW,North East,2022-12-06,Social,1,Inactive,2025-02-01
1936,Sofia,Hargreaves,1995-05-10,sofia.hargreaves1936@example.com,B2 9PU,South East,2024-01-01,Social,1,Active,2024-11-30
1937,Jasmin,Tewari,1949-04-05,jasmin.tewari1937@example.com,M17 8SH,Northern Ireland,2018-05-08,Partner,1,Active,2024-07-07
1938,Elliot,Zielinski,1990-04-04,elliot.zielinski1938@example.com,N32 3HH,East of England,2018-08-10,Telephone,0,Active,2021-02-16
1939,Hannah,Gill,1958-01-19,hannah.gill1939@example.com,N13 6RT,South West,2026-04-11,Social,1,Lapsed,2026-05-02
1940,Freya,Chen,1969-08-15,freya.chen1940@example.com,NE17 7YL,East Midlands,2017-06-26,Event,1,Inactive,2018-12-27
1941,Freya,Mensah,1966-06-04,freya.mensah1941@example.com,BS39 3XT,Yorkshire & Humber,2022-07-01,Social,0,Inactive,2023-10-01
1942,Fatima,Zielinski,1960-12-09,fatima.zielinski1942@example.com,EH30 7FZ,South East,2025-08-14,Direct Mail,1,Lapsed,2026-03-20
1943,Theo,Sandoval,1982-02-05,theo.sandoval1943@example.com,BS38 8HZ,East of England,2025-08-05,Social,1,Active,2026-03-27
1944,Grace,Wainwright,1962-12-18,grace.wainwright1944@example.com,N22 3UP,East of England,2020-06-07,Event,0,Lapsed,2025-11-15
1945,Omar,Nkemelu,1953-07-10,omar.nkemelu1945@example.com,N38 4QH,South East,2021-10-13,Web,0,Active,2026-05-18
1946,Grace,Rashid,1992-07-26,grace.rashid1946@example.com,SW9 1JG,South West,2023-12-09,Web,1,Inactive,2023-12-21
1947,Liam,Duffy,1965-04-17,liam.duffy1947@example.com,SW36 5AW,North East,2024-12-25,Direct Mail,0,Inactive,2026-06-08
1948,Emeka,Iqbal,1967-11-21,emeka.iqbal1948@example.com,bt78pa,South East,2019-03-06,Partner,1,Active,2020-05-12
1949,Priya,Okafor,1976-06-26,priya.okafor1949@example.com,BS15 1UF,Scotland,2023-09-08,Web,1,Active,2026-06-09
1950,Harun,Duffy,1953-05-08,harun.duffy1950@example.com,G24 6QN,South West,2019-10-02,Telephone,0,Active,2024-12-25
1951,Fatima,Tewari,1983-03-03,,BT10 7XZ,Wales,2024-07-01,Web,1,Active,2025-01-04
1952,Eleanor,Pemberton,1956-02-02,eleanor.pemberton1952@example.com,M25 2RW,East Midlands,2021-11-23,Telephone,0,Active,2023-04-06
1953,Imogen,Okafor,1946-04-08,,SE27 4FE,North West,2024-01-27,Direct Mail,1,Active,2025-05-10
1954,Theo,Morrow,1970-10-04,,M20 4ZR,Scotland,2020-10-20,Event,1,Active,2021-04-29
1955,Amara,Nkemelu,1971-09-01,amara.nkemelu1955@example.com,EH19 2RF,Northern Ireland,2019-05-30,Telephone,0,Active,2021-08-18
1956,Jasmin,Wainwright,1994-01-02,jasmin.wainwright1956@example.com,N31 3PU,North West,2022-09-12,Social,0,Active,2025-06-03
1957,Mahmoud,Mensah,1946-04-15,mahmoud.mensah1957@example.com,NE31 8YF,West Midlands,2019-07-02,Telephone,0,Inactive,2024-03-24
1958,Zainab,Morrow,1946-07-06,zainab.morrow1958@example.com,B12 6JD,South West,2019-04-02,Event,0,Lapsed,2020-04-27
1959,Eleanor,Hargreaves,1952-09-02,eleanor.hargreaves1959@example.com,SE24 8WG,East Midlands,2022-07-27,Social,0,Lapsed,2025-10-13
1960,Chloe,Kowalski,1998-04-08,chloe.kowalski1960@example.com,BT8 3UH,South East,2017-01-20,Event,1,Active,2020-09-22
1961,Karolina,Wainwright,1984-08-07,karolina.wainwright1961@example.com,CF5 5DU,Wales,2019-06-15,Event,1,Lapsed,2022-12-06
1962,Uche,Ahmed,1998-11-02,uche.ahmed1962@example.com,EH40 3XL,South East,2017-12-06,Event,0,Active,2018-12-25
1963,Uche,Vasquez,2000-11-23,uche.vasquez1963@example.com,BT39 6QL,Wales,2021-10-27,Event,1,Active,2024-12-09
1964,Imogen,Pemberton,1977-08-01,imogen.pemberton1964@example.com,BS4 9JT,North West,2024-04-04,Direct Mail,0,Inactive,2026-05-14
1965,Sofia,Duffy,1967-05-09,sofia.duffy1965@example.com,L40 3UU,South West,2024-04-12,Telephone,0,Active,2025-11-13
1966,Rosa,Baptiste,1960-05-08,rosa.baptiste1966@example.com,BS8 6DU,London,2025-07-28,Social,0,Active,2025-08-13
1967,Gareth,Bright,1949-02-24,gareth.bright1967@example.com,SE15 3AY,North West,2025-01-15,Web,0,Lapsed,2025-03-24
1968,Mahmoud,Fenton,1953-03-20,mahmoud.fenton1968@example.com,BS26 6QX,Northern Ireland,2023-06-11,Direct Mail,0,Active,2026-08-08
1969,Harun,Bright,1999-10-17,harun.bright1969@example.com,M6 2QB,North East,2018-03-15,Event,0,Active,2025-09-02
1970,Fatima,Chen,1972-01-26,fatima.chen1970@example.com,BS20 3AG,South East,2024-07-23,Telephone,1,Active,2026-05-09
1971,Deborah,Quainton,1975-03-18,deborah.quainton1971@example.com,EH32 5RY,South West,2025-11-27,Direct Mail,1,Active,2026-08-04
1972,Hannah,Tewari,1994-09-02,hannah.tewari1972@example.com,SE35 3RX,South East,2023-01-23,Web,0,Lapsed,2022-06-23
1973,Amara,Gill,1986-03-01,amara.gill1973@example.com,M16 5BL,Wales,2023-11-27,Social,0,Active,2024-03-10
1974,Mahmoud,Ahmed,1996-02-28,mahmoud.ahmed1974@example.com,LS25 4SD,North West,2022-04-20,Event,1,Inactive,2024-03-27
1975,Jasmin,Mensah,2004-10-18,jasmin.mensah1975@example.com,SE27 7GT,North East,2022-03-25,Partner,1,Active,2023-04-01
1976,Imogen,Kowalski,1967-06-18,imogen.kowalski1976@example.com,G2 1RU,East Midlands,2025-04-04,Direct Mail,0,Active,2025-08-10
1977,Rhys,Mensah,1968-06-14,rhys.mensah1977@example.com,L29 4AQ,North West,2025-07-01,Direct Mail,1,Active,2026-03-15
1978,Chloe,Gill,1984-09-09,,G6 5DL,East of England,2022-07-21,Web,0,Lapsed,2024-02-04
1979,Daniel,Gill,1976-01-09,daniel.gill1979@example.com,BT20 5LR,Yorkshire & Humber,2018-11-23,Event,0,Active,2024-11-05
1980,Callum,Sharpe,1979-06-13,callum.sharpe1980@example.com,G12 7QS,East Midlands,2023-07-21,Partner,1,Active,2023-10-27
1981,Wei,Gill,1993-02-18,wei.gill1981@example.com,M14 1PR,London,2024-06-06,Direct Mail,0,Inactive,2025-01-14
1982,Imogen,Lindqvist,1985-04-08,imogen.lindqvist1982@example.com,L6 1NE,Wales,2023-10-25,Partner,0,Active,2026-07-21
1983,Tariq,Abiola,1971-02-25,tariq.abiola1983@example.com,CF11 7ZH,West Midlands,2020-04-23,Partner,1,Inactive,2022-02-07
1984,Amara,Dalgleish,1968-08-11,amara.dalgleish1984@example.com,SW19 4ZH,South East,2025-06-21,Direct Mail,0,Active,2025-10-10
1985,Grace,Sharpe,1951-06-27,grace.sharpe1985@example.com,NE11 4SH,Scotland,2018-06-21,Event,1,Active,2021-07-20
1986,Olive,Tewari,1983-06-16,olive.tewari1986@example.com,b398wa,Northern Ireland,2022-04-26,Partner,1,Active,2025-02-19
1987,Grace,Vasquez,1991-09-01,grace.vasquez1987@example.com,SW6 3RN,London,2020-04-08,Partner,0,Active,2025-10-24
1988,Aisha,Yeboah,2000-07-23,aisha.yeboah1988@example.com,B32 6JN,Northern Ireland,2024-06-03,Web,1,Active,2026-05-04
1989,Leah,Bright,1967-05-13,leah.bright1989@example.com,BS26 7GZ,East of England,2021-11-19,Partner,1,Active,2022-06-20
1990,Zainab,Abiola,1988-09-05,zainab.abiola1990@example.com,SE39 8SW,Scotland,2026-06-13,Direct Mail,1,Inactive,2026-06-30
1991,Priya,Jarvis,1975-07-19,priya.jarvis1991@example.com,SE37 9ZG,East Midlands,2020-08-03,Telephone,1,Active,2026-01-27
1992,Olive,Tewari,1974-07-02,olive.tewari1992@example.com,M12 8SW,East Midlands,2021-08-05,Event,1,Active,2024-08-26
1993,Elliot,Jarvis,1991-03-19,elliot.jarvis1993@example.com,BS22 6JP,North East,2017-03-30,Event,0,Active,2019-01-02
1994,Elliot,Uddin,2004-07-11,elliot.uddin1994@example.com,SE2 3UY,West Midlands,2018-09-02,Event,0,Active,2025-06-29
1995,Rachel,Morrow,1996-07-04,rachel.morrow1995@example.com,BT40 3UZ,North West,2024-08-30,Social,0,Active,2026-07-15
1996,Aisha,Chen,1985-09-06,aisha.chen1996@example.com,SE14 7UH,Yorkshire & Humber,2021-05-18,Web,0,Inactive,2022-11-20
1997,Zara,Mensah,1999-04-10,zara.mensah1997@example.com,NE33 9YB,South East,2024-03-13,Social,0,Lapsed,2025-09-26
1998,Lucy,Hargreaves,1977-01-20,lucy.hargreaves1998@example.com,N40 1EY,South East,2024-10-10,Direct Mail,0,Inactive,2025-09-01
1999,Samuel,Nkemelu,1975-07-21,samuel.nkemelu1999@example.com,sw25jl,Scotland,2021-09-02,Event,1,Inactive,2023-06-20
2000,Rosa,Tewari,1958-07-08,rosa.tewari2000@example.com,G23 8EF,Wales,2019-11-19,Event,0,Lapsed,2021-05-29
2001,Deborah,Baptiste,1954-12-04,deborah.baptiste2001@example.com,G17 2TZ,North West,2020-05-12,Telephone,1,Active,2025-08-29
2002,Omar,Whitlock,1990-03-24,omar.whitlock2002@example.com,NE17 6ZY,East Midlands,2026-01-11,Direct Mail,1,Active,2026-03-17
2003,Jasmin,Duffy,1960-03-25,jasmin.duffy2003@example.com,SE11 3HH,East Midlands,2021-03-04,Web,1,Inactive,2023-01-20
2004,Mahmoud,Iqbal,1978-11-06,mahmoud.iqbal2004@example.com,B17 4WP,Scotland,2016-11-25,Event,0,Lapsed,2020-07-09
2005,Sofia,Hargreaves,1949-04-17,sofia.hargreaves2005@example.com,NE28 8ES,Wales,2022-06-01,Telephone,0,Lapsed,2023-05-20
2006,Elliot,Dalgleish,1972-11-20,elliot.dalgleish2006@example.com,M36 9HU,North West,2023-10-05,Telephone,0,Inactive,2026-04-17
2007,Chloe,Tewari,1946-03-04,chloe.tewari2007@example.com,BT4 3WH,East of England,2022-12-26,Social,1,Active,2024-02-10
2008,Ben,Carrick,1967-04-06,ben.carrick2008@example.com,SE32 7PU,London,2018-08-25,Partner,0,Active,2024-12-06
2009,Kai,Uddin,1983-09-02,kai.uddin2009@example.com,M39 5UZ,East Midlands,2024-06-01,Web,0,Inactive,2026-03-03
2010,Chloe,Dalgleish,1959-02-08,chloe.dalgleish2010@example.com,SW39 6UZ,North East,2020-01-27,Event,1,Active,2025-06-07
2011,Lucy,Duffy,1985-05-27,lucy.duffy2011@example.com,N17 9UT,Scotland,2025-09-24,Web,0,Active,2025-12-13
2012,Niamh,Yeboah,1968-01-22,niamh.yeboah2012@example.com,SW3 7TJ,Yorkshire & Humber,2017-12-19,Partner,0,Inactive,2026-05-17
2013,Rachel,Lindqvist,1992-12-06,rachel.lindqvist2013@example.com,N34 3SR,Northern Ireland,2022-09-06,Social,1,Active,2025-07-15
2014,Ben,Baptiste,1991-09-14,ben.baptiste2014@example.com,SE19 2PG,Wales,2021-05-29,Telephone,1,Inactive,2022-01-11
2015,Grace,Grewal,1972-04-03,grace.grewal2015@example.com,CF37 5TN,West Midlands,2025-02-21,Direct Mail,1,Lapsed,2026-02-08
2016,Yusuf,Grewal,1966-02-18,yusuf.grewal2016@example.com,EH16 2DR,South West,2023-05-09,Telephone,0,Lapsed,2026-01-24
2017,Elliot,Zielinski,2000-12-10,elliot.zielinski2017@example.com,N15 7TD,Yorkshire & Humber,2022-07-15,Web,0,Lapsed,2026-06-07
2018,Jasmin,Duffy,1997-04-14,jasmin.duffy2018@example.com,B7 5ES,Scotland,2021-02-28,Event,1,Inactive,2026-03-09
2019,Rhys,Nkemelu,1990-04-27,rhys.nkemelu2019@example.com,B27 5DA,London,2020-11-14,Event,1,Active,2023-04-28
2020,Daniel,Kowalski,1962-05-06,daniel.kowalski2020@example.com,M39 3HN,West Midlands,2018-06-27,Partner,1,Active,2022-09-20
2021,Grace,Tewari,1985-07-05,grace.tewari2021@example.com,CF3 3BY,East of England,2020-03-05,Partner,1,Lapsed,2022-06-17
2022,Rhys,Iqbal,1957-06-20,rhys.iqbal2022@example.com,LS2 7BG,Northern Ireland,2018-06-25,Event,1,Lapsed,2020-04-25
2023,Rosa,Uddin,1977-09-17,rosa.uddin2023@example.com,SW29 6TP,North West,2021-07-03,Partner,1,Lapsed,2025-02-12
2024,Mahmoud,Whitlock,1995-12-21,mahmoud.whitlock2024@example.com,L3 8UF,South West,2021-11-04,Event,Y,Deceased,2023-12-19
2025,Tariq,Vasquez,1958-06-28,tariq.vasquez2025@example.com,B33 2ZR,North East,2021-04-04,Web,0,Active,2023-03-13
2026,Rachel,Tewari,1970-05-22,rachel.tewari2026@example.com,se393dg,North West,2025-02-11,Web,0,Inactive,2026-01-05
2027,Lucy,Sharpe,1957-05-21,lucy.sharpe2027@example.com,CF32 2UP,North West,2024-04-28,Social,0,Active,2026-07-14
2028,Yusuf,Gill,1993-08-18,yusuf.gill2028@example.com,sw319gf,North East,2024-08-31,Direct Mail,1,Active,2026-04-26
2029,Zara,Tewari,1993-08-05,zara.tewari2029@example.com,SE23 2UX,Northern Ireland,2025-11-14,Direct Mail,0,Inactive,2026-05-23
2030,Noah,Jarvis,1970-09-23,noah.jarvis2030@example.com,SE31 6ZB,Northern Ireland,2021-04-21,Event,1,Active,2025-11-09
2031,Rhys,Whitlock,1969-02-02,rhys.whitlock2031@example.com,BS26 2YG,London,2024-07-21,Social,0,Lapsed,2026-07-29
2032,Isaac,Jarvis,1960-06-02,isaac.jarvis2032@example.com,BT15 8QF,East of England,2021-12-22,Event,0,Active,2024-10-03
2033,Amara,Morrow,1981-04-08,amara.morrow2033@example.com,L5 5TH,Wales,2024-11-12,Social,0,Active,2026-05-07
2034,Aisha,Fenton,1964-09-23,aisha.fenton2034@example.com,BS9 7SF,North West,2025-07-16,Direct Mail,1,Lapsed,2025-10-06
2035,Sofia,Thornbury,1999-04-21,sofia.thornbury2035@example.com,BT19 6QN,East Midlands,2023-08-18,Partner,N,Active,2024-09-20
2036,Deborah,Nkemelu,1975-03-02,deborah.nkemelu2036@example.com,SE18 8EQ,West Midlands,2019-01-13,Telephone,0,Lapsed,2021-03-23
2037,Zara,Gill,1967-12-13,zara.gill2037@example.com,M26 3ZE,East Midlands,2021-05-19,Web,1,Active,2022-12-24
2038,Hannah,Abiola,1953-06-14,hannah.abiola2038.example.com,ne297pj,Scotland,2023-01-23,Telephone,1,Lapsed,2025-05-31
2039,Sofia,Wainwright,1958-08-18,sofia.wainwright2039@example.com,M11 1TE,Yorkshire & Humber,2024-06-06,Telephone,1,Active,2026-07-16
2040,Theo,Gill,2001-11-25,theo.gill2040@example.com,LS5 2HB,East Midlands,2024-07-23,Social,1,Active,2025-10-07
2041,Tariq,Jarvis,2002-02-17,tariq.jarvis2041@example.com,EH2 3NN,South West,2023-06-26,Social,0,Active,2025-06-07
2042,Hannah,Bright,1967-10-14,hannah.bright2042@example.com,G6 8JN,Wales,2023-06-09,Direct Mail,1,Lapsed,2024-04-14
2043,Sian,Pemberton,2004-11-13,sian.pemberton2043@example.com,L8 1ER,Scotland,2023-05-15,Social,0,Inactive,2023-08-25
2044,Noah,Ahmed,1951-10-08,noah.ahmed2044@example.com,EH14 1AN,East of England,2020-09-03,Web,1,Active,2026-04-05
2045,Freya,Jarvis,1950-08-20,freya.jarvis2045@example.com,ls154es,East Midlands,2022-04-19,Event,0,Active,2022-07-18
2046,Zara,Tewari,1989-11-11,zara.tewari2046@example.com,M25 8SN,North East,2024-08-05,Direct Mail,0,Lapsed,2026-07-19
2047,Lucy,Rashid,1952-06-21,lucy.rashid2047@example.com,L21 2RQ,East of England,2023-05-26,Web,1,Active,2024-07-03
2048,Niamh,Quainton,1977-11-01,niamh.quainton2048@example.com,SW10 8PF,North East,2021-10-12,Web,0,Lapsed,2025-01-05
2049,Ben,Lindqvist,1976-01-15,ben.lindqvist2049@example.com,BS10 3EQ,North West,2021-01-16,Web,0,Active,2026-06-04
2050,Mahmoud,Duffy,1953-01-20,,NE34 2RN,East of England,2019-04-22,Partner,1,Active,2021-03-07
2051,Uche,Iqbal,1950-07-14,uche.iqbal2051@example.com,EH22 6JB,North East,2019-03-11,Partner,1,Lapsed,2025-10-25
2052,Imogen,Zielinski,1961-06-20,imogen.zielinski2052@example.com,ne311re,South East,2026-05-10,Direct Mail,1,Inactive,2026-06-18
2053,Maya,Pemberton,1956-05-07,maya.pemberton2053@example.com,EH4 4HT,Wales,2023-09-07,Telephone,1,Active,2025-06-29
2054,Kai,Mensah,1947-02-26,kai.mensah2054@example.com,BT28 8JA,West Midlands,2024-10-28,Telephone,1,Lapsed,2026-06-17
2055,Chloe,Lindqvist,1949-08-01,chloe.lindqvist2055@example.com,N13 5SQ,North East,2018-12-26,Telephone,0,Active,2024-09-11
2056,Rhys,Pemberton,1955-03-01,rhys.pemberton2056@example.com,N23 3SR,Northern Ireland,2021-11-04,Event,0,Inactive,2024-12-31
2057,Rosa,Abiola,1954-03-14,rosa.abiola2057@example.com,N12 3HA,Wales,2022-05-28,Social,1,Active,2026-06-25
2058,Liam,Thornbury,1994-12-28,liam.thornbury2058@example.com,G13 7AW,London,2021-07-19,Telephone,1,Lapsed,2026-04-27
2059,Hannah,Whitlock,1984-01-14,hannah.whitlock2059@example.com,M29 4EE,East of England,2025-05-08,Social,0,Lapsed,2026-07-04
2060,Zara,Iqbal,1968-10-05,,M31 3WD,North East,2025-09-20,Direct Mail,1,Lapsed,2026-04-25
2061,Deborah,Tewari,1997-11-04,deborah.tewari2061@example.com,CF34 5DE,Yorkshire & Humber,2024-04-02,Web,0,Active,2025-05-15
2062,Sofia,Hargreaves,1994-12-15,sofia.hargreaves2062@example.com,ls385ua,North East,2024-04-15,Telephone,0,Lapsed,2024-06-21
2063,Imogen,Uddin,1959-02-17,imogen.uddin2063@example.com,B5 7ZD,North West,2025-09-03,Direct Mail,0,Lapsed,2026-05-28
2064,Karolina,Chen,1949-09-23,karolina.chen2064@example.com,N20 6YW,Wales,2026-02-12,Social,0,Active,2026-04-23
2065,Uche,Hargreaves,1974-01-25,uche.hargreaves2065@example.com,SW39 2JT,North East,2021-03-24,Web,1,Active,2024-08-14
2066,Maya,Iqbal,2005-03-14,maya.iqbal2066@example.com,BS19 2ND,North West,2025-05-12,Social,1,Active,2026-07-06
2067,Noah,Abiola,1977-10-08,noah.abiola2067@example.com,bs129js,South West,2022-09-04,Social,1,Lapsed,2026-01-09
2068,Deborah,Quainton,1994-06-18,deborah.quainton2068@example.com,L18 6UY,Northern Ireland,2021-04-23,Web,0,Active,2023-01-21
2069,Harun,Mensah,1949-03-06,harun.mensah2069@example.com,g258ls,North West,2026-03-07,Social,0,Active,2026-08-13
2070,Lucy,Iqbal,1999-05-03,lucy.iqbal2070@example.com,EH4 3YW,Northern Ireland,2019-10-20,Telephone,1,Active,2025-09-11
2071,Leah,Hargreaves,1963-05-26,leah.hargreaves2071@example.com,M21 9YX,Yorkshire & Humber,2020-12-01,Web,1,Active,2023-12-28
2072,Fatima,Grewal,1981-05-02,fatima.grewal2072@example.com,BT31 1SS,Wales,2023-12-06,Direct Mail,0,Active,2025-10-28
2073,Imogen,Abiola,1959-04-12,imogen.abiola2073@example.com,SE13 1WW,South West,2018-04-27,Partner,1,Active,2025-12-30
2074,Priya,Wainwright,1968-03-10,priya.wainwright2074@example.com,LS21 4NS,North East,2025-11-11,Social,1,Active,2026-01-20
2075,Theo,Uddin,1983-05-06,theo.uddin2075@example.com,L7 9AE,Northern Ireland,2025-07-10,Social,1,Active,2025-07-19
2076,Wei,Whitlock,2001-04-02,wei.whitlock2076@example.com,G29 5BA,North East,2023-01-09,Social,1,Inactive,2024-07-24
2077,Imogen,Dalgleish,1965-02-27,imogen.dalgleish2077@example.com,G23 7PG,East Midlands,2019-11-09,Partner,0,Active,2024-10-16
2078,Harun,Uddin,1996-12-14,harun.uddin2078@example.com,NE15 9FB,London,2022-03-09,Web,0,Active,2025-09-29
2079,Jasmin,Baptiste,1960-12-09,jasmin.baptiste2079@example.com,L8 6QX,Wales,2026-04-14,Social,0,Lapsed,2026-07-07
2080,Elliot,Whitlock,1990-01-22,elliot.whitlock2080@example.com,M16 7UA,North West,2025-10-23,Direct Mail,0,Inactive,2026-02-21
2081,Olive,Chen,1985-10-23,olive.chen2081@example.com,m97br,South West,2020-06-06,Event,0,Lapsed,2023-01-25
2082,Joseph,Nkemelu,1956-06-28,joseph.nkemelu2082@example.com,CF21 9YB,Northern Ireland,2018-08-04,Telephone,0,Inactive,2022-07-18
2083,Rachel,Wainwright,1950-05-14,rachel.wainwright2083@example.com,L6 7ZZ,Wales,2025-10-27,Social,1,Active,2025-11-21
2084,Grace,Fenton,1998-08-18,grace.fenton2084@example.com,BT29 6RU,South West,2025-10-09,Web,1,Lapsed,2026-01-15
2085,Sofia,Nkemelu,1968-05-08,sofia.nkemelu2085@example.com,bt202gn,West Midlands,2020-10-30,Telephone,0,Active,2025-07-12
2086,Gareth,Lindqvist,1964-11-05,gareth.lindqvist2086@example.com,NE35 8EW,Wales,2025-07-04,Social,0,Lapsed,2026-03-13
2087,Isaac,Sandoval,1978-06-12,isaac.sandoval2087@example.com,BS22 8PY,East of England,2019-11-19,Telephone,0,Active,2023-10-29
2088,Daniel,Hargreaves,1968-01-21,daniel.hargreaves2088@example.com,LS30 1WJ,East Midlands,2023-11-02,Partner,1,Active,2026-03-10
2089,Theo,Gill,1975-03-27,theo.gill2089@example.com,SW9 7ED,West Midlands,2018-02-03,Event,0,Active,2022-03-30
2090,Samuel,Yeboah,1964-08-12,samuel.yeboah2090@example.com,bt16sp,Scotland,2020-07-07,Telephone,0,Active,2021-09-07
2091,Elliot,Rashid,1996-10-07,elliot.rashid2091@example.com,BT25 5RE,North East,2023-07-26,Direct Mail,0,Active,2024-07-04
2092,Lucy,Mensah,1976-11-14,lucy.mensah2092@example.com,SE14 7UQ,West Midlands,2020-04-17,Event,0,Lapsed,2022-09-05
2093,Rachel,Rashid,1988-01-02,rachel.rashid2093@example.com,NE34 3EA,Scotland,2025-04-21,Social,1,Active,2025-09-17
2094,Liam,Lindqvist,1958-06-13,liam.lindqvist2094@example.com,CF31 1ZW,Scotland,2022-03-19,Partner,1,Lapsed,2025-05-07
2095,Emeka,Rashid,1991-11-15,emeka.rashid2095@example.com,G1 9QA,Wales,2026-01-15,Social,1,Active,2026-07-30
2096,Zara,Abiola,1982-11-20,zara.abiola2096@example.com,eh391qn,East Midlands,2025-07-26,Web,1,Active,2025-08-06
2097,Liam,Quainton,1958-04-26,liam.quainton2097@example.com,NE37 9BU,North East,2021-08-28,Event,1,Active,2023-11-03
2098,Yusuf,Quainton,1981-10-16,yusuf.quainton2098@example.com,L8 2NR,Scotland,2024-04-02,Social,0,Inactive,2026-05-12
2099,Daniel,Zielinski,1960-06-22,daniel.zielinski2099@example.com,N31 9TE,Northern Ireland,2021-10-10,Event,0,Active,2021-12-23
2100,Zainab,Carrick,1947-06-04,zainab.carrick2100@example.com,BS30 8GT,South East,2025-02-20,Direct Mail,0,Inactive,2025-12-19
2101,Zainab,Ellery,2003-11-07,zainab.ellery2101@example.com,BS23 9LA,Scotland,2021-08-14,Web,0,Active,2023-09-10
2102,Jasmin,Yeboah,1982-09-25,jasmin.yeboah2102@example.com,L5 1RB,London,2023-07-06,Direct Mail,1,Active,2025-08-06
2103,Sofia,Nkemelu,2003-01-23,sofia.nkemelu2103@example.com,M5 1UN,East Midlands,2024-03-11,Direct Mail,0,Lapsed,2026-07-23
2104,Omar,Grewal,2002-11-05,omar.grewal2104@example.com,N34 3TR,East of England,2020-01-08,Telephone,0,Active,2026-03-13
2105,Imogen,Sandoval,1962-02-04,imogen.sandoval2105@example.com,M37 1WH,South West,2024-08-31,Social,0,Active,2025-06-02
2106,Jasmin,Whitlock,2004-11-26,jasmin.whitlock2106@example.com,NE32 7BU,North West,2023-08-31,Web,1,Active,2024-03-27
2107,Lucy,Grewal,1959-02-08,lucy.grewal2107@example.com,M2 6NY,West Midlands,2022-05-31,Web,0,Active,2023-08-17
2108,Niamh,Hargreaves,2004-07-17,niamh.hargreaves2108@example.com,sw71yb,North East,2021-07-06,Telephone,0,Lapsed,2023-11-16
2109,Daniel,Kowalski,1988-10-18,daniel.kowalski2109@example.com,CF16 9JW,Scotland,2025-10-09,Direct Mail,1,Inactive,2026-06-16
2110,Harun,Pemberton,1953-04-09,harun.pemberton2110@example.com,LS2 4DL,West Midlands,2024-09-22,Direct Mail,1,Lapsed,2025-05-11
2111,Maya,Wainwright,1983-12-17,maya.wainwright2111@example.com,CF10 6RS,London,2021-08-13,Telephone,1,Active,2022-06-12
2112,Maya,Sharpe,1946-03-17,maya.sharpe2112@example.com,B26 1QQ,,2025-04-03,Direct Mail,0,Lapsed,2026-03-06
2113,Isaac,Whitlock,1968-08-10,isaac.whitlock2113@example.com,B37 7YH,South West,2022-08-25,Social,0,Active,2023-06-23
2114,Harun,Abiola,1969-10-13,harun.abiola2114@example.com,NE21 5FD,Scotland,2023-12-28,Social,0,Lapsed,2024-08-23
2115,Mahmoud,Baptiste,1992-09-02,mahmoud.baptiste2115@example.com,sw179xf,London,2022-09-25,Social,0,Active,2026-04-19
2116,Olive,Quainton,1973-10-02,olive.quainton2116@example.com,EH12 4QT,West Midlands,2023-07-28,Telephone,0,Lapsed,2026-06-11
2117,Fatima,Dalgleish,1996-12-19,fatima.dalgleish2117@example.com,LS29 3PX,London,2022-07-04,Web,0,Active,2024-08-12
2118,Karolina,Wainwright,1961-10-09,karolina.wainwright2118@example.com,NE36 5DP,Scotland,2017-08-28,Event,0,Lapsed,2023-03-04
2119,Fatima,Rashid,1967-04-24,fatima.rashid2119@example.com,G19 5RA,West Midlands,2026-04-19,Direct Mail,0,Active,2026-06-08
2120,Tariq,Baptiste,1959-05-27,tariq.baptiste2120@example.com,B18 8AX,East Midlands,2020-03-16,Telephone,0,Active,2024-07-24
2121,Eleanor,Sharpe,1986-03-07,eleanor.sharpe2121@example.com,LS24 3SZ,South West,2026-06-13,Direct Mail,0,Active,2026-06-25
2122,Daniel,Zielinski,1955-01-05,daniel.zielinski2122@example.com,LS38 8DL,East of England,2021-05-16,Web,1,Lapsed,2026-06-25
2123,Wei,Abiola,1954-10-11,wei.abiola2123@example.com,SW22 6ES,Wales,2024-02-14,Social,1,Active,2025-11-11
2124,Aisha,Carrick,1995-01-01,aisha.carrick2124@example.com,BT12 4DT,West Midlands,2026-03-05,Social,0,Active,2026-08-06
2125,Noah,Lindqvist,1982-05-10,,G26 2XL,Northern Ireland,2023-03-24,Partner,0,Active,2026-02-14
2126,Sofia,Rashid,1958-04-06,sofia.rashid2126@example.com,M22 9ZR,,2019-06-25,Partner,1,Active,2021-07-16
2127,Noah,Abiola,2005-04-19,noah.abiola2127@example.com,BS9 8RJ,East Midlands,2021-08-20,Telephone,1,Active,2024-02-18
2128,Priya,Uddin,1983-06-23,priya.uddin2128.example.com,B37 2HT,South East,2023-02-09,Web,0,Lapsed,2026-06-04
2129,Zara,Ellery,1965-09-22,zara.ellery2129@example.com,M25 9HD,East Midlands,2020-06-26,Partner,0,Lapsed,2026-03-04
2130,Chloe,Sandoval,1974-02-22,chloe.sandoval2130@example.com,M10 4RB,Yorkshire & Humber,2022-01-19,Web,1,Lapsed,2025-12-27
2131,Zara,Quainton,2000-07-14,zara.quainton2131@example.com,CF25 3AU,East of England,2025-11-01,Web,1,Active,2025-11-15
2132,Grace,Quainton,1982-01-04,grace.quainton2132@example.com,BS34 5TA,Scotland,2026-03-07,Social,1,Lapsed,2026-07-01
2133,Fatima,Chen,1958-08-25,fatima.chen2133@example.com,LS22 5UH,Yorkshire & Humber,2018-05-16,Event,1,Lapsed,2023-04-01
2134,Imogen,Abiola,1970-07-05,imogen.abiola2134@example.com,EH24 8PX,London,2019-11-04,Event,0,Active,2020-07-25
2135,Karolina,Zielinski,1948-03-13,karolina.zielinski2135@example.com,L27 2YL,North West,2022-01-18,Web,1,Lapsed,2023-03-11
2136,Callum,Quainton,1946-06-06,,M33 2LD,East Midlands,2024-12-30,Web,1,Active,2025-09-08
2137,Kai,Sharpe,1989-10-28,kai.sharpe2137@example.com,M32 3JW,East Midlands,2018-09-08,Telephone,1,Active,2020-05-06
2138,Aisha,Abiola,1961-08-11,aisha.abiola2138@example.com,L36 7FB,North West,2017-09-29,Partner,1,Inactive,2019-02-11
2139,Tariq,Zielinski,1950-11-04,tariq.zielinski2139@example.com,SE32 9SD,,2021-11-18,Telephone,1,Lapsed,2023-05-01
2140,Daniel,Baptiste,1980-03-24,daniel.baptiste2140@example.com,NE25 3FF,,2018-04-26,Event,1,Inactive,2026-04-15
2141,Rhys,Rashid,1966-12-14,rhys.rashid2141@example.com,CF32 3BY,Yorkshire & Humber,2025-05-19,Direct Mail,1,Active,2026-08-01
2142,Olive,Nkemelu,1982-07-25,olive.nkemelu2142@example.com,LS38 5JL,Northern Ireland,2022-01-16,Web,0,Lapsed,2022-06-04
2143,Daniel,Yeboah,2005-02-17,daniel.yeboah2143@example.com,L40 6BF,East Midlands,2025-05-04,Direct Mail,0,Inactive,2025-08-09
2144,Deborah,Okafor,1982-02-23,deborah.okafor2144@example.com,SE28 9UE,South West,2021-07-08,Telephone,1,Lapsed,2025-05-04
2145,Zainab,Tewari,1963-04-14,zainab.tewari2145@example.com,SW29 6PG,Wales,2025-12-14,Social,1,Lapsed,2026-06-19
2146,Grace,Uddin,1991-04-14,grace.uddin2146@example.com,l154ex,North East,2020-12-21,Partner,1,Lapsed,2025-05-01
2147,Isaac,Mensah,1973-09-17,isaac.mensah2147@example.com,m313sw,North West,2024-06-06,Telephone,0,Active,2024-10-23
2148,Tariq,Vasquez,1946-07-07,tariq.vasquez2148@example.com,B22 2AE,East Midlands,2023-01-15,Social,1,Inactive,2023-04-04
2149,Mahmoud,Carrick,1963-01-09,mahmoud.carrick2149@example.com,EH37 6LY,North East,2022-10-14,Social,0,Inactive,2024-06-12
2150,Karolina,Whitlock,1956-08-06,karolina.whitlock2150@example.com,LS12 8QP,Yorkshire & Humber,2024-07-24,Direct Mail,0,Lapsed,2024-09-23
2151,Emeka,Kowalski,1964-01-25,emeka.kowalski2151@example.com,EH16 3LR,Scotland,2022-08-31,Web,1,Lapsed,2024-05-03
2152,Fatima,Hargreaves,1984-12-15,fatima.hargreaves2152@example.com,LS11 5UY,Scotland,2022-05-10,Event,0,Active,2026-05-06
2153,Jasmin,Zielinski,1948-02-05,jasmin.zielinski2153@example.com,SE38 8UE,Northern Ireland,2023-11-26,Telephone,0,Active,2024-08-20
2154,Tariq,Ellery,1967-08-15,tariq.ellery2154@example.com,M36 8FR,South East,2024-03-25,Web,1,Active,2024-06-15
2155,Maya,Hargreaves,1977-08-09,,M1 8XQ,South East,2022-02-16,Web,0,Active,2023-02-16
2156,Freya,Fenton,1958-08-10,freya.fenton2156@example.com,B8 7TY,West Midlands,2023-10-10,Social,1,Active,2024-12-20
2157,Isaac,Okafor,1970-01-15,isaac.okafor2157@example.com,EH11 8GR,East Midlands,2021-10-09,Event,0,Active,2024-01-20
2158,Harun,Nkemelu,1993-03-23,harun.nkemelu2158@example.com,LS29 1QW,Wales,2019-03-02,Event,1,Lapsed,2024-12-28
2159,Leah,Vasquez,1989-09-13,leah.vasquez2159@example.com,M40 8BW,Wales,2024-04-08,Social,0,Active,2025-02-28
2160,Uche,Morrow,2004-01-23,uche.morrow2160@example.com,bs129eh,North East,2018-11-27,Telephone,0,Active,2026-07-16
2161,Ben,Mensah,1956-06-02,ben.mensah2161@example.com,BS27 9QX,West Midlands,2026-06-17,Direct Mail,0,Lapsed,2026-07-29
2162,Rosa,Mensah,1966-09-16,rosa.mensah2162@example.com,SE7 8QR,North West,2025-05-16,Social,1,Active,2025-05-23
2163,Grace,Carrick,1976-02-15,grace.carrick2163@example.com,NE26 6SA,East Midlands,2020-09-19,Event,0,Active,2025-11-13
2164,Rachel,Vasquez,1992-05-27,rachel.vasquez2164@example.com,SW29 6QX,North West,2019-03-15,Event,1,Active,2020-10-30
2165,Imogen,Grewal,1976-07-14,imogen.grewal2165@example.com,G14 3LU,East of England,2025-08-16,Direct Mail,0,Lapsed,2025-09-12
2166,Sian,Grewal,1960-05-09,sian.grewal2166@example.com,BT38 4XE,London,2022-10-08,Social,1,Active,2026-08-08
2167,Leah,Sharpe,1999-11-09,leah.sharpe2167@example.com,LS32 2SS,London,2019-04-19,Partner,0,Active,2020-01-13
2168,Ben,Abiola,1991-08-13,ben.abiola2168@example.com,EH24 2HT,South West,2018-03-03,Event,1,Inactive,2019-09-05
2169,Verity,Zielinski,2006-02-02,verity.zielinski2169@example.com,LS29 7HX,North East,2018-09-14,Telephone,0,Inactive,2025-11-19
2170,Samuel,Fenton,1994-08-14,samuel.fenton2170@example.com,LS37 6PJ,East of England,2023-08-20,Partner,0,Active,2024-02-10
2171,Fatima,Wainwright,1956-04-13,fatima.wainwright2171@example.com,SW22 8AR,East Midlands,2020-09-25,Telephone,1,Active,2023-01-09
2172,Priya,Kowalski,1984-07-22,priya.kowalski2172@example.com,BS36 6XJ,North East,2021-04-30,Event,1,Active,2025-05-28
2173,Kai,Chen,2005-07-04,kai.chen2173@example.com,EH27 6BA,West Midlands,2018-11-27,Event,1,Lapsed,2019-02-17
2174,Noah,Zielinski,1966-04-21,noah.zielinski2174@example.com,LS36 8PU,South West,2019-07-08,Partner,0,Lapsed,2021-04-12
2175,Omar,Ahmed,1996-11-17,omar.ahmed2175@example.com,B35 3LF,East of England,2018-02-23,Partner,0,Lapsed,2026-05-14
2176,Daniel,Mensah,1960-08-13,daniel.mensah2176@example.com,SW34 5AD,Scotland,2023-09-27,Direct Mail,1,Active,2025-06-11
2177,Jasmin,Jarvis,1997-07-04,jasmin.jarvis2177@example.com,n173lu,East Midlands,2022-09-14,Partner,0,Inactive,2025-03-05
2178,Fatima,Baptiste,1949-11-01,fatima.baptiste2178@example.com,M13 4YW,Yorkshire & Humber,2021-07-16,Web,1,Lapsed,2026-06-24
2179,Gareth,Vasquez,1950-01-26,gareth.vasquez2179@example.com,LS22 7AB,Northern Ireland,2021-06-29,Web,1,Inactive,2023-04-11
2180,Verity,Okafor,1959-06-25,verity.okafor2180@example.com,B36 6NF,Yorkshire & Humber,2022-10-19,Web,1,Inactive,2025-01-24
2181,Niamh,Ahmed,1960-12-14,niamh.ahmed2181@example.com,N20 6LJ,London,2016-10-13,Event,1,Lapsed,2023-08-20
2182,Elliot,Dalgleish,1972-07-26,elliot.dalgleish2182@example.com,G30 8LE,West Midlands,2018-12-21,Event,1,Active,2020-06-03
2183,Callum,Lindqvist,2002-06-15,callum.lindqvist2183.example.com,CF5 7YX,Yorkshire & Humber,2022-11-23,Partner,1,Lapsed,2025-12-24
2184,Imogen,Ahmed,1990-03-12,imogen.ahmed2184@example.com,G25 9WG,Scotland,2021-07-08,Telephone,1,Active,2025-07-01
2185,Niamh,Dalgleish,1993-02-10,niamh.dalgleish2185@example.com,N3 5YU,South East,2022-05-14,Web,1,Active,2025-07-20
2186,Grace,Baptiste,1989-12-05,grace.baptiste2186@example.com,M10 6RS,Scotland,2024-11-06,Telephone,0,Active,2025-04-12
2187,Fatima,Ellery,1990-12-11,fatima.ellery2187@example.com,M34 3XP,East of England,2026-05-31,Direct Mail,0,Active,2026-06-07
2188,Lucy,Pemberton,1990-12-12,lucy.pemberton2188@example.com,NE3 5RD,South East,2021-04-11,Web,1,Active,2021-06-29
2189,Callum,Sharpe,1998-02-25,callum.sharpe2189@example.com,BT26 5WS,London,2025-11-08,Social,1,Active,2025-12-05
2190,Joseph,Duffy,1946-11-09,joseph.duffy2190@example.com,NE15 5YG,Wales,2022-03-21,Partner,1,Active,2022-10-21
2191,Sian,Morrow,1998-10-18,sian.morrow2191@example.com,N23 4WX,East of England,2025-12-01,Web,0,Active,2025-12-23
2192,Mahmoud,Grewal,1946-10-10,mahmoud.grewal2192@example.com,NE11 1EH,Scotland,2017-01-22,Event,0,Active,2025-02-06
2193,Ben,Okafor,2006-03-07,,M1 9EU,Northern Ireland,2023-07-17,Social,1,Lapsed,2025-05-03
2194,Uche,Carrick,1988-10-02,uche.carrick2194@example.com,BS13 5UT,North East,2022-07-26,Social,1,Active,2023-01-08
2195,Omar,Whitlock,1981-10-28,omar.whitlock2195@example.com,SE33 8XW,North East,2025-07-16,Direct Mail,1,Active,2025-09-15
2196,Niamh,Wainwright,1966-09-28,niamh.wainwright2196@example.com,bs107gj,Scotland,2024-02-01,Web,1,Active,2025-10-22
2197,Sian,Pemberton,1999-05-20,sian.pemberton2197@example.com,SE20 3SL,West Midlands,2019-07-14,Partner,0,Active,2024-01-27
2198,Karolina,Chen,1975-02-01,karolina.chen2198@example.com,sw337eq,North East,2022-04-17,Social,0,Active,2024-07-14
2199,Karolina,Lindqvist,1955-02-15,karolina.lindqvist2199@example.com,N8 6ZE,North West,2023-02-14,Web,1,Active,2023-10-27
2200,Olive,Ellery,1989-12-12,olive.ellery2200@example.com,NE25 1NG,West Midlands,2017-05-04,Event,1,Deceased,2017-07-24
2201,Karolina,Yeboah,2001-06-20,karolina.yeboah2201@example.com,LS38 8XN,East of England,2026-02-16,Social,1,Active,2026-04-28
2202,Yusuf,Mensah,1986-06-28,yusuf.mensah2202@example.com,BT32 7XJ,East of England,2022-03-22,Telephone,1,Active,2026-02-25
2203,Joseph,Ellery,1986-09-03,joseph.ellery2203@example.com,BS19 9EJ,North West,2019-02-17,Partner,0,Lapsed,2022-10-06
2204,Grace,Ellery,1973-05-03,grace.ellery2204@example.com,SE3 9BJ,East of England,2017-06-29,Event,0,Active,2024-04-02
2205,Tariq,Vasquez,1998-05-07,tariq.vasquez2205@example.com,N15 1BS,Yorkshire & Humber,2022-03-10,Event,0,Lapsed,2025-04-04
2206,Samuel,Whitlock,1972-10-01,samuel.whitlock2206@example.com,BT23 6UF,Scotland,2025-10-13,Web,0,Active,2026-08-14
2207,Olive,Jarvis,2003-07-13,olive.jarvis2207@example.com,LS33 5DD,North East,2020-07-01,Telephone,0,Inactive,2022-07-31
2208,Leah,Mensah,1999-09-09,leah.mensah2208@example.com,BS30 4NG,East Midlands,2022-03-22,Partner,0,Lapsed,2025-11-15
2209,Elliot,Uddin,1981-12-22,elliot.uddin2209@example.com,LS12 6AN,South East,2021-08-03,Event,0,Active,2022-10-28
2210,Uche,Thornbury,1946-07-18,uche.thornbury2210@example.com,SW27 5FG,South West,2021-08-08,Event,1,Inactive,2024-05-09
2211,Priya,Quainton,1973-11-22,priya.quainton2211@example.com,eh375qp,Yorkshire & Humber,2019-10-24,Telephone,0,Active,2020-09-26
2212,Harun,Okafor,1977-06-13,harun.okafor2212@example.com,BS21 9JY,East of England,2021-03-11,Web,0,Active,2023-06-05
2213,Olive,Zielinski,1948-10-26,olive.zielinski2213@example.com,LS10 7JU,South East,2019-05-03,Event,0,Active,2022-08-13
2214,Sian,Nkemelu,1991-07-11,sian.nkemelu2214@example.com,G13 7TT,South West,2017-06-14,Event,0,Inactive,2023-12-08
2215,Imogen,Iqbal,1951-03-20,imogen.iqbal2215@example.com,SE4 3SA,South East,2018-09-29,Event,1,Active,2025-11-12
2216,Leah,Sandoval,1993-11-14,leah.sandoval2216@example.com,l154ah,West Midlands,2023-01-18,Partner,0,Active,2024-09-30
2217,Verity,Morrow,1972-09-18,verity.morrow2217@example.com,LS23 8ZE,South East,2018-08-31,Telephone,0,Lapsed,2021-04-30
2218,Yusuf,Fenton,1957-08-25,yusuf.fenton2218@example.com,EH4 7NB,Scotland,2018-07-09,Telephone,1,Active,2022-05-14
2219,Ben,Grewal,1958-07-17,ben.grewal2219@example.com,L29 8WE,Wales,2018-06-13,Event,1,Active,2023-08-03
2220,Maya,Morrow,1964-10-28,,SE28 5EF,East Midlands,2017-03-23,Event,0,Active,2020-09-19
2221,Isaac,Ellery,1965-06-15,isaac.ellery2221@example.com,M32 1UE,Yorkshire & Humber,2024-06-30,Direct Mail,1,Active,2025-05-08
2222,Theo,Sandoval,1996-07-28,theo.sandoval2222@example.com,EH9 5EJ,West Midlands,2021-06-13,Partner,0,Inactive,2024-08-17
2223,Maya,Uddin,1977-10-14,maya.uddin2223@example.com,SE22 1HR,London,2024-09-12,Web,0,Lapsed,2025-11-18
2224,Karolina,Morrow,1986-09-14,karolina.morrow2224@example.com,L35 1SU,South West,2019-05-13,Telephone,0,Lapsed,2020-04-04
2225,Hannah,Grewal,1973-06-26,,LS22 7HB,South East,2023-10-31,Social,0,Active,2024-12-06
2226,Zara,Rashid,1983-11-18,zara.rashid2226@example.com,BT4 3BJ,South East,2024-08-12,Social,1,Lapsed,2025-12-24
2227,Lucy,Hargreaves,1997-09-14,lucy.hargreaves2227@example.com,B18 8YP,East Midlands,2019-04-23,Event,1,Active,2025-04-02
2228,Elliot,Tewari,1982-05-05,elliot.tewari2228@example.com,M40 6DE,London,2020-08-26,Partner,1,Active,2025-02-09
2229,Fatima,Whitlock,2005-01-24,fatima.whitlock2229@example.com,N15 4DE,Scotland,2019-01-17,Partner,0,Inactive,2025-06-29
2230,Rosa,Duffy,1980-09-23,rosa.duffy2230@example.com,SW14 3JH,South West,2022-10-17,Social,0,Active,2025-02-08
2231,Ben,Zielinski,1987-04-01,ben.zielinski2231@example.com,n287lf,South West,2021-08-26,Event,0,Lapsed,2025-08-30
2232,Emeka,Bright,1950-01-12,emeka.bright2232@example.com,EH12 2HJ,West Midlands,2025-07-22,Direct Mail,1,Lapsed,2026-06-23
2233,Wei,Sandoval,1990-04-13,wei.sandoval2233@example.com,LS27 3HY,Wales,2025-06-04,Direct Mail,0,Active,2025-07-02
2234,Imogen,Carrick,1960-11-01,imogen.carrick2234@example.com,SE16 8EY,Wales,2019-07-11,Partner,1,Inactive,2022-07-07
2235,Tariq,Zielinski,1969-04-09,tariq.zielinski2235@example.com,BT22 9SH,East Midlands,2025-02-12,Social,1,Active,2025-09-08
2236,Zainab,Okafor,1994-10-19,zainab.okafor2236@example.com,SE38 3YT,South West,2018-03-18,Partner,1,Active,2022-12-09
2237,Olive,Duffy,2002-02-21,olive.duffy2237@example.com,SW37 6GE,East Midlands,2021-10-01,Event,1,Active,2022-07-01
2238,Olive,Wainwright,1990-08-16,olive.wainwright2238@example.com,N25 2PX,Scotland,2019-03-27,Event,1,Active,2025-08-03
2239,Verity,Sandoval,1981-06-17,verity.sandoval2239@example.com,G13 3JE,East Midlands,2020-01-07,Event,1,Active,2023-01-10
2240,Rosa,Tewari,2000-11-11,rosa.tewari2240@example.com,EH9 4AY,Northern Ireland,2022-10-10,Social,1,Inactive,2023-01-27
2241,Elliot,Dalgleish,1971-01-26,elliot.dalgleish2241@example.com,M7 1RP,North West,2018-11-12,Partner,0,Active,2020-01-20
2242,Callum,Ellery,1976-01-07,callum.ellery2242@example.com,BT10 3ZR,Yorkshire & Humber,2025-04-22,Direct Mail,1,Lapsed,2025-11-11
2243,Amara,Abiola,1973-05-19,amara.abiola2243@example.com,CF39 5TQ,East of England,2024-10-17,Web,1,Lapsed,2025-01-03
2244,Amara,Morrow,1991-08-21,amara.morrow2244@example.com,BS31 9JE,South East,2026-02-16,Direct Mail,1,Active,2026-07-03
2245,Gareth,Sandoval,1966-06-18,gareth.sandoval2245@example.com,BT24 4AA,London,2018-05-20,Event,0,Active,2021-08-28
2246,Emeka,Sandoval,1976-08-26,,ls128se,Northern Ireland,2025-01-22,Direct Mail,0,Inactive,2025-04-09
2247,Samuel,Gill,1960-03-04,samuel.gill2247@example.com,SW19 4ES,East of England,2020-02-05,Partner,0,Active,2022-06-02
2248,Karolina,Yeboah,1962-10-17,karolina.yeboah2248@example.com,EH39 5LG,Scotland,2026-04-23,Direct Mail,0,Lapsed,2026-05-25
2249,Wei,Okafor,1953-09-26,wei.okafor2249@example.com,CF11 2LQ,,2021-11-04,Telephone,1,Active,2024-03-29
2250,Isaac,Lindqvist,1955-09-07,isaac.lindqvist2250@example.com,M15 6LQ,London,2021-04-21,Telephone,0,Active,2023-04-17
2251,Zara,Bright,2004-07-11,zara.bright2251@example.com,SE21 3WP,South East,2022-06-01,Social,1,Lapsed,2023-11-15
2252,Ben,Zielinski,1956-08-20,ben.zielinski2252@example.com,B5 3SX,East Midlands,2023-06-03,Telephone,1,Inactive,2025-05-05
2253,Olive,Okafor,1964-03-19,olive.okafor2253@example.com,SE18 4DZ,South East,2018-08-02,Event,0,Active,2025-01-30
2254,Noah,Baptiste,1962-09-28,noah.baptiste2254@example.com,L8 9EJ,Yorkshire & Humber,2022-06-08,Social,1,Active,2024-07-27
2255,Fatima,Ellery,1990-08-26,fatima.ellery2255@example.com,CF21 4QT,Wales,2018-07-28,Event,0,Lapsed,2022-05-16
2256,Ben,Zielinski,1998-11-09,ben.zielinski2256@example.com,N17 1QA,South East,2019-09-11,Telephone,1,Active,2020-09-13
2257,Niamh,Whitlock,1998-01-10,niamh.whitlock2257@example.com,N9 8DG,North West,2018-01-22,Partner,1,Active,2025-07-05
2258,Mahmoud,Pemberton,1994-06-17,mahmoud.pemberton2258@example.com,SE26 6AF,South West,2020-10-27,Web,0,Active,2026-04-27
2259,Callum,Quainton,1963-07-04,callum.quainton2259@example.com,L10 9QP,South West,2020-01-29,Partner,0,Active,2020-01-31
2260,Freya,Yeboah,1972-02-09,freya.yeboah2260@example.com,EH34 5RJ,North East,2020-11-02,Web,1,Lapsed,2020-12-24
2261,Chloe,Fenton,1993-11-01,chloe.fenton2261@example.com,L26 8YA,Scotland,2018-11-01,Event,1,Active,2025-06-20
2262,Maya,Bright,1988-12-23,maya.bright2262@example.com,SW20 8PF,Wales,2024-08-28,Direct Mail,1,Active,2025-01-25
2263,Imogen,Sandoval,1999-09-08,imogen.sandoval2263@example.com,BT5 7ER,South East,2020-03-09,Telephone,0,Active,2023-03-24
2264,Niamh,Wainwright,1964-08-23,niamh.wainwright2264@example.com,SE1 2QW,North West,2023-10-03,Partner,1,Active,2024-03-20
2265,Joseph,Fenton,1968-02-15,joseph.fenton2265@example.com,NE17 1AL,Yorkshire & Humber,2023-04-12,Web,1,Active,2024-08-11
2266,Jasmin,Lindqvist,1980-11-10,jasmin.lindqvist2266@example.com,BS23 1GF,North East,2022-03-22,Web,1,Inactive,2023-01-03
2267,Mahmoud,Kowalski,2000-09-08,mahmoud.kowalski2267@example.com,M15 3AQ,East of England,2019-11-25,Telephone,0,Deceased,2020-12-05
2268,Daniel,Yeboah,1983-04-25,daniel.yeboah2268@example.com,G31 6AZ,West Midlands,2022-07-05,Event,1,Active,2023-09-25
2269,Harun,Bright,2002-04-13,harun.bright2269.example.com,M18 3NG,East Midlands,2023-07-13,Social,1,Active,2024-08-11
2270,Sofia,Wainwright,1958-09-10,sofia.wainwright2270@example.com,BT20 7WB,North East,2024-07-23,Direct Mail,1,Active,2024-09-17
2271,Verity,Morrow,1967-10-27,verity.morrow2271@example.com,B2 3BW,South West,2018-12-13,Event,0,Active,2020-04-07
2272,Karolina,Lindqvist,1968-01-07,karolina.lindqvist2272@example.com,BT37 6JF,Yorkshire & Humber,2024-11-17,Social,1,Active,2025-11-16
2273,Wei,Kowalski,1990-07-26,wei.kowalski2273@example.com,BT19 4RZ,South East,2018-06-29,Partner,1,Active,2018-08-11
2274,Uche,Ellery,2004-10-27,uche.ellery2274@example.com,g22ax,East of England,2021-07-03,Event,0,Active,2026-04-19
2275,Imogen,Vasquez,1966-11-05,imogen.vasquez2275@example.com,G12 2UZ,South East,2018-03-18,Event,1,Active,2023-10-07
2276,Daniel,Vasquez,2001-08-23,daniel.vasquez2276@example.com,NE23 5YE,East Midlands,2020-07-21,Partner,0,Active,2021-09-28
2277,Joseph,Mensah,1985-05-25,joseph.mensah2277@example.com,N8 4TN,West Midlands,2022-04-29,Partner,0,Active,2023-06-30
2278,Aisha,Kowalski,1978-11-07,aisha.kowalski2278@example.com,BS11 4UP,Scotland,2025-02-03,Direct Mail,1,Active,2025-09-02
2279,Verity,Yeboah,1984-05-06,verity.yeboah2279@example.com,SE20 9DY,Scotland,2018-05-02,Partner,1,Lapsed,2020-12-30
2280,Verity,Abiola,1969-05-25,verity.abiola2280@example.com,LS34 2SU,North East,2018-04-19,Event,1,Active,2025-10-05
2281,Gareth,Kowalski,1996-05-09,gareth.kowalski2281@example.com,N32 4LB,Scotland,2023-09-05,Telephone,0,Lapsed,2026-02-21
2282,Karolina,Whitlock,1954-12-25,karolina.whitlock2282@example.com,M28 9TH,Yorkshire & Humber,2021-05-16,Web,0,Active,2025-10-20
2283,Sian,Quainton,1955-05-02,sian.quainton2283@example.com,B39 7BX,East of England,2022-02-12,Web,0,Active,2022-06-18
2284,Amara,Gill,1998-07-23,amara.gill2284@example.com,EH16 6NG,North West,2021-06-09,Web,0,Active,2023-05-04
2285,Samuel,Rashid,2006-04-09,samuel.rashid2285@example.com,LS13 2NH,Yorkshire & Humber,2019-06-23,Partner,0,Active,2021-08-04
2286,Emeka,Fenton,1972-11-06,emeka.fenton2286@example.com,BS17 6HY,Yorkshire & Humber,2024-07-20,Telephone,0,Active,2025-10-28
2287,Olive,Morrow,1962-10-23,olive.morrow2287@example.com,BS33 1XA,Yorkshire & Humber,2022-10-13,Partner,1,Active,2023-07-28
2288,Fatima,Baptiste,1981-03-04,fatima.baptiste2288@example.com,SE19 4WH,North East,2020-12-26,Telephone,1,Inactive,2024-08-19
2289,Uche,Sharpe,1976-04-11,uche.sharpe2289@example.com,L35 2JQ,North East,2024-09-12,Social,1,Inactive,2025-02-25
2290,Chloe,Duffy,1960-11-13,chloe.duffy2290@example.com,B28 2JA,Northern Ireland,2018-11-21,Partner,1,Lapsed,2024-05-12
2291,Olive,Mensah,2003-03-06,olive.mensah2291@example.com,SE12 1ZU,Yorkshire & Humber,2023-10-09,Social,1,Active,2024-02-11
2292,Sofia,Okafor,1973-07-12,sofia.okafor2292@example.com,B23 3PY,Yorkshire & Humber,2018-11-14,Partner,1,Active,2025-08-02
2293,Chloe,Mensah,1963-11-08,chloe.mensah2293@example.com,EH3 8NX,North West,2019-03-13,Event,1,Active,2023-10-23
2294,Theo,Abiola,1997-02-11,theo.abiola2294@example.com,EH39 3UU,Yorkshire & Humber,2024-07-20,Direct Mail,1,Active,2025-04-25
2295,Joseph,Ellery,1947-10-23,joseph.ellery2295@example.com,SW33 4US,Yorkshire & Humber,2024-06-13,Direct Mail,1,Lapsed,2025-08-23
2296,Uche,Fenton,1977-10-14,uche.fenton2296@example.com,b254qt,East Midlands,2025-02-05,Direct Mail,1,Active,2025-03-17
2297,Priya,Sharpe,1946-12-06,priya.sharpe2297@example.com,BS1 4PQ,North West,2022-05-19,Web,0,Active,2024-07-16
2298,Noah,Hargreaves,1968-12-01,noah.hargreaves2298@example.com,L39 2EP,South East,2024-04-13,Web,0,Lapsed,2025-07-02
2299,Rosa,Nkemelu,1948-10-01,rosa.nkemelu2299@example.com,LS29 9XA,Wales,2026-02-16,Social,0,Inactive,2026-08-02
2300,Uche,Whitlock,1960-03-23,uche.whitlock2300@example.com,LS20 4UA,South West,2023-12-07,Social,1,Inactive,2024-10-29
2301,Leah,Abiola,1997-10-10,leah.abiola2301@example.com,n22ph,South East,2017-08-09,Partner,1,Active,2023-12-12
2302,Kai,Pemberton,2001-04-26,kai.pemberton2302@example.com,LS23 7UH,North West,2021-02-13,Event,0,Active,2024-07-17
2303,Zainab,Mensah,1972-08-27,zainab.mensah2303@example.com,SE22 6EL,East of England,2023-06-29,Partner,1,Active,2024-07-30
2304,Wei,Okafor,1973-09-17,wei.okafor2304@example.com,LS33 3ZZ,Northern Ireland,2022-06-09,Telephone,0,Active,2025-08-21
2305,Leah,Ahmed,2006-03-15,leah.ahmed2305@example.com,SW21 7ET,Yorkshire & Humber,2024-03-14,Social,1,Active,2024-07-10
2306,Omar,Rashid,1969-04-12,omar.rashid2306@example.com,SE9 6UL,London,2017-07-21,Partner,1,Active,2019-03-22
2307,Samuel,Ahmed,1956-04-11,samuel.ahmed2307@example.com,G35 7WR,South West,2020-08-08,Partner,0,Active,2020-09-10
2308,Olive,Quainton,1962-09-17,olive.quainton2308@example.com,BT3 4TW,Northern Ireland,2026-02-12,Direct Mail,1,Active,2026-06-09
2309,Leah,Quainton,1969-05-26,leah.quainton2309.example.com,NE7 5LX,South East,2023-07-19,Direct Mail,0,Active,2026-01-27
2310,Harun,Jarvis,1994-04-28,harun.jarvis2310@example.com,G36 6XY,Yorkshire & Humber,2023-08-11,Social,1,Active,2025-10-09
2311,Uche,Gill,1998-03-17,uche.gill2311@example.com,BS35 3QS,North West,2021-12-11,Telephone,0,Active,2024-05-12
2312,Zara,Grewal,2006-03-10,zara.grewal2312@example.com,BT30 5DQ,London,2019-01-10,Event,1,Active,2024-06-05
2313,Tariq,Iqbal,1966-11-24,tariq.iqbal2313@example.com,sw294hh,North East,2021-09-09,Event,1,Active,2023-03-22
2314,Zara,Rashid,1982-11-05,zara.rashid2314@example.com,BS24 8HA,Northern Ireland,2020-10-16,Telephone,0,Active,2021-10-29
2315,Sian,Lindqvist,2002-04-19,sian.lindqvist2315@example.com,eh333qf,East Midlands,2022-02-26,Web,0,Inactive,2026-08-12
2316,Chloe,Wainwright,2005-01-03,chloe.wainwright2316@example.com,SW36 2HF,South West,2024-12-29,Social,0,Deceased,2026-03-18
2317,Olive,Mensah,1989-04-11,olive.mensah2317@example.com,LS39 9SS,London,2021-05-08,Web,0,Lapsed,2022-12-31
2318,Priya,Pemberton,1979-01-13,priya.pemberton2318@example.com,NE29 3NB,South East,2025-07-11,Direct Mail,0,Active,2026-05-16
2319,Sofia,Yeboah,1948-04-25,sofia.yeboah2319@example.com,G31 5XJ,Scotland,2024-01-18,Direct Mail,0,Lapsed,2024-03-13
2320,Zainab,Dalgleish,1980-10-27,zainab.dalgleish2320@example.com,N9 4JE,Northern Ireland,2020-11-22,Telephone,1,Inactive,2022-01-21
2321,Deborah,Tewari,1983-11-05,deborah.tewari2321@example.com,NE4 2TL,South East,2022-12-14,Social,0,Active,2024-04-06
2322,Noah,Rashid,1972-01-22,noah.rashid2322@example.com,NE36 9QR,Scotland,2021-03-26,Event,1,Inactive,2021-04-19
2323,Mahmoud,Hargreaves,1982-10-17,mahmoud.hargreaves2323@example.com,B3 4ND,Northern Ireland,2019-03-12,Event,1,Lapsed,2025-10-20
2324,Samuel,Uddin,1976-08-15,samuel.uddin2324@example.com,G8 8XZ,East Midlands,2020-02-16,Event,0,Active,2021-03-26
2325,Amara,Rashid,1995-06-05,amara.rashid2325@example.com,EH28 5UJ,West Midlands,2023-03-02,Social,0,Active,2024-12-08
2326,Noah,Quainton,1992-06-24,,L21 1DN,East Midlands,2018-11-15,Event,1,Active,2020-02-12
2327,Daniel,Whitlock,1960-05-26,daniel.whitlock2327@example.com,BS19 8XJ,London,2023-05-19,Partner,1,Active,2024-09-01
2328,Hannah,Wainwright,2006-08-13,hannah.wainwright2328@example.com,NE13 9LT,South East,2024-06-02,Telephone,1,Active,2025-04-07
2329,Jasmin,Whitlock,1968-05-05,jasmin.whitlock2329@example.com,BT20 4EE,North West,2018-08-07,Partner,1,Active,2024-12-20
2330,Noah,Abiola,1982-04-02,noah.abiola2330@example.com,LS33 2FH,West Midlands,2021-11-30,Partner,0,Active,2022-02-24
2331,Ben,Thornbury,1988-05-17,ben.thornbury2331@example.com,BT21 8ZP,East Midlands,2020-07-30,Partner,1,Active,2023-07-23
2332,Maya,Wainwright,2001-12-21,maya.wainwright2332@example.com,CF26 1WB,West Midlands,2021-04-09,Partner,1,Active,2024-08-23
2333,Wei,Dalgleish,1990-09-01,wei.dalgleish2333@example.com,L26 3RL,East of England,2022-03-13,Web,1,Active,2023-05-03
2334,Wei,Sandoval,1950-06-21,wei.sandoval2334@example.com,M28 8QR,East of England,2019-04-21,Telephone,1,Active,2020-12-19
2335,Amara,Sandoval,2005-10-16,amara.sandoval2335@example.com,G39 4AA,Yorkshire & Humber,2024-10-13,Direct Mail,1,Deceased,2025-09-07
2336,Tariq,Vasquez,1963-01-19,tariq.vasquez2336@example.com,bt111tg,South East,2022-06-21,Telephone,1,Active,2024-04-08
2337,Hannah,Gill,1962-05-03,hannah.gill2337@example.com,SE5 9NP,East Midlands,2020-03-12,Event,0,Active,2021-09-25
2338,Harun,Dalgleish,1989-01-21,harun.dalgleish2338@example.com,LS28 8DR,West Midlands,2022-09-09,Social,1,Inactive,2025-02-03
2339,Mahmoud,Kowalski,1979-01-08,mahmoud.kowalski2339@example.com,G32 8UA,North West,2020-01-19,Telephone,1,Active,2023-09-18
2340,Eleanor,Fenton,1965-09-05,eleanor.fenton2340@example.com,l29nu,North East,2021-10-14,Partner,1,Inactive,2023-05-05
2341,Rachel,Rashid,1978-04-27,rachel.rashid2341@example.com,bs19jx,East Midlands,2024-01-29,Web,1,Active,2025-11-08
2342,Karolina,Chen,1961-11-24,karolina.chen2342@example.com,B15 4BH,South West,2022-01-29,Partner,0,Active,2026-01-23
2343,Rachel,Jarvis,1993-06-10,rachel.jarvis2343@example.com,SW9 4TG,North West,2024-02-08,Social,0,Inactive,2026-03-08
2344,Yusuf,Rashid,1962-03-15,yusuf.rashid2344@example.com,BS9 8HN,North East,2018-06-14,Event,0,Inactive,2021-10-09
2345,Emeka,Ellery,1961-02-16,emeka.ellery2345@example.com,B36 6RA,South East,2021-12-12,Telephone,1,Active,2024-09-14
2346,Theo,Chen,1994-03-26,theo.chen2346@example.com,SE15 1JU,North West,2023-04-27,Partner,1,Active,2025-12-29
2347,Grace,Ellery,1991-12-07,grace.ellery2347@example.com,SE22 7LJ,London,2020-04-10,Telephone,1,Inactive,2021-03-16
2348,Mahmoud,Uddin,1982-06-05,mahmoud.uddin2348@example.com,NE9 4HE,North West,2019-07-29,Partner,1,Active,2020-10-21
2349,Maya,Duffy,1977-04-20,maya.duffy2349@example.com,M16 4TH,London,2018-10-17,Event,1,Active,2024-04-19
2350,Zainab,Morrow,1988-09-17,zainab.morrow2350@example.com,NE29 4RQ,Wales,2021-09-01,Partner,1,Active,2026-04-03
2351,Freya,Dalgleish,1968-02-17,freya.dalgleish2351@example.com,NE6 4ZX,South East,2020-04-28,Partner,1,Lapsed,2022-04-26
2352,Rachel,Grewal,1989-09-19,rachel.grewal2352@example.com,EH25 7FN,South West,2018-12-24,Partner,1,Inactive,2023-09-10
2353,Jasmin,Jarvis,1950-04-24,jasmin.jarvis2353@example.com,B13 5QD,Northern Ireland,2024-05-16,Web,0,Lapsed,2025-12-06
2354,Liam,Uddin,2005-06-23,liam.uddin2354@example.com,NE20 5UP,North East,2020-11-21,Event,1,Active,2022-10-20
2355,Maya,Pemberton,1997-10-23,maya.pemberton2355@example.com,SW37 8ZQ,East Midlands,2024-10-04,Social,0,Active,2025-05-20
2356,Harun,Tewari,2006-02-05,harun.tewari2356@example.com,G29 3AA,Wales,2024-11-04,Social,1,Active,2025-12-08
2357,Sian,Ellery,2002-02-08,sian.ellery2357@example.com,M34 6SH,Scotland,2024-09-25,Web,1,Active,2025-07-13
2358,Niamh,Okafor,1973-01-03,niamh.okafor2358@example.com,n295jl,North East,2023-08-06,Telephone,1,Active,2024-07-21
2359,Liam,Thornbury,1957-10-08,liam.thornbury2359@example.com,BT24 5ES,Scotland,2022-01-13,Partner,1,Active,2024-09-30
2360,Emeka,Mensah,1968-10-06,emeka.mensah2360@example.com,NE16 5XT,Yorkshire & Humber,2019-03-16,Telephone,1,Active,2021-06-21
2361,Wei,Mensah,1982-11-02,wei.mensah2361@example.com,BS35 8ZT,West Midlands,2024-03-15,Web,1,Active,2024-09-22
2362,Imogen,Chen,1999-05-12,imogen.chen2362@example.com,cf337bs,Scotland,2023-04-02,Web,1,Lapsed,2025-01-29
2363,Ben,Hargreaves,1966-04-27,ben.hargreaves2363@example.com,eh214xf,Yorkshire & Humber,2020-06-25,Event,1,Inactive,2025-01-05
2364,Elliot,Ellery,1975-03-24,elliot.ellery2364@example.com,SW7 4NQ,North West,2021-12-06,Event,0,Inactive,2026-05-19
2365,Theo,Grewal,1979-11-04,theo.grewal2365@example.com,SE36 2FF,South East,2018-07-02,Telephone,0,Active,2025-10-09
2366,Harun,Whitlock,1946-12-10,harun.whitlock2366@example.com,BS12 3LH,East of England,2018-06-15,Event,0,Active,2022-07-15
2367,Daniel,Chen,1976-02-06,daniel.chen2367@example.com,L31 4RA,West Midlands,2025-06-22,Social,0,Inactive,2026-05-11
2368,Rachel,Whitlock,1958-07-21,rachel.whitlock2368@example.com,LS37 1BJ,Wales,2025-12-29,Direct Mail,1,Lapsed,2026-04-18
2369,Samuel,Carrick,1980-03-15,samuel.carrick2369@example.com,CF13 9UR,Wales,2023-05-25,Web,0,Deceased,2026-02-12
2370,Fatima,Uddin,2001-09-16,fatima.uddin2370@example.com,L1 4NX,East Midlands,2023-07-27,Direct Mail,1,Active,2024-05-29
2371,Jasmin,Gill,1980-03-10,jasmin.gill2371@example.com,L8 5ZB,East of England,2018-03-26,Partner,1,Lapsed,2018-04-24
2372,Hannah,Vasquez,1965-10-26,hannah.vasquez2372@example.com,L10 8LG,Yorkshire & Humber,2018-08-27,Event,0,Inactive,2022-09-15
2373,Lucy,Gill,1957-06-15,lucy.gill2373@example.com,SE39 4ZR,West Midlands,2024-05-12,Direct Mail,0,Inactive,2025-09-11
2374,Aisha,Sandoval,1964-12-02,aisha.sandoval2374@example.com,LS16 5UY,North West,2025-09-01,Direct Mail,1,Active,2026-02-21
2375,Gareth,Iqbal,1984-07-22,gareth.iqbal2375@example.com,SW2 4HY,North West,2023-08-03,Direct Mail,0,Active,2025-07-20
2376,Zainab,Jarvis,1988-02-20,zainab.jarvis2376@example.com,NE33 7EA,Northern Ireland,2018-06-04,Event,1,Inactive,2026-05-04
2377,Joseph,Duffy,1975-08-12,joseph.duffy2377@example.com,L12 2WL,Yorkshire & Humber,2019-10-24,Partner,0,Active,2024-07-31
2378,Lucy,Okafor,1971-04-24,lucy.okafor2378@example.com,EH29 4BW,South East,2021-09-01,Telephone,1,Active,2024-09-09
2379,Deborah,Ellery,1973-01-16,deborah.ellery2379@example.com,M6 5RG,London,2024-01-24,Direct Mail,1,Active,2025-05-26
2380,Karolina,Lindqvist,1970-08-12,karolina.lindqvist2380@example.com,M23 3DT,North West,2024-09-13,Telephone,1,Active,2024-10-19
2381,Omar,Whitlock,1989-11-21,omar.whitlock2381@example.com,SE13 9GS,North East,2020-03-22,Telephone,1,Lapsed,2021-02-20
2382,Uche,Yeboah,1965-09-08,uche.yeboah2382@example.com,M11 7BT,East of England,2019-05-21,Telephone,1,Active,2025-12-19
2383,Yusuf,Grewal,1965-08-03,yusuf.grewal2383@example.com,B32 6BL,West Midlands,2019-08-24,Event,0,Active,2025-10-15
2384,Leah,Ellery,1965-03-06,leah.ellery2384@example.com,SE24 3WT,North East,2024-04-25,Direct Mail,1,Inactive,2026-04-03
2385,Joseph,Bright,1989-07-24,joseph.bright2385@example.com,M1 4NX,West Midlands,2025-05-17,Social,1,Active,2026-03-05
2386,Theo,Thornbury,1996-01-14,theo.thornbury2386@example.com,L21 7ZQ,South West,2024-11-06,Social,0,Lapsed,2026-05-01
2387,Lucy,Lindqvist,2003-08-01,lucy.lindqvist2387@example.com,M22 2HN,Wales,2021-09-09,Web,1,Active,2024-11-21
2388,Amara,Carrick,1992-09-14,amara.carrick2388@example.com,B22 5FA,North West,2021-07-14,Partner,1,Active,2022-04-21
2389,Omar,Carrick,2003-07-01,omar.carrick2389@example.com,LS10 5LN,East Midlands,2022-05-10,Web,0,Active,2022-08-09
2390,Daniel,Gill,1955-01-06,daniel.gill2390@example.com,LS14 6JF,Yorkshire & Humber,2025-05-28,Direct Mail,1,Active,2025-12-09
2391,Chloe,Ellery,1970-11-01,chloe.ellery2391@example.com,M8 3TZ,East Midlands,2022-01-31,Telephone,0,Inactive,2022-08-15
2392,Omar,Mensah,1971-09-06,omar.mensah2392@example.com,BS5 6NW,Yorkshire & Humber,2026-04-07,Direct Mail,1,Active,2026-08-11
2393,Verity,Yeboah,2000-01-08,verity.yeboah2393@example.com,M28 7XS,South East,2019-11-02,Event,1,Lapsed,2023-01-26
2394,Harun,Kowalski,1992-07-08,harun.kowalski2394@example.com,B7 3YT,East of England,2023-09-26,Social,0,Inactive,2025-04-23
2395,Chloe,Ahmed,1975-08-03,chloe.ahmed2395@example.com,cf147jp,Scotland,2020-02-25,Event,0,Active,2021-10-27
2396,Karolina,Hargreaves,1988-08-05,karolina.hargreaves2396@example.com,CF32 2FH,East Midlands,2021-08-15,Event,0,Active,2024-07-16
2397,Priya,Mensah,1993-08-25,priya.mensah2397@example.com,M39 1PA,London,2021-05-02,Partner,1,Active,2022-09-27
2398,Zara,Zielinski,1968-08-28,zara.zielinski2398@example.com,SW23 8AY,West Midlands,2025-05-03,Web,1,Lapsed,2025-09-07
2399,Harun,Baptiste,1956-02-25,harun.baptiste2399@example.com,B16 8HP,Northern Ireland,2018-02-02,Partner,1,Active,2019-03-26
2400,Deborah,Carrick,1998-02-09,deborah.carrick2400@example.com,BS28 5WX,Yorkshire & Humber,2024-04-17,Web,1,Lapsed,2025-06-14
2401,Deborah,Baptiste,1998-02-08,deborah.baptiste2401@example.com,cf118qg,Wales,2017-08-31,Event,1,Active,2019-12-30
2402,Joseph,Thornbury,1949-12-11,joseph.thornbury2402@example.com,B28 3UF,North East,2025-07-14,Web,0,Active,2025-11-04
2403,Rhys,Sharpe,1969-05-17,,BS35 9NS,London,2021-11-28,Web,1,Lapsed,2025-01-03
2404,Zara,Quainton,1949-10-01,zara.quainton2404@example.com,BS4 8PG,South East,2025-12-01,Web,0,Lapsed,2026-05-23
2405,Gareth,Chen,1987-12-20,gareth.chen2405@example.com,L30 5WQ,North East,2018-07-01,Partner,1,Active,2025-06-17
2406,Tariq,Whitlock,1963-01-24,tariq.whitlock2406@example.com,EH4 8HP,North West,2023-05-27,Social,1,Active,2024-09-21
2407,Rhys,Abiola,1967-05-08,rhys.abiola2407@example.com,LS9 7FQ,Northern Ireland,2022-01-17,Event,0,Active,2022-11-05
2408,Emeka,Yeboah,1966-10-15,emeka.yeboah2408@example.com,LS7 3HW,South West,2022-05-27,Web,0,Lapsed,2024-04-22
2409,Hannah,Pemberton,1956-04-10,hannah.pemberton2409@example.com,NE38 4QG,North East,2019-08-25,Telephone,1,Lapsed,2020-11-22
2410,Daniel,Sandoval,2006-05-17,daniel.sandoval2410@example.com,B9 4UY,North East,2023-04-16,Social,1,Active,2025-12-06
2411,Elliot,Uddin,2003-08-15,elliot.uddin2411@example.com,BT17 8BA,Scotland,2023-02-21,Telephone,1,Active,2023-04-26
2412,Daniel,Thornbury,1999-01-12,daniel.thornbury2412@example.com,M25 5EH,Northern Ireland,2020-11-16,Event,0,Deceased,2025-12-30
2413,Sian,Jarvis,1981-10-09,sian.jarvis2413@example.com,EH39 2AX,Northern Ireland,2022-09-29,Web,0,Inactive,2023-01-01
2414,Yusuf,Grewal,1997-10-24,yusuf.grewal2414@example.com,l239yr,East of England,2023-06-10,Web,0,Active,2025-08-12
2415,Mahmoud,Fenton,1970-07-08,mahmoud.fenton2415@example.com,B2 5HW,Northern Ireland,2024-07-14,Social,0,Active,2024-08-27
2416,Noah,Pemberton,2004-06-12,noah.pemberton2416@example.com,N35 6GY,Scotland,2019-12-03,Telephone,1,Lapsed,2022-10-29
2417,Yusuf,Hargreaves,1986-06-10,yusuf.hargreaves2417@example.com,L30 2TA,Wales,2021-08-28,Partner,0,Active,2023-09-10
2418,Wei,Gill,2005-10-17,wei.gill2418@example.com,BT35 5XL,South West,2024-01-20,Telephone,0,Active,2026-01-02
2419,Sofia,Yeboah,1985-03-28,sofia.yeboah2419@example.com,g262gx,London,2025-05-06,Social,0,Active,2025-12-30
2420,Ben,Baptiste,1967-05-25,ben.baptiste2420@example.com,SW3 5NW,East Midlands,2025-02-24,Social,0,Active,2025-03-04
2421,Eleanor,Hargreaves,1973-11-03,eleanor.hargreaves2421@example.com,CF40 2UG,London,2024-05-25,Web,1,Lapsed,2025-07-11
2422,Fatima,Grewal,1954-08-27,fatima.grewal2422@example.com,SW18 8JE,Wales,2023-11-29,Web,1,Lapsed,2023-12-25
2423,Rachel,Ahmed,1949-01-12,rachel.ahmed2423@example.com,N4 8AH,Yorkshire & Humber,2026-03-08,Social,0,Active,2026-04-23
2424,Liam,Abiola,1950-08-11,liam.abiola2424@example.com,CF37 3TP,Yorkshire & Humber,2020-01-18,Partner,1,Lapsed,2020-04-12
2425,Leah,Grewal,2002-08-12,leah.grewal2425@example.com,L1 1EN,East of England,2024-01-24,Social,0,Lapsed,2025-10-23
2426,Verity,Nkemelu,1955-03-12,verity.nkemelu2426@example.com,CF28 5LF,Northern Ireland,2024-08-28,Direct Mail,0,Inactive,2024-09-12
2427,Verity,Morrow,1959-11-07,verity.morrow2427@example.com,NE3 2TA,East Midlands,2020-09-17,Web,0,Active,2021-10-11
2428,Callum,Okafor,1992-01-24,callum.okafor2428@example.com,N24 1EP,West Midlands,2020-06-14,Event,1,Lapsed,2025-09-02
2429,Jasmin,Carrick,2000-07-06,jasmin.carrick2429@example.com,BT7 7YE,London,2020-11-25,Telephone,1,Active,2025-12-28
2430,Harun,Nkemelu,1956-12-26,harun.nkemelu2430@example.com,EH3 7HB,East Midlands,2021-12-30,Telephone,1,Deceased,2025-01-02
2431,Karolina,Yeboah,1977-05-27,karolina.yeboah2431@example.com,BT4 9ER,East Midlands,2023-09-12,Social,1,Active,2025-07-18
2432,Jasmin,Kowalski,1960-01-02,jasmin.kowalski2432@example.com,G11 6UX,Wales,2025-07-29,Direct Mail,0,Lapsed,2026-08-09
2433,Emeka,Duffy,1982-08-16,emeka.duffy2433@example.com,N11 3WH,West Midlands,2020-01-06,Partner,1,Lapsed,2026-06-23
2434,Callum,Gill,1975-11-27,callum.gill2434@example.com,B3 1YZ,East Midlands,2021-09-04,Web,0,Active,2025-11-18
2435,Hannah,Morrow,1946-12-22,hannah.morrow2435@example.com,B24 3XJ,Yorkshire & Humber,2021-01-12,Telephone,0,Active,2021-01-16
2436,Aisha,Hargreaves,1978-08-17,aisha.hargreaves2436@example.com,N12 1ZE,West Midlands,2026-01-20,Direct Mail,1,Lapsed,2026-08-05
2437,Samuel,Chen,2002-10-10,samuel.chen2437@example.com,CF19 8WX,Scotland,2023-08-09,Direct Mail,1,Active,2025-10-07
2438,Maya,Ahmed,1966-02-06,maya.ahmed2438@example.com,CF39 2SL,London,2021-04-22,Partner,0,Active,2025-07-02
2439,Rachel,Vasquez,1981-04-25,rachel.vasquez2439@example.com,LS34 9UR,South West,2020-10-20,Telephone,1,Active,2023-11-12
2440,Rhys,Dalgleish,1966-02-28,rhys.dalgleish2440@example.com,NE19 1GU,Yorkshire & Humber,2025-12-29,Web,0,Active,2026-01-11
2441,Amara,Grewal,1957-10-17,amara.grewal2441@example.com,CF33 3BA,South West,2020-09-08,Telephone,0,Active,2026-07-07
2442,Kai,Ahmed,1990-04-09,kai.ahmed2442@example.com,M38 3PH,East of England,2025-10-12,Web,0,Lapsed,2026-02-13
2443,Samuel,Fenton,1954-01-14,,B22 4RE,North West,2018-10-30,Telephone,1,Active,2026-04-06
2444,Liam,Iqbal,1976-04-23,liam.iqbal2444@example.com,M9 8UH,Northern Ireland,2022-07-12,Partner,1,Active,2025-10-22
2445,Eleanor,Sharpe,1982-11-20,eleanor.sharpe2445@example.com,BS40 3HH,North West,2021-02-15,Partner,0,Inactive,2026-07-21
2446,Karolina,Ahmed,1994-05-18,karolina.ahmed2446@example.com,CF22 7DN,East of England,2025-08-11,Social,0,Active,2026-02-16
2447,Sofia,Iqbal,1983-12-17,sofia.iqbal2447@example.com,L24 3LB,Wales,2021-03-04,Event,1,Inactive,2023-11-05
2448,Noah,Thornbury,1956-09-03,noah.thornbury2448@example.com,N34 5GY,South East,2025-07-24,Direct Mail,0,Active,2025-08-12
2449,Omar,Sharpe,1986-03-03,omar.sharpe2449@example.com,CF15 7LE,North East,2023-03-14,Telephone,0,Inactive,2026-02-03
2450,Kai,Dalgleish,1987-10-26,kai.dalgleish2450@example.com,EH26 4QW,South East,2018-06-25,Event,0,Lapsed,2025-03-21
2451,Liam,Duffy,1986-07-04,liam.duffy2451@example.com,CF38 6TG,West Midlands,2022-01-22,Event,0,Lapsed,2022-09-07
2452,Tariq,Morrow,1954-07-18,tariq.morrow2452@example.com,NE22 4HQ,East Midlands,2023-11-08,Direct Mail,1,Active,2026-05-24
2453,Eleanor,Zielinski,1949-06-18,eleanor.zielinski2453@example.com,M29 1LJ,North West,2023-01-05,Telephone,0,Inactive,2022-08-14
2454,Jasmin,Gill,1967-06-09,jasmin.gill2454@example.com,ne384gw,Yorkshire & Humber,2025-02-26,Direct Mail,1,Inactive,2025-08-03
2455,Rachel,Fenton,2001-10-28,rachel.fenton2455@example.com,CF24 1AU,Wales,2023-11-04,Web,1,Inactive,2024-12-08
2456,Mahmoud,Pemberton,1966-11-07,mahmoud.pemberton2456@example.com,EH22 1LY,North West,2024-07-22,Telephone,1,Deceased,2026-05-07
2457,Eleanor,Kowalski,1960-02-16,eleanor.kowalski2457@example.com,B8 9WX,Northern Ireland,2024-08-05,Social,1,Active,2025-01-02
2458,Hannah,Jarvis,1985-02-26,hannah.jarvis2458@example.com,CF1 4UR,Yorkshire & Humber,2018-01-08,Event,0,Active,2026-04-19
2459,Imogen,Gill,1958-08-19,imogen.gill2459@example.com,L13 8DD,Wales,2025-11-16,Direct Mail,0,Lapsed,2026-02-21
2460,Hannah,Ahmed,1983-03-27,hannah.ahmed2460@example.com,G4 6ZA,Wales,2025-08-22,Social,1,Lapsed,2025-08-29
2461,Isaac,Ellery,1981-12-11,isaac.ellery2461@example.com,SW34 2PE,West Midlands,2025-05-03,Social,0,Active,2025-10-07
2462,Rosa,Lindqvist,2002-09-18,rosa.lindqvist2462@example.com,LS28 7PY,Northern Ireland,2020-11-17,Web,1,Inactive,2022-08-13
2463,Harun,Lindqvist,1984-05-27,harun.lindqvist2463@example.com,G22 4XF,South West,2022-04-02,Partner,1,Active,2023-08-06
2464,Mahmoud,Dalgleish,1970-09-24,mahmoud.dalgleish2464@example.com,EH20 8WP,London,2023-06-15,Social,1,Active,2023-06-25
2465,Maya,Iqbal,1951-05-02,maya.iqbal2465@example.com,CF29 3ZA,Wales,2024-05-27,Direct Mail,0,Active,2025-07-07
2466,Deborah,Kowalski,1986-08-19,deborah.kowalski2466@example.com,L8 6DL,London,2022-04-23,Social,1,Active,2022-02-05
2467,Callum,Baptiste,1954-04-18,callum.baptiste2467@example.com,LS22 4BF,Scotland,2023-02-10,Web,1,Inactive,2024-12-26
2468,Lucy,Vasquez,1961-08-09,lucy.vasquez2468@example.com,N5 3WR,North East,2020-03-26,Event,1,Active,2021-04-08
2469,Chloe,Sharpe,1996-06-06,chloe.sharpe2469@example.com,BT4 6QF,East Midlands,2021-10-05,Partner,0,Lapsed,2025-02-01
2470,Noah,Sharpe,2006-04-03,noah.sharpe2470@example.com,EH6 5BE,West Midlands,2023-07-31,Social,1,Active,2026-07-15
2471,Yusuf,Yeboah,1977-11-10,yusuf.yeboah2471.example.com,NE6 5XN,East Midlands,2017-08-20,Event,N,Inactive,2024-04-12
2472,Maya,Uddin,1949-03-05,maya.uddin2472@example.com,LS27 9AE,South East,2026-01-26,Social,1,Lapsed,2026-06-18
2473,Chloe,Morrow,1956-07-22,chloe.morrow2473@example.com,M6 2ZJ,North East,2023-09-26,Direct Mail,0,Active,2026-01-10
2474,Daniel,Gill,1950-02-16,daniel.gill2474@example.com,M28 7FJ,South East,2026-06-05,Direct Mail,0,Inactive,2026-06-30
2475,Harun,Whitlock,1988-11-14,harun.whitlock2475@example.com,CF17 5LX,Yorkshire & Humber,2025-01-01,Web,1,Active,2025-06-23
2476,Noah,Mensah,1993-12-21,noah.mensah2476@example.com,NE33 5ZZ,North West,2017-12-17,Partner,1,Inactive,2018-08-11
2477,Yusuf,Abiola,1973-03-20,yusuf.abiola2477@example.com,M1 4BL,East Midlands,2023-04-06,Web,1,Active,2026-05-04
2478,Freya,Dalgleish,1983-06-18,freya.dalgleish2478@example.com,BT35 4QE,London,2025-04-07,Social,1,Active,2025-08-07
2479,Sian,Gill,1965-12-28,sian.gill2479@example.com,NE5 5NW,East of England,2019-03-03,Telephone,1,Active,2025-09-17
2480,Fatima,Fenton,1959-03-22,fatima.fenton2480@example.com,l398te,Yorkshire & Humber,2020-05-28,Event,1,Activ,2024-05-27
2481,Jasmin,Jarvis,1983-09-05,jasmin.jarvis2481@example.com,BT10 9WR,North West,2022-07-25,Social,0,Active,2022-10-24
2482,Jasmin,Thornbury,1998-09-02,jasmin.thornbury2482@example.com,G14 3SX,North East,2017-05-02,Event,0,Active,2017-05-06
2483,Joseph,Abiola,1990-09-27,joseph.abiola2483@example.com,BT40 1DP,London,2026-05-29,Direct Mail,1,Inactive,2026-06-20
2484,Olive,Vasquez,1977-06-28,olive.vasquez2484@example.com,L34 4HY,Scotland,2021-05-18,Web,0,Inactive,2022-09-19
2485,Liam,Gill,1981-07-22,liam.gill2485@example.com,BT29 2EF,South West,2020-10-26,Telephone,1,Active,2024-12-03
2486,Joseph,Duffy,1980-12-21,joseph.duffy2486@example.com,L26 6FR,South East,2018-05-17,Event,1,Active,2018-11-05
2487,Callum,Duffy,1947-06-07,callum.duffy2487@example.com,BT12 6RH,South East,2023-05-11,Web,1,Active,2024-02-07
2488,Amara,Hargreaves,1957-06-15,amara.hargreaves2488@example.com,BT6 6GF,South East,2026-01-04,Direct Mail,1,Inactive,2026-02-25
2489,Freya,Lindqvist,1998-05-12,freya.lindqvist2489@example.com,NE20 6WH,Yorkshire & Humber,2022-03-19,Event,1,Active,2024-04-22
2490,Maya,Pemberton,1950-03-01,maya.pemberton2490@example.com,BT23 7DQ,North West,2020-09-18,Event,Y,Active,2023-08-13
2491,Rosa,Tewari,1999-02-04,rosa.tewari2491@example.com,M18 2AB,Scotland,2018-03-21,Event,1,Lapsed,2026-07-26
2492,Joseph,Quainton,2006-07-27,joseph.quainton2492@example.com,L9 4PY,North East,2023-04-19,Telephone,1,Lapsed,2025-08-24
2493,Deborah,Zielinski,1969-12-16,,BT27 6NJ,Northern Ireland,2020-08-20,Web,0,Inactive,2025-02-17
2494,Chloe,Hargreaves,1960-09-26,chloe.hargreaves2494@example.com,LS22 8AX,North East,2019-12-24,Event,1,Active,2022-04-29
2495,Harun,Nkemelu,1980-04-10,harun.nkemelu2495@example.com,B24 6LZ,South West,2024-10-31,Social,1,Inactive,2026-06-03
2496,Imogen,Sandoval,1971-09-03,imogen.sandoval2496@example.com,G15 3LF,North East,2023-02-02,Telephone,1,Active,2026-05-22
2497,Deborah,Uddin,2004-02-25,deborah.uddin2497@example.com,BT30 7SJ,Wales,2017-03-11,Event,1,Inactive,2025-02-19
2498,Rosa,Sharpe,1963-12-05,rosa.sharpe2498@example.com,M32 1UJ,East of England,2023-06-21,Social,1,Inactive,2025-11-20
2499,Tariq,Thornbury,1966-01-26,tariq.thornbury2499@example.com,SW6 2BJ,East of England,2021-07-19,Event,1,Lapsed,2022-06-23
2500,Priya,Carrick,1974-12-26,priya.carrick2500@example.com,N19 5XQ,North West,2022-01-21,Event,0,Active,2022-10-15
2501,Isaac,Uddin,1992-03-12,isaac.uddin2501@example.com,BT40 5FP,Yorkshire & Humber,2022-05-31,Event,0,Active,2022-12-07
2502,Liam,Quainton,1981-07-05,liam.quainton2502@example.com,LS26 7DP,London,2025-09-30,Direct Mail,0,Active,2026-04-26
2503,Zainab,Whitlock,1971-04-15,zainab.whitlock2503@example.com,sw113yg,East of England,2025-05-11,Direct Mail,1,Active,2025-11-14
2504,Isaac,Hargreaves,1984-05-12,isaac.hargreaves2504@example.com,BS35 6LG,Wales,2024-02-12,Direct Mail,1,Lapsed,2024-08-12
2505,Deborah,Grewal,2006-05-02,deborah.grewal2505@example.com,SW35 9EW,East of England,2018-01-21,Partner,0,Lapsed,2019-03-27
2506,Callum,Yeboah,1988-05-24,callum.yeboah2506@example.com,LS22 4AE,East of England,2026-03-07,Direct Mail,1,Lapsed,2026-05-19
2507,Yusuf,Lindqvist,1992-12-18,yusuf.lindqvist2507@example.com,BT9 1FB,Scotland,2024-01-05,Web,0,Lapsed,2024-06-10
2508,Rhys,Thornbury,1994-12-20,rhys.thornbury2508@example.com,CF32 4FU,East Midlands,2019-01-24,Event,1,Active,2019-05-27
2509,Samuel,Whitlock,1998-06-20,samuel.whitlock2509@example.com,G24 7FS,South West,2020-04-29,Partner,1,Lapsed,2024-07-08
2510,Jasmin,Chen,1976-01-13,jasmin.chen2510@example.com,LS10 1RG,Northern Ireland,2018-05-05,Partner,0,Active,2023-03-14
2511,Zara,Uddin,2003-12-19,zara.uddin2511@example.com,BS39 6PQ,Northern Ireland,2023-09-02,Social,0,Active,2025-01-08
2512,Eleanor,Wainwright,1958-03-07,eleanor.wainwright2512@example.com,CF16 7XW,West Midlands,2024-07-04,Direct Mail,0,Active,2024-10-09
2513,Wei,Zielinski,1957-07-24,wei.zielinski2513@example.com,B27 3AS,East of England,2024-06-10,Web,1,Active,2025-01-12
2514,Yusuf,Zielinski,1977-05-28,yusuf.zielinski2514@example.com,SE33 2LS,West Midlands,2022-08-20,Web,0,Lapsed,2024-07-04
2515,Hannah,Kowalski,1980-03-11,hannah.kowalski2515@example.com,SE34 6UA,East of England,2023-07-20,Telephone,1,Inactive,2023-12-13
2516,Niamh,Chen,1986-04-16,niamh.chen2516@example.com,NE16 9BX,East of England,2018-04-16,Partner,0,Inactive,2018-06-02
2517,Harun,Yeboah,1972-07-05,harun.yeboah2517@example.com,B35 7PZ,East of England,2022-09-30,Partner,0,Lapsed,2023-08-23
2518,Jasmin,Gill,1996-08-16,jasmin.gill2518@example.com,G21 7TD,East of England,2018-07-11,Event,0,Lapsed,2019-09-21
2519,Verity,Fenton,1950-04-02,verity.fenton2519@example.com,M40 5UB,Wales,2025-05-31,Social,1,Inactive,2025-11-19
2520,Liam,Bright,1972-01-21,liam.bright2520@example.com,BS28 7XH,South East,2024-07-04,Telephone,1,Inactive,2025-05-30
2521,Zainab,Iqbal,1948-05-24,zainab.iqbal2521@example.com,N13 6AW,Northern Ireland,2024-02-10,Direct Mail,1,Active,2026-02-25
2522,Amara,Quainton,1989-07-14,amara.quainton2522@example.com,SE5 3BG,Wales,2020-06-08,Telephone,0,Lapsed,2025-10-21
2523,Joseph,Duffy,2002-12-21,joseph.duffy2523@example.com,CF34 3WQ,North West,2022-06-02,Partner,0,Active,2025-11-19
2524,Deborah,Carrick,1959-03-24,deborah.carrick2524@example.com,NE28 5AG,East of England,2024-12-01,Social,1,Inactive,2025-05-13
2525,Joseph,Iqbal,1978-06-10,joseph.iqbal2525@example.com,ne273gl,South East,2023-10-18,Social,1,Active,2024-03-05
2526,Callum,Iqbal,1987-02-04,callum.iqbal2526@example.com,b331ag,North West,2022-03-04,Event,1,Active,2022-04-21
2527,Hannah,Lindqvist,1974-02-03,hannah.lindqvist2527@example.com,NE2 2HU,East Midlands,2024-04-09,Web,0,Lapsed,2025-10-17
2528,Rosa,Rashid,2002-10-08,rosa.rashid2528@example.com,LS32 3BU,Wales,2021-10-29,Event,0,Active,2022-10-20
2529,Priya,Zielinski,1962-08-04,priya.zielinski2529@example.com,BT15 8BJ,London,2025-07-09,Web,1,Active,2026-03-03
2530,Eleanor,Grewal,1963-01-02,eleanor.grewal2530@example.com,CF25 9JU,Northern Ireland,2021-09-17,Web,1,Lapsed,2023-08-23
2531,Grace,Okafor,1979-06-21,grace.okafor2531@example.com,B38 1HN,Yorkshire & Humber,2018-06-01,Telephone,0,Inactive,2020-06-05
2532,Hannah,Okafor,1961-09-05,hannah.okafor2532@example.com,BS38 2GD,Northern Ireland,2021-08-14,Web,0,Active,2025-09-04
2533,Zainab,Quainton,1989-02-20,zainab.quainton2533@example.com,G38 6DU,Northern Ireland,2020-02-10,Partner,0,Active,2023-06-27
2534,Ben,Gill,1963-02-16,ben.gill2534@example.com,N36 8PA,Northern Ireland,2023-07-28,Social,1,Active,2026-03-11
2535,Liam,Fenton,2004-10-28,liam.fenton2535@example.com,M4 6XD,Yorkshire & Humber,2021-11-27,Web,1,Active,2022-01-28
2536,Verity,Sharpe,2005-03-22,verity.sharpe2536@example.com,LS28 8TF,South East,2024-03-01,Telephone,1,Active,2025-01-30
2537,Kai,Gill,2003-06-06,kai.gill2537@example.com,N29 8LJ,Yorkshire & Humber,2024-06-23,Social,1,Active,2024-08-01
2538,Lucy,Bright,1979-05-28,lucy.bright2538@example.com,B26 3NH,East Midlands,2020-09-18,Event,1,Active,2022-03-14
2539,Yusuf,Quainton,1953-07-10,,LS1 2EE,North East,2018-03-12,Partner,0,Lapsed,2025-05-13
2540,Maya,Okafor,1986-09-22,maya.okafor2540@example.com,B37 9HH,East of England,2024-09-07,Direct Mail,0,Active,2026-01-26
2541,Samuel,Mensah,2003-06-26,samuel.mensah2541@example.com,CF20 6HR,Wales,2025-12-25,Social,1,Lapsed,2026-07-09
2542,Verity,Hargreaves,1964-11-28,verity.hargreaves2542@example.com,B9 5YZ,South East,2020-07-26,Partner,0,Active,2023-07-15
2543,Lucy,Carrick,2001-03-02,lucy.carrick2543@example.com,M35 5AD,North East,2023-06-24,Web,0,Active,2025-06-18
2544,Deborah,Zielinski,1983-10-13,deborah.zielinski2544@example.com,L17 2SY,East Midlands,2022-08-08,Web,0,Inactive,2024-09-26
2545,Elliot,Vasquez,1962-10-02,elliot.vasquez2545@example.com,M23 6YW,West Midlands,2023-09-24,Partner,1,Active,2025-09-17
2546,Harun,Yeboah,1982-03-22,harun.yeboah2546@example.com,BT23 4HT,East of England,2023-05-28,Direct Mail,1,Active,2025-11-10
2547,Maya,Dalgleish,1968-12-08,maya.dalgleish2547@example.com,LS3 7WD,Northern Ireland,2020-12-28,Web,0,Active,2021-11-05
2548,Grace,Lindqvist,1951-02-05,grace.lindqvist2548@example.com,L30 6LS,London,2024-10-22,Direct Mail,1,Inactive,2025-02-09
2549,Sian,Nkemelu,2001-08-22,sian.nkemelu2549@example.com,bs323af,Scotland,2022-04-29,Social,0,Active,2023-01-08
2550,Omar,Wainwright,1956-04-04,omar.wainwright2550@example.com,B34 7NF,Wales,2020-02-09,Telephone,1,Active,2021-01-24
2551,Noah,Jarvis,1952-08-10,noah.jarvis2551@example.com,ne76dw,South West,2022-06-24,Partner,0,Lapsed,2024-11-24
2552,Emeka,Kowalski,1982-07-15,emeka.kowalski2552@example.com,N25 3TN,Wales,2019-09-06,Telephone,0,Active,2024-11-19
2553,Joseph,Chen,1982-08-07,joseph.chen2553@example.com,ls133ae,London,2019-03-04,Telephone,0,Active,2019-11-06
2554,Samuel,Hargreaves,1994-11-03,samuel.hargreaves2554@example.com,bt304ut,Yorkshire & Humber,2018-12-19,Partner,0,Inactive,2021-03-18
2555,Verity,Rashid,1960-08-18,verity.rashid2555@example.com,EH26 5WF,Northern Ireland,2024-01-15,Telephone,0,Active,2025-10-01
2556,Amara,Mensah,1955-05-23,amara.mensah2556@example.com,EH2 3TT,Northern Ireland,2019-09-01,Event,1,Active,2020-07-18
2557,Daniel,Whitlock,1965-01-27,daniel.whitlock2557@example.com,M5 8DU,Northern Ireland,2020-11-07,Event,1,Inactive,2021-06-19
2558,Omar,Ellery,1988-03-20,omar.ellery2558@example.com,M3 9JJ,London,2025-06-09,Web,0,Lapsed,2025-08-18
2559,Joseph,Kowalski,2000-02-23,joseph.kowalski2559@example.com,LS29 2PQ,East Midlands,2024-06-03,Direct Mail,0,Lapsed,2025-02-12
2560,Liam,Chen,1953-11-20,liam.chen2560@example.com,BT6 4EE,North East,2022-06-21,Telephone,1,Active,2023-08-11
2561,Samuel,Rashid,1963-04-15,samuel.rashid2561@example.com,SE40 6EG,Wales,2022-12-17,Web,1,Lapsed,2026-06-30
2562,Isaac,Wainwright,1979-10-20,isaac.wainwright2562@example.com,M24 9XA,London,2022-07-03,Social,1,Lapsed,2022-09-08
2563,Joseph,Yeboah,1975-01-10,joseph.yeboah2563@example.com,L34 8WP,North West,2023-07-08,Telephone,0,Active,2025-08-17
2564,Hannah,Whitlock,1992-07-01,hannah.whitlock2564@example.com,L9 7JB,Scotland,2025-04-14,Web,0,Active,2025-12-06
2565,Grace,Rashid,2006-08-17,,B9 2ET,East of England,2024-04-17,Telephone,0,Inactive,2024-11-18
2566,Verity,Ellery,1979-06-19,verity.ellery2566@example.com,N13 1BF,Northern Ireland,2023-12-04,Social,1,Lapsed,2025-11-22
2567,Verity,Whitlock,1998-12-07,verity.whitlock2567@example.com,CF21 3XA,London,2020-08-09,Partner,0,Inactive,2021-06-09
2568,Ben,Morrow,1967-04-03,ben.morrow2568@example.com,LS33 5ZG,West Midlands,2025-03-10,Social,0,Lapsed,2025-11-01
2569,Hannah,Gill,1981-03-11,hannah.gill2569@example.com,CF35 9HU,Northern Ireland,2025-05-31,Web,0,Inactive,2025-06-21
2570,Joseph,Yeboah,2005-07-15,joseph.yeboah2570@example.com,G19 7HW,South West,2024-10-11,Telephone,1,Active,2024-12-14
2571,Callum,Jarvis,1981-02-13,callum.jarvis2571@example.com,B13 4DW,North East,2021-06-24,Web,1,Active,2021-12-10
2572,Niamh,Nkemelu,1991-09-22,niamh.nkemelu2572@example.com,m59de,Wales,2023-04-01,Social,0,Active,2025-04-19
2573,Rosa,Jarvis,1991-10-17,rosa.jarvis2573@example.com,L28 8AQ,West Midlands,2024-04-30,Telephone,0,Inactive,2026-04-25
2574,Callum,Rashid,1985-09-11,callum.rashid2574@example.com,B5 2UB,London,2017-11-19,Partner,0,Lapsed,2025-05-04
2575,Emeka,Uddin,1970-10-20,emeka.uddin2575@example.com,SE23 2TT,North East,2024-02-19,Web,0,Inactive,2024-10-24
2576,Gareth,Sandoval,2003-03-05,gareth.sandoval2576@example.com,BS17 4PB,East of England,2024-07-12,Direct Mail,1,Inactive,2025-01-18
2577,Grace,Whitlock,2000-03-15,grace.whitlock2577@example.com,M33 6AS,Northern Ireland,2019-07-17,Telephone,0,Lapsed,2019-12-20
2578,Maya,Okafor,1999-03-20,maya.okafor2578@example.com,BS39 5RQ,North East,2024-06-29,Direct Mail,1,Active,2026-05-10
2579,Isaac,Wainwright,1974-07-03,isaac.wainwright2579@example.com,NE4 6NR,South East,2023-09-08,Partner,1,Inactive,2025-05-17
2580,Jasmin,Wainwright,1947-05-24,jasmin.wainwright2580@example.com,LS6 9DW,East of England,2020-01-10,Telephone,0,Active,2022-07-21
2581,Amara,Ellery,2003-06-13,amara.ellery2581@example.com,N6 3BH,Wales,2017-01-26,Event,0,Active,2024-01-10
2582,Amara,Nkemelu,1947-10-23,amara.nkemelu2582@example.com,L20 1DW,North East,2020-08-08,Telephone,1,Active,2026-05-14
2583,Harun,Okafor,1971-11-22,harun.okafor2583@example.com,G40 8RS,East Midlands,2022-11-11,Social,1,Active,2026-03-25
2584,Verity,Whitlock,1981-01-02,verity.whitlock2584@example.com,M6 8JA,South East,2023-09-15,Partner,1,Lapsed,2024-10-15
2585,Emeka,Sandoval,1948-09-07,emeka.sandoval2585@example.com,EH25 8LW,North West,2018-07-17,Event,0,Lapsed,2023-10-17
2586,Wei,Lindqvist,1961-07-12,wei.lindqvist2586@example.com,NE23 8DW,South East,2017-09-04,Event,1,Lapsed,2017-12-16
2587,Emeka,Fenton,1980-06-16,emeka.fenton2587@example.com,SW15 4XE,Scotland,2018-04-20,Event,1,Inactive,2020-02-06
2588,Omar,Okafor,1988-12-17,omar.okafor2588@example.com,SW26 2UZ,London,2021-07-20,Telephone,0,Active,2021-08-31
2589,Rachel,Duffy,1975-10-02,rachel.duffy2589@example.com,BS22 4TL,North West,2023-04-13,Web,1,Active,2025-02-01
2590,Callum,Yeboah,1978-12-09,,BT8 5QN,North West,2023-06-15,Partner,1,Active,2025-11-08
2591,Zara,Lindqvist,1966-05-15,zara.lindqvist2591@example.com,SW20 3ER,East Midlands,2020-04-30,Event,1,Active,2022-10-11
2592,Freya,Fenton,1948-12-23,freya.fenton2592@example.com,N28 3BX,Scotland,2019-06-09,Telephone,1,Active,2020-08-03
2593,Hannah,Abiola,1982-09-21,hannah.abiola2593@example.com,M38 4AB,East Midlands,2023-03-20,Telephone,0,Inactive,2026-01-20
2594,Zainab,Fenton,1954-05-17,zainab.fenton2594@example.com,BT36 9BQ,West Midlands,2017-07-25,Partner,1,Lapsed,2024-07-06
2595,Gareth,Kowalski,1973-03-16,gareth.kowalski2595@example.com,G5 2HN,East of England,2019-11-03,Partner,1,Active,2024-12-25
2596,Samuel,Nkemelu,1982-07-11,samuel.nkemelu2596@example.com,sw382gh,South East,2018-07-12,Telephone,1,Inactive,2024-08-21
2597,Callum,Iqbal,1975-12-05,callum.iqbal2597@example.com,SW37 7YB,South West,2021-10-22,Telephone,1,Active,2025-01-07
2598,Gareth,Grewal,2003-11-03,gareth.grewal2598@example.com,BT31 2NQ,Scotland,2025-05-13,Direct Mail,1,Lapsed,2026-08-05
2599,Eleanor,Zielinski,1983-03-19,eleanor.zielinski2599@example.com,SW20 1XW,North East,2024-05-25,Social,0,Lapsed,2025-05-27
2600,Rosa,Iqbal,1973-08-24,rosa.iqbal2600@example.com,L4 7YB,South East,2024-03-20,Direct Mail,1,Active,2024-12-15
2601,Rosa,Tewari,1979-12-22,rosa.tewari2601@example.com,SE21 7LT,North West,2021-05-30,Event,0,Active,2025-07-23
2602,Theo,Vasquez,1982-03-11,theo.vasquez2602@example.com,NE25 4LP,Wales,2025-05-26,Direct Mail,1,Inactive,2026-07-31
2603,Rosa,Thornbury,1989-01-02,rosa.thornbury2603@example.com,B40 4AW,Yorkshire & Humber,2025-10-19,Direct Mail,1,Active,2026-06-23
2604,Sofia,Gill,1961-01-15,sofia.gill2604@example.com,SW17 1NJ,West Midlands,2021-11-14,Web,0,Lapsed,2024-06-16
2605,Zara,Gill,1947-03-03,zara.gill2605@example.com,G7 1NU,South East,2026-04-24,Direct Mail,0,Active,2026-05-08
2606,Amara,Whitlock,1982-03-28,,G30 6PY,South East,2025-01-26,Web,0,Active,2025-08-14
2607,Fatima,Grewal,1977-06-25,fatima.grewal2607@example.com,EH3 2LU,Wales,2023-04-03,Social,Y,Inactive,2026-03-31
2608,Gareth,Zielinski,1970-07-20,gareth.zielinski2608@example.com,CF4 8BN,Northern Ireland,2024-09-05,Direct Mail,N,Lapsed,2025-11-07
2609,Olive,Wainwright,1993-06-26,olive.wainwright2609@example.com,EH11 7FL,East Midlands,2023-05-18,Web,1,Lapsed,2026-03-08
2610,Wei,Lindqvist,1977-12-03,wei.lindqvist2610@example.com,N11 7XQ,Yorkshire & Humber,2026-02-08,Social,0,Active,2026-05-13
2611,Karolina,Duffy,1961-04-08,karolina.duffy2611@example.com,SE17 2SY,South West,2023-04-30,Social,0,Lapsed,2024-11-05
2612,Wei,Kowalski,1965-05-06,wei.kowalski2612@example.com,LS36 2JL,North East,2020-01-03,Event,0,Active,2022-03-19
2613,Emeka,Yeboah,2004-01-10,emeka.yeboah2613@example.com,LS13 2WF,East Midlands,2023-12-13,Social,0,Active,2023-12-18
2614,Mahmoud,Sandoval,2004-04-21,mahmoud.sandoval2614@example.com,SW1 5WY,North East,2018-11-15,Telephone,1,Lapsed,2019-02-06
2615,Isaac,Hargreaves,1992-04-13,isaac.hargreaves2615@example.com,L21 4GW,Yorkshire & Humber,2017-02-24,Event,0,Lapsed,2018-12-22
2616,Deborah,Ellery,1983-07-17,,CF14 5EB,East of England,2018-09-10,Event,0,Active,2024-10-21
2617,Eleanor,Vasquez,1965-11-26,eleanor.vasquez2617@example.com,BT15 2DW,West Midlands,2022-07-20,Telephone,1,Active,2024-03-09
2618,Niamh,Yeboah,1949-08-10,niamh.yeboah2618@example.com,se263tn,North West,2026-02-24,Social,1,Active,2026-05-25
2619,Zara,Whitlock,1948-02-08,zara.whitlock2619@example.com,SE9 9SZ,North East,2025-11-11,Social,1,Lapsed,2026-03-16
2620,Wei,Sharpe,1993-09-24,wei.sharpe2620@example.com,G38 4UA,Wales,2021-12-11,Telephone,1,Active,2022-12-07
2621,Liam,Gill,1975-08-08,liam.gill2621@example.com,N38 9UY,East Midlands,2021-06-22,Partner,0,Active,2022-12-19
2622,Olive,Wainwright,2006-03-04,olive.wainwright2622@example.com,BS5 8WJ,West Midlands,2019-11-19,Event,0,Active,2024-03-05
2623,Niamh,Baptiste,1949-09-08,niamh.baptiste2623@example.com,m332jh,East Midlands,2025-09-18,Direct Mail,0,Inactive,2026-05-22
2624,Elliot,Sharpe,1999-05-05,elliot.sharpe2624@example.com,BT31 7NL,Yorkshire & Humber,2024-11-02,Web,1,Active,2025-11-29
2625,Sian,Lindqvist,1999-12-10,sian.lindqvist2625@example.com,L28 2EP,Yorkshire & Humber,2023-09-16,Telephone,1,Active,2025-11-20
2626,Tariq,Whitlock,1963-06-22,tariq.whitlock2626@example.com,NE18 1YU,Wales,2023-10-05,Social,1,Active,2023-10-30
2627,Harun,Chen,1947-04-03,harun.chen2627@example.com,N1 8JL,West Midlands,2018-01-09,Event,0,Lapsed,2021-10-28
2628,Tariq,Sandoval,1957-08-10,tariq.sandoval2628@example.com,BS20 5LF,Wales,2023-12-27,Social,1,Deceased,2024-12-28
2629,Ben,Jarvis,1961-05-16,ben.jarvis2629@example.com,SW35 8NN,Scotland,2019-09-11,Event,1,Active,2020-10-01
2630,Daniel,Gill,1973-01-20,daniel.gill2630@example.com,M13 3QN,East Midlands,2023-03-17,Social,0,Active,2025-06-07
2631,Sian,Lindqvist,1986-06-13,sian.lindqvist2631@example.com,EH36 8BG,South East,2022-08-10,Partner,0,Lapsed,2025-06-10
2632,Yusuf,Carrick,2002-05-18,,SE34 2GE,West Midlands,2022-11-03,Partner,0,Active,2024-06-26
2633,Sofia,Abiola,1948-12-02,sofia.abiola2633@example.com,SE19 9RT,Scotland,2024-05-02,Direct Mail,0,Active,2026-05-31
2634,Kai,Hargreaves,1975-01-07,kai.hargreaves2634@example.com,N30 3RQ,Wales,2018-06-21,Event,0,Lapsed,2025-04-19
2635,Jasmin,Morrow,1987-03-26,jasmin.morrow2635@example.com,NE3 3JR,South East,2021-02-16,Partner,1,Active,2023-03-31
2636,Aisha,Grewal,1946-08-28,aisha.grewal2636@example.com,BT4 8XD,South West,2025-10-14,Social,1,Lapsed,2026-02-03
2637,Zara,Pemberton,1976-04-05,zara.pemberton2637@example.com,LS18 8AW,East of England,2023-12-04,Direct Mail,0,Inactive,2025-01-05
2638,Samuel,Nkemelu,1966-03-16,samuel.nkemelu2638@example.com,M1 1PH,West Midlands,2023-12-08,Telephone,1,Lapsed,2024-08-08
2639,Olive,Carrick,1986-06-01,olive.carrick2639@example.com,BT39 6JJ,Scotland,2022-05-30,Social,0,Active,2026-03-06
2640,Omar,Tewari,2004-04-26,omar.tewari2640@example.com,BS32 7XN,North West,2017-05-30,Event,0,Lapsed,2022-11-14
2641,Freya,Ahmed,1987-11-11,,SE24 7NZ,Northern Ireland,2025-09-16,Web,1,Inactive,2025-09-18
2642,Yusuf,Sharpe,1993-11-27,yusuf.sharpe2642@example.com,NE21 7LL,London,2022-06-12,Telephone,1,Active,2023-09-08
2643,Omar,Sharpe,1982-10-16,omar.sharpe2643@example.com,CF23 3NX,South West,2023-05-17,Partner,1,Active,2024-06-17
2644,Deborah,Hargreaves,1976-04-16,deborah.hargreaves2644@example.com,sw141pe,North East,2018-03-03,Event,0,Inactive,2018-04-27
2645,Zainab,Wainwright,1966-02-14,zainab.wainwright2645@example.com,SW21 1UL,Northern Ireland,2024-04-07,Direct Mail,0,Active,2024-09-20
2646,Isaac,Sharpe,1992-03-01,isaac.sharpe2646@example.com,NE5 5NF,Northern Ireland,2025-03-07,Web,1,Active,2025-12-02
2647,Freya,Vasquez,1968-11-08,freya.vasquez2647@example.com,CF29 6GB,Yorkshire & Humber,2024-06-07,Web,1,Active,2024-08-31
2648,Joseph,Carrick,1969-02-20,joseph.carrick2648@example.com,CF23 3QS,North East,2025-01-25,Social,1,Deceased,2026-04-19
2649,Jasmin,Chen,1955-04-02,jasmin.chen2649@example.com,L14 3DR,London,2020-04-27,Event,0,Active,2023-09-29
2650,Harun,Sharpe,1968-08-26,harun.sharpe2650@example.com,N24 5HL,West Midlands,2019-05-24,Telephone,0,Active,2021-09-11
2651,Harun,Mensah,1974-06-17,,BS5 8TB,South East,2018-05-27,Event,1,Active,2020-07-06
2652,Rosa,Kowalski,1951-06-16,rosa.kowalski2652@example.com,SE40 7PN,West Midlands,2020-07-09,Telephone,1,Active,2026-02-20
2653,Samuel,Sharpe,1995-10-27,samuel.sharpe2653@example.com,BT4 3AT,West Midlands,2025-04-07,Web,1,Active,2026-03-16
2654,Maya,Grewal,1977-07-25,maya.grewal2654@example.com,CF11 5YB,North West,2018-09-03,Partner,1,Active,2022-06-23
2655,Callum,Hargreaves,1986-12-27,callum.hargreaves2655@example.com,NE32 8AE,West Midlands,2022-07-08,Partner,0,Active,2024-01-01
2656,Omar,Tewari,1947-01-08,omar.tewari2656@example.com,CF33 1NW,North West,2022-12-02,Social,1,Active,2026-05-07
2657,Zara,Fenton,1952-08-05,zara.fenton2657@example.com,G5 9HU,Scotland,2023-10-03,Web,0,Inactive,2023-11-21
2658,Imogen,Mensah,1995-03-21,imogen.mensah2658@example.com,EH38 2NZ,Scotland,2024-03-07,Telephone,1,Active,2026-01-21
2659,Jasmin,Abiola,1967-09-12,jasmin.abiola2659@example.com,G35 7YA,South East,2024-05-22,Social,1,Active,2026-04-17
2660,Fatima,Nkemelu,1997-10-27,fatima.nkemelu2660@example.com,LS9 2ZF,East of England,2023-10-13,Web,1,Active,2025-05-03
2661,Callum,Okafor,1979-07-06,callum.okafor2661@example.com,EH37 2UW,West Midlands,2024-08-03,Social,0,Lapsed,2024-09-07
2662,Lucy,Duffy,1957-06-02,lucy.duffy2662@example.com,EH26 6ZZ,West Midlands,2026-03-29,Direct Mail,1,Lapsed,2026-04-19
2663,Wei,Pemberton,1999-08-09,wei.pemberton2663@example.com,ne346lx,Yorkshire & Humber,2023-07-25,Social,1,Active,2026-06-08
2664,Wei,Yeboah,1979-03-26,wei.yeboah2664@example.com,M23 6EG,Wales,2024-10-07,Direct Mail,0,Active,2026-04-23
2665,Maya,Tewari,1963-12-20,maya.tewari2665@example.com,BT38 7GS,East of England,2023-01-04,Social,1,Lapsed,2023-04-06
2666,Daniel,Iqbal,1951-06-24,daniel.iqbal2666@example.com,G29 8NY,North West,2023-08-27,Web,0,Active,2026-05-23
2667,Rosa,Vasquez,1977-03-11,rosa.vasquez2667@example.com,B16 3FJ,North East,2018-11-07,Partner,0,Active,2025-11-21
2668,Callum,Quainton,1962-11-02,callum.quainton2668@example.com,EH33 8DB,Wales,2025-09-21,Direct Mail,1,Lapsed,2025-11-06
2669,Noah,Quainton,1966-05-01,noah.quainton2669@example.com,M7 6WT,South West,2018-06-21,Telephone,0,Inactive,2022-11-13
2670,Lucy,Wainwright,2004-12-20,lucy.wainwright2670@example.com,BT18 8YQ,London,2024-05-14,Social,0,Deceased,2026-02-17
2671,Noah,Abiola,2003-11-26,noah.abiola2671@example.com,CF30 9YT,South East,2024-05-15,Telephone,1,Active,2026-02-10
2672,Omar,Okafor,1988-06-02,omar.okafor2672@example.com,BS31 2PN,South East,2023-01-31,Partner,1,Active,2024-09-15
2673,Sofia,Yeboah,1979-07-13,sofia.yeboah2673@example.com,b246st,East of England,2026-01-28,Direct Mail,1,Activ,2026-07-18
2674,Maya,Okafor,1978-12-13,maya.okafor2674@example.com,B38 2EJ,South East,2023-12-10,Web,0,Active,2026-01-31
2675,Liam,Carrick,1955-11-28,liam.carrick2675@example.com,BT40 6BJ,Scotland,2017-10-23,Event,1,Lapsed,2022-05-24
2676,Amara,Thornbury,1951-01-24,amara.thornbury2676@example.com,EH17 7DL,East of England,2018-12-20,Event,0,Active,2025-04-14
2677,Samuel,Whitlock,1957-06-21,samuel.whitlock2677@example.com,se343et,West Midlands,2022-07-07,Telephone,0,Active,2026-04-27
2678,Gareth,Zielinski,1975-07-24,gareth.zielinski2678@example.com,SW2 5FH,South East,2025-07-11,Web,0,Active,2026-07-03
2679,Eleanor,Mensah,1966-10-14,eleanor.mensah2679@example.com,SW28 5SL,South East,2022-10-20,Telephone,1,Active,2024-03-24
2680,Liam,Uddin,2001-12-28,liam.uddin2680@example.com,L19 1WT,East of England,2023-08-17,Direct Mail,1,Active,2025-05-26
2681,Emeka,Duffy,1972-03-17,,SW28 2UU,East of England,2024-09-08,Web,0,Lapsed,2026-02-20
2682,Deborah,Gill,1990-05-21,deborah.gill2682@example.com,M7 7ZF,Scotland,2024-01-08,Social,1,Active,2025-05-14
2683,Maya,Zielinski,1996-11-12,maya.zielinski2683@example.com,l366gh,East Midlands,2022-04-12,Web,1,Active,2023-04-14
2684,Grace,Pemberton,1993-07-23,grace.pemberton2684@example.com,M8 5WQ,Yorkshire & Humber,2023-10-27,Social,0,Active,2024-08-16
2685,Rhys,Hargreaves,1993-08-08,rhys.hargreaves2685@example.com,NE1 3TX,South East,2020-04-20,Partner,1,Inactive,2024-05-26
2686,Tariq,Wainwright,1975-07-19,tariq.wainwright2686@example.com,M20 4YZ,London,2022-03-28,Partner,0,Lapsed,2025-10-11
2687,Omar,Dalgleish,1988-06-20,omar.dalgleish2687@example.com,NE36 9DE,West Midlands,2024-02-27,Social,1,Lapsed,2026-08-14
2688,Maya,Bright,2004-12-28,maya.bright2688@example.com,BS36 9NF,North East,2021-01-03,Partner,0,Active,2022-02-09
2689,Omar,Uddin,2001-03-13,omar.uddin2689@example.com,L13 4FY,Northern Ireland,2023-06-12,Direct Mail,1,Deceased,2025-06-19
2690,Zara,Chen,1971-04-22,zara.chen2690@example.com,EH27 4FW,South West,2024-03-18,Direct Mail,0,Lapsed,2025-01-01
2691,Leah,Morrow,1966-08-15,leah.morrow2691@example.com,N28 6BF,East Midlands,2026-05-21,Direct Mail,0,Lapsed,2026-08-02
2692,Harun,Thornbury,1987-04-26,harun.thornbury2692@example.com,SW34 5YB,Yorkshire & Humber,2022-12-18,Partner,1,Inactive,2023-01-21
2693,Imogen,Morrow,1985-01-13,imogen.morrow2693@example.com,EH25 1WX,North West,2020-04-30,Partner,0,Deceased,2022-01-02
2694,Daniel,Tewari,1968-03-25,daniel.tewari2694@example.com,SE31 6BA,South West,2024-12-19,Social,1,Active,2025-05-14
2695,Freya,Chen,2003-07-17,freya.chen2695@example.com,M40 5QP,West Midlands,2020-05-02,Partner,0,Inactive,2025-05-07
2696,Zara,Thornbury,1977-04-15,zara.thornbury2696@example.com,B22 9DZ,Scotland,2024-05-08,Social,0,Active,2025-01-06
2697,Tariq,Sharpe,1981-10-08,tariq.sharpe2697@example.com,LS38 7JX,Yorkshire & Humber,2024-03-13,Social,1,Active,2024-04-12
2698,Imogen,Ellery,1948-01-12,imogen.ellery2698@example.com,L22 7HA,Yorkshire & Humber,2025-06-01,Social,1,Active,2025-07-01
2699,Kai,Tewari,1990-05-19,kai.tewari2699@example.com,SE3 7TS,London,2022-11-07,Web,1,Inactive,2025-01-12
2700,Harun,Hargreaves,1991-05-02,harun.hargreaves2700@example.com,L34 9AJ,Wales,2024-01-21,Web,1,Lapsed,2024-06-10
2701,Omar,Kowalski,1999-09-26,omar.kowalski2701@example.com,BS34 6PR,West Midlands,2023-12-16,Direct Mail,0,Inactive,2026-06-08
2702,Freya,Baptiste,1972-10-26,freya.baptiste2702@example.com,SW29 9RF,Yorkshire & Humber,2024-04-08,Direct Mail,0,Active,2024-04-26
2703,Isaac,Wainwright,1992-09-02,isaac.wainwright2703@example.com,L13 6PP,Northern Ireland,2023-12-09,Direct Mail,0,Active,2026-05-09
2704,Noah,Baptiste,1972-04-17,noah.baptiste2704@example.com,N32 2PZ,South East,2026-02-04,Direct Mail,1,Active,2026-02-04
2705,Samuel,Gill,1979-08-26,samuel.gill2705@example.com,SW13 6DF,South West,2019-04-12,Event,1,Active,2025-04-26
2706,Liam,Ellery,1948-06-20,liam.ellery2706@example.com,NE17 4BR,Northern Ireland,2024-05-27,Telephone,0,Active,2024-09-25
2707,Chloe,Rashid,1996-07-28,chloe.rashid2707@example.com,CF24 8DH,North West,2021-03-22,Event,0,Inactive,2024-02-08
2708,Karolina,Okafor,1993-12-02,karolina.okafor2708@example.com,L2 2WU,East Midlands,2019-01-07,Event,0,Lapsed,2024-03-05
2709,Chloe,Vasquez,1952-06-17,chloe.vasquez2709@example.com,B25 5JW,East Midlands,2018-12-18,Telephone,0,Active,2022-07-14
2710,Mahmoud,Iqbal,1997-12-21,mahmoud.iqbal2710@example.com,BS3 3UG,South West,2019-08-11,Partner,1,Deceased,2022-03-18
2711,Yusuf,Chen,1974-11-13,yusuf.chen2711@example.com,SE10 5YW,North East,2017-04-23,Event,1,Active,2025-03-18
2712,Samuel,Tewari,1977-08-13,samuel.tewari2712@example.com,BT16 3NW,South West,2023-11-01,Web,1,Lapsed,2023-12-25
2713,Karolina,Kowalski,1990-01-25,karolina.kowalski2713@example.com,BS28 8GF,North East,2020-04-28,Telephone,0,Lapsed,2025-02-17
2714,Tariq,Rashid,1968-02-22,tariq.rashid2714@example.com,NE5 8RP,Northern Ireland,2022-01-23,Event,1,Lapsed,2024-06-05
2715,Uche,Carrick,1988-06-02,uche.carrick2715@example.com,N7 8RB,East Midlands,2022-12-02,Telephone,0,Lapsed,2025-01-31
2716,Sofia,Fenton,1975-08-07,sofia.fenton2716@example.com,SW19 1NF,East Midlands,2025-06-25,Direct Mail,0,Active,2026-03-31
2717,Noah,Ellery,1984-06-15,noah.ellery2717@example.com,EH29 5GZ,Northern Ireland,2025-02-26,Web,0,Lapsed,2026-08-02
2718,Fatima,Morrow,1996-11-16,,LS29 9UE,Scotland,2023-06-07,Direct Mail,0,Active,2026-01-05
2719,Elliot,Zielinski,1974-10-08,elliot.zielinski2719@example.com,SE9 5BN,London,2020-09-10,Event,0,Lapsed,2024-02-29
2720,Leah,Sandoval,1948-02-05,leah.sandoval2720@example.com,CF37 3PS,East Midlands,2018-06-28,Partner,0,Active,2019-02-17
2721,Joseph,Morrow,1995-07-28,joseph.morrow2721@example.com,LS9 8NY,North East,2020-09-19,Telephone,0,Active,2021-07-09
2722,Daniel,Whitlock,1951-11-20,daniel.whitlock2722@example.com,NE8 6NY,Northern Ireland,2024-10-21,Direct Mail,1,Inactive,2026-05-30
2723,Ben,Quainton,1986-04-18,ben.quainton2723@example.com,BT15 1EQ,South West,2024-10-17,Direct Mail,0,Lapsed,2025-03-27
2724,Callum,Tewari,2006-11-23,callum.tewari2724@example.com,B9 6BN,Wales,2017-10-20,Event,1,Lapsed,2022-11-11
2725,Niamh,Kowalski,1946-08-06,niamh.kowalski2725@example.com,NE19 8TL,East Midlands,2024-06-23,Telephone,0,Active,2025-12-30
2726,Samuel,Fenton,1981-04-09,samuel.fenton2726@example.com,L38 7LE,South East,2024-11-12,Social,0,Active,2026-02-20
2727,Rosa,Pemberton,1961-05-19,rosa.pemberton2727@example.com,cf246lh,South West,2025-10-18,Web,1,Active,2025-12-12
2728,Gareth,Lindqvist,2003-04-26,gareth.lindqvist2728@example.com,EH17 1BE,South West,2024-11-27,Web,0,Inactive,2026-06-21
2729,Rosa,Wainwright,1987-02-20,rosa.wainwright2729@example.com,BT13 4AR,South West,2021-06-27,Event,0,Deceased,2024-02-07
2730,Rosa,Kowalski,1977-12-23,rosa.kowalski2730@example.com,LS3 2GN,East Midlands,2025-10-30,Social,0,Lapsed,2026-07-29
2731,Leah,Tewari,1953-09-21,leah.tewari2731@example.com,SE25 2PZ,South East,2019-09-26,Event,1,Active,2022-06-07
2732,Imogen,Vasquez,1979-05-12,imogen.vasquez2732@example.com,BS18 8FN,London,2019-03-09,Partner,1,Active,2025-04-18
2733,Sofia,Abiola,2006-06-12,sofia.abiola2733@example.com,BS15 7ZA,Northern Ireland,2023-03-14,Social,0,Lapsed,2024-01-08
2734,Harun,Whitlock,1999-07-05,harun.whitlock2734@example.com,BT18 2AG,Wales,2024-02-17,Direct Mail,1,Active,2024-02-18
2735,Zainab,Jarvis,1965-04-08,zainab.jarvis2735@example.com,BS12 8WR,London,2017-11-17,Event,1,Active,2022-02-19
2736,Olive,Thornbury,1985-07-06,olive.thornbury2736@example.com,BS4 6AE,South East,2023-10-03,Social,1,Active,2024-01-30
2737,Leah,Vasquez,1958-09-05,leah.vasquez2737@example.com,L30 1RD,West Midlands,2017-07-19,Event,0,Active,2022-05-14
2738,Amara,Rashid,1989-05-08,amara.rashid2738.example.com,M27 4JH,East Midlands,2021-03-03,Partner,1,Active,2023-09-21
2739,Tariq,Sandoval,1995-05-10,tariq.sandoval2739@example.com,BS6 4YT,Scotland,2024-05-03,Direct Mail,1,Lapsed,2026-02-04
2740,Fatima,Nkemelu,1962-04-05,fatima.nkemelu2740@example.com,SW11 8HY,Wales,2023-09-03,Web,1,Lapsed,2024-04-23
2741,Kai,Wainwright,1947-10-02,kai.wainwright2741@example.com,SE34 7QQ,Wales,2024-08-17,Web,1,Active,2025-01-29
2742,Samuel,Abiola,1967-01-19,samuel.abiola2742@example.com,N1 6BU,West Midlands,2025-09-25,Social,1,Lapsed,2025-10-15
2743,Priya,Zielinski,1975-09-14,priya.zielinski2743@example.com,EH13 7AT,North East,2019-05-11,Telephone,1,Active,2019-11-12
2744,Mahmoud,Bright,1947-10-20,mahmoud.bright2744@example.com,B37 4HP,South East,2022-10-04,Partner,1,Lapsed,2024-12-03
2745,Gareth,Sandoval,1985-10-14,gareth.sandoval2745@example.com,M19 2SG,South West,2021-03-11,Event,1,Active,2022-03-10
2746,Gareth,Grewal,1987-09-08,gareth.grewal2746@example.com,EH3 8TD,North West,2021-09-18,Partner,0,Active,2023-12-24
2747,Imogen,Ellery,1957-09-27,imogen.ellery2747@example.com,CF13 4WS,,2016-11-02,Event,0,Active,2020-10-08
2748,Chloe,Pemberton,1977-02-14,chloe.pemberton2748@example.com,EH34 7WD,Northern Ireland,2025-10-30,Web,0,Inactive,2026-04-07
2749,Niamh,Abiola,1991-04-24,niamh.abiola2749@example.com,EH38 3QW,North West,2023-05-25,Web,1,Active,2024-07-23
2750,Wei,Wainwright,1990-12-20,wei.wainwright2750@example.com,NE14 7FF,London,2021-11-04,Event,0,Active,2026-02-17
2751,Uche,Yeboah,1991-03-28,uche.yeboah2751@example.com,SW31 5LP,London,2017-05-17,Partner,0,Inactive,2019-03-25
2752,Lucy,Yeboah,1991-02-01,lucy.yeboah2752@example.com,SE20 7SU,East of England,2024-01-21,Direct Mail,1,Active,2025-05-30
2753,Hannah,Morrow,1975-07-05,hannah.morrow2753@example.com,CF2 5AY,North East,2024-08-05,Direct Mail,0,Active,2026-02-04
2754,Zainab,Duffy,1956-04-26,zainab.duffy2754@example.com,BS8 3WX,North East,2026-03-31,Social,0,Active,2026-06-30
2755,Imogen,Morrow,1995-08-03,imogen.morrow2755@example.com,B38 9DZ,Wales,2022-07-02,Web,1,Active,2023-09-04
2756,Leah,Duffy,1956-03-08,leah.duffy2756@example.com,EH4 2QA,Wales,2018-08-29,Telephone,1,Active,2022-06-13
2757,Fatima,Ahmed,1982-05-27,fatima.ahmed2757@example.com,bt384jn,Yorkshire & Humber,2024-07-30,Social,1,Active,2026-03-20
2758,Eleanor,Gill,1995-01-05,eleanor.gill2758@example.com,B1 3HB,South East,2025-10-28,Direct Mail,0,Active,2026-08-13
2759,Verity,Fenton,2002-03-15,verity.fenton2759@example.com,BT26 8TY,East Midlands,2026-02-11,Direct Mail,1,Lapsed,2026-05-07
2760,Deborah,Fenton,1964-05-06,deborah.fenton2760@example.com,NE35 8BU,North West,2023-03-29,Web,1,Inactive,2024-02-28
2761,Lucy,Gill,1999-04-18,lucy.gill2761@example.com,B13 9HF,Yorkshire & Humber,2024-04-28,Direct Mail,0,Lapsed,2025-09-18
2762,Deborah,Quainton,1952-08-22,deborah.quainton2762@example.com,SE1 5BF,Northern Ireland,2023-10-03,Telephone,0,Active,2026-01-25
2763,Rachel,Jarvis,2004-11-11,rachel.jarvis2763.example.com,M19 5EE,Wales,2023-08-31,Direct Mail,1,Active,2024-01-17
2764,Isaac,Whitlock,1959-05-14,isaac.whitlock2764@example.com,BT1 7RL,Northern Ireland,2020-11-15,Event,0,Active,2022-01-09
2765,Hannah,Zielinski,1965-08-11,hannah.zielinski2765@example.com,bt329tt,Scotland,2023-06-20,Telephone,1,Active,2024-02-13
2766,Niamh,Morrow,1970-03-22,niamh.morrow2766@example.com,EH3 5LY,East of England,2018-06-01,Event,0,Active,2019-08-06
2767,Hannah,Whitlock,2002-05-14,hannah.whitlock2767@example.com,G28 6HA,Wales,2018-12-12,Partner,1,Active,2022-01-18
2768,Eleanor,Quainton,1966-06-12,eleanor.quainton2768@example.com,N19 1HA,West Midlands,2022-06-18,Web,1,Inactive,2024-06-27
2769,Rachel,Pemberton,1948-06-19,rachel.pemberton2769@example.com,G11 4RR,East Midlands,2023-10-13,Telephone,1,Lapsed,2025-12-23
2770,Mahmoud,Duffy,1950-06-27,mahmoud.duffy2770@example.com,B12 3QZ,North East,2019-03-25,Event,0,Active,2022-02-18
2771,Freya,Baptiste,1987-10-27,freya.baptiste2771@example.com,BT39 4NY,Scotland,2024-03-29,Web,0,Active,2025-09-05
2772,Noah,Uddin,1961-12-23,noah.uddin2772@example.com,B3 4DT,London,2019-08-22,Telephone,0,Lapsed,2026-07-26
2773,Uche,Uddin,1958-05-15,uche.uddin2773@example.com,EH18 5LB,West Midlands,2022-12-21,Web,0,Active,2026-03-02
2774,Sofia,Thornbury,1960-12-26,sofia.thornbury2774@example.com,BT21 6TP,North East,2024-05-03,Telephone,1,Activ,2026-08-10
2775,Sofia,Fenton,1946-05-01,sofia.fenton2775@example.com,BT30 9HS,South West,2018-08-16,Telephone,0,Lapsed,2022-09-05
2776,Jasmin,Iqbal,1983-12-13,jasmin.iqbal2776@example.com,LS33 2GD,East Midlands,2022-09-30,Social,1,Active,2025-10-15
2777,Daniel,Quainton,1988-07-14,daniel.quainton2777@example.com,SW10 6HP,Yorkshire & Humber,2019-04-08,Partner,0,Inactive,2026-04-08
2778,Chloe,Wainwright,1973-07-16,chloe.wainwright2778@example.com,L15 2BN,North West,2024-04-22,Web,0,Active,2024-08-27
2779,Emeka,Morrow,2000-05-15,emeka.morrow2779@example.com,NE9 6ZU,London,2022-03-06,Web,1,Active,2025-08-07
2780,Lucy,Lindqvist,1958-03-19,lucy.lindqvist2780@example.com,EH1 6HX,Scotland,2025-02-09,Direct Mail,1,Active,2026-06-15
2781,Leah,Lindqvist,1992-07-03,leah.lindqvist2781@example.com,M14 6ZR,East Midlands,2019-07-18,Event,1,Active,2024-11-25
2782,Yusuf,Quainton,1947-08-07,yusuf.quainton2782@example.com,L36 1TW,Northern Ireland,2023-09-09,Direct Mail,1,Active,2026-06-30
2783,Zara,Nkemelu,1969-04-02,zara.nkemelu2783@example.com,N13 1XX,Wales,2023-07-11,Direct Mail,1,Active,2025-12-29
2784,Aisha,Morrow,1988-11-11,aisha.morrow2784@example.com,G24 5RS,East Midlands,2017-06-10,Partner,0,Active,2020-09-30
2785,Chloe,Rashid,1955-02-14,chloe.rashid2785@example.com,SE7 6GA,West Midlands,2024-12-06,Direct Mail,1,Lapsed,2025-05-05
2786,Kai,Carrick,1989-08-20,kai.carrick2786@example.com,SE26 4ES,East of England,2023-03-18,Social,1,Active,2024-10-19
2787,Harun,Dalgleish,1947-02-24,harun.dalgleish2787@example.com,CF5 6QD,South West,2026-04-16,Social,0,Inactive,2026-05-12
2788,Kai,Whitlock,1947-08-24,kai.whitlock2788@example.com,N6 4QT,East of England,2022-09-26,Social,1,Active,2023-04-08
2789,Noah,Ellery,1976-04-18,noah.ellery2789@example.com,LS28 4FQ,South West,2026-12-30,Telephone,1,Active,2020-04-15
2790,Liam,Kowalski,1975-12-01,liam.kowalski2790@example.com,EH4 4RP,South West,2020-01-03,Partner,0,Active,2023-11-24
2791,Freya,Kowalski,1970-10-26,freya.kowalski2791@example.com,G21 3DR,North East,2025-10-08,Direct Mail,0,Active,2025-11-05
2792,Ben,Sandoval,1948-03-17,ben.sandoval2792@example.com,SE10 2ZX,West Midlands,2026-02-09,Direct Mail,1,Active,2026-05-16
2793,Liam,Ahmed,1947-10-28,liam.ahmed2793@example.com,G6 1FU,Yorkshire & Humber,2018-09-16,Event,0,Active,2023-04-04
2794,Mahmoud,Quainton,1965-12-09,mahmoud.quainton2794@example.com,N14 6EX,East Midlands,2023-06-25,Social,0,Active,2023-11-01
2795,Omar,Iqbal,2006-10-05,omar.iqbal2795@example.com,NE31 8ZB,Wales,2022-10-21,Social,1,Lapsed,2024-04-27
2796,Isaac,Tewari,1993-03-26,isaac.tewari2796@example.com,SE17 4XN,West Midlands,2021-09-16,Telephone,1,Active,2025-12-06
2797,Zainab,Quainton,1989-03-03,zainab.quainton2797@example.com,BS4 6QU,East of England,2024-02-21,Web,0,Active,2025-12-18
2798,Sian,Abiola,1967-11-08,sian.abiola2798@example.com,B14 3BH,,2019-09-15,Partner,1,Active,2025-04-02
2799,Liam,Ellery,1971-07-01,liam.ellery2799@example.com,NE35 2GP,South West,2025-05-30,Social,0,Lapsed,2025-06-16
2800,Emeka,Quainton,1997-08-18,emeka.quainton2800@example.com,SE34 2YX,North East,2021-11-01,Web,0,Active,2022-08-30
2801,Omar,Thornbury,2001-01-03,omar.thornbury2801@example.com,B22 1BT,South East,2021-07-30,Event,1,Active,2024-10-18
2802,Omar,Bright,1972-06-04,omar.bright2802@example.com,G2 3YZ,North West,2020-02-13,Event,1,Active,2024-12-19
2803,Imogen,Kowalski,1980-03-23,imogen.kowalski2803@example.com,L13 9FW,East Midlands,2020-09-16,Event,1,Active,2025-03-22
2804,Wei,Yeboah,2002-06-10,wei.yeboah2804.example.com,BS30 5YN,East Midlands,2023-03-05,Partner,0,Active,2024-12-31
2805,Deborah,Thornbury,1975-05-22,deborah.thornbury2805@example.com,EH34 4PD,North East,2025-03-15,Social,0,Lapsed,2026-01-02
2806,Sofia,Morrow,1948-09-18,sofia.morrow2806@example.com,ne18wf,North West,2025-08-23,Web,1,Deceased,2025-09-02
2807,Verity,Tewari,1975-07-10,verity.tewari2807@example.com,LS34 6PE,West Midlands,2021-12-17,Telephone,0,Active,2025-03-29
2808,Theo,Carrick,1985-11-05,theo.carrick2808@example.com,N17 3JD,East Midlands,2024-08-03,Web,0,Active,2025-11-20
2809,Callum,Grewal,1998-03-04,callum.grewal2809@example.com,SE10 4PS,North West,2020-11-12,Partner,1,Inactive,2021-11-25
2810,Leah,Baptiste,1990-03-09,leah.baptiste2810@example.com,CF18 2ZU,Scotland,2025-02-20,Web,0,Active,2025-06-05
2811,Noah,Abiola,1980-11-20,noah.abiola2811@example.com,SW21 4TS,North West,2017-09-01,Event,0,Active,2022-06-11
2812,Lucy,Carrick,1964-11-04,lucy.carrick2812@example.com,SW26 3YE,Scotland,2019-01-01,Telephone,1,Active,2024-01-22
2813,Olive,Grewal,1967-10-09,olive.grewal2813@example.com,CF21 3TF,North East,2017-06-19,Partner,1,Inactive,2025-03-15
2814,Sofia,Lindqvist,1996-07-15,sofia.lindqvist2814@example.com,L28 3TF,South East,2024-01-11,Social,0,Lapsed,2025-10-27
2815,Verity,Dalgleish,1948-02-23,verity.dalgleish2815@example.com,B4 3GU,Scotland,2020-10-30,Partner,1,Active,2022-07-11
2816,Jasmin,Whitlock,1972-10-21,jasmin.whitlock2816@example.com,EH37 8EG,Scotland,2019-03-01,Event,0,Active,2022-12-06
2817,Daniel,Quainton,1969-02-21,daniel.quainton2817@example.com,N22 3XL,East Midlands,2025-12-23,Web,1,Active,2026-03-02
2818,Rosa,Dalgleish,1960-02-18,rosa.dalgleish2818@example.com,B28 7NY,Northern Ireland,2025-02-23,Social,0,Active,2025-12-26
2819,Sian,Gill,1991-04-12,sian.gill2819@example.com,M2 4YT,South East,2018-06-04,Telephone,1,Active,2022-12-11
2820,Deborah,Carrick,1980-04-15,deborah.carrick2820@example.com,LS27 4UJ,North East,2024-03-31,Direct Mail,0,Active,2026-08-12
2821,Leah,Bright,1977-09-22,leah.bright2821@example.com,LS10 8GX,South East,2022-08-31,Web,0,Deceased,2022-09-24
2822,Maya,Wainwright,1958-12-21,maya.wainwright2822@example.com,SW29 9QD,London,2024-03-22,Social,0,Active,2025-10-01
2823,Priya,Okafor,1975-01-19,priya.okafor2823@example.com,N26 3ZQ,Yorkshire & Humber,2023-10-08,Direct Mail,1,Lapsed,2025-02-24
2824,Hannah,Dalgleish,1950-10-24,hannah.dalgleish2824@example.com,G28 5GU,North East,2023-03-10,Partner,0,Inactive,2023-06-16
2825,Imogen,Dalgleish,1979-09-21,imogen.dalgleish2825@example.com,L34 4DS,East Midlands,2022-06-09,Event,1,Lapsed,2023-10-16
2826,Omar,Ahmed,1996-06-03,omar.ahmed2826@example.com,BT34 2AR,Yorkshire & Humber,2022-04-06,Telephone,0,Lapsed,2023-09-23
2827,Emeka,Iqbal,1968-04-22,emeka.iqbal2827@example.com,SE23 3BT,North West,2023-01-23,Web,0,Active,2026-01-06
2828,Rosa,Kowalski,2006-09-20,rosa.kowalski2828@example.com,SW33 8WR,West Midlands,2023-05-08,Partner,0,Active,2024-07-08
2829,Harun,Thornbury,1979-04-09,harun.thornbury2829@example.com,sw307sz,South West,2021-07-28,Web,0,Active,2024-01-25
2830,Amara,Wainwright,1991-07-27,amara.wainwright2830@example.com,B20 6HY,London,2023-01-31,Telephone,1,Active,2026-02-28
2831,Yusuf,Thornbury,1966-04-24,yusuf.thornbury2831@example.com,CF30 4LT,West Midlands,2025-02-04,Web,0,Active,2025-08-19
2832,Kai,Pemberton,1975-06-23,kai.pemberton2832@example.com,G30 9WW,East of England,2024-02-16,Direct Mail,1,Active,2025-05-05
2833,Leah,Mensah,1990-08-02,leah.mensah2833@example.com,M13 3PP,East Midlands,2019-11-11,Partner,1,Active,2022-08-02
2834,Chloe,Tewari,1953-12-02,chloe.tewari2834@example.com,CF19 4SG,East Midlands,2017-05-17,Event,0,Inactive,2018-04-15
2835,Maya,Wainwright,1991-05-09,maya.wainwright2835@example.com,SW11 5AN,Yorkshire & Humber,2017-08-10,Event,0,Active,2023-05-15
2836,Yusuf,Lindqvist,1984-06-12,yusuf.lindqvist2836@example.com,NE14 2LX,Northern Ireland,2025-03-03,Social,1,Active,2026-05-09
2837,Callum,Nkemelu,1984-09-11,callum.nkemelu2837@example.com,SW28 3ZW,London,2020-01-08,Telephone,0,Lapsed,2024-10-22
2838,Sian,Ahmed,1979-02-18,sian.ahmed2838@example.com,CF20 9YS,South West,2021-11-05,Partner,0,Lapsed,2024-07-15
2839,Karolina,Sandoval,1977-08-26,karolina.sandoval2839@example.com,CF26 5GA,Wales,2026-03-03,Social,1,Active,2026-06-22
2840,Verity,Zielinski,1982-09-20,verity.zielinski2840@example.com,EH2 3SP,Yorkshire & Humber,2017-06-25,Partner,0,Active,2020-07-17
2841,Harun,Lindqvist,1953-06-09,harun.lindqvist2841@example.com,bs59xt,East of England,2019-02-05,Telephone,1,Lapsed,2024-04-20
2842,Imogen,Mensah,1960-03-19,imogen.mensah2842@example.com,BT21 3DR,Northern Ireland,2020-10-21,Partner,0,Active,2026-04-10
2843,Mahmoud,Uddin,1947-01-13,mahmoud.uddin2843@example.com,b108wr,North East,2021-04-30,Telephone,0,Lapsed,2026-01-07
2844,Grace,Sharpe,1984-07-25,grace.sharpe2844@example.com,SW3 3WS,East Midlands,2024-12-26,Direct Mail,0,Inactive,2025-01-06
2845,Uche,Lindqvist,2000-04-13,uche.lindqvist2845@example.com,LS16 4PT,Scotland,2018-07-03,Event,1,Lapsed,2022-01-01
2846,Joseph,Vasquez,1957-11-13,joseph.vasquez2846@example.com,SE38 3LS,Scotland,2022-02-11,Telephone,1,Deceased,2024-04-01
2847,Callum,Grewal,1977-10-15,callum.grewal2847@example.com,B5 1NA,North West,2024-11-05,Telephone,0,Inactive,2025-05-15
2848,Ben,Thornbury,1979-11-26,ben.thornbury2848@example.com,m266wh,East Midlands,2026-04-04,Direct Mail,0,Active,2026-06-21
2849,Noah,Dalgleish,1997-08-22,noah.dalgleish2849@example.com,NE40 4QU,Yorkshire & Humber,2018-07-24,Telephone,1,Active,2021-10-26
2850,Priya,Jarvis,1964-09-02,priya.jarvis2850@example.com,SE29 3XT,London,2021-04-10,Telephone,1,Active,2025-04-12
2851,Callum,Baptiste,2000-12-25,,bs365ug,South West,2021-05-30,Web,1,Lapsed,2023-09-24
2852,Yusuf,Rashid,1954-06-22,yusuf.rashid2852@example.com,BS9 8GD,Northern Ireland,2025-05-31,Web,0,Active,2026-05-02
2853,Eleanor,Whitlock,1971-05-05,eleanor.whitlock2853@example.com,BS24 3PY,East Midlands,2023-09-20,Direct Mail,0,Active,2024-11-25
2854,Chloe,Hargreaves,1977-03-03,chloe.hargreaves2854@example.com,BT34 6XG,Scotland,2017-08-10,Event,1,Active,2018-02-07
2855,Aisha,Quainton,1965-07-05,aisha.quainton2855@example.com,SE14 4WJ,East Midlands,2026-01-03,Direct Mail,1,Active,2026-04-19
2856,Noah,Fenton,1950-08-12,noah.fenton2856@example.com,B37 9NB,North West,2021-08-28,Event,0,Lapsed,2025-08-04
2857,Sian,Mensah,1957-12-19,sian.mensah2857@example.com,LS24 7TL,West Midlands,2021-02-20,Partner,0,Active,2025-09-07
2858,Gareth,Hargreaves,1961-06-27,gareth.hargreaves2858@example.com,BT31 7BE,,2022-11-23,Social,1,Inactive,2025-10-19
2859,Leah,Ellery,1989-02-07,leah.ellery2859@example.com,B12 3ND,West Midlands,2022-10-21,Social,1,Active,2026-05-11
2860,Isaac,Gill,1985-04-14,isaac.gill2860@example.com,EH30 3BG,Northern Ireland,2019-12-19,Telephone,1,Active,2023-10-26
2861,Zainab,Bright,2003-04-01,zainab.bright2861@example.com,G16 9BY,Wales,2024-08-26,Telephone,1,Active,2025-03-21
2862,Tariq,Pemberton,1957-05-22,tariq.pemberton2862@example.com,L16 6LP,Scotland,2019-01-31,Telephone,0,Lapsed,2021-04-23
2863,Sofia,Nkemelu,1983-08-19,sofia.nkemelu2863@example.com,G12 8TU,Northern Ireland,2023-12-10,Telephone,0,Active,2025-01-01
2864,Eleanor,Whitlock,1986-10-17,eleanor.whitlock2864@example.com,EH38 5PR,Scotland,2024-09-01,Direct Mail,0,Lapsed,2026-01-26
2865,Verity,Mensah,1952-11-15,verity.mensah2865@example.com,SE25 9PF,Scotland,2019-05-12,Event,0,Active,2021-10-26
2866,Niamh,Iqbal,1995-08-15,niamh.iqbal2866@example.com,N18 1HP,South West,2019-01-21,Partner,1,Active,2021-07-18
2867,Mahmoud,Iqbal,1953-10-05,mahmoud.iqbal2867@example.com,N33 3NA,South East,2022-08-27,Social,1,Lapsed,2023-03-26
2868,Fatima,Carrick,1956-09-08,fatima.carrick2868@example.com,N24 4GX,West Midlands,2024-07-13,Direct Mail,0,Active,2026-06-28
2869,Uche,Ahmed,1964-11-26,,SW2 7EW,North West,2018-08-11,Telephone,1,Lapsed,2025-05-06
2870,Freya,Sharpe,1953-02-09,freya.sharpe2870@example.com,CF15 1JR,West Midlands,2018-07-26,Partner,0,Lapsed,2019-09-14
2871,Isaac,Lindqvist,1954-01-12,isaac.lindqvist2871@example.com,SW33 2TP,South West,2018-11-30,Telephone,0,Active,2025-12-19
2872,Freya,Morrow,1962-07-04,freya.morrow2872@example.com,B40 3FE,Northern Ireland,2024-02-12,Direct Mail,0,Lapsed,2026-01-25
2873,Ben,Thornbury,1946-07-14,ben.thornbury2873@example.com,N7 3AN,London,2022-07-27,Web,0,Active,2025-07-15
2874,Mahmoud,Bright,1987-02-20,mahmoud.bright2874@example.com,NE27 3JH,West Midlands,2024-10-29,Web,1,Inactive,2024-12-08
2875,Ben,Rashid,1951-04-10,ben.rashid2875@example.com,SW17 3ZZ,East of England,2023-12-12,Direct Mail,1,Active,2025-10-06
2876,Isaac,Tewari,1988-11-20,isaac.tewari2876@example.com,BS14 3NE,Wales,2024-02-11,Social,1,Active,2025-11-16
2877,Samuel,Uddin,1965-01-05,samuel.uddin2877@example.com,B36 3RQ,Scotland,2025-11-17,Direct Mail,1,Lapsed,2026-03-26
2878,Karolina,Lindqvist,1986-05-28,karolina.lindqvist2878@example.com,CF26 2TR,Wales,2022-06-11,Social,1,Active,2023-10-21
2879,Callum,Bright,1986-01-03,,EH37 8AF,North East,2018-06-14,Event,1,Active,2022-08-30
2880,Wei,Nkemelu,1947-10-01,wei.nkemelu2880@example.com,ls123ua,North West,2021-09-02,Web,1,Active,2026-05-24
2881,Zainab,Ellery,1973-02-28,zainab.ellery2881@example.com,BS18 3UL,Wales,2022-10-20,Telephone,1,Active,2025-03-18
2882,Liam,Okafor,1999-07-07,liam.okafor2882@example.com,SW40 9WP,North East,2025-09-04,Web,0,Active,2026-02-07
2883,Hannah,Tewari,1973-06-03,hannah.tewari2883@example.com,SE16 3DE,North West,2019-02-14,Telephone,1,Active,2020-11-22
2884,Freya,Fenton,1991-05-15,freya.fenton2884@example.com,NE18 9SQ,South East,2024-03-20,Social,0,Active,2024-07-07
2885,Chloe,Duffy,1966-09-11,,se21ag,North East,2017-07-02,Partner,0,Active,2023-12-09
2886,Zara,Iqbal,1999-06-09,zara.iqbal2886@example.com,NE25 7JG,East Midlands,2025-11-29,Web,0,Lapsed,2026-06-12
2887,Harun,Vasquez,1950-12-09,harun.vasquez2887@example.com,L19 8EE,Wales,2023-01-23,Partner,1,Active,2025-09-01
2888,Uche,Morrow,2001-10-18,uche.morrow2888@example.com,n375rd,Northern Ireland,2020-07-02,Event,1,Active,2022-04-26
2889,Zara,Zielinski,1990-12-03,zara.zielinski2889@example.com,N10 2HR,South East,2022-05-30,Partner,0,Lapsed,2025-10-30
2890,Imogen,Zielinski,1983-11-08,imogen.zielinski2890@example.com,L15 2PW,South West,2019-11-30,Telephone,1,Inactive,2022-06-01
2891,Jasmin,Sandoval,1949-03-25,jasmin.sandoval2891@example.com,BS36 8HQ,Wales,2016-10-11,Event,1,Active,2022-11-25
2892,Gareth,Lindqvist,1949-03-03,gareth.lindqvist2892@example.com,NE14 3GL,North West,2023-01-30,Web,0,Active,2026-03-10
2893,Imogen,Hargreaves,1950-02-13,,EH17 5FD,South West,2024-09-25,Web,0,Active,2026-04-02
2894,Maya,Kowalski,1957-12-05,maya.kowalski2894@example.com,cf169ba,East of England,2021-09-08,Partner,1,Active,2024-02-09
2895,Tariq,Mensah,1966-05-28,tariq.mensah2895@example.com,CF21 7SB,East of England,2023-02-19,Social,0,Active,2024-10-19
2896,Imogen,Dalgleish,1954-11-18,imogen.dalgleish2896@example.com,BS19 3AW,North East,2022-07-17,Telephone,1,Active,2022-09-09
2897,Gareth,Pemberton,1988-10-18,gareth.pemberton2897@example.com,eh112eu,West Midlands,2020-07-12,Partner,0,Lapsed,2024-08-30
2898,Isaac,Pemberton,1993-05-19,isaac.pemberton2898@example.com,M15 9JZ,Northern Ireland,2018-09-17,Telephone,0,Active,2018-11-15
2899,Rachel,Uddin,2000-04-17,rachel.uddin2899@example.com,N24 1SL,South East,2022-07-23,Partner,0,Active,2024-12-20
2900,Aisha,Pemberton,1969-04-28,aisha.pemberton2900@example.com,SE7 1EW,Scotland,2018-11-14,Event,0,Active,2023-11-07
2901,Kai,Sandoval,2006-05-27,kai.sandoval2901@example.com,B8 1HY,Yorkshire & Humber,2024-06-21,Telephone,0,Active,2026-07-03
2902,Leah,Sandoval,1965-08-09,leah.sandoval2902@example.com,BT19 6EA,North West,2024-05-02,Social,1,Lapsed,2025-11-01
2903,Gareth,Sandoval,1947-01-27,gareth.sandoval2903@example.com,L4 8NU,Northern Ireland,2026-11-29,Web,1,Lapsed,2022-12-20
2904,Freya,Sharpe,1972-04-09,freya.sharpe2904@example.com,g15hl,Scotland,2022-09-19,Web,0,Active,2024-11-13
2905,Jasmin,Abiola,1946-09-28,jasmin.abiola2905@example.com,M17 1HQ,Scotland,2025-05-15,Social,1,Inactive,2026-01-04
2906,Maya,Yeboah,1994-12-10,,N31 8AH,Northern Ireland,2025-03-08,Web,1,Active,2026-06-12
2907,Fatima,Chen,1998-01-24,fatima.chen2907@example.com,n18yu,Northern Ireland,2022-02-27,Telephone,0,Active,2025-11-26
2908,Rosa,Thornbury,2005-09-23,rosa.thornbury2908@example.com,NE17 2QS,Northern Ireland,2019-07-15,Telephone,1,Lapsed,2021-11-20
2909,Noah,Iqbal,1998-07-14,noah.iqbal2909@example.com,BT10 9UH,East of England,2022-11-07,Web,1,Lapsed,2026-08-17
2910,Hannah,Uddin,1969-09-16,hannah.uddin2910@example.com,CF24 2BS,East Midlands,2019-11-26,Telephone,0,Lapsed,2022-01-27
2911,Isaac,Vasquez,1962-05-17,isaac.vasquez2911@example.com,SE6 8NT,South East,2022-08-30,Social,1,Lapsed,2023-01-27
2912,Gareth,Kowalski,1951-01-24,gareth.kowalski2912@example.com,BT37 5QB,South West,2018-04-10,Event,1,Active,2025-04-03
2913,Tariq,Sandoval,1946-12-25,tariq.sandoval2913@example.com,NE30 4DB,West Midlands,2018-07-20,Event,1,Active,2025-01-08
2914,Elliot,Pemberton,1973-07-02,elliot.pemberton2914@example.com,BT25 2JD,Northern Ireland,2026-04-19,Social,0,Active,2026-06-10
2915,Liam,Hargreaves,1959-07-28,liam.hargreaves2915@example.com,L28 1GR,Yorkshire & Humber,2019-12-04,Partner,0,Deceased,2023-10-07
2916,Wei,Hargreaves,2003-11-12,wei.hargreaves2916@example.com,BS22 1XN,Yorkshire & Humber,2025-06-21,Web,1,Active,2026-03-11
2917,Callum,Sandoval,1988-02-13,callum.sandoval2917@example.com,L28 6BR,Yorkshire & Humber,2018-12-03,Telephone,1,Active,2024-03-30
2918,Tariq,Gill,1969-08-02,tariq.gill2918@example.com,NE27 7TQ,Wales,2025-03-21,Web,0,Active,2025-09-29
2919,Aisha,Baptiste,1946-02-23,aisha.baptiste2919@example.com,EH15 9FT,Scotland,2024-05-19,Social,1,Active,2026-04-12
2920,Eleanor,Nkemelu,1962-02-27,eleanor.nkemelu2920@example.com,NE34 3ZW,North East,2024-02-27,Web,0,Inactive,2025-12-20
2921,Lucy,Zielinski,1981-10-23,lucy.zielinski2921@example.com,NE35 7WA,East Midlands,2019-07-09,Event,0,Lapsed,2023-05-09
2922,Verity,Chen,1977-03-02,,G34 5AA,Yorkshire & Humber,2019-02-23,Event,1,Inactive,2021-05-13
2923,Theo,Morrow,1948-12-19,theo.morrow2923@example.com,BS6 9NR,,2024-02-22,Social,1,Lapsed,2025-07-06
2924,Rachel,Sandoval,1987-02-07,rachel.sandoval2924@example.com,EH31 2WG,South West,2023-03-26,Partner,1,Inactive,2024-11-11
2925,Verity,Uddin,1981-10-14,verity.uddin2925@example.com,cf255dz,West Midlands,2022-11-24,Social,0,Inactive,2024-11-25
2926,Callum,Wainwright,1984-04-13,callum.wainwright2926@example.com,CF26 1ZN,North West,2021-11-27,Telephone,1,Lapsed,2026-02-12
2927,Olive,Wainwright,1974-03-09,olive.wainwright2927@example.com,BS26 9DZ,South West,2024-03-02,Direct Mail,0,Lapsed,2024-05-05
2928,Niamh,Morrow,1973-02-14,niamh.morrow2928@example.com,SW6 9SZ,East of England,2020-02-25,Telephone,1,Active,2025-10-27
2929,Daniel,Iqbal,1989-02-26,daniel.iqbal2929@example.com,N30 7LQ,Yorkshire & Humber,2019-01-01,Partner,1,Lapsed,2020-05-06
2930,Mahmoud,Zielinski,2003-06-09,mahmoud.zielinski2930@example.com,G22 1QN,Northern Ireland,2021-06-18,Telephone,1,Active,2023-08-06
2931,Fatima,Thornbury,2000-02-23,fatima.thornbury2931@example.com,NE31 1EN,Yorkshire & Humber,2022-10-25,Social,1,Active,2022-12-01
2932,Hannah,Dalgleish,2004-09-17,hannah.dalgleish2932@example.com,LS5 6SW,South East,2021-03-23,Web,0,Active,2024-02-13
2933,Daniel,Hargreaves,1982-01-06,,CF2 7LY,Northern Ireland,2020-09-06,Partner,1,Active,2022-04-04
2934,Zara,Quainton,1966-09-26,zara.quainton2934@example.com,NE24 5JA,South West,2017-05-27,Event,0,Active,2019-09-11
2935,Verity,Gill,1990-02-09,verity.gill2935@example.com,BS38 4TL,Northern Ireland,2018-10-14,Partner,0,Lapsed,2020-07-11
2936,Harun,Ellery,1949-09-23,harun.ellery2936@example.com,EH8 6YU,South West,2024-03-08,Social,0,Inactive,2024-07-19
2937,Uche,Ellery,1970-02-22,uche.ellery2937@example.com,G11 9JF,Wales,2022-09-12,Web,0,Active,2026-06-16
2938,Uche,Jarvis,2002-01-01,uche.jarvis2938@example.com,BT4 1LZ,East of England,2026-01-17,Web,0,Active,2026-06-30
2939,Maya,Quainton,1981-02-22,maya.quainton2939@example.com,BS36 1QB,North West,2025-04-19,Direct Mail,0,Active,2025-11-17
2940,Sofia,Sandoval,2005-04-01,sofia.sandoval2940@example.com,G33 5FA,Yorkshire & Humber,2023-04-03,Telephone,1,Inactive,2025-12-11
2941,Callum,Rashid,2004-12-20,callum.rashid2941@example.com,SE37 7PJ,East of England,2020-08-10,Web,0,Active,2023-03-18
2942,Chloe,Tewari,1967-04-20,chloe.tewari2942@example.com,EH21 2WB,East Midlands,2023-06-11,Direct Mail,0,Active,2024-01-27
2943,Lucy,Ellery,2005-01-13,lucy.ellery2943@example.com,BS15 5XP,Wales,2018-04-09,Event,0,Active,2023-04-27
2944,Leah,Vasquez,1978-03-28,leah.vasquez2944@example.com,EH28 3AT,East Midlands,2019-01-09,Event,0,Active,2024-08-10
2945,Aisha,Gill,1956-07-21,aisha.gill2945@example.com,BS40 9BA,South West,2020-06-13,Event,0,Inactive,2020-09-06
2946,Noah,Whitlock,1960-12-06,noah.whitlock2946@example.com,L23 5TA,London,2018-11-24,Telephone,1,Active,2020-01-22
2947,Yusuf,Gill,1979-03-19,yusuf.gill2947@example.com,SE38 7SZ,East Midlands,2024-05-23,Web,0,Active,2026-01-29
2948,Elliot,Nkemelu,1959-07-22,elliot.nkemelu2948@example.com,G34 2BY,London,2025-11-21,Social,1,Active,2026-05-06
2949,Lucy,Dalgleish,2003-06-10,lucy.dalgleish2949@example.com,G39 6GR,West Midlands,2024-01-11,Social,1,Active,2026-03-31
2950,Grace,Lindqvist,1994-08-06,grace.lindqvist2950@example.com,G4 3LL,Scotland,2025-11-23,Web,0,Active,2025-12-04
2951,Tariq,Yeboah,1951-07-20,tariq.yeboah2951@example.com,BT35 7RY,Northern Ireland,2025-12-10,Web,1,Lapsed,2026-06-04
2952,Maya,Tewari,1970-12-03,maya.tewari2952@example.com,CF3 4BW,London,2026-02-11,Direct Mail,0,Active,2026-05-14
2953,Hannah,Mensah,1983-05-01,hannah.mensah2953@example.com,LS10 8ZN,Yorkshire & Humber,2021-02-19,Partner,0,Lapsed,2024-06-21
2954,Harun,Wainwright,1998-01-28,harun.wainwright2954@example.com,EH39 7LL,South West,2019-03-12,Telephone,1,Active,2026-06-20
2955,Jasmin,Rashid,1983-06-12,jasmin.rashid2955@example.com,G38 1TG,Wales,2021-07-06,Partner,0,Active,2023-02-15
2956,Karolina,Thornbury,1999-05-14,karolina.thornbury2956@example.com,M19 1QZ,East of England,2023-09-24,Direct Mail,0,Active,2025-01-02
2957,Uche,Abiola,1996-09-22,uche.abiola2957@example.com,L4 2YT,West Midlands,2021-05-26,Partner,1,Lapsed,2024-06-24
2958,Rhys,Jarvis,1967-05-07,rhys.jarvis2958@example.com,G36 3LR,Scotland,2020-10-08,Partner,0,Active,2021-02-05
2959,Amara,Grewal,1998-12-28,amara.grewal2959@example.com,LS32 4NU,Wales,2020-06-12,Partner,0,Active,2021-12-21
2960,Sian,Nkemelu,1973-11-02,sian.nkemelu2960@example.com,N22 7DQ,South West,2017-02-21,Event,0,Inactive,2024-07-21
2961,Kai,Ahmed,2003-01-08,kai.ahmed2961.example.com,G24 1PN,South East,2024-06-22,Web,1,Active,2026-03-03
2962,Samuel,Rashid,1980-12-07,samuel.rashid2962@example.com,CF32 6QL,Northern Ireland,2019-10-16,Telephone,1,Active,2025-05-31
2963,Rosa,Yeboah,1973-01-08,rosa.yeboah2963@example.com,BS7 7AS,Yorkshire & Humber,2022-11-20,Partner,1,Inactive,2025-04-27
2964,Zainab,Vasquez,1985-09-22,zainab.vasquez2964@example.com,NE20 3BJ,East of England,2020-11-18,Event,1,Active,2022-09-27
2965,Rachel,Grewal,1996-09-06,rachel.grewal2965@example.com,LS5 6HP,East Midlands,2022-03-21,Partner,0,Active,2024-07-05
2966,Samuel,Morrow,1982-04-18,samuel.morrow2966@example.com,m191fs,South West,2024-04-06,Direct Mail,0,Active,2024-11-23
2967,Aisha,Fenton,1966-07-06,aisha.fenton2967@example.com,B23 2LP,Northern Ireland,2025-01-13,Social,0,Lapsed,2025-04-05
2968,Harun,Whitlock,1959-06-20,harun.whitlock2968@example.com,G25 9SJ,East of England,2019-01-27,Telephone,1,Active,2024-01-04
2969,Harun,Morrow,1986-05-22,harun.morrow2969@example.com,G9 8FF,North West,2025-10-27,Direct Mail,1,Active,2026-07-07
2970,Hannah,Whitlock,1963-05-22,hannah.whitlock2970@example.com,CF27 8FL,South East,2019-11-15,Event,0,Active,2023-07-25
2971,Verity,Carrick,1948-04-21,verity.carrick2971@example.com,BS10 5YW,Northern Ireland,2026-04-21,Direct Mail,1,Active,2026-08-16
2972,Gareth,Duffy,1994-10-15,gareth.duffy2972@example.com,BT17 6HF,West Midlands,2019-01-23,Telephone,1,Inactive,2024-04-12
2973,Callum,Quainton,1986-02-18,callum.quainton2973@example.com,G22 6FH,Northern Ireland,2023-03-19,Partner,0,Lapsed,2026-08-10
2974,Kai,Thornbury,1998-01-23,kai.thornbury2974@example.com,M13 6GP,Yorkshire & Humber,2018-11-23,Partner,1,Active,2022-04-13
2975,Theo,Tewari,1989-06-13,theo.tewari2975@example.com,EH1 7XB,London,2017-03-15,Event,0,Active,2025-06-18
2976,Sofia,Kowalski,1953-07-18,sofia.kowalski2976@example.com,EH3 3BA,Yorkshire & Humber,2021-02-02,Event,1,Active,2023-05-22
2977,Hannah,Rashid,1969-04-08,hannah.rashid2977@example.com,se265ra,North East,2018-08-25,Telephone,1,Active,2021-05-01
2978,Sian,Pemberton,1953-11-19,sian.pemberton2978@example.com,EH3 5EA,Scotland,2023-02-06,Partner,0,Lapsed,2024-11-19
2979,Noah,Yeboah,1987-04-17,noah.yeboah2979@example.com,B16 8ZT,Yorkshire & Humber,2025-12-25,Web,0,Inactive,2026-06-15
2980,Daniel,Fenton,1968-05-18,daniel.fenton2980@example.com,L40 7AB,Northern Ireland,2021-02-13,Telephone,1,Lapsed,2025-12-07
2981,Jasmin,Fenton,1985-06-21,jasmin.fenton2981@example.com,L30 6BE,London,2022-11-10,Telephone,0,Active,2023-02-18
2982,Ben,Wainwright,1976-05-09,ben.wainwright2982@example.com,L24 3XJ,Wales,2018-10-01,Partner,1,Lapsed,2020-04-24
2983,Chloe,Whitlock,1999-01-22,chloe.whitlock2983@example.com,G15 6LN,North West,2025-07-12,Social,0,Active,2025-07-18
2984,Lucy,Fenton,1975-05-05,lucy.fenton2984@example.com,M14 6TT,East Midlands,2023-01-11,Telephone,0,Active,2023-07-17
2985,Amara,Fenton,1964-10-11,amara.fenton2985@example.com,BT8 3JS,North East,2019-01-23,Partner,0,Lapsed,2021-11-29
2986,Uche,Grewal,1996-03-03,uche.grewal2986@example.com,b379wb,North East,2025-10-26,Direct Mail,0,Active,2026-01-21
2987,Olive,Yeboah,1965-09-13,olive.yeboah2987@example.com,EH26 2RN,East Midlands,2025-02-15,Web,0,Inactive,2025-08-11
2988,Chloe,Tewari,1977-05-16,chloe.tewari2988@example.com,G20 1LD,Yorkshire & Humber,2025-08-31,Direct Mail,0,Active,2026-07-14
2989,Rhys,Wainwright,1990-09-23,rhys.wainwright2989@example.com,LS10 1TG,Yorkshire & Humber,2017-01-15,Event,0,Active,2018-09-04
2990,Freya,Whitlock,1982-01-19,freya.whitlock2990@example.com,eh217bg,South East,2024-05-09,Direct Mail,0,Lapsed,2026-06-21
2991,Harun,Abiola,1949-03-22,harun.abiola2991@example.com,BT33 8UU,Northern Ireland,2023-05-18,Web,0,Active,2025-10-11
2992,Fatima,Sandoval,1952-01-16,fatima.sandoval2992@example.com,SW33 7XE,West Midlands,2017-05-04,Event,1,Active,2018-04-27
2993,Karolina,Duffy,1987-07-02,karolina.duffy2993@example.com,SE15 3AQ,South East,2022-08-03,Social,1,Active,2024-08-30
2994,Aisha,Jarvis,1966-04-20,aisha.jarvis2994@example.com,M20 8BP,East Midlands,2023-12-13,Direct Mail,0,Lapsed,2024-10-19
2995,Eleanor,Sandoval,1959-12-12,eleanor.sandoval2995@example.com,EH22 5BD,North West,2025-11-25,Social,0,Lapsed,2026-02-02
2996,Priya,Baptiste,1998-07-06,priya.baptiste2996@example.com,NE13 8UQ,South West,2022-11-28,Web,1,Lapsed,2023-11-24
2997,Omar,Thornbury,1974-01-04,omar.thornbury2997@example.com,l79pb,Scotland,2023-04-10,Social,1,Active,2024-11-30
2998,Hannah,Okafor,1969-10-02,hannah.okafor2998@example.com,SW24 3UX,West Midlands,2022-09-16,Social,1,Inactive,2023-12-30
2999,Emeka,Carrick,1950-06-12,emeka.carrick2999@example.com,BS9 4DR,Northern Ireland,2017-03-18,Event,0,Active,2023-05-23
3000,Deborah,Hargreaves,1983-07-08,deborah.hargreaves3000@example.com,CF34 8AT,South West,2026-03-21,Direct Mail,1,Active,2026-05-29
3001,Wei,Chen,1984-04-06,wei.chen3001@example.com,EH38 2QH,West Midlands,2022-11-16,Partner,1,Active,2026-06-26
3002,Gareth,Ellery,2001-04-02,gareth.ellery3002@example.com,G19 8GJ,South West,2025-06-19,Social,0,Active,2025-10-13
3003,Jasmin,Hargreaves,1993-01-25,jasmin.hargreaves3003@example.com,BS3 7BJ,South East,2021-03-23,Event,0,Lapsed,2022-06-22
3004,Tariq,Vasquez,2004-09-13,tariq.vasquez3004@example.com,BS10 1ED,East of England,2025-03-20,Social,0,Active,2026-01-02
3005,Sofia,Bright,1999-09-26,sofia.bright3005@example.com,EH39 8EG,Yorkshire & Humber,2022-12-24,Partner,0,Active,2024-12-12
3006,Fatima,Whitlock,1973-03-07,fatima.whitlock3006@example.com,SE26 3AR,East Midlands,2018-11-14,Telephone,0,Active,2022-02-01
3007,Wei,Bright,1970-06-01,wei.bright3007@example.com,M25 5PF,London,2020-04-22,Partner,1,Active,2025-09-04
3008,Omar,Nkemelu,1988-10-17,,B21 9YD,Northern Ireland,2022-03-28,Partner,1,Inactive,2025-05-15
3009,Mahmoud,Whitlock,1971-08-24,mahmoud.whitlock3009@example.com,EH10 9FY,North West,2022-08-09,Partner,0,Lapsed,2024-04-14
3010,Theo,Ahmed,1991-09-09,,SW19 3WX,Scotland,2023-10-30,Social,0,Lapsed,2026-04-06
3011,Joseph,Mensah,1998-12-28,joseph.mensah3011@example.com,LS9 3SU,Wales,2024-12-23,Telephone,1,Lapsed,2025-07-27
3012,Samuel,Vasquez,1966-07-05,samuel.vasquez3012@example.com,SE38 2PE,North East,2025-11-22,Social,1,Active,2026-06-22
3013,Theo,Hargreaves,2001-01-20,theo.hargreaves3013@example.com,BT22 9AE,North West,2025-02-19,Social,0,Active,2025-12-19
3014,Kai,Uddin,1980-03-02,kai.uddin3014@example.com,EH18 8TR,Northern Ireland,2019-05-04,Event,0,Active,2021-08-07
3015,Theo,Tewari,1995-02-28,theo.tewari3015@example.com,SW40 8FY,,2022-11-18,Social,1,Active,2026-06-06
3016,Samuel,Bright,1996-10-20,samuel.bright3016@example.com,LS22 1BB,Northern Ireland,2023-11-01,Web,1,Active,2025-04-20
3017,Fatima,Whitlock,1973-03-25,fatima.whitlock3017@example.com,CF37 7SQ,South East,2023-07-26,Social,0,Lapsed,2026-05-05
3018,Deborah,Lindqvist,1998-10-17,deborah.lindqvist3018@example.com,G24 9DH,North West,2025-08-23,Web,0,Active,2025-09-06
3019,Maya,Quainton,1987-06-07,maya.quainton3019@example.com,LS37 2RL,Yorkshire & Humber,2022-04-23,Social,0,Inactive,2024-02-11
3020,Ben,Baptiste,1997-07-24,ben.baptiste3020@example.com,B37 4ST,West Midlands,2020-02-18,Event,1,Lapsed,2020-05-08
3021,Niamh,Quainton,1973-07-15,niamh.quainton3021@example.com,B31 2UJ,Scotland,2025-02-21,Web,0,Active,2025-11-23
3022,Gareth,Lindqvist,1984-01-18,gareth.lindqvist3022@example.com,BS8 5FP,East Midlands,2023-11-17,Web,1,Inactive,2024-03-19
3023,Jasmin,Tewari,2004-09-07,jasmin.tewari3023@example.com,m388fj,East Midlands,2026-04-02,Social,0,Active,2026-05-14
3024,Noah,Whitlock,2005-04-12,noah.whitlock3024@example.com,SE16 6BD,East of England,2025-12-05,Web,1,Inactive,2026-03-07
3025,Eleanor,Kowalski,1991-04-17,eleanor.kowalski3025@example.com,SE10 8LY,London,2025-04-22,Social,1,Active,2025-06-01
3026,Elliot,Gill,1990-10-28,elliot.gill3026@example.com,G21 4AY,London,2023-11-07,Web,1,Active,2025-02-22
3027,Eleanor,Kowalski,1993-11-08,eleanor.kowalski3027@example.com,CF31 6BE,South West,2022-10-28,Web,0,Active,2024-03-18
3028,Aisha,Sharpe,1969-08-08,aisha.sharpe3028@example.com,BS26 5WQ,South East,2023-01-22,Web,0,Deceased,2024-09-15
3029,Ben,Whitlock,1993-11-15,ben.whitlock3029@example.com,N20 4RX,Wales,2019-05-15,Telephone,0,Active,2024-10-03
3030,Ben,Uddin,1947-02-23,ben.uddin3030@example.com,cf375uy,North East,2019-12-21,Telephone,1,Inactive,2024-11-21
3031,Aisha,Mensah,2006-10-02,aisha.mensah3031@example.com,BT26 9QN,South West,2023-11-03,Telephone,0,Lapsed,2026-03-09
3032,Gareth,Thornbury,1959-06-10,gareth.thornbury3032@example.com,se109xj,Wales,2020-10-21,Event,0,Active,2025-11-09
3033,Emeka,Carrick,1989-08-19,emeka.carrick3033@example.com,N28 2RD,East Midlands,2022-03-10,Partner,1,Active,2023-02-02
3034,Niamh,Lindqvist,1977-11-12,niamh.lindqvist3034@example.com,G30 2EW,Wales,2017-02-11,Event,1,Lapsed,2021-06-29
3035,Niamh,Quainton,2002-06-06,niamh.quainton3035@example.com,N34 9QL,Scotland,2025-09-22,Direct Mail,0,Lapsed,2026-01-16
3036,Wei,Mensah,1956-10-20,wei.mensah3036@example.com,BS30 1YY,West Midlands,2026-02-16,Direct Mail,1,Active,2026-06-02
3037,Chloe,Ahmed,1983-06-03,chloe.ahmed3037@example.com,G21 4LE,London,2020-05-30,Telephone,1,Inactive,2026-08-09
3038,Olive,Thornbury,1984-10-12,olive.thornbury3038@example.com,M14 2WW,North West,2023-09-06,Social,1,Inactive,2023-11-14
3039,Wei,Wainwright,1980-06-25,wei.wainwright3039@example.com,N7 1BA,Wales,2022-03-30,Event,0,Active,2025-09-21
3040,Elliot,Carrick,1992-09-05,elliot.carrick3040@example.com,LS4 2GR,Northern Ireland,2019-03-08,Event,0,Lapsed,2021-06-04
3041,Eleanor,Baptiste,1962-11-09,eleanor.baptiste3041@example.com,NE1 1LT,North West,2021-06-16,Web,0,Active,2021-12-26
3042,Rachel,Ahmed,1973-07-22,rachel.ahmed3042@example.com,BS18 8RH,East of England,2018-04-06,Partner,1,Inactive,2020-03-27
3043,Verity,Bright,1987-10-25,verity.bright3043@example.com,B35 2PF,South West,2020-11-28,Event,0,Active,2023-04-11
3044,Aisha,Yeboah,1979-07-18,,G36 7TJ,West Midlands,2024-05-03,Social,1,Lapsed,2024-06-12
3045,Freya,Chen,1978-08-05,freya.chen3045@example.com,BT40 5RR,East of England,2025-01-21,Social,1,Lapsed,2025-04-16
3046,Olive,Lindqvist,1952-04-07,olive.lindqvist3046@example.com,SE15 6TH,London,2020-09-21,Web,1,Active,2023-07-20
3047,Tariq,Bright,2004-10-26,tariq.bright3047@example.com,BT30 9LE,South East,2024-12-11,Social,0,Lapsed,2026-05-07
3048,Daniel,Morrow,1968-02-13,daniel.morrow3048@example.com,BT39 1HB,Scotland,2021-07-16,Web,0,Lapsed,2023-07-20
3049,Omar,Gill,1950-10-18,omar.gill3049@example.com,G9 2BG,South West,2025-07-20,Web,1,Active,2025-08-21
3050,Zainab,Fenton,1959-02-04,zainab.fenton3050@example.com,EH25 8DY,North East,2021-04-24,Telephone,1,Active,2023-10-28
3051,Emeka,Hargreaves,1973-01-02,emeka.hargreaves3051@example.com,M14 3FJ,East of England,2025-08-17,Social,0,Lapsed,2026-08-15
3052,Omar,Bright,2005-01-06,omar.bright3052@example.com,N37 3GT,South East,2019-10-18,Telephone,1,Active,2026-06-05
3053,Rhys,Bright,1954-08-07,rhys.bright3053@example.com,SE30 5US,North East,2025-06-28,Direct Mail,1,Lapsed,2026-08-01
3054,Zainab,Hargreaves,2006-04-12,zainab.hargreaves3054@example.com,LS19 3NL,Yorkshire & Humber,2023-12-26,Web,1,Lapsed,2025-08-19
3055,Freya,Mensah,1968-07-03,freya.mensah3055@example.com,EH9 6NH,Scotland,2019-12-05,Event,1,Active,2026-01-02
3056,Priya,Nkemelu,1964-01-08,priya.nkemelu3056@example.com,SE22 3TQ,West Midlands,2021-02-23,Partner,0,Inactive,2025-02-23
3057,Callum,Zielinski,1978-10-08,callum.zielinski3057@example.com,LS23 5ER,Wales,2022-04-19,Web,1,Active,2023-02-27
3058,Isaac,Dalgleish,1995-09-02,isaac.dalgleish3058@example.com,SE9 8JE,Scotland,2021-09-11,Telephone,0,Active,2022-06-30
3059,Jasmin,Sharpe,1951-02-04,jasmin.sharpe3059@example.com,EH40 2PU,Wales,2019-11-08,Event,0,Inactive,2023-04-25
3060,Emeka,Sandoval,1990-04-06,emeka.sandoval3060@example.com,BT16 4QB,Scotland,2020-11-20,Telephone,1,Active,2023-03-27
3061,Rachel,Tewari,1980-02-15,rachel.tewari3061@example.com,SE6 6LN,East Midlands,2018-11-13,Partner,1,Active,2020-12-07
3062,Sian,Hargreaves,1969-06-22,sian.hargreaves3062@example.com,LS1 4ER,Yorkshire & Humber,2024-08-20,Direct Mail,1,Lapsed,2025-11-07
3063,Imogen,Nkemelu,1960-06-28,imogen.nkemelu3063@example.com,NE17 8PG,Northern Ireland,2019-03-07,Partner,0,Inactive,2021-08-30
3064,Maya,Iqbal,1976-10-06,maya.iqbal3064@example.com,EH13 4JG,North East,2026-03-17,Social,0,Lapsed,2026-07-21
3065,Rhys,Mensah,1989-07-13,rhys.mensah3065@example.com,BS25 9SN,Yorkshire & Humber,2024-02-18,Web,1,Active,2026-03-14
3066,Hannah,Carrick,1991-04-11,hannah.carrick3066@example.com,BT2 9AZ,Wales,2026-01-13,Social,1,Active,2026-04-27
3067,Sian,Grewal,1972-10-08,sian.grewal3067@example.com,EH9 9GP,West Midlands,2025-01-27,Web,0,Inactive,2025-05-04
3068,Joseph,Chen,1965-10-26,joseph.chen3068@example.com,NE33 9AU,West Midlands,2020-09-30,Partner,1,Active,2023-03-21
3069,Aisha,Jarvis,1952-02-07,aisha.jarvis3069@example.com,N5 2RZ,West Midlands,2023-02-16,Partner,0,Lapsed,2025-07-11
3070,Aisha,Fenton,1992-02-23,aisha.fenton3070@example.com,LS10 5NT,London,2018-02-18,Partner,0,Active,2025-11-24
3071,Emeka,Uddin,1947-11-19,emeka.uddin3071@example.com,BS13 9DY,Scotland,2023-10-24,Partner,1,Active,2025-03-20
3072,Daniel,Ahmed,2001-06-06,daniel.ahmed3072@example.com,N35 2QP,Northern Ireland,2022-04-19,Social,0,Active,2024-05-28
3073,Fatima,Gill,1982-07-03,fatima.gill3073@example.com,NE20 7QW,Wales,2023-07-25,Social,0,Active,2025-09-29
3074,Joseph,Uddin,1973-04-23,joseph.uddin3074@example.com,B6 9AX,Yorkshire & Humber,2021-05-02,Partner,1,Inactive,2022-11-21
3075,Harun,Bright,1982-01-09,harun.bright3075@example.com,B29 8GR,East Midlands,2016-11-08,Event,1,Lapsed,2024-03-16
3076,Amara,Iqbal,1965-10-20,amara.iqbal3076@example.com,ne255pe,South East,2025-12-12,Direct Mail,0,Inactive,2026-05-02
3077,Gareth,Morrow,1961-05-15,gareth.morrow3077@example.com,NE32 2NN,South West,2026-03-29,Direct Mail,1,Inactive,2026-04-22
3078,Rosa,Quainton,2004-01-21,rosa.quainton3078@example.com,L1 2LZ,Yorkshire & Humber,2023-01-19,Web,1,Inactive,2026-05-03
3079,Verity,Lindqvist,1959-11-09,verity.lindqvist3079@example.com,N17 6NX,Scotland,2026-03-28,Social,0,Active,2026-08-01
3080,Elliot,Yeboah,1960-02-17,elliot.yeboah3080@example.com,SE13 7LS,South East,2024-09-30,Social,1,Inactive,2025-07-11
3081,Samuel,Morrow,2006-01-19,samuel.morrow3081@example.com,SW20 7UU,North West,2025-09-04,Web,0,Active,2026-01-18
3082,Wei,Uddin,1998-03-14,wei.uddin3082@example.com,NE9 5PN,North West,2025-04-23,Web,0,Lapsed,2026-05-19
3083,Sian,Grewal,1989-01-08,sian.grewal3083@example.com,G38 7AL,North West,2017-06-04,Event,0,Active,2020-03-23
3084,Priya,Gill,1962-02-10,priya.gill3084@example.com,G40 9WP,Northern Ireland,2023-05-29,Web,1,Lapsed,2024-08-08
3085,Samuel,Tewari,2001-03-24,samuel.tewari3085@example.com,L1 6SY,South West,2025-12-23,Direct Mail,1,Active,2026-06-09
3086,Hannah,Vasquez,1953-02-06,hannah.vasquez3086@example.com,L3 7TP,North East,2024-07-16,Direct Mail,1,Inactive,2024-11-28
3087,Omar,Duffy,1980-08-16,omar.duffy3087@example.com,SW15 9UW,North West,2025-06-04,Social,1,Active,2025-10-25
3088,Isaac,Tewari,1985-06-25,isaac.tewari3088@example.com,G36 6GT,Yorkshire & Humber,2024-02-02,Direct Mail,0,Active,2026-06-30
3089,Sofia,Ellery,1987-08-15,sofia.ellery3089@example.com,M36 1RL,London,2019-09-27,Event,1,Lapsed,2023-04-23
3090,Lucy,Sandoval,1957-01-13,lucy.sandoval3090@example.com,BT33 3HL,London,2026-01-29,Web,0,Active,2026-06-18
3091,Mahmoud,Jarvis,1997-12-04,mahmoud.jarvis3091@example.com,L3 8ZP,North West,2025-10-23,Social,0,Active,2026-03-09
3092,Sofia,Chen,1976-07-12,sofia.chen3092@example.com,SE19 9QA,East of England,2021-08-07,Event,0,Lapsed,2026-03-15
3093,Jasmin,Hargreaves,1971-02-05,jasmin.hargreaves3093@example.com,bt38sl,East Midlands,2022-06-15,Social,1,Active,2025-06-14
3094,Zainab,Pemberton,1972-02-26,zainab.pemberton3094@example.com,ne325lg,North West,2024-09-23,Telephone,1,Inactive,2025-07-15
3095,Emeka,Jarvis,1997-03-17,emeka.jarvis3095@example.com,SE15 5PS,South West,2020-08-01,Telephone,1,Active,2025-02-14
3096,Theo,Sharpe,1994-11-27,theo.sharpe3096@example.com,N21 2AD,Northern Ireland,2022-04-03,Partner,1,Active,2023-04-29
3097,Lucy,Carrick,2005-09-17,lucy.carrick3097@example.com,G35 5ZE,Yorkshire & Humber,2018-06-11,Partner,0,Lapsed,2025-09-19
3098,Zara,Ellery,1996-04-18,zara.ellery3098@example.com,N39 5GB,East of England,2018-07-09,Telephone,0,Lapsed,2022-08-09
3099,Zara,Duffy,1994-05-14,zara.duffy3099@example.com,M3 3WD,Northern Ireland,2022-12-27,Web,0,Inactive,2025-02-07
3100,Sian,Carrick,1968-12-04,,N9 5EX,Scotland,2020-11-21,Partner,0,Lapsed,2021-04-23
3101,Priya,Okafor,1962-01-27,priya.okafor3101@example.com,SE14 1DY,North East,2020-09-22,Telephone,1,Active,2025-01-21
3102,Elliot,Mensah,1975-01-10,elliot.mensah3102@example.com,CF26 7BL,London,2026-05-29,Direct Mail,1,Active,2026-06-28
3103,Grace,Iqbal,1953-10-23,grace.iqbal3103@example.com,g259yl,East of England,2019-04-22,Event,1,Active,2020-08-02
3104,Sofia,Pemberton,2000-09-18,sofia.pemberton3104@example.com,CF33 3NN,North West,2023-06-28,Direct Mail,0,Inactive,2025-11-01
3105,Rachel,Grewal,1971-08-16,rachel.grewal3105@example.com,LS8 2YA,South East,2020-01-13,Telephone,0,Active,2025-06-30
3106,Deborah,Fenton,1986-08-17,deborah.fenton3106@example.com,SW34 2ZQ,North East,2021-07-21,Event,1,Inactive,2026-01-04
3107,Hannah,Mensah,2001-06-01,hannah.mensah3107@example.com,SW18 4AD,South East,2017-07-01,Event,1,Lapsed,2018-12-20
3108,Omar,Vasquez,1957-04-05,omar.vasquez3108@example.com,SW35 8NX,East Midlands,2024-02-27,Direct Mail,0,Inactive,2024-03-13
3109,Rhys,Abiola,1959-11-22,rhys.abiola3109@example.com,B25 7ZZ,Yorkshire & Humber,2024-02-28,Direct Mail,1,Active,2025-11-13
3110,Uche,Duffy,1967-03-03,uche.duffy3110@example.com,B4 7SQ,Yorkshire & Humber,2024-03-06,Direct Mail,1,Lapsed,2025-04-25
3111,Yusuf,Zielinski,1996-06-17,yusuf.zielinski3111@example.com,BT7 9PB,Northern Ireland,2024-02-18,Social,0,Lapsed,2024-11-22
3112,Zainab,Ahmed,1986-04-14,zainab.ahmed3112@example.com,bt159yr,South East,2022-08-27,Social,1,Inactive,2024-02-15
3113,Fatima,Rashid,1967-01-24,fatima.rashid3113@example.com,M4 3HE,North West,2023-05-31,Web,1,Inactive,2025-05-12
3114,Daniel,Sandoval,1957-04-13,daniel.sandoval3114@example.com,SE31 8QR,East of England,2023-05-17,Telephone,1,Lapsed,2025-01-23
3115,Niamh,Quainton,1960-02-05,niamh.quainton3115@example.com,BS20 2YD,Yorkshire & Humber,2023-11-02,Partner,0,Active,2026-03-29
3116,Noah,Gill,1965-11-15,noah.gill3116@example.com,N31 2XT,North East,2024-06-05,Telephone,0,Active,2025-12-09
3117,Priya,Ahmed,2003-01-01,priya.ahmed3117@example.com,G37 3ZB,East Midlands,2020-06-01,Telephone,1,Inactive,2020-06-14
3118,Emeka,Okafor,2005-01-10,emeka.okafor3118@example.com,B31 4YU,East of England,2018-11-04,Telephone,0,Active,2025-07-17
3119,Gareth,Ahmed,1982-05-02,gareth.ahmed3119@example.com,G11 1JJ,North West,2024-01-24,Direct Mail,1,Inactive,2024-12-10
3120,Rachel,Rashid,1996-06-17,rachel.rashid3120@example.com,CF24 2BT,North West,2020-07-02,Telephone,1,Active,2020-09-11
3121,Fatima,Hargreaves,1996-12-05,fatima.hargreaves3121@example.com,LS33 3PU,North West,2025-07-04,Web,1,Active,2026-05-19
3122,Sian,Gill,1957-05-26,sian.gill3122@example.com,SE27 8ZH,South West,2020-06-24,Telephone,0,Active,2026-02-03
3123,Samuel,Sandoval,1954-08-01,samuel.sandoval3123@example.com,L33 3AX,Wales,2024-10-07,Telephone,0,Active,2025-01-13
3124,Deborah,Iqbal,1962-03-06,deborah.iqbal3124@example.com,LS16 1GN,North West,2025-02-10,Social,0,Active,2025-09-16
3125,Samuel,Vasquez,2004-07-02,samuel.vasquez3125@example.com,N30 6JG,South East,2025-06-28,Direct Mail,0,Active,2026-08-05
3126,Samuel,Zielinski,1991-03-20,samuel.zielinski3126@example.com,LS31 4EU,South West,2021-06-14,Web,1,Active,2024-05-17
3127,Fatima,Vasquez,1956-03-28,fatima.vasquez3127@example.com,L26 2TZ,North East,2021-11-22,Telephone,1,Active,2025-11-23
3128,Elliot,Dalgleish,1999-05-21,elliot.dalgleish3128@example.com,SW19 3NX,South East,2019-06-10,Partner,1,Lapsed,2022-06-09
3129,Uche,Nkemelu,1975-09-18,uche.nkemelu3129@example.com,bt44fs,Scotland,2017-01-18,Event,0,Active,2017-09-11
3130,Verity,Dalgleish,1973-02-27,verity.dalgleish3130@example.com,LS27 3DE,North West,2026-01-23,Direct Mail,1,Active,2026-06-19
3131,Omar,Fenton,1981-02-03,omar.fenton3131@example.com,L22 8TS,Scotland,2023-01-26,Web,0,Active,2024-10-01
3132,Mahmoud,Pemberton,1955-04-21,mahmoud.pemberton3132@example.com,g208ny,North East,2024-11-24,Direct Mail,1,Active,2026-07-24
3133,Fatima,Ellery,1987-08-07,fatima.ellery3133@example.com,SW24 8BJ,West Midlands,2025-05-19,Social,1,Active,2026-06-25
3134,Zainab,Chen,1969-02-10,zainab.chen3134@example.com,M40 5HD,North West,2022-09-07,Social,0,Active,2023-03-13
3135,Amara,Iqbal,1997-03-07,amara.iqbal3135@example.com,L40 7TF,North East,2022-09-12,Social,1,Active,2023-04-19
3136,Joseph,Vasquez,1990-03-07,joseph.vasquez3136@example.com,BS17 6XZ,Wales,2025-06-12,Direct Mail,1,Inactive,2026-06-27
3137,Yusuf,Kowalski,1957-09-21,yusuf.kowalski3137@example.com,ne142ls,East Midlands,2025-01-09,Direct Mail,0,Active,2026-05-08
3138,Niamh,Hargreaves,1976-03-07,niamh.hargreaves3138@example.com,BS15 9UA,Yorkshire & Humber,2017-03-30,Event,1,Lapsed,2026-06-04
3139,Niamh,Chen,1988-10-05,niamh.chen3139@example.com,BT8 7JN,North West,2017-08-11,Partner,1,Active,2025-04-10
3140,Uche,Hargreaves,1976-08-03,uche.hargreaves3140@example.com,SE2 8ZS,East of England,2018-11-18,Event,0,Activ,2021-09-20
3141,Sian,Gill,1955-01-25,sian.gill3141@example.com,SE3 9ST,South West,2025-08-16,Web,1,Inactive,2026-07-09
3142,Lucy,Baptiste,1967-10-27,lucy.baptiste3142@example.com,BS19 4ZX,South East,2025-03-25,Direct Mail,1,Lapsed,2025-10-19
3143,Emeka,Ellery,1994-03-11,emeka.ellery3143@example.com,LS20 8NN,North East,2020-03-19,Event,1,Active,2020-10-13
3144,Niamh,Lindqvist,1960-02-18,niamh.lindqvist3144@example.com,BT15 2WE,South East,2020-03-10,Event,0,Active,2022-05-06
3145,Emeka,Bright,1950-01-24,emeka.bright3145@example.com,g76ps,Yorkshire & Humber,2023-07-29,Social,0,Lapsed,2025-05-20
3146,Eleanor,Duffy,1999-05-03,eleanor.duffy3146@example.com,SE14 8GY,London,2023-04-11,Social,1,Active,2026-08-10
3147,Eleanor,Jarvis,1953-01-13,eleanor.jarvis3147@example.com,M12 3LF,West Midlands,2017-08-06,Event,1,Active,2022-12-18
3148,Jasmin,Tewari,1997-06-25,jasmin.tewari3148@example.com,LS12 4BJ,London,2024-11-08,Direct Mail,0,Active,2025-04-24
3149,Sian,Ahmed,1963-04-08,sian.ahmed3149@example.com,SW29 9RU,Wales,2020-04-01,Telephone,1,Active,2024-05-11
3150,Imogen,Jarvis,1982-10-05,imogen.jarvis3150@example.com,SW38 7BJ,Wales,2022-09-12,Social,1,Active,2024-02-16
3151,Sofia,Whitlock,2006-06-14,sofia.whitlock3151@example.com,LS6 7ZT,East Midlands,2019-02-01,Event,1,Lapsed,2025-08-06
3152,Hannah,Tewari,1984-12-20,hannah.tewari3152@example.com,BS31 4ET,Northern Ireland,2020-08-13,Event,1,Active,2022-10-28
3153,Noah,Wainwright,1983-11-18,noah.wainwright3153@example.com,NE30 2GE,South West,2021-05-21,Telephone,0,Active,2023-10-04
3154,Zara,Kowalski,1970-12-02,zara.kowalski3154@example.com,L40 8BZ,London,2024-08-26,Web,1,Active,2026-02-07
3155,Samuel,Zielinski,1959-12-27,samuel.zielinski3155@example.com,SE34 7DH,North West,2019-01-12,Event,1,Lapsed,2026-04-09
3156,Omar,Chen,1986-09-03,omar.chen3156@example.com,N19 8RU,Northern Ireland,2020-06-07,Event,0,Active,2020-09-07
3157,Joseph,Whitlock,1986-10-05,joseph.whitlock3157@example.com,BT3 2BX,East of England,2021-01-30,Web,1,Inactive,2024-01-17
3158,Verity,Jarvis,1996-03-25,verity.jarvis3158@example.com,NE19 3YG,Wales,2020-11-18,Event,0,Active,2022-09-25
3159,Niamh,Chen,2005-09-19,niamh.chen3159@example.com,SE25 3EZ,West Midlands,2024-07-20,Direct Mail,0,Active,2025-11-11
3160,Zainab,Chen,1946-01-11,zainab.chen3160@example.com,BT15 5SG,North East,2024-07-21,Direct Mail,1,Inactive,2025-06-25
3161,Tariq,Whitlock,1951-07-24,tariq.whitlock3161@example.com,bt34ap,London,2023-08-01,Telephone,0,Inactive,2025-05-11
3162,Gareth,Baptiste,1969-04-07,gareth.baptiste3162@example.com,M27 5HE,Wales,2018-07-14,Telephone,1,Active,2019-09-07
3163,Rhys,Bright,1990-07-03,rhys.bright3163@example.com,NE1 8UL,Northern Ireland,2024-01-07,Direct Mail,0,Inactive,2024-02-18
3164,Olive,Ellery,1950-05-14,olive.ellery3164@example.com,BT28 9RT,East of England,2024-04-15,Direct Mail,0,Active,2025-03-28
3165,Joseph,Grewal,1950-01-15,joseph.grewal3165@example.com,BT8 9SP,East Midlands,2024-03-03,Web,0,Inactive,2024-09-10
3166,Daniel,Sandoval,1977-08-14,daniel.sandoval3166@example.com,M5 9DA,South East,2019-10-01,Partner,0,Inactive,2020-06-12
3167,Hannah,Whitlock,1993-09-23,hannah.whitlock3167@example.com,se319jy,Wales,2018-07-21,Event,1,Active,2022-06-11
3168,Omar,Duffy,1951-01-05,omar.duffy3168@example.com,N36 7AN,Northern Ireland,2018-07-18,Event,1,Active,2023-02-04
3169,Imogen,Yeboah,1961-01-25,imogen.yeboah3169@example.com,CF25 6TT,East Midlands,2023-10-21,Direct Mail,0,Inactive,2026-03-31
3170,Wei,Zielinski,1957-11-05,wei.zielinski3170@example.com,BT13 3ZU,West Midlands,2024-12-25,Social,1,Active,2025-11-01
3171,Harun,Morrow,1963-05-27,harun.morrow3171@example.com,N26 8ZN,East Midlands,2018-04-18,Partner,1,Inactive,2020-06-03
3172,Eleanor,Tewari,1983-03-11,eleanor.tewari3172@example.com,L3 7BL,Scotland,2021-08-11,Web,1,Active,2025-08-04
3173,Chloe,Iqbal,1984-12-13,chloe.iqbal3173@example.com,NE32 5US,London,2021-11-04,Partner,0,Active,2022-01-07
3174,Harun,Sharpe,1973-04-19,harun.sharpe3174@example.com,G21 5HE,East Midlands,2024-03-05,Direct Mail,1,Active,2024-12-13
3175,Emeka,Thornbury,1959-12-09,emeka.thornbury3175@example.com,G20 8XG,Northern Ireland,2024-02-09,Direct Mail,0,Active,2025-06-13
3176,Rachel,Iqbal,1974-08-26,rachel.iqbal3176@example.com,M11 5YY,Scotland,2024-04-05,Social,1,Active,2026-02-18
3177,Tariq,Whitlock,1958-04-10,tariq.whitlock3177@example.com,SW38 9AW,South West,2023-08-16,Direct Mail,1,Active,2023-09-30
3178,Priya,Sandoval,2005-07-18,priya.sandoval3178@example.com,CF17 3TP,North West,2022-04-27,Partner,1,Active,2024-07-31
3179,Fatima,Zielinski,1990-01-09,fatima.zielinski3179@example.com,BS13 7PZ,Wales,2025-11-08,Direct Mail,0,Active,2025-12-28
3180,Callum,Rashid,1973-08-19,callum.rashid3180@example.com,N12 3HY,East of England,2022-01-03,Web,1,Active,2022-09-11
3181,Tariq,Duffy,1985-05-12,tariq.duffy3181@example.com,se202ga,Northern Ireland,2018-07-09,Partner,1,Lapsed,2024-04-14
3182,Yusuf,Zielinski,1999-01-10,yusuf.zielinski3182.example.com,EH37 4JQ,Northern Ireland,2024-09-24,Web,0,Deceased,2025-02-18
3183,Elliot,Pemberton,1958-10-14,elliot.pemberton3183@example.com,CF6 6XE,Yorkshire & Humber,2023-12-08,Web,1,Deceased,2026-07-25
3184,Niamh,Ellery,1992-02-16,niamh.ellery3184@example.com,L20 1LT,South East,2024-06-22,Social,1,Inactive,2024-07-25
3185,Isaac,Jarvis,1960-06-01,isaac.jarvis3185@example.com,BT27 1JT,North West,2020-07-21,Partner,1,Lapsed,2023-12-28
3186,Theo,Duffy,1969-09-20,theo.duffy3186@example.com,CF4 5NS,Northern Ireland,2022-09-02,Web,0,Active,2023-08-08
3187,Omar,Okafor,1981-11-16,omar.okafor3187@example.com,G12 9NJ,Northern Ireland,2018-07-09,Partner,0,Lapsed,2026-04-13
3188,Harun,Okafor,1969-01-01,harun.okafor3188@example.com,M15 4RY,North East,2023-08-24,Telephone,1,Active,2025-12-23
3189,Grace,Okafor,1972-08-17,grace.okafor3189@example.com,B1 7GQ,North East,2023-07-14,Social,1,Active,2025-09-11
3190,Karolina,Jarvis,2003-10-25,karolina.jarvis3190@example.com,N9 1GY,West Midlands,2016-11-30,Event,1,Lapsed,2018-06-18
3191,Daniel,Grewal,1961-02-01,daniel.grewal3191@example.com,M17 7QE,North West,2024-05-11,Web,1,Active,2026-04-03
3192,Zara,Fenton,1992-05-23,zara.fenton3192@example.com,N16 3RY,Scotland,2020-01-30,Telephone,0,Active,2025-09-04
3193,Chloe,Hargreaves,1966-02-14,chloe.hargreaves3193@example.com,G10 9GS,West Midlands,2022-05-21,Event,1,Active,2024-04-15
3194,Imogen,Gill,1966-04-27,imogen.gill3194@example.com,M12 6ZH,London,2020-02-13,Event,0,Inactive,2022-05-05
3195,Rosa,Fenton,1981-12-07,rosa.fenton3195@example.com,G19 3TQ,London,2022-03-02,Telephone,1,Active,2022-08-14
3196,Callum,Hargreaves,1952-11-14,callum.hargreaves3196@example.com,l123eh,North West,2023-10-30,Social,1,Inactive,2024-03-31
3197,Priya,Abiola,1956-03-08,priya.abiola3197@example.com,NE38 6EH,South West,2018-07-10,Telephone,1,Deceased,2021-01-18
3198,Yusuf,Wainwright,1970-12-20,yusuf.wainwright3198@example.com,BT31 4YU,Scotland,2023-04-03,Partner,0,Inactive,2023-04-07
3199,Imogen,Bright,1972-12-08,imogen.bright3199@example.com,G3 4YF,Wales,2022-01-04,Web,1,Active,2022-09-02
3200,Rachel,Chen,1954-08-08,rachel.chen3200@example.com,G30 1RQ,East of England,2023-11-15,Web,0,Active,2025-11-05
3201,Grace,Dalgleish,1952-09-09,grace.dalgleish3201@example.com,BS23 9GT,Northern Ireland,2019-07-25,Telephone,1,Inactive,2020-03-28
3202,Leah,Okafor,1987-09-14,leah.okafor3202@example.com,B9 6DA,Scotland,2025-10-31,Direct Mail,0,Lapsed,2026-02-19
3203,Uche,Baptiste,1998-01-15,uche.baptiste3203@example.com,SE9 5YX,Northern Ireland,2023-01-26,Telephone,0,Active,2025-03-20
3204,Amara,Fenton,1946-01-15,amara.fenton3204@example.com,NE19 7SY,South East,2019-02-16,Partner,0,Active,2024-12-07
3205,Leah,Gill,1966-05-24,leah.gill3205@example.com,EH17 6NS,North East,2019-07-20,Event,0,Active,2025-02-23
3206,Rachel,Jarvis,1949-11-10,rachel.jarvis3206@example.com,M30 5PF,Northern Ireland,2020-12-23,Telephone,1,Active,2022-05-29
3207,Gareth,Yeboah,1997-07-16,gareth.yeboah3207@example.com,BT40 8SD,North West,2025-01-08,Social,1,Active,2025-02-02
3208,Isaac,Abiola,2002-02-24,isaac.abiola3208@example.com,SE28 5UN,Northern Ireland,2020-09-19,Web,1,Active,2025-10-12
3209,Olive,Abiola,1974-03-05,olive.abiola3209@example.com,B2 1NY,East Midlands,2023-03-09,Web,1,Active,2025-09-10
3210,Harun,Nkemelu,1950-11-10,harun.nkemelu3210@example.com,CF33 9ZH,South East,2024-11-18,Social,0,Lapsed,2024-12-17
3211,Zara,Sandoval,1964-01-13,zara.sandoval3211@example.com,N16 6FJ,East Midlands,2019-05-21,Partner,1,Inactive,2020-02-22
3212,Elliot,Abiola,1950-02-22,elliot.abiola3212@example.com,EH20 9EE,East of England,2025-04-29,Web,0,Active,2026-08-11
3213,Liam,Iqbal,1988-06-01,liam.iqbal3213@example.com,N19 7GZ,North West,2023-09-09,Social,1,Active,2024-06-22
3214,Freya,Uddin,1961-07-19,freya.uddin3214@example.com,B32 4PA,South East,2025-08-03,Web,1,Active,2026-07-21
3215,Wei,Grewal,1966-09-20,wei.grewal3215@example.com,BT8 1AY,Wales,2017-04-08,Event,1,Active,2022-10-21
3216,Lucy,Bright,1991-01-23,lucy.bright3216@example.com,NE35 3TE,Scotland,2024-10-30,Direct Mail,1,Lapsed,2025-05-12
3217,Elliot,Sharpe,1968-07-03,elliot.sharpe3217@example.com,B6 3GT,North West,2020-02-07,Event,0,Lapsed,2022-03-23
3218,Wei,Fenton,2004-07-20,,LS25 3ZH,North West,2025-06-27,Direct Mail,0,Inactive,2025-10-13
3219,Grace,Dalgleish,1996-08-07,grace.dalgleish3219@example.com,L19 5TS,East Midlands,2026-06-03,Direct Mail,1,Inactive,2026-06-13
3220,Ben,Duffy,1953-05-26,ben.duffy3220@example.com,CF38 4AD,Scotland,2023-10-28,Direct Mail,1,Lapsed,2026-08-04
3221,Fatima,Tewari,1963-10-21,fatima.tewari3221@example.com,L2 7ED,West Midlands,2023-08-08,Social,1,Active,2024-05-14
3222,Uche,Mensah,1974-07-22,uche.mensah3222@example.com,LS9 7XX,West Midlands,2021-03-14,Partner,1,Deceased,2022-02-05
3223,Ben,Hargreaves,1982-03-19,ben.hargreaves3223@example.com,BS12 9DD,North East,2024-07-06,Social,1,Active,2026-07-26
3224,Rosa,Carrick,1977-04-14,rosa.carrick3224@example.com,M16 4NP,London,2021-06-26,Event,0,Active,2024-07-30
3225,Wei,Ahmed,1977-06-13,wei.ahmed3225@example.com,LS20 9JB,North West,2021-09-01,Web,0,Active,2023-06-07
3226,Elliot,Gill,1952-11-02,elliot.gill3226@example.com,ls114an,North East,2024-08-17,Direct Mail,1,Inactive,2025-06-01
3227,Gareth,Zielinski,2003-02-06,gareth.zielinski3227@example.com,SW9 4JD,Northern Ireland,2025-12-14,Social,1,Active,2026-07-24
3228,Noah,Ellery,1956-10-26,noah.ellery3228@example.com,LS14 1UG,South West,2023-05-02,Web,1,Active,2024-10-29
3229,Sofia,Yeboah,1956-03-15,sofia.yeboah3229@example.com,SW38 7YE,East Midlands,2021-02-25,Partner,1,Active,2023-04-26
3230,Eleanor,Hargreaves,1971-04-22,eleanor.hargreaves3230@example.com,M25 2UP,South West,2023-11-30,Web,1,Lapsed,2026-01-18
3231,Omar,Ahmed,1982-03-25,omar.ahmed3231@example.com,CF2 5DL,East Midlands,2021-01-05,Web,0,Inactive,2025-11-01
3232,Omar,Dalgleish,1968-01-02,omar.dalgleish3232@example.com,BT36 8YJ,East Midlands,2023-03-06,Social,1,Inactive,2023-08-27
3233,Karolina,Zielinski,1965-03-17,,EH38 5TU,East Midlands,2020-05-14,Telephone,1,Active,2024-06-12
3234,Karolina,Nkemelu,1970-04-24,karolina.nkemelu3234@example.com,SE24 7GT,South West,2024-01-08,Web,1,Lapsed,2025-11-15
3235,Zainab,Yeboah,2006-10-04,zainab.yeboah3235@example.com,B29 6ER,Northern Ireland,2021-05-13,Web,0,Active,2022-11-19
3236,Priya,Bright,1946-07-03,priya.bright3236@example.com,sw317sp,South East,2025-02-08,Social,0,Active,2026-04-17
3237,Ben,Dalgleish,1982-04-26,ben.dalgleish3237@example.com,G18 4NT,Yorkshire & Humber,2023-08-19,Telephone,0,Active,2024-05-15
3238,Rhys,Mensah,2004-08-21,rhys.mensah3238@example.com,L36 6RN,East Midlands,2023-09-07,Direct Mail,1,Active,2023-09-15
3239,Zainab,Sandoval,1955-07-12,zainab.sandoval3239@example.com,NE14 7TL,Wales,2023-06-09,Direct Mail,0,Active,2026-03-05
3240,Zara,Jarvis,1964-09-17,zara.jarvis3240@example.com,BT1 7JR,Wales,2023-01-21,Partner,0,Inactive,2023-12-22
3241,Lucy,Thornbury,2004-08-20,lucy.thornbury3241@example.com,L39 8AQ,East Midlands,2024-04-12,Telephone,1,Lapsed,2025-05-17
3242,Omar,Gill,1984-10-21,omar.gill3242@example.com,B31 6SL,South East,2025-06-04,Direct Mail,0,Lapsed,2026-01-31
3243,Sian,Bright,1988-12-07,sian.bright3243@example.com,LS4 7NR,Northern Ireland,2023-06-17,Partner,0,Active,2024-02-25
3244,Wei,Yeboah,1953-12-04,wei.yeboah3244@example.com,EH10 2NU,Yorkshire & Humber,2022-11-18,Social,0,Lapsed,2025-07-31
3245,Emeka,Abiola,1998-02-12,emeka.abiola3245@example.com,B11 8TD,East of England,2024-09-20,Social,0,Active,2026-08-11
3246,Samuel,Carrick,1982-11-27,samuel.carrick3246@example.com,BS40 3DZ,West Midlands,2024-03-05,Telephone,0,Inactive,2026-08-05
3247,Jasmin,Fenton,1987-05-19,jasmin.fenton3247@example.com,NE25 2JD,Yorkshire & Humber,2021-08-29,Web,1,Active,2022-04-07
3248,Yusuf,Ellery,1972-10-11,,LS40 9FS,North West,2017-08-25,Event,1,Inactive,2022-05-26
3249,Deborah,Pemberton,1994-03-14,deborah.pemberton3249@example.com,NE25 8NZ,North West,2023-08-21,Social,1,Active,2026-02-16
3250,Verity,Grewal,1985-09-26,verity.grewal3250@example.com,N23 6HD,West Midlands,2022-04-26,Telephone,0,Lapsed,2022-08-20
3251,Omar,Hargreaves,1959-08-03,omar.hargreaves3251@example.com,NE12 7TY,East of England,2023-03-02,Telephone,0,Lapsed,2023-05-26
3252,Sofia,Chen,1979-01-09,sofia.chen3252@example.com,SE31 8UP,South East,2025-08-26,Social,1,Active,2026-03-04
3253,Rhys,Rashid,1994-04-10,rhys.rashid3253@example.com,G5 7TH,East of England,2023-06-15,Direct Mail,1,Active,2025-07-21
3254,Kai,Zielinski,1966-03-13,kai.zielinski3254@example.com,L21 7BA,Yorkshire & Humber,2022-12-21,Partner,1,Inactive,2023-02-18
3255,Amara,Lindqvist,1974-01-20,amara.lindqvist3255@example.com,SE29 6AG,North West,2021-07-23,Partner,1,Active,2025-08-13
3256,Deborah,Ahmed,1987-01-01,deborah.ahmed3256@example.com,eh59fn,West Midlands,2023-02-25,Telephone,1,Inactive,2025-02-14
3257,Olive,Iqbal,1968-07-08,olive.iqbal3257@example.com,EH34 2FP,London,2023-01-18,Social,1,Active,2024-11-30
3258,Imogen,Chen,1970-11-06,imogen.chen3258@example.com,g231zt,Northern Ireland,2022-02-21,Web,1,Active,2024-06-01
3259,Callum,Nkemelu,2003-11-20,callum.nkemelu3259@example.com,BT15 3QP,East of England,2020-04-18,Telephone,0,Active,2023-02-05
3260,Joseph,Dalgleish,1962-10-18,joseph.dalgleish3260@example.com,BT38 6ZA,London,2025-09-06,Direct Mail,0,Inactive,2025-12-12
3261,Omar,Whitlock,1972-03-10,omar.whitlock3261@example.com,bt359rx,East Midlands,2026-04-20,Direct Mail,1,Lapsed,2026-08-04
3262,Amara,Morrow,1968-03-08,amara.morrow3262@example.com,LS28 4WL,East of England,2021-10-28,Partner,0,Active,2023-02-11
3263,Joseph,Ellery,1983-02-05,joseph.ellery3263@example.com,SW3 8JR,South East,2022-06-27,Web,0,Lapsed,2026-02-02
3264,Zara,Kowalski,1963-01-18,zara.kowalski3264@example.com,L14 6EU,Northern Ireland,2021-02-11,Telephone,0,Active,2024-07-12
3265,Deborah,Ellery,1985-03-25,deborah.ellery3265@example.com,CF15 2FY,East Midlands,2018-09-04,Event,0,Active,2022-04-03
3266,Zara,Zielinski,1988-08-03,zara.zielinski3266@example.com,CF3 1TS,Northern Ireland,2020-03-13,Event,1,Lapsed,2026-07-19
3267,Jasmin,Kowalski,1950-10-05,jasmin.kowalski3267@example.com,G11 2QZ,North West,2020-09-26,Partner,1,Active,2025-05-21
3268,Rhys,Uddin,1983-02-07,rhys.uddin3268@example.com,G17 8EP,Wales,2018-06-06,Event,0,Inactive,2023-05-06
3269,Elliot,Iqbal,1972-06-25,elliot.iqbal3269@example.com,N39 6XD,East of England,2017-04-14,Event,1,Active,2019-10-25
3270,Olive,Nkemelu,1995-08-10,olive.nkemelu3270@example.com,BS2 7HL,West Midlands,2018-01-17,Partner,1,Active,2018-07-08
3271,Chloe,Sharpe,1957-04-07,chloe.sharpe3271@example.com,CF17 6DT,East Midlands,2024-01-23,Web,0,Lapsed,2026-07-13
3272,Jasmin,Grewal,1974-03-15,jasmin.grewal3272@example.com,n154gn,North East,2024-06-21,Social,0,Lapsed,2025-06-22
3273,Maya,Grewal,1993-09-09,maya.grewal3273@example.com,BT9 1JW,North West,2022-08-27,Partner,1,Lapsed,2023-04-20
3274,Rosa,Tewari,1950-12-19,rosa.tewari3274@example.com,BS28 9GZ,North West,2023-08-12,Social,0,Active,2025-08-18
3275,Tariq,Kowalski,1980-03-09,tariq.kowalski3275@example.com,EH4 9RD,East of England,2024-07-06,Direct Mail,1,Lapsed,2026-01-14
3276,Maya,Baptiste,1949-08-22,maya.baptiste3276@example.com,EH29 6AQ,South West,2024-07-13,Telephone,0,Active,2026-06-20
3277,Daniel,Abiola,1950-04-21,daniel.abiola3277@example.com,sw298tr,East Midlands,2024-12-08,Social,0,Deceased,2025-02-20
3278,Isaac,Ahmed,1970-06-02,isaac.ahmed3278@example.com,M6 4JX,North West,2023-02-09,Web,1,Active,2023-02-10
3279,Callum,Hargreaves,1951-10-27,callum.hargreaves3279@example.com,NE10 8WA,London,2024-06-17,Web,0,Active,2024-12-21
3280,Olive,Rashid,1981-03-08,olive.rashid3280@example.com,SE20 5HA,East Midlands,2019-12-16,Event,0,Active,2024-09-19
3281,Harun,Kowalski,1977-08-04,harun.kowalski3281@example.com,G39 4JW,Wales,2018-10-02,Event,0,Active,2020-11-18
3282,Emeka,Okafor,1970-04-03,emeka.okafor3282@example.com,G40 5ZQ,South West,2022-04-21,Telephone,1,Active,2023-03-12
3283,Rachel,Nkemelu,1985-04-07,rachel.nkemelu3283@example.com,NE33 9YH,Wales,2024-06-09,Social,0,Active,2024-10-16
3284,Verity,Ellery,2001-08-05,verity.ellery3284@example.com,EH34 5ES,West Midlands,2019-11-21,Partner,0,Active,2020-12-23
3285,Tariq,Morrow,1964-01-05,tariq.morrow3285@example.com,SE4 2WQ,South East,2020-12-17,Event,0,Active,2025-12-27
3286,Rosa,Vasquez,1981-02-22,rosa.vasquez3286@example.com,B19 8NJ,,2025-01-26,Social,1,Active,2025-12-21
3287,Tariq,Tewari,1953-05-07,tariq.tewari3287@example.com,NE37 4YR,East Midlands,2017-03-09,Event,1,Active,2017-04-13
3288,Gareth,Lindqvist,1992-04-03,gareth.lindqvist3288@example.com,ne217tt,Yorkshire & Humber,2025-10-30,Direct Mail,0,Lapsed,2026-07-20
3289,Imogen,Kowalski,1976-11-08,imogen.kowalski3289@example.com,B35 9RW,East of England,2022-03-20,Web,0,Active,2024-11-17
3290,Noah,Tewari,1953-12-07,noah.tewari3290@example.com,B30 5TE,,2025-02-23,Web,1,Active,2025-08-26
3291,Elliot,Ahmed,1981-04-21,elliot.ahmed3291@example.com,LS20 5SH,Scotland,2017-08-16,Partner,1,Active,2024-11-10
3292,Daniel,Morrow,1946-11-22,daniel.morrow3292@example.com,N17 7WA,East Midlands,2023-06-30,Partner,1,Active,2025-01-01
3293,Zainab,Jarvis,1952-05-01,zainab.jarvis3293@example.com,B33 7SF,Wales,2023-09-02,Social,1,Active,2024-11-23
3294,Omar,Dalgleish,2004-12-17,omar.dalgleish3294@example.com,G3 7QA,Scotland,2020-11-10,Event,0,Active,2024-04-17
3295,Rosa,Ahmed,1995-05-10,rosa.ahmed3295@example.com,ne132zt,East Midlands,2022-12-31,Social,0,Active,2025-02-09
3296,Samuel,Lindqvist,1986-05-23,samuel.lindqvist3296@example.com,L23 1DH,Northern Ireland,2024-07-28,Web,0,Inactive,2026-01-22
3297,Sofia,Bright,1991-11-17,sofia.bright3297@example.com,SE1 3ET,Yorkshire & Humber,2026-04-14,Direct Mail,1,Active,2026-08-06
3298,Tariq,Wainwright,1956-07-24,tariq.wainwright3298@example.com,BS36 7AT,Northern Ireland,2023-07-20,Web,1,Active,2026-04-11
3299,Harun,Chen,1947-01-03,harun.chen3299@example.com,BS18 3NF,East of England,2025-08-31,Social,1,Active,2026-04-13
3300,Uche,Bright,1999-02-06,uche.bright3300@example.com,EH36 2YS,Wales,2024-03-22,Social,1,Inactive,2026-01-09
3301,Imogen,Thornbury,1985-10-13,imogen.thornbury3301@example.com,NE31 7PH,Wales,2023-12-24,Telephone,1,Active,2025-11-23
3302,Daniel,Quainton,1978-07-02,daniel.quainton3302@example.com,SE38 1FY,London,2025-11-04,Direct Mail,0,Active,2026-03-15
3303,Aisha,Yeboah,2002-09-24,aisha.yeboah3303@example.com,G32 8RE,East Midlands,2020-11-24,Partner,0,Active,2024-07-29
3304,Fatima,Chen,1952-11-05,fatima.chen3304@example.com,BT26 7UQ,South East,2017-07-08,Event,0,Inactive,2025-01-15
3305,Gareth,Quainton,1946-10-19,gareth.quainton3305@example.com,B13 3BN,North East,2025-12-29,Social,0,Active,2026-02-22
3306,Ben,Pemberton,1994-05-15,ben.pemberton3306@example.com,L5 4ZJ,Northern Ireland,2024-04-25,Social,1,Active,2025-06-13
3307,Zara,Pemberton,1948-08-20,zara.pemberton3307@example.com,g355xp,East of England,2023-07-01,Direct Mail,0,Active,2026-07-02
3308,Priya,Quainton,2000-12-06,priya.quainton3308@example.com,SW33 8WU,Scotland,2016-10-16,Event,0,Active,2022-12-29
3309,Daniel,Gill,1952-09-06,daniel.gill3309@example.com,M24 8AH,Wales,2019-05-11,Partner,1,Active,2025-12-15
3310,Karolina,Zielinski,1962-02-22,karolina.zielinski3310@example.com,EH1 2TQ,Scotland,2025-04-04,Direct Mail,0,Inactive,2026-06-17
3311,Liam,Uddin,2000-06-10,,BT21 8DS,West Midlands,2023-07-11,Direct Mail,1,Active,2025-06-16
3312,Hannah,Yeboah,1962-06-21,hannah.yeboah3312@example.com,B28 4NQ,North East,2022-08-16,Social,0,Active,2024-09-28
3313,Uche,Kowalski,1977-06-16,uche.kowalski3313@example.com,SE17 4YN,North East,2023-05-29,Web,0,Lapsed,2023-11-08
3314,Maya,Lindqvist,1999-06-02,maya.lindqvist3314@example.com,CF11 3YT,Scotland,2024-08-21,Social,0,Active,2024-11-26
3315,Rhys,Vasquez,1978-01-16,rhys.vasquez3315@example.com,LS4 8YN,,2025-12-30,Direct Mail,1,Active,2026-02-07
3316,Samuel,Baptiste,1995-05-15,samuel.baptiste3316@example.com,M34 1LB,Scotland,2023-07-26,Telephone,0,Inactive,2024-11-18
3317,Noah,Baptiste,1986-02-15,noah.baptiste3317@example.com,LS16 3TQ,West Midlands,2020-04-22,Event,1,Active,2024-02-28
3318,Imogen,Sharpe,1961-02-21,imogen.sharpe3318@example.com,NE13 5QL,Wales,2025-02-16,Direct Mail,1,Inactive,2025-12-31
3319,Yusuf,Hargreaves,1966-11-12,yusuf.hargreaves3319@example.com,EH18 2SX,Yorkshire & Humber,2021-09-04,Telephone,0,Active,2024-06-13
3320,Callum,Vasquez,1985-09-26,callum.vasquez3320@example.com,CF36 4YA,South East,2018-07-30,Telephone,0,Active,2023-10-29
3321,Deborah,Abiola,1977-11-27,deborah.abiola3321@example.com,M16 9RG,North East,2018-12-15,Partner,1,Active,2023-12-19
3322,Imogen,Kowalski,1957-06-06,imogen.kowalski3322@example.com,BS8 3BB,East Midlands,2019-08-16,Telephone,1,Active,2021-09-04
3323,Mahmoud,Wainwright,2004-07-15,mahmoud.wainwright3323@example.com,NE5 2NW,North East,2022-12-26,Social,0,Active,2024-11-15
3324,Daniel,Abiola,1993-05-07,daniel.abiola3324@example.com,CF40 4GT,East of England,2019-10-17,Telephone,1,Active,2022-01-02
3325,Gareth,Ellery,1978-07-10,gareth.ellery3325@example.com,M2 5UX,Yorkshire & Humber,2022-05-09,Social,0,Active,2025-01-04
3326,Leah,Quainton,1983-10-27,leah.quainton3326@example.com,LS12 8YW,South East,2017-01-28,Event,1,Lapsed,2016-11-19
3327,Gareth,Wainwright,1990-12-18,gareth.wainwright3327@example.com,M25 3HD,London,2024-11-20,Direct Mail,1,Active,2025-02-28
3328,Rosa,Sandoval,1966-06-17,rosa.sandoval3328@example.com,BS12 6TH,Yorkshire & Humber,2022-08-13,Social,0,Active,2025-09-02
3329,Karolina,Vasquez,1994-05-26,karolina.vasquez3329@example.com,N36 4RU,London,2024-07-03,Web,1,Lapsed,2024-10-21
3330,Grace,Chen,1994-01-05,grace.chen3330@example.com,SE18 5BN,North East,2024-02-05,Telephone,0,Lapsed,2026-01-26
3331,Deborah,Dalgleish,1948-09-20,deborah.dalgleish3331@example.com,LS9 2QW,North East,2023-02-02,Social,1,Inactive,2023-04-21
3332,Imogen,Duffy,1996-02-08,imogen.duffy3332@example.com,CF30 9RX,Scotland,2024-10-26,Web,0,Active,2025-08-21
3333,Zainab,Pemberton,1984-12-18,zainab.pemberton3333@example.com,G38 2DR,North West,2020-05-07,Event,0,Lapsed,2021-03-24
3334,Verity,Jarvis,1948-04-10,verity.jarvis3334@example.com,SW32 9XQ,South East,2017-04-29,Partner,1,Lapsed,2024-09-25
3335,Sofia,Ahmed,1954-02-13,sofia.ahmed3335@example.com,LS24 4PR,East of England,2024-03-14,Direct Mail,1,Active,2024-05-22
3336,Yusuf,Uddin,1975-09-23,yusuf.uddin3336@example.com,L36 4ZT,Scotland,2024-02-25,Social,0,Active,2025-07-31
3337,Joseph,Vasquez,1959-04-17,joseph.vasquez3337@example.com,EH5 3BL,South West,2024-07-01,Telephone,1,Lapsed,2024-07-26
3338,Emeka,Zielinski,1960-12-20,emeka.zielinski3338@example.com,BT2 4GQ,South East,2019-02-11,Partner,1,Active,2023-02-18
3339,Isaac,Carrick,1952-02-27,isaac.carrick3339@example.com,G21 4RD,Yorkshire & Humber,2023-08-29,Telephone,1,Inactive,2026-07-11
3340,Grace,Abiola,1970-05-09,grace.abiola3340@example.com,CF33 6QR,East of England,2022-09-17,Partner,1,Active,2023-03-25
3341,Uche,Duffy,2001-12-23,uche.duffy3341@example.com,M22 5UB,Northern Ireland,2019-09-23,Telephone,0,Active,2025-10-21
3342,Isaac,Sharpe,1961-08-28,isaac.sharpe3342@example.com,N19 9ST,South East,2025-10-02,Direct Mail,1,Active,2026-07-28
3343,Mahmoud,Pemberton,1977-02-09,mahmoud.pemberton3343@example.com,NE31 7DT,,2023-07-02,Direct Mail,1,Active,2024-03-28
3344,Tariq,Ahmed,1966-07-08,tariq.ahmed3344@example.com,BS40 9UL,North East,2024-01-07,Web,0,Lapsed,2024-03-31
3345,Rhys,Grewal,1979-12-21,rhys.grewal3345@example.com,EH22 9WD,Scotland,2019-09-04,Partner,0,Active,2021-05-24
3346,Fatima,Morrow,1966-10-04,fatima.morrow3346@example.com,n318da,Northern Ireland,2020-06-11,Telephone,0,Active,2024-03-05
3347,Harun,Morrow,1975-05-19,harun.morrow3347@example.com,BS37 7XP,North West,2020-05-09,Event,0,Lapsed,2021-06-29
3348,Kai,Mensah,1951-03-15,kai.mensah3348@example.com,BT33 2HG,Wales,2023-10-30,Social,1,Lapsed,2024-05-31
3349,Verity,Sandoval,1975-12-15,verity.sandoval3349@example.com,NE10 4BJ,Wales,2023-01-14,Social,0,Lapsed,2026-02-20
3350,Theo,Iqbal,1971-03-14,theo.iqbal3350@example.com,LS22 2TS,Northern Ireland,2021-05-28,Web,1,Active,2021-07-27
3351,Aisha,Thornbury,1947-12-14,aisha.thornbury3351@example.com,SE30 1BT,South West,2021-01-18,Web,0,Active,2025-11-19
3352,Maya,Baptiste,1954-03-17,maya.baptiste3352@example.com,SE37 3SY,East of England,2021-08-06,Event,0,Active,2024-08-01
3353,Samuel,Yeboah,1947-06-28,samuel.yeboah3353@example.com,N14 9LP,East Midlands,2024-02-27,Web,0,Lapsed,2026-03-23
3354,Grace,Yeboah,1957-07-08,grace.yeboah3354@example.com,SE1 7WB,South West,2025-05-09,Direct Mail,0,Lapsed,2025-09-05
3355,Omar,Gill,1977-11-18,omar.gill3355@example.com,EH18 6HA,West Midlands,2020-11-05,Web,1,Active,2021-02-19
3356,Imogen,Thornbury,1960-10-10,imogen.thornbury3356@example.com,LS34 7TQ,Wales,2024-06-23,Social,0,Active,2025-12-28
3357,Aisha,Quainton,1964-11-04,aisha.quainton3357@example.com,LS39 6TN,Scotland,2025-09-17,Social,0,Active,2026-07-29
3358,Theo,Grewal,2000-02-25,theo.grewal3358@example.com,CF1 2WF,Scotland,2022-06-27,Telephone,0,Active,2024-01-11
3359,Fatima,Zielinski,1963-02-02,fatima.zielinski3359@example.com,SW12 3SR,South East,2020-03-18,Event,1,Lapsed,2023-10-21
3360,Zainab,Whitlock,2001-05-08,zainab.whitlock3360@example.com,G1 6BZ,Scotland,2018-03-22,Event,0,Active,2020-11-04
3361,Lucy,Abiola,2006-05-12,lucy.abiola3361@example.com,BS16 6FF,North East,2025-08-10,Web,1,Active,2026-06-27
3362,Harun,Kowalski,1975-10-23,harun.kowalski3362@example.com,LS29 8FB,North East,2023-04-11,Telephone,0,Active,2025-09-18
3363,Lucy,Bright,1962-02-06,lucy.bright3363@example.com,BT13 5AG,North West,2018-05-26,Partner,0,Lapsed,2020-09-30
3364,Emeka,Nkemelu,1952-06-27,emeka.nkemelu3364@example.com,N21 7RG,Scotland,2018-03-03,Event,0,Active,2025-03-26
3365,Ben,Okafor,1958-09-27,ben.okafor3365@example.com,LS28 9XT,South East,2021-10-26,Web,0,Inactive,2024-05-20
3366,Mahmoud,Vasquez,1987-03-04,mahmoud.vasquez3366@example.com,NE23 4AA,South East,2019-01-23,Event,1,Active,2020-02-06
3367,Callum,Iqbal,1973-07-10,callum.iqbal3367@example.com,G5 7GL,Yorkshire & Humber,2023-01-31,Web,1,Active,2026-01-11
3368,Fatima,Rashid,1991-05-07,fatima.rashid3368@example.com,EH24 8QX,Northern Ireland,2019-05-04,Partner,0,Inactive,2022-04-03
3369,Maya,Okafor,1972-03-11,maya.okafor3369@example.com,L8 9FG,East Midlands,2025-02-27,Web,1,Inactive,2025-07-31
3370,Noah,Gill,1998-08-20,noah.gill3370@example.com,BT3 9FE,Wales,2022-05-04,Social,1,Lapsed,2024-07-15
3371,Omar,Mensah,1950-10-27,omar.mensah3371@example.com,L1 9UR,North West,2018-01-08,Event,0,Active,2026-05-08
3372,Zara,Thornbury,1950-08-19,zara.thornbury3372@example.com,G31 1PG,East Midlands,2020-11-18,Web,1,Inactive,2022-06-09
3373,Freya,Ellery,1946-01-15,freya.ellery3373@example.com,G32 4DZ,Yorkshire & Humber,2020-12-07,Telephone,0,Lapsed,2026-07-09
3374,Theo,Whitlock,2005-09-12,theo.whitlock3374@example.com,G36 5XD,North East,2018-03-05,Event,0,Active,2018-06-14
3375,Emeka,Yeboah,1993-07-13,emeka.yeboah3375@example.com,CF7 2YR,London,2019-09-15,Telephone,0,Active,2025-05-31
3376,Priya,Whitlock,1993-09-16,priya.whitlock3376@example.com,BS11 4TJ,North West,2018-08-09,Telephone,0,Active,2020-08-22
3377,Imogen,Ahmed,1953-11-20,imogen.ahmed3377@example.com,BT5 5GR,North West,2023-02-08,Telephone,0,Active,2023-06-17
3378,Sian,Ellery,1947-08-04,sian.ellery3378@example.com,BS35 7XD,South West,2022-05-16,Event,0,Active,2023-02-03
3379,Kai,Baptiste,1983-10-20,kai.baptiste3379@example.com,n273fs,Yorkshire & Humber,2022-08-02,Social,0,Deceased,2023-11-13
3380,Isaac,Okafor,1989-03-12,isaac.okafor3380@example.com,LS6 2XU,Northern Ireland,2021-01-01,Event,1,Active,2025-09-03
3381,Samuel,Tewari,1954-10-25,samuel.tewari3381@example.com,ne38fe,Yorkshire & Humber,2025-09-18,Web,0,Inactive,2025-12-03
3382,Jasmin,Baptiste,1959-01-26,jasmin.baptiste3382@example.com,SW12 7PW,Wales,2020-01-06,Partner,0,Lapsed,2023-08-08
3383,Sian,Carrick,1975-08-25,sian.carrick3383@example.com,SE26 7XJ,Scotland,2023-09-30,Web,1,Active,2026-01-22
3384,Rhys,Bright,1994-05-04,rhys.bright3384@example.com,B2 4AP,Northern Ireland,2019-07-27,Partner,0,Active,2021-03-02
3385,Fatima,Mensah,1980-01-28,fatima.mensah3385@example.com,LS39 3SL,North East,2024-05-18,Direct Mail,1,Active,2025-09-29
3386,Callum,Morrow,1986-03-01,callum.morrow3386@example.com,L13 2SU,London,2024-09-19,Direct Mail,1,Inactive,2026-01-01
3387,Gareth,Duffy,1951-09-15,gareth.duffy3387@example.com,SW8 4DD,West Midlands,2021-06-25,Event,0,Active,2023-10-23
3388,Eleanor,Hargreaves,1979-07-09,eleanor.hargreaves3388@example.com,L19 2JN,South East,2019-01-31,Telephone,0,Active,2023-04-21
3389,Rosa,Ahmed,2004-06-09,rosa.ahmed3389@example.com,NE34 3DH,East of England,2023-12-03,Direct Mail,1,Active,2024-11-01
3390,Uche,Jarvis,1949-06-15,uche.jarvis3390@example.com,L10 5BS,South West,2021-05-02,Telephone,0,Inactive,2024-11-04
3391,Rhys,Okafor,1982-08-01,rhys.okafor3391@example.com,cf269eq,South East,2021-02-21,Telephone,0,Lapsed,2023-01-30
3392,Maya,Zielinski,1950-07-12,maya.zielinski3392@example.com,EH39 8GL,South West,2022-12-26,Social,1,Inactive,2026-03-31
3393,Ben,Dalgleish,1978-08-05,,BS30 6HP,North East,2017-08-04,Partner,0,Inactive,2019-05-04
3394,Elliot,Hargreaves,1960-02-16,elliot.hargreaves3394@example.com,N31 7HQ,Yorkshire & Humber,2018-08-07,Event,1,Active,2018-12-21
3395,Theo,Sandoval,1964-08-14,theo.sandoval3395@example.com,BS8 6AA,Northern Ireland,2018-02-21,Event,0,Active,2024-03-15
3396,Olive,Uddin,1961-03-19,olive.uddin3396@example.com,NE27 9XQ,Northern Ireland,2025-12-31,Direct Mail,0,Active,2026-07-17
3397,Joseph,Whitlock,2002-12-12,joseph.whitlock3397@example.com,CF28 2WJ,South West,2023-12-24,Direct Mail,0,Lapsed,2026-05-18
3398,Wei,Lindqvist,1963-12-26,wei.lindqvist3398@example.com,B15 8GD,Wales,2025-12-12,Social,0,Inactive,2026-02-16
3399,Deborah,Hargreaves,1950-11-04,deborah.hargreaves3399@example.com,L26 8EB,Wales,2018-07-13,Partner,1,Active,2019-10-23
3400,Niamh,Mensah,1980-09-10,niamh.mensah3400@example.com,SE39 4XN,East Midlands,2024-03-31,Direct Mail,0,Lapsed,2024-05-21
3401,Zara,Duffy,1971-04-12,zara.duffy3401@example.com,N36 6LH,West Midlands,2021-02-17,Partner,1,Inactive,2024-08-08
3402,Joseph,Vasquez,2004-12-28,joseph.vasquez3402@example.com,CF11 1FD,West Midlands,2020-10-08,Partner,1,Active,2022-10-10
3403,Kai,Chen,2005-09-07,kai.chen3403@example.com,NE4 5BG,North West,2025-07-13,Social,0,Lapsed,2026-04-22
3404,Lucy,Wainwright,1986-03-12,lucy.wainwright3404@example.com,CF6 7AJ,Yorkshire & Humber,2021-04-11,Telephone,1,Active,2022-12-14
3405,Emeka,Wainwright,1953-02-28,emeka.wainwright3405@example.com,NE36 1FS,East Midlands,2021-07-29,Event,1,Active,2023-09-04
3406,Priya,Chen,1979-03-17,priya.chen3406@example.com,M18 2NE,West Midlands,2025-12-01,Social,1,Inactive,2026-01-22
3407,Lucy,Grewal,2002-09-26,lucy.grewal3407@example.com,BS40 2LJ,South West,2019-09-11,Telephone,1,Inactive,2023-11-03
3408,Zainab,Iqbal,1979-07-22,,BS21 4BN,Yorkshire & Humber,2022-03-04,Web,0,Active,2022-06-13
3409,Maya,Sandoval,1962-09-18,maya.sandoval3409@example.com,EH31 6HZ,Northern Ireland,2023-08-11,Social,1,Active,2026-05-05
3410,Yusuf,Quainton,1998-04-13,yusuf.quainton3410@example.com,NE12 9AY,Northern Ireland,2024-12-13,Direct Mail,1,Lapsed,2025-07-12
3411,Joseph,Duffy,1971-11-04,joseph.duffy3411@example.com,BT35 5DZ,Scotland,2018-07-18,Partner,0,Inactive,2025-12-31
3412,Emeka,Yeboah,2004-10-22,emeka.yeboah3412@example.com,N26 9BG,South East,2017-06-18,Partner,0,Active,2023-01-09
3413,Zainab,Sharpe,2004-06-12,zainab.sharpe3413@example.com,BT5 3SL,Scotland,2019-04-15,Partner,1,Active,2020-07-13
3414,Omar,Nkemelu,1999-07-24,omar.nkemelu3414@example.com,LS6 8XN,North East,2024-10-12,Telephone,1,Active,2026-06-02
3415,Zainab,Morrow,1953-09-07,zainab.morrow3415@example.com,BT8 3HH,Yorkshire & Humber,2018-08-22,Event,1,Inactive,2021-09-21
3416,Theo,Jarvis,1962-12-07,theo.jarvis3416@example.com,N11 3ZE,Wales,2022-02-23,Event,1,Active,2024-07-22
3417,Samuel,Kowalski,1955-05-01,samuel.kowalski3417@example.com,B16 1NY,Scotland,2021-06-14,Telephone,1,Active,2025-11-24
3418,Freya,Zielinski,1978-11-22,freya.zielinski3418@example.com,BT1 1PE,London,2017-06-15,Partner,1,Active,2025-03-14
3419,Verity,Baptiste,2000-11-21,verity.baptiste3419@example.com,LS32 6XQ,East of England,2019-04-15,Partner,0,Active,2019-12-17
3420,Sofia,Quainton,1957-09-08,sofia.quainton3420@example.com,SE12 3DB,North West,2020-10-01,Partner,1,Inactive,2024-01-01
3421,Maya,Sharpe,1981-10-01,maya.sharpe3421@example.com,M6 7WS,Northern Ireland,2024-06-24,Social,0,Active,2025-12-25
3422,Harun,Sharpe,1953-06-17,harun.sharpe3422@example.com,EH11 8LR,Scotland,2026-01-28,Web,0,Inactive,2026-07-13
3423,Leah,Vasquez,1961-11-23,leah.vasquez3423@example.com,SW14 9AE,Northern Ireland,2023-02-21,Social,1,Active,2023-09-20
3424,Elliot,Vasquez,1990-02-13,elliot.vasquez3424@example.com,NE22 9WT,North West,2022-07-22,Partner,1,Lapsed,2024-03-17
3425,Karolina,Yeboah,1970-10-18,karolina.yeboah3425@example.com,BT32 1UP,West Midlands,2022-09-29,Telephone,1,Active,2023-12-28
3426,Jasmin,Lindqvist,1976-06-18,jasmin.lindqvist3426@example.com,EH3 3EU,East of England,2019-05-02,Telephone,1,Lapsed,2026-04-11
3427,Mahmoud,Nkemelu,1969-07-02,mahmoud.nkemelu3427@example.com,SE30 5EW,North East,2017-05-06,Partner,1,Inactive,2022-10-02
3428,Tariq,Baptiste,1946-03-13,tariq.baptiste3428@example.com,B14 7EE,North East,2026-02-19,Social,1,Lapsed,2026-03-05
3429,Callum,Gill,1980-08-19,callum.gill3429@example.com,CF19 9GN,East Midlands,2026-05-09,Direct Mail,1,Lapsed,2026-05-23
3430,Rosa,Uddin,1983-06-20,rosa.uddin3430@example.com,CF12 1LY,North West,2025-09-02,Social,0,Active,2026-05-06
3431,Fatima,Bright,2003-05-06,fatima.bright3431@example.com,L31 6AX,Yorkshire & Humber,2024-11-06,Direct Mail,1,Active,2025-12-10
3432,Niamh,Quainton,2005-06-22,niamh.quainton3432@example.com,CF33 7QP,North East,2023-04-25,Social,0,Active,2025-06-25
3433,Samuel,Wainwright,1963-07-20,samuel.wainwright3433@example.com,G5 6JS,Wales,2017-05-21,Partner,1,Active,2020-01-22
3434,Chloe,Nkemelu,1992-09-09,chloe.nkemelu3434@example.com,BT38 7JJ,London,2017-05-27,Event,1,Active,2025-04-04
3435,Leah,Mensah,1992-10-12,leah.mensah3435@example.com,N1 1TS,Wales,2016-10-21,Event,0,Active,2016-12-25
3436,Freya,Kowalski,1970-05-25,freya.kowalski3436@example.com,L11 4NP,East of England,2021-02-12,Event,1,Active,2024-02-20
3437,Niamh,Sharpe,1984-04-17,niamh.sharpe3437@example.com,L32 9FB,London,2023-10-06,Telephone,1,Active,2024-12-16
3438,Verity,Vasquez,2004-08-06,verity.vasquez3438@example.com,LS23 3PS,London,2021-04-12,Event,1,Lapsed,2024-09-07
3439,Zara,Nkemelu,1947-12-27,zara.nkemelu3439@example.com,L8 9YT,East of England,2018-08-17,Partner,0,Lapsed,2022-06-03
3440,Eleanor,Sandoval,2002-08-24,eleanor.sandoval3440@example.com,EH17 5ZP,East of England,2018-02-20,Event,1,Active,2022-08-26
3441,Gareth,Abiola,1977-03-08,gareth.abiola3441@example.com,M19 7HY,Yorkshire & Humber,2021-07-11,Web,0,Active,2024-10-20
3442,Sofia,Ahmed,1996-12-17,sofia.ahmed3442@example.com,NE26 2SS,West Midlands,2021-02-16,Partner,1,Active,2021-09-06
3443,Niamh,Vasquez,1958-06-15,niamh.vasquez3443@example.com,NE13 2PZ,North West,2021-12-27,Partner,1,Active,2022-07-11
3444,Kai,Pemberton,1992-01-25,kai.pemberton3444@example.com,B18 1RF,South East,2024-08-06,Social,0,Lapsed,2023-08-31
3445,Grace,Nkemelu,1953-09-05,grace.nkemelu3445@example.com,ls373nx,Yorkshire & Humber,2024-02-26,Direct Mail,1,Active,2026-05-03
3446,Omar,Uddin,1997-12-06,omar.uddin3446@example.com,L1 5ZG,Yorkshire & Humber,2023-08-23,Web,0,Lapsed,2026-05-28
3447,Maya,Sharpe,1979-11-17,maya.sharpe3447@example.com,L26 4DY,Scotland,2023-08-01,Partner,1,Activ,2025-02-10
3448,Theo,Yeboah,1978-05-07,theo.yeboah3448@example.com,SW28 7FD,West Midlands,2026-02-26,Direct Mail,0,Deceased,2026-06-01
3449,Deborah,Carrick,1950-11-18,deborah.carrick3449@example.com,B23 2FL,South West,2025-10-19,Social,1,Deceased,2026-02-06
3450,Zara,Rashid,1964-08-14,zara.rashid3450@example.com,LS31 4LF,Yorkshire & Humber,2022-12-26,Telephone,1,Active,2025-10-30
3451,Joseph,Grewal,1989-01-20,joseph.grewal3451@example.com,LS8 5NS,Scotland,2019-06-25,Telephone,0,Inactive,2021-08-14
3452,Rachel,Tewari,1967-05-22,rachel.tewari3452@example.com,B15 4SU,North West,2022-11-24,Web,1,Active,2025-03-06
3453,Chloe,Mensah,1972-10-24,chloe.mensah3453@example.com,LS14 2UD,London,2025-04-15,Web,1,Lapsed,2026-05-28
3454,Priya,Vasquez,1950-02-28,priya.vasquez3454@example.com,bt172ux,South East,2024-10-10,Direct Mail,0,Active,2026-07-14
3455,Wei,Sandoval,1992-09-18,wei.sandoval3455@example.com,SW14 6TR,South East,2020-09-23,Event,0,Inactive,2024-04-22
3456,Isaac,Nkemelu,1977-06-06,isaac.nkemelu3456@example.com,B4 6WS,North West,2020-08-13,Partner,0,Active,2022-01-19
3457,Kai,Quainton,1999-11-28,kai.quainton3457@example.com,SE37 2NJ,Scotland,2022-12-31,Telephone,1,Active,2024-11-17
3458,Mahmoud,Zielinski,1947-05-02,mahmoud.zielinski3458@example.com,N21 7XS,Wales,2026-03-28,Social,1,Active,2026-06-23
3459,Rosa,Ahmed,1953-06-24,rosa.ahmed3459@example.com,SE7 9XW,Yorkshire & Humber,2023-03-06,Partner,1,Active,2026-03-10
3460,Aisha,Chen,1962-05-16,aisha.chen3460@example.com,BT37 5FG,North East,2020-07-15,Partner,1,Active,2022-01-19
3461,Joseph,Fenton,2004-11-25,joseph.fenton3461@example.com,B28 2LT,Northern Ireland,2025-12-05,Direct Mail,1,Active,2026-02-27
3462,Fatima,Ahmed,1952-06-22,fatima.ahmed3462@example.com,M9 4ZF,Northern Ireland,2022-04-26,Web,1,Active,2023-09-08
3463,Isaac,Abiola,2002-12-27,isaac.abiola3463@example.com,BS13 5JW,North West,2023-03-19,Partner,0,Lapsed,2025-09-22
3464,Sofia,Zielinski,1982-07-10,sofia.zielinski3464@example.com,M30 4FP,Wales,2024-02-22,Direct Mail,1,Active,2026-05-01
3465,Ben,Kowalski,1974-01-09,ben.kowalski3465@example.com,BS4 9WB,South East,2022-08-20,Social,0,Inactive,2024-02-16
3466,Theo,Ahmed,2004-02-12,theo.ahmed3466@example.com,B5 3TX,Wales,2024-04-28,Direct Mail,1,Lapsed,2026-05-07
3467,Rachel,Quainton,1962-03-26,rachel.quainton3467@example.com,M11 5FP,South West,2024-03-18,Telephone,0,Active,2024-09-03
3468,Uche,Rashid,1985-04-16,uche.rashid3468@example.com,G1 5SS,South West,2022-04-06,Partner,0,Inactive,2025-01-14
3469,Mahmoud,Nkemelu,2000-08-11,mahmoud.nkemelu3469@example.com,B16 6JH,South West,2022-11-05,Partner,0,Active,2024-11-18
3470,Grace,Tewari,1976-06-13,grace.tewari3470@example.com,l228xy,Northern Ireland,2017-05-01,Event,1,Active,2016-11-14
3471,Tariq,Jarvis,1955-06-23,tariq.jarvis3471@example.com,L29 3XJ,London,2017-08-15,Partner,1,Active,2019-03-06
3472,Joseph,Gill,2001-10-15,joseph.gill3472@example.com,sw123yh,East of England,2019-02-02,Event,1,Lapsed,2023-10-18
3473,Verity,Jarvis,1998-03-25,verity.jarvis3473@example.com,SE6 6WN,Northern Ireland,2019-10-28,Event,1,Active,2026-05-09
3474,Rhys,Duffy,2005-10-06,rhys.duffy3474@example.com,BT15 7NU,North East,2020-10-23,Event,1,Active,2026-02-13
3475,Tariq,Abiola,1949-07-18,tariq.abiola3475@example.com,BT5 5GN,West Midlands,2022-09-09,Social,0,Active,2025-07-19
3476,Olive,Quainton,1977-04-05,,SE22 2SN,South East,2024-07-17,Social,1,Active,2026-08-04
3477,Noah,Nkemelu,1964-10-10,noah.nkemelu3477@example.com,L28 9EP,South West,2022-07-25,Social,1,Inactive,2026-01-01
3478,Theo,Jarvis,2005-02-28,theo.jarvis3478@example.com,LS15 8NQ,East of England,2022-08-24,Web,0,Active,2024-06-01
3479,Zara,Sandoval,1948-09-26,zara.sandoval3479@example.com,LS5 1FN,North West,2021-11-01,Telephone,0,Active,2026-01-08
3480,Rosa,Sandoval,1946-08-07,rosa.sandoval3480@example.com,NE15 7JA,West Midlands,2025-02-14,Social,1,Inactive,2026-07-06
3481,Kai,Abiola,1954-12-28,kai.abiola3481@example.com,BS38 6NL,Yorkshire & Humber,2019-06-17,Event,1,Inactive,2022-09-14
3482,Jasmin,Carrick,1990-10-23,,SW37 8YH,Scotland,2021-10-24,Event,1,Active,2025-09-29
3483,Fatima,Uddin,1959-04-22,fatima.uddin3483@example.com,NE5 8LN,South East,2023-03-13,Social,0,Active,2023-08-13
3484,Freya,Morrow,1985-01-23,freya.morrow3484@example.com,BT40 7AS,South East,2019-07-19,Telephone,1,Lapsed,2019-12-27
3485,Omar,Jarvis,1963-12-07,omar.jarvis3485@example.com,B29 7ET,North West,2021-09-07,Telephone,0,Active,2022-05-03
3486,Niamh,Mensah,1985-05-13,niamh.mensah3486@example.com,EH14 2XG,East of England,2026-01-20,Social,0,Active,2026-03-05
3487,Amara,Abiola,1968-12-02,amara.abiola3487@example.com,SE14 3RW,South East,2020-09-10,Partner,1,Inactive,2024-08-17
3488,Zainab,Kowalski,2000-01-14,zainab.kowalski3488@example.com,N17 7RQ,Yorkshire & Humber,2020-07-14,Telephone,1,Active,2024-05-17
3489,Kai,Bright,1965-08-21,kai.bright3489@example.com,SW21 5FG,Wales,2025-10-07,Direct Mail,1,Active,2025-12-29
3490,Imogen,Mensah,2000-01-09,imogen.mensah3490@example.com,B31 9FL,Scotland,2023-08-22,Direct Mail,0,Active,2025-11-23
3491,Harun,Kowalski,1963-09-15,,BT2 2GA,South East,2021-09-03,Telephone,0,Active,2023-08-02
3492,Elliot,Ahmed,1960-11-01,elliot.ahmed3492@example.com,sw168tq,London,2022-10-19,Web,1,Inactive,2025-05-15
3493,Grace,Kowalski,1953-03-02,grace.kowalski3493@example.com,NE15 3UR,West Midlands,2021-04-18,Event,1,Inactive,2021-06-24
3494,Kai,Whitlock,2001-03-03,kai.whitlock3494@example.com,NE24 2EW,South West,2024-08-22,Social,1,Active,2025-09-10
3495,Rhys,Chen,1997-08-26,rhys.chen3495@example.com,EH27 1EN,East of England,2025-05-17,Social,1,Active,2026-03-04
3496,Uche,Grewal,1981-03-23,uche.grewal3496@example.com,G24 5TZ,North East,2021-07-03,Web,Y,Active,2022-02-19
3497,Sofia,Rashid,1987-04-25,sofia.rashid3497@example.com,b179lr,London,2024-03-16,Direct Mail,1,Active,2025-01-22
3498,Ben,Dalgleish,1999-07-09,ben.dalgleish3498@example.com,SE9 2FU,West Midlands,2017-07-08,Partner,1,Lapsed,2022-08-05
3499,Niamh,Nkemelu,1954-04-18,niamh.nkemelu3499@example.com,G37 4HY,South East,2023-12-27,Social,1,Active,2024-04-28
3500,Joseph,Hargreaves,1996-03-02,joseph.hargreaves3500@example.com,B35 1XJ,South East,2023-11-13,Direct Mail,0,Active,2024-10-03
3501,Priya,Bright,1991-09-21,priya.bright3501@example.com,ne283wp,South West,2022-12-05,Telephone,1,Active,2023-01-15
3502,Karolina,Ellery,1958-06-12,karolina.ellery3502@example.com,SW4 3SR,Yorkshire & Humber,2025-07-01,Direct Mail,0,Lapsed,2026-07-29
3503,Maya,Nkemelu,1996-03-26,maya.nkemelu3503@example.com,B5 3EQ,North West,2023-03-11,Telephone,0,Active,2024-02-19
3504,Callum,Uddin,1997-11-15,callum.uddin3504@example.com,EH34 6RU,South East,2023-11-04,Telephone,1,Active,2024-02-20
3505,Leah,Okafor,1984-02-18,leah.okafor3505@example.com,CF34 8FH,West Midlands,2020-11-18,Partner,0,Lapsed,2024-07-15
3506,Wei,Tewari,1960-11-24,wei.tewari3506@example.com,N40 2TQ,London,2018-01-16,Event,0,Active,2024-02-04
3507,Uche,Okafor,1953-06-04,uche.okafor3507@example.com,M4 4ZU,South East,2025-06-23,Social,0,Active,2025-11-01
3508,Noah,Baptiste,2000-05-10,noah.baptiste3508@example.com,B14 6QB,South West,2023-10-10,Social,0,Active,2024-10-15
3509,Theo,Ellery,1989-04-25,theo.ellery3509@example.com,M31 4YQ,South East,2026-11-04,Telephone,0,Inactive,2022-12-03
3510,Zara,Grewal,1978-09-11,zara.grewal3510@example.com,M14 2JN,Northern Ireland,2018-09-05,Partner,1,Lapsed,2023-06-11
3511,Callum,Morrow,1996-06-25,callum.morrow3511@example.com,BS6 6RT,South East,2024-09-21,Direct Mail,0,Active,2025-04-17
3512,Tariq,Whitlock,1957-02-02,tariq.whitlock3512@example.com,LS2 1UQ,London,2025-09-09,Direct Mail,1,Active,2026-01-14
3513,Imogen,Ellery,1970-02-27,imogen.ellery3513@example.com,L20 5AY,East of England,2018-03-25,Event,0,Lapsed,2023-12-07
3514,Zainab,Grewal,1952-03-11,zainab.grewal3514@example.com,eh121al,North West,2021-10-23,Partner,0,Active,2024-10-09
3515,Rosa,Pemberton,1983-07-03,rosa.pemberton3515@example.com,N1 1PU,East of England,2021-10-13,Telephone,0,Active,2025-03-29
3516,Omar,Carrick,1952-09-03,omar.carrick3516@example.com,L10 8AW,Scotland,2018-06-19,Telephone,0,Inactive,2022-10-02
3517,Karolina,Grewal,1984-02-15,karolina.grewal3517@example.com,B31 7FF,Northern Ireland,2018-03-14,Partner,1,Active,2025-02-24
3518,Theo,Wainwright,1983-06-26,theo.wainwright3518@example.com,BT32 5BY,Yorkshire & Humber,2022-11-05,Partner,1,Active,2024-11-12
3519,Lucy,Sharpe,1973-03-10,lucy.sharpe3519@example.com,L10 9GZ,East of England,2022-05-09,Web,1,Active,2023-02-24
3520,Chloe,Yeboah,1967-09-18,chloe.yeboah3520@example.com,LS35 7XF,Northern Ireland,2025-02-19,Direct Mail,0,Active,2025-08-06
3521,Gareth,Lindqvist,1990-08-19,gareth.lindqvist3521@example.com,M36 4HP,North West,2017-05-02,Event,1,Active,2021-01-07
3522,Deborah,Chen,1988-09-25,deborah.chen3522@example.com,LS8 6EY,South East,2019-07-14,Partner,0,Active,2021-03-21
3523,Olive,Dalgleish,1966-09-08,olive.dalgleish3523@example.com,B15 9WQ,North West,2024-04-03,Social,0,Active,2025-08-15
3524,Ben,Rashid,1946-10-18,ben.rashid3524@example.com,L26 9ES,South East,2021-10-04,Partner,0,Active,2022-05-11
3525,Rosa,Jarvis,1959-04-01,rosa.jarvis3525@example.com,BT18 2QQ,North West,2021-09-04,Web,1,Active,2023-04-28
3526,Harun,Fenton,1962-04-23,harun.fenton3526@example.com,L35 7EW,Scotland,2021-01-20,Web,0,Active,2023-04-08
3527,Olive,Sandoval,1980-07-02,olive.sandoval3527@example.com,SE8 3FS,North West,2024-11-22,Web,1,Active,2025-01-26
3528,Zara,Uddin,1999-05-12,zara.uddin3528@example.com,BT39 7TH,Wales,2024-09-05,Web,1,Lapsed,2026-05-20
3529,Omar,Fenton,1970-02-26,omar.fenton3529@example.com,L34 1YE,North West,2018-06-12,Event,0,Lapsed,2019-04-06
3530,Sian,Dalgleish,1988-03-11,sian.dalgleish3530@example.com,M17 5ND,South East,2024-12-10,Social,1,Lapsed,2025-10-23
3531,Jasmin,Thornbury,1966-06-16,jasmin.thornbury3531@example.com,LS9 9DD,East of England,2018-04-15,Event,0,Active,2021-08-11
3532,Priya,Fenton,1991-10-13,,SE36 7BH,South West,2016-12-21,Event,0,Deceased,2021-12-11
3533,Tariq,Grewal,1996-09-23,tariq.grewal3533@example.com,L30 5WF,North East,2024-08-30,Telephone,0,Active,2026-08-13
3534,Karolina,Mensah,1962-02-23,karolina.mensah3534@example.com,LS30 6GD,East Midlands,2023-09-06,Telephone,1,Active,2024-06-09
3535,Maya,Fenton,2004-12-05,maya.fenton3535@example.com,EH8 4BR,Yorkshire & Humber,2022-07-03,Telephone,0,Lapsed,2022-12-17
3536,Wei,Baptiste,1987-01-02,wei.baptiste3536@example.com,LS10 5TS,West Midlands,2025-10-30,Social,1,Active,2025-12-06
3537,Lucy,Lindqvist,1991-05-03,lucy.lindqvist3537@example.com,M35 3DP,North West,2021-11-11,Telephone,0,Active,2025-03-22
3538,Zainab,Hargreaves,1975-10-22,zainab.hargreaves3538@example.com,CF23 2UD,Wales,2024-01-27,Web,0,Lapsed,2025-02-12
3539,Zara,Carrick,1956-09-20,zara.carrick3539@example.com,SE14 4HX,Scotland,2017-06-20,Event,1,Inactive,2019-06-04
3540,Noah,Rashid,1986-10-27,noah.rashid3540@example.com,BT5 2SN,North West,2023-03-29,Partner,1,Lapsed,2025-08-19
3541,Lucy,Chen,1968-10-21,lucy.chen3541@example.com,l325lj,Yorkshire & Humber,2021-07-29,Web,1,Lapsed,2026-01-12
3542,Theo,Sandoval,1963-02-28,theo.sandoval3542@example.com,SE31 7HR,North West,2022-10-16,Web,1,Lapsed,2022-11-18
3543,Leah,Gill,1984-01-03,leah.gill3543@example.com,N34 7SP,Northern Ireland,2025-06-20,Direct Mail,0,Active,2025-09-27
3544,Omar,Chen,1984-12-07,omar.chen3544@example.com,NE14 4GZ,London,2021-06-30,Web,0,Active,2026-08-03
3545,Deborah,Hargreaves,1948-09-02,deborah.hargreaves3545.example.com,G7 1SA,South West,2022-07-08,Social,0,Active,2024-07-04
3546,Karolina,Quainton,1960-04-11,karolina.quainton3546@example.com,LS40 3FD,East of England,2018-11-27,Partner,1,Active,2019-12-02
3547,Daniel,Lindqvist,2000-12-17,,G39 3FF,North West,2021-07-30,Event,1,Active,2023-02-23
3548,Maya,Sharpe,1986-11-04,maya.sharpe3548@example.com,SW21 7PL,Northern Ireland,2022-04-25,Social,1,Active,2022-12-02
3549,Ben,Hargreaves,2000-09-16,ben.hargreaves3549@example.com,CF16 7UE,London,2021-12-14,Partner,0,Lapsed,2022-05-12
3550,Lucy,Yeboah,1965-10-05,lucy.yeboah3550@example.com,EH21 4JB,East of England,2019-10-08,Telephone,0,Active,2024-11-17
3551,Rhys,Grewal,2002-05-06,rhys.grewal3551@example.com,SE36 9QX,East of England,2023-12-31,Web,0,Active,2024-02-09
3552,Rosa,Bright,1952-02-12,rosa.bright3552@example.com,bt391rf,North West,2023-08-18,Direct Mail,0,Active,2023-11-25
3553,Rachel,Carrick,1963-01-10,rachel.carrick3553@example.com,M7 1WZ,Yorkshire & Humber,2023-05-03,Social,0,Active,2024-12-31
3554,Rosa,Iqbal,1984-11-27,rosa.iqbal3554@example.com,BS37 9ZL,East of England,2024-04-03,Social,1,Lapsed,2024-12-23
3555,Omar,Baptiste,1960-08-11,omar.baptiste3555@example.com,BS23 7YN,Wales,2019-08-11,Event,0,Active,2024-08-13
3556,Chloe,Sandoval,1955-08-25,chloe.sandoval3556@example.com,BS2 9HX,South East,2023-02-24,Social,0,Active,2023-04-30
3557,Gareth,Dalgleish,1953-02-05,gareth.dalgleish3557@example.com,BS35 5WZ,Wales,2025-12-11,Web,1,Active,2026-07-23
3558,Grace,Whitlock,1971-12-03,grace.whitlock3558@example.com,SW23 9SX,Northern Ireland,2023-09-25,Direct Mail,1,Active,2025-09-12
3559,Verity,Chen,1973-06-25,verity.chen3559@example.com,SE4 7XJ,Northern Ireland,2018-12-29,Partner,0,Lapsed,2022-03-02
3560,Aisha,Dalgleish,1989-01-22,aisha.dalgleish3560@example.com,NE17 8US,North West,2024-07-20,Direct Mail,0,Active,2024-09-18
3561,Sofia,Sandoval,1995-01-16,sofia.sandoval3561@example.com,M18 4HP,East Midlands,2022-02-03,Web,1,Active,2026-03-21
3562,Joseph,Zielinski,1984-07-22,joseph.zielinski3562@example.com,LS5 2LA,West Midlands,2023-03-07,Web,1,Active,2024-11-30
3563,Rhys,Hargreaves,1976-08-21,rhys.hargreaves3563@example.com,CF37 7EL,Northern Ireland,2019-12-17,Telephone,1,Lapsed,2026-04-19
3564,Harun,Ellery,1996-05-21,harun.ellery3564@example.com,BT25 7EL,East Midlands,2019-07-18,Partner,0,Active,2023-10-26
3565,Wei,Dalgleish,1957-01-28,wei.dalgleish3565@example.com,G7 8YF,Northern Ireland,2023-04-30,Partner,1,Lapsed,2024-03-13
3566,Yusuf,Thornbury,1947-09-03,yusuf.thornbury3566@example.com,SE36 2RU,Yorkshire & Humber,2023-08-23,Social,0,Inactive,2023-12-18
3567,Grace,Dalgleish,1977-12-22,grace.dalgleish3567@example.com,G9 5GR,London,2023-06-23,Direct Mail,1,Activ,2025-06-02
3568,Zainab,Hargreaves,1950-09-28,zainab.hargreaves3568@example.com,CF30 8YL,East of England,2018-09-05,Event,0,Active,2025-02-03
3569,Daniel,Uddin,1971-11-20,daniel.uddin3569@example.com,SE38 1FA,South West,2024-12-07,Social,1,Inactive,2025-03-16
3570,Mahmoud,Sandoval,1958-05-24,mahmoud.sandoval3570@example.com,SE12 8QW,South East,2022-06-22,Telephone,1,Lapsed,2025-01-31
3571,Maya,Duffy,1960-02-28,maya.duffy3571@example.com,N15 5DL,South West,2025-02-25,Direct Mail,0,Active,2026-04-14
3572,Daniel,Iqbal,1999-09-19,daniel.iqbal3572@example.com,SW19 3JU,Scotland,2024-04-25,Web,0,Active,2024-05-01
3573,Ben,Jarvis,1996-08-16,ben.jarvis3573@example.com,NE1 8ZU,East of England,2017-09-12,Partner,1,Active,2022-10-14
3574,Grace,Sharpe,1976-05-16,grace.sharpe3574@example.com,SW24 3SB,North West,2018-04-14,Partner,1,Active,2021-02-26
3575,Imogen,Nkemelu,1995-11-11,imogen.nkemelu3575@example.com,CF30 4EY,South West,2023-12-06,Web,1,Inactive,2025-09-30
3576,Samuel,Vasquez,1999-11-05,samuel.vasquez3576@example.com,B18 7HA,North East,2017-05-25,Event,1,Active,2024-05-18
3577,Priya,Abiola,1993-09-01,priya.abiola3577@example.com,EH27 5WP,East of England,2023-02-06,Partner,1,Active,2025-01-15
3578,Kai,Fenton,1960-11-24,kai.fenton3578@example.com,NE9 7DN,East of England,2018-07-13,Partner,0,Active,2024-01-12
3579,Eleanor,Ellery,1994-01-23,eleanor.ellery3579@example.com,EH30 8TY,Wales,2022-12-12,Telephone,1,Active,2023-07-29
3580,Liam,Zielinski,1964-07-13,liam.zielinski3580@example.com,BS9 6XG,North East,2023-09-29,Telephone,0,Inactive,2025-04-27
3581,Eleanor,Dalgleish,1948-06-07,eleanor.dalgleish3581@example.com,SE38 9FP,London,2018-04-09,Event,1,Inactive,2018-04-10
3582,Imogen,Sandoval,1986-05-27,imogen.sandoval3582@example.com,G5 7ZY,Scotland,2025-12-01,Direct Mail,1,Active,2026-08-02
3583,Fatima,Ellery,1991-10-01,fatima.ellery3583@example.com,M39 5ZL,East Midlands,2025-07-05,Web,1,Active,2026-07-04
3584,Gareth,Okafor,1998-06-10,gareth.okafor3584@example.com,eh318lf,East Midlands,2017-01-22,Event,0,Active,2025-05-03
3585,Yusuf,Baptiste,2000-01-06,yusuf.baptiste3585@example.com,eh391wg,South East,2018-03-23,Partner,1,Active,2022-12-28
3586,Omar,Abiola,2004-12-19,omar.abiola3586@example.com,SW30 8XU,London,2022-07-18,Social,1,Inactive,2026-07-24
3587,Omar,Sandoval,1956-07-21,omar.sandoval3587@example.com,EH31 8UU,East Midlands,2019-02-06,Telephone,0,Inactive,2025-06-01
3588,Ben,Ahmed,1987-10-12,ben.ahmed3588@example.com,B17 6NF,East of England,2020-02-02,Partner,1,Active,2022-02-19
3589,Niamh,Whitlock,1974-01-05,niamh.whitlock3589@example.com,SE7 5ZF,Wales,2019-08-28,Partner,0,Active,2023-05-29
3590,Leah,Kowalski,1984-08-10,leah.kowalski3590@example.com,SW16 6WR,North West,2025-05-19,Direct Mail,0,Inactive,2026-06-28
3591,Sian,Chen,1971-02-19,sian.chen3591@example.com,NE27 1EA,South East,2021-05-21,Web,0,Active,2023-07-08
3592,Sian,Pemberton,2002-06-12,sian.pemberton3592@example.com,NE7 3WB,Scotland,2020-06-16,Event,0,Lapsed,2022-09-09
3593,Daniel,Whitlock,1983-04-24,daniel.whitlock3593@example.com,BS37 6UD,West Midlands,2016-12-31,Event,0,Active,2024-06-13
3594,Imogen,Kowalski,1998-07-05,imogen.kowalski3594@example.com,B28 1RA,London,2024-09-15,Direct Mail,1,Inactive,2024-11-18
3595,Eleanor,Okafor,1996-06-14,eleanor.okafor3595@example.com,N22 9YZ,East Midlands,2020-07-10,Partner,1,Active,2024-09-02
3596,Grace,Mensah,1961-11-17,grace.mensah3596@example.com,LS16 1DF,East of England,2018-10-25,Telephone,1,Inactive,2019-03-22
3597,Jasmin,Abiola,1966-07-15,jasmin.abiola3597@example.com,EH16 7WD,East Midlands,2023-11-23,Social,0,Inactive,2025-04-11
3598,Freya,Iqbal,2002-02-14,freya.iqbal3598@example.com,SW2 8BS,North West,2020-01-14,Partner,0,Lapsed,2026-05-13
3599,Samuel,Mensah,1961-03-28,samuel.mensah3599@example.com,LS37 9UZ,Northern Ireland,2022-01-16,Event,0,Active,2024-05-24
3600,Niamh,Pemberton,1950-01-24,niamh.pemberton3600@example.com,NE32 4ND,Northern Ireland,2023-10-28,Telephone,0,Inactive,2024-10-31
3601,Amara,Zielinski,1969-08-28,amara.zielinski3601@example.com,SE11 5YJ,Wales,2023-07-12,Web,0,Inactive,2025-06-22
3602,Elliot,Hargreaves,2001-03-04,elliot.hargreaves3602@example.com,B7 7RU,South East,2021-02-14,Event,0,Active,2026-04-01
3603,Chloe,Quainton,1956-10-25,chloe.quainton3603@example.com,LS26 7YF,South East,2022-07-27,Telephone,0,Active,2024-08-19
3604,Imogen,Uddin,1985-09-18,imogen.uddin3604@example.com,se18ua,North West,2024-06-09,Web,1,Lapsed,2026-01-01
3605,Amara,Morrow,1988-01-26,amara.morrow3605@example.com,B15 2AN,South East,2024-07-18,Direct Mail,0,Lapsed,2024-12-12
3606,Niamh,Whitlock,1987-07-24,niamh.whitlock3606@example.com,BS24 4NY,Yorkshire & Humber,2022-04-04,Telephone,0,Active,2025-12-17
3607,Omar,Quainton,1972-05-14,omar.quainton3607@example.com,EH12 3PZ,South East,2020-07-20,Telephone,1,Lapsed,2024-12-23
3608,Tariq,Baptiste,1989-02-17,tariq.baptiste3608@example.com,BT25 8YG,East Midlands,2021-10-04,Web,0,Active,2024-05-02
3609,Freya,Nkemelu,1960-07-06,freya.nkemelu3609@example.com,SW21 7QD,North East,2022-10-22,Partner,0,Deceased,2026-01-30
3610,Maya,Iqbal,1962-10-13,maya.iqbal3610@example.com,BT11 2XT,Yorkshire & Humber,2022-06-03,Event,1,Active,2023-06-28
3611,Theo,Whitlock,1995-12-22,theo.whitlock3611@example.com,SW39 9YL,Northern Ireland,2018-10-11,Partner,0,Active,2024-05-29
3612,Maya,Iqbal,1953-03-16,maya.iqbal3612@example.com,CF4 6AN,East Midlands,2023-10-09,Social,1,Active,2024-02-25
3613,Chloe,Yeboah,1953-05-03,chloe.yeboah3613@example.com,B29 9UG,East of England,2022-01-20,Telephone,0,Active,2024-01-28
3614,Sian,Tewari,1953-04-19,sian.tewari3614@example.com,LS38 6XR,South East,2017-08-05,Event,1,Active,2018-06-17
3615,Wei,Baptiste,1986-07-10,wei.baptiste3615@example.com,CF38 7NR,East of England,2025-11-07,Web,0,Active,2026-04-27
3616,Mahmoud,Zielinski,1974-08-11,mahmoud.zielinski3616@example.com,N24 4BR,Yorkshire & Humber,2021-06-24,Partner,0,Active,2023-08-12
3617,Liam,Nkemelu,1948-02-04,liam.nkemelu3617@example.com,L22 2LR,North West,2021-05-08,Telephone,0,Lapsed,2022-04-17
3618,Aisha,Zielinski,1984-07-26,aisha.zielinski3618@example.com,EH19 2XL,East of England,2025-04-17,Direct Mail,1,Inactive,2026-06-14
3619,Aisha,Pemberton,1947-08-26,aisha.pemberton3619@example.com,CF28 7WG,Wales,2020-09-09,Web,1,Active,2023-06-23
3620,Olive,Okafor,1997-02-22,olive.okafor3620@example.com,SE4 2BR,North West,2025-11-29,Direct Mail,0,Lapsed,2026-02-20
3621,Freya,Carrick,1999-05-25,freya.carrick3621@example.com,BT7 1BL,East Midlands,2020-11-06,Web,0,Inactive,2025-12-23
3622,Elliot,Lindqvist,1966-11-02,elliot.lindqvist3622@example.com,G24 2US,Northern Ireland,2023-06-29,Social,1,Active,2024-10-12
3623,Kai,Baptiste,1972-03-17,kai.baptiste3623@example.com,BS38 6HW,East Midlands,2019-12-23,Event,1,Active,2021-09-30
3624,Rachel,Kowalski,1958-06-16,rachel.kowalski3624@example.com,LS39 2TJ,Yorkshire & Humber,2020-02-21,Telephone,0,Inactive,2023-02-18
3625,Chloe,Sharpe,1967-10-08,chloe.sharpe3625@example.com,SE3 4LN,East Midlands,2023-12-03,Direct Mail,0,Active,2024-06-05
3626,Eleanor,Vasquez,1958-08-04,eleanor.vasquez3626@example.com,BT19 7WF,London,2024-10-08,Web,0,Inactive,2025-05-12
3627,Gareth,Vasquez,1985-04-04,gareth.vasquez3627@example.com,EH20 2WW,East of England,2017-10-03,Partner,1,Active,2025-12-09
3628,Theo,Dalgleish,1958-08-12,theo.dalgleish3628@example.com,g331et,East of England,2023-10-29,Social,0,Inactive,2023-11-16
3629,Lucy,Wainwright,1946-07-06,lucy.wainwright3629@example.com,M35 5XN,Scotland,2024-01-27,Web,0,Inactive,2024-03-01
3630,Niamh,Ahmed,1990-10-28,niamh.ahmed3630@example.com,NE23 5BA,South East,2022-05-10,Social,0,Inactive,2026-07-16
3631,Isaac,Gill,1995-07-28,isaac.gill3631@example.com,L15 8JX,East of England,2019-04-09,Telephone,0,Active,2021-01-02
3632,Aisha,Hargreaves,1984-11-22,aisha.hargreaves3632@example.com,B24 3QS,Wales,2023-09-11,Telephone,0,Active,2025-03-04
3633,Deborah,Thornbury,1994-09-08,deborah.thornbury3633@example.com,BT10 8JQ,North East,2025-07-17,Direct Mail,0,Active,2025-07-31
3634,Samuel,Dalgleish,2003-09-17,samuel.dalgleish3634@example.com,LS29 3WJ,Yorkshire & Humber,2024-01-10,Direct Mail,0,Lapsed,2025-07-03
3635,Priya,Sandoval,1974-11-18,priya.sandoval3635@example.com,ls61qa,Scotland,2024-07-24,Social,1,Deceased,2025-01-28
3636,Hannah,Sandoval,1986-01-13,hannah.sandoval3636@example.com,BS36 1EN,East of England,2021-10-19,Telephone,0,Active,2025-08-07
3637,Priya,Zielinski,2003-04-06,priya.zielinski3637@example.com,EH40 2UF,Scotland,2024-02-16,Telephone,0,Inactive,2025-06-30
3638,Kai,Fenton,1959-07-09,kai.fenton3638@example.com,SE36 8FX,London,2024-10-19,Social,0,Active,2025-03-12
3639,Freya,Grewal,1968-01-05,freya.grewal3639@example.com,SW33 7NE,Wales,2018-07-16,Telephone,1,Lapsed,2022-08-17
3640,Niamh,Quainton,1977-08-15,niamh.quainton3640@example.com,n181wp,East of England,2018-10-01,Event,0,Active,2021-07-30
3641,Imogen,Yeboah,1993-05-07,imogen.yeboah3641@example.com,BT30 1ZP,East Midlands,2018-01-12,Event,1,Lapsed,2026-01-04
3642,Jasmin,Mensah,1992-12-11,jasmin.mensah3642@example.com,SW18 8HL,North West,2017-10-27,Event,0,Inactive,2022-01-11
3643,Zara,Jarvis,2005-08-22,zara.jarvis3643@example.com,B7 9RD,Yorkshire & Humber,2024-09-02,Web,1,Active,2025-09-05
3644,Sian,Tewari,1962-06-12,sian.tewari3644@example.com,B30 1BS,Scotland,2017-04-06,Event,0,Active,2021-07-13
3645,Hannah,Chen,1957-08-13,hannah.chen3645@example.com,BT36 1LD,West Midlands,2024-09-18,Telephone,0,Inactive,2025-03-27
3646,Isaac,Bright,1956-06-05,isaac.bright3646@example.com,BT32 6TB,South West,2025-12-24,Social,0,Lapsed,2026-07-30
3647,Imogen,Vasquez,1988-09-16,imogen.vasquez3647@example.com,G30 6HD,North East,2019-02-18,Partner,1,Active,2020-03-05
3648,Callum,Grewal,1961-08-11,callum.grewal3648@example.com,SE40 9DF,North West,2019-10-07,Partner,1,Lapsed,2021-02-03
3649,Emeka,Iqbal,1952-08-26,emeka.iqbal3649@example.com,CF7 2YZ,Wales,2025-12-07,Web,0,Active,2026-05-16
3650,Zainab,Carrick,1998-02-05,zainab.carrick3650@example.com,N24 2DT,South West,2023-07-13,Social,1,Active,2024-06-09
3651,Aisha,Grewal,1992-01-11,aisha.grewal3651@example.com,SE11 3US,London,2018-12-21,Partner,0,Active,2025-12-06
3652,Ben,Vasquez,1959-07-13,ben.vasquez3652@example.com,SE12 9LU,East Midlands,2020-04-09,Event,0,Inactive,2025-07-16
3653,Lucy,Nkemelu,1953-02-16,lucy.nkemelu3653@example.com,EH3 5UQ,Northern Ireland,2023-12-27,Direct Mail,0,Active,2025-09-22
3654,Imogen,Grewal,1953-01-21,imogen.grewal3654@example.com,N13 8YT,South West,2021-10-06,Partner,0,Inactive,2026-03-15
3655,Karolina,Thornbury,1961-06-12,karolina.thornbury3655@example.com,CF1 2LB,Scotland,2024-05-15,Web,0,Active,2025-09-17
3656,Ben,Jarvis,2000-05-21,ben.jarvis3656@example.com,L17 2HT,South West,2023-12-06,Direct Mail,0,Active,2025-07-24
3657,Daniel,Zielinski,1966-12-18,daniel.zielinski3657@example.com,EH20 7NW,South West,2025-06-12,Social,0,Active,2025-10-12
3658,Maya,Ahmed,1958-10-12,maya.ahmed3658@example.com,SW12 1HA,South East,2019-11-23,Telephone,1,Active,2025-09-07
3659,Rhys,Ahmed,1987-01-03,rhys.ahmed3659@example.com,EH38 2LQ,East of England,2021-06-16,Partner,0,Active,2022-06-28
3660,Niamh,Bright,1986-06-10,niamh.bright3660@example.com,bs171fr,South West,2023-06-30,Direct Mail,1,Lapsed,2023-10-21
3661,Fatima,Yeboah,2006-12-03,fatima.yeboah3661@example.com,B19 9HX,East of England,2020-09-07,Web,1,Lapsed,2025-03-07
3662,Imogen,Lindqvist,1989-12-04,imogen.lindqvist3662@example.com,EH24 7JQ,North West,2022-04-20,Telephone,0,Active,2022-08-26
3663,Grace,Fenton,1955-07-11,grace.fenton3663@example.com,BS35 7PW,East Midlands,2024-03-10,Web,0,Lapsed,2025-03-21
3664,Callum,Yeboah,1963-04-12,callum.yeboah3664@example.com,LS8 8RH,North East,2021-11-06,Event,1,Deceased,2025-11-12
3665,Fatima,Wainwright,2002-06-18,fatima.wainwright3665@example.com,G2 2NL,London,2021-05-05,Partner,1,Active,2022-07-04
3666,Verity,Ellery,1947-02-16,verity.ellery3666@example.com,G20 3SG,West Midlands,2025-10-16,Direct Mail,1,Lapsed,2026-07-28
3667,Aisha,Ahmed,1965-06-02,aisha.ahmed3667@example.com,LS17 2HS,West Midlands,2023-03-26,Partner,0,Lapsed,2023-05-04
3668,Gareth,Rashid,1980-12-07,gareth.rashid3668@example.com,CF11 5EZ,West Midlands,2021-10-16,Telephone,1,Lapsed,2023-07-10
3669,Uche,Morrow,1995-08-05,uche.morrow3669@example.com,SW19 8QB,Scotland,2021-09-21,Web,0,Active,2024-12-19
3670,Liam,Sharpe,1967-04-04,liam.sharpe3670@example.com,G15 3AU,Wales,2021-01-20,Telephone,0,Active,2022-02-26
3671,Sofia,Sharpe,1995-05-13,sofia.sharpe3671@example.com,CF26 6RE,East Midlands,2023-07-29,Web,1,Active,2023-08-05
3672,Omar,Ellery,1981-04-26,omar.ellery3672@example.com,L21 1SD,West Midlands,2020-04-26,Event,1,Lapsed,2026-06-01
3673,Eleanor,Uddin,1976-02-16,eleanor.uddin3673@example.com,CF22 1WB,East Midlands,2018-10-23,Telephone,0,Inactive,2019-11-29
3674,Lucy,Yeboah,1987-07-26,lucy.yeboah3674@example.com,BS40 1GX,Yorkshire & Humber,2023-10-28,Social,0,Active,2025-02-18
3675,Rosa,Vasquez,1951-09-21,rosa.vasquez3675@example.com,sw103fz,London,2017-07-20,Event,0,Active,2019-09-21
3676,Eleanor,Baptiste,1980-01-26,eleanor.baptiste3676@example.com,NE13 9PX,East of England,2021-07-10,Telephone,1,Deceased,2024-12-05
3677,Niamh,Hargreaves,1948-07-23,niamh.hargreaves3677@example.com,EH3 3SD,North West,2024-03-26,Direct Mail,1,Active,2026-04-21
3678,Rhys,Chen,1953-02-06,rhys.chen3678@example.com,BS2 1AQ,South East,2019-11-23,Telephone,0,Active,2025-06-17
3679,Hannah,Baptiste,1987-03-19,hannah.baptiste3679@example.com,eh72nq,South West,2026-03-25,Direct Mail,1,Lapsed,2026-03-26
3680,Tariq,Thornbury,1980-01-24,tariq.thornbury3680@example.com,BS29 4BE,Yorkshire & Humber,2018-10-05,Partner,0,Lapsed,2023-10-17
3681,Omar,Grewal,1951-03-17,omar.grewal3681@example.com,M37 1WX,South East,2020-10-13,Telephone,0,Active,2022-06-16
3682,Lucy,Sharpe,1971-04-27,lucy.sharpe3682@example.com,LS6 6ZT,East Midlands,2022-04-07,Telephone,1,Lapsed,2025-03-08
3683,Uche,Zielinski,1985-11-05,uche.zielinski3683@example.com,BS28 8TE,South West,2020-12-24,Web,1,Active,2022-05-24
3684,Aisha,Ahmed,1981-06-19,aisha.ahmed3684@example.com,B23 3GB,Scotland,2023-10-09,Social,0,Active,2025-07-27
3685,Harun,Kowalski,1967-11-04,harun.kowalski3685@example.com,sw148rn,South East,2026-03-31,Direct Mail,1,Active,2026-04-01
3686,Leah,Nkemelu,1985-01-18,leah.nkemelu3686@example.com,SE21 8TU,Yorkshire & Humber,2024-05-12,Telephone,0,Lapsed,2024-08-06
3687,Olive,Abiola,1946-11-01,olive.abiola3687@example.com,BT1 8RJ,South West,2019-09-02,Event,0,Lapsed,2026-01-25
3688,Hannah,Kowalski,1963-11-02,hannah.kowalski3688@example.com,L10 6JN,East of England,2021-04-12,Telephone,1,Active,2022-10-10
3689,Kai,Okafor,1972-01-11,kai.okafor3689@example.com,M11 2EF,East Midlands,2018-10-16,Event,0,Active,2026-06-16
3690,Aisha,Tewari,1980-03-20,aisha.tewari3690@example.com,BT15 4EN,North West,2022-01-08,Telephone,1,Active,2022-12-03
3691,Tariq,Morrow,1998-09-04,tariq.morrow3691@example.com,LS26 1SB,Northern Ireland,2022-04-28,Event,0,Lapsed,2025-09-25
3692,Sian,Sandoval,1987-04-16,sian.sandoval3692@example.com,SW16 9AT,Scotland,2021-08-01,Telephone,0,Lapsed,2026-06-12
3693,Sofia,Lindqvist,1974-10-17,sofia.lindqvist3693@example.com,CF40 2GA,Wales,2021-09-30,Telephone,1,Active,2025-10-26
3694,Sian,Mensah,2004-11-08,sian.mensah3694@example.com,SE24 5BZ,London,2025-01-15,Web,1,Active,2026-04-21
3695,Harun,Rashid,1981-11-14,harun.rashid3695@example.com,N35 7TN,Northern Ireland,2022-09-01,Telephone,0,Inactive,2022-10-28
3696,Mahmoud,Uddin,1985-11-15,mahmoud.uddin3696@example.com,SE39 8UE,London,2020-02-05,Telephone,Y,Active,2021-05-20
3697,Verity,Duffy,1949-07-15,verity.duffy3697@example.com,M5 1YL,North East,2026-02-02,Direct Mail,0,Active,2026-05-18
3698,Ben,Okafor,1986-03-20,ben.okafor3698@example.com,EH40 4DW,Scotland,2024-07-18,Direct Mail,1,Active,2025-01-27
3699,Leah,Mensah,1975-11-14,leah.mensah3699@example.com,LS28 2TY,Northern Ireland,2016-12-16,Event,0,Active,2020-01-26
3700,Tariq,Mensah,1951-06-24,tariq.mensah3700@example.com,B14 2FW,North East,2022-11-07,Partner,0,Active,2025-07-18
3701,Karolina,Zielinski,1954-01-23,karolina.zielinski3701@example.com,L22 7RT,West Midlands,2025-12-14,Social,0,Inactive,2026-04-09
3702,Theo,Iqbal,1952-11-07,theo.iqbal3702@example.com,BS10 4ND,London,2021-07-10,Telephone,0,Active,2022-09-22
3703,Liam,Sharpe,1993-09-12,liam.sharpe3703@example.com,NE16 9DA,East Midlands,2026-05-06,Direct Mail,0,Lapsed,2026-07-30
3704,Fatima,Abiola,1972-07-07,fatima.abiola3704@example.com,EH12 3TT,South East,2024-12-31,Social,1,Lapsed,2026-04-13
3705,Chloe,Wainwright,1948-11-17,chloe.wainwright3705@example.com,LS21 1PU,East Midlands,2022-05-29,Partner,1,Inactive,2024-08-09
3706,Verity,Sandoval,1962-08-04,verity.sandoval3706@example.com,SE9 4RA,Scotland,2023-04-14,Web,0,Active,2024-10-19
3707,Grace,Thornbury,1982-04-26,grace.thornbury3707@example.com,N18 4LJ,East of England,2021-07-02,Event,0,Inactive,2023-10-03
3708,Eleanor,Fenton,1977-03-25,eleanor.fenton3708@example.com,L8 8AR,Scotland,2022-08-04,Partner,1,Active,2026-03-20
3709,Noah,Baptiste,1992-05-04,noah.baptiste3709@example.com,SE15 5HS,East of England,2023-08-25,Partner,1,Active,2026-05-11
3710,Grace,Sharpe,1968-03-01,,SE24 1UZ,North West,2023-09-19,Social,1,Active,2025-05-06
3711,Liam,Lindqvist,1954-02-08,liam.lindqvist3711@example.com,EH13 1SB,Northern Ireland,2024-12-01,Social,1,Lapsed,2026-06-29
3712,Sofia,Tewari,1972-10-26,sofia.tewari3712@example.com,BS38 4SX,East Midlands,2024-03-31,Social,0,Active,2024-04-29
3713,Ben,Lindqvist,1977-04-23,ben.lindqvist3713@example.com,N32 1TH,Northern Ireland,2023-03-29,Partner,0,Active,2025-07-11
3714,Emeka,Thornbury,1949-02-09,emeka.thornbury3714@example.com,CF11 9GX,North East,2022-09-23,Social,1,Inactive,2024-04-11
3715,Hannah,Ellery,1987-02-20,hannah.ellery3715@example.com,BT23 9QB,East of England,2020-08-12,Web,1,Active,2021-02-20
3716,Samuel,Morrow,1992-08-04,samuel.morrow3716@example.com,EH38 5QA,Northern Ireland,2017-08-17,Event,0,Activ,2026-01-14
3717,Uche,Vasquez,2005-07-02,uche.vasquez3717@example.com,se217jt,East Midlands,2018-10-21,Telephone,1,Active,2019-03-19
3718,Verity,Gill,1996-04-08,verity.gill3718@example.com,CF16 4HZ,South West,2022-02-17,Telephone,1,Active,2025-03-24
3719,Chloe,Tewari,1952-02-14,chloe.tewari3719@example.com,SW30 7JL,East of England,2024-08-17,Direct Mail,1,Active,2026-06-03
3720,Rosa,Morrow,1986-05-06,rosa.morrow3720@example.com,N15 7QF,West Midlands,2024-01-26,Social,1,Active,2024-12-03
3721,Olive,Ellery,1996-06-15,olive.ellery3721@example.com,BS10 8ZE,Wales,2020-07-13,Partner,1,Active,2019-11-07
3722,Grace,Hargreaves,1979-07-16,grace.hargreaves3722@example.com,SE16 2YQ,Wales,2023-09-11,Partner,0,Inactive,2024-10-05
3723,Sofia,Thornbury,1968-02-19,sofia.thornbury3723@example.com,BS37 9TT,Northern Ireland,2023-10-05,Web,0,Lapsed,2025-01-02
3724,Chloe,Rashid,1995-06-19,chloe.rashid3724@example.com,B24 8BN,South East,2021-02-02,Partner,0,Active,2026-05-12
3725,Kai,Grewal,2001-01-14,kai.grewal3725@example.com,N33 6GA,Wales,2025-10-26,Social,0,Lapsed,2026-03-21
3726,Rhys,Kowalski,1999-11-15,rhys.kowalski3726@example.com,B19 2RH,Scotland,2021-01-28,Partner,1,Lapsed,2021-06-25
3727,Karolina,Uddin,1952-08-16,karolina.uddin3727@example.com,L14 1GX,Scotland,2022-03-20,Telephone,1,Active,2024-04-10
3728,Leah,Wainwright,1963-05-20,leah.wainwright3728@example.com,M19 5XX,Wales,2023-12-16,Direct Mail,1,Active,2026-07-07
3729,Karolina,Baptiste,2002-07-13,karolina.baptiste3729@example.com,ne257je,West Midlands,2022-04-05,Partner,1,Active,2026-04-15
3730,Zara,Hargreaves,1971-04-21,zara.hargreaves3730@example.com,SE33 6YP,,2017-01-24,Event,1,Active,2018-01-17
3731,Eleanor,Bright,1977-11-03,eleanor.bright3731@example.com,N35 6DT,Scotland,2023-05-31,Social,0,Active,2023-08-20
3732,Chloe,Carrick,1955-05-22,chloe.carrick3732@example.com,LS31 4NX,Yorkshire & Humber,2019-11-10,Telephone,0,Lapsed,2022-09-14
3733,Imogen,Abiola,1957-08-12,imogen.abiola3733@example.com,l86bd,South West,2023-09-12,Direct Mail,1,Inactive,2025-04-04
3734,Rosa,Iqbal,1978-01-25,rosa.iqbal3734@example.com,EH15 8NY,Yorkshire & Humber,2020-02-07,Event,0,Lapsed,2023-09-05
3735,Ben,Baptiste,1984-09-24,ben.baptiste3735@example.com,cf49xy,Scotland,2020-03-13,Partner,1,Inactive,2023-03-14
3736,Wei,Iqbal,1975-07-04,wei.iqbal3736@example.com,CF2 5BZ,North East,2023-01-03,Web,0,Active,2024-02-04
3737,Joseph,Duffy,1979-05-22,joseph.duffy3737@example.com,NE17 4SH,Wales,2022-08-11,Web,1,Active,2025-02-10
3738,Priya,Rashid,1956-08-09,priya.rashid3738@example.com,M35 1PZ,South West,2018-05-31,Partner,1,Active,2020-08-29
3739,Hannah,Pemberton,1994-12-07,hannah.pemberton3739@example.com,M13 8AD,Northern Ireland,2018-11-28,Partner,1,Active,2025-10-21
3740,Callum,Yeboah,1973-03-21,,BT9 4DL,South West,2017-04-01,Event,1,Active,2024-11-10
3741,Samuel,Duffy,1962-04-16,,SW4 4SZ,Scotland,2022-05-18,Partner,1,Lapsed,2023-03-22
3742,Sian,Fenton,1947-07-05,sian.fenton3742@example.com,N39 2RA,East Midlands,2026-03-29,Social,0,Inactive,2026-06-25
3743,Liam,Zielinski,1957-12-28,liam.zielinski3743@example.com,EH26 1LZ,West Midlands,2022-11-27,Web,0,Lapsed,2024-06-16
3744,Priya,Fenton,1983-03-05,priya.fenton3744@example.com,LS33 8WU,Yorkshire & Humber,2022-04-28,Telephone,0,Active,2023-01-18
3745,Joseph,Lindqvist,2005-11-01,joseph.lindqvist3745@example.com,G4 6JP,Wales,2025-12-21,Web,1,Active,2026-02-08
3746,Rachel,Chen,1972-10-21,rachel.chen3746@example.com,M23 7EE,East of England,2017-02-27,Event,1,Active,2018-07-26
3747,Imogen,Thornbury,1967-06-28,imogen.thornbury3747@example.com,BT29 7YR,North West,2024-06-10,Social,0,Active,2026-02-25
3748,Niamh,Ellery,1951-10-12,niamh.ellery3748@example.com,L25 7TG,,2023-08-15,Web,0,Deceased,2024-08-08
3749,Rosa,Mensah,1977-09-27,rosa.mensah3749@example.com,b405hl,Yorkshire & Humber,2023-09-10,Social,0,Active,2025-06-30
3750,Ben,Abiola,1986-03-17,ben.abiola3750@example.com,SE24 2TT,Yorkshire & Humber,2025-11-11,Social,1,Lapsed,2025-12-09
3751,Rachel,Fenton,2003-09-18,rachel.fenton3751@example.com,CF32 1PJ,London,2026-02-18,Direct Mail,0,Active,2026-08-01
3752,Sian,Duffy,1975-08-01,sian.duffy3752@example.com,M26 2JX,Yorkshire & Humber,2025-12-16,Web,0,Inactive,2026-05-12
3753,Imogen,Sharpe,1952-08-14,imogen.sharpe3753@example.com,SW17 1WW,Yorkshire & Humber,2023-05-15,Direct Mail,0,Active,2024-05-05
3754,Priya,Rashid,1972-10-08,priya.rashid3754@example.com,NE29 6NP,Northern Ireland,2023-10-18,Social,1,Active,2025-04-04
3755,Niamh,Rashid,1993-09-20,niamh.rashid3755@example.com,SE22 1DG,South East,2022-11-04,Social,0,Active,2024-11-19
3756,Omar,Wainwright,1994-11-01,omar.wainwright3756@example.com,CF22 6WG,North East,2025-06-30,Direct Mail,1,Active,2025-08-13
3757,Olive,Ahmed,1996-07-23,olive.ahmed3757@example.com,bt251yx,East of England,2019-06-07,Partner,0,Active,2023-01-06
3758,Joseph,Lindqvist,2000-06-11,joseph.lindqvist3758@example.com,G37 9PQ,Northern Ireland,2023-07-05,Telephone,1,Active,2025-02-05
3759,Verity,Thornbury,1981-02-01,verity.thornbury3759@example.com,CF12 9YR,Scotland,2023-07-07,Web,0,Inactive,2024-06-14
3760,Rhys,Gill,1963-01-24,rhys.gill3760@example.com,G24 8NQ,Northern Ireland,2024-05-28,Direct Mail,1,Active,2025-07-31
3761,Noah,Fenton,1987-10-14,noah.fenton3761@example.com,NE36 5XS,Yorkshire & Humber,2023-12-26,Web,1,Inactive,2026-01-15
3762,Chloe,Uddin,1981-07-21,chloe.uddin3762@example.com,NE32 3DL,Yorkshire & Humber,2018-04-19,Partner,0,Lapsed,2021-02-09
3763,Emeka,Morrow,1980-05-12,emeka.morrow3763@example.com,G1 6JS,East of England,2025-11-23,Social,0,Lapsed,2026-08-11
3764,Rhys,Wainwright,1970-05-22,rhys.wainwright3764@example.com,G21 5LY,Wales,2023-12-12,Web,0,Active,2025-06-14
3765,Hannah,Lindqvist,1965-05-27,hannah.lindqvist3765@example.com,SW29 2YD,London,2018-08-01,Telephone,0,Inactive,2021-02-01
3766,Mahmoud,Iqbal,1995-08-03,mahmoud.iqbal3766@example.com,B9 2YJ,East Midlands,2027-02-28,Social,1,Active,2026-04-24
3767,Mahmoud,Morrow,1964-06-28,mahmoud.morrow3767@example.com,SW2 1JB,North East,2021-09-08,Event,1,Active,2022-08-10
3768,Rhys,Pemberton,2003-02-20,rhys.pemberton3768@example.com,L15 6ET,East of England,2024-06-12,Telephone,0,Lapsed,2025-10-04
3769,Niamh,Nkemelu,1972-01-05,niamh.nkemelu3769@example.com,LS6 1UE,East Midlands,2017-07-14,Partner,1,Lapsed,2020-11-11
3770,Joseph,Carrick,1990-02-28,joseph.carrick3770@example.com,se269wn,Northern Ireland,2024-02-26,Telephone,0,Active,2024-06-13
3771,Mahmoud,Chen,1982-07-23,mahmoud.chen3771@example.com,N3 9WR,East Midlands,2022-04-27,Telephone,1,Active,2026-05-05
3772,Karolina,Fenton,1952-04-17,karolina.fenton3772@example.com,NE11 5EW,Scotland,2021-02-22,Event,0,Active,2025-10-26
3773,Jasmin,Hargreaves,1967-06-09,jasmin.hargreaves3773@example.com,SW8 2LW,North East,2023-09-03,Web,1,Active,2025-10-31
3774,Liam,Fenton,1952-07-02,liam.fenton3774@example.com,LS39 9FF,Northern Ireland,2020-07-27,Telephone,0,Active,2025-11-25
3775,Eleanor,Okafor,1978-01-21,eleanor.okafor3775@example.com,BS40 2FL,North East,2022-06-17,Event,0,Lapsed,2023-07-28
3776,Joseph,Abiola,2006-03-18,joseph.abiola3776@example.com,M17 5HR,South West,2022-10-15,Telephone,1,Active,2025-04-11
3777,Verity,Hargreaves,1970-01-26,verity.hargreaves3777@example.com,BT1 2YX,Wales,2021-01-09,Web,1,Active,2025-03-08
3778,Freya,Wainwright,1965-12-08,freya.wainwright3778@example.com,SE10 2FZ,Yorkshire & Humber,2019-12-30,Event,1,Active,2023-04-15
3779,Amara,Iqbal,1997-10-09,,BS31 6LP,,2023-02-14,Web,0,Inactive,2025-04-05
3780,Elliot,Baptiste,1963-01-25,elliot.baptiste3780@example.com,EH35 6PL,Northern Ireland,2024-09-10,Telephone,0,Inactive,2025-11-11
3781,Wei,Iqbal,1969-11-25,wei.iqbal3781@example.com,M1 5NP,South West,2021-06-25,Event,1,Inactive,2025-02-26
3782,Sofia,Whitlock,1988-01-07,sofia.whitlock3782@example.com,M33 3NR,Yorkshire & Humber,2023-03-18,Web,1,Active,2026-01-22
3783,Emeka,Gill,2002-02-16,emeka.gill3783@example.com,BS18 7GU,Wales,2025-08-01,Web,0,Active,2026-04-10
3784,Olive,Carrick,1983-03-01,olive.carrick3784@example.com,SE30 1SN,South West,2025-09-09,Web,1,Active,2026-03-10
3785,Olive,Mensah,1972-09-28,olive.mensah3785@example.com,LS20 8QL,South West,2019-05-17,Partner,0,Active,2023-09-18
3786,Freya,Duffy,1960-12-28,freya.duffy3786@example.com,BT25 3NX,North East,2023-06-15,Direct Mail,1,Active,2025-03-02
3787,Rachel,Bright,1990-06-22,rachel.bright3787@example.com,BS38 5XT,North East,2021-03-13,Telephone,1,Active,2023-02-05
3788,Elliot,Morrow,1962-03-18,elliot.morrow3788@example.com,L20 9BD,North East,2019-08-02,Partner,1,Active,2020-10-26
3789,Joseph,Jarvis,1970-04-15,joseph.jarvis3789@example.com,SE4 6TS,Northern Ireland,2024-11-29,Social,0,Active,2025-04-28
3790,Zainab,Hargreaves,1998-03-03,zainab.hargreaves3790@example.com,ls348bn,Scotland,2024-11-14,Direct Mail,0,Active,2026-08-06
3791,Chloe,Hargreaves,1969-08-06,chloe.hargreaves3791@example.com,L31 5FH,East of England,2025-04-20,Social,0,Active,2026-01-04
3792,Tariq,Bright,1957-07-14,tariq.bright3792@example.com,SE36 6ZY,Yorkshire & Humber,2023-04-15,Web,1,Inactive,2024-10-11
3793,Emeka,Thornbury,2001-08-06,emeka.thornbury3793@example.com,BS32 6RX,West Midlands,2019-01-09,Partner,1,Active,2022-11-20
3794,Ben,Vasquez,1999-11-21,ben.vasquez3794@example.com,L8 7NS,Yorkshire & Humber,2023-11-07,Telephone,1,Inactive,2024-09-30
3795,Grace,Kowalski,2001-10-21,grace.kowalski3795@example.com,LS13 4NA,Wales,2017-12-08,Event,1,Active,2020-06-08
3796,Leah,Gill,1988-02-06,leah.gill3796@example.com,NE15 4RT,Wales,2024-07-04,Web,0,Lapsed,2025-06-22
3797,Ben,Whitlock,1971-08-20,ben.whitlock3797@example.com,SW1 4XG,East of England,2017-12-18,Partner,0,Active,2018-07-26
3798,Tariq,Pemberton,1959-04-09,tariq.pemberton3798@example.com,L23 5JP,Northern Ireland,2024-03-27,Web,1,Active,2024-05-13
3799,Tariq,Ahmed,2000-08-16,tariq.ahmed3799@example.com,NE15 6NP,South West,2021-09-13,Telephone,0,Active,2023-01-23
3800,Liam,Vasquez,1957-10-01,liam.vasquez3800@example.com,NE2 2XW,North East,2025-08-23,Direct Mail,1,Inactive,2026-07-29
3801,Isaac,Ahmed,1977-08-20,isaac.ahmed3801@example.com,N27 9HX,Scotland,2020-02-08,Event,1,Lapsed,2023-03-27
3802,Eleanor,Thornbury,1986-10-12,eleanor.thornbury3802@example.com,NE29 2GB,South East,2025-01-02,Web,0,Active,2026-07-10
3803,Leah,Bright,1966-09-25,leah.bright3803@example.com,B25 7EB,South East,2019-02-13,Telephone,0,Lapsed,2023-12-18
3804,Priya,Mensah,2003-11-28,priya.mensah3804@example.com,L38 8LT,East of England,2024-02-15,Social,1,Active,2025-04-28
3805,Leah,Zielinski,1977-08-20,leah.zielinski3805@example.com,N5 8JD,North East,2025-04-01,Social,1,Lapsed,2026-08-01
3806,Chloe,Baptiste,1970-06-16,chloe.baptiste3806@example.com,BT25 5PE,London,2022-10-24,Telephone,1,Lapsed,2025-05-13
3807,Liam,Uddin,1995-03-10,liam.uddin3807@example.com,SE16 4YU,London,2022-08-21,Web,1,Active,2023-12-31
3808,Daniel,Quainton,1994-10-18,daniel.quainton3808@example.com,CF34 5DE,London,2023-05-20,Social,0,Inactive,2025-06-15
3809,Sian,Ellery,1964-10-22,sian.ellery3809@example.com,SE3 9TW,West Midlands,2026-02-01,Direct Mail,1,Active,2026-06-05
3810,Wei,Carrick,1986-10-28,wei.carrick3810@example.com,L25 6GB,West Midlands,2026-01-26,Social,1,Active,2026-04-05
3811,Wei,Uddin,1954-05-09,wei.uddin3811@example.com,SW4 3NG,Wales,2021-10-17,Partner,0,Inactive,2023-10-28
3812,Jasmin,Nkemelu,1961-12-15,jasmin.nkemelu3812@example.com,SE17 1JH,East Midlands,2024-04-13,Web,1,Inactive,2025-01-07
3813,Maya,Fenton,1999-11-11,maya.fenton3813@example.com,NE8 1ZJ,Scotland,2024-04-21,Direct Mail,1,Active,2025-10-06
3814,Niamh,Okafor,1968-02-11,niamh.okafor3814@example.com,N21 5NL,Yorkshire & Humber,2019-08-05,Telephone,0,Active,2022-09-02
3815,Tariq,Kowalski,1985-12-20,tariq.kowalski3815@example.com,B34 6UY,Northern Ireland,2023-09-12,Social,1,Active,2024-04-08
3816,Sian,Zielinski,1969-02-27,sian.zielinski3816@example.com,L33 7DR,South East,2024-10-21,Social,1,Active,2026-05-26
3817,Leah,Vasquez,1951-02-05,leah.vasquez3817@example.com,G6 6WQ,West Midlands,2023-11-24,Social,1,Lapsed,2025-01-10
3818,Uche,Ahmed,2000-03-27,uche.ahmed3818@example.com,CF40 6FD,Yorkshire & Humber,2023-12-05,Web,0,Lapsed,2024-11-28
3819,Jasmin,Iqbal,1981-07-25,jasmin.iqbal3819@example.com,EH12 5NJ,South East,2021-05-04,Web,1,Active,2024-06-10
3820,Omar,Abiola,1978-08-06,omar.abiola3820@example.com,BT27 1YQ,South West,2017-01-20,Event,0,Active,2020-03-30
3821,Joseph,Ahmed,1963-01-08,joseph.ahmed3821@example.com,SW20 8YN,North West,2023-06-08,Partner,0,Active,2024-08-31
3822,Uche,Vasquez,1974-01-28,uche.vasquez3822@example.com,M13 4LL,Northern Ireland,2020-08-12,Web,1,Active,2022-10-22
3823,Elliot,Ahmed,2001-05-15,elliot.ahmed3823@example.com,L7 9UL,North East,2025-12-18,Direct Mail,1,Active,2026-07-10
3824,Grace,Sharpe,1998-10-22,grace.sharpe3824@example.com,SE23 2PB,East of England,2022-02-02,Event,0,Active,2022-04-25
3825,Mahmoud,Dalgleish,1968-04-11,mahmoud.dalgleish3825@example.com,G18 1LL,North West,2020-09-15,Partner,0,Active,2024-08-22
3826,Niamh,Grewal,2000-07-09,niamh.grewal3826@example.com,EH9 5DX,Northern Ireland,2021-06-18,Partner,0,Active,2026-02-10
3827,Samuel,Uddin,1977-08-12,samuel.uddin3827@example.com,B8 1JX,North East,2025-03-14,Direct Mail,1,Inactive,2025-12-11
3828,Kai,Sharpe,1995-04-20,kai.sharpe3828@example.com,M33 8QT,East of England,2023-03-18,Social,0,Active,2024-03-09
3829,Samuel,Nkemelu,1978-09-08,samuel.nkemelu3829@example.com,NE28 1AN,West Midlands,2026-04-28,Direct Mail,1,Inactive,2026-06-23
3830,Olive,Dalgleish,1949-04-22,olive.dalgleish3830@example.com,BT18 9SU,Northern Ireland,2022-06-30,Event,0,Inactive,2025-03-29
3831,Noah,Ellery,2006-09-01,noah.ellery3831@example.com,N30 5HN,Scotland,2025-05-14,Social,1,Active,2026-06-20
3832,Leah,Baptiste,1965-03-20,leah.baptiste3832@example.com,SE11 8YP,South East,2022-09-04,Telephone,1,Inactive,2023-05-17
3833,Freya,Ahmed,1989-09-16,freya.ahmed3833@example.com,BT14 4XZ,Northern Ireland,2023-12-24,Direct Mail,1,Active,2024-09-19
3834,Verity,Tewari,1993-12-17,verity.tewari3834@example.com,L4 6AJ,Northern Ireland,2024-08-19,Direct Mail,1,Lapsed,2025-02-07
3835,Maya,Duffy,1969-06-18,maya.duffy3835@example.com,B14 2XF,North West,2025-06-27,Direct Mail,1,Inactive,2025-08-26
3836,Maya,Sharpe,1954-12-09,maya.sharpe3836@example.com,M12 1GN,North West,2024-03-04,Telephone,0,Active,2024-04-26
3837,Ben,Nkemelu,1968-04-17,,L9 2ND,Northern Ireland,2023-07-01,Web,1,Active,2025-09-21
3838,Liam,Abiola,1954-06-01,liam.abiola3838@example.com,NE32 7NY,Scotland,2025-06-02,Web,0,Active,2025-08-28
3839,Olive,Wainwright,1979-06-11,olive.wainwright3839@example.com,LS13 7LW,West Midlands,2022-11-22,Telephone,0,Active,2024-08-09
3840,Sian,Carrick,1988-02-03,sian.carrick3840@example.com,SW20 2LU,North East,2025-03-30,Web,0,Lapsed,2025-09-03
3841,Zara,Zielinski,1976-10-28,zara.zielinski3841@example.com,M32 6AF,Scotland,2018-11-01,Event,0,Active,2021-10-01
3842,Karolina,Tewari,1962-10-22,karolina.tewari3842@example.com,G8 8SN,North West,2021-04-22,Event,1,Active,2024-09-21
3843,Ben,Ahmed,1962-07-22,ben.ahmed3843@example.com,BT27 9BT,South East,2025-05-25,Social,0,Inactive,2025-06-22
3844,Aisha,Whitlock,1967-12-06,aisha.whitlock3844@example.com,SE23 6PH,West Midlands,2023-09-01,Direct Mail,1,Active,2026-07-04
3845,Maya,Hargreaves,1949-07-15,maya.hargreaves3845@example.com,L13 9ZB,South East,2024-07-01,Social,1,Active,2025-10-11
3846,Noah,Ahmed,1978-10-21,noah.ahmed3846@example.com,NE11 7UU,North East,2025-04-02,Direct Mail,1,Inactive,2026-02-02
3847,Maya,Iqbal,2006-06-13,maya.iqbal3847@example.com,L18 9HS,North West,2017-03-20,Event,0,Lapsed,2017-09-13
3848,Theo,Duffy,1989-10-13,theo.duffy3848@example.com,NE10 9BA,West Midlands,2025-03-13,Social,0,Lapsed,2025-10-22
3849,Priya,Nkemelu,1955-06-14,priya.nkemelu3849@example.com,CF35 7QU,East Midlands,2024-01-30,Direct Mail,1,Active,2026-07-07
3850,Zara,Dalgleish,1948-07-01,zara.dalgleish3850@example.com,BS38 3SA,Wales,2022-05-12,Social,0,Active,2023-09-08
3851,Omar,Pemberton,1998-02-26,omar.pemberton3851@example.com,cf188xl,London,2021-03-03,Event,0,Active,2021-09-13
3852,Lucy,Quainton,1957-09-15,lucy.quainton3852@example.com,L26 4JY,East of England,2021-11-01,Web,0,Active,2023-09-25
3853,Zainab,Bright,1982-02-21,zainab.bright3853@example.com,M14 7ZG,North West,2021-01-22,Web,1,Lapsed,2021-04-04
3854,Kai,Thornbury,1973-04-03,kai.thornbury3854@example.com,N35 8AW,South West,2020-11-22,Event,1,Active,2023-03-08
3855,Theo,Sandoval,1983-07-23,theo.sandoval3855@example.com,BT35 6RN,South West,2022-04-11,Partner,1,Lapsed,2023-12-11
3856,Hannah,Quainton,1968-10-01,hannah.quainton3856@example.com,EH20 7AF,West Midlands,2025-06-24,Social,1,Active,2026-06-12
3857,Fatima,Okafor,1977-01-11,fatima.okafor3857@example.com,L17 9GA,Scotland,2018-10-24,Partner,1,Active,2025-12-20
3858,Rosa,Baptiste,1957-09-02,rosa.baptiste3858@example.com,CF14 3EB,Yorkshire & Humber,2020-10-26,Telephone,1,Active,2023-12-01
3859,Theo,Wainwright,1969-07-20,theo.wainwright3859@example.com,BS29 3PH,East of England,2023-07-07,Web,1,Active,2023-08-03
3860,Rhys,Abiola,2006-01-08,rhys.abiola3860@example.com,SE8 3DX,South West,2025-10-03,Web,0,Active,2025-10-29
3861,Harun,Yeboah,1999-01-15,harun.yeboah3861@example.com,BS4 5QG,East Midlands,2024-04-15,Telephone,1,Lapsed,2026-07-28
3862,Zainab,Carrick,1962-06-04,zainab.carrick3862@example.com,BT30 9SR,South West,2023-11-13,Telephone,0,Active,2024-03-09
3863,Rosa,Chen,1955-10-06,rosa.chen3863@example.com,NE28 4HY,East of England,2019-01-24,Event,0,Active,2019-02-02
3864,Isaac,Hargreaves,1948-11-10,isaac.hargreaves3864@example.com,B12 8YE,East Midlands,2024-10-25,Web,0,Active,2026-01-20
3865,Uche,Fenton,1947-06-04,uche.fenton3865@example.com,L2 5HB,Northern Ireland,2024-09-29,Direct Mail,0,Active,2025-07-07
3866,Uche,Wainwright,1973-05-13,uche.wainwright3866@example.com,NE15 6BL,South West,2021-12-22,Partner,1,Active,2022-04-18
3867,Samuel,Uddin,1994-02-04,samuel.uddin3867@example.com,M40 8ND,Yorkshire & Humber,2023-04-25,Telephone,1,Active,2025-11-09
3868,Imogen,Vasquez,1966-03-16,imogen.vasquez3868@example.com,B15 7UF,Wales,2020-05-08,Telephone,1,Active,2022-11-20
3869,Zainab,Iqbal,2006-08-24,,B25 3RE,North East,2019-11-26,Telephone,0,Active,2021-05-28
3870,Rhys,Lindqvist,1954-03-14,rhys.lindqvist3870@example.com,L13 8BJ,Wales,2025-06-18,Web,1,Active,2026-02-13
3871,Wei,Iqbal,1991-09-06,wei.iqbal3871@example.com,M32 8NB,London,2022-10-08,Social,1,Lapsed,2024-05-02
3872,Yusuf,Pemberton,1968-04-21,yusuf.pemberton3872@example.com,B5 7NN,South West,2024-12-21,Direct Mail,1,Lapsed,2026-06-08
3873,Maya,Duffy,1966-12-14,maya.duffy3873@example.com,EH23 8WR,South West,2017-06-27,Event,0,Lapsed,2021-07-04
3874,Fatima,Iqbal,1952-03-17,fatima.iqbal3874@example.com,EH32 8ZW,Northern Ireland,2021-06-26,Partner,0,Active,2025-06-05
3875,Noah,Wainwright,1948-12-11,noah.wainwright3875@example.com,M24 9JU,East Midlands,2022-09-27,Web,1,Lapsed,2025-03-11
3876,Ben,Whitlock,1998-01-20,ben.whitlock3876@example.com,L37 6SN,Scotland,2024-03-24,Telephone,1,Active,2025-06-22
3877,Jasmin,Uddin,1952-01-19,jasmin.uddin3877@example.com,G8 7WS,North East,2023-08-28,Social,1,Active,2024-08-17
3878,Callum,Jarvis,1954-09-02,callum.jarvis3878@example.com,se15xz,Scotland,2023-08-11,Social,0,Inactive,2023-12-15
3879,Callum,Bright,1985-07-28,callum.bright3879@example.com,BS39 9BH,East of England,2022-12-14,Social,1,Lapsed,2025-04-23
3880,Elliot,Thornbury,1966-06-03,elliot.thornbury3880@example.com,SE6 1FG,South West,2023-04-01,Web,1,Active,2024-03-15
3881,Rachel,Tewari,1984-06-12,rachel.tewari3881@example.com,CF34 7RD,West Midlands,2023-02-18,Partner,0,Lapsed,2024-11-12
3882,Isaac,Yeboah,1993-01-16,isaac.yeboah3882@example.com,EH17 1QU,South West,2021-01-22,Partner,1,Inactive,2023-08-31
3883,Niamh,Jarvis,1972-07-08,niamh.jarvis3883@example.com,NE4 1RS,East of England,2023-09-19,Telephone,0,Active,2026-04-25
3884,Eleanor,Rashid,1980-03-17,eleanor.rashid3884@example.com,N6 3NF,Scotland,2023-11-25,Telephone,1,Lapsed,2024-03-18
3885,Omar,Uddin,1965-04-20,omar.uddin3885@example.com,BT16 7TT,London,2019-03-17,Event,0,Active,2021-09-06
3886,Rhys,Fenton,2003-09-12,rhys.fenton3886@example.com,G21 1SY,Wales,2026-01-29,Direct Mail,0,Lapsed,2026-04-26
3887,Olive,Ellery,1965-12-17,olive.ellery3887@example.com,BS23 7RB,West Midlands,2025-12-06,Direct Mail,1,Deceased,2026-05-06
3888,Tariq,Gill,1985-10-23,tariq.gill3888@example.com,L36 3BP,Wales,2018-12-14,Partner,1,Active,2021-11-29
3889,Olive,Nkemelu,1993-03-04,olive.nkemelu3889@example.com,SE35 3TN,North West,2026-05-19,Direct Mail,1,Active,2026-05-26
3890,Zara,Lindqvist,2002-07-24,zara.lindqvist3890@example.com,N27 9QU,Wales,2021-01-29,Event,0,Active,2021-11-20
3891,Wei,Ahmed,2002-07-27,wei.ahmed3891@example.com,SE36 1HW,Northern Ireland,2023-03-27,Social,1,Active,2025-02-28
3892,Rhys,Duffy,1976-01-22,rhys.duffy3892@example.com,EH29 4QU,Yorkshire & Humber,2021-03-20,Web,1,Active,2022-09-16
3893,Daniel,Whitlock,1987-02-28,daniel.whitlock3893@example.com,ne107bp,East of England,2019-04-30,Telephone,0,Lapsed,2023-05-11
3894,Hannah,Okafor,1985-12-02,hannah.okafor3894@example.com,EH19 3YW,North West,2023-09-13,Web,0,Inactive,2024-04-03
3895,Gareth,Carrick,1992-04-28,gareth.carrick3895@example.com,B34 1GD,South East,2022-05-15,Event,0,Active,2024-02-04
3896,Aisha,Mensah,1974-02-15,aisha.mensah3896@example.com,M33 3RH,North West,2017-12-04,Partner,0,Inactive,2026-06-09
3897,Grace,Okafor,2000-06-08,grace.okafor3897@example.com,NE27 2RU,South East,2022-11-12,Partner,1,Lapsed,2026-04-28
3898,Sian,Jarvis,1996-04-08,sian.jarvis3898@example.com,M13 4WR,South West,2023-02-17,Social,1,Inactive,2026-06-27
3899,Joseph,Hargreaves,1995-02-20,joseph.hargreaves3899@example.com,B25 3NH,North East,2024-07-20,Direct Mail,1,Inactive,2025-03-17
3900,Fatima,Sharpe,1961-08-12,fatima.sharpe3900@example.com,N6 1FN,Northern Ireland,2020-10-13,Event,0,Inactive,2022-10-17
3901,Callum,Wainwright,2000-01-26,callum.wainwright3901@example.com,BT28 9NS,Northern Ireland,2023-05-31,Telephone,1,Active,2023-07-19
3902,Niamh,Jarvis,1997-05-05,niamh.jarvis3902@example.com,SE30 4EE,East Midlands,2025-07-09,Direct Mail,0,Active,2025-10-23
3903,Noah,Hargreaves,1987-04-12,noah.hargreaves3903@example.com,BS26 4GR,East Midlands,2023-06-20,Direct Mail,1,Active,2026-03-25
3904,Freya,Hargreaves,1976-11-24,freya.hargreaves3904@example.com,L7 4BY,East Midlands,2024-12-28,Direct Mail,1,Inactive,2026-01-19
3905,Karolina,Nkemelu,2006-10-11,karolina.nkemelu3905@example.com,EH13 9EY,North East,2018-06-12,Partner,1,Active,2024-12-02
3906,Chloe,Lindqvist,1994-07-12,chloe.lindqvist3906@example.com,G27 5FH,North East,2025-11-05,Social,0,Active,2025-12-12
3907,Priya,Nkemelu,1946-04-16,priya.nkemelu3907@example.com,SE38 3ZJ,North West,2023-11-17,Partner,1,Active,2026-05-09
3908,Fatima,Yeboah,2003-07-21,fatima.yeboah3908@example.com,BT39 6ZW,East of England,2018-07-05,Partner,0,Active,2020-05-23
3909,Verity,Quainton,2000-09-17,verity.quainton3909@example.com,BT8 7TN,Yorkshire & Humber,2021-02-03,Web,0,Active,2024-11-26
3910,Sian,Duffy,1977-03-22,sian.duffy3910@example.com,L26 9AN,Scotland,2022-06-01,Partner,0,Active,2026-02-24
3911,Priya,Gill,1994-05-08,priya.gill3911@example.com,BT12 7QT,East of England,2022-11-30,Partner,0,Active,2023-12-08
3912,Ben,Carrick,1988-10-21,ben.carrick3912@example.com,SE6 5BA,Scotland,2025-08-07,Social,1,Active,2025-10-16
3913,Niamh,Tewari,1952-08-24,niamh.tewari3913@example.com,L5 2ZJ,South East,2021-07-20,Partner,1,Lapsed,2025-05-09
3914,Uche,Dalgleish,1981-08-06,uche.dalgleish3914@example.com,SW19 1BJ,South East,2021-04-20,Partner,1,Active,2022-09-11
3915,Deborah,Sandoval,1978-05-09,deborah.sandoval3915@example.com,CF25 4HS,West Midlands,2025-10-21,Web,0,Active,2026-01-03
3916,Fatima,Nkemelu,1954-12-17,,SW15 8TZ,West Midlands,2023-01-30,Telephone,1,Active,2024-11-30
3917,Sofia,Jarvis,1980-08-02,,ne179wa,Yorkshire & Humber,2025-05-11,Social,0,Active,2026-03-30
3918,Elliot,Dalgleish,2000-09-22,elliot.dalgleish3918@example.com,G18 7PB,North West,2025-09-17,Direct Mail,0,Active,2026-01-14
3919,Liam,Mensah,1955-08-12,liam.mensah3919@example.com,BS10 4XB,Wales,2023-12-28,Social,1,Active,2024-07-24
3920,Karolina,Hargreaves,1983-12-27,karolina.hargreaves3920@example.com,B31 8RZ,East Midlands,2021-04-22,Web,1,Active,2026-05-25
3921,Niamh,Rashid,1995-10-25,niamh.rashid3921@example.com,N5 2ZN,West Midlands,2023-05-19,Direct Mail,N,Active,2024-07-31
3922,Rachel,Thornbury,1994-03-11,rachel.thornbury3922@example.com,L7 1XT,London,2025-03-03,Direct Mail,0,Active,2025-08-01
3923,Isaac,Okafor,1949-04-07,isaac.okafor3923@example.com,SE40 2SE,London,2022-11-29,Social,0,Active,2023-03-01
3924,Tariq,Duffy,1976-04-15,tariq.duffy3924@example.com,EH7 8BU,West Midlands,2021-03-17,Event,1,Active,2026-04-30
3925,Imogen,Mensah,1982-03-08,imogen.mensah3925@example.com,NE20 3XX,Yorkshire & Humber,2026-02-23,Social,0,Active,2026-05-25
3926,Ben,Pemberton,2003-10-05,ben.pemberton3926@example.com,L36 5HD,Yorkshire & Humber,2025-08-20,Social,0,Inactive,2026-02-17
3927,Noah,Zielinski,1989-04-01,noah.zielinski3927@example.com,N15 8YG,Northern Ireland,2024-05-20,Direct Mail,1,Lapsed,2024-08-14
3928,Sofia,Thornbury,1957-12-11,sofia.thornbury3928@example.com,N22 4SH,South East,2019-05-26,Event,0,Active,2019-06-15
3929,Grace,Sandoval,1997-09-12,grace.sandoval3929@example.com,LS14 2BB,London,2021-09-01,Partner,0,Active,2024-05-17
3930,Aisha,Thornbury,1956-08-20,aisha.thornbury3930@example.com,ls138bj,North West,2025-04-18,Web,1,Active,2025-12-04
3931,Karolina,Sandoval,1994-03-11,karolina.sandoval3931@example.com,L9 7RS,West Midlands,2019-06-27,Telephone,1,Active,2022-11-16
3932,Priya,Tewari,1962-08-04,priya.tewari3932@example.com,L19 8HG,London,2019-07-03,Partner,1,Active,2021-04-11
3933,Fatima,Sandoval,1984-02-10,fatima.sandoval3933@example.com,M36 2PB,London,2021-06-18,Event,1,Active,2024-10-04
3934,Niamh,Thornbury,2001-04-01,niamh.thornbury3934@example.com,NE5 6JS,South East,2025-05-29,Direct Mail,0,Active,2025-08-14
3935,Callum,Whitlock,1987-05-28,callum.whitlock3935@example.com,SW31 9WL,West Midlands,2018-08-25,Event,0,Active,2019-04-09
3936,Karolina,Thornbury,2004-01-10,karolina.thornbury3936@example.com,BT21 6QG,South East,2024-08-30,Direct Mail,0,Active,2025-03-30
3937,Rosa,Vasquez,1994-05-08,rosa.vasquez3937@example.com,cf179hb,North West,2022-11-21,Web,1,Lapsed,2026-07-26
3938,Ben,Carrick,1981-04-18,ben.carrick3938@example.com,EH8 4LZ,South East,2019-07-21,Event,0,Active,2019-08-04
3939,Harun,Abiola,1975-12-01,harun.abiola3939@example.com,L26 9JZ,Northern Ireland,2024-01-18,Social,0,Activ,2025-04-08
3940,Joseph,Grewal,1984-07-27,joseph.grewal3940@example.com,EH28 8HT,Wales,2023-06-26,Direct Mail,0,Active,2024-08-04
3941,Grace,Thornbury,1988-03-21,grace.thornbury3941@example.com,SW2 3XD,East Midlands,2025-01-01,Web,1,Active,2025-12-10
3942,Isaac,Iqbal,2003-04-17,isaac.iqbal3942@example.com,B24 7NR,Yorkshire & Humber,2021-12-31,Web,1,Active,2024-03-23
3943,Aisha,Iqbal,2005-02-01,aisha.iqbal3943.example.com,LS5 5JA,East Midlands,2017-01-25,Event,1,Active,2021-09-20
3944,Zara,Sandoval,1970-08-05,zara.sandoval3944@example.com,LS12 9FG,West Midlands,2026-03-04,Social,0,Lapsed,2026-05-29
3945,Verity,Nkemelu,1986-01-28,verity.nkemelu3945@example.com,BS34 5GF,Scotland,2022-05-08,Social,0,Active,2022-06-12
3946,Verity,Ahmed,1977-01-24,verity.ahmed3946@example.com,N6 7LX,South West,2024-08-14,Social,0,Deceased,2024-09-12
3947,Karolina,Fenton,1960-07-28,karolina.fenton3947@example.com,L3 8DY,East Midlands,2023-02-20,Social,1,Active,2026-03-01
3948,Zara,Fenton,1963-04-11,,NE31 5QY,Wales,2024-09-08,Direct Mail,1,Deceased,2026-01-08
3949,Hannah,Mensah,1998-12-20,hannah.mensah3949@example.com,EH32 3AQ,East of England,2021-11-11,Event,0,Active,2022-08-30
3950,Eleanor,Sandoval,1995-03-24,eleanor.sandoval3950@example.com,LS23 5RS,North East,2024-04-10,Direct Mail,0,Inactive,2025-07-16
3951,Joseph,Tewari,2000-01-06,joseph.tewari3951@example.com,SE15 5DN,Northern Ireland,2025-03-28,Direct Mail,0,Lapsed,2025-06-06
3952,Sofia,Baptiste,1981-01-19,sofia.baptiste3952@example.com,CF10 2AE,South West,2019-11-21,Partner,0,Active,2022-06-18
3953,Wei,Ellery,1984-09-27,wei.ellery3953@example.com,B9 2QN,South West,2019-04-11,Telephone,1,Active,2021-07-22
3954,Liam,Ahmed,1947-11-09,liam.ahmed3954@example.com,G20 9TZ,North East,2023-08-06,Partner,1,Activ,2023-10-03
3955,Grace,Grewal,1966-03-18,grace.grewal3955@example.com,EH40 8LH,Northern Ireland,2022-02-10,Event,Y,Active,2026-08-14
3956,Priya,Iqbal,1947-04-28,priya.iqbal3956@example.com,SW7 1RT,West Midlands,2024-10-16,Direct Mail,0,Lapsed,2025-01-13
3957,Leah,Wainwright,1981-04-26,leah.wainwright3957@example.com,G27 7YF,South West,2023-12-21,Social,0,Active,2024-10-07
3958,Jasmin,Duffy,1957-05-24,jasmin.duffy3958@example.com,N38 2SR,East of England,2021-03-06,Telephone,0,Lapsed,2022-03-11
3959,Tariq,Wainwright,1978-10-26,tariq.wainwright3959@example.com,SE3 7GN,South East,2022-11-06,Partner,1,Active,2026-03-02
3960,Emeka,Okafor,1972-07-22,emeka.okafor3960@example.com,B11 1RU,Northern Ireland,2017-12-10,Partner,1,Lapsed,2025-09-09
3961,Priya,Chen,1991-12-26,priya.chen3961@example.com,SE39 2GN,Wales,2021-07-19,Web,1,Active,2026-06-07
3962,Zainab,Chen,1971-03-12,zainab.chen3962@example.com,B8 1EW,East of England,2023-01-28,Partner,0,Active,2026-08-06
3963,Sofia,Hargreaves,1988-03-28,sofia.hargreaves3963@example.com,BT5 6FU,North East,2023-04-05,Web,0,Active,2023-11-24
3964,Kai,Tewari,1999-02-10,kai.tewari3964@example.com,SE1 7SX,Wales,2024-06-13,Social,0,Active,2025-03-22
3965,Hannah,Zielinski,1982-06-24,hannah.zielinski3965@example.com,G18 4EA,Northern Ireland,2025-03-18,Social,1,Active,2025-10-06
3966,Gareth,Gill,2003-03-08,gareth.gill3966@example.com,LS1 4LW,Yorkshire & Humber,2022-06-30,Partner,0,Active,2023-03-12
3967,Imogen,Sharpe,1993-07-26,imogen.sharpe3967@example.com,N34 3NU,Scotland,2019-07-02,Event,1,Lapsed,2024-11-15
3968,Isaac,Fenton,1963-05-02,isaac.fenton3968@example.com,L18 1WF,Wales,2022-01-08,Telephone,1,Lapsed,2023-02-18
3969,Callum,Carrick,1954-04-05,callum.carrick3969@example.com,NE7 4WJ,Scotland,2026-06-02,Direct Mail,1,Active,2026-06-21
3970,Grace,Grewal,2000-03-10,grace.grewal3970@example.com,EH36 4QS,Wales,2024-02-14,Telephone,1,Active,2024-09-24
3971,Grace,Whitlock,1995-01-10,grace.whitlock3971@example.com,CF14 6LQ,West Midlands,2019-03-05,Telephone,0,Active,2021-09-20
3972,Rosa,Sharpe,1949-11-09,rosa.sharpe3972@example.com,SW28 8EN,Yorkshire & Humber,2022-10-12,Social,0,Lapsed,2025-12-09
3973,Grace,Baptiste,1998-01-03,grace.baptiste3973@example.com,L36 2GJ,South West,2025-07-15,Direct Mail,1,Active,2025-09-22
3974,Daniel,Chen,1986-11-03,daniel.chen3974@example.com,N30 3EQ,South West,2023-09-14,Web,0,Deceased,2023-12-14
3975,Uche,Whitlock,1971-12-27,uche.whitlock3975@example.com,BS3 9AY,Wales,2022-05-22,Social,0,Lapsed,2025-06-30
3976,Isaac,Iqbal,1965-08-09,isaac.iqbal3976@example.com,BT22 4HS,Scotland,2021-08-29,Partner,0,Active,2025-02-04
3977,Rhys,Duffy,1949-11-23,rhys.duffy3977@example.com,M10 1HF,Northern Ireland,2024-10-27,Web,1,Inactive,2025-10-02
3978,Gareth,Fenton,1979-08-10,gareth.fenton3978@example.com,NE13 7FG,Northern Ireland,2024-04-29,Direct Mail,1,Lapsed,2026-06-15
3979,Wei,Sharpe,2002-01-02,wei.sharpe3979@example.com,EH37 8AF,Yorkshire & Humber,2022-12-10,Partner,1,Lapsed,2026-04-17
3980,Theo,Gill,1983-03-23,theo.gill3980@example.com,M19 9RF,London,2024-05-14,Direct Mail,1,Active,2025-02-01
3981,Theo,Jarvis,2004-02-18,theo.jarvis3981@example.com,N33 8NA,South West,2023-12-30,Web,1,Active,2024-10-03
3982,Priya,Bright,1982-02-24,priya.bright3982@example.com,LS22 2PB,Yorkshire & Humber,2022-03-21,Partner,1,Lapsed,2022-09-24
3983,Harun,Carrick,1951-05-04,harun.carrick3983@example.com,NE37 4SP,Yorkshire & Humber,2023-05-23,Partner,1,Active,2026-08-17
3984,Amara,Rashid,1969-01-27,amara.rashid3984@example.com,L28 6EJ,London,2024-12-27,Direct Mail,1,Lapsed,2025-08-13
3985,Niamh,Zielinski,1966-01-04,niamh.zielinski3985@example.com,EH13 3SD,South East,2024-09-02,Social,0,Active,2025-06-01
3986,Amara,Kowalski,1958-02-05,amara.kowalski3986@example.com,SE11 8TE,Wales,2025-09-18,Social,0,Active,2026-04-07
3987,Rosa,Hargreaves,1960-04-19,rosa.hargreaves3987@example.com,B14 1EB,South West,2025-09-10,Web,0,Inactive,2025-09-11
3988,Noah,Gill,1962-02-24,noah.gill3988@example.com,M40 8FX,East of England,2018-03-25,Event,0,Active,2025-02-02
3989,Imogen,Uddin,1965-09-06,imogen.uddin3989@example.com,CF15 3FZ,West Midlands,2024-07-22,Direct Mail,0,Active,2025-12-10
3990,Uche,Fenton,2004-08-23,uche.fenton3990@example.com,N13 5RR,South West,2025-09-09,Direct Mail,0,Lapsed,2025-09-16
3991,Kai,Vasquez,1976-05-23,kai.vasquez3991@example.com,B21 1AJ,North East,2024-07-07,Web,0,Inactive,2025-06-25
3992,Freya,Ahmed,1947-10-11,freya.ahmed3992@example.com,SE34 7LS,East Midlands,2017-12-01,Partner,0,Active,2021-05-16
3993,Karolina,Fenton,1963-04-18,karolina.fenton3993@example.com,B34 8QB,North East,2017-12-09,Event,0,Lapsed,2018-03-22
3994,Emeka,Kowalski,1977-02-01,emeka.kowalski3994@example.com,b171jt,London,2024-07-31,Direct Mail,0,Active,2025-02-08
3995,Imogen,Kowalski,1967-11-17,imogen.kowalski3995@example.com,BT7 6BZ,London,2019-01-22,Telephone,1,Active,2024-06-11
3996,Olive,Quainton,1982-11-10,olive.quainton3996@example.com,SE7 8WR,West Midlands,2023-09-18,Direct Mail,1,Active,2023-09-30
3997,Olive,Grewal,2004-08-04,olive.grewal3997@example.com,EH26 6PA,East of England,2021-10-09,Event,0,Active,2025-05-01
3998,Fatima,Yeboah,1966-03-03,,BT36 6EQ,East Midlands,2025-02-09,Direct Mail,0,Active,2025-10-18
3999,Harun,Sharpe,1973-05-17,harun.sharpe3999@example.com,BS32 7NZ,Yorkshire & Humber,2022-02-12,Event,0,Active,2025-01-21
4000,Verity,Yeboah,1984-07-19,verity.yeboah4000@example.com,B26 9NZ,Northern Ireland,2021-01-31,Partner,0,Inactive,2024-02-17
4001,Uche,Ahmed,2000-03-27,,CF40 6FD,Yorkshire & Humber,2026-02-01,Social,0,Lapsed,2024-11-28
4002,Maya,Carrick,1962-06-22,,LS30 8AA,South West,2020-04-11,Direct Mail,0,Active,2023-04-08
4003,Mahmoud,Iqbal,1997-12-21,,BS3 3UG,South West,2021-08-03,Direct Mail,1,Deceased,2022-03-18
4004,Chloe,Gill,1984-09-09,,G6 5DL,East of England,2023-07-07,Partner,0,Lapsed,2024-02-04
4005,Joseph,Fenton,1968-02-15,,NE17 1AL,Yorkshire & Humber,2025-07-12,Partner,1,Active,2024-08-11
4006,Hannah,Mensah,1983-08-11,,CF7 4YY,Wales,2019-09-11,Partner,0,Deceased,2024-09-23
4007,Rosa,Iqbal,1978-01-25,,EH15 8NY,Yorkshire & Humber,2021-02-17,Direct Mail,0,Lapsed,2023-09-05
4008,Daniel,Kowalski,1988-10-18,,CF16 9JW,Scotland,2027-07-13,Partner,1,Inactive,2026-06-16
4009,Niamh,Jarvis,1989-04-19,,N10 7DU,London,2025-10-27,Social,0,Active,2026-04-01
4010,Kai,Grewal,2001-01-14,,N33 6GA,Wales,2027-08-03,Partner,0,Lapsed,2026-03-21
4011,Rachel,Thornbury,1977-03-11,,L17 1WS,East of England,2026-05-21,Direct Mail,1,Lapsed,2025-05-31
4012,Isaac,Grewal,1986-04-15,,CF34 9HW,East of England,2026-02-25,Partner,0,Active,2026-06-23
4013,Hannah,Ellery,1987-02-20,,BT23 9QB,East of England,2022-03-20,Event,1,Active,2021-02-20
4014,Rosa,Kowalski,1977-12-23,,LS3 2GN,East Midlands,2027-11-27,Telephone,0,Lapsed,2026-07-29
4015,Daniel,Uddin,1996-05-12,,B29 2LD,Wales,2022-05-14,Event,1,Active,2026-01-04
4016,Aisha,Pemberton,1969-04-28,,SE7 1EW,Scotland,2020-05-15,Web,0,Active,2023-11-07
4017,Sian,Grewal,1989-01-08,,G38 7AL,North West,2018-01-21,Telephone,0,Active,2020-03-23
4018,Olive,Thornbury,1984-10-12,,M14 2WW,North West,2025-10-25,Telephone,1,Inactive,2023-11-14
4019,Harun,Kowalski,1975-10-23,,LS29 8FB,North East,2023-08-26,Partner,0,Active,2025-09-18
4020,Freya,Uddin,1971-12-21,,BT39 4WW,South East,2025-01-22,Event,0,Active,2024-05-24
4021,Hannah,Quainton,1990-07-26,,SE33 4YZ,East Midlands,2023-06-15,Event,0,Active,2023-01-29
4022,Omar,Quainton,1979-06-07,,LS11 3HS,West Midlands,2027-02-15,Event,0,Active,2026-07-05
